RunID;SPL Name;Coverage Type;Product Index;FTS States;FTS Transitions;Test Cases;Total Test Actions;Coverage(%);Projection Time(ms);Test Generation Time(ms);Transformation Time(ms);Test Execution Time(ms);Test Generation Peak Memory(MB);Test Execution Peak Memory(MB);Wall Clock Time(ms);Segment Sum Time(ms)
7;HockertyShirts;state;1;58;67;2;106;100;27,51;14,58;0;7,77;31,95;31,95;53,81;49,86
7;HockertyShirts;transition;1;58;67;7;67;100;5,46;24,86;0;7,31;33,95;34,95;40,16;37,63
7;HockertyShirts;pair;1;58;67;10;439;100;3,5;4,95;14,21;4,72;36,95;37,95;37,44;27,38
7;HockertyShirts;state;2;56;60;2;104;100;3,12;3,53;0;0,9;38,95;38,95;9,46;7,55
7;HockertyShirts;transition;2;56;60;3;60;100;2,66;7,3;0;1,29;40,95;40,95;13,16;11,24
7;HockertyShirts;pair;2;56;60;5;209;100;2,64;0,83;6,06;1,47;42,95;42,95;17,41;11,01
7;HockertyShirts;state;3;59;68;2;108;100;2,94;3,3;0;0,81;43,95;43,95;8,62;7,05
7;HockertyShirts;transition;3;59;68;7;68;100;2,72;10,65;0;2,43;45,95;46,95;17,76;15,8
7;HockertyShirts;pair;3;59;68;10;448;100;2,85;0,92;10,3;2,74;48,95;49,95;23,52;16,81
7;HockertyShirts;state;4;59;68;2;108;100;2,64;3,17;0;0,64;50,95;50,95;7,54;6,45
7;HockertyShirts;transition;4;59;68;7;68;100;2,54;9,37;0;2,08;51,95;52,95;15,38;14
7;HockertyShirts;pair;4;59;68;10;448;100;2,62;0,89;35,01;1,95;59,12;13,12;46,29;40,46
7;HockertyShirts;state;5;59;68;2;108;100;2,02;2,36;0;0,57;14,12;14,12;5,82;4,95
7;HockertyShirts;transition;5;59;68;7;68;100;1,85;7,51;0;1,55;16,12;16,12;12,15;10,91
7;HockertyShirts;pair;5;59;68;9;405;100;1,9;0,73;7,05;1,64;18,12;19,12;16,08;11,32
7;HockertyShirts;state;6;58;64;2;107;100;1,91;2,15;0;0,45;20,12;20,12;5,4;4,51
7;HockertyShirts;transition;6;58;64;5;64;100;1,92;5,95;0;1,09;22,12;22,12;10,11;8,95
7;HockertyShirts;pair;6;58;64;7;305;100;1,8;0,66;4,79;1,2;24,12;25,12;12,75;8,45
7;HockertyShirts;state;7;59;68;2;108;100;1,88;2,03;0;0,45;26,12;26,12;5,23;4,37
7;HockertyShirts;transition;7;59;68;7;68;100;1,74;6,91;0;1,57;27,12;28,12;11,49;10,22
7;HockertyShirts;pair;7;59;68;10;448;100;1,82;0,6;7,14;1,65;30,12;31,12;15,89;11,2
7;HockertyShirts;state;8;60;73;3;138;100;1,79;2,08;0;0,56;32,12;32,12;5,34;4,43
7;HockertyShirts;transition;8;60;73;10;73;100;1,65;8,54;0;1,87;34,12;35,12;13,27;12,06
7;HockertyShirts;pair;8;60;73;15;686;100;1,62;0,64;10,89;2,4;38,12;39,12;20,72;15,55
7;HockertyShirts;state;9;59;72;2;107;100;1,54;1,81;0;0,42;40,12;40,12;4,52;3,77
7;HockertyShirts;transition;9;59;72;10;72;100;1,57;8,28;0;2,12;42,12;43,12;13,16;11,97
7;HockertyShirts;pair;9;59;72;16;714;100;1,64;0,64;11,7;2,43;45,12;46,12;21,43;16,41
7;HockertyShirts;state;10;59;72;3;136;100;1,55;1,8;0;0,54;47,12;48,12;4,67;3,88
7;HockertyShirts;transition;10;59;72;10;72;100;1,53;7,95;0;1,47;49,12;50,12;12,08;10,95
7;HockertyShirts;pair;10;59;72;15;672;100;1,54;0,66;10,81;1,91;53,12;54,12;19,91;14,92
7;HockertyShirts;state;11;60;73;2;109;100;1,66;1,79;0;0,43;55,12;55,12;4,91;3,88
7;HockertyShirts;transition;11;60;73;10;73;100;1,53;8,02;0;1,59;57,12;58,12;12,34;11,14
7;HockertyShirts;pair;11;60;73;16;729;100;1,48;0,68;11,44;2,65;60,12;61,12;20,99;16,25
7;HockertyShirts;state;12;60;73;3;138;100;1,9;2,36;0;0,65;62,12;63,12;5,79;4,92
7;HockertyShirts;transition;12;60;73;10;73;100;1,86;9,39;0;1,99;64,12;65,12;14,47;13,24
7;HockertyShirts;pair;12;60;73;15;686;100;1,9;0,75;11,97;2,55;67,12;69,12;22,58;17,18
7;HockertyShirts;state;13;59;72;3;136;100;1,94;2,42;0;0,56;70,12;70,12;5,75;4,92
7;HockertyShirts;transition;13;59;72;10;72;100;1,8;8,76;0;1,77;72,12;72,12;13,68;12,33
7;HockertyShirts;pair;13;59;72;15;672;100;1,86;0,69;11,1;2,21;75,12;76,12;21,05;15,86
7;HockertyShirts;state;14;59;72;3;136;100;1,88;2,43;0;0,57;77,12;77,12;5,74;4,88
7;HockertyShirts;transition;14;59;72;10;72;100;1,84;34,62;0;1,17;79,22;13,22;38,81;37,63
7;HockertyShirts;pair;14;59;72;15;672;100;1,41;0,57;10,23;1,53;16,22;17,22;17,58;13,74
7;HockertyShirts;state;15;59;68;2;108;100;1,4;1,78;0;0,32;18,22;18,22;4,34;3,49
7;HockertyShirts;transition;15;59;68;7;68;100;1,33;5,7;0;1,03;20,22;20,22;9,09;8,06
7;HockertyShirts;pair;15;59;68;9;405;100;1,75;0,62;5,6;0,93;22,22;23,22;12,67;8,9
7;HockertyShirts;state;16;59;68;2;108;100;1,37;1,72;0;0,29;24,22;24,22;3,98;3,37
7;HockertyShirts;transition;16;59;68;7;68;100;1,33;5,75;0;0,95;25,22;26,22;9,03;8,04
7;HockertyShirts;pair;16;59;68;9;405;100;1,33;0,52;5,44;0,98;28,22;28,22;11,37;8,28
7;HockertyShirts;state;17;58;67;2;106;100;1,36;1,56;0;0,29;29,22;30,22;3,77;3,22
7;HockertyShirts;transition;17;58;67;7;67;100;1,29;5,83;0;0,95;31,22;32,22;9,05;8,07
7;HockertyShirts;pair;17;58;67;9;397;100;1,41;0,52;5,53;0,89;33,22;34,22;11,41;8,35
7;HockertyShirts;state;18;59;68;2;108;100;1,65;1,59;0;0,29;35,22;35,22;4,17;3,53
7;HockertyShirts;transition;18;59;68;7;68;100;1,5;6,15;0;0,94;37,22;37,22;9,49;8,59
7;HockertyShirts;pair;18;59;68;10;448;100;1,48;0,53;6,17;1,05;39,22;40,22;12,16;9,23
7;HockertyShirts;state;19;59;68;3;137;100;1,22;1,54;0;0,36;41,22;41,22;3,72;3,12
7;HockertyShirts;transition;19;59;68;7;68;100;1,32;5,42;0;0,92;43,22;43,22;8,56;7,65
7;HockertyShirts;pair;19;59;68;9;405;100;1,29;0,52;5,22;0,99;45,22;46,22;10,98;8,03
7;HockertyShirts;state;20;59;68;2;108;100;1,2;1,5;0;0,28;47,22;47,22;3,62;2,99
7;HockertyShirts;transition;20;59;68;7;68;100;1,2;5,41;0;0,95;49,22;49,22;8,46;7,56
7;HockertyShirts;pair;20;59;68;9;405;100;1,23;0,55;5,29;0,93;51,22;52,22;10,89;7,99
7;HockertyShirts;state;21;59;68;2;108;100;1,17;1,5;0;0,28;53,22;53,22;3,56;2,96
7;HockertyShirts;transition;21;59;68;7;68;100;1,21;5,34;0;0,96;54,22;55,22;8,4;7,5
7;HockertyShirts;pair;21;59;68;10;448;100;1,23;0,57;5,69;1,09;57,22;57,22;11,67;8,58
7;HockertyShirts;state;22;59;68;2;108;100;1,22;1,49;0;0,3;58,22;59,22;3,8;3,01
7;HockertyShirts;transition;22;59;68;7;68;100;1,19;5,28;0;0,89;60,22;61,22;8,24;7,36
7;HockertyShirts;pair;22;59;68;9;405;100;1,16;0,53;5,1;0,99;63,22;63,22;10,66;7,78
7;HockertyShirts;state;23;60;73;3;138;100;1,24;1,62;0;0,37;64,22;64,22;3,75;3,23
7;HockertyShirts;transition;23;60;73;10;73;100;1,26;7,42;0;1,49;66,22;67,22;11,26;10,17
7;HockertyShirts;pair;23;60;73;15;686;100;1,22;0,63;9,71;1,58;69,22;70,22;16,33;13,14
7;HockertyShirts;state;24;58;64;2;107;100;1,26;1,54;0;0,27;71,22;71,22;3,6;3,07
7;HockertyShirts;transition;24;58;64;5;64;100;1,17;4,35;0;0,71;73,22;73,22;6,96;6,22
7;HockertyShirts;pair;24;58;64;7;305;100;1,14;0,47;4,03;0,71;75,22;75,22;9,02;6,35
7;HockertyShirts;state;25;59;68;2;108;100;1,21;1,52;0;0,31;76,22;77,22;3,58;3,04
7;HockertyShirts;transition;25;59;68;7;68;100;1,15;5,47;0;0,88;78,22;79,22;8,4;7,5
7;HockertyShirts;pair;25;59;68;10;448;100;1,2;0,55;5,77;1,03;81,22;81,22;11,35;8,54
7;HockertyShirts;state;26;58;64;2;107;100;1,21;1,49;0;0,28;82,22;82,22;3,47;2,97
7;HockertyShirts;transition;26;58;64;5;64;100;1,17;4,66;0;0,93;84,22;84,22;7,58;6,77
7;HockertyShirts;pair;26;58;64;7;305;100;1,63;0,61;4,37;1,02;86,22;86,22;10,84;7,63
7;HockertyShirts;state;27;59;68;2;108;100;1,61;1,94;0;0,4;87,22;88,22;4,5;3,95
7;HockertyShirts;transition;27;59;68;7;68;100;1,61;6,47;0;1,25;89,22;90,22;10,16;9,32
7;HockertyShirts;pair;27;59;68;10;448;100;1,61;0,92;6,38;1,41;92,22;92,22;14,09;10,32
7;HockertyShirts;state;28;58;67;2;106;100;1,57;1,95;0;0,36;93,22;93,22;4,47;3,88
7;HockertyShirts;transition;28;58;67;7;67;100;1,54;6,13;0;1,24;95,22;95,22;9,79;8,91
7;HockertyShirts;pair;28;58;67;9;397;100;1,62;0,63;5,72;1,29;97,22;98,22;12,63;9,26
7;HockertyShirts;state;29;59;68;2;108;100;1,61;2;0;0,38;99,22;99,22;4,59;3,99
7;HockertyShirts;transition;29;59;68;7;68;100;1,57;6,24;0;1,22;101,22;101,22;9,89;9,03
7;HockertyShirts;pair;29;59;68;9;405;100;2,04;0,67;18,26;1,3;103,46;13,46;25,85;22,27
7;HockertyShirts;state;30;58;67;3;135;100;1,52;2,07;0;0,48;14,46;14,46;4,64;4,06
7;HockertyShirts;transition;30;58;67;7;67;100;1,59;6,16;0;1,4;15,46;16,46;10,07;9,15
7;HockertyShirts;pair;30;58;67;10;439;100;1,7;0,6;6,28;1,37;18,46;18,46;13,22;9,96
7;HockertyShirts;state;31;60;73;2;109;100;1,64;1,9;0;0,42;20,46;20,46;4,48;3,97
7;HockertyShirts;transition;31;60;73;10;73;100;1,53;8,57;0;1,71;21,46;22,46;12,69;11,8
7;HockertyShirts;pair;31;60;73;15;686;100;1,62;0,77;10,93;2,17;25,46;26,46;19,01;15,49
7;HockertyShirts;state;32;58;67;2;106;100;1,55;2,11;0;0,4;27,46;27,46;4,6;4,06
7;HockertyShirts;transition;32;58;67;7;67;100;1,82;5,88;0;1,19;28,46;29,46;9,87;8,89
7;HockertyShirts;pair;32;58;67;10;439;100;1,51;0,63;6,05;1,39;31,46;31,46;12,77;9,59
7;HockertyShirts;state;33;58;67;2;106;100;1,55;1,83;0;0,36;32,46;32,46;4,21;3,73
7;HockertyShirts;transition;33;58;67;7;67;100;1,53;5,86;0;1,22;34,46;34,46;9,41;8,61
7;HockertyShirts;pair;33;58;67;11;481;100;1,62;0,6;6,91;1,52;37,46;37,46;13,67;10,66
7;HockertyShirts;state;34;60;73;2;109;100;1,67;1,92;0;0,41;38,46;38,46;4,5;4
7;HockertyShirts;transition;34;60;73;10;73;100;1,62;8,48;0;1,68;40,46;41,46;12,65;11,77
7;HockertyShirts;pair;34;60;73;16;729;100;1,61;0,69;11,32;2,32;43,46;44,46;19,62;15,95
7;HockertyShirts;state;35;60;73;3;138;100;1,6;2,23;0;0,55;45,46;46,46;4,84;4,37
7;HockertyShirts;transition;35;60;73;10;73;100;1,63;8,03;0;1,75;47,46;48,46;12,16;11,41
7;HockertyShirts;pair;35;60;73;16;729;100;1,63;0,68;11,59;2,7;51,46;52,46;20,18;16,6
7;HockertyShirts;state;36;57;61;2;106;100;1,69;1,84;0;0,35;53,46;53,46;4,37;3,88
7;HockertyShirts;transition;36;57;61;3;61;100;1,47;3,74;0;0,68;54,46;54,46;6,43;5,9
7;HockertyShirts;pair;36;57;61;5;213;100;1,48;0,54;2,86;0,71;56,46;56,46;8,02;5,59
7;HockertyShirts;state;37;57;63;2;105;100;1,52;1,75;0;0,4;57,46;57,46;4,09;3,66
7;HockertyShirts;transition;37;57;63;5;63;100;1,52;4,77;0;0,91;59,46;59,46;7,81;7,21
7;HockertyShirts;pair;37;57;63;7;299;100;1,49;0,57;3,96;1,03;61,46;61,46;9,6;7,05
7;HockertyShirts;state;38;59;68;3;137;100;1,59;1,9;0;0,47;62,46;62,46;4,36;3,96
7;HockertyShirts;transition;38;59;68;7;68;100;1,53;5,93;0;1,2;64,46;64,46;9,31;8,66
7;HockertyShirts;pair;38;59;68;9;405;100;1,55;0,69;5,6;1,32;66,46;67,46;12,1;9,16
7;HockertyShirts;state;39;60;73;2;109;100;1,67;1,91;0;0,39;68,46;68,46;4,53;3,97
7;HockertyShirts;transition;39;60;73;10;73;100;1,71;8,07;0;1,69;70,46;71,46;12,29;11,47
7;HockertyShirts;pair;39;60;73;15;686;100;1,56;0,76;10,4;2,21;73,46;74,46;18,46;14,93
7;HockertyShirts;state;40;59;72;3;136;100;1,57;1,89;0;0,51;75,46;75,46;4,39;3,97
7;HockertyShirts;transition;40;59;72;10;72;100;1,53;7,65;0;1,63;77,46;78,46;11,49;10,81
7;HockertyShirts;pair;40;59;72;15;672;100;1,64;0,71;10;2,09;80,46;81,46;18,11;14,44
7;HockertyShirts;state;41;59;68;2;108;100;1,6;1,82;0;0,41;82,46;82,46;4,28;3,83
7;HockertyShirts;transition;41;59;68;7;68;100;1,52;5,77;0;1,22;84,46;84,46;9,27;8,51
7;HockertyShirts;pair;41;59;68;9;405;100;1,58;0,62;5,63;1,37;86,46;87,46;12,11;9,2
7;HockertyShirts;state;42;59;68;2;108;100;1,56;1,88;0;0,39;88,46;88,46;4,26;3,83
7;HockertyShirts;transition;42;59;68;7;68;100;1,59;5,89;0;1,23;89,46;90,46;9,35;8,71
7;HockertyShirts;pair;42;59;68;10;448;100;1,55;0,64;6,33;1,48;92,46;93,46;12,97;9,99
7;HockertyShirts;state;43;59;72;2;107;100;1,69;1,86;0;0,41;94,46;94,46;4,37;3,96
7;HockertyShirts;transition;43;59;72;10;72;100;1,85;7,84;0;1,6;96,46;96,46;12,14;11,29
7;HockertyShirts;pair;43;59;72;16;714;100;1,62;0,74;10,85;2,26;99,46;100,46;18,94;15,46
7;HockertyShirts;state;44;59;72;2;107;100;1,61;1,85;0;0,35;101,46;101,46;4,3;3,8
7;HockertyShirts;transition;44;59;72;10;72;100;1,52;8,04;0;1,6;103,46;103,46;11,84;11,15
7;HockertyShirts;pair;44;59;72;15;672;100;1,62;0,73;9,66;2,02;106,46;107,46;17,38;14,04
7;HockertyShirts;state;45;59;68;2;108;100;1,51;1,86;0;0,36;108,46;108,46;4,1;3,72
7;HockertyShirts;transition;45;59;68;7;68;100;1,48;5,98;0;1,2;109,46;110,46;9,3;8,67
7;HockertyShirts;pair;45;59;68;9;405;100;1,58;0,7;5,07;1,27;112,46;112,46;11,6;8,63
7;HockertyShirts;state;46;55;61;3;133;100;1,47;1,88;0;0,43;113,46;114,46;4,2;3,78
7;HockertyShirts;transition;46;55;61;5;61;100;1,46;4,35;0;0,88;115,46;115,46;7,26;6,69
7;HockertyShirts;pair;46;55;61;6;256;100;1,55;0,6;3,22;0,79;117,46;117,46;8,6;6,16
7;HockertyShirts;state;47;60;73;3;138;100;1,51;1,94;0;0,53;118,46;118,46;4,4;3,97
7;HockertyShirts;transition;47;60;73;10;73;100;1,55;7,55;0;1,6;120,46;121,46;11,43;10,71
7;HockertyShirts;pair;47;60;73;15;686;100;1,58;0,72;9,44;2,09;123,46;124,46;17,3;13,82
7;HockertyShirts;state;48;58;64;2;107;100;1,47;1,77;0;0,38;125,46;125,46;4,02;3,62
7;HockertyShirts;transition;48;58;64;5;64;100;1,17;3,82;0;0,67;127,46;127,46;6,14;5,66
7;HockertyShirts;pair;48;58;64;7;305;100;1,18;0,6;3,03;0,67;129,46;129,46;7,36;5,47
7;HockertyShirts;state;49;58;64;2;107;100;1,09;1,28;0;0,28;130,46;130,46;2,95;2,65
7;HockertyShirts;transition;49;58;64;5;64;100;1,04;3,73;0;0,66;132,46;132,46;5,91;5,43
7;HockertyShirts;pair;49;58;64;7;305;100;1,08;0,54;3,16;0,71;134,46;134,46;7,52;5,49
7;HockertyShirts;state;50;58;67;2;106;100;1,07;1,39;0;0,26;135,46;135,46;3;2,71
7;HockertyShirts;transition;50;58;67;7;67;100;1,07;4,54;0;0,79;137,46;137,46;6,94;6,4
7;HockertyShirts;pair;50;58;67;10;439;100;1,11;0,58;4,76;1,01;139,46;140,46;9,58;7,45
7;HockertyShirts;state;51;60;73;2;109;100;1,16;1,38;0;0,28;141,46;141,46;3,16;2,82
7;HockertyShirts;transition;51;60;73;10;73;100;1,13;6,65;0;1,15;143,46;144,46;9,57;8,93
7;HockertyShirts;pair;51;60;73;15;686;100;1,1;0,63;8,2;1,47;146,46;147,46;14,03;11,41
7;HockertyShirts;state;52;59;72;3;136;100;1,3;1,38;0;0,35;148,46;148,46;3,39;3,03
7;HockertyShirts;transition;52;59;72;10;72;100;1,1;5,83;0;1,17;150,46;151,46;8,72;8,1
7;HockertyShirts;pair;52;59;72;16;714;100;1,08;0,61;7,93;1,48;153,46;154,46;13,69;11,1
7;HockertyShirts;state;53;59;72;2;107;100;1,12;1,33;0;0,27;155,46;155,46;3,09;2,73
7;HockertyShirts;transition;53;59;72;10;72;100;1,13;5,8;0;1,13;157,46;158,46;8,63;8,06
7;HockertyShirts;pair;53;59;72;16;714;100;1,12;0,6;8,05;1,53;160,46;161,46;14;11,31
7;HockertyShirts;state;54;60;73;2;109;100;1,29;1,39;0;0,27;162,46;162,46;3,27;2,95
7;HockertyShirts;transition;54;60;73;10;73;100;1,27;5,75;0;1,13;164,46;165,46;8,72;8,16
7;HockertyShirts;pair;54;60;73;15;686;100;1,08;0,62;7,51;1,51;167,46;168,46;13,22;10,72
7;HockertyShirts;state;55;54;58;2;103;100;1,01;1,2;0;0,24;169,46;169,46;2,78;2,46
7;HockertyShirts;transition;55;54;58;3;58;100;0,98;2,45;0;0,43;170,46;171,46;4,34;3,85
7;HockertyShirts;pair;55;54;58;5;210;100;0,99;0,46;1,83;0,54;172,46;172,46;5,77;3,82
7;HockertyShirts;state;56;60;73;3;138;100;1,12;1,41;0;0,36;173,46;174,46;3,26;2,9
7;HockertyShirts;transition;56;60;73;10;73;100;1,09;5,74;0;1,15;175,46;176,46;8,57;7,98
7;HockertyShirts;pair;56;60;73;16;729;100;1,12;0,6;8,22;1,53;179,46;180,46;14,31;11,47
7;HockertyShirts;state;57;59;72;2;107;100;1,15;1,31;0;0,29;181,46;181,46;3,05;2,76
7;HockertyShirts;transition;57;59;72;10;72;100;1,06;5,7;0;1,12;183,46;183,46;8,53;7,88
7;HockertyShirts;pair;57;59;72;15;672;100;1,19;0,6;7,41;1,5;186,46;187,46;13,35;10,7
7;HockertyShirts;state;58;57;63;2;105;100;1,06;1,25;0;0,25;188,46;188,46;2,88;2,56
7;HockertyShirts;transition;58;57;63;5;63;100;1;3,49;0;0,6;189,46;189,46;5,57;5,08
7;HockertyShirts;pair;58;57;63;7;299;100;1,04;0,49;2,69;0,66;191,46;192,46;6,95;4,87
7;HockertyShirts;state;59;60;73;2;109;100;1,14;1,34;0;0,27;193,46;193,46;3,04;2,76
7;HockertyShirts;transition;59;60;73;10;73;100;1,1;5,89;0;1,29;194,46;195,46;8,86;8,28
7;HockertyShirts;pair;59;60;73;15;686;100;1,22;0,65;8,05;1,48;198,46;199,46;13,98;11,4
7;HockertyShirts;state;60;59;68;2;108;100;1,08;1,4;0;0,26;200,46;200,46;3,05;2,73
7;HockertyShirts;transition;60;59;68;7;68;100;1,07;4,63;0;0,92;201,46;202,46;7,13;6,62
7;HockertyShirts;pair;60;59;68;9;405;100;1,51;0,53;3,92;0,9;204,46;204,46;9,12;6,86
7;HockertyShirts;state;61;60;73;2;109;100;1,16;1,37;0;0,34;205,46;205,46;3,18;2,87
7;HockertyShirts;transition;61;60;73;10;73;100;1,13;5,92;0;1,13;207,46;208,46;8,81;8,19
7;HockertyShirts;pair;61;60;73;15;686;100;1,11;0,66;7,46;1,44;210,46;211,46;13,04;10,67
7;HockertyShirts;state;62;60;73;3;138;100;1,16;1,38;0;0,34;212,46;213,46;3,21;2,89
7;HockertyShirts;transition;62;60;73;10;73;100;1,07;5,85;0;1,12;214,46;215,46;8,6;8,04
7;HockertyShirts;pair;62;60;73;15;686;100;1,2;0,62;7,72;1,49;217,46;218,46;13,38;11,03
7;HockertyShirts;state;63;59;72;3;136;100;1,14;1,45;0;14,89;219,46;220,46;17,87;17,49
7;HockertyShirts;transition;63;59;72;10;72;100;1,15;5,82;0;1,12;14,1;14,1;8,66;8,09
7;HockertyShirts;pair;63;59;72;15;672;100;1,22;0,6;7,38;1,4;17,1;18,1;12,9;10,6
7;HockertyShirts;state;64;59;68;2;108;100;1,1;1,37;0;0,27;19,1;19,1;3,02;2,74
7;HockertyShirts;transition;64;59;68;7;68;100;1,1;4,31;0;0,84;21,1;21,1;6,74;6,25
7;HockertyShirts;pair;64;59;68;9;405;100;1,1;0,57;3,91;0,88;23,1;24,1;8,58;6,46
7;HockertyShirts;state;65;60;73;2;109;100;1,14;1,35;0;0,33;25,1;25,1;3,1;2,82
7;HockertyShirts;transition;65;60;73;10;73;100;1,15;5,7;0;1,12;27,1;27,1;8,52;7,97
7;HockertyShirts;pair;65;60;73;16;729;100;1,13;0,59;8,25;1,52;30,1;31,1;13,84;11,49
7;HockertyShirts;state;66;59;68;2;108;100;1,09;1,38;0;0,27;32,1;32,1;3,01;2,73
7;HockertyShirts;transition;66;59;68;7;68;100;1,14;4,32;0;0,82;34,1;34,1;6,85;6,27
7;HockertyShirts;pair;66;59;68;10;448;100;1,27;0,56;4,47;0,98;36,1;37,1;9,32;7,29
7;HockertyShirts;state;67;59;68;3;137;100;1,21;1,39;0;0,44;38,1;38,1;3,36;3,04
7;HockertyShirts;transition;67;59;68;7;68;100;1,04;4,4;0;0,86;39,1;40,1;6,82;6,3
7;HockertyShirts;pair;67;59;68;10;448;100;1,1;0,56;4,36;1,02;42,1;43,1;9,16;7,04
7;HockertyShirts;state;68;59;68;3;137;100;1,1;1,38;0;0,38;44,1;44,1;3,14;2,85
7;HockertyShirts;transition;68;59;68;7;68;100;1,09;4,23;0;0,83;45,1;46,1;6,63;6,15
7;HockertyShirts;pair;68;59;68;9;405;100;1,09;0,57;3,75;0,91;48,1;48,1;8,28;6,32
7;HockertyShirts;state;69;59;68;2;108;100;1,17;1,29;0;0,26;49,1;49,1;3,01;2,73
7;HockertyShirts;transition;69;59;68;7;68;100;1,1;4,22;0;0,83;51,1;51,1;6,67;6,16
7;HockertyShirts;pair;69;59;68;10;448;100;1,21;0,58;4,57;1,01;53,1;54,1;9,41;7,38
7;HockertyShirts;state;70;59;68;2;108;100;1,11;1,3;0;0,26;55,1;55,1;2,93;2,67
7;HockertyShirts;transition;70;59;68;7;68;100;1,05;4,57;0;0,82;57,1;57,1;6,92;6,44
7;HockertyShirts;pair;70;59;68;9;405;100;1,14;0,56;3,95;0,89;59,1;60,1;8,44;6,53
7;HockertyShirts;state;71;58;67;2;106;100;1,09;1,32;0;0,26;61,1;61,1;2,95;2,67
7;HockertyShirts;transition;71;58;67;7;67;100;1,17;4,15;0;0,83;62,1;63,1;6,64;6,15
7;HockertyShirts;pair;71;58;67;9;397;100;1,18;0,56;3,81;0,86;65,1;65,1;8,44;6,4
7;HockertyShirts;state;72;59;68;2;108;100;1,14;1,36;0;0,28;66,1;67,1;3,07;2,78
7;HockertyShirts;transition;72;59;68;7;68;100;1,19;4,34;0;0,87;68,1;69,1;6,89;6,39
7;HockertyShirts;pair;72;59;68;9;405;100;1,02;0,56;3,81;0,84;70,1;71,1;8,14;6,23
7;HockertyShirts;state;73;59;68;2;108;100;1,11;1,3;0;0,27;72,1;72,1;2,95;2,67
7;HockertyShirts;transition;73;59;68;7;68;100;1,07;4,52;0;0,82;74,1;74,1;6,98;6,41
7;HockertyShirts;pair;73;59;68;9;405;100;1,14;0,58;4,06;0,95;76,1;77,1;8,59;6,72
7;HockertyShirts;state;74;58;64;2;107;100;1,01;1,24;0;0,26;78,1;78,1;2,76;2,5
7;HockertyShirts;transition;74;58;64;5;64;100;1,01;3,37;0;0,63;79,1;80,1;5,5;5,02
7;HockertyShirts;pair;74;58;64;7;305;100;1,02;0,51;2,73;0,69;81,1;82,1;6,7;4,95
7;HockertyShirts;state;75;59;72;2;107;100;1,05;1,39;0;0,26;83,1;83,1;2,98;2,7
7;HockertyShirts;transition;75;59;72;10;72;100;1,07;5,78;0;1,16;85,1;85,1;8,62;8,01
7;HockertyShirts;pair;75;59;72;15;672;100;1,15;0,61;7,39;1,46;88,1;89,1;12,9;10,62
7;HockertyShirts;state;76;60;73;3;138;100;1,08;1,39;0;0,35;90,1;90,1;3,14;2,83
7;HockertyShirts;transition;76;60;73;10;73;100;1,09;6,33;0;1,17;92,1;92,1;9,16;8,59
7;HockertyShirts;pair;76;60;73;15;686;100;1,15;0,62;7,76;1,45;95,1;96,1;13,31;10,98
7;HockertyShirts;state;77;60;73;2;109;100;1,11;1,3;0;0,27;97,1;97,1;2,99;2,68
7;HockertyShirts;transition;77;60;73;10;73;100;1,02;5,92;0;1,24;99,1;99,1;8,72;8,18
7;HockertyShirts;pair;77;60;73;16;729;100;1,11;0,63;8,21;1,54;102,1;103,1;13,94;11,49
7;HockertyShirts;state;78;59;72;3;136;100;1,06;1,43;0;0,35;104,1;104,1;3,2;2,84
7;HockertyShirts;transition;78;59;72;10;72;100;1,1;5,66;0;1,12;106,1;107,1;8,41;7,88
7;HockertyShirts;pair;78;59;72;15;672;100;1,05;0,68;7,22;1,41;109,1;110,1;12,72;10,36
7;HockertyShirts;state;79;59;72;3;136;100;1,1;1,37;0;0,34;111,1;111,1;3,1;2,81
7;HockertyShirts;transition;79;59;72;10;72;100;1,1;5,61;0;1,4;113,1;114,1;8,71;8,12
7;HockertyShirts;pair;79;59;72;15;672;100;1,09;0,59;7,16;1,43;116,1;117,1;12,53;10,26
7;HockertyShirts;state;80;60;73;2;109;100;1,11;1,28;0;0,27;118,1;118,1;2,99;2,67
7;HockertyShirts;transition;80;60;73;10;73;100;1,12;5,74;0;1,17;120,1;121,1;8,59;8,03
7;HockertyShirts;pair;80;60;73;15;686;100;1,09;0,59;8,09;1,47;123,1;124,1;13,51;11,24
7;HockertyShirts;state;81;60;73;2;109;100;1,09;1,28;0;0,29;125,1;125,1;2,96;2,66
7;HockertyShirts;transition;81;60;73;10;73;100;1,25;5,78;0;1,17;127,1;128,1;8,76;8,2
7;HockertyShirts;pair;81;60;73;15;686;100;1,1;0,65;7,42;1,46;130,1;131,1;12,91;10,62
7;HockertyShirts;state;82;58;64;2;107;100;1,04;1,26;0;0,27;132,1;132,1;2,85;2,57
7;HockertyShirts;transition;82;58;64;5;64;100;1,03;3,53;0;0,67;134,1;134,1;5,68;5,23
7;HockertyShirts;pair;82;58;64;7;305;100;1,05;0,48;2,68;0,69;136,1;136,1;6,86;4,91
7;HockertyShirts;state;83;60;73;3;138;100;1,11;1,33;0;0,38;137,1;137,1;3,11;2,81
7;HockertyShirts;transition;83;60;73;10;73;100;1,14;5,67;0;1,19;139,1;140,1;8,62;8
7;HockertyShirts;pair;83;60;73;15;686;100;1,09;0,62;7,48;1,45;142,1;143,1;12,94;10,65
7;HockertyShirts;state;84;59;68;2;108;100;1,07;1,34;0;0,28;144,1;144,1;3;2,69
7;HockertyShirts;transition;84;59;68;7;68;100;1,04;4,32;0;0,83;146,1;146,1;6,7;6,19
7;HockertyShirts;pair;84;59;68;9;405;100;1,1;0,54;4,06;0,9;148,1;149,1;8,55;6,6
7;HockertyShirts;state;85;59;68;2;108;100;1,04;1,28;0;0,47;150,1;150,1;3,06;2,79
7;HockertyShirts;transition;85;59;68;7;68;100;0,99;4,17;0;0,91;152,1;152,1;6,66;6,07
7;HockertyShirts;pair;85;59;68;9;405;100;1,04;0,52;3,84;0,88;154,1;155,1;8,19;6,28
7;HockertyShirts;state;86;60;73;3;138;100;1,08;1,38;0;0,42;156,1;156,1;3,16;2,88
7;HockertyShirts;transition;86;60;73;10;73;100;1,08;5,61;0;1,18;158,1;158,1;8,49;7,87
7;HockertyShirts;pair;86;60;73;15;686;100;1,11;0,58;7,46;1,43;161,1;162,1;12,86;10,59
7;HockertyShirts;state;87;60;73;2;109;100;1,17;1,34;0;0,27;163,1;163,1;3,06;2,78
7;HockertyShirts;transition;87;60;73;10;73;100;1,07;5,82;0;1,14;165,1;165,1;8,74;8,02
7;HockertyShirts;pair;87;60;73;15;686;100;1,06;0,64;7,74;1,52;168,1;169,1;13,26;10,96
7;HockertyShirts;state;88;60;73;3;138;100;1,11;1,36;0;0,38;170,1;170,1;3,14;2,86
7;HockertyShirts;transition;88;60;73;10;73;100;1,05;5,95;0;1,15;172,1;172,1;8,77;8,15
7;HockertyShirts;pair;88;60;73;15;686;100;1,16;0,59;7,74;1,46;175,1;176,1;13,29;10,96
7;HockertyShirts;state;89;60;73;2;109;100;1,14;1,35;0;0,27;177,1;177,1;3,02;2,76
7;HockertyShirts;transition;89;60;73;10;73;100;1,05;5,77;0;1,21;179,1;179,1;8,59;8,03
7;HockertyShirts;pair;89;60;73;16;729;100;1,07;0,6;8,09;1,52;182,1;183,1;13,63;11,28
7;HockertyShirts;state;90;60;73;3;138;100;1,07;1,39;0;0,35;184,1;184,1;3,09;2,81
7;HockertyShirts;transition;90;60;73;10;73;100;1,07;5,77;0;1,14;186,1;187,1;8,53;7,98
7;HockertyShirts;pair;90;60;73;15;686;100;1,06;0,61;7,56;1,46;189,1;190,1;13;10,69
7;HockertyShirts;state;91;58;67;2;106;100;1,07;1,27;0;0,24;191,1;191,1;2,84;2,58
7;HockertyShirts;transition;91;58;67;7;67;100;1,03;4,11;0;0,84;193,1;193,1;6,45;5,98
7;HockertyShirts;pair;91;58;67;10;439;100;1,03;0,52;4,16;0,95;195,1;196,1;8,6;6,66
7;HockertyShirts;state;92;60;73;2;109;100;1,16;1,29;0;0,29;197,1;197,1;3,08;2,74
7;HockertyShirts;transition;92;60;73;10;73;100;1,04;5,77;0;1,14;199,1;199,1;8,5;7,94
7;HockertyShirts;pair;92;60;73;16;729;100;1,12;0,61;8,6;1,61;202,1;203,1;14,32;11,94
7;HockertyShirts;state;93;59;68;2;108;100;1,04;1,31;0;0,27;204,1;204,1;2,93;2,62
7;HockertyShirts;transition;93;59;68;7;68;100;1,08;4,24;0;0,97;206,1;206,1;6,87;6,3
7;HockertyShirts;pair;93;59;68;9;405;100;1,09;0,52;3,94;0,9;208,1;209,1;8,38;6,45
7;HockertyShirts;state;94;58;67;2;106;100;1,07;1,26;0;0,29;210,1;210,1;2,88;2,61
7;HockertyShirts;transition;94;58;67;7;67;100;1,11;4,08;0;0,8;211,1;212,1;6,62;5,99
7;HockertyShirts;pair;94;58;67;10;439;100;1,05;0,52;4,17;0,91;214,1;214,1;8,59;6,66
7;HockertyShirts;state;95;60;73;2;109;100;1,11;1,32;0;0,28;215,1;216,1;2,99;2,71
7;HockertyShirts;transition;95;60;73;10;73;100;1,03;5,82;0;1,17;217,1;218,1;8,59;8,02
7;HockertyShirts;pair;95;60;73;15;686;100;1,18;0,59;7,5;1,46;220,1;221,1;13,16;10,74
7;HockertyShirts;state;96;60;73;2;109;100;1,1;1,3;0;0,29;222,1;223,1;3,01;2,69
7;HockertyShirts;transition;96;60;73;10;73;100;1,06;6,51;0;1,63;224,1;225,1;9,84;9,2
7;HockertyShirts;pair;96;60;73;15;686;100;1,5;0,57;7,91;1,06;226,1;14,09;27,27;11,05
7;HockertyShirts;state;97;60;73;2;109;100;1;1,39;0;0,26;15,09;16,09;2,99;2,65
7;HockertyShirts;transition;97;60;73;10;73;100;1;5,59;0;1;17,09;18,09;8,18;7,59
7;HockertyShirts;pair;97;60;73;15;686;100;1,05;0,67;6,57;1,32;20,09;22,09;11,99;9,61
7;HockertyShirts;state;98;59;68;3;137;100;0,99;1,6;0;0,29;22,09;23,09;3,24;2,89
7;HockertyShirts;transition;98;59;68;7;68;100;1,05;4,01;0;0,69;24,09;25,09;6,3;5,75
7;HockertyShirts;pair;98;59;68;10;448;100;1,24;0,71;4,04;0,79;27,09;27,09;8,65;6,79
7;HockertyShirts;state;99;60;73;2;109;100;1,01;1,41;0;0,3;28,09;29,09;3,09;2,72
7;HockertyShirts;transition;99;60;73;10;73;100;0,98;5,04;0;0,88;30,09;31,09;7,76;6,91
7;HockertyShirts;pair;99;60;73;16;729;100;1,12;0,69;7,71;1,44;33,09;34,09;13,37;10,97
7;HockertyShirts;state;100;59;72;2;107;100;1,13;1,43;0;0,28;35,09;36,09;3,17;2,84
7;HockertyShirts;transition;100;59;72;10;72;100;1,11;5,04;0;1,06;37,09;38,09;7,81;7,2
7;HockertyShirts;pair;100;59;72;15;672;100;0,97;0,56;6,42;1,08;40,09;41,09;11,27;9,02
7;HockertyShirts;state;101;58;64;2;107;100;1,03;1,27;0;0,23;42,09;42,09;2,81;2,52
7;HockertyShirts;transition;101;58;64;5;64;100;0,94;3,03;0;0,49;44,09;44,09;4,97;4,46
7;HockertyShirts;pair;101;58;64;7;305;100;0,91;0,68;3,91;0,55;46,09;46,09;7,68;6,05
7;HockertyShirts;state;102;59;72;3;136;100;1,5;1,46;0;0,3;47,09;48,09;3,63;3,25
7;HockertyShirts;transition;102;59;72;10;72;100;1,02;4,96;0;0,97;49,09;50,09;7,6;6,95
7;HockertyShirts;pair;102;59;72;15;672;100;1,01;0,67;6,72;1,22;52,09;53,09;11,87;9,62
7;HockertyShirts;state;103;60;73;2;109;100;1,18;1,47;0;0,25;54,09;54,09;3,18;2,9
7;HockertyShirts;transition;103;60;73;10;73;100;1,2;5,08;0;1,11;56,09;57,09;8,05;7,4
7;HockertyShirts;pair;103;60;73;15;686;100;1,2;0,68;6,82;0,99;59,09;60,09;11,93;9,68
7;HockertyShirts;state;104;59;68;2;108;100;0,93;1,6;0;0,25;61,09;61,09;3,08;2,78
7;HockertyShirts;transition;104;59;68;7;68;100;0,9;4,03;0;0,79;63,09;64,09;6,17;5,73
7;HockertyShirts;pair;104;59;68;10;448;100;1,09;0,37;3,93;0,94;66,09;66,09;8,57;6,34
7;HockertyShirts;state;105;59;68;2;108;100;1,15;1,56;0;0,27;67,09;67,09;3,34;2,98
7;HockertyShirts;transition;105;59;68;7;68;100;1,19;4,14;0;0,79;69,09;69,09;6,66;6,11
7;HockertyShirts;pair;105;59;68;10;448;100;1,27;0,41;4,07;0,96;71,09;72,09;8,78;6,7
7;HockertyShirts;state;106;59;68;2;108;100;1,13;1,32;0;0,28;73,09;73,09;3,2;2,73
7;HockertyShirts;transition;106;59;68;7;68;100;1,09;4,1;0;0,82;75,09;75,09;6,47;6,02
7;HockertyShirts;pair;106;59;68;10;448;100;1,09;0,36;4,3;0,95;77,09;78,09;8,76;6,71
7;HockertyShirts;state;107;58;67;2;106;100;1,13;1,39;0;0,25;79,09;79,09;3,05;2,77
7;HockertyShirts;transition;107;58;67;7;67;100;1,02;3,99;0;0,79;80,09;81,09;6,25;5,8
7;HockertyShirts;pair;107;58;67;10;439;100;1,05;0,39;3,95;0,96;83,09;84,09;8,37;6,35
7;HockertyShirts;state;108;59;68;2;108;100;1,1;1,26;0;0,18;84,09;85,09;2,8;2,55
7;HockertyShirts;transition;108;59;68;7;68;100;1,01;3,61;0;0,73;86,09;87,09;5,78;5,36
7;HockertyShirts;pair;108;59;68;10;448;100;0,98;0,35;3,62;0,78;89,09;89,09;7,68;5,73
7;HockertyShirts;state;109;60;73;2;109;100;1,02;1,2;0;0,25;90,09;90,09;2,75;2,47
7;HockertyShirts;transition;109;60;73;10;73;100;0,99;5,29;0;0,96;92,09;93,09;7,85;7,24
7;HockertyShirts;pair;109;60;73;15;686;100;1,01;0,31;5,93;1,3;95,09;96,09;10,75;8,55
7;HockertyShirts;state;110;57;63;2;105;100;0,98;1,2;0;0,2;97,09;97,09;2,61;2,38
7;HockertyShirts;transition;110;57;63;5;63;100;0,92;2,64;0;0,47;99,09;99,09;4,38;4,03
7;HockertyShirts;pair;110;57;63;7;299;100;0,91;0,25;1,93;0,46;101,09;101,09;5,05;3,55
7;HockertyShirts;state;111;59;68;2;108;100;0,89;1,17;0;0,28;102,09;102,09;2,67;2,34
7;HockertyShirts;transition;111;59;68;7;68;100;0,92;3,73;0;0,69;104,09;104,09;5,81;5,34
7;HockertyShirts;pair;111;59;68;9;405;100;0,99;0,31;3,49;0,77;106,09;107,09;7,43;5,56
7;HockertyShirts;state;112;58;64;2;107;100;0,94;1,16;0;0,22;108,09;108,09;2,6;2,32
7;HockertyShirts;transition;112;58;64;5;64;100;0,99;3,01;0;0,55;109,09;110,09;5;4,54
7;HockertyShirts;pair;112;58;64;7;305;100;0,92;0,29;2,46;0,56;111,09;112,09;6,01;4,23
7;HockertyShirts;state;113;60;73;2;109;100;1,03;1,24;0;0,24;113,09;113,09;2,83;2,51
7;HockertyShirts;transition;113;60;73;10;73;100;1;4,99;0;0,95;115,09;115,09;7,54;6,94
7;HockertyShirts;pair;113;60;73;15;686;100;0,99;0,35;7,21;1,24;118,09;119,09;11,89;9,79
7;HockertyShirts;state;114;59;68;2;108;100;0,98;1,5;0;0,23;120,09;120,09;3,03;2,7
7;HockertyShirts;transition;114;59;68;7;68;100;0,98;3,91;0;0,72;121,09;122,09;6,1;5,61
7;HockertyShirts;pair;114;59;68;9;405;100;1,01;0,35;3,49;0,76;124,09;124,09;7,44;5,61
7;HockertyShirts;state;115;59;68;2;108;100;1,06;1,16;0;0,24;125,09;125,09;2,72;2,45
7;HockertyShirts;transition;115;59;68;7;68;100;0,99;3,4;0;0,61;127,09;127,09;5,46;5
7;HockertyShirts;pair;115;59;68;9;405;100;1,02;0,29;2,91;0,65;129,09;130,09;6,54;4,87
7;HockertyShirts;state;116;60;73;2;109;100;1,01;1,29;0;0,21;131,09;131,09;2,76;2,51
7;HockertyShirts;transition;116;60;73;10;73;100;0,96;4,81;0;0,86;133,09;133,09;7,05;6,63
7;HockertyShirts;pair;116;60;73;15;686;100;0,99;0,34;6,23;1,43;136,09;137,09;11,42;8,99
7;HockertyShirts;state;117;59;68;2;108;100;1,02;1,3;0;0,24;138,09;138,09;2,79;2,55
7;HockertyShirts;transition;117;59;68;7;68;100;0,97;3,71;0;0,71;140,09;140,09;5,9;5,4
7;HockertyShirts;pair;117;59;68;9;405;100;0,99;0,32;3,88;0,78;142,09;143,09;7,79;5,97
7;HockertyShirts;state;118;60;73;2;109;100;1,02;1,19;0;0,24;144,09;144,09;2,7;2,45
7;HockertyShirts;transition;118;60;73;10;73;100;0,89;4,55;0;0,89;145,09;146,09;6,79;6,32
7;HockertyShirts;pair;118;60;73;15;686;100;1,01;0,33;6,46;1,32;148,09;149,09;11,25;9,11
7;HockertyShirts;state;119;60;73;3;138;100;1,1;1,29;0;0,33;150,09;151,09;3,01;2,72
7;HockertyShirts;transition;119;60;73;10;73;100;1;5,13;0;1;152,09;153,09;7,73;7,12
7;HockertyShirts;pair;119;60;73;15;686;100;0,96;0,39;6,93;1,25;155,09;156,09;11,7;9,53
7;HockertyShirts;state;120;57;63;2;105;100;0,99;1,05;0;0,24;157,09;158,09;2,58;2,28
7;HockertyShirts;transition;120;57;63;5;63;100;0,99;2,64;0;0,44;159,09;159,09;4,44;4,07
7;HockertyShirts;pair;120;57;63;7;299;100;0,98;0,26;2,11;0,44;161,09;161,09;5,26;3,78
7;HockertyShirts;state;121;59;72;3;136;100;0,95;1,21;0;0,24;162,09;163,09;2,62;2,4
7;HockertyShirts;transition;121;59;72;10;72;100;0,64;4,43;0;0,84;164,09;165,09;6,3;5,91
7;HockertyShirts;pair;121;59;72;15;672;100;0,96;0,24;5,14;1,12;167,09;168,09;9,35;7,47
7;HockertyShirts;state;122;58;64;2;107;100;1,11;1,32;0;0,25;169,09;169,09;2,92;2,67
7;HockertyShirts;transition;122;58;64;5;64;100;1,07;3,34;0;0,62;171,09;171,09;5,45;5,03
7;HockertyShirts;pair;122;58;64;7;305;100;1,04;0,33;3,03;0,64;173,09;173,09;6,79;5,04
7;HockertyShirts;state;123;59;72;3;136;100;1,1;1,4;0;0,32;174,09;174,09;3,08;2,82
7;HockertyShirts;transition;123;59;72;10;72;100;1,18;5,35;0;1,06;176,09;177,09;8,06;7,59
7;HockertyShirts;pair;123;59;72;16;714;100;1,12;0,43;7,4;1,41;179,09;180,09;12,65;10,36
7;HockertyShirts;state;124;60;73;2;109;100;1,15;1,3;0;0,25;181,09;181,09;2,97;2,7
7;HockertyShirts;transition;124;60;73;10;73;100;1,14;5,57;0;1,08;183,09;184,09;8,27;7,79
7;HockertyShirts;pair;124;60;73;15;686;100;1,13;0,42;7,28;0,99;186,09;187,09;12,03;9,82
7;HockertyShirts;state;125;60;73;3;138;100;0,94;0,86;0;0,18;188,09;188,09;2,16;1,99
7;HockertyShirts;transition;125;60;73;10;73;100;0,96;4,07;0;0,76;190,09;191,09;6,16;5,79
7;HockertyShirts;pair;125;60;73;15;686;100;0,76;0,33;5,6;1;193,09;194,09;9,54;7,68
7;HockertyShirts;state;126;60;73;2;109;100;1,03;1,18;0;0,21;195,09;195,09;2,7;2,42
7;HockertyShirts;transition;126;60;73;10;73;100;1,01;4,48;0;0,98;197,09;198,09;6,95;6,47
7;HockertyShirts;pair;126;60;73;16;729;100;1,14;0,44;7,64;1,09;200,09;201,09;12,59;10,3
7;HockertyShirts;state;127;59;68;2;108;100;1,13;1,21;0;0,18;202,09;202,09;2,74;2,52
7;HockertyShirts;transition;127;59;68;7;68;100;0,71;2,86;0;0,59;204,09;204,09;4,47;4,16
7;HockertyShirts;pair;127;59;68;9;405;100;0,93;0,28;2,52;0,48;206,09;207,09;5,37;4,21
7;HockertyShirts;state;128;59;72;3;136;100;0,93;1,26;0;0,24;208,09;208,09;2,66;2,43
7;HockertyShirts;transition;128;59;72;10;72;100;1;4,29;0;0,73;210,09;210,09;6,4;6,02
7;HockertyShirts;pair;128;59;72;15;672;100;1,06;0,31;5,32;1,04;213,09;214,09;9,93;7,74
7;HockertyShirts;state;129;60;73;3;138;100;1,07;1,33;0;0,25;215,09;215,09;2,93;2,65
7;HockertyShirts;transition;129;60;73;10;73;100;0,98;4,49;0;0,9;217,09;217,09;6,77;6,37
7;HockertyShirts;pair;129;60;73;15;686;100;1,1;0,34;5,28;0,99;220,09;221,09;9,47;7,72
7;HockertyShirts;state;130;60;73;3;138;100;0,99;1,18;0;0,26;222,09;222,09;2,68;2,42
7;HockertyShirts;transition;130;60;73;10;73;100;0,94;4,29;0;0,81;224,09;224,09;6,44;6,03
7;HockertyShirts;pair;130;60;73;15;686;100;0,97;0,36;34,17;1,11;226,29;14,29;38,68;36,62
7;HockertyShirts;state;131;59;68;2;108;100;1;0,96;0;0,15;15,29;15,29;2,29;2,11
7;HockertyShirts;transition;131;59;68;7;68;100;0,89;2,88;0;0,49;16,29;17,29;4,56;4,26
7;HockertyShirts;pair;131;59;68;10;448;100;0,97;0,28;3,2;0,5;19,29;20,29;6,63;4,95
7;HockertyShirts;state;132;58;64;2;107;100;0,96;0,81;0;0,19;21,29;21,29;2,19;1,97
7;HockertyShirts;transition;132;58;64;5;64;100;0,55;2,58;0;0,46;22,29;22,29;3,86;3,59
7;HockertyShirts;pair;132;58;64;7;305;100;0,9;0,22;1,81;0,41;24,29;25,29;4,6;3,35
7;HockertyShirts;state;133;59;68;2;108;100;0,9;1,12;0;0,18;26,29;26,29;2,39;2,2
7;HockertyShirts;transition;133;59;68;7;68;100;0,81;3,24;0;0,58;27,29;28,29;4,97;4,63
7;HockertyShirts;pair;133;59;68;10;448;100;0,84;0,33;3,83;0,72;30,29;30,29;7,77;5,73
7;HockertyShirts;state;134;60;73;3;138;100;0,69;0,93;0;0,25;31,29;31,29;2,06;1,87
7;HockertyShirts;transition;134;60;73;10;73;100;1,03;4,09;0;0,61;33,29;34,29;6,06;5,73
7;HockertyShirts;pair;134;60;73;15;686;100;0,7;0,36;6,41;1;36,29;37,29;10,42;8,47
7;HockertyShirts;state;135;60;73;2;109;100;0,98;1,13;0;0,24;38,29;38,29;2,6;2,35
7;HockertyShirts;transition;135;60;73;10;73;100;0,89;4,11;0;0,97;40,29;41,29;6,42;5,97
7;HockertyShirts;pair;135;60;73;16;729;100;0,98;0,33;5,62;1,43;43,29;44,29;10,39;8,37
7;HockertyShirts;state;136;60;73;3;138;100;1,14;1,34;0;0,37;45,29;46,29;3,15;2,85
7;HockertyShirts;transition;136;60;73;10;73;100;1,19;4,98;0;0,89;47,29;48,29;7,5;7,06
7;HockertyShirts;pair;136;60;73;15;686;100;0,95;0,43;6,74;1,19;50,29;51,29;11,48;9,31
7;HockertyShirts;state;137;60;73;3;138;100;1,03;1,25;0;0,3;52,29;53,29;2,94;2,58
7;HockertyShirts;transition;137;60;73;10;73;100;1,08;5,46;0;0,94;54,29;55,29;7,96;7,47
7;HockertyShirts;pair;137;60;73;15;686;100;1,05;0,37;6,81;1,21;57,29;58,29;11,65;9,43
7;HockertyShirts;state;138;60;73;3;138;100;1,16;1,29;0;0,4;59,29;60,29;3,15;2,84
7;HockertyShirts;transition;138;60;73;10;73;100;0,98;5,18;0;0,96;61,29;62,29;7,62;7,12
7;HockertyShirts;pair;138;60;73;16;729;100;0,93;0,36;7,28;1,24;64,29;65,29;11,93;9,81
7;HockertyShirts;state;139;58;64;2;107;100;0,92;1,25;0;0,26;66,29;67,29;2,76;2,44
7;HockertyShirts;transition;139;58;64;5;64;100;0,99;3,73;0;0,61;68,29;68,29;5,75;5,33
7;HockertyShirts;pair;139;58;64;7;305;100;0,85;0,45;2,54;0,71;70,29;70,29;6,4;4,54
7;HockertyShirts;state;140;59;68;2;108;100;0,97;1,18;0;0,28;71,29;72,29;2,73;2,42
7;HockertyShirts;transition;140;59;68;7;68;100;1,09;3,83;0;0,79;73,29;74,29;6,16;5,71
7;HockertyShirts;pair;140;59;68;9;405;100;1,03;0,35;3,41;0,81;75,29;76,29;7,53;5,6
7;HockertyShirts;state;141;59;72;2;107;100;1,06;1,19;0;0,26;77,29;77,29;2,83;2,51
7;HockertyShirts;transition;141;59;72;10;72;100;1,03;5,33;0;1,09;79,29;79,29;7,94;7,45
7;HockertyShirts;pair;141;59;72;16;714;100;1,08;0,4;7,55;1,42;82,29;83,29;12,66;10,44
7;HockertyShirts;state;142;58;67;2;106;100;1,04;1,18;0;0,25;84,29;84,29;2,74;2,47
7;HockertyShirts;transition;142;58;67;7;67;100;1,03;4,1;0;0,74;86,29;86,29;6,32;5,88
7;HockertyShirts;pair;142;58;67;11;481;100;0,89;0,33;4,2;0,94;88,29;89,29;8,17;6,35
7;HockertyShirts;state;143;60;73;2;109;100;1,08;1,2;0;0,22;90,29;90,29;2,78;2,5
7;HockertyShirts;transition;143;60;73;10;73;100;0,95;5,53;0;1,02;92,29;92,29;7,99;7,5
7;HockertyShirts;pair;143;60;73;15;686;100;1,08;0,38;6,85;1,28;95,29;96,29;11,74;9,59
7;HockertyShirts;state;144;60;73;2;109;100;1,04;1,44;0;0,24;97,29;97,29;3,04;2,73
7;HockertyShirts;transition;144;60;73;10;73;100;1,07;5,45;0;0,97;99,29;99,29;7,99;7,49
7;HockertyShirts;pair;144;60;73;15;686;100;1,02;0,4;6,96;1,28;102,29;103,29;11,88;9,65
7;HockertyShirts;state;145;58;64;2;107;100;1,01;1,18;0;0,3;104,29;104,29;2,8;2,49
7;HockertyShirts;transition;145;58;64;5;64;100;0,9;3,04;0;0,6;105,29;106,29;5,01;4,53
7;HockertyShirts;pair;145;58;64;7;305;100;0,96;0,32;2,47;0,64;107,29;108,29;6,07;4,4
7;HockertyShirts;state;146;60;73;3;138;100;0,98;1,26;0;0,34;109,29;109,29;2,85;2,57
7;HockertyShirts;transition;146;60;73;10;73;100;0,96;4,91;0;0,95;111,29;111,29;7,32;6,82
7;HockertyShirts;pair;146;60;73;16;729;100;1,1;0,35;6,46;1,22;114,29;115,29;11,84;9,12
7;HockertyShirts;state;147;60;73;3;138;100;1,03;1,25;0;0,28;116,29;116,29;2,88;2,56
7;HockertyShirts;transition;147;60;73;10;73;100;0,97;5,27;0;0,99;118,29;118,29;7,74;7,23
7;HockertyShirts;pair;147;60;73;15;686;100;1,05;0,38;6,44;1,1;121,29;122,29;11;8,96
7;HockertyShirts;state;148;58;67;2;106;100;1,06;1,24;0;0,22;123,29;123,29;2,76;2,51
7;HockertyShirts;transition;148;58;67;7;67;100;0,85;3,46;0;0,59;124,29;125,29;5,29;4,9
7;HockertyShirts;pair;148;58;67;9;397;100;0,92;0,33;3,46;0,65;127,29;127,29;7,28;5,36
7;HockertyShirts;state;149;59;68;2;108;100;1,02;1,17;0;0,25;128,29;128,29;2,67;2,44
7;HockertyShirts;transition;149;59;68;7;68;100;1,07;3,94;0;0,7;130,29;130,29;6,22;5,71
7;HockertyShirts;pair;149;59;68;10;448;100;1,07;0,34;3,9;0,76;132,29;133,29;7,99;6,07
7;HockertyShirts;state;150;60;73;2;109;100;0,98;1,28;0;0,24;134,29;134,29;2,79;2,49
7;HockertyShirts;transition;150;60;73;10;73;100;0,95;5,26;0;0,85;136,29;136,29;7,53;7,06
7;HockertyShirts;pair;150;60;73;16;729;100;1,13;0,42;6,82;1,12;139,29;140,29;11,37;9,48
7;HockertyShirts;state;151;59;68;2;108;100;0,95;1,3;0;0,28;141,29;141,29;2,86;2,52
7;HockertyShirts;transition;151;59;68;7;68;100;1,17;3,26;0;0,66;143,29;143,29;5,68;5,09
7;HockertyShirts;pair;151;59;68;10;448;100;1;0,33;3,54;0,71;145,29;146,29;7,32;5,58
7;HockertyShirts;state;152;59;72;2;107;100;1,02;1,33;0;0,24;147,29;147,29;2,84;2,59
7;HockertyShirts;transition;152;59;72;10;72;100;1,01;5,42;0;1,08;149,29;149,29;8,05;7,51
7;HockertyShirts;pair;152;59;72;16;714;100;1,08;0,37;6,97;1,2;152,29;153,29;11,68;9,63
7;HockertyShirts;state;153;59;72;2;107;100;1,04;1,3;0;0,26;154,29;154,29;2,96;2,61
7;HockertyShirts;transition;153;59;72;10;72;100;0,99;5,06;0;1,02;156,29;156,29;7,55;7,08
7;HockertyShirts;pair;153;59;72;15;672;100;1,05;0,34;5,71;1,2;158,29;159,29;10,41;8,31
7;HockertyShirts;state;154;58;67;2;106;100;1,01;1,15;0;0,23;160,29;161,29;2,67;2,38
7;HockertyShirts;transition;154;58;67;7;67;100;1,01;4,03;0;0,79;162,29;163,29;6,36;5,84
7;HockertyShirts;pair;154;58;67;9;397;100;0,97;0,33;3,02;0,79;164,29;165,29;7;5,1
7;HockertyShirts;state;155;59;72;3;136;100;1,27;1,52;0;0,33;166,29;166,29;3,43;3,13
7;HockertyShirts;transition;155;59;72;10;72;100;1,25;5,52;0;0,88;168,29;168,29;8,21;7,65
7;HockertyShirts;pair;155;59;72;15;672;100;1,04;0,31;4,94;1,02;171,29;172,29;9,06;7,3
7;HockertyShirts;state;156;55;61;2;104;100;0,79;1,05;0;0,16;173,29;173,29;2,25;2
7;HockertyShirts;transition;156;55;61;5;61;100;0,74;2,24;0;0,47;174,29;175,29;3,81;3,45
7;HockertyShirts;pair;156;55;61;7;299;100;0,87;0,36;1,92;0,55;176,29;177,29;5,16;3,7
7;HockertyShirts;state;157;60;73;3;138;100;0,87;1,13;0;0,25;178,29;178,29;2,5;2,25
7;HockertyShirts;transition;157;60;73;10;73;100;0,85;4,2;0;0,77;180,29;180,29;6,23;5,82
7;HockertyShirts;pair;157;60;73;15;686;100;0,92;0,36;5,67;1,01;183,29;184,29;9,59;7,97
7;HockertyShirts;state;158;60;73;2;109;100;1,03;1,08;0;0,23;185,29;185,29;2,6;2,34
7;HockertyShirts;transition;158;60;73;10;73;100;0,83;4,1;0;0,79;187,29;187,29;6,11;5,72
7;HockertyShirts;pair;158;60;73;16;729;100;0,95;0,28;5,46;1,06;190,29;191,29;9,76;7,75
7;HockertyShirts;state;159;60;73;2;109;100;0,85;1,03;0;0,22;192,29;192,29;2,36;2,11
7;HockertyShirts;transition;159;60;73;10;73;100;0,81;4,57;0;0,92;194,29;194,29;6,73;6,29
7;HockertyShirts;pair;159;60;73;15;686;100;0,92;0,33;5,92;0,95;197,29;198,29;9,78;8,12
7;HockertyShirts;state;160;59;68;2;108;100;0,82;1,04;0;0,2;199,29;199,29;2,25;2,06
7;HockertyShirts;transition;160;59;68;7;68;100;0,8;2,87;0;0,71;200,29;201,29;4,77;4,38
7;HockertyShirts;pair;160;59;68;10;448;100;0,8;0,3;3,2;0,73;203,29;203,29;6,53;5,04
7;HockertyShirts;state;161;59;68;2;108;100;0,95;0,95;0;0,2;204,29;204,29;2,34;2,11
7;HockertyShirts;transition;161;59;68;7;68;100;0,85;2,84;0;0,63;206,29;206,29;4,68;4,31
7;HockertyShirts;pair;161;59;68;9;405;100;0,93;0,24;2,33;0,59;208,29;209,29;5,53;4,09
7;HockertyShirts;state;162;60;73;2;109;100;0,83;1,12;0;0,22;210,29;210,29;2,41;2,18
7;HockertyShirts;transition;162;60;73;10;73;100;1,07;4,15;0;0,77;212,29;212,29;6,36;5,99
7;HockertyShirts;pair;162;60;73;15;686;100;0,96;0,3;5,35;1,06;215,29;216,29;9,3;7,67
7;HockertyShirts;state;163;59;68;2;108;100;0,94;1,12;0;0,23;217,29;217,29;2,55;2,28
7;HockertyShirts;transition;163;59;68;7;68;100;0,79;3,19;0;0,56;218,29;219,29;4,95;4,54
7;HockertyShirts;pair;163;59;68;9;405;100;0,83;0,27;2,71;0,61;221,29;221,29;5,87;4,42
7;HockertyShirts;state;164;60;73;3;138;100;0,88;1,01;0;0,31;222,29;223,29;2,49;2,2
7;HockertyShirts;transition;164;60;73;10;73;100;0,91;3,8;0;0,91;224,29;225,29;6,07;5,62
7;HockertyShirts;pair;164;60;73;15;686;100;0,94;0,42;6,91;1,91;226,29;14,1;31,85;10,17
7;HockertyShirts;state;165;58;67;2;106;100;1,34;1,45;0;0,31;15,1;15,1;3,41;3,1
7;HockertyShirts;transition;165;58;67;7;67;100;1,47;4,08;0;0,93;17,1;17,1;6,94;6,48
7;HockertyShirts;pair;165;58;67;10;439;100;1,53;0,37;3,85;1,09;19,1;20,1;8,97;6,83
7;HockertyShirts;state;166;58;64;2;107;100;1,24;1,4;0;0,32;21,1;21,1;3,24;2,96
7;HockertyShirts;transition;166;58;64;5;64;100;1,23;3,39;0;0,73;22,1;23,1;5,78;5,35
7;HockertyShirts;pair;166;58;64;7;305;100;1,35;0,34;2,59;0,87;24,1;25,1;7,16;5,15
7;HockertyShirts;state;167;59;68;2;108;100;1,27;1,52;0;0,3;26,1;26,1;3,36;3,08
7;HockertyShirts;transition;167;59;68;7;68;100;1,2;4,19;0;0,98;28,1;28,1;6,81;6,37
7;HockertyShirts;pair;167;59;68;10;448;100;1,26;0,47;4,05;1,14;30,1;31,1;9,1;6,91
7;HockertyShirts;state;168;58;67;2;106;100;1,23;1,51;0;0,29;32,1;32,1;3,3;3,03
7;HockertyShirts;transition;168;58;67;7;67;100;1,22;4,03;0;0,98;33,1;34,1;6,67;6,24
7;HockertyShirts;pair;168;58;67;9;397;100;1,27;0,37;3,5;0,99;36,1;36,1;8,37;6,13
7;HockertyShirts;state;169;59;68;2;108;100;1,32;1,49;0;0,29;37,1;37,1;3,38;3,1
7;HockertyShirts;transition;169;59;68;7;68;100;1,24;4,23;0;1;39,1;39,1;6,93;6,48
7;HockertyShirts;pair;169;59;68;9;405;100;1,29;0,37;3,66;1,06;41,1;42,1;8,44;6,38
7;HockertyShirts;state;170;59;72;3;136;100;1,28;1,6;0;0,37;43,1;43,1;3,55;3,26
7;HockertyShirts;transition;170;59;72;10;72;100;1,29;5,43;0;1,27;45,1;45,1;8,53;7,99
7;HockertyShirts;pair;170;59;72;15;672;100;1,35;0,43;6,92;1,67;48,1;49,1;12,84;10,37
7;HockertyShirts;state;171;58;64;2;107;100;1,3;1,43;0;0,28;50,1;50,1;3,3;3,01
7;HockertyShirts;transition;171;58;64;5;64;100;1,27;3,49;0;0,7;51,1;51,1;5,9;5,45
7;HockertyShirts;pair;171;58;64;7;305;100;1,28;0,34;2,72;0,82;53,1;54,1;7,24;5,15
7;HockertyShirts;state;172;60;73;2;109;100;1,37;1,55;0;0,33;55,1;55,1;3,64;3,25
7;HockertyShirts;transition;172;60;73;10;73;100;1,3;5,7;0;1,35;56,1;57,1;8,94;8,35
7;HockertyShirts;pair;172;60;73;15;686;100;1,32;0,46;7,08;1,7;59,1;60,1;13,07;10,56
7;HockertyShirts;state;173;58;67;3;135;100;1,25;1,47;0;0,43;61,1;62,1;3,44;3,16
7;HockertyShirts;transition;173;58;67;7;67;100;1,18;3,99;0;0,95;63,1;64,1;6,55;6,12
7;HockertyShirts;pair;173;58;67;11;481;100;1,29;0,41;4,29;1,28;66,1;66,1;9,79;7,27
7;HockertyShirts;state;174;59;68;2;108;100;1,44;1,44;0;0,29;67,1;67,1;3,45;3,16
7;HockertyShirts;transition;174;59;68;7;68;100;1,28;4,16;0;0,94;69,1;69,1;6,88;6,39
7;HockertyShirts;pair;174;59;68;10;448;100;1,28;0,42;4,3;1,1;71,1;72,1;9,35;7,11
7;HockertyShirts;state;175;60;73;3;138;100;1,34;1,62;0;0,42;73,1;73,1;3,65;3,37
7;HockertyShirts;transition;175;60;73;10;73;100;1,31;5,66;0;1,38;75,1;76,1;8,79;8,35
7;HockertyShirts;pair;175;60;73;15;686;100;1,29;0,52;7,19;1,72;78,1;79,1;13,22;10,73
7;HockertyShirts;state;176;59;68;2;108;100;1,37;1,59;0;0,31;80,1;80,1;3,54;3,27
7;HockertyShirts;transition;176;59;68;7;68;100;1,33;4,15;0;0,93;82,1;82,1;6,86;6,41
7;HockertyShirts;pair;176;59;68;9;405;100;1,32;0,39;3,63;1,02;84,1;85,1;8,48;6,35
7;HockertyShirts;state;177;60;73;3;138;100;1,28;1,58;0;0,39;86,1;86,1;3,51;3,25
7;HockertyShirts;transition;177;60;73;10;73;100;1,27;5,38;0;1,39;87,1;88,1;8,56;8,04
7;HockertyShirts;pair;177;60;73;15;686;100;1,31;0,43;6,94;1,72;90,1;91,1;12,85;10,4
7;HockertyShirts;state;178;60;73;2;109;100;1,31;1,53;0;0,31;92,1;93,1;3,43;3,16
7;HockertyShirts;transition;178;60;73;10;73;100;1,27;5,44;0;1,31;94,1;95,1;8,5;8,02
7;HockertyShirts;pair;178;60;73;15;686;100;1,33;0,45;6,85;1,65;97,1;98,1;12,9;10,28
7;HockertyShirts;state;179;58;67;2;106;100;1,26;1,41;0;0,28;99,1;99,1;3,21;2,95
7;HockertyShirts;transition;179;58;67;7;67;100;1,21;4,01;0;1;101,1;101,1;6,63;6,22
7;HockertyShirts;pair;179;58;67;10;439;100;1,31;0,37;3,8;1,08;103,1;104,1;8,62;6,56
7;HockertyShirts;state;180;59;68;2;108;100;1,27;1,46;0;0,3;105,1;105,1;3,3;3,03
7;HockertyShirts;transition;180;59;68;7;68;100;1,36;4,2;0;0,96;107,1;107,1;6,93;6,52
7;HockertyShirts;pair;180;59;68;9;405;100;1,39;0,38;3,64;1,06;109,1;110,1;8,57;6,47
7;HockertyShirts;state;181;59;68;2;108;100;1,36;1,48;0;0,28;111,1;111,1;3,38;3,13
7;HockertyShirts;transition;181;59;68;7;68;100;1,16;3,43;0;0,67;112,1;113,1;5,61;5,27
7;HockertyShirts;pair;181;59;68;10;448;100;0,86;0,28;3,24;0,71;115,1;115,1;6,57;5,08
7;HockertyShirts;state;182;60;73;2;109;100;1,02;1,09;0;0,25;116,1;116,1;2,57;2,36
7;HockertyShirts;transition;182;60;73;10;73;100;0,9;4,4;0;0,92;118,1;119,1;6,6;6,23
7;HockertyShirts;pair;182;60;73;15;686;100;0,9;0,32;5,89;1,1;121,1;122,1;9,8;8,22
7;HockertyShirts;state;183;60;73;3;138;100;0,95;1,07;0;0,27;123,1;123,1;2,48;2,28
7;HockertyShirts;transition;183;60;73;10;73;100;0,84;4,48;0;0,91;125,1;126,1;6,58;6,22
7;HockertyShirts;pair;183;60;73;15;686;100;0,89;0,32;5,93;1,14;128,1;129,1;9,88;8,27
7;HockertyShirts;state;184;59;68;2;108;100;0,89;1,01;0;0,21;130,1;130,1;2,29;2,12
7;HockertyShirts;transition;184;59;68;7;68;100;0,85;3,18;0;0,66;132,1;132,1;5,03;4,68
7;HockertyShirts;pair;184;59;68;10;448;100;0,87;0,31;3,27;0,73;134,1;135,1;6,75;5,18
7;HockertyShirts;state;185;60;73;3;138;100;0,91;1,09;0;0,28;136,1;136,1;2,47;2,28
7;HockertyShirts;transition;185;60;73;10;73;100;0,89;4,32;0;0,94;138,1;138,1;6,53;6,15
7;HockertyShirts;pair;185;60;73;16;729;100;0,89;0,32;6,37;1,14;141,1;142,1;10,39;8,72
7;HockertyShirts;state;186;59;68;2;108;100;0,91;1,01;0;0,21;143,1;143,1;2,33;2,13
7;HockertyShirts;transition;186;59;68;7;68;100;0,84;3,17;0;0,62;145,1;145,1;4,96;4,63
7;HockertyShirts;pair;186;59;68;10;448;100;0,96;0,29;3,42;0,76;147,1;148,1;6,95;5,43
7;HockertyShirts;state;187;59;68;2;108;100;0,88;1,05;0;0,21;149,1;149,1;2,33;2,14
7;HockertyShirts;transition;187;59;68;7;68;100;0,82;3,15;0;0,66;150,1;151,1;5,04;4,62
7;HockertyShirts;pair;187;59;68;9;405;100;0,85;0,28;2,92;0,66;153,1;153,1;6,17;4,71
7;HockertyShirts;state;188;59;72;3;136;100;0,89;1,01;0;0,27;154,1;154,1;2,35;2,17
7;HockertyShirts;transition;188;59;72;10;72;100;0,84;4,33;0;0,85;156,1;157,1;6,37;6,02
7;HockertyShirts;pair;188;59;72;15;672;100;0,87;0,3;5,71;1,05;159,1;160,1;9,56;7,94
7;HockertyShirts;state;189;58;67;2;106;100;0,92;1,04;0;0,23;161,1;161,1;2,39;2,2
7;HockertyShirts;transition;189;58;67;7;67;100;0,81;3,17;0;0,61;163,1;163,1;4,92;4,59
7;HockertyShirts;pair;189;58;67;9;397;100;0,96;0,29;3,3;0,69;165,1;166,1;6,64;5,25
7;HockertyShirts;state;190;59;68;2;108;100;0,87;1,01;0;0,23;167,1;167,1;2,3;2,1
7;HockertyShirts;transition;190;59;68;7;68;100;0,81;3,12;0;0,62;168,1;169,1;4,87;4,56
7;HockertyShirts;pair;190;59;68;9;405;100;0,83;0,28;2,87;0,68;171,1;171,1;6,1;4,65
7;HockertyShirts;state;191;59;72;2;107;100;0,89;1,03;0;0,21;172,1;172,1;2,36;2,13
7;HockertyShirts;transition;191;59;72;10;72;100;0,89;4,36;0;0,87;174,1;175,1;6,48;6,12
7;HockertyShirts;pair;191;59;72;16;714;100;0,9;0,35;6,04;1,13;177,1;178,1;10,01;8,41
7;HockertyShirts;state;192;60;73;3;138;100;0,92;1,08;0;0,28;179,1;179,1;2,49;2,28
7;HockertyShirts;transition;192;60;73;10;73;100;0,84;4,43;0;0,86;181,1;182,1;6,5;6,13
7;HockertyShirts;pair;192;60;73;16;729;100;0,98;0,35;6,53;1,14;184,1;185,1;10,71;8,99
7;HockertyShirts;state;193;59;68;2;108;100;0,89;1,09;0;0,21;186,1;186,1;2,37;2,18
7;HockertyShirts;transition;193;59;68;7;68;100;0,85;3,19;0;0,66;188,1;188,1;5,08;4,71
7;HockertyShirts;pair;193;59;68;10;448;100;0,87;0,28;3,23;0,75;190,1;191,1;6,65;5,13
7;HockertyShirts;state;194;58;64;2;107;100;0,87;1;0;0,2;192,1;192,1;2,27;2,07
7;HockertyShirts;transition;194;58;64;5;64;100;0,9;2,4;0;0,5;193,1;194,1;4,09;3,8
7;HockertyShirts;pair;194;58;64;7;305;100;0,73;0,28;1,98;0,49;195,1;196,1;4,86;3,48
7;HockertyShirts;state;195;59;68;2;108;100;0,87;1,02;0;0,21;197,1;197,1;2,29;2,1
7;HockertyShirts;transition;195;59;68;7;68;100;0,82;3,1;0;0,67;199,1;199,1;4,9;4,58
7;HockertyShirts;pair;195;59;68;10;448;100;0,96;0,29;3,42;0,79;201,1;202,1;7,04;5,46
7;HockertyShirts;state;196;60;73;2;109;100;0,87;1,16;0;0,22;203,1;203,1;2,44;2,25
7;HockertyShirts;transition;196;60;73;10;73;100;0,82;4,62;0;0,89;204,1;205,1;6,71;6,33
7;HockertyShirts;pair;196;60;73;15;686;100;0,94;0,32;5,86;1,08;207,1;209,1;9,89;8,21
7;HockertyShirts;state;197;60;73;2;109;100;0,94;1,02;0;0,21;209,1;210,1;2,37;2,17
7;HockertyShirts;transition;197;60;73;10;73;100;0,81;4,45;0;0,88;211,1;212,1;6,56;6,14
7;HockertyShirts;pair;197;60;73;15;686;100;0,91;0,33;5,81;1,07;214,1;215,1;9,75;8,12
7;HockertyShirts;state;198;59;68;2;108;100;0,93;1,04;0;0,24;216,1;217,1;2,43;2,21
7;HockertyShirts;transition;198;59;68;7;68;100;0,8;3,17;0;0,61;218,1;218,1;4,92;4,57
7;HockertyShirts;pair;198;59;68;10;448;100;0,88;0,3;3,28;0,73;220,1;221,1;6,67;5,2
7;HockertyShirts;state;199;59;68;3;137;100;0,84;1,03;0;0,26;222,1;222,1;2,32;2,13
7;HockertyShirts;transition;199;59;68;7;68;100;0,82;3,16;0;0,63;224,1;224,1;4,91;4,6
7;HockertyShirts;pair;199;59;68;9;405;100;0,86;0,28;3,05;0,71;226,1;227,1;6,28;4,9
7;HockertyShirts;state;200;60;73;2;109;100;0,94;1,2;0;0,24;228,1;228,1;2,58;2,38
7;HockertyShirts;transition;200;60;73;10;73;100;0,87;4,51;0;0,9;230,1;230,1;6,65;6,27
7;HockertyShirts;pair;200;60;73;15;686;100;0,9;0,33;5,89;1,12;233,1;234,1;9,9;8,25
7;HockertyShirts;state;201;59;72;2;107;100;0,92;1,04;0;0,21;235,1;235,1;2,36;2,17
7;HockertyShirts;transition;201;59;72;10;72;100;0,82;4,45;0;0,84;237,1;237,1;6,49;6,1
7;HockertyShirts;pair;201;59;72;16;714;100;0,89;0,32;6,29;1,1;240,1;241,1;10,21;8,59
7;HockertyShirts;state;202;60;73;2;109;100;0,97;1,04;0;0,22;242,1;242,1;2,43;2,23
7;HockertyShirts;transition;202;60;73;10;73;100;0,86;4,61;0;0,96;243,1;244,1;6,87;6,43
7;HockertyShirts;pair;202;60;73;15;686;100;0,94;0,4;6,16;1,1;246,1;247,1;10,2;8,6
7;HockertyShirts;state;203;60;73;3;138;100;0,92;1,07;0;0,3;248,1;249,1;2,51;2,29
7;HockertyShirts;transition;203;60;73;10;73;100;0,88;4,46;0;0,91;250,1;251,1;6,78;6,25
7;HockertyShirts;pair;203;60;73;15;686;100;0,99;0,32;5,68;1,14;253,1;254,1;9,78;8,13
7;HockertyShirts;state;204;60;73;2;109;100;1,05;1,04;0;0,24;255,1;256,1;2,52;2,33
7;HockertyShirts;transition;204;60;73;10;73;100;0,92;4,44;0;0,89;257,1;258,1;6,62;6,25
7;HockertyShirts;pair;204;60;73;15;686;100;0,93;0,35;5,89;1,13;260,1;261,1;9,99;8,3
7;HockertyShirts;state;205;58;67;2;106;100;0,88;1,01;0;0,2;262,1;262,1;2,31;2,1
7;HockertyShirts;transition;205;58;67;7;67;100;0,82;3,2;0;0,58;264,1;264,1;4,92;4,59
7;HockertyShirts;pair;205;58;67;9;397;100;0,87;0,28;2,79;0,67;266,1;267,1;6,06;4,61
7;HockertyShirts;state;206;58;67;2;106;100;0,86;1,07;0;0,24;268,1;268,1;2,37;2,16
7;HockertyShirts;transition;206;58;67;7;67;100;0,84;3,12;0;0,65;269,1;270,1;4,95;4,61
7;HockertyShirts;pair;206;58;67;11;481;100;0,84;0,27;3,5;0,75;272,1;273,1;6,92;5,37
7;HockertyShirts;state;207;60;73;2;109;100;0,94;1,04;0;0,22;274,1;274,1;2,4;2,2
7;HockertyShirts;transition;207;60;73;10;73;100;0,91;4,58;0;0,88;275,1;276,1;6,78;6,36
7;HockertyShirts;pair;207;60;73;15;686;100;0,94;0,32;6,11;1,06;278,1;279,1;10,07;8,43
7;HockertyShirts;state;208;57;63;2;105;100;0,87;0,95;0;0,22;280,1;281,1;2,33;2,04
7;HockertyShirts;transition;208;57;63;5;63;100;0,85;2,47;0;0,56;282,1;282,1;4,16;3,87
7;HockertyShirts;pair;208;57;63;7;299;100;0,83;0,24;1,95;0,48;284,1;284,1;4,82;3,5
7;HockertyShirts;state;209;59;68;2;108;100;0,89;0,97;0;16;285,1;286,19;18,13;17,86
7;HockertyShirts;transition;209;59;68;7;68;100;1,17;4,22;0;0,82;13,19;13,19;6,62;6,21
7;HockertyShirts;pair;209;59;68;9;405;100;1,01;0,38;3,55;0,91;15,19;16,19;7,71;5,85
7;HockertyShirts;state;210;59;68;2;108;100;1,02;1,27;0;0,26;17,19;17,19;2,77;2,55
7;HockertyShirts;transition;210;59;68;7;68;100;1,08;4,04;0;0,86;19,19;19,19;6,36;5,98
7;HockertyShirts;pair;210;59;68;9;405;100;1,11;0,36;3,66;0,9;21,19;22,19;7,72;6,02
7;HockertyShirts;state;211;59;68;2;108;100;1,13;1,19;0;0,25;23,19;23,19;2,86;2,58
7;HockertyShirts;transition;211;59;68;7;68;100;1,04;3,97;0;0,93;24,19;25,19;6,41;5,94
7;HockertyShirts;pair;211;59;68;10;448;100;1,02;0,36;4,17;0,96;27,19;27,19;8,39;6,51
7;HockertyShirts;state;212;59;68;2;108;100;1,09;1,22;0;0,25;28,19;28,19;2,8;2,56
7;HockertyShirts;transition;212;59;68;7;68;100;1,08;4,02;0;0,85;30,19;30,19;6,34;5,95
7;HockertyShirts;pair;212;59;68;9;405;100;1,03;0,4;3,66;0,94;32,19;33,19;7,8;6,02
7;HockertyShirts;state;213;59;68;2;108;100;1,06;1,23;0;0,26;34,19;34,19;2,77;2,55
7;HockertyShirts;transition;213;59;68;7;68;100;1,07;3,98;0;0,81;36,19;36,19;6,2;5,86
7;HockertyShirts;pair;213;59;68;9;405;100;1,01;0,36;3,51;0,84;38,19;38,19;7,45;5,72
7;HockertyShirts;state;214;58;64;2;107;100;1,04;1,24;0;0,26;39,19;40,19;2,76;2,54
7;HockertyShirts;transition;214;58;64;5;64;100;1,04;3,14;0;0,62;41,19;41,19;5,12;4,8
7;HockertyShirts;pair;214;58;64;7;305;100;0,99;0,33;2,63;0,71;43,19;43,19;6,3;4,66
7;HockertyShirts;state;215;59;68;2;108;100;1,11;1,23;0;0,27;44,19;45,19;2,88;2,61
7;HockertyShirts;transition;215;59;68;7;68;100;1,08;3,99;0;0,89;46,19;47,19;6,35;5,97
7;HockertyShirts;pair;215;59;68;9;405;100;1,14;0,38;3,63;0,88;48,19;49,19;7,83;6,03
7;HockertyShirts;state;216;59;68;3;137;100;1,07;1,34;0;0,33;50,19;50,19;2,95;2,74
7;HockertyShirts;transition;216;59;68;7;68;100;1;4,21;0;0,88;52,19;52,19;6,42;6,08
7;HockertyShirts;pair;216;59;68;9;405;100;1,03;0,35;3,7;0,9;54,19;55,19;7,66;5,98
7;HockertyShirts;state;217;59;68;2;108;100;1,02;1,28;0;0,3;56,19;56,19;2,83;2,6
7;HockertyShirts;transition;217;59;68;7;68;100;1,03;4,22;0;0,86;57,19;58,19;6,47;6,11
7;HockertyShirts;pair;217;59;68;9;405;100;1,09;0,39;3,7;0,95;60,19;60,19;7,94;6,13
7;HockertyShirts;state;218;60;73;2;109;100;1,18;1,32;0;0,26;61,19;61,19;2,99;2,76
7;HockertyShirts;transition;218;60;73;10;73;100;1,09;5,49;0;1,18;63,19;64,19;8,14;7,76
7;HockertyShirts;pair;218;60;73;15;686;100;1,15;0,41;7,15;1,48;66,19;67,19;12,18;10,18
7;HockertyShirts;state;219;59;68;2;108;100;1,09;1,25;0;0,26;68,19;68,19;2,84;2,6
7;HockertyShirts;transition;219;59;68;7;68;100;1,05;4,06;0;0,8;70,19;70,19;6,26;5,91
7;HockertyShirts;pair;219;59;68;9;405;100;1,15;0,36;3,75;0,87;72,19;73,19;7,88;6,13
7;HockertyShirts;state;220;60;73;2;109;100;1,06;1,25;0;0,27;74,19;74,19;2,87;2,58
7;HockertyShirts;transition;220;60;73;10;73;100;1,09;5,63;0;1,09;76,19;76,19;8,21;7,82
7;HockertyShirts;pair;220;60;73;15;686;100;1,11;0,41;7,13;1,44;79,19;80,19;12,08;10,09
7;HockertyShirts;state;221;59;72;2;107;100;1,07;1,23;0;0,25;81,19;81,19;2,78;2,55
7;HockertyShirts;transition;221;59;72;10;72;100;0,99;5,38;0;1,15;82,19;83,19;7,96;7,52
7;HockertyShirts;pair;221;59;72;16;714;100;1,11;0,67;7,54;1,46;86,19;87,19;12,82;10,78
7;HockertyShirts;state;222;60;73;2;109;100;1,05;1,29;0;0,26;88,19;88,19;2,81;2,6
7;HockertyShirts;transition;222;60;73;10;73;100;1,04;5,61;0;1,22;89,19;90,19;8,25;7,87
7;HockertyShirts;pair;222;60;73;15;686;100;1,06;0,42;7,18;1,4;92,19;93,19;12,05;10,06
7;HockertyShirts;state;223;59;68;3;137;100;1,07;1,3;0;0,35;94,19;95,19;2,96;2,72
7;HockertyShirts;transition;223;59;68;7;68;100;1,07;3,93;0;0,86;96,19;97,19;6,2;5,86
7;HockertyShirts;pair;223;59;68;9;405;100;1,09;0,41;3,76;0,85;98,19;99,19;7,82;6,11
7;HockertyShirts;state;224;59;68;2;108;100;1,22;1,23;0;0,26;100,19;100,19;2,92;2,7
7;HockertyShirts;transition;224;59;68;7;68;100;1,11;4,21;0;0,81;102,19;102,19;6,52;6,13
7;HockertyShirts;pair;224;59;68;10;448;100;1,08;0,36;4,46;1,01;104,19;105,19;8,67;6,91
7;HockertyShirts;state;225;59;72;3;136;100;1,12;1,28;0;0,33;106,19;106,19;2,98;2,74
7;HockertyShirts;transition;225;59;72;10;72;100;1,06;5,39;0;1,1;108,19;108,19;7,94;7,55
7;HockertyShirts;pair;225;59;72;15;672;100;1,15;0,43;6,96;1,4;111,19;112,19;11,92;9,94
7;HockertyShirts;state;226;60;73;3;138;100;1,06;1,29;0;0,4;113,19;113,19;2,99;2,75
7;HockertyShirts;transition;226;60;73;10;73;100;1,05;5,42;0;1,11;115,19;115,19;7,96;7,59
7;HockertyShirts;pair;226;60;73;15;686;100;1,1;0,41;7,15;1,45;118,19;119,19;12,13;10,1
7;HockertyShirts;state;227;60;73;2;109;100;1,08;1,31;0;0,27;120,19;120,19;2,89;2,66
7;HockertyShirts;transition;227;60;73;10;73;100;1,13;5,45;0;1,11;121,19;122,19;8,12;7,7
7;HockertyShirts;pair;227;60;73;15;686;100;1,09;0,42;7,15;1,48;124,19;125,19;12,08;10,13
7;HockertyShirts;state;228;56;60;2;104;100;0,99;1,14;0;0,25;126,19;127,19;2,6;2,37
7;HockertyShirts;transition;228;56;60;3;60;100;0,98;2,44;0;0,4;128,19;128,19;4,09;3,81
7;HockertyShirts;pair;228;56;60;5;209;100;1,2;0,31;1,69;0,46;130,19;130,19;5,15;3,66
7;HockertyShirts;state;229;59;68;2;108;100;0,99;1,31;0;0,26;131,19;131,19;2,81;2,57
7;HockertyShirts;transition;229;59;68;7;68;100;1,22;4,09;0;0,85;133,19;133,19;6,55;6,16
7;HockertyShirts;pair;229;59;68;10;448;100;1,02;0,35;4,17;1,03;135,19;136,19;8,47;6,58
7;HockertyShirts;state;230;59;68;2;108;100;1,02;1,27;0;0,26;137,19;137,19;2,76;2,54
7;HockertyShirts;transition;230;59;68;7;68;100;0,98;3,95;0;0,88;138,19;139,19;6,2;5,81
7;HockertyShirts;pair;230;59;68;9;405;100;1,01;0,35;3,79;0,85;141,19;141,19;7,69;6
7;HockertyShirts;state;231;59;68;2;108;100;1,07;1,22;0;0,25;142,19;142,19;2,76;2,54
7;HockertyShirts;transition;231;59;68;7;68;100;1,04;3,93;0;0,81;144,19;144,19;6,13;5,78
7;HockertyShirts;pair;231;59;68;10;448;100;1,05;0,36;4,07;0,97;146,19;147,19;8,24;6,44
7;HockertyShirts;state;232;59;68;2;108;100;1,07;1,25;0;0,26;148,19;148,19;2,8;2,58
7;HockertyShirts;transition;232;59;68;7;68;100;1;3,94;0;0,82;150,19;150,19;6,11;5,76
7;HockertyShirts;pair;232;59;68;9;405;100;1,14;0,36;3,74;0,86;152,19;152,19;7,93;6,09
7;HockertyShirts;state;233;60;73;3;138;100;1,13;1,32;0;0,41;153,19;154,19;3,1;2,86
7;HockertyShirts;transition;233;60;73;10;73;100;1,05;5,46;0;1,12;155,19;156,19;8,03;7,63
7;HockertyShirts;pair;233;60;73;16;729;100;1,07;0,43;7,62;1,51;158,19;160,19;12,67;10,63
7;HockertyShirts;state;234;58;64;2;107;100;1;1,24;0;0,25;160,19;161,19;2,75;2,5
7;HockertyShirts;transition;234;58;64;5;64;100;1,01;3,24;0;4,28;162,19;162,19;8,97;8,54
7;HockertyShirts;pair;234;58;64;7;305;100;0,9;0,26;2,09;0,55;164,19;165,19;5,21;3,81
7;HockertyShirts;state;235;58;67;2;106;100;0,84;0,95;0;0,26;165,19;166,19;2,23;2,04
7;HockertyShirts;transition;235;58;67;7;67;100;0,79;3,11;0;0,63;167,19;168,19;4,85;4,54
7;HockertyShirts;pair;235;58;67;9;397;100;0,89;0,3;2,85;0,88;169,19;170,19;6,53;4,92
7;HockertyShirts;state;236;59;68;2;108;100;0,91;1,02;0;0,24;171,19;171,19;2,37;2,17
7;HockertyShirts;transition;236;59;68;7;68;100;0,78;3,05;0;0,62;173,19;173,19;4,74;4,45
7;HockertyShirts;pair;236;59;68;9;405;100;0,89;0,3;3,06;0,68;175,19;176,19;6,33;4,92
7;HockertyShirts;state;237;60;73;2;109;100;0,86;1,03;0;0,21;177,19;177,19;2,29;2,1
7;HockertyShirts;transition;237;60;73;10;73;100;0,8;4,26;0;0,85;178,19;179,19;6,31;5,91
7;HockertyShirts;pair;237;60;73;15;686;100;0,94;0,32;5,8;1,05;181,19;183,19;9,77;8,11
7;HockertyShirts;state;238;57;63;2;105;100;0,84;0,9;0;0,22;183,19;184,19;2,16;1,96
7;HockertyShirts;transition;238;57;63;5;63;100;0,77;2,32;0;0,44;185,19;185,19;3,78;3,53
7;HockertyShirts;pair;238;57;63;7;299;100;0,8;0,26;1,99;0,47;187,19;187,19;4,76;3,52
7;HockertyShirts;state;239;58;64;2;107;100;1,02;1,27;0;0,28;188,19;189,19;2,82;2,58
7;HockertyShirts;transition;239;58;64;5;64;100;0,81;2,72;0;0,54;190,19;190,19;4,34;4,07
7;HockertyShirts;pair;239;58;64;7;305;100;0,84;0,27;2,24;0,62;192,19;192,19;5,35;3,97
7;HockertyShirts;state;240;59;68;2;108;100;0,92;1,05;0;0,23;193,19;194,19;2,38;2,19
7;HockertyShirts;transition;240;59;68;7;68;100;0,86;3,28;0;0,55;195,19;195,19;5,03;4,69
7;HockertyShirts;pair;240;59;68;9;405;100;0,88;0,36;2,59;0,53;197,19;198,19;5,72;4,36
7;HockertyShirts;state;241;59;68;2;108;100;0,79;1,04;0;0,17;199,19;199,19;2,19;2
7;HockertyShirts;transition;241;59;68;7;68;100;0,81;2,94;0;0,49;201,19;201,19;4,5;4,24
7;HockertyShirts;pair;241;59;68;10;448;100;0,87;0,28;2,71;0,73;203,19;204,19;5,92;4,58
7;HockertyShirts;state;242;60;73;2;109;100;0,93;1,12;0;0,19;205,19;205,19;2,44;2,23
7;HockertyShirts;transition;242;60;73;10;73;100;0,83;4,02;0;0,78;207,19;207,19;5,95;5,63
7;HockertyShirts;pair;242;60;73;15;686;100;0,88;0,34;5,07;0,95;210,19;211,19;8,79;7,23
7;HockertyShirts;state;243;60;73;3;138;100;0,92;1,11;0;0,24;212,19;212,19;2,47;2,28
7;HockertyShirts;transition;243;60;73;10;73;100;0,84;4,01;0;0,7;214,19;214,19;5,87;5,56
7;HockertyShirts;pair;243;60;73;15;686;100;0,84;0,29;4,92;1,12;217,19;218,19;9,02;7,17
7;HockertyShirts;state;244;59;68;2;108;100;1,02;0,97;0;0,22;219,19;219,19;2,43;2,21
7;HockertyShirts;transition;244;59;68;7;68;100;0,87;3,17;0;0,65;220,19;221,19;5,06;4,69
7;HockertyShirts;pair;244;59;68;10;448;100;0,87;0,28;3,11;0,76;223,19;223,19;6,54;5,03
7;HockertyShirts;state;245;59;68;3;137;100;1,04;1,22;0;0,25;224,19;224,19;2,71;2,51
7;HockertyShirts;transition;245;59;68;7;68;100;1,3;3,28;0;0,8;226,19;226,19;5,71;5,37
7;HockertyShirts;pair;245;59;68;9;405;100;1,2;0,4;3,07;0,69;228,19;229,19;7,3;5,36
7;HockertyShirts;state;246;59;68;2;108;100;1,01;1,16;0;0,24;230,19;230,19;2,65;2,4
7;HockertyShirts;transition;246;59;68;7;68;100;0,92;3,47;0;0,66;232,19;232,19;5,47;5,05
7;HockertyShirts;pair;246;59;68;9;405;100;0,91;0,31;2,87;0,71;234,19;234,19;6,41;4,81
7;HockertyShirts;state;247;60;73;3;138;100;1,01;1,24;0;0,32;235,19;236,19;2,81;2,57
7;HockertyShirts;transition;247;60;73;10;73;100;0,83;4,71;0;0,89;237,19;238,19;6,82;6,44
7;HockertyShirts;pair;247;60;73;15;686;100;1,03;0,39;6;1,15;240,19;241,19;10,3;8,57
7;HockertyShirts;state;248;57;63;2;105;100;0,92;1,21;0;0,2;242,19;243,19;2,55;2,33
7;HockertyShirts;transition;248;57;63;5;63;100;0,92;2,43;0;0,31;244,19;244,19;3,91;3,67
7;HockertyShirts;pair;248;57;63;7;299;100;0,57;0,19;1,5;0,34;246,19;246,19;3,49;2,6
7;HockertyShirts;state;249;57;63;2;105;100;0,62;1,11;0;0,2;247,19;247,19;2,1;1,92
7;HockertyShirts;transition;249;57;63;5;63;100;0,89;1,87;0;0,32;249,19;249,19;3,31;3,09
7;HockertyShirts;pair;249;57;63;7;299;100;0,55;0,27;1,44;0,37;251,19;251,19;3,54;2,63
7;HockertyShirts;state;250;58;64;2;107;100;0,57;0,7;0;0,21;252,19;252,19;1,62;1,48
7;HockertyShirts;transition;250;58;64;5;64;100;0,56;2;0;0,32;254,19;254,19;3,1;2,88
7;HockertyShirts;pair;250;58;64;7;305;100;0,64;0,2;1,97;0,39;256,19;256,19;4,1;3,2
7;HockertyShirts;state;251;60;73;2;109;100;0,93;1,1;0;0,26;257,19;257,19;2,52;2,29
7;HockertyShirts;transition;251;60;73;10;73;100;0,94;4,33;0;0,6;259,19;260,19;6,21;5,86
7;HockertyShirts;pair;251;60;73;15;686;100;1,02;0,33;4,9;0,91;262,19;263,19;8,63;7,16
7;HockertyShirts;state;252;58;67;2;106;100;0,97;1,17;0;0,21;264,19;264,19;2,54;2,34
7;HockertyShirts;transition;252;58;67;7;67;100;0,94;3,2;0;0,8;266,19;266,19;5,27;4,94
7;HockertyShirts;pair;252;58;67;11;481;100;0,97;0,31;3,3;0,75;268,19;269,19;6,85;5,34
7;HockertyShirts;state;253;59;68;2;108;100;1,11;1,07;0;0,21;270,19;270,19;2,6;2,39
7;HockertyShirts;transition;253;59;68;7;68;100;1,01;3,24;0;0,58;272,19;272,19;5,11;4,83
7;HockertyShirts;pair;253;59;68;9;405;100;0,88;0,35;3,12;0,61;274,19;274,19;6,54;4,96
7;HockertyShirts;state;254;60;73;2;109;100;0,99;1,05;0;0,2;275,19;276,19;2,46;2,24
7;HockertyShirts;transition;254;60;73;10;73;100;0,91;4,69;0;0,87;277,19;278,19;6,83;6,47
7;HockertyShirts;pair;254;60;73;15;686;100;0,96;0,35;5,85;0,97;280,19;281,19;9,95;8,13
7;HockertyShirts;state;255;59;68;2;108;100;1,03;1,03;0;0,28;282,19;282,19;2,54;2,34
7;HockertyShirts;transition;255;59;68;7;68;100;0,86;2,54;0;0,48;284,19;284,19;4,14;3,87
7;HockertyShirts;pair;255;59;68;9;405;100;0,94;0,38;11,01;0,52;286,19;13,19;13,99;12,84
7;HockertyShirts;state;256;59;68;2;108;100;0,78;0,63;0;0,15;14,19;14,19;1,69;1,55
7;HockertyShirts;transition;256;59;68;7;68;100;0,49;2,34;0;0,55;16,19;16,19;3,62;3,39
7;HockertyShirts;pair;256;59;68;10;448;100;0,83;0,26;2,62;0,63;18,19;19,19;5,78;4,33
7;HockertyShirts;state;257;59;68;2;108;100;0,88;1,02;0;0,17;20,19;20,19;2,24;2,07
7;HockertyShirts;transition;257;59;68;7;68;100;0,9;2,76;0;0,53;21,19;22,19;4,45;4,19
7;HockertyShirts;pair;257;59;68;9;405;100;0,7;0,27;2,5;0,5;24,19;24,19;5,27;3,97
7;HockertyShirts;state;258;60;73;3;138;100;0,89;0,95;0;0,21;25,19;25,19;2,22;2,05
7;HockertyShirts;transition;258;60;73;10;73;100;1,09;3,52;0;0,89;27,19;28,19;5,9;5,49
7;HockertyShirts;pair;258;60;73;16;729;100;0,98;0,33;6,21;1,03;30,19;31,19;10,11;8,54
7;HockertyShirts;state;259;59;68;3;137;100;0,86;0,94;0;0,2;32,19;32,19;2,21;2
7;HockertyShirts;transition;259;59;68;7;68;100;0,77;2,99;0;0,46;34,19;34,19;4,47;4,22
7;HockertyShirts;pair;259;59;68;10;448;100;0,86;0,35;3,46;0,74;36,19;37,19;7,04;5,4
7;HockertyShirts;state;260;59;68;2;108;100;1,06;1,09;0;0,17;38,19;38,19;2,48;2,32
7;HockertyShirts;transition;260;59;68;7;68;100;0,91;3,24;0;0,49;40,19;40,19;4,98;4,65
7;HockertyShirts;pair;260;59;68;9;405;100;0,78;0,27;2,38;0,56;42,19;43,19;5,41;3,99
7;HockertyShirts;state;261;58;64;2;107;100;0,76;0,88;0;0,19;44,19;44,19;2,02;1,84
7;HockertyShirts;transition;261;58;64;5;64;100;0,76;2,71;0;0,46;45,19;46,19;4,17;3,93
7;HockertyShirts;pair;261;58;64;7;305;100;0,83;0,24;1,8;0,52;47,19;48,19;4,65;3,39
7;HockertyShirts;state;262;60;73;3;138;100;0,9;1,16;0;0,21;49,19;49,19;2,44;2,27
7;HockertyShirts;transition;262;60;73;10;73;100;1;4,65;0;0,92;51,19;51,19;7,06;6,57
7;HockertyShirts;pair;262;60;73;15;686;100;0,82;0,35;5,74;0,86;54,19;55,19;9,22;7,78
7;HockertyShirts;state;263;60;73;2;109;100;0,89;0,71;0;0,13;56,19;56,19;1,88;1,74
7;HockertyShirts;transition;263;60;73;10;73;100;0,49;3,76;0;0,97;57,19;58,19;5,56;5,23
7;HockertyShirts;pair;263;60;73;15;686;100;0,83;0,22;4,64;1,26;60,19;61,19;8,54;6,95
7;HockertyShirts;state;264;60;73;2;109;100;0,91;1,17;0;0,24;62,19;63,19;2,54;2,32
7;HockertyShirts;transition;264;60;73;10;73;100;0,85;4,31;0;0,79;64,19;65,19;6,24;5,95
7;HockertyShirts;pair;264;60;73;16;729;100;0,85;0,29;5,05;0,96;67,19;69,19;8,78;7,15
7;HockertyShirts;state;265;58;64;2;107;100;0,86;1,05;0;0,17;69,19;70,19;2,23;2,07
7;HockertyShirts;transition;265;58;64;5;64;100;0,74;1,58;0;0,37;71,19;71,19;2,87;2,69
7;HockertyShirts;pair;265;58;64;7;305;100;0,51;0,22;1,64;0,3;73,19;73,19;3,73;2,67
7;HockertyShirts;state;266;60;73;3;138;100;0,79;0,97;0;0,2;74,19;75,19;2,15;1,97
7;HockertyShirts;transition;266;60;73;10;73;100;0,8;4;0;0,68;76,19;77,19;5,81;5,49
7;HockertyShirts;pair;266;60;73;16;729;100;0,94;0,34;5,16;1;79,19;81,19;9,07;7,45
7;HockertyShirts;state;267;60;73;3;138;100;0,85;1,07;0;0,23;82,19;82,19;2,34;2,15
7;HockertyShirts;transition;267;60;73;10;73;100;0,79;4,5;0;0,66;84,19;84,19;6,26;5,95
7;HockertyShirts;pair;267;60;73;16;729;100;0,85;0,4;6,38;0,96;87,19;88,19;10,15;8,59
7;HockertyShirts;state;268;59;72;3;136;100;0,69;1,14;0;0,21;89,19;89,19;2,21;2,04
7;HockertyShirts;transition;268;59;72;10;72;100;0,79;3,55;0;0,67;91,19;91,19;5,27;5
7;HockertyShirts;pair;268;59;72;16;714;100;0,86;0,28;4,62;0,88;94,19;95,19;8,12;6,65
7;HockertyShirts;state;269;58;67;2;106;100;0,8;0,91;0;0,16;96,19;96,19;2,02;1,86
7;HockertyShirts;transition;269;58;67;7;67;100;0,81;3,05;0;0,49;97,19;98,19;4,67;4,35
7;HockertyShirts;pair;269;58;67;10;439;100;0,77;0,24;2,47;0,54;100,19;100,19;5,34;4,02
7;HockertyShirts;state;270;57;63;2;105;100;0,8;0,96;0;0,17;101,19;101,19;2,1;1,93
7;HockertyShirts;transition;270;57;63;5;63;100;0,84;2,42;0;0,4;103,19;103,19;3,93;3,67
7;HockertyShirts;pair;270;57;63;7;299;100;0,79;0,22;1,83;0,4;105,19;105,19;4,45;3,24
7;HockertyShirts;state;271;59;68;2;108;100;0,86;0,8;0;0,13;106,19;106,19;1,92;1,78
7;HockertyShirts;transition;271;59;68;7;68;100;0,53;2,25;0;0,53;108,19;108,19;3,55;3,31
7;HockertyShirts;pair;271;59;68;10;448;100;0,52;0,3;2,96;0,66;110,19;111,19;5,75;4,44
7;HockertyShirts;state;272;57;63;2;105;100;0,82;0,92;0;0,16;112,19;112,19;2,06;1,9
7;HockertyShirts;transition;272;57;63;5;63;100;0,84;2,38;0;0,46;113,19;114,19;4;3,69
7;HockertyShirts;pair;272;57;63;7;299;100;0,81;0,24;1,63;0,53;115,19;116,19;4,37;3,21
7;HockertyShirts;state;273;60;73;2;109;100;0,82;0,96;0;0,16;117,19;117,19;2,1;1,94
7;HockertyShirts;transition;273;60;73;10;73;100;0,77;3,64;0;0,73;119,19;119,19;5,47;5,13
7;HockertyShirts;pair;273;60;73;15;686;100;0,88;0,28;5,21;1,2;122,19;123,19;9,15;7,57
7;HockertyShirts;state;274;59;68;2;108;100;1;1,11;0;0,29;124,19;124,19;2,65;2,4
7;HockertyShirts;transition;274;59;68;7;68;100;0,96;3,46;0;0,63;125,19;126,19;5,41;5,05
7;HockertyShirts;pair;274;59;68;10;448;100;1,08;0,33;3,55;0,8;128,19;128,19;7,68;5,77
7;HockertyShirts;state;275;58;67;2;106;100;0,97;1,21;0;0,23;129,19;130,19;2,63;2,41
7;HockertyShirts;transition;275;58;67;7;67;100;0,86;3,25;0;0,64;131,19;131,19;5,23;4,75
7;HockertyShirts;pair;275;58;67;10;439;100;0,98;0,52;3,25;0,65;133,19;134,19;7,11;5,4
7;HockertyShirts;state;276;60;73;3;138;100;1,06;1,3;0;0,29;135,19;135,19;2,99;2,65
7;HockertyShirts;transition;276;60;73;10;73;100;0,97;4,72;0;0,86;137,19;138,19;7,03;6,56
7;HockertyShirts;pair;276;60;73;15;686;100;0,98;0,33;6,03;1,14;140,19;141,19;10,51;8,48
7;HockertyShirts;state;277;60;73;3;138;100;1,05;1,21;0;0,32;142,19;142,19;2,85;2,58
7;HockertyShirts;transition;277;60;73;10;73;100;0,97;4,86;0;0,99;144,19;145,19;7,28;6,82
7;HockertyShirts;pair;277;60;73;16;729;100;1;0,36;7,02;1,09;147,19;148,19;11,14;9,47
7;HockertyShirts;state;278;60;73;3;138;100;1,03;1,11;0;0,29;149,19;149,19;2,69;2,43
7;HockertyShirts;transition;278;60;73;10;73;100;0,99;4,72;0;0,96;151,19;152,19;7,05;6,67
7;HockertyShirts;pair;278;60;73;16;729;100;1,03;0,29;6,8;1,27;154,19;155,19;11,31;9,39
7;HockertyShirts;state;279;59;68;2;108;100;0,96;1,34;0;0,24;156,19;156,19;2,76;2,54
7;HockertyShirts;transition;279;59;68;7;68;100;1,27;3,38;0;0,71;158,19;158,19;5,73;5,36
7;HockertyShirts;pair;279;59;68;10;448;100;1,06;0,34;3,61;0,68;160,19;161,19;7,28;5,68
7;HockertyShirts;state;280;60;73;2;109;100;0,96;1,07;0;0,22;162,19;162,19;2,48;2,25
7;HockertyShirts;transition;280;60;73;10;73;100;0,71;4,29;0;1,14;164,19;164,19;6,53;6,14
7;HockertyShirts;pair;280;60;73;15;686;100;1,05;0,3;6,45;1,11;167,19;168,19;10,83;8,9
7;HockertyShirts;state;281;60;73;3;138;100;1,05;1,02;0;0,26;169,19;169,19;2,61;2,34
7;HockertyShirts;transition;281;60;73;10;73;100;0,96;5;0;0,95;171,19;171,19;7,3;6,91
7;HockertyShirts;pair;281;60;73;15;686;100;0,99;0,36;6,73;1,18;174,19;175,19;11,11;9,26
7;HockertyShirts;state;282;58;67;2;106;100;0,99;1,08;0;0,19;176,19;176,19;2,47;2,25
7;HockertyShirts;transition;282;58;67;7;67;100;0,94;2,95;0;0,54;177,19;178,19;4,74;4,44
7;HockertyShirts;pair;282;58;67;10;439;100;0,86;0,28;3,21;0,74;180,19;180,19;6,61;5,1
7;HockertyShirts;state;283;58;64;2;107;100;0,98;1,15;0;0,17;181,19;181,19;2,5;2,31
7;HockertyShirts;transition;283;58;64;5;64;100;0,94;2,99;0;0,56;183,19;183,19;4,79;4,48
7;HockertyShirts;pair;283;58;64;7;305;100;0,98;0,23;1,87;0,48;185,19;185,19;4,99;3,57
7;HockertyShirts;state;284;59;68;2;108;100;0,97;1,2;0;0,25;186,19;186,19;2,77;2,41
7;HockertyShirts;transition;284;59;68;7;68;100;1,02;3,52;0;0,63;188,19;188,19;5,5;5,17
7;HockertyShirts;pair;284;59;68;10;448;100;1,06;0,32;3,35;0,78;190,19;191,19;7,19;5,51
7;HockertyShirts;state;285;60;73;3;138;100;1,07;1,11;0;0,28;192,19;192,19;2,68;2,46
7;HockertyShirts;transition;285;60;73;10;73;100;0,94;4,32;0;0,78;194,19;195,19;6,36;6,03
7;HockertyShirts;pair;285;60;73;16;729;100;0,61;0,25;5,95;1,05;197,19;198,19;9,15;7,86
7;HockertyShirts;state;286;59;68;2;108;100;0,77;0,87;0;0,21;199,19;199,19;2,02;1,84
7;HockertyShirts;transition;286;59;68;7;68;100;0,81;3,05;0;0,63;201,19;201,19;4,76;4,48
7;HockertyShirts;pair;286;59;68;9;405;100;0,85;0,27;3,11;0,57;203,19;204,19;6,16;4,8
7;HockertyShirts;state;287;59;68;2;108;100;1,23;1,08;0;0,27;205,19;205,19;2,78;2,57
7;HockertyShirts;transition;287;59;68;7;68;100;0,83;3,08;0;0,5;206,19;207,19;4,69;4,42
7;HockertyShirts;pair;287;59;68;9;405;100;0,76;0,18;1,84;0,39;209,19;209,19;4;3,17
7;HockertyShirts;state;288;59;68;2;108;100;0,85;0,69;0;0,12;210,19;210,19;1,8;1,67
7;HockertyShirts;transition;288;59;68;7;68;100;0,49;2,16;0;0,37;212,19;212,19;3,21;3,02
7;HockertyShirts;pair;288;59;68;10;448;100;0,57;0,18;2,23;0,42;214,19;215,19;4,24;3,4
7;HockertyShirts;state;289;58;67;2;106;100;0,5;0,66;0;0,13;216,19;216,19;1,4;1,28
7;HockertyShirts;transition;289;58;67;7;67;100;0,48;2,04;0;0,36;218,19;218,19;3,05;2,88
7;HockertyShirts;pair;289;58;67;10;439;100;0,55;0,21;2,44;0,48;220,19;221,19;4,56;3,67
7;HockertyShirts;state;290;60;73;2;109;100;0,53;0,64;0;0,14;222,19;222,19;1,43;1,3
7;HockertyShirts;transition;290;60;73;10;73;100;0,62;3,35;0;0,49;224,19;224,19;4,69;4,46
7;HockertyShirts;pair;290;60;73;15;686;100;0,76;0,25;4,19;0,7;227,19;228,19;7,42;5,9
7;HockertyShirts;state;291;59;72;3;136;100;0,8;0,73;0;0,16;229,19;229,19;1,82;1,69
7;HockertyShirts;transition;291;59;72;10;72;100;0,5;3,68;0;0,75;230,19;231,19;5,22;4,93
7;HockertyShirts;pair;291;59;72;15;672;100;0,96;0,33;5,05;0,94;233,19;234,19;8,95;7,28
7;HockertyShirts;state;292;60;73;2;109;100;0,94;1,01;0;0,2;235,19;236,19;2,36;2,16
7;HockertyShirts;transition;292;60;73;10;73;100;0,69;3,76;0;0,83;237,19;238,19;5,97;5,28
7;HockertyShirts;pair;292;60;73;15;686;100;0,88;0,29;5,59;0,87;240,19;241,19;9,17;7,64
7;HockertyShirts;state;293;57;63;2;105;100;0,82;1,08;0;0,22;242,19;242,19;2,32;2,12
7;HockertyShirts;transition;293;57;63;5;63;100;0,83;1,76;0;0,35;244,19;244,19;3,15;2,94
7;HockertyShirts;pair;293;57;63;7;299;100;0,91;0,21;1,6;0,47;246,19;246,19;4,44;3,19
7;HockertyShirts;state;294;60;73;3;138;100;0,91;1,06;0;0,27;247,19;247,19;2,44;2,24
7;HockertyShirts;transition;294;60;73;10;73;100;0,92;3,89;0;0,82;249,19;250,19;5,93;5,62
7;HockertyShirts;pair;294;60;73;15;686;100;0,84;0,31;4,72;0,93;252,19;253,19;8,3;6,79
7;HockertyShirts;state;295;59;68;2;108;100;0,9;0,95;0;0,19;254,19;254,19;2,23;2,04
7;HockertyShirts;transition;295;59;68;7;68;100;0,87;2,98;0;0,66;256,19;256,19;4,85;4,51
7;HockertyShirts;pair;295;59;68;9;405;100;0,83;0,24;2,42;0,6;258,19;259,19;5,52;4,09
7;HockertyShirts;state;296;59;72;2;107;100;0,9;1,09;0;0,19;260,19;260,19;2,37;2,17
7;HockertyShirts;transition;296;59;72;10;72;100;1,08;3,78;0;0,81;262,19;262,19;6,02;5,67
7;HockertyShirts;pair;296;59;72;15;672;100;1,07;0,34;5,58;1,11;264,19;265,19;9,98;8,1
7;HockertyShirts;state;297;58;67;2;106;100;1,01;1,1;0;0,19;266,19;267,19;2,49;2,31
7;HockertyShirts;transition;297;58;67;7;67;100;0,88;3,14;0;0,49;268,19;269,19;4,8;4,52
7;HockertyShirts;pair;297;58;67;10;439;100;0,93;0,29;3,09;0,66;270,19;271,19;6,38;4,96
7;HockertyShirts;state;298;60;73;2;109;100;1,07;1,15;0;0,19;272,19;272,19;2,66;2,41
7;HockertyShirts;transition;298;60;73;10;73;100;1,03;5,17;0;1,13;274,19;275,19;7,79;7,33
7;HockertyShirts;pair;298;60;73;16;729;100;1,04;0,33;7,69;1,51;277,19;278,19;12,62;10,58
7;HockertyShirts;state;299;58;64;2;107;100;1,07;1,14;0;0,2;279,19;279,19;2,64;2,41
7;HockertyShirts;transition;299;58;64;5;64;100;0,91;2,91;0;0,57;281,19;281,19;4,79;4,39
7;HockertyShirts;pair;299;58;64;7;305;100;0,93;0,29;2,55;0,63;283,19;283,19;5,91;4,39
7;HockertyShirts;state;300;58;67;2;106;100;1,01;1,09;0;0,23;284,19;284,19;2,54;2,33
7;HockertyShirts;transition;300;58;67;7;67;100;0,93;21,09;0;0,46;286,4;12,4;22,76;22,49
7;HockertyShirts;pair;300;58;67;11;481;100;0,84;0,22;2,62;0,45;14,4;15,4;5,3;4,13
7;HockertyShirts;state;301;59;68;2;108;100;0,52;0,76;0;0,15;16,4;16,4;1,55;1,43
7;HockertyShirts;transition;301;59;68;7;68;100;0,49;2,1;0;0,38;18,4;18,4;3,13;2,97
7;HockertyShirts;pair;301;59;68;10;448;100;0,59;0,19;2,45;0,54;20,4;21,4;4,81;3,78
7;HockertyShirts;state;302;59;68;2;108;100;0,81;1,01;0;0,16;22,4;22,4;2,12;1,97
7;HockertyShirts;transition;302;59;68;7;68;100;0,78;2,38;0;0,48;23,4;24,4;3,85;3,65
7;HockertyShirts;pair;302;59;68;10;448;100;0,81;0,23;2,88;0,43;26,4;26,4;5,55;4,34
7;HockertyShirts;state;303;60;73;2;109;100;0,85;1,01;0;0,17;27,4;27,4;2,19;2,02
7;HockertyShirts;transition;303;60;73;10;73;100;0,84;3,79;0;0,52;29,4;30,4;5,39;5,15
7;HockertyShirts;pair;303;60;73;15;686;100;0,54;0,28;4,84;0,95;32,4;33,4;7,85;6,61
7;HockertyShirts;state;304;60;73;2;109;100;0,94;1,02;0;0,19;34,4;34,4;2,36;2,15
7;HockertyShirts;transition;304;60;73;10;73;100;0,88;4,12;0;0,69;36,4;37,4;6,01;5,7
7;HockertyShirts;pair;304;60;73;15;686;100;0,87;0,25;4,77;0,89;39,4;40,4;8,25;6,78
7;HockertyShirts;state;305;59;68;2;108;100;0,71;0,56;0;0,13;41,4;41,4;1,52;1,41
7;HockertyShirts;transition;305;59;68;7;68;100;0,52;2,38;0;0,57;43,4;43,4;3,72;3,47
7;HockertyShirts;pair;305;59;68;9;405;100;0,67;0,22;2,07;0,54;45,4;46,4;4,65;3,51
7;HockertyShirts;state;306;59;68;2;108;100;0,7;1,08;0;0,21;47,4;47,4;2,19;1,99
7;HockertyShirts;transition;306;59;68;7;68;100;0,83;2,25;0;0,53;48,4;49,4;3,81;3,6
7;HockertyShirts;pair;306;59;68;9;405;100;0,78;0,18;1,79;0,52;51,4;51,4;4,33;3,28
7;HockertyShirts;state;307;60;73;2;109;100;0,89;0,91;0;0,22;52,4;52,4;2,2;2,02
7;HockertyShirts;transition;307;60;73;10;73;100;0,88;3,98;0;0,83;54,4;55,4;6,01;5,69
7;HockertyShirts;pair;307;60;73;16;729;100;0,91;0,25;5,74;1,02;57,4;58,4;9,55;7,92
7;HockertyShirts;state;308;59;68;2;108;100;0,87;0,92;0;0,22;59,4;59,4;2,2;2
7;HockertyShirts;transition;308;59;68;7;68;100;0,81;3,06;0;0,59;61,4;61,4;4,78;4,46
7;HockertyShirts;pair;308;59;68;10;448;100;0,85;0,25;3,46;0,77;63,4;64,4;6,81;5,33
7;HockertyShirts;state;309;59;72;2;107;100;0,87;0,99;0;0,2;65,4;65,4;2,27;2,06
7;HockertyShirts;transition;309;59;72;10;72;100;0,8;4,18;0;0,8;67,4;67,4;6,14;5,78
7;HockertyShirts;pair;309;59;72;17;756;100;1,02;0,29;5,28;0,98;70,4;71,4;9,11;7,56
7;HockertyShirts;state;310;60;73;2;109;100;0,85;0,96;0;0,17;72,4;72,4;2,15;1,98
7;HockertyShirts;transition;310;60;73;10;73;100;0,79;3,66;0;0,82;74,4;75,4;5,55;5,26
7;HockertyShirts;pair;310;60;73;15;686;100;0,81;0,31;4,32;1,04;77,4;78,4;7,91;6,46
7;HockertyShirts;state;311;60;73;2;109;100;0,86;0,97;0;0,19;79,4;79,4;2,22;2,02
7;HockertyShirts;transition;311;60;73;10;73;100;0,82;4,49;0;0,88;81,4;81,4;6,55;6,19
7;HockertyShirts;pair;311;60;73;15;686;100;0,92;0,31;4,97;0,93;84,4;85,4;8,74;7,14
7;HockertyShirts;state;312;60;73;2;109;100;0,9;1,01;0;0,18;86,4;86,4;2,26;2,08
7;HockertyShirts;transition;312;60;73;10;73;100;0,91;4,07;0;0,89;88,4;88,4;6,29;5,86
7;HockertyShirts;pair;312;60;73;15;686;100;0,89;0,34;5,1;0,92;91,4;92,4;8,82;7,24
7;HockertyShirts;state;313;60;73;2;109;100;0,86;0,96;0;0,18;93,4;93,4;2,18;2
7;HockertyShirts;transition;313;60;73;10;73;100;0,81;3,51;0;0,86;95,4;95,4;5,51;5,18
7;HockertyShirts;pair;313;60;73;15;686;100;0,85;0,28;4,81;0,9;98,4;99,4;8,46;6,84
7;HockertyShirts;state;314;60;73;3;138;100;0,86;0,98;0;0,26;100,4;100,4;2,28;2,09
7;HockertyShirts;transition;314;60;73;10;73;100;0,85;3,83;0;0,78;102,4;102,4;5,88;5,47
7;HockertyShirts;pair;314;60;73;15;686;100;0,83;0,25;4,63;0,89;105,4;106,4;8,09;6,61
7;HockertyShirts;state;315;60;73;2;109;100;0,65;0,63;0;0,17;107,4;107,4;1,59;1,45
7;HockertyShirts;transition;315;60;73;10;73;100;0,81;3,48;0;0,72;108,4;109,4;5,28;5
7;HockertyShirts;pair;315;60;73;15;686;100;0,8;0,31;4,84;0,92;111,4;112,4;8,41;6,87
7;HockertyShirts;state;316;59;68;3;137;100;1,06;1,13;0;0,23;113,4;114,4;2,67;2,42
7;HockertyShirts;transition;316;59;68;7;68;100;0,8;2,11;0;0,62;115,4;116,4;3,79;3,53
7;HockertyShirts;pair;316;59;68;10;448;100;0,82;0,25;2,87;0,65;118,4;118,4;5,97;4,6
7;HockertyShirts;state;317;59;72;2;107;100;0,88;0,99;0;0,16;119,4;119,4;2,19;2,03
7;HockertyShirts;transition;317;59;72;10;72;100;0,83;3,78;0;0,78;121,4;122,4;5,7;5,39
7;HockertyShirts;pair;317;59;72;16;714;100;0,85;0,26;5,39;1;124,4;125,4;9,07;7,5
7;HockertyShirts;state;318;60;73;3;138;100;0,98;1,03;0;0,25;126,4;126,4;2,47;2,26
7;HockertyShirts;transition;318;60;73;10;73;100;0,95;3,89;0;0,74;128,4;129,4;6,09;5,58
7;HockertyShirts;pair;318;60;73;15;686;100;0,88;0,29;4,47;0,95;131,4;132,4;8,2;6,59
7;HockertyShirts;state;319;59;68;2;108;100;0,82;0,96;0;0,17;133,4;133,4;2,26;1,94
7;HockertyShirts;transition;319;59;68;7;68;100;0,83;3,09;0;0,5;135,4;135,4;4,71;4,42
7;HockertyShirts;pair;319;59;68;9;405;100;0,92;0,25;2,22;0,6;137,4;138,4;5,28;4
7;HockertyShirts;state;320;60;73;2;109;100;0,86;1,05;0;0,18;139,4;139,4;2,28;2,09
7;HockertyShirts;transition;320;60;73;10;73;100;0,83;4,04;0;0,9;141,4;141,4;6,1;5,77
7;HockertyShirts;pair;320;60;73;15;686;100;0,87;0,25;4,87;1,3;144,4;145,4;8,88;7,28
7;HockertyShirts;state;321;60;73;2;109;100;1,1;1,19;0;0,18;146,4;146,4;2,67;2,47
7;HockertyShirts;transition;321;60;73;10;73;100;0,85;3,57;0;0,51;147,4;148,4;5,16;4,93
7;HockertyShirts;pair;321;60;73;15;686;100;0,53;0,24;3,93;0,67;150,4;151,4;6,44;5,37
7;HockertyShirts;state;322;58;64;2;107;100;0,6;1,08;0;0,19;152,4;153,4;2,06;1,86
7;HockertyShirts;transition;322;58;64;5;64;100;0,85;2,3;0;0,44;154,4;154,4;3,87;3,59
7;HockertyShirts;pair;322;58;64;7;305;100;0,51;0,17;1,72;0,45;156,4;156,4;3,79;2,85
7;HockertyShirts;state;323;59;68;2;108;100;0,92;1,03;0;0,2;157,4;158,4;2,35;2,15
7;HockertyShirts;transition;323;59;68;7;68;100;0,86;2,73;0;0,47;159,4;160,4;4,31;4,06
7;HockertyShirts;pair;323;59;68;10;448;100;0,78;0,32;2,64;0,55;161,4;162,4;5,58;4,3
7;HockertyShirts;state;324;59;68;2;108;100;0,79;0,89;0;0,15;163,4;163,4;1,97;1,83
7;HockertyShirts;transition;324;59;68;7;68;100;0,69;2,76;0;0,49;165,4;165,4;4,22;3,94
7;HockertyShirts;pair;324;59;68;10;448;100;0,69;0,19;2,41;0,53;167,4;168,4;4,96;3,82
7;HockertyShirts;state;325;60;73;3;138;100;0,57;0,65;0;0,2;169,4;169,4;1,53;1,42
7;HockertyShirts;transition;325;60;73;10;73;100;0,57;3,38;0;0,67;171,4;171,4;4,93;4,62
7;HockertyShirts;pair;325;60;73;16;729;100;0,84;0,21;4,83;0,89;174,4;175,4;7,82;6,76
7;HockertyShirts;state;326;58;67;2;106;100;0,85;0,64;0;0,15;176,4;176,4;1,8;1,64
7;HockertyShirts;transition;326;58;67;7;67;100;0,77;2,52;0;0,35;178,4;178,4;3,83;3,64
7;HockertyShirts;pair;326;58;67;10;439;100;0,48;0,23;2,85;0,61;180,4;181,4;5,29;4,16
7;HockertyShirts;state;327;59;68;2;108;100;0,85;0,92;0;0,15;182,4;182,4;2,07;1,93
7;HockertyShirts;transition;327;59;68;7;68;100;0,76;2,64;0;0,46;183,4;184,4;4,06;3,86
7;HockertyShirts;pair;327;59;68;9;405;100;0,8;0,23;2,16;0,55;186,4;186,4;5,01;3,74
7;HockertyShirts;state;328;59;68;2;108;100;0,72;0,96;0;0,17;187,4;187,4;2;1,85
7;HockertyShirts;transition;328;59;68;7;68;100;0,84;2,66;0;0,52;189,4;189,4;4,24;4,01
7;HockertyShirts;pair;328;59;68;9;405;100;0,76;0,23;2,15;0,51;191,4;192,4;4,88;3,65
7;HockertyShirts;state;329;60;73;2;109;100;0,92;0,9;0;0,13;193,4;193,4;2,07;1,95
7;HockertyShirts;transition;329;60;73;10;73;100;0,76;3,48;0;0,71;195,4;195,4;5,21;4,95
7;HockertyShirts;pair;329;60;73;15;686;100;0,85;0,25;4,31;0,84;198,4;199,4;7,62;6,26
7;HockertyShirts;state;330;60;73;2;109;100;0,82;0,97;0;0,16;200,4;200,4;2,1;1,95
7;HockertyShirts;transition;330;60;73;10;73;100;0,53;2,88;0;0,73;202,4;202,4;4,37;4,13
7;HockertyShirts;pair;330;60;73;15;686;100;0,8;0,28;4,06;0,85;205,4;206,4;7,39;5,98
7;HockertyShirts;state;331;59;72;3;136;100;0,87;0,62;0;0,23;207,4;207,4;1,86;1,72
7;HockertyShirts;transition;331;59;72;10;72;100;0,52;3,08;0;0,52;208,4;209,4;4,33;4,13
7;HockertyShirts;pair;331;59;72;15;672;100;0,55;0,28;3,67;0,62;211,4;212,4;6,37;5,11
7;HockertyShirts;state;332;59;68;2;108;100;0,67;0,59;0;0,13;213,4;213,4;1,5;1,38
7;HockertyShirts;transition;332;59;68;7;68;100;0,51;1,96;0;0,37;215,4;215,4;3,1;2,84
7;HockertyShirts;pair;332;59;68;10;448;100;0,53;0,18;2,14;0,52;217,4;218,4;4,32;3,37
7;HockertyShirts;state;333;60;73;2;109;100;0,87;0,97;0;0,23;219,4;219,4;2,24;2,07
7;HockertyShirts;transition;333;60;73;10;73;100;0,81;4,63;0;0,9;221,4;222,4;6,69;6,34
7;HockertyShirts;pair;333;60;73;15;686;100;0,66;0,29;4,01;1,1;224,4;225,4;7,26;6,05
7;HockertyShirts;state;334;60;73;2;109;100;0,83;0,7;0;0,14;226,4;226,4;1,8;1,67
7;HockertyShirts;transition;334;60;73;10;73;100;0,7;3,7;0;0,61;228,4;228,4;5,25;5,01
7;HockertyShirts;pair;334;60;73;16;729;100;0,84;0,21;5,21;0,94;231,4;232,4;8,62;7,2
7;HockertyShirts;state;335;59;68;2;108;100;0,87;0,93;0;0,17;233,4;233,4;2,12;1,97
7;HockertyShirts;transition;335;59;68;7;68;100;0,82;2,44;0;0,47;235,4;235,4;3,97;3,72
7;HockertyShirts;pair;335;59;68;9;405;100;0,81;0,22;2,36;0,54;237,4;238,4;5,09;3,93
7;HockertyShirts;state;336;60;73;3;138;100;0,84;1,03;0;0,22;239,4;239,4;2,26;2,08
7;HockertyShirts;transition;336;60;73;10;73;100;0,83;3,47;0;0,76;241,4;241,4;5,34;5,06
7;HockertyShirts;pair;336;60;73;16;729;100;0,87;0,34;5,3;0,95;244,4;245,4;9,09;7,45
7;HockertyShirts;state;337;59;68;2;108;100;0,86;1,03;0;0,23;246,4;246,4;2,37;2,12
7;HockertyShirts;transition;337;59;68;7;68;100;0,91;3,73;0;0,71;247,4;248,4;5,69;5,36
7;HockertyShirts;pair;337;59;68;9;405;100;0,95;0,29;3,07;0,66;250,4;250,4;6,73;4,97
7;HockertyShirts;state;338;59;68;2;108;100;0,96;1,03;0;0,21;251,4;251,4;2,42;2,21
7;HockertyShirts;transition;338;59;68;7;68;100;0,87;3,12;0;0,59;253,4;253,4;4,91;4,59
7;HockertyShirts;pair;338;59;68;10;448;100;0,86;0,25;3,19;0,76;255,4;256,4;6,54;5,07
7;HockertyShirts;state;339;58;64;2;107;100;0,85;0,92;0;0,21;257,4;257,4;2,16;1,98
7;HockertyShirts;transition;339;58;64;5;64;100;0,74;2,37;0;0,45;258,4;259,4;3,9;3,56
7;HockertyShirts;pair;339;58;64;7;305;100;0,76;0,23;1,89;0,48;260,4;261,4;4,66;3,37
7;HockertyShirts;state;340;59;68;2;108;100;0,82;0,92;0;0,21;262,4;262,4;2,16;1,95
7;HockertyShirts;transition;340;59;68;7;68;100;0,84;3,19;0;0,65;264,4;264,4;4,99;4,69
7;HockertyShirts;pair;340;59;68;9;405;100;0,81;0,26;3,05;0,73;266,4;267,4;6,31;4,84
7;HockertyShirts;state;341;59;68;2;108;100;0,8;0,84;0;0,19;268,4;268,4;2,06;1,84
7;HockertyShirts;transition;341;59;68;7;68;100;0,74;2,9;0;0,69;269,4;270,4;4,67;4,34
7;HockertyShirts;pair;341;59;68;9;405;100;0,83;0,26;2,96;0,67;271,4;272,4;6,23;4,72
7;HockertyShirts;state;342;59;72;2;107;100;0,9;1,12;0;0,2;273,4;273,4;2,4;2,22
7;HockertyShirts;transition;342;59;72;10;72;100;0,87;4,1;0;0,76;275,4;276,4;6,05;5,72
7;HockertyShirts;pair;342;59;72;17;756;100;0,8;0,3;6,58;1,04;278,4;279,4;10,28;8,72
7;HockertyShirts;state;343;59;68;2;108;100;0,8;0,89;0;0,19;280,4;280,4;2,08;1,88
7;HockertyShirts;transition;343;59;68;7;68;100;0,78;2,96;0;0,65;282,4;282,4;4,69;4,38
7;HockertyShirts;pair;343;59;68;9;405;100;0,82;0,24;2,8;0,6;284,4;285,4;5,88;4,45
7;HockertyShirts;state;344;58;67;2;106;100;0,81;10,02;0;0,18;286,4;12,1;11,28;11,02
7;HockertyShirts;transition;344;58;67;7;67;100;0,98;3,05;0;0,59;13,1;14,1;4,99;4,62
7;HockertyShirts;pair;344;58;67;9;397;100;0,78;0,24;2,66;0,58;16,1;16,1;5,58;4,25
7;HockertyShirts;state;345;59;72;2;107;100;0,82;0,97;0;0,18;17,1;17,1;2,16;1,97
7;HockertyShirts;transition;345;59;72;10;72;100;0,88;4,22;0;0,8;19,1;20,1;6,25;5,89
7;HockertyShirts;pair;345;59;72;16;714;100;1,07;0,27;6,28;1,08;22,1;23,1;10,38;8,69
7;HockertyShirts;state;346;60;73;2;109;100;0,94;1,05;0;0,21;24,1;24,1;2,42;2,2
7;HockertyShirts;transition;346;60;73;10;73;100;1,04;4,53;0;0,87;26,1;27,1;7,12;6,44
7;HockertyShirts;pair;346;60;73;15;686;100;0,88;0,29;5,93;1,12;29,1;30,1;9,94;8,22
7;HockertyShirts;state;347;59;68;3;137;100;0,88;1;0;0,26;31,1;31,1;2,38;2,14
7;HockertyShirts;transition;347;59;68;7;68;100;0,87;3,25;0;0,57;33,1;33,1;5,04;4,69
7;HockertyShirts;pair;347;59;68;9;405;100;0,87;0,27;2,99;0,66;35,1;36,1;6,3;4,79
7;HockertyShirts;state;348;58;67;2;106;100;0,88;0,92;0;0,21;37,1;37,1;2,2;2,01
7;HockertyShirts;transition;348;58;67;7;67;100;0,8;3,11;0;0,71;38,1;39,1;4,95;4,62
7;HockertyShirts;pair;348;58;67;10;439;100;0,87;0,26;3,25;0,71;41,1;41,1;6,58;5,08
7;HockertyShirts;state;349;59;68;2;108;100;0,91;0,94;0;0,23;42,1;42,1;2,28;2,08
7;HockertyShirts;transition;349;59;68;7;68;100;0,79;3,13;0;0,57;44,1;44,1;4,83;4,5
7;HockertyShirts;pair;349;59;68;9;405;100;0,89;0,31;2,86;0,64;46,1;47,1;6,1;4,7
7;HockertyShirts;state;350;59;72;3;136;100;0,95;0,99;0;0,28;48,1;48,1;2,42;2,22
7;HockertyShirts;transition;350;59;72;10;72;100;0,96;4,35;0;0,81;50,1;50,1;6,56;6,12
7;HockertyShirts;pair;350;59;72;15;672;100;0,85;0,3;5,91;1,1;53,1;54,1;9,85;8,17
7;HockertyShirts;state;351;59;72;2;107;100;0,92;1,06;0;0,22;55,1;55,1;2,42;2,2
7;HockertyShirts;transition;351;59;72;10;72;100;0,86;4,32;0;0,84;57,1;57,1;6,38;6,03
7;HockertyShirts;pair;351;59;72;16;714;100;0,87;0,3;6,18;1,13;60,1;61,1;10,06;8,48
7;HockertyShirts;state;352;60;73;3;138;100;0,94;1,16;0;0,29;62,1;62,1;2,64;2,38
7;HockertyShirts;transition;352;60;73;10;73;100;0,91;4,09;0;0,72;64,1;64,1;6,07;5,73
7;HockertyShirts;pair;352;60;73;15;686;100;0,87;0,35;6,23;1,09;67,1;68,1;10,12;8,54
7;HockertyShirts;state;353;60;73;3;138;100;0,97;1,3;0;0,33;69,1;69,1;2,84;2,6
7;HockertyShirts;transition;353;60;73;10;73;100;0,91;4,41;0;0,95;71,1;71,1;6,6;6,27
7;HockertyShirts;pair;353;60;73;16;729;100;1,07;0,3;6,13;1,19;74,1;75,1;10,47;8,69
7;HockertyShirts;state;354;60;73;2;109;100;1,03;1,15;0;0,26;76,1;76,1;2,71;2,44
7;HockertyShirts;transition;354;60;73;10;73;100;1,09;4,47;0;1,05;78,1;78,1;7,03;6,62
7;HockertyShirts;pair;354;60;73;15;686;100;1,11;0,29;5;1,08;81,1;82,1;9,2;7,48
7;HockertyShirts;state;355;60;73;3;138;100;1,01;1,31;0;0,25;83,1;83,1;2,81;2,58
7;HockertyShirts;transition;355;60;73;10;73;100;0,96;4,39;0;0,89;85,1;85,1;6,63;6,24
7;HockertyShirts;pair;355;60;73;15;686;100;1,06;0,29;6,27;1,19;88,1;89,1;10,83;8,81
7;HockertyShirts;state;356;59;68;2;108;100;1,1;1,06;0;0,23;90,1;90,1;2,65;2,39
7;HockertyShirts;transition;356;59;68;7;68;100;0,89;3,47;0;0,69;91,1;92,1;5,44;5,06
7;HockertyShirts;pair;356;59;68;9;405;100;0,94;0,34;3,21;0,76;93,1;94,1;6,84;5,25
7;HockertyShirts;state;357;60;73;3;138;100;1,22;1,14;0;0,34;95,1;95,1;3;2,7
7;HockertyShirts;transition;357;60;73;10;73;100;0,92;4,99;0;0,99;97,1;98,1;7,3;6,89
7;HockertyShirts;pair;357;60;73;15;686;100;1,03;0,39;6,66;1,3;100,1;101,1;11,26;9,37
7;HockertyShirts;state;358;59;68;2;108;100;0,97;1,15;0;0,24;102,1;102,1;2,6;2,37
7;HockertyShirts;transition;358;59;68;7;68;100;0,88;3,85;0;0,74;104,1;104,1;5,85;5,47
7;HockertyShirts;pair;358;59;68;9;405;100;1,02;0,29;3,54;0,66;106,1;107,1;7,13;5,51
7;HockertyShirts;state;359;58;64;2;107;100;1,04;1,1;0;0,19;108,1;108,1;2,62;2,33
7;HockertyShirts;transition;359;58;64;5;64;100;0,93;2,79;0;0,49;109,1;109,1;4,49;4,21
7;HockertyShirts;pair;359;58;64;7;305;100;1;0,22;1,96;0,58;111,1;112,1;5,23;3,77
7;HockertyShirts;state;360;59;68;2;108;100;1,04;1,39;0;0,3;113,1;113,1;2,95;2,73
7;HockertyShirts;transition;360;59;68;7;68;100;1,07;3,74;0;0,76;114,1;115,1;5,94;5,57
7;HockertyShirts;pair;360;59;68;9;405;100;0,95;0,31;3,01;0,7;117,1;117,1;6,78;4,96
7;HockertyShirts;state;361;60;73;2;109;100;1,12;1,24;0;0,22;118,1;118,1;2,8;2,58
7;HockertyShirts;transition;361;60;73;10;73;100;0,94;4,98;0;1,09;120,1;121,1;7,42;7,01
7;HockertyShirts;pair;361;60;73;15;686;100;1,07;0,32;6,9;1,51;123,1;124,1;11,98;9,8
7;HockertyShirts;state;362;57;63;2;105;100;1,15;1,18;0;0,27;125,1;125,1;2,86;2,59
7;HockertyShirts;transition;362;57;63;5;63;100;0,9;2,63;0;0,47;127,1;127,1;4,27;3,99
7;HockertyShirts;pair;362;57;63;7;299;100;1,04;0,28;2,11;0,45;129,1;129,1;5,35;3,88
7;HockertyShirts;state;363;58;64;2;107;100;1,08;1,08;0;0,23;130,1;130,1;2,65;2,39
7;HockertyShirts;transition;363;58;64;5;64;100;0,95;3,31;0;0,42;132,1;132,1;4,98;4,68
7;HockertyShirts;pair;363;58;64;7;305;100;0,94;0,26;1,88;0,44;133,1;134,1;5,05;3,52
7;HockertyShirts;state;364;59;72;2;107;100;0,94;1,07;0;0,19;135,1;135,1;2,4;2,2
7;HockertyShirts;transition;364;59;72;10;72;100;1,04;4,23;0;0,85;137,1;137,1;6,5;6,12
7;HockertyShirts;pair;364;59;72;15;672;100;1,01;0,34;6,1;1,1;140,1;141,1;10,57;8,55
7;HockertyShirts;state;365;60;73;3;138;100;0,92;1,13;0;0,31;142,1;142,1;2,56;2,36
7;HockertyShirts;transition;365;60;73;10;73;100;0,93;4,7;0;0,78;144,1;144,1;6,71;6,41
7;HockertyShirts;pair;365;60;73;16;729;100;1;0,3;6,03;1,13;147,1;148,1;10,2;8,46
7;HockertyShirts;state;366;60;73;2;109;100;0,94;1,07;0;0,19;149,1;149,1;2,41;2,2
7;HockertyShirts;transition;366;60;73;10;73;100;0,96;4,1;0;0,63;151,1;151,1;6,01;5,69
7;HockertyShirts;pair;366;60;73;15;686;100;0,91;0,34;5,67;1,15;154,1;155,1;10,06;8,07
7;HockertyShirts;state;367;60;73;2;109;100;1,02;1,31;0;0,21;156,1;156,1;2,78;2,54
7;HockertyShirts;transition;367;60;73;10;73;100;1,04;4,69;0;0,88;158,1;158,1;6,98;6,61
7;HockertyShirts;pair;367;60;73;15;686;100;0,98;0,31;6,26;1,21;161,1;162,1;10,51;8,77
7;HockertyShirts;state;368;60;73;2;109;100;1,01;1,15;0;0,23;163,1;163,1;2,58;2,38
7;HockertyShirts;transition;368;60;73;10;73;100;0,91;4,28;0;0,82;164,1;165,1;6,32;6,01
7;HockertyShirts;pair;368;60;73;15;686;100;1,19;0,36;5,42;1;167,1;168,1;9,7;7,96
7;HockertyShirts;state;369;58;64;2;107;100;0,71;1,09;0;0,2;169,1;170,1;2,19;2
7;HockertyShirts;transition;369;58;64;5;64;100;0,91;2,27;0;0,32;171,1;171,1;3,72;3,49
7;HockertyShirts;pair;369;58;64;7;305;100;0,78;0,22;1,92;0,44;173,1;173,1;4,65;3,37
7;HockertyShirts;state;370;60;73;2;109;100;0,93;0,89;0;0,16;174,1;175,1;2,12;1,99
7;HockertyShirts;transition;370;60;73;10;73;100;0,68;3,59;0;0,79;176,1;177,1;5,32;5,06
7;HockertyShirts;pair;370;60;73;15;686;100;0,68;0,28;5,35;1,27;179,1;180,1;9,57;7,58
7;HockertyShirts;state;371;59;68;2;108;100;1,09;1,2;0;0,21;181,1;181,1;2,73;2,5
7;HockertyShirts;transition;371;59;68;7;68;100;0,94;3,04;0;0,64;183,1;183,1;4,94;4,62
7;HockertyShirts;pair;371;59;68;9;405;100;0,7;0,25;3,02;0,73;185,1;186,1;6,09;4,7
7;HockertyShirts;state;372;60;73;3;138;100;1,11;1,3;0;0,38;187,1;187,1;3,01;2,79
7;HockertyShirts;transition;372;60;73;10;73;100;1,08;4,48;0;0,75;189,1;189,1;6,69;6,32
7;HockertyShirts;pair;372;60;73;15;686;100;0,69;0,22;5,54;1,12;192,1;193,1;8,94;7,57
7;HockertyShirts;state;373;59;68;2;108;100;0,97;1,13;0;0,18;194,1;194,1;2,48;2,28
7;HockertyShirts;transition;373;59;68;7;68;100;0,96;3,56;0;0,57;196,1;196,1;5,37;5,09
7;HockertyShirts;pair;373;59;68;10;448;100;0,96;0,29;2,99;0,7;198,1;199,1;6,55;4,94
7;HockertyShirts;state;374;58;67;2;106;100;0,95;1,09;0;0,18;200,1;200,1;2,4;2,22
7;HockertyShirts;transition;374;58;67;7;67;100;0,86;3,27;0;0,56;201,1;202,1;4,99;4,69
7;HockertyShirts;pair;374;58;67;10;439;100;1,02;0,29;3,16;0,62;204,1;204,1;6,7;5,09
7;HockertyShirts;state;375;59;68;2;108;100;0,97;1,13;0;0,21;205,1;205,1;2,48;2,3
7;HockertyShirts;transition;375;59;68;7;68;100;0,82;3,32;0;0,58;207,1;207,1;5,02;4,72
7;HockertyShirts;pair;375;59;68;9;405;100;0,9;0,24;2,88;0,75;209,1;210,1;6,06;4,77
7;HockertyShirts;state;376;60;73;3;138;100;1,06;1,19;0;0,25;211,1;211,1;2,77;2,51
7;HockertyShirts;transition;376;60;73;10;73;100;1,04;4,67;0;0,86;213,1;213,1;6,98;6,58
7;HockertyShirts;pair;376;60;73;15;686;100;1,11;0,28;5,4;1,3;216,1;217,1;9,81;8,09
7;HockertyShirts;state;377;58;67;2;106;100;1,02;1,15;0;0,22;218,1;218,1;2,63;2,39
7;HockertyShirts;transition;377;58;67;7;67;100;0,87;3,6;0;0,62;219,1;220,1;5,4;5,09
7;HockertyShirts;pair;377;58;67;10;439;100;0,93;0,27;3,6;0,8;222,1;222,1;7,06;5,6
7;HockertyShirts;state;378;58;64;2;107;100;0,93;1,05;0;0,21;223,1;223,1;2,38;2,19
7;HockertyShirts;transition;378;58;64;5;64;100;0,92;2,49;0;0,42;225,1;225,1;4,07;3,82
7;HockertyShirts;pair;378;58;64;7;305;100;0,94;0,25;1,64;0,52;227,1;227,1;4,78;3,36
7;HockertyShirts;state;379;59;68;2;108;100;0,96;1,21;0;0,25;228,1;228,1;2,68;2,42
7;HockertyShirts;transition;379;59;68;7;68;100;0,95;3,6;0;0,6;230,1;230,1;5,5;5,15
7;HockertyShirts;pair;379;59;68;9;405;100;0,95;0,26;2,7;0,59;232,1;233,1;6,07;4,5
7;HockertyShirts;state;380;60;73;2;109;100;0,64;0,7;0;0,15;234,1;234,1;1,61;1,49
7;HockertyShirts;transition;380;60;73;10;73;100;0,7;4,24;0;0,73;236,1;236,1;5,93;5,67
7;HockertyShirts;pair;380;60;73;15;686;100;0,95;0,28;5,44;1,11;239,1;240,1;9,41;7,77
7;HockertyShirts;state;381;59;68;2;108;100;1,01;1,14;0;0,18;241,1;241,1;2,52;2,33
7;HockertyShirts;transition;381;59;68;7;68;100;0,92;3,11;0;0,6;243,1;243,1;4,92;4,63
7;HockertyShirts;pair;381;59;68;10;448;100;0,92;0,27;3,07;0,66;245,1;246,1;6,43;4,92
7;HockertyShirts;state;382;56;60;2;104;100;0,86;0,95;0;0,16;247,1;247,1;2,14;1,97
7;HockertyShirts;transition;382;56;60;3;60;100;0,85;1,87;0;0,27;248,1;248,1;3,2;2,99
7;HockertyShirts;pair;382;56;60;5;209;100;0,84;0,2;1,13;0,24;250,1;250,1;3,48;2,41
7;HockertyShirts;state;383;59;68;3;137;100;0,63;1,02;0;0,19;251,1;251,1;1,97;1,83
7;HockertyShirts;transition;383;59;68;7;68;100;0,55;2,54;0;0,57;253,1;253,1;3,9;3,66
7;HockertyShirts;pair;383;59;68;9;405;100;0,58;0,25;2,34;0,54;255,1;256,1;4,8;3,71
7;HockertyShirts;state;384;59;68;2;108;100;0,59;0,64;0;0,14;257,1;257,1;1,48;1,37
7;HockertyShirts;transition;384;59;68;7;68;100;0,75;2,48;0;0,54;258,1;259,1;4,03;3,78
7;HockertyShirts;pair;384;59;68;9;405;100;0,71;0,33;2,7;0,61;261,1;261,1;5,97;4,35
7;HockertyShirts;state;385;60;73;3;138;100;1,02;1,14;0;0,23;262,1;262,1;2,58;2,39
7;HockertyShirts;transition;385;60;73;10;73;100;0,88;4,23;0;0,78;264,1;265,1;6,21;5,89
7;HockertyShirts;pair;385;60;73;15;686;100;0,98;0,3;5,6;0,97;267,1;268,1;9,55;7,85
7;HockertyShirts;state;386;59;68;2;108;100;0,92;1,06;0;0,29;269,1;269,1;2,58;2,28
7;HockertyShirts;transition;386;59;68;7;68;100;0,92;3,39;0;0,59;271,1;271,1;5,19;4,9
7;HockertyShirts;pair;386;59;68;10;448;100;0,87;0,2;2,55;0,54;273,1;274,1;5,17;4,16
7;HockertyShirts;state;387;60;73;2;109;100;0,69;1,12;0;0,15;275,1;275,1;2,11;1,96
7;HockertyShirts;transition;387;60;73;10;73;100;0,58;3,99;0;0,66;277,1;277,1;5,47;5,22
7;HockertyShirts;pair;387;60;73;15;686;100;0,64;0,24;5,15;1,1;280,1;281,1;8,5;7,13
7;HockertyShirts;state;388;59;68;2;108;100;0,81;0,88;0;0,18;282,1;282,1;2,03;1,88
7;HockertyShirts;transition;388;59;68;7;68;100;0,94;3,07;0;0,65;283,1;284,1;4,92;4,65
7;HockertyShirts;pair;388;59;68;10;448;100;0,91;0,27;10,94;0,59;286,29;12,29;14,13;12,71
7;HockertyShirts;state;389;59;68;2;108;100;0,9;0,91;0;0,19;13,29;13,29;2,2;2
7;HockertyShirts;transition;389;59;68;7;68;100;0,82;3,33;0;0,68;15,29;15,29;5,14;4,83
7;HockertyShirts;pair;389;59;68;10;448;100;0,85;0,28;3,24;0,66;17,29;18,29;6,57;5,03
7;HockertyShirts;state;390;60;73;2;109;100;0,9;0,88;0;0,22;19,29;19,29;2,19;2
7;HockertyShirts;transition;390;60;73;10;73;100;0,82;4,44;0;0,81;21,29;22,29;6,44;6,08
7;HockertyShirts;pair;390;60;73;15;686;100;0,9;0,27;5,95;1,09;24,29;25,29;9,86;8,21
7;HockertyShirts;state;391;60;73;3;138;100;0,96;1,04;0;0,29;26,29;26,29;2,51;2,29
7;HockertyShirts;transition;391;60;73;10;73;100;0,84;4,33;0;0,88;28,29;29,29;6,42;6,05
7;HockertyShirts;pair;391;60;73;16;729;100;0,89;0,34;6,74;1,2;31,29;32,29;10,81;9,18
7;HockertyShirts;state;392;58;64;2;107;100;0,9;0,94;0;0,22;33,29;33,29;2,23;2,05
7;HockertyShirts;transition;392;58;64;5;64;100;0,81;2,34;0;0,41;35,29;35,29;3,83;3,56
7;HockertyShirts;pair;392;58;64;7;305;100;0,8;0,25;1,99;0,55;37,29;37,29;4,92;3,59
7;HockertyShirts;state;393;59;68;2;108;100;0,84;1,01;0;0,19;38,29;38,29;2,21;2,04
7;HockertyShirts;transition;393;59;68;7;68;100;0,78;2,91;0;0,59;40,29;40,29;4,59;4,27
7;HockertyShirts;pair;393;59;68;9;405;100;0,79;0,25;3,01;0,8;42,29;43,29;6,15;4,86
7;HockertyShirts;state;394;58;64;2;107;100;0,83;1,06;0;0,22;44,29;44,29;2,27;2,1
7;HockertyShirts;transition;394;58;64;5;64;100;0,98;2,64;0;0,52;45,29;45,29;4,52;4,13
7;HockertyShirts;pair;394;58;64;7;305;100;0,86;0,24;2,18;0,56;47,29;48,29;5,1;3,84
7;HockertyShirts;state;395;59;68;2;108;100;0,88;1,01;0;0,22;49,29;49,29;2,26;2,1
7;HockertyShirts;transition;395;59;68;7;68;100;0,86;3,22;0;0,69;50,29;51,29;5,03;4,77
7;HockertyShirts;pair;395;59;68;9;405;100;0,85;0,26;2,88;0,6;53,29;53,29;5,96;4,58
7;HockertyShirts;state;396;57;63;2;105;100;0,77;0,84;0;0,18;54,29;54,29;2,09;1,79
7;HockertyShirts;transition;396;57;63;5;63;100;0,76;2,27;0;0,46;56,29;56,29;3,8;3,5
7;HockertyShirts;pair;396;57;63;7;299;100;0,73;0,2;1,94;0,51;58,29;58,29;4,65;3,38
7;HockertyShirts;state;397;58;67;2;106;100;0,94;0,93;0;0,21;59,29;59,29;2,25;2,08
7;HockertyShirts;transition;397;58;67;7;67;100;0,71;3,08;0;0,63;61,29;61,29;4,69;4,41
7;HockertyShirts;pair;397;58;67;10;439;100;0,83;0,24;3,13;0,63;63,29;64,29;6,18;4,83
7;HockertyShirts;state;398;60;73;2;109;100;0,84;0,93;0;0,24;65,29;65,29;2,23;2,02
7;HockertyShirts;transition;398;60;73;10;73;100;0,81;4,35;0;0,87;67,29;67,29;6,42;6,03
7;HockertyShirts;pair;398;60;73;15;686;100;0,92;0,29;5,92;1,17;70,29;71,29;9,98;8,29
7;HockertyShirts;state;399;60;73;2;109;100;0,98;1,01;0;0,23;72,29;72,29;2,41;2,22
7;HockertyShirts;transition;399;60;73;10;73;100;0,94;4,75;0;0,88;74,29;74,29;6,91;6,57
7;HockertyShirts;pair;399;60;73;16;729;100;0,75;0,26;6,91;1,08;77,29;78,29;10,7;9,01
7;HockertyShirts;state;400;58;64;2;107;100;0,83;0,91;0;0,27;79,29;79,29;2,23;2,01
7;HockertyShirts;transition;400;58;64;5;64;100;0,75;2,59;0;0,41;80,29;80,29;4,06;3,74
7;HockertyShirts;pair;400;58;64;7;305;100;0,78;0,35;2,22;0,6;82,29;83,29;5,28;3,95
7;HockertyShirts;state;401;60;73;3;138;100;1,1;0,99;0;0,24;84,29;84,29;2,52;2,33
7;HockertyShirts;transition;401;60;73;10;73;100;0,82;3,82;0;0,66;86,29;86,29;5,6;5,3
7;HockertyShirts;pair;401;60;73;15;686;100;0,98;0,29;5,26;0,87;89,29;90,29;9,02;7,4
7;HockertyShirts;state;402;60;73;2;109;100;0,97;1,01;0;0,18;91,29;91,29;2,46;2,15
7;HockertyShirts;transition;402;60;73;10;73;100;0,81;3,95;0;0,77;92,29;93,29;5,82;5,53
7;HockertyShirts;pair;402;60;73;15;686;100;0,81;0,27;5,15;1,12;95,29;96,29;8,85;7,34
7;HockertyShirts;state;403;59;68;2;108;100;0,83;0,88;0;0,17;97,29;98,29;2,03;1,88
7;HockertyShirts;transition;403;59;68;7;68;100;0,58;2,97;0;0,62;99,29;100,29;4,5;4,17
7;HockertyShirts;pair;403;59;68;10;448;100;0,91;0,24;2,51;0,55;101,29;102,29;5,62;4,21
7;HockertyShirts;state;404;59;68;2;108;100;0,94;0,92;0;0,19;103,29;103,29;2,24;2,06
7;HockertyShirts;transition;404;59;68;7;68;100;0,88;2,65;0;0,47;105,29;105,29;4,28;4,01
7;HockertyShirts;pair;404;59;68;10;448;100;0,71;0,21;2,46;0,56;107,29;108,29;4,92;3,93
7;HockertyShirts;state;405;54;58;2;103;100;0,74;0,63;0;0,16;109,29;109,29;1,71;1,53
7;HockertyShirts;transition;405;54;58;3;58;100;0,74;1,95;0;0,32;110,29;110,29;3,26;3,01
7;HockertyShirts;pair;405;54;58;5;210;100;1,07;0,18;1,26;0,41;112,29;112,29;4,13;2,92
7;HockertyShirts;state;406;60;73;3;138;100;0,9;1;0;0,28;113,29;113,29;2,46;2,19
7;HockertyShirts;transition;406;60;73;10;73;100;0,88;4,36;0;0,84;115,29;116,29;6,46;6,08
7;HockertyShirts;pair;406;60;73;15;686;100;0,85;0,3;5,74;1,15;118,29;119,29;9,77;8,03
7;HockertyShirts;state;407;59;68;2;108;100;0,93;1,02;0;0,21;120,29;120,29;2,39;2,16
7;HockertyShirts;transition;407;59;68;7;68;100;0,82;3,38;0;0,6;122,29;122,29;5,12;4,79
7;HockertyShirts;pair;407;59;68;10;448;100;1,02;0,24;3,43;0,73;124,29;125,29;6,89;5,42
7;HockertyShirts;state;408;60;73;2;109;100;0,84;1,07;0;0,21;126,29;126,29;2,33;2,13
7;HockertyShirts;transition;408;60;73;10;73;100;0,81;4,3;0;0,81;128,29;128,29;6,27;5,92
7;HockertyShirts;pair;408;60;73;16;729;100;0,87;0,27;6,45;1,11;131,29;132,29;10,31;8,72
7;HockertyShirts;state;409;60;73;2;109;100;0,87;1,07;0;0,17;133,29;133,29;2,28;2,11
7;HockertyShirts;transition;409;60;73;10;73;100;0,82;4,02;0;0,83;135,29;135,29;5,98;5,67
7;HockertyShirts;pair;409;60;73;15;686;100;0,89;0,32;5,77;1,13;138,29;139,29;9,8;8,11
7;HockertyShirts;state;410;58;67;3;135;100;1,08;1,04;0;0,34;140,29;140,29;2,7;2,45
7;HockertyShirts;transition;410;58;67;7;67;100;0,96;3,63;0;0,83;141,29;142,29;5,76;5,42
7;HockertyShirts;pair;410;58;67;11;481;100;0,9;0,25;3,67;0,73;144,29;145,29;7,2;5,56
7;HockertyShirts;state;411;60;73;2;109;100;1,05;1,21;0;0,2;146,29;146,29;2,67;2,46
7;HockertyShirts;transition;411;60;73;10;73;100;1,11;4,69;0;0,95;147,29;148,29;7,12;6,75
7;HockertyShirts;pair;411;60;73;15;686;100;1,27;0,32;6,42;0,99;150,29;151,29;11,03;9,01
7;HockertyShirts;state;412;59;68;2;108;100;1,03;0,98;0;0,23;152,29;153,29;2,44;2,24
7;HockertyShirts;transition;412;59;68;7;68;100;0,57;3,27;0;0,65;154,29;155,29;4,77;4,48
7;HockertyShirts;pair;412;59;68;9;405;100;0,97;0,31;2,89;0,67;156,29;157,29;6,39;4,85
7;HockertyShirts;state;413;60;73;2;109;100;1,01;1,08;0;0,23;158,29;158,29;2,51;2,32
7;HockertyShirts;transition;413;60;73;10;73;100;0,93;4,62;0;0,91;160,29;160,29;6,91;6,45
7;HockertyShirts;pair;413;60;73;16;729;100;1,08;0,31;6,56;1,05;163,29;164,29;10,71;9
7;HockertyShirts;state;414;59;68;2;108;100;1,06;1,14;0;0,22;165,29;165,29;2,67;2,43
7;HockertyShirts;transition;414;59;68;7;68;100;1,03;3,74;0;0,65;167,29;167,29;5,83;5,42
7;HockertyShirts;pair;414;59;68;9;405;100;1,01;0,29;3,28;0,81;169,29;170,29;7,05;5,39
7;HockertyShirts;state;415;60;73;2;109;100;0,96;1,17;0;0,26;171,29;171,29;2,61;2,39
7;HockertyShirts;transition;415;60;73;10;73;100;0,99;5,08;0;0,99;172,29;173,29;7,6;7,06
7;HockertyShirts;pair;415;60;73;15;686;100;1,2;0,31;7,24;1,43;175,29;176,29;12,17;10,18
7;HockertyShirts;state;416;60;73;3;138;100;1,1;1,1;0;0,26;177,29;178,29;2,67;2,46
7;HockertyShirts;transition;416;60;73;10;73;100;0,91;4,82;0;0,86;179,29;180,29;6,96;6,59
7;HockertyShirts;pair;416;60;73;15;686;100;0,96;0,23;5,27;1,06;182,29;183,29;9,25;7,52
