RunID;SPL Name;Coverage Type;Product Index;FTS States;FTS Transitions;Test Cases;Total Test Actions;Coverage(%);Projection Time(ms);Test Generation Time(ms);Transformation Time(ms);Test Execution Time(ms);Test Generation Peak Memory(MB);Test Execution Peak Memory(MB);Wall Clock Time(ms);Segment Sum Time(ms)
1;HockertyShirts;state;1;58;67;2;106;100;23,69;12,26;0;5,4;34,07;35,07;44,77;41,34
1;HockertyShirts;transition;1;58;67;7;67;100;3,21;17,35;0;5,82;36,07;37,07;28,61;26,38
1;HockertyShirts;pair;1;58;67;10;439;100;2,67;6,5;12,26;3,79;39,07;40,07;34,19;25,21
1;HockertyShirts;state;2;56;60;2;104;100;2,26;2,55;0;0,68;42,07;42,07;7,01;5,48
1;HockertyShirts;transition;2;56;60;3;60;100;2,66;5,78;0;1,15;43,07;43,07;11,36;9,59
1;HockertyShirts;pair;2;56;60;5;209;100;4,6;0,55;3,85;1,11;45,07;45,07;14,65;10,1
1;HockertyShirts;state;3;59;68;2;108;100;2,11;2,47;0;0,59;46,07;47,07;6,88;5,18
1;HockertyShirts;transition;3;59;68;7;68;100;1,66;6,61;0;1,4;48,07;49,07;10,93;9,67
1;HockertyShirts;pair;3;59;68;10;448;100;1,69;0,55;7,5;1,86;51,07;52,07;16,16;11,6
1;HockertyShirts;state;4;59;68;2;108;100;1,84;2,23;0;0,53;53,07;53,07;5,52;4,59
1;HockertyShirts;transition;4;59;68;7;68;100;1,85;7,69;0;1,16;55,07;55,07;11,9;10,7
1;HockertyShirts;pair;4;59;68;10;448;100;1,87;0,63;6,76;2,14;57,07;58,07;16,46;11,4
1;HockertyShirts;state;5;59;68;2;108;100;2,38;2,66;0;0,58;59,07;59,07;6,64;5,62
1;HockertyShirts;transition;5;59;68;7;68;100;2,21;6,51;0;1,35;61,07;62,07;11,3;10,07
1;HockertyShirts;pair;5;59;68;9;405;100;1,8;0,67;5,59;15,86;64,07;70,07;29,07;23,93
1;HockertyShirts;state;6;58;64;2;107;100;1,86;1,94;0;0,48;12,52;12,52;5,1;4,28
1;HockertyShirts;transition;6;58;64;5;64;100;1,29;3,69;0;1,13;13,52;14,52;7,12;6,11
1;HockertyShirts;pair;6;58;64;7;305;100;1,75;0,53;4,09;0,72;15,52;16,52;10,78;7,1
1;HockertyShirts;state;7;59;68;2;108;100;1,31;1,49;0;0,37;17,52;17,52;3,77;3,16
1;HockertyShirts;transition;7;59;68;7;68;100;1,17;5,3;0;0,9;19,52;19,52;8,29;7,37
1;HockertyShirts;pair;7;59;68;10;448;100;1,25;0,37;5,76;0,77;21,52;22,52;11,45;8,15
1;HockertyShirts;state;8;60;73;3;138;100;1,13;1,88;0;0,27;23,52;24,52;3,77;3,28
1;HockertyShirts;transition;8;60;73;10;73;100;1,18;5,42;0;0,99;25,52;26,52;9,38;7,59
1;HockertyShirts;pair;8;60;73;15;686;100;1,09;0,57;7,61;1,22;29,52;30,52;14,32;10,48
1;HockertyShirts;state;9;59;72;2;107;100;1,17;1,19;0;0,31;31,52;31,52;3,21;2,68
1;HockertyShirts;transition;9;59;72;10;72;100;1,15;5,12;0;0,98;33,52;34,52;8,12;7,25
1;HockertyShirts;pair;9;59;72;16;714;100;1,38;0,59;7,32;1,4;36,52;38,52;14,34;10,68
1;HockertyShirts;state;10;59;72;3;136;100;1,11;1,25;0;0,25;39,52;39,52;3,16;2,61
1;HockertyShirts;transition;10;59;72;10;72;100;0,94;5,17;0;0,95;41,52;41,52;8,35;7,06
1;HockertyShirts;pair;10;59;72;15;672;100;1,03;0,54;7,52;1,54;44,52;45,52;14,11;10,62
1;HockertyShirts;state;11;60;73;2;109;100;1,17;1,71;0;0,41;46,52;46,52;4,08;3,29
1;HockertyShirts;transition;11;60;73;10;73;100;0,94;5,82;0;1,24;48,52;49,52;9,02;8
1;HockertyShirts;pair;11;60;73;16;729;100;1,31;0,56;8,08;1,39;52,52;53,52;15,13;11,34
1;HockertyShirts;state;12;60;73;3;138;100;1,31;1,6;0;0,24;54,52;54,52;3,77;3,15
1;HockertyShirts;transition;12;60;73;10;73;100;1,07;5,87;0;0,88;56,52;57,52;8,74;7,82
1;HockertyShirts;pair;12;60;73;15;686;100;1,07;0,36;7,15;1,24;59,52;60,52;13,66;9,82
1;HockertyShirts;state;13;59;72;3;136;100;1,12;1,32;0;0,28;62,52;62,52;3,43;2,72
1;HockertyShirts;transition;13;59;72;10;72;100;0,93;5,04;0;0,85;64,52;64,52;7,69;6,83
1;HockertyShirts;pair;13;59;72;15;672;100;1,09;0,45;7,29;1,26;67,52;68,52;13,68;10,08
1;HockertyShirts;state;14;59;72;3;136;100;1,27;1,31;0;0,33;69,52;69,52;3,56;2,91
1;HockertyShirts;transition;14;59;72;10;72;100;1,23;6,56;0;1,03;71,52;71,52;9,62;8,83
1;HockertyShirts;pair;14;59;72;15;672;100;1,29;0,45;7,4;1,34;74,52;75,52;13,86;10,48
1;HockertyShirts;state;15;59;68;2;108;100;1,28;1,89;0;0,37;76,52;76,52;4,33;3,54
1;HockertyShirts;transition;15;59;68;7;68;100;1,4;5,09;0;0,99;78,52;78,52;8,33;7,48
1;HockertyShirts;pair;15;59;68;9;405;100;1,53;0,5;4,96;0,89;80,52;81,52;10,9;7,88
1;HockertyShirts;state;16;59;68;2;108;100;1,05;1,26;0;0,25;82,52;82,52;2,97;2,55
1;HockertyShirts;transition;16;59;68;7;68;100;1,07;16,49;0;0,44;84,61;12,61;18,64;18
1;HockertyShirts;pair;16;59;68;9;405;100;0,83;0,35;8,57;0,57;14,61;15,61;12,3;10,31
1;HockertyShirts;state;17;58;67;2;106;100;1,2;1,52;0;0,25;16,61;16,61;3,56;2,97
1;HockertyShirts;transition;17;58;67;7;67;100;1,11;3,82;0;0,71;18,61;18,61;6,41;5,65
1;HockertyShirts;pair;17;58;67;9;397;100;1,1;0,33;3,79;0,5;20,61;21,61;7,9;5,73
1;HockertyShirts;state;18;59;68;2;108;100;1,04;0,83;0;0,21;22,61;22,61;2,63;2,08
1;HockertyShirts;transition;18;59;68;7;68;100;0,76;3,69;0;0,7;23,61;24,61;5,92;5,15
1;HockertyShirts;pair;18;59;68;10;448;100;1,06;0,36;4,13;0,71;26,61;26,61;8,88;6,25
1;HockertyShirts;state;19;59;68;3;137;100;0,96;1,12;0;0,17;28,61;28,61;2,67;2,25
1;HockertyShirts;transition;19;59;68;7;68;100;0,65;4,34;0;0,66;29,61;30,61;7,25;5,65
1;HockertyShirts;pair;19;59;68;9;405;100;0,97;0,44;3,65;0,53;32,61;32,61;7,86;5,59
1;HockertyShirts;state;20;59;68;2;108;100;0,79;1,09;0;0,19;33,61;33,61;2,62;2,07
1;HockertyShirts;transition;20;59;68;7;68;100;0,72;3,54;0;0,53;35,61;36,61;5,61;4,78
1;HockertyShirts;pair;20;59;68;9;405;100;0,61;0,53;3,82;0,55;37,61;38,61;7,67;5,5
1;HockertyShirts;state;21;59;68;2;108;100;0,91;0,98;0;0,24;39,61;39,61;2,82;2,13
1;HockertyShirts;transition;21;59;68;7;68;100;0,83;4,09;0;0,43;41,61;41,61;6,07;5,36
1;HockertyShirts;pair;21;59;68;10;448;100;0,72;0,34;3,75;0,63;43,61;44,61;7,71;5,44
1;HockertyShirts;state;22;59;68;2;108;100;0,98;1,12;0;0,23;45,61;45,61;3,02;2,33
1;HockertyShirts;transition;22;59;68;7;68;100;0,93;4,3;0;0,57;47,61;47,61;6,71;5,8
1;HockertyShirts;pair;22;59;68;9;405;100;0,95;0,39;3,62;0,52;49,61;50,61;7,74;5,48
1;HockertyShirts;state;23;60;73;3;138;100;0,99;1,36;0;0,29;51,61;51,61;3,22;2,64
1;HockertyShirts;transition;23;60;73;10;73;100;1,01;5,32;0;0,67;53,61;54,61;7,87;7
1;HockertyShirts;pair;23;60;73;15;686;100;0,75;0,46;7;1,03;56,61;57,61;11,44;9,25
1;HockertyShirts;state;24;58;64;2;107;100;1,13;1,36;0;0,24;58,61;58,61;3,4;2,73
1;HockertyShirts;transition;24;58;64;5;64;100;0,87;3,89;0;0,57;60,61;60,61;6,04;5,34
1;HockertyShirts;pair;24;58;64;7;305;100;0,96;0,43;3,05;0,49;62,61;62,61;7,08;4,93
1;HockertyShirts;state;25;59;68;2;108;100;0,96;1,22;0;0,22;63,61;63,61;2,98;2,41
1;HockertyShirts;transition;25;59;68;7;68;100;0,96;4,42;0;0,68;65,61;65,61;6,94;6,07
1;HockertyShirts;pair;25;59;68;10;448;100;0,98;0,47;4,37;0,63;68,61;68,61;8,71;6,45
1;HockertyShirts;state;26;58;64;2;107;100;0,88;1,16;0;0,21;69,61;69,61;2,72;2,25
1;HockertyShirts;transition;26;58;64;5;64;100;0,68;3,12;0;0,41;71,61;71,61;4,76;4,21
1;HockertyShirts;pair;26;58;64;7;305;100;0,71;0,34;3,02;0,47;73,61;73,61;6,6;4,54
1;HockertyShirts;state;27;59;68;2;108;100;0,8;0,82;0;0,23;74,61;75,61;2,24;1,85
1;HockertyShirts;transition;27;59;68;7;68;100;0,78;3,9;0;0,61;76,61;77,61;5,97;5,29
1;HockertyShirts;pair;27;59;68;10;448;100;0,64;0,4;3,84;0,66;79,61;79,61;7,4;5,54
1;HockertyShirts;state;28;58;67;2;106;100;0,7;0,8;0;0,2;80,61;80,61;2,06;1,7
1;HockertyShirts;transition;28;58;67;7;67;100;0,6;3,21;0;0,46;82,61;82,61;4,84;4,27
1;HockertyShirts;pair;28;58;67;9;397;100;0,88;0,35;3,04;0,51;84,61;85,61;6,62;4,78
1;HockertyShirts;state;29;59;68;2;108;100;0,9;0,95;0;0,17;86,61;86,61;2,47;2,03
1;HockertyShirts;transition;29;59;68;7;68;100;0,72;3,5;0;0,48;88,61;88,61;5,25;4,7
1;HockertyShirts;pair;29;59;68;9;405;100;0,89;0,46;4,17;0,76;90,61;91,61;8,68;6,29
1;HockertyShirts;state;30;58;67;3;135;100;0,91;1,36;0;0,34;92,61;92,61;3,08;2,61
1;HockertyShirts;transition;30;58;67;7;67;100;1,08;4,05;0;0,81;94,61;94,61;6,67;5,95
1;HockertyShirts;pair;30;58;67;10;439;100;1,09;0,39;3,91;0,83;96,61;97,61;8,43;6,21
1;HockertyShirts;state;31;60;73;2;109;100;0,97;1,22;0;0,21;98,61;98,61;2,84;2,4
1;HockertyShirts;transition;31;60;73;10;73;100;0,97;5,21;0;1,32;100,61;100,61;8,41;7,51
1;HockertyShirts;pair;31;60;73;15;686;100;1,4;0,59;8,95;1,7;103,61;104,61;16,18;12,64
1;HockertyShirts;state;32;58;67;2;106;100;1,34;1,67;0;0,3;105,61;105,61;3,84;3,31
1;HockertyShirts;transition;32;58;67;7;67;100;1,24;4,99;0;0,92;107,61;107,61;8,04;7,14
1;HockertyShirts;pair;32;58;67;10;439;100;1,35;0,59;5,39;1,16;109,61;110,61;13,03;8,49
1;HockertyShirts;state;33;58;67;2;106;100;1,35;1,65;0;0,31;111,61;111,61;3,83;3,3
1;HockertyShirts;transition;33;58;67;7;67;100;1,36;4,91;0;0,95;112,61;113,61;8,08;7,22
1;HockertyShirts;pair;33;58;67;11;481;100;1,35;0,56;6,07;1,24;115,61;116,61;12,2;9,22
1;HockertyShirts;state;34;60;73;2;109;100;1,44;1,67;0;0,22;117,61;117,61;3,73;3,32
1;HockertyShirts;transition;34;60;73;10;73;100;1,36;5,62;0;1,09;119,61;119,61;8,79;8,07
1;HockertyShirts;pair;34;60;73;16;729;100;2,61;0,57;8,24;1,54;122,61;123,61;15,95;12,96
1;HockertyShirts;state;35;60;73;3;138;100;1,25;1,62;0;0,39;124,61;124,61;3,62;3,25
1;HockertyShirts;transition;35;60;73;10;73;100;1,15;33,15;0;1,11;127,61;12,96;36,1;35,41
1;HockertyShirts;pair;35;60;73;16;729;100;1,14;0,55;6,96;1,37;14,96;15,96;12,41;10,02
1;HockertyShirts;state;36;57;61;2;106;100;1,01;1,21;0;0,23;16,96;16,96;2,79;2,45
1;HockertyShirts;transition;36;57;61;3;61;100;0,97;2,4;0;0,39;18,96;18,96;4,14;3,76
1;HockertyShirts;pair;36;57;61;5;213;100;1,09;0,48;1,77;0,36;19,96;20,96;5,27;3,7
1;HockertyShirts;state;37;57;63;2;105;100;0,84;1,08;0;0,23;21,96;21,96;2,39;2,15
1;HockertyShirts;transition;37;57;63;5;63;100;0,85;2,78;0;0,46;22,96;23,96;4,57;4,09
1;HockertyShirts;pair;37;57;63;7;299;100;1,03;0,37;2,3;0,54;24,96;25,96;5,97;4,25
1;HockertyShirts;state;38;59;68;3;137;100;0,93;1,16;0;0,26;26,96;26,96;2,61;2,35
1;HockertyShirts;transition;38;59;68;7;68;100;0,87;3,98;0;0,71;28,96;28,96;6,03;5,56
1;HockertyShirts;pair;38;59;68;9;405;100;0,93;0,42;4,05;0,86;30,96;31,96;8,39;6,25
1;HockertyShirts;state;39;60;73;2;109;100;1,35;1,57;0;0,29;32,96;32,96;3,72;3,21
1;HockertyShirts;transition;39;60;73;10;73;100;1,28;6,76;0;1,34;34,96;34,96;10;9,38
1;HockertyShirts;pair;39;60;73;15;686;100;1,48;0,6;7,9;1,06;37,96;38,96;13,44;11,04
1;HockertyShirts;state;40;59;72;3;136;100;0,85;1,08;0;0,33;39,96;39,96;2,56;2,27
1;HockertyShirts;transition;40;59;72;10;72;100;1,19;5,2;0;1,07;41,96;41,96;8;7,46
1;HockertyShirts;pair;40;59;72;15;672;100;1,11;0,49;7,58;1,69;44,96;45,96;13,35;10,86
1;HockertyShirts;state;41;59;68;2;108;100;1,37;1,24;0;0,21;46,96;46,96;3,21;2,82
1;HockertyShirts;transition;41;59;68;7;68;100;1,14;4,7;0;0,95;48,96;48,96;7,48;6,78
1;HockertyShirts;pair;41;59;68;9;405;100;1,42;0,53;4,51;1;50,96;51,96;9,99;7,47
1;HockertyShirts;state;42;59;68;2;108;100;1,16;1,43;0;0,27;52,96;52,96;3,19;2,85
1;HockertyShirts;transition;42;59;68;7;68;100;1,33;4,94;0;0,98;53,96;54,96;7,9;7,25
1;HockertyShirts;pair;42;59;68;10;448;100;1,27;0,54;5,29;1,01;56,96;57,96;10,58;8,12
1;HockertyShirts;state;43;59;72;2;107;100;1,16;1,48;0;0,28;58,96;58,96;3,29;2,91
1;HockertyShirts;transition;43;59;72;10;72;100;1,29;6,59;0;1,18;59,96;60,96;9,77;9,05
1;HockertyShirts;pair;43;59;72;16;714;100;1,15;0,68;8,88;1,62;63,96;64,96;15,07;12,33
1;HockertyShirts;state;44;59;72;2;107;100;1,14;1,69;0;0,35;65,96;65,96;3,58;3,18
1;HockertyShirts;transition;44;59;72;10;72;100;1,16;6,4;0;1,19;67,96;67,96;9,35;8,75
1;HockertyShirts;pair;44;59;72;15;672;100;1,23;0,63;8,19;1,78;70,96;71,96;14,62;11,82
1;HockertyShirts;state;45;59;68;2;108;100;1,26;1,47;0;0,29;72,96;72,96;3,44;3,01
1;HockertyShirts;transition;45;59;68;7;68;100;1,25;4,86;0;0,93;73,96;74,96;7,63;7,04
1;HockertyShirts;pair;45;59;68;9;405;100;1,34;0,56;4,23;1,04;76,96;76,96;9,78;7,16
1;HockertyShirts;state;46;55;61;3;133;100;1,15;1,4;0;0,36;77,96;78,96;3,26;2,9
1;HockertyShirts;transition;46;55;61;5;61;100;1,12;3,72;0;0,69;79,96;79,96;6,15;5,53
1;HockertyShirts;pair;46;55;61;6;256;100;1,22;0,51;2,67;0,62;81,96;81,96;7,12;5,02
1;HockertyShirts;state;47;60;73;3;138;100;1,23;1,6;0;0,4;82,96;83,96;3,62;3,23
1;HockertyShirts;transition;47;60;73;10;73;100;1,2;6,95;0;1,31;84,96;85,96;10,05;9,46
1;HockertyShirts;pair;47;60;73;15;686;100;1,24;0,68;7,99;1,16;87,96;89,96;13,74;11,07
1;HockertyShirts;state;48;58;64;2;107;100;0,82;1,04;0;0,23;89,96;90,96;2,39;2,09
1;HockertyShirts;transition;48;58;64;5;64;100;0,81;3,23;0;0,45;91,96;91,96;4,89;4,49
1;HockertyShirts;pair;48;58;64;7;305;100;0,8;0,41;2,51;0,48;93,96;94,96;5,69;4,21
1;HockertyShirts;state;49;58;64;2;107;100;0,79;0,98;0;0,18;95,96;95,96;2,2;1,96
1;HockertyShirts;transition;49;58;64;5;64;100;0,8;2,48;0;0,29;96,96;97,96;3,86;3,56
1;HockertyShirts;pair;49;58;64;7;305;100;0,6;0,3;1,82;0,42;98,96;99,96;4,31;3,13
1;HockertyShirts;state;50;58;67;2;106;100;0,79;1,01;0;0,14;100,96;100,96;2,18;1,94
1;HockertyShirts;transition;50;58;67;7;67;100;0,5;2,58;0;0,37;101,96;102,96;3,75;3,44
1;HockertyShirts;pair;50;58;67;10;439;100;0,63;0,38;2,89;0,46;104,96;105,96;5,62;4,36
1;HockertyShirts;state;51;60;73;2;109;100;0,64;0,77;0;0,14;106,96;106,96;1,78;1,55
1;HockertyShirts;transition;51;60;73;10;73;100;0,56;3,79;0;0,76;107,96;108,96;5,61;5,1
1;HockertyShirts;pair;51;60;73;15;686;100;0,73;0,38;5,14;1,09;111,96;112,96;9,22;7,35
1;HockertyShirts;state;52;59;72;3;136;100;0,62;0,74;0;0,19;113,96;113,96;1,79;1,56
1;HockertyShirts;transition;52;59;72;10;72;100;0,65;3,53;0;0,55;115,96;115,96;5,14;4,73
1;HockertyShirts;pair;52;59;72;16;714;100;0,58;0,39;5,35;0,99;118,96;119,96;9,17;7,31
1;HockertyShirts;state;53;59;72;2;107;100;0,6;0,98;0;0,15;120,96;120,96;2;1,73
1;HockertyShirts;transition;53;59;72;10;72;100;0,57;3,9;0;0,7;122,96;122,96;5,64;5,17
1;HockertyShirts;pair;53;59;72;16;714;100;0,77;0,46;5,51;0,95;125,96;126,96;9,45;7,69
1;HockertyShirts;state;54;60;73;2;109;100;0,83;0,92;0;0,18;127,96;127,96;2,17;1,94
1;HockertyShirts;transition;54;60;73;10;73;100;0,74;3,92;0;0,81;129,96;129,96;5,92;5,47
1;HockertyShirts;pair;54;60;73;15;686;100;0,77;0,49;5,28;0,96;132,96;133,96;9,27;7,5
1;HockertyShirts;state;55;54;58;2;103;100;0,71;0,85;0;0,16;134,96;134,96;1,95;1,73
1;HockertyShirts;transition;55;54;58;3;58;100;0,66;1,72;0;0,29;135,96;136,96;2,96;2,67
1;HockertyShirts;pair;55;54;58;5;210;100;0,68;0,33;1,24;0,3;137,96;137,96;3,66;2,55
1;HockertyShirts;state;56;60;73;3;138;100;0,68;0,77;0;0,21;138,96;139,96;2,05;1,66
1;HockertyShirts;transition;56;60;73;10;73;100;0,81;4,05;0;0,85;140,96;141,96;6,29;5,71
1;HockertyShirts;pair;56;60;73;16;729;100;0,73;0,53;6,41;0,85;144,96;145,96;10,68;8,52
1;HockertyShirts;state;57;59;72;2;107;100;0,87;1,1;0;0,21;146,96;146,96;2,48;2,18
1;HockertyShirts;transition;57;59;72;10;72;100;0,71;3,72;0;0,63;148,96;148,96;5,53;5,06
1;HockertyShirts;pair;57;59;72;15;672;100;0,63;0,45;4,68;0,76;151,96;152,96;8,18;6,52
1;HockertyShirts;state;58;57;63;2;105;100;0,75;0,96;0;0,15;153,96;153,96;2,09;1,86
1;HockertyShirts;transition;58;57;63;5;63;100;0,56;2,13;0;0,31;154,96;155,96;3,3;3
1;HockertyShirts;pair;58;57;63;7;299;100;0,65;0,31;1,55;0,42;156,96;157,96;4,19;2,93
1;HockertyShirts;state;59;60;73;2;109;100;0,7;0,97;0;0,17;158,96;158,96;2,07;1,84
1;HockertyShirts;transition;59;60;73;10;73;100;0,68;26,14;0;0,52;161,81;11,81;27,75;27,35
1;HockertyShirts;pair;59;60;73;15;686;100;0,7;0,39;5,55;0,8;14,81;15,81;8,88;7,44
1;HockertyShirts;state;60;59;68;2;108;100;0,91;0,88;0;0,18;16,81;16,81;2,29;1,97
1;HockertyShirts;transition;60;59;68;7;68;100;0,8;3,44;0;0,51;18,81;18,81;5,13;4,75
1;HockertyShirts;pair;60;59;68;9;405;100;0,63;0,35;2,13;0,41;20,81;21,81;4,68;3,51
1;HockertyShirts;state;61;60;73;2;109;100;0,68;0,69;0;0,15;22,81;22,81;1,7;1,52
1;HockertyShirts;transition;61;60;73;10;73;100;0,65;4,27;0;0,8;24,81;24,81;6,26;5,72
1;HockertyShirts;pair;61;60;73;15;686;100;0,76;0,43;5,15;0,79;27,81;28,81;9,28;7,13
1;HockertyShirts;state;62;60;73;3;138;100;0,8;0,96;0;0,22;29,81;29,81;2,25;1,97
1;HockertyShirts;transition;62;60;73;10;73;100;0,7;4,04;0;0,5;31,81;31,81;5,66;5,25
1;HockertyShirts;pair;62;60;73;15;686;100;0,6;0,41;4,69;0,99;34,81;35,81;8,06;6,69
1;HockertyShirts;state;63;59;72;3;136;100;0,82;1,18;0;0,25;36,81;36,81;2,58;2,26
1;HockertyShirts;transition;63;59;72;10;72;100;0,54;5,2;0;0,6;38,81;39,81;6,93;6,34
1;HockertyShirts;pair;63;59;72;15;672;100;0,73;0,54;5,41;0,69;41,81;42,81;9,02;7,37
1;HockertyShirts;state;64;59;68;2;108;100;0,8;0,9;0;0,13;43,81;43,81;2,02;1,83
1;HockertyShirts;transition;64;59;68;7;68;100;0,77;2,92;0;0,56;45,81;45,81;4,69;4,24
1;HockertyShirts;pair;64;59;68;9;405;100;0,93;0,76;3,28;0,62;47,81;48,81;7,31;5,58
1;HockertyShirts;state;65;60;73;2;109;100;0,72;0,93;0;0,15;49,81;49,81;2,01;1,8
1;HockertyShirts;transition;65;60;73;10;73;100;0,68;3,44;0;0,61;51,81;51,81;5,15;4,73
1;HockertyShirts;pair;65;60;73;16;729;100;0,74;0,5;7,94;0,95;54,81;55,81;12,15;10,14
1;HockertyShirts;state;66;59;68;2;108;100;0,74;1,15;0;0,21;56,81;56,81;2,38;2,11
1;HockertyShirts;transition;66;59;68;7;68;100;0,86;3,61;0;0,64;58,81;58,81;5,59;5,11
1;HockertyShirts;pair;66;59;68;10;448;100;1,02;0,52;3,77;0,68;60,81;61,81;7,68;5,99
1;HockertyShirts;state;67;59;68;3;137;100;0,88;1,34;0;0,2;62,81;62,81;2,73;2,42
1;HockertyShirts;transition;67;59;68;7;68;100;0,68;3,28;0;0,7;64,81;64,81;5,17;4,66
1;HockertyShirts;pair;67;59;68;10;448;100;0,93;0,55;3,55;0,64;66,81;67,81;7,29;5,67
1;HockertyShirts;state;68;59;68;3;137;100;0,91;1,12;0;0,32;68,81;68,81;2,75;2,35
1;HockertyShirts;transition;68;59;68;7;68;100;0,9;3,55;0;0,56;70,81;70,81;5,44;5
1;HockertyShirts;pair;68;59;68;9;405;100;0,83;0,49;3,01;0,41;72,81;73,81;6,11;4,74
1;HockertyShirts;state;69;59;68;2;108;100;0,59;0,69;0;0,15;74,81;74,81;1,6;1,42
1;HockertyShirts;transition;69;59;68;7;68;100;0,69;2,67;0;0,45;76,81;76,81;4,15;3,81
1;HockertyShirts;pair;69;59;68;10;448;100;0,61;0,32;2,5;0,65;78,81;79,81;5,46;4,08
1;HockertyShirts;state;70;59;68;2;108;100;0,86;0,97;0;0,17;80,81;80,81;2,29;2
1;HockertyShirts;transition;70;59;68;7;68;100;0,8;2,4;0;0,34;81,81;82,81;3,85;3,54
1;HockertyShirts;pair;70;59;68;9;405;100;0,58;0,41;1,98;0,41;84,81;84,81;4,37;3,37
1;HockertyShirts;state;71;58;67;2;106;100;0,53;0,64;0;0,12;85,81;86,81;1,44;1,29
1;HockertyShirts;transition;71;58;67;7;67;100;0,55;2,5;0;0,54;87,81;88,81;3,93;3,59
1;HockertyShirts;pair;71;58;67;9;397;100;0,94;0,43;3,17;0,37;90,81;90,81;6,51;4,91
1;HockertyShirts;state;72;59;68;2;108;100;0,58;0,65;0;0,2;91,81;91,81;1,65;1,43
1;HockertyShirts;transition;72;59;68;7;68;100;0,81;3,01;0;0,36;93,81;93,81;4,53;4,18
1;HockertyShirts;pair;72;59;68;9;405;100;0,62;0,35;2,8;0,64;95,81;96,81;5,84;4,42
1;HockertyShirts;state;73;59;68;2;108;100;0,88;0,93;0;0,18;97,81;97,81;2,26;2
1;HockertyShirts;transition;73;59;68;7;68;100;0,79;3,37;0;0,56;99,81;99,81;5,32;4,72
1;HockertyShirts;pair;73;59;68;9;405;100;1;0,41;2,81;0,66;101,81;102,81;6,5;4,88
1;HockertyShirts;state;74;58;64;2;107;100;0,86;1,27;0;0,2;103,81;103,81;2,64;2,33
1;HockertyShirts;transition;74;58;64;5;64;100;0,83;2,44;0;0,4;104,81;105,81;4,06;3,66
1;HockertyShirts;pair;74;58;64;7;305;100;0,76;0,5;2,1;0,48;106,81;107,81;5,44;3,84
1;HockertyShirts;state;75;59;72;2;107;100;0,93;1,16;0;0,18;108,81;108,81;2,5;2,27
1;HockertyShirts;transition;75;59;72;10;72;100;0,77;4,23;0;0,74;110,81;110,81;6,38;5,75
1;HockertyShirts;pair;75;59;72;15;672;100;0,87;0,5;5,67;0,93;113,81;114,81;9,88;7,97
1;HockertyShirts;state;76;60;73;3;138;100;0,94;1,09;0;0,26;115,81;115,81;2,6;2,28
1;HockertyShirts;transition;76;60;73;10;73;100;0,83;4,57;0;0,73;117,81;117,81;6,75;6,13
1;HockertyShirts;pair;76;60;73;15;686;100;0,97;0,5;5,94;0,91;120,81;121,81;10,15;8,32
1;HockertyShirts;state;77;60;73;2;109;100;0,85;1,04;0;0,23;122,81;122,81;2,44;2,12
1;HockertyShirts;transition;77;60;73;10;73;100;0,88;4,6;0;0,78;124,81;124,81;6,85;6,26
1;HockertyShirts;pair;77;60;73;16;729;100;1,1;0,58;6,75;1,05;127,81;128,81;11,55;9,49
1;HockertyShirts;state;78;59;72;3;136;100;0,91;1,2;0;0,27;129,81;129,81;2,86;2,38
1;HockertyShirts;transition;78;59;72;10;72;100;1,25;4,55;0;0,79;131,81;132,81;7,25;6,59
1;HockertyShirts;pair;78;59;72;15;672;100;0,88;0,5;5,89;0,96;134,81;135,81;10,15;8,23
1;HockertyShirts;state;79;59;72;3;136;100;0,94;1,16;0;0,25;136,81;136,81;2,77;2,36
1;HockertyShirts;transition;79;59;72;10;72;100;0,83;4,65;0;0,8;138,81;139,81;6,85;6,28
1;HockertyShirts;pair;79;59;72;15;672;100;0,9;0,5;6,55;0,97;141,81;142,81;10,73;8,92
1;HockertyShirts;state;80;60;73;2;109;100;0,89;1,17;0;0,28;143,81;143,81;2,79;2,34
1;HockertyShirts;transition;80;60;73;10;73;100;0,94;4,59;0;0,82;145,81;146,81;6,91;6,35
1;HockertyShirts;pair;80;60;73;15;686;100;0,9;0,54;6,09;0,9;148,81;149,81;10,39;8,42
1;HockertyShirts;state;81;60;73;2;109;100;0,91;1,08;0;0,21;150,81;151,81;2,49;2,2
1;HockertyShirts;transition;81;60;73;10;73;100;0,84;4,61;0;0,8;152,81;153,81;6,91;6,24
1;HockertyShirts;pair;81;60;73;15;686;100;0,91;0,52;6,14;0,9;155,81;157,81;10,31;8,47
1;HockertyShirts;state;82;58;64;2;107;100;0,84;1,05;0;0,26;157,81;158,81;2,52;2,15
1;HockertyShirts;transition;82;58;64;5;64;100;0,86;2,79;0;0,42;159,81;159,81;4,47;4,06
1;HockertyShirts;pair;82;58;64;7;305;100;0,85;0,38;2,32;0,47;161,81;162,81;5,41;4,02
1;HockertyShirts;state;83;60;73;3;138;100;0,83;1,34;0;0,26;163,81;163,81;2,73;2,43
1;HockertyShirts;transition;83;60;73;10;73;100;0,82;4,56;0;0,84;165,81;165,81;6,78;6,22
1;HockertyShirts;pair;83;60;73;15;686;100;0,77;0,35;4,45;0,71;168,81;169,81;7,54;6,28
1;HockertyShirts;state;84;59;68;2;108;100;0,64;0,72;0;0,12;170,81;170,81;1,65;1,48
1;HockertyShirts;transition;84;59;68;7;68;100;0,55;2,61;0;0,37;171,81;172,81;3,9;3,53
1;HockertyShirts;pair;84;59;68;9;405;100;0,54;0,32;2,33;0,49;174,81;174,81;4,83;3,68
1;HockertyShirts;state;85;59;68;2;108;100;0,68;0,87;0;0,19;175,81;176,81;1,95;1,75
1;HockertyShirts;transition;85;59;68;7;68;100;0,7;2,68;0;0,48;177,81;178,81;4,21;3,86
1;HockertyShirts;pair;85;59;68;9;405;100;0,69;0,42;2,4;0,51;180,81;180,81;5,28;4,02
1;HockertyShirts;state;86;60;73;3;138;100;0,74;0,89;0;0,24;181,81;181,81;2,11;1,88
1;HockertyShirts;transition;86;60;73;10;73;100;0,78;3,94;0;0,69;183,81;184,81;5,81;5,41
1;HockertyShirts;pair;86;60;73;15;686;100;0,72;0,35;5,82;0,86;186,81;187,81;9,27;7,75
1;HockertyShirts;state;87;60;73;2;109;100;0,59;0,68;0;0,13;188,81;189,81;1,57;1,41
1;HockertyShirts;transition;87;60;73;10;73;100;0,6;2,93;0;0,5;190,81;191,81;4,46;4,03
1;HockertyShirts;pair;87;60;73;15;686;100;0,54;0,45;5,55;0,66;193,81;194,81;8,67;7,2
1;HockertyShirts;state;88;60;73;3;138;100;0,68;1,17;0;0,28;195,81;196,81;2,45;2,14
1;HockertyShirts;transition;88;60;73;10;73;100;0,83;4,62;0;0,55;197,81;198,81;6,57;6
1;HockertyShirts;pair;88;60;73;15;686;100;0,92;0,42;5,27;0,9;201,81;202,81;9,18;7,5
1;HockertyShirts;state;89;60;73;2;109;100;0,97;31,93;0;0,15;203,81;11,81;33,39;33,05
1;HockertyShirts;transition;89;60;73;10;73;100;0,75;4,31;0;0,86;13,81;13,81;6,51;5,92
1;HockertyShirts;pair;89;60;73;16;729;100;0,93;0,58;5,93;1,02;16,81;17,81;10,35;8,46
1;HockertyShirts;state;90;60;73;3;138;100;0,87;1,2;0;0,27;18,81;18,81;2,64;2,35
1;HockertyShirts;transition;90;60;73;10;73;100;0,85;3,69;0;0,64;20,81;20,81;5,59;5,18
1;HockertyShirts;pair;90;60;73;15;686;100;0,75;0,41;5,7;0,76;23,81;24,81;9,19;7,63
1;HockertyShirts;state;91;58;67;2;106;100;0,72;0,78;0;0,14;25,81;25,81;1,9;1,64
1;HockertyShirts;transition;91;58;67;7;67;100;0,58;2,46;0;0,43;27,81;27,81;3,91;3,47
1;HockertyShirts;pair;91;58;67;10;439;100;0,8;0,34;2,65;0,56;29,81;30,81;5,75;4,35
1;HockertyShirts;state;92;60;73;2;109;100;0,71;0,88;0;0,12;31,81;31,81;1,91;1,71
1;HockertyShirts;transition;92;60;73;10;73;100;0,59;3,81;0;0,55;33,81;33,81;5,4;4,94
1;HockertyShirts;pair;92;60;73;16;729;100;0,79;0,46;6,39;0,67;36,81;37,81;9,74;8,31
1;HockertyShirts;state;93;59;68;2;108;100;0,69;1,13;0;0,2;38,81;38,81;2,25;2,02
1;HockertyShirts;transition;93;59;68;7;68;100;0,86;2,7;0;0,44;40,81;40,81;4,36;4
1;HockertyShirts;pair;93;59;68;9;405;100;0,61;0,42;2,51;0,45;42,81;43,81;5,25;4
1;HockertyShirts;state;94;58;67;2;106;100;0,62;0,71;0;0,13;44,81;44,81;1,66;1,47
1;HockertyShirts;transition;94;58;67;7;67;100;0,68;2,51;0;0,41;45,81;46,81;4,04;3,61
1;HockertyShirts;pair;94;58;67;10;439;100;0,82;0,32;3,27;0,64;48,81;49,81;6,63;5,05
1;HockertyShirts;state;95;60;73;2;109;100;0,8;1,06;0;0,2;50,81;50,81;2,37;2,06
1;HockertyShirts;transition;95;60;73;10;73;100;0,81;4,59;0;0,63;52,81;52,81;6,51;6,03
1;HockertyShirts;pair;95;60;73;15;686;100;0,89;0,35;4,94;0,65;55,81;56,81;8,14;6,83
1;HockertyShirts;state;96;60;73;2;109;100;0,79;1,17;0;0,21;57,81;57,81;2,44;2,17
1;HockertyShirts;transition;96;60;73;10;73;100;0,97;3,55;0;0,63;59,81;59,81;5,67;5,15
1;HockertyShirts;pair;96;60;73;15;686;100;0,75;0,47;6,53;0,63;62,81;63,81;9,89;8,38
1;HockertyShirts;state;97;60;73;2;109;100;0,77;1,02;0;0,21;64,81;64,81;2,27;2,01
1;HockertyShirts;transition;97;60;73;10;73;100;0,6;3,76;0;0,63;66,81;66,81;5,43;4,98
1;HockertyShirts;pair;97;60;73;15;686;100;0,75;0,44;4,31;0,69;69,81;70,81;7,59;6,18
1;HockertyShirts;state;98;59;68;3;137;100;0,74;0,75;0;0,19;71,81;71,81;1,88;1,68
1;HockertyShirts;transition;98;59;68;7;68;100;0,67;2,53;0;0,42;73,81;73,81;4,06;3,62
1;HockertyShirts;pair;98;59;68;10;448;100;0,65;0,44;2,94;0,51;75,81;76,81;5,74;4,55
1;HockertyShirts;state;99;60;73;2;109;100;0,61;0,81;0;0,14;77,81;77,81;1,75;1,56
1;HockertyShirts;transition;99;60;73;10;73;100;0,55;3,55;0;0,49;79,81;79,81;5,05;4,59
1;HockertyShirts;pair;99;60;73;16;729;100;0,68;0,43;5,16;1,09;82,81;83,81;8,98;7,36
1;HockertyShirts;state;100;59;72;2;107;100;0,93;0,98;0;0,18;84,81;84,81;2,32;2,09
1;HockertyShirts;transition;100;59;72;10;72;100;0,81;4,31;0;0,8;86,81;87,81;6,41;5,92
1;HockertyShirts;pair;100;59;72;15;672;100;0,81;0,43;5,61;0,93;89,81;90,81;9,38;7,78
1;HockertyShirts;state;101;58;64;2;107;100;0,84;0,98;0;0,23;91,81;91,81;2,3;2,05
1;HockertyShirts;transition;101;58;64;5;64;100;0,84;2,66;0;0,47;93,81;93,81;4,43;3,97
1;HockertyShirts;pair;101;58;64;7;305;100;0,8;0,51;2,09;0,46;95,81;95,81;5,28;3,86
1;HockertyShirts;state;102;59;72;3;136;100;0,9;1,07;0;0,23;96,81;96,81;2,48;2,2
1;HockertyShirts;transition;102;59;72;10;72;100;0,91;4,15;0;0,8;98,81;99,81;6,48;5,86
1;HockertyShirts;pair;102;59;72;15;672;100;0,78;0,47;5,57;0,98;101,81;102,81;9,59;7,8
1;HockertyShirts;state;103;60;73;2;109;100;0,87;1,01;0;0,21;103,81;103,81;2,39;2,09
1;HockertyShirts;transition;103;60;73;10;73;100;0,84;4,27;0;0,88;105,81;106,81;6,55;5,99
1;HockertyShirts;pair;103;60;73;15;686;100;0,87;0,72;5,59;0,93;108,81;109,81;9,93;8,11
1;HockertyShirts;state;104;59;68;2;108;100;0,81;1,04;0;0,16;110,81;110,81;2,25;2,01
1;HockertyShirts;transition;104;59;68;7;68;100;0,77;3,14;0;0,6;112,81;112,81;4,87;4,51
1;HockertyShirts;pair;104;59;68;10;448;100;0,78;0,3;3,26;0,68;114,81;115,81;6,58;5,01
1;HockertyShirts;state;105;59;68;2;108;100;0,88;1,21;0;0,2;116,81;116,81;2,59;2,29
1;HockertyShirts;transition;105;59;68;7;68;100;0,82;3,01;0;0,52;118,81;118,81;4,68;4,34
1;HockertyShirts;pair;105;59;68;10;448;100;0,87;0,33;3,55;0,71;120,81;121,81;7,13;5,46
1;HockertyShirts;state;106;59;68;2;108;100;0,86;1,01;0;0,18;122,81;122,81;2,39;2,05
1;HockertyShirts;transition;106;59;68;7;68;100;0,78;3,22;0;0,67;123,81;124,81;5,09;4,66
1;HockertyShirts;pair;106;59;68;10;448;100;0,78;0,34;2,97;0,64;126,81;127,81;6,21;4,73
1;HockertyShirts;state;107;58;67;2;106;100;0,95;0,98;0;0,18;128,81;128,81;2,33;2,12
1;HockertyShirts;transition;107;58;67;7;67;100;0,73;2,54;0;0,39;129,81;130,81;3,98;3,66
1;HockertyShirts;pair;107;58;67;10;439;100;0,61;0,28;2,54;0,46;132,81;132,81;5,26;3,89
1;HockertyShirts;state;108;59;68;2;108;100;0,7;0,74;0;0,14;133,81;133,81;1,77;1,59
1;HockertyShirts;transition;108;59;68;7;68;100;0,66;2,28;0;0,36;135,81;135,81;3,56;3,31
1;HockertyShirts;pair;108;59;68;10;448;100;0,66;0,25;2,73;0,58;137,81;138,81;5,47;4,23
1;HockertyShirts;state;109;60;73;2;109;100;0,68;0,83;0;0,18;139,81;139,81;1,89;1,69
1;HockertyShirts;transition;109;60;73;10;73;100;0,81;3,85;0;0,51;141,81;142,81;5,56;5,16
1;HockertyShirts;pair;109;60;73;15;686;100;0,55;0,27;5,48;1,02;144,81;145,81;9,01;7,32
1;HockertyShirts;state;110;57;63;2;105;100;0,81;1,03;0;0,17;146,81;146,81;2,24;2,01
1;HockertyShirts;transition;110;57;63;5;63;100;0,74;1,86;0;0,27;148,81;148,81;3,15;2,87
1;HockertyShirts;pair;110;57;63;7;299;100;0,61;0,2;1,32;0,4;150,81;150,81;3,44;2,52
1;HockertyShirts;state;111;59;68;2;108;100;0,68;0,82;0;0,17;151,81;151,81;1,89;1,67
1;HockertyShirts;transition;111;59;68;7;68;100;0,61;2,64;0;0,34;153,81;153,81;3,86;3,59
1;HockertyShirts;pair;111;59;68;9;405;100;0,51;0,22;1,89;0,37;155,81;156,81;3,91;2,98
1;HockertyShirts;state;112;58;64;2;107;100;0,73;0,67;0;0,16;157,81;157,81;1,78;1,56
1;HockertyShirts;transition;112;58;64;5;64;100;0,65;2,34;0;0,3;158,81;159,81;3,57;3,29
1;HockertyShirts;pair;112;58;64;7;305;100;0,71;0,29;2,13;0,41;160,81;161,81;5,05;3,54
1;HockertyShirts;state;113;60;73;2;109;100;0,76;0,66;0;0,22;162,81;162,81;1,81;1,65
1;HockertyShirts;transition;113;60;73;10;73;100;0,59;3,13;0;0,51;164,81;164,81;4,57;4,22
1;HockertyShirts;pair;113;60;73;15;686;100;0,57;0,21;4,24;0,93;167,81;168,81;7,17;5,93
1;HockertyShirts;state;114;59;68;2;108;100;0,82;0,89;0;0,19;169,81;169,81;2,15;1,91
1;HockertyShirts;transition;114;59;68;7;68;100;0,72;2,53;0;0,51;170,81;171,81;4,14;3,76
1;HockertyShirts;pair;114;59;68;9;405;100;0,54;0,23;2,08;0,5;173,81;173,81;4,43;3,35
1;HockertyShirts;state;115;59;68;2;108;100;0,61;0,79;0;0,16;174,81;174,81;1,73;1,56
1;HockertyShirts;transition;115;59;68;7;68;100;0,52;2,38;0;0,42;176,81;176,81;3,63;3,32
1;HockertyShirts;pair;115;59;68;9;405;100;0,6;0,25;2,14;0,4;178,81;179,81;4,5;3,39
1;HockertyShirts;state;116;60;73;2;109;100;0,64;0,72;0;0,16;180,81;180,81;1,69;1,51
1;HockertyShirts;transition;116;60;73;10;73;100;0,8;4,17;0;0,7;182,81;182,81;6,1;5,67
1;HockertyShirts;pair;116;60;73;15;686;100;0,85;0,35;5,49;0,83;185,81;186,81;9,22;7,52
1;HockertyShirts;state;117;59;68;2;108;100;1,01;0,84;0;0,2;187,81;187,81;2,27;2,05
1;HockertyShirts;transition;117;59;68;7;68;100;0,69;2,6;0;0,48;189,81;189,81;4,17;3,78
1;HockertyShirts;pair;117;59;68;9;405;100;0,69;0,24;2,93;0,44;191,81;192,81;5,55;4,3
1;HockertyShirts;state;118;60;73;2;109;100;0,57;0,74;0;0,14;193,81;193,81;1,66;1,45
1;HockertyShirts;transition;118;60;73;10;73;100;0,87;3,52;0;0,62;195,81;195,81;5,42;5,01
1;HockertyShirts;pair;118;60;73;15;686;100;0,63;0,28;4,82;0,83;198,81;199,81;7,97;6,56
1;HockertyShirts;state;119;60;73;3;138;100;0,83;0,79;0;0,15;200,81;200,81;1,96;1,77
1;HockertyShirts;transition;119;60;73;10;73;100;0,55;3,61;0;0,56;202,81;202,81;5,16;4,72
1;HockertyShirts;pair;119;60;73;15;686;100;10,43;0,31;4,92;0,99;13,73;14,73;18,34;16,65
1;HockertyShirts;state;120;57;63;2;105;100;0,6;0,93;0;0,18;15,73;15,73;1,94;1,71
1;HockertyShirts;transition;120;57;63;5;63;100;0,75;1,88;0;0,26;16,73;17,73;3,14;2,89
1;HockertyShirts;pair;120;57;63;7;299;100;0,51;0,2;1,5;0,3;18,73;19,73;3,56;2,51
1;HockertyShirts;state;121;59;72;3;136;100;0,55;0,8;0;0,18;20,73;20,73;1,72;1,53
1;HockertyShirts;transition;121;59;72;10;72;100;0,71;3,08;0;0,68;22,73;22,73;4,84;4,46
1;HockertyShirts;pair;121;59;72;15;672;100;0,72;0,31;5,49;0,85;25,73;26,73;8,97;7,38
1;HockertyShirts;state;122;58;64;2;107;100;0,85;0,91;0;0,17;27,73;27,73;2,17;1,93
1;HockertyShirts;transition;122;58;64;5;64;100;0,63;1,96;0;0,37;28,73;28,73;3,23;2,95
1;HockertyShirts;pair;122;58;64;7;305;100;0,62;0,23;2,13;0,4;30,73;31,73;4,56;3,38
1;HockertyShirts;state;123;59;72;3;136;100;0,65;1;0;0,23;32,73;32,73;2,13;1,88
1;HockertyShirts;transition;123;59;72;10;72;100;0,78;3,76;0;0,84;34,73;34,73;5,82;5,39
1;HockertyShirts;pair;123;59;72;16;714;100;0,73;0,37;5,97;1,03;37,73;38,73;9,88;8,1
1;HockertyShirts;state;124;60;73;2;109;100;0,88;1,05;0;0,24;39,73;39,73;2,42;2,16
1;HockertyShirts;transition;124;60;73;10;73;100;0,8;4,44;0;0,78;41,73;41,73;6,42;6,02
1;HockertyShirts;pair;124;60;73;15;686;100;0,94;0,32;6,07;0,88;44,73;45,73;9,91;8,22
1;HockertyShirts;state;125;60;73;3;138;100;0,87;0,96;0;0,26;46,73;46,73;2,32;2,09
1;HockertyShirts;transition;125;60;73;10;73;100;0,75;4,24;0;0,78;48,73;48,73;6,3;5,77
1;HockertyShirts;pair;125;60;73;15;686;100;0,85;0,31;5,98;1,13;51,73;52,73;10,06;8,28
1;HockertyShirts;state;126;60;73;2;109;100;0,78;0,9;0;0,19;53,73;53,73;2,08;1,87
1;HockertyShirts;transition;126;60;73;10;73;100;0,92;4,44;0;0,76;55,73;55,73;6,5;6,11
1;HockertyShirts;pair;126;60;73;16;729;100;0,84;0,31;6,67;1,08;58,73;59,73;11,17;8,9
1;HockertyShirts;state;127;59;68;2;108;100;0,86;1,02;0;0,2;60,73;60,73;2,32;2,08
1;HockertyShirts;transition;127;59;68;7;68;100;0,81;3,21;0;0,58;62,73;62,73;5,05;4,61
1;HockertyShirts;pair;127;59;68;9;405;100;0,87;0,35;2,82;0,47;64,73;64,73;6,12;4,52
1;HockertyShirts;state;128;59;72;3;136;100;0,72;0,83;0;0,21;66,73;66,73;2,01;1,76
1;HockertyShirts;transition;128;59;72;10;72;100;0,64;3,78;0;0,71;67,73;68,73;5,6;5,13
1;HockertyShirts;pair;128;59;72;15;672;100;0,8;0,26;4,75;1,02;70,73;71,73;8,5;6,83
1;HockertyShirts;state;129;60;73;3;138;100;0,87;1,03;0;0,33;72,73;73,73;2,53;2,23
1;HockertyShirts;transition;129;60;73;10;73;100;0,86;4,13;0;0,84;74,73;75,73;6,27;5,83
1;HockertyShirts;pair;129;60;73;15;686;100;0,88;0,32;4,68;0,87;77,73;78,73;8,53;6,75
1;HockertyShirts;state;130;60;73;3;138;100;0,77;0,78;0;0,22;80,73;80,73;2,01;1,78
1;HockertyShirts;transition;130;60;73;10;73;100;0,62;3,16;0;0,6;81,73;82,73;4,73;4,38
1;HockertyShirts;pair;130;60;73;15;686;100;0,77;0,32;4,42;0,79;84,73;86,73;7,72;6,3
1;HockertyShirts;state;131;59;68;2;108;100;0,58;0,86;0;0,19;87,73;87,73;1,84;1,63
1;HockertyShirts;transition;131;59;68;7;68;100;0,63;2,63;0;0,47;88,73;89,73;4,01;3,73
1;HockertyShirts;pair;131;59;68;10;448;100;0,72;0,25;2,88;0,59;91,73;91,73;5,72;4,44
1;HockertyShirts;state;132;58;64;2;107;100;0,78;0,75;0;0,15;92,73;92,73;1,87;1,68
1;HockertyShirts;transition;132;58;64;5;64;100;0,62;2,12;0;0,38;94,73;94,73;3,55;3,12
1;HockertyShirts;pair;132;58;64;7;305;100;0,65;0,23;1,81;0,38;96,73;96,73;4,39;3,08
1;HockertyShirts;state;133;59;68;2;108;100;0,73;0,83;0;0,17;97,73;97,73;1,94;1,72
1;HockertyShirts;transition;133;59;68;7;68;100;0,66;2,82;0;0,49;99,73;99,73;4,35;3,97
1;HockertyShirts;pair;133;59;68;10;448;100;0,73;0,27;2,8;0,6;101,73;102,73;5,92;4,39
1;HockertyShirts;state;134;60;73;3;138;100;0,74;0,94;0;0,21;103,73;103,73;2,1;1,89
1;HockertyShirts;transition;134;60;73;10;73;100;0,72;3,72;0;0,75;105,73;106,73;5,57;5,2
1;HockertyShirts;pair;134;60;73;15;686;100;0,71;0,3;5,15;1,29;108,73;109,73;9,11;7,46
1;HockertyShirts;state;135;60;73;2;109;100;0,74;0,86;0;0,18;110,73;110,73;2,03;1,78
1;HockertyShirts;transition;135;60;73;10;73;100;0,8;3,62;0;0,66;112,73;113,73;5,45;5,08
1;HockertyShirts;pair;135;60;73;16;729;100;0,7;0,34;5,58;0,91;115,73;116,73;9,23;7,54
1;HockertyShirts;state;136;60;73;3;138;100;0,78;0,89;0;0,2;117,73;117,73;2,08;1,87
1;HockertyShirts;transition;136;60;73;10;73;100;0,7;3,73;0;0,7;119,73;120,73;5,5;5,13
1;HockertyShirts;pair;136;60;73;15;686;100;0,68;0,27;4,89;0,85;122,73;123,73;8,17;6,7
1;HockertyShirts;state;137;60;73;3;138;100;0,71;0,81;0;0,22;124,73;125,73;1,98;1,75
1;HockertyShirts;transition;137;60;73;10;73;100;0,66;3,67;0;0,69;126,73;127,73;5,36;5,03
1;HockertyShirts;pair;137;60;73;15;686;100;0,77;0,27;4,72;0,85;129,73;130,73;8,13;6,61
1;HockertyShirts;state;138;60;73;3;138;100;0,72;0,8;0;0,23;131,73;132,73;1,98;1,75
1;HockertyShirts;transition;138;60;73;10;73;100;0,69;3,45;0;0,71;133,73;134,73;5,17;4,85
1;HockertyShirts;pair;138;60;73;16;729;100;0,75;0,27;5,35;0,88;136,73;138,73;8,83;7,25
1;HockertyShirts;state;139;58;64;2;107;100;0,65;0,75;0;0,16;139,73;139,73;1,76;1,56
1;HockertyShirts;transition;139;58;64;5;64;100;0,63;2,11;0;0,34;140,73;140,73;3,36;3,09
1;HockertyShirts;pair;139;58;64;7;305;100;0,7;0,35;1,71;0,39;142,73;143,73;4,43;3,15
1;HockertyShirts;state;140;59;68;2;108;100;0,68;0,77;0;0,18;144,73;144,73;1,84;1,64
1;HockertyShirts;transition;140;59;68;7;68;100;0,66;2,63;0;0,49;145,73;146,73;4,08;3,78
1;HockertyShirts;pair;140;59;68;9;405;100;0,65;0,28;2,33;0,51;148,73;148,73;5,01;3,77
1;HockertyShirts;state;141;59;72;2;107;100;0,73;0,83;0;0,17;149,73;149,73;1,94;1,73
1;HockertyShirts;transition;141;59;72;10;72;100;0,66;4,16;0;0,66;151,73;152,73;5,82;5,47
1;HockertyShirts;pair;141;59;72;16;714;100;0,71;0,28;5,41;0,92;154,73;155,73;8,82;7,31
1;HockertyShirts;state;142;58;67;2;106;100;0,67;0,77;0;0,16;156,73;156,73;1,83;1,6
1;HockertyShirts;transition;142;58;67;7;67;100;0,66;2,62;0;0,56;158,73;158,73;4,12;3,84
1;HockertyShirts;pair;142;58;67;11;481;100;0,69;0,26;2,64;0,53;160,73;161,73;5,24;4,11
1;HockertyShirts;state;143;60;73;2;109;100;0,77;0,83;0;0,12;162,73;162,73;1,89;1,72
1;HockertyShirts;transition;143;60;73;10;73;100;0,6;3,75;0;0,81;164,73;164,73;5,57;5,16
1;HockertyShirts;pair;143;60;73;15;686;100;0,85;0,35;6,23;1,1;167,73;168,73;10,27;8,53
1;HockertyShirts;state;144;60;73;2;109;100;0,88;1,07;0;0,28;169,73;169,73;2,46;2,23
1;HockertyShirts;transition;144;60;73;10;73;100;0,87;4,71;0;0,92;171,73;171,73;6,93;6,5
1;HockertyShirts;pair;144;60;73;15;686;100;0,94;0,35;5,98;0,99;174,73;175,73;9,94;8,27
1;HockertyShirts;state;145;58;64;2;107;100;0,83;1,1;0;0,19;176,73;176,73;2,47;2,12
1;HockertyShirts;transition;145;58;64;5;64;100;0,77;2,54;0;0,46;177,73;178,73;4,09;3,77
1;HockertyShirts;pair;145;58;64;7;305;100;0,85;0,35;2,17;0,48;179,73;180,73;5,19;3,85
1;HockertyShirts;state;146;60;73;3;138;100;0,96;0,99;0;0,23;181,73;181,73;2,42;2,19
1;HockertyShirts;transition;146;60;73;10;73;100;0,85;4,5;0;0,89;183,73;183,73;6,63;6,24
1;HockertyShirts;pair;146;60;73;16;729;100;0,89;0,32;6,19;1,14;186,73;187,73;10,2;8,54
1;HockertyShirts;state;147;60;73;3;138;100;0,93;1,07;0;0,25;188,73;188,73;2,48;2,25
1;HockertyShirts;transition;147;60;73;10;73;100;0,91;4,56;0;0,87;190,73;191,73;6,76;6,33
1;HockertyShirts;pair;147;60;73;15;686;100;0,81;0,32;5,84;1,14;193,73;194,73;9,78;8,11
1;HockertyShirts;state;148;58;67;2;106;100;0,83;0,95;0;0,19;195,73;195,73;2,2;1,97
1;HockertyShirts;transition;148;58;67;7;67;100;0,8;3,26;0;0,61;197,73;197,73;5,04;4,68
1;HockertyShirts;pair;148;58;67;9;397;100;0,84;0,29;2,9;0,62;199,73;200,73;6,12;4,66
1;HockertyShirts;state;149;59;68;2;108;100;0,87;1,09;0;0,45;201,73;201,73;2,68;2,41
1;HockertyShirts;transition;149;59;68;7;68;100;0,81;3,37;0;11,13;202,73;203,73;15,7;15,3
1;HockertyShirts;pair;149;59;68;10;448;100;0,92;0,33;3,13;0,78;13,72;13,72;6,67;5,16
1;HockertyShirts;state;150;60;73;2;109;100;1,02;1,05;0;0,27;14,72;14,72;2,59;2,34
1;HockertyShirts;transition;150;60;73;10;73;100;0,87;3,68;0;0,94;16,72;17,72;5,83;5,5
1;HockertyShirts;pair;150;60;73;16;729;100;0,85;0,34;5,78;1,22;19,72;20,72;10,15;8,2
1;HockertyShirts;state;151;59;68;2;108;100;0,83;1,13;0;0,2;21,72;22,72;2,32;2,16
1;HockertyShirts;transition;151;59;68;7;68;100;0,93;2,87;0;0,62;23,72;24,72;4,73;4,42
1;HockertyShirts;pair;151;59;68;10;448;100;0,77;0,36;2,82;0,8;25,72;26,72;6,12;4,75
1;HockertyShirts;state;152;59;72;2;107;100;0,85;0,96;0;0,22;27,72;27,72;2,2;2,03
1;HockertyShirts;transition;152;59;72;10;72;100;0,9;4,35;0;0,8;29,72;30,72;6,53;6,05
1;HockertyShirts;pair;152;59;72;16;714;100;0,87;0,31;6,54;1,65;32,72;33,72;11,42;9,37
1;HockertyShirts;state;153;59;72;2;107;100;1,21;1,41;0;0,26;34,72;34,72;3,25;2,88
1;HockertyShirts;transition;153;59;72;10;72;100;1,2;4,82;0;1,02;36,72;37,72;7,43;7,04
1;HockertyShirts;pair;153;59;72;15;672;100;0,93;0,4;6,77;1,58;39,72;40,72;12,03;9,69
1;HockertyShirts;state;154;58;67;2;106;100;1,2;1,45;0;0,3;41,72;41,72;3,2;2,95
1;HockertyShirts;transition;154;58;67;7;67;100;1,15;4,04;0;0,88;43,72;43,72;6,47;6,07
1;HockertyShirts;pair;154;58;67;9;397;100;1,3;0,36;3,66;1,03;45,72;46,72;8,35;6,35
1;HockertyShirts;state;155;59;72;3;136;100;1,28;1,45;0;0,35;47,72;47,72;3,33;3,08
1;HockertyShirts;transition;155;59;72;10;72;100;1,16;5,42;0;1,3;48,72;49,72;8,34;7,88
1;HockertyShirts;pair;155;59;72;15;672;100;1,34;0,42;6,43;1,29;51,72;52,72;11,54;9,49
1;HockertyShirts;state;156;55;61;2;104;100;1,14;1,05;0;0,21;53,72;54,72;2,62;2,4
1;HockertyShirts;transition;156;55;61;5;61;100;0,99;2,79;0;0,64;55,72;55,72;4,78;4,41
1;HockertyShirts;pair;156;55;61;7;299;100;1,1;0,45;2,53;0,72;57,72;57,72;6,59;4,8
1;HockertyShirts;state;157;60;73;3;138;100;1,15;1,36;0;0,35;58,72;59,72;3,15;2,87
1;HockertyShirts;transition;157;60;73;10;73;100;1,14;5,38;0;0,98;60,72;61,72;7,85;7,5
1;HockertyShirts;pair;157;60;73;15;686;100;1,05;0,37;5,5;1,41;63,72;64,72;10,52;8,33
1;HockertyShirts;state;158;60;73;2;109;100;1,24;1,27;0;0,24;65,72;65,72;3,01;2,75
1;HockertyShirts;transition;158;60;73;10;73;100;1,13;4,26;0;1,24;67,72;68,72;7,12;6,63
1;HockertyShirts;pair;158;60;73;16;729;100;1,26;0,35;6,57;1,57;70,72;71,72;12,27;9,76
1;HockertyShirts;state;159;60;73;2;109;100;1,59;1,56;0;0,31;72,72;73,72;3,75;3,47
1;HockertyShirts;transition;159;60;73;10;73;100;1,2;4,5;0;1,09;74,72;75,72;7,22;6,79
1;HockertyShirts;pair;159;60;73;15;686;100;1,3;0,41;6,62;1,26;77,72;78,72;11,69;9,58
1;HockertyShirts;state;160;59;68;2;108;100;0,98;1,05;0;0,28;79,72;79,72;2,61;2,31
1;HockertyShirts;transition;160;59;68;7;68;100;1,19;3,2;0;0,66;81,72;81,72;5,39;5,04
1;HockertyShirts;pair;160;59;68;10;448;100;0,88;0,29;3,3;0,77;83,72;84,72;7,07;5,23
1;HockertyShirts;state;161;59;68;2;108;100;1,07;1,22;0;0,26;85,72;85,72;2,83;2,55
1;HockertyShirts;transition;161;59;68;7;68;100;1,18;3,72;0;0,68;87,72;87,72;5,88;5,57
1;HockertyShirts;pair;161;59;68;9;405;100;0,92;0,31;2,98;0,82;89,72;90,72;6,62;5,04
1;HockertyShirts;state;162;60;73;2;109;100;1,18;1,41;0;0,28;91,72;91,72;3,19;2,87
1;HockertyShirts;transition;162;60;73;10;73;100;1,09;4,95;0;1,2;93,72;93,72;7,68;7,24
1;HockertyShirts;pair;162;60;73;15;686;100;1;0,42;6,39;1,21;96,72;97,72;11,11;9,03
1;HockertyShirts;state;163;59;68;2;108;100;0,97;1,03;0;0,19;98,72;98,72;2,37;2,19
1;HockertyShirts;transition;163;59;68;7;68;100;0,94;3,08;0;0,63;99,72;100,72;4,99;4,65
1;HockertyShirts;pair;163;59;68;9;405;100;0,8;0,29;2,68;0,78;102,72;102,72;6,02;4,55
1;HockertyShirts;state;164;60;73;3;138;100;0,88;0,99;0;0,29;103,72;104,72;2,34;2,16
1;HockertyShirts;transition;164;60;73;10;73;100;0,83;4,34;0;1,01;105,72;106,72;6,47;6,17
1;HockertyShirts;pair;164;60;73;15;686;100;0,84;0,34;4,7;1,17;108,72;109,72;8,78;7,04
1;HockertyShirts;state;165;58;67;2;106;100;0,98;1,17;0;0,26;110,72;110,72;2,65;2,42
1;HockertyShirts;transition;165;58;67;7;67;100;0,83;2,86;0;0,68;112,72;112,72;4,64;4,36
1;HockertyShirts;pair;165;58;67;10;439;100;1,01;0,37;3;0,65;114,72;115,72;6,51;5,03
1;HockertyShirts;state;166;58;64;2;107;100;1,03;1,27;0;0,25;116,72;116,72;2,75;2,55
1;HockertyShirts;transition;166;58;64;5;64;100;0,8;2,6;0;0,47;118,72;118,72;4,19;3,87
1;HockertyShirts;pair;166;58;64;7;305;100;1,14;0,34;2,46;0,81;120,72;120,72;6,5;4,76
1;HockertyShirts;state;167;59;68;2;108;100;1,13;1,34;0;0,2;121,72;121,72;2,87;2,67
1;HockertyShirts;transition;167;59;68;7;68;100;0,99;2,73;0;0,61;123,72;123,72;4,58;4,33
1;HockertyShirts;pair;167;59;68;10;448;100;1,12;0,37;3,53;0,76;125,72;126,72;7,52;5,78
1;HockertyShirts;state;168;58;67;2;106;100;0,9;1,19;0;0,29;127,72;127,72;2,59;2,37
1;HockertyShirts;transition;168;58;67;7;67;100;0,85;3,45;0;0,69;128,72;129,72;5,28;4,99
1;HockertyShirts;pair;168;58;67;9;397;100;1,25;0,29;2,78;0,68;131,72;131,72;6,49;5
1;HockertyShirts;state;169;59;68;2;108;100;1,01;1,33;0;0,2;132,72;132,72;2,73;2,54
1;HockertyShirts;transition;169;59;68;7;68;100;0,93;3,03;0;0,87;134,72;134,72;5,14;4,83
1;HockertyShirts;pair;169;59;68;9;405;100;0,83;0,28;2,88;0,66;136,72;137,72;6,07;4,65
1;HockertyShirts;state;170;59;72;3;136;100;1,11;1,16;0;0,32;138,72;138,72;2,85;2,59
1;HockertyShirts;transition;170;59;72;10;72;100;0,81;4,46;0;0,91;140,72;140,72;6,56;6,18
1;HockertyShirts;pair;170;59;72;15;672;100;1,01;0,35;5,27;1,37;143,72;144,72;9,79;8
1;HockertyShirts;state;171;58;64;2;107;100;0,87;0,99;0;0,18;145,72;145,72;2,21;2,04
1;HockertyShirts;transition;171;58;64;5;64;100;0,81;2,49;0;0,63;146,72;147,72;4,25;3,94
1;HockertyShirts;pair;171;58;64;7;305;100;0,9;0,32;2,01;0,44;148,72;149,72;5,01;3,67
1;HockertyShirts;state;172;60;73;2;109;100;0,84;1,06;0;0,19;150,72;150,72;2,25;2,1
1;HockertyShirts;transition;172;60;73;10;73;100;0,9;4,28;0;0,88;152,72;152,72;6,43;6,06
1;HockertyShirts;pair;172;60;73;15;686;100;0,93;0,32;5,2;1,19;155,72;156,72;9,63;7,64
1;HockertyShirts;state;173;58;67;3;135;100;1,04;1,23;0;0,26;157,72;157,72;2,75;2,52
1;HockertyShirts;transition;173;58;67;7;67;100;0,96;3,2;0;0,55;158,72;159,72;5,03;4,72
1;HockertyShirts;pair;173;58;67;11;481;100;0,82;0,25;3,11;0,89;161,72;162,72;6,6;5,06
1;HockertyShirts;state;174;59;68;2;108;100;1,12;1,32;0;0,24;163,72;163,72;2,89;2,68
1;HockertyShirts;transition;174;59;68;7;68;100;1,03;3,18;0;0,6;164,72;165,72;5,07;4,82
1;HockertyShirts;pair;174;59;68;10;448;100;0,92;0,25;3,14;1,02;167,72;167,72;6,99;5,33
1;HockertyShirts;state;175;60;73;3;138;100;1,04;1,4;0;0,29;168,72;169,72;2,94;2,73
1;HockertyShirts;transition;175;60;73;10;73;100;1,03;5,45;0;1,28;170,72;171,72;8,3;7,77
1;HockertyShirts;pair;175;60;73;15;686;100;1,22;0,42;6,68;1,53;173,72;174,72;12,2;9,84
1;HockertyShirts;state;176;59;68;2;108;100;1,23;1,41;0;0,29;175,72;176,72;3,24;2,93
1;HockertyShirts;transition;176;59;68;7;68;100;1,21;4,07;0;0,97;177,72;177,72;6,71;6,25
1;HockertyShirts;pair;176;59;68;9;405;100;1,44;0,45;3,65;0,96;179,72;180,72;8,91;6,51
1;HockertyShirts;state;177;60;73;3;138;100;1,26;1,51;0;0,41;181,72;181,72;3,5;3,18
1;HockertyShirts;transition;177;60;73;10;73;100;1,35;6,04;0;1,32;183,72;184,72;9,21;8,71
1;HockertyShirts;pair;177;60;73;15;686;100;1,28;0,46;8,55;1,96;186,72;187,72;14,96;12,26
1;HockertyShirts;state;178;60;73;2;109;100;1,28;1,62;0;0,32;188,72;188,72;3,56;3,22
1;HockertyShirts;transition;178;60;73;10;73;100;1,22;5,37;0;1,31;190,72;190,72;8,41;7,9
1;HockertyShirts;pair;178;60;73;15;686;100;1,26;0,49;6,14;1,45;193,72;194,72;11,39;9,33
1;HockertyShirts;state;179;58;67;2;106;100;1,08;1,32;0;0,27;195,72;195,72;2,9;2,67
1;HockertyShirts;transition;179;58;67;7;67;100;1,31;3,92;0;0,93;197,72;197,72;6,55;6,16
1;HockertyShirts;pair;179;58;67;10;439;100;1,15;0,38;3,89;0,99;199,72;200,72;8,38;6,41
1;HockertyShirts;state;180;59;68;2;108;100;0,89;1,33;0;0,27;201,72;201,72;2,72;2,5
1;HockertyShirts;transition;180;59;68;7;68;100;1,27;3,89;0;0,73;202,72;203,72;6,27;5,89
1;HockertyShirts;pair;180;59;68;9;405;100;0,94;0,3;2,86;0,54;205,72;205,72;6,07;4,65
1;HockertyShirts;state;181;59;68;2;108;100;0,67;0,71;0;0,19;206,72;206,72;1,74;1,56
1;HockertyShirts;transition;181;59;68;7;68;100;0,85;3,12;0;0,57;208,72;208,72;4,86;4,54
1;HockertyShirts;pair;181;59;68;10;448;100;0,75;0,28;3,21;0,64;210,72;211,72;6,2;4,89
1;HockertyShirts;state;182;60;73;2;109;100;0,9;0,95;0;0,21;212,72;212,72;2,25;2,06
1;HockertyShirts;transition;182;60;73;10;73;100;0,61;3,63;0;0,56;214,72;214,72;5,04;4,8
1;HockertyShirts;pair;182;60;73;15;686;100;0,57;0,44;4,3;0,73;217,72;218,72;7,34;6,04
1;HockertyShirts;state;183;60;73;3;138;100;0,81;0,69;0;0,25;219,72;219,72;1,94;1,75
1;HockertyShirts;transition;183;60;73;10;73;100;0,8;3,35;0;0,65;221,72;221,72;5,05;4,79
1;HockertyShirts;pair;183;60;73;15;686;100;0,75;0,25;4,81;0,94;224,72;225,72;8,21;6,75
1;HockertyShirts;state;184;59;68;2;108;100;0,73;0,95;0;0,22;226,72;226,72;2,14;1,91
1;HockertyShirts;transition;184;59;68;7;68;100;0,8;2,8;0;0,52;228,72;228,72;4,38;4,12
1;HockertyShirts;pair;184;59;68;10;448;100;0,73;0,24;2,6;0,44;230,72;231,72;5,15;4,01
1;HockertyShirts;state;185;60;73;3;138;100;0,84;1,05;0;0,24;232,72;232,72;2,32;2,14
1;HockertyShirts;transition;185;60;73;10;73;100;0,83;3,24;0;0,48;234,72;234,72;4,86;4,55
1;HockertyShirts;pair;185;60;73;16;729;100;0,55;0,19;4,54;0,68;237,72;238,72;6,94;5,96
1;HockertyShirts;state;186;59;68;2;108;100;0,57;0,58;0;0,12;239,72;239,72;1,41;1,27
1;HockertyShirts;transition;186;59;68;7;68;100;0,52;2,01;0;0,41;240,72;241,72;3,15;2,93
1;HockertyShirts;pair;186;59;68;10;448;100;0,48;0,18;2,45;0,49;243,72;244,72;4,64;3,6
1;HockertyShirts;state;187;59;68;2;108;100;0,6;0,65;0;0,18;245,72;245,72;1,57;1,43
1;HockertyShirts;transition;187;59;68;7;68;100;0,71;2,25;0;0,47;246,72;247,72;3,76;3,43
1;HockertyShirts;pair;187;59;68;9;405;100;0,48;0,17;1,92;0,35;249,72;249,72;3,83;2,92
1;HockertyShirts;state;188;59;72;3;136;100;0,58;0,72;0;0,14;250,72;250,72;1,57;1,45
1;HockertyShirts;transition;188;59;72;10;72;100;0,54;2,98;0;0,45;252,72;253,72;4,23;3,97
1;HockertyShirts;pair;188;59;72;15;672;100;0,6;0,23;4,02;0,89;255,72;256,72;6,94;5,73
1;HockertyShirts;state;189;58;67;2;106;100;0,52;0,59;0;0,15;257,72;257,72;1,39;1,26
1;HockertyShirts;transition;189;58;67;7;67;100;0,6;2,02;0;0,49;259,72;259,72;3,35;3,11
1;HockertyShirts;pair;189;58;67;9;397;100;0,61;0,19;2,03;0,36;261,72;262,72;4,01;3,19
1;HockertyShirts;state;190;59;68;2;108;100;0,71;0,63;0;0,12;263,72;263,72;1,61;1,45
1;HockertyShirts;transition;190;59;68;7;68;100;0,75;2,31;0;0,47;264,72;265,72;3,73;3,53
1;HockertyShirts;pair;190;59;68;9;405;100;0,63;0,26;2,89;0,61;267,72;267,72;5,64;4,39
1;HockertyShirts;state;191;59;72;2;107;100;0,53;0,85;0;0,14;268,72;268,72;1,66;1,52
1;HockertyShirts;transition;191;59;72;10;72;100;0,58;3,2;0;0,62;270,72;271,72;4,73;4,41
1;HockertyShirts;pair;191;59;72;16;714;100;0,59;0,21;4,46;0,7;273,72;274,72;7,28;5,96
1;HockertyShirts;state;192;60;73;3;138;100;0,59;0,63;0;0,15;275,72;275,72;1,52;1,37
1;HockertyShirts;transition;192;60;73;10;73;100;0,52;3,34;0;0,7;277,72;278,72;4,86;4,55
1;HockertyShirts;pair;192;60;73;16;729;100;0,79;0,28;5,34;1;280,72;281,72;8,98;7,41
1;HockertyShirts;state;193;59;68;2;108;100;12,44;0,75;0;0,16;11,81;11,81;13,58;13,36
1;HockertyShirts;transition;193;59;68;7;68;100;0,65;2,61;0;0,47;13,81;13,81;4,04;3,73
1;HockertyShirts;pair;193;59;68;10;448;100;0,66;0,22;2,6;0,45;15,81;16,81;5,07;3,94
1;HockertyShirts;state;194;58;64;2;107;100;0,66;0,74;0;0,12;17,81;17,81;1,67;1,53
1;HockertyShirts;transition;194;58;64;5;64;100;0,64;2,16;0;0,36;19,81;19,81;3,4;3,16
1;HockertyShirts;pair;194;58;64;7;305;100;0,62;0,2;1,7;0,39;21,81;21,81;3,91;2,9
1;HockertyShirts;state;195;59;68;2;108;100;0,66;0,75;0;0,2;22,81;22,81;1,75;1,61
1;HockertyShirts;transition;195;59;68;7;68;100;0,64;2,56;0;0,51;24,81;24,81;3,98;3,71
1;HockertyShirts;pair;195;59;68;10;448;100;0,65;0,23;2,64;0,58;26,81;27,81;5,2;4,1
1;HockertyShirts;state;196;60;73;2;109;100;0,66;0,81;0;0,17;28,81;28,81;1,79;1,64
1;HockertyShirts;transition;196;60;73;10;73;100;0,68;3,47;0;0,64;30,81;30,81;5,05;4,79
1;HockertyShirts;pair;196;60;73;15;686;100;0,72;0,25;4,65;0,89;33,81;34,81;7,75;6,5
1;HockertyShirts;state;197;60;73;2;109;100;0,78;0,79;0;0,16;35,81;35,81;1,88;1,73
1;HockertyShirts;transition;197;60;73;10;73;100;0,65;3,42;0;0,65;37,81;37,81;4,96;4,72
1;HockertyShirts;pair;197;60;73;15;686;100;0,65;0,19;4,16;0,72;40,81;41,81;7;5,72
1;HockertyShirts;state;198;59;68;2;108;100;0,56;0,61;0;0,15;42,81;42,81;1,45;1,32
1;HockertyShirts;transition;198;59;68;7;68;100;0,59;2,03;0;0,5;43,81;44,81;3,36;3,12
1;HockertyShirts;pair;198;59;68;10;448;100;0,6;0,17;2,4;0,56;46,81;47,81;4,73;3,74
1;HockertyShirts;state;199;59;68;3;137;100;0,48;0,63;0;0,16;48,81;48,81;1,43;1,27
1;HockertyShirts;transition;199;59;68;7;68;100;0,55;2,05;0;0,33;49,81;50,81;3,11;2,93
1;HockertyShirts;pair;199;59;68;9;405;100;0,48;0,18;2,08;0,36;52,81;52,81;3,93;3,1
1;HockertyShirts;state;200;60;73;2;109;100;0,63;0,79;0;0,17;53,81;53,81;1,76;1,6
1;HockertyShirts;transition;200;60;73;10;73;100;0,65;2,94;0;0,45;55,81;56,81;4,25;4,04
1;HockertyShirts;pair;200;60;73;15;686;100;0,51;0,2;3,83;0,65;58,81;59,81;6,23;5,19
1;HockertyShirts;state;201;59;72;2;107;100;0,77;0,84;0;0,18;60,81;60,81;1,97;1,78
1;HockertyShirts;transition;201;59;72;10;72;100;0,47;2,86;0;0,47;62,81;63,81;4;3,8
1;HockertyShirts;pair;201;59;72;16;714;100;0,47;0,19;3,76;0,65;65,81;66,81;5,99;5,08
1;HockertyShirts;state;202;60;73;2;109;100;0,65;0,83;0;0,12;67,81;67,81;1,74;1,6
1;HockertyShirts;transition;202;60;73;10;73;100;0,51;3,34;0;0,46;69,81;70,81;4,54;4,31
1;HockertyShirts;pair;202;60;73;15;686;100;0,48;0,19;4,6;1,03;72,81;73,81;7,45;6,3
1;HockertyShirts;state;203;60;73;3;138;100;0,8;0,99;0;0,25;74,81;74,81;2,22;2,04
1;HockertyShirts;transition;203;60;73;10;73;100;0,78;4,08;0;0,74;76,81;77,81;6,1;5,6
1;HockertyShirts;pair;203;60;73;15;686;100;0,75;0,26;5,37;0,94;79,81;80,81;8,73;7,33
1;HockertyShirts;state;204;60;73;2;109;100;0,82;0,92;0;0,18;81,81;81,81;2,12;1,92
1;HockertyShirts;transition;204;60;73;10;73;100;0,7;4,11;0;0,72;83,81;84,81;5,93;5,54
1;HockertyShirts;pair;204;60;73;15;686;100;0,49;0,21;4,29;0,87;86,81;87,81;7,75;5,87
1;HockertyShirts;state;205;58;67;2;106;100;0,64;0,82;0;0,21;88,81;88,81;1,81;1,66
1;HockertyShirts;transition;205;58;67;7;67;100;0,61;2,46;0;0,45;90,81;90,81;3,78;3,52
1;HockertyShirts;pair;205;58;67;9;397;100;0,61;0,24;2,18;0,47;92,81;93,81;4,62;3,49
1;HockertyShirts;state;206;58;67;2;106;100;0,61;0,75;0;0,16;93,81;94,81;1,66;1,53
1;HockertyShirts;transition;206;58;67;7;67;100;0,66;2,41;0;0,45;95,81;96,81;3,74;3,52
1;HockertyShirts;pair;206;58;67;11;481;100;0,62;0,22;2,8;0,56;98,81;98,81;5,27;4,21
1;HockertyShirts;state;207;60;73;2;109;100;0,66;0,75;0;0,17;99,81;99,81;1,76;1,58
1;HockertyShirts;transition;207;60;73;10;73;100;0,64;3,45;0;0,65;101,81;102,81;5;4,74
1;HockertyShirts;pair;207;60;73;15;686;100;0,64;0,24;4,66;0,81;104,81;105,81;7,66;6,35
1;HockertyShirts;state;208;57;63;2;105;100;0,68;0,75;0;0,16;106,81;106,81;1,75;1,59
1;HockertyShirts;transition;208;57;63;5;63;100;0,67;2,03;0;0,35;108,81;108,81;3,28;3,06
1;HockertyShirts;pair;208;57;63;7;299;100;0,64;0,19;1,56;0,37;110,81;110,81;3,77;2,77
1;HockertyShirts;state;209;59;68;2;108;100;0,64;0,76;0;0,15;111,81;111,81;1,69;1,55
1;HockertyShirts;transition;209;59;68;7;68;100;0,64;2,47;0;0,51;113,81;113,81;3,88;3,61
1;HockertyShirts;pair;209;59;68;9;405;100;0,67;0,22;2,38;0,6;115,81;116,81;5,02;3,88
1;HockertyShirts;state;210;59;68;2;108;100;0,7;0,83;0;0,17;117,81;117,81;1,9;1,7
1;HockertyShirts;transition;210;59;68;7;68;100;0,68;2,57;0;0,51;119,81;119,81;4;3,76
1;HockertyShirts;pair;210;59;68;9;405;100;0,64;0,22;2,36;0,53;121,81;121,81;4,88;3,76
1;HockertyShirts;state;211;59;68;2;108;100;0,69;0,76;0;0,17;122,81;123,81;1,78;1,63
1;HockertyShirts;transition;211;59;68;7;68;100;0,65;2,59;0;0,47;124,81;125,81;3,97;3,72
1;HockertyShirts;pair;211;59;68;10;448;100;0,68;0,25;2,63;0,54;127,81;127,81;5,21;4,11
1;HockertyShirts;state;212;59;68;2;108;100;0,7;0,73;0;0,16;128,81;128,81;1,75;1,6
1;HockertyShirts;transition;212;59;68;7;68;100;0,63;2,57;0;0,47;130,81;130,81;3,92;3,67
1;HockertyShirts;pair;212;59;68;9;405;100;0,7;0,22;2,35;0,54;132,81;133,81;4,9;3,81
1;HockertyShirts;state;213;59;68;2;108;100;0,67;0,79;0;0,16;134,81;134,81;1,76;1,61
1;HockertyShirts;transition;213;59;68;7;68;100;0,61;2,64;0;0,47;136,81;136,81;4,05;3,72
1;HockertyShirts;pair;213;59;68;9;405;100;0,65;0,22;2,35;0,48;138,81;138,81;4,83;3,71
1;HockertyShirts;state;214;58;64;2;107;100;0,66;0,7;0;0,17;139,81;140,81;1,67;1,52
1;HockertyShirts;transition;214;58;64;5;64;100;0,59;2,07;0;0,36;141,81;141,81;3,28;3,02
1;HockertyShirts;pair;214;58;64;7;305;100;0,66;0,2;1,7;0,38;143,81;143,81;3,94;2,94
1;HockertyShirts;state;215;59;68;2;108;100;0,66;0,79;0;0,18;144,81;145,81;1,87;1,62
1;HockertyShirts;transition;215;59;68;7;68;100;0,64;2,49;0;0,54;146,81;147,81;3,96;3,68
1;HockertyShirts;pair;215;59;68;9;405;100;0,66;0,22;2,17;0,51;148,81;149,81;4,66;3,56
1;HockertyShirts;state;216;59;68;3;137;100;0,64;0,76;0;0,2;150,81;150,81;1,74;1,59
1;HockertyShirts;transition;216;59;68;7;68;100;0,74;2,42;0;0,34;152,81;152,81;3,76;3,5
1;HockertyShirts;pair;216;59;68;9;405;100;0,56;0,25;2,24;0,36;154,81;155,81;4,56;3,41
1;HockertyShirts;state;217;59;68;2;108;100;0,64;0,83;0;0,15;156,81;156,81;1,78;1,62
1;HockertyShirts;transition;217;59;68;7;68;100;0,55;2,13;0;0,4;157,81;158,81;3,28;3,08
1;HockertyShirts;pair;217;59;68;9;405;100;0,55;0,17;2,37;0,53;160,81;160,81;4,73;3,62
1;HockertyShirts;state;218;60;73;2;109;100;0,74;0,61;0;0,17;161,81;162,81;1,68;1,52
1;HockertyShirts;transition;218;60;73;10;73;100;0,47;3,96;0;0,95;163,81;164,81;5,72;5,37
1;HockertyShirts;pair;218;60;73;15;686;100;0,75;0,27;5,23;0,89;166,81;167,81;8,54;7,15
1;HockertyShirts;state;219;59;68;2;108;100;0,82;0,87;0;0,22;168,81;168,81;2,08;1,91
1;HockertyShirts;transition;219;59;68;7;68;100;0,78;2,9;0;0,56;170,81;170,81;4,53;4,24
1;HockertyShirts;pair;219;59;68;9;405;100;0,74;0,24;2,55;0,55;172,81;173,81;5,28;4,08
1;HockertyShirts;state;220;60;73;2;109;100;0,74;0,87;0;0,12;174,81;174,81;1,87;1,74
1;HockertyShirts;transition;220;60;73;10;73;100;0,51;2,91;0;0,46;176,81;176,81;4,09;3,88
1;HockertyShirts;pair;220;60;73;15;686;100;0,64;0,21;4,6;0,79;179,81;180,81;7,45;6,24
1;HockertyShirts;state;221;59;72;2;107;100;0,63;0,71;0;0,15;181,81;181,81;1,68;1,5
1;HockertyShirts;transition;221;59;72;10;72;100;0,55;2,94;0;0,48;183,81;183,81;4,19;3,98
1;HockertyShirts;pair;221;59;72;16;714;100;0,6;0,21;4,3;0,7;186,81;187,81;6,96;5,8
1;HockertyShirts;state;222;60;73;2;109;100;0,65;0,6;0;0,12;188,81;188,81;1,48;1,37
1;HockertyShirts;transition;222;60;73;10;73;100;0,51;3,03;0;0,45;190,81;190,81;4,2;3,99
1;HockertyShirts;pair;222;60;73;15;686;100;0,69;0,25;4,63;0,61;193,81;194,81;7,28;6,17
1;HockertyShirts;state;223;59;68;3;137;100;0,51;0,6;0;0,14;195,81;195,81;1,4;1,26
1;HockertyShirts;transition;223;59;68;7;68;100;0,5;2,4;0;0,33;197,81;197,81;3,45;3,23
1;HockertyShirts;pair;223;59;68;9;405;100;0,48;0,17;1,77;0,41;199,81;199,81;3,68;2,83
1;HockertyShirts;state;224;59;68;2;108;100;0,49;0,66;0;0,14;200,81;201,81;1,42;1,3
1;HockertyShirts;transition;224;59;68;7;68;100;0,5;2;0;0,35;202,81;203,81;3,08;2,85
1;HockertyShirts;pair;224;59;68;10;448;100;0,48;0,19;2,14;0,44;205,81;205,81;4,11;3,25
1;HockertyShirts;state;225;59;72;3;136;100;0,55;0,65;0;0,16;206,81;206,81;1,49;1,36
1;HockertyShirts;transition;225;59;72;10;72;100;0,53;3,25;0;0,83;208,81;209,81;4,88;4,6
1;HockertyShirts;pair;225;59;72;15;672;100;0,62;0,23;4,72;0,7;211,81;212,81;7,47;6,28
1;HockertyShirts;state;226;60;73;3;138;100;0,67;0,8;0;0,26;213,81;213,81;1,89;1,73
1;HockertyShirts;transition;226;60;73;10;73;100;0,72;3,52;0;0,5;215,81;216,81;4,96;4,74
1;HockertyShirts;pair;226;60;73;15;686;100;0,79;0,21;4,41;0,88;218,81;219,81;7,48;6,28
1;HockertyShirts;state;227;60;73;2;109;100;0,73;0,79;0;0,16;220,81;220,81;1,82;1,68
1;HockertyShirts;transition;227;60;73;10;73;100;0,59;3,67;0;0,69;222,81;223,81;5,26;4,95
1;HockertyShirts;pair;227;60;73;15;686;100;0,56;0,19;3,98;0,57;225,81;226,81;6,38;5,3
1;HockertyShirts;state;228;56;60;2;104;100;0,51;0,6;0;0,11;227,81;227,81;1,36;1,22
1;HockertyShirts;transition;228;56;60;3;60;100;0,5;1,15;0;0,19;228,81;229,81;2,01;1,84
1;HockertyShirts;pair;228;56;60;5;209;100;0,42;0,15;0,84;0,19;230,81;230,81;2,45;1,61
1;HockertyShirts;state;229;59;68;2;108;100;0,46;0,56;0;0,14;231,81;232,81;1,25;1,15
1;HockertyShirts;transition;229;59;68;7;68;100;0,48;1,98;0;0,49;233,81;234,81;3,18;2,95
1;HockertyShirts;pair;229;59;68;10;448;100;0,54;0,22;2,64;0,6;235,81;236,81;4,97;4
1;HockertyShirts;state;230;59;68;2;108;100;0,65;0,68;0;0,13;237,81;237,81;1,59;1,47
1;HockertyShirts;transition;230;59;68;7;68;100;0,65;2;0;0,33;239,81;239,81;3,14;2,97
1;HockertyShirts;pair;230;59;68;9;405;100;0,52;0,22;2,25;0,38;241,81;242,81;4,24;3,37
1;HockertyShirts;state;231;59;68;2;108;100;0,6;0,7;0;0,15;243,81;243,81;1,56;1,44
1;HockertyShirts;transition;231;59;68;7;68;100;0,45;2,43;0;0,53;244,81;245,81;3,69;3,41
1;HockertyShirts;pair;231;59;68;10;448;100;0,71;0,23;3,07;0,55;247,81;248,81;5,8;4,56
1;HockertyShirts;state;232;59;68;2;108;100;0,57;0,7;0;0,15;249,81;249,81;1,56;1,42
1;HockertyShirts;transition;232;59;68;7;68;100;0,63;2,01;0;0,33;250,81;251,81;3,15;2,97
1;HockertyShirts;pair;232;59;68;9;405;100;0,52;0,18;2;0,53;253,81;253,81;4,23;3,23
1;HockertyShirts;state;233;60;73;3;138;100;0,7;0,69;0;0,22;254,81;254,81;1,77;1,61
1;HockertyShirts;transition;233;60;73;10;73;100;0,65;3,41;0;0,53;256,81;257,81;4,83;4,59
1;HockertyShirts;pair;233;60;73;16;729;100;0,8;0,25;4,74;0,68;259,81;260,81;7,79;6,47
1;HockertyShirts;state;234;58;64;2;107;100;0,68;0,6;0;0,17;261,81;261,81;1,67;1,46
1;HockertyShirts;transition;234;58;64;5;64;100;0,52;1,66;0;0,28;263,81;263,81;2,65;2,46
1;HockertyShirts;pair;234;58;64;7;305;100;0,63;0,24;2,02;0,49;265,81;265,81;4,53;3,38
1;HockertyShirts;state;235;58;67;2;106;100;0,81;0,86;0;0,18;266,81;266,81;2,03;1,84
1;HockertyShirts;transition;235;58;67;7;67;100;0,5;2,02;0;0,47;268,81;268,81;3,2;2,98
1;HockertyShirts;pair;235;58;67;9;397;100;0,58;0,16;2,04;0,4;270,81;271,81;4,05;3,19
1;HockertyShirts;state;236;59;68;2;108;100;0,6;0,62;0;0,18;272,81;272,81;1,56;1,41
1;HockertyShirts;transition;236;59;68;7;68;100;0,65;2,44;0;0,46;274,81;274,81;3,84;3,55
1;HockertyShirts;pair;236;59;68;9;405;100;0,72;0,26;2,47;0,47;276,81;276,81;5,15;3,92
1;HockertyShirts;state;237;60;73;2;109;100;0,66;0,64;0;0,12;277,81;278,81;1,56;1,43
1;HockertyShirts;transition;237;60;73;10;73;100;0,57;3,45;0;0,55;279,81;280,81;4,8;4,57
1;HockertyShirts;pair;237;60;73;15;686;100;0,65;0,31;4,37;0,7;282,81;283,81;7,17;6,03
1;HockertyShirts;state;238;57;63;2;105;100;0,79;0,74;0;0,14;284,81;285,81;1,84;1,67
1;HockertyShirts;transition;238;57;63;5;63;100;0,49;1,54;0;0,27;286,81;286,81;2,5;2,29
1;HockertyShirts;pair;238;57;63;7;299;100;0,5;0,16;1,49;0,44;288,81;288,81;3,45;2,59
1;HockertyShirts;state;239;58;64;2;107;100;0,71;0,58;0;0,12;289,81;289,81;1,52;1,41
1;HockertyShirts;transition;239;58;64;5;64;100;0,52;1,8;0;0,25;291,81;291,81;2,75;2,57
1;HockertyShirts;pair;239;58;64;7;305;100;0,57;0,19;1,5;0,34;293,81;293,81;3,47;2,6
1;HockertyShirts;state;240;59;68;2;108;100;0,71;0,62;0;0,17;294,81;295,81;1,68;1,51
1;HockertyShirts;transition;240;59;68;7;68;100;0,53;2,14;0;0,48;296,81;296,81;3,36;3,15
1;HockertyShirts;pair;240;59;68;9;405;100;0,51;0,25;2,07;0,42;298,81;299,81;4,33;3,26
1;HockertyShirts;state;241;59;68;2;108;100;0,59;0,69;0;0,15;300,81;300,81;1,58;1,43
1;HockertyShirts;transition;241;59;68;7;68;100;0,53;2,22;0;0,44;302,81;302,81;3,4;3,2
1;HockertyShirts;pair;241;59;68;10;448;100;0,51;0,18;2,64;0,46;304,81;305,81;4,85;3,79
1;HockertyShirts;state;242;60;73;2;109;100;0,64;0,76;0;0,12;306,81;306,81;1,64;1,52
1;HockertyShirts;transition;242;60;73;10;73;100;0,68;3,24;0;0,44;308,81;308,81;4,56;4,36
1;HockertyShirts;pair;242;60;73;15;686;100;0,75;0,26;4,78;0,65;311,81;312,81;7,52;6,44
1;HockertyShirts;state;243;60;73;3;138;100;0,62;1,03;0;0,25;313,81;313,81;2,09;1,9
1;HockertyShirts;transition;243;60;73;10;73;100;0,84;3,15;0;0,75;315,81;315,81;5,04;4,74
1;HockertyShirts;pair;243;60;73;15;686;100;0,7;0,25;13,62;0,71;319,81;13,04;16,44;15,27
1;HockertyShirts;state;244;59;68;2;108;100;0,58;0,7;0;0,14;14,04;14,04;1,6;1,42
1;HockertyShirts;transition;244;59;68;7;68;100;0,5;2,39;0;0,56;15,04;16,04;3,72;3,45
1;HockertyShirts;pair;244;59;68;10;448;100;0,65;0,22;2,93;0,61;18,04;18,04;5,71;4,41
1;HockertyShirts;state;245;59;68;3;137;100;0,73;1;0;0,26;19,04;20,04;2,18;1,99
1;HockertyShirts;transition;245;59;68;7;68;100;0,74;2,77;0;0,51;21,04;22,04;4,27;4,01
1;HockertyShirts;pair;245;59;68;9;405;100;0,72;0,23;2,44;0,51;23,04;24,04;5,12;3,9
1;HockertyShirts;state;246;59;68;2;108;100;0,78;0,9;0;0,17;25,04;25,04;2,05;1,85
1;HockertyShirts;transition;246;59;68;7;68;100;0,72;2,86;0;0,56;27,04;27,04;4,46;4,14
1;HockertyShirts;pair;246;59;68;9;405;100;0,79;0,22;2,73;0,57;29,04;30,04;5,59;4,32
1;HockertyShirts;state;247;60;73;3;138;100;0,85;0,94;0;0,25;31,04;31,04;2,29;2,04
1;HockertyShirts;transition;247;60;73;10;73;100;0,73;4,04;0;0,85;33,04;33,04;5,99;5,62
1;HockertyShirts;pair;247;60;73;15;686;100;0,84;0,25;4,16;0,63;36,04;37,04;7,29;5,88
1;HockertyShirts;state;248;57;63;2;105;100;0,62;0,62;0;0,11;38,04;38,04;1,48;1,35
1;HockertyShirts;transition;248;57;63;5;63;100;0,56;1,67;0;0,45;39,04;40,04;2,91;2,67
1;HockertyShirts;pair;248;57;63;7;299;100;0,68;0,22;1,76;0,41;41,04;42,04;4,27;3,08
1;HockertyShirts;state;249;57;63;2;105;100;0,76;0,89;0;0,17;43,04;43,04;1,99;1,82
1;HockertyShirts;transition;249;57;63;5;63;100;0,64;2,16;0;0,38;44,04;45,04;3,46;3,19
1;HockertyShirts;pair;249;57;63;7;299;100;0,68;0,21;1,6;0,34;46,04;47,04;3,93;2,83
1;HockertyShirts;state;250;58;64;2;107;100;0,61;0,82;0;0,18;48,04;48,04;1,8;1,61
1;HockertyShirts;transition;250;58;64;5;64;100;0,76;2,57;0;0,43;49,04;49,04;4,02;3,76
1;HockertyShirts;pair;250;58;64;7;305;100;0,82;0,24;2,05;0,5;51,04;52,04;4,88;3,62
1;HockertyShirts;state;251;60;73;2;109;100;0,82;1,09;0;0,22;53,04;53,04;2,31;2,14
1;HockertyShirts;transition;251;60;73;10;73;100;0,7;3,96;0;0,83;55,04;55,04;5,82;5,49
1;HockertyShirts;pair;251;60;73;15;686;100;0,63;0,22;4,06;0,64;58,04;59,04;6,51;5,55
1;HockertyShirts;state;252;58;67;2;106;100;0,54;0,69;0;0,17;60,04;60,04;1,54;1,4
1;HockertyShirts;transition;252;58;67;7;67;100;0,52;2,31;0;0,39;61,04;62,04;3,41;3,22
1;HockertyShirts;pair;252;58;67;11;481;100;0,56;0,2;2,78;0,46;64,04;64,04;5,06;4
1;HockertyShirts;state;253;59;68;2;108;100;0,57;0,74;0;0,17;65,04;66,04;1,66;1,49
1;HockertyShirts;transition;253;59;68;7;68;100;0,59;2,22;0;0,44;67,04;67,04;3,48;3,25
1;HockertyShirts;pair;253;59;68;9;405;100;0,58;0,2;2,14;0,44;69,04;70,04;4,4;3,36
1;HockertyShirts;state;254;60;73;2;109;100;0,61;0,76;0;0,13;71,04;71,04;1,64;1,5
1;HockertyShirts;transition;254;60;73;10;73;100;0,49;3,27;0;0,58;73,04;73,04;4,66;4,34
1;HockertyShirts;pair;254;60;73;15;686;100;0,82;0,29;5,36;0,74;76,04;77,04;8,68;7,22
1;HockertyShirts;state;255;59;68;2;108;100;0,58;0,76;0;0,12;78,04;78,04;1,6;1,46
1;HockertyShirts;transition;255;59;68;7;68;100;0,55;2,25;0;0,37;80,04;80,04;3,4;3,17
1;HockertyShirts;pair;255;59;68;9;405;100;0,58;0,2;2,02;0,36;82,04;83,04;4,05;3,15
1;HockertyShirts;state;256;59;68;2;108;100;0,48;0,58;0;0,12;84,04;84,04;1,31;1,18
1;HockertyShirts;transition;256;59;68;7;68;100;0,59;2,21;0;0,36;85,04;86,04;3,36;3,16
1;HockertyShirts;pair;256;59;68;10;448;100;0,56;0,22;2,98;0,49;88,04;88,04;5,43;4,25
1;HockertyShirts;state;257;59;68;2;108;100;0,55;0,9;0;0,19;89,04;89,04;1,8;1,64
1;HockertyShirts;transition;257;59;68;7;68;100;0,64;2,22;0;0,35;91,04;91,04;3,39;3,2
1;HockertyShirts;pair;257;59;68;9;405;100;0,59;0,22;2,52;0,52;93,04;94,04;5,07;3,85
1;HockertyShirts;state;258;60;73;3;138;100;0,71;0,8;0;0,19;95,04;95,04;1,86;1,71
1;HockertyShirts;transition;258;60;73;10;73;100;0,54;3,02;0;0,45;97,04;97,04;4,21;4
1;HockertyShirts;pair;258;60;73;16;729;100;0,48;0,2;4,73;0,78;100,04;101,04;7,29;6,19
1;HockertyShirts;state;259;59;68;3;137;100;0,7;0,74;0;0,21;102,04;102,04;1,8;1,65
1;HockertyShirts;transition;259;59;68;7;68;100;0,57;2,28;0;0,47;104,04;104,04;3,55;3,33
1;HockertyShirts;pair;259;59;68;10;448;100;0,59;0,19;2,65;0,7;106,04;107,04;5,35;4,12
1;HockertyShirts;state;260;59;68;2;108;100;0,79;0,75;0;0,12;108,04;108,04;1,81;1,66
1;HockertyShirts;transition;260;59;68;7;68;100;0,47;2,18;0;0,6;110,04;110,04;3,47;3,24
1;HockertyShirts;pair;260;59;68;9;405;100;0,6;0,21;2,2;0,58;112,04;113,04;4,56;3,58
1;HockertyShirts;state;261;58;64;2;107;100;0,72;0,84;0;0,21;113,04;114,04;1,95;1,77
1;HockertyShirts;transition;261;58;64;5;64;100;0,71;2,24;0;0,28;115,04;115,04;3,41;3,23
1;HockertyShirts;pair;261;58;64;7;305;100;0,51;0,15;1,34;0,32;117,04;118,04;3,12;2,33
1;HockertyShirts;state;262;60;73;3;138;100;0,71;0,82;0;0,15;119,04;119,04;1,83;1,68
1;HockertyShirts;transition;262;60;73;10;73;100;0,51;3,29;0;0,6;120,04;121,04;4,63;4,39
1;HockertyShirts;pair;262;60;73;15;686;100;0,8;0,28;5,42;0,85;123,04;124,04;8,96;7,34
1;HockertyShirts;state;263;60;73;2;109;100;0,76;0,87;0;0,13;125,04;126,04;1,93;1,76
1;HockertyShirts;transition;263;60;73;10;73;100;0,64;3,43;0;0,52;127,04;128,04;4,93;4,59
1;HockertyShirts;pair;263;60;73;15;686;100;0,62;0,29;4,68;0,9;130,04;131,04;7,75;6,49
1;HockertyShirts;state;264;60;73;2;109;100;0,73;0,91;0;0,17;132,04;133,04;1,98;1,82
1;HockertyShirts;transition;264;60;73;10;73;100;0,69;3,53;0;0,67;134,04;135,04;5,2;4,89
1;HockertyShirts;pair;264;60;73;16;729;100;0,71;0,25;5,29;0,88;137,04;139,04;8,45;7,13
1;HockertyShirts;state;265;58;64;2;107;100;0,75;0,76;0;0,17;139,04;140,04;1,85;1,68
1;HockertyShirts;transition;265;58;64;5;64;100;0,64;2,16;0;0,36;141,04;141,04;3,43;3,15
1;HockertyShirts;pair;265;58;64;7;305;100;0,68;0,23;1,77;0,4;143,04;144,04;4,02;3,09
1;HockertyShirts;state;266;60;73;3;138;100;0,87;0,94;0;0,21;145,04;145,04;2,19;2,01
1;HockertyShirts;transition;266;60;73;10;73;100;0,88;3,43;0;0,87;146,04;147,04;5,5;5,18
1;HockertyShirts;pair;266;60;73;16;729;100;0,91;0,25;5,24;1;150,04;151,04;8,71;7,4
1;HockertyShirts;state;267;60;73;3;138;100;0,72;0,82;0;0,28;152,04;152,04;2,05;1,82
1;HockertyShirts;transition;267;60;73;10;73;100;0,68;3,68;0;0,54;154,04;154,04;5,21;4,9
1;HockertyShirts;pair;267;60;73;16;729;100;0,73;0,23;5,59;0,8;157,04;158,04;8,59;7,35
1;HockertyShirts;state;268;59;72;3;136;100;0,64;0,91;0;0,25;159,04;159,04;2,02;1,81
1;HockertyShirts;transition;268;59;72;10;72;100;0,86;4,28;0;0,61;161,04;161,04;6,15;5,76
1;HockertyShirts;pair;268;59;72;16;714;100;0,85;0,19;4,99;1,03;164,04;165,04;8,48;7,05
1;HockertyShirts;state;269;58;67;2;106;100;0,79;1,08;0;0,23;166,04;166,04;2,31;2,1
1;HockertyShirts;transition;269;58;67;7;67;100;0,7;2,42;0;0,38;167,04;168,04;3,76;3,5
1;HockertyShirts;pair;269;58;67;10;439;100;0,52;0,22;2,62;0,56;170,04;170,04;4,95;3,92
1;HockertyShirts;state;270;57;63;2;105;100;0,77;0,66;0;0,15;171,04;172,04;1,73;1,59
1;HockertyShirts;transition;270;57;63;5;63;100;0,45;2,46;0;0,45;173,04;173,04;3,65;3,36
1;HockertyShirts;pair;270;57;63;7;299;100;1,06;0,35;1,97;0,46;175,04;175,04;5,12;3,84
1;HockertyShirts;state;271;59;68;2;108;100;0,83;0,94;0;0,19;176,04;177,04;2,17;1,96
1;HockertyShirts;transition;271;59;68;7;68;100;0,82;3,06;0;0,56;178,04;179,04;4,72;4,44
1;HockertyShirts;pair;271;59;68;10;448;100;0,85;0,26;2,98;0,64;181,04;181,04;6,36;4,73
1;HockertyShirts;state;272;57;63;2;105;100;0,76;0,87;0;0,18;182,04;182,04;1,99;1,82
1;HockertyShirts;transition;272;57;63;5;63;100;0,73;2,43;0;0,43;184,04;184,04;3,91;3,59
1;HockertyShirts;pair;272;57;63;7;299;100;0,78;0,21;1,8;0,44;186,04;186,04;4,33;3,23
1;HockertyShirts;state;273;60;73;2;109;100;0,79;1,08;0;0,22;187,04;187,04;2,26;2,08
1;HockertyShirts;transition;273;60;73;10;73;100;0,83;4,01;0;0,77;189,04;190,04;5,9;5,61
1;HockertyShirts;pair;273;60;73;15;686;100;0,79;0,3;5,31;0,94;192,04;193,04;8,84;7,34
1;HockertyShirts;state;274;59;68;2;108;100;0,9;1;0;0,18;194,04;194,04;2,27;2,08
1;HockertyShirts;transition;274;59;68;7;68;100;0,73;2,83;0;0,57;196,04;196,04;4,38;4,13
1;HockertyShirts;pair;274;59;68;10;448;100;0,75;0,24;3,25;0,63;198,04;199,04;6,15;4,87
1;HockertyShirts;state;275;58;67;2;106;100;0,81;0,99;0;0,18;200,04;200,04;2,16;1,98
1;HockertyShirts;transition;275;58;67;7;67;100;0,7;2,76;0;0,52;201,04;202,04;4,24;3,98
1;HockertyShirts;pair;275;58;67;10;439;100;0,67;0,26;2,97;0,61;204,04;205,04;5,92;4,5
1;HockertyShirts;state;276;60;73;3;138;100;0,78;0,9;0;0,22;206,04;206,04;2,06;1,9
1;HockertyShirts;transition;276;60;73;10;73;100;0,73;3,34;0;0,55;207,04;208,04;4,89;4,62
1;HockertyShirts;pair;276;60;73;15;686;100;0,55;0,19;4,93;0,64;210,04;212,04;7,49;6,31
1;HockertyShirts;state;277;60;73;3;138;100;0,6;0,89;0;0,26;213,04;213,04;1,92;1,74
1;HockertyShirts;transition;277;60;73;10;73;100;0,77;3,85;0;0,85;214,04;215,04;5,78;5,47
1;HockertyShirts;pair;277;60;73;16;729;100;0,78;0,28;5,23;1,03;218,04;219,04;8,71;7,33
1;HockertyShirts;state;278;60;73;3;138;100;0,84;0,91;0;0,18;220,04;220,04;2,11;1,92
1;HockertyShirts;transition;278;60;73;10;73;100;0,58;2,68;0;0,51;222,04;222,04;4;3,77
1;HockertyShirts;pair;278;60;73;16;729;100;0,85;0,29;5,74;1,1;225,04;226,04;9,55;7,99
1;HockertyShirts;state;279;59;68;2;108;100;0,76;0,88;0;0,19;227,04;227,04;2;1,83
1;HockertyShirts;transition;279;59;68;7;68;100;0,74;2,85;0;0,59;228,04;229,04;4,56;4,17
1;HockertyShirts;pair;279;59;68;10;448;100;0,89;0,27;3,03;0,63;231,04;232,04;6,22;4,83
1;HockertyShirts;state;280;60;73;2;109;100;0,79;1,06;0;0,2;233,04;233,04;2,34;2,05
1;HockertyShirts;transition;280;60;73;10;73;100;0,77;4,17;0;0,75;234,04;235,04;6,04;5,69
1;HockertyShirts;pair;280;60;73;15;686;100;0,8;0,27;5,48;0,97;237,04;238,04;9,1;7,52
1;HockertyShirts;state;281;60;73;3;138;100;0,8;0,84;0;0,25;239,04;240,04;2,06;1,9
1;HockertyShirts;transition;281;60;73;10;73;100;0,75;4,17;0;0,78;241,04;242,04;6,01;5,7
1;HockertyShirts;pair;281;60;73;15;686;100;0,76;0,27;5,45;0,93;244,04;245,04;8,87;7,4
1;HockertyShirts;state;282;58;67;2;106;100;0,85;0,89;0;0,19;246,04;247,04;2,11;1,93
1;HockertyShirts;transition;282;58;67;7;67;100;0,83;2,85;0;0,63;248,04;249,04;4,61;4,32
1;HockertyShirts;pair;282;58;67;10;439;100;0,78;0,25;2,82;0,61;250,04;251,04;5,74;4,46
1;HockertyShirts;state;283;58;64;2;107;100;0,76;0,83;0;0,17;252,04;252,04;1,91;1,76
1;HockertyShirts;transition;283;58;64;5;64;100;0,67;2,28;0;0,42;254,04;254,04;3,62;3,37
1;HockertyShirts;pair;283;58;64;7;305;100;0,83;0,23;1,97;0,45;256,04;256,04;4,72;3,48
1;HockertyShirts;state;284;59;68;2;108;100;0,78;0,86;0;0,18;257,04;257,04;1,98;1,82
1;HockertyShirts;transition;284;59;68;7;68;100;0,73;2,95;0;0,61;259,04;259,04;4,56;4,29
1;HockertyShirts;pair;284;59;68;10;448;100;0,75;0,23;2,97;0,64;261,04;262,04;5,8;4,59
1;HockertyShirts;state;285;60;73;3;138;100;0,85;0,91;0;0,23;263,04;263,04;2,18;1,99
1;HockertyShirts;transition;285;60;73;10;73;100;0,78;3,89;0;0,72;265,04;265,04;5,66;5,39
1;HockertyShirts;pair;285;60;73;16;729;100;0,79;0,26;5,82;1;268,04;269,04;9,35;7,87
1;HockertyShirts;state;286;59;68;2;108;100;0,73;0,84;0;0,17;270,04;270,04;1,91;1,75
1;HockertyShirts;transition;286;59;68;7;68;100;0,7;2,96;0;0,53;272,04;272,04;4,46;4,2
1;HockertyShirts;pair;286;59;68;9;405;100;0,73;0,23;2,54;0,57;274,04;275,04;5,27;4,07
1;HockertyShirts;state;287;59;68;2;108;100;0,72;0,95;0;0,19;276,04;276,04;2,03;1,86
1;HockertyShirts;transition;287;59;68;7;68;100;0,79;2,73;0;0,59;277,04;278,04;4,37;4,11
1;HockertyShirts;pair;287;59;68;9;405;100;0,7;0,23;2,52;0,65;280,04;280,04;5,31;4,09
1;HockertyShirts;state;288;59;68;2;108;100;0,81;0,86;0;0,19;281,04;281,04;2,01;1,86
1;HockertyShirts;transition;288;59;68;7;68;100;0,72;2,84;0;0,57;283,04;283,04;4,39;4,13
1;HockertyShirts;pair;288;59;68;10;448;100;0,76;0,29;3,21;0,62;285,04;286,04;6,2;4,89
1;HockertyShirts;state;289;58;67;2;106;100;0,73;0,84;0;0,17;287,04;287,04;1,88;1,73
1;HockertyShirts;transition;289;58;67;7;67;100;0,73;2,69;0;0,64;289,04;289,04;4,34;4,07
1;HockertyShirts;pair;289;58;67;10;439;100;0,76;0,23;2,76;0,6;291,04;292,04;5,56;4,35
1;HockertyShirts;state;290;60;73;2;109;100;0,77;0,87;0;0,2;293,04;293,04;2;1,84
1;HockertyShirts;transition;290;60;73;10;73;100;0,85;3,97;0;0,74;295,04;295,04;5,84;5,56
1;HockertyShirts;pair;290;60;73;15;686;100;0,78;0,28;5,47;0,98;298,04;299,04;8,87;7,52
1;HockertyShirts;state;291;59;72;3;136;100;0,76;0,87;0;0,23;300,04;300,04;2,03;1,86
1;HockertyShirts;transition;291;59;72;10;72;100;0,71;4;0;0,73;302,04;302,04;5,7;5,44
1;HockertyShirts;pair;291;59;72;15;672;100;0,75;0,26;4,97;1,02;305,04;306,04;8,5;7
1;HockertyShirts;state;292;60;73;2;109;100;0,76;0,83;0;0,18;306,04;307,04;1,93;1,77
1;HockertyShirts;transition;292;60;73;10;73;100;0,74;3,78;0;0,86;308,04;309,04;5,74;5,37
1;HockertyShirts;pair;292;60;73;15;686;100;0,81;0,27;5,05;0,95;311,04;312,04;8,49;7,08
1;HockertyShirts;state;293;57;63;2;105;100;0,51;0,55;0;0,13;313,04;314,04;1,36;1,2
1;HockertyShirts;transition;293;57;63;5;63;100;0,52;1,87;0;0,39;315,04;315,04;2,99;2,77
1;HockertyShirts;pair;293;57;63;7;299;100;0,7;0,15;1,23;0,28;317,04;317,04;3,36;2,37
1;HockertyShirts;state;294;60;73;3;138;100;12,5;1,05;0;0,27;11,81;12,81;14,07;13,82
1;HockertyShirts;transition;294;60;73;10;73;100;2,09;3,48;0;0,7;13,81;14,81;6,63;6,27
1;HockertyShirts;pair;294;60;73;15;686;100;0,7;0,23;4,64;0,8;16,81;17,81;7,68;6,37
1;HockertyShirts;state;295;59;68;2;108;100;0,67;0,74;0;0,13;18,81;18,81;1,7;1,54
1;HockertyShirts;transition;295;59;68;7;68;100;0,64;2,58;0;0,5;20,81;20,81;3,97;3,72
1;HockertyShirts;pair;295;59;68;9;405;100;0,75;0,28;3,06;0,52;22,81;23,81;5,97;4,61
1;HockertyShirts;state;296;59;72;2;107;100;0,76;0,77;0;0,2;24,81;24,81;1,93;1,73
1;HockertyShirts;transition;296;59;72;10;72;100;0,76;3,69;0;0,75;26,81;26,81;5,5;5,2
1;HockertyShirts;pair;296;59;72;15;672;100;0,75;0,36;5,53;0,68;29,81;30,81;8,87;7,32
1;HockertyShirts;state;297;58;67;2;106;100;0,6;0,78;0;0,14;31,81;31,81;1,68;1,51
1;HockertyShirts;transition;297;58;67;7;67;100;0,77;2,49;0;0,5;32,81;33,81;4,06;3,76
1;HockertyShirts;pair;297;58;67;10;439;100;0,73;0,24;3,27;0,7;35,81;36,81;6,36;4,94
1;HockertyShirts;state;298;60;73;2;109;100;0,81;1,03;0;0,21;37,81;37,81;2,27;2,05
1;HockertyShirts;transition;298;60;73;10;73;100;0,89;4,32;0;0,9;38,81;39,81;6,5;6,11
1;HockertyShirts;pair;298;60;73;16;729;100;0,82;0,31;6,33;1,12;42,81;43,81;10,29;8,59
1;HockertyShirts;state;299;58;64;2;107;100;0,85;0,91;0;0,19;44,81;44,81;2,17;1,96
1;HockertyShirts;transition;299;58;64;5;64;100;0,79;2,37;0;0,29;45,81;45,81;3,77;3,45
1;HockertyShirts;pair;299;58;64;7;305;100;0,68;0,17;1,66;0,4;47,81;48,81;3,85;2,9
1;HockertyShirts;state;300;58;67;2;106;100;0,77;0,9;0;0,19;49,81;49,81;2,11;1,86
1;HockertyShirts;transition;300;58;67;7;67;100;0,76;3;0;0,53;50,81;51,81;4,58;4,29
1;HockertyShirts;pair;300;58;67;11;481;100;0,78;0,17;2,35;0,46;53,81;53,81;4,88;3,75
1;HockertyShirts;state;301;59;68;2;108;100;0,6;0,86;0;0,21;54,81;55,81;1,86;1,67
1;HockertyShirts;transition;301;59;68;7;68;100;0,78;3,1;0;0,61;56,81;57,81;4,77;4,5
1;HockertyShirts;pair;301;59;68;10;448;100;0,6;0,22;3,09;0,68;58,81;59,81;5,76;4,59
1;HockertyShirts;state;302;59;68;2;108;100;0,83;0,86;0;0,19;60,81;60,81;2,07;1,89
1;HockertyShirts;transition;302;59;68;7;68;100;0,76;2,97;0;0,54;62,81;62,81;4,57;4,26
1;HockertyShirts;pair;302;59;68;10;448;100;0,85;0,25;3,31;0,61;64,81;65,81;6,41;5,02
1;HockertyShirts;state;303;60;73;2;109;100;0,82;0,97;0;0,2;66,81;66,81;2,18;1,99
1;HockertyShirts;transition;303;60;73;10;73;100;0,78;4,12;0;0,73;68,81;68,81;5,97;5,63
1;HockertyShirts;pair;303;60;73;15;686;100;0,6;0,2;4,06;0,71;71,81;72,81;6,77;5,57
1;HockertyShirts;state;304;60;73;2;109;100;0,59;0,71;0;0,14;73,81;73,81;1,58;1,44
1;HockertyShirts;transition;304;60;73;10;73;100;0,67;3,26;0;0,7;75,81;75,81;4,87;4,63
1;HockertyShirts;pair;304;60;73;15;686;100;0,73;0,21;4,56;0,63;78,81;79,81;7,27;6,12
1;HockertyShirts;state;305;59;68;2;108;100;0,51;0,62;0;0,14;80,81;80,81;1,38;1,27
1;HockertyShirts;transition;305;59;68;7;68;100;0,64;2,6;0;0,44;81,81;82,81;3,94;3,68
1;HockertyShirts;pair;305;59;68;9;405;100;0,59;0,2;2,39;0,5;84,81;84,81;4,62;3,68
1;HockertyShirts;state;306;59;68;2;108;100;0,71;0,68;0;0,14;85,81;86,81;1,67;1,53
1;HockertyShirts;transition;306;59;68;7;68;100;0,51;2,52;0;0,54;87,81;88,81;3,77;3,57
1;HockertyShirts;pair;306;59;68;9;405;100;0,55;0,24;2,51;0,65;89,81;90,81;5,06;3,94
1;HockertyShirts;state;307;60;73;2;109;100;0,69;0,77;0;0,19;91,81;91,81;1,84;1,64
1;HockertyShirts;transition;307;60;73;10;73;100;0,8;4,3;0;0,87;93,81;94,81;6,29;5,97
1;HockertyShirts;pair;307;60;73;16;729;100;0,83;0,35;6,3;1,03;96,81;97,81;10,05;8,52
1;HockertyShirts;state;308;59;68;2;108;100;0,86;0,94;0;0,19;98,81;98,81;2,17;1,99
1;HockertyShirts;transition;308;59;68;7;68;100;0,76;3,09;0;0,55;100,81;100,81;4,7;4,4
1;HockertyShirts;pair;308;59;68;10;448;100;0,89;0,22;3,12;0,65;102,81;103,81;6,29;4,88
1;HockertyShirts;state;309;59;72;2;107;100;0,89;0,94;0;0,18;104,81;104,81;2,19;2
1;HockertyShirts;transition;309;59;72;10;72;100;0,8;4,26;0;0,77;106,81;106,81;6,19;5,83
1;HockertyShirts;pair;309;59;72;17;756;100;0,83;0,25;6,45;0,95;109,81;110,81;10,18;8,48
1;HockertyShirts;state;310;60;73;2;109;100;0,83;0,93;0;0,2;111,81;111,81;2,16;1,96
1;HockertyShirts;transition;310;60;73;10;73;100;0,81;4,35;0;0,72;113,81;113,81;6,26;5,87
1;HockertyShirts;pair;310;60;73;15;686;100;0,84;0,29;5,2;0,97;116,81;117,81;8,86;7,3
1;HockertyShirts;state;311;60;73;2;109;100;0,86;1,01;0;0,2;118,81;118,81;2,28;2,07
1;HockertyShirts;transition;311;60;73;10;73;100;0,89;4,42;0;0,9;120,81;120,81;6,55;6,22
1;HockertyShirts;pair;311;60;73;15;686;100;0,84;0,26;5,82;0,95;123,81;124,81;9,4;7,88
1;HockertyShirts;state;312;60;73;2;109;100;0,84;1,03;0;0,2;125,81;125,81;2,29;2,07
1;HockertyShirts;transition;312;60;73;10;73;100;0,79;4,27;0;0,77;127,81;127,81;6,19;5,83
1;HockertyShirts;pair;312;60;73;15;686;100;0,89;0,27;5,46;1;130,81;131,81;9,08;7,62
1;HockertyShirts;state;313;60;73;2;109;100;0,86;0,93;0;0,2;132,81;132,81;2,2;1,99
1;HockertyShirts;transition;313;60;73;10;73;100;0,76;4,31;0;0,74;134,81;134,81;6,16;5,8
1;HockertyShirts;pair;313;60;73;15;686;100;0,87;0,32;5,65;0,93;137,81;138,81;9,39;7,77
1;HockertyShirts;state;314;60;73;3;138;100;0,96;0,98;0;0,28;139,81;139,81;2,42;2,22
1;HockertyShirts;transition;314;60;73;10;73;100;0,76;4,27;0;0,77;141,81;141,81;6,25;5,8
1;HockertyShirts;pair;314;60;73;15;686;100;0,93;0,28;5,73;0,98;144,81;145,81;9,52;7,91
1;HockertyShirts;state;315;60;73;2;109;100;0,88;0,97;0;0,22;146,81;146,81;2,25;2,07
1;HockertyShirts;transition;315;60;73;10;73;100;0,67;3,88;0;0,78;148,81;148,81;5,67;5,32
1;HockertyShirts;pair;315;60;73;15;686;100;0,82;0,32;5,75;0,92;151,81;152,81;9,31;7,8
1;HockertyShirts;state;316;59;68;3;137;100;0,91;1,03;0;0,24;153,81;153,81;2,4;2,18
1;HockertyShirts;transition;316;59;68;7;68;100;0,74;2,92;0;0,58;154,81;155,81;4,55;4,24
1;HockertyShirts;pair;316;59;68;10;448;100;0,84;0,26;3,11;0,66;157,81;157,81;6,24;4,86
1;HockertyShirts;state;317;59;72;2;107;100;0,83;0,92;0;0,21;158,81;159,81;2,16;1,96
1;HockertyShirts;transition;317;59;72;10;72;100;0,75;4,06;0;0,85;160,81;161,81;6,09;5,66
1;HockertyShirts;pair;317;59;72;16;714;100;0,81;0,27;6;1,17;163,81;164,81;9,9;8,26
1;HockertyShirts;state;318;60;73;3;138;100;0,98;1;0;0,26;165,81;166,81;2,46;2,23
1;HockertyShirts;transition;318;60;73;10;73;100;0,55;3,13;0;0,68;167,81;168,81;4,75;4,37
1;HockertyShirts;pair;318;60;73;15;686;100;0,56;0,21;5,77;1;170,81;171,81;9,12;7,54
1;HockertyShirts;state;319;59;68;2;108;100;0,85;0,97;0;0,2;172,81;173,81;2,23;2,02
1;HockertyShirts;transition;319;59;68;7;68;100;0,82;3,13;0;0,55;174,81;174,81;4,88;4,5
1;HockertyShirts;pair;319;59;68;9;405;100;0,81;0,28;2,85;0,55;176,81;177,81;5,86;4,49
1;HockertyShirts;state;320;60;73;2;109;100;0,88;0,96;0;0,21;178,81;178,81;2,32;2,05
1;HockertyShirts;transition;320;60;73;10;73;100;0,81;4,31;0;0,94;180,81;180,81;6,53;6,05
1;HockertyShirts;pair;320;60;73;15;686;100;0,83;0,3;5,8;0,94;183,81;184,81;9,44;7,87
1;HockertyShirts;state;321;60;73;2;109;100;0,82;0,94;0;0,23;185,81;185,81;2,25;1,99
1;HockertyShirts;transition;321;60;73;10;73;100;0,86;4,2;0;0,75;187,81;187,81;6,16;5,81
1;HockertyShirts;pair;321;60;73;15;686;100;0,84;0,27;4,76;1;190,81;191,81;8,36;6,86
1;HockertyShirts;state;322;58;64;2;107;100;0,83;0,86;0;0,15;192,81;192,81;2,04;1,83
1;HockertyShirts;transition;322;58;64;5;64;100;0,7;1,86;0;0,43;193,81;194,81;3,22;2,99
1;HockertyShirts;pair;322;58;64;7;305;100;0,7;0,18;1,27;0,4;195,81;196,81;3,56;2,54
1;HockertyShirts;state;323;59;68;2;108;100;0,78;0,95;0;0,18;197,81;197,81;2,1;1,91
1;HockertyShirts;transition;323;59;68;7;68;100;0,68;2,71;0;0,47;199,81;199,81;4,13;3,85
1;HockertyShirts;pair;323;59;68;10;448;100;0,7;0,26;2,64;0,59;201,81;202,81;5,4;4,18
1;HockertyShirts;state;324;59;68;2;108;100;0,74;0,74;0;0,16;203,81;203,81;1,79;1,65
1;HockertyShirts;transition;324;59;68;7;68;100;0,63;2,57;0;0,47;204,81;205,81;3,88;3,67
1;HockertyShirts;pair;324;59;68;10;448;100;0,65;0,22;2,61;0,59;207,81;207,81;5,18;4,07
1;HockertyShirts;state;325;60;73;3;138;100;0,73;0,81;0;0,23;208,81;209,81;1,92;1,76
1;HockertyShirts;transition;325;60;73;10;73;100;0,67;3,58;0;0,69;210,81;211,81;5,2;4,94
1;HockertyShirts;pair;325;60;73;16;729;100;0,71;0,25;5,29;0,92;213,81;215,81;8,51;7,17
1;HockertyShirts;state;326;58;67;2;106;100;0,7;0,75;0;0,16;216,81;216,81;1,75;1,61
1;HockertyShirts;transition;326;58;67;7;67;100;0,65;2,6;0;0,46;217,81;218,81;3,93;3,71
1;HockertyShirts;pair;326;58;67;10;439;100;0,65;0,21;2,6;0,57;220,81;220,81;5,16;4,03
1;HockertyShirts;state;327;59;68;2;108;100;0,68;0,77;0;0,16;221,81;221,81;1,75;1,61
1;HockertyShirts;transition;327;59;68;7;68;100;0,66;2,58;0;0,47;223,81;223,81;3,92;3,7
1;HockertyShirts;pair;327;59;68;9;405;100;0,66;0,23;2,57;0,51;225,81;226,81;5,17;3,97
1;HockertyShirts;state;328;59;68;2;108;100;0,73;0,81;0;0,15;227,81;227,81;1,85;1,69
1;HockertyShirts;transition;328;59;68;7;68;100;0,65;2,62;0;0,54;229,81;229,81;4,04;3,81
1;HockertyShirts;pair;328;59;68;9;405;100;0,66;0,22;2,49;0,5;231,81;231,81;4,96;3,86
1;HockertyShirts;state;329;60;73;2;109;100;0,69;0,79;0;0,18;232,81;233,81;1,82;1,66
1;HockertyShirts;transition;329;60;73;10;73;100;0,7;3,58;0;0,66;234,81;235,81;5,2;4,94
1;HockertyShirts;pair;329;60;73;15;686;100;0,68;0,28;4,83;0,82;237,81;238,81;7,94;6,61
1;HockertyShirts;state;330;60;73;2;109;100;0,87;0,79;0;0,18;239,81;240,81;2,03;1,85
1;HockertyShirts;transition;330;60;73;10;73;100;0,67;3,82;0;0,62;241,81;242,81;5,44;5,11
1;HockertyShirts;pair;330;60;73;15;686;100;0,67;0,19;4,02;0,67;244,81;245,81;6,63;5,55
1;HockertyShirts;state;331;59;72;3;136;100;0,59;0,78;0;0,2;246,81;247,81;1,72;1,57
1;HockertyShirts;transition;331;59;72;10;72;100;0,68;3,33;0;0,75;248,81;249,81;5,05;4,76
1;HockertyShirts;pair;331;59;72;15;672;100;0,66;0,21;4,54;0,69;251,81;252,81;7,47;6,1
1;HockertyShirts;state;332;59;68;2;108;100;0,66;0,73;0;0,16;253,81;253,81;1,72;1,54
1;HockertyShirts;transition;332;59;68;7;68;100;0,74;2,76;0;0,38;255,81;255,81;4,1;3,88
1;HockertyShirts;pair;332;59;68;10;448;100;0,63;0,24;2,77;0,71;257,81;258,81;5,56;4,35
1;HockertyShirts;state;333;60;73;2;109;100;0,75;0,75;0;0,19;259,81;259,81;1,87;1,69
1;HockertyShirts;transition;333;60;73;10;73;100;0,61;3,74;0;0,53;261,81;261,81;5,13;4,88
1;HockertyShirts;pair;333;60;73;15;686;100;0,69;0,25;4,15;0,63;264,81;265,81;7,2;5,74
1;HockertyShirts;state;334;60;73;2;109;100;0,71;0,79;0;0,15;266,81;266,81;1,79;1,65
1;HockertyShirts;transition;334;60;73;10;73;100;0,63;2,88;0;0,68;268,81;268,81;4,46;4,19
1;HockertyShirts;pair;334;60;73;16;729;100;0,77;0,23;5,02;0,72;271,81;272,81;7,94;6,74
1;HockertyShirts;state;335;59;68;2;108;100;0,55;0,83;0;0,19;273,81;273,81;1,75;1,57
1;HockertyShirts;transition;335;59;68;7;68;100;0,72;2,47;0;0,57;275,81;275,81;4,05;3,75
1;HockertyShirts;pair;335;59;68;9;405;100;0,74;0,28;2,41;0,62;277,81;278,81;5,13;4,05
1;HockertyShirts;state;336;60;73;3;138;100;0,82;0,83;0;0,2;279,81;279,81;1,99;1,85
1;HockertyShirts;transition;336;60;73;10;73;100;0,82;3,72;0;0,59;281,81;281,81;5,4;5,13
1;HockertyShirts;pair;336;60;73;16;729;100;0,85;0,22;5,23;0,86;284,81;285,81;8,53;7,16
1;HockertyShirts;state;337;59;68;2;108;100;0,61;0,81;0;0,18;286,81;286,81;1,8;1,61
1;HockertyShirts;transition;337;59;68;7;68;100;0,69;2,49;0;0,64;287,81;288,81;4,08;3,81
1;HockertyShirts;pair;337;59;68;9;405;100;0,77;0,25;2,51;0,49;290,81;290,81;5,26;4,02
1;HockertyShirts;state;338;59;68;2;108;100;0,74;0,74;0;0,17;291,81;291,81;1,84;1,66
1;HockertyShirts;transition;338;59;68;7;68;100;0,72;2,88;0;0,58;293,81;293,81;4,5;4,18
1;HockertyShirts;pair;338;59;68;10;448;100;0,69;0,23;2,61;0,68;295,81;296,81;5,26;4,21
1;HockertyShirts;state;339;58;64;2;107;100;0,75;0,86;0;0,27;297,81;297,81;2,07;1,88
1;HockertyShirts;transition;339;58;64;5;64;100;0,81;2,28;0;0,47;299,81;299,81;3,92;3,55
1;HockertyShirts;pair;339;58;64;7;305;100;0,72;0,24;1,96;0,37;301,81;301,81;4,69;3,28
1;HockertyShirts;state;340;59;68;2;108;100;0,61;0,73;0;0,12;302,81;302,81;1,63;1,46
1;HockertyShirts;transition;340;59;68;7;68;100;0,52;2,66;0;0,35;304,81;304,81;3,72;3,53
1;HockertyShirts;pair;340;59;68;9;405;100;0,55;0,18;2,72;0,71;306,81;307,81;5,3;4,16
1;HockertyShirts;state;341;59;68;2;108;100;0,77;0,86;0;0,14;308,81;308,81;1,95;1,77
1;HockertyShirts;transition;341;59;68;7;68;100;0,76;7,56;0;0,63;309,81;310,81;9,29;8,94
1;HockertyShirts;pair;341;59;68;9;405;100;0,78;0,19;2,46;0,57;312,81;312,81;5,16;3,99
1;HockertyShirts;state;342;59;72;2;107;100;0,77;0,92;0;0,22;313,81;314,81;2,11;1,91
1;HockertyShirts;transition;342;59;72;10;72;100;0,86;4,32;0;0,55;315,81;316,81;6,03;5,73
1;HockertyShirts;pair;342;59;72;17;756;100;0,63;0,24;19,59;1,41;319,81;14,04;23,25;21,86
1;HockertyShirts;state;343;59;68;2;108;100;1,08;0,97;0;0,29;14,04;15,04;2,56;2,34
1;HockertyShirts;transition;343;59;68;7;68;100;1,53;3,8;0;0,76;16,04;17,04;6,39;6,09
1;HockertyShirts;pair;343;59;68;9;405;100;1,05;0,32;2,93;0,83;18,04;19,04;6,74;5,13
1;HockertyShirts;state;344;58;67;2;106;100;1;1,25;0;0,23;20,04;20,04;2,66;2,48
1;HockertyShirts;transition;344;58;67;7;67;100;0,99;3,23;0;0,73;22,04;22,04;5,27;4,96
1;HockertyShirts;pair;344;58;67;9;397;100;1,02;0,3;2,95;0,79;24,04;25,04;6,74;5,07
1;HockertyShirts;state;345;59;72;2;107;100;1,01;1,14;0;0,23;26,04;26,04;2,57;2,38
1;HockertyShirts;transition;345;59;72;10;72;100;1,01;4,42;0;0,98;28,04;28,04;6,71;6,41
1;HockertyShirts;pair;345;59;72;16;714;100;1,04;0,35;5,93;1,55;31,04;32,04;10,76;8,87
1;HockertyShirts;state;346;60;73;2;109;100;1,07;1,17;0;0,25;33,04;33,04;2,67;2,49
1;HockertyShirts;transition;346;60;73;10;73;100;1,99;4,45;0;1,03;35,04;35,04;7,82;7,47
1;HockertyShirts;pair;346;60;73;15;686;100;1,06;0,33;5,76;1,33;38,04;39,04;10,34;8,49
1;HockertyShirts;state;347;59;68;3;137;100;1,07;1,15;0;0,3;40,04;40,04;2,73;2,52
1;HockertyShirts;transition;347;59;68;7;68;100;0,97;3,43;0;0,59;41,04;42,04;5,3;4,99
1;HockertyShirts;pair;347;59;68;9;405;100;1,03;0,35;3,25;0,76;44,04;44,04;7,25;5,4
1;HockertyShirts;state;348;58;67;2;106;100;0,94;1,1;0;0,18;45,04;45,04;2,39;2,22
1;HockertyShirts;transition;348;58;67;7;67;100;0,91;3,06;0;0,71;47,04;47,04;5,02;4,69
1;HockertyShirts;pair;348;58;67;10;439;100;1,1;0,33;3,12;0,87;49,04;50,04;6,89;5,42
1;HockertyShirts;state;349;59;68;2;108;100;0,88;0,99;0;0,27;51,04;51,04;2,37;2,14
1;HockertyShirts;transition;349;59;68;7;68;100;1,19;3,76;0;0,75;53,04;53,04;6,04;5,7
1;HockertyShirts;pair;349;59;68;9;405;100;1,08;0,45;2,76;0,8;55,04;56,04;6,73;5,08
1;HockertyShirts;state;350;59;72;3;136;100;1,02;1,15;0;0,31;57,04;57,04;2,66;2,48
1;HockertyShirts;transition;350;59;72;10;72;100;1,04;4,33;0;0,97;58,04;59,04;6,65;6,34
1;HockertyShirts;pair;350;59;72;15;672;100;1;0,32;5,4;1,38;61,04;62,04;9,96;8,1
1;HockertyShirts;state;351;59;72;2;107;100;0,98;1,09;0;0,25;63,04;64,04;2,53;2,32
1;HockertyShirts;transition;351;59;72;10;72;100;1,08;4,2;0;0,99;65,04;66,04;6,56;6,27
1;HockertyShirts;pair;351;59;72;16;714;100;1;0,32;6,16;1,52;68,04;69,04;10,92;9
1;HockertyShirts;state;352;60;73;3;138;100;1;1,1;0;0,31;70,04;71,04;2,61;2,41
1;HockertyShirts;transition;352;60;73;10;73;100;1,05;3,76;0;0,98;72,04;73,04;6,09;5,79
1;HockertyShirts;pair;352;60;73;15;686;100;0,98;0,4;6,77;1,58;75,04;76,04;12,05;9,72
1;HockertyShirts;state;353;60;73;3;138;100;1,29;1,4;0;0,41;77,04;78,04;3,37;3,1
1;HockertyShirts;transition;353;60;73;10;73;100;1,17;5,13;0;1,26;79,04;80,04;8,03;7,56
1;HockertyShirts;pair;353;60;73;16;729;100;0,95;0,36;6,06;1,76;82,04;84,04;11,19;9,13
1;HockertyShirts;state;354;60;73;2;109;100;1,28;1,36;0;0,28;85,04;85,04;3,23;2,92
1;HockertyShirts;transition;354;60;73;10;73;100;1,14;5,17;0;1,22;86,04;87,04;7,93;7,53
1;HockertyShirts;pair;354;60;73;15;686;100;1,02;0,39;6,5;1,38;89,04;90,04;11,31;9,29
1;HockertyShirts;state;355;60;73;3;138;100;1,4;1,49;0;0,4;91,04;92,04;3,6;3,29
1;HockertyShirts;transition;355;60;73;10;73;100;1,23;4,36;0;0,96;93,04;94,04;6,95;6,55
1;HockertyShirts;pair;355;60;73;15;686;100;1,06;0,27;4,91;1,25;96,04;97,04;9,29;7,49
1;HockertyShirts;state;356;59;68;2;108;100;1,15;1,33;0;0,3;98,04;99,04;3,06;2,77
1;HockertyShirts;transition;356;59;68;7;68;100;1,15;3,41;0;0,88;100,04;101,04;5,77;5,45
1;HockertyShirts;pair;356;59;68;9;405;100;0,8;0,28;2,68;0,74;102,04;103,04;5,8;4,5
1;HockertyShirts;state;357;60;73;3;138;100;0,95;1;0;0,23;104,04;104,04;2,39;2,18
1;HockertyShirts;transition;357;60;73;10;73;100;0,99;5,06;0;1,04;106,04;107,04;7,43;7,09
1;HockertyShirts;pair;357;60;73;15;686;100;0,95;0,26;4,94;1,43;109,04;110,04;9,26;7,58
1;HockertyShirts;state;358;59;68;2;108;100;0,86;1,12;0;0,2;111,04;111,04;2,35;2,19
1;HockertyShirts;transition;358;59;68;7;68;100;0,75;2,85;0;0,58;113,04;113,04;4,41;4,18
1;HockertyShirts;pair;358;59;68;9;405;100;0,79;0,24;2,49;0,67;115,04;116,04;5,68;4,19
1;HockertyShirts;state;359;58;64;2;107;100;0,87;1,07;0;0,14;117,04;117,04;2,22;2,08
1;HockertyShirts;transition;359;58;64;5;64;100;0,54;1,65;0;0,26;118,04;119,04;2,61;2,45
1;HockertyShirts;pair;359;58;64;7;305;100;0,49;0,16;1,44;0,28;120,04;121,04;3,21;2,37
1;HockertyShirts;state;360;59;68;2;108;100;0,52;0,6;0;0,15;122,04;122,04;1,4;1,27
1;HockertyShirts;transition;360;59;68;7;68;100;0,49;2,52;0;0,38;123,04;124,04;3,58;3,39
1;HockertyShirts;pair;360;59;68;9;405;100;0,6;0,22;1,96;0,46;126,04;126,04;4,16;3,25
1;HockertyShirts;state;361;60;73;2;109;100;0,63;0,63;0;0,14;127,04;127,04;1,53;1,41
1;HockertyShirts;transition;361;60;73;10;73;100;0,65;4,28;0;0,82;129,04;130,04;6,07;5,75
1;HockertyShirts;pair;361;60;73;15;686;100;0,85;0,29;5,8;1,1;132,04;133,04;9,57;8,04
1;HockertyShirts;state;362;57;63;2;105;100;0,77;0,89;0;0,21;134,04;134,04;2,08;1,87
1;HockertyShirts;transition;362;57;63;5;63;100;0,84;2,35;0;0,42;136,04;136,04;3,89;3,61
1;HockertyShirts;pair;362;57;63;7;299;100;1,02;0,22;1,99;0,47;138,04;138,04;4,97;3,7
1;HockertyShirts;state;363;58;64;2;107;100;0,8;0,94;0;0,18;139,04;139,04;2,16;1,92
1;HockertyShirts;transition;363;58;64;5;64;100;0,77;1,97;0;0,3;141,04;141,04;3,27;3,05
1;HockertyShirts;pair;363;58;64;7;305;100;0,5;0,18;1,66;0,31;143,04;143,04;3,64;2,65
1;HockertyShirts;state;364;59;72;2;107;100;0,7;0,64;0;0,12;144,04;144,04;1,58;1,46
1;HockertyShirts;transition;364;59;72;10;72;100;0,56;3,24;0;0,75;146,04;147,04;4,88;4,55
1;HockertyShirts;pair;364;59;72;15;672;100;0,78;0,25;6,11;1;149,04;150,04;9,88;8,14
1;HockertyShirts;state;365;60;73;3;138;100;0,75;0,78;0;0,17;151,04;151,04;1,95;1,71
1;HockertyShirts;transition;365;60;73;10;73;100;0,68;4,02;0;0,81;153,04;154,04;5,96;5,51
1;HockertyShirts;pair;365;60;73;16;729;100;0,88;0,27;6,33;1,03;156,04;157,04;10,14;8,51
1;HockertyShirts;state;366;60;73;2;109;100;0,89;0,94;0;0,19;158,04;158,04;2,21;2,01
1;HockertyShirts;transition;366;60;73;10;73;100;0,77;4,41;0;0,99;160,04;161,04;6,49;6,17
1;HockertyShirts;pair;366;60;73;15;686;100;0,95;0,3;6,18;1,17;163,04;164,04;10,22;8,6
1;HockertyShirts;state;367;60;73;2;109;100;0,97;0,96;0;0,21;165,04;165,04;2,31;2,14
1;HockertyShirts;transition;367;60;73;10;73;100;0,73;4,09;0;0,75;167,04;168,04;5,92;5,57
1;HockertyShirts;pair;367;60;73;15;686;100;0,89;0,28;5,59;0,67;170,04;171,04;8,95;7,42
1;HockertyShirts;state;368;60;73;2;109;100;0,68;0,97;0;0,19;172,04;172,04;2,11;1,85
1;HockertyShirts;transition;368;60;73;10;73;100;0,82;4,04;0;0,83;174,04;174,04;6,03;5,68
1;HockertyShirts;pair;368;60;73;15;686;100;0,73;0,28;5,82;1,01;177,04;178,04;9,35;7,84
1;HockertyShirts;state;369;58;64;2;107;100;0,86;0,84;0;0,23;179,04;179,04;2,13;1,93
1;HockertyShirts;transition;369;58;64;5;64;100;0,89;2,26;0;0,44;180,04;181,04;3,89;3,59
1;HockertyShirts;pair;369;58;64;7;305;100;0,71;0,2;1,83;0,4;182,04;183,04;4,39;3,13
1;HockertyShirts;state;370;60;73;2;109;100;0,82;0,95;0;0,21;184,04;184,04;2,15;1,98
1;HockertyShirts;transition;370;60;73;10;73;100;0,77;4,24;0;0,77;186,04;186,04;6,11;5,78
1;HockertyShirts;pair;370;60;73;15;686;100;0,88;0,31;5,69;1;189,04;190,04;9,43;7,89
1;HockertyShirts;state;371;59;68;2;108;100;0,89;1;0;0,2;191,04;191,04;2,27;2,09
1;HockertyShirts;transition;371;59;68;7;68;100;0,73;3,06;0;0,54;193,04;193,04;4,63;4,32
1;HockertyShirts;pair;371;59;68;9;405;100;0,9;0,22;2,6;0,6;195,04;196,04;5,69;4,33
1;HockertyShirts;state;372;60;73;3;138;100;0,8;0,91;0;0,22;197,04;197,04;2,09;1,93
1;HockertyShirts;transition;372;60;73;10;73;100;0,78;4,26;0;0,69;198,04;199,04;6,1;5,72
1;HockertyShirts;pair;372;60;73;15;686;100;0,84;0,28;5,4;0,94;201,04;202,04;9,01;7,47
1;HockertyShirts;state;373;59;68;2;108;100;0,83;0,84;0;0,18;203,04;204,04;2,02;1,85
1;HockertyShirts;transition;373;59;68;7;68;100;0,66;2,85;0;0,6;205,04;206,04;4,41;4,12
1;HockertyShirts;pair;373;59;68;10;448;100;0,72;0,22;2,83;0,63;208,04;208,04;5,77;4,41
1;HockertyShirts;state;374;58;67;2;106;100;0,8;0,88;0;0,17;209,04;209,04;2,04;1,86
1;HockertyShirts;transition;374;58;67;7;67;100;0,81;2,9;0;0,55;211,04;211,04;4,53;4,26
1;HockertyShirts;pair;374;58;67;10;439;100;0,78;0,22;3,06;0,66;213,04;214,04;5,94;4,71
1;HockertyShirts;state;375;59;68;2;108;100;0,82;0,91;0;0,18;215,04;215,04;2,1;1,91
1;HockertyShirts;transition;375;59;68;7;68;100;0,76;2,74;0;0,58;217,04;217,04;4,33;4,08
1;HockertyShirts;pair;375;59;68;9;405;100;0,71;0,21;2,48;0,66;219,04;220,04;5,33;4,06
1;HockertyShirts;state;376;60;73;3;138;100;0,79;0,88;0;0,27;221,04;221,04;2,21;1,95
1;HockertyShirts;transition;376;60;73;10;73;100;0,73;3,83;0;0,79;223,04;223,04;5,71;5,35
1;HockertyShirts;pair;376;60;73;15;686;100;0,8;0,29;5,65;0,76;226,04;227,04;8,98;7,5
1;HockertyShirts;state;377;58;67;2;106;100;0,67;0,82;0;0,26;228,04;228,04;1,94;1,75
1;HockertyShirts;transition;377;58;67;7;67;100;0,81;3,1;0;0,55;229,04;230,04;4,74;4,45
1;HockertyShirts;pair;377;58;67;10;439;100;0,83;0,23;3,12;0,62;232,04;232,04;6,24;4,8
1;HockertyShirts;state;378;58;64;2;107;100;0,88;0,98;0;0,19;233,04;233,04;2,23;2,04
1;HockertyShirts;transition;378;58;64;5;64;100;0,81;2,53;0;0,46;235,04;235,04;4,08;3,81
1;HockertyShirts;pair;378;58;64;7;305;100;0,66;0,25;1,8;0,4;237,04;237,04;4,05;3,11
1;HockertyShirts;state;379;59;68;2;108;100;0,59;0,65;0;0,15;238,04;238,04;1,53;1,39
1;HockertyShirts;transition;379;59;68;7;68;100;0,61;2,24;0;0,6;240,04;240,04;3,71;3,45
1;HockertyShirts;pair;379;59;68;9;405;100;0,83;0,25;2,77;0,58;242,04;243,04;5,68;4,42
1;HockertyShirts;state;380;60;73;2;109;100;0,84;0,93;0;0,19;244,04;244,04;2,13;1,95
1;HockertyShirts;transition;380;60;73;10;73;100;0,8;3,5;0;0,46;246,04;246,04;4,99;4,77
1;HockertyShirts;pair;380;60;73;15;686;100;0,78;0,2;4,89;0,73;249,04;250,04;7,86;6,6
1;HockertyShirts;state;381;59;68;2;108;100;0,69;0,69;0;0,12;251,04;251,04;1,69;1,5
1;HockertyShirts;transition;381;59;68;7;68;100;0,7;2,32;0;0,35;252,04;253,04;3,56;3,37
1;HockertyShirts;pair;381;59;68;10;448;100;0,68;0,19;2,39;0,63;255,04;256,04;4,95;3,89
1;HockertyShirts;state;382;56;60;2;104;100;0,55;0,67;0;0,12;256,04;257,04;1,52;1,34
1;HockertyShirts;transition;382;56;60;3;60;100;0,57;1,84;0;0,27;258,04;258,04;2,97;2,68
1;HockertyShirts;pair;382;56;60;5;209;100;0,78;0,2;1,39;0,33;260,04;260,04;3,82;2,71
1;HockertyShirts;state;383;59;68;3;137;100;0,89;0,97;0;0,24;261,04;261,04;2,29;2,1
1;HockertyShirts;transition;383;59;68;7;68;100;0,84;3,08;0;0,56;263,04;263,04;4,81;4,48
1;HockertyShirts;pair;383;59;68;9;405;100;0,79;0,23;2,96;0,69;265,04;266,04;6,09;4,67
1;HockertyShirts;state;384;59;68;2;108;100;0,82;0,96;0;0,28;267,04;267,04;2,28;2,07
1;HockertyShirts;transition;384;59;68;7;68;100;0,86;2,94;0;0,6;268,04;269,04;4,82;4,4
1;HockertyShirts;pair;384;59;68;9;405;100;0,89;0,28;3,15;0,55;271,04;271,04;6,25;4,86
1;HockertyShirts;state;385;60;73;3;138;100;0,91;0,98;0;0,3;272,04;272,04;2,38;2,19
1;HockertyShirts;transition;385;60;73;10;73;100;0,9;4,59;0;0,97;274,04;275,04;6,8;6,46
1;HockertyShirts;pair;385;60;73;15;686;100;0,79;0,28;5,55;1,09;277,04;278,04;9,54;7,7
1;HockertyShirts;state;386;59;68;2;108;100;0,85;1,05;0;0,17;279,04;279,04;2,28;2,08
1;HockertyShirts;transition;386;59;68;7;68;100;0,69;3,16;0;0,59;281,04;281,04;4,81;4,43
1;HockertyShirts;pair;386;59;68;10;448;100;0,81;0,24;2,8;0,58;283,04;284,04;5,59;4,43
1;HockertyShirts;state;387;60;73;2;109;100;0,51;0,71;0;0,12;285,04;285,04;1,46;1,34
1;HockertyShirts;transition;387;60;73;10;73;100;0,52;2,88;0;0,45;287,04;287,04;4,08;3,85
1;HockertyShirts;pair;387;60;73;15;686;100;0,52;0,18;3,77;0,67;290,04;291,04;6,14;5,14
1;HockertyShirts;state;388;59;68;2;108;100;0,55;0,59;0;0,18;292,04;292,04;1,49;1,32
1;HockertyShirts;transition;388;59;68;7;68;100;0,66;2,26;0;0,5;294,04;294,04;3,66;3,43
1;HockertyShirts;pair;388;59;68;10;448;100;0,64;0,19;2,41;0,48;296,04;297,04;4,92;3,73
1;HockertyShirts;state;389;59;68;2;108;100;0,5;0,67;0;0,15;298,04;298,04;1,44;1,33
1;HockertyShirts;transition;389;59;68;7;68;100;0,59;2,32;0;0,34;299,04;300,04;3,45;3,25
1;HockertyShirts;pair;389;59;68;10;448;100;0,76;0,23;2,9;0,58;302,04;302,04;5,78;4,47
1;HockertyShirts;state;390;60;73;2;109;100;0,81;0,87;0;0,28;303,04;304,04;2,17;1,97
1;HockertyShirts;transition;390;60;73;10;73;100;0,83;4,13;0;0,79;305,04;306,04;6,12;5,76
1;HockertyShirts;pair;390;60;73;15;686;100;0,8;0,29;5,74;0,96;308,04;309,04;9,42;7,81
1;HockertyShirts;state;391;60;73;3;138;100;0,93;0,92;0;0,23;310,04;311,04;2,34;2,08
1;HockertyShirts;transition;391;60;73;10;73;100;0,75;4,21;0;0,79;312,04;313,04;6,1;5,75
1;HockertyShirts;pair;391;60;73;16;729;100;0,62;0,23;4,56;0,95;315,04;316,04;7,71;6,35
1;HockertyShirts;state;392;58;64;2;107;100;0,7;0,81;0;0,18;317,04;318,04;1,97;1,69
1;HockertyShirts;transition;392;58;64;5;64;100;0,51;1,92;0;0,26;319,04;319,04;2,95;2,69
1;HockertyShirts;pair;392;58;64;7;305;100;0,5;0,16;1,66;0,33;321,04;321,04;3,52;2,64
1;HockertyShirts;state;393;59;68;2;108;100;0,76;0,71;0;0,23;322,04;323,04;1,89;1,71
1;HockertyShirts;transition;393;59;68;7;68;100;0,77;3,19;0;0,63;324,04;325,04;4,91;4,59
1;HockertyShirts;pair;393;59;68;9;405;100;0,88;0,26;2,82;0,57;326,04;327,04;5,85;4,53
1;HockertyShirts;state;394;58;64;2;107;100;0,84;0,86;0;0,18;328,04;328,04;2,05;1,87
1;HockertyShirts;transition;394;58;64;5;64;100;0,73;2,31;0;0,44;330,04;330,04;3,74;3,48
1;HockertyShirts;pair;394;58;64;7;305;100;0,78;0,23;2,18;0,39;332,04;332,04;4,85;3,58
1;HockertyShirts;state;395;59;68;2;108;100;0,78;0,85;0;0,18;333,04;333,04;2,03;1,81
1;HockertyShirts;transition;395;59;68;7;68;100;0,76;3,07;0;0,56;335,04;335,04;4,69;4,39
1;HockertyShirts;pair;395;59;68;9;405;100;0,78;0,24;2,83;0,59;337,04;338,04;5,79;4,44
1;HockertyShirts;state;396;57;63;2;105;100;0,82;0,87;0;0,2;339,04;339,04;2,05;1,89
1;HockertyShirts;transition;396;57;63;5;63;100;0,66;2,13;0;0,4;340,04;341,04;3,43;3,19
1;HockertyShirts;pair;396;57;63;7;299;100;0,7;0,21;1,89;0,4;342,04;343,04;4,25;3,2
1;HockertyShirts;state;397;58;67;2;106;100;0,75;0,86;0;0,17;344,04;344,04;1,97;1,79
1;HockertyShirts;transition;397;58;67;7;67;100;0,71;2,2;0;0,41;345,04;346,04;3,59;3,32
1;HockertyShirts;pair;397;58;67;10;439;100;0,53;0,2;2,97;0,56;348,04;348,04;5,45;4,27
1;HockertyShirts;state;398;60;73;2;109;100;0,85;0,87;0;0,19;349,04;349,04;2,11;1,9
1;HockertyShirts;transition;398;60;73;10;73;100;0,8;3,9;0;0,78;351,04;352,04;5,82;5,47
1;HockertyShirts;pair;398;60;73;15;686;100;0,8;0,28;5,5;0,93;354,04;355,04;9,09;7,5
1;HockertyShirts;state;399;60;73;2;109;100;0,67;0,84;0;0,15;356,04;356,04;1,87;1,66
1;HockertyShirts;transition;399;60;73;10;73;100;0,7;3,65;0;0,58;358,04;359,04;5,14;4,93
1;HockertyShirts;pair;399;60;73;16;729;100;0,69;0,23;5,29;1,17;361,04;362,04;8,83;7,38
1;HockertyShirts;state;400;58;64;2;107;100;0,87;0,93;0;0,17;363,04;363,04;2,14;1,96
1;HockertyShirts;transition;400;58;64;5;64;100;0,67;2,38;0;0,45;365,04;365,04;3,76;3,5
1;HockertyShirts;pair;400;58;64;7;305;100;0,76;0,24;2;0,47;367,04;367,04;4,65;3,47
1;HockertyShirts;state;401;60;73;3;138;100;0,77;0,87;0;0,23;368,04;369,04;2,05;1,87
1;HockertyShirts;transition;401;60;73;10;73;100;0,78;4,25;0;0,82;370,04;371,04;6,24;5,85
1;HockertyShirts;pair;401;60;73;15;686;100;0,88;0,28;5,89;1,02;373,04;374,04;9,65;8,07
1;HockertyShirts;state;402;60;73;2;109;100;0,8;0,87;0;0,19;375,04;375,04;2,05;1,86
1;HockertyShirts;transition;402;60;73;10;73;100;0,77;4,05;0;0,84;377,04;378,04;5,96;5,66
1;HockertyShirts;pair;402;60;73;15;686;100;0,79;0,3;5,47;0,91;380,04;11,77;18,21;7,48
1;HockertyShirts;state;403;59;68;2;108;100;0,79;0,88;0;0,2;12,77;12,77;2,08;1,87
1;HockertyShirts;transition;403;59;68;7;68;100;0,73;3;0;0,61;14,77;14,77;4,64;4,34
1;HockertyShirts;pair;403;59;68;10;448;100;0,91;0,28;3,02;0,68;16,77;17,77;6,31;4,88
1;HockertyShirts;state;404;59;68;2;108;100;0,73;0,89;0;0,2;18,77;18,77;2,03;1,83
1;HockertyShirts;transition;404;59;68;7;68;100;0,83;3,08;0;0,58;20,77;20,77;4,85;4,49
1;HockertyShirts;pair;404;59;68;10;448;100;0,81;0,3;3,09;0,62;22,77;23,77;6,16;4,81
1;HockertyShirts;state;405;54;58;2;103;100;0,76;0,82;0;0,18;24,77;24,77;1,97;1,76
1;HockertyShirts;transition;405;54;58;3;58;100;0,68;1,81;0;0,29;25,77;25,77;3;2,78
1;HockertyShirts;pair;405;54;58;5;210;100;0,68;0,18;1,3;0,31;27,77;27,77;3,49;2,47
1;HockertyShirts;state;406;60;73;3;138;100;0,76;0,86;0;0,26;28,77;28,77;2,1;1,88
1;HockertyShirts;transition;406;60;73;10;73;100;0,71;3,94;0;0,77;30,77;31,77;5,73;5,42
1;HockertyShirts;pair;406;60;73;15;686;100;0,82;0,24;5,74;1,03;33,77;34,77;9,32;7,83
1;HockertyShirts;state;407;59;68;2;108;100;0,79;0,96;0;0,12;35,77;35,77;2,03;1,87
1;HockertyShirts;transition;407;59;68;7;68;100;0,47;1,93;0;0,33;37,77;37,77;2,91;2,73
1;HockertyShirts;pair;407;59;68;10;448;100;0,53;0,16;1,97;0,38;39,77;40,77;3,81;3,05
1;HockertyShirts;state;408;60;73;2;109;100;0,5;0,53;0;0,12;41,77;41,77;1,25;1,15
1;HockertyShirts;transition;408;60;73;10;73;100;0,52;2,96;0;0,5;43,77;43,77;4,19;3,98
1;HockertyShirts;pair;408;60;73;16;729;100;0,55;0,22;4,28;0,79;46,77;47,77;6,97;5,84
1;HockertyShirts;state;409;60;73;2;109;100;0,56;0,65;0;0,14;48,77;48,77;1,49;1,35
1;HockertyShirts;transition;409;60;73;10;73;100;0,68;3,42;0;0,55;50,77;50,77;4,89;4,65
1;HockertyShirts;pair;409;60;73;15;686;100;0,8;0,27;4,33;0,59;53,77;54,77;7,26;5,99
1;HockertyShirts;state;410;58;67;3;135;100;0,56;0,65;0;0,19;55,77;55,77;1,55;1,4
1;HockertyShirts;transition;410;58;67;7;67;100;0,48;1,94;0;0,32;57,77;57,77;2,98;2,75
1;HockertyShirts;pair;410;58;67;11;481;100;0,48;0,18;2,26;0,45;59,77;60,77;4,18;3,38
1;HockertyShirts;state;411;60;73;2;109;100;0,61;0,56;0;0,16;61,77;61,77;1,45;1,33
1;HockertyShirts;transition;411;60;73;10;73;100;0,52;3,06;0;0,48;63,77;63,77;4,29;4,06
1;HockertyShirts;pair;411;60;73;15;686;100;0,52;0,19;3,79;0,6;66,77;67,77;6,1;5,1
1;HockertyShirts;state;412;59;68;2;108;100;0,48;0,69;0;0,17;68,77;68,77;1,46;1,34
1;HockertyShirts;transition;412;59;68;7;68;100;0,49;1,98;0;0,34;69,77;70,77;2,98;2,81
1;HockertyShirts;pair;412;59;68;9;405;100;0,63;0,18;1,85;0,42;72,77;72,77;4,06;3,08
1;HockertyShirts;state;413;60;73;2;109;100;0,66;0,56;0;0,13;73,77;73,77;1,51;1,35
1;HockertyShirts;transition;413;60;73;10;73;100;0,55;2,72;0;0,48;75,77;76,77;3,95;3,75
1;HockertyShirts;pair;413;60;73;16;729;100;0,47;0,23;4,03;0,66;78,77;79,77;6,32;5,39
1;HockertyShirts;state;414;59;68;2;108;100;0,51;0,56;0;0,13;80,77;80,77;1,31;1,2
1;HockertyShirts;transition;414;59;68;7;68;100;0,46;1,82;0;0,36;82,77;82,77;2,83;2,64
1;HockertyShirts;pair;414;59;68;9;405;100;0,5;0,16;1,79;0,41;84,77;85,77;3,72;2,86
1;HockertyShirts;state;415;60;73;2;109;100;0,54;0,65;0;0,12;86,77;86,77;1,42;1,31
1;HockertyShirts;transition;415;60;73;10;73;100;0,51;2,81;0;0,77;88,77;88,77;4,31;4,09
1;HockertyShirts;pair;415;60;73;15;686;100;0,9;0,27;4,38;0,68;91,77;92,77;7,46;6,23
1;HockertyShirts;state;416;60;73;3;138;100;0,64;0,81;0;0,2;93,77;93,77;1,79;1,65
1;HockertyShirts;transition;416;60;73;10;73;100;0,53;2,81;0;0,59;95,77;95,77;4,15;3,92
1;HockertyShirts;pair;416;60;73;15;686;100;0,7;0,2;4,47;0,9;98,77;99,77;7,65;6,27
