RunID;SPL Name;Coverage Type;Product Index;FTS States;FTS Transitions;Test Cases;Total Test Actions;Coverage(%);Projection Time(ms);Test Generation Time(ms);Transformation Time(ms);Test Execution Time(ms);Test Generation Peak Memory(MB);Test Execution Peak Memory(MB);Wall Clock Time(ms);Segment Sum Time(ms)
7;StudentAttendanceSystem;state;1;21;39;8;42;100;10,46;8,44;0;4,04;15,43;15,43;26,79;22,94
7;StudentAttendanceSystem;transition;1;21;39;14;38;100;3,8;17,53;0;1,51;16,43;16,43;25,39;22,84
7;StudentAttendanceSystem;pair;1;21;39;36;194;100;3,14;3,49;10,47;2,74;17,43;18,43;27,46;19,83
7;StudentAttendanceSystem;state;2;26;48;11;58;100;1,71;1,62;0;0,66;18,43;18,43;5,31;3,99
7;StudentAttendanceSystem;transition;2;26;48;18;47;100;1,69;3,41;0;0,79;19,43;19,43;7,17;5,89
7;StudentAttendanceSystem;pair;2;26;48;40;212;100;1,27;0,65;4,79;1,36;20,43;21,43;11,28;8,07
7;StudentAttendanceSystem;state;3;31;62;14;76;100;1,13;9,23;0;0,67;24,59;5,59;12,42;11,03
7;StudentAttendanceSystem;transition;3;31;62;21;61;100;0,97;3,49;0;0,71;6,59;6,59;6,29;5,18
7;StudentAttendanceSystem;pair;3;31;62;50;293;100;1,19;0,87;7,5;1,37;8,59;8,59;15,2;10,94
7;StudentAttendanceSystem;state;4;22;40;9;49;100;1,01;1,19;0;0,29;9,59;9,59;3,58;2,49
7;StudentAttendanceSystem;transition;4;22;40;13;39;100;1;2,54;0;0,43;10,59;10,59;5;3,98
7;StudentAttendanceSystem;pair;4;22;40;38;214;100;0,81;0,48;3,84;0,9;11,59;11,59;8,63;6,04
7;StudentAttendanceSystem;state;5;30;60;13;73;100;1,05;1,55;0;0,44;12,59;12,59;4;3,04
7;StudentAttendanceSystem;transition;5;30;60;20;59;100;1,15;3,4;0;0,63;13,59;13,59;6,3;5,18
7;StudentAttendanceSystem;pair;5;30;60;52;300;100;1,09;0,79;5,63;0,7;14,59;15,59;11,72;8,22
7;StudentAttendanceSystem;state;6;25;51;11;60;100;1,01;1,13;0;0,2;16,59;16,59;2,94;2,33
7;StudentAttendanceSystem;transition;6;25;51;15;51;100;0,87;2;0;0,18;16,59;17,59;3,64;3,06
7;StudentAttendanceSystem;pair;6;25;51;48;280;100;0,6;0,48;2,73;0,46;18,59;19,59;6,79;4,26
7;StudentAttendanceSystem;state;7;11;17;4;17;100;0,36;0,35;0;0,06;19,59;19,59;1,24;0,77
7;StudentAttendanceSystem;transition;7;11;17;5;17;100;0,47;0,65;0;0,08;19,59;19,59;1,66;1,2
7;StudentAttendanceSystem;pair;7;11;17;16;66;100;0,41;0,17;0,87;0,11;20,59;20,59;2,66;1,56
7;StudentAttendanceSystem;state;8;30;60;13;70;100;0,82;1,04;0;0,17;21,59;21,59;2,57;2,04
7;StudentAttendanceSystem;transition;8;30;60;22;59;100;0,76;2,73;0;0,36;22,59;22,59;4,62;3,85
7;StudentAttendanceSystem;pair;8;30;60;54;306;100;0,98;0,66;4,19;0,72;23,59;24,59;9,38;6,55
7;StudentAttendanceSystem;state;9;18;33;7;36;100;0,64;0,69;0;0,12;25,59;25,59;1,9;1,45
7;StudentAttendanceSystem;transition;9;18;33;11;33;100;0,54;1,25;0;0,17;25,59;25,59;2,44;1,95
7;StudentAttendanceSystem;pair;9;18;33;29;159;100;0,62;0,31;1,72;0,35;26,59;26,59;4,55;3,01
7;StudentAttendanceSystem;state;10;13;21;6;25;100;0,5;0,57;0;0,07;27,59;27,59;1,58;1,14
7;StudentAttendanceSystem;transition;10;13;21;7;21;100;0,44;0,79;0;0,08;27,59;27,59;1,73;1,31
7;StudentAttendanceSystem;pair;10;13;21;18;77;100;0,4;0,16;0,8;0,19;28,59;28,59;2,66;1,55
7;StudentAttendanceSystem;state;11;22;38;9;50;100;0,56;0,91;0;0,15;29,59;29,59;2,09;1,62
7;StudentAttendanceSystem;transition;11;22;38;12;37;100;0,58;1,37;0;0,31;29,59;29,59;2,9;2,27
7;StudentAttendanceSystem;pair;11;22;38;31;168;100;0,83;0,33;1,8;0,57;30,59;31,59;5,21;3,53
7;StudentAttendanceSystem;state;12;24;44;10;56;100;0,8;1,07;0;0,2;31,59;31,59;2,55;2,07
7;StudentAttendanceSystem;transition;12;24;44;14;43;100;0,85;1,94;0;0,31;32,59;32,59;3,69;3,1
7;StudentAttendanceSystem;pair;12;24;44;37;211;100;0,78;0,5;2,66;0,68;33,59;34,59;6,84;4,62
7;StudentAttendanceSystem;state;13;22;42;10;50;100;0,79;1,07;0;0,18;34,59;34,59;2,57;2,03
7;StudentAttendanceSystem;transition;13;22;42;16;42;100;0,74;1,72;0;0,3;35,59;35,59;3,37;2,76
7;StudentAttendanceSystem;pair;13;22;42;35;182;100;0,75;0,5;2,29;0,6;36,59;36,59;6,28;4,15
7;StudentAttendanceSystem;state;14;20;41;9;44;100;0,89;1,05;0;0,14;37,59;37,59;2,6;2,08
7;StudentAttendanceSystem;transition;14;20;41;15;41;100;0,76;1,82;0;0,23;38,59;38,59;3,4;2,81
7;StudentAttendanceSystem;pair;14;20;41;39;217;100;0,69;0,45;2,67;0,54;39,59;39,59;6,21;4,35
7;StudentAttendanceSystem;state;15;22;43;9;45;100;0,89;0,89;0;0,16;40,59;40,59;2,49;1,93
7;StudentAttendanceSystem;transition;15;22;43;16;43;100;0,75;1,41;0;0,36;40,59;41,59;3,08;2,52
7;StudentAttendanceSystem;pair;15;22;43;43;231;100;0,59;0,33;2,44;0,56;42,59;42,59;5,99;3,92
7;StudentAttendanceSystem;state;16;27;54;12;67;100;0,8;1,24;0;0,25;43,59;43,59;2,85;2,3
7;StudentAttendanceSystem;transition;16;27;54;17;54;100;0,76;2,22;0;0,36;44,59;44,59;4,15;3,34
7;StudentAttendanceSystem;pair;16;27;54;45;265;100;0,83;0,48;3,16;0,78;45,59;46,59;7,69;5,25
7;StudentAttendanceSystem;state;17;27;54;12;68;100;0,98;1,24;0;0,25;46,59;46,59;2,99;2,47
7;StudentAttendanceSystem;transition;17;27;54;17;53;100;0,9;2,3;0;0,3;47,59;47,59;4,14;3,49
7;StudentAttendanceSystem;pair;17;27;54;47;281;100;0,79;0,57;4,03;0,74;49,59;49,59;8,88;6,13
7;StudentAttendanceSystem;state;18;12;19;5;22;100;0,8;0,54;0;0,06;50,59;50,59;1,84;1,41
7;StudentAttendanceSystem;transition;18;12;19;6;19;100;0,44;0,83;0;0,08;50,59;50,59;1,71;1,35
7;StudentAttendanceSystem;pair;18;12;19;21;86;100;0,46;0,23;0,93;0,26;51,59;51,59;3,05;1,88
7;StudentAttendanceSystem;state;19;27;54;12;68;100;0,81;0,85;0;0,17;51,59;52,59;2,25;1,84
7;StudentAttendanceSystem;transition;19;27;54;17;53;100;0,72;2,39;0;0,46;52,59;53,59;4,28;3,57
7;StudentAttendanceSystem;pair;19;27;54;46;278;100;0,84;0,68;4,28;0,74;54,59;55,59;9,62;6,54
7;StudentAttendanceSystem;state;20;22;38;8;42;100;0,66;0,62;0;0,2;55,59;55,59;1,99;1,48
7;StudentAttendanceSystem;transition;20;22;38;14;37;100;0,52;1,65;0;0,22;56,59;56,59;2,88;2,39
7;StudentAttendanceSystem;pair;20;22;38;33;168;100;0,63;0,41;4,1;0,41;57,67;5,67;7,19;5,56
7;StudentAttendanceSystem;state;21;18;31;7;35;100;0,45;0,47;0;0,09;5,67;6,67;1,48;1,01
7;StudentAttendanceSystem;transition;21;18;31;11;31;100;0,37;0,99;0;0,15;6,67;6,67;1,97;1,51
7;StudentAttendanceSystem;pair;21;18;31;25;127;100;0,39;0,22;1,17;0,27;7,67;7,67;3,25;2,05
7;StudentAttendanceSystem;state;22;27;51;11;59;100;0,57;0,72;0;0,23;8,67;8,67;2,05;1,52
7;StudentAttendanceSystem;transition;22;27;51;18;50;100;0,51;1,56;0;0,31;9,67;9,67;2,83;2,38
7;StudentAttendanceSystem;pair;22;27;51;40;226;100;0,48;0,4;2,54;0,56;10,67;11,67;5,69;3,98
7;StudentAttendanceSystem;state;23;19;34;8;38;100;0,38;0,47;0;0,11;11,67;11,67;1,26;0,96
7;StudentAttendanceSystem;transition;23;19;34;13;34;100;0,32;1,06;0;0,2;12,67;12,67;1,97;1,59
7;StudentAttendanceSystem;pair;23;19;34;26;133;100;0,35;0,26;1,28;0,29;13,67;13,67;3,38;2,18
7;StudentAttendanceSystem;state;24;27;55;11;61;100;0,43;0,66;0;0,16;13,67;13,67;1,56;1,25
7;StudentAttendanceSystem;transition;24;27;55;17;54;100;0,44;1,45;0;0,27;14,67;14,67;2,61;2,17
7;StudentAttendanceSystem;pair;24;27;55;52;302;100;0,44;0,41;3,15;0,69;16,67;17,67;6,64;4,68
7;StudentAttendanceSystem;state;25;13;22;6;25;100;0,3;0,37;0;0,1;17,67;17,67;1,08;0,78
7;StudentAttendanceSystem;transition;25;13;22;8;22;100;0,28;0,71;0;0,09;17,67;17,67;1,4;1,08
7;StudentAttendanceSystem;pair;25;13;22;21;87;100;0,28;0,14;0,76;0,27;18,67;18,67;2,23;1,45
7;StudentAttendanceSystem;state;26;12;19;5;22;100;0,25;0,39;0;0,07;19,67;19,67;0,99;0,71
7;StudentAttendanceSystem;transition;26;12;19;6;19;100;0,28;0,56;0;0,07;19,67;19,67;1,21;0,9
7;StudentAttendanceSystem;pair;26;12;19;20;82;100;0,25;0,15;0,76;0,15;20,67;20,67;2,17;1,31
7;StudentAttendanceSystem;state;27;23;46;10;54;100;0,4;0,53;0;0,12;20,67;20,67;1,6;1,05
7;StudentAttendanceSystem;transition;27;23;46;15;46;100;0,38;1,21;0;0,19;21,67;21,67;2,17;1,77
7;StudentAttendanceSystem;pair;27;23;46;42;240;100;0,38;0,32;2,39;0,48;22,67;23,67;5,23;3,57
7;StudentAttendanceSystem;state;28;26;53;11;62;100;0,46;0,61;0;0,14;23,67;23,67;1,57;1,21
7;StudentAttendanceSystem;transition;28;26;53;17;53;100;0,42;1,45;0;0,27;24,67;24,67;2,63;2,15
7;StudentAttendanceSystem;pair;28;26;53;44;262;100;1,07;0,46;2,94;0,52;26,67;26,67;6,98;4,98
7;StudentAttendanceSystem;state;29;22;39;9;49;100;0,46;0,59;0;0,13;27,67;27,67;1,61;1,18
7;StudentAttendanceSystem;transition;29;22;39;12;38;100;0,41;1,18;0;0,14;27,67;28,67;2,14;1,73
7;StudentAttendanceSystem;pair;29;22;39;35;199;100;0,32;0,29;1,97;0,43;29,67;29,67;4,76;3
7;StudentAttendanceSystem;state;30;25;51;12;68;100;0,61;0,87;0;0,21;30,67;30,67;2,18;1,68
7;StudentAttendanceSystem;transition;30;25;51;15;51;100;0,51;1,53;0;0,26;30,67;30,67;2,85;2,3
7;StudentAttendanceSystem;pair;30;25;51;47;279;100;0,55;0,49;3,46;0,69;32,67;32,67;7,32;5,2
7;StudentAttendanceSystem;state;31;27;56;12;64;100;0,47;0,8;0;0,18;33,67;33,67;1,87;1,45
7;StudentAttendanceSystem;transition;31;27;56;21;56;100;0,44;1,6;0;0,37;34,67;34,67;2,97;2,41
7;StudentAttendanceSystem;pair;31;27;56;53;293;100;0,42;0,51;2,89;0,57;36,67;36,67;6,55;4,39
7;StudentAttendanceSystem;state;32;12;18;5;22;100;0,33;0,44;0;0,07;36,67;36,67;1,26;0,84
7;StudentAttendanceSystem;transition;32;12;18;5;18;100;0,28;0,51;0;0,06;37,67;37,67;1,17;0,85
7;StudentAttendanceSystem;pair;32;12;18;16;68;100;0,24;0,1;0,56;0,13;37,67;38,67;2,02;1,03
7;StudentAttendanceSystem;state;33;17;30;7;34;100;0,34;0,47;0;0,1;38,67;38,67;1,27;0,91
7;StudentAttendanceSystem;transition;33;17;30;11;30;100;0,36;0,92;0;0,14;39,67;39,67;1,89;1,42
7;StudentAttendanceSystem;pair;33;17;30;25;130;100;0,38;0,23;1,27;0,16;39,67;40,67;3,15;2,05
7;StudentAttendanceSystem;state;34;23;46;9;46;100;0,33;0,49;0;0,13;40,67;40,67;1,24;0,95
7;StudentAttendanceSystem;transition;34;23;46;17;46;100;0,34;1,01;0;0,22;41,67;41,67;1,99;1,56
7;StudentAttendanceSystem;pair;34;23;46;43;241;100;0,42;0,37;2,46;0,48;42,67;43,67;5,55;3,73
7;StudentAttendanceSystem;state;35;19;37;8;40;100;0,41;0,61;0;0,15;43,67;43,67;1,59;1,16
7;StudentAttendanceSystem;transition;35;19;37;13;37;100;0,41;1,09;0;0,19;44,67;44,67;2,09;1,68
7;StudentAttendanceSystem;pair;35;19;37;37;199;100;0,39;0,34;2,14;0,48;45,67;45,67;4,81;3,35
7;StudentAttendanceSystem;state;36;24;48;11;62;100;0,48;0,62;0;0,14;46,67;46,67;1,64;1,24
7;StudentAttendanceSystem;transition;36;24;48;14;48;100;0,45;1,49;0;0,27;47,67;47,67;2,67;2,21
7;StudentAttendanceSystem;pair;36;24;48;40;242;100;0,49;0,4;2,75;0,53;48,67;49,67;5,79;4,17
7;StudentAttendanceSystem;state;37;22;39;8;42;100;0,49;0,57;0;0,11;49,67;49,67;1,49;1,17
7;StudentAttendanceSystem;transition;37;22;39;15;38;100;0,44;1,48;0;0,22;50,67;50,67;2,6;2,14
7;StudentAttendanceSystem;pair;37;22;39;35;179;100;0,52;0,31;2,25;0,41;51,67;51,67;4,81;3,49
7;StudentAttendanceSystem;state;38;19;34;8;38;100;0,52;0,91;0;0,1;52,67;52,67;1,91;1,53
7;StudentAttendanceSystem;transition;38;19;34;13;34;100;0,36;1,24;0;0,17;52,67;52,67;2,27;1,77
7;StudentAttendanceSystem;pair;38;19;34;28;139;100;0,42;0,26;1,59;0,29;53,67;54,67;3,69;2,56
7;StudentAttendanceSystem;state;39;21;37;8;41;100;0,53;0,48;0;0,11;54,67;54,67;1,48;1,11
7;StudentAttendanceSystem;transition;39;21;37;14;36;100;0,42;1,21;0;0,18;55,67;55,67;2,2;1,82
7;StudentAttendanceSystem;pair;39;21;37;32;164;100;0,38;0,3;1,75;0,35;56,67;56,67;3,9;2,77
7;StudentAttendanceSystem;state;40;29;57;13;69;100;0,56;0,74;0;0,23;57,67;57,67;1,97;1,52
7;StudentAttendanceSystem;transition;40;29;57;21;56;100;0,32;1,61;0;0,4;58,67;58,67;2,83;2,33
7;StudentAttendanceSystem;pair;40;29;57;56;302;100;3,04;0,64;4,76;2,96;59,67;60,67;14,86;11,41
7;StudentAttendanceSystem;state;41;26;49;11;56;100;0,67;0,88;0;0,18;60,67;60,67;2,13;1,73
7;StudentAttendanceSystem;transition;41;26;49;18;48;100;0,65;2,28;0;0,43;61,67;61,67;4,02;3,36
7;StudentAttendanceSystem;pair;41;26;49;46;251;100;0,78;0,57;3,83;0,57;63,67;63,67;8,92;5,76
7;StudentAttendanceSystem;state;42;20;34;8;43;100;0,56;1,45;0;0,14;64,67;64,67;2,68;2,15
7;StudentAttendanceSystem;transition;42;20;34;11;33;100;0,56;1,53;0;0,32;64,67;64,67;2,89;2,41
7;StudentAttendanceSystem;pair;42;20;34;30;164;100;0,53;0,33;2,19;0,51;65,67;65,67;4,99;3,56
7;StudentAttendanceSystem;state;43;22;41;9;47;100;0,65;0,72;0;0,16;66,67;66,67;1,93;1,54
7;StudentAttendanceSystem;transition;43;22;41;14;41;100;0,56;1,64;0;0,27;67,67;67,67;3,01;2,47
7;StudentAttendanceSystem;pair;43;22;41;41;223;100;0,61;0,42;3,15;0,69;68,67;68,67;6,45;4,88
7;StudentAttendanceSystem;state;44;28;57;13;72;100;0,77;1,01;0;0,21;69,67;69,67;2,39;1,99
7;StudentAttendanceSystem;transition;44;28;57;18;57;100;0,61;2,32;0;0,35;70,67;70,67;3,79;3,28
7;StudentAttendanceSystem;pair;44;28;57;54;312;100;1,85;1,33;4,67;0,74;71,67;72,67;10,66;8,59
7;StudentAttendanceSystem;state;45;12;18;5;22;100;0,39;0,52;0;0,06;72,67;72,67;1,32;0,97
7;StudentAttendanceSystem;transition;45;12;18;5;18;100;0,33;0,69;0;0,07;73,67;73,67;1,45;1,09
7;StudentAttendanceSystem;pair;45;12;18;18;75;100;0,32;0,17;0,88;0,2;73,67;73,67;2,37;1,57
7;StudentAttendanceSystem;state;46;28;58;13;69;100;0,82;0,98;0;0,21;74,67;74,67;2,32;2,01
7;StudentAttendanceSystem;transition;46;28;58;20;57;100;0,63;2,12;0;0,36;75,67;75,67;3,55;3,11
7;StudentAttendanceSystem;pair;46;28;58;51;293;100;0,67;0,71;4,3;0,87;76,67;77,67;8,39;6,55
7;StudentAttendanceSystem;state;47;18;33;7;37;100;0,5;0,65;0;0,12;77,67;77,67;1,61;1,27
7;StudentAttendanceSystem;transition;47;18;33;11;33;100;0,48;1,25;0;0,19;78,67;78,67;2,27;1,93
7;StudentAttendanceSystem;pair;47;18;33;31;172;100;1,07;0,46;2,34;0,44;79,67;79,67;5,87;4,32
7;StudentAttendanceSystem;state;48;19;35;8;42;100;0,57;0,72;0;0,14;80,67;80,67;1,79;1,43
7;StudentAttendanceSystem;transition;48;19;35;12;35;100;0,52;1,3;0;0,19;80,67;80,67;2,43;2,01
7;StudentAttendanceSystem;pair;48;19;35;31;157;100;0,53;0,38;1,98;0,4;81,67;82,67;4,61;3,3
7;StudentAttendanceSystem;state;49;19;36;7;36;100;0,47;0,62;0;0,1;82,67;82,67;1,53;1,19
7;StudentAttendanceSystem;transition;49;19;36;12;36;100;0,49;1,42;0;0,16;83,67;83,67;2,43;2,08
7;StudentAttendanceSystem;pair;49;19;36;38;202;100;0,4;0,31;2,6;0,49;84,67;84,67;4,84;3,8
7;StudentAttendanceSystem;state;50;19;32;7;37;100;0,6;0,68;0;0,11;84,67;84,67;1,72;1,39
7;StudentAttendanceSystem;transition;50;19;32;11;31;100;0,52;0,97;0;0,19;85,67;85,67;2,05;1,68
7;StudentAttendanceSystem;pair;50;19;32;26;136;100;0,32;0,38;1,67;0,94;86,67;86,67;4,35;3,3
7;StudentAttendanceSystem;state;51;25;49;9;49;100;0,63;0,79;0;0,16;87,67;87,67;1,88;1,58
7;StudentAttendanceSystem;transition;51;25;49;18;48;100;0,52;1,82;0;0,33;87,67;88,67;3,09;2,68
7;StudentAttendanceSystem;pair;51;25;49;46;260;100;0,58;0,41;3,3;0,56;89,67;89,67;6,36;4,85
7;StudentAttendanceSystem;state;52;24;49;11;59;100;0,45;0,66;0;0,14;90,67;90,67;1,5;1,25
7;StudentAttendanceSystem;transition;52;24;49;17;49;100;0,56;1,88;0;0,25;91,67;91,67;3,11;2,69
7;StudentAttendanceSystem;pair;52;24;49;45;259;100;0,57;0,51;3,06;0,82;92,67;92,67;6,48;4,95
7;StudentAttendanceSystem;state;53;19;33;8;44;100;0,45;0,56;0;0,13;93,67;93,67;1,4;1,15
7;StudentAttendanceSystem;transition;53;19;33;10;33;100;0,4;1,25;0;0,14;93,67;93,67;2,08;1,79
7;StudentAttendanceSystem;pair;53;19;33;27;144;100;0,5;0,31;1,52;0,31;94,67;95,67;3,79;2,65
7;StudentAttendanceSystem;state;54;12;18;5;22;100;0,44;0,6;0;0,06;95,67;95,67;1,36;1,1
7;StudentAttendanceSystem;transition;54;12;18;5;18;100;0,49;0,61;0;0,09;95,67;95,67;1,44;1,19
7;StudentAttendanceSystem;pair;54;12;18;16;68;100;0,31;0,16;0,88;0,16;96,67;96,67;2,25;1,51
7;StudentAttendanceSystem;state;55;27;52;11;59;100;0,57;0,77;0;0,14;97,67;97,67;1,73;1,49
7;StudentAttendanceSystem;transition;55;27;52;18;51;100;0,55;1,81;0;0,27;97,67;97,67;2,96;2,63
7;StudentAttendanceSystem;pair;55;27;52;52;294;100;0,77;0,53;3,44;0,77;99,67;99,67;7,02;5,5
7;StudentAttendanceSystem;state;56;23;45;10;56;100;0,58;0,77;0;0,14;100,67;100,67;1,78;1,48
7;StudentAttendanceSystem;transition;56;23;45;14;45;100;0,53;4,36;0;0,14;101,67;5,61;5,36;5,03
7;StudentAttendanceSystem;pair;56;23;45;40;234;100;0,36;0,3;2,28;0,31;6,61;6,61;4,22;3,26
7;StudentAttendanceSystem;state;57;24;47;10;51;100;0,36;0,52;0;0,23;7,61;7,61;1,37;1,11
7;StudentAttendanceSystem;transition;57;24;47;17;46;100;0,38;1,12;0;0,18;7,61;8,61;2,11;1,68
7;StudentAttendanceSystem;pair;57;24;47;42;240;100;0,57;0,35;2,52;0,47;9,61;9,61;4,89;3,91
7;StudentAttendanceSystem;state;58;25;46;10;53;100;1,06;0,54;0;0,09;10,61;10,61;1,92;1,68
7;StudentAttendanceSystem;transition;58;25;46;16;45;100;0,32;1,1;0;0,17;10,61;11,61;1,87;1,59
7;StudentAttendanceSystem;pair;58;25;46;45;243;100;0,36;0,3;1,98;0,35;12,61;12,61;3,98;3
7;StudentAttendanceSystem;state;59;27;56;12;67;100;0,41;0,61;0;0,12;13,61;13,61;1,36;1,13
7;StudentAttendanceSystem;transition;59;27;56;19;56;100;0,45;1,35;0;0,2;14,61;14,61;2,33;2
7;StudentAttendanceSystem;pair;59;27;56;51;291;100;0,51;0,43;2,55;0,56;15,61;16,61;5,32;4,04
7;StudentAttendanceSystem;state;60;17;29;7;37;100;0,32;0,52;0;0,13;16,61;16,61;1,27;0,97
7;StudentAttendanceSystem;transition;60;17;29;9;29;100;0,35;1,09;0;0,12;17,61;17,61;1,94;1,56
7;StudentAttendanceSystem;pair;60;17;29;27;143;100;0,33;0,24;1,36;0,19;17,61;18,61;2,96;2,11
7;StudentAttendanceSystem;state;61;31;62;14;75;100;0,55;0,78;0;0,24;18,61;18,61;1,86;1,56
7;StudentAttendanceSystem;transition;61;31;62;22;61;100;0,47;1,62;0;0,25;19,61;19,61;2,72;2,35
7;StudentAttendanceSystem;pair;61;31;62;60;338;100;1,79;0,84;5,37;0,85;21,61;22,61;10,46;8,86
7;StudentAttendanceSystem;state;62;19;35;8;38;100;0,37;0,75;0;0,08;22,61;22,61;1,47;1,19
7;StudentAttendanceSystem;transition;62;19;35;14;35;100;0,32;0,89;0;0,14;23,61;23,61;1,66;1,35
7;StudentAttendanceSystem;pair;62;19;35;31;154;100;0,35;0,26;1,32;0,27;24,61;24,61;3,06;2,2
7;StudentAttendanceSystem;state;63;19;33;7;37;100;0,32;0,45;0;0,05;24,61;24,61;1,02;0,82
7;StudentAttendanceSystem;transition;63;19;33;12;32;100;0,33;0,68;0;0,11;25,61;25,61;1,43;1,11
7;StudentAttendanceSystem;pair;63;19;33;29;147;100;0,31;0,19;1,22;0,21;26,61;26,61;2,58;1,93
7;StudentAttendanceSystem;state;64;19;31;8;40;100;0,26;0,41;0;0,07;27,61;27,61;0,94;0,74
7;StudentAttendanceSystem;transition;64;19;31;11;30;100;0,32;1;0;0,1;27,61;27,61;1,72;1,42
7;StudentAttendanceSystem;pair;64;19;31;24;120;100;0,26;0,2;1,12;0,12;28,61;28,61;2,42;1,69
7;StudentAttendanceSystem;state;65;16;27;6;30;100;0,21;0,24;0;0,06;29,61;29,61;0,66;0,51
7;StudentAttendanceSystem;transition;65;16;27;9;27;100;0,2;1,61;0;0,08;29,61;29,61;2,22;1,89
7;StudentAttendanceSystem;pair;65;16;27;22;112;100;0,25;0,16;0,81;0,11;30,61;30,61;1,92;1,34
7;StudentAttendanceSystem;state;66;24;45;9;48;100;0,27;0,41;0;0,1;30,61;31,61;1;0,78
7;StudentAttendanceSystem;transition;66;24;45;17;44;100;0,43;1,02;0;0,22;31,61;31,61;2,04;1,67
7;StudentAttendanceSystem;pair;66;24;45;42;226;100;0,37;0,26;1,85;0,22;33,61;33,61;3,76;2,7
7;StudentAttendanceSystem;state;67;19;33;7;37;100;0,4;0,38;0;0,06;33,61;33,61;1,14;0,84
7;StudentAttendanceSystem;transition;67;19;33;11;33;100;0,32;0,66;0;0,09;34,61;34,61;1,35;1,07
7;StudentAttendanceSystem;pair;67;19;33;32;163;100;0,28;0,24;1,36;0,23;35,61;35,61;2,99;2,13
7;StudentAttendanceSystem;state;68;17;26;6;31;100;0,38;0,42;0;0,04;36,61;36,61;1,06;0,85
7;StudentAttendanceSystem;transition;68;17;26;9;25;100;0,36;0,72;0;0,07;36,61;36,61;1,44;1,16
7;StudentAttendanceSystem;pair;68;17;26;20;98;100;0,27;0,2;6,31;0,14;37,61;37,61;7,76;6,93
7;StudentAttendanceSystem;state;69;30;61;13;73;100;0,52;0,83;0;0,1;38,61;38,61;1,75;1,45
7;StudentAttendanceSystem;transition;69;30;61;21;60;100;0,43;1,43;0;0,18;38,61;39,61;2,4;2,04
7;StudentAttendanceSystem;pair;69;30;61;55;315;100;0,49;0,66;4,19;0,39;40,61;41,61;6,94;5,73
7;StudentAttendanceSystem;state;70;18;29;7;34;100;0,21;0,37;0;0,04;41,61;41,61;0,78;0,63
7;StudentAttendanceSystem;transition;70;18;29;11;28;100;0,19;0,62;0;0,07;42,61;42,61;1,04;0,88
7;StudentAttendanceSystem;pair;70;18;29;19;92;100;0,25;0,14;0,63;0,11;42,61;43,61;1,82;1,14
7;StudentAttendanceSystem;state;71;12;19;5;22;100;0,31;0,33;0;0,04;43,61;43,61;0,9;0,69
7;StudentAttendanceSystem;transition;71;12;19;6;19;100;0,26;0,47;0;0,05;43,61;43,61;1,04;0,79
7;StudentAttendanceSystem;pair;71;12;19;18;74;100;0,26;0,19;0,62;0,11;44,61;44,61;1,77;1,17
7;StudentAttendanceSystem;state;72;24;45;10;56;100;0,41;0,54;0;0,11;45,61;45,61;1,33;1,06
7;StudentAttendanceSystem;transition;72;24;45;15;44;100;0,32;0,84;0;0,14;45,61;45,61;1,51;1,29
7;StudentAttendanceSystem;pair;72;24;45;40;226;100;0,32;0,28;1,53;0,42;47,61;47,61;3,5;2,55
7;StudentAttendanceSystem;state;73;18;32;7;35;100;0,32;0,37;0;0,07;47,61;47,61;0,95;0,76
7;StudentAttendanceSystem;transition;73;18;32;12;32;100;0,32;0,82;0;0,13;48,61;48,61;1,52;1,26
7;StudentAttendanceSystem;pair;73;18;32;28;142;100;0,34;0,29;1,29;0,24;49,61;49,61;3;2,15
7;StudentAttendanceSystem;state;74;27;53;11;59;100;0,48;0,67;0;0,17;50,61;50,61;1,56;1,32
7;StudentAttendanceSystem;transition;74;27;53;20;52;100;0,42;1,37;0;0,31;50,61;51,61;2,42;2,1
7;StudentAttendanceSystem;pair;74;27;53;47;257;100;0,45;0,5;2,51;0,46;52,61;52,61;5,3;3,93
7;StudentAttendanceSystem;state;75;17;30;7;33;100;0,35;0,47;0;0,07;53,61;53,61;1,11;0,89
7;StudentAttendanceSystem;transition;75;17;30;11;30;100;0,29;0,75;0;0,1;53,61;53,61;1,4;1,15
7;StudentAttendanceSystem;pair;75;17;30;23;118;100;0,29;0,23;1,51;0,19;54,61;54,61;2,95;2,21
7;StudentAttendanceSystem;state;76;19;33;7;37;100;0,39;5,22;0;0,08;55,61;55,61;5,98;5,68
7;StudentAttendanceSystem;transition;76;19;33;11;33;100;0,38;0,84;0;0,13;55,61;55,61;1,65;1,35
7;StudentAttendanceSystem;pair;76;19;33;31;163;100;0,35;0,28;1,29;0,3;56,61;57,61;3,11;2,21
7;StudentAttendanceSystem;state;77;19;35;8;43;100;0,38;0,49;0;0,08;57,61;57,61;1,19;0,95
7;StudentAttendanceSystem;transition;77;19;35;11;35;100;0,34;0,89;0;0,11;58,61;58,61;1,61;1,34
7;StudentAttendanceSystem;pair;77;19;35;34;176;100;0,32;0,37;1,63;0,3;59,61;59,61;3,66;2,61
7;StudentAttendanceSystem;state;78;26;47;11;60;100;0,46;0,58;0;0,1;59,61;59,61;1,38;1,14
7;StudentAttendanceSystem;transition;78;26;47;16;46;100;0,4;1,22;0;0,19;60,61;60,61;2,1;1,82
7;StudentAttendanceSystem;pair;78;26;47;43;229;100;0,44;0,36;1,96;0,37;62,61;62,61;4,36;3,13
7;StudentAttendanceSystem;state;79;21;40;9;48;100;0,43;0,55;0;0,09;62,61;62,61;1,3;1,07
7;StudentAttendanceSystem;transition;79;21;40;13;40;100;0,38;0,98;0;0,16;63,61;63,61;1,8;1,52
7;StudentAttendanceSystem;pair;79;21;40;35;193;100;0,35;0,36;1,57;0,32;64,61;64,61;3,81;2,61
7;StudentAttendanceSystem;state;80;28;56;12;66;100;0,49;0,75;0;0,16;65,61;65,61;1,64;1,39
7;StudentAttendanceSystem;transition;80;28;56;17;55;100;0,45;1,47;0;0,23;66,61;66,61;2,49;2,16
7;StudentAttendanceSystem;pair;80;28;56;52;304;100;0,46;0,55;2,97;0,55;67,61;68,61;6,12;4,53
7;StudentAttendanceSystem;state;81;11;17;4;17;100;0,3;0,27;0;0,03;68,61;68,61;0,75;0,6
7;StudentAttendanceSystem;transition;81;11;17;5;17;100;0,19;0,3;0;0,03;69,61;69,61;0,68;0,51
7;StudentAttendanceSystem;pair;81;11;17;18;73;100;0,21;0,11;0,52;0,1;69,61;69,61;1,4;0,93
7;StudentAttendanceSystem;state;82;17;26;6;31;100;0,29;0,38;0;0,06;70,61;70,61;0,89;0,73
7;StudentAttendanceSystem;transition;82;17;26;9;25;100;0,26;0,68;0;0,09;70,61;70,61;1,24;1,03
7;StudentAttendanceSystem;pair;82;17;26;18;86;100;0,26;0,18;0,64;0,12;71,61;71,61;1,8;1,2
7;StudentAttendanceSystem;state;83;31;64;14;76;100;0,49;0,71;0;0,14;72,61;72,61;1,56;1,34
7;StudentAttendanceSystem;transition;83;31;64;23;63;100;0,44;1,59;0;0,25;73,61;73,61;2,68;2,28
7;StudentAttendanceSystem;pair;83;31;64;57;325;100;0,48;0,48;2,86;0,48;74,61;75,61;6,31;4,3
7;StudentAttendanceSystem;state;84;21;39;9;47;100;0,48;0,53;0;0,12;75,61;76,61;1,42;1,13
7;StudentAttendanceSystem;transition;84;21;39;14;39;100;0,33;0,87;0;0,15;76,61;76,61;1,63;1,36
7;StudentAttendanceSystem;pair;84;21;39;34;176;100;0,42;0,29;1,44;0,26;77,61;77,61;3,35;2,4
7;StudentAttendanceSystem;state;85;19;32;7;36;100;0,37;0,44;0;0,06;78,61;78,61;1,07;0,87
7;StudentAttendanceSystem;transition;85;19;32;11;32;100;0,29;0,72;0;0,15;78,61;79,61;1,51;1,17
7;StudentAttendanceSystem;pair;85;19;32;25;129;100;0,34;0,26;0,83;0,18;79,61;80,61;2,38;1,62
7;StudentAttendanceSystem;state;86;23;41;9;45;100;0,32;0,46;0;0,08;80,61;80,61;1,02;0,85
7;StudentAttendanceSystem;transition;86;23;41;16;40;100;0,29;0,94;0;0,15;81,61;81,61;1,65;1,37
7;StudentAttendanceSystem;pair;86;23;41;33;174;100;0,39;0,29;1,35;0,19;82,61;82,61;3,14;2,22
7;StudentAttendanceSystem;state;87;21;42;9;46;100;0,38;0,49;0;0,08;83,61;83,61;1,16;0,95
7;StudentAttendanceSystem;transition;87;21;42;15;42;100;0,38;0,98;0;0,16;83,61;83,61;1,76;1,52
7;StudentAttendanceSystem;pair;87;21;42;40;228;100;0,36;0,28;1,78;0,28;85,61;85,61;3,45;2,7
7;StudentAttendanceSystem;state;88;19;33;8;44;100;0,22;0,28;0;0,05;85,61;85,61;0,69;0,55
7;StudentAttendanceSystem;transition;88;19;33;10;33;100;0,24;0,46;0;0,1;86,61;86,61;0,99;0,8
7;StudentAttendanceSystem;pair;88;19;33;25;137;100;0,22;0,2;0,84;0,18;87,61;87,61;2,1;1,44
7;StudentAttendanceSystem;state;89;20;36;8;41;100;0,26;0,46;0;0,07;87,61;87,61;0,96;0,79
7;StudentAttendanceSystem;transition;89;20;36;13;35;100;0,3;0,62;0;0,1;88,61;88,61;1,2;1,02
7;StudentAttendanceSystem;pair;89;20;36;33;171;100;0,26;0,19;1,1;0,28;89,61;89,61;2,86;1,82
7;StudentAttendanceSystem;state;90;25;53;12;63;100;0,32;0,57;0;0,1;90,61;90,61;1,19;0,99
7;StudentAttendanceSystem;transition;90;25;53;18;53;100;0,4;1,12;0;0,19;91,61;91,61;2,06;1,72
7;StudentAttendanceSystem;pair;90;25;53;47;269;100;0,38;0,42;1,94;0,36;92,61;93,61;4,07;3,1
7;StudentAttendanceSystem;state;91;21;39;9;45;100;0,31;0,46;0;0,08;93,61;93,61;1,04;0,85
7;StudentAttendanceSystem;transition;91;21;39;13;39;100;0,33;0,57;0;0,08;94,61;94,61;1,21;0,98
7;StudentAttendanceSystem;pair;91;21;39;35;183;100;0,31;0,23;1;0,18;95,61;95,61;2,35;1,71
7;StudentAttendanceSystem;state;92;21;38;8;43;100;0,23;0,33;0;0,05;96,61;96,61;0,78;0,61
7;StudentAttendanceSystem;transition;92;21;38;13;37;100;0,25;0,62;0;0,1;96,61;96,61;1,22;0,97
7;StudentAttendanceSystem;pair;92;21;38;34;192;100;0,26;0,29;1,33;0,33;97,61;98,61;2,93;2,21
7;StudentAttendanceSystem;state;93;25;47;9;49;100;0,39;0,47;0;0,08;98,61;98,61;1,1;0,94
7;StudentAttendanceSystem;transition;93;25;47;16;46;100;0,36;0,91;0;0,16;99,61;99,61;1,74;1,43
7;StudentAttendanceSystem;pair;93;25;47;39;228;100;0,29;0,31;1,47;0,31;100,61;101,61;3,13;2,38
7;StudentAttendanceSystem;state;94;17;31;7;33;100;0,31;0,25;0;0,05;101,61;101,61;0,75;0,61
7;StudentAttendanceSystem;transition;94;17;31;12;31;100;0,18;0,53;0;0,14;101,61;102,61;1,09;0,85
7;StudentAttendanceSystem;pair;94;17;31;27;133;100;0,33;0,22;0,96;0,25;102,61;103,61;2,51;1,77
7;StudentAttendanceSystem;state;95;22;38;9;50;100;0,43;0,58;0;0,08;103,61;103,61;1,29;1,1
7;StudentAttendanceSystem;transition;95;22;38;12;37;100;0,37;0,93;0;0,14;104,61;104,61;1,69;1,43
7;StudentAttendanceSystem;pair;95;22;38;31;168;100;0,34;0,28;1,14;0,3;105,61;105,61;2,93;2,06
7;StudentAttendanceSystem;state;96;18;28;7;34;100;0,35;0,39;0;0,08;105,61;105,61;1,01;0,81
7;StudentAttendanceSystem;transition;96;18;28;10;27;100;0,43;0,75;0;0,13;106,61;106,61;1,5;1,3
7;StudentAttendanceSystem;pair;96;18;28;17;83;100;0,35;0,24;0,79;0,19;107,61;107,61;2,3;1,57
7;StudentAttendanceSystem;state;97;24;47;10;52;100;0,55;0,67;0;0,13;107,61;107,61;1,57;1,35
7;StudentAttendanceSystem;transition;97;24;47;17;46;100;0,41;1,08;0;0,16;108,61;108,61;1,89;1,65
7;StudentAttendanceSystem;pair;97;24;47;41;225;100;0,39;0,34;1,55;0,4;109,61;110,61;3,51;2,67
7;StudentAttendanceSystem;state;98;22;38;8;43;100;0,33;0,42;0;0,07;110,61;110,61;0,96;0,82
7;StudentAttendanceSystem;transition;98;22;38;13;37;100;0,35;0,78;0;0,15;111,61;111,61;1,51;1,29
7;StudentAttendanceSystem;pair;98;22;38;35;183;100;0,32;0,26;1,43;0,33;112,61;112,61;3,21;2,35
7;StudentAttendanceSystem;state;99;12;20;5;20;100;0,29;0,28;0;0,03;113,61;113,61;0,76;0,6
7;StudentAttendanceSystem;transition;99;12;20;7;20;100;0,22;0,54;0;0,08;113,61;113,61;1,06;0,84
7;StudentAttendanceSystem;pair;99;12;20;18;75;100;0,26;0,19;0,66;0,14;114,61;114,61;1,87;1,25
7;StudentAttendanceSystem;state;100;20;37;8;41;100;0,31;0,49;0;0,12;114,61;114,61;1,09;0,91
7;StudentAttendanceSystem;transition;100;20;37;13;36;100;0,42;0,92;0;0,13;115,61;115,61;1,67;1,47
7;StudentAttendanceSystem;pair;100;20;37;33;181;100;0,31;0,3;1,54;0,38;116,61;116,61;3,65;2,53
7;StudentAttendanceSystem;state;101;22;39;9;44;100;0,5;0,65;0;0,11;117,61;117,61;1,48;1,26
7;StudentAttendanceSystem;transition;101;22;39;15;38;100;0,43;1,05;0;0,15;117,61;117,61;1,86;1,63
7;StudentAttendanceSystem;pair;101;22;39;31;160;100;0,39;0,39;1,38;0,28;118,61;119,61;3,37;2,44
7;StudentAttendanceSystem;state;102;27;55;12;66;100;0,49;0,78;0;0,15;119,61;119,61;1,64;1,42
7;StudentAttendanceSystem;transition;102;27;55;18;54;100;0,54;1,36;0;0,27;120,61;120,61;2,45;2,17
7;StudentAttendanceSystem;pair;102;27;55;49;283;100;0,57;0,56;3,28;0,64;121,61;122,61;6,46;5,05
7;StudentAttendanceSystem;state;103;24;49;11;60;100;0,52;0,73;0;0,15;122,61;123,61;1,63;1,39
7;StudentAttendanceSystem;transition;103;24;49;15;49;100;0,49;1,21;0;0,23;123,61;123,61;2,36;1,93
7;StudentAttendanceSystem;pair;103;24;49;41;243;100;0,51;0,52;2,45;0,53;125,61;125,61;5,35;4
7;StudentAttendanceSystem;state;104;22;43;8;43;100;0,54;0,61;0;0,11;125,61;125,61;1,47;1,25
7;StudentAttendanceSystem;transition;104;22;43;15;42;100;0,48;1,13;0;0,23;126,61;126,61;2,15;1,84
7;StudentAttendanceSystem;pair;104;22;43;40;228;100;0,51;0,48;1,93;0,45;127,61;128,61;4,66;3,37
7;StudentAttendanceSystem;state;105;16;27;6;30;100;0,45;0,5;0;0,06;128,61;128,61;1,26;1,01
7;StudentAttendanceSystem;transition;105;16;27;9;27;100;0,34;4,96;0;0,11;129,61;129,61;5,75;5,4
7;StudentAttendanceSystem;pair;105;16;27;22;112;100;0,39;0,28;0,91;0,25;130,61;130,61;2,65;1,83
7;StudentAttendanceSystem;state;106;11;17;4;17;100;0,33;0,37;0;0,04;130,61;130,61;0,98;0,74
7;StudentAttendanceSystem;transition;106;11;17;5;17;100;0,31;0,53;0;0,05;131,61;131,61;1,24;0,9
7;StudentAttendanceSystem;pair;106;11;17;17;69;100;0,3;0,17;0,51;0,12;131,61;131,61;1,65;1,1
7;StudentAttendanceSystem;state;107;21;35;8;39;100;0,42;0,53;0;0,08;132,61;132,61;1,2;1,03
7;StudentAttendanceSystem;transition;107;21;35;14;34;100;0,41;0,99;0;0,17;132,61;133,61;1,77;1,57
7;StudentAttendanceSystem;pair;107;21;35;25;124;100;0,38;0,29;1,05;0,29;133,61;134,61;2,8;2,01
7;StudentAttendanceSystem;state;108;19;34;8;43;100;0,46;0,6;0;0,09;134,61;134,61;1,35;1,16
7;StudentAttendanceSystem;transition;108;19;34;11;34;100;0,4;1,01;0;0,15;135,61;135,61;1,78;1,56
7;StudentAttendanceSystem;pair;108;19;34;29;155;100;0,45;0,31;1,14;0,27;136,61;136,61;3,02;2,17
7;StudentAttendanceSystem;state;109;20;33;8;43;100;0,45;0,55;0;0,1;136,61;136,61;1,27;1,09
7;StudentAttendanceSystem;transition;109;20;33;10;32;100;0,41;0,89;0;0,13;137,61;137,61;1,66;1,43
7;StudentAttendanceSystem;pair;109;20;33;28;152;100;0,4;0,35;1,15;0,29;138,61;138,61;2,98;2,2
7;StudentAttendanceSystem;state;110;18;28;7;37;100;0,47;0,74;0;0,1;138,61;138,61;1,52;1,31
7;StudentAttendanceSystem;transition;110;18;28;9;27;100;0,39;0,78;0;0,12;139,61;139,61;1,48;1,29
7;StudentAttendanceSystem;pair;110;18;28;24;120;100;0,42;0,23;0,94;0,21;140,61;140,61;2,53;1,8
7;StudentAttendanceSystem;state;111;23;41;9;48;100;0,59;0,72;0;0,1;140,61;141,61;1,7;1,42
7;StudentAttendanceSystem;transition;111;23;41;13;40;100;0,44;1,1;0;0,16;141,61;141,61;2,09;1,7
7;StudentAttendanceSystem;pair;111;23;41;38;202;100;0,44;0,47;1,61;0,39;142,61;143,61;3,83;2,91
7;StudentAttendanceSystem;state;112;22;39;9;49;100;0,46;0,6;0;0,1;143,61;143,61;1,5;1,17
7;StudentAttendanceSystem;transition;112;22;39;13;38;100;0,46;1,12;0;0,17;144,61;144,61;1,97;1,75
7;StudentAttendanceSystem;pair;112;22;39;32;176;100;0,46;0,55;1,38;0,31;145,61;145,61;3,56;2,7
7;StudentAttendanceSystem;state;113;22;38;9;44;100;0,45;0,59;0;0,09;146,61;146,61;1,3;1,13
7;StudentAttendanceSystem;transition;113;22;38;15;37;100;0,49;1,17;0;0,16;146,61;146,61;2,11;1,82
7;StudentAttendanceSystem;pair;113;22;38;36;174;100;0,43;0,27;1,46;2,15;147,61;148,61;5,13;4,3
7;StudentAttendanceSystem;state;114;19;33;7;36;100;0,28;0,42;0;0,06;5,6;5,6;0,91;0,76
7;StudentAttendanceSystem;transition;114;19;33;12;33;100;0,25;0,6;0;0,09;6,6;6,6;1,07;0,93
7;StudentAttendanceSystem;pair;114;19;33;27;137;100;0,25;0,14;0,74;0,14;6,6;7,6;1,79;1,27
7;StudentAttendanceSystem;state;115;21;39;9;50;100;0,28;0,38;0;0,07;7,6;7,6;0,85;0,73
7;StudentAttendanceSystem;transition;115;21;39;12;39;100;0,28;0,77;0;0,13;8,6;8,6;1,32;1,17
7;StudentAttendanceSystem;pair;115;21;39;34;191;100;0,34;0,17;1,11;0,22;9,6;9,6;2,48;1,85
7;StudentAttendanceSystem;state;116;22;40;9;48;100;0,33;0,42;0;0,07;10,6;10,6;0,97;0,81
7;StudentAttendanceSystem;transition;116;22;40;14;40;100;0,41;0,75;0;0,12;10,6;10,6;1,45;1,29
7;StudentAttendanceSystem;pair;116;22;40;35;182;100;0,29;0,16;0,86;0,28;11,6;12,6;2,25;1,59
7;StudentAttendanceSystem;state;117;26;51;11;61;100;0,3;0,56;0;0,12;12,6;12,6;1,13;0,98
7;StudentAttendanceSystem;transition;117;26;51;17;51;100;0,4;0,83;0;0,11;13,6;13,6;1,53;1,34
7;StudentAttendanceSystem;pair;117;26;51;45;257;100;0,26;0,2;1,54;0,24;14,6;15,6;2,96;2,25
7;StudentAttendanceSystem;state;118;24;50;11;60;100;0,39;0,37;0;0,08;15,6;16,6;0,97;0,84
7;StudentAttendanceSystem;transition;118;24;50;16;50;100;0,3;0,83;0;0,1;16,6;16,6;1,44;1,24
7;StudentAttendanceSystem;pair;118;24;50;45;259;100;0,33;0,22;1,36;0,32;18,6;18,6;2,9;2,23
7;StudentAttendanceSystem;state;119;27;55;12;66;100;0,43;0,59;0;0,12;19,6;19,6;1,31;1,14
7;StudentAttendanceSystem;transition;119;27;55;18;54;100;0,36;0,95;0;0,19;19,6;20,6;1,7;1,49
7;StudentAttendanceSystem;pair;119;27;55;49;283;100;0,31;0,32;1,77;0,36;21,6;21,6;3,52;2,76
7;StudentAttendanceSystem;state;120;16;28;6;30;100;0,23;0,25;0;0,03;22,6;22,6;0,61;0,51
7;StudentAttendanceSystem;transition;120;16;28;10;28;100;0,22;0,51;0;0,08;22,6;22,6;0,99;0,81
7;StudentAttendanceSystem;pair;120;16;28;25;123;100;0,22;0,12;0,77;0,15;23,6;23,6;1,83;1,26
7;StudentAttendanceSystem;state;121;24;44;9;50;100;0,39;0,55;0;0,08;24,6;24,6;1,18;1,02
7;StudentAttendanceSystem;transition;121;24;44;16;43;100;0,31;0,84;0;0,11;25,6;25,6;1,43;1,25
7;StudentAttendanceSystem;pair;121;24;44;37;195;100;0,37;0,2;1,05;0,28;26,6;26,6;2,64;1,9
7;StudentAttendanceSystem;state;122;26;52;11;61;100;0,32;0,5;0;0,09;27,6;27,6;1,08;0,91
7;StudentAttendanceSystem;transition;122;26;52;18;52;100;0,29;1,01;0;0,15;27,6;28,6;1,64;1,44
7;StudentAttendanceSystem;pair;122;26;52;48;268;100;0,29;0,2;1,46;0,33;29,6;29,6;3,09;2,28
7;StudentAttendanceSystem;state;123;19;30;7;35;100;0,25;0,4;0;0,06;30,6;30,6;0,86;0,72
7;StudentAttendanceSystem;transition;123;19;30;11;29;100;0,27;0,62;0;0,09;30,6;30,6;1,13;0,97
7;StudentAttendanceSystem;pair;123;19;30;21;101;100;0,27;0,11;0,59;0,09;31,6;31,6;1,48;1,06
7;StudentAttendanceSystem;state;124;30;58;13;72;100;0,32;0,43;0;0,09;32,6;32,6;0,94;0,83
7;StudentAttendanceSystem;transition;124;30;58;19;57;100;0,36;1,32;0;0,2;33,6;33,6;2,07;1,88
7;StudentAttendanceSystem;pair;124;30;58;55;313;100;0,43;0,29;2,21;0,4;34,6;35,6;4,53;3,32
7;StudentAttendanceSystem;state;125;24;48;10;51;100;0,31;0,46;0;0,06;35,6;35,6;1;0,83
7;StudentAttendanceSystem;transition;125;24;48;18;48;100;0,38;0,97;0;0,16;36,6;36,6;1,73;1,51
7;StudentAttendanceSystem;pair;125;24;48;43;243;100;0,4;0,23;1,58;0,27;37,6;38,6;3,25;2,48
7;StudentAttendanceSystem;state;126;22;38;9;50;100;0,34;0,44;0;0,06;38,6;38,6;0,99;0,84
7;StudentAttendanceSystem;transition;126;22;38;12;37;100;0,34;0,75;0;0,12;39,6;39,6;1,43;1,21
7;StudentAttendanceSystem;pair;126;22;38;30;164;100;0,33;0,18;0,92;0,16;40,6;40,6;2,19;1,58
7;StudentAttendanceSystem;state;127;23;43;9;50;100;0,29;0,43;0;0,06;41,6;41,6;0,89;0,78
7;StudentAttendanceSystem;transition;127;23;43;14;43;100;0,29;0,82;0;0,12;41,6;42,6;1,41;1,23
7;StudentAttendanceSystem;pair;127;23;43;35;197;100;0,32;0,19;1,18;0,21;43,6;43,6;2,6;1,91
7;StudentAttendanceSystem;state;128;21;41;8;43;100;0,3;0,45;0;0,08;43,6;43,6;1,04;0,84
7;StudentAttendanceSystem;transition;128;21;41;13;41;100;0,36;0,82;0;0,13;44,6;44,6;1,55;1,3
7;StudentAttendanceSystem;pair;128;21;41;41;223;100;0,43;0,17;1,84;0,28;45,6;46,6;3,66;2,73
7;StudentAttendanceSystem;state;129;20;37;8;42;100;0,36;0,46;0;0,07;46,6;46,6;1,06;0,9
7;StudentAttendanceSystem;transition;129;20;37;12;37;100;0,31;0,82;0;0,09;47,6;47,6;1,41;1,22
7;StudentAttendanceSystem;pair;129;20;37;37;189;100;0,31;0,18;1,34;0,26;48,6;48,6;2,82;2,09
7;StudentAttendanceSystem;state;130;17;30;7;33;100;0,37;0,36;0;0,07;48,6;49,6;0,96;0,79
7;StudentAttendanceSystem;transition;130;17;30;11;30;100;0,28;0,63;0;0,09;49,6;49,6;1,19;1
7;StudentAttendanceSystem;pair;130;17;30;24;121;100;0,2;0,11;0,59;0,11;50,6;50,6;1,36;1,01
7;StudentAttendanceSystem;state;131;25;45;10;55;100;0,26;0,36;0;0,08;51,6;51,6;0,82;0,71
7;StudentAttendanceSystem;transition;131;25;45;16;44;100;0,31;0,94;0;0,14;51,6;51,6;1,58;1,39
7;StudentAttendanceSystem;pair;131;25;45;37;197;100;0,36;0,19;0,91;0,17;53,6;53,6;2,12;1,63
7;StudentAttendanceSystem;state;132;25;51;12;68;100;0,27;0,35;0;0,07;53,6;53,6;0,81;0,7
7;StudentAttendanceSystem;transition;132;25;51;15;51;100;0,27;0,65;0;0,1;54,6;54,6;1,15;1,02
7;StudentAttendanceSystem;pair;132;25;51;47;279;100;0,3;0,19;1,55;0,35;56,6;56,6;3,09;2,39
7;StudentAttendanceSystem;state;133;17;26;6;31;100;0,21;0,27;0;0,05;56,6;56,6;0,73;0,53
7;StudentAttendanceSystem;transition;133;17;26;8;26;100;0,19;0,39;0;0,06;57,6;57,6;0,76;0,64
7;StudentAttendanceSystem;pair;133;17;26;21;101;100;0,27;0,1;0,47;0,09;58,6;58,6;1,38;0,94
7;StudentAttendanceSystem;state;134;29;59;12;68;100;0,38;0,7;0;0,13;58,6;58,6;1,38;1,21
7;StudentAttendanceSystem;transition;134;29;59;20;58;100;0,38;1,17;0;0,2;59,6;59,6;2;1,76
7;StudentAttendanceSystem;pair;134;29;59;52;302;100;0,38;0,32;2,34;0,34;61,6;61,6;4,17;3,37
7;StudentAttendanceSystem;state;135;27;55;12;67;100;0,43;0,49;0;0,07;62,6;62,6;1,14;0,99
7;StudentAttendanceSystem;transition;135;27;55;18;55;100;0,26;0,89;0;0,16;63,6;63,6;1,49;1,32
7;StudentAttendanceSystem;pair;135;27;55;48;276;100;0,29;0,23;1,99;0,41;64,6;65,6;3,66;2,91
7;StudentAttendanceSystem;state;136;28;53;12;66;100;0,47;0,52;0;0,12;65,6;65,6;1,34;1,1
7;StudentAttendanceSystem;transition;136;28;53;18;52;100;0,43;0,95;0;0,14;66,6;66,6;1,7;1,52
7;StudentAttendanceSystem;pair;136;28;53;51;277;100;0,33;0,24;1,56;0,42;68,6;68,6;3,38;2,55
7;StudentAttendanceSystem;state;137;22;44;10;51;100;0,34;0,56;0;0,1;69,6;69,6;1,19;1
7;StudentAttendanceSystem;transition;137;22;44;16;44;100;0,39;1,02;0;0,18;69,6;69,6;1,87;1,6
7;StudentAttendanceSystem;pair;137;22;44;40;214;100;0,35;0,15;1,1;0,25;71,6;71,6;2,49;1,86
7;StudentAttendanceSystem;state;138;18;33;7;37;100;0,27;0,26;0;0,05;71,6;71,6;0,71;0,58
7;StudentAttendanceSystem;transition;138;18;33;11;33;100;0,23;0,58;0;0,1;72,6;72,6;1,06;0,91
7;StudentAttendanceSystem;pair;138;18;33;31;172;100;0,26;0,13;0,95;0,14;73,6;73,6;1,96;1,47
7;StudentAttendanceSystem;state;139;26;52;11;61;100;0,4;0,41;0;0,14;74,6;74,6;1,07;0,96
7;StudentAttendanceSystem;transition;139;26;52;18;52;100;0,3;0,93;0;0,24;75,6;75,6;1,67;1,47
7;StudentAttendanceSystem;pair;139;26;52;48;268;100;0,3;0,3;1,94;0,31;76,6;76,6;3,7;2,86
7;StudentAttendanceSystem;state;140;24;43;9;50;100;0,31;0,49;0;0,06;77,6;77,6;0,99;0,86
7;StudentAttendanceSystem;transition;140;24;43;15;42;100;0,32;0,93;0;0,12;78,6;78,6;1,53;1,37
7;StudentAttendanceSystem;pair;140;24;43;35;189;100;0,27;0,14;0,87;0,22;79,6;79,6;2,16;1,5
7;StudentAttendanceSystem;state;141;21;39;8;42;100;0,34;0,42;0;0,05;80,6;80,6;0,93;0,81
7;StudentAttendanceSystem;transition;141;21;39;14;38;100;0,24;0,66;0;0,1;80,6;80,6;1,15;1
7;StudentAttendanceSystem;pair;141;21;39;36;194;100;0,24;0,15;1,09;0,19;81,6;82,6;2,2;1,67
7;StudentAttendanceSystem;state;142;15;26;6;29;100;0,19;0,24;0;0,03;82,6;82,6;0,57;0,46
7;StudentAttendanceSystem;transition;142;15;26;9;26;100;0,16;0,41;0;0,07;83,6;83,6;0,78;0,64
7;StudentAttendanceSystem;pair;142;15;26;22;110;100;0,24;0,13;0,59;0,1;83,6;83,6;1,61;1,06
7;StudentAttendanceSystem;state;143;15;26;6;29;100;0,22;0,3;0;0,08;84,6;84,6;0,75;0,61
7;StudentAttendanceSystem;transition;143;15;26;9;26;100;0,25;0,45;0;0,08;84,6;84,6;0,95;0,79
7;StudentAttendanceSystem;pair;143;15;26;21;107;100;0,27;0,12;0,6;0,12;85,6;85,6;1,58;1,11
7;StudentAttendanceSystem;state;144;20;36;8;43;100;0,25;0,3;0;0,05;86,6;86,6;0,75;0,6
7;StudentAttendanceSystem;transition;144;20;36;12;36;100;0,24;0,7;0;0,12;86,6;86,6;1,37;1,06
7;StudentAttendanceSystem;pair;144;20;36;29;163;100;0,35;0,22;1,13;0,26;87,6;88,6;2,65;1,95
7;StudentAttendanceSystem;state;145;25;45;10;55;100;0,45;0,62;0;0,11;88,6;88,6;1,33;1,17
7;StudentAttendanceSystem;transition;145;25;45;16;44;100;0,38;1,54;0;0,18;89,6;89,6;2,33;2,09
7;StudentAttendanceSystem;pair;145;25;45;38;202;100;0,68;0,26;1,59;0,65;90,6;90,6;4,44;3,18
7;StudentAttendanceSystem;state;146;19;35;8;43;100;0,41;0,7;0;0,13;91,6;91,6;1,53;1,25
7;StudentAttendanceSystem;transition;146;19;35;11;35;100;0,41;0,77;0;0,2;91,6;92,6;1,61;1,38
7;StudentAttendanceSystem;pair;146;19;35;34;190;100;0,35;0,22;1,56;0,32;93,6;93,6;3,24;2,44
7;StudentAttendanceSystem;state;147;25;47;10;53;100;0,42;0,58;0;0,13;93,6;93,6;1,3;1,12
7;StudentAttendanceSystem;transition;147;25;47;17;46;100;0,51;1,19;0;0,34;94,6;94,6;2,44;2,04
7;StudentAttendanceSystem;pair;147;25;47;48;258;100;0,41;0,27;2,3;0,42;95,6;96,6;4,69;3,4
7;StudentAttendanceSystem;state;148;25;52;12;63;100;0,48;0,73;0;0,13;96,6;97,6;1,6;1,34
7;StudentAttendanceSystem;transition;148;25;52;17;52;100;0,51;1,11;0;0,19;97,6;97,6;2,07;1,8
7;StudentAttendanceSystem;pair;148;25;52;43;253;100;0,43;0,37;2,23;0,47;99,6;99,6;4,58;3,49
7;StudentAttendanceSystem;state;149;26;52;11;61;100;0,49;0,77;0;0,14;100,6;100,6;1,66;1,4
7;StudentAttendanceSystem;transition;149;26;52;18;52;100;0,6;6,7;0;0,21;100,6;101,6;7,82;7,51
7;StudentAttendanceSystem;pair;149;26;52;48;268;100;0,47;0,22;1,59;0,57;102,6;102,6;3,91;2,85
7;StudentAttendanceSystem;state;150;27;55;12;66;100;0,51;0,59;0;0,14;103,6;103,6;1,42;1,24
7;StudentAttendanceSystem;transition;150;27;55;18;54;100;0,4;1,39;0;0,19;104,6;104,6;2,27;1,97
7;StudentAttendanceSystem;pair;150;27;55;49;283;100;0,44;0,36;2,64;0,43;105,6;106,6;4,95;3,88
7;StudentAttendanceSystem;state;151;26;53;11;59;100;0,53;0,77;0;0,1;106,6;106,6;1,58;1,4
7;StudentAttendanceSystem;transition;151;26;53;19;53;100;0,42;1,09;0;0,19;107,6;107,6;2;1,7
7;StudentAttendanceSystem;pair;151;26;53;47;265;100;0,44;0,32;2,16;0,38;109,6;109,6;4,33;3,3
7;StudentAttendanceSystem;state;152;26;52;10;52;100;0,43;0,57;0;0,11;109,6;110,6;1,28;1,11
7;StudentAttendanceSystem;transition;152;26;52;20;51;100;0,4;1,21;0;0,23;110,6;110,6;2,14;1,84
7;StudentAttendanceSystem;pair;152;26;52;47;264;100;0,56;0,31;2,18;0,48;112,6;112,6;4,5;3,53
7;StudentAttendanceSystem;state;153;22;39;9;44;100;0,35;0,47;0;0,08;113,6;113,6;1,09;0,89
7;StudentAttendanceSystem;transition;153;22;39;15;38;100;0,34;0,84;0;0,14;113,6;113,6;1,53;1,32
7;StudentAttendanceSystem;pair;153;22;39;30;157;100;0,37;0,21;1,11;0,24;114,6;115,6;2,66;1,94
7;StudentAttendanceSystem;state;154;31;64;14;76;100;0,45;0,74;0;0,13;115,6;115,6;1,48;1,32
7;StudentAttendanceSystem;transition;154;31;64;23;63;100;0,44;1,39;0;0,24;116,6;116,6;2,33;2,08
7;StudentAttendanceSystem;pair;154;31;64;57;325;100;0,5;0,38;2,85;0,54;118,6;119,6;5,42;4,27
7;StudentAttendanceSystem;state;155;26;50;10;54;100;0,41;0,64;0;0,1;119,6;119,6;1,31;1,14
7;StudentAttendanceSystem;transition;155;26;50;18;49;100;0,38;1,41;0;0,23;120,6;120,6;2,27;2,02
7;StudentAttendanceSystem;pair;155;26;50;46;262;100;0,4;0,3;2,21;0,36;121,6;122,6;4,15;3,27
7;StudentAttendanceSystem;state;156;26;52;11;60;100;0,44;0,54;0;0,1;122,6;122,6;1,3;1,09
7;StudentAttendanceSystem;transition;156;26;52;18;51;100;0,47;1,03;0;0,18;123,6;123,6;1,91;1,68
7;StudentAttendanceSystem;pair;156;26;52;49;275;100;0,28;0,2;1,5;0,43;125,6;125,6;3,2;2,41
7;StudentAttendanceSystem;state;157;17;27;6;31;100;0,28;0,23;0;0,05;125,6;125,6;0,69;0,56
7;StudentAttendanceSystem;transition;157;17;27;10;26;100;0,26;0,45;0;0,06;126,6;126,6;0,91;0,77
7;StudentAttendanceSystem;pair;157;17;27;22;100;100;0,21;0,12;0,52;0,16;127,6;127,6;1,49;1,01
7;StudentAttendanceSystem;state;158;27;53;11;57;100;0,34;0,42;0;0,11;127,6;127,6;1,01;0,86
7;StudentAttendanceSystem;transition;158;27;53;20;52;100;0,3;0,93;0;0,17;128,6;128,6;1,7;1,4
7;StudentAttendanceSystem;pair;158;27;53;48;268;100;0,27;0,2;1,76;0,52;130,6;130,6;3,56;2,76
7;StudentAttendanceSystem;state;159;27;56;12;67;100;0,48;0,48;0;0,07;131,6;131,6;1,19;1,03
7;StudentAttendanceSystem;transition;159;27;56;19;56;100;0,36;0,77;0;0,12;132,6;132,6;1,44;1,26
7;StudentAttendanceSystem;pair;159;27;56;51;291;100;0,32;0,25;1,45;0,3;133,6;134,6;3,01;2,33
7;StudentAttendanceSystem;state;160;23;42;9;46;100;0,25;0,33;0;0,1;134,6;134,6;0,81;0,68
7;StudentAttendanceSystem;transition;160;23;42;16;41;100;0,25;0,59;0;0,14;135,6;135,6;1,12;0,98
7;StudentAttendanceSystem;pair;160;23;42;40;208;100;0,28;0,17;1,17;0,23;136,6;136,6;2,52;1,86
7;StudentAttendanceSystem;state;161;19;36;8;40;100;0,28;0,32;0;0,04;137,6;137,6;0,76;0,65
7;StudentAttendanceSystem;transition;161;19;36;13;36;100;0,28;0,61;0;0,08;137,6;137,6;1,12;0,97
7;StudentAttendanceSystem;pair;161;19;36;33;180;100;0,31;0,15;1,19;0,19;138,6;139,6;2,34;1,85
7;StudentAttendanceSystem;state;162;24;46;10;55;100;0,29;0,35;0;0,06;139,6;139,6;0,8;0,7
7;StudentAttendanceSystem;transition;162;24;46;16;46;100;0,25;0,61;0;0,14;140,6;140,6;1,16;0,99
7;StudentAttendanceSystem;pair;162;24;46;41;225;100;0,44;0,19;1,28;0,31;141,6;142,6;2,78;2,23
7;StudentAttendanceSystem;state;163;25;52;11;60;100;0,26;0,38;0;0,08;142,6;142,6;0,85;0,72
7;StudentAttendanceSystem;transition;163;25;52;16;52;100;0,37;0,69;0;0,14;143,6;143,6;1,37;1,19
7;StudentAttendanceSystem;pair;163;25;52;51;291;100;0,28;0,21;1,6;0,39;144,6;145,6;3,26;2,49
7;StudentAttendanceSystem;state;164;23;45;9;50;100;0,31;0,44;0;0,08;145,6;145,6;0,97;0,83
7;StudentAttendanceSystem;transition;164;23;45;16;45;100;0,48;0,86;0;0,15;146,6;146,6;1,73;1,49
7;StudentAttendanceSystem;pair;164;23;45;41;223;100;0,36;0,2;1,6;0,32;147,6;148,6;3,57;2,48
7;StudentAttendanceSystem;state;165;26;51;11;60;100;0,28;0,45;0;0,09;148,6;148,6;0,97;0,82
7;StudentAttendanceSystem;transition;165;26;51;17;50;100;0,29;1,41;0;0,27;149,6;149,6;2,27;1,97
7;StudentAttendanceSystem;pair;165;26;51;46;264;100;0,48;0,3;2,45;0,48;150,6;151,6;5,05;3,71
7;StudentAttendanceSystem;state;166;20;39;8;43;100;0,53;0,82;0;0,11;151,6;151,6;1,66;1,45
7;StudentAttendanceSystem;transition;166;20;39;13;39;100;0,54;2,16;0;0,22;152,6;152,6;3,18;2,92
7;StudentAttendanceSystem;pair;166;20;39;37;215;100;0,47;0,3;1,78;0,37;153,6;153,6;3,88;2,92
7;StudentAttendanceSystem;state;167;23;45;9;48;100;2,54;0,42;0;0,08;5,57;5,57;3,25;3,04
7;StudentAttendanceSystem;transition;167;23;45;16;45;100;0,27;0,71;0;0,15;6,57;6,57;1,37;1,14
7;StudentAttendanceSystem;pair;167;23;45;42;238;100;0,35;0,26;1,77;0,29;7,57;7,57;3,5;2,68
7;StudentAttendanceSystem;state;168;26;52;11;62;100;0,33;0,41;0;0,07;8,57;8,57;0,94;0,81
7;StudentAttendanceSystem;transition;168;26;52;16;52;100;0,33;1,01;0;0,18;9,57;9,57;1,75;1,52
7;StudentAttendanceSystem;pair;168;26;52;42;252;100;0,39;0,3;1,67;0,3;10,57;10,57;3,54;2,66
7;StudentAttendanceSystem;state;169;18;32;7;37;100;0,28;0,38;0;0,06;11,57;11,57;0,91;0,71
7;StudentAttendanceSystem;transition;169;18;32;10;32;100;0,24;0,55;0;0,07;11,57;11,57;1,03;0,86
7;StudentAttendanceSystem;pair;169;18;32;27;153;100;0,29;0,13;0,64;0,2;12,57;13,57;1,67;1,25
7;StudentAttendanceSystem;state;170;22;39;9;48;100;0,22;0,3;0;0,06;13,57;13,57;0,69;0,58
7;StudentAttendanceSystem;transition;170;22;39;13;38;100;0,21;0,57;0;0,09;14,57;14,57;1;0,87
7;StudentAttendanceSystem;pair;170;22;39;31;167;100;0,26;0,14;1,09;0,24;15,57;15,57;2,42;1,73
7;StudentAttendanceSystem;state;171;22;42;9;46;100;0,42;0,51;0;0,08;15,57;16,57;1,71;1,01
7;StudentAttendanceSystem;transition;171;22;42;15;41;100;0,33;0,88;0;0,13;16,57;16,57;1,57;1,34
7;StudentAttendanceSystem;pair;171;22;42;40;217;100;0,31;0,21;1,44;0,33;17,57;18,57;3,19;2,29
7;StudentAttendanceSystem;state;172;25;50;10;56;100;0,31;0,38;0;0,06;18,57;18,57;0,87;0,75
7;StudentAttendanceSystem;transition;172;25;50;17;50;100;0,26;0,74;0;0,11;19,57;19,57;1,26;1,11
7;StudentAttendanceSystem;pair;172;25;50;45;259;100;0,27;0,19;1,5;0,29;20,57;21,57;2,93;2,24
7;StudentAttendanceSystem;state;173;20;36;8;43;100;0,34;0,32;0;0,05;21,57;21,57;0,84;0,71
7;StudentAttendanceSystem;transition;173;20;36;12;36;100;0,31;0,69;0;0,12;22,57;22,57;1,41;1,12
7;StudentAttendanceSystem;pair;173;20;36;29;163;100;0,31;0,21;1,31;0,21;23,57;23,57;2,86;2,05
7;StudentAttendanceSystem;state;174;21;38;8;43;100;0,35;0,54;0;0,05;24,57;24,57;1,07;0,94
7;StudentAttendanceSystem;transition;174;21;38;12;38;100;0,21;0,68;0;0,09;24,57;24,57;1,11;0,97
7;StudentAttendanceSystem;pair;174;21;38;35;195;100;0,26;0,17;0,92;0,17;25,57;26,57;2,02;1,52
7;StudentAttendanceSystem;state;175;23;43;8;43;100;0,24;0,3;0;0,05;26,57;26,57;0,68;0,59
7;StudentAttendanceSystem;transition;175;23;43;16;42;100;0,28;0,65;0;0,13;27,57;27,57;1,19;1,06
7;StudentAttendanceSystem;pair;175;23;43;39;213;100;0,32;0,15;1,1;0,19;28,57;28,57;2,45;1,77
7;StudentAttendanceSystem;state;176;22;40;9;49;100;0,27;0,36;0;0,07;29,57;29,57;0,84;0,7
7;StudentAttendanceSystem;transition;176;22;40;13;39;100;0,33;0,74;0;0,14;29,57;30,57;1,42;1,22
7;StudentAttendanceSystem;pair;176;22;40;38;200;100;0,23;0,19;1,17;0,25;31,57;31,57;2,46;1,84
7;StudentAttendanceSystem;state;177;17;28;7;37;100;0,29;0,33;0;0,06;31,57;31,57;0,82;0,68
7;StudentAttendanceSystem;transition;177;17;28;8;28;100;0,29;0,6;0;0,08;32,57;32,57;1,14;0,96
7;StudentAttendanceSystem;pair;177;17;28;25;132;100;0,33;0,15;0,86;0,15;33,57;33,57;2,04;1,49
7;StudentAttendanceSystem;state;178;29;57;12;68;100;0,34;0,56;0;0,13;33,57;34,57;1,19;1,04
7;StudentAttendanceSystem;transition;178;29;57;18;56;100;0,37;1,01;0;0,26;34,57;34,57;1,9;1,64
7;StudentAttendanceSystem;pair;178;29;57;45;270;100;0,45;0,24;1,73;0,39;36,57;36,57;3,93;2,81
7;StudentAttendanceSystem;state;179;20;40;8;42;100;0,38;0,41;0;0,07;37,57;37,57;1;0,86
7;StudentAttendanceSystem;transition;179;20;40;14;40;100;0,32;0,92;0;0,15;37,57;37,57;1,7;1,39
7;StudentAttendanceSystem;pair;179;20;40;39;217;100;0,32;0,2;1,61;0,29;39,57;39,57;3,15;2,42
7;StudentAttendanceSystem;state;180;23;45;9;46;100;0,39;0,45;0;0,08;39,57;39,57;1,09;0,92
7;StudentAttendanceSystem;transition;180;23;45;16;45;100;0,35;0,66;0;0,1;40,57;40,57;1,29;1,11
7;StudentAttendanceSystem;pair;180;23;45;38;217;100;0,4;0,16;1,49;0,2;41,57;42,57;2,92;2,25
7;StudentAttendanceSystem;state;181;19;32;7;37;100;0,23;0,24;0;0,04;42,57;42,57;0,6;0,51
7;StudentAttendanceSystem;transition;181;19;32;11;31;100;0,21;0,54;0;0,08;43,57;43,57;0,98;0,82
7;StudentAttendanceSystem;pair;181;19;32;28;149;100;0,3;0,14;0,88;0,17;44,57;44,57;2,22;1,49
7;StudentAttendanceSystem;state;182;24;45;10;56;100;0,36;0,41;0;0,1;44,57;44,57;1,04;0,87
7;StudentAttendanceSystem;transition;182;24;45;15;44;100;0,36;0,89;0;0,17;45,57;45,57;1,67;1,41
7;StudentAttendanceSystem;pair;182;24;45;40;226;100;0,29;0,17;1,57;0,33;46,57;47,57;3,14;2,36
7;StudentAttendanceSystem;state;183;19;35;8;42;100;0,25;0,35;0;0,07;47,57;47,57;0,84;0,67
7;StudentAttendanceSystem;transition;183;19;35;12;35;100;0,25;0,65;0;0,12;48,57;48,57;1,19;1,02
7;StudentAttendanceSystem;pair;183;19;35;32;161;100;0,23;0,16;1,13;0,22;49,57;49,57;2,33;1,74
7;StudentAttendanceSystem;state;184;22;42;9;48;100;0,33;0,44;0;0,09;49,57;49,57;1;0,87
7;StudentAttendanceSystem;transition;184;22;42;13;42;100;0,31;0,76;0;0,12;50,57;50,57;1,37;1,19
7;StudentAttendanceSystem;pair;184;22;42;41;225;100;0,32;0,22;1,68;0,3;51,57;52,57;3,4;2,52
7;StudentAttendanceSystem;state;185;23;42;8;43;100;0,34;0,4;0;0,08;52,57;52,57;0,97;0,82
7;StudentAttendanceSystem;transition;185;23;42;15;41;100;0,31;0,95;0;0,14;53,57;53,57;1,59;1,41
7;StudentAttendanceSystem;pair;185;23;42;35;196;100;0,37;0,2;1,27;0,2;54,57;54,57;2,8;2,05
7;StudentAttendanceSystem;state;186;21;39;8;42;100;0,35;0,48;0;0,08;55,57;55,57;1,1;0,91
7;StudentAttendanceSystem;transition;186;21;39;14;39;100;0,32;0,93;0;0,14;55,57;56,57;1,56;1,39
7;StudentAttendanceSystem;pair;186;21;39;35;191;100;0,35;0,23;1,35;0,25;57,57;57,57;2,91;2,17
7;StudentAttendanceSystem;state;187;19;33;8;40;100;0,31;0,38;0;0,06;57,57;57,57;0,88;0,75
7;StudentAttendanceSystem;transition;187;19;33;12;33;100;0,29;0,69;0;0,11;58,57;58,57;1,25;1,09
7;StudentAttendanceSystem;pair;187;19;33;23;122;100;0,34;0,2;0,9;0,16;59,57;59,57;2,24;1,6
7;StudentAttendanceSystem;state;188;28;56;13;71;100;0,44;0,56;0;0,19;59,57;60,57;1,34;1,2
7;StudentAttendanceSystem;transition;188;28;56;18;55;100;0,38;1,47;0;0,19;60,57;60,57;2,25;2,04
7;StudentAttendanceSystem;pair;188;28;56;45;270;100;0,42;0,31;2,02;0,45;62,57;62,57;4,2;3,2
7;StudentAttendanceSystem;state;189;20;40;8;43;100;0,33;0,6;0;0,05;63,57;63,57;1,12;0,98
7;StudentAttendanceSystem;transition;189;20;40;13;40;100;0,31;0,82;0;0,08;63,57;63,57;1,39;1,21
7;StudentAttendanceSystem;pair;189;20;40;42;236;100;0,28;0,19;1,46;0,27;65,57;65,57;2,82;2,2
7;StudentAttendanceSystem;state;190;20;39;8;42;100;0,31;0,4;0;0,07;65,57;65,57;0,93;0,78
7;StudentAttendanceSystem;transition;190;20;39;13;39;100;0,36;0,62;0;0,12;66,57;66,57;1,29;1,1
7;StudentAttendanceSystem;pair;190;20;39;36;206;100;0,21;0,19;1,17;0,31;67,57;67,57;2,57;1,89
7;StudentAttendanceSystem;state;191;25;48;10;51;100;0,45;0,52;0;0,11;68,57;68,57;1,25;1,08
7;StudentAttendanceSystem;transition;191;25;48;19;47;100;0,37;0,77;0;0,11;69,57;69,57;1,4;1,25
7;StudentAttendanceSystem;pair;191;25;48;44;236;100;0,4;0,21;2,08;0,27;70,57;70,57;3,73;2,95
7;StudentAttendanceSystem;state;192;17;26;6;31;100;0,33;0,36;0;0,05;71,57;71,57;0,93;0,74
7;StudentAttendanceSystem;transition;192;17;26;9;25;100;0,19;0,43;0;0,08;71,57;71,57;0,87;0,7
7;StudentAttendanceSystem;pair;192;17;26;19;89;100;0,21;0,08;0,48;0,11;72,57;72,57;1,27;0,87
7;StudentAttendanceSystem;state;193;27;54;12;67;100;0,47;0,45;0;0,08;73,57;73,57;1,21;1
7;StudentAttendanceSystem;transition;193;27;54;17;54;100;0,27;0,75;0;0,11;74,57;74,57;1,28;1,13
7;StudentAttendanceSystem;pair;193;27;54;44;260;100;0,35;0,21;1,59;0,25;75,57;75,57;3,07;2,4
7;StudentAttendanceSystem;state;194;28;56;13;74;100;0,42;0,43;0;0,09;76,57;76,57;1,11;0,94
7;StudentAttendanceSystem;transition;194;28;56;17;55;100;0,26;0,82;0;0,15;77,57;77,57;1,39;1,23
7;StudentAttendanceSystem;pair;194;28;56;51;303;100;0,26;0,3;2,7;0,29;78,57;79,57;4,25;3,55
7;StudentAttendanceSystem;state;195;22;44;8;43;100;0,31;0,28;0;0,06;79,57;79,57;0,76;0,66
7;StudentAttendanceSystem;transition;195;22;44;16;44;100;0,22;0,65;0;0,15;80,57;80,57;1,2;1,02
7;StudentAttendanceSystem;pair;195;22;44;42;236;100;0,37;0,18;1,6;0,2;81,57;82,57;3;2,35
7;StudentAttendanceSystem;state;196;20;36;9;49;100;0,26;0,32;0;0,07;82,57;82,57;0,76;0,64
7;StudentAttendanceSystem;transition;196;20;36;11;36;100;0,24;0,77;0;0,1;83,57;83,57;1,29;1,11
7;StudentAttendanceSystem;pair;196;20;36;33;177;100;0,3;0,17;0,77;0,23;84,57;84,57;1,96;1,47
7;StudentAttendanceSystem;state;197;22;37;8;42;100;0,25;0,32;0;0,05;85,57;85,57;0,77;0,62
7;StudentAttendanceSystem;transition;197;22;37;13;36;100;0,23;0,62;0;0,13;85,57;85,57;1,15;0,98
7;StudentAttendanceSystem;pair;197;22;37;29;153;100;0,44;0,17;1,28;0,13;86,57;86,57;2,6;2,02
7;StudentAttendanceSystem;state;198;24;46;10;54;100;0,33;0,37;0;0,07;87,57;87,57;0,87;0,76
7;StudentAttendanceSystem;transition;198;24;46;16;45;100;0,32;0,68;0;0,1;88,57;88,57;1,25;1,1
7;StudentAttendanceSystem;pair;198;24;46;42;228;100;0,32;0,19;1,2;0,22;89,57;89,57;2,54;1,93
7;StudentAttendanceSystem;state;199;27;52;11;61;100;0,35;0,45;0;0,07;90,57;90,57;1;0,87
7;StudentAttendanceSystem;transition;199;27;52;19;51;100;0,34;0,9;0;0,13;91,57;91,57;1,55;1,37
7;StudentAttendanceSystem;pair;199;27;52;48;260;100;0,28;0,27;1,69;0,28;92,57;93,57;3,19;2,53
7;StudentAttendanceSystem;state;200;19;32;7;37;100;0,23;0,26;0;0,04;93,57;93,57;0,63;0,53
7;StudentAttendanceSystem;transition;200;19;32;11;31;100;0,29;0,53;0;0,08;94,57;94,57;1,01;0,89
7;StudentAttendanceSystem;pair;200;19;32;26;139;100;0,23;0,11;0,89;0,12;94,57;95,57;1,84;1,35
7;StudentAttendanceSystem;state;201;23;43;10;54;100;0,25;0,28;0;0,07;95,57;95,57;0,72;0,61
7;StudentAttendanceSystem;transition;201;23;43;15;43;100;0,22;0,6;0;0,09;96,57;96,57;1,03;0,91
7;StudentAttendanceSystem;pair;201;23;43;43;221;100;0,23;0,2;1,23;0,27;97,57;97,57;2,61;1,93
7;StudentAttendanceSystem;state;202;19;30;8;40;100;0,28;0,32;0;0,06;98,57;98,57;0,79;0,67
7;StudentAttendanceSystem;transition;202;19;30;10;29;100;0,24;0,47;0;0,07;98,57;99,57;0,93;0,78
7;StudentAttendanceSystem;pair;202;19;30;21;105;100;0,2;0,09;0,43;0,1;99,57;99,57;1,14;0,82
7;StudentAttendanceSystem;state;203;24;47;10;52;100;0,24;0,28;0;0,05;100,57;100,57;0,65;0,56
7;StudentAttendanceSystem;transition;203;24;47;17;46;100;0,28;0,75;0;0,17;101,57;101,57;1,36;1,2
7;StudentAttendanceSystem;pair;203;24;47;42;243;100;0,37;0,26;1,82;0,34;102,57;102,57;3,64;2,8
7;StudentAttendanceSystem;state;204;21;39;9;47;100;0,32;0,38;0;0,07;103,57;103,57;0,9;0,78
7;StudentAttendanceSystem;transition;204;21;39;14;39;100;0,29;0,76;0;0,12;103,57;104,57;1,42;1,17
7;StudentAttendanceSystem;pair;204;21;39;35;180;100;0,28;0,19;1,16;0,23;105,57;105,57;2,5;1,85
7;StudentAttendanceSystem;state;205;22;37;9;44;100;0,38;0,47;0;0,08;105,57;105,57;1,08;0,93
7;StudentAttendanceSystem;transition;205;22;37;14;36;100;0,31;0,83;0;0,13;106,57;106,57;1,45;1,27
7;StudentAttendanceSystem;pair;205;22;37;31;156;100;0,32;0,18;1,05;0,22;107,57;107,57;2,34;1,76
7;StudentAttendanceSystem;state;206;26;47;11;58;100;0,39;0,51;0;0,1;108,57;108,57;1,14;1
7;StudentAttendanceSystem;transition;206;26;47;17;46;100;0,35;1,14;0;0,17;108,57;109,57;1,87;1,65
7;StudentAttendanceSystem;pair;206;26;47;37;197;100;0,34;0,3;1,5;0,29;110,57;110,57;3,2;2,44
7;StudentAttendanceSystem;state;207;22;39;9;48;100;0,31;0,38;0;0,09;110,57;111,57;0,9;0,78
7;StudentAttendanceSystem;transition;207;22;39;13;38;100;0,3;0,74;0;0,12;111,57;111,57;1,32;1,16
7;StudentAttendanceSystem;pair;207;22;39;33;174;100;0,29;0,18;1,33;0,24;112,57;113,57;2,7;2,05
7;StudentAttendanceSystem;state;208;23;40;9;46;100;0,31;0,48;0;0,09;113,57;113,57;1,02;0,87
7;StudentAttendanceSystem;transition;208;23;40;14;39;100;0,32;0,9;0;0,13;114,57;114,57;1,52;1,35
7;StudentAttendanceSystem;pair;208;23;40;33;178;100;0,29;0,21;1,21;0,25;115,57;115,57;2,57;1,96
7;StudentAttendanceSystem;state;209;23;42;10;53;100;0,35;0,49;0;0,1;115,57;116,57;1,07;0,94
7;StudentAttendanceSystem;transition;209;23;42;15;41;100;0,3;0,87;0;0,14;116,57;116,57;1,49;1,31
7;StudentAttendanceSystem;pair;209;23;42;36;191;100;0,34;0,2;1,27;0,36;117,57;118,57;2,89;2,18
7;StudentAttendanceSystem;state;210;24;44;9;50;100;0,43;0,55;0;0,08;118,57;118,57;1,22;1,06
7;StudentAttendanceSystem;transition;210;24;44;16;43;100;0,31;0,89;0;0,15;119,57;119,57;1,55;1,35
7;StudentAttendanceSystem;pair;210;24;44;38;200;100;0,32;0,21;1,49;0,28;120,57;120,57;3,01;2,31
7;StudentAttendanceSystem;state;211;20;40;8;42;100;0,33;0,39;0;0,1;121,57;121,57;0,94;0,82
7;StudentAttendanceSystem;transition;211;20;40;14;40;100;0,29;0,7;0;0,13;121,57;122,57;1,28;1,13
7;StudentAttendanceSystem;pair;211;20;40;39;217;100;0,3;0,24;1,64;0,34;123,57;123,57;3,23;2,52
7;StudentAttendanceSystem;state;212;20;39;8;42;100;0,32;0,37;0;0,06;123,57;123,57;0,9;0,75
7;StudentAttendanceSystem;transition;212;20;39;13;39;100;0,29;0,7;0;0,12;124,57;124,57;1,27;1,11
7;StudentAttendanceSystem;pair;212;20;39;36;206;100;0,3;0,21;1,38;0,28;125,57;126,57;3,05;2,16
7;StudentAttendanceSystem;state;213;23;46;10;56;100;0,36;0,43;0;0,09;126,57;126,57;1,01;0,88
7;StudentAttendanceSystem;transition;213;23;46;15;46;100;0,48;0,94;0;0,15;127,57;127,57;1,79;1,56
7;StudentAttendanceSystem;pair;213;23;46;43;249;100;1,85;0,25;2,41;0,37;128,57;128,57;5,73;4,89
7;StudentAttendanceSystem;state;214;21;36;8;39;100;0,33;0,41;0;0,06;129,57;129,57;0,96;0,81
7;StudentAttendanceSystem;transition;214;21;36;15;35;100;0,29;0,82;0;0,16;130,57;130,57;1,46;1,27
7;StudentAttendanceSystem;pair;214;21;36;29;138;100;0,35;0,17;1,16;0,18;130,57;131,57;2,48;1,85
7;StudentAttendanceSystem;state;215;30;62;13;71;100;0,35;0,47;0;0,11;131,57;131,57;1,08;0,93
7;StudentAttendanceSystem;transition;215;30;62;22;61;100;0,39;0,93;0;0,18;132,57;132,57;1,65;1,49
7;StudentAttendanceSystem;pair;215;30;62;54;312;100;0,36;0,25;2,07;0,48;134,57;134,57;3,86;3,16
7;StudentAttendanceSystem;state;216;21;38;9;49;100;0,34;0,46;0;0,09;135,57;135,57;1,17;0,89
7;StudentAttendanceSystem;transition;216;21;38;13;38;100;0,31;0,84;0;0,12;136,57;136,57;1,51;1,27
7;StudentAttendanceSystem;pair;216;21;38;32;169;100;0,34;0,13;1,11;0,29;137,57;137,57;2,51;1,87
7;StudentAttendanceSystem;state;217;22;40;9;48;100;0,33;0,43;0;0,08;137,57;137,57;0,98;0,84
7;StudentAttendanceSystem;transition;217;22;40;14;39;100;0,36;0,88;0;0,14;138,57;138,57;1,53;1,38
7;StudentAttendanceSystem;pair;217;22;40;36;185;100;0,2;0,15;0,97;0,16;139,57;139,57;1,88;1,48
7;StudentAttendanceSystem;state;218;25;52;12;63;100;0,37;0,34;0;0,07;140,57;140,57;0,88;0,78
7;StudentAttendanceSystem;transition;218;25;52;17;52;100;0,23;0,74;0;0,18;141,57;141,57;1,33;1,15
7;StudentAttendanceSystem;pair;218;25;52;44;258;100;0,39;0,29;1,75;0,36;142,57;143,57;3,65;2,78
7;StudentAttendanceSystem;state;219;24;49;11;59;100;0,38;0,6;0;0,07;143,57;143,57;1,17;1,04
7;StudentAttendanceSystem;transition;219;24;49;17;49;100;0,37;0,83;0;0,14;144,57;144,57;1,5;1,35
7;StudentAttendanceSystem;pair;219;24;49;45;259;100;0,37;0,33;1,83;0,48;145,57;146,57;4,03;3,01
7;StudentAttendanceSystem;state;220;20;36;9;49;100;0,36;0,42;0;0,07;146,57;146,57;1;0,85
7;StudentAttendanceSystem;transition;220;20;36;11;36;100;0,35;0,53;0;0,08;147,57;147,57;1,17;0,97
7;StudentAttendanceSystem;pair;220;20;36;32;174;100;0,27;0,15;1,12;0,2;148,57;148,57;2,35;1,74
7;StudentAttendanceSystem;state;221;30;59;13;70;100;0,36;0,61;0;0,14;149,57;149,57;1,25;1,1
7;StudentAttendanceSystem;transition;221;30;59;21;58;100;0,33;1,45;0;0,22;149,57;150,57;2,2;1,99
7;StudentAttendanceSystem;pair;221;30;59;51;291;100;0,31;0,24;1,87;0,32;151,57;152,57;3,45;2,73
7;StudentAttendanceSystem;state;222;20;37;8;42;100;0,23;0,57;0;0,08;152,57;152,57;1,04;0,89
7;StudentAttendanceSystem;transition;222;20;37;12;37;100;0,28;0,64;0;0,08;153,57;153,57;1,14;1
7;StudentAttendanceSystem;pair;222;20;37;37;189;100;0,33;0,2;3,89;0,17;154,74;5,74;5,24;4,59
7;StudentAttendanceSystem;state;223;27;55;12;65;100;0,37;0,42;0;0,16;5,74;6,74;1,11;0,94
7;StudentAttendanceSystem;transition;223;27;55;18;55;100;0,45;1,02;0;0,13;6,74;6,74;1,81;1,6
7;StudentAttendanceSystem;pair;223;27;55;44;260;100;0,36;0,32;1,63;0,35;8,74;8,74;3,39;2,67
7;StudentAttendanceSystem;state;224;26;49;10;56;100;0,39;0,47;0;0,08;9,74;9,74;1,08;0,94
7;StudentAttendanceSystem;transition;224;26;49;17;48;100;0,25;0,84;0;0,14;10,74;10,74;1,38;1,23
7;StudentAttendanceSystem;pair;224;26;49;41;229;100;0,26;0,24;1,65;0,32;11,74;11,74;3,28;2,48
7;StudentAttendanceSystem;state;225;24;51;11;58;100;0,38;0,76;0;0,11;12,74;12,74;1,41;1,25
7;StudentAttendanceSystem;transition;225;24;51;17;51;100;0,39;1,02;0;0,21;12,74;13,74;1,85;1,63
7;StudentAttendanceSystem;pair;225;24;51;44;256;100;0,33;0,31;1,83;0,37;14,74;14,74;3,64;2,84
7;StudentAttendanceSystem;state;226;26;51;11;60;100;0,41;0,54;0;0,12;15,74;15,74;1,23;1,08
7;StudentAttendanceSystem;transition;226;26;51;17;50;100;0,4;1,06;0;0,19;16,74;16,74;1,85;1,64
7;StudentAttendanceSystem;pair;226;26;51;46;264;100;0,41;0,29;1,91;0,38;17,74;18,74;4;2,98
7;StudentAttendanceSystem;state;227;20;34;7;37;100;0,32;0,39;0;0,06;18,74;18,74;0,91;0,77
7;StudentAttendanceSystem;transition;227;20;34;11;33;100;0,31;0,71;0;0,1;19,74;19,74;1,3;1,12
7;StudentAttendanceSystem;pair;227;20;34;31;163;100;0,3;0,17;1,14;0,23;20,74;20,74;2,46;1,84
7;StudentAttendanceSystem;state;228;23;40;9;47;100;0,36;0,61;0;0,08;20,74;20,74;1,21;1,05
7;StudentAttendanceSystem;transition;228;23;40;14;39;100;0,44;1,05;0;0,16;21,74;21,74;1,89;1,65
7;StudentAttendanceSystem;pair;228;23;40;37;193;100;0,37;0,23;1,47;0,33;22,74;22,74;3,15;2,4
7;StudentAttendanceSystem;state;229;25;47;10;51;100;0,39;0,53;0;0,1;23,74;23,74;1,19;1,01
7;StudentAttendanceSystem;transition;229;25;47;18;46;100;0,35;1,05;0;0,18;24,74;24,74;1,78;1,59
7;StudentAttendanceSystem;pair;229;25;47;41;221;100;0,35;0,26;1,75;0,35;25,74;25,74;3,49;2,71
7;StudentAttendanceSystem;state;230;28;57;13;72;100;0,45;0,6;0;0,13;26,74;26,74;1,33;1,17
7;StudentAttendanceSystem;transition;230;28;57;18;57;100;0,44;1,25;0;0,21;27,74;27,74;2,13;1,91
7;StudentAttendanceSystem;pair;230;28;57;54;312;100;0,41;0,39;2,55;0,51;28,74;29,74;4,84;3,87
7;StudentAttendanceSystem;state;231;21;38;8;43;100;0,35;0,46;0;0,08;29,74;29,74;1,03;0,89
7;StudentAttendanceSystem;transition;231;21;38;13;37;100;0,33;0,83;0;0,15;30,74;30,74;1,49;1,31
7;StudentAttendanceSystem;pair;231;21;38;34;192;100;0,32;0,21;1,32;0,3;31,74;31,74;2,82;2,14
7;StudentAttendanceSystem;state;232;25;47;10;53;100;0,38;0,49;0;0,1;32,74;32,74;1,18;0,98
7;StudentAttendanceSystem;transition;232;25;47;18;46;100;0,36;1,06;0;0,19;33,74;33,74;1,81;1,61
7;StudentAttendanceSystem;pair;232;25;47;39;205;100;0,39;0,26;1,56;0,36;34,74;34,74;3,35;2,57
7;StudentAttendanceSystem;state;233;24;48;11;62;100;0,43;0,54;0;0,16;35,74;35,74;1,29;1,13
7;StudentAttendanceSystem;transition;233;24;48;14;48;100;0,41;0,92;0;0,17;35,74;35,74;1,71;1,49
7;StudentAttendanceSystem;pair;233;24;48;40;242;100;0,37;0,34;1,8;0,39;37,74;37,74;3,74;2,88
7;StudentAttendanceSystem;state;234;28;57;13;71;100;0,47;0,65;0;0,14;38,74;38,74;1,42;1,26
7;StudentAttendanceSystem;transition;234;28;57;19;56;100;0,43;1,4;0;0,28;38,74;39,74;2,33;2,11
7;StudentAttendanceSystem;pair;234;28;57;48;285;100;0,42;0,37;2,28;0,46;40,74;40,74;4,49;3,53
7;StudentAttendanceSystem;state;235;18;33;7;36;100;0,38;0,38;0;0,07;41,74;41,74;0,96;0,82
7;StudentAttendanceSystem;transition;235;18;33;11;33;100;0,35;0,67;0;0,12;41,74;42,74;1,3;1,14
7;StudentAttendanceSystem;pair;235;18;33;28;156;100;0,31;0,17;1,15;0,25;42,74;43,74;2,46;1,88
7;StudentAttendanceSystem;state;236;22;37;8;42;100;0,36;0,44;0;0,08;43,74;43,74;1,01;0,88
7;StudentAttendanceSystem;transition;236;22;37;13;36;100;0,37;0,87;0;0,23;44,74;44,74;1,64;1,47
7;StudentAttendanceSystem;pair;236;22;37;28;150;100;0,32;0,18;1,03;0,25;45,74;45,74;2,44;1,78
7;StudentAttendanceSystem;state;237;31;63;14;78;100;0,49;0,74;0;0,15;46,74;46,74;1,53;1,39
7;StudentAttendanceSystem;transition;237;31;63;21;62;100;0,44;1,37;0;0,27;46,74;47,74;2,29;2,08
7;StudentAttendanceSystem;pair;237;31;63;61;347;100;0,49;0,4;3;0,57;48,74;49,74;5,59;4,46
7;StudentAttendanceSystem;state;238;27;55;12;66;100;0,45;0,58;0;0,15;49,74;49,74;1,33;1,17
7;StudentAttendanceSystem;transition;238;27;55;19;55;100;0,42;1,2;0;0,2;50,74;50,74;2,02;1,82
7;StudentAttendanceSystem;pair;238;27;55;57;315;100;0,42;0,35;2,52;0,49;52,74;52,74;4,71;3,78
7;StudentAttendanceSystem;state;239;27;55;12;67;100;0,42;0,58;0;0,13;53,74;53,74;1,31;1,13
7;StudentAttendanceSystem;transition;239;27;55;18;55;100;0,42;1,15;0;0,21;54,74;54,74;1,98;1,78
7;StudentAttendanceSystem;pair;239;27;55;47;275;100;0,41;0,34;2,18;0,45;55,74;56,74;4,29;3,38
7;StudentAttendanceSystem;state;240;18;30;7;35;100;0,32;0,36;0;0,06;56,74;56,74;0,87;0,74
7;StudentAttendanceSystem;transition;240;18;30;11;30;100;0,27;0,85;0;0,1;57,74;57,74;1,39;1,22
7;StudentAttendanceSystem;pair;240;18;30;29;137;100;0,3;0,16;0,95;0,2;57,74;58,74;2,18;1,62
7;StudentAttendanceSystem;state;241;24;44;10;56;100;0,38;0,48;0;0,1;58,74;58,74;1,1;0,96
7;StudentAttendanceSystem;transition;241;24;44;14;43;100;0,35;0,99;0;0,19;59,74;59,74;1,71;1,52
7;StudentAttendanceSystem;pair;241;24;44;36;208;100;0,37;0,26;1,49;0,34;60,74;60,74;3,26;2,47
7;StudentAttendanceSystem;state;242;19;31;7;37;100;0,38;0,37;0;0,1;61,74;61,74;0,99;0,85
7;StudentAttendanceSystem;transition;242;19;31;10;30;100;0,3;0,69;0;0,11;61,74;61,74;1,27;1,1
7;StudentAttendanceSystem;pair;242;19;31;23;124;100;0,3;0,17;0,84;0,18;62,74;62,74;2,05;1,5
7;StudentAttendanceSystem;state;243;22;43;8;43;100;0,36;0,46;0;0,08;63,74;63,74;1,03;0,9
7;StudentAttendanceSystem;transition;243;22;43;15;42;100;0,34;0,91;0;0,19;64,74;64,74;1,62;1,44
7;StudentAttendanceSystem;pair;243;22;43;40;228;100;0,37;0,24;1,66;0,38;65,74;65,74;3,41;2,65
7;StudentAttendanceSystem;state;244;27;54;12;66;100;0,45;0,58;0;0,13;66,74;66,74;1,33;1,15
7;StudentAttendanceSystem;transition;244;27;54;17;53;100;0,45;1,16;0;0,2;67,74;67,74;2,01;1,81
7;StudentAttendanceSystem;pair;244;27;54;46;272;100;0,4;0,24;2,26;0,5;68,74;68,74;4,29;3,4
7;StudentAttendanceSystem;state;245;22;43;8;43;100;0,39;0,45;0;0,1;69,74;69,74;1,08;0,94
7;StudentAttendanceSystem;transition;245;22;43;15;42;100;0,36;0,94;0;0,17;70,74;70,74;1,64;1,46
7;StudentAttendanceSystem;pair;245;22;43;40;228;100;0,37;0,25;1,71;0,38;71,74;71,74;3,52;2,71
7;StudentAttendanceSystem;state;246;26;52;11;61;100;0,44;0,58;0;0,12;72,74;72,74;1,29;1,13
7;StudentAttendanceSystem;transition;246;26;52;17;52;100;0,4;1,22;0;0,19;73,74;73,74;2,02;1,81
7;StudentAttendanceSystem;pair;246;26;52;51;287;100;0,42;0,35;2,26;0,5;74,74;75,74;4,47;3,53
7;StudentAttendanceSystem;state;247;24;42;10;56;100;0,37;0,46;0;0,1;75,74;75,74;1,08;0,94
7;StudentAttendanceSystem;transition;247;24;42;14;41;100;0,35;0,91;0;0,16;76,74;76,74;1,59;1,41
7;StudentAttendanceSystem;pair;247;24;42;33;178;100;0,34;0,21;1,29;0,37;77,74;77,74;2,9;2,21
7;StudentAttendanceSystem;state;248;27;55;12;67;100;0,41;0,58;0;0,12;78,74;78,74;1,26;1,12
7;StudentAttendanceSystem;transition;248;27;55;18;55;100;0,43;1,16;0;0,21;78,74;79,74;2,18;1,81
7;StudentAttendanceSystem;pair;248;27;55;48;276;100;0,41;0,34;2,2;0,44;80,74;80,74;4,33;3,39
7;StudentAttendanceSystem;state;249;21;41;9;46;100;0,41;0,44;0;0,08;81,74;81,74;1,07;0,94
7;StudentAttendanceSystem;transition;249;21;41;14;41;100;0,33;0,84;0;0,15;81,74;82,74;1,55;1,33
7;StudentAttendanceSystem;pair;249;21;41;38;216;100;0,36;0,25;1,54;0,34;83,74;83,74;3,23;2,48
7;StudentAttendanceSystem;state;250;19;34;8;43;100;0,36;0,41;0;0,07;83,74;83,74;0,98;0,84
7;StudentAttendanceSystem;transition;250;19;34;10;34;100;0,31;0,72;0;0,11;84,74;84,74;1,29;1,13
7;StudentAttendanceSystem;pair;250;19;34;31;175;100;0,34;0,2;1,1;0,26;85,74;85,74;2,54;1,9
7;StudentAttendanceSystem;state;251;30;60;13;73;100;0,49;0,7;0;0,15;86,74;86,74;1,54;1,34
7;StudentAttendanceSystem;transition;251;30;60;19;59;100;0,46;1,3;0;0,23;87,74;87,74;2,19;1,98
7;StudentAttendanceSystem;pair;251;30;60;54;317;100;0,44;0,44;2,61;0,52;88,74;89,74;5,06;4,01
7;StudentAttendanceSystem;state;252;24;50;10;55;100;0,4;0,53;0;0,11;89,74;90,74;1,18;1,04
7;StudentAttendanceSystem;transition;252;24;50;15;50;100;0,4;1,04;0;0,17;90,74;90,74;1,79;1,61
7;StudentAttendanceSystem;pair;252;24;50;48;278;100;0,4;0,31;2,48;0,47;92,74;92,74;4,54;3,67
7;StudentAttendanceSystem;state;253;21;38;9;47;100;0,33;0,47;0;0,08;93,74;93,74;1,05;0,89
7;StudentAttendanceSystem;transition;253;21;38;13;37;100;0,31;0,83;0;0,13;93,74;93,74;1,45;1,28
7;StudentAttendanceSystem;pair;253;21;38;33;172;100;0,31;0,2;1,37;0,27;94,74;94,74;2,83;2,14
7;StudentAttendanceSystem;state;254;19;35;7;36;100;0,32;0,38;0;0,07;95,74;95,74;0,9;0,77
7;StudentAttendanceSystem;transition;254;19;35;11;35;100;0,33;0,67;0;0,12;95,74;96,74;1,28;1,12
7;StudentAttendanceSystem;pair;254;19;35;35;191;100;0,31;0,2;1,24;0,27;97,74;97,74;2,66;2,02
7;StudentAttendanceSystem;state;255;22;40;9;49;100;0,34;0,44;0;0,08;97,74;97,74;0,99;0,86
7;StudentAttendanceSystem;transition;255;22;40;14;40;100;0,34;0,91;0;0,16;98,74;98,74;1,59;1,41
7;StudentAttendanceSystem;pair;255;22;40;35;178;100;0,39;0,29;1,39;0,27;99,74;99,74;3,03;2,33
7;StudentAttendanceSystem;state;256;31;61;14;78;100;0,46;0,64;0;0,14;100,74;100,74;1,4;1,24
7;StudentAttendanceSystem;transition;256;31;61;19;60;100;0,44;1,3;0;0,24;101,74;101,74;2,33;1,99
7;StudentAttendanceSystem;pair;256;31;61;55;321;100;0,44;0,42;2,69;0,53;103,74;103,74;5,14;4,09
7;StudentAttendanceSystem;state;257;21;37;9;46;100;0,32;0,46;0;0,1;103,74;104,74;1,02;0,88
7;StudentAttendanceSystem;transition;257;21;37;13;36;100;0,31;0,86;0;0,13;104,74;104,74;1,47;1,3
7;StudentAttendanceSystem;pair;257;21;37;33;177;100;0,31;0,19;1,2;0,26;105,74;105,74;2,62;1,96
7;StudentAttendanceSystem;state;258;29;58;12;67;100;0,5;0,59;0;0,16;106,74;106,74;1,4;1,24
7;StudentAttendanceSystem;transition;258;29;58;20;57;100;0,48;1,3;0;0,24;107,74;107,74;2,23;2,02
7;StudentAttendanceSystem;pair;258;29;58;58;326;100;0,41;0,42;2,72;0,53;109,74;109,74;5,06;4,09
7;StudentAttendanceSystem;state;259;19;30;7;37;100;0,29;0,4;0;0,08;109,74;110,74;0,92;0,77
7;StudentAttendanceSystem;transition;259;19;30;11;29;100;0,33;0,73;0;0,11;110,74;110,74;1,33;1,17
7;StudentAttendanceSystem;pair;259;19;30;22;108;100;0,26;0,15;0,78;0,19;111,74;111,74;1,89;1,39
7;StudentAttendanceSystem;state;260;20;36;8;42;100;0,3;0,4;0;0,08;111,74;112,74;0,9;0,78
7;StudentAttendanceSystem;transition;260;20;36;11;36;100;0,29;0,69;0;0,11;112,74;112,74;1,25;1,09
7;StudentAttendanceSystem;pair;260;20;36;34;178;100;0,3;0,2;1,19;0,32;113,74;113,74;2,63;2
7;StudentAttendanceSystem;state;261;20;38;9;46;100;0,33;0,44;0;0,08;114,74;114,74;0,97;0,85
7;StudentAttendanceSystem;transition;261;20;38;13;38;100;0,36;0,77;0;0,14;114,74;115,74;1,44;1,28
7;StudentAttendanceSystem;pair;261;20;38;37;203;100;0,31;0,21;1,47;0,3;116,74;116,74;2,92;2,27
7;StudentAttendanceSystem;state;262;22;44;9;45;100;0,38;0,44;0;0,08;116,74;116,74;1,04;0,91
7;StudentAttendanceSystem;transition;262;22;44;15;44;100;0,39;0,93;0;0,14;117,74;117,74;1,66;1,46
7;StudentAttendanceSystem;pair;262;22;44;45;251;100;0,37;0,25;1,84;0,41;118,74;119,74;3,7;2,88
7;StudentAttendanceSystem;state;263;26;50;10;56;100;0,41;0,54;0;0,16;119,74;119,74;1,26;1,11
7;StudentAttendanceSystem;transition;263;26;50;18;49;100;0,4;1,12;0;0,2;120,74;120,74;1,92;1,72
7;StudentAttendanceSystem;pair;263;26;50;45;247;100;0,38;0,32;1,89;0,39;121,74;122,74;3,94;2,99
7;StudentAttendanceSystem;state;264;18;31;7;36;100;0,3;0,35;0;0,06;122,74;122,74;0,84;0,71
7;StudentAttendanceSystem;transition;264;18;31;11;30;100;0,27;0,69;0;0,11;123,74;123,74;1,23;1,07
7;StudentAttendanceSystem;pair;264;18;31;26;134;100;0,27;0,15;1,05;0,2;124,74;124,74;2,22;1,67
7;StudentAttendanceSystem;state;265;19;33;7;37;100;0,3;0,4;0;0,06;124,74;124,74;0,89;0,76
7;StudentAttendanceSystem;transition;265;19;33;11;33;100;0,29;0,75;0;0,11;125,74;125,74;1,31;1,15
7;StudentAttendanceSystem;pair;265;19;33;31;159;100;0,29;0,18;1,17;0,24;126,74;126,74;2,52;1,88
7;StudentAttendanceSystem;state;266;27;57;12;65;100;0,46;0,58;0;0,14;127,74;127,74;1,33;1,19
7;StudentAttendanceSystem;transition;266;27;57;20;57;100;0,42;1,26;0;0,23;128,74;128,74;2,12;1,91
7;StudentAttendanceSystem;pair;266;27;57;50;288;100;0,42;0,35;2,81;0,52;129,74;130,74;5,07;4,09
7;StudentAttendanceSystem;state;267;25;47;10;54;100;0,39;0,54;0;0,14;130,74;130,74;1,23;1,07
7;StudentAttendanceSystem;transition;267;25;47;15;46;100;0,5;1,13;0;0,19;131,74;131,74;2,02;1,82
7;StudentAttendanceSystem;pair;267;25;47;45;249;100;0,41;0,3;1,99;0,45;132,74;133,74;4,06;3,15
7;StudentAttendanceSystem;state;268;18;30;7;34;100;0,27;0,38;0;0,06;133,74;133,74;0,84;0,71
7;StudentAttendanceSystem;transition;268;18;30;12;29;100;0,29;0,68;0;0,13;133,74;134,74;1,27;1,1
7;StudentAttendanceSystem;pair;268;18;30;23;106;100;0,26;0,15;0,72;0,16;134,74;134,74;1,85;1,29
7;StudentAttendanceSystem;state;269;26;49;10;56;100;0,41;0,55;0;0,11;135,74;135,74;1,2;1,06
7;StudentAttendanceSystem;transition;269;26;49;17;48;100;0,37;1,07;0;0,21;136,74;136,74;1,84;1,65
7;StudentAttendanceSystem;pair;269;26;49;42;232;100;0,38;0,3;1,99;0,4;137,74;137,74;4,11;3,08
7;StudentAttendanceSystem;state;270;18;33;7;37;100;0,34;0,38;0;0,07;138,74;138,74;0,92;0,78
7;StudentAttendanceSystem;transition;270;18;33;11;33;100;0,33;0,7;0;1,99;138,74;139,74;3,25;3,03
7;StudentAttendanceSystem;pair;270;18;33;30;168;100;0,34;0,18;1,12;0,25;139,74;140,74;2,59;1,89
7;StudentAttendanceSystem;state;271;20;37;8;41;100;0,33;0,41;0;0,08;140,74;140,74;0,96;0,82
7;StudentAttendanceSystem;transition;271;20;37;13;36;100;0,4;0,84;0;0,14;141,74;141,74;1,56;1,38
7;StudentAttendanceSystem;pair;271;20;37;33;181;100;0,34;0,2;1,46;0,33;142,74;142,74;3,03;2,33
7;StudentAttendanceSystem;state;272;25;50;12;68;100;0,45;0,6;0;0,14;143,74;143,74;1,34;1,19
7;StudentAttendanceSystem;transition;272;25;50;14;50;100;0,47;1,01;0;0,17;143,74;143,74;1,87;1,65
7;StudentAttendanceSystem;pair;272;25;50;44;264;100;0,41;0,31;2,05;0,42;145,74;145,74;4,1;3,19
7;StudentAttendanceSystem;state;273;23;48;10;55;100;0,37;0,51;0;0,1;146,74;146,74;1,12;0,98
7;StudentAttendanceSystem;transition;273;23;48;15;48;100;0,36;0,96;0;0,27;146,74;146,74;1,87;1,59
7;StudentAttendanceSystem;pair;273;23;48;42;246;100;0,36;0,28;1,83;0,42;148,74;148,74;3,73;2,89
7;StudentAttendanceSystem;state;274;22;38;8;42;100;0,61;0,47;0;0,08;149,74;149,74;1,37;1,15
7;StudentAttendanceSystem;transition;274;22;38;14;37;100;0,32;0,91;0;0,16;149,74;149,74;1,57;1,39
7;StudentAttendanceSystem;pair;274;22;38;33;168;100;0,33;0,19;1,15;0,28;150,74;150,74;2,6;1,96
7;StudentAttendanceSystem;state;275;21;40;8;42;100;0,42;0,45;0;0,08;151,74;151,74;1,12;0,95
7;StudentAttendanceSystem;transition;275;21;40;15;40;100;0,4;0,88;0;0,15;152,74;152,74;1,6;1,43
7;StudentAttendanceSystem;pair;275;21;40;38;202;100;0,33;0,22;1,44;0,31;153,74;153,74;3,01;2,29
7;StudentAttendanceSystem;state;276;22;39;9;49;100;0,32;3,33;0;0,09;154,74;5,61;3,93;3,74
7;StudentAttendanceSystem;transition;276;22;39;12;38;100;0,37;0,88;0;0,13;5,61;5,61;1,57;1,39
7;StudentAttendanceSystem;pair;276;22;39;34;196;100;0,32;0,2;1,47;0,29;6,61;7,61;3,18;2,27
7;StudentAttendanceSystem;state;277;22;39;9;46;100;0,33;0,41;0;0,08;7,61;7,61;0,94;0,82
7;StudentAttendanceSystem;transition;277;22;39;15;38;100;0,35;0,82;0;0,18;8,61;8,61;1,53;1,34
7;StudentAttendanceSystem;pair;277;22;39;31;164;100;0,29;0,18;1,12;0,27;9,61;9,61;2,48;1,85
7;StudentAttendanceSystem;state;278;21;39;9;50;100;0,32;0,43;0;0,1;9,61;10,61;1,01;0,86
7;StudentAttendanceSystem;transition;278;21;39;12;39;100;0,33;0,78;0;0,17;10,61;10,61;1,46;1,29
7;StudentAttendanceSystem;pair;278;21;39;32;184;100;0,3;0,21;1,13;0,28;11,61;11,61;2,61;1,92
7;StudentAttendanceSystem;state;279;16;27;6;31;100;0,31;0,31;0;0,05;12,61;12,61;0,79;0,66
7;StudentAttendanceSystem;transition;279;16;27;9;27;100;0,25;0,61;0;0,09;12,61;12,61;1,13;0,95
7;StudentAttendanceSystem;pair;279;16;27;23;121;100;0,27;0,12;0,66;0,2;13,61;13,61;1,82;1,25
7;StudentAttendanceSystem;state;280;20;36;8;41;100;0,31;0,42;0;0,07;14,61;14,61;0,91;0,79
7;StudentAttendanceSystem;transition;280;20;36;13;36;100;0,4;0,75;0;0,13;14,61;15,61;1,46;1,28
7;StudentAttendanceSystem;pair;280;20;36;36;182;100;0,29;0,16;1,14;0,27;15,61;16,61;2,56;1,87
7;StudentAttendanceSystem;state;281;26;51;10;52;100;0,4;0,54;0;0,14;16,61;16,61;1,23;1,08
7;StudentAttendanceSystem;transition;281;26;51;19;50;100;0,46;1,02;0;0,21;17,61;17,61;1,89;1,69
7;StudentAttendanceSystem;pair;281;26;51;45;255;100;0,38;0,29;2,28;0,4;19,61;19,61;4,25;3,35
7;StudentAttendanceSystem;state;282;24;47;10;53;100;0,48;0,5;0;0,09;19,61;19,61;1,21;1,06
7;StudentAttendanceSystem;transition;282;24;47;17;47;100;0,43;1,03;0;0,18;20,61;20,61;1,86;1,65
7;StudentAttendanceSystem;pair;282;24;47;40;218;100;0,4;0,3;1,56;0,29;21,61;22,61;3,38;2,56
7;StudentAttendanceSystem;state;283;26;53;11;61;100;0,45;0,58;0;0,12;22,61;22,61;1,33;1,16
7;StudentAttendanceSystem;transition;283;26;53;19;53;100;0,4;1,26;0;0,23;23,61;23,61;2,09;1,88
7;StudentAttendanceSystem;pair;283;26;53;51;283;100;0,39;0,3;2,37;0,55;25,61;25,61;4,5;3,61
7;StudentAttendanceSystem;state;284;24;48;11;62;100;0,37;0,55;0;0,1;26,61;26,61;1,17;1,03
7;StudentAttendanceSystem;transition;284;24;48;14;48;100;0,39;0,97;0;0,18;26,61;26,61;1,79;1,54
7;StudentAttendanceSystem;pair;284;24;48;40;242;100;0,36;0,3;1,67;0,61;28,61;28,61;3,71;2,93
7;StudentAttendanceSystem;state;285;23;44;9;49;100;0,48;0,5;0;0,09;28,61;29,61;1,31;1,07
7;StudentAttendanceSystem;transition;285;23;44;15;43;100;0,44;0,92;0;0,2;29,61;29,61;1,74;1,56
7;StudentAttendanceSystem;pair;285;23;44;41;239;100;0,4;0,22;1,61;0,39;30,61;31,61;3,42;2,63
7;StudentAttendanceSystem;state;286;28;57;12;66;100;0,41;0,54;0;0,16;31,61;31,61;1,3;1,11
7;StudentAttendanceSystem;transition;286;28;57;18;56;100;0,38;1,12;0;0,18;32,61;32,61;1,88;1,68
7;StudentAttendanceSystem;pair;286;28;57;55;315;100;0,42;0,32;2,62;0,54;34,61;34,61;4,94;3,89
7;StudentAttendanceSystem;state;287;20;41;9;44;100;0,35;0,39;0;0,07;35,61;35,61;0,94;0,81
7;StudentAttendanceSystem;transition;287;20;41;15;41;100;0,31;0,75;0;0,15;35,61;36,61;1,41;1,22
7;StudentAttendanceSystem;pair;287;20;41;38;214;100;0,29;0,21;1,47;0,38;37,61;37,61;3,12;2,35
7;StudentAttendanceSystem;state;288;28;56;13;74;100;0,43;0,81;0;0,14;38,61;38,61;1,54;1,38
7;StudentAttendanceSystem;transition;288;28;56;17;55;100;0,39;1,14;0;0,19;38,61;39,61;1,92;1,72
7;StudentAttendanceSystem;pair;288;28;56;51;303;100;0,37;0,33;2,4;0,48;40,61;40,61;4,58;3,58
7;StudentAttendanceSystem;state;289;27;51;11;61;100;0,41;0,5;0;0,11;41,61;41,61;1,18;1,01
7;StudentAttendanceSystem;transition;289;27;51;18;50;100;0,41;1,31;0;0,21;42,61;42,61;2,15;1,93
7;StudentAttendanceSystem;pair;289;27;51;45;249;100;0,4;0,3;2,04;0,41;43,61;44,61;4,03;3,16
7;StudentAttendanceSystem;state;290;23;43;9;47;100;0,34;0,43;0;0,08;44,61;44,61;0,98;0,85
7;StudentAttendanceSystem;transition;290;23;43;16;42;100;0,34;0,95;0;0,16;45,61;45,61;1,64;1,46
7;StudentAttendanceSystem;pair;290;23;43;39;213;100;0,35;0,21;1,52;0,35;46,61;46,61;3,14;2,43
7;StudentAttendanceSystem;state;291;24;44;9;48;100;0,37;0,46;0;0,08;47,61;47,61;1,04;0,91
7;StudentAttendanceSystem;transition;291;24;44;16;43;100;0,33;0,89;0;0,16;48,61;48,61;1,56;1,37
7;StudentAttendanceSystem;pair;291;24;44;38;210;100;0,37;0,29;1,45;0,29;49,61;49,61;3,14;2,41
7;StudentAttendanceSystem;state;292;20;37;9;46;100;0,32;0,5;0;0,08;50,61;50,61;1,05;0,89
7;StudentAttendanceSystem;transition;292;20;37;12;37;100;0,3;0,8;0;0,11;50,61;50,61;1,4;1,22
7;StudentAttendanceSystem;pair;292;20;37;34;188;100;0,34;0,24;1,23;0,27;51,61;52,61;2,75;2,08
7;StudentAttendanceSystem;state;293;22;37;8;43;100;0,47;0,37;0;0,07;52,61;52,61;1,04;0,9
7;StudentAttendanceSystem;transition;293;22;37;12;36;100;0,33;0,74;0;0,13;53,61;53,61;1,39;1,2
7;StudentAttendanceSystem;pair;293;22;37;32;172;100;0,31;0,22;1,1;0,23;54,61;54,61;2,48;1,85
7;StudentAttendanceSystem;state;294;31;64;14;76;100;0,44;0,67;0;0,19;54,61;55,61;1,52;1,3
7;StudentAttendanceSystem;transition;294;31;64;22;63;100;0,42;1,46;0;0,28;55,61;56,61;2,41;2,17
7;StudentAttendanceSystem;pair;294;31;64;59;338;100;0,43;0,38;2,63;0,58;57,61;58,61;5,46;4,01
7;StudentAttendanceSystem;state;295;25;45;10;55;100;0,39;0,5;0;0,1;58,61;58,61;1,13;0,99
7;StudentAttendanceSystem;transition;295;25;45;16;44;100;0,36;0,97;0;0,18;59,61;59,61;1,7;1,51
7;StudentAttendanceSystem;pair;295;25;45;38;202;100;0,36;0,22;2;0,29;60,61;61,61;3,99;2,87
7;StudentAttendanceSystem;state;296;23;44;9;49;100;1,13;0,5;0;0,09;61,61;61,61;1,89;1,72
7;StudentAttendanceSystem;transition;296;23;44;15;43;100;0,33;0,88;0;0,15;62,61;62,61;1,55;1,36
7;StudentAttendanceSystem;pair;296;23;44;39;215;100;0,32;0,22;1,58;0,36;63,61;63,61;3,9;2,48
7;StudentAttendanceSystem;state;297;17;26;6;31;100;0,39;0,39;0;0,05;64,61;64,61;1,01;0,82
7;StudentAttendanceSystem;transition;297;17;26;9;25;100;0,26;0,57;0;0,09;64,61;64,61;1,11;0,92
7;StudentAttendanceSystem;pair;297;17;26;18;86;100;0,34;0,12;0,56;0,15;65,61;65,61;2,02;1,17
7;StudentAttendanceSystem;state;298;29;59;14;77;100;0,43;0,94;0;0,24;66,61;66,61;1,85;1,61
7;StudentAttendanceSystem;transition;298;29;59;19;58;100;0,51;1,26;0;0,34;66,61;67,61;2,34;2,12
7;StudentAttendanceSystem;pair;298;29;59;52;307;100;0,41;0,33;2,45;0,54;68,61;69,61;4,68;3,73
7;StudentAttendanceSystem;state;299;21;41;9;48;100;0,33;0,4;0;0,08;69,61;69,61;0,95;0,81
7;StudentAttendanceSystem;transition;299;21;41;14;41;100;0,31;0,71;0;0,13;70,61;70,61;1,36;1,14
7;StudentAttendanceSystem;pair;299;21;41;38;204;100;0,31;0,2;1,22;0,32;71,61;71,61;2,68;2,04
7;StudentAttendanceSystem;state;300;19;33;7;37;100;0,29;0,39;0;0,06;72,61;72,61;0,88;0,75
7;StudentAttendanceSystem;transition;300;19;33;12;32;100;0,27;0,63;0;0,12;72,61;72,61;1,24;1,02
7;StudentAttendanceSystem;pair;300;19;33;29;147;100;0,32;0,19;0,92;0,32;73,61;73,61;2,36;1,76
7;StudentAttendanceSystem;state;301;23;48;10;55;100;0,31;0,42;0;0,09;74,61;74,61;0,94;0,81
7;StudentAttendanceSystem;transition;301;23;48;15;48;100;0,39;0,82;0;0,14;75,61;75,61;1,54;1,35
7;StudentAttendanceSystem;pair;301;23;48;42;246;100;0,34;0,25;1,67;0,43;76,61;76,61;3,65;2,7
7;StudentAttendanceSystem;state;302;23;46;9;46;100;0,37;0,49;0;0,09;77,61;77,61;1,09;0,95
7;StudentAttendanceSystem;transition;302;23;46;17;46;100;0,33;0,9;0;0,16;77,61;78,61;1,59;1,4
7;StudentAttendanceSystem;pair;302;23;46;42;234;100;0,35;0,23;1,8;0,32;79,61;79,61;3,69;2,69
7;StudentAttendanceSystem;state;303;22;40;9;49;100;0,34;0,43;0;0,11;80,61;80,61;1,03;0,88
7;StudentAttendanceSystem;transition;303;22;40;13;39;100;0,34;0,74;0;0,13;80,61;80,61;1,39;1,21
7;StudentAttendanceSystem;pair;303;22;40;38;200;100;0,32;0,23;1,31;0,31;81,61;82,61;2,91;2,17
7;StudentAttendanceSystem;state;304;22;43;9;48;100;0,35;0,43;0;0,08;82,61;82,61;0,99;0,86
7;StudentAttendanceSystem;transition;304;22;43;14;43;100;0,35;0,79;0;0,15;83,61;83,61;1,48;1,29
7;StudentAttendanceSystem;pair;304;22;43;44;236;100;0,34;0,23;1,68;0,34;84,61;84,61;3,29;2,58
7;StudentAttendanceSystem;state;305;24;50;11;60;100;0,42;0,5;0;0,1;85,61;85,61;1,18;1,02
7;StudentAttendanceSystem;transition;305;24;50;16;50;100;0,34;0,92;0;0,17;86,61;86,61;1,63;1,42
7;StudentAttendanceSystem;pair;305;24;50;45;259;100;0,35;0,29;1,86;0,4;87,61;88,61;3,71;2,9
7;StudentAttendanceSystem;state;306;21;38;9;47;100;0,3;0,42;0;0,08;88,61;88,61;0,95;0,8
7;StudentAttendanceSystem;transition;306;21;38;13;37;100;0,29;0,74;0;0,12;89,61;89,61;1,31;1,15
7;StudentAttendanceSystem;pair;306;21;38;31;165;100;0,27;0,17;1,07;0,24;90,61;90,61;2,37;1,75
7;StudentAttendanceSystem;state;307;17;31;7;34;100;0,25;0,3;0;0,05;90,61;90,61;0,7;0,6
7;StudentAttendanceSystem;transition;307;17;31;11;31;100;0,24;0,52;0;0,09;91,61;91,61;0,98;0,84
7;StudentAttendanceSystem;pair;307;17;31;31;154;100;0,26;0,14;0,9;0,18;92,61;92,61;1,95;1,48
7;StudentAttendanceSystem;state;308;22;40;9;48;100;0,27;0,42;0;0,09;92,61;93,61;0,91;0,78
7;StudentAttendanceSystem;transition;308;22;40;14;39;100;0,29;0,79;0;0,18;93,61;93,61;1,44;1,26
7;StudentAttendanceSystem;pair;308;22;40;34;178;100;0,36;0,2;1,2;0,25;94,61;94,61;2,69;2,02
7;StudentAttendanceSystem;state;309;24;48;11;62;100;0,36;0,54;0;0,11;95,61;95,61;1,14;1
7;StudentAttendanceSystem;transition;309;24;48;14;48;100;0,35;0,95;0;0,19;96,61;96,61;1,75;1,48
7;StudentAttendanceSystem;pair;309;24;48;40;242;100;0,34;0,24;1,65;0,43;97,61;97,61;3,57;2,66
7;StudentAttendanceSystem;state;310;26;52;11;61;100;0,58;0,56;0;0,16;98,61;98,61;1,5;1,3
7;StudentAttendanceSystem;transition;310;26;52;18;52;100;0,49;1,05;0;0,24;99,61;99,61;2,01;1,78
7;StudentAttendanceSystem;pair;310;26;52;48;272;100;0,39;0,29;1,96;0,37;100,61;101,61;3,86;3,01
7;StudentAttendanceSystem;state;311;27;53;12;68;100;0,39;0,49;0;0,11;101,61;101,61;1,13;1
7;StudentAttendanceSystem;transition;311;27;53;16;52;100;0,36;0,98;0;0,19;102,61;102,61;1,73;1,53
7;StudentAttendanceSystem;pair;311;27;53;44;266;100;0,36;0,3;1,92;0,39;103,61;104,61;3,82;2,97
7;StudentAttendanceSystem;state;312;23;46;9;48;100;0,37;0,55;0;0,09;104,61;104,61;1,15;1,01
7;StudentAttendanceSystem;transition;312;23;46;17;46;100;0,47;0,94;0;0,18;105,61;105,61;1,79;1,59
7;StudentAttendanceSystem;pair;312;23;46;45;249;100;0,31;0,2;1,62;0,37;106,61;107,61;3,31;2,5
7;StudentAttendanceSystem;state;313;21;36;8;43;100;0,3;0,4;0;0,07;107,61;107,61;0,91;0,77
7;StudentAttendanceSystem;transition;313;21;36;13;35;100;0,28;0,79;0;0,12;108,61;108,61;1,35;1,19
7;StudentAttendanceSystem;pair;313;21;36;28;149;100;0,29;0,19;0,89;0,19;109,61;109,61;2,09;1,56
7;StudentAttendanceSystem;state;314;20;36;8;39;100;0,25;0,34;0;0,07;109,61;110,61;0,78;0,66
7;StudentAttendanceSystem;transition;314;20;36;14;35;100;0,24;0,73;0;0,12;110,61;110,61;1,25;1,09
7;StudentAttendanceSystem;pair;314;20;36;30;153;100;0,26;0,16;0,91;0,23;111,61;111,61;2,12;1,57
7;StudentAttendanceSystem;state;315;24;46;10;52;100;0,35;0,45;0;0,09;112,61;112,61;1,01;0,89
7;StudentAttendanceSystem;transition;315;24;46;16;45;100;0,37;0,92;0;0,15;113,61;113,61;1,63;1,44
7;StudentAttendanceSystem;pair;315;24;46;41;237;100;0,31;0,21;1,63;0,33;114,61;114,61;3,24;2,48
7;StudentAttendanceSystem;state;316;22;42;9;45;100;0,31;0,48;0;0,08;115,61;115,61;1,01;0,87
7;StudentAttendanceSystem;transition;316;22;42;16;42;100;0,3;0,83;0;0,13;115,61;115,61;1,42;1,25
7;StudentAttendanceSystem;pair;316;22;42;36;196;100;0,36;0,24;1,27;0,25;117,61;117,61;2,75;2,13
7;StudentAttendanceSystem;state;317;16;28;6;30;100;0,27;0,34;0;0,05;117,61;117,61;0,78;0,66
7;StudentAttendanceSystem;transition;317;16;28;10;28;100;0,22;0,51;0;0,08;118,61;118,61;0,94;0,81
7;StudentAttendanceSystem;pair;317;16;28;25;123;100;0,22;0,13;0,7;0,15;119,61;119,61;1,63;1,19
7;StudentAttendanceSystem;state;318;26;53;11;62;100;0,38;0,49;0;0,1;119,61;119,61;1,1;0,97
7;StudentAttendanceSystem;transition;318;26;53;17;53;100;0,34;1;0;0,17;120,61;120,61;1,72;1,52
7;StudentAttendanceSystem;pair;318;26;53;45;263;100;0,35;0,34;1,74;0,41;121,61;122,61;3,68;2,84
7;StudentAttendanceSystem;state;319;24;49;11;62;100;0,35;0,49;0;0,1;122,61;123,61;1,09;0,94
7;StudentAttendanceSystem;transition;319;24;49;15;49;100;0,34;0,82;0;0,15;123,61;123,61;1,48;1,31
7;StudentAttendanceSystem;pair;319;24;49;43;257;100;0,37;0,28;1,84;0,39;125,61;125,61;3,7;2,89
7;StudentAttendanceSystem;state;320;22;39;8;43;100;0,39;0,43;0;0,08;125,61;125,61;1,03;0,9
7;StudentAttendanceSystem;transition;320;22;39;14;38;100;0,31;0,82;0;0,13;126,61;126,61;1,44;1,27
7;StudentAttendanceSystem;pair;320;22;39;38;198;100;0,3;0,2;1,33;0,26;127,61;128,61;2,73;2,09
7;StudentAttendanceSystem;state;321;26;51;11;60;100;0,37;0,51;0;0,11;128,61;128,61;1,13;0,99
7;StudentAttendanceSystem;transition;321;26;51;17;50;100;0,38;1,03;0;0,18;129,61;129,61;1,81;1,59
7;StudentAttendanceSystem;pair;321;26;51;46;264;100;0,38;0,33;1,88;0,4;130,61;131,61;3,78;3
7;StudentAttendanceSystem;state;322;18;33;7;36;100;0,29;0,33;0;0,06;131,61;131,61;0,8;0,68
7;StudentAttendanceSystem;transition;322;18;33;11;33;100;0,25;0,59;0;0,1;132,61;132,61;1,08;0,93
7;StudentAttendanceSystem;pair;322;18;33;29;159;100;0,26;0,22;0,99;0,23;133,61;133,61;2,22;1,69
7;StudentAttendanceSystem;state;323;24;47;10;55;100;0,4;0,65;0;0,1;133,61;134,61;1,29;1,15
7;StudentAttendanceSystem;transition;323;24;47;17;47;100;0,34;0,92;0;0,2;134,61;134,61;1,62;1,46
7;StudentAttendanceSystem;pair;323;24;47;44;236;100;0,33;0,25;1,66;0,32;135,61;136,61;3,27;2,55
7;StudentAttendanceSystem;state;324;18;29;6;31;100;0,25;0,29;0;0,06;136,61;136,61;0,71;0,6
7;StudentAttendanceSystem;transition;324;18;29;10;28;100;0,23;0,55;0;0,09;137,61;137,61;1,01;0,88
7;StudentAttendanceSystem;pair;324;18;29;27;129;100;0,24;0,13;0,77;0,22;138,61;138,61;1,84;1,35
7;StudentAttendanceSystem;state;325;20;35;8;40;100;0,27;0,3;0;0,06;138,61;138,61;0,74;0,63
7;StudentAttendanceSystem;transition;325;20;35;13;34;100;0,23;0,59;0;0,1;139,61;139,61;1,07;0,92
7;StudentAttendanceSystem;pair;325;20;35;27;142;100;0,24;0,15;0,85;0,18;140,61;140,61;1,87;1,4
7;StudentAttendanceSystem;state;326;23;43;10;52;100;0,3;0,41;0;0,08;141,61;141,61;0,91;0,8
7;StudentAttendanceSystem;transition;326;23;43;16;43;100;0,31;0,8;0;0,14;141,61;141,61;1,41;1,24
7;StudentAttendanceSystem;pair;326;23;43;35;184;100;0,34;0,2;1,21;0,27;142,61;143,61;2,64;2,01
7;StudentAttendanceSystem;state;327;20;37;8;43;100;0,29;0,34;0;0,07;143,61;143,61;0,81;0,7
7;StudentAttendanceSystem;transition;327;20;37;13;37;100;0,3;0,73;0;0,12;144,61;144,61;1,31;1,15
7;StudentAttendanceSystem;pair;327;20;37;32;178;100;0,28;0,17;1,09;0,24;145,61;145,61;2,35;1,79
7;StudentAttendanceSystem;state;328;18;32;7;37;100;0,3;0,33;0;0,05;145,61;145,61;0,8;0,69
7;StudentAttendanceSystem;transition;328;18;32;10;32;100;0,25;0,6;0;0,08;146,61;146,61;1,08;0,94
7;StudentAttendanceSystem;pair;328;18;32;27;153;100;0,3;0,18;0,84;0,23;147,61;147,61;2,09;1,55
7;StudentAttendanceSystem;state;329;28;56;12;62;100;0,36;0,53;0;0,2;148,61;148,61;1,23;1,09
7;StudentAttendanceSystem;transition;329;28;56;21;55;100;0,41;1,07;0;0,27;149,61;149,61;1,96;1,74
7;StudentAttendanceSystem;pair;329;28;56;57;315;100;0,38;0,28;2,56;0,5;150,61;151,61;4,65;3,71
7;StudentAttendanceSystem;state;330;27;54;12;68;100;0,49;0,51;0;0,12;151,61;151,61;1,34;1,12
7;StudentAttendanceSystem;transition;330;27;54;17;53;100;0,46;1,07;0;0,18;152,61;152,61;1,91;1,71
7;StudentAttendanceSystem;pair;330;27;54;47;281;100;0,4;0,34;4,89;0,39;154,75;5,75;6,88;6,02
7;StudentAttendanceSystem;state;331;22;40;9;48;100;0,33;0,43;0;0,08;6,75;6,75;0,97;0,83
7;StudentAttendanceSystem;transition;331;22;40;14;40;100;0,37;0,71;0;0,11;6,75;6,75;1,36;1,2
7;StudentAttendanceSystem;pair;331;22;40;33;175;100;0,27;0,22;1,14;0,25;7,75;8,75;2,55;1,88
7;StudentAttendanceSystem;state;332;27;54;12;66;100;0,37;0,52;0;0,12;8,75;8,75;1,14;1,01
7;StudentAttendanceSystem;transition;332;27;54;17;53;100;0,38;1,03;0;0,18;9,75;9,75;1,77;1,59
7;StudentAttendanceSystem;pair;332;27;54;45;267;100;0,34;0,34;1,83;0,44;10,75;11,75;3,82;2,95
7;StudentAttendanceSystem;state;333;27;53;12;68;100;0,39;0,45;0;0,11;11,75;11,75;1,07;0,94
7;StudentAttendanceSystem;transition;333;27;53;16;52;100;0,36;0,97;0;0,21;12,75;12,75;1,74;1,54
7;StudentAttendanceSystem;pair;333;27;53;44;266;100;0,41;0,32;1,99;0,44;14,75;14,75;4;3,16
7;StudentAttendanceSystem;state;334;24;44;9;50;100;0,34;0,44;0;0,09;14,75;15,75;1,03;0,87
7;StudentAttendanceSystem;transition;334;24;44;16;43;100;0,36;0,9;0;0,21;15,75;15,75;1,68;1,47
7;StudentAttendanceSystem;pair;334;24;44;37;195;100;0,39;0,23;1,34;0,27;16,75;17,75;2,93;2,22
7;StudentAttendanceSystem;state;335;18;31;7;37;100;0,29;0,33;0;0,05;17,75;17,75;0,8;0,68
7;StudentAttendanceSystem;transition;335;18;31;11;31;100;0,27;0,62;0;0,14;18,75;18,75;1,19;1,04
7;StudentAttendanceSystem;pair;335;18;31;24;128;100;0,25;0,13;0,71;0,17;19,75;19,75;1,75;1,26
7;StudentAttendanceSystem;state;336;24;44;11;57;100;0,33;0,45;0;0,09;19,75;19,75;0,99;0,87
7;StudentAttendanceSystem;transition;336;24;44;15;44;100;0,32;0,79;0;0,13;20,75;20,75;1,41;1,25
7;StudentAttendanceSystem;pair;336;24;44;38;200;100;0,3;0,23;1,29;0,25;21,75;21,75;2,69;2,07
7;StudentAttendanceSystem;state;337;23;42;10;54;100;0,35;0,4;0;0,09;22,75;22,75;0,96;0,84
7;StudentAttendanceSystem;transition;337;23;42;14;42;100;0,3;0,81;0;0,14;23,75;23,75;1,41;1,25
7;StudentAttendanceSystem;pair;337;23;42;40;206;100;0,36;0,23;1,4;0,28;24,75;24,75;2,97;2,27
7;StudentAttendanceSystem;state;338;22;38;8;42;100;0,29;0,37;0;0,14;25,75;25,75;0,93;0,8
7;StudentAttendanceSystem;transition;338;22;38;14;37;100;0,28;0,7;0;0,12;25,75;25,75;1,28;1,11
7;StudentAttendanceSystem;pair;338;22;38;33;172;100;0,27;0,16;1,08;0,27;26,75;27,75;2,37;1,78
7;StudentAttendanceSystem;state;339;16;27;6;31;100;0,25;0,25;0;0,04;27,75;27,75;0,68;0,54
7;StudentAttendanceSystem;transition;339;16;27;9;27;100;0,37;0,52;0;0,08;27,75;28,75;1,13;0,96
7;StudentAttendanceSystem;pair;339;16;27;24;125;100;0,23;0,12;0,71;0,18;28,75;28,75;1,71;1,24
7;StudentAttendanceSystem;state;340;16;28;6;31;100;0,31;0,3;0;0,05;29,75;29,75;0,76;0,65
7;StudentAttendanceSystem;transition;340;16;28;9;28;100;0,24;0,52;0;0,07;29,75;29,75;0,97;0,83
7;StudentAttendanceSystem;pair;340;16;28;28;142;100;0,23;0,14;0,86;0,18;30,75;30,75;1,9;1,4
7;StudentAttendanceSystem;state;341;25;45;10;55;100;0,32;0,43;0;0,09;31,75;31,75;0,96;0,84
7;StudentAttendanceSystem;transition;341;25;45;16;44;100;0,3;0,89;0;0,14;32,75;32,75;1,48;1,33
7;StudentAttendanceSystem;pair;341;25;45;38;198;100;0,33;0,2;1,33;0,31;33,75;33,75;2,86;2,16
7;StudentAttendanceSystem;state;342;19;33;7;36;100;0,3;0,35;0;0,06;34,75;34,75;0,82;0,7
7;StudentAttendanceSystem;transition;342;19;33;12;33;100;0,26;0,72;0;0,11;34,75;34,75;1,36;1,09
7;StudentAttendanceSystem;pair;342;19;33;27;141;100;0,32;0,16;0,87;0,19;35,75;35,75;2,21;1,55
7;StudentAttendanceSystem;state;343;26;50;11;62;100;0,38;0,49;0;0,11;36,75;36,75;1,11;0,98
7;StudentAttendanceSystem;transition;343;26;50;16;49;100;0,36;1,23;0;0,22;37,75;37,75;2,01;1,81
7;StudentAttendanceSystem;pair;343;26;50;44;258;100;0,37;0,36;2,22;0,37;38,75;38,75;4,16;3,32
7;StudentAttendanceSystem;state;344;20;36;8;41;100;0,34;0,38;0;0,07;39,75;39,75;0,92;0,79
7;StudentAttendanceSystem;transition;344;20;36;13;36;100;0,27;0,7;0;0,13;39,75;40,75;1,26;1,09
7;StudentAttendanceSystem;pair;344;20;36;36;184;100;0,26;0,2;1,04;0,25;40,75;41,75;2,47;1,75
7;StudentAttendanceSystem;state;345;28;57;12;66;100;0,38;0,88;0;0,14;41,75;41,75;1,54;1,39
7;StudentAttendanceSystem;transition;345;28;57;18;56;100;0,38;1,08;0;0,23;42,75;42,75;1,9;1,7
7;StudentAttendanceSystem;pair;345;28;57;55;315;100;0,42;0,38;2,59;0,51;44,75;44,75;4,82;3,89
7;StudentAttendanceSystem;state;346;23;41;10;56;100;0,35;0,36;0;0,08;45,75;45,75;0,92;0,79
7;StudentAttendanceSystem;transition;346;23;41;13;40;100;0,27;0,67;0;0,15;45,75;46,75;1,25;1,09
7;StudentAttendanceSystem;pair;346;23;41;37;201;100;0,29;0,17;1,36;0,29;47,75;47,75;2,75;2,12
7;StudentAttendanceSystem;state;347;24;49;11;62;100;0,38;0,46;0;0,12;47,75;48,75;1,1;0,96
7;StudentAttendanceSystem;transition;347;24;49;15;49;100;0,36;0,91;0;0,18;48,75;48,75;1,63;1,45
7;StudentAttendanceSystem;pair;347;24;49;43;257;100;0,39;0,33;1,69;0,38;50,75;50,75;3,57;2,79
7;StudentAttendanceSystem;state;348;23;44;9;50;100;0,32;0,44;0;0,09;50,75;51,75;0,98;0,85
7;StudentAttendanceSystem;transition;348;23;44;15;44;100;0,29;0,91;0;0,18;51,75;51,75;1,55;1,38
7;StudentAttendanceSystem;pair;348;23;44;38;208;100;0,33;0,22;1,42;0,34;52,75;53,75;3,13;2,31
7;StudentAttendanceSystem;state;349;22;43;9;45;100;0,34;0,48;0;0,08;53,75;53,75;1,03;0,9
7;StudentAttendanceSystem;transition;349;22;43;17;43;100;0,3;0,83;0;0,15;54,75;54,75;1,44;1,28
7;StudentAttendanceSystem;pair;349;22;43;40;212;100;0,3;0,21;1,45;0,3;55,75;55,75;2,93;2,26
7;StudentAttendanceSystem;state;350;25;50;10;56;100;0,38;0,46;0;0,09;56,75;56,75;1,06;0,93
7;StudentAttendanceSystem;transition;350;25;50;17;50;100;0,37;1,01;0;0,24;57,75;57,75;1,83;1,63
7;StudentAttendanceSystem;pair;350;25;50;45;259;100;0,34;0,26;2,23;0,4;58,75;58,75;4,19;3,22
7;StudentAttendanceSystem;state;351;23;45;9;48;100;0,37;0,45;0;0,08;59,75;59,75;1,09;0,91
7;StudentAttendanceSystem;transition;351;23;45;16;45;100;0,35;0,76;0;0,21;60,75;60,75;1,5;1,32
7;StudentAttendanceSystem;pair;351;23;45;42;234;100;0,33;0,21;1,52;0,36;61,75;61,75;3,14;2,42
7;StudentAttendanceSystem;state;352;30;62;13;71;100;0,47;0,58;0;0,14;62,75;62,75;1,33;1,19
7;StudentAttendanceSystem;transition;352;30;62;22;61;100;0,43;1,34;0;0,24;63,75;63,75;2,22;2,01
7;StudentAttendanceSystem;pair;352;30;62;53;306;100;0,39;0,39;2,64;0,56;64,75;65,75;5,27;3,98
7;StudentAttendanceSystem;state;353;26;52;11;61;100;0,43;0,52;0;0,12;65,75;66,75;1,21;1,07
7;StudentAttendanceSystem;transition;353;26;52;18;52;100;0,45;1,18;0;0,18;66,75;66,75;2,02;1,82
7;StudentAttendanceSystem;pair;353;26;52;48;268;100;0,42;0,34;2,13;0,42;68,75;68,75;4,18;3,31
7;StudentAttendanceSystem;state;354;25;46;10;51;100;0,44;0,49;0;0,13;69,75;69,75;1,21;1,06
7;StudentAttendanceSystem;transition;354;25;46;17;45;100;0,37;1,08;0;0,23;69,75;70,75;1,89;1,67
7;StudentAttendanceSystem;pair;354;25;46;38;210;100;0,4;0,24;1,57;0,36;71,75;71,75;3,35;2,57
7;StudentAttendanceSystem;state;355;31;63;14;76;100;0,46;0,74;0;0,15;72,75;72,75;1,54;1,35
7;StudentAttendanceSystem;transition;355;31;63;22;62;100;0,51;1,41;0;0,29;72,75;73,75;2,47;2,21
7;StudentAttendanceSystem;pair;355;31;63;54;310;100;0,43;0,36;2,67;0,54;74,75;75,75;5,06;4,01
7;StudentAttendanceSystem;state;356;22;41;9;49;100;0,41;0,43;0;0,08;75,75;75,75;1,06;0,92
7;StudentAttendanceSystem;transition;356;22;41;14;41;100;0,29;0,75;0;0,12;76,75;76,75;1,33;1,16
7;StudentAttendanceSystem;pair;356;22;41;40;208;100;0,33;0,2;1,38;0,28;77,75;77,75;2,82;2,18
7;StudentAttendanceSystem;state;357;26;47;11;60;100;0,37;0,47;0;0,1;78,75;78,75;1,07;0,93
7;StudentAttendanceSystem;transition;357;26;47;16;46;100;0,31;1,08;0;0,16;79,75;79,75;1,79;1,55
7;StudentAttendanceSystem;pair;357;26;47;44;230;100;0,36;0,28;1,6;0,44;80,75;80,75;3,41;2,68
7;StudentAttendanceSystem;state;358;17;27;6;31;100;0,25;0,32;0;0,05;81,75;81,75;0,76;0,62
7;StudentAttendanceSystem;transition;358;17;27;10;26;100;0,23;0,51;0;0,08;81,75;81,75;0,98;0,82
7;StudentAttendanceSystem;pair;358;17;27;21;97;100;0,54;0,12;1,03;0,14;82,75;82,75;2,5;1,82
7;StudentAttendanceSystem;state;359;24;49;11;62;100;0,4;0,58;0;0,13;82,75;83,75;1,28;1,11
7;StudentAttendanceSystem;transition;359;24;49;15;49;100;0,4;0,97;0;0,2;83,75;83,75;1,78;1,57
7;StudentAttendanceSystem;pair;359;24;49;43;257;100;0,44;0,37;2,06;0,43;85,75;85,75;4,13;3,3
7;StudentAttendanceSystem;state;360;21;38;9;47;100;0,35;0,41;0;0,09;85,75;85,75;0,99;0,85
7;StudentAttendanceSystem;transition;360;21;38;13;37;100;0,34;0,85;0;0,14;86,75;86,75;1,5;1,33
7;StudentAttendanceSystem;pair;360;21;38;31;165;100;0,34;0,2;0,98;0,24;87,75;87,75;2,36;1,76
7;StudentAttendanceSystem;state;361;26;50;10;54;100;0,42;1,79;0;0,15;88,75;88,75;2,53;2,36
7;StudentAttendanceSystem;transition;361;26;50;18;49;100;0,38;1,04;0;0,19;89,75;89,75;1,82;1,6
7;StudentAttendanceSystem;pair;361;26;50;46;258;100;0,37;0,28;1,84;0,38;90,75;90,75;3,68;2,87
7;StudentAttendanceSystem;state;362;28;58;13;69;100;0,5;0,63;0;0,13;91,75;91,75;1,43;1,25
7;StudentAttendanceSystem;transition;362;28;58;20;57;100;0,38;1,27;0;0,24;92,75;92,75;2,16;1,89
7;StudentAttendanceSystem;pair;362;28;58;51;293;100;0,41;0,36;2,43;0,59;93,75;94,75;4,76;3,8
7;StudentAttendanceSystem;state;363;27;55;12;67;100;0,44;0,54;0;0,12;94,75;94,75;1,26;1,1
7;StudentAttendanceSystem;transition;363;27;55;17;55;100;0,4;1,14;0;0,34;95,75;95,75;2,17;1,87
7;StudentAttendanceSystem;pair;363;27;55;51;299;100;0,4;0,32;2,7;0,46;97,75;97,75;4,78;3,88
7;StudentAttendanceSystem;state;364;23;41;10;53;100;0,41;0,42;0;0,08;98,75;98,75;1,12;0,91
7;StudentAttendanceSystem;transition;364;23;41;14;40;100;0,24;0,5;0;0,12;98,75;98,75;1;0,86
7;StudentAttendanceSystem;pair;364;23;41;32;173;100;0,28;0,19;1,08;0,2;99,75;100,75;2,19;1,75
7;StudentAttendanceSystem;state;365;26;52;11;60;100;0,27;0,3;0;0,07;100,75;100,75;0,73;0,64
7;StudentAttendanceSystem;transition;365;26;52;18;51;100;0,31;0,86;0;0,14;101,75;101,75;1,47;1,31
7;StudentAttendanceSystem;pair;365;26;52;49;275;100;0,27;0,22;1,64;0,36;102,75;103,75;3,23;2,49
7;StudentAttendanceSystem;state;366;18;28;7;37;100;0,28;0,29;0;0,05;103,75;103,75;0,75;0,62
7;StudentAttendanceSystem;transition;366;18;28;9;27;100;0,21;0,51;0;0,08;104,75;104,75;0,98;0,8
7;StudentAttendanceSystem;pair;366;18;28;22;111;100;0,23;0,11;0,51;0,14;105,75;105,75;1,43;1
7;StudentAttendanceSystem;state;367;17;27;6;32;100;0,26;0,32;0;0,06;105,75;105,75;0,77;0,63
7;StudentAttendanceSystem;transition;367;17;27;9;26;100;0,16;0,41;0;0,06;106,75;106,75;0,74;0,62
7;StudentAttendanceSystem;pair;367;17;27;26;123;100;0,25;0,12;0,44;0,11;106,75;107,75;1,27;0,92
7;StudentAttendanceSystem;state;368;17;28;7;37;100;0,2;0,29;0;0,06;107,75;107,75;0,69;0,56
7;StudentAttendanceSystem;transition;368;17;28;8;28;100;0,25;0,46;0;0,05;108,75;108,75;0,86;0,75
7;StudentAttendanceSystem;pair;368;17;28;25;132;100;0,17;0,13;0,73;0,2;108,75;109,75;1,7;1,23
7;StudentAttendanceSystem;state;369;21;38;8;42;100;0,33;0,24;0;0,08;109,75;109,75;0,8;0,65
7;StudentAttendanceSystem;transition;369;21;38;13;37;100;0,2;0,54;0;0,13;110,75;110,75;1,02;0,88
7;StudentAttendanceSystem;pair;369;21;38;33;183;100;0,19;0,14;1,12;0,27;111,75;111,75;2,2;1,72
7;StudentAttendanceSystem;state;370;23;46;10;56;100;0,37;0,37;0;0,07;111,75;111,75;0,92;0,81
7;StudentAttendanceSystem;transition;370;23;46;15;46;100;0,27;0,55;0;0,15;112,75;112,75;1,18;0,97
7;StudentAttendanceSystem;pair;370;23;46;43;249;100;0,24;0,23;1,14;0,25;113,75;114,75;2,44;1,85
7;StudentAttendanceSystem;state;371;18;27;7;37;100;0,21;0,23;0;0,04;114,75;114,75;0,57;0,47
7;StudentAttendanceSystem;transition;371;18;27;8;26;100;0,23;0,61;0;0,08;115,75;115,75;1,07;0,92
7;StudentAttendanceSystem;pair;371;18;27;21;105;100;0,25;0,11;0,48;0,14;115,75;116,75;1,42;0,98
7;StudentAttendanceSystem;state;372;18;33;7;37;100;0,23;0,31;0;0,05;116,75;116,75;0,72;0,59
7;StudentAttendanceSystem;transition;372;18;33;11;33;100;0,21;0,49;0;0,08;117,75;117,75;0,93;0,79
7;StudentAttendanceSystem;pair;372;18;33;29;165;100;0,24;0,15;0,88;0,14;118,75;118,75;1,93;1,42
7;StudentAttendanceSystem;state;373;15;23;6;31;100;0,17;0,24;0;0,04;118,75;118,75;0,56;0,45
7;StudentAttendanceSystem;transition;373;15;23;7;23;100;0,2;0,47;0;0,04;119,75;119,75;0,84;0,71
7;StudentAttendanceSystem;pair;373;15;23;19;93;100;0,17;0,06;0,29;0,12;119,75;119,75;0,94;0,65
7;StudentAttendanceSystem;state;374;20;32;7;36;100;0,26;0,32;0;0,06;120,75;120,75;0,78;0,64
7;StudentAttendanceSystem;transition;374;20;32;12;31;100;0,22;0,48;0;0,11;120,75;121,75;0,97;0,81
7;StudentAttendanceSystem;pair;374;20;32;25;121;100;0,24;0,12;0,65;0,18;121,75;121,75;1,72;1,18
7;StudentAttendanceSystem;state;375;21;38;8;43;100;0,31;0,39;0;0,08;122,75;122,75;0,92;0,77
7;StudentAttendanceSystem;transition;375;21;38;13;37;100;0,29;0,71;0;0,16;123,75;123,75;1,34;1,15
7;StudentAttendanceSystem;pair;375;21;38;34;192;100;0,24;0,14;0,97;0,21;124,75;124,75;2,04;1,57
7;StudentAttendanceSystem;state;376;19;34;7;37;100;0,34;0,39;0;0,07;124,75;124,75;0,93;0,8
7;StudentAttendanceSystem;transition;376;19;34;12;34;100;0,33;0,57;0;0,11;125,75;125,75;1,18;1
7;StudentAttendanceSystem;pair;376;19;34;33;169;100;0,29;0,16;0,96;0,29;126,75;126,75;2,26;1,7
7;StudentAttendanceSystem;state;377;31;62;14;76;100;0,47;0,61;0;0,15;127,75;127,75;1,42;1,23
7;StudentAttendanceSystem;transition;377;31;62;20;61;100;0,44;1,2;0;0,21;128,75;128,75;2,1;1,85
7;StudentAttendanceSystem;pair;377;31;62;55;321;100;0,43;0,34;2,44;0,46;129,75;130,75;4,72;3,66
7;StudentAttendanceSystem;state;378;20;37;8;43;100;0,36;0,37;0;0,07;130,75;130,75;0,97;0,81
7;StudentAttendanceSystem;transition;378;20;37;13;37;100;0,3;0,66;0;0,17;131,75;131,75;1,33;1,14
7;StudentAttendanceSystem;pair;378;20;37;32;178;100;0,32;0,17;1,17;0,22;132,75;132,75;2,52;1,89
7;StudentAttendanceSystem;state;379;24;50;11;60;100;0,37;0,42;0;0,13;133,75;133,75;1,07;0,91
7;StudentAttendanceSystem;transition;379;24;50;16;50;100;0,32;0,91;0;0,18;133,75;134,75;1,65;1,41
7;StudentAttendanceSystem;pair;379;24;50;45;259;100;0,35;0,28;1,89;0,41;135,75;135,75;3,74;2,92
7;StudentAttendanceSystem;state;380;18;31;7;35;100;0,27;0,33;0;0,06;136,75;136,75;0,79;0,66
7;StudentAttendanceSystem;transition;380;18;31;11;30;100;0,24;0,62;0;0,14;136,75;136,75;3,1;1,01
7;StudentAttendanceSystem;pair;380;18;31;25;128;100;0,32;0,14;0,71;0,17;137,75;137,75;1,96;1,34
7;StudentAttendanceSystem;state;381;27;51;11;61;100;0,38;0,5;0;0,12;138,75;138,75;1,15;1,01
7;StudentAttendanceSystem;transition;381;27;51;17;50;100;0,42;1,03;0;0,28;139,75;139,75;2,14;1,73
7;StudentAttendanceSystem;pair;381;27;51;48;264;100;0,41;0,36;1,83;0,49;140,75;140,75;3,85;3,09
7;StudentAttendanceSystem;state;382;22;42;9;47;100;0,38;0,44;0;0,1;141,75;141,75;1,09;0,93
7;StudentAttendanceSystem;transition;382;22;42;15;42;100;0,33;0,77;0;0,17;141,75;142,75;1,44;1,26
7;StudentAttendanceSystem;pair;382;22;42;44;234;100;0,3;0,22;1,37;0,31;143,75;143,75;3,01;2,2
7;StudentAttendanceSystem;state;383;22;39;9;49;100;0,39;0,44;0;0,1;143,75;144,75;1,28;0,93
7;StudentAttendanceSystem;transition;383;22;39;13;38;100;0,32;0,76;0;0,16;144,75;144,75;1,41;1,23
7;StudentAttendanceSystem;pair;383;22;39;33;179;100;0,29;0,18;1,06;0,23;145,75;145,75;2,44;1,76
7;StudentAttendanceSystem;state;384;23;45;9;48;100;0,41;0,45;0;0,08;146,75;146,75;1,13;0,94
7;StudentAttendanceSystem;transition;384;23;45;16;45;100;0,32;0,8;0;0,23;147,75;147,75;2,15;1,35
7;StudentAttendanceSystem;pair;384;23;45;42;234;100;0,36;0,21;1,92;0,3;148,75;148,75;3,69;2,79
7;StudentAttendanceSystem;state;385;19;34;8;43;100;0,32;0,38;0;0,11;149,75;149,75;1,02;0,8
7;StudentAttendanceSystem;transition;385;19;34;11;34;100;0,32;0,61;0;0,11;149,75;149,75;1,22;1,04
7;StudentAttendanceSystem;pair;385;19;34;30;159;100;0,31;0,19;0,96;0,21;150,75;150,75;2,23;1,67
7;StudentAttendanceSystem;state;386;23;42;8;43;100;0,36;0,61;0;0,09;151,75;151,75;1,2;1,06
7;StudentAttendanceSystem;transition;386;23;42;15;41;100;0,35;0,85;0;0,14;152,75;152,75;1,53;1,34
7;StudentAttendanceSystem;pair;386;23;42;36;198;100;0,33;0,18;1,3;0,29;153,75;153,75;2,83;2,11
7;StudentAttendanceSystem;state;387;21;38;8;43;100;0,35;0,4;0;8,56;153,75;154,75;9,54;9,3
7;StudentAttendanceSystem;transition;387;21;38;13;37;100;0,38;0,82;0;0,13;5,64;5,64;1,58;1,33
7;StudentAttendanceSystem;pair;387;21;38;34;192;100;0,32;2,09;1,23;0,29;6,64;6,64;8,09;3,92
7;StudentAttendanceSystem;state;388;22;45;9;45;100;6,05;0,47;0;0,12;7,64;7,64;6,93;6,64
7;StudentAttendanceSystem;transition;388;22;45;16;45;100;0,35;1,61;0;0,3;8,64;8,64;2,5;2,26
7;StudentAttendanceSystem;pair;388;22;45;47;259;100;0,26;0,22;2,28;0,25;9,64;9,64;3,68;3,02
7;StudentAttendanceSystem;state;389;19;35;7;36;100;0,24;0,23;0;0,04;10,64;10,64;0,61;0,5
7;StudentAttendanceSystem;transition;389;19;35;11;35;100;0,29;0,64;0;0,07;10,64;10,64;1,13;0,99
7;StudentAttendanceSystem;pair;389;19;35;35;191;100;0,21;0,19;2;0,26;11,64;12,64;3,54;2,66
7;StudentAttendanceSystem;state;390;30;59;13;73;100;0,47;0,56;0;0,13;12,64;12,64;1,36;1,16
7;StudentAttendanceSystem;transition;390;30;59;19;58;100;0,43;0,9;0;0,17;13,64;13,64;1,71;1,51
7;StudentAttendanceSystem;pair;390;30;59;49;289;100;0,28;0,33;1,72;0,29;15,64;15,64;3,35;2,61
7;StudentAttendanceSystem;state;391;18;34;7;36;100;0,22;0,25;0;0,05;16,64;16,64;0,66;0,52
7;StudentAttendanceSystem;transition;391;18;34;12;34;100;0,28;0,57;0;0,07;16,64;16,64;1,05;0,92
7;StudentAttendanceSystem;pair;391;18;34;31;167;100;0,18;0,12;0,72;0,24;17,64;17,64;1,79;1,27
7;StudentAttendanceSystem;state;392;19;32;7;34;100;0,23;0,24;0;0,05;18,64;18,64;0,64;0,53
7;StudentAttendanceSystem;transition;392;19;32;12;31;100;0,17;0,48;0;0,09;18,64;18,64;0,9;0,74
7;StudentAttendanceSystem;pair;392;19;32;29;138;100;0,23;0,14;0,57;0,19;19,64;19,64;1,53;1,13
7;StudentAttendanceSystem;state;393;22;43;10;51;100;0,25;0,3;0;0,05;20,64;20,64;0,71;0,61
7;StudentAttendanceSystem;transition;393;22;43;15;43;100;0,28;0,59;0;0,09;21,64;21,64;1,1;0,96
7;StudentAttendanceSystem;pair;393;22;43;37;203;100;0,25;0,22;1,17;0,18;22,64;22,64;2,35;1,83
7;StudentAttendanceSystem;state;394;18;34;7;36;100;0,27;0,32;0;0,07;22,64;22,64;0,92;0,66
7;StudentAttendanceSystem;transition;394;18;34;12;34;100;0,3;0,6;0;0,1;23,64;23,64;1,27;1
7;StudentAttendanceSystem;pair;394;18;34;31;167;100;0,27;0,16;0,96;0,21;24,64;24,64;2,21;1,61
7;StudentAttendanceSystem;state;395;24;49;11;60;100;0,35;0,55;0;0,15;25,64;25,64;1,21;1,05
7;StudentAttendanceSystem;transition;395;24;49;15;49;100;0,31;0,8;0;0,16;25,64;26,64;1,5;1,28
7;StudentAttendanceSystem;pair;395;24;49;42;248;100;0,25;0,26;1,19;0,23;27,64;27,64;2,55;1,94
7;StudentAttendanceSystem;state;396;21;38;9;44;100;0,24;0,42;0;0,05;28,64;28,64;0,82;0,71
7;StudentAttendanceSystem;transition;396;21;38;14;38;100;0,23;0,43;0;0,07;28,64;28,64;0,84;0,73
7;StudentAttendanceSystem;pair;396;21;38;36;182;100;0,22;0,12;0,88;0,16;29,64;30,64;1,82;1,38
7;StudentAttendanceSystem;state;397;24;44;10;50;100;0,32;0,28;0;0,07;30,64;30,64;0,79;0,67
7;StudentAttendanceSystem;transition;397;24;44;17;43;100;0,28;0,94;0;0,19;31,64;31,64;1,62;1,4
7;StudentAttendanceSystem;pair;397;24;44;42;216;100;0,27;0,21;1,24;0,22;32,64;32,64;2,56;1,94
7;StudentAttendanceSystem;state;398;17;29;6;30;100;0,21;0,21;0;0,03;33,64;33,64;0,55;0,46
7;StudentAttendanceSystem;transition;398;17;29;9;29;100;0,18;0,33;0;0,05;33,64;33,64;0,68;0,56
7;StudentAttendanceSystem;pair;398;17;29;28;144;100;0,16;0,1;0,84;0,12;34,64;34,64;1,58;1,21
7;StudentAttendanceSystem;state;399;20;39;8;39;100;0,19;0,24;0;0,04;35,64;35,64;0,55;0,47
7;StudentAttendanceSystem;transition;399;20;39;14;39;100;0,18;1,33;0;0,09;35,64;35,64;1,75;1,61
7;StudentAttendanceSystem;pair;399;20;39;40;212;100;0,29;0,19;1,14;0,39;36,64;37,64;3,89;2
7;StudentAttendanceSystem;state;400;21;41;8;43;100;0,31;0,27;0;0,05;37,64;37,64;0,8;0,63
7;StudentAttendanceSystem;transition;400;21;41;13;41;100;0,41;0,71;0;0,12;38,64;38,64;1,5;1,24
7;StudentAttendanceSystem;pair;400;21;41;41;223;100;0,27;0,2;1,19;0,25;39,64;39,64;2,61;1,92
7;StudentAttendanceSystem;state;401;23;42;10;51;100;0,31;0,3;0;0,06;40,64;40,64;0,77;0,66
7;StudentAttendanceSystem;transition;401;23;42;15;41;100;0,21;0,57;0;0,17;40,64;41,64;1,19;0,95
7;StudentAttendanceSystem;pair;401;23;42;33;176;100;0,38;0,19;0,95;0,23;42,64;42,64;2,3;1,75
7;StudentAttendanceSystem;state;402;28;58;13;70;100;0,37;0,52;0;0,15;42,64;42,64;1,18;1,03
7;StudentAttendanceSystem;transition;402;28;58;20;58;100;0,28;1,23;0;0,12;43,64;43,64;1,8;1,63
7;StudentAttendanceSystem;pair;402;28;58;49;285;100;0,28;0,22;1,58;0,25;45,64;45,64;2,86;2,33
7;StudentAttendanceSystem;state;403;31;61;14;78;100;0,34;0,41;0;0,09;46,64;46,64;0,96;0,84
7;StudentAttendanceSystem;transition;403;31;61;19;60;100;0,27;0,86;0;0,23;47,64;47,64;1,58;1,36
7;StudentAttendanceSystem;pair;403;31;61;55;321;100;0,31;0,45;1,82;0,38;48,64;49,64;3,87;2,96
7;StudentAttendanceSystem;state;404;20;36;8;40;100;0,21;0,24;0;0,04;49,64;49,64;0,59;0,5
7;StudentAttendanceSystem;transition;404;20;36;13;35;100;0,2;0,56;0;0,11;50,64;50,64;1,13;0,87
7;StudentAttendanceSystem;pair;404;20;36;34;176;100;0,27;0,14;1,02;0,23;51,64;51,64;2,16;1,66
7;StudentAttendanceSystem;state;405;21;42;8;42;100;0,36;0,44;0;0,07;52,64;52,64;1,03;0,87
7;StudentAttendanceSystem;transition;405;21;42;14;42;100;0,29;0,66;0;0,12;52,64;52,64;1,27;1,07
7;StudentAttendanceSystem;pair;405;21;42;45;249;100;0,35;0,21;1,54;0,33;54,64;54,64;3,19;2,44
7;StudentAttendanceSystem;state;406;21;40;8;42;100;0,33;0,38;0;0,07;54,64;54,64;1;0,78
7;StudentAttendanceSystem;transition;406;21;40;15;40;100;0,33;0,88;0;0,12;55,64;55,64;1,54;1,33
7;StudentAttendanceSystem;pair;406;21;40;37;199;100;0,28;0,16;0,95;0,23;56,64;56,64;2,11;1,61
7;StudentAttendanceSystem;state;407;21;39;8;42;100;0,46;0,42;0;0,05;57,64;57,64;1,14;0,93
7;StudentAttendanceSystem;transition;407;21;39;14;39;100;0,2;0,51;0;0,21;58,64;58,64;1,06;0,92
7;StudentAttendanceSystem;pair;407;21;39;36;191;100;0,34;0,13;0,82;0,16;59,64;59,64;1,92;1,46
7;StudentAttendanceSystem;state;408;18;31;7;37;100;0,26;0,34;0;0,06;59,64;59,64;0,81;0,66
7;StudentAttendanceSystem;transition;408;18;31;11;31;100;0,31;0,61;0;0,07;60,64;60,64;1,16;0,99
7;StudentAttendanceSystem;pair;408;18;31;26;135;100;0,24;0,13;0,59;0,11;61,64;61,64;1,43;1,07
7;StudentAttendanceSystem;state;409;23;43;9;47;100;0,23;0,27;0;0,05;61,64;61,64;0,64;0,55
7;StudentAttendanceSystem;transition;409;23;43;16;42;100;0,24;0,52;0;0,17;62,64;62,64;1,08;0,93
7;StudentAttendanceSystem;pair;409;23;43;38;210;100;0,2;0,14;0,98;0,2;63,64;64,64;2,01;1,52
7;StudentAttendanceSystem;state;410;22;43;8;43;100;0,22;0,25;0;0,04;64,64;64,64;0,6;0,52
7;StudentAttendanceSystem;transition;410;22;43;15;42;100;0,2;0,58;0;0,1;65,64;65,64;1,01;0,88
7;StudentAttendanceSystem;pair;410;22;43;40;228;100;0,22;0,23;1,42;1,22;66,64;66,64;3,7;3,1
7;StudentAttendanceSystem;state;411;17;29;7;37;100;0,32;0,4;0;0,06;67,64;67,64;0,95;0,79
7;StudentAttendanceSystem;transition;411;17;29;9;29;100;0,29;0,62;0;0,09;67,64;67,64;1,17;1
7;StudentAttendanceSystem;pair;411;17;29;28;147;100;0,3;0,15;0,94;0,29;68,64;68,64;2,26;1,67
7;StudentAttendanceSystem;state;412;25;47;10;53;100;0,38;0,42;0;0,09;69,64;69,64;1,05;0,89
7;StudentAttendanceSystem;transition;412;25;47;17;46;100;0,3;0,8;0;0,14;70,64;70,64;1,42;1,24
7;StudentAttendanceSystem;pair;412;25;47;48;258;100;0,35;0,24;1,66;0,38;71,64;71,64;3,41;2,63
7;StudentAttendanceSystem;state;413;23;44;9;49;100;0,35;0,62;0;0,08;72,64;72,64;1,25;1,05
7;StudentAttendanceSystem;transition;413;23;44;15;43;100;0,33;0,77;0;0,18;72,64;73,64;1,48;1,28
7;StudentAttendanceSystem;pair;413;23;44;41;239;100;0,43;0,22;1,52;0,28;74,64;74,64;3,16;2,46
7;StudentAttendanceSystem;state;414;18;31;7;36;100;0,28;0,46;0;0,06;74,64;75,64;0,97;0,79
7;StudentAttendanceSystem;transition;414;18;31;11;30;100;0,23;0,57;0;0,12;75,64;75,64;1,11;0,92
7;StudentAttendanceSystem;pair;414;18;31;26;134;100;0,28;0,16;0,73;0,17;76,64;76,64;1,82;1,34
7;StudentAttendanceSystem;state;415;19;31;7;35;100;0,26;0,39;0;0,06;76,64;77,64;0,86;0,71
7;StudentAttendanceSystem;transition;415;19;31;12;30;100;0,25;0,59;0;0,08;77,64;77,64;1,07;0,92
7;StudentAttendanceSystem;pair;415;19;31;24;116;100;0,4;0,13;0,75;0,15;78,64;78,64;1,93;1,43
7;StudentAttendanceSystem;state;416;17;25;6;31;100;0,21;0,38;0;0,05;78,64;78,64;0,79;0,64
7;StudentAttendanceSystem;transition;416;17;25;8;24;100;0,21;0,45;0;0,08;79,64;79,64;0,91;0,74
7;StudentAttendanceSystem;pair;416;17;25;16;80;100;0,22;0,1;0,48;0,1;80,64;80,64;1,33;0,91
7;StudentAttendanceSystem;state;417;24;50;10;55;100;0,32;0,56;0;0,1;80,64;80,64;1,14;0,98
7;StudentAttendanceSystem;transition;417;24;50;15;50;100;0,41;0,83;0;0,15;81,64;81,64;1,61;1,38
7;StudentAttendanceSystem;pair;417;24;50;48;278;100;0,4;0,28;1,68;0,32;82,64;83,64;3,44;2,68
7;StudentAttendanceSystem;state;418;26;51;10;52;100;0,38;0,51;0;0,09;83,64;83,64;1,24;0,99
7;StudentAttendanceSystem;transition;418;26;51;19;50;100;0,42;1,01;0;0,17;84,64;84,64;1,84;1,61
7;StudentAttendanceSystem;pair;418;26;51;45;257;100;0,34;0,25;1,19;0,3;86,64;86,64;2,69;2,07
7;StudentAttendanceSystem;state;419;23;40;10;56;100;0,26;0,34;0;0,08;86,64;86,64;0,81;0,68
7;StudentAttendanceSystem;transition;419;23;40;12;39;100;0,29;0,52;0;0,1;87,64;87,64;1,1;0,92
7;StudentAttendanceSystem;pair;419;23;40;33;183;100;0,24;1,06;0,78;0,21;88,64;88,64;2,77;2,29
7;StudentAttendanceSystem;state;420;22;40;9;49;100;0,24;0,24;0;0,05;89,64;89,64;0,62;0,53
7;StudentAttendanceSystem;transition;420;22;40;13;39;100;0,19;0,67;0;0,13;90,64;90,64;1,16;0,99
7;StudentAttendanceSystem;pair;420;22;40;37;211;100;0,34;0,13;0,84;0,27;91,64;91,64;2,8;1,58
7;StudentAttendanceSystem;state;421;28;55;11;62;100;0,42;0,74;0;0,12;92,64;92,64;1,64;1,28
7;StudentAttendanceSystem;transition;421;28;55;19;54;100;0,46;1,17;0;0,2;93,64;93,64;2,12;1,84
7;StudentAttendanceSystem;pair;421;28;55;49;279;100;0,38;0,73;2,09;0,38;94,64;95,64;4,92;3,59
7;StudentAttendanceSystem;state;422;26;53;11;61;100;0,44;0,6;0;0,12;95,64;95,64;1,41;1,17
7;StudentAttendanceSystem;transition;422;26;53;17;52;100;0,4;4,41;0;0,18;96,64;96,64;5,28;4,99
7;StudentAttendanceSystem;pair;422;26;53;46;270;100;0,48;0,35;1,85;0,54;98,64;98,64;4,17;3,22
7;StudentAttendanceSystem;state;423;20;37;9;46;100;0,35;0,56;0;0,07;98,64;98,64;1,16;0,98
7;StudentAttendanceSystem;transition;423;20;37;13;37;100;0,36;0,64;0;0,14;99,64;99,64;1,36;1,15
7;StudentAttendanceSystem;pair;423;20;37;31;164;100;0,28;0,22;0,97;0,22;100,64;100,64;2,31;1,69
7;StudentAttendanceSystem;state;424;28;57;13;71;100;0,53;0,61;0;0,12;101,64;101,64;1,51;1,26
7;StudentAttendanceSystem;transition;424;28;57;19;56;100;0,42;1,08;0;0,23;102,64;102,64;1,98;1,73
7;StudentAttendanceSystem;pair;424;28;57;49;291;100;0,43;0,3;2,14;0,45;103,64;104,64;4,21;3,32
7;StudentAttendanceSystem;state;425;18;32;7;37;100;0,29;0,33;0;0,06;104,64;104,64;0,84;0,68
7;StudentAttendanceSystem;transition;425;18;32;10;32;100;0,25;0,58;0;0,09;105,64;105,64;1,13;0,92
7;StudentAttendanceSystem;pair;425;18;32;27;153;100;0,24;0,14;0,74;0,17;106,64;106,64;1,84;1,29
7;StudentAttendanceSystem;state;426;20;35;7;37;100;0,32;0,38;0;0,06;106,64;106,64;0,92;0,77
7;StudentAttendanceSystem;transition;426;20;35;12;34;100;0,32;0,7;0;0,12;107,64;107,64;1,31;1,13
7;StudentAttendanceSystem;pair;426;20;35;34;174;100;0,31;0,15;1,03;0,22;108,64;108,64;2,31;1,72
7;StudentAttendanceSystem;state;427;22;40;9;44;100;0,33;0,39;0;0,09;108,64;109,64;0,97;0,81
7;StudentAttendanceSystem;transition;427;22;40;16;39;100;0,31;0,94;0;0,17;109,64;109,64;1,64;1,42
7;StudentAttendanceSystem;pair;427;22;40;35;178;100;0,33;0,24;1,11;0,26;110,64;111,64;2,64;1,93
7;StudentAttendanceSystem;state;428;23;44;9;50;100;0,33;0,39;0;0,09;111,64;111,64;0,95;0,81
7;StudentAttendanceSystem;transition;428;23;44;15;44;100;0,32;0,91;0;0,14;112,64;112,64;1,57;1,37
7;StudentAttendanceSystem;pair;428;23;44;38;212;100;0,41;0,23;1,27;0,31;113,64;113,64;2,99;2,23
7;StudentAttendanceSystem;state;429;25;46;10;53;100;0,35;0,58;0;0,1;114,64;114,64;1,2;1,03
7;StudentAttendanceSystem;transition;429;25;46;17;45;100;0,34;0,87;0;0,18;114,64;115,64;1,61;1,4
7;StudentAttendanceSystem;pair;429;25;46;35;188;100;0,49;0,19;1,42;0,25;116,64;116,64;3,05;2,35
7;StudentAttendanceSystem;state;430;21;40;8;42;100;0,32;0,57;0;0,07;116,64;116,64;1,12;0,96
7;StudentAttendanceSystem;transition;430;21;40;15;40;100;0,31;0,73;0;0,13;117,64;117,64;1,41;1,17
7;StudentAttendanceSystem;pair;430;21;40;38;202;100;0,29;0,24;1,34;0,28;118,64;118,64;2,78;2,15
7;StudentAttendanceSystem;state;431;28;57;13;72;100;0,42;0,55;0;0,13;119,64;119,64;1,26;1,1
7;StudentAttendanceSystem;transition;431;28;57;18;57;100;0,38;1,2;0;0,17;120,64;120,64;1,99;1,76
7;StudentAttendanceSystem;pair;431;28;57;54;308;100;0,38;0,32;2,23;0,5;121,64;122,64;4,38;3,43
7;StudentAttendanceSystem;state;432;30;61;13;73;100;0,45;0,55;0;0,15;122,64;123,64;1,33;1,15
7;StudentAttendanceSystem;transition;432;30;61;20;60;100;0,54;1,11;0;0,22;123,64;123,64;2,14;1,86
7;StudentAttendanceSystem;pair;432;30;61;58;334;100;0,38;0,34;2,59;0,55;125,64;126,64;4,91;3,86
7;StudentAttendanceSystem;state;433;24;44;9;50;100;0,34;0,62;0;0,08;126,64;126,64;1,21;1,05
7;StudentAttendanceSystem;transition;433;24;44;16;43;100;0,3;0,81;0;0,16;127,64;127,64;1,53;1,27
7;StudentAttendanceSystem;pair;433;24;44;38;200;100;0,33;0,21;1,26;0,26;128,64;128,64;2,76;2,06
7;StudentAttendanceSystem;state;434;19;35;7;36;100;0,28;0,34;0;0,05;129,64;129,64;0,82;0,67
7;StudentAttendanceSystem;transition;434;19;35;11;35;100;0,26;0,54;0;0,09;129,64;129,64;1,2;0,89
7;StudentAttendanceSystem;pair;434;19;35;35;191;100;0,28;0,16;1,19;0,29;130,64;131,64;2,53;1,92
7;StudentAttendanceSystem;state;435;23;43;10;52;100;0,34;0,45;0;0,09;131,64;131,64;1,05;0,87
7;StudentAttendanceSystem;transition;435;23;43;15;42;100;0,31;0,78;0;0,12;132,64;132,64;1,41;1,21
7;StudentAttendanceSystem;pair;435;23;43;39;218;100;0,3;0,19;1,29;0,28;133,64;133,64;2,69;2,06
7;StudentAttendanceSystem;state;436;23;45;11;59;100;0,45;1,1;0;0,1;134,64;134,64;1,82;1,65
7;StudentAttendanceSystem;transition;436;23;45;15;45;100;0,41;0,83;0;0,13;134,64;134,64;1,56;1,37
7;StudentAttendanceSystem;pair;436;23;45;42;234;100;0,31;0,2;1,3;0,31;136,64;136,64;2,76;2,12
7;StudentAttendanceSystem;state;437;28;58;13;70;100;0,4;0,59;0;0,13;137,64;137,64;1,3;1,12
7;StudentAttendanceSystem;transition;437;28;58;20;58;100;0,41;1,04;0;0,25;137,64;138,64;1,95;1,7
7;StudentAttendanceSystem;pair;437;28;58;50;286;100;0,39;0,36;2,06;0,59;139,64;139,64;4,29;3,39
7;StudentAttendanceSystem;state;438;19;29;7;37;100;0,29;0,29;0;0,06;140,64;140,64;0,81;0,64
7;StudentAttendanceSystem;transition;438;19;29;10;28;100;0,25;0,61;0;0,11;140,64;140,64;1,36;0,96
7;StudentAttendanceSystem;pair;438;19;29;18;88;100;0,27;0,11;0,46;0,12;141,64;141,64;1,47;0,97
7;StudentAttendanceSystem;state;439;16;27;6;31;100;0,24;0,3;0;0,05;142,64;142,64;0,73;0,59
7;StudentAttendanceSystem;transition;439;16;27;9;27;100;0,27;0,47;0;0,08;142,64;142,64;1,02;0,83
7;StudentAttendanceSystem;pair;439;16;27;23;121;100;0,24;0,16;0,6;0,16;143,64;143,64;1,81;1,16
7;StudentAttendanceSystem;state;440;17;30;6;30;100;0,23;0,3;0;0,06;143,64;143,64;0,72;0,58
7;StudentAttendanceSystem;transition;440;17;30;10;30;100;0,26;0,49;0;0,09;144,64;144,64;1,02;0,85
7;StudentAttendanceSystem;pair;440;17;30;32;159;100;0,27;0,14;0,83;0,21;145,64;145,64;2,02;1,46
7;StudentAttendanceSystem;state;441;19;31;7;37;100;0,28;0,3;0;0,06;146,64;146,64;0,96;0,63
7;StudentAttendanceSystem;transition;441;19;31;10;30;100;0,29;0,72;0;0,09;146,64;146,64;1,29;1,1
7;StudentAttendanceSystem;pair;441;19;31;24;130;100;0,26;0,14;0,67;0,15;147,64;147,64;1,8;1,22
7;StudentAttendanceSystem;state;442;19;34;8;42;100;0,26;0,33;0;0,07;148,64;148,64;0,93;0,66
7;StudentAttendanceSystem;transition;442;19;34;11;34;100;0,26;0,54;0;0,11;148,64;148,64;1,09;0,91
7;StudentAttendanceSystem;pair;442;19;34;28;146;100;0,26;0,14;0,68;0,17;149,64;149,64;1,75;1,25
7;StudentAttendanceSystem;state;443;26;53;11;61;100;0,42;0,47;0;0,1;150,64;150,64;1,14;0,99
7;StudentAttendanceSystem;transition;443;26;53;17;52;100;0,34;0,92;0;0,17;151,64;151,64;1,63;1,43
7;StudentAttendanceSystem;pair;443;26;53;46;270;100;0,33;0,28;2,03;0,34;152,64;152,64;3,76;2,97
7;StudentAttendanceSystem;state;444;28;58;13;72;100;0,48;0,55;0;0,12;153,64;153,64;1,33;1,14
7;StudentAttendanceSystem;transition;444;28;58;19;58;100;0,38;3,81;0;0,2;154,68;5,68;4,66;4,38
7;StudentAttendanceSystem;pair;444;28;58;57;323;100;0,41;0,35;2,39;0,42;6,68;7,68;4,57;3,58
7;StudentAttendanceSystem;state;445;31;63;14;78;100;0,43;0,58;0;0,14;8,68;8,68;1,34;1,15
7;StudentAttendanceSystem;transition;445;31;63;21;62;100;0,41;1,26;0;0,23;9,68;9,68;2,18;1,9
7;StudentAttendanceSystem;pair;445;31;63;61;347;100;0,43;0,38;2,69;0,5;10,68;11,68;4,95;4
7;StudentAttendanceSystem;state;446;24;43;9;50;100;0,39;0,45;0;0,08;11,68;11,68;1,1;0,93
7;StudentAttendanceSystem;transition;446;24;43;15;42;100;0,36;0,79;0;0,15;12,68;12,68;1,53;1,3
7;StudentAttendanceSystem;pair;446;24;43;36;193;100;0,3;0,19;1,12;0,26;13,68;13,68;2,52;1,86
7;StudentAttendanceSystem;state;447;28;59;13;70;100;0,41;0,49;0;0,11;14,68;14,68;1,19;1,02
7;StudentAttendanceSystem;transition;447;28;59;21;59;100;0,38;1,06;0;0,18;15,68;15,68;1,86;1,62
7;StudentAttendanceSystem;pair;447;28;59;53;301;100;0,4;0,34;2,08;0,49;16,68;17,68;4,14;3,3
7;StudentAttendanceSystem;state;448;19;32;8;38;100;0,3;0,31;0;0,13;17,68;17,68;0,89;0,74
7;StudentAttendanceSystem;transition;448;19;32;12;32;100;0,26;0,55;0;0,13;18,68;18,68;1,12;0,94
7;StudentAttendanceSystem;pair;448;19;32;27;132;100;0,26;0,15;0,81;0,16;19,68;19,68;1,89;1,38
7;StudentAttendanceSystem;state;449;20;32;7;37;100;0,28;0,32;0;0,06;19,68;19,68;0,88;0,67
7;StudentAttendanceSystem;transition;449;20;32;11;31;100;0,29;0,61;0;0,11;20,68;20,68;1,23;1,01
7;StudentAttendanceSystem;pair;449;20;32;28;140;100;0,28;0,14;0,82;0,18;21,68;21,68;1,96;1,41
7;StudentAttendanceSystem;state;450;21;42;9;45;100;0,29;0,41;0;0,07;22,68;22,68;0,92;0,77
7;StudentAttendanceSystem;transition;450;21;42;15;42;100;0,32;0,79;0;0,14;22,68;22,68;1,44;1,25
7;StudentAttendanceSystem;pair;450;21;42;39;219;100;0,3;0,21;1,26;0,28;23,68;24,68;2,76;2,05
7;StudentAttendanceSystem;state;451;27;53;11;59;100;0,45;0,52;0;0,11;24,68;24,68;1,23;1,07
7;StudentAttendanceSystem;transition;451;27;53;19;52;100;0,37;1,05;0;0,17;25,68;25,68;1,8;1,59
7;StudentAttendanceSystem;pair;451;27;53;55;305;100;0,41;0,27;1,98;0,42;27,68;27,68;3,96;3,09
7;StudentAttendanceSystem;state;452;24;43;9;50;100;0,4;0,43;0;0,09;28,68;28,68;1,13;0,92
7;StudentAttendanceSystem;transition;452;24;43;15;42;100;0,3;0,92;0;0,14;28,68;28,68;1,57;1,37
7;StudentAttendanceSystem;pair;452;24;43;34;186;100;0,35;0,19;1,24;0,28;29,68;30,68;2,69;2,05
7;StudentAttendanceSystem;state;453;24;46;10;55;100;0,35;0,47;0;0,09;30,68;30,68;1,07;0,91
7;StudentAttendanceSystem;transition;453;24;46;16;46;100;0,32;0,82;0;0,14;31,68;31,68;1,49;1,29
7;StudentAttendanceSystem;pair;453;24;46;41;225;100;0,33;0,42;1,46;0,31;32,68;32,68;3,21;2,53
7;StudentAttendanceSystem;state;454;21;38;8;42;100;0,34;0,39;0;0,08;33,68;33,68;0,98;0,81
7;StudentAttendanceSystem;transition;454;21;38;13;38;100;0,3;0,67;0;0,14;34,68;34,68;1,32;1,12
7;StudentAttendanceSystem;pair;454;21;38;32;176;100;0,36;0,19;1,05;0,29;35,68;35,68;2,52;1,89
7;StudentAttendanceSystem;state;455;21;40;8;43;100;0,34;0,35;0;0,09;35,68;35,68;0,93;0,78
7;StudentAttendanceSystem;transition;455;21;40;14;40;100;0,32;0,71;0;0,15;36,68;36,68;1,36;1,18
7;StudentAttendanceSystem;pair;455;21;40;41;221;100;0,3;0,18;1,24;0,26;37,68;37,68;2,61;1,98
7;StudentAttendanceSystem;state;456;16;27;6;27;100;0,29;0,27;0;0,05;38,68;38,68;0,75;0,61
7;StudentAttendanceSystem;transition;456;16;27;10;27;100;0,23;0,45;0;0,07;38,68;38,68;0,91;0,74
7;StudentAttendanceSystem;pair;456;16;27;25;114;100;0,24;0,12;0,59;0,14;39,68;39,68;1,51;1,09
7;StudentAttendanceSystem;state;457;21;39;9;50;100;0,29;0,38;0;0,08;40,68;40,68;0,89;0,75
7;StudentAttendanceSystem;transition;457;21;39;12;39;100;0,31;0,69;0;0,1;40,68;40,68;1,28;1,1
7;StudentAttendanceSystem;pair;457;21;39;33;187;100;0,34;0,24;1,08;0,29;41,68;42,68;2,67;1,95
7;StudentAttendanceSystem;state;458;23;45;9;48;100;0,35;0,4;0;0,08;42,68;42,68;0,98;0,83
7;StudentAttendanceSystem;transition;458;23;45;16;44;100;0,32;0,81;0;0,16;43,68;43,68;1,5;1,28
7;StudentAttendanceSystem;pair;458;23;45;43;241;100;0,43;0,27;1,43;0,31;44,68;44,68;3,09;2,44
7;StudentAttendanceSystem;state;459;26;53;11;59;100;0,41;0,48;0;0,1;45,68;45,68;1,15;0,99
7;StudentAttendanceSystem;transition;459;26;53;19;53;100;0,38;0,95;0;0,18;46,68;46,68;1,75;1,52
7;StudentAttendanceSystem;pair;459;26;53;48;272;100;0,35;0,29;1,86;0,46;47,68;48,68;3,72;2,96
7;StudentAttendanceSystem;state;460;20;37;8;43;100;0,31;0,37;0;0,08;48,68;48,68;0,91;0,76
7;StudentAttendanceSystem;transition;460;20;37;13;37;100;0,35;0,75;0;0,12;49,68;49,68;1,41;1,22
7;StudentAttendanceSystem;pair;460;20;37;32;178;100;0,31;0,18;1,21;0,21;50,68;50,68;2,5;1,91
7;StudentAttendanceSystem;state;461;26;50;10;56;100;0,34;0,48;0;0,1;51,68;51,68;1,12;0,93
7;StudentAttendanceSystem;transition;461;26;50;18;49;100;0,35;1,05;0;0,19;51,68;51,68;1,8;1,59
7;StudentAttendanceSystem;pair;461;26;50;45;247;100;0,39;0,24;1,6;0,33;53,68;53,68;3,31;2,55
7;StudentAttendanceSystem;state;462;22;39;9;49;100;0,34;0,4;0;0,08;54,68;54,68;0,95;0,82
7;StudentAttendanceSystem;transition;462;22;39;13;38;100;0,32;0,66;0;0,12;54,68;54,68;1,28;1,1
7;StudentAttendanceSystem;pair;462;22;39;33;179;100;0,4;0,17;0,99;0,26;55,68;56,68;2,4;1,81
7;StudentAttendanceSystem;state;463;24;48;11;62;100;0,34;0,44;0;0,1;56,68;56,68;1,04;0,88
7;StudentAttendanceSystem;transition;463;24;48;14;48;100;0,36;0,84;0;0,15;57,68;57,68;1,56;1,36
7;StudentAttendanceSystem;pair;463;24;48;39;239;100;0,34;0,27;1,37;0,32;58,68;58,68;3,02;2,3
7;StudentAttendanceSystem;state;464;18;29;7;35;100;0,3;0,3;0;0,06;59,68;59,68;0,8;0,65
7;StudentAttendanceSystem;transition;464;18;29;10;29;100;0,24;0,55;0;0,1;59,68;59,68;1,09;0,9
7;StudentAttendanceSystem;pair;464;18;29;27;129;100;0,26;0,2;0,67;0,14;60,68;60,68;1,71;1,27
7;StudentAttendanceSystem;state;465;20;37;8;40;100;0,31;0,32;0;0,06;61,68;61,68;0,82;0,69
7;StudentAttendanceSystem;transition;465;20;37;14;37;100;0,29;0,64;0;0,11;61,68;61,68;1,22;1,04
7;StudentAttendanceSystem;pair;465;20;37;36;184;100;0,3;0,2;0,98;0,27;62,68;63,68;2,31;1,75
7;StudentAttendanceSystem;state;466;16;26;6;31;100;0,27;0,31;0;0,05;63,68;63,68;0,77;0,63
7;StudentAttendanceSystem;transition;466;16;26;8;26;100;0,28;0,47;0;0,07;64,68;64,68;0,98;0,81
7;StudentAttendanceSystem;pair;466;16;26;20;106;100;0,29;0,12;0,54;0,13;64,68;64,68;1,53;1,08
7;StudentAttendanceSystem;state;467;28;58;13;70;100;0,42;0,51;0;0,14;65,68;65,68;1,24;1,07
7;StudentAttendanceSystem;transition;467;28;58;20;58;100;0,39;1,07;0;0,17;66,68;66,68;1,86;1,63
7;StudentAttendanceSystem;pair;467;28;58;50;290;100;0,38;0,34;2,05;0,35;67,68;68,68;3,99;3,12
7;StudentAttendanceSystem;state;468;24;46;10;56;100;0,36;0,41;0;0,09;68,68;68,68;1,02;0,86
7;StudentAttendanceSystem;transition;468;24;46;15;45;100;0,33;0,82;0;0,16;69,68;69,68;1,52;1,32
7;StudentAttendanceSystem;pair;468;24;46;45;261;100;0,32;0,25;1,55;0,32;70,68;71,68;3,2;2,44
7;StudentAttendanceSystem;state;469;21;35;8;43;100;0,31;0,34;0;0,07;71,68;71,68;0,88;0,73
7;StudentAttendanceSystem;transition;469;21;35;12;34;100;0,35;0,69;0;0,12;72,68;72,68;1,34;1,16
7;StudentAttendanceSystem;pair;469;21;35;25;137;100;0,3;0,16;0,81;0,16;73,68;73,68;2;1,42
7;StudentAttendanceSystem;state;470;26;53;13;71;100;0,53;0,52;0;0,1;74,68;74,68;1,37;1,15
7;StudentAttendanceSystem;transition;470;26;53;16;53;100;0,35;0,9;0;0,15;74,68;74,68;1,64;1,4
7;StudentAttendanceSystem;pair;470;26;53;47;277;100;0,43;0,29;1,79;0,39;76,68;76,68;3,75;2,91
7;StudentAttendanceSystem;state;471;26;47;11;60;100;0,37;0,46;0;0,1;77,68;77,68;1,2;0,94
7;StudentAttendanceSystem;transition;471;26;47;16;46;100;0,37;0,81;0;0,17;77,68;78,68;1,56;1,35
7;StudentAttendanceSystem;pair;471;26;47;43;229;100;0,33;0,26;1,49;0,29;79,68;79,68;3,07;2,37
7;StudentAttendanceSystem;state;472;29;57;12;67;100;0,41;0,54;0;0,12;80,68;80,68;1,27;1,07
7;StudentAttendanceSystem;transition;472;29;57;20;56;100;0,44;1,17;0;0,24;80,68;81,68;2,08;1,85
7;StudentAttendanceSystem;pair;472;29;57;52;296;100;0,39;0,28;2,45;0,41;82,68;82,68;4,47;3,53
7;StudentAttendanceSystem;state;473;22;38;9;50;100;0,34;0,42;0;0,11;83,68;83,68;1,05;0,88
7;StudentAttendanceSystem;transition;473;22;38;12;37;100;0,31;1,11;0;0,12;84,68;84,68;1,75;1,54
7;StudentAttendanceSystem;pair;473;22;38;29;161;100;0,29;0,16;0,9;0,26;85,68;85,68;2,31;1,6
7;StudentAttendanceSystem;state;474;22;39;9;49;100;0,32;0,41;0;0,09;85,68;85,68;1,03;0,82
7;StudentAttendanceSystem;transition;474;22;39;13;38;100;0,31;0,73;0;0,12;86,68;86,68;1,35;1,17
7;StudentAttendanceSystem;pair;474;22;39;34;183;100;0,31;0,19;0,98;0,22;87,68;87,68;2,28;1,69
7;StudentAttendanceSystem;state;475;24;45;10;54;100;0,38;0,41;0;0,08;88,68;88,68;1,02;0,87
7;StudentAttendanceSystem;transition;475;24;45;15;44;100;0,36;0,79;0;0,15;88,68;89,68;1,54;1,31
7;StudentAttendanceSystem;pair;475;24;45;39;217;100;0,29;0,21;1,25;0,33;90,68;90,68;2,73;2,09
7;StudentAttendanceSystem;state;476;23;44;10;52;100;0,34;0,38;0;0,08;91,68;91,68;0,99;0,8
7;StudentAttendanceSystem;transition;476;23;44;16;44;100;0,31;0,75;0;0,13;91,68;91,68;1,38;1,19
7;StudentAttendanceSystem;pair;476;23;44;42;218;100;0,35;0,21;1,41;0,27;92,68;93,68;3;2,24
7;StudentAttendanceSystem;state;477;19;34;7;36;100;0,29;0,33;0;0,06;93,68;93,68;0,83;0,68
7;StudentAttendanceSystem;transition;477;19;34;13;34;100;0,31;0,66;0;0,11;94,68;94,68;1,25;1,08
7;StudentAttendanceSystem;pair;477;19;34;32;159;100;0,28;0,16;0,85;0,19;95,68;95,68;2;1,48
7;StudentAttendanceSystem;state;478;30;60;13;72;100;0,41;0,71;0;0,13;96,68;96,68;1,43;1,26
7;StudentAttendanceSystem;transition;478;30;60;21;59;100;0,52;1,14;0;0,22;96,68;97,68;2,14;1,89
7;StudentAttendanceSystem;pair;478;30;60;61;339;100;0,4;0,31;2,51;0,52;98,68;99,68;4,69;3,74
7;StudentAttendanceSystem;state;479;20;34;8;43;100;0,32;0,35;0;0,08;99,68;99,68;0,92;0,74
7;StudentAttendanceSystem;transition;479;20;34;11;33;100;0,28;0,64;0;0,12;100,68;100,68;1,22;1,04
7;StudentAttendanceSystem;pair;479;20;34;30;161;100;0,28;0,16;0,9;0,2;101,68;101,68;2,08;1,54
7;StudentAttendanceSystem;state;480;32;64;15;81;100;0,8;0,57;0;0,16;101,68;102,68;1,69;1,53
7;StudentAttendanceSystem;transition;480;32;64;21;63;100;0,36;1,13;0;0,22;102,68;103,68;2,05;1,7
7;StudentAttendanceSystem;pair;480;32;64;56;325;100;0,39;0,33;2,4;0,47;104,68;105,68;4,55;3,59
7;StudentAttendanceSystem;state;481;24;44;9;49;100;0,39;0,46;0;0,09;105,68;105,68;1,1;0,94
7;StudentAttendanceSystem;transition;481;24;44;15;43;100;0,36;0,88;0;0,16;106,68;106,68;1,59;1,4
7;StudentAttendanceSystem;pair;481;24;44;42;230;100;0,32;0,22;1,39;0,28;107,68;107,68;2,9;2,21
7;StudentAttendanceSystem;state;482;21;39;8;42;100;0,36;0,42;0;0,07;108,68;108,68;1,01;0,85
7;StudentAttendanceSystem;transition;482;21;39;14;39;100;0,33;0,71;0;0,14;108,68;109,68;1,38;1,18
7;StudentAttendanceSystem;pair;482;21;39;35;187;100;0,32;0,19;1,04;0,28;109,68;110,68;2,42;1,83
7;StudentAttendanceSystem;state;483;26;54;13;71;100;0,37;0,47;0;0,11;110,68;110,68;1,11;0,96
7;StudentAttendanceSystem;transition;483;26;54;17;54;100;0,38;0,98;0;0,16;111,68;111,68;1,74;1,52
7;StudentAttendanceSystem;pair;483;26;54;50;292;100;0,37;0,28;2,02;0,38;113,68;113,68;3,95;3,05
7;StudentAttendanceSystem;state;484;24;47;10;51;100;0,81;0,51;0;0,09;114,68;114,68;1,65;1,41
7;StudentAttendanceSystem;transition;484;24;47;17;46;100;0,43;1,3;0;0,16;114,68;114,68;2,09;1,88
7;StudentAttendanceSystem;pair;484;24;47;40;229;100;0,89;0,26;1,62;0,38;116,68;116,68;4,13;3,15
7;StudentAttendanceSystem;state;485;20;36;8;39;100;0,3;0,33;0;0,07;116,68;116,68;0,84;0,71
7;StudentAttendanceSystem;transition;485;20;36;14;36;100;0,29;0,68;0;0,12;117,68;117,68;1,35;1,09
7;StudentAttendanceSystem;pair;485;20;36;29;150;100;0,28;0,19;0,85;0,17;118,68;118,68;1,96;1,49
7;StudentAttendanceSystem;state;486;17;29;7;37;100;0,19;0,27;0;0,06;119,68;119,68;0,62;0,51
7;StudentAttendanceSystem;transition;486;17;29;9;29;100;0,26;0,44;0;0,05;119,68;119,68;0,89;0,75
7;StudentAttendanceSystem;pair;486;17;29;26;140;100;0,17;0,11;0,5;0,11;120,68;120,68;1,21;0,89
7;StudentAttendanceSystem;state;487;25;50;10;56;100;0,23;0,29;0;0,05;121,68;121,68;0,65;0,58
7;StudentAttendanceSystem;transition;487;25;50;17;50;100;0,22;0,75;0;0,19;121,68;122,68;1,33;1,16
7;StudentAttendanceSystem;pair;487;25;50;45;259;100;0,34;0,27;1,7;0,4;123,68;123,68;3,44;2,71
7;StudentAttendanceSystem;state;488;25;49;10;52;100;0,42;0,49;0;0,1;124,68;124,68;1,16;1,01
7;StudentAttendanceSystem;transition;488;25;49;17;48;100;0,39;0,94;0;0,19;124,68;125,68;1,72;1,52
7;StudentAttendanceSystem;pair;488;25;49;47;257;100;0,33;0,26;1,93;0,36;126,68;126,68;3,55;2,87
7;StudentAttendanceSystem;state;489;25;50;12;68;100;0,37;0,47;0;0,1;127,68;127,68;1,07;0,94
7;StudentAttendanceSystem;transition;489;25;50;14;50;100;0,36;0,7;0;0,1;127,68;128,68;1,31;1,16
7;StudentAttendanceSystem;pair;489;25;50;44;264;100;0,23;0,19;1,29;0,4;129,68;129,68;2,73;2,12
7;StudentAttendanceSystem;state;490;26;50;12;63;100;0,25;0,3;0;0,06;130,68;130,68;0,7;0,61
7;StudentAttendanceSystem;transition;490;26;50;17;50;100;0,22;0,65;0;0,17;131,68;131,68;1,21;1,04
7;StudentAttendanceSystem;pair;490;26;50;46;252;100;0,33;0,17;1,03;0,2;132,68;132,68;2,25;1,73
7;StudentAttendanceSystem;state;491;16;25;6;30;100;0,22;0,18;0;0,03;133,68;133,68;0,49;0,42
7;StudentAttendanceSystem;transition;491;16;25;9;24;100;0,13;0,29;0;0,2;133,68;133,68;0,71;0,62
7;StudentAttendanceSystem;pair;491;16;25;19;87;100;0,16;0,11;0,35;0,07;134,68;134,68;1,05;0,69
7;StudentAttendanceSystem;state;492;23;44;9;45;100;0,27;0,35;0;0,09;134,68;135,68;0,83;0,71
7;StudentAttendanceSystem;transition;492;23;44;16;43;100;0,32;0,49;0;0,13;135,68;135,68;1,08;0,94
7;StudentAttendanceSystem;pair;492;23;44;44;236;100;0,28;0,16;1,25;0,36;136,68;137,68;2,74;2,05
7;StudentAttendanceSystem;state;493;21;38;8;43;100;0,24;0,33;0;0,07;137,68;137,68;0,76;0,64
7;StudentAttendanceSystem;transition;493;21;38;13;37;100;0,28;0,74;0;0,14;138,68;138,68;1,52;1,17
7;StudentAttendanceSystem;pair;493;21;38;34;192;100;0,25;0,12;0,84;0,16;139,68;139,68;1,81;1,37
7;StudentAttendanceSystem;state;494;25;46;10;55;100;0,24;0,31;0;0,06;140,68;140,68;0,7;0,62
7;StudentAttendanceSystem;transition;494;25;46;16;45;100;0,22;0,61;0;0,12;140,68;141,68;1,08;0,95
7;StudentAttendanceSystem;pair;494;25;46;44;232;100;0,21;0,16;1,03;0,19;142,68;142,68;2,03;1,59
7;StudentAttendanceSystem;state;495;21;40;8;42;100;0,2;0,28;0;0,05;143,68;143,68;0,62;0,53
7;StudentAttendanceSystem;transition;495;21;40;15;40;100;0,18;0,55;0;0,12;143,68;143,68;0,99;0,84
7;StudentAttendanceSystem;pair;495;21;40;38;202;100;0,19;0,14;0,9;0,17;144,68;145,68;1,83;1,4
7;StudentAttendanceSystem;state;496;24;45;9;48;100;0,31;0,44;0;0,09;145,68;145,68;0,97;0,84
7;StudentAttendanceSystem;transition;496;24;45;17;44;100;0,34;0,93;0;0,18;146,68;146,68;1,63;1,44
7;StudentAttendanceSystem;pair;496;24;45;41;223;100;0,37;0,23;1,39;0,34;147,68;147,68;3,01;2,34
7;StudentAttendanceSystem;state;497;22;38;8;42;100;0,35;0,43;0;0,08;148,68;148,68;1,01;0,86
7;StudentAttendanceSystem;transition;497;22;38;14;37;100;0,3;0,47;0;0,14;148,68;149,68;1,05;0,91
7;StudentAttendanceSystem;pair;497;22;38;31;161;100;0,22;0,18;0,74;0,21;149,68;150,68;1,93;1,35
7;StudentAttendanceSystem;state;498;27;55;11;61;100;0,42;0,5;0;0,11;150,68;150,68;1,17;1,02
7;StudentAttendanceSystem;transition;498;27;55;17;54;100;0,38;0,69;0;0,17;151,68;151,68;1,42;1,24
7;StudentAttendanceSystem;pair;498;27;55;52;302;100;0,38;0,29;1,37;0,36;153,68;153,68;3,12;2,41
7;StudentAttendanceSystem;state;499;20;33;7;37;100;0,21;0,25;0;2,33;153,68;154,68;2,93;2,79
7;StudentAttendanceSystem;transition;499;20;33;12;32;100;0,36;0,64;0;0,12;5,64;5,64;1,31;1,12
7;StudentAttendanceSystem;pair;499;20;33;32;155;100;0,26;0,1;0,64;0,12;6,64;6,64;1,48;1,13
7;StudentAttendanceSystem;state;500;22;41;9;45;100;0,19;0,26;0;0,05;7,64;7,64;0,58;0,5
7;StudentAttendanceSystem;transition;500;22;41;15;41;100;0,21;0,46;0;0,1;7,64;7,64;0,91;0,77
7;StudentAttendanceSystem;pair;500;22;41;33;182;100;0,2;0,13;0,72;0,15;8,64;9,64;1,63;1,2
7;StudentAttendanceSystem;state;501;19;33;7;36;100;0,21;0,26;0;0,06;9,64;9,64;0,62;0,53
7;StudentAttendanceSystem;transition;501;19;33;12;33;100;0,24;0,54;0;0,09;10,64;10,64;1,04;0,87
7;StudentAttendanceSystem;pair;501;19;33;28;140;100;0,23;0,1;0,5;0,15;11,64;11,64;1,4;0,99
7;StudentAttendanceSystem;state;502;19;32;7;36;100;0,17;0,24;0;0,04;11,64;11,64;0,53;0,45
7;StudentAttendanceSystem;transition;502;19;32;11;31;100;0,17;0,4;0;0,06;12,64;12,64;0,76;0,64
7;StudentAttendanceSystem;pair;502;19;32;26;136;100;0,19;0,1;0,49;0,11;13,64;13,64;1,31;0,89
7;StudentAttendanceSystem;state;503;20;39;8;42;100;0,19;0,23;0;0,04;13,64;13,64;0,55;0,47
7;StudentAttendanceSystem;transition;503;20;39;13;39;100;0,22;0,4;0;0,07;14,64;14,64;0,81;0,69
7;StudentAttendanceSystem;pair;503;20;39;36;206;100;0,19;0,17;0,97;0,17;15,64;15,64;1,89;1,5
7;StudentAttendanceSystem;state;504;17;32;7;35;100;0,25;0,21;0;0,03;16,64;16,64;0,58;0,49
7;StudentAttendanceSystem;transition;504;17;32;11;32;100;0,17;0,4;0;0,08;16,64;16,64;0,77;0,65
7;StudentAttendanceSystem;pair;504;17;32;29;157;100;0,24;0,14;0,53;0,13;17,64;17,64;1,43;1,05
7;StudentAttendanceSystem;state;505;18;29;6;31;100;0,24;0,2;0;0,03;18,64;18,64;0,55;0,47
7;StudentAttendanceSystem;transition;505;18;29;10;28;100;0,16;0,46;0;0,07;18,64;18,64;0,84;0,69
7;StudentAttendanceSystem;pair;505;18;29;29;136;100;0,17;0,09;0,6;0,15;19,64;19,64;1,37;1
7;StudentAttendanceSystem;state;506;25;46;10;55;100;0,32;0,43;0;0,09;20,64;20,64;0,98;0,84
7;StudentAttendanceSystem;transition;506;25;46;17;45;100;0,29;0,67;0;0,11;21,64;21,64;1,2;1,06
7;StudentAttendanceSystem;pair;506;25;46;40;208;100;0,3;0,32;0,95;0,23;22,64;22,64;2,38;1,8
7;StudentAttendanceSystem;state;507;22;40;9;47;100;0,23;0,25;0;0,05;23,64;23,64;0,6;0,53
7;StudentAttendanceSystem;transition;507;22;40;13;40;100;0,21;0,44;0;0,08;23,64;23,64;0,85;0,73
7;StudentAttendanceSystem;pair;507;22;40;38;208;100;0,21;0,13;0,85;0,17;24,64;25,64;1,75;1,36
7;StudentAttendanceSystem;state;508;16;26;6;31;100;0,17;0,2;0;0,03;25,64;25,64;0,49;0,41
7;StudentAttendanceSystem;transition;508;16;26;8;26;100;0,15;0,37;0;0,05;26,64;26,64;0,68;0,57
7;StudentAttendanceSystem;pair;508;16;26;20;106;100;0,17;0,09;0,37;0,09;26,64;26,64;0,99;0,71
7;StudentAttendanceSystem;state;509;20;33;8;40;100;0,17;0,2;0;0,05;27,64;27,64;0,49;0,42
7;StudentAttendanceSystem;transition;509;20;33;13;32;100;0,16;0,4;0;0,1;27,64;28,64;0,81;0,65
7;StudentAttendanceSystem;pair;509;20;33;23;111;100;0,17;0,1;0,43;0,15;28,64;28,64;1,28;0,85
7;StudentAttendanceSystem;state;510;22;39;9;50;100;0,21;0,26;0;0,09;29,64;29,64;0,74;0,57
7;StudentAttendanceSystem;transition;510;22;39;12;39;100;0,24;0,45;0;0,07;30,64;30,64;0,88;0,77
7;StudentAttendanceSystem;pair;510;22;39;34;182;100;0,19;0,14;0,72;0,15;31,64;31,64;1,59;1,2
7;StudentAttendanceSystem;state;511;30;61;13;71;100;0,26;0,37;0;0,09;31,64;32,64;0,81;0,72
7;StudentAttendanceSystem;transition;511;30;61;21;60;100;0,24;0,74;0;0,15;32,64;33,64;1,27;1,13
7;StudentAttendanceSystem;pair;511;30;61;51;297;100;0,29;0,3;1,75;0,39;34,64;34,64;3,46;2,73
7;StudentAttendanceSystem;state;512;23;42;9;45;100;0,31;0,37;0;0,07;35,64;35,64;0,88;0,75
7;StudentAttendanceSystem;transition;512;23;42;17;41;100;0,3;0,82;0;0,14;36,64;36,64;1,45;1,25
7;StudentAttendanceSystem;pair;512;23;42;36;184;100;0,28;0,21;1,08;0,27;37,64;37,64;2,6;1,84
7;StudentAttendanceSystem;state;513;19;34;7;36;100;0,25;0,21;0;0,04;37,64;37,64;0,58;0,5
7;StudentAttendanceSystem;transition;513;19;34;13;34;100;0,28;0,64;0;0,11;38,64;38,64;1,2;1,02
7;StudentAttendanceSystem;pair;513;19;34;32;159;100;0,21;0,12;0,62;0,12;39,64;39,64;1,41;1,07
7;StudentAttendanceSystem;state;514;25;48;11;57;100;0,23;0,28;0;0,06;40,64;40,64;0,64;0,56
7;StudentAttendanceSystem;transition;514;25;48;17;47;100;0,21;0,57;0;0,12;40,64;41,64;1,02;0,9
7;StudentAttendanceSystem;pair;514;25;48;40;222;100;0,21;0,17;1,06;0,2;42,64;42,64;2,09;1,64
7;StudentAttendanceSystem;state;515;19;32;7;37;100;0,19;0,23;0;0,04;42,64;43,64;0,54;0,46
7;StudentAttendanceSystem;transition;515;19;32;10;32;100;0,19;0,42;0;0,08;43,64;43,64;0,82;0,69
7;StudentAttendanceSystem;pair;515;19;32;28;148;100;0,27;0,14;0,65;0,17;44,64;44,64;1,72;1,23
7;StudentAttendanceSystem;state;516;22;38;9;46;100;0,29;0,33;0;0,07;45,64;45,64;0,81;0,7
7;StudentAttendanceSystem;transition;516;22;38;14;37;100;0,26;0,69;0;0,1;45,64;45,64;1,27;1,06
7;StudentAttendanceSystem;pair;516;22;38;28;149;100;0,21;0,12;0,59;0,13;46,64;46,64;1,4;1,04
7;StudentAttendanceSystem;state;517;24;49;11;62;100;0,29;0,32;0;0,07;47,64;47,64;0,77;0,68
7;StudentAttendanceSystem;transition;517;24;49;15;49;100;0,23;0,55;0;0,1;48,64;48,64;0,99;0,88
7;StudentAttendanceSystem;pair;517;24;49;43;257;100;0,26;0,17;1,11;0,25;49,64;49,64;2,23;1,79
7;StudentAttendanceSystem;state;518;25;53;12;63;100;0,25;0,29;0;0,06;50,64;50,64;0,68;0,6
7;StudentAttendanceSystem;transition;518;25;53;18;53;100;0,27;0,65;0;0,15;51,64;51,64;1,27;1,08
7;StudentAttendanceSystem;pair;518;25;53;47;269;100;0,3;0,25;1,29;0,26;52,64;53,64;2,65;2,1
7;StudentAttendanceSystem;state;519;19;33;7;37;100;0,19;0,25;0;0,04;53,64;53,64;0,61;0,48
7;StudentAttendanceSystem;transition;519;19;33;12;32;100;0,19;0,56;0;0,07;54,64;54,64;0,96;0,82
7;StudentAttendanceSystem;pair;519;19;33;30;151;100;0,22;0,1;0,51;0,12;55,64;55,64;1,28;0,96
7;StudentAttendanceSystem;state;520;27;56;12;67;100;0,24;0,34;0;0,07;55,64;55,64;0,74;0,65
7;StudentAttendanceSystem;transition;520;27;56;18;56;100;0,39;0,93;0;0,15;56,64;56,64;1,61;1,47
7;StudentAttendanceSystem;pair;520;27;56;54;310;100;0,34;0,25;1,56;0,28;58,64;58,64;3,01;2,43
7;StudentAttendanceSystem;state;521;20;33;8;43;100;0,24;0,35;0;0,08;59,64;59,64;0,8;0,67
7;StudentAttendanceSystem;transition;521;20;33;10;32;100;0,28;0,56;0;0,09;59,64;59,64;1,06;0,92
7;StudentAttendanceSystem;pair;521;20;33;29;156;100;0,25;0,1;0,57;0,12;60,64;60,64;1,46;1,05
7;StudentAttendanceSystem;state;522;16;28;6;30;100;0,18;0,17;0;0,03;61,64;61,64;0,46;0,38
7;StudentAttendanceSystem;transition;522;16;28;10;28;100;0,17;0,46;0;0,09;61,64;61,64;0,85;0,72
7;StudentAttendanceSystem;pair;522;16;28;26;127;100;0,24;0,13;0,46;0,1;62,64;62,64;1,3;0,92
7;StudentAttendanceSystem;state;523;26;53;11;61;100;0,27;0,31;0;0,06;63,64;63,64;0,74;0,64
7;StudentAttendanceSystem;transition;523;26;53;18;53;100;0,32;0,81;0;0,11;64,64;64,64;1,38;1,23
7;StudentAttendanceSystem;pair;523;26;53;54;302;100;0,26;0,19;1,22;0,28;65,64;66,64;2,48;1,94
7;StudentAttendanceSystem;state;524;26;52;11;60;100;0,23;0,28;0;0,09;66,64;66,64;0,68;0,61
7;StudentAttendanceSystem;transition;524;26;52;18;51;100;0,25;0,62;0;0,12;67,64;67,64;1,1;0,98
7;StudentAttendanceSystem;pair;524;26;52;49;275;100;0,22;0,2;1,6;0,43;68,64;69,64;3,12;2,45
7;StudentAttendanceSystem;state;525;24;45;10;55;100;0,26;0,38;0;0,06;69,64;69,64;0,79;0,69
7;StudentAttendanceSystem;transition;525;24;45;15;45;100;0,24;0,51;0;0,1;70,64;70,64;0,96;0,84
7;StudentAttendanceSystem;pair;525;24;45;37;205;100;0,21;0,16;0,76;0,17;71,64;71,64;1,74;1,31
7;StudentAttendanceSystem;state;526;19;34;7;37;100;0,19;0,24;0;0,07;72,64;72,64;0,59;0,5
7;StudentAttendanceSystem;transition;526;19;34;12;34;100;0,2;0,41;0;0,07;72,64;73,64;0,79;0,68
7;StudentAttendanceSystem;pair;526;19;34;33;171;100;0,17;0,15;0,69;0,19;73,64;74,64;1,68;1,2
7;StudentAttendanceSystem;state;527;21;38;8;42;100;0,19;0,29;0;0,05;74,64;74,64;0,61;0,53
7;StudentAttendanceSystem;transition;527;21;38;13;37;100;0,18;0,44;0;0,08;75,64;75,64;0,79;0,7
7;StudentAttendanceSystem;pair;527;21;38;33;183;100;0,2;0,12;0,8;0,19;76,64;76,64;1,73;1,31
7;StudentAttendanceSystem;state;528;23;43;9;50;100;0,3;0,37;0;0,08;77,64;77,64;0,89;0,75
7;StudentAttendanceSystem;transition;528;23;43;14;43;100;0,31;0,71;0;0,11;77,64;77,64;1,27;1,12
7;StudentAttendanceSystem;pair;528;23;43;35;197;100;0,24;0,15;1,03;0,25;78,64;79,64;2,23;1,67
7;StudentAttendanceSystem;state;529;24;45;10;55;100;0,28;0,3;0;0,06;79,64;79,64;0,73;0,64
7;StudentAttendanceSystem;transition;529;24;45;15;45;100;0,31;0,62;0;0,15;80,64;80,64;1,29;1,07
7;StudentAttendanceSystem;pair;529;24;45;38;210;100;0,28;0,21;0,93;0,19;81,64;81,64;2,17;1,6
7;StudentAttendanceSystem;state;530;25;45;10;55;100;0,36;0,41;0;0,12;82,64;82,64;1,05;0,89
7;StudentAttendanceSystem;transition;530;25;45;16;44;100;0,33;0,68;0;0,11;83,64;83,64;1,3;1,13
7;StudentAttendanceSystem;pair;530;25;45;37;195;100;0,28;0,16;0,95;0,24;84,64;84,64;2,09;1,63
7;StudentAttendanceSystem;state;531;28;55;11;62;100;0,26;0,35;0;0,12;85,64;85,64;0,85;0,73
7;StudentAttendanceSystem;transition;531;28;55;19;54;100;0,29;0,79;0;0,19;85,64;86,64;1,45;1,27
7;StudentAttendanceSystem;pair;531;28;55;49;283;100;0,31;0,25;1,35;0,32;87,64;87,64;2,86;2,23
7;StudentAttendanceSystem;state;532;19;33;7;36;100;0,21;0,21;0;0,04;88,64;88,64;0,55;0,46
7;StudentAttendanceSystem;transition;532;19;33;12;32;100;0,17;0,45;0;0,08;88,64;88,64;0,84;0,71
7;StudentAttendanceSystem;pair;532;19;33;29;147;100;0,24;0,13;0,7;0,12;89,64;89,64;1,68;1,19
7;StudentAttendanceSystem;state;533;31;63;14;76;100;0,38;0,38;0;0,09;90,64;90,64;0,99;0,85
7;StudentAttendanceSystem;transition;533;31;63;22;62;100;0,29;0,81;0;0,18;91,64;91,64;1,51;1,28
7;StudentAttendanceSystem;pair;533;31;63;53;308;100;0,31;0,29;1,54;0,27;93,64;93,64;3,03;2,41
7;StudentAttendanceSystem;state;534;22;43;10;53;100;0,23;0,25;0;0,05;94,64;94,64;0,63;0,54
7;StudentAttendanceSystem;transition;534;22;43;15;43;100;0,21;0,52;0;0,09;94,64;94,64;0,99;0,82
7;StudentAttendanceSystem;pair;534;22;43;38;212;100;0,22;0,14;0,9;0,23;95,64;96,64;1,98;1,49
7;StudentAttendanceSystem;state;535;24;48;10;53;100;0,28;0,29;0;0,09;96,64;96,64;0,78;0,66
7;StudentAttendanceSystem;transition;535;24;48;17;48;100;0,32;0,7;0;0,1;97,64;97,64;1,25;1,12
7;StudentAttendanceSystem;pair;535;24;48;51;281;100;0,24;0,19;1,22;0,27;98,64;99,64;2,42;1,91
7;StudentAttendanceSystem;state;536;27;55;12;67;100;0,32;0,47;0;0,08;99,64;99,64;1;0,87
7;StudentAttendanceSystem;transition;536;27;55;18;55;100;0,42;0,9;0;0,14;100,64;100,64;1,66;1,46
7;StudentAttendanceSystem;pair;536;27;55;48;280;100;0,32;0,23;1,55;0,37;102,64;102,64;3,12;2,47
7;StudentAttendanceSystem;state;537;18;29;7;35;100;0,28;0,21;0;0,03;103,64;103,64;0,61;0,53
7;StudentAttendanceSystem;transition;537;18;29;10;29;100;0,16;0,35;0;0,05;103,64;103,64;0,65;0,56
7;StudentAttendanceSystem;pair;537;18;29;26;126;100;0,2;0,13;0,5;0,14;104,64;104,64;1,29;0,97
7;StudentAttendanceSystem;state;538;19;34;8;43;100;0,23;0,23;0;0,05;104,64;105,64;0,58;0,51
7;StudentAttendanceSystem;transition;538;19;34;10;34;100;0,17;0,39;0;0,06;105,64;105,64;0,71;0,62
7;StudentAttendanceSystem;pair;538;19;34;30;172;100;0,26;0,11;0,61;0,2;106,64;106,64;1,69;1,18
7;StudentAttendanceSystem;state;539;16;27;6;30;100;0,22;0,27;0;0,03;107,64;107,64;0,61;0,53
7;StudentAttendanceSystem;transition;539;16;27;9;27;100;0,14;0,32;0;0,06;107,64;107,64;0,62;0,52
7;StudentAttendanceSystem;pair;539;16;27;22;112;100;0,19;0,11;0,46;0,13;108,64;108,64;1,23;0,89
7;StudentAttendanceSystem;state;540;18;28;6;31;100;0,17;0,23;0;0,03;108,64;109,64;0,52;0,43
7;StudentAttendanceSystem;transition;540;18;28;9;27;100;0,2;0,39;0;0,07;109,64;109,64;0,83;0,66
7;StudentAttendanceSystem;pair;540;18;28;25;121;100;0,16;0,08;0,51;0,15;110,64;110,64;1,22;0,9
7;StudentAttendanceSystem;state;541;22;41;9;45;100;0,23;0,35;0;0,05;110,64;110,64;0,73;0,63
7;StudentAttendanceSystem;transition;541;22;41;15;40;100;0,2;0,56;0;0,11;111,64;111,64;1,04;0,88
7;StudentAttendanceSystem;pair;541;22;41;34;187;100;0,27;0,17;0,87;0,18;112,64;112,64;1,9;1,48
7;StudentAttendanceSystem;state;542;25;47;10;54;100;0,26;0,29;0;0,06;113,64;113,64;0,69;0,61
7;StudentAttendanceSystem;transition;542;25;47;15;46;100;0,21;0,71;0;0,13;114,64;114,64;1,2;1,05
7;StudentAttendanceSystem;pair;542;25;47;45;249;100;0,28;0,2;1,23;0,32;115,64;115,64;2,59;2,03
7;StudentAttendanceSystem;state;543;27;55;12;66;100;0,32;0,39;0;0,11;116,64;116,64;0,94;0,82
7;StudentAttendanceSystem;transition;543;27;55;18;54;100;0,32;0,82;0;0,12;117,64;117,64;1,39;1,26
7;StudentAttendanceSystem;pair;543;27;55;49;283;100;0,25;0,22;1,31;0,3;118,64;119,64;2,59;2,07
7;StudentAttendanceSystem;state;544;27;54;12;66;100;0,36;0,48;0;0,08;119,64;119,64;1,04;0,92
7;StudentAttendanceSystem;transition;544;27;54;17;53;100;0,28;0,85;0;0,12;120,64;120,64;1,39;1,24
7;StudentAttendanceSystem;pair;544;27;54;46;272;100;0,29;0,3;1,29;0,38;122,64;122,64;2,82;2,26
7;StudentAttendanceSystem;state;545;17;32;7;35;100;0,18;0,23;0;0,03;122,64;122,64;0,52;0,44
7;StudentAttendanceSystem;transition;545;17;32;11;32;100;0,21;0,43;0;0,06;123,64;123,64;0,82;0,7
7;StudentAttendanceSystem;pair;545;17;32;28;154;100;0,18;0,24;0,61;0,14;124,64;124,64;1,48;1,17
7;StudentAttendanceSystem;state;546;26;54;11;62;100;0,27;0,3;0;0,07;125,64;125,64;0,75;0,65
7;StudentAttendanceSystem;transition;546;26;54;18;54;100;0,25;0,71;0;0,16;125,64;126,64;1,24;1,12
7;StudentAttendanceSystem;pair;546;26;54;48;278;100;0,25;0,2;1,19;0,23;127,64;127,64;2,41;1,87
7;StudentAttendanceSystem;state;547;18;33;7;37;100;0,18;0,2;0;0,03;128,64;128,64;0,48;0,41
7;StudentAttendanceSystem;transition;547;18;33;11;33;100;0,16;0,36;0;0,06;128,64;128,64;0,67;0,57
7;StudentAttendanceSystem;pair;547;18;33;29;165;100;0,2;0,12;0,59;0,12;129,64;129,64;1,47;1,03
7;StudentAttendanceSystem;state;548;19;32;7;37;100;0,21;0,24;0;0,04;130,64;130,64;0,57;0,49
7;StudentAttendanceSystem;transition;548;19;32;11;31;100;0,19;0,37;0;0,07;130,64;131,64;0,71;0,63
7;StudentAttendanceSystem;pair;548;19;32;28;149;100;0,22;0,1;0,52;0,13;131,64;132,64;1,31;0,97
7;StudentAttendanceSystem;state;549;23;44;9;50;100;0,26;0,27;0;0,05;132,64;132,64;0,67;0,59
7;StudentAttendanceSystem;transition;549;23;44;15;44;100;0,19;0,54;0;0,09;133,64;133,64;0,91;0,82
7;StudentAttendanceSystem;pair;549;23;44;37;205;100;0,23;0,13;0,76;0,2;134,64;134,64;1,76;1,32
7;StudentAttendanceSystem;state;550;19;31;7;37;100;0,17;0,21;0;0,03;135,64;135,64;0,47;0,41
7;StudentAttendanceSystem;transition;550;19;31;10;30;100;0,2;0,37;0;0,06;135,64;135,64;0,71;0,63
7;StudentAttendanceSystem;pair;550;19;31;25;134;100;0,19;0,09;0,46;0,11;136,64;136,64;1,16;0,85
7;StudentAttendanceSystem;state;551;18;31;7;36;100;0,19;0,26;0;0,04;137,64;137,64;0,56;0,48
7;StudentAttendanceSystem;transition;551;18;31;11;30;100;0,19;0,44;0;0,14;137,64;137,64;0,88;0,77
7;StudentAttendanceSystem;pair;551;18;31;26;134;100;0,17;0,09;0,69;0,12;138,64;138,64;1,4;1,06
7;StudentAttendanceSystem;state;552;27;55;12;65;100;0,31;0,39;0;0,1;139,64;139,64;0,92;0,8
7;StudentAttendanceSystem;transition;552;27;55;18;55;100;0,29;0,77;0;0,19;140,64;140,64;1,41;1,25
7;StudentAttendanceSystem;pair;552;27;55;46;268;100;0,27;0,19;1,66;0,27;141,64;142,64;3,01;2,39
7;StudentAttendanceSystem;state;553;26;48;11;58;100;0,34;0,34;0;0,06;142,64;142,64;0,85;0,74
7;StudentAttendanceSystem;transition;553;26;48;17;47;100;0,27;0,73;0;0,13;143,64;143,64;1,26;1,13
7;StudentAttendanceSystem;pair;553;26;48;42;226;100;0,3;0,21;1,18;0,25;144,64;144,64;2,52;1,94
7;StudentAttendanceSystem;state;554;26;53;11;61;100;0,34;0,37;0;0,09;145,64;145,64;0,94;0,81
7;StudentAttendanceSystem;transition;554;26;53;17;52;100;0,31;0,79;0;0,14;146,64;146,64;1,37;1,24
7;StudentAttendanceSystem;pair;554;26;53;46;270;100;0,29;0,25;1,42;0,35;147,64;148,64;2,89;2,31
7;StudentAttendanceSystem;state;555;29;57;12;67;100;0,32;0,52;0;0,1;148,64;148,64;1,09;0,94
7;StudentAttendanceSystem;transition;555;29;57;20;56;100;0,31;0,87;0;0,17;149,64;149,64;1,55;1,34
7;StudentAttendanceSystem;pair;555;29;57;52;292;100;0,31;0,24;1,75;0,36;151,64;151,64;3,35;2,66
7;StudentAttendanceSystem;state;556;28;56;12;66;100;0,28;0,34;0;0,08;152,64;152,64;0,8;0,7
7;StudentAttendanceSystem;transition;556;28;56;17;55;100;0,27;0,78;0;0,17;152,64;153,64;1,38;1,22
7;StudentAttendanceSystem;pair;556;28;56;52;304;100;0,3;0,25;3,74;0,34;154,85;5,85;5,31;4,63
7;StudentAttendanceSystem;state;557;22;39;9;48;100;0,28;0,3;0;0,06;6,85;6,85;0,75;0,64
7;StudentAttendanceSystem;transition;557;22;39;13;38;100;0,25;0,56;0;0,1;7,85;7,85;1,03;0,91
7;StudentAttendanceSystem;pair;557;22;39;33;174;100;0,26;0,14;0,79;0,19;8,85;8,85;1,84;1,38
7;StudentAttendanceSystem;state;558;25;45;10;53;100;0,27;0,33;0;0,07;8,85;8,85;0,8;0,67
7;StudentAttendanceSystem;transition;558;25;45;16;44;100;0,27;0,69;0;0,15;9,85;9,85;1,24;1,12
7;StudentAttendanceSystem;pair;558;25;45;34;183;100;0,27;0,16;0,87;0,2;10,85;10,85;2;1,51
7;StudentAttendanceSystem;state;559;18;29;6;31;100;0,23;0,24;0;0,04;11,85;11,85;0,59;0,5
7;StudentAttendanceSystem;transition;559;18;29;10;28;100;0,19;0,41;0;0,07;11,85;11,85;0,77;0,67
7;StudentAttendanceSystem;pair;559;18;29;28;132;100;0,21;0,1;0,56;0,14;12,85;12,85;1,37;1,02
7;StudentAttendanceSystem;state;560;17;25;6;31;100;0,2;0,22;0;0,04;13,85;13,85;0,54;0,46
7;StudentAttendanceSystem;transition;560;17;25;8;24;100;0,18;0,41;0;0,06;13,85;13,85;0,75;0,65
7;StudentAttendanceSystem;pair;560;17;25;17;81;100;0,19;0,08;0,32;0,09;14,85;14,85;1,02;0,68
7;StudentAttendanceSystem;state;561;17;28;7;37;100;0,2;0,24;0;0,04;15,85;15,85;0,58;0,48
7;StudentAttendanceSystem;transition;561;17;28;8;28;100;0,2;0,38;0;0,06;15,85;15,85;0,74;0,64
7;StudentAttendanceSystem;pair;561;17;28;24;128;100;0,2;0,11;0,54;0,13;16,85;16,85;1,35;0,99
7;StudentAttendanceSystem;state;562;19;36;8;40;100;0,22;0,27;0;0,05;16,85;17,85;0,66;0,54
7;StudentAttendanceSystem;transition;562;19;36;13;36;100;0,21;0,53;0;0,09;17,85;17,85;0,95;0,84
7;StudentAttendanceSystem;pair;562;19;36;33;180;100;0,22;0,14;0,76;0,19;18,85;18,85;1,76;1,3
7;StudentAttendanceSystem;state;563;15;22;6;31;100;0,19;0,21;0;0,03;19,85;19,85;0,52;0,43
7;StudentAttendanceSystem;transition;563;15;22;6;22;100;0,2;0,32;0;0,04;19,85;19,85;0,65;0,56
7;StudentAttendanceSystem;pair;563;15;22;16;78;100;0,17;0,08;0,3;0,07;20,85;20,85;0,91;0,61
7;StudentAttendanceSystem;state;564;23;42;8;43;100;0,25;0,31;0;0,05;20,85;20,85;0,7;0,61
7;StudentAttendanceSystem;transition;564;23;42;15;41;100;0,29;0,64;0;0,11;21,85;21,85;1,16;1,04
7;StudentAttendanceSystem;pair;564;23;42;36;198;100;0,25;0,16;0,91;0,22;22,85;22,85;2,06;1,54
7;StudentAttendanceSystem;state;565;24;43;9;50;100;0,26;0,32;0;0,07;23,85;23,85;0,77;0,64
7;StudentAttendanceSystem;transition;565;24;43;15;42;100;0,25;0,7;0;0,12;24,85;24,85;1,21;1,07
7;StudentAttendanceSystem;pair;565;24;43;35;185;100;0,26;0,15;0,86;0,22;25,85;25,85;1,99;1,49
7;StudentAttendanceSystem;state;566;20;37;8;43;100;0,26;0,28;0;0,05;25,85;26,85;0,71;0,6
7;StudentAttendanceSystem;transition;566;20;37;13;37;100;0,22;0,6;0;0,09;26,85;26,85;1,03;0,91
7;StudentAttendanceSystem;pair;566;20;37;32;178;100;0,23;0,14;0,78;0,19;27,85;27,85;1,87;1,34
7;StudentAttendanceSystem;state;567;15;23;5;24;100;0,21;0,2;0;0,03;28,85;28,85;0,54;0,44
7;StudentAttendanceSystem;transition;567;15;23;7;23;100;0,16;0,32;0;0,04;28,85;28,85;0,63;0,52
7;StudentAttendanceSystem;pair;567;15;23;22;101;100;0,24;0,08;0,4;0,11;29,85;29,85;1,15;0,83
7;StudentAttendanceSystem;state;568;28;53;12;66;100;0,31;0,41;0;0,09;30,85;30,85;0,92;0,81
7;StudentAttendanceSystem;transition;568;28;53;18;52;100;0,29;0,84;0;0,16;30,85;31,85;1,43;1,29
7;StudentAttendanceSystem;pair;568;28;53;51;281;100;0,3;0,22;1,54;0,34;32,85;32,85;3,05;2,4
7;StudentAttendanceSystem;state;569;21;35;8;43;100;0,39;0,29;0;0,06;33,85;33,85;0,85;0,75
7;StudentAttendanceSystem;transition;569;21;35;12;34;100;0,23;0,53;0;0,09;33,85;33,85;0,95;0,85
7;StudentAttendanceSystem;pair;569;21;35;26;140;100;0,22;0,13;0,62;0,19;34,85;35,85;1,56;1,16
7;StudentAttendanceSystem;state;570;27;55;12;67;100;0,29;0,47;0;0,15;35,85;35,85;1,04;0,91
7;StudentAttendanceSystem;transition;570;27;55;18;55;100;0,3;0,84;0;0,15;36,85;36,85;1,44;1,3
7;StudentAttendanceSystem;pair;570;27;55;48;276;100;0,29;0,28;1,5;0,32;37,85;38,85;3,02;2,4
7;StudentAttendanceSystem;state;571;23;43;10;54;100;0,29;0,33;0;0,13;38,85;38,85;0,85;0,75
7;StudentAttendanceSystem;transition;571;23;43;15;43;100;0,28;0,67;0;0,12;39,85;39,85;1,2;1,07
7;StudentAttendanceSystem;pair;571;23;43;43;221;100;0,25;0,21;1,07;0,24;40,85;40,85;2,27;1,77
7;StudentAttendanceSystem;state;572;20;34;8;40;100;0,25;0,32;0;0,05;41,85;41,85;0,72;0,62
7;StudentAttendanceSystem;transition;572;20;34;12;33;100;0,24;0,5;0;0,11;41,85;42,85;0,96;0,85
7;StudentAttendanceSystem;pair;572;20;34;26;139;100;0,22;0,16;0,6;0,14;42,85;43,85;1,51;1,13
7;StudentAttendanceSystem;state;573;18;31;7;37;100;0,2;0,26;0;0,04;43,85;43,85;0,59;0,5
7;StudentAttendanceSystem;transition;573;18;31;11;31;100;0,22;0,52;0;0,08;44,85;44,85;0,93;0,82
7;StudentAttendanceSystem;pair;573;18;31;25;131;100;0,2;0,12;0,54;0,42;44,85;45,85;1,68;1,27
7;StudentAttendanceSystem;state;574;23;47;10;54;100;0,3;0,36;0;0,07;45,85;45,85;0,83;0,73
7;StudentAttendanceSystem;transition;574;23;47;16;47;100;0,29;0,67;0;0,12;46,85;46,85;1,2;1,08
7;StudentAttendanceSystem;pair;574;23;47;45;251;100;0,29;0,19;1,23;0,31;47,85;48,85;2,56;2,02
7;StudentAttendanceSystem;state;575;21;40;8;42;100;0,26;0,3;0;0,06;48,85;48,85;0,71;0,61
7;StudentAttendanceSystem;transition;575;21;40;15;40;100;0,24;0,65;0;0,14;49,85;49,85;1,2;1,04
7;StudentAttendanceSystem;pair;575;21;40;37;197;100;0,25;0,16;0,92;0,22;50,85;50,85;2,03;1,54
7;StudentAttendanceSystem;state;576;19;33;7;37;100;0,22;0,25;0;0,04;50,85;50,85;0,6;0,51
7;StudentAttendanceSystem;transition;576;19;33;11;32;100;0,23;0,52;0;0,08;51,85;51,85;0,95;0,83
7;StudentAttendanceSystem;pair;576;19;33;31;163;100;0,2;0,14;0,72;0,17;52,85;52,85;1,67;1,24
7;StudentAttendanceSystem;state;577;24;44;10;56;100;0,27;0,35;0;0,07;53,85;53,85;0,79;0,69
7;StudentAttendanceSystem;transition;577;24;44;14;43;100;0,28;0,66;0;0,12;53,85;54,85;1,19;1,05
7;StudentAttendanceSystem;pair;577;24;44;37;211;100;0,27;0,17;1,08;0,24;55,85;55,85;2,27;1,76
7;StudentAttendanceSystem;state;578;19;29;7;37;100;0,24;0,23;0;0,05;55,85;55,85;0,62;0,52
7;StudentAttendanceSystem;transition;578;19;29;10;28;100;0,21;0,46;0;0,07;56,85;56,85;0,84;0,74
7;StudentAttendanceSystem;pair;578;19;29;17;85;100;0,21;0,1;0,39;0,09;57,85;57,85;1,12;0,79
7;StudentAttendanceSystem;state;579;26;53;11;62;100;0,3;0,38;0;0,08;57,85;57,85;0,86;0,76
7;StudentAttendanceSystem;transition;579;26;53;17;53;100;0,33;0,77;0;0,18;58,85;58,85;1,46;1,28
7;StudentAttendanceSystem;pair;579;26;53;44;262;100;0,3;0,23;1,41;0,34;59,85;60,85;2,91;2,29
7;StudentAttendanceSystem;state;580;25;52;11;60;100;0,3;0,38;0;0,08;60,85;60,85;0,87;0,76
7;StudentAttendanceSystem;transition;580;25;52;16;52;100;0,3;0,61;0;0,11;61,85;61,85;1,22;1,03
7;StudentAttendanceSystem;pair;580;25;52;51;291;100;0,25;0,19;1,49;0,27;63,85;63,85;2,69;2,19
7;StudentAttendanceSystem;state;581;22;41;10;56;100;0,23;0,27;0;0,1;63,85;64,85;0,7;0,6
7;StudentAttendanceSystem;transition;581;22;41;12;41;100;0,29;0,67;0;0,13;64,85;64,85;1,25;1,09
7;StudentAttendanceSystem;pair;581;22;41;37;209;100;0,3;0,23;1,12;0,32;65,85;66,85;2,58;1,98
7;StudentAttendanceSystem;state;582;22;40;9;50;100;0,3;0,38;0;0,08;66,85;66,85;0,9;0,76
7;StudentAttendanceSystem;transition;582;22;40;13;40;100;0,32;0,68;0;0,11;67,85;67,85;1,25;1,11
7;StudentAttendanceSystem;pair;582;22;40;37;193;100;0,27;0,23;1,13;0,38;68,85;68,85;2,6;2,01
7;StudentAttendanceSystem;state;583;20;38;8;41;100;0,29;0,32;0;0,07;68,85;69,85;0,79;0,69
7;StudentAttendanceSystem;transition;583;20;38;14;38;100;0,3;0,68;0;0,15;69,85;69,85;1,27;1,13
7;StudentAttendanceSystem;pair;583;20;38;35;189;100;0,26;0,16;1,01;0,23;70,85;70,85;2,18;1,66
7;StudentAttendanceSystem;state;584;21;38;9;49;100;0,39;0,39;0;0,08;71,85;71,85;0,98;0,85
7;StudentAttendanceSystem;transition;584;21;38;13;38;100;0,32;0,65;0;0,11;72,85;72,85;1,22;1,09
7;StudentAttendanceSystem;pair;584;21;38;31;165;100;0,29;0,15;0,84;0,23;73,85;73,85;2,03;1,51
7;StudentAttendanceSystem;state;585;26;53;11;62;100;0,39;0,47;0;0,1;73,85;73,85;1,07;0,96
7;StudentAttendanceSystem;transition;585;26;53;17;53;100;0,35;0,91;0;0,17;74,85;74,85;1,65;1,44
7;StudentAttendanceSystem;pair;585;26;53;45;263;100;0,27;0,18;1,13;0,31;76,85;76,85;2,42;1,89
7;StudentAttendanceSystem;state;586;27;55;12;66;100;0,36;0,41;0;0,11;76,85;77,85;0,99;0,89
7;StudentAttendanceSystem;transition;586;27;55;18;54;100;0,27;0,74;0;0,14;77,85;77,85;1,3;1,16
7;StudentAttendanceSystem;pair;586;27;55;49;283;100;0,36;0,29;1,76;0,42;79,85;79,85;3,48;2,82
7;StudentAttendanceSystem;state;587;17;29;7;34;100;0,35;0,29;0;0,04;80,85;80,85;0,79;0,68
7;StudentAttendanceSystem;transition;587;17;29;10;29;100;0,19;0,4;0;0,08;80,85;80,85;0,82;0,66
7;StudentAttendanceSystem;pair;587;17;29;22;115;100;0,19;0,1;0,43;0,12;81,85;81,85;1,21;0,84
7;StudentAttendanceSystem;state;588;22;42;10;53;100;0,3;0,49;0;0,13;82,85;82,85;1,06;0,92
7;StudentAttendanceSystem;transition;588;22;42;14;42;100;0,32;0,77;0;0,13;82,85;82,85;1,38;1,23
7;StudentAttendanceSystem;pair;588;22;42;35;197;100;0,3;0,17;0,78;0,27;83,85;84,85;2,04;1,52
7;StudentAttendanceSystem;state;589;27;57;12;65;100;0,37;0,52;0;0,12;84,85;84,85;1,14;1,01
7;StudentAttendanceSystem;transition;589;27;57;20;57;100;0,41;1,02;0;0,2;85,85;85,85;1,82;1,63
7;StudentAttendanceSystem;pair;589;27;57;50;288;100;0,35;0,23;1,57;0,39;87,85;87,85;3,31;2,54
7;StudentAttendanceSystem;state;590;22;38;8;42;100;0,28;0,24;0;0,06;87,85;88,85;0,66;0,58
7;StudentAttendanceSystem;transition;590;22;38;14;37;100;0,22;0,56;0;0,12;88,85;88,85;1,03;0,91
7;StudentAttendanceSystem;pair;590;22;38;31;165;100;0,25;0,17;0,99;0,22;89,85;89,85;2,21;1,63
7;StudentAttendanceSystem;state;591;26;52;10;55;100;0,4;0,5;0;0,1;90,85;90,85;1,19;1,01
7;StudentAttendanceSystem;transition;591;26;52;17;51;100;0,38;0,83;0;0,11;91,85;91,85;1,48;1,31
7;StudentAttendanceSystem;pair;591;26;52;52;294;100;0,26;0,18;1,63;0,44;92,85;93,85;3,19;2,52
7;StudentAttendanceSystem;state;592;20;39;8;42;100;0,31;0,34;0;0,05;93,85;93,85;0,81;0,7
7;StudentAttendanceSystem;transition;592;20;39;13;39;100;0,19;0,68;0;0,14;94,85;94,85;1,16;1,01
7;StudentAttendanceSystem;pair;592;20;39;36;206;100;0,2;0,12;0,86;0,17;95,85;95,85;1,72;1,36
7;StudentAttendanceSystem;state;593;22;39;8;42;100;0,21;0,27;0;0,06;96,85;96,85;0,64;0,54
7;StudentAttendanceSystem;transition;593;22;39;15;38;100;0,2;0,57;0;0,09;96,85;96,85;0,98;0,86
7;StudentAttendanceSystem;pair;593;22;39;36;183;100;0,23;0,12;0,7;0,17;97,85;98,85;1,7;1,22
7;StudentAttendanceSystem;state;594;24;43;9;50;100;0,23;0,3;0;0,07;98,85;98,85;0,69;0,6
7;StudentAttendanceSystem;transition;594;24;43;15;42;100;0,27;0,59;0;0,13;99,85;99,85;1,18;0,99
7;StudentAttendanceSystem;pair;594;24;43;36;189;100;0,23;0,15;0,85;0,16;100,85;100,85;1,79;1,39
7;StudentAttendanceSystem;state;595;20;36;8;43;100;0,22;0,32;0;0,05;101,85;101,85;0,71;0,59
7;StudentAttendanceSystem;transition;595;20;36;12;36;100;0,18;0,52;0;0,07;101,85;101,85;0,88;0,78
7;StudentAttendanceSystem;pair;595;20;36;29;163;100;0,19;0,11;0,54;0,19;102,85;102,85;1,41;1,03
7;StudentAttendanceSystem;state;596;20;35;9;50;100;0,23;0,22;0;0,04;103,85;103,85;0,56;0,49
7;StudentAttendanceSystem;transition;596;20;35;10;35;100;0,19;0,41;0;0,06;103,85;104,85;0,77;0,67
7;StudentAttendanceSystem;pair;596;20;35;31;166;100;0,19;0,13;0,66;0,19;104,85;105,85;1,7;1,18
7;StudentAttendanceSystem;state;597;19;34;8;39;100;0,18;0,25;0;0,04;105,85;105,85;0,56;0,47
7;StudentAttendanceSystem;transition;597;19;34;13;33;100;0,17;0,39;0;0,07;106,85;106,85;0,72;0,63
7;StudentAttendanceSystem;pair;597;19;34;27;140;100;0,17;0,1;0,52;0,12;107,85;107,85;1,24;0,91
7;StudentAttendanceSystem;state;598;24;42;10;56;100;0,21;0,33;0;0,06;107,85;107,85;0,69;0,6
7;StudentAttendanceSystem;transition;598;24;42;14;41;100;0,27;0,82;0;0,13;108,85;108,85;1,37;1,21
7;StudentAttendanceSystem;pair;598;24;42;32;174;100;0,34;0,16;0,99;0,23;109,85;109,85;2,25;1,72
7;StudentAttendanceSystem;state;599;27;51;12;63;100;0,34;0,54;0;0,11;110,85;110,85;1,12;0,99
7;StudentAttendanceSystem;transition;599;27;51;19;50;100;0,34;0,92;0;0,16;111,85;111,85;1,57;1,42
7;StudentAttendanceSystem;pair;599;27;51;49;255;100;0,43;0,26;1,33;0,35;112,85;112,85;3,06;2,36
7;StudentAttendanceSystem;state;600;19;32;7;37;100;0,26;0,28;0;0,05;113,85;113,85;0,7;0,6
7;StudentAttendanceSystem;transition;600;19;32;11;31;100;0,26;0,58;0;0,1;113,85;114,85;1,06;0,94
7;StudentAttendanceSystem;pair;600;19;32;26;136;100;0,25;0,13;0,68;0,21;114,85;115,85;1,77;1,27
7;StudentAttendanceSystem;state;601;27;56;12;64;100;0,24;0,34;0;0,09;115,85;115,85;0,83;0,66
7;StudentAttendanceSystem;transition;601;27;56;19;55;100;0,36;0,98;0;0,19;116,85;116,85;1,7;1,53
7;StudentAttendanceSystem;pair;601;27;56;47;274;100;0,35;0,3;1,31;0,24;117,85;118,85;2,8;2,19
7;StudentAttendanceSystem;state;602;25;45;10;55;100;0,26;0,29;0;0,06;118,85;118,85;0,7;0,61
7;StudentAttendanceSystem;transition;602;25;45;15;44;100;0,23;0,76;0;0,14;119,85;119,85;1,29;1,14
7;StudentAttendanceSystem;pair;602;25;45;41;217;100;0,3;0,14;0,97;0,32;120,85;121,85;2,38;1,73
7;StudentAttendanceSystem;state;603;23;45;8;43;100;0,3;0,41;0;0,1;121,85;121,85;0,91;0,81
7;StudentAttendanceSystem;transition;603;23;45;15;44;100;0,3;0,82;0;0,14;122,85;122,85;1,42;1,26
7;StudentAttendanceSystem;pair;603;23;45;46;260;100;0,3;0,23;1,55;0,22;123,85;123,85;2,91;2,29
7;StudentAttendanceSystem;state;604;21;39;8;43;100;0,23;0,22;0;0,04;124,85;124,85;0,57;0,5
7;StudentAttendanceSystem;transition;604;21;39;13;39;100;0,19;0,49;0;0,1;125,85;125,85;0,88;0,77
7;StudentAttendanceSystem;pair;604;21;39;38;210;100;0,19;0,14;0,78;0,16;126,85;126,85;1,69;1,28
7;StudentAttendanceSystem;state;605;21;41;9;48;100;0,2;0,24;0;0,06;126,85;127,85;0,61;0,5
7;StudentAttendanceSystem;transition;605;21;41;14;41;100;0,2;0,51;0;0,09;127,85;127,85;0,92;0,79
7;StudentAttendanceSystem;pair;605;21;41;38;204;100;0,24;0,14;0,77;0,18;128,85;129,85;1,79;1,33
7;StudentAttendanceSystem;state;606;18;35;8;38;100;0,21;0,2;0;0,04;129,85;129,85;0,52;0,45
7;StudentAttendanceSystem;transition;606;18;35;13;35;100;0,23;0,55;0;0,1;130,85;130,85;1,03;0,88
7;StudentAttendanceSystem;pair;606;18;35;32;169;100;0,24;0,15;0,58;0,19;131,85;131,85;1,63;1,16
7;StudentAttendanceSystem;state;607;25;52;11;60;100;0,26;0,33;0;0,06;131,85;131,85;0,73;0,65
7;StudentAttendanceSystem;transition;607;25;52;16;52;100;0,31;0,64;0;0,12;132,85;132,85;1,21;1,07
7;StudentAttendanceSystem;pair;607;25;52;51;291;100;0,35;0,23;1,36;0,27;134,85;134,85;2,88;2,21
7;StudentAttendanceSystem;state;608;21;38;9;48;100;0,23;0,31;0;0,09;134,85;135,85;0,75;0,63
7;StudentAttendanceSystem;transition;608;21;38;13;38;100;0,34;0,57;0;0,1;135,85;135,85;1,13;1,02
7;StudentAttendanceSystem;pair;608;21;38;30;158;100;0,2;0,12;0,68;0,13;136,85;136,85;1,52;1,14
7;StudentAttendanceSystem;state;609;16;26;6;31;100;0,24;0,2;0;0,03;137,85;137,85;0,54;0,47
7;StudentAttendanceSystem;transition;609;16;26;8;26;100;0,14;0,44;0;0,05;137,85;137,85;0,73;0,63
7;StudentAttendanceSystem;pair;609;16;26;20;106;100;0,18;0,09;0,39;0,09;138,85;138,85;1,08;0,75
7;StudentAttendanceSystem;state;610;24;46;9;46;100;0,26;0,3;0;0,06;139,85;139,85;0,75;0,61
7;StudentAttendanceSystem;transition;610;24;46;18;45;100;0,26;0,59;0;0,1;139,85;139,85;1,05;0,95
7;StudentAttendanceSystem;pair;610;24;46;40;218;100;0,27;0,14;1,08;0,23;141,85;141,85;2,14;1,73
7;StudentAttendanceSystem;state;611;22;41;10;56;100;0,22;0,35;0;0,07;141,85;141,85;0,8;0,65
7;StudentAttendanceSystem;transition;611;22;41;12;41;100;0,26;0,46;0;0,16;142,85;142,85;1,01;0,89
7;StudentAttendanceSystem;pair;611;22;41;37;209;100;0,35;0,14;0,85;0,19;143,85;143,85;2,09;1,53
7;StudentAttendanceSystem;state;612;26;48;11;60;100;0,3;0,35;0;0,1;144,85;144,85;0,85;0,75
7;StudentAttendanceSystem;transition;612;26;48;17;47;100;0,3;0,76;0;0,17;145,85;145,85;1,39;1,23
7;StudentAttendanceSystem;pair;612;26;48;47;245;100;0,35;0,2;1,33;0,25;146,85;146,85;2,84;2,13
7;StudentAttendanceSystem;state;613;16;28;6;30;100;0,28;0,21;0;0,05;147,85;147,85;0,86;0,55
7;StudentAttendanceSystem;transition;613;16;28;10;28;100;0,18;0,42;0;0,05;147,85;147,85;0,77;0,66
7;StudentAttendanceSystem;pair;613;16;28;24;120;100;0,18;0,09;0,38;0,18;148,85;148,85;1,25;0,83
7;StudentAttendanceSystem;state;614;24;42;10;56;100;0,23;0,28;0;0,07;149,85;149,85;0,68;0,59
7;StudentAttendanceSystem;transition;614;24;42;14;41;100;0,2;0,5;0;0,1;149,85;150,85;0,91;0,8
7;StudentAttendanceSystem;pair;614;24;42;32;174;100;0,2;0,12;0,65;0,18;150,85;151,85;1,56;1,15
7;StudentAttendanceSystem;state;615;24;46;10;55;100;0,21;0,3;0;0,09;151,85;151,85;0,69;0,61
7;StudentAttendanceSystem;transition;615;24;46;16;46;100;0,23;0,57;0;0,1;152,85;152,85;1;0,89
7;StudentAttendanceSystem;pair;615;24;46;41;221;100;0,25;0,14;0,89;2,62;153,85;154,85;4,46;3,9
7;StudentAttendanceSystem;state;616;20;36;8;39;100;0,3;0,34;0;0,06;5,7;5,7;0,84;0,7
7;StudentAttendanceSystem;transition;616;20;36;14;36;100;0,21;0,41;0;0,07;6,7;6,7;0,77;0,69
7;StudentAttendanceSystem;pair;616;20;36;29;146;100;0,24;0,13;0,69;0,14;6,7;7,7;1,61;1,21
7;StudentAttendanceSystem;state;617;20;36;8;42;100;0,19;0,24;0;0,04;7,7;7,7;0,56;0,48
7;StudentAttendanceSystem;transition;617;20;36;11;36;100;0,19;0,54;0;0,06;8,7;8,7;0,91;0,79
7;StudentAttendanceSystem;pair;617;20;36;33;173;100;0,19;0,12;0,77;0,17;9,7;9,7;1,68;1,25
7;StudentAttendanceSystem;state;618;21;37;8;41;100;0,2;0,24;0;0,06;9,7;9,7;0,59;0,5
7;StudentAttendanceSystem;transition;618;21;37;14;36;100;0,18;0,55;0;0,09;10,7;10,7;0,95;0,82
7;StudentAttendanceSystem;pair;618;21;37;32;166;100;0,18;0,11;0,74;0,21;11,7;11,7;1,69;1,24
7;StudentAttendanceSystem;state;619;23;46;10;56;100;0,36;0,42;0;0,09;12,7;12,7;1;0,87
7;StudentAttendanceSystem;transition;619;23;46;15;46;100;0,3;0,8;0;0,17;13,7;13,7;1,43;1,28
7;StudentAttendanceSystem;pair;619;23;46;43;249;100;0,37;0,22;1,4;0,35;14,7;14,7;3,03;2,34
7;StudentAttendanceSystem;state;620;23;41;8;43;100;0,31;0,32;0;0,06;15,7;15,7;0,81;0,69
7;StudentAttendanceSystem;transition;620;23;41;14;40;100;0,28;0,59;0;0,1;15,7;15,7;1,11;0,97
7;StudentAttendanceSystem;pair;620;23;41;32;181;100;0,22;0,13;0,67;0,21;16,7;17,7;1,65;1,22
7;StudentAttendanceSystem;state;621;22;40;9;46;100;0,2;0,23;0;0,04;17,7;17,7;0,54;0,47
7;StudentAttendanceSystem;transition;621;22;40;14;39;100;0,23;0,52;0;0,09;18,7;18,7;0,93;0,83
7;StudentAttendanceSystem;pair;621;22;40;32;181;100;0,19;0,16;0,68;0,21;19,7;19,7;1,66;1,24
7;StudentAttendanceSystem;state;622;26;52;11;61;100;0,28;0,33;0;0,09;20,7;20,7;0,82;0,7
7;StudentAttendanceSystem;transition;622;26;52;17;52;100;0,35;0,87;0;0,2;20,7;21,7;1,58;1,41
7;StudentAttendanceSystem;pair;622;26;52;51;291;100;0,35;0,28;1,9;0,41;22,7;22,7;3,69;2,93
7;StudentAttendanceSystem;state;623;26;49;10;56;100;0,39;0,45;0;0,08;23,7;23,7;1,04;0,92
7;StudentAttendanceSystem;transition;623;26;49;17;48;100;0,43;0,99;0;0,19;24,7;24,7;1,76;1,6
7;StudentAttendanceSystem;pair;623;26;49;42;236;100;0,35;0,23;1,51;0,36;25,7;25,7;3,11;2,45
7;StudentAttendanceSystem;state;624;26;53;11;61;100;0,38;0,46;0;0,11;26,7;26,7;1,07;0,95
7;StudentAttendanceSystem;transition;624;26;53;17;52;100;0,34;0,82;0;0,11;27,7;27,7;1,42;1,27
7;StudentAttendanceSystem;pair;624;26;53;46;270;100;0,25;0,17;1,24;0,25;28,7;29,7;2,4;1,92
7;StudentAttendanceSystem;state;625;24;47;10;55;100;0,22;0,28;0;0,07;29,7;29,7;0,65;0,56
7;StudentAttendanceSystem;transition;625;24;47;16;47;100;0,21;0,65;0;0,12;30,7;30,7;1,08;0,98
7;StudentAttendanceSystem;pair;625;24;47;47;255;100;0,22;0,17;0,96;0,21;31,7;31,7;1,98;1,55
7;StudentAttendanceSystem;state;626;28;55;12;62;100;0,26;0,3;0;0,06;32,7;32,7;0,69;0,62
7;StudentAttendanceSystem;transition;626;28;55;20;54;100;0,26;0,69;0;0,12;33,7;33,7;1,17;1,07
7;StudentAttendanceSystem;pair;626;28;55;54;304;100;0,27;0,19;1,27;0,25;34,7;35,7;2,48;1,97
7;StudentAttendanceSystem;state;627;27;51;11;61;100;0,23;0,31;0;0,06;35,7;35,7;0,68;0,6
7;StudentAttendanceSystem;transition;627;27;51;17;50;100;0,23;0,6;0;0,11;36,7;36,7;1,07;0,94
7;StudentAttendanceSystem;pair;627;27;51;48;268;100;0,23;0,16;1,08;0,29;38,7;38,7;2,25;1,76
7;StudentAttendanceSystem;state;628;24;48;10;51;100;0,25;0,26;0;0,05;39,7;39,7;0,64;0,56
7;StudentAttendanceSystem;transition;628;24;48;18;47;100;0,2;0,66;0;0,1;39,7;39,7;1,06;0,96
7;StudentAttendanceSystem;pair;628;24;48;45;251;100;0,25;0,16;1,14;0,22;41,7;41,7;2,26;1,77
7;StudentAttendanceSystem;state;629;22;45;9;49;100;0,23;0,29;0;0,06;41,7;42,7;0,67;0,58
7;StudentAttendanceSystem;transition;629;22;45;15;45;100;0,21;0,61;0;0,09;42,7;42,7;1,03;0,91
7;StudentAttendanceSystem;pair;629;22;45;42;238;100;0,25;0,13;1,02;0,23;43,7;44,7;2,12;1,64
7;StudentAttendanceSystem;state;630;25;50;11;56;100;0,25;0,36;0;0,1;44,7;44,7;0,83;0,7
7;StudentAttendanceSystem;transition;630;25;50;18;50;100;0,25;0,81;0;0,1;45,7;45,7;1,29;1,17
7;StudentAttendanceSystem;pair;630;25;50;51;283;100;0,27;0,16;1,21;0,32;46,7;47,7;2,51;1,96
7;StudentAttendanceSystem;state;631;24;45;10;50;100;0,22;0,32;0;0,09;47,7;47,7;0,74;0,64
7;StudentAttendanceSystem;transition;631;24;45;17;44;100;0,28;0,77;0;0,13;48,7;48,7;1,3;1,18
7;StudentAttendanceSystem;pair;631;24;45;38;208;100;0,28;0,2;1,28;0,33;49,7;50,7;2,75;2,09
7;StudentAttendanceSystem;state;632;21;38;8;43;100;0,2;0,3;0;0,05;50,7;50,7;0,64;0,55
7;StudentAttendanceSystem;transition;632;21;38;13;37;100;0,28;0,86;0;0,13;51,7;51,7;1,45;1,27
7;StudentAttendanceSystem;pair;632;21;38;34;192;100;0,27;0,12;0,77;0,21;52,7;52,7;1,82;1,37
7;StudentAttendanceSystem;state;633;22;38;8;43;100;0,2;0,31;0;0,05;52,7;53,7;0,66;0,56
7;StudentAttendanceSystem;transition;633;22;38;13;37;100;0,22;0,66;0;0,14;53,7;53,7;1,15;1,02
7;StudentAttendanceSystem;pair;633;22;38;35;187;100;0,19;0,12;0,8;0,17;54,7;54,7;1,68;1,28
7;StudentAttendanceSystem;state;634;21;37;8;41;100;0,21;0,3;0;0,05;55,7;55,7;0,65;0,55
7;StudentAttendanceSystem;transition;634;21;37;14;36;100;0,28;0,72;0;0,14;56,7;56,7;1,28;1,13
7;StudentAttendanceSystem;pair;634;21;37;32;166;100;0,29;0,15;0,98;0,26;57,7;57,7;2,24;1,68
7;StudentAttendanceSystem;state;635;23;40;9;47;100;0,32;0,4;0;0,08;57,7;57,7;0,94;0,8
7;StudentAttendanceSystem;transition;635;23;40;14;39;100;0,33;0,78;0;0,14;58,7;58,7;1,39;1,25
7;StudentAttendanceSystem;pair;635;23;40;37;191;100;0,3;0,19;1,18;0,27;59,7;59,7;2,57;1,95
7;StudentAttendanceSystem;state;636;23;41;9;45;100;0,33;0,36;0;0,07;60,7;60,7;0,88;0,76
7;StudentAttendanceSystem;transition;636;23;41;16;40;100;0,29;0,56;0;0,1;60,7;61,7;1,09;0,96
7;StudentAttendanceSystem;pair;636;23;41;34;177;100;0,18;0,13;0,74;0,17;62,7;62,7;1,62;1,23
7;StudentAttendanceSystem;state;637;18;32;7;37;100;0,18;0,2;0;0,03;62,7;62,7;0,48;0,41
7;StudentAttendanceSystem;transition;637;18;32;10;32;100;0,16;0,44;0;0,06;63,7;63,7;0,75;0,66
7;StudentAttendanceSystem;pair;637;18;32;27;153;100;0,2;0,09;0,53;0,12;64,7;64,7;1,25;0,94
7;StudentAttendanceSystem;state;638;27;54;12;68;100;0,26;0,34;0;0,08;64,7;65,7;0,8;0,69
7;StudentAttendanceSystem;transition;638;27;54;17;53;100;0,26;0,63;0;0,16;65,7;65,7;1,21;1,06
7;StudentAttendanceSystem;pair;638;27;54;47;281;100;0,3;0,17;1,28;0,29;67,7;67,7;2,59;2,05
7;StudentAttendanceSystem;state;639;19;35;8;43;100;0,24;0,25;0;0,04;68,7;68,7;0,63;0,54
7;StudentAttendanceSystem;transition;639;19;35;11;35;100;0,18;0,38;0;0,07;68,7;68,7;0,72;0,62
7;StudentAttendanceSystem;pair;639;19;35;33;187;100;0,17;0,15;0,93;0,2;69,7;69,7;1,9;1,45
7;StudentAttendanceSystem;state;640;24;47;10;55;100;0,27;0,32;0;0,06;70,7;70,7;0,74;0,65
7;StudentAttendanceSystem;transition;640;24;47;17;47;100;0,21;0,55;0;0,12;71,7;71,7;1,01;0,88
7;StudentAttendanceSystem;pair;640;24;47;43;233;100;0,22;0,13;0,99;0,27;72,7;72,7;2,16;1,62
7;StudentAttendanceSystem;state;641;25;45;10;55;100;0,34;0,43;0;0,09;73,7;73,7;1,01;0,87
7;StudentAttendanceSystem;transition;641;25;45;16;44;100;0,32;0,82;0;0,14;74,7;74,7;1,45;1,28
7;StudentAttendanceSystem;pair;641;25;45;37;195;100;0,29;0,18;1,11;0,23;75,7;75,7;2,41;1,81
7;StudentAttendanceSystem;state;642;20;33;8;43;100;0,29;0,29;0;0,05;75,7;75,7;0,73;0,63
7;StudentAttendanceSystem;transition;642;20;33;10;32;100;0,22;0,56;0;0,08;76,7;76,7;0,98;0,87
7;StudentAttendanceSystem;pair;642;20;33;27;146;100;0,23;0,15;0,76;0,19;77,7;77,7;1,76;1,32
7;StudentAttendanceSystem;state;643;21;35;8;41;100;0,29;0,4;0;0,07;78,7;78,7;0,89;0,76
7;StudentAttendanceSystem;transition;643;21;35;13;34;100;0,26;0,66;0;0,12;78,7;78,7;1,18;1,03
7;StudentAttendanceSystem;pair;643;21;35;35;168;100;0,26;0,14;0,91;0,19;79,7;79,7;2,05;1,5
7;StudentAttendanceSystem;state;644;20;37;8;41;100;0,29;0,33;0;0,07;80,7;80,7;0,83;0,69
7;StudentAttendanceSystem;transition;644;20;37;13;37;100;0,26;0,61;0;0,14;80,7;81,7;1,16;1,01
7;StudentAttendanceSystem;pair;644;20;37;32;174;100;0,29;0,15;0,93;0,21;81,7;82,7;2,11;1,58
7;StudentAttendanceSystem;state;645;23;42;8;43;100;0,3;0,37;0;0,08;82,7;82,7;0,88;0,76
7;StudentAttendanceSystem;transition;645;23;42;15;41;100;0,28;0,72;0;0,15;83,7;83,7;1,32;1,14
7;StudentAttendanceSystem;pair;645;23;42;35;196;100;0,36;0,2;1,07;0,25;84,7;84,7;2,46;1,88
7;StudentAttendanceSystem;state;646;28;57;13;72;100;0,36;0,38;0;0,08;85,7;85,7;0,9;0,81
7;StudentAttendanceSystem;transition;646;28;57;18;57;100;0,23;0,87;0;0,16;86,7;86,7;1,43;1,27
7;StudentAttendanceSystem;pair;646;28;57;54;308;100;0,37;0,26;2,03;0,4;87,7;88,7;3,82;3,06
7;StudentAttendanceSystem;state;647;19;36;7;36;100;0,29;0,36;0;0,06;88,7;88,7;0,87;0,72
7;StudentAttendanceSystem;transition;647;19;36;12;36;100;0,29;0,6;0;0,1;89,7;89,7;1,14;0,99
7;StudentAttendanceSystem;pair;647;19;36;38;202;100;0,31;0,16;1,15;0,29;90,7;90,7;2,45;1,91
7;StudentAttendanceSystem;state;648;27;55;12;67;100;0,36;0,49;0;0,11;91,7;91,7;1,1;0,97
7;StudentAttendanceSystem;transition;648;27;55;18;55;100;0,39;0,96;0;0,18;92,7;92,7;1,73;1,53
7;StudentAttendanceSystem;pair;648;27;55;48;276;100;0,34;0,27;1,74;0,38;93,7;93,7;3,48;2,73
7;StudentAttendanceSystem;state;649;23;46;10;56;100;0,37;0,39;0;0,09;94,7;94,7;0,97;0,84
7;StudentAttendanceSystem;transition;649;23;46;15;46;100;0,31;0,76;0;0,14;95,7;95,7;1,42;1,2
7;StudentAttendanceSystem;pair;649;23;46;43;249;100;0,37;0,19;1,5;0,33;96,7;96,7;3,14;2,38
7;StudentAttendanceSystem;state;650;21;41;9;48;100;0,32;0,38;0;0,08;97,7;97,7;0,91;0,78
7;StudentAttendanceSystem;transition;650;21;41;14;41;100;0,28;0,68;0;0,11;97,7;97,7;1,23;1,08
7;StudentAttendanceSystem;pair;650;21;41;38;204;100;0,27;0,17;1,1;0,25;98,7;99,7;2,41;1,79
7;StudentAttendanceSystem;state;651;27;54;11;60;100;0,36;0,49;0;0,1;99,7;99,7;1,14;0,95
7;StudentAttendanceSystem;transition;651;27;54;18;53;100;0,38;0,8;0;0,12;100,7;100,7;1,45;1,3
7;StudentAttendanceSystem;pair;651;27;54;55;307;100;0,27;0,23;1,58;0,35;102,7;102,7;3,12;2,44
7;StudentAttendanceSystem;state;652;26;53;11;61;100;0,26;0,31;0;0,09;103,7;103,7;0,74;0,66
7;StudentAttendanceSystem;transition;652;26;53;18;53;100;0,23;0,65;0;0,18;104,7;104,7;1,21;1,05
7;StudentAttendanceSystem;pair;652;26;53;54;302;100;0,31;0,19;1,57;0,25;105,7;105,7;2,83;2,31
7;StudentAttendanceSystem;state;653;23;43;8;43;100;0,21;0,25;0;0,05;106,7;106,7;0,6;0,51
7;StudentAttendanceSystem;transition;653;23;43;16;42;100;0,26;0,59;0;0,1;107,7;107,7;1,05;0,94
7;StudentAttendanceSystem;pair;653;23;43;39;213;100;0,22;0,12;0,91;0,23;108,7;108,7;1,97;1,49
7;StudentAttendanceSystem;state;654;20;33;8;43;100;0,22;0,29;0;0,04;109,7;109,7;0,64;0,55
7;StudentAttendanceSystem;transition;654;20;33;10;32;100;0,18;0,38;0;0,06;109,7;109,7;0,71;0,62
7;StudentAttendanceSystem;pair;654;20;33;28;152;100;0,18;0,09;0,5;0,12;110,7;110,7;1,32;0,88
7;StudentAttendanceSystem;state;655;17;27;6;32;100;0,2;0,22;0;0,05;111,7;111,7;0,56;0,46
7;StudentAttendanceSystem;transition;655;17;27;9;26;100;0,21;0,48;0;0,05;111,7;111,7;0,84;0,74
7;StudentAttendanceSystem;pair;655;17;27;24;116;100;0,2;0,07;0,38;0,09;112,7;112,7;1,03;0,74
7;StudentAttendanceSystem;state;656;24;44;9;48;100;0,23;0,28;0;0,05;113,7;113,7;0,65;0,57
7;StudentAttendanceSystem;transition;656;24;44;16;43;100;0,23;0,71;0;0,1;113,7;113,7;1,15;1,04
7;StudentAttendanceSystem;pair;656;24;44;39;211;100;0,22;0,15;0,94;0,17;115,7;115,7;1,88;1,47
7;StudentAttendanceSystem;state;657;22;38;8;42;100;0,19;0,21;0;0,04;115,7;115,7;0,52;0,45
7;StudentAttendanceSystem;transition;657;22;38;14;37;100;0,23;0,62;0;0,12;116,7;116,7;1,09;0,96
7;StudentAttendanceSystem;pair;657;22;38;32;168;100;0,25;0,12;0,79;0,2;117,7;117,7;1,8;1,36
7;StudentAttendanceSystem;state;658;29;58;14;77;100;0,36;0,5;0;0,12;118,7;118,7;1,12;0,98
7;StudentAttendanceSystem;transition;658;29;58;18;57;100;0,25;0,72;0;0,12;119,7;119,7;1,25;1,08
7;StudentAttendanceSystem;pair;658;29;58;49;292;100;0,25;0,21;1,34;0,33;120,7;121,7;2,65;2,12
7;StudentAttendanceSystem;state;659;20;37;8;39;100;0,18;0,21;0;0,03;121,7;121,7;0,48;0,42
7;StudentAttendanceSystem;transition;659;20;37;15;37;100;0,16;0,62;0;0,14;122,7;122,7;1,06;0,92
7;StudentAttendanceSystem;pair;659;20;37;32;161;100;0,28;0,15;0,93;0,23;123,7;123,7;2,08;1,58
7;StudentAttendanceSystem;state;660;22;37;8;43;100;0,28;0,32;0;0,06;123,7;123,7;0,76;0,66
7;StudentAttendanceSystem;transition;660;22;37;12;36;100;0,29;0,6;0;0,1;124,7;124,7;1,11;0,99
7;StudentAttendanceSystem;pair;660;22;37;33;176;100;0,26;0,16;0,98;0,23;125,7;125,7;2,12;1,62
7;StudentAttendanceSystem;state;661;24;46;9;49;100;0,32;0,41;0;0,08;126,7;126,7;0,93;0,81
7;StudentAttendanceSystem;transition;661;24;46;15;45;100;0,29;0,88;0;0,16;127,7;127,7;1,49;1,33
7;StudentAttendanceSystem;pair;661;24;46;45;247;100;0,32;0,2;1,51;0,33;128,7;128,7;3,03;2,36
7;StudentAttendanceSystem;state;662;25;53;11;58;100;0,33;0,45;0;0,09;129,7;129,7;0,98;0,87
7;StudentAttendanceSystem;transition;662;25;53;17;53;100;0,34;0,83;0;0,18;129,7;130,7;1,51;1,35
7;StudentAttendanceSystem;pair;662;25;53;50;288;100;0,32;0,25;1,63;0,24;131,7;131,7;3,04;2,44
7;StudentAttendanceSystem;state;663;20;38;8;43;100;0,22;0,25;0;0,04;132,7;132,7;0,59;0,52
7;StudentAttendanceSystem;transition;663;20;38;12;38;100;0,19;0,4;0;0,08;132,7;133,7;0,75;0,67
7;StudentAttendanceSystem;pair;663;20;38;34;200;100;0,19;0,11;0,73;0,16;134,7;134,7;1,53;1,18
7;StudentAttendanceSystem;state;664;25;49;11;57;100;0,25;0,28;0;0,06;134,7;134,7;0,68;0,59
7;StudentAttendanceSystem;transition;664;25;49;18;48;100;0,24;0,69;0;0,1;135,7;135,7;1,15;1,03
7;StudentAttendanceSystem;pair;664;25;49;44;238;100;0,22;0,19;1,23;0,32;136,7;137,7;2,69;1,96
7;StudentAttendanceSystem;state;665;25;52;12;65;100;0,35;0,43;0;0,1;137,7;137,7;1;0,88
7;StudentAttendanceSystem;transition;665;25;52;17;52;100;0,36;0,86;0;0,16;138,7;138,7;1,58;1,39
7;StudentAttendanceSystem;pair;665;25;52;45;267;100;0,33;0,25;1,56;0,37;140,7;140,7;3,23;2,51
7;StudentAttendanceSystem;state;666;26;48;10;56;100;0,39;0,43;0;0,1;140,7;141,7;1,09;0,92
7;StudentAttendanceSystem;transition;666;26;48;16;47;100;0,31;0,59;0;0,1;141,7;141,7;1,12;1
7;StudentAttendanceSystem;pair;666;26;48;38;216;100;0,23;0,14;0,8;0,18;142,7;143,7;1,86;1,35
7;StudentAttendanceSystem;state;667;17;29;7;37;100;0,16;0,19;0;0,03;143,7;143,7;0,45;0,38
7;StudentAttendanceSystem;transition;667;17;29;9;29;100;0,15;0,38;0;0,05;144,7;144,7;0,66;0,58
7;StudentAttendanceSystem;pair;667;17;29;27;143;100;0,15;0,08;0,44;0,1;145,7;145,7;1,36;0,78
7;StudentAttendanceSystem;state;668;18;33;7;36;100;0,2;0,22;0;0,03;145,7;145,7;0,52;0,45
7;StudentAttendanceSystem;transition;668;18;33;11;33;100;0,16;0,38;0;0,09;146,7;146,7;0,72;0,63
7;StudentAttendanceSystem;pair;668;18;33;29;159;100;0,17;0,09;0,72;0,18;147,7;147,7;1,56;1,16
7;StudentAttendanceSystem;state;669;23;42;10;54;100;0,29;0,34;0;0,05;147,7;147,7;0,77;0,68
7;StudentAttendanceSystem;transition;669;23;42;14;42;100;0,26;0,49;0;0,08;148,7;148,7;0,92;0,83
7;StudentAttendanceSystem;pair;669;23;42;40;206;100;0,23;0,12;0,75;0,17;149,7;150,7;1,66;1,26
7;StudentAttendanceSystem;state;670;19;37;8;39;100;0,17;0,19;0;0,03;150,7;150,7;0,46;0,39
7;StudentAttendanceSystem;transition;670;19;37;14;37;100;0,19;0,38;0;0,07;151,7;151,7;0,72;0,63
7;StudentAttendanceSystem;pair;670;19;37;34;180;100;0,16;0,16;0,64;0,14;152,7;152,7;1,42;1,11
7;StudentAttendanceSystem;state;671;19;31;7;37;100;0,17;0,2;0;0,04;152,7;152,7;0,48;0,41
7;StudentAttendanceSystem;transition;671;19;31;10;30;100;0,16;0,35;0;0,08;153,7;153,7;0,69;0,59
7;StudentAttendanceSystem;pair;671;19;31;24;130;100;0,16;0,08;2,3;0,11;154,79;5,79;2,95;2,65
7;StudentAttendanceSystem;state;672;23;44;9;50;100;0,22;0,29;0;0,05;5,79;5,79;0,63;0,56
7;StudentAttendanceSystem;transition;672;23;44;15;44;100;0,24;0,52;0;0,09;6,79;6,79;0,95;0,85
7;StudentAttendanceSystem;pair;672;23;44;38;212;100;0,2;0,14;0,8;0,17;7,79;8,79;1,7;1,31
7;StudentAttendanceSystem;state;673;25;49;10;56;100;0,24;0,28;0;0,05;8,79;8,79;0,65;0,58
7;StudentAttendanceSystem;transition;673;25;49;16;49;100;0,21;0,54;0;0,11;9,79;9,79;0,98;0,86
7;StudentAttendanceSystem;pair;673;25;49;42;244;100;0,25;0,2;0,97;0,29;10,79;11,79;2,18;1,7
7;StudentAttendanceSystem;state;674;23;40;10;56;100;0,2;0,25;0;0,05;11,79;11,79;0,57;0,5
7;StudentAttendanceSystem;transition;674;23;40;12;39;100;0,19;0,47;0;0,08;12,79;12,79;0,84;0,73
7;StudentAttendanceSystem;pair;674;23;40;35;190;100;0,19;0,14;0,73;0,16;13,79;13,79;1,59;1,22
7;StudentAttendanceSystem;state;675;14;22;5;23;100;0,17;0,17;0;0,02;13,79;13,79;0,46;0,36
7;StudentAttendanceSystem;transition;675;14;22;7;22;100;0,13;0,23;0;0,03;14,79;14,79;0,46;0,39
7;StudentAttendanceSystem;pair;675;14;22;20;92;100;0,15;0,05;0,28;0,08;14,79;15,79;0,84;0,56
7;StudentAttendanceSystem;state;676;25;46;10;51;100;0,2;0,25;0;0,05;15,79;15,79;0,57;0,5
7;StudentAttendanceSystem;transition;676;25;46;16;45;100;0,24;0,57;0;0,1;16,79;16,79;1,02;0,92
7;StudentAttendanceSystem;pair;676;25;46;40;225;100;0,2;0,14;1,19;0,19;17,79;17,79;2,2;1,72
7;StudentAttendanceSystem;state;677;24;45;9;46;100;0,22;0,33;0;0,07;18,79;18,79;0,74;0,63
7;StudentAttendanceSystem;transition;677;24;45;17;44;100;0,26;0,66;0;0,1;19,79;19,79;1,15;1,01
7;StudentAttendanceSystem;pair;677;24;45;37;202;100;0,2;0,13;0,83;0,18;20,79;20,79;1,75;1,33
7;StudentAttendanceSystem;state;678;22;39;9;49;100;0,19;0,27;0;0,04;21,79;21,79;0,58;0,51
7;StudentAttendanceSystem;transition;678;22;39;13;38;100;0,18;0,47;0;0,09;21,79;21,79;0,83;0,74
7;StudentAttendanceSystem;pair;678;22;39;32;176;100;0,23;0,11;0,6;0,14;22,79;22,79;1,48;1,09
7;StudentAttendanceSystem;state;679;28;56;13;74;100;0,24;0,34;0;0,07;23,79;23,79;0,73;0,65
7;StudentAttendanceSystem;transition;679;28;56;17;55;100;0,24;0,69;0;0,12;24,79;24,79;1,16;1,05
7;StudentAttendanceSystem;pair;679;28;56;51;303;100;0,23;0,19;1,38;0,25;25,79;26,79;2,57;2,06
7;StudentAttendanceSystem;state;680;24;46;10;54;100;0,34;0,31;0;0,06;26,79;26,79;0,79;0,7
7;StudentAttendanceSystem;transition;680;24;46;16;45;100;0,21;0,57;0;0,1;27,79;27,79;1;0,88
7;StudentAttendanceSystem;pair;680;24;46;42;228;100;0,32;0,2;1,36;0,34;28,79;29,79;2,89;2,22
7;StudentAttendanceSystem;state;681;19;30;7;37;100;0,27;0,29;0;0,05;29,79;29,79;0,72;0,62
7;StudentAttendanceSystem;transition;681;19;30;11;29;100;0,22;0,53;0;0,09;30,79;30,79;0,95;0,84
7;StudentAttendanceSystem;pair;681;19;30;22;106;100;0,22;0,1;0,5;0,14;30,79;31,79;1,39;0,97
7;StudentAttendanceSystem;state;682;23;45;9;48;100;0,2;0,28;0;0,05;31,79;31,79;0,61;0,53
7;StudentAttendanceSystem;transition;682;23;45;16;44;100;0,26;0,56;0;0,1;32,79;32,79;1,03;0,92
7;StudentAttendanceSystem;pair;682;23;45;43;241;100;0,21;0,13;0,94;0,23;33,79;33,79;1,92;1,5
7;StudentAttendanceSystem;state;683;29;58;12;68;100;0,32;0,36;0;0,1;34,79;34,79;0,91;0,78
7;StudentAttendanceSystem;transition;683;29;58;19;57;100;0,23;0,69;0;0,13;35,79;35,79;1,16;1,04
7;StudentAttendanceSystem;pair;683;29;58;48;285;100;0,24;0,32;1,62;0,28;36,79;37,79;2,99;2,46
7;StudentAttendanceSystem;state;684;16;29;7;32;100;0,19;0,18;0;0,04;37,79;37,79;0,49;0,41
7;StudentAttendanceSystem;transition;684;16;29;11;29;100;0,16;0,35;0;0,05;38,79;38,79;0,65;0,56
7;StudentAttendanceSystem;pair;684;16;29;23;116;100;0,19;0,08;0,46;0,13;39,79;39,79;1,17;0,85
7;StudentAttendanceSystem;state;685;25;46;11;62;100;0,26;0,36;0;0,08;39,79;39,79;0,81;0,7
7;StudentAttendanceSystem;transition;685;25;46;14;45;100;0,29;0,73;0;0,16;40,79;40,79;1,35;1,19
7;StudentAttendanceSystem;pair;685;25;46;41;233;100;0,36;0,28;1,4;0,35;41,79;42,79;3,05;2,39
7;StudentAttendanceSystem;state;686;25;46;10;53;100;0,22;0,26;0;0,06;42,79;42,79;0,62;0,54
7;StudentAttendanceSystem;transition;686;25;46;16;45;100;0,22;0,63;0;0,11;43,79;43,79;1,1;0,96
7;StudentAttendanceSystem;pair;686;25;46;45;247;100;0,21;0,13;1,21;0,2;44,79;44,79;2,18;1,75
7;StudentAttendanceSystem;state;687;20;33;7;36;100;0,18;0,2;0;0,03;45,79;45,79;0,49;0,42
7;StudentAttendanceSystem;transition;687;20;33;13;32;100;0,16;0,5;0;0,08;45,79;46,79;0,83;0,74
7;StudentAttendanceSystem;pair;687;20;33;28;132;100;0,16;0,09;0,54;0,14;46,79;47,79;1,22;0,93
7;StudentAttendanceSystem;state;688;16;28;6;31;100;0,15;0,19;0;0,03;47,79;47,79;0,45;0,37
7;StudentAttendanceSystem;transition;688;16;28;9;28;100;0,16;0,37;0;0,05;47,79;47,79;0,68;0,58
7;StudentAttendanceSystem;pair;688;16;28;27;139;100;0,16;0,12;0,49;0,14;48,79;48,79;1,21;0,9
7;StudentAttendanceSystem;state;689;27;54;12;67;100;0,26;0,34;0;0,1;49,79;49,79;0,83;0,7
7;StudentAttendanceSystem;transition;689;27;54;17;54;100;0,24;0,73;0;0,18;50,79;50,79;1,31;1,15
7;StudentAttendanceSystem;pair;689;27;54;45;265;100;0,34;0,31;1,25;0,3;51,79;52,79;2,88;2,19
7;StudentAttendanceSystem;state;690;28;57;13;69;100;0,25;0,38;0;0,08;52,79;52,79;0,81;0,71
7;StudentAttendanceSystem;transition;690;28;57;19;56;100;0,31;0,7;0;0,13;53,79;53,79;1,28;1,14
7;StudentAttendanceSystem;pair;690;28;57;47;276;100;0,31;0,27;1,35;0,26;55,79;55,79;2,87;2,2
7;StudentAttendanceSystem;state;691;23;46;9;48;100;0,33;0,29;0;0,07;55,79;56,79;0,78;0,68
7;StudentAttendanceSystem;transition;691;23;46;17;46;100;0,27;0,61;0;0,1;56,79;56,79;1,09;0,98
7;StudentAttendanceSystem;pair;691;23;46;45;249;100;0,25;0,17;1,13;0,31;57,79;58,79;2,48;1,87
7;StudentAttendanceSystem;state;692;22;41;8;42;100;0,24;0,27;0;0,05;58,79;58,79;0,67;0,56
7;StudentAttendanceSystem;transition;692;22;41;14;40;100;0,25;0,48;0;0,11;59,79;59,79;0,95;0,84
7;StudentAttendanceSystem;pair;692;22;41;42;226;100;0,19;0,17;1,2;0,31;60,79;60,79;2,31;1,87
7;StudentAttendanceSystem;state;693;23;42;10;53;100;0,26;0,27;0;0,06;61,79;61,79;0,67;0,58
7;StudentAttendanceSystem;transition;693;23;42;15;41;100;0,27;0,56;0;0,1;62,79;62,79;1,05;0,93
7;StudentAttendanceSystem;pair;693;23;42;35;188;100;0,27;0,14;1,04;0,31;63,79;63,79;2,35;1,76
7;StudentAttendanceSystem;state;694;18;31;7;36;100;0,27;0,31;0;0,06;63,79;63,79;0,76;0,64
7;StudentAttendanceSystem;transition;694;18;31;11;30;100;0,25;0,59;0;0,13;64,79;64,79;1,13;0,98
7;StudentAttendanceSystem;pair;694;18;31;25;131;100;0,25;0,14;0,7;0,18;65,79;65,79;1,79;1,27
7;StudentAttendanceSystem;state;695;15;23;5;24;100;0,2;0,24;0;0,04;65,79;65,79;0,6;0,49
7;StudentAttendanceSystem;transition;695;15;23;7;23;100;0,21;0,38;0;0,05;66,79;66,79;0,75;0,64
7;StudentAttendanceSystem;pair;695;15;23;21;97;100;0,26;0,08;0,47;0,12;67,79;67,79;1,32;0,93
7;StudentAttendanceSystem;state;696;26;50;11;62;100;0,39;0,5;0;0,1;67,79;67,79;1,13;0,99
7;StudentAttendanceSystem;transition;696;26;50;16;49;100;0,43;0,94;0;0,18;68,79;68,79;1,73;1,55
7;StudentAttendanceSystem;pair;696;26;50;44;258;100;0,35;0,24;1,54;0,44;69,79;70,79;3,39;2,57
7;StudentAttendanceSystem;state;697;22;40;9;49;100;0,3;0,36;0;0,07;70,79;70,79;0,84;0,73
7;StudentAttendanceSystem;transition;697;22;40;13;40;100;0,27;0,67;0;0,12;71,79;71,79;1,19;1,07
7;StudentAttendanceSystem;pair;697;22;40;36;192;100;0,28;0,16;1,04;0,24;72,79;72,79;2,32;1,72
7;StudentAttendanceSystem;state;698;18;30;7;35;100;0,25;0,31;0;0,06;73,79;73,79;0,74;0,62
7;StudentAttendanceSystem;transition;698;18;30;11;29;100;0,23;0,49;0;0,08;73,79;73,79;0,92;0,81
7;StudentAttendanceSystem;pair;698;18;30;26;125;100;0,21;0,11;0,63;0,16;74,79;74,79;1,5;1,1
7;StudentAttendanceSystem;state;699;20;36;8;43;100;0,29;0,3;0;0,07;75,79;75,79;0,76;0,65
7;StudentAttendanceSystem;transition;699;20;36;12;36;100;0,25;0,4;0;0,07;75,79;75,79;0,81;0,71
7;StudentAttendanceSystem;pair;699;20;36;28;160;100;0,18;0,1;0,56;0,15;76,79;76,79;1,36;1
7;StudentAttendanceSystem;state;700;27;55;12;67;100;0,28;0,3;0;0,07;77,79;77,79;0,72;0,64
7;StudentAttendanceSystem;transition;700;27;55;18;55;100;0,26;0,74;0;0,11;78,79;78,79;1,34;1,11
7;StudentAttendanceSystem;pair;700;27;55;48;276;100;0,24;0,19;1,36;0,24;79,79;80,79;2,49;2,03
7;StudentAttendanceSystem;state;701;26;53;11;61;100;0,31;0,33;0;0,07;80,79;80,79;0,8;0,71
7;StudentAttendanceSystem;transition;701;26;53;17;52;100;0,23;0,59;0;0,11;81,79;81,79;1,03;0,93
7;StudentAttendanceSystem;pair;701;26;53;46;270;100;0,24;0,17;1,36;0,4;82,79;83,79;2,76;2,16
7;StudentAttendanceSystem;state;702;15;24;5;24;100;0,24;0,29;0;0,04;83,79;83,79;0,69;0,58
7;StudentAttendanceSystem;transition;702;15;24;8;24;100;0,2;0,45;0;0,06;84,79;84,79;0,83;0,71
7;StudentAttendanceSystem;pair;702;15;24;25;112;100;0,2;0,07;0,54;0,14;84,79;85,79;1,41;0,96
7;StudentAttendanceSystem;state;703;27;54;12;63;100;0,33;0,46;0;0,11;85,79;85,79;1,04;0,91
7;StudentAttendanceSystem;transition;703;27;54;19;53;100;0,34;1,01;0;0,19;86,79;86,79;1,7;1,54
7;StudentAttendanceSystem;pair;703;27;54;48;274;100;0,34;0,22;1,44;0,36;87,79;88,79;3,17;2,36
7;StudentAttendanceSystem;state;704;24;46;10;55;100;0,4;0,42;0;0,1;88,79;88,79;1,09;0,93
7;StudentAttendanceSystem;transition;704;24;46;16;46;100;0,33;0,7;0;0,1;89,79;89,79;1,26;1,13
7;StudentAttendanceSystem;pair;704;24;46;41;221;100;0,26;0,15;0,93;0,22;90,79;91,79;2,1;1,57
7;StudentAttendanceSystem;state;705;27;52;11;59;100;0,29;0,32;0;0,06;91,79;91,79;0,77;0,68
7;StudentAttendanceSystem;transition;705;27;52;19;51;100;0,33;1,05;0;0,2;92,79;92,79;1,76;1,58
7;StudentAttendanceSystem;pair;705;27;52;43;241;100;0,4;0,18;0,98;0,21;93,79;94,79;2,26;1,77
7;StudentAttendanceSystem;state;706;27;53;12;68;100;0,25;0,35;0;0,07;94,79;94,79;0,75;0,67
7;StudentAttendanceSystem;transition;706;27;53;16;52;100;0,24;0,68;0;0,13;95,79;95,79;1,19;1,06
7;StudentAttendanceSystem;pair;706;27;53;44;266;100;0,26;0,17;1,12;0,26;96,79;97,79;2,32;1,8
7;StudentAttendanceSystem;state;707;25;48;11;58;100;0,23;0,3;0;0,07;97,79;97,79;0,7;0,61
7;StudentAttendanceSystem;transition;707;25;48;17;48;100;0,26;0,59;0;0,1;98,79;98,79;1,08;0,95
7;StudentAttendanceSystem;pair;707;25;48;39;215;100;0,21;0,15;0,96;0,27;99,79;100,79;2,17;1,59
7;StudentAttendanceSystem;state;708;21;35;8;40;100;0,24;0,24;0;0,05;100,79;100,79;0,63;0,53
7;StudentAttendanceSystem;transition;708;21;35;13;34;100;0,17;0,45;0;0,08;101,79;101,79;0,81;0,7
7;StudentAttendanceSystem;pair;708;21;35;29;142;100;0,2;0,12;0,55;0,16;102,79;102,79;1,42;1,02
7;StudentAttendanceSystem;state;709;21;38;9;48;100;0,25;0,26;0;0,05;102,79;102,79;0,66;0,57
7;StudentAttendanceSystem;transition;709;21;38;13;38;100;0,27;0,63;0;0,12;103,79;103,79;1,18;1,02
7;StudentAttendanceSystem;pair;709;21;38;32;165;100;0,27;0,14;0,81;0,25;104,79;104,79;1,98;1,48
7;StudentAttendanceSystem;state;710;22;40;9;49;100;0,3;0,39;0;0,08;105,79;105,79;0,88;0,77
7;StudentAttendanceSystem;transition;710;22;40;13;40;100;0,3;0,61;0;0,1;105,79;105,79;1,12;1
7;StudentAttendanceSystem;pair;710;22;40;36;192;100;0,29;0,15;1,03;0,27;106,79;107,79;2,35;1,73
7;StudentAttendanceSystem;state;711;18;33;7;36;100;0,26;0,29;0;0,06;107,79;107,79;0,73;0,61
7;StudentAttendanceSystem;transition;711;18;33;11;33;100;0,24;0,5;0;0,08;108,79;108,79;0,96;0,83
7;StudentAttendanceSystem;pair;711;18;33;29;159;100;0,24;0,16;0,8;0,23;109,79;109,79;1,88;1,42
7;StudentAttendanceSystem;state;712;26;51;10;54;100;0,43;0,49;0;0,1;109,79;109,79;1,15;1,01
7;StudentAttendanceSystem;transition;712;26;51;18;50;100;0,4;0,97;0;0,18;110,79;110,79;1,7;1,55
7;StudentAttendanceSystem;pair;712;26;51;52;292;100;0,35;0,24;1,83;0,41;112,79;112,79;3,52;2,83
7;StudentAttendanceSystem;state;713;24;43;9;50;100;0,34;0,6;0;0,07;112,79;113,79;1,14;1,01
7;StudentAttendanceSystem;transition;713;24;43;15;42;100;0,22;0,77;0;0,12;113,79;113,79;1,34;1,12
7;StudentAttendanceSystem;pair;713;24;43;34;186;100;0,24;0,17;0,76;0,18;114,79;115,79;1,75;1,35
7;StudentAttendanceSystem;state;714;25;47;10;51;100;0,22;0,28;0;0,05;115,79;115,79;0,63;0,55
7;StudentAttendanceSystem;transition;714;25;47;17;46;100;0,24;0,81;0;0,16;116,79;116,79;1,38;1,21
7;StudentAttendanceSystem;pair;714;25;47;44;243;100;0,39;0,2;1,37;0,31;117,79;118,79;2,93;2,27
7;StudentAttendanceSystem;state;715;27;56;12;64;100;0,38;0,57;0;0,12;118,79;118,79;1,2;1,06
7;StudentAttendanceSystem;transition;715;27;56;21;56;100;0,39;1,06;0;0,19;119,79;119,79;1,84;1,64
7;StudentAttendanceSystem;pair;715;27;56;53;293;100;0,39;0,28;1,97;0,45;120,79;121,79;3,97;3,1
7;StudentAttendanceSystem;state;716;24;50;11;60;100;0,38;0,51;0;0,1;121,79;121,79;1,15;0,99
7;StudentAttendanceSystem;transition;716;24;50;16;50;100;0,35;0,79;0;0,15;122,79;122,79;1,47;1,29
7;StudentAttendanceSystem;pair;716;24;50;45;259;100;0,31;0,22;1,65;0,44;124,79;124,79;3,34;2,62
7;StudentAttendanceSystem;state;717;18;33;8;41;100;0,31;0,32;0;0,06;124,79;124,79;0,83;0,69
7;StudentAttendanceSystem;transition;717;18;33;11;33;100;0,27;0,53;0;0,09;125,79;125,79;1,08;0,89
7;StudentAttendanceSystem;pair;717;18;33;29;148;100;0,24;0,12;0,76;0,18;126,79;126,79;1,77;1,31
7;StudentAttendanceSystem;state;718;25;51;12;65;100;0,36;0,48;0;0,1;127,79;127,79;1,08;0,94
7;StudentAttendanceSystem;transition;718;25;51;16;51;100;0,47;0,9;0;0,15;127,79;127,79;1,74;1,53
7;StudentAttendanceSystem;pair;718;25;51;43;255;100;0,37;0,26;1,39;0,39;129,79;129,79;3,1;2,4
7;StudentAttendanceSystem;state;719;19;33;8;38;100;0,26;0,28;0;0,08;129,79;130,79;0,75;0,63
7;StudentAttendanceSystem;transition;719;19;33;13;33;100;0,24;0,55;0;0,1;130,79;130,79;1,04;0,89
7;StudentAttendanceSystem;pair;719;19;33;31;146;100;0,22;0,16;0,64;0,22;131,79;131,79;1,7;1,23
7;StudentAttendanceSystem;state;720;26;51;11;62;100;0,42;0,51;0;0,11;132,79;132,79;1,16;1,04
7;StudentAttendanceSystem;transition;720;26;51;17;50;100;0,38;1,06;0;0,21;132,79;133,79;1,83;1,64
7;StudentAttendanceSystem;pair;720;26;51;47;273;100;0,37;0,17;1,75;0,37;134,79;134,79;3,42;2,66
7;StudentAttendanceSystem;state;721;21;40;8;42;100;0,29;0,26;0;0,05;135,79;135,79;0,68;0,6
7;StudentAttendanceSystem;transition;721;21;40;15;40;100;0,28;0,57;0;0,13;135,79;136,79;1,11;0,98
7;StudentAttendanceSystem;pair;721;21;40;38;202;100;0,24;0,12;0,95;0,19;137,79;137,79;1,99;1,5
7;StudentAttendanceSystem;state;722;31;63;14;78;100;0,44;0,57;0;0,15;137,79;138,79;1,33;1,15
7;StudentAttendanceSystem;transition;722;31;63;21;62;100;0,45;1,17;0;0,16;138,79;139,79;1,94;1,78
7;StudentAttendanceSystem;pair;722;31;63;61;347;100;0,3;0,25;2,12;0,46;140,79;141,79;4,03;3,13
7;StudentAttendanceSystem;state;723;21;40;9;48;100;0,22;0,34;0;0,06;141,79;141,79;0,72;0,61
7;StudentAttendanceSystem;transition;723;21;40;13;40;100;0,23;0,51;0;0,1;142,79;142,79;0,96;0,84
7;StudentAttendanceSystem;pair;723;21;40;35;193;100;0,28;0,12;0,94;0,19;143,79;143,79;2;1,53
7;StudentAttendanceSystem;state;724;27;54;12;68;100;0,39;0,6;0;0,1;144,79;144,79;1,24;1,09
7;StudentAttendanceSystem;transition;724;27;54;17;53;100;0,29;0,73;0;0,16;144,79;145,79;1,35;1,18
7;StudentAttendanceSystem;pair;724;27;54;47;281;100;0,27;0,18;1,59;0,27;146,79;146,79;2,84;2,31
7;StudentAttendanceSystem;state;725;22;40;9;50;100;0,25;0,25;0;0,07;147,79;147,79;0,7;0,57
7;StudentAttendanceSystem;transition;725;22;40;13;39;100;0,34;0,79;0;0,13;148,79;148,79;1,42;1,26
7;StudentAttendanceSystem;pair;725;22;40;38;214;100;0,32;0,12;1,09;0,39;149,79;149,79;2,65;1,92
7;StudentAttendanceSystem;state;726;23;40;9;45;100;0,32;0,36;0;0,07;149,79;149,79;0,87;0,75
7;StudentAttendanceSystem;transition;726;23;40;15;39;100;0,29;0,76;0;0,14;150,79;150,79;1,34;1,18
7;StudentAttendanceSystem;pair;726;23;40;30;159;100;0,35;0,17;0,95;0,21;151,79;151,79;2,35;1,68
7;StudentAttendanceSystem;state;727;28;57;13;69;100;0,38;0,48;0;0,13;152,79;152,79;1,12;0,99
7;StudentAttendanceSystem;transition;727;28;57;19;56;100;0,37;1,18;0;0,19;153,79;153,79;1,95;1,74
7;StudentAttendanceSystem;pair;727;28;57;47;277;100;0,35;2,51;1,4;0,27;154,79;6,79;5,28;4,53
7;StudentAttendanceSystem;state;728;23;48;10;55;100;0,27;0,32;0;0,08;6,79;6,79;0,76;0,67
7;StudentAttendanceSystem;transition;728;23;48;15;48;100;0,22;0,51;0;0,1;7,79;7,79;0,93;0,83
7;StudentAttendanceSystem;pair;728;23;48;42;246;100;0,24;0,2;1,22;0,28;8,79;9,79;2,46;1,94
7;StudentAttendanceSystem;state;729;24;45;10;54;100;0,34;0,35;0;0,07;9,79;9,79;0,86;0,76
7;StudentAttendanceSystem;transition;729;24;45;15;44;100;0,29;0,67;0;0,12;10,79;10,79;1,23;1,08
7;StudentAttendanceSystem;pair;729;24;45;39;217;100;0,27;0,17;1,15;0,25;11,79;11,79;2,4;1,84
7;StudentAttendanceSystem;state;730;20;31;7;37;100;0,26;0,26;0;0,05;12,79;12,79;0,68;0,57
7;StudentAttendanceSystem;transition;730;20;31;10;30;100;0,2;0,46;0;0,07;12,79;12,79;0,85;0,74
7;StudentAttendanceSystem;pair;730;20;31;25;125;100;0,22;0,1;0,53;0,17;13,79;13,79;1,37;1,02
7;StudentAttendanceSystem;state;731;29;58;12;67;100;0,32;0,41;0;0,09;14,79;14,79;0,92;0,82
7;StudentAttendanceSystem;transition;731;29;58;21;57;100;0,31;0,88;0;0,17;15,79;15,79;1,5;1,36
7;StudentAttendanceSystem;pair;731;29;58;55;307;100;0,31;0,24;1,92;0,38;16,79;17,79;3,57;2,86
7;StudentAttendanceSystem;state;732;23;43;9;45;100;0,27;0,33;0;0,08;17,79;17,79;0,79;0,69
7;StudentAttendanceSystem;transition;732;23;43;15;42;100;0,29;0,58;0;0,11;18,79;18,79;1,11;0,99
7;StudentAttendanceSystem;pair;732;23;43;40;219;100;0,24;0,16;1,02;0,25;19,79;20,79;2,18;1,67
7;StudentAttendanceSystem;state;733;20;35;8;39;100;0,22;0,38;0;0,05;20,79;20,79;0,75;0,66
7;StudentAttendanceSystem;transition;733;20;35;13;35;100;0,22;0,5;0;0,08;21,79;21,79;0,9;0,8
7;StudentAttendanceSystem;pair;733;20;35;26;135;100;0,21;0,12;0,63;0,11;21,79;22,79;1,46;1,07
7;StudentAttendanceSystem;state;734;24;44;11;59;100;0,25;0,29;0;0,09;22,79;22,79;0,73;0,62
7;StudentAttendanceSystem;transition;734;24;44;15;43;100;0,32;0,73;0;0,17;23,79;23,79;1,39;1,22
7;StudentAttendanceSystem;pair;734;24;44;38;205;100;0,34;0,19;1,1;0,2;24,79;24,79;2,41;1,84
7;StudentAttendanceSystem;state;735;22;37;8;42;100;0,31;0,28;0;0,06;25,79;25,79;0,76;0,65
7;StudentAttendanceSystem;transition;735;22;37;13;36;100;0,33;0,57;0;0,09;25,79;26,79;1,1;0,98
7;StudentAttendanceSystem;pair;735;22;37;29;153;100;0,19;0,12;0,75;0,16;26,79;27,79;1,62;1,23
7;StudentAttendanceSystem;state;736;20;35;7;36;100;0,18;0,25;0;0,06;27,79;27,79;0,61;0,5
7;StudentAttendanceSystem;transition;736;20;35;12;34;100;0,27;0,57;0;0,11;28,79;28,79;1,1;0,95
7;StudentAttendanceSystem;pair;736;20;35;35;179;100;0,2;0,15;0,7;0,18;29,79;29,79;1,64;1,23
7;StudentAttendanceSystem;state;737;22;37;8;43;100;0,2;0,22;0;0,04;29,79;29,79;0,58;0,46
7;StudentAttendanceSystem;transition;737;22;37;12;36;100;0,24;0,56;0;0,08;30,79;30,79;0,99;0,88
7;StudentAttendanceSystem;pair;737;22;37;32;172;100;0,24;0,13;0,87;0,17;31,79;31,79;1,92;1,42
7;StudentAttendanceSystem;state;738;25;49;11;58;100;0,26;0,38;0;0,19;32,79;32,79;0,95;0,83
7;StudentAttendanceSystem;transition;738;25;49;18;49;100;0,33;0,76;0;0,1;33,79;33,79;1,32;1,19
7;StudentAttendanceSystem;pair;738;25;49;43;231;100;0,22;0,16;1,09;0,2;34,79;34,79;2,14;1,68
7;StudentAttendanceSystem;state;739;20;39;9;47;100;0,27;0,25;0;0,11;35,79;35,79;0,72;0,63
7;StudentAttendanceSystem;transition;739;20;39;13;39;100;0,18;0,44;0;0,11;35,79;35,79;0,82;0,73
7;StudentAttendanceSystem;pair;739;20;39;35;191;100;0,2;0,11;0,81;0,17;36,79;37,79;1,75;1,29
7;StudentAttendanceSystem;state;740;17;28;6;31;100;0,22;0,28;0;0,03;37,79;37,79;0,63;0,53
7;StudentAttendanceSystem;transition;740;17;28;10;28;100;0,23;0,34;0;0,06;38,79;38,79;0,79;0,63
7;StudentAttendanceSystem;pair;740;17;28;27;127;100;0,16;0,12;0,58;0,16;38,79;39,79;1,45;1,02
7;StudentAttendanceSystem;state;741;22;40;9;48;100;0,19;0,24;0;0,05;39,79;39,79;0,56;0,48
7;StudentAttendanceSystem;transition;741;22;40;14;39;100;0,23;0,49;0;0,1;40,79;40,79;0,94;0,83
7;StudentAttendanceSystem;pair;741;22;40;36;185;100;0,19;0,11;0,79;0,19;41,79;41,79;1,65;1,29
7;StudentAttendanceSystem;state;742;20;38;9;46;100;0,25;0,3;0;0,05;41,79;42,79;0,72;0,6
7;StudentAttendanceSystem;transition;742;20;38;13;38;100;0,22;0,42;0;0,07;42,79;42,79;0,82;0,71
7;StudentAttendanceSystem;pair;742;20;38;36;199;100;0,2;0,14;0,8;0,26;43,79;43,79;1,82;1,4
7;StudentAttendanceSystem;state;743;24;47;10;53;100;0,34;0,32;0;0,06;44,79;44,79;0,81;0,72
7;StudentAttendanceSystem;transition;743;24;47;17;47;100;0,27;0,56;0;0,12;45,79;45,79;1,08;0,95
7;StudentAttendanceSystem;pair;743;24;47;39;217;100;0,21;0,13;0,89;0,19;46,79;46,79;1,89;1,43
7;StudentAttendanceSystem;state;744;31;63;14;76;100;0,29;0,34;0;0,1;47,79;47,79;0,84;0,73
7;StudentAttendanceSystem;transition;744;31;63;22;62;100;0,32;0,75;0;0,14;48,79;48,79;1,32;1,21
7;StudentAttendanceSystem;pair;744;31;63;53;309;100;0,66;0,25;1,67;0,37;49,79;50,79;3,54;2,95
7;StudentAttendanceSystem;state;745;20;38;8;41;100;0,2;0,21;0;0,04;50,79;50,79;0,51;0,44
7;StudentAttendanceSystem;transition;745;20;38;14;38;100;0,18;0,58;0;0,14;51,79;51,79;1,02;0,9
7;StudentAttendanceSystem;pair;745;20;38;35;189;100;0,23;0,11;0,8;0,22;52,79;52,79;1,79;1,37
7;StudentAttendanceSystem;state;746;19;32;7;36;100;0,2;0,2;0;0,03;53,79;53,79;0,53;0,44
7;StudentAttendanceSystem;transition;746;19;32;11;32;100;0,18;0,36;0;0,06;53,79;53,79;0,71;0,6
7;StudentAttendanceSystem;pair;746;19;32;24;126;100;0,25;0,1;0,46;0,1;54,79;54,79;1,29;0,91
7;StudentAttendanceSystem;state;747;23;41;9;47;100;0,23;0,23;0;0,09;55,79;55,79;0,62;0,55
7;StudentAttendanceSystem;transition;747;23;41;15;40;100;0,24;0,64;0;0,1;55,79;56,79;1,1;0,99
7;StudentAttendanceSystem;pair;747;23;41;40;206;100;0,2;0,12;0,79;0,19;57,79;57,79;1,66;1,29
7;StudentAttendanceSystem;state;748;28;56;13;71;100;0,24;0,3;0;0,08;57,79;58,79;0,7;0,62
7;StudentAttendanceSystem;transition;748;28;56;18;55;100;0,23;0,61;0;0,18;58,79;58,79;1,13;1,02
7;StudentAttendanceSystem;pair;748;28;56;46;276;100;0,38;0,22;1,22;0,26;60,79;60,79;2,77;2,08
7;StudentAttendanceSystem;state;749;30;60;13;73;100;0,32;0,38;0;0,1;61,79;61,79;0,9;0,8
7;StudentAttendanceSystem;transition;749;30;60;20;59;100;0,25;0,82;0;0,13;62,79;62,79;1,32;1,2
7;StudentAttendanceSystem;pair;749;30;60;52;300;100;0,25;0,25;1,44;0,27;63,79;64,79;2,83;2,21
7;StudentAttendanceSystem;state;750;29;58;12;68;100;0,28;0,33;0;0,08;64,79;64,79;0,79;0,7
7;StudentAttendanceSystem;transition;750;29;58;19;57;100;0,26;1,02;0;0,21;65,79;65,79;1,7;1,48
7;StudentAttendanceSystem;pair;750;29;58;49;287;100;0,32;0,26;1,51;0,32;67,79;67,79;3,02;2,41
7;StudentAttendanceSystem;state;751;19;32;7;37;100;0,2;0,21;0;0,04;68,79;68,79;0,54;0,45
7;StudentAttendanceSystem;transition;751;19;32;11;31;100;0,17;0,46;0;0,07;68,79;68,79;0,81;0,7
7;StudentAttendanceSystem;pair;751;19;32;25;133;100;0,21;0,11;0,62;0,11;69,79;69,79;1,52;1,04
7;StudentAttendanceSystem;state;752;20;36;8;43;100;0,24;0,29;0;0,06;70,79;70,79;0,69;0,59
7;StudentAttendanceSystem;transition;752;20;36;12;36;100;0,17;0,42;0;0,11;70,79;70,79;0,8;0,7
7;StudentAttendanceSystem;pair;752;20;36;29;163;100;0,21;0,15;0,61;0,13;71,79;71,79;1,47;1,1
7;StudentAttendanceSystem;state;753;25;52;12;65;100;0,27;0,3;0;0,08;72,79;72,79;0,75;0,65
7;StudentAttendanceSystem;transition;753;25;52;17;52;100;0,24;0,62;0;0,11;73,79;73,79;1,14;0,97
7;StudentAttendanceSystem;pair;753;25;52;46;270;100;0,25;0,23;1,09;0,24;74,79;75,79;2,27;1,81
7;StudentAttendanceSystem;state;754;23;48;10;52;100;0,22;0,29;0;0,06;75,79;75,79;0,64;0,56
7;StudentAttendanceSystem;transition;754;23;48;17;48;100;0,21;0,63;0;0,13;76,79;76,79;1,08;0,97
7;StudentAttendanceSystem;pair;754;23;48;44;248;100;0,25;0,18;1;0,21;77,79;78,79;2,12;1,64
7;StudentAttendanceSystem;state;755;21;39;8;43;100;0,21;0,24;0;0,04;78,79;78,79;0,57;0,49
7;StudentAttendanceSystem;transition;755;21;39;13;38;100;0,21;0,6;0;0,08;79,79;79,79;0,98;0,89
7;StudentAttendanceSystem;pair;755;21;39;39;213;100;0,27;0,11;0,87;0,18;80,79;80,79;1,87;1,43
7;StudentAttendanceSystem;state;756;30;61;13;71;100;0,27;0,33;0;0,08;81,79;81,79;0,77;0,67
7;StudentAttendanceSystem;transition;756;30;61;21;60;100;0,31;1,01;0;0,2;81,79;82,79;1,71;1,52
7;StudentAttendanceSystem;pair;756;30;61;50;296;100;0,35;0,26;1,87;0,3;83,79;84,79;3,47;2,78
7;StudentAttendanceSystem;state;757;19;33;7;37;100;0,18;0,2;0;0,04;84,79;84,79;0,51;0,42
7;StudentAttendanceSystem;transition;757;19;33;11;33;100;0,24;0,45;0;0,15;85,79;85,79;0,97;0,84
7;StudentAttendanceSystem;pair;757;19;33;31;163;100;0,17;0,1;0,55;0,14;85,79;86,79;1,35;0,96
7;StudentAttendanceSystem;state;758;22;45;9;49;100;0,22;0,23;0;0,04;86,79;86,79;0,57;0,5
7;StudentAttendanceSystem;transition;758;22;45;15;45;100;0,24;0,49;0;0,09;87,79;87,79;0,92;0,82
7;StudentAttendanceSystem;pair;758;22;45;42;238;100;0,2;0,14;0,84;0,24;88,79;89,79;1,8;1,42
7;StudentAttendanceSystem;state;759;23;47;10;54;100;0,21;0,27;0;0,08;89,79;89,79;0,66;0,56
7;StudentAttendanceSystem;transition;759;23;47;16;47;100;0,2;0,57;0;0,1;90,79;90,79;0,99;0,87
7;StudentAttendanceSystem;pair;759;23;47;45;251;100;0,21;0,18;1,1;0,21;91,79;91,79;2,13;1,69
7;StudentAttendanceSystem;state;760;15;26;6;29;100;0,19;0,18;0;0,03;92,79;92,79;0,49;0,41
7;StudentAttendanceSystem;transition;760;15;26;9;26;100;0,14;0,33;0;0,05;92,79;92,79;0,6;0,52
7;StudentAttendanceSystem;pair;760;15;26;22;110;100;0,22;0,08;0,47;0,09;93,79;93,79;1,15;0,85
7;StudentAttendanceSystem;state;761;28;56;12;66;100;0,24;0,37;0;0,08;94,79;94,79;0,77;0,69
7;StudentAttendanceSystem;transition;761;28;56;17;55;100;0,24;0,66;0;0,16;95,79;95,79;1,17;1,06
7;StudentAttendanceSystem;pair;761;28;56;52;304;100;0,27;0,26;1,6;0,28;96,79;97,79;3,02;2,41
7;StudentAttendanceSystem;state;762;25;45;10;55;100;0,23;0,27;0;0,06;97,79;97,79;0,64;0,55
7;StudentAttendanceSystem;transition;762;25;45;16;44;100;0,27;0,7;0;0,13;98,79;98,79;1,21;1,09
7;StudentAttendanceSystem;pair;762;25;45;37;197;100;0,24;0,14;0,94;0,23;99,79;99,79;2,04;1,55
7;StudentAttendanceSystem;state;763;24;44;10;56;100;0,25;0,29;0;0,06;100,79;100,79;0,69;0,59
7;StudentAttendanceSystem;transition;763;24;44;14;43;100;0,29;0,62;0;0,12;100,79;101,79;1,14;1,02
7;StudentAttendanceSystem;pair;763;24;44;37;211;100;0,24;0,14;0,88;0,23;102,79;102,79;1,99;1,5
7;StudentAttendanceSystem;state;764;27;54;11;60;100;0,32;0,4;0;0,09;102,79;103,79;0,97;0,81
7;StudentAttendanceSystem;transition;764;27;54;18;53;100;0,29;0,79;0;0,15;103,79;103,79;1,36;1,23
7;StudentAttendanceSystem;pair;764;27;54;55;307;100;0,32;0,23;1,74;0,38;105,79;105,79;3,31;2,66
7;StudentAttendanceSystem;state;765;20;37;8;41;100;0,28;0,27;0;0,05;106,79;106,79;0,74;0,61
7;StudentAttendanceSystem;transition;765;20;37;13;36;100;0,25;0,51;0;0,1;106,79;106,79;0,97;0,85
7;StudentAttendanceSystem;pair;765;20;37;33;181;100;0,23;0,13;0,83;0,21;107,79;108,79;1,91;1,4
7;StudentAttendanceSystem;state;766;24;45;10;54;100;0,26;0,32;0;0,07;108,79;108,79;0,74;0,64
7;StudentAttendanceSystem;transition;766;24;45;15;44;100;0,27;0,66;0;0,12;109,79;109,79;1,16;1,05
7;StudentAttendanceSystem;pair;766;24;45;39;217;100;0,28;0,17;1,04;0,28;110,79;110,79;2,28;1,78
7;StudentAttendanceSystem;state;767;23;45;9;48;100;0,31;0,32;0;0,06;111,79;111,79;0,82;0,69
7;StudentAttendanceSystem;transition;767;23;45;15;45;100;0,25;0,67;0;0,15;112,79;112,79;1,19;1,07
7;StudentAttendanceSystem;pair;767;23;45;45;257;100;0,27;0,17;1,24;0,28;113,79;113,79;2,56;1,96
7;StudentAttendanceSystem;state;768;30;60;13;73;100;0,34;0,42;0;0,1;114,79;114,79;0,99;0,86
7;StudentAttendanceSystem;transition;768;30;60;19;59;100;0,35;0,89;0;0,17;115,79;115,79;1,54;1,41
7;StudentAttendanceSystem;pair;768;30;60;55;319;100;0,35;0,25;1,8;0,36;116,79;117,79;3,44;2,76
7;StudentAttendanceSystem;state;769;20;38;8;39;100;0,24;0,28;0;0,06;117,79;117,79;0,69;0,59
7;StudentAttendanceSystem;transition;769;20;38;13;38;100;0,23;0,49;0;0,13;118,79;118,79;0,97;0,85
7;StudentAttendanceSystem;pair;769;20;38;36;197;100;0,23;0,13;0,89;0,24;119,79;119,79;1,92;1,49
7;StudentAttendanceSystem;state;770;27;55;12;67;100;0,35;0,37;0;0,09;120,79;120,79;0,91;0,81
7;StudentAttendanceSystem;transition;770;27;55;18;55;100;0,29;0,89;0;0,15;121,79;121,79;1,47;1,33
7;StudentAttendanceSystem;pair;770;27;55;48;280;100;0,36;0,22;1,48;0,31;122,79;123,79;2,97;2,37
7;StudentAttendanceSystem;state;771;17;27;6;31;100;0,19;0,21;0;0,04;123,79;123,79;0,54;0,44
7;StudentAttendanceSystem;transition;771;17;27;9;27;100;0,18;0,38;0;0,07;123,79;124,79;0,71;0,62
7;StudentAttendanceSystem;pair;771;17;27;24;112;100;0,18;0,12;0,49;0,11;124,79;124,79;1,23;0,9
7;StudentAttendanceSystem;state;772;26;47;11;60;100;0,28;0,34;0;0,13;125,79;125,79;0,85;0,75
7;StudentAttendanceSystem;transition;772;26;47;16;46;100;0,27;0,73;0;0,13;126,79;126,79;1,25;1,13
7;StudentAttendanceSystem;pair;772;26;47;44;234;100;0,27;0,16;1,21;0,26;127,79;127,79;2,42;1,9
7;StudentAttendanceSystem;state;773;25;50;10;56;100;0,29;0,34;0;0,07;128,79;128,79;0,81;0,7
7;StudentAttendanceSystem;transition;773;25;50;17;50;100;0,27;0,71;0;0,13;129,79;129,79;1,23;1,11
7;StudentAttendanceSystem;pair;773;25;50;45;255;100;0,3;0,2;1,33;0,28;130,79;130,79;2,66;2,11
7;StudentAttendanceSystem;state;774;28;56;13;71;100;0,33;0,39;0;0,09;131,79;131,79;0,91;0,81
7;StudentAttendanceSystem;transition;774;28;56;19;55;100;0,38;0,87;0;0,19;132,79;132,79;1,6;1,43
7;StudentAttendanceSystem;pair;774;28;56;53;305;100;0,33;0,23;1,68;0,38;133,79;134,79;3,23;2,62
7;StudentAttendanceSystem;state;775;25;48;9;49;100;0,33;0,34;0;0,06;134,79;134,79;0,83;0,73
7;StudentAttendanceSystem;transition;775;25;48;17;47;100;0,27;0,91;0;0,14;135,79;135,79;1,45;1,31
7;StudentAttendanceSystem;pair;775;25;48;43;245;100;0,28;0,18;1,16;0,29;136,79;137,79;2,48;1,91
7;StudentAttendanceSystem;state;776;22;40;9;49;100;0,24;0,29;0;0,06;137,79;137,79;0,68;0,59
7;StudentAttendanceSystem;transition;776;22;40;13;39;100;0,23;0,59;0;0,11;138,79;138,79;1,07;0,93
7;StudentAttendanceSystem;pair;776;22;40;38;214;100;0,25;0,14;1,05;0,23;139,79;139,79;2,13;1,66
7;StudentAttendanceSystem;state;777;27;53;12;68;100;0,31;0,43;0;0,09;140,79;140,79;0,94;0,83
7;StudentAttendanceSystem;transition;777;27;53;16;52;100;0,35;0,78;0;0,14;141,79;141,79;1,41;1,27
7;StudentAttendanceSystem;pair;777;27;53;44;266;100;0,3;0,21;1,44;0,31;142,79;142,79;2,87;2,26
7;StudentAttendanceSystem;state;778;24;49;11;62;100;0,34;0,43;0;0,08;143,79;143,79;0,99;0,84
7;StudentAttendanceSystem;transition;778;24;49;15;49;100;0,28;0,68;0;0,13;144,79;144,79;1,21;1,09
7;StudentAttendanceSystem;pair;778;24;49;42;254;100;0,27;0,2;1,25;0,31;145,79;145,79;2,57;2,03
7;StudentAttendanceSystem;state;779;25;46;10;55;100;0,29;0,38;0;0,07;146,79;146,79;0,85;0,74
7;StudentAttendanceSystem;transition;779;25;46;17;45;100;0,3;0,74;0;0,13;147,79;147,79;1,3;1,17
7;StudentAttendanceSystem;pair;779;25;46;40;208;100;0,27;0,16;0,98;0,23;148,79;148,79;2,13;1,63
7;StudentAttendanceSystem;state;780;25;46;10;55;100;0,27;0,35;0;0,07;149,79;149,79;0,78;0,69
7;StudentAttendanceSystem;transition;780;25;46;17;45;100;0,26;0,74;0;0,13;149,79;149,79;1,25;1,13
7;StudentAttendanceSystem;pair;780;25;46;41;213;100;0,27;0,15;1,06;0,23;151,79;151,79;2,23;1,71
7;StudentAttendanceSystem;state;781;23;41;9;47;100;0,25;0,32;0;0,06;151,79;151,79;0,72;0,63
7;StudentAttendanceSystem;transition;781;23;41;15;40;100;0,24;0,6;0;0,14;152,79;152,79;1,1;0,99
7;StudentAttendanceSystem;pair;781;23;41;41;211;100;0,24;0,14;0,95;0,23;153,79;153,79;2,06;1,56
7;StudentAttendanceSystem;state;782;30;61;13;73;100;0,3;0,39;0;0,09;5,71;5,71;0,89;0,78
7;StudentAttendanceSystem;transition;782;30;61;21;60;100;0,3;0,8;0;0,14;6,71;6,71;1,39;1,24
7;StudentAttendanceSystem;pair;782;30;61;55;315;100;0,33;0,26;1,73;0,29;8,71;8,71;3,29;2,6
7;StudentAttendanceSystem;state;783;26;52;11;60;100;0,27;0,41;0;0,07;9,71;9,71;0,88;0,76
7;StudentAttendanceSystem;transition;783;26;52;18;51;100;0,24;0,76;0;0,15;9,71;10,71;1,31;1,15
7;StudentAttendanceSystem;pair;783;26;52;49;275;100;0,29;0,18;1,55;0,26;11,71;11,71;2,91;2,29
7;StudentAttendanceSystem;state;784;25;47;11;59;100;0,29;0,32;0;0,06;12,71;12,71;0,77;0,67
7;StudentAttendanceSystem;transition;784;25;47;16;46;100;0,22;0,71;0;0,1;13,71;13,71;1,13;1,03
7;StudentAttendanceSystem;pair;784;25;47;39;221;100;0,27;0,19;1;0,21;14,71;14,71;2,17;1,68
7;StudentAttendanceSystem;state;785;26;53;11;58;100;0,29;0,39;0;0,14;15,71;15,71;0,94;0,83
7;StudentAttendanceSystem;transition;785;26;53;19;52;100;0,34;0,73;0;0,18;15,71;16,71;1,43;1,25
7;StudentAttendanceSystem;pair;785;26;53;48;272;100;0,28;0,21;1,6;0,31;17,71;17,71;3,01;2,4
7;StudentAttendanceSystem;state;786;25;51;12;68;100;0,32;0,36;0;0,09;18,71;18,71;0,88;0,77
7;StudentAttendanceSystem;transition;786;25;51;15;51;100;0,23;0,67;0;0,1;19,71;19,71;1,11;1
7;StudentAttendanceSystem;pair;786;25;51;47;279;100;0,24;0,21;1,19;0,25;20,71;20,71;2,5;1,89
7;StudentAttendanceSystem;state;787;24;50;11;60;100;0,23;0,26;0;0,06;21,71;21,71;0,63;0,56
7;StudentAttendanceSystem;transition;787;24;50;16;50;100;0,2;0,55;0;0,1;22,71;22,71;0,95;0,85
7;StudentAttendanceSystem;pair;787;24;50;45;259;100;0,28;0,16;1,16;0,3;23,71;23,71;2,41;1,9
7;StudentAttendanceSystem;state;788;17;31;7;34;100;0,19;0,18;0;0,03;24,71;24,71;0,48;0,4
7;StudentAttendanceSystem;transition;788;17;31;11;31;100;0,16;0,35;0;0,06;24,71;25,71;0,67;0,57
7;StudentAttendanceSystem;pair;788;17;31;31;154;100;0,21;0,09;0,7;0,23;25,71;26,71;1,62;1,23
7;StudentAttendanceSystem;state;789;19;31;7;37;100;0,19;0,19;0;0,03;26,71;26,71;0,49;0,41
7;StudentAttendanceSystem;transition;789;19;31;10;30;100;0,26;0,55;0;0,1;27,71;27,71;1,05;0,91
7;StudentAttendanceSystem;pair;789;19;31;24;130;100;0,23;0,12;0,54;0,18;27,71;28,71;1,44;1,06
7;StudentAttendanceSystem;state;790;24;44;9;48;100;0,33;0,35;0;0,06;28,71;28,71;0,84;0,74
7;StudentAttendanceSystem;transition;790;24;44;16;43;100;0,21;0,64;0;0,1;29,71;29,71;1,08;0,95
7;StudentAttendanceSystem;pair;790;24;44;38;210;100;0,21;0,13;1,22;0,19;30,71;30,71;2,2;1,74
7;StudentAttendanceSystem;state;791;26;52;11;62;100;0,25;0,28;0;0,06;31,71;31,71;0,67;0,59
7;StudentAttendanceSystem;transition;791;26;52;16;52;100;0,22;0,68;0;0,11;32,71;32,71;1,14;1,01
7;StudentAttendanceSystem;pair;791;26;52;41;247;100;0,27;0,21;1,38;0,32;33,71;33,71;2,78;2,19
7;StudentAttendanceSystem;state;792;26;50;10;56;100;0,43;0,42;0;0,14;34,71;34,71;1,11;0,99
7;StudentAttendanceSystem;transition;792;26;50;18;49;100;0,33;0,71;0;0,13;35,71;35,71;1,3;1,16
7;StudentAttendanceSystem;pair;792;26;50;45;247;100;0,34;0,17;1,1;0,2;36,71;36,71;2,25;1,81
7;StudentAttendanceSystem;state;793;24;44;9;48;100;0,21;0,25;0;0,05;37,71;37,71;0,59;0,51
7;StudentAttendanceSystem;transition;793;24;44;16;43;100;0,23;0,62;0;0,12;38,71;38,71;1,09;0,97
7;StudentAttendanceSystem;pair;793;24;44;39;215;100;0,21;0,12;0,79;0,18;39,71;39,71;1,78;1,3
7;StudentAttendanceSystem;state;794;16;25;6;30;100;0,14;0,18;0;0,03;39,71;39,71;0,47;0,35
7;StudentAttendanceSystem;transition;794;16;25;9;24;100;0,17;0,36;0;0,13;40,71;40,71;0,75;0,65
7;StudentAttendanceSystem;pair;794;16;25;18;84;100;0,17;0,09;0,28;0,07;41,71;41,71;0,89;0,61
7;StudentAttendanceSystem;state;795;19;31;7;37;100;0,16;0,19;0;0,03;41,71;41,71;0,44;0,38
7;StudentAttendanceSystem;transition;795;19;31;10;30;100;0,17;0,38;0;0,06;42,71;42,71;0,69;0,61
7;StudentAttendanceSystem;pair;795;19;31;24;130;100;0,18;0,1;0,46;0,1;43,71;43,71;1,14;0,84
7;StudentAttendanceSystem;state;796;19;30;7;37;100;0,15;0,24;0;0,04;43,71;43,71;0,54;0,44
7;StudentAttendanceSystem;transition;796;19;30;11;29;100;0,17;0,4;0;0,06;44,71;44,71;0,73;0,63
7;StudentAttendanceSystem;pair;796;19;30;21;102;100;0,15;0,07;0,35;0,1;44,71;45,71;0,94;0,66
7;StudentAttendanceSystem;state;797;17;29;6;30;100;0,17;0,36;0;0,05;45,71;45,71;0,67;0,57
7;StudentAttendanceSystem;transition;797;17;29;9;29;100;0,28;0,39;0;0,06;46,71;46,71;0,84;0,73
7;StudentAttendanceSystem;pair;797;17;29;27;141;100;0,15;0,08;0,52;0,14;46,71;47,71;1,22;0,89
7;StudentAttendanceSystem;state;798;20;36;9;47;100;0,18;0,29;0;0,07;47,71;47,71;0,65;0,54
7;StudentAttendanceSystem;transition;798;20;36;12;36;100;0,27;0,43;0;0,08;48,71;48,71;0,89;0,77
7;StudentAttendanceSystem;pair;798;20;36;28;149;100;0,2;0,1;0,62;0,12;49,71;49,71;1,39;1,04
7;StudentAttendanceSystem;state;799;30;61;13;73;100;0,33;0,36;0;0,08;49,71;50,71;0,87;0,77
7;StudentAttendanceSystem;transition;799;30;61;21;60;100;0,24;0,75;0;0,13;50,71;50,71;1,24;1,12
7;StudentAttendanceSystem;pair;799;30;61;55;315;100;0,28;0,23;1,95;0,36;52,71;52,71;3,48;2,83
7;StudentAttendanceSystem;state;800;30;60;13;73;100;0,27;0,34;0;0,11;53,71;53,71;0,82;0,72
7;StudentAttendanceSystem;transition;800;30;60;20;59;100;0,28;0,75;0;0,15;54,71;54,71;1,32;1,18
7;StudentAttendanceSystem;pair;800;30;60;52;304;100;0,25;0,21;1,84;0,5;56,71;56,71;3,53;2,8
7;StudentAttendanceSystem;state;801;20;32;7;37;100;0,24;0,25;0;0,06;56,71;56,71;0,7;0,55
7;StudentAttendanceSystem;transition;801;20;32;11;31;100;0,26;0,63;0;0,09;57,71;57,71;1,12;0,98
7;StudentAttendanceSystem;pair;801;20;32;26;131;100;0,23;0,14;0,57;0,14;58,71;58,71;1,47;1,07
7;StudentAttendanceSystem;state;802;27;54;12;66;100;0,32;0,46;0;0,11;59,71;59,71;1;0,89
7;StudentAttendanceSystem;transition;802;27;54;18;54;100;0,33;0,67;0;0,12;59,71;60,71;1,23;1,11
7;StudentAttendanceSystem;pair;802;27;54;54;300;100;0,28;0,17;1,19;0,24;61,71;61,71;2,46;1,89
7;StudentAttendanceSystem;state;803;24;49;11;60;100;0,29;0,26;0;0,05;62,71;62,71;0,69;0,6
7;StudentAttendanceSystem;transition;803;24;49;15;49;100;0,2;0,54;0;0,15;63,71;63,71;0,99;0,89
7;StudentAttendanceSystem;pair;803;24;49;42;248;100;0,24;0,15;1;0,2;64,71;64,71;2,01;1,59
7;StudentAttendanceSystem;state;804;21;38;9;47;100;0,21;0,21;0;0,05;65,71;65,71;0,54;0,47
7;StudentAttendanceSystem;transition;804;21;38;13;37;100;0,19;0,44;0;0,11;65,71;66,71;0,85;0,74
7;StudentAttendanceSystem;pair;804;21;38;32;168;100;0,21;0,1;0,57;0,14;66,71;67,71;1,39;1,02
7;StudentAttendanceSystem;state;805;24;46;9;46;100;0,19;0,23;0;0,05;67,71;67,71;0,55;0,47
7;StudentAttendanceSystem;transition;805;24;46;18;45;100;0,28;0,88;0;0,15;68,71;68,71;1,46;1,31
7;StudentAttendanceSystem;pair;805;24;46;41;223;100;0,31;0,19;1,38;0,35;69,71;69,71;2,83;2,24
7;StudentAttendanceSystem;state;806;16;28;6;31;100;0,23;0,16;0;0,03;70,71;70,71;0,49;0,42
7;StudentAttendanceSystem;transition;806;16;28;9;28;100;0,14;0,38;0;0,05;70,71;70,71;0,66;0,57
7;StudentAttendanceSystem;pair;806;16;28;27;139;100;0,16;0,08;0,43;0,1;71,71;71,71;1,03;0,77
7;StudentAttendanceSystem;state;807;20;36;9;49;100;0,19;0,26;0;0,05;72,71;72,71;0,57;0,49
7;StudentAttendanceSystem;transition;807;20;36;11;36;100;0,2;0,37;0;0,07;72,71;73,71;0,71;0,64
7;StudentAttendanceSystem;pair;807;20;36;34;181;100;0,22;0,1;0,73;0,14;73,71;74,71;1,54;1,18
7;StudentAttendanceSystem;state;808;28;58;12;64;100;0,23;0,32;0;0,07;74,71;74,71;0,69;0,62
7;StudentAttendanceSystem;transition;808;28;58;19;57;100;0,26;0,74;0;0,12;75,71;75,71;1,23;1,12
7;StudentAttendanceSystem;pair;808;28;58;53;306;100;0,23;0,19;1,44;0,3;77,71;77,71;2,65;2,16
7;StudentAttendanceSystem;state;809;20;33;8;38;100;0,16;0,2;0;0,04;78,71;78,71;0,46;0,4
7;StudentAttendanceSystem;transition;809;20;33;13;32;100;0,17;0,37;0;0,07;78,71;78,71;0,72;0,61
7;StudentAttendanceSystem;pair;809;20;33;23;110;100;0,16;0,08;0,47;0,12;79,71;79,71;1,15;0,83
7;StudentAttendanceSystem;state;810;25;51;12;65;100;0,25;0,29;0;0,06;80,71;80,71;0,69;0,61
7;StudentAttendanceSystem;transition;810;25;51;16;51;100;0,21;0,6;0;0,21;80,71;81,71;1,16;1,02
7;StudentAttendanceSystem;pair;810;25;51;42;252;100;0,24;0,16;1,17;0,27;82,71;82,71;2,38;1,84
7;StudentAttendanceSystem;state;811;23;42;10;53;100;0,22;0,27;0;0,08;83,71;83,71;0,68;0,57
7;StudentAttendanceSystem;transition;811;23;42;14;41;100;0,25;0,55;0;0,1;83,71;83,71;1,02;0,89
7;StudentAttendanceSystem;pair;811;23;42;36;203;100;0,2;0,15;0,83;0,18;84,71;85,71;1,83;1,36
7;StudentAttendanceSystem;state;812;20;35;8;40;100;0,19;0,2;0;0,04;85,71;85,71;0,5;0,43
7;StudentAttendanceSystem;transition;812;20;35;13;34;100;0,18;0,45;0;0,09;86,71;86,71;0,85;0,72
7;StudentAttendanceSystem;pair;812;20;35;29;154;100;0,27;0,09;0,52;0,18;87,71;87,71;1,48;1,07
7;StudentAttendanceSystem;state;813;22;40;9;50;100;0,19;0,25;0;0,06;87,71;88,71;0,6;0,5
7;StudentAttendanceSystem;transition;813;22;40;13;40;100;0,27;0,53;0;0,08;88,71;88,71;1;0,88
7;StudentAttendanceSystem;pair;813;22;40;37;193;100;0,19;0,11;0,66;0,16;89,71;90,71;1,54;1,11
7;StudentAttendanceSystem;state;814;18;33;7;36;100;0,2;0,19;0;0,03;90,71;90,71;0,49;0,42
7;StudentAttendanceSystem;transition;814;18;33;11;33;100;0,19;0,37;0;0,06;90,71;91,71;0,72;0,62
7;StudentAttendanceSystem;pair;814;18;33;28;156;100;0,16;0,1;0,6;0,13;91,71;92,71;1,34;0,99
7;StudentAttendanceSystem;state;815;21;42;9;46;100;0,19;0,26;0;0,04;92,71;92,71;0,56;0,49
7;StudentAttendanceSystem;transition;815;21;42;15;42;100;0,2;0,46;0;0,08;93,71;93,71;0,84;0,74
7;StudentAttendanceSystem;pair;815;21;42;37;201;100;0,21;0,14;0,8;0,21;94,71;94,71;1,73;1,36
7;StudentAttendanceSystem;state;816;25;48;10;51;100;0,21;0,29;0;0,05;95,71;95,71;0,65;0,56
7;StudentAttendanceSystem;transition;816;25;48;19;47;100;0,2;0,62;0;0,11;95,71;96,71;1,05;0,93
7;StudentAttendanceSystem;pair;816;25;48;43;231;100;0,21;0,13;0,87;0,19;97,71;97,71;1,85;1,4
7;StudentAttendanceSystem;state;817;23;47;10;54;100;0,2;0,28;0;0,05;98,71;98,71;0,62;0,53
7;StudentAttendanceSystem;transition;817;23;47;16;47;100;0,19;0,55;0;0,14;98,71;98,71;1,03;0,88
7;StudentAttendanceSystem;pair;817;23;47;45;251;100;0,2;0,16;1,04;0,21;100,71;100,71;2,06;1,6
7;StudentAttendanceSystem;state;818;18;29;7;35;100;0,21;0,23;0;0,04;100,71;100,71;0,56;0,47
7;StudentAttendanceSystem;transition;818;18;29;10;29;100;0,24;0,42;0;0,07;101,71;101,71;0,84;0,73
7;StudentAttendanceSystem;pair;818;18;29;28;133;100;0,19;0,09;0,55;0,17;102,71;102,71;1,35;1
7;StudentAttendanceSystem;state;819;19;33;7;37;100;0,21;0,3;0;0,05;102,71;102,71;0,65;0,56
7;StudentAttendanceSystem;transition;819;19;33;12;32;100;0,21;0,51;0;0,08;103,71;103,71;0,93;0,81
7;StudentAttendanceSystem;pair;819;19;33;28;144;100;0,19;0,12;0,64;0,16;104,71;104,71;1,53;1,11
7;StudentAttendanceSystem;state;820;20;32;7;37;100;0,2;0,29;0;0,05;105,71;105,71;0,63;0,54
7;StudentAttendanceSystem;transition;820;20;32;11;31;100;0,2;0,53;0;0,08;105,71;105,71;0,92;0,81
7;StudentAttendanceSystem;pair;820;20;32;28;136;100;0,2;0,1;0,57;0,15;106,71;106,71;1,46;1,03
7;StudentAttendanceSystem;state;821;23;44;9;48;100;0,25;0,32;0;0,06;107,71;107,71;0,71;0,63
7;StudentAttendanceSystem;transition;821;23;44;15;43;100;0,24;0,65;0;0,12;107,71;107,71;1,12;1,01
7;StudentAttendanceSystem;pair;821;23;44;39;225;100;0,29;0,16;1,09;0,25;109,71;109,71;2,3;1,79
7;StudentAttendanceSystem;state;822;19;34;8;43;100;0,24;0,32;0;0,05;109,71;109,71;0,74;0,61
7;StudentAttendanceSystem;transition;822;19;34;10;34;100;0,24;0,47;0;0,08;110,71;110,71;0,89;0,79
7;StudentAttendanceSystem;pair;822;19;34;32;179;100;0,25;0,12;0,74;0,18;111,71;111,71;1,7;1,29
7;StudentAttendanceSystem;state;823;27;53;12;68;100;0,29;0,41;0;0,09;112,71;112,71;0,89;0,79
7;StudentAttendanceSystem;transition;823;27;53;17;52;100;0,3;0,79;0;0,15;113,71;113,71;1,36;1,23
7;StudentAttendanceSystem;pair;823;27;53;51;295;100;0,29;0,22;1,56;0,34;114,71;114,71;2,99;2,41
7;StudentAttendanceSystem;state;824;17;26;6;31;100;0,19;0,23;0;0,04;115,71;115,71;0,55;0,46
7;StudentAttendanceSystem;transition;824;17;26;9;25;100;0,18;0,4;0;0,06;115,71;115,71;0,74;0,65
7;StudentAttendanceSystem;pair;824;17;26;18;89;100;0,19;0,08;0,34;0,09;116,71;116,71;1,01;0,7
7;StudentAttendanceSystem;state;825;18;32;7;37;100;0,24;0,25;0;0,05;117,71;117,71;0,62;0,53
7;StudentAttendanceSystem;transition;825;18;32;10;32;100;0,2;0,43;0;0,07;117,71;117,71;0,79;0,7
7;StudentAttendanceSystem;pair;825;18;32;27;153;100;0,21;0,11;0,7;0,16;118,71;118,71;1,57;1,17
7;StudentAttendanceSystem;state;826;27;53;11;60;100;0,34;0,38;0;0,08;119,71;119,71;0,9;0,8
7;StudentAttendanceSystem;transition;826;27;53;17;52;100;0,28;0,77;0;0,14;120,71;120,71;1,32;1,19
7;StudentAttendanceSystem;pair;826;27;53;52;296;100;0,28;0,22;1,6;0,35;121,71;122,71;3,02;2,45
7;StudentAttendanceSystem;state;827;24;46;9;48;100;0,26;0,34;0;0,06;122,71;122,71;0,77;0,67
7;StudentAttendanceSystem;transition;827;24;46;15;45;100;0,25;0,65;0;0,12;123,71;123,71;1,14;1,02
7;StudentAttendanceSystem;pair;827;24;46;46;262;100;0,26;0,18;1,39;0,3;124,71;125,71;2,66;2,12
7;StudentAttendanceSystem;state;828;22;44;8;43;100;0,26;0,29;0;0,06;125,71;125,71;0,71;0,61
7;StudentAttendanceSystem;transition;828;22;44;16;44;100;0,24;0,7;0;0,12;126,71;126,71;1,21;1,06
7;StudentAttendanceSystem;pair;828;22;44;42;236;100;0,26;0,15;1,14;0,26;127,71;127,71;2,31;1,8
7;StudentAttendanceSystem;state;829;22;42;10;53;100;0,25;0,36;0;0,06;128,71;128,71;0,76;0,67
7;StudentAttendanceSystem;transition;829;22;42;14;42;100;0,24;0,6;0;0,1;128,71;129,71;1,07;0,95
7;StudentAttendanceSystem;pair;829;22;42;35;197;100;0,24;0,17;0,86;0,21;130,71;130,71;1,99;1,48
7;StudentAttendanceSystem;state;830;28;57;12;66;100;0,34;0,39;0;0,14;130,71;130,71;1;0,87
7;StudentAttendanceSystem;transition;830;28;57;18;56;100;0,31;0,8;0;0,16;131,71;131,71;1,41;1,26
7;StudentAttendanceSystem;pair;830;28;57;55;315;100;0,31;0,24;1,76;0,36;133,71;133,71;3,26;2,66
7;StudentAttendanceSystem;state;831;23;45;10;56;100;0,3;0,32;0;0,07;134,71;134,71;0,8;0,7
7;StudentAttendanceSystem;transition;831;23;45;14;45;100;0,26;0,6;0;0,12;134,71;135,71;1,1;0,98
7;StudentAttendanceSystem;pair;831;23;45;40;234;100;0,26;0,17;1,15;0,27;136,71;136,71;2,38;1,85
7;StudentAttendanceSystem;state;832;20;39;8;43;100;0,25;0,28;0;0,07;136,71;137,71;0,77;0,6
7;StudentAttendanceSystem;transition;832;20;39;13;39;100;0,24;0,57;0;0,1;137,71;137,71;1,01;0,91
7;StudentAttendanceSystem;pair;832;20;39;37;215;100;0,27;0,14;0,94;0,19;138,71;139,71;2,03;1,55
7;StudentAttendanceSystem;state;833;24;46;9;48;100;0,23;0,25;0;0,05;139,71;139,71;0,6;0,52
7;StudentAttendanceSystem;transition;833;24;46;15;45;100;0,2;0,56;0;0,15;140,71;140,71;1,02;0,9
7;StudentAttendanceSystem;pair;833;24;46;46;262;100;0,35;0,19;1,42;0,37;141,71;141,71;2,95;2,33
7;StudentAttendanceSystem;state;834;22;40;9;48;100;0,33;0,44;0;0,08;142,71;142,71;0,97;0,84
7;StudentAttendanceSystem;transition;834;22;40;14;39;100;0,24;0,74;0;0,13;143,71;143,71;1,25;1,1
7;StudentAttendanceSystem;pair;834;22;40;34;178;100;0,22;0,15;0,86;0,14;144,71;144,71;1,85;1,37
7;StudentAttendanceSystem;state;835;27;55;12;67;100;0,36;0,42;0;0,13;144,71;145,71;1,04;0,91
7;StudentAttendanceSystem;transition;835;27;55;17;55;100;0,28;0,81;0;0,11;145,71;145,71;1,32;1,2
7;StudentAttendanceSystem;pair;835;27;55;51;295;100;0,25;0,19;1,26;0,24;147,71;147,71;2,4;1,93
7;StudentAttendanceSystem;state;836;20;37;8;41;100;0,19;0,26;0;0,05;148,71;148,71;0,58;0,5
7;StudentAttendanceSystem;transition;836;20;37;13;36;100;0,19;0,49;0;0,08;148,71;148,71;0,85;0,76
7;StudentAttendanceSystem;pair;836;20;37;32;176;100;0,21;0,1;0,68;0,15;149,71;150,71;1,52;1,15
7;StudentAttendanceSystem;state;837;30;60;13;73;100;0,29;0,34;0;0,08;150,71;150,71;0,88;0,7
7;StudentAttendanceSystem;transition;837;30;60;20;59;100;0,25;0,7;0;0,13;151,71;151,71;1,18;1,08
7;StudentAttendanceSystem;pair;837;30;60;51;299;100;0,24;0,19;1,3;0,39;153,71;153,71;2,78;2,12
7;StudentAttendanceSystem;state;838;24;48;10;51;100;0,25;1,96;0;0,05;154,76;5,76;2,39;2,27
7;StudentAttendanceSystem;transition;838;24;48;18;48;100;0,25;0,77;0;0,13;5,76;5,76;1,29;1,16
7;StudentAttendanceSystem;pair;838;24;48;44;244;100;0,3;0,16;1,21;0,22;7,76;7,76;2,39;1,89
7;StudentAttendanceSystem;state;839;27;53;12;68;100;0,32;0,4;0;0,08;8,76;8,76;0,95;0,8
7;StudentAttendanceSystem;transition;839;27;53;16;52;100;0,3;0,72;0;0,17;8,76;9,76;1,35;1,18
7;StudentAttendanceSystem;pair;839;27;53;44;266;100;0,37;0,18;1,33;0,3;10,76;10,76;2,75;2,18
7;StudentAttendanceSystem;state;840;18;34;7;36;100;0,25;0,27;0;0,04;11,76;11,76;0,67;0,56
7;StudentAttendanceSystem;transition;840;18;34;12;34;100;0,21;0,45;0;0,11;11,76;11,76;0,91;0,77
7;StudentAttendanceSystem;pair;840;18;34;32;170;100;0,19;0,12;0,65;0,23;12,76;12,76;1,65;1,19
7;StudentAttendanceSystem;state;841;31;62;14;78;100;0,44;0,45;0;0,15;13,76;13,76;1,15;1,04
7;StudentAttendanceSystem;transition;841;31;62;20;61;100;0,42;0,93;0;0,14;14,76;14,76;1,64;1,49
7;StudentAttendanceSystem;pair;841;31;62;58;332;100;0,3;0,26;1,76;0,34;16,76;16,76;3,33;2,66
7;StudentAttendanceSystem;state;842;22;39;9;49;100;0,21;0,29;0;0,06;17,76;17,76;0,65;0,56
7;StudentAttendanceSystem;transition;842;22;39;13;38;100;0,22;0,7;0;0,11;17,76;17,76;1,16;1,03
7;StudentAttendanceSystem;pair;842;22;39;34;183;100;0,2;0,16;0,69;0,24;18,76;19,76;1,69;1,29
7;StudentAttendanceSystem;state;843;27;55;12;67;100;0,27;0,36;0;0,11;19,76;19,76;0,85;0,74
7;StudentAttendanceSystem;transition;843;27;55;18;55;100;0,35;0,8;0;0,12;20,76;20,76;1,4;1,26
7;StudentAttendanceSystem;pair;843;27;55;48;280;100;0,27;0,46;1,48;0,3;21,76;22,76;3,03;2,51
7;StudentAttendanceSystem;state;844;21;39;8;43;100;0,23;0,22;0;0,04;22,76;22,76;0,58;0,49
7;StudentAttendanceSystem;transition;844;21;39;13;39;100;0,24;0,58;0;0,11;23,76;23,76;1,08;0,93
7;StudentAttendanceSystem;pair;844;21;39;38;210;100;0,24;0,12;1;0,2;24,76;24,76;2,06;1,57
7;StudentAttendanceSystem;state;845;25;46;10;53;100;0,37;0,32;0;0,09;25,76;25,76;0,88;0,77
7;StudentAttendanceSystem;transition;845;25;46;16;45;100;0,27;0,76;0;0,1;26,76;26,76;1,24;1,13
7;StudentAttendanceSystem;pair;845;25;46;45;243;100;0,27;0,13;1,22;0,2;27,76;27,76;2,32;1,81
7;StudentAttendanceSystem;state;846;24;47;10;53;100;0,27;0,3;0;0,1;28,76;28,76;0,77;0,67
7;StudentAttendanceSystem;transition;846;24;47;16;47;100;0,26;0,53;0;0,12;28,76;29,76;1,02;0,9
7;StudentAttendanceSystem;pair;846;24;47;48;266;100;0,22;0,14;1,2;0,21;30,76;30,76;2,23;1,78
7;StudentAttendanceSystem;state;847;29;57;12;68;100;0,32;0,4;0;0,08;31,76;31,76;0,88;0,8
7;StudentAttendanceSystem;transition;847;29;57;18;56;100;0,24;0,72;0;0,15;32,76;32,76;1,24;1,1
7;StudentAttendanceSystem;pair;847;29;57;45;270;100;0,33;0,26;1,74;0,41;33,76;34,76;3,55;2,74
7;StudentAttendanceSystem;state;848;15;23;6;31;100;0,23;0,27;0;0,04;34,76;34,76;0,64;0,54
7;StudentAttendanceSystem;transition;848;15;23;7;23;100;0,21;0,43;0;0,06;34,76;34,76;0,81;0,7
7;StudentAttendanceSystem;pair;848;15;23;20;96;100;0,23;0,08;0,45;0,12;35,76;35,76;1,26;0,88
7;StudentAttendanceSystem;state;849;29;59;12;68;100;0,38;0,51;0;0,14;36,76;36,76;1,15;1,03
7;StudentAttendanceSystem;transition;849;29;59;20;58;100;0,25;0,71;0;0,21;37,76;37,76;1,31;1,17
7;StudentAttendanceSystem;pair;849;29;59;52;302;100;0,24;0,21;1,34;0,31;38,76;39,76;2,59;2,1
7;StudentAttendanceSystem;state;850;22;39;9;48;100;0,19;0,26;0;0,05;39,76;39,76;0,57;0,5
7;StudentAttendanceSystem;transition;850;22;39;13;38;100;0,18;0,52;0;0,08;40,76;40,76;0,87;0,77
7;StudentAttendanceSystem;pair;850;22;39;31;167;100;0,18;0,1;0,61;0,14;41,76;41,76;1,36;1,03
7;StudentAttendanceSystem;state;851;24;47;10;55;100;0,21;0,29;0;0,05;42,76;42,76;0,63;0,55
7;StudentAttendanceSystem;transition;851;24;47;17;47;100;0,23;0,56;0;0,13;42,76;42,76;1,03;0,92
7;StudentAttendanceSystem;pair;851;24;47;44;236;100;0,26;0,18;0,89;0,19;44,76;44,76;2,05;1,52
7;StudentAttendanceSystem;state;852;23;39;9;47;100;0,19;0,28;0;0,05;44,76;44,76;0,6;0,52
7;StudentAttendanceSystem;transition;852;23;39;13;38;100;0,19;0,54;0;0,14;45,76;45,76;1,02;0,88
7;StudentAttendanceSystem;pair;852;23;39;34;180;100;0,29;0,13;0,94;0,15;46,76;46,76;1,95;1,5
7;StudentAttendanceSystem;state;853;23;43;10;51;100;0,21;0,32;0;0,07;47,76;47,76;0,73;0,59
7;StudentAttendanceSystem;transition;853;23;43;16;42;100;0,31;0,59;0;0,12;47,76;48,76;1,18;1,03
7;StudentAttendanceSystem;pair;853;23;43;37;191;100;0,19;0,14;0,8;0,24;49,76;49,76;1,88;1,37
7;StudentAttendanceSystem;state;854;19;32;8;38;100;0,17;0,2;0;0,04;49,76;49,76;0,49;0,41
7;StudentAttendanceSystem;transition;854;19;32;12;32;100;0,2;0,45;0;0,08;50,76;50,76;0,85;0,73
7;StudentAttendanceSystem;pair;854;19;32;27;128;100;0,18;0,09;0,5;0,16;51,76;51,76;1,3;0,94
7;StudentAttendanceSystem;state;855;22;45;9;49;100;0,29;0,3;0;0,11;51,76;51,76;0,8;0,7
7;StudentAttendanceSystem;transition;855;22;45;15;45;100;0,24;0,51;0;0,09;52,76;52,76;0,95;0,84
7;StudentAttendanceSystem;pair;855;22;45;42;238;100;0,29;0,21;1,03;0,24;53,76;54,76;2,36;1,78
7;StudentAttendanceSystem;state;856;27;54;12;67;100;0,34;0,49;0;0,12;54,76;54,76;1,07;0,95
7;StudentAttendanceSystem;transition;856;27;54;17;54;100;0,31;0,7;0;0,18;55,76;55,76;1,35;1,19
7;StudentAttendanceSystem;pair;856;27;54;44;260;100;0,33;0,2;1,17;0,3;56,76;57,76;2,6;2,01
7;StudentAttendanceSystem;state;857;20;39;9;47;100;0,22;0,29;0;0,08;57,76;57,76;0,71;0,6
7;StudentAttendanceSystem;transition;857;20;39;13;39;100;0,25;0,55;0;0,11;58,76;58,76;1,04;0,9
7;StudentAttendanceSystem;pair;857;20;39;34;188;100;0,26;0,18;1,08;0,15;59,76;59,76;2,2;1,68
7;StudentAttendanceSystem;state;858;25;48;9;49;100;0,36;0,46;0;0,09;60,76;60,76;1,03;0,91
7;StudentAttendanceSystem;transition;858;25;48;17;47;100;0,34;0,88;0;0,11;61,76;61,76;1,45;1,33
7;StudentAttendanceSystem;pair;858;25;48;43;245;100;0,21;0,18;0,94;0,2;62,76;62,76;1,95;1,53
7;StudentAttendanceSystem;state;859;26;49;10;56;100;0,22;0,33;0;0,06;63,76;63,76;0,68;0,61
7;StudentAttendanceSystem;transition;859;26;49;17;48;100;0,22;0,62;0;0,11;64,76;64,76;1,06;0,96
7;StudentAttendanceSystem;pair;859;26;49;42;232;100;0,22;0,18;0,97;0,26;65,76;65,76;2,1;1,62
7;StudentAttendanceSystem;state;860;27;53;11;59;100;0,28;0,34;0;0,09;66,76;66,76;0,8;0,72
7;StudentAttendanceSystem;transition;860;27;53;19;52;100;0,27;0,62;0;0,14;67,76;67,76;1,14;1,04
7;StudentAttendanceSystem;pair;860;27;53;55;305;100;0,23;0,17;1,36;0,26;68,76;69,76;2,49;2,02
7;StudentAttendanceSystem;state;861;23;42;10;54;100;0,21;0,28;0;0,06;69,76;69,76;0,65;0,56
7;StudentAttendanceSystem;transition;861;23;42;14;42;100;0,22;0,53;0;0,1;70,76;70,76;0,96;0,85
7;StudentAttendanceSystem;pair;861;23;42;39;205;100;0,22;0,11;0,75;0,18;71,76;71,76;1,65;1,27
7;StudentAttendanceSystem;state;862;27;55;12;66;100;0,3;0,35;0;0,08;72,76;72,76;0,83;0,74
7;StudentAttendanceSystem;transition;862;27;55;18;54;100;0,24;0,67;0;0,13;73,76;73,76;1,18;1,04
7;StudentAttendanceSystem;pair;862;27;55;49;283;100;0,24;0,19;1,22;0,34;74,76;74,76;2,49;1,98
7;StudentAttendanceSystem;state;863;23;44;9;48;100;0,32;0,43;0;0,08;75,76;75,76;0,94;0,83
7;StudentAttendanceSystem;transition;863;23;44;14;44;100;0,31;0,73;0;0,13;76,76;76,76;1,32;1,17
7;StudentAttendanceSystem;pair;863;23;44;42;242;100;0,28;0,19;1,32;0,25;77,76;77,76;2,66;2,05
7;StudentAttendanceSystem;state;864;17;30;6;30;100;0,19;0,25;0;0,04;78,76;78,76;0,57;0,48
7;StudentAttendanceSystem;transition;864;17;30;10;30;100;0,16;0,33;0;0,06;78,76;78,76;0,64;0,55
7;StudentAttendanceSystem;pair;864;17;30;30;152;100;0,16;0,12;0,53;0,12;79,76;79,76;1,24;0,93
7;StudentAttendanceSystem;state;865;20;40;8;42;100;0,2;0,26;0;0,05;80,76;80,76;0,58;0,51
7;StudentAttendanceSystem;transition;865;20;40;14;40;100;0,27;0,53;0;0,12;80,76;80,76;1,07;0,93
7;StudentAttendanceSystem;pair;865;20;40;39;217;100;0,22;0,13;0,93;0,17;81,76;82,76;1,87;1,45
7;StudentAttendanceSystem;state;866;21;37;9;44;100;0,19;0,22;0;0,04;82,76;82,76;0,52;0,45
7;StudentAttendanceSystem;transition;866;21;37;13;37;100;0,22;0,42;0;0,09;83,76;83,76;0,85;0,73
7;StudentAttendanceSystem;pair;866;21;37;31;162;100;0,18;0,1;0,82;0,17;84,76;84,76;1,65;1,27
7;StudentAttendanceSystem;state;867;24;48;11;62;100;0,26;0,34;0;0,07;85,76;85,76;0,75;0,66
7;StudentAttendanceSystem;transition;867;24;48;15;48;100;0,27;0,7;0;0,12;85,76;85,76;1,23;1,09
7;StudentAttendanceSystem;pair;867;24;48;47;271;100;0,29;0,17;1,37;0,25;87,76;87,76;2,6;2,09
7;StudentAttendanceSystem;state;868;18;32;7;37;100;0,22;0,22;0;0,04;87,76;88,76;0,56;0,49
7;StudentAttendanceSystem;transition;868;18;32;10;32;100;0,2;0,41;0;0,06;88,76;88,76;0,76;0,67
7;StudentAttendanceSystem;pair;868;18;32;27;153;100;0,19;0,09;0,61;0,18;89,76;89,76;1,44;1,06
7;StudentAttendanceSystem;state;869;17;29;7;37;100;0,23;0,28;0;0,08;90,76;90,76;0,71;0,59
7;StudentAttendanceSystem;transition;869;17;29;9;29;100;0,23;0,37;0;0,08;90,76;90,76;0,8;0,68
7;StudentAttendanceSystem;pair;869;17;29;28;147;100;0,2;0,08;0,49;0,15;91,76;91,76;1,36;0,93
7;StudentAttendanceSystem;state;870;24;43;9;48;100;0,24;0,31;0;0,08;92,76;92,76;0,73;0,63
7;StudentAttendanceSystem;transition;870;24;43;14;42;100;0,28;0,62;0;0,09;92,76;92,76;1,12;1
7;StudentAttendanceSystem;pair;870;24;43;38;213;100;0,24;0,13;0,85;0,2;94,76;94,76;1,9;1,43
7;StudentAttendanceSystem;state;871;21;37;9;50;100;0,21;0,22;0;0,07;94,76;94,76;0,57;0,49
7;StudentAttendanceSystem;transition;871;21;37;12;37;100;0,24;0,57;0;0,1;95,76;95,76;1,04;0,91
7;StudentAttendanceSystem;pair;871;21;37;27;147;100;0,19;0,11;0,63;0,16;96,76;96,76;1,44;1,09
7;StudentAttendanceSystem;state;872;18;34;7;36;100;0,2;0,23;0;0,05;97,76;97,76;0,58;0,48
7;StudentAttendanceSystem;transition;872;18;34;12;34;100;0,18;0,44;0;0,08;97,76;97,76;0,81;0,7
7;StudentAttendanceSystem;pair;872;18;34;32;170;100;0,23;0,1;0,73;0,23;98,76;98,76;1,69;1,29
7;StudentAttendanceSystem;state;873;18;28;6;31;100;0,24;0,26;0;0,05;99,76;99,76;0,65;0,55
7;StudentAttendanceSystem;transition;873;18;28;9;27;100;0,23;0,44;0;0,05;99,76;99,76;0,84;0,72
7;StudentAttendanceSystem;pair;873;18;28;24;118;100;0,21;0,11;0,58;0,13;100,76;100,76;1,5;1,03
7;StudentAttendanceSystem;state;874;18;31;7;35;100;0,26;0,33;0;0,03;101,76;101,76;0,71;0,62
7;StudentAttendanceSystem;transition;874;18;31;11;31;100;0,19;0,47;0;0,06;101,76;101,76;0,82;0,72
7;StudentAttendanceSystem;pair;874;18;31;25;127;100;0,18;0,08;0,47;0,13;102,76;102,76;1,22;0,86
7;StudentAttendanceSystem;state;875;15;24;5;24;100;0,16;0,18;0;0,02;103,76;103,76;0,43;0,36
7;StudentAttendanceSystem;transition;875;15;24;8;24;100;0,16;0,32;0;0,05;103,76;103,76;0,63;0,53
7;StudentAttendanceSystem;pair;875;15;24;23;105;100;0,16;0,06;0,42;0,11;104,76;104,76;1,07;0,75
7;StudentAttendanceSystem;state;876;19;31;7;35;100;0,18;0,19;0;0,05;104,76;104,76;0,49;0,41
7;StudentAttendanceSystem;transition;876;19;31;12;30;100;0,16;0,5;0;0,07;105,76;105,76;0,83;0,73
7;StudentAttendanceSystem;pair;876;19;31;26;123;100;0,2;0,08;0,5;0,1;106,76;106,76;1,18;0,88
7;StudentAttendanceSystem;state;877;20;40;8;42;100;0,2;0,21;0;0,05;106,76;106,76;0,53;0,46
7;StudentAttendanceSystem;transition;877;20;40;14;40;100;0,2;0,5;0;0,08;107,76;107,76;0,88;0,78
7;StudentAttendanceSystem;pair;877;20;40;39;217;100;0,24;0,18;0,82;0,2;108,76;108,76;1,89;1,44
7;StudentAttendanceSystem;state;878;25;48;9;49;100;0,31;0,27;0;0,05;109,76;109,76;0,7;0,63
7;StudentAttendanceSystem;transition;878;25;48;17;47;100;0,3;0,68;0;0,13;110,76;110,76;1,23;1,11
7;StudentAttendanceSystem;pair;878;25;48;43;249;100;0,32;0,14;1,36;0,36;111,76;111,76;2,75;2,18
7;StudentAttendanceSystem;state;879;30;59;13;72;100;0,41;0,51;0;0,14;112,76;112,76;1,26;1,06
7;StudentAttendanceSystem;transition;879;30;59;20;58;100;0,38;1,07;0;0,21;113,76;113,76;1,82;1,66
7;StudentAttendanceSystem;pair;879;30;59;58;328;100;0,4;0,29;2,3;0,49;114,76;115,76;4,27;3,48
7;StudentAttendanceSystem;state;880;26;53;11;62;100;0,36;0,45;0;0,12;116,76;116,76;1,04;0,93
7;StudentAttendanceSystem;transition;880;26;53;17;53;100;0,35;0,89;0;0,17;116,76;116,76;1,56;1,4
7;StudentAttendanceSystem;pair;880;26;53;45;267;100;0,34;0,29;1,59;0,36;118,76;118,76;3,23;2,57
7;StudentAttendanceSystem;state;881;17;27;6;32;100;0,22;0,24;0;0,05;119,76;119,76;0,61;0,51
7;StudentAttendanceSystem;transition;881;17;27;9;26;100;0,2;0,48;0;0,07;119,76;119,76;0,87;0,75
7;StudentAttendanceSystem;pair;881;17;27;25;119;100;0,2;0,09;0,58;0,14;120,76;120,76;1,38;1
7;StudentAttendanceSystem;state;882;18;34;7;37;100;0,24;0,28;0;0,05;120,76;120,76;0,67;0,57
7;StudentAttendanceSystem;transition;882;18;34;11;34;100;0,24;0,5;0;0,1;121,76;121,76;0,95;0,84
7;StudentAttendanceSystem;pair;882;18;34;35;189;100;0,24;0,14;0,96;0,22;122,76;122,76;2,04;1,56
7;StudentAttendanceSystem;state;883;22;39;9;48;100;0,2;0,23;0;0,04;123,76;123,76;0,54;0,47
7;StudentAttendanceSystem;transition;883;22;39;13;38;100;0,17;0,42;0;0,07;123,76;123,76;0,74;0,66
7;StudentAttendanceSystem;pair;883;22;39;32;170;100;0,22;0,1;0,64;0,21;124,76;125,76;1,56;1,17
7;StudentAttendanceSystem;state;884;24;45;9;48;100;0,2;0,24;0;0,04;125,76;125,76;0,55;0,49
7;StudentAttendanceSystem;transition;884;24;45;16;44;100;0,19;0,57;0;0,12;126,76;126,76;0,99;0,89
7;StudentAttendanceSystem;pair;884;24;45;45;245;100;0,2;0,15;0,92;0,19;127,76;127,76;1,9;1,47
7;StudentAttendanceSystem;state;885;21;38;8;42;100;0,19;0,21;0;0,04;128,76;128,76;0,49;0,43
7;StudentAttendanceSystem;transition;885;21;38;13;38;100;0,18;0,5;0;0,1;129,76;129,76;0,9;0,78
7;StudentAttendanceSystem;pair;885;21;38;32;176;100;0,23;0,16;0,91;0,16;130,76;130,76;1,92;1,46
7;StudentAttendanceSystem;state;886;21;35;8;39;100;0,17;0,24;0;0,04;130,76;130,76;0,51;0,45
7;StudentAttendanceSystem;transition;886;21;35;14;34;100;0,16;0,39;0;0,07;131,76;131,76;0,7;0,62
7;StudentAttendanceSystem;pair;886;21;35;25;120;100;0,18;0,11;0,43;0,17;132,76;132,76;1,27;0,88
7;StudentAttendanceSystem;state;887;25;47;10;51;100;0,21;0,24;0;0,05;132,76;133,76;0,57;0,5
7;StudentAttendanceSystem;transition;887;25;47;17;46;100;0,21;0,62;0;0,13;133,76;133,76;1,08;0,96
7;StudentAttendanceSystem;pair;887;25;47;42;230;100;0,21;0,18;1,04;0,34;134,76;135,76;2,39;1,77
7;StudentAttendanceSystem;state;888;26;49;10;56;100;0,23;0,29;0;0,09;135,76;135,76;0,69;0,61
7;StudentAttendanceSystem;transition;888;26;49;17;48;100;0,23;0,63;0;0,13;136,76;136,76;1,09;0,99
7;StudentAttendanceSystem;pair;888;26;49;42;236;100;0,3;0,17;1,12;0,2;137,76;138,76;2,33;1,78
7;StudentAttendanceSystem;state;889;23;47;10;54;100;0,25;0,27;0;0,06;138,76;138,76;0,67;0,59
7;StudentAttendanceSystem;transition;889;23;47;16;47;100;0,26;0,5;0;0,09;139,76;139,76;0,95;0,85
7;StudentAttendanceSystem;pair;889;23;47;45;251;100;0,21;0,15;1;0,22;140,76;141,76;2,03;1,58
7;StudentAttendanceSystem;state;890;19;33;7;38;100;0,21;0,25;0;0,04;141,76;141,76;0,58;0,5
7;StudentAttendanceSystem;transition;890;19;33;11;32;100;0,22;0,45;0;0,06;142,76;142,76;0,82;0,73
7;StudentAttendanceSystem;pair;890;19;33;31;161;100;0,16;0,14;0,79;0,13;143,76;143,76;1,57;1,22
7;StudentAttendanceSystem;state;891;18;31;7;35;100;0,19;0,23;0;0,05;143,76;143,76;0,57;0,47
7;StudentAttendanceSystem;transition;891;18;31;11;31;100;0,22;0,57;0;0,09;144,76;144,76;1,01;0,88
7;StudentAttendanceSystem;pair;891;18;31;26;131;100;0,22;0,1;0,43;0,13;145,76;145,76;1,23;0,89
7;StudentAttendanceSystem;state;892;24;44;10;50;100;0,2;0,24;0;0,05;145,76;145,76;0,56;0,49
7;StudentAttendanceSystem;transition;892;24;44;17;43;100;0,23;0,79;0;0,15;146,76;146,76;1,31;1,18
7;StudentAttendanceSystem;pair;892;24;44;43;221;100;0,29;0,12;1,15;0,18;147,76;148,76;2,27;1,75
7;StudentAttendanceSystem;state;893;22;41;8;42;100;0,19;0,31;0;0,05;148,76;148,76;0,63;0,55
7;StudentAttendanceSystem;transition;893;22;41;14;40;100;0,28;0,62;0;0,08;149,76;149,76;1,08;0,98
7;StudentAttendanceSystem;pair;893;22;41;42;226;100;0,19;0,13;1,26;0,18;150,76;150,76;2,19;1,76
7;StudentAttendanceSystem;state;894;21;38;9;47;100;0,18;0,22;0;0,04;151,76;151,76;0,53;0,45
7;StudentAttendanceSystem;transition;894;21;38;13;37;100;0,22;0,49;0;0,07;151,76;151,76;0,88;0,78
7;StudentAttendanceSystem;pair;894;21;38;32;168;100;0,21;0,1;0,57;0,16;152,76;153,76;1,38;1,04
7;StudentAttendanceSystem;state;895;20;38;8;43;100;0,18;0,21;0;0,04;153,76;153,76;0,49;0,43
7;StudentAttendanceSystem;transition;895;20;38;12;38;100;0,17;1,83;0;0,12;154,76;5,76;2,22;2,11
7;StudentAttendanceSystem;pair;895;20;38;34;200;100;0,21;0,11;0,78;0,22;6,76;6,76;1,7;1,32
7;StudentAttendanceSystem;state;896;30;60;13;73;100;0,37;0,36;0;0,09;7,76;7,76;0,9;0,81
7;StudentAttendanceSystem;transition;896;30;60;20;59;100;0,26;0,76;0;0,15;7,76;8,76;1,3;1,17
7;StudentAttendanceSystem;pair;896;30;60;52;300;100;0,25;0,24;1,51;0,31;9,76;10,76;2,88;2,31
7;StudentAttendanceSystem;state;897;26;51;10;54;100;0,27;0,33;0;0,07;10,76;10,76;0,76;0,67
7;StudentAttendanceSystem;transition;897;26;51;19;50;100;0,28;0,88;0;0,18;11,76;11,76;1,52;1,34
7;StudentAttendanceSystem;pair;897;26;51;49;273;100;0,32;0,22;1,32;0,3;12,76;13,76;2,73;2,16
7;StudentAttendanceSystem;state;898;26;54;11;62;100;0,27;0,37;0;0,12;13,76;13,76;0,87;0,76
7;StudentAttendanceSystem;transition;898;26;54;18;54;100;0,36;0,9;0;0,17;14,76;14,76;1,6;1,43
7;StudentAttendanceSystem;pair;898;26;54;48;278;100;0,24;0,17;1,36;0,33;16,76;16,76;2,6;2,11
7;StudentAttendanceSystem;state;899;21;41;8;42;100;0,22;0,23;0;0,07;16,76;16,76;0,62;0,52
7;StudentAttendanceSystem;transition;899;21;41;13;41;100;0,28;0,58;0;0,12;17,76;17,76;1,1;0,98
7;StudentAttendanceSystem;pair;899;21;41;42;238;100;0,27;0,17;1,06;0,26;18,76;19,76;2,29;1,77
7;StudentAttendanceSystem;state;900;20;37;8;42;100;0,26;0,31;0;0,05;19,76;19,76;0,74;0,63
7;StudentAttendanceSystem;transition;900;20;37;12;37;100;0,2;0,5;0;0,09;20,76;20,76;0,9;0,79
7;StudentAttendanceSystem;pair;900;20;37;37;189;100;0,2;0,11;0,81;0,18;21,76;21,76;1,72;1,3
7;StudentAttendanceSystem;state;901;22;43;10;53;100;0,24;0,24;0;0,05;21,76;22,76;0,61;0,54
7;StudentAttendanceSystem;transition;901;22;43;14;43;100;0,25;0,51;0;0,11;22,76;22,76;0,99;0,87
7;StudentAttendanceSystem;pair;901;22;43;41;234;100;0,27;0,21;1,23;0,33;23,76;24,76;2,67;2,04
7;StudentAttendanceSystem;state;902;27;53;11;59;100;0,37;0,5;0;0,11;24,76;24,76;1,11;0,98
7;StudentAttendanceSystem;transition;902;27;53;19;52;100;0,32;0,95;0;0,12;25,76;25,76;1,54;1,39
7;StudentAttendanceSystem;pair;902;27;53;55;305;100;0,31;0,26;1,71;0,3;27,76;27,76;3,32;2,58
7;StudentAttendanceSystem;state;903;24;47;10;52;100;0,3;0,44;0;0,1;28,76;28,76;0,95;0,84
7;StudentAttendanceSystem;transition;903;24;47;17;46;100;0,28;0,84;0;0,19;28,76;28,76;1,47;1,31
7;StudentAttendanceSystem;pair;903;24;47;41;225;100;0,28;0,17;1,24;0,26;30,76;30,76;2,53;1,96
7;StudentAttendanceSystem;state;904;23;45;10;56;100;0,23;0,28;0;0,1;30,76;30,76;0,7;0,6
7;StudentAttendanceSystem;transition;904;23;45;14;45;100;0,22;0,48;0;0,09;31,76;31,76;0,87;0,78
7;StudentAttendanceSystem;pair;904;23;45;39;231;100;0,2;0,13;0,8;0,19;32,76;33,76;1,77;1,32
7;StudentAttendanceSystem;state;905;30;61;13;70;100;0,27;0,34;0;0,1;33,76;33,76;0,79;0,71
7;StudentAttendanceSystem;transition;905;30;61;23;60;100;0,31;0,75;0;0,16;34,76;34,76;1,35;1,22
7;StudentAttendanceSystem;pair;905;30;61;57;317;100;0,32;0,24;1,56;0,28;36,76;36,76;2,97;2,41
7;StudentAttendanceSystem;state;906;26;52;11;61;100;0,26;0,33;0;0,11;37,76;37,76;0,8;0,7
7;StudentAttendanceSystem;transition;906;26;52;18;52;100;0,28;0,71;0;0,13;38,76;38,76;1,24;1,11
7;StudentAttendanceSystem;pair;906;26;52;48;272;100;0,23;0,18;1,16;0,22;39,76;39,76;2,23;1,79
7;StudentAttendanceSystem;state;907;21;38;8;42;100;0,24;0,25;0;0,06;40,76;40,76;0,64;0,55
7;StudentAttendanceSystem;transition;907;21;38;13;37;100;0,2;0,45;0;0,1;41,76;41,76;0,85;0,75
7;StudentAttendanceSystem;pair;907;21;38;32;178;100;0,21;0,11;0,73;0,17;42,76;42,76;1,59;1,22
7;StudentAttendanceSystem;state;908;18;32;7;37;100;0,18;0,24;0;0,04;42,76;42,76;0,53;0,46
7;StudentAttendanceSystem;transition;908;18;32;10;32;100;0,16;0,4;0;0,07;43,76;43,76;0,72;0,63
7;StudentAttendanceSystem;pair;908;18;32;27;153;100;0,19;0,09;0,53;0,15;44,76;44,76;1,29;0,96
7;StudentAttendanceSystem;state;909;22;42;9;46;100;0,22;0,21;0;0,04;44,76;44,76;0,54;0,47
7;StudentAttendanceSystem;transition;909;22;42;15;42;100;0,2;0,49;0;0,1;45,76;45,76;0,9;0,79
7;StudentAttendanceSystem;pair;909;22;42;40;219;100;0,21;0,13;0,79;0,19;46,76;47,76;1,76;1,32
7;StudentAttendanceSystem;state;910;23;43;9;49;100;0,3;0,4;0;0,08;47,76;47,76;0,89;0,78
7;StudentAttendanceSystem;transition;910;23;43;14;42;100;0,2;0,55;0;0,09;48,76;48,76;0,96;0,85
7;StudentAttendanceSystem;pair;910;23;43;38;224;100;0,24;0,13;0,81;0,33;49,76;49,76;1,96;1,51
7;StudentAttendanceSystem;state;911;19;34;8;43;100;0,28;0,22;0;0,04;50,76;50,76;0,61;0,54
7;StudentAttendanceSystem;transition;911;19;34;10;34;100;0,2;0,35;0;0,05;50,76;50,76;0,68;0,6
7;StudentAttendanceSystem;pair;911;19;34;31;175;100;0,24;0,09;0,63;0,14;51,76;51,76;1,43;1,1
7;StudentAttendanceSystem;state;912;24;46;9;46;100;0,26;0,25;0;0,06;52,76;52,76;0,66;0,57
7;StudentAttendanceSystem;transition;912;24;46;18;45;100;0,21;0,62;0;0,12;53,76;53,76;1,06;0,95
7;StudentAttendanceSystem;pair;912;24;46;40;217;100;0,21;0,16;0,88;0,19;54,76;54,76;1,9;1,44
7;StudentAttendanceSystem;state;913;26;53;11;62;100;0,23;0,28;0;0,06;55,76;55,76;0,65;0,58
7;StudentAttendanceSystem;transition;913;26;53;17;53;100;0,24;0,73;0;0,13;56,76;56,76;1,22;1,1
7;StudentAttendanceSystem;pair;913;26;53;45;267;100;0,36;0,17;1,12;0,33;57,76;57,76;2,56;1,97
7;StudentAttendanceSystem;state;914;19;38;8;41;100;0,32;0,31;0;0,05;58,76;58,76;0,76;0,68
7;StudentAttendanceSystem;transition;914;19;38;13;38;100;0,18;0,4;0;0,09;58,76;59,76;0,79;0,67
7;StudentAttendanceSystem;pair;914;19;38;36;204;100;0,18;0,11;1,09;0,28;60,76;60,76;2,14;1,66
7;StudentAttendanceSystem;state;915;27;54;12;68;100;0,37;0,42;0;0,1;60,76;60,76;0,99;0,89
7;StudentAttendanceSystem;transition;915;27;54;17;53;100;0,35;0,88;0;0,17;61,76;61,76;1,54;1,4
7;StudentAttendanceSystem;pair;915;27;54;47;281;100;0,34;0,24;2,01;0,4;63,76;63,76;3,67;2,99
7;StudentAttendanceSystem;state;916;21;38;9;44;100;0,28;0,36;0;0,06;64,76;64,76;0,81;0,7
7;StudentAttendanceSystem;transition;916;21;38;14;38;100;0,28;0,61;0;0,1;64,76;64,76;1,13;1
7;StudentAttendanceSystem;pair;916;21;38;35;177;100;0,27;0,14;0,93;0,23;65,76;65,76;2,09;1,56
7;StudentAttendanceSystem;state;917;18;33;7;37;100;0,28;0,36;0;0,05;66,76;66,76;0,81;0,7
7;StudentAttendanceSystem;transition;917;18;33;11;33;100;0,19;0,4;0;0,07;66,76;67,76;0,74;0,66
7;StudentAttendanceSystem;pair;917;18;33;30;168;100;0,17;0,12;0,78;0,14;67,76;68,76;1,58;1,21
7;StudentAttendanceSystem;state;918;27;55;12;67;100;0,28;0,42;0;0,15;68,76;68,76;0,98;0,85
7;StudentAttendanceSystem;transition;918;27;55;17;55;100;0,34;0,93;0;0,16;69,76;69,76;1,57;1,43
7;StudentAttendanceSystem;pair;918;27;55;51;299;100;0,24;0,2;1,45;0,29;71,76;71,76;2,82;2,19
7;StudentAttendanceSystem;state;919;23;42;9;45;100;0,25;0,26;0;0,08;71,76;72,76;0,7;0,6
7;StudentAttendanceSystem;transition;919;23;42;17;41;100;0,28;0,73;0;0,14;72,76;72,76;1,3;1,15
7;StudentAttendanceSystem;pair;919;23;42;37;189;100;0,28;0,15;1;0,26;73,76;74,76;2,27;1,69
7;StudentAttendanceSystem;state;920;25;47;11;62;100;0,34;0,42;0;0,1;74,76;74,76;0,98;0,87
7;StudentAttendanceSystem;transition;920;25;47;15;46;100;0,33;0,88;0;0,15;75,76;75,76;1,51;1,36
7;StudentAttendanceSystem;pair;920;25;47;44;248;100;0,33;0,18;1,32;0,3;76,76;76,76;2,85;2,13
7;StudentAttendanceSystem;state;921;18;29;7;35;100;0,23;0,23;0;0,04;77,76;77,76;0,6;0,5
7;StudentAttendanceSystem;transition;921;18;29;10;29;100;0,2;0,43;0;0,07;77,76;77,76;0,81;0,7
7;StudentAttendanceSystem;pair;921;18;29;28;129;100;0,19;0,11;0,54;0,15;78,76;78,76;1,37;0,98
7;StudentAttendanceSystem;state;922;27;50;11;61;100;0,33;0,41;0;0,1;79,76;79,76;0,94;0,84
7;StudentAttendanceSystem;transition;922;27;50;17;49;100;0,3;0,78;0;0,14;80,76;80,76;1,36;1,22
7;StudentAttendanceSystem;pair;922;27;50;41;229;100;0,3;0,18;1,19;0,26;81,76;81,76;2,53;1,95
7;StudentAttendanceSystem;state;923;25;49;10;56;100;0,32;0,37;0;0,09;82,76;82,76;0,88;0,77
7;StudentAttendanceSystem;transition;923;25;49;16;49;100;0,28;0,74;0;0,14;83,76;83,76;1,31;1,16
7;StudentAttendanceSystem;pair;923;25;49;42;244;100;0,28;0,19;1,32;0,33;84,76;84,76;2,75;2,12
7;StudentAttendanceSystem;state;924;24;49;10;51;100;0,36;0,4;0;0,09;85,76;85,76;0,97;0,85
7;StudentAttendanceSystem;transition;924;24;49;19;49;100;0,26;0,7;0;0,11;86,76;86,76;1,19;1,08
7;StudentAttendanceSystem;pair;924;24;49;47;259;100;0,22;0,17;1,11;0,24;87,76;87,76;2,35;1,74
7;StudentAttendanceSystem;state;925;24;50;10;55;100;0,28;0,36;0;0,08;88,76;88,76;0,81;0,71
7;StudentAttendanceSystem;transition;925;24;50;15;50;100;0,24;0,64;0;0,12;89,76;89,76;1,16;1,01
7;StudentAttendanceSystem;pair;925;24;50;48;278;100;0,22;0,22;1,38;0,31;90,76;90,76;2,63;2,13
7;StudentAttendanceSystem;state;926;23;42;9;48;100;0,31;0,31;0;0,07;91,76;91,76;0,81;0,7
7;StudentAttendanceSystem;transition;926;23;42;14;41;100;0,24;0,59;0;0,11;92,76;92,76;1,08;0,94
7;StudentAttendanceSystem;pair;926;23;42;41;213;100;0,24;0,13;0,94;0,18;93,76;93,76;1,88;1,48
7;StudentAttendanceSystem;state;927;24;49;11;60;100;0,33;0,36;0;0,07;94,76;94,76;0,87;0,76
7;StudentAttendanceSystem;transition;927;24;49;15;49;100;0,25;0,75;0;0,13;94,76;94,76;1,28;1,13
7;StudentAttendanceSystem;pair;927;24;49;41;243;100;0,25;0,18;1,04;0,34;96,76;96,76;2,34;1,82
7;StudentAttendanceSystem;state;928;19;34;8;39;100;0,19;0,19;0;0,04;96,76;96,76;0,51;0,43
7;StudentAttendanceSystem;transition;928;19;34;13;33;100;0,24;0,51;0;0,12;97,76;97,76;1,01;0,86
7;StudentAttendanceSystem;pair;928;19;34;29;146;100;0,21;0,13;0,62;0,17;98,76;98,76;1,54;1,13
7;StudentAttendanceSystem;state;929;27;56;12;64;100;0,3;0,47;0;0,12;99,76;99,76;1,02;0,88
7;StudentAttendanceSystem;transition;929;27;56;19;55;100;0,37;1,05;0;0,2;100,76;100,76;1,8;1,62
7;StudentAttendanceSystem;pair;929;27;56;48;280;100;0,36;0,28;1,99;0,36;101,76;101,76;3,75;3
7;StudentAttendanceSystem;state;930;20;33;8;43;100;0,29;0,27;0;0,06;102,76;102,76;0,73;0,62
7;StudentAttendanceSystem;transition;930;20;33;10;32;100;0,22;0,5;0;0,09;102,76;103,76;0,93;0,8
7;StudentAttendanceSystem;pair;930;20;33;28;152;100;0,23;0,12;0,69;0,18;103,76;104,76;1,62;1,21
7;StudentAttendanceSystem;state;931;27;52;12;68;100;0,33;0,41;0;0,12;104,76;104,76;0,95;0,86
7;StudentAttendanceSystem;transition;931;27;52;16;51;100;0,31;0,79;0;0,15;105,76;105,76;1,4;1,25
7;StudentAttendanceSystem;pair;931;27;52;48;280;100;0,3;0,23;1,56;0,34;106,76;107,76;3,13;2,42
7;StudentAttendanceSystem;state;932;24;51;11;58;100;0,3;0,36;0;0,08;107,76;107,76;0,83;0,74
7;StudentAttendanceSystem;transition;932;24;51;17;51;100;0,3;0,75;0;0,21;108,76;108,76;1,4;1,26
7;StudentAttendanceSystem;pair;932;24;51;44;256;100;0,3;0,23;1,36;0,31;109,76;110,76;2,84;2,19
7;StudentAttendanceSystem;state;933;23;41;8;43;100;0,27;0,33;0;0,06;110,76;110,76;0,76;0,66
7;StudentAttendanceSystem;transition;933;23;41;14;40;100;0,27;0,63;0;0,12;111,76;111,76;1,13;1,01
7;StudentAttendanceSystem;pair;933;23;41;33;187;100;0,26;0,15;0,94;0,22;112,76;112,76;2,06;1,57
7;StudentAttendanceSystem;state;934;18;28;7;37;100;0,23;0,24;0;0,04;113,76;113,76;0,61;0,52
7;StudentAttendanceSystem;transition;934;18;28;9;27;100;0,2;0,44;0;0,07;113,76;113,76;0,81;0,71
7;StudentAttendanceSystem;pair;934;18;28;24;118;100;0,21;0,09;0,52;0,12;114,76;114,76;1,3;0,94
7;StudentAttendanceSystem;state;935;22;41;9;48;100;0,28;0,33;0;0,07;115,76;115,76;0,79;0,68
7;StudentAttendanceSystem;transition;935;22;41;15;41;100;0,27;0,58;0;0,12;115,76;116,76;1,09;0,97
7;StudentAttendanceSystem;pair;935;22;41;37;189;100;0,25;0,15;0,94;0,23;116,76;117,76;2,07;1,57
7;StudentAttendanceSystem;state;936;23;44;9;49;100;0,29;0,32;0;0,06;117,76;117,76;0,77;0,68
7;StudentAttendanceSystem;transition;936;23;44;15;43;100;0,27;0,65;0;0,14;118,76;118,76;1,31;1,07
7;StudentAttendanceSystem;pair;936;23;44;39;215;100;0,31;0,2;1,3;0,3;119,76;119,76;2,89;2,11
7;StudentAttendanceSystem;state;937;26;49;10;56;100;0,33;0,37;0;0,09;120,76;120,76;0,93;0,79
7;StudentAttendanceSystem;transition;937;26;49;17;48;100;0,32;0,81;0;0,17;121,76;121,76;1,45;1,3
7;StudentAttendanceSystem;pair;937;26;49;41;231;100;0,32;0,19;1,4;0,36;122,76;122,76;2,94;2,28
7;StudentAttendanceSystem;state;938;25;51;11;60;100;0,36;0,41;0;0,07;123,76;123,76;0,95;0,84
7;StudentAttendanceSystem;transition;938;25;51;15;51;100;0,23;0,65;0;0,1;124,76;124,76;1,12;0,99
7;StudentAttendanceSystem;pair;938;25;51;48;280;100;0,29;0,24;1,54;0,37;125,76;126,76;3,08;2,43
7;StudentAttendanceSystem;state;939;28;55;11;62;100;0,38;0,49;0;0,11;126,76;126,76;1,12;0,98
7;StudentAttendanceSystem;transition;939;28;55;19;54;100;0,38;1,05;0;0,23;127,76;127,76;1,92;1,66
7;StudentAttendanceSystem;pair;939;28;55;49;279;100;0,36;0,29;1,97;0,37;128,76;129,76;3,89;2,99
7;StudentAttendanceSystem;state;940;27;54;12;66;100;0,37;0,4;0;0,1;129,76;129,76;0,98;0,87
7;StudentAttendanceSystem;transition;940;27;54;17;53;100;0,28;0,81;0;0,14;130,76;130,76;1,36;1,23
7;StudentAttendanceSystem;pair;940;27;54;45;267;100;0,35;0,23;1,46;0,33;132,76;132,76;3;2,37
7;StudentAttendanceSystem;state;941;21;38;8;42;100;0,27;0,24;0;0,06;132,76;133,76;0,65;0,57
7;StudentAttendanceSystem;transition;941;21;38;13;37;100;0,29;0,62;0;0,12;133,76;133,76;1,18;1,04
7;StudentAttendanceSystem;pair;941;21;38;33;183;100;0,23;0,11;0,74;0,21;134,76;134,76;1,77;1,3
7;StudentAttendanceSystem;state;942;20;37;9;46;100;0,2;0,21;0;0,04;135,76;135,76;0,52;0,46
7;StudentAttendanceSystem;transition;942;20;37;12;37;100;0,24;0,96;0;0,1;135,76;136,76;1,51;1,3
7;StudentAttendanceSystem;pair;942;20;37;32;181;100;0,64;0,29;1,36;0,25;136,76;137,76;3,54;2,55
7;StudentAttendanceSystem;state;943;25;47;10;53;100;0,35;0,66;0;0,09;137,76;137,76;1,29;1,1
7;StudentAttendanceSystem;transition;943;25;47;18;46;100;0,35;1,13;0;0,11;138,76;138,76;1,75;1,59
7;StudentAttendanceSystem;pair;943;25;47;40;210;100;0,34;0,23;1,35;0,3;139,76;140,76;2,93;2,21
7;StudentAttendanceSystem;state;944;19;36;8;39;100;0,46;0,51;0;0,07;140,76;140,76;1,2;1,05
7;StudentAttendanceSystem;transition;944;19;36;13;36;100;0,31;0,65;0;0,1;141,76;141,76;1,26;1,07
7;StudentAttendanceSystem;pair;944;19;36;32;171;100;0,22;0,18;0,72;0,14;142,76;142,76;1,67;1,26
7;StudentAttendanceSystem;state;945;30;59;13;73;100;0,38;0,47;0;0,11;142,76;143,76;1,07;0,96
7;StudentAttendanceSystem;transition;945;30;59;19;58;100;0,35;1,08;0;0,24;143,76;143,76;1,93;1,67
7;StudentAttendanceSystem;pair;945;30;59;49;289;100;0,44;0,28;2,06;0,41;145,76;145,76;4,01;3,19
7;StudentAttendanceSystem;state;946;28;57;13;72;100;0,43;0,52;0;0,12;146,76;146,76;1,2;1,07
7;StudentAttendanceSystem;transition;946;28;57;18;57;100;0,37;1,08;0;0,19;147,76;147,76;1,84;1,64
7;StudentAttendanceSystem;pair;946;28;57;54;308;100;0,38;0,29;2,14;0,44;148,76;149,76;4,09;3,25
7;StudentAttendanceSystem;state;947;18;30;7;35;100;0,28;0,3;0;0,06;149,76;149,76;0,78;0,64
7;StudentAttendanceSystem;transition;947;18;30;11;30;100;0,25;0,55;0;0,09;150,76;150,76;1,04;0,89
7;StudentAttendanceSystem;pair;947;18;30;31;144;100;0,24;0,11;0,8;0,18;151,76;151,76;1,81;1,33
7;StudentAttendanceSystem;state;948;18;33;7;37;100;0,26;0,3;0;0,06;151,76;151,76;0,74;0,62
7;StudentAttendanceSystem;transition;948;18;33;11;33;100;0,25;0,47;0;0,07;152,76;152,76;0,89;0,78
7;StudentAttendanceSystem;pair;948;18;33;31;172;100;0,17;0,11;0,72;0,16;153,76;153,76;1,51;1,17
7;StudentAttendanceSystem;state;949;26;50;11;57;100;0,29;0,28;0;7,66;153,76;154,76;8,36;8,23
7;StudentAttendanceSystem;transition;949;26;50;17;49;100;0,31;0,58;0;0,1;5,75;5,75;1,11;0,99
7;StudentAttendanceSystem;pair;949;26;50;47;259;100;0,29;0,16;1,23;0,35;7,75;7,75;2,65;2,03
7;StudentAttendanceSystem;state;950;18;34;7;36;100;0,19;0,19;0;0,06;7,75;8,75;0,53;0,44
7;StudentAttendanceSystem;transition;950;18;34;12;34;100;0,22;0,62;0;0,07;8,75;8,75;1,04;0,91
7;StudentAttendanceSystem;pair;950;18;34;32;170;100;0,19;0,17;0,86;0,16;9,75;9,75;1,79;1,37
7;StudentAttendanceSystem;state;951;28;55;13;74;100;0,44;0,5;0;0,13;10,75;10,75;1,21;1,07
7;StudentAttendanceSystem;transition;951;28;55;16;54;100;0,32;0,99;0;0,17;11,75;11,75;1,66;1,48
7;StudentAttendanceSystem;pair;951;28;55;48;288;100;0,31;0,28;1,58;0,32;12,75;13,75;3,23;2,49
7;StudentAttendanceSystem;state;952;29;59;12;68;100;0,33;0,34;0;0,09;13,75;13,75;0,86;0,76
7;StudentAttendanceSystem;transition;952;29;59;20;58;100;0,29;0,94;0;0,19;14,75;14,75;1,65;1,42
7;StudentAttendanceSystem;pair;952;29;59;52;302;100;0,36;0,3;1,67;0,34;16,75;16,75;3,3;2,67
7;StudentAttendanceSystem;state;953;23;45;9;48;100;0,26;0,28;0;0,08;17,75;17,75;0,72;0,62
7;StudentAttendanceSystem;transition;953;23;45;16;45;100;0,22;0,6;0;0,12;17,75;17,75;1,07;0,94
7;StudentAttendanceSystem;pair;953;23;45;42;234;100;0,23;0,17;1,18;0,27;18,75;19,75;2,39;1,85
7;StudentAttendanceSystem;state;954;25;50;10;55;100;0,32;0,44;0;0,11;19,75;19,75;0,99;0,87
7;StudentAttendanceSystem;transition;954;25;50;17;49;100;0,38;0,87;0;0,11;20,75;20,75;1,5;1,36
7;StudentAttendanceSystem;pair;954;25;50;46;262;100;0,32;0,16;1,26;0,31;21,75;22,75;2,56;2,05
7;StudentAttendanceSystem;state;955;24;49;11;62;100;0,26;0,3;0;0,06;22,75;22,75;0,71;0,62
7;StudentAttendanceSystem;transition;955;24;49;15;49;100;0,32;0,82;0;0,17;23,75;23,75;1,48;1,31
7;StudentAttendanceSystem;pair;955;24;49;43;257;100;0,23;0,16;1,2;0,36;24,75;25,75;2,59;1,96
7;StudentAttendanceSystem;state;956;30;59;13;72;100;0,41;0,47;0;0,1;25,75;26,75;1,08;0,98
7;StudentAttendanceSystem;transition;956;30;59;20;58;100;0,34;1,04;0;0,17;26,75;26,75;1,73;1,55
7;StudentAttendanceSystem;pair;956;30;59;58;324;100;0,39;0,2;1,99;0,43;28,75;28,75;3,73;3,01
7;StudentAttendanceSystem;state;957;31;62;14;78;100;0,41;0,6;0;0,1;29,75;29,75;1,23;1,12
7;StudentAttendanceSystem;transition;957;31;62;20;61;100;0,44;1;0;0,16;30,75;30,75;1,75;1,6
7;StudentAttendanceSystem;pair;957;31;62;58;336;100;0,28;0,22;1,84;0,49;32,75;32,75;3,59;2,83
7;StudentAttendanceSystem;state;958;22;39;9;48;100;0,31;0,39;0;0,09;33,75;33,75;0,91;0,78
7;StudentAttendanceSystem;transition;958;22;39;13;38;100;0,29;0,71;0;0,12;33,75;33,75;1,28;1,12
7;StudentAttendanceSystem;pair;958;22;39;32;170;100;0,31;0,15;0,83;0,17;34,75;35,75;2;1,46
7;StudentAttendanceSystem;state;959;19;35;7;36;100;0,21;0,22;0;0,04;35,75;35,75;0,55;0,47
7;StudentAttendanceSystem;transition;959;19;35;11;35;100;0,24;0,52;0;0,11;36,75;36,75;1,02;0,88
7;StudentAttendanceSystem;pair;959;19;35;35;191;100;0,35;0,17;1,11;0,27;37,75;37,75;2,47;1,9
7;StudentAttendanceSystem;state;960;21;36;8;41;100;0,23;0,21;0;0,06;37,75;37,75;0,59;0,5
7;StudentAttendanceSystem;transition;960;21;36;13;35;100;0,22;0,57;0;0,12;38,75;38,75;1,05;0,91
7;StudentAttendanceSystem;pair;960;21;36;28;145;100;0,24;0,16;0,58;0,14;39,75;39,75;1,53;1,11
7;StudentAttendanceSystem;state;961;28;52;12;66;100;0,33;0,46;0;0,07;40,75;40,75;0,95;0,86
7;StudentAttendanceSystem;transition;961;28;52;17;51;100;0,27;0,85;0;0,13;40,75;41,75;1,39;1,25
7;StudentAttendanceSystem;pair;961;28;52;48;266;100;0,26;0,17;1,53;0,42;42,75;42,75;3,05;2,39
7;StudentAttendanceSystem;state;962;26;51;10;54;100;0,4;0,41;0;0,1;43,75;43,75;1,04;0,91
7;StudentAttendanceSystem;transition;962;26;51;19;50;100;0,39;1,2;0;0,18;44,75;44,75;1,97;1,77
7;StudentAttendanceSystem;pair;962;26;51;49;273;100;0,38;0,26;1,91;0,37;45,75;45,75;3,57;2,91
7;StudentAttendanceSystem;state;963;19;35;8;43;100;0,33;0,33;0;0,08;46,75;46,75;0,86;0,73
7;StudentAttendanceSystem;transition;963;19;35;11;35;100;0,3;0,66;0;0,11;46,75;47,75;1,21;1,08
7;StudentAttendanceSystem;pair;963;19;35;34;190;100;0,24;0,18;0,86;0,26;47,75;48,75;2,02;1,54
7;StudentAttendanceSystem;state;964;26;52;10;55;100;0,38;0,4;0;0,06;48,75;48,75;0,94;0,85
7;StudentAttendanceSystem;transition;964;26;52;17;51;100;0,24;0,72;0;0,12;49,75;49,75;1,27;1,09
7;StudentAttendanceSystem;pair;964;26;52;52;294;100;0,28;0,22;1,61;0,28;51,75;51,75;2,95;2,4
7;StudentAttendanceSystem;state;965;28;59;13;70;100;0,33;0,37;0;0,1;52,75;52,75;0,9;0,8
7;StudentAttendanceSystem;transition;965;28;59;21;59;100;0,25;0,77;0;0,14;52,75;53,75;1,29;1,16
7;StudentAttendanceSystem;pair;965;28;59;53;301;100;0,29;0,28;1,48;0,35;54,75;55,75;3,16;2,41
7;StudentAttendanceSystem;state;966;21;40;9;48;100;0,29;0,25;0;0,08;55,75;55,75;0,71;0,61
7;StudentAttendanceSystem;transition;966;21;40;13;40;100;0,27;0,54;0;0,09;56,75;56,75;1,03;0,91
7;StudentAttendanceSystem;pair;966;21;40;34;188;100;0,2;0,16;1,02;0,29;57,75;57,75;2,22;1,66
7;StudentAttendanceSystem;state;967;21;40;9;48;100;0,27;0,34;0;0,08;57,75;57,75;0,81;0,69
7;StudentAttendanceSystem;transition;967;21;40;13;40;100;0,29;0,7;0;0,12;58,75;58,75;1,26;1,11
7;StudentAttendanceSystem;pair;967;21;40;35;193;100;0,3;0,19;0,83;0,21;59,75;59,75;2,02;1,53
7;StudentAttendanceSystem;state;968;22;45;9;49;100;0,23;0,25;0;0,06;60,75;60,75;0,62;0,54
7;StudentAttendanceSystem;transition;968;22;45;15;45;100;0,2;0,68;0;0,09;61,75;61,75;1,08;0,98
7;StudentAttendanceSystem;pair;968;22;45;42;238;100;0,2;0,19;1,02;0,26;62,75;62,75;2,15;1,67
7;StudentAttendanceSystem;state;969;26;51;11;62;100;0,36;0,43;0;0,09;63,75;63,75;0,99;0,88
7;StudentAttendanceSystem;transition;969;26;51;17;50;100;0,29;0,82;0;0,15;63,75;64,75;1,41;1,25
7;StudentAttendanceSystem;pair;969;26;51;47;273;100;0,28;0,23;1,36;0,35;65,75;65,75;2,79;2,21
7;StudentAttendanceSystem;state;970;22;39;9;50;100;0,22;0,35;0;0,09;66,75;66,75;0,78;0,66
7;StudentAttendanceSystem;transition;970;22;39;12;39;100;0,21;0,46;0;0,07;66,75;66,75;0,85;0,75
7;StudentAttendanceSystem;pair;970;22;39;33;179;100;0,22;0,11;0,75;0,15;67,75;68,75;1,6;1,22
7;StudentAttendanceSystem;state;971;16;25;6;30;100;0,19;0,16;0;0,04;68,75;68,75;0,48;0,4
7;StudentAttendanceSystem;transition;971;16;25;9;24;100;0,2;0,36;0;0,07;69,75;69,75;0,76;0,64
7;StudentAttendanceSystem;pair;971;16;25;18;84;100;0,16;0,07;0,35;0,07;69,75;69,75;0,91;0,64
7;StudentAttendanceSystem;state;972;23;45;9;48;100;0,27;0,32;0;0,05;70,75;70,75;0,74;0,65
7;StudentAttendanceSystem;transition;972;23;45;16;44;100;0,2;0,64;0;0,16;71,75;71,75;1,14;1
7;StudentAttendanceSystem;pair;972;23;45;43;241;100;0,21;0,13;1,02;0,29;72,75;72,75;2,18;1,66
7;StudentAttendanceSystem;state;973;23;40;10;56;100;0,26;0,35;0;0,07;73,75;73,75;0,8;0,68
7;StudentAttendanceSystem;transition;973;23;40;12;39;100;0,29;0,57;0;0,11;73,75;73,75;1,13;0,97
7;StudentAttendanceSystem;pair;973;23;40;34;186;100;0,29;0,13;0,71;0,19;74,75;75,75;1,86;1,32
7;StudentAttendanceSystem;state;974;23;46;10;54;100;0,23;0,27;0;0,05;75,75;75,75;0,62;0,55
7;StudentAttendanceSystem;transition;974;23;46;15;46;100;0,24;0,5;0;0,09;76,75;76,75;0,94;0,84
7;StudentAttendanceSystem;pair;974;23;46;42;240;100;0,26;0,15;1,39;0,34;77,75;77,75;2,7;2,14
7;StudentAttendanceSystem;state;975;17;27;6;31;100;0,23;0,24;0;0,04;78,75;78,75;0,62;0,51
7;StudentAttendanceSystem;transition;975;17;27;10;26;100;0,22;0,37;0;0,06;78,75;78,75;0,76;0,65
7;StudentAttendanceSystem;pair;975;17;27;23;104;100;0,22;0,07;0,46;0,09;79,75;79,75;1,15;0,83
7;StudentAttendanceSystem;state;976;18;32;8;40;100;0,24;0,36;0;0,06;80,75;80,75;0,77;0,66
7;StudentAttendanceSystem;transition;976;18;32;11;32;100;0,26;0,62;0;0,1;80,75;80,75;1,12;0,98
7;StudentAttendanceSystem;pair;976;18;32;30;155;100;0,28;0,14;0,88;0,23;81,75;81,75;2,07;1,53
7;StudentAttendanceSystem;state;977;29;58;12;68;100;0,5;0,62;0;0,14;82,75;82,75;1,41;1,26
7;StudentAttendanceSystem;transition;977;29;58;19;57;100;0,46;1,18;0;0,23;83,75;83,75;2,12;1,88
7;StudentAttendanceSystem;pair;977;29;58;49;287;100;0,45;0,36;2,63;0,47;84,75;85,75;4,88;3,9
7;StudentAttendanceSystem;state;978;21;36;9;46;100;0,36;0,38;0;0,09;85,75;85,75;1;0,83
7;StudentAttendanceSystem;transition;978;21;36;12;35;100;0,33;1,04;0;0,12;86,75;86,75;1,67;1,49
7;StudentAttendanceSystem;pair;978;21;36;31;164;100;0,33;0,16;1,21;0,3;87,75;87,75;2,62;2
7;StudentAttendanceSystem;state;979;19;38;8;41;100;0,34;0,37;0;0,08;88,75;88,75;0,95;0,79
7;StudentAttendanceSystem;transition;979;19;38;13;38;100;0,36;0,71;0;0,13;88,75;88,75;1,44;1,2
7;StudentAttendanceSystem;pair;979;19;38;36;204;100;0,35;0,21;1,21;0,28;89,75;90,75;2,68;2,06
7;StudentAttendanceSystem;state;980;23;44;9;49;100;0,4;0,51;0;0,09;90,75;90,75;1,13;1
7;StudentAttendanceSystem;transition;980;23;44;15;43;100;0,36;0,98;0;0,18;91,75;91,75;1,69;1,52
7;StudentAttendanceSystem;pair;980;23;44;41;239;100;0,35;0,22;1,6;0,38;92,75;92,75;3,24;2,54
7;StudentAttendanceSystem;state;981;29;59;12;68;100;0,46;0,59;0;0,13;93,75;93,75;1,3;1,17
7;StudentAttendanceSystem;transition;981;29;59;20;58;100;0,42;1,26;0;0,24;94,75;94,75;2,1;1,92
7;StudentAttendanceSystem;pair;981;29;59;52;302;100;0,41;0,37;2,46;0,54;95,75;96,75;4,67;3,78
7;StudentAttendanceSystem;state;982;26;48;10;56;100;0,38;0,47;0;0,11;96,75;96,75;1,08;0,95
7;StudentAttendanceSystem;transition;982;26;48;16;47;100;0,41;0,99;0;0,17;97,75;97,75;1,73;1,57
7;StudentAttendanceSystem;pair;982;26;48;38;216;100;0,37;0,24;1,53;0,5;98,75;99,75;3,38;2,64
7;StudentAttendanceSystem;state;983;24;43;11;59;100;0,35;0,41;0;0,25;99,75;99,75;1,15;1,01
7;StudentAttendanceSystem;transition;983;24;43;14;42;100;0,37;0,81;0;0,15;100,75;100,75;1,5;1,33
7;StudentAttendanceSystem;pair;983;24;43;35;190;100;0,33;0,2;1,16;0,27;101,75;101,75;2,63;1,96
7;StudentAttendanceSystem;state;984;21;37;8;43;100;0,29;0,43;0;0,07;102,75;102,75;0,91;0,79
7;StudentAttendanceSystem;transition;984;21;37;12;36;100;0,29;0,8;0;0,12;102,75;102,75;1,36;1,21
7;StudentAttendanceSystem;pair;984;21;37;31;177;100;0,31;0,16;1,01;0,28;103,75;104,75;2,38;1,77
7;StudentAttendanceSystem;state;985;23;41;9;45;100;0,33;0,42;0;0,08;104,75;104,75;0,96;0,84
7;StudentAttendanceSystem;transition;985;23;41;16;40;100;0,3;0,9;0;0,17;105,75;105,75;1,53;1,37
7;StudentAttendanceSystem;pair;985;23;41;33;170;100;0,32;0,18;1,08;0,29;106,75;106,75;2,48;1,87
7;StudentAttendanceSystem;state;986;21;36;8;43;100;0,32;0,36;0;0,09;106,75;107,75;0,88;0,76
7;StudentAttendanceSystem;transition;986;21;36;13;35;100;0,29;0,77;0;0,13;107,75;107,75;1,35;1,19
7;StudentAttendanceSystem;pair;986;21;36;29;155;100;0,29;0,16;0,92;0,23;108,75;108,75;2,2;1,6
7;StudentAttendanceSystem;state;987;27;56;12;67;100;0,46;0,52;0;0,12;109,75;109,75;1,22;1,09
7;StudentAttendanceSystem;transition;987;27;56;19;56;100;0,43;1,12;0;0,2;110,75;110,75;1,95;1,75
7;StudentAttendanceSystem;pair;987;27;56;51;291;100;0,43;0,3;2,19;0,48;111,75;112,75;4,27;3,4
7;StudentAttendanceSystem;state;988;20;37;8;41;100;0,34;0,36;0;0,07;112,75;112,75;0,89;0,77
7;StudentAttendanceSystem;transition;988;20;37;13;36;100;0,29;0,78;0;0,14;113,75;113,75;1,38;1,21
7;StudentAttendanceSystem;pair;988;20;37;33;181;100;0,3;0,17;1,13;0,28;114,75;114,75;2,44;1,88
7;StudentAttendanceSystem;state;989;18;27;7;37;100;0,27;0,35;0;0,06;114,75;114,75;0,8;0,68
7;StudentAttendanceSystem;transition;989;18;27;8;26;100;0,25;0,51;0;0,08;115,75;115,75;0,99;0,84
7;StudentAttendanceSystem;pair;989;18;27;19;96;100;0,25;0,14;0,54;0,14;116,75;116,75;1,51;1,07
7;StudentAttendanceSystem;state;990;19;34;7;36;100;0,3;0,33;0;0,06;116,75;116,75;0,79;0,69
7;StudentAttendanceSystem;transition;990;19;34;13;34;100;0,26;0,66;0;0,12;117,75;117,75;1,18;1,04
7;StudentAttendanceSystem;pair;990;19;34;30;152;100;0,29;0,15;0,9;0,21;118,75;118,75;2,13;1,55
7;StudentAttendanceSystem;state;991;31;62;14;78;100;0,44;0,62;0;0,13;119,75;119,75;1,32;1,19
7;StudentAttendanceSystem;transition;991;31;62;20;61;100;0,43;1,18;0;0,25;119,75;120,75;2,08;1,85
7;StudentAttendanceSystem;pair;991;31;62;58;336;100;0,45;0,34;2,73;0,54;121,75;122,75;5;4,07
7;StudentAttendanceSystem;state;992;22;41;9;47;100;0,36;0,47;0;0,08;122,75;122,75;1,04;0,91
7;StudentAttendanceSystem;transition;992;22;41;14;41;100;0,33;0,81;0;0,16;123,75;123,75;1,46;1,3
7;StudentAttendanceSystem;pair;992;22;41;41;223;100;0,34;0,19;1,45;0,37;124,75;124,75;3,01;2,35
7;StudentAttendanceSystem;state;993;24;43;9;50;100;0,39;0,46;0;0,09;125,75;125,75;1,07;0,94
7;StudentAttendanceSystem;transition;993;24;43;15;42;100;0,35;0,87;0;0,16;126,75;126,75;1,52;1,37
7;StudentAttendanceSystem;pair;993;24;43;34;182;100;0,33;0,22;1,07;0,16;127,75;127,75;2,37;1,78
7;StudentAttendanceSystem;state;994;27;53;12;68;100;0,28;0,34;0;0,09;127,75;128,75;0,84;0,71
7;StudentAttendanceSystem;transition;994;27;53;16;52;100;0,32;0,69;0;0,17;128,75;128,75;1,35;1,17
7;StudentAttendanceSystem;pair;994;27;53;43;263;100;0,29;0,19;1,28;0,27;130,75;130,75;2,6;2,03
7;StudentAttendanceSystem;state;995;20;37;8;41;100;0,22;0,25;0;0,1;130,75;131,75;0,66;0,56
7;StudentAttendanceSystem;transition;995;20;37;13;36;100;0,2;0,45;0;0,09;131,75;131,75;0,85;0,74
7;StudentAttendanceSystem;pair;995;20;37;33;181;100;0,19;0,1;0,73;0,26;132,75;132,75;1,73;1,28
7;StudentAttendanceSystem;state;996;23;41;9;45;100;0,31;0,35;0;0,06;133,75;133,75;0,86;0,72
7;StudentAttendanceSystem;transition;996;23;41;16;40;100;0,24;0,61;0;0,13;134,75;134,75;1,12;0,97
7;StudentAttendanceSystem;pair;996;23;41;33;170;100;0,27;0,11;0,8;0,14;135,75;135,75;1,73;1,32
7;StudentAttendanceSystem;state;997;21;39;8;42;100;0,27;0,34;0;0,09;135,75;135,75;0,81;0,69
7;StudentAttendanceSystem;transition;997;21;39;14;38;100;0,27;0,66;0;0,14;136,75;136,75;1,22;1,07
7;StudentAttendanceSystem;pair;997;21;39;35;191;100;0,32;0,19;1,22;0,28;137,75;137,75;2,58;2,01
7;StudentAttendanceSystem;state;998;21;37;8;41;100;0,28;0,33;0;0,07;138,75;138,75;0,79;0,68
7;StudentAttendanceSystem;transition;998;21;37;14;36;100;0,26;0,65;0;0,13;138,75;139,75;1,2;1,04
7;StudentAttendanceSystem;pair;998;21;37;30;157;100;0,26;0,14;0,77;0,19;139,75;140,75;1,77;1,37
7;StudentAttendanceSystem;state;999;22;43;10;53;100;0,27;0,33;0;0,08;140,75;140,75;0,77;0,68
7;StudentAttendanceSystem;transition;999;22;43;15;43;100;0,26;0,69;0;0,12;141,75;141,75;1,19;1,07
7;StudentAttendanceSystem;pair;999;22;43;38;212;100;0,27;0,18;1,12;0,24;142,75;142,75;2,33;1,81
7;StudentAttendanceSystem;state;1000;19;33;7;36;100;0,25;0,3;0;0,05;143,75;143,75;0,69;0,6
7;StudentAttendanceSystem;transition;1000;19;33;12;33;100;0,24;0,5;0;0,08;143,75;143,75;0,93;0,82
7;StudentAttendanceSystem;pair;1000;19;33;29;144;100;0,26;0,11;0,63;0,16;144,75;144,75;1,58;1,17
7;StudentAttendanceSystem;state;1001;21;40;9;44;100;0,26;0,3;0;0,06;145,75;145,75;0,71;0,62
7;StudentAttendanceSystem;transition;1001;21;40;15;39;100;0,25;0,57;0;0,12;145,75;146,75;1,05;0,94
7;StudentAttendanceSystem;pair;1001;21;40;35;191;100;0,25;0,15;1,03;0,25;147,75;147,75;2,28;1,68
7;StudentAttendanceSystem;state;1002;24;45;11;57;100;0,36;0,34;0;0,07;147,75;147,75;0,87;0,77
7;StudentAttendanceSystem;transition;1002;24;45;16;45;100;0,28;0,68;0;0,12;148,75;148,75;1,2;1,08
7;StudentAttendanceSystem;pair;1002;24;45;41;215;100;0,34;0,17;1,07;0,25;149,75;150,75;2,4;1,83
7;StudentAttendanceSystem;state;1003;24;47;11;62;100;0,29;0,41;0;0,08;150,75;150,75;0,87;0,77
7;StudentAttendanceSystem;transition;1003;24;47;14;47;100;0,28;0,7;0;0,12;151,75;151,75;1,22;1,1
7;StudentAttendanceSystem;pair;1003;24;47;44;256;100;0,3;0,18;1,27;0,32;152,75;152,75;2,66;2,07
7;StudentAttendanceSystem;state;1004;22;39;9;49;100;0,33;0,3;0;0,06;153,75;153,75;0,78;0,69
7;StudentAttendanceSystem;transition;1004;22;39;12;38;100;0,62;3,89;0;0,1;154,8;5,8;4,8;4,61
7;StudentAttendanceSystem;pair;1004;22;39;35;199;100;0,33;0,14;1,1;0,24;6,8;6,8;2,32;1,81
7;StudentAttendanceSystem;state;1005;26;49;10;56;100;0,32;0,36;0;0,09;6,8;7,8;0,86;0,76
7;StudentAttendanceSystem;transition;1005;26;49;17;48;100;0,27;0,79;0;0,14;7,8;7,8;1,33;1,2
7;StudentAttendanceSystem;pair;1005;26;49;42;232;100;0,33;0,2;1,18;0,28;9,8;9,8;2,54;1,98
7;StudentAttendanceSystem;state;1006;21;38;8;43;100;0,3;0,31;0;0,07;9,8;9,8;0,77;0,68
7;StudentAttendanceSystem;transition;1006;21;38;13;37;100;0,27;0,64;0;0,12;10,8;10,8;1,15;1,03
7;StudentAttendanceSystem;pair;1006;21;38;34;192;100;0,26;0,19;0,92;0,25;11,8;11,8;2,09;1,61
7;StudentAttendanceSystem;state;1007;21;38;8;42;100;0,26;0,29;0;0,07;12,8;12,8;0,71;0,62
7;StudentAttendanceSystem;transition;1007;21;38;13;37;100;0,22;0,56;0;0,15;12,8;13,8;1,04;0,93
7;StudentAttendanceSystem;pair;1007;21;38;33;183;100;0,27;0,13;0,92;0,21;13,8;14,8;2,01;1,54
7;StudentAttendanceSystem;state;1008;30;60;13;73;100;0,36;0,46;0;0,11;14,8;14,8;1,06;0,93
7;StudentAttendanceSystem;transition;1008;30;60;20;59;100;0,4;0,95;0;0,18;15,8;15,8;1,68;1,53
7;StudentAttendanceSystem;pair;1008;30;60;51;299;100;0,39;0,26;1,84;0,43;17,8;17,8;3,63;2,93
7;StudentAttendanceSystem;state;1009;26;52;11;62;100;0,35;0,38;0;0,09;18,8;18,8;0,93;0,82
7;StudentAttendanceSystem;transition;1009;26;52;16;52;100;0,32;0,8;0;0,15;19,8;19,8;1,4;1,26
7;StudentAttendanceSystem;pair;1009;26;52;42;252;100;0,3;0,23;1,45;0,33;20,8;20,8;2,95;2,31
7;StudentAttendanceSystem;state;1010;25;50;10;55;100;0,32;0,36;0;0,08;21,8;21,8;0,85;0,75
7;StudentAttendanceSystem;transition;1010;25;50;17;49;100;0,29;0,86;0;0,15;22,8;22,8;1,45;1,3
7;StudentAttendanceSystem;pair;1010;25;50;46;262;100;0,3;0,24;1,47;0,35;23,8;23,8;2,94;2,36
7;StudentAttendanceSystem;state;1011;21;41;9;50;100;0,32;0,35;0;0,06;24,8;24,8;0,83;0,73
7;StudentAttendanceSystem;transition;1011;21;41;13;41;100;0,26;0,68;0;0,11;25,8;25,8;1,17;1,05
7;StudentAttendanceSystem;pair;1011;21;41;41;237;100;0,28;0,16;1,23;0,27;26,8;26,8;2,46;1,94
7;StudentAttendanceSystem;state;1012;30;61;13;73;100;0,4;0,46;0;0,1;27,8;27,8;1,06;0,96
7;StudentAttendanceSystem;transition;1012;30;61;20;60;100;0,33;0,95;0;0,18;28,8;28,8;1,61;1,46
7;StudentAttendanceSystem;pair;1012;30;61;58;334;100;0,33;0,27;2;0,41;29,8;30,8;3,69;3,01
7;StudentAttendanceSystem;state;1013;23;41;10;56;100;0,28;0,32;0;0,07;30,8;30,8;0,77;0,67
7;StudentAttendanceSystem;transition;1013;23;41;13;40;100;0,29;0,62;0;0,2;31,8;31,8;1,23;1,11
7;StudentAttendanceSystem;pair;1013;23;41;36;195;100;0,26;0,16;1;0,23;32,8;32,8;2,14;1,65
7;StudentAttendanceSystem;state;1014;23;44;9;48;100;0,31;0,31;0;0,06;33,8;33,8;0,8;0,68
7;StudentAttendanceSystem;transition;1014;23;44;15;43;100;0,26;0,69;0;0,12;33,8;34,8;1,2;1,07
7;StudentAttendanceSystem;pair;1014;23;44;40;230;100;0,27;0,16;1,19;0,28;35,8;35,8;2,42;1,89
7;StudentAttendanceSystem;state;1015;21;38;10;53;100;0,25;0,33;0;0,08;36,8;36,8;0,75;0,66
7;StudentAttendanceSystem;transition;1015;21;38;12;38;100;0,28;0,55;0;0,09;36,8;36,8;1,04;0,92
7;StudentAttendanceSystem;pair;1015;21;38;32;171;100;0,25;0,15;0,77;0,19;37,8;37,8;1,84;1,36
7;StudentAttendanceSystem;state;1016;19;33;7;38;100;0,24;0,26;0;0,05;38,8;38,8;0,63;0,55
7;StudentAttendanceSystem;transition;1016;19;33;11;32;100;0,22;0,49;0;0,08;38,8;38,8;0,9;0,79
7;StudentAttendanceSystem;pair;1016;19;33;32;166;100;0,22;0,11;0,82;0,2;39,8;40,8;1,78;1,35
7;StudentAttendanceSystem;state;1017;20;39;9;47;100;0,22;0,28;0;0,06;40,8;40,8;0,66;0,57
7;StudentAttendanceSystem;transition;1017;20;39;13;39;100;0,23;0,56;0;0,1;41,8;41,8;1;0,89
7;StudentAttendanceSystem;pair;1017;20;39;35;191;100;0,27;0,14;0,91;0,22;42,8;42,8;1,99;1,54
7;StudentAttendanceSystem;state;1018;21;38;8;42;100;0,24;0,28;0;0,06;42,8;43,8;0,68;0,59
7;StudentAttendanceSystem;transition;1018;21;38;13;38;100;0,23;0,54;0;0,1;43,8;43,8;1,01;0,87
7;StudentAttendanceSystem;pair;1018;21;38;32;176;100;0,24;0,13;0,82;0,19;44,8;44,8;1,84;1,38
7;StudentAttendanceSystem;state;1019;23;45;9;50;100;0,29;0,32;0;0,06;45,8;45,8;0,76;0,67
7;StudentAttendanceSystem;transition;1019;23;45;16;45;100;0,26;0,72;0;0,12;46,8;46,8;1,23;1,11
7;StudentAttendanceSystem;pair;1019;23;45;41;223;100;0,27;0,19;1,09;0,26;47,8;47,8;2,31;1,8
7;StudentAttendanceSystem;state;1020;19;30;7;35;100;0,21;0,25;0;0,04;48,8;48,8;0,59;0,51
7;StudentAttendanceSystem;transition;1020;19;30;11;29;100;0,2;0,48;0;0,08;48,8;48,8;0,86;0,75
7;StudentAttendanceSystem;pair;1020;19;30;22;104;100;0,2;0,1;0,45;0,12;49,8;49,8;1,29;0,87
7;StudentAttendanceSystem;state;1021;29;59;13;69;100;0,32;0,43;0;0,09;50,8;50,8;0,93;0,84
7;StudentAttendanceSystem;transition;1021;29;59;19;58;100;0,33;0,86;0;0,18;50,8;51,8;1,54;1,36
7;StudentAttendanceSystem;pair;1021;29;59;53;308;100;0,34;0,26;1,84;0,39;52,8;53,8;3,57;2,82
7;StudentAttendanceSystem;state;1022;25;44;10;55;100;0,29;0,34;0;0,07;53,8;53,8;0,8;0,7
7;StudentAttendanceSystem;transition;1022;25;44;15;43;100;0,27;0,74;0;0,14;54,8;54,8;1,35;1,14
7;StudentAttendanceSystem;pair;1022;25;44;36;191;100;0,28;0,15;0,96;0,22;55,8;55,8;2,16;1,61
7;StudentAttendanceSystem;state;1023;17;27;6;31;100;0,2;0,24;0;0,04;56,8;56,8;0,56;0,48
7;StudentAttendanceSystem;transition;1023;17;27;9;27;100;0,18;0,4;0;0,06;56,8;56,8;0,74;0,65
7;StudentAttendanceSystem;pair;1023;17;27;23;113;100;0,19;0,13;0,52;0,13;57,8;57,8;1,31;0,97
7;StudentAttendanceSystem;state;1024;21;39;8;42;100;0,26;0,28;0;0,07;57,8;58,8;0,7;0,61
7;StudentAttendanceSystem;transition;1024;21;39;14;38;100;0,26;0,57;0;0,1;58,8;58,8;1,05;0,94
7;StudentAttendanceSystem;pair;1024;21;39;36;194;100;0,23;0,14;0,94;0,22;59,8;59,8;2,05;1,54
7;StudentAttendanceSystem;state;1025;24;48;11;62;100;0,29;0,35;0;0,08;60,8;60,8;0,82;0,73
7;StudentAttendanceSystem;transition;1025;24;48;14;48;100;0,28;0,72;0;0,14;61,8;61,8;1,27;1,14
7;StudentAttendanceSystem;pair;1025;24;48;40;242;100;0,36;0,19;1,2;0,28;62,8;62,8;2,6;2,03
7;StudentAttendanceSystem;state;1026;29;58;12;68;100;0,34;0,41;0;0,1;63,8;63,8;0,95;0,85
7;StudentAttendanceSystem;transition;1026;29;58;19;57;100;0,32;0,93;0;0,18;64,8;64,8;1,56;1,42
7;StudentAttendanceSystem;pair;1026;29;58;48;286;100;0,32;0,26;1,66;0,38;65,8;66,8;3,26;2,62
7;StudentAttendanceSystem;state;1027;21;39;8;42;100;0,26;0,29;0;0,05;66,8;66,8;0,7;0,6
7;StudentAttendanceSystem;transition;1027;21;39;14;39;100;0,24;0,59;0;0,1;67,8;67,8;1,06;0,94
7;StudentAttendanceSystem;pair;1027;21;39;35;187;100;0,28;0,17;0,89;0,22;68,8;68,8;2,15;1,56
7;StudentAttendanceSystem;state;1028;27;56;12;67;100;0,31;0,42;0;0,09;69,8;69,8;0,91;0,82
7;StudentAttendanceSystem;transition;1028;27;56;19;56;100;0,31;0,86;0;0,16;70,8;70,8;1,46;1,33
7;StudentAttendanceSystem;pair;1028;27;56;51;291;100;0,34;0,28;1,62;0,33;71,8;72,8;3,24;2,58
7;StudentAttendanceSystem;state;1029;22;40;8;42;100;0,25;0,23;0;0,05;72,8;72,8;0,61;0,53
7;StudentAttendanceSystem;transition;1029;22;40;13;39;100;0,21;0,55;0;0,11;73,8;73,8;1;0,87
7;StudentAttendanceSystem;pair;1029;22;40;39;215;100;0,19;0,12;0,92;0,19;74,8;74,8;1,81;1,42
7;StudentAttendanceSystem;state;1030;18;34;7;36;100;0,24;0,24;0;0,04;74,8;75,8;0,61;0,52
7;StudentAttendanceSystem;transition;1030;18;34;12;34;100;0,23;0,41;0;0,07;75,8;75,8;0,81;0,71
7;StudentAttendanceSystem;pair;1030;18;34;32;170;100;0,18;0,1;0,62;0,16;76,8;76,8;1,49;1,06
7;StudentAttendanceSystem;state;1031;18;33;7;37;100;0,2;0,26;0;0,04;77,8;77,8;0,57;0,5
7;StudentAttendanceSystem;transition;1031;18;33;11;33;100;0,2;0,48;0;0,07;77,8;77,8;0,85;0,74
7;StudentAttendanceSystem;pair;1031;18;33;30;168;100;0,25;0,11;0,65;0,14;78,8;79,8;1,51;1,14
7;StudentAttendanceSystem;state;1032;20;38;8;43;100;0,24;0,27;0;0,05;79,8;79,8;0,64;0,56
7;StudentAttendanceSystem;transition;1032;20;38;12;38;100;0,22;0,52;0;0,07;80,8;80,8;0,92;0,82
7;StudentAttendanceSystem;pair;1032;20;38;34;200;100;0,24;0,11;0,87;0,22;81,8;81,8;1,88;1,45
7;StudentAttendanceSystem;state;1033;21;38;9;47;100;0,25;0,29;0;0,06;81,8;81,8;0,72;0,6
7;StudentAttendanceSystem;transition;1033;21;38;13;37;100;0,25;0,62;0;0,1;82,8;82,8;1,1;0,97
7;StudentAttendanceSystem;pair;1033;21;38;33;172;100;0,24;0,14;0,8;0,2;83,8;83,8;1,82;1,38
7;StudentAttendanceSystem;state;1034;21;41;8;40;100;0,27;0,29;0;0,05;84,8;84,8;0,69;0,61
7;StudentAttendanceSystem;transition;1034;21;41;16;41;100;0,25;0,67;0;0,14;84,8;85,8;1,17;1,05
7;StudentAttendanceSystem;pair;1034;21;41;36;194;100;0,25;0,15;0,92;0,23;86,8;86,8;2,04;1,54
7;StudentAttendanceSystem;state;1035;20;36;8;42;100;0,25;0,3;0;0,06;86,8;86,8;0,73;0,61
7;StudentAttendanceSystem;transition;1035;20;36;11;36;100;0,23;0,48;0;0,09;87,8;87,8;0,89;0,79
7;StudentAttendanceSystem;pair;1035;20;36;33;173;100;0,26;0,14;0,84;0,19;88,8;88,8;1,87;1,43
7;StudentAttendanceSystem;state;1036;27;54;12;66;100;0,32;0,42;0;0,09;89,8;89,8;0,93;0,84
7;StudentAttendanceSystem;transition;1036;27;54;17;53;100;0,29;0,87;0;0,16;89,8;90,8;1,46;1,32
7;StudentAttendanceSystem;pair;1036;27;54;46;272;100;0,3;0,23;1,59;0,33;91,8;91,8;3,05;2,44
7;StudentAttendanceSystem;state;1037;16;26;6;31;100;0,23;0,23;0;0,04;92,8;92,8;0,58;0,49
7;StudentAttendanceSystem;transition;1037;16;26;8;26;100;0,19;0,37;0;0,05;92,8;92,8;0,71;0,61
7;StudentAttendanceSystem;pair;1037;16;26;19;103;100;0,2;0,09;0,42;0,12;93,8;93,8;1,22;0,83
7;StudentAttendanceSystem;state;1038;18;32;7;35;100;0,22;0,26;0;0,04;94,8;94,8;0,6;0,52
7;StudentAttendanceSystem;transition;1038;18;32;12;32;100;0,27;0,49;0;0,08;94,8;94,8;0,95;0,84
7;StudentAttendanceSystem;pair;1038;18;32;27;139;100;0,21;0,11;0,58;0,15;95,8;95,8;1,45;1,06
7;StudentAttendanceSystem;state;1039;20;39;8;43;100;0,33;0,31;0;0,05;96,8;96,8;0,78;0,69
7;StudentAttendanceSystem;transition;1039;20;39;13;39;100;0,22;0,58;0;0,1;96,8;96,8;1,01;0,9
7;StudentAttendanceSystem;pair;1039;20;39;37;215;100;0,25;0,14;0,92;0,23;97,8;98,8;2,01;1,54
7;StudentAttendanceSystem;state;1040;22;40;9;48;100;0,24;0,29;0;0,06;98,8;98,8;0,67;0,58
7;StudentAttendanceSystem;transition;1040;22;40;14;39;100;0,23;0,61;0;0,11;99,8;99,8;1,05;0,95
7;StudentAttendanceSystem;pair;1040;22;40;35;181;100;0,24;0,14;0,89;0,22;100,8;100,8;1,92;1,49
7;StudentAttendanceSystem;state;1041;26;49;11;58;100;0,28;0,36;0;0,07;101,8;101,8;0,81;0,72
7;StudentAttendanceSystem;transition;1041;26;49;18;48;100;0,27;0,81;0;0,15;101,8;102,8;1,35;1,22
7;StudentAttendanceSystem;pair;1041;26;49;46;242;100;0,27;0,18;1,26;0,29;103,8;103,8;2,54;2,01
7;StudentAttendanceSystem;state;1042;26;53;11;62;100;0,29;0,39;0;0,09;104,8;104,8;0,86;0,76
7;StudentAttendanceSystem;transition;1042;26;53;17;53;100;0,29;0,75;0;0,16;104,8;105,8;1,34;1,21
7;StudentAttendanceSystem;pair;1042;26;53;45;267;100;0,29;0,22;1,39;0,31;106,8;106,8;2,8;2,21
7;StudentAttendanceSystem;state;1043;23;43;9;49;100;0,31;0,34;0;0,06;107,8;107,8;0,81;0,72
7;StudentAttendanceSystem;transition;1043;23;43;14;42;100;0,26;0,62;0;0,18;107,8;108,8;1,18;1,06
7;StudentAttendanceSystem;pair;1043;23;43;38;224;100;0,26;0,16;1,07;0,25;109,8;109,8;2,21;1,73
7;StudentAttendanceSystem;state;1044;21;40;8;42;100;0,24;0,27;0;0,06;109,8;110,8;0,66;0,57
7;StudentAttendanceSystem;transition;1044;21;40;15;40;100;0,22;0,59;0;0,11;110,8;110,8;1,03;0,92
7;StudentAttendanceSystem;pair;1044;21;40;38;202;100;0,23;0,14;0,95;0,27;111,8;112,8;2,07;1,59
7;StudentAttendanceSystem;state;1045;21;35;8;43;100;0,24;0,27;0;0,06;112,8;112,8;0,66;0,57
7;StudentAttendanceSystem;transition;1045;21;35;12;34;100;0,24;0,59;0;0,1;113,8;113,8;1,05;0,93
7;StudentAttendanceSystem;pair;1045;21;35;26;140;100;0,23;0,11;0,63;0,16;113,8;114,8;1,57;1,13
7;StudentAttendanceSystem;state;1046;22;38;8;42;100;0,24;0,28;0;0,05;114,8;114,8;0,66;0,58
7;StudentAttendanceSystem;transition;1046;22;38;14;37;100;0,22;0,61;0;0,11;115,8;115,8;1,05;0,94
7;StudentAttendanceSystem;pair;1046;22;38;32;164;100;0,24;0,13;0,84;0,18;116,8;116,8;1,82;1,39
7;StudentAttendanceSystem;state;1047;22;43;10;51;100;0,25;0,33;0;0,06;117,8;117,8;0,74;0,64
7;StudentAttendanceSystem;transition;1047;22;43;15;43;100;0,26;0,6;0;0,11;117,8;117,8;1,08;0,96
7;StudentAttendanceSystem;pair;1047;22;43;36;198;100;0,26;0,16;0,96;0,24;118,8;119,8;2,14;1,62
7;StudentAttendanceSystem;state;1048;24;49;11;60;100;0,29;0,38;0;0,12;119,8;119,8;0,88;0,79
7;StudentAttendanceSystem;transition;1048;24;49;15;49;100;0,28;0,73;0;0,14;120,8;120,8;1,28;1,14
7;StudentAttendanceSystem;pair;1048;24;49;42;248;100;0,28;0,22;1,31;0,31;121,8;122,8;2,68;2,12
7;StudentAttendanceSystem;state;1049;22;41;9;48;100;0,26;0,31;0;0,06;122,8;122,8;0,72;0,63
7;StudentAttendanceSystem;transition;1049;22;41;15;41;100;0,24;0,66;0;0,11;123,8;123,8;1,12;1,01
7;StudentAttendanceSystem;pair;1049;22;41;38;193;100;0,25;0,15;0,9;0,21;124,8;124,8;1,96;1,51
7;StudentAttendanceSystem;state;1050;19;33;7;36;100;0,22;0,27;0;0,05;125,8;125,8;0,62;0,54
7;StudentAttendanceSystem;transition;1050;19;33;12;32;100;0,21;0,58;0;0,1;125,8;125,8;1,01;0,89
7;StudentAttendanceSystem;pair;1050;19;33;28;144;100;0,33;0,09;0,69;0,12;126,8;126,8;1,66;1,23
7;StudentAttendanceSystem;state;1051;23;45;9;48;100;0,31;0,36;0;0,08;127,8;127,8;0,86;0,74
7;StudentAttendanceSystem;transition;1051;23;45;16;45;100;0,33;0,56;0;0,1;127,8;128,8;1,1;0,99
7;StudentAttendanceSystem;pair;1051;23;45;42;238;100;0,27;0,15;1,29;0,2;129,8;129,8;2,53;1,91
7;StudentAttendanceSystem;state;1052;23;45;10;56;100;0,33;0,34;0;0,09;130,8;130,8;0,86;0,76
7;StudentAttendanceSystem;transition;1052;23;45;14;45;100;0,33;0,67;0;0,09;130,8;130,8;1,19;1,08
7;StudentAttendanceSystem;pair;1052;23;45;40;234;100;0,22;0,13;0,79;0,34;131,8;132,8;1,94;1,48
7;StudentAttendanceSystem;state;1053;26;52;11;61;100;0,35;0,28;0;0,06;132,8;132,8;0,77;0,69
7;StudentAttendanceSystem;transition;1053;26;52;17;52;100;0,33;0,98;0;0,11;133,8;133,8;1,57;1,43
7;StudentAttendanceSystem;pair;1053;26;52;51;291;100;0,25;0,24;1,22;0,25;135,8;135,8;2,46;1,96
7;StudentAttendanceSystem;state;1054;25;50;10;55;100;0,23;0,34;0;0,11;136,8;136,8;0,77;0,68
7;StudentAttendanceSystem;transition;1054;25;50;17;49;100;0,22;0,6;0;0,11;136,8;136,8;1,02;0,92
7;StudentAttendanceSystem;pair;1054;25;50;46;262;100;0,24;0,19;1,1;0,22;138,8;138,8;2,22;1,75
7;StudentAttendanceSystem;state;1055;25;50;10;55;100;0,36;0,31;0;0,07;139,8;139,8;0,82;0,73
7;StudentAttendanceSystem;transition;1055;25;50;17;49;100;0,21;0,58;0;0,13;139,8;139,8;1,04;0,93
7;StudentAttendanceSystem;pair;1055;25;50;46;262;100;0,25;0,16;1,1;0,22;141,8;141,8;2,16;1,73
7;StudentAttendanceSystem;state;1056;21;34;8;41;100;0,18;0,21;0;0,04;142,8;142,8;0,5;0,42
7;StudentAttendanceSystem;transition;1056;21;34;12;33;100;0,16;0,4;0;0,07;142,8;142,8;0,7;0,63
7;StudentAttendanceSystem;pair;1056;21;34;32;157;100;0,2;0,09;0,6;0,14;143,8;143,8;1,39;1,02
7;StudentAttendanceSystem;state;1057;17;26;6;31;100;0,19;0,21;0;0,03;144,8;144,8;0,51;0,43
7;StudentAttendanceSystem;transition;1057;17;26;8;26;100;0,15;0,33;0;0,08;144,8;144,8;0,69;0,57
7;StudentAttendanceSystem;pair;1057;17;26;21;101;100;0,2;0,08;0,41;0,11;145,8;145,8;1,17;0,79
7;StudentAttendanceSystem;state;1058;18;33;8;41;100;0,18;0,29;0;0,04;146,8;146,8;0,6;0,51
7;StudentAttendanceSystem;transition;1058;18;33;11;33;100;0,18;0,54;0;0,08;146,8;146,8;0,93;0,8
7;StudentAttendanceSystem;pair;1058;18;33;27;141;100;0,19;0,09;0,52;0,13;147,8;147,8;1,3;0,92
7;StudentAttendanceSystem;state;1059;20;40;8;42;100;0,26;0,3;0;0,06;148,8;148,8;0,7;0,62
7;StudentAttendanceSystem;transition;1059;20;40;14;40;100;0,2;0,45;0;0,08;148,8;148,8;0,83;0,73
7;StudentAttendanceSystem;pair;1059;20;40;39;217;100;0,28;0,14;0,9;0,2;149,8;150,8;2,1;1,52
7;StudentAttendanceSystem;state;1060;28;56;13;72;100;0,29;0,34;0;0,08;150,8;150,8;0,81;0,71
7;StudentAttendanceSystem;transition;1060;28;56;17;56;100;0,32;0,82;0;0,12;151,8;151,8;1,4;1,26
7;StudentAttendanceSystem;pair;1060;28;56;51;297;100;0,31;0,23;1,72;0,27;153,8;153,8;3,11;2,54
7;StudentAttendanceSystem;state;1061;24;45;10;55;100;0,23;1,68;0;0,08;154,81;5,81;2,11;1,99
7;StudentAttendanceSystem;transition;1061;24;45;15;45;100;0,34;0,75;0;0,13;5,81;5,81;1,35;1,22
7;StudentAttendanceSystem;pair;1061;24;45;38;210;100;0,32;0,19;1,14;0,31;6,81;7,81;2,57;1,96
7;StudentAttendanceSystem;state;1062;20;36;8;39;100;0,31;0,33;0;0,06;7,81;7,81;0,79;0,7
7;StudentAttendanceSystem;transition;1062;20;36;14;36;100;0,26;0,63;0;0,12;8,81;8,81;1,13;1,01
7;StudentAttendanceSystem;pair;1062;20;36;30;153;100;0,25;0,14;0,78;0,2;9,81;9,81;1,9;1,37
7;StudentAttendanceSystem;state;1063;16;29;7;32;100;0,23;0,26;0;0,05;9,81;9,81;0,64;0,53
7;StudentAttendanceSystem;transition;1063;16;29;11;29;100;0,23;0,46;0;0,07;10,81;10,81;0,89;0,76
7;StudentAttendanceSystem;pair;1063;16;29;25;122;100;0,15;0,11;0,6;0,12;11,81;11,81;1,35;0,98
7;StudentAttendanceSystem;state;1064;19;34;8;42;100;0,21;0,22;0;0,06;11,81;11,81;0,58;0,49
7;StudentAttendanceSystem;transition;1064;19;34;11;34;100;0,18;0,43;0;0,08;12,81;12,81;0,81;0,69
7;StudentAttendanceSystem;pair;1064;19;34;27;143;100;0,23;0,1;0,55;0,15;13,81;13,81;1,4;1,03
7;StudentAttendanceSystem;state;1065;22;42;9;45;100;0,2;0,23;0;0,05;13,81;14,81;0,57;0,48
7;StudentAttendanceSystem;transition;1065;22;42;16;41;100;0,19;0,5;0;0,09;14,81;14,81;0,86;0,77
7;StudentAttendanceSystem;pair;1065;22;42;38;204;100;0,18;0,15;1,09;0,3;15,81;16,81;2,23;1,72
7;StudentAttendanceSystem;state;1066;22;41;10;52;100;0,32;0,36;0;0,08;16,81;16,81;0,85;0,75
7;StudentAttendanceSystem;transition;1066;22;41;15;41;100;0,27;0,7;0;0,13;17,81;17,81;1,24;1,11
7;StudentAttendanceSystem;pair;1066;22;41;32;171;100;0,29;0,16;0,99;0,26;18,81;18,81;2,27;1,7
7;StudentAttendanceSystem;state;1067;23;41;10;56;100;0,3;0,43;0;0,09;19,81;19,81;0,93;0,81
7;StudentAttendanceSystem;transition;1067;23;41;13;40;100;0,32;0,68;0;0,12;19,81;19,81;1,25;1,12
7;StudentAttendanceSystem;pair;1067;23;41;36;195;100;0,3;0,16;1,07;0,29;20,81;21,81;2,39;1,82
7;StudentAttendanceSystem;state;1068;28;55;11;62;100;0,35;0,43;0;0,1;21,81;21,81;1;0,89
7;StudentAttendanceSystem;transition;1068;28;55;19;54;100;0,35;0,71;0;0,18;22,81;22,81;1,4;1,24
7;StudentAttendanceSystem;pair;1068;28;55;49;283;100;0,25;0,23;1,69;0,24;24,81;24,81;2,95;2,42
7;StudentAttendanceSystem;state;1069;21;38;9;48;100;0,2;0,35;0;0,08;24,81;24,81;0,73;0,62
7;StudentAttendanceSystem;transition;1069;21;38;13;38;100;0,31;0,74;0;0,12;25,81;25,81;1,31;1,17
7;StudentAttendanceSystem;pair;1069;21;38;31;161;100;0,29;0,14;0,84;0,24;26,81;26,81;2,04;1,52
7;StudentAttendanceSystem;state;1070;27;55;12;67;100;0,37;0,47;0;0,1;27,81;27,81;1,04;0,94
7;StudentAttendanceSystem;transition;1070;27;55;18;55;100;0,34;0,95;0;0,18;28,81;28,81;1,61;1,46
7;StudentAttendanceSystem;pair;1070;27;55;48;276;100;0,34;0,26;1,77;0,4;29,81;30,81;3,54;2,77
7;StudentAttendanceSystem;state;1071;16;26;6;31;100;0,25;0,3;0;0,04;30,81;30,81;0,69;0,59
7;StudentAttendanceSystem;transition;1071;16;26;8;26;100;0,23;0,43;0;0,06;30,81;30,81;0,83;0,72
7;StudentAttendanceSystem;pair;1071;16;26;20;106;100;0,28;0,1;0,5;0,13;31,81;31,81;1,43;1,01
7;StudentAttendanceSystem;state;1072;27;51;11;61;100;0,36;0,43;0;0,1;32,81;32,81;1;0,9
7;StudentAttendanceSystem;transition;1072;27;51;18;50;100;0,34;0,93;0;0,17;33,81;33,81;1,58;1,43
7;StudentAttendanceSystem;pair;1072;27;51;45;245;100;0,35;0,22;1,58;0,32;34,81;34,81;3,24;2,47
7;StudentAttendanceSystem;state;1073;23;44;9;48;100;0,34;0,34;0;0,05;35,81;35,81;0,83;0,73
7;StudentAttendanceSystem;transition;1073;23;44;15;43;100;0,21;0,57;0;0,09;36,81;36,81;0,98;0,88
7;StudentAttendanceSystem;pair;1073;23;44;40;230;100;0,21;0,13;1,03;0,21;37,81;37,81;2,15;1,57
7;StudentAttendanceSystem;state;1074;23;48;10;55;100;0,24;0,34;0;0,08;38,81;38,81;0,75;0,67
7;StudentAttendanceSystem;transition;1074;23;48;15;48;100;0,25;0,53;0;0,17;38,81;38,81;1,08;0,95
7;StudentAttendanceSystem;pair;1074;23;48;42;246;100;0,29;0,19;1,05;0,22;40,81;40,81;2,4;1,76
7;StudentAttendanceSystem;state;1075;20;33;7;37;100;0,2;0,31;0;0,04;40,81;40,81;0,7;0,55
7;StudentAttendanceSystem;transition;1075;20;33;12;32;100;0,21;0,44;0;0,07;41,81;41,81;0,82;0,72
7;StudentAttendanceSystem;pair;1075;20;33;30;148;100;0,16;0,12;0,59;0,15;42,81;42,81;1,34;1,03
7;StudentAttendanceSystem;state;1076;17;28;7;33;100;0,15;0,2;0;0,05;43,81;43,81;0,52;0,4
7;StudentAttendanceSystem;transition;1076;17;28;11;27;100;0,19;0,39;0;0,06;43,81;43,81;0,75;0,64
7;StudentAttendanceSystem;pair;1076;17;28;20;93;100;0,16;0,07;0,33;0,12;44,81;44,81;1,02;0,69
7;StudentAttendanceSystem;state;1077;24;45;9;48;100;0,27;0,27;0;0,05;44,81;44,81;0,66;0,58
7;StudentAttendanceSystem;transition;1077;24;45;17;44;100;0,23;0,71;0;0,11;45,81;45,81;1,19;1,05
7;StudentAttendanceSystem;pair;1077;24;45;42;226;100;0,23;0,16;1,28;0,29;46,81;47,81;2,62;1,96
7;StudentAttendanceSystem;state;1078;26;50;11;62;100;0,32;0,31;0;0,07;47,81;47,81;0,8;0,7
7;StudentAttendanceSystem;transition;1078;26;50;16;49;100;0,24;0,83;0;0,12;48,81;48,81;1,3;1,19
7;StudentAttendanceSystem;pair;1078;26;50;44;258;100;0,25;0,17;1,59;0,38;49,81;50,81;3,08;2,39
7;StudentAttendanceSystem;state;1079;26;50;10;54;100;0,32;0,29;0;0,06;50,81;50,81;0,74;0,66
7;StudentAttendanceSystem;transition;1079;26;50;18;49;100;0,26;0,71;0;0,16;51,81;51,81;1,27;1,13
7;StudentAttendanceSystem;pair;1079;26;50;46;258;100;0,3;0,16;1,39;0,33;52,81;53,81;2,82;2,18
7;StudentAttendanceSystem;state;1080;27;56;12;65;100;0,31;0,36;0;0,14;53,81;53,81;0,94;0,8
7;StudentAttendanceSystem;transition;1080;27;56;19;56;100;0,4;0,85;0;0,16;54,81;54,81;1,57;1,4
7;StudentAttendanceSystem;pair;1080;27;56;47;275;100;0,26;0,2;1,66;0,45;56,81;56,81;3,21;2,57
7;StudentAttendanceSystem;state;1081;26;51;10;54;100;0,31;0,3;0;0,09;57,81;57,81;0,8;0,69
7;StudentAttendanceSystem;transition;1081;26;51;18;50;100;0,35;0,98;0;0,19;57,81;58,81;1,69;1,52
7;StudentAttendanceSystem;pair;1081;26;51;52;292;100;0,35;0,18;1,28;0,26;59,81;59,81;2,54;2,08
7;StudentAttendanceSystem;state;1082;22;39;8;42;100;0,25;0,22;0;0,04;60,81;60,81;0,58;0,51
7;StudentAttendanceSystem;transition;1082;22;39;15;38;100;0,2;0,5;0;0,12;60,81;61,81;0,92;0,81
7;StudentAttendanceSystem;pair;1082;22;39;34;176;100;0,24;0,13;0,93;0,15;61,81;62,81;1,87;1,44
7;StudentAttendanceSystem;state;1083;20;37;8;43;100;0,22;0,22;0;0,04;62,81;62,81;0,55;0,48
7;StudentAttendanceSystem;transition;1083;20;37;13;37;100;0,18;0,52;0;0,08;63,81;63,81;0,87;0,77
7;StudentAttendanceSystem;pair;1083;20;37;31;175;100;0,18;0,1;0,67;0,16;64,81;64,81;1,49;1,11
7;StudentAttendanceSystem;state;1084;30;60;13;70;100;0,28;0,4;0;0,13;65,81;65,81;0,91;0,81
7;StudentAttendanceSystem;transition;1084;30;60;22;59;100;0,28;0,98;0;0,15;66,81;66,81;1,54;1,4
7;StudentAttendanceSystem;pair;1084;30;60;54;306;100;0,28;0,33;2,1;0,45;67,81;68,81;4,02;3,16
7;StudentAttendanceSystem;state;1085;18;29;7;34;100;0,27;0,28;0;0,03;68,81;68,81;0,67;0,58
7;StudentAttendanceSystem;transition;1085;18;29;11;28;100;0,17;0,48;0;0,08;69,81;69,81;0,86;0,73
7;StudentAttendanceSystem;pair;1085;18;29;20;98;100;0,16;0,07;0,36;0,09;69,81;70,81;0,98;0,68
7;StudentAttendanceSystem;state;1086;21;38;8;43;100;0,21;0,25;0;0,05;70,81;70,81;0,59;0,51
7;StudentAttendanceSystem;transition;1086;21;38;13;37;100;0,2;0,53;0;0,1;71,81;71,81;0,95;0,83
7;StudentAttendanceSystem;pair;1086;21;38;33;189;100;0,21;0,1;0,84;0,18;72,81;72,81;1,68;1,32
7;StudentAttendanceSystem;state;1087;26;52;11;62;100;0,28;0,35;0;0,09;72,81;73,81;0,83;0,72
7;StudentAttendanceSystem;transition;1087;26;52;16;52;100;0,29;0,64;0;0,11;73,81;73,81;1,17;1,05
7;StudentAttendanceSystem;pair;1087;26;52;42;252;100;0,28;0,17;1,41;0,25;75,81;75,81;2,63;2,11
7;StudentAttendanceSystem;state;1088;22;44;10;53;100;0,27;0,37;0;0,06;76,81;76,81;0,8;0,7
7;StudentAttendanceSystem;transition;1088;22;44;15;44;100;0,26;0,52;0;0,09;76,81;76,81;0,99;0,86
7;StudentAttendanceSystem;pair;1088;22;44;45;253;100;0,22;0,14;1,33;0,23;77,81;78,81;2,37;1,92
7;StudentAttendanceSystem;state;1089;30;60;13;71;100;0,29;0,35;0;0,08;78,81;79,81;0,8;0,72
7;StudentAttendanceSystem;transition;1089;30;60;20;59;100;0,29;0,71;0;0,16;79,81;79,81;1,28;1,15
7;StudentAttendanceSystem;pair;1089;30;60;47;281;100;0,27;0,23;1,48;0,25;81,81;81,81;2,78;2,23
7;StudentAttendanceSystem;state;1090;21;37;8;43;100;0,21;0,23;0;0,04;82,81;82,81;0,56;0,49
7;StudentAttendanceSystem;transition;1090;21;37;12;36;100;0,2;0,48;0;0,08;82,81;82,81;0,85;0,76
7;StudentAttendanceSystem;pair;1090;21;37;31;177;100;0,25;0,15;0,98;0,27;83,81;84,81;2,23;1,64
7;StudentAttendanceSystem;state;1091;20;34;7;36;100;0,19;0,2;0;0,03;84,81;84,81;0,49;0,42
7;StudentAttendanceSystem;transition;1091;20;34;11;33;100;0,16;0,4;0;0,06;85,81;85,81;0,72;0,63
7;StudentAttendanceSystem;pair;1091;20;34;32;168;100;0,2;0,09;0,62;0,21;86,81;86,81;1,61;1,12
7;StudentAttendanceSystem;state;1092;23;41;9;48;100;0,23;0,22;0;0,04;86,81;86,81;0,57;0,5
7;StudentAttendanceSystem;transition;1092;23;41;13;40;100;0,22;0,47;0;0,09;87,81;87,81;0,89;0,78
7;StudentAttendanceSystem;pair;1092;23;41;37;197;100;0,2;0,13;0,81;0,26;88,81;88,81;1,9;1,4
7;StudentAttendanceSystem;state;1093;28;55;13;74;100;0,33;0,31;0;0,09;89,81;89,81;0,81;0,72
7;StudentAttendanceSystem;transition;1093;28;55;16;54;100;0,29;0,78;0;0,17;90,81;90,81;1,38;1,24
7;StudentAttendanceSystem;pair;1093;28;55;48;288;100;0,29;0,25;1,85;0,39;91,81;92,81;3,43;2,78
7;StudentAttendanceSystem;state;1094;23;44;9;49;100;0,29;0,32;0;0,09;92,81;92,81;0,81;0,7
7;StudentAttendanceSystem;transition;1094;23;44;15;43;100;0,37;0,69;0;0,1;93,81;93,81;1,27;1,15
7;StudentAttendanceSystem;pair;1094;23;44;39;215;100;0,24;0,15;0,91;0,19;94,81;94,81;2,06;1,49
7;StudentAttendanceSystem;state;1095;18;32;7;35;100;0,28;0,27;0;0,04;95,81;95,81;0,68;0,59
7;StudentAttendanceSystem;transition;1095;18;32;12;32;100;0,21;0,46;0;0,07;95,81;95,81;0,86;0,74
7;StudentAttendanceSystem;pair;1095;18;32;29;146;100;0,17;0,09;0,62;0,14;96,81;97,81;1,37;1,02
7;StudentAttendanceSystem;state;1096;19;33;7;36;100;0,18;0,26;0;0,04;97,81;97,81;0,55;0,48
7;StudentAttendanceSystem;transition;1096;19;33;12;33;100;0,17;0,43;0;0,1;98,81;98,81;0,83;0,7
7;StudentAttendanceSystem;pair;1096;19;33;28;140;100;0,18;0,12;0,6;0,15;98,81;99,81;1,37;1,04
7;StudentAttendanceSystem;state;1097;29;58;12;67;100;0,34;0,47;0;0,08;99,81;99,81;0,98;0,89
7;StudentAttendanceSystem;transition;1097;29;58;20;57;100;0,28;1,2;0;0,16;100,81;100,81;1,79;1,64
7;StudentAttendanceSystem;pair;1097;29;58;58;326;100;0,37;0,26;1,85;0,44;102,81;102,81;3,59;2,92
7;StudentAttendanceSystem;state;1098;23;40;9;47;100;0,21;0,24;0;0,04;103,81;103,81;0,57;0,5
7;StudentAttendanceSystem;transition;1098;23;40;14;39;100;0,23;0,65;0;0,12;103,81;103,81;1,14;1
7;StudentAttendanceSystem;pair;1098;23;40;37;195;100;0,32;0,17;1,09;0,24;104,81;105,81;2,41;1,82
7;StudentAttendanceSystem;state;1099;30;60;13;73;100;0,4;0,6;0;0,13;105,81;105,81;1,24;1,13
7;StudentAttendanceSystem;transition;1099;30;60;19;59;100;0,39;1,06;0;0,21;106,81;106,81;1,89;1,66
7;StudentAttendanceSystem;pair;1099;30;60;55;319;100;0,37;0,3;2,36;0,49;108,81;108,81;4,39;3,52
7;StudentAttendanceSystem;state;1100;25;51;11;57;100;0,37;0,48;0;0,1;109,81;109,81;1,09;0,95
7;StudentAttendanceSystem;transition;1100;25;51;17;51;100;0,33;0,73;0;0,14;110,81;110,81;1,37;1,21
7;StudentAttendanceSystem;pair;1100;25;51;50;282;100;0,33;0,26;2,09;0,42;111,81;111,81;3,84;3,1
7;StudentAttendanceSystem;state;1101;30;61;13;71;100;0,4;0,54;0;0,12;112,81;112,81;1,18;1,06
7;StudentAttendanceSystem;transition;1101;30;61;21;60;100;0,42;1,1;0;0,15;113,81;113,81;1,82;1,67
7;StudentAttendanceSystem;pair;1101;30;61;52;304;100;0,29;0,33;2,26;0,44;115,81;115,81;4,2;3,32
7;StudentAttendanceSystem;state;1102;18;34;7;37;100;0,3;0,3;0;0,07;115,81;116,81;0,76;0,66
7;StudentAttendanceSystem;transition;1102;18;34;11;34;100;0,24;0,56;0;0,09;116,81;116,81;1;0,89
7;StudentAttendanceSystem;pair;1102;18;34;35;189;100;0,24;0,2;0,99;0,25;117,81;117,81;2,23;1,69
7;StudentAttendanceSystem;state;1103;23;41;8;43;100;0,32;0,35;0;0,07;118,81;118,81;0,84;0,74
7;StudentAttendanceSystem;transition;1103;23;41;14;40;100;0,34;0,72;0;0,1;118,81;119,81;1,28;1,16
7;StudentAttendanceSystem;pair;1103;23;41;31;178;100;0,21;0,12;0,69;0,27;120,81;120,81;1,75;1,29
7;StudentAttendanceSystem;state;1104;22;39;9;49;100;0,29;0,42;0;0,08;120,81;120,81;0,9;0,79
7;StudentAttendanceSystem;transition;1104;22;39;13;39;100;0,3;0,66;0;0,18;121,81;121,81;1,29;1,15
7;StudentAttendanceSystem;pair;1104;22;39;30;160;100;0,28;0,16;0,89;0,24;122,81;122,81;2,15;1,56
7;StudentAttendanceSystem;state;1105;26;53;11;58;100;0,3;0,49;0;0,1;123,81;123,81;1,02;0,9
7;StudentAttendanceSystem;transition;1105;26;53;19;52;100;0,34;0,93;0;0,18;123,81;124,81;1,62;1,45
7;StudentAttendanceSystem;pair;1105;26;53;48;272;100;0,34;0,25;1,5;0,23;125,81;125,81;2,98;2,32
7;StudentAttendanceSystem;state;1106;23;43;9;49;100;0,23;0,32;0;0,1;126,81;126,81;0,75;0,64
7;StudentAttendanceSystem;transition;1106;23;43;14;42;100;0,33;0,81;0;0,13;127,81;127,81;1,41;1,27
7;StudentAttendanceSystem;pair;1106;23;43;38;224;100;0,31;0,22;1,21;0,31;128,81;128,81;2,65;2,05
7;StudentAttendanceSystem;state;1107;29;59;12;65;100;0,37;0,53;0;0,12;129,81;129,81;1,14;1,02
7;StudentAttendanceSystem;transition;1107;29;59;22;58;100;0,42;1,19;0;0,25;130,81;130,81;2,06;1,86
7;StudentAttendanceSystem;pair;1107;29;59;54;304;100;0,4;0,29;2,03;0,44;131,81;132,81;3,92;3,16
7;StudentAttendanceSystem;state;1108;25;51;12;65;100;0,38;0,46;0;0,11;132,81;132,81;1,08;0,95
7;StudentAttendanceSystem;transition;1108;25;51;17;51;100;0,35;0,9;0;0,2;133,81;133,81;1,63;1,46
7;StudentAttendanceSystem;pair;1108;25;51;49;281;100;0,33;0,36;1,86;0,38;134,81;135,81;3,6;2,93
7;StudentAttendanceSystem;state;1109;20;36;8;40;100;0,27;0,3;0;0,06;135,81;135,81;0,74;0,63
7;StudentAttendanceSystem;transition;1109;20;36;14;35;100;0,25;0,61;0;0,12;136,81;136,81;1,1;0,98
7;StudentAttendanceSystem;pair;1109;20;36;31;157;100;0,27;0,13;0,85;0,2;137,81;137,81;1,9;1,45
7;StudentAttendanceSystem;state;1110;28;54;11;62;100;0,43;0,53;0;0,12;138,81;138,81;1,2;1,08
7;StudentAttendanceSystem;transition;1110;28;54;18;53;100;0,4;1,01;0;0,23;138,81;139,81;1,8;1,65
7;StudentAttendanceSystem;pair;1110;28;54;46;268;100;0,34;0,26;1,82;0,37;140,81;140,81;3,45;2,78
7;StudentAttendanceSystem;state;1111;26;51;11;61;100;0,34;0,43;0;0,09;141,81;141,81;0,98;0,87
7;StudentAttendanceSystem;transition;1111;26;51;16;51;100;0,36;0,83;0;0,19;142,81;142,81;1,55;1,38
7;StudentAttendanceSystem;pair;1111;26;51;48;276;100;0,33;0,26;1,91;0,39;143,81;143,81;3,69;2,89
7;StudentAttendanceSystem;state;1112;24;46;10;54;100;0,35;0,39;0;0,08;144,81;144,81;0,94;0,83
7;StudentAttendanceSystem;transition;1112;24;46;16;45;100;0,3;0,79;0;0,15;145,81;145,81;1,41;1,24
7;StudentAttendanceSystem;pair;1112;24;46;41;225;100;0,3;0,19;1,3;0,38;146,81;146,81;2,77;2,17
7;StudentAttendanceSystem;state;1113;17;29;7;37;100;0,31;0,33;0;0,06;147,81;147,81;0,82;0,7
7;StudentAttendanceSystem;transition;1113;17;29;9;29;100;0,24;0,51;0;0,07;147,81;147,81;0,94;0,83
7;StudentAttendanceSystem;pair;1113;17;29;26;140;100;0,23;0,11;0,63;0,17;148,81;148,81;1,57;1,14
7;StudentAttendanceSystem;state;1114;25;45;10;55;100;0,34;0,41;0;0,08;149,81;149,81;0,94;0,84
7;StudentAttendanceSystem;transition;1114;25;45;15;44;100;0,3;0,86;0;0,14;149,81;150,81;1,45;1,3
7;StudentAttendanceSystem;pair;1114;25;45;40;216;100;0,3;0,18;1,3;0,33;151,81;151,81;2,73;2,11
7;StudentAttendanceSystem;state;1115;21;39;8;43;100;0,32;0,37;0;0,08;151,81;151,81;0,89;0,77
7;StudentAttendanceSystem;transition;1115;21;39;13;39;100;0,3;0,67;0;0,12;152,81;152,81;1,22;1,09
7;StudentAttendanceSystem;pair;1115;21;39;38;206;100;0,33;0,18;1,11;0,3;153,81;153,81;2,49;1,93
7;StudentAttendanceSystem;state;1116;22;41;10;50;100;1,56;0,33;0;0,09;5,77;5,77;2,13;1,98
7;StudentAttendanceSystem;transition;1116;22;41;15;40;100;0,3;0,77;0;0,14;6,77;6,77;1,34;1,2
7;StudentAttendanceSystem;pair;1116;22;41;33;174;100;0,28;0,16;0,96;0,23;7,77;7,77;2,14;1,63
7;StudentAttendanceSystem;state;1117;21;40;9;48;100;0,28;0,35;0;0,07;7,77;7,77;0,8;0,71
7;StudentAttendanceSystem;transition;1117;21;40;13;40;100;0,27;0,64;0;0,11;8,77;8,77;1,16;1,03
7;StudentAttendanceSystem;pair;1117;21;40;35;193;100;0,26;0,17;1;0,47;9,77;9,77;2,43;1,9
7;StudentAttendanceSystem;state;1118;20;36;8;40;100;0,32;0,33;0;0,06;10,77;10,77;0,82;0,71
7;StudentAttendanceSystem;transition;1118;20;36;14;35;100;0,27;0,73;0;0,16;10,77;10,77;1,29;1,16
7;StudentAttendanceSystem;pair;1118;20;36;30;153;100;0,25;0,14;0,82;0,21;11,77;12,77;1,87;1,41
7;StudentAttendanceSystem;state;1119;30;59;13;73;100;0,36;0,47;0;0,12;12,77;12,77;1,05;0,95
7;StudentAttendanceSystem;transition;1119;30;59;18;58;100;0,36;0,99;0;0,19;13,77;13,77;1,69;1,54
7;StudentAttendanceSystem;pair;1119;30;59;51;302;100;0,35;0,28;2,17;0,43;15,77;15,77;3,99;3,23
7;StudentAttendanceSystem;state;1120;25;46;11;62;100;0,4;0,42;0;0,09;16,77;16,77;1,02;0,91
7;StudentAttendanceSystem;transition;1120;25;46;14;45;100;0,3;0,75;0;0,17;16,77;16,77;1,34;1,21
7;StudentAttendanceSystem;pair;1120;25;46;40;230;100;0,33;0,18;1,23;0,3;18,77;18,77;2,62;2,04
7;StudentAttendanceSystem;state;1121;19;33;7;38;100;0,26;0,27;0;0,14;18,77;18,77;0,8;0,68
7;StudentAttendanceSystem;transition;1121;19;33;11;32;100;0,27;0,54;0;0,09;19,77;19,77;1,03;0,91
7;StudentAttendanceSystem;pair;1121;19;33;31;161;100;0,24;0,13;0,85;0,22;20,77;20,77;1,97;1,44
7;StudentAttendanceSystem;state;1122;29;60;13;69;100;0,45;0,5;0;0,12;21,77;21,77;1,18;1,07
7;StudentAttendanceSystem;transition;1122;29;60;20;59;100;0,4;1,01;0;0,17;22,77;22,77;1,76;1,58
7;StudentAttendanceSystem;pair;1122;29;60;57;325;100;0,25;0,21;2,13;0,54;23,77;24,77;3,83;3,12
7;StudentAttendanceSystem;state;1123;30;60;13;73;100;0,27;0,32;0;0,07;24,77;24,77;0,73;0,65
7;StudentAttendanceSystem;transition;1123;30;60;19;59;100;0,26;0,68;0;0,12;25,77;25,77;1,17;1,06
7;StudentAttendanceSystem;pair;1123;30;60;54;317;100;0,3;0,2;1,52;0,31;27,77;27,77;2,83;2,32
7;StudentAttendanceSystem;state;1124;22;40;9;48;100;0,21;0,22;0;0,04;28,77;28,77;0,54;0,47
7;StudentAttendanceSystem;transition;1124;22;40;14;40;100;0,2;0,46;0;0,08;28,77;29,77;0,84;0,75
7;StudentAttendanceSystem;pair;1124;22;40;34;178;100;0,2;0,15;0,67;0,14;29,77;30,77;1,62;1,16
7;StudentAttendanceSystem;state;1125;21;39;8;43;100;0,26;0,26;0;0,05;30,77;30,77;0,64;0,56
7;StudentAttendanceSystem;transition;1125;21;39;13;38;100;0,18;0,45;0;0,12;31,77;31,77;0,87;0,74
7;StudentAttendanceSystem;pair;1125;21;39;39;213;100;0,27;0,15;1,17;0,27;32,77;32,77;2,43;1,86
7;StudentAttendanceSystem;state;1126;28;56;11;62;100;0,42;0,48;0;0,12;33,77;33,77;1,15;1,02
7;StudentAttendanceSystem;transition;1126;28;56;20;55;100;0,37;1,1;0;0,21;34,77;34,77;1,85;1,68
7;StudentAttendanceSystem;pair;1126;28;56;52;294;100;0,38;0,34;2,08;0,47;35,77;36,77;4,03;3,27
7;StudentAttendanceSystem;state;1127;28;55;11;62;100;0,41;0,52;0;0,14;36,77;36,77;1,19;1,07
7;StudentAttendanceSystem;transition;1127;28;55;19;54;100;0,38;1,06;0;0,2;37,77;37,77;1,86;1,65
7;StudentAttendanceSystem;pair;1127;28;55;49;283;100;0,37;0,27;2,02;0,24;39,77;39,77;3,58;2,89
7;StudentAttendanceSystem;state;1128;25;49;11;58;100;0,33;0,32;0;0,09;40,77;40,77;0,94;0,74
7;StudentAttendanceSystem;transition;1128;25;49;18;49;100;0,3;0,6;0;0,1;40,77;40,77;1,12;1,01
7;StudentAttendanceSystem;pair;1128;25;49;42;230;100;0,23;0,2;1,53;0,34;42,77;42,77;2,86;2,3
7;StudentAttendanceSystem;state;1129;19;31;7;35;100;0,27;0,31;0;0,06;42,77;42,77;0,75;0,64
7;StudentAttendanceSystem;transition;1129;19;31;12;30;100;0,25;0,63;0;0,16;43,77;43,77;1,19;1,05
7;StudentAttendanceSystem;pair;1129;19;31;25;119;100;0,25;0,16;0,71;0,16;44,77;44,77;1,74;1,28
7;StudentAttendanceSystem;state;1130;23;45;9;48;100;0,32;0,39;0;0,09;44,77;44,77;0,9;0,79
7;StudentAttendanceSystem;transition;1130;23;45;16;45;100;0,34;0,79;0;0,17;45,77;45,77;1,48;1,3
7;StudentAttendanceSystem;pair;1130;23;45;41;233;100;0,32;0,21;1,5;0,36;46,77;47,77;3,08;2,39
7;StudentAttendanceSystem;state;1131;26;54;11;62;100;0,42;0,47;0;0,12;47,77;47,77;1,14;1,01
7;StudentAttendanceSystem;transition;1131;26;54;18;54;100;0,46;1,14;0;0,24;48,77;48,77;2,02;1,83
7;StudentAttendanceSystem;pair;1131;26;54;48;278;100;0,39;0,32;1,99;0,48;49,77;50,77;4,02;3,19
7;StudentAttendanceSystem;state;1132;24;44;10;56;100;0,4;0,5;0;0,11;50,77;50,77;1,13;1
7;StudentAttendanceSystem;transition;1132;24;44;14;43;100;0,36;0,91;0;0,13;51,77;51,77;1,56;1,4
7;StudentAttendanceSystem;pair;1132;24;44;36;208;100;0,32;0,22;1,4;0,39;52,77;53,77;3,06;2,33
7;StudentAttendanceSystem;state;1133;27;56;12;67;100;0,47;0,63;0;0,14;53,77;53,77;1,39;1,25
7;StudentAttendanceSystem;transition;1133;27;56;19;56;100;0,46;1,2;0;0,24;54,77;54,77;2,11;1,91
7;StudentAttendanceSystem;pair;1133;27;56;51;291;100;0,42;0,32;2,24;0,48;56,77;56,77;4,37;3,46
7;StudentAttendanceSystem;state;1134;17;28;7;37;100;0,34;0,34;0;0,07;56,77;56,77;0,87;0,75
7;StudentAttendanceSystem;transition;1134;17;28;8;28;100;0,29;0,56;0;0,08;57,77;57,77;1,06;0,92
7;StudentAttendanceSystem;pair;1134;17;28;24;128;100;0,28;0,11;0,54;0,15;58,77;58,77;1,55;1,09
7;StudentAttendanceSystem;state;1135;16;28;6;31;100;0,18;0,23;0;0,04;58,77;58,77;0,54;0,44
7;StudentAttendanceSystem;transition;1135;16;28;9;28;100;0,2;0,35;0;0,05;59,77;59,77;0,7;0,6
7;StudentAttendanceSystem;pair;1135;16;28;28;142;100;0,19;0,08;0,65;0,2;60,77;60,77;1,48;1,12
7;StudentAttendanceSystem;state;1136;27;52;11;59;100;0,38;0,42;0;0,1;60,77;60,77;1,02;0,91
7;StudentAttendanceSystem;transition;1136;27;52;18;51;100;0,31;0,8;0;0,11;61,77;61,77;1,34;1,22
7;StudentAttendanceSystem;pair;1136;27;52;52;294;100;0,27;0,2;1,59;0,67;63,77;63,77;3,41;2,73
7;StudentAttendanceSystem;state;1137;23;41;10;53;100;0,27;0,39;0;0,07;64,77;64,77;0,84;0,73
7;StudentAttendanceSystem;transition;1137;23;41;14;40;100;0,24;0,59;0;0,1;64,77;64,77;1,08;0,94
7;StudentAttendanceSystem;pair;1137;23;41;32;173;100;0,23;0,15;0,78;0,17;65,77;66,77;1,8;1,32
7;StudentAttendanceSystem;state;1138;20;37;8;43;100;0,19;0,25;0;0,05;66,77;66,77;0,59;0,49
7;StudentAttendanceSystem;transition;1138;20;37;13;37;100;0,18;0,43;0;0,09;67,77;67,77;0,79;0,7
7;StudentAttendanceSystem;pair;1138;20;37;32;178;100;0,18;0,1;0,64;0,18;68,77;68,77;1,48;1,1
7;StudentAttendanceSystem;state;1139;28;58;13;70;100;0,35;0,58;0;0,13;68,77;69,77;1,2;1,06
7;StudentAttendanceSystem;transition;1139;28;58;19;58;100;0,36;1,01;0;0,2;69,77;69,77;1,76;1,57
7;StudentAttendanceSystem;pair;1139;28;58;55;315;100;0,42;0,32;1,99;0,42;71,77;71,77;3,91;3,14
7;StudentAttendanceSystem;state;1140;21;34;8;41;100;0,27;0,25;0;0,04;72,77;72,77;0,67;0,57
7;StudentAttendanceSystem;transition;1140;21;34;12;33;100;0,17;0,51;0;0,1;72,77;73,77;0,88;0,78
7;StudentAttendanceSystem;pair;1140;21;34;31;149;100;0,19;0,1;0,71;0,22;73,77;74,77;1,57;1,21
7;StudentAttendanceSystem;state;1141;18;34;7;37;100;0,26;0,31;0;0,04;74,77;74,77;0,7;0,61
7;StudentAttendanceSystem;transition;1141;18;34;11;34;100;0,21;0,37;0;0,06;75,77;75,77;0,73;0,64
7;StudentAttendanceSystem;pair;1141;18;34;35;189;100;0,19;0,12;0,62;0,15;76,77;76,77;1,45;1,09
7;StudentAttendanceSystem;state;1142;24;48;10;53;100;0,25;0,28;0;0,08;76,77;76,77;0,71;0,61
7;StudentAttendanceSystem;transition;1142;24;48;18;48;100;0,33;0,61;0;0,11;77,77;77,77;1,2;1,05
7;StudentAttendanceSystem;pair;1142;24;48;43;233;100;0,25;0,18;0,86;0,27;78,77;79,77;2,06;1,55
7;StudentAttendanceSystem;state;1143;16;26;7;34;100;0,17;0,17;0;0,03;79,77;79,77;0,43;0,37
7;StudentAttendanceSystem;transition;1143;16;26;9;26;100;0,17;0,32;0;0,05;80,77;80,77;0,63;0,54
7;StudentAttendanceSystem;pair;1143;16;26;21;102;100;0,14;0,08;0,36;0,09;80,77;80,77;0,93;0,67
7;StudentAttendanceSystem;state;1144;17;31;7;33;100;0,16;0,17;0;0,03;81,77;81,77;0,41;0,35
7;StudentAttendanceSystem;transition;1144;17;31;12;31;100;0,14;0,38;0;0,06;81,77;81,77;0,67;0,58
7;StudentAttendanceSystem;pair;1144;17;31;26;129;100;0,15;0,32;0,49;0,1;82,77;82,77;1,34;1,06
7;StudentAttendanceSystem;state;1145;21;38;8;42;100;0,19;0,29;0;0,07;83,77;83,77;0,67;0,56
7;StudentAttendanceSystem;transition;1145;21;38;13;37;100;0,24;0,5;0;0,11;83,77;84,77;0,99;0,85
7;StudentAttendanceSystem;pair;1145;21;38;33;183;100;0,18;0,12;0,73;0,15;85,77;85,77;1,62;1,19
7;StudentAttendanceSystem;state;1146;30;61;13;73;100;0,35;0,48;0;0,1;85,77;85,77;1,03;0,93
7;StudentAttendanceSystem;transition;1146;30;61;21;60;100;0,31;0,77;0;0,14;86,77;86,77;1,36;1,22
7;StudentAttendanceSystem;pair;1146;30;61;55;315;100;0,29;0,23;1,62;0,39;88,77;88,77;3,14;2,52
7;StudentAttendanceSystem;state;1147;18;31;7;37;100;0,19;0,18;0;0,04;89,77;89,77;0,48;0,41
7;StudentAttendanceSystem;transition;1147;18;31;11;31;100;0,17;0,35;0;0,09;89,77;90,77;0,68;0,6
7;StudentAttendanceSystem;pair;1147;18;31;25;131;100;0,16;0,08;0,52;0,1;90,77;90,77;1,19;0,86
7;StudentAttendanceSystem;state;1148;17;32;7;35;100;0,17;0,17;0;0,03;91,77;91,77;0,44;0,37
7;StudentAttendanceSystem;transition;1148;17;32;11;32;100;0,14;0,32;0;0,07;91,77;92,77;0,62;0,54
7;StudentAttendanceSystem;pair;1148;17;32;29;157;100;0,15;0,09;0,52;0,16;92,77;93,77;1,21;0,92
7;StudentAttendanceSystem;state;1149;19;32;7;36;100;0,22;0,19;0;0,04;93,77;93,77;0,51;0,44
7;StudentAttendanceSystem;transition;1149;19;32;11;31;100;0,21;0,54;0;0,07;94,77;94,77;0,95;0,82
7;StudentAttendanceSystem;pair;1149;19;32;26;136;100;0,18;0,14;0,67;0,12;94,77;95,77;1,54;1,11
7;StudentAttendanceSystem;state;1150;15;25;6;26;100;0,14;0,14;0;0,03;95,77;95,77;0,37;0,31
7;StudentAttendanceSystem;transition;1150;15;25;9;25;100;0,14;0,25;0;0,05;95,77;96,77;0,53;0,44
7;StudentAttendanceSystem;pair;1150;15;25;22;101;100;0,18;0,07;0,35;0,08;96,77;96,77;1;0,68
7;StudentAttendanceSystem;state;1151;21;40;8;43;100;0,21;0,21;0;0,04;97,77;97,77;0,52;0,46
7;StudentAttendanceSystem;transition;1151;21;40;14;40;100;0,26;0,47;0;0,08;97,77;97,77;0,9;0,8
7;StudentAttendanceSystem;pair;1151;21;40;41;221;100;0,24;0,15;1,24;0,26;99,77;99,77;2,4;1,89
7;StudentAttendanceSystem;state;1152;31;62;14;78;100;0,29;0,33;0;0,09;99,77;100,77;0,78;0,7
7;StudentAttendanceSystem;transition;1152;31;62;20;61;100;0,29;0,81;0;0,21;100,77;101,77;1,45;1,3
7;StudentAttendanceSystem;pair;1152;31;62;58;336;100;0,3;0,22;1,7;0,29;102,77;103,77;3,09;2,52
7;StudentAttendanceSystem;state;1153;23;45;9;50;100;0,28;0,33;0;0,08;103,77;103,77;0,8;0,68
7;StudentAttendanceSystem;transition;1153;23;45;16;45;100;0,22;0,51;0;0,1;104,77;104,77;0,94;0,84
7;StudentAttendanceSystem;pair;1153;23;45;41;223;100;0,31;0,17;1,01;0,2;105,77;105,77;2,28;1,69
7;StudentAttendanceSystem;state;1154;27;55;11;61;100;0,32;0,29;0;0,06;106,77;106,77;0,74;0,67
7;StudentAttendanceSystem;transition;1154;27;55;17;54;100;0,22;0,91;0;0,23;107,77;107,77;1,51;1,36
7;StudentAttendanceSystem;pair;1154;27;55;52;302;100;0,38;0,27;1,97;0,38;108,77;109,77;3,66;2,99
7;StudentAttendanceSystem;state;1155;21;36;8;43;100;0,25;0,24;0;0,06;109,77;109,77;0,66;0,56
7;StudentAttendanceSystem;transition;1155;21;36;13;35;100;0,2;0,47;0;0,08;110,77;110,77;0,83;0,74
7;StudentAttendanceSystem;pair;1155;21;36;29;155;100;0,17;0,09;0,59;0,17;111,77;111,77;1,36;1,03
7;StudentAttendanceSystem;state;1156;25;50;12;68;100;0,33;0,27;0;0,06;111,77;112,77;0,76;0,66
7;StudentAttendanceSystem;transition;1156;25;50;14;50;100;0,26;0,55;0;0,09;112,77;112,77;0,99;0,9
7;StudentAttendanceSystem;pair;1156;25;50;44;264;100;0,3;0,16;1,07;0,23;114,77;114,77;2,26;1,75
7;StudentAttendanceSystem;state;1157;29;58;12;67;100;0,33;0,43;0;0,11;115,77;115,77;0,95;0,86
7;StudentAttendanceSystem;transition;1157;29;58;21;57;100;0,26;0,67;0;0,13;115,77;116,77;1,17;1,07
7;StudentAttendanceSystem;pair;1157;29;58;55;307;100;0,24;0,2;1,43;0,27;117,77;118,77;2,68;2,14
7;StudentAttendanceSystem;state;1158;21;38;8;42;100;0,23;0,23;0;0,04;118,77;118,77;0,59;0,5
7;StudentAttendanceSystem;transition;1158;21;38;13;37;100;0,17;0,46;0;0,08;119,77;119,77;0,81;0,71
7;StudentAttendanceSystem;pair;1158;21;38;32;178;100;0,18;0,14;0,78;0,17;120,77;120,77;1,62;1,26
7;StudentAttendanceSystem;state;1159;30;60;13;73;100;0,28;0,32;0;0,08;120,77;121,77;0,75;0,68
7;StudentAttendanceSystem;transition;1159;30;60;19;59;100;0,24;0,68;0;0,13;121,77;122,77;1,14;1,04
7;StudentAttendanceSystem;pair;1159;30;60;54;317;100;0,26;0,21;1,5;0,39;123,77;123,77;3,06;2,36
7;StudentAttendanceSystem;state;1160;26;52;11;60;100;0,51;0,33;0;0,1;124,77;124,77;1,08;0,94
7;StudentAttendanceSystem;transition;1160;26;52;18;51;100;0,31;0,6;0;0,17;125,77;125,77;1,23;1,08
7;StudentAttendanceSystem;pair;1160;26;52;49;275;100;0,25;0,17;1,23;0,31;126,77;127,77;2,41;1,96
7;StudentAttendanceSystem;state;1161;25;48;9;49;100;0,22;0,27;0;0,05;127,77;127,77;0,61;0,54
7;StudentAttendanceSystem;transition;1161;25;48;17;47;100;0,21;0,64;0;0,11;128,77;128,77;1,07;0,96
7;StudentAttendanceSystem;pair;1161;25;48;42;243;100;0,31;0,23;1,28;0,37;129,77;130,77;2,91;2,18
7;StudentAttendanceSystem;state;1162;24;50;11;60;100;0,29;0,34;0;0,08;130,77;130,77;0,82;0,71
7;StudentAttendanceSystem;transition;1162;24;50;16;50;100;0,26;0,63;0;0,11;131,77;131,77;1,12;1
7;StudentAttendanceSystem;pair;1162;24;50;45;259;100;0,28;0,2;1,58;0,34;132,77;133,77;2,91;2,39
7;StudentAttendanceSystem;state;1163;20;37;8;41;100;0,2;0,25;0;0,04;133,77;133,77;0,56;0,48
7;StudentAttendanceSystem;transition;1163;20;37;13;36;100;0,18;0,44;0;0,07;134,77;134,77;0,78;0,69
7;StudentAttendanceSystem;pair;1163;20;37;32;178;100;0,18;0,1;0,72;0,15;135,77;135,77;1,5;1,15
7;StudentAttendanceSystem;state;1164;26;50;11;62;100;0,23;0,27;0;0,07;135,77;136,77;0,67;0,57
7;StudentAttendanceSystem;transition;1164;26;50;16;49;100;0,21;0,64;0;0,1;136,77;136,77;1,07;0,96
7;StudentAttendanceSystem;pair;1164;26;50;44;258;100;0,23;0,16;1,09;0,22;138,77;138,77;2,18;1,69
7;StudentAttendanceSystem;state;1165;22;41;10;56;100;0,2;0,26;0;0,06;138,77;139,77;0,59;0,52
7;StudentAttendanceSystem;transition;1165;22;41;12;41;100;0,49;0,57;0;0,1;139,77;139,77;1,28;1,16
7;StudentAttendanceSystem;pair;1165;22;41;36;206;100;0,19;0,14;0,91;0,26;140,77;141,77;2,12;1,51
7;StudentAttendanceSystem;state;1166;22;40;8;42;100;0,21;0,26;0;0,11;141,77;141,77;0,7;0,58
7;StudentAttendanceSystem;transition;1166;22;40;13;39;100;0,22;0,45;0;0,08;142,77;142,77;0,87;0,74
7;StudentAttendanceSystem;pair;1166;22;40;39;215;100;0,21;0,14;0,91;0,19;143,77;143,77;1,9;1,45
7;StudentAttendanceSystem;state;1167;21;39;8;43;100;0,29;0,38;0;0,05;144,77;144,77;0,83;0,73
7;StudentAttendanceSystem;transition;1167;21;39;13;39;100;0,18;0,46;0;0,08;144,77;144,77;0,81;0,71
7;StudentAttendanceSystem;pair;1167;21;39;38;206;100;0,18;0,16;0,91;0,22;145,77;146,77;1,9;1,47
7;StudentAttendanceSystem;state;1168;18;32;7;35;100;0,17;0,28;0;0,04;146,77;146,77;0,6;0,5
7;StudentAttendanceSystem;transition;1168;18;32;12;32;100;0,19;0,38;0;0,08;147,77;147,77;0,74;0,65
7;StudentAttendanceSystem;pair;1168;18;32;29;146;100;0,18;0,1;0,56;0,12;147,77;148,77;1,3;0,96
7;StudentAttendanceSystem;state;1169;24;44;9;50;100;0,26;0,28;0;0,06;148,77;148,77;0,69;0,6
7;StudentAttendanceSystem;transition;1169;24;44;16;43;100;0,2;0,61;0;0,11;149,77;149,77;1,03;0,92
7;StudentAttendanceSystem;pair;1169;24;44;37;195;100;0,22;0,16;0,92;0,19;150,77;150,77;1,97;1,49
7;StudentAttendanceSystem;state;1170;23;41;10;54;100;0,24;0,24;0;0,05;151,77;151,77;0,61;0,53
7;StudentAttendanceSystem;transition;1170;23;41;13;41;100;0,27;0,46;0;0,09;151,77;152,77;0,93;0,83
7;StudentAttendanceSystem;pair;1170;23;41;37;195;100;0,25;0,12;1,22;0,16;153,77;153,77;2,22;1,76
7;StudentAttendanceSystem;state;1171;21;36;8;41;100;0,29;0,28;0;0,05;153,77;153,77;0,7;0,61
7;StudentAttendanceSystem;transition;1171;21;36;13;35;100;1,58;0,56;0;0,09;5,81;5,81;2,43;2,24
7;StudentAttendanceSystem;pair;1171;21;36;29;151;100;0,23;0,1;0,77;0,13;6,81;6,81;1,66;1,23
7;StudentAttendanceSystem;state;1172;20;38;8;41;100;0,21;0,36;0;0,07;7,81;7,81;0,72;0,64
7;StudentAttendanceSystem;transition;1172;20;38;14;38;100;0,28;0,61;0;0,13;7,81;7,81;1,14;1,02
7;StudentAttendanceSystem;pair;1172;20;38;34;186;100;0,19;0,11;0,92;0,25;8,81;9,81;1,95;1,45
7;StudentAttendanceSystem;state;1173;25;51;11;60;100;0,28;0,41;0;0,07;9,81;9,81;0,86;0,76
7;StudentAttendanceSystem;transition;1173;25;51;15;51;100;0,23;0,72;0;0,11;10,81;10,81;1,21;1,06
7;StudentAttendanceSystem;pair;1173;25;51;48;280;100;0,27;0,21;1,44;0,3;11,81;12,81;2,84;2,22
7;StudentAttendanceSystem;state;1174;23;43;9;49;100;0,26;0,25;0;0,05;12,81;12,81;0,64;0,56
7;StudentAttendanceSystem;transition;1174;23;43;14;42;100;0,25;0,63;0;0,11;13,81;13,81;1,11;0,99
7;StudentAttendanceSystem;pair;1174;23;43;38;224;100;0,25;0,2;1,04;0,28;14,81;14,81;2,37;1,77
7;StudentAttendanceSystem;state;1175;17;28;7;37;100;0,19;0,25;0;0,05;15,81;15,81;0,58;0,49
7;StudentAttendanceSystem;transition;1175;17;28;8;28;100;0,23;0,46;0;0,09;15,81;15,81;0,92;0,78
7;StudentAttendanceSystem;pair;1175;17;28;24;128;100;0,17;0,08;0,48;0,13;16,81;16,81;1,23;0,86
7;StudentAttendanceSystem;state;1176;19;35;8;42;100;0,25;0,32;0;0,07;17,81;17,81;0,74;0,63
7;StudentAttendanceSystem;transition;1176;19;35;12;35;100;0,28;0,62;0;0,09;17,81;17,81;1,17;1
7;StudentAttendanceSystem;pair;1176;19;35;31;157;100;0,27;0,1;0,58;0,13;18,81;18,81;1,5;1,08
7;StudentAttendanceSystem;state;1177;24;45;10;54;100;0,29;0,3;0;0,09;19,81;19,81;0,76;0,67
7;StudentAttendanceSystem;transition;1177;24;45;15;44;100;0,3;0,88;0;0,16;20,81;20,81;1,5;1,35
7;StudentAttendanceSystem;pair;1177;24;45;39;217;100;0,34;0,21;1,4;0,33;21,81;21,81;2,96;2,28
7;StudentAttendanceSystem;state;1178;24;49;11;60;100;0,36;0,49;0;0,11;22,81;22,81;1,06;0,95
7;StudentAttendanceSystem;transition;1178;24;49;15;49;100;0,37;0,81;0;0,18;22,81;23,81;1,51;1,36
7;StudentAttendanceSystem;pair;1178;24;49;42;248;100;0,29;0,19;1,12;0,28;24,81;24,81;2,47;1,88
7;StudentAttendanceSystem;state;1179;27;56;12;65;100;0,32;0,34;0;0,08;25,81;25,81;0,83;0,75
7;StudentAttendanceSystem;transition;1179;27;56;19;56;100;0,32;0,66;0;0,18;25,81;26,81;1,28;1,16
7;StudentAttendanceSystem;pair;1179;27;56;49;283;100;0,26;0,27;1,69;0,25;27,81;27,81;3,12;2,47
7;StudentAttendanceSystem;state;1180;25;49;11;60;100;0,31;0,31;0;0,11;28,81;28,81;0,85;0,73
7;StudentAttendanceSystem;transition;1180;25;49;17;49;100;0,35;0,88;0;0,16;29,81;29,81;1,59;1,4
7;StudentAttendanceSystem;pair;1180;25;49;50;268;100;0,37;0,27;1,53;0,24;30,81;30,81;3,05;2,41
7;StudentAttendanceSystem;state;1181;31;62;14;78;100;0,32;0,51;0;0,14;31,81;31,81;1,09;0,97
7;StudentAttendanceSystem;transition;1181;31;62;20;61;100;0,3;0,82;0;0,18;32,81;32,81;1,47;1,3
7;StudentAttendanceSystem;pair;1181;31;62;58;332;100;0,3;0,25;2,11;0,39;34,81;34,81;3,8;3,05
7;StudentAttendanceSystem;state;1182;27;54;12;67;100;0,31;0,39;0;0,07;35,81;35,81;0,87;0,77
7;StudentAttendanceSystem;transition;1182;27;54;17;54;100;0,29;0,8;0;0,11;36,81;36,81;1,4;1,21
7;StudentAttendanceSystem;pair;1182;27;54;45;265;100;0,24;0,24;1,67;0,39;37,81;37,81;3,24;2,54
7;StudentAttendanceSystem;state;1183;19;35;8;40;100;0,31;0,31;0;0,06;38,81;38,81;0,8;0,68
7;StudentAttendanceSystem;transition;1183;19;35;12;35;100;0,27;0,61;0;0,14;38,81;38,81;1,19;1,03
7;StudentAttendanceSystem;pair;1183;19;35;30;165;100;0,28;0,16;0,81;0,21;39,81;40,81;2;1,47
7;StudentAttendanceSystem;state;1184;24;44;9;49;100;0,31;0,45;0;0,09;40,81;40,81;0,97;0,85
7;StudentAttendanceSystem;transition;1184;24;44;15;43;100;0,3;0,77;0;0,1;41,81;41,81;1,3;1,17
7;StudentAttendanceSystem;pair;1184;24;44;42;230;100;0,26;0,19;1,34;0,29;42,81;42,81;2,6;2,08
7;StudentAttendanceSystem;state;1185;21;40;9;45;100;0,45;0,27;0;0,05;43,81;43,81;0,84;0,76
7;StudentAttendanceSystem;transition;1185;21;40;14;40;100;0,32;0,64;0;0,09;43,81;44,81;1,17;1,05
7;StudentAttendanceSystem;pair;1185;21;40;39;199;100;0,18;0,14;1,12;0,16;45,81;45,81;2,08;1,6
7;StudentAttendanceSystem;state;1186;23;44;9;48;100;0,27;0,26;0;0,05;45,81;45,81;0,65;0,57
7;StudentAttendanceSystem;transition;1186;23;44;15;44;100;0,27;0,69;0;0,09;46,81;46,81;1,2;1,05
7;StudentAttendanceSystem;pair;1186;23;44;39;223;100;0,26;0,12;0,94;0,3;47,81;48,81;2,24;1,63
7;StudentAttendanceSystem;state;1187;26;50;11;56;100;0,37;0,43;0;0,09;48,81;48,81;1;0,89
7;StudentAttendanceSystem;transition;1187;26;50;19;49;100;0,33;0,93;0;0,16;49,81;49,81;1,59;1,43
7;StudentAttendanceSystem;pair;1187;26;50;50;268;100;0,31;0,25;1,82;0,39;50,81;51,81;3,53;2,77
7;StudentAttendanceSystem;state;1188;23;44;10;52;100;0,32;0,36;0;0,08;51,81;51,81;0,87;0,76
7;StudentAttendanceSystem;transition;1188;23;44;17;44;100;0,3;0,8;0;0,14;52,81;52,81;1,38;1,24
7;StudentAttendanceSystem;pair;1188;23;44;39;199;100;0,24;0,17;0,86;0,16;53,81;53,81;1,9;1,43
7;StudentAttendanceSystem;state;1189;26;49;10;54;100;0,33;0,4;0;0,06;54,81;54,81;0,94;0,8
7;StudentAttendanceSystem;transition;1189;26;49;17;48;100;0,35;1,01;0;0,18;55,81;55,81;1,7;1,54
7;StudentAttendanceSystem;pair;1189;26;49;43;247;100;0,37;0,23;1,57;0,34;56,81;56,81;3,23;2,5
7;StudentAttendanceSystem;state;1190;21;37;8;43;100;0,35;0,36;0;0,07;57,81;57,81;0,89;0,77
7;StudentAttendanceSystem;transition;1190;21;37;12;36;100;0,29;0,66;0;0,13;57,81;58,81;1,23;1,08
7;StudentAttendanceSystem;pair;1190;21;37;30;171;100;0,28;0,25;0,87;0,2;58,81;59,81;2,15;1,61
7;StudentAttendanceSystem;state;1191;21;40;8;42;100;0,26;0,28;0;0,05;59,81;59,81;0,67;0,59
7;StudentAttendanceSystem;transition;1191;21;40;15;40;100;0,29;0,62;0;0,13;60,81;60,81;1,19;1,04
7;StudentAttendanceSystem;pair;1191;21;40;38;202;100;0,29;0,15;1,06;0,24;61,81;61,81;2,32;1,74
7;StudentAttendanceSystem;state;1192;21;37;8;41;100;0,35;0,35;0;0,07;62,81;62,81;0,89;0,77
7;StudentAttendanceSystem;transition;1192;21;37;14;36;100;0,29;0,69;0;0,17;62,81;62,81;1,35;1,15
7;StudentAttendanceSystem;pair;1192;21;37;31;163;100;0,28;0,16;0,94;0,22;63,81;64,81;2,17;1,61
7;StudentAttendanceSystem;state;1193;19;33;7;37;100;0,34;0,3;0;0,06;64,81;64,81;0,82;0,7
7;StudentAttendanceSystem;transition;1193;19;33;11;33;100;0,27;0,57;0;0,09;65,81;65,81;1,07;0,93
7;StudentAttendanceSystem;pair;1193;19;33;31;163;100;0,26;0,12;0,76;0,21;66,81;66,81;1,84;1,36
7;StudentAttendanceSystem;state;1194;25;48;10;51;100;0,23;0,31;0;0,09;66,81;66,81;0,76;0,63
7;StudentAttendanceSystem;transition;1194;25;48;18;47;100;0,25;0,8;0;0,21;67,81;67,81;1,39;1,25
7;StudentAttendanceSystem;pair;1194;25;48;46;249;100;0,32;0,21;1,52;0,33;68,81;69,81;3,07;2,38
7;StudentAttendanceSystem;state;1195;19;34;8;43;100;0,23;0,24;0;0,05;69,81;69,81;0,61;0,51
7;StudentAttendanceSystem;transition;1195;19;34;11;34;100;0,24;0,45;0;0,1;70,81;70,81;0,9;0,8
7;StudentAttendanceSystem;pair;1195;19;34;28;152;100;0,26;0,1;0,55;0,17;71,81;71,81;1,51;1,07
7;StudentAttendanceSystem;state;1196;29;57;12;68;100;0,31;0,37;0;0,16;71,81;72,81;0,96;0,84
7;StudentAttendanceSystem;transition;1196;29;57;18;56;100;0,32;0,88;0;0,18;72,81;72,81;1,53;1,37
7;StudentAttendanceSystem;pair;1196;29;57;45;270;100;0,35;0,22;1,3;0,28;74,81;74,81;2,75;2,15
7;StudentAttendanceSystem;state;1197;31;63;14;76;100;0,41;0,55;0;0,13;75,81;75,81;1,23;1,1
7;StudentAttendanceSystem;transition;1197;31;63;22;62;100;0,4;1,23;0;0,21;76,81;76,81;2,03;1,85
7;StudentAttendanceSystem;pair;1197;31;63;54;310;100;0,46;0,32;2,2;0,47;77,81;78,81;4,39;3,45
7;StudentAttendanceSystem;state;1198;27;51;11;59;100;0,29;0,37;0;0,07;78,81;78,81;0,85;0,73
7;StudentAttendanceSystem;transition;1198;27;51;18;50;100;0,23;0,6;0;0,12;79,81;79,81;1,07;0,95
7;StudentAttendanceSystem;pair;1198;27;51;40;225;100;0,35;0,2;1,39;0,29;81,81;81,81;2,79;2,23
7;StudentAttendanceSystem;state;1199;20;33;8;43;100;0,27;0,3;0;0,06;81,81;81,81;0,71;0,62
7;StudentAttendanceSystem;transition;1199;20;33;10;32;100;0,3;0,54;0;0,08;82,81;82,81;1,05;0,92
7;StudentAttendanceSystem;pair;1199;20;33;29;156;100;0,18;0,1;0,64;0,13;83,81;83,81;1,43;1,06
7;StudentAttendanceSystem;state;1200;26;55;12;63;100;0,29;0,37;0;0,08;84,81;84,81;0,83;0,74
7;StudentAttendanceSystem;transition;1200;26;55;18;55;100;0,33;0,88;0;0,2;84,81;85,81;1,59;1,41
7;StudentAttendanceSystem;pair;1200;26;55;53;301;100;0,31;0,29;1,87;0,31;86,81;86,81;3,4;2,78
7;StudentAttendanceSystem;state;1201;26;50;10;54;100;0,34;0,31;0;0,14;87,81;87,81;0,93;0,79
7;StudentAttendanceSystem;transition;1201;26;50;18;49;100;0,37;1,08;0;0,2;88,81;88,81;1,83;1,65
7;StudentAttendanceSystem;pair;1201;26;50;46;262;100;0,31;0,33;1,6;0,3;89,81;90,81;3,25;2,54
7;StudentAttendanceSystem;state;1202;21;40;9;46;100;0,26;0,22;0;0,05;90,81;90,81;0,63;0,53
7;StudentAttendanceSystem;transition;1202;21;40;15;40;100;0,27;0,67;0;0,09;91,81;91,81;1,15;1,03
7;StudentAttendanceSystem;pair;1202;21;40;34;187;100;0,2;0,16;0,94;0,23;92,81;92,81;2,01;1,52
7;StudentAttendanceSystem;state;1203;28;58;13;70;100;0,25;0,33;0;0,09;93,81;93,81;0,75;0,68
7;StudentAttendanceSystem;transition;1203;28;58;19;58;100;0,26;0,63;0;0,13;93,81;93,81;1,15;1,03
7;StudentAttendanceSystem;pair;1203;28;58;53;305;100;0,25;0,21;1,89;0,31;95,81;95,81;3,25;2,67
7;StudentAttendanceSystem;state;1204;22;39;9;50;100;0,29;0,31;0;0,08;96,81;96,81;0,79;0,68
7;StudentAttendanceSystem;transition;1204;22;39;12;38;100;0,23;0,59;0;0,12;97,81;97,81;1,08;0,94
7;StudentAttendanceSystem;pair;1204;22;39;35;199;100;0,31;0,15;1,01;0,29;98,81;98,81;2,25;1,76
7;StudentAttendanceSystem;state;1205;20;32;7;36;100;0,3;0,33;0;0,04;98,81;98,81;0,77;0,67
7;StudentAttendanceSystem;transition;1205;20;32;12;31;100;0,21;0,52;0;0,07;99,81;99,81;0,9;0,79
7;StudentAttendanceSystem;pair;1205;20;32;25;117;100;0,16;0,11;0,58;0,14;100,81;100,81;1,37;0,99
7;StudentAttendanceSystem;state;1206;30;60;13;73;100;0,32;0,39;0;0,13;100,81;101,81;0,95;0,84
7;StudentAttendanceSystem;transition;1206;30;60;20;59;100;0,3;0,99;0;0,21;101,81;102,81;1,64;1,5
7;StudentAttendanceSystem;pair;1206;30;60;52;304;100;0,33;0,26;1,85;0,47;103,81;103,81;3,7;2,92
7;StudentAttendanceSystem;state;1207;16;26;6;31;100;0,19;0,28;0;0,05;104,81;104,81;0,62;0,52
7;StudentAttendanceSystem;transition;1207;16;26;8;26;100;0,23;0,42;0;0,07;104,81;104,81;0,85;0,72
7;StudentAttendanceSystem;pair;1207;16;26;21;110;100;0,25;0,1;0,53;0,14;105,81;105,81;1,46;1,01
7;StudentAttendanceSystem;state;1208;17;28;6;31;100;0,24;0,31;0;0,05;106,81;106,81;0,69;0,59
7;StudentAttendanceSystem;transition;1208;17;28;10;28;100;0,21;0,52;0;0,09;106,81;106,81;0,95;0,82
7;StudentAttendanceSystem;pair;1208;17;28;28;131;100;0,23;0,11;0,77;0,18;107,81;107,81;1,76;1,3
7;StudentAttendanceSystem;state;1209;25;46;10;53;100;0,33;0,4;0;0,09;108,81;108,81;0,93;0,82
7;StudentAttendanceSystem;transition;1209;25;46;16;45;100;0,32;0,81;0;0,21;108,81;109,81;1,5;1,34
7;StudentAttendanceSystem;pair;1209;25;46;45;247;100;0,33;0,18;1,56;0,25;110,81;110,81;2,97;2,32
7;StudentAttendanceSystem;state;1210;25;48;11;57;100;0,41;0,44;0;0,1;111,81;111,81;1,1;0,95
7;StudentAttendanceSystem;transition;1210;25;48;17;47;100;0,36;0,86;0;0,23;111,81;111,81;1,65;1,45
7;StudentAttendanceSystem;pair;1210;25;48;41;227;100;0,37;0,19;1,4;0,32;113,81;113,81;2,93;2,28
7;StudentAttendanceSystem;state;1211;22;44;8;43;100;0,36;0,29;0;0,04;113,81;113,81;0,77;0,69
7;StudentAttendanceSystem;transition;1211;22;44;16;44;100;0,3;0,72;0;0,09;114,81;114,81;1,25;1,11
7;StudentAttendanceSystem;pair;1211;22;44;42;236;100;0,22;0,16;0,94;0,21;115,81;116,81;2;1,54
7;StudentAttendanceSystem;state;1212;22;44;8;43;100;0,25;0,23;0;0,04;116,81;116,81;0,59;0,53
7;StudentAttendanceSystem;transition;1212;22;44;16;44;100;0,21;0,5;0;0,09;117,81;117,81;0,9;0,81
7;StudentAttendanceSystem;pair;1212;22;44;42;236;100;0,19;0,13;0,89;0,19;118,81;118,81;1,79;1,41
7;StudentAttendanceSystem;state;1213;26;51;11;62;100;0,23;0,27;0;0,06;119,81;119,81;0,62;0,55
7;StudentAttendanceSystem;transition;1213;26;51;17;50;100;0,22;0,6;0;0,17;120,81;120,81;1,09;0,99
7;StudentAttendanceSystem;pair;1213;26;51;47;273;100;0,26;0,24;1,34;0,24;121,81;122,81;2,57;2,08
7;StudentAttendanceSystem;state;1214;26;54;12;63;100;0,24;0,29;0;0,06;122,81;122,81;0,66;0,59
7;StudentAttendanceSystem;transition;1214;26;54;17;54;100;0,23;0,62;0;0,13;123,81;123,81;1,08;0,98
7;StudentAttendanceSystem;pair;1214;26;54;50;290;100;0,29;0,26;1,28;0,25;124,81;125,81;2,74;2,08
7;StudentAttendanceSystem;state;1215;20;38;9;45;100;0,2;0,29;0;0,05;125,81;125,81;0,61;0,53
7;StudentAttendanceSystem;transition;1215;20;38;14;38;100;0,25;0,56;0;0,08;126,81;126,81;1,01;0,89
7;StudentAttendanceSystem;pair;1215;20;38;33;167;100;0,23;0,15;0,87;0,18;127,81;127,81;1,95;1,43
7;StudentAttendanceSystem;state;1216;23;42;10;53;100;0,24;0,34;0;0,12;128,81;128,81;0,81;0,7
7;StudentAttendanceSystem;transition;1216;23;42;14;42;100;0,23;0,59;0;0,12;128,81;128,81;1,08;0,94
7;StudentAttendanceSystem;pair;1216;23;42;34;183;100;0,22;0,17;1,07;0,25;129,81;130,81;2,22;1,72
7;StudentAttendanceSystem;state;1217;27;55;12;67;100;0,33;0,45;0;0,11;130,81;130,81;1;0,88
7;StudentAttendanceSystem;transition;1217;27;55;17;55;100;0,38;0,73;0;0,11;131,81;131,81;1,34;1,22
7;StudentAttendanceSystem;pair;1217;27;55;51;295;100;0,3;0,23;1,34;0,24;133,81;133,81;2,71;2,11
7;StudentAttendanceSystem;state;1218;25;46;10;55;100;0,22;0,26;0;0,06;133,81;134,81;0,62;0,54
7;StudentAttendanceSystem;transition;1218;25;46;16;45;100;0,2;0,52;0;0,09;134,81;134,81;0,9;0,81
7;StudentAttendanceSystem;pair;1218;25;46;44;232;100;0,25;0,13;0,92;0,19;135,81;136,81;1,99;1,48
7;StudentAttendanceSystem;state;1219;30;61;13;73;100;0,26;0,33;0;0,09;136,81;137,81;0,75;0,68
7;StudentAttendanceSystem;transition;1219;30;61;21;60;100;0,24;0,77;0;0,16;137,81;137,81;1,31;1,17
7;StudentAttendanceSystem;pair;1219;30;61;55;315;100;0,27;0,25;1,57;0,27;139,81;139,81;2,87;2,36
7;StudentAttendanceSystem;state;1220;30;60;13;73;100;0,28;0,31;0;0,07;140,81;140,81;0,74;0,67
7;StudentAttendanceSystem;transition;1220;30;60;20;59;100;0,26;0,95;0;0,16;141,81;141,81;1,5;1,37
7;StudentAttendanceSystem;pair;1220;30;60;52;304;100;0,33;0,22;1,52;0,27;143,81;143,81;2,95;2,35
7;StudentAttendanceSystem;state;1221;23;46;10;54;100;0,29;0,38;0;0,06;144,81;144,81;0,84;0,73
7;StudentAttendanceSystem;transition;1221;23;46;15;46;100;0,22;0,57;0;0,09;144,81;144,81;0,98;0,87
7;StudentAttendanceSystem;pair;1221;23;46;42;240;100;0,32;0,2;1,19;0,23;145,81;146,81;2,58;1,94
7;StudentAttendanceSystem;state;1222;18;29;7;35;100;0,18;0,22;0;0,05;146,81;146,81;0,55;0,45
7;StudentAttendanceSystem;transition;1222;18;29;10;29;100;0,24;0,5;0;0,06;147,81;147,81;0,91;0,79
7;StudentAttendanceSystem;pair;1222;18;29;26;122;100;0,22;0,1;0,45;0,09;148,81;148,81;1,16;0,86
7;StudentAttendanceSystem;state;1223;25;51;10;56;100;0,25;0,27;0;0,05;148,81;148,81;0,64;0,57
7;StudentAttendanceSystem;transition;1223;25;51;18;51;100;0,23;0,59;0;0,11;149,81;149,81;1,02;0,92
7;StudentAttendanceSystem;pair;1223;25;51;48;270;100;0,22;0,16;1,09;0,25;150,81;151,81;2,23;1,72
7;StudentAttendanceSystem;state;1224;20;38;8;41;100;0,19;0,26;0;0,04;151,81;151,81;0,56;0,49
7;StudentAttendanceSystem;transition;1224;20;38;14;38;100;0,19;0,43;0;0,11;152,81;152,81;0,83;0,73
7;StudentAttendanceSystem;pair;1224;20;38;34;184;100;0,24;0,11;0,85;0,18;153,81;153,81;1,86;1,38
7;StudentAttendanceSystem;state;1225;19;34;8;43;100;0,22;1,38;0;0,07;154,83;5,83;1,77;1,66
7;StudentAttendanceSystem;transition;1225;19;34;10;34;100;0,29;0,53;0;0,09;5,83;5,83;1,03;0,91
7;StudentAttendanceSystem;pair;1225;19;34;32;179;100;0,25;0,13;0,92;0,25;6,83;6,83;2,15;1,56
7;StudentAttendanceSystem;state;1226;27;54;12;64;100;0,33;0,45;0;0,1;7,83;7,83;0,99;0,88
7;StudentAttendanceSystem;transition;1226;27;54;19;54;100;0,38;0,98;0;0,17;8,83;8,83;1,69;1,53
7;StudentAttendanceSystem;pair;1226;27;54;47;267;100;0,33;0,3;1,65;0,38;9,83;10,83;3,4;2,67
7;StudentAttendanceSystem;state;1227;21;38;8;43;100;0,27;0,36;0;0,07;10,83;10,83;0,82;0,7
7;StudentAttendanceSystem;transition;1227;21;38;12;38;100;0,28;0,66;0;0,11;11,83;11,83;1,17;1,05
7;StudentAttendanceSystem;pair;1227;21;38;35;195;100;0,26;0,18;1,02;0,29;12,83;12,83;2,25;1,76
7;StudentAttendanceSystem;state;1228;20;32;7;36;100;0,27;0,27;0;0,06;13,83;13,83;0,72;0,6
7;StudentAttendanceSystem;transition;1228;20;32;12;31;100;0,29;0,6;0;0,11;13,83;13,83;1,16;1
7;StudentAttendanceSystem;pair;1228;20;32;24;114;100;0,25;0,11;0,56;0,15;14,83;14,83;1,53;1,07
7;StudentAttendanceSystem;state;1229;22;42;9;47;100;0,29;0,36;0;0,07;15,83;15,83;0,79;0,71
7;StudentAttendanceSystem;transition;1229;22;42;15;42;100;0,3;0,67;0;0,13;15,83;15,83;1,24;1,11
7;StudentAttendanceSystem;pair;1229;22;42;44;234;100;0,33;0,16;1,24;0,25;16,83;17,83;2,58;1,98
7;StudentAttendanceSystem;state;1230;30;61;13;73;100;0,27;0,37;0;0,12;17,83;17,83;0,87;0,76
7;StudentAttendanceSystem;transition;1230;30;61;20;60;100;0,43;0,91;0;0,14;18,83;18,83;1,63;1,48
7;StudentAttendanceSystem;pair;1230;30;61;58;334;100;0,28;0,22;2,2;0,45;20,83;20,83;3,84;3,14
7;StudentAttendanceSystem;state;1231;28;57;13;70;100;0,37;0,55;0;0,12;21,83;21,83;1,15;1,03
7;StudentAttendanceSystem;transition;1231;28;57;19;57;100;0,35;0,95;0;0,23;22,83;22,83;1,68;1,52
7;StudentAttendanceSystem;pair;1231;28;57;46;270;100;0,35;0,28;1,83;0,41;23,83;24,83;3,64;2,87
7;StudentAttendanceSystem;state;1232;31;62;14;76;100;0,42;0,5;0;0,12;24,83;24,83;1,14;1,03
7;StudentAttendanceSystem;transition;1232;31;62;21;61;100;0,43;1,03;0;0,22;25,83;25,83;1,83;1,68
7;StudentAttendanceSystem;pair;1232;31;62;50;294;100;0,38;0,29;2,02;0,45;27,83;27,83;3,89;3,13
7;StudentAttendanceSystem;state;1233;21;39;8;43;100;0,33;0,35;0;0,07;28,83;28,83;0,86;0,75
7;StudentAttendanceSystem;transition;1233;21;39;13;38;100;0,3;0,68;0;0,13;28,83;29,83;1,24;1,11
7;StudentAttendanceSystem;pair;1233;21;39;39;213;100;0,26;0,16;1,19;0,28;30,83;30,83;2,4;1,89
7;StudentAttendanceSystem;state;1234;25;51;10;56;100;0,37;0,42;0;0,09;30,83;30,83;0,97;0,88
7;StudentAttendanceSystem;transition;1234;25;51;18;51;100;0,31;0,87;0;0,17;31,83;31,83;1,5;1,35
7;StudentAttendanceSystem;pair;1234;25;51;48;270;100;0,34;0,19;1,04;0,22;33,83;33,83;2,34;1,79
7;StudentAttendanceSystem;state;1235;29;60;14;75;100;0,29;0,33;0;0,07;34,83;34,83;0,77;0,68
7;StudentAttendanceSystem;transition;1235;29;60;20;60;100;0,24;0,68;0;0,13;34,83;35,83;1,15;1,05
7;StudentAttendanceSystem;pair;1235;29;60;56;322;100;0,24;0,2;1,39;0,27;36,83;37,83;2,62;2,1
7;StudentAttendanceSystem;state;1236;20;37;8;41;100;0,18;0,21;0;0,04;37,83;37,83;0,49;0,43
7;StudentAttendanceSystem;transition;1236;20;37;13;37;100;0,17;0,43;0;0,07;38,83;38,83;0,74;0,66
7;StudentAttendanceSystem;pair;1236;20;37;32;174;100;0,17;0,1;0,61;0,14;39,83;39,83;1,35;1,02
7;StudentAttendanceSystem;state;1237;23;46;9;46;100;0,2;0,23;0;0,04;39,83;39,83;0,54;0,48
7;StudentAttendanceSystem;transition;1237;23;46;17;46;100;0,19;0,56;0;0,09;40,83;40,83;0,93;0,84
7;StudentAttendanceSystem;pair;1237;23;46;41;231;100;0,2;0,13;0,83;0,19;41,83;42,83;1,8;1,34
7;StudentAttendanceSystem;state;1238;20;38;8;43;100;0,2;0,22;0;0,04;42,83;42,83;0,52;0,45
7;StudentAttendanceSystem;transition;1238;20;38;12;38;100;0,19;0,47;0;0,08;43,83;43,83;0,85;0,75
7;StudentAttendanceSystem;pair;1238;20;38;34;200;100;0,18;0,11;0,67;0,17;44,83;44,83;1,47;1,13
7;StudentAttendanceSystem;state;1239;20;36;8;43;100;0,18;0,25;0;0,07;45,83;45,83;0,57;0,49
7;StudentAttendanceSystem;transition;1239;20;36;12;36;100;0,17;0,41;0;0,07;45,83;45,83;0,72;0,64
7;StudentAttendanceSystem;pair;1239;20;36;29;163;100;0,19;0,12;0,57;0,17;46,83;46,83;1,42;1,05
7;StudentAttendanceSystem;state;1240;30;60;13;73;100;0,33;0,41;0;0,09;47,83;47,83;0,93;0,83
7;StudentAttendanceSystem;transition;1240;30;60;20;59;100;0,34;0,93;0;0,23;48,83;48,83;1,64;1,5
7;StudentAttendanceSystem;pair;1240;30;60;52;300;100;0,34;0,26;1,65;0,35;49,83;50,83;3,27;2,61
7;StudentAttendanceSystem;state;1241;22;38;9;46;100;0,25;0,27;0;0,05;50,83;50,83;0,67;0,58
7;StudentAttendanceSystem;transition;1241;22;38;14;37;100;0,23;0,55;0;0,1;51,83;51,83;0,98;0,87
7;StudentAttendanceSystem;pair;1241;22;38;28;149;100;0,22;0,12;0,68;0,16;52,83;52,83;1,64;1,18
7;StudentAttendanceSystem;state;1242;19;34;7;37;100;0,22;0,3;0;0,05;53,83;53,83;0,65;0,56
7;StudentAttendanceSystem;transition;1242;19;34;12;34;100;0,21;0,49;0;0,08;53,83;53,83;0,91;0,79
7;StudentAttendanceSystem;pair;1242;19;34;34;174;100;0,24;0,12;0,77;0,18;54,83;54,83;1,73;1,31
7;StudentAttendanceSystem;state;1243;24;45;10;55;100;0,3;0,36;0;0,06;55,83;55,83;0,83;0,72
7;StudentAttendanceSystem;transition;1243;24;45;15;45;100;0,24;0,57;0;0,09;56,83;56,83;1,03;0,9
7;StudentAttendanceSystem;pair;1243;24;45;38;210;100;0,2;0,13;0,84;0,3;57,83;57,83;1,88;1,47
7;StudentAttendanceSystem;state;1244;22;37;8;43;100;0,29;0,26;0;0,05;58,83;58,83;0,71;0,6
7;StudentAttendanceSystem;transition;1244;22;37;12;36;100;0,22;0,56;0;0,1;58,83;58,83;1;0,88
7;StudentAttendanceSystem;pair;1244;22;37;31;166;100;0,25;0,1;0,85;0,13;59,83;59,83;1,67;1,33
7;StudentAttendanceSystem;state;1245;22;41;9;45;100;0,21;0,41;0;0,08;60,83;60,83;0,81;0,69
7;StudentAttendanceSystem;transition;1245;22;41;15;41;100;0,19;0,45;0;0,08;61,83;61,83;0,8;0,71
7;StudentAttendanceSystem;pair;1245;22;41;34;186;100;0,23;0,16;0,76;0,15;62,83;62,83;1,71;1,29
7;StudentAttendanceSystem;state;1246;24;44;9;46;100;0,3;0,36;0;0,09;62,83;63,83;0,85;0,74
7;StudentAttendanceSystem;transition;1246;24;44;16;43;100;0,26;0,5;0;0,13;63,83;63,83;1,01;0,89
7;StudentAttendanceSystem;pair;1246;24;44;36;200;100;0,3;0,18;1,09;0,21;64,83;65,83;2,22;1,79
7;StudentAttendanceSystem;state;1247;19;32;7;37;100;0,23;0,3;0;0,06;65,83;65,83;0,75;0,59
7;StudentAttendanceSystem;transition;1247;19;32;11;31;100;0,25;0,5;0;0,1;66,83;66,83;1;0,86
7;StudentAttendanceSystem;pair;1247;19;32;26;136;100;0,22;0,14;0,78;0,21;66,83;67,83;1,83;1,37
7;StudentAttendanceSystem;state;1248;28;59;13;70;100;0,32;0,43;0;0,08;67,83;67,83;0,92;0,83
7;StudentAttendanceSystem;transition;1248;28;59;20;59;100;0,4;0,89;0;0,17;68,83;68,83;1,6;1,46
7;StudentAttendanceSystem;pair;1248;28;59;56;320;100;0,3;0,24;2,03;0,48;70,83;70,83;3,79;3,06
7;StudentAttendanceSystem;state;1249;29;58;12;68;100;0,44;0,5;0;0,12;71,83;71,83;1,19;1,06
7;StudentAttendanceSystem;transition;1249;29;58;19;57;100;0,39;1,1;0;0,2;72,83;72,83;1,86;1,69
7;StudentAttendanceSystem;pair;1249;29;58;49;287;100;0,44;0,3;1,93;0,43;73,83;74,83;3,91;3,09
7;StudentAttendanceSystem;state;1250;23;46;9;46;100;0,33;0,42;0;0,08;74,83;74,83;0,97;0,84
7;StudentAttendanceSystem;transition;1250;23;46;17;45;100;0,36;0,79;0;0,15;75,83;75,83;1,45;1,3
7;StudentAttendanceSystem;pair;1250;23;46;42;238;100;0,3;0,2;1,47;0,32;76,83;77,83;2,95;2,29
7;StudentAttendanceSystem;state;1251;19;38;8;41;100;0,27;0,35;0;0,08;77,83;77,83;0,85;0,7
7;StudentAttendanceSystem;transition;1251;19;38;13;38;100;0,32;0,7;0;0,12;78,83;78,83;1,26;1,13
7;StudentAttendanceSystem;pair;1251;19;38;36;204;100;0,29;0,17;1,02;0,28;79,83;79,83;2,28;1,77
7;StudentAttendanceSystem;state;1252;26;53;11;62;100;0,38;0,5;0;0,11;79,83;80,83;1,09;0,99
7;StudentAttendanceSystem;transition;1252;26;53;17;53;100;0,33;0,87;0;0,14;80,83;80,83;1,5;1,34
7;StudentAttendanceSystem;pair;1252;26;53;45;263;100;0,28;0,17;1,22;0,29;82,83;82,83;2,66;1,96
7;StudentAttendanceSystem;state;1253;25;47;10;51;100;0,27;0,28;0;0,06;83,83;83,83;0,69;0,61
7;StudentAttendanceSystem;transition;1253;25;47;18;46;100;0,22;0,7;0;0,15;83,83;83,83;1,26;1,07
7;StudentAttendanceSystem;pair;1253;25;47;41;225;100;0,33;0,18;1,53;0,3;85,83;85,83;3,01;2,34
7;StudentAttendanceSystem;state;1254;23;40;9;47;100;0,3;0,3;0;0,08;85,83;85,83;0,79;0,68
7;StudentAttendanceSystem;transition;1254;23;40;14;39;100;0,26;0,54;0;0,12;86,83;86,83;1,02;0,92
7;StudentAttendanceSystem;pair;1254;23;40;37;195;100;0,2;0,14;0,85;0,22;87,83;87,83;1,86;1,41
7;StudentAttendanceSystem;state;1255;21;35;8;40;100;0,24;0,28;0;0,06;88,83;88,83;0,68;0,58
7;StudentAttendanceSystem;transition;1255;21;35;13;34;100;0,26;0,45;0;0,07;88,83;89,83;0,91;0,79
7;StudentAttendanceSystem;pair;1255;21;35;29;143;100;0,19;0,14;0,65;0,18;89,83;90,83;1,58;1,16
7;StudentAttendanceSystem;state;1256;15;26;6;29;100;0,16;0,2;0;0,03;90,83;90,83;0,5;0,39
7;StudentAttendanceSystem;transition;1256;15;26;9;26;100;0,2;0,45;0;0,1;90,83;91,83;0,91;0,74
7;StudentAttendanceSystem;pair;1256;15;26;22;110;100;0,21;0,11;0,52;0,11;91,83;91,83;1,33;0,95
7;StudentAttendanceSystem;state;1257;21;37;8;43;100;0,22;0,28;0;0,05;92,83;92,83;0,63;0,55
7;StudentAttendanceSystem;transition;1257;21;37;12;36;100;0,19;0,46;0;0,09;92,83;93,83;0,83;0,74
7;StudentAttendanceSystem;pair;1257;21;37;30;171;100;0,27;0,13;0,62;0,22;93,83;94,83;1,71;1,24
7;StudentAttendanceSystem;state;1258;20;34;8;40;100;0,19;0,24;0;0,05;94,83;94,83;0,55;0,47
7;StudentAttendanceSystem;transition;1258;20;34;12;33;100;0,26;0,52;0;0,09;95,83;95,83;0,99;0,87
7;StudentAttendanceSystem;pair;1258;20;34;26;139;100;0,2;0,1;0,74;0,12;96,83;96,83;1,55;1,16
7;StudentAttendanceSystem;state;1259;18;31;7;36;100;0,21;0,21;0;0,04;96,83;96,83;0,52;0,45
7;StudentAttendanceSystem;transition;1259;18;31;11;30;100;0,16;0,38;0;0,06;97,83;97,83;0,7;0,6
7;StudentAttendanceSystem;pair;1259;18;31;26;134;100;0,22;0,11;0,57;0,13;98,83;98,83;1,38;1,02
7;StudentAttendanceSystem;state;1260;20;33;7;36;100;0,2;0,22;0;0,04;98,83;98,83;0,53;0,45
7;StudentAttendanceSystem;transition;1260;20;33;13;32;100;0,22;0,45;0;0,07;99,83;99,83;0,84;0,74
7;StudentAttendanceSystem;pair;1260;20;33;27;129;100;0,17;0,08;0,51;0,15;100,83;100,83;1,24;0,92
7;StudentAttendanceSystem;state;1261;17;27;6;31;100;0,15;0,19;0;0,03;100,83;100,83;0,43;0,37
7;StudentAttendanceSystem;transition;1261;17;27;9;27;100;0,15;0,32;0;0,06;101,83;101,83;0,64;0,53
7;StudentAttendanceSystem;pair;1261;17;27;25;116;100;0,16;0,1;0,5;0,1;102,83;102,83;1,16;0,86
7;StudentAttendanceSystem;state;1262;27;54;12;65;100;0,34;0,35;0;0,1;102,83;102,83;0,89;0,79
7;StudentAttendanceSystem;transition;1262;27;54;19;53;100;0,4;0,85;0;0,17;103,83;103,83;1,58;1,42
7;StudentAttendanceSystem;pair;1262;27;54;49;283;100;0,32;0,18;1,3;0,27;105,83;105,83;2,65;2,07
7;StudentAttendanceSystem;state;1263;21;39;8;43;100;0,31;0,26;0;0,07;106,83;106,83;0,73;0,64
7;StudentAttendanceSystem;transition;1263;21;39;13;39;100;0,23;0,64;0;0,12;106,83;106,83;1,15;0,99
7;StudentAttendanceSystem;pair;1263;21;39;38;210;100;0,35;0,18;1,08;0,23;107,83;108,83;2,56;1,84
7;StudentAttendanceSystem;state;1264;30;60;13;73;100;0,38;0,47;0;0,09;108,83;108,83;1,04;0,95
7;StudentAttendanceSystem;transition;1264;30;60;20;59;100;0,4;0,75;0;0,14;109,83;109,83;1,43;1,29
7;StudentAttendanceSystem;pair;1264;30;60;52;300;100;0,27;0,2;1,73;0,48;111,83;111,83;3,35;2,68
7;StudentAttendanceSystem;state;1265;17;25;6;31;100;0,27;0,31;0;0,05;111,83;112,83;0,75;0,64
7;StudentAttendanceSystem;transition;1265;17;25;8;24;100;0,15;0,43;0;0,05;112,83;112,83;0,74;0,64
7;StudentAttendanceSystem;pair;1265;17;25;17;81;100;0,17;0,06;0,28;0,07;113,83;113,83;0,85;0,58
7;StudentAttendanceSystem;state;1266;27;54;12;65;100;0,3;0,29;0;0,09;113,83;113,83;0,76;0,68
7;StudentAttendanceSystem;transition;1266;27;54;19;53;100;0,27;0,7;0;0,12;114,83;114,83;1,2;1,09
7;StudentAttendanceSystem;pair;1266;27;54;49;283;100;0,25;0,21;1,2;0,25;116,83;116,83;2,41;1,91
7;StudentAttendanceSystem;state;1267;19;32;7;37;100;0,18;0,21;0;0,08;116,83;117,83;0,55;0,47
7;StudentAttendanceSystem;transition;1267;19;32;11;31;100;0,19;0,39;0;0,07;117,83;117,83;0,74;0,65
7;StudentAttendanceSystem;pair;1267;19;32;27;145;100;0,18;0,11;0,56;0,13;118,83;118,83;1,42;0,99
7;StudentAttendanceSystem;state;1268;22;41;8;42;100;0,27;0,33;0;0,05;119,83;119,83;0,79;0,65
7;StudentAttendanceSystem;transition;1268;22;41;14;40;100;0,3;0,62;0;0,09;119,83;119,83;1,14;1
7;StudentAttendanceSystem;pair;1268;22;41;42;226;100;0,26;0,14;1,03;0,19;120,83;121,83;2,03;1,62
7;StudentAttendanceSystem;state;1269;18;31;7;36;100;0,22;0,27;0;0,09;121,83;121,83;0,7;0,58
7;StudentAttendanceSystem;transition;1269;18;31;11;30;100;0,19;0,45;0;0,09;122,83;122,83;0,83;0,73
7;StudentAttendanceSystem;pair;1269;18;31;26;134;100;0,16;0,11;0,49;0,11;123,83;123,83;1,27;0,88
7;StudentAttendanceSystem;state;1270;20;38;8;41;100;0,22;0,24;0;0,04;123,83;123,83;0,57;0,5
7;StudentAttendanceSystem;transition;1270;20;38;14;38;100;0,19;0,5;0;0,1;124,83;124,83;0,9;0,79
7;StudentAttendanceSystem;pair;1270;20;38;35;189;100;0,22;0,1;0,73;0,15;125,83;125,83;1,62;1,21
7;StudentAttendanceSystem;state;1271;19;33;8;44;100;0,25;0,3;0;0,06;126,83;126,83;0,72;0,61
7;StudentAttendanceSystem;transition;1271;19;33;10;33;100;0,24;0,61;0;0,1;126,83;126,83;1,08;0,95
7;StudentAttendanceSystem;pair;1271;19;33;26;140;100;0,25;0,14;0,74;0,2;127,83;127,83;1,82;1,32
7;StudentAttendanceSystem;state;1272;22;40;9;44;100;0,29;0,37;0;0,07;128,83;128,83;0,83;0,72
7;StudentAttendanceSystem;transition;1272;22;40;16;39;100;0,29;0,71;0;0,16;128,83;129,83;1,3;1,16
7;StudentAttendanceSystem;pair;1272;22;40;33;172;100;0,3;0,15;0,96;0,23;130,83;130,83;2,14;1,64
7;StudentAttendanceSystem;state;1273;27;55;12;63;100;0,24;0,29;0;0,08;130,83;130,83;0,67;0,6
7;StudentAttendanceSystem;transition;1273;27;55;20;54;100;0,24;0,62;0;0,11;131,83;131,83;1,07;0,97
7;StudentAttendanceSystem;pair;1273;27;55;51;285;100;0,36;0,17;1,44;0,28;133,83;133,83;2,75;2,25
7;StudentAttendanceSystem;state;1274;30;59;13;73;100;0,34;0,41;0;0,08;134,83;134,83;0,94;0,84
7;StudentAttendanceSystem;transition;1274;30;59;18;58;100;0,31;0,84;0;0,14;135,83;135,83;1,45;1,29
7;StudentAttendanceSystem;pair;1274;30;59;51;302;100;0,24;0,26;2,01;0,81;136,83;137,83;4;3,31
7;StudentAttendanceSystem;state;1275;32;66;15;81;100;0,41;0,58;0;0,15;137,83;137,83;1,29;1,15
7;StudentAttendanceSystem;transition;1275;32;66;23;65;100;0,32;0,95;0;0,15;138,83;138,83;1,56;1,42
7;StudentAttendanceSystem;pair;1275;32;66;63;357;100;0,31;0,27;2,09;0,47;140,83;141,83;3,89;3,13
7;StudentAttendanceSystem;state;1276;29;58;12;68;100;0,31;0,39;0;0,07;141,83;141,83;0,87;0,78
7;StudentAttendanceSystem;transition;1276;29;58;19;57;100;0,34;1,09;0;0,21;142,83;142,83;1,83;1,64
7;StudentAttendanceSystem;pair;1276;29;58;49;287;100;0,34;0,29;1,83;0,5;144,83;144,83;3,69;2,95
7;StudentAttendanceSystem;state;1277;23;48;10;55;100;0,32;0,43;0;0,11;144,83;145,83;0,97;0,85
7;StudentAttendanceSystem;transition;1277;23;48;15;48;100;0,33;0,78;0;0,15;145,83;145,83;1,41;1,25
7;StudentAttendanceSystem;pair;1277;23;48;42;246;100;0,35;0,22;1,49;0,34;146,83;147,83;3,12;2,4
7;StudentAttendanceSystem;state;1278;30;60;13;70;100;0,44;0,55;0;0,12;147,83;147,83;1,24;1,11
7;StudentAttendanceSystem;transition;1278;30;60;22;59;100;0,39;1,06;0;0,14;148,83;148,83;1,73;1,59
7;StudentAttendanceSystem;pair;1278;30;60;54;302;100;0,37;0,31;2,45;0,44;150,83;150,83;4,29;3,58
7;StudentAttendanceSystem;state;1279;18;27;7;37;100;0,29;0,28;0;0,08;151,83;151,83;0,79;0,64
7;StudentAttendanceSystem;transition;1279;18;27;8;26;100;0,23;0,46;0;0,07;151,83;151,83;0,93;0,76
7;StudentAttendanceSystem;pair;1279;18;27;21;103;100;0,26;0,1;0,48;0,16;152,83;152,83;1,4;0,99
7;StudentAttendanceSystem;state;1280;25;46;10;55;100;0,32;0,44;0;0,1;153,83;153,83;0,99;0,86
7;StudentAttendanceSystem;transition;1280;25;46;17;45;100;0,29;0,86;0;8,29;153,83;154,86;9,67;9,44
7;StudentAttendanceSystem;pair;1280;25;46;41;213;100;0,37;0,17;0,85;0,18;6,86;6,86;2,18;1,57
7;StudentAttendanceSystem;state;1281;22;41;9;47;100;0,4;0,42;0;0,09;6,86;7,86;1,06;0,92
7;StudentAttendanceSystem;transition;1281;22;41;14;41;100;0,27;0,67;0;0,12;7,86;7,86;1,18;1,06
7;StudentAttendanceSystem;pair;1281;22;41;41;223;100;0,27;0,2;1,2;0,3;8,86;9,86;2,52;1,97
7;StudentAttendanceSystem;state;1282;23;44;9;49;100;0,34;0,36;0;0,08;9,86;9,86;0,88;0,78
7;StudentAttendanceSystem;transition;1282;23;44;15;43;100;0,29;0,79;0;0,13;10,86;10,86;1,37;1,21
7;StudentAttendanceSystem;pair;1282;23;44;39;215;100;0,31;0,18;1,21;0,18;11,86;11,86;2,4;1,88
7;StudentAttendanceSystem;state;1283;27;52;11;61;100;0,33;0,33;0;0,07;12,86;12,86;0,83;0,72
7;StudentAttendanceSystem;transition;1283;27;52;19;51;100;0,25;0,68;0;0,12;13,86;13,86;1,19;1,05
7;StudentAttendanceSystem;pair;1283;27;52;48;260;100;0,26;0,18;1,3;0,34;14,86;14,86;2,66;2,08
7;StudentAttendanceSystem;state;1284;27;56;12;67;100;0,38;0,42;0;0,13;15,86;15,86;1,05;0,93
7;StudentAttendanceSystem;transition;1284;27;56;19;56;100;0,27;0,9;0;0,13;16,86;16,86;1,43;1,3
7;StudentAttendanceSystem;pair;1284;27;56;51;291;100;0,34;0,23;1,55;0,34;17,86;18,86;3,12;2,46
7;StudentAttendanceSystem;state;1285;29;61;14;75;100;0,31;0,37;0;0,11;18,86;18,86;0,87;0,79
7;StudentAttendanceSystem;transition;1285;29;61;21;61;100;0,37;0,71;0;0,14;19,86;19,86;1,34;1,21
7;StudentAttendanceSystem;pair;1285;29;61;59;333;100;0,27;0,22;1,93;0,37;21,86;21,86;3,45;2,78
7;StudentAttendanceSystem;state;1286;22;45;9;49;100;0,24;0,26;0;0,05;22,86;22,86;0,63;0,55
7;StudentAttendanceSystem;transition;1286;22;45;15;45;100;0,25;0,76;0;0,13;23,86;23,86;1,28;1,13
7;StudentAttendanceSystem;pair;1286;22;45;42;238;100;0,54;0,17;1,02;0,24;24,86;24,86;2,5;1,97
7;StudentAttendanceSystem;state;1287;28;58;13;70;100;0,26;0,33;0;0,09;25,86;25,86;0,76;0,68
7;StudentAttendanceSystem;transition;1287;28;58;20;58;100;0,25;1,07;0;0,12;26,86;26,86;1,62;1,44
7;StudentAttendanceSystem;pair;1287;28;58;50;286;100;0,28;0,19;1,63;0,29;27,86;28,86;3,01;2,38
7;StudentAttendanceSystem;state;1288;22;40;9;48;100;0,21;0,27;0;0,05;28,86;28,86;0,62;0,53
7;StudentAttendanceSystem;transition;1288;22;40;14;39;100;0,2;0,56;0;0,12;29,86;29,86;1,01;0,88
7;StudentAttendanceSystem;pair;1288;22;40;35;181;100;0,25;0,13;0,91;0,23;30,86;30,86;2,05;1,51
7;StudentAttendanceSystem;state;1289;29;60;14;75;100;0,41;0,52;0;0,14;31,86;31,86;1,22;1,06
7;StudentAttendanceSystem;transition;1289;29;60;20;60;100;0,4;0,73;0;0,2;32,86;32,86;1,52;1,33
7;StudentAttendanceSystem;pair;1289;29;60;56;318;100;0,36;0,3;1,85;0,38;33,86;34,86;3,66;2,88
7;StudentAttendanceSystem;state;1290;29;58;12;68;100;0,36;0,46;0;0,11;34,86;34,86;1,04;0,92
7;StudentAttendanceSystem;transition;1290;29;58;19;57;100;0,35;1,11;0;0,23;35,86;35,86;1,86;1,69
7;StudentAttendanceSystem;pair;1290;29;58;48;286;100;0,51;0,31;1,96;0,46;37,86;37,86;4,1;3,25
7;StudentAttendanceSystem;state;1291;26;53;11;62;100;0,25;0,33;0;0,07;38,86;38,86;0,74;0,66
7;StudentAttendanceSystem;transition;1291;26;53;17;53;100;0,39;0,64;0;0,11;38,86;39,86;1,29;1,15
7;StudentAttendanceSystem;pair;1291;26;53;45;263;100;0,28;0,19;1,53;0,36;40,86;40,86;2,95;2,36
7;StudentAttendanceSystem;state;1292;20;39;8;43;100;0,21;0,24;0;0,04;41,86;41,86;0,56;0,49
7;StudentAttendanceSystem;transition;1292;20;39;13;39;100;0,19;0,48;0;0,12;41,86;41,86;0,9;0,79
7;StudentAttendanceSystem;pair;1292;20;39;37;215;100;0,27;0,15;0,92;0,2;42,86;43,86;2,05;1,54
7;StudentAttendanceSystem;state;1293;24;49;10;51;100;0,27;0,37;0;0,06;43,86;43,86;0,81;0,7
7;StudentAttendanceSystem;transition;1293;24;49;19;49;100;0,28;0,74;0;0,13;44,86;44,86;1,36;1,15
7;StudentAttendanceSystem;pair;1293;24;49;47;259;100;0,28;0,16;1,18;0,27;45,86;46,86;2,51;1,89
7;StudentAttendanceSystem;state;1294;20;35;8;40;100;0,21;0,29;0;0,05;46,86;46,86;0,66;0,56
7;StudentAttendanceSystem;transition;1294;20;35;13;34;100;0,26;0,51;0;0,08;47,86;47,86;0,96;0,85
7;StudentAttendanceSystem;pair;1294;20;35;30;157;100;0,2;0,1;0,6;0,13;48,86;48,86;1,41;1,03
7;StudentAttendanceSystem;state;1295;22;38;9;50;100;0,2;0,23;0;0,05;48,86;48,86;0,54;0,47
7;StudentAttendanceSystem;transition;1295;22;38;12;37;100;0,27;0,49;0;0,1;49,86;49,86;0,99;0,85
7;StudentAttendanceSystem;pair;1295;22;38;29;161;100;0,23;0,11;0,61;0,16;50,86;50,86;1,51;1,1
7;StudentAttendanceSystem;state;1296;21;40;9;50;100;0,26;0,33;0;0,06;51,86;51,86;0,75;0,65
7;StudentAttendanceSystem;transition;1296;21;40;13;40;100;0,24;0,49;0;0,12;51,86;52,86;0,96;0,84
7;StudentAttendanceSystem;pair;1296;21;40;36;202;100;0,32;0,13;0,8;0,18;53,86;53,86;1,83;1,42
7;StudentAttendanceSystem;state;1297;18;31;7;35;100;0,2;0,27;0;0,05;53,86;53,86;0,61;0,52
7;StudentAttendanceSystem;transition;1297;18;31;11;30;100;0,25;0,47;0;0,13;54,86;54,86;0,99;0,85
7;StudentAttendanceSystem;pair;1297;18;31;25;128;100;0,23;0,08;0,55;0,15;55,86;55,86;1,39;1,01
7;StudentAttendanceSystem;state;1298;21;39;8;42;100;0,3;0,36;0;0,07;55,86;55,86;0,83;0,73
7;StudentAttendanceSystem;transition;1298;21;39;14;39;100;0,27;0,62;0;0,12;56,86;56,86;1,15;1,01
7;StudentAttendanceSystem;pair;1298;21;39;34;184;100;0,27;0,17;1,14;0,24;57,86;57,86;2,34;1,82
7;StudentAttendanceSystem;state;1299;23;45;10;56;100;0,34;0,4;0;0,09;58,86;58,86;0,94;0,83
7;StudentAttendanceSystem;transition;1299;23;45;14;45;100;0,32;0,6;0;0,16;58,86;58,86;1,24;1,08
7;StudentAttendanceSystem;pair;1299;23;45;40;234;100;0,34;0,14;1,02;0,22;60,86;60,86;2,29;1,71
7;StudentAttendanceSystem;state;1300;16;27;6;30;100;0,21;0,2;0;0,04;60,86;60,86;0,55;0,46
7;StudentAttendanceSystem;transition;1300;16;27;9;27;100;0,22;0,39;0;0,05;61,86;61,86;0,78;0,66
7;StudentAttendanceSystem;pair;1300;16;27;22;112;100;0,22;0,1;0,73;0,13;62,86;62,86;1,59;1,17
7;StudentAttendanceSystem;state;1301;21;36;8;43;100;0,23;0,34;0;0,05;62,86;62,86;0,76;0,63
7;StudentAttendanceSystem;transition;1301;21;36;13;35;100;0,25;0,54;0;0,11;63,86;63,86;1,06;0,9
7;StudentAttendanceSystem;pair;1301;21;36;28;152;100;0,22;0,14;0,74;0,16;64,86;64,86;1,69;1,27
7;StudentAttendanceSystem;state;1302;19;36;8;40;100;0,21;0,24;0;0,04;64,86;65,86;0,59;0,49
7;StudentAttendanceSystem;transition;1302;19;36;13;36;100;0,18;0,55;0;0,08;65,86;65,86;0,91;0,81
7;StudentAttendanceSystem;pair;1302;19;36;33;180;100;0,24;0,13;0,74;0,24;66,86;66,86;1,83;1,34
7;StudentAttendanceSystem;state;1303;26;50;10;54;100;0,33;0,33;0;0,08;67,86;67,86;0,84;0,73
7;StudentAttendanceSystem;transition;1303;26;50;18;49;100;0,24;0,71;0;0,11;68,86;68,86;1,18;1,07
7;StudentAttendanceSystem;pair;1303;26;50;46;262;100;0,23;0,16;1,32;0,22;69,86;69,86;2,43;1,93
7;StudentAttendanceSystem;state;1304;18;30;7;35;100;0,17;0,17;0;0,07;70,86;70,86;0,49;0,41
7;StudentAttendanceSystem;transition;1304;18;30;11;30;100;0,16;0,33;0;0,07;70,86;70,86;0,66;0,56
7;StudentAttendanceSystem;pair;1304;18;30;30;140;100;0,24;0,14;0,71;0,18;71,86;71,86;1,72;1,27
7;StudentAttendanceSystem;state;1305;28;58;13;72;100;0,37;0,57;0;0,13;72,86;72,86;1,22;1,06
7;StudentAttendanceSystem;transition;1305;28;58;19;58;100;0,37;0,98;0;0,19;73,86;73,86;1,71;1,54
7;StudentAttendanceSystem;pair;1305;28;58;57;323;100;0,37;0,2;1,77;0,43;74,86;75,86;3,52;2,77
7;StudentAttendanceSystem;state;1306;19;34;8;42;100;0,19;0,21;0;0,06;75,86;75,86;0,56;0,46
7;StudentAttendanceSystem;transition;1306;19;34;11;34;100;0,3;0,64;0;0,1;76,86;76,86;1,19;1,04
7;StudentAttendanceSystem;pair;1306;19;34;29;150;100;0,28;0,15;0,74;0,19;77,86;77,86;1,83;1,37
7;StudentAttendanceSystem;state;1307;24;46;10;55;100;0,34;0,39;0;0,08;78,86;78,86;0,91;0,81
7;StudentAttendanceSystem;transition;1307;24;46;16;46;100;0,32;0,83;0;0,15;78,86;78,86;1,45;1,3
7;StudentAttendanceSystem;pair;1307;24;46;41;221;100;0,36;0,21;1,32;0,3;80,86;80,86;2,82;2,19
7;StudentAttendanceSystem;state;1308;27;54;11;57;100;0,4;0,43;0;0,12;80,86;81,86;1,09;0,95
7;StudentAttendanceSystem;transition;1308;27;54;21;53;100;0,35;1,05;0;0,21;81,86;81,86;1,78;1,6
7;StudentAttendanceSystem;pair;1308;27;54;51;283;100;0,39;0,25;1,74;0,41;83,86;83,86;3,55;2,8
7;StudentAttendanceSystem;state;1309;25;50;10;55;100;0,36;0,46;0;0,1;84,86;84,86;1,07;0,92
7;StudentAttendanceSystem;transition;1309;25;50;17;49;100;0,35;0,84;0;0,17;84,86;85,86;1,52;1,36
7;StudentAttendanceSystem;pair;1309;25;50;46;262;100;0,35;0,23;1,63;0,32;86,86;86,86;3,19;2,53
7;StudentAttendanceSystem;state;1310;18;33;7;37;100;0,27;0,3;0;0,06;87,86;87,86;0,76;0,63
7;StudentAttendanceSystem;transition;1310;18;33;11;33;100;0,23;0,61;0;0,18;87,86;87,86;1,19;1,02
7;StudentAttendanceSystem;pair;1310;18;33;30;168;100;0,28;0,12;0,81;0,23;88,86;88,86;1,94;1,43
7;StudentAttendanceSystem;state;1311;24;45;10;54;100;0,22;0,31;0;0,09;89,86;89,86;0,73;0,62
7;StudentAttendanceSystem;transition;1311;24;45;15;44;100;0,3;0,77;0;0,18;90,86;90,86;1,4;1,25
7;StudentAttendanceSystem;pair;1311;24;45;38;212;100;0,35;0,19;1,22;0,34;91,86;91,86;2,7;2,1
7;StudentAttendanceSystem;state;1312;17;29;6;30;100;0,16;0,23;0;0,05;92,86;92,86;0,54;0,44
7;StudentAttendanceSystem;transition;1312;17;29;9;29;100;0,18;0,37;0;0,05;92,86;92,86;0,7;0,6
7;StudentAttendanceSystem;pair;1312;17;29;27;141;100;0,18;0,11;0,67;0,14;93,86;93,86;1,55;1,11
7;StudentAttendanceSystem;state;1313;29;58;12;67;100;0,39;0,38;0;0,08;94,86;94,86;0,94;0,85
7;StudentAttendanceSystem;transition;1313;29;58;20;57;100;0,28;0,81;0;0,14;95,86;95,86;1,38;1,24
7;StudentAttendanceSystem;pair;1313;29;58;58;326;100;0,41;0,3;1,85;0,28;96,86;97,86;3,56;2,85
7;StudentAttendanceSystem;state;1314;26;53;11;61;100;0,25;0,28;0;0,06;97,86;97,86;0,65;0,58
7;StudentAttendanceSystem;transition;1314;26;53;17;52;100;0,31;0,6;0;0,13;98,86;98,86;1,19;1,03
7;StudentAttendanceSystem;pair;1314;26;53;46;270;100;0,29;0,19;1,27;0,25;99,86;100,86;2,49;2
7;StudentAttendanceSystem;state;1315;23;42;10;54;100;0,21;0,24;0;0,07;100,86;100,86;0,59;0,51
7;StudentAttendanceSystem;transition;1315;23;42;14;42;100;0,24;0,47;0;0,08;101,86;101,86;0,88;0,78
7;StudentAttendanceSystem;pair;1315;23;42;40;206;100;0,2;0,12;0,79;0,16;102,86;103,86;1,72;1,27
7;StudentAttendanceSystem;state;1316;24;45;10;52;100;0,2;0,28;0;0,05;103,86;103,86;0,6;0,53
7;StudentAttendanceSystem;transition;1316;24;45;17;44;100;0,19;0,57;0;0,13;104,86;104,86;1;0,88
7;StudentAttendanceSystem;pair;1316;24;45;38;212;100;0,31;0,14;1,05;0,3;105,86;105,86;2,37;1,81
7;StudentAttendanceSystem;state;1317;20;38;9;46;100;0,32;0,33;0;0,07;106,86;106,86;0,82;0,72
7;StudentAttendanceSystem;transition;1317;20;38;13;38;100;0,2;0,47;0;0,07;106,86;106,86;0,88;0,74
7;StudentAttendanceSystem;pair;1317;20;38;36;186;100;0,21;0,11;0,73;0,23;107,86;108,86;1,73;1,27
7;StudentAttendanceSystem;state;1318;23;42;10;52;100;0,33;0,38;0;0,09;108,86;108,86;0,89;0,79
7;StudentAttendanceSystem;transition;1318;23;42;15;42;100;0,26;0,69;0;0,17;109,86;109,86;1,26;1,12
7;StudentAttendanceSystem;pair;1318;23;42;32;169;100;0,29;0,18;0,97;0,22;110,86;110,86;2,23;1,66
7;StudentAttendanceSystem;state;1319;23;46;10;51;100;0,24;0,28;0;0,06;111,86;111,86;0,69;0,58
7;StudentAttendanceSystem;transition;1319;23;46;16;46;100;0,24;0,51;0;0,11;111,86;111,86;0,97;0,86
7;StudentAttendanceSystem;pair;1319;23;46;46;246;100;0,21;0,16;1,17;0,2;113,86;113,86;2,18;1,74
7;StudentAttendanceSystem;state;1320;16;28;6;30;100;0,16;0,23;0;0,05;113,86;113,86;0,53;0,44
7;StudentAttendanceSystem;transition;1320;16;28;10;28;100;0,21;0,45;0;0,08;114,86;114,86;0,86;0,74
7;StudentAttendanceSystem;pair;1320;16;28;25;123;100;0,22;0,11;0,62;0,15;115,86;115,86;1,54;1,11
7;StudentAttendanceSystem;state;1321;24;46;11;57;100;0,31;0,4;0;0,1;115,86;115,86;0,91;0,81
7;StudentAttendanceSystem;transition;1321;24;46;17;46;100;0,3;0,77;0;0,13;116,86;116,86;1,35;1,2
7;StudentAttendanceSystem;pair;1321;24;46;45;231;100;0,3;0,19;1,36;0,31;117,86;118,86;2,81;2,16
7;StudentAttendanceSystem;state;1322;28;55;11;62;100;0,42;0,49;0;0,09;118,86;118,86;1,15;1
7;StudentAttendanceSystem;transition;1322;28;55;19;54;100;0,32;0,93;0;0,18;119,86;119,86;1,58;1,42
7;StudentAttendanceSystem;pair;1322;28;55;49;279;100;0,32;0,25;1,58;0,27;120,86;121,86;3,02;2,41
7;StudentAttendanceSystem;state;1323;26;54;11;62;100;0,24;0,28;0;0,06;121,86;122,86;0,66;0,59
7;StudentAttendanceSystem;transition;1323;26;54;18;54;100;0,25;0,65;0;0,11;122,86;122,86;1,12;1,01
7;StudentAttendanceSystem;pair;1323;26;54;48;278;100;0,24;0,17;1,13;0,23;124,86;124,86;2,55;1,77
7;StudentAttendanceSystem;state;1324;20;35;9;50;100;0,19;0,27;0;0,05;125,86;125,86;0,61;0,51
7;StudentAttendanceSystem;transition;1324;20;35;10;35;100;0,24;0,49;0;0,06;125,86;125,86;0,91;0,79
7;StudentAttendanceSystem;pair;1324;20;35;29;159;100;0,22;0,1;0,66;0,13;126,86;126,86;1,46;1,11
7;StudentAttendanceSystem;state;1325;31;63;14;76;100;0,42;0,55;0;0,14;127,86;127,86;1,23;1,11
7;StudentAttendanceSystem;transition;1325;31;63;21;62;100;0,36;1,06;0;0,24;128,86;128,86;1,86;1,67
7;StudentAttendanceSystem;pair;1325;31;63;56;323;100;0,36;0,36;2,31;0,47;130,86;130,86;4,3;3,5
7;StudentAttendanceSystem;state;1326;22;42;9;48;100;0,32;0,38;0;0,06;130,86;131,86;0,88;0,75
7;StudentAttendanceSystem;transition;1326;22;42;13;42;100;0,19;0,55;0;0,1;131,86;131,86;0,96;0,84
7;StudentAttendanceSystem;pair;1326;22;42;41;225;100;0,23;0,18;0,95;0,19;132,86;133,86;1,98;1,55
7;StudentAttendanceSystem;state;1327;20;32;7;36;100;0,18;0,19;0;0,03;133,86;133,86;0,47;0,41
7;StudentAttendanceSystem;transition;1327;20;32;12;31;100;0,15;0,52;0;0,1;134,86;134,86;0,9;0,78
7;StudentAttendanceSystem;pair;1327;20;32;24;118;100;0,27;0,14;0,65;0,15;134,86;135,86;1,67;1,2
7;StudentAttendanceSystem;state;1328;26;54;11;62;100;0,36;0,4;0;0,08;135,86;135,86;0,95;0,85
7;StudentAttendanceSystem;transition;1328;26;54;18;54;100;0,27;1;0;0,23;136,86;136,86;1,68;1,5
7;StudentAttendanceSystem;pair;1328;26;54;48;278;100;0,38;0,2;1,24;0,29;137,86;138,86;2,8;2,1
7;StudentAttendanceSystem;state;1329;23;46;9;48;100;0,3;0,4;0;0,07;138,86;138,86;0,9;0,78
7;StudentAttendanceSystem;transition;1329;23;46;17;46;100;0,32;0,84;0;0,17;139,86;139,86;1,46;1,33
7;StudentAttendanceSystem;pair;1329;23;46;45;249;100;0,33;0,21;1,5;0,2;140,86;141,86;2,85;2,24
7;StudentAttendanceSystem;state;1330;23;40;9;47;100;0,28;0,22;0;0,06;141,86;141,86;0,64;0,57
7;StudentAttendanceSystem;transition;1330;23;40;14;39;100;0,18;0,53;0;0,1;142,86;142,86;0,94;0,81
7;StudentAttendanceSystem;pair;1330;23;40;38;200;100;0,3;0,2;0,84;0,16;143,86;143,86;1,94;1,5
7;StudentAttendanceSystem;state;1331;21;39;8;43;100;0,21;0,21;0;0,04;144,86;144,86;0,54;0,47
7;StudentAttendanceSystem;transition;1331;21;39;13;38;100;0,17;0,48;0;0,08;144,86;144,86;0,81;0,72
7;StudentAttendanceSystem;pair;1331;21;39;39;213;100;0,18;0,14;0,88;0,26;145,86;146,86;1,84;1,46
7;StudentAttendanceSystem;state;1332;29;56;12;67;100;0,29;0,3;0;0,06;146,86;146,86;0,73;0,66
7;StudentAttendanceSystem;transition;1332;29;56;19;55;100;0,28;0,73;0;0,12;147,86;147,86;1,27;1,14
7;StudentAttendanceSystem;pair;1332;29;56;49;281;100;0,26;0,27;1,46;0,25;149,86;149,86;2,84;2,23
7;StudentAttendanceSystem;state;1333;23;45;9;48;100;0,25;0,33;0;0,07;150,86;150,86;0,79;0,66
7;StudentAttendanceSystem;transition;1333;23;45;16;45;100;0,23;0,64;0;0,09;150,86;150,86;1,07;0,95
7;StudentAttendanceSystem;pair;1333;23;45;42;234;100;0,24;0,16;0,97;0,21;152,86;152,86;2;1,59
7;StudentAttendanceSystem;state;1334;23;42;9;48;100;0,25;0,31;0;0,1;152,86;152,86;0,76;0,66
7;StudentAttendanceSystem;transition;1334;23;42;14;41;100;0,21;0,46;0;0,15;153,86;153,86;0,94;0,82
7;StudentAttendanceSystem;pair;1334;23;42;41;213;100;0,2;0,15;1,07;0,22;154,88;6,88;6,72;1,64
7;StudentAttendanceSystem;state;1335;23;48;10;55;100;0,26;0,29;0;0,06;6,88;6,88;0,7;0,6
7;StudentAttendanceSystem;transition;1335;23;48;15;48;100;0,33;0,58;0;0,1;7,88;7,88;1,12;1
7;StudentAttendanceSystem;pair;1335;23;48;42;246;100;0,22;0,16;1,12;0,23;8,88;8,88;2,23;1,74
7;StudentAttendanceSystem;state;1336;29;57;12;68;100;0,29;0,42;0;0,08;9,88;9,88;0,9;0,79
7;StudentAttendanceSystem;transition;1336;29;57;18;56;100;0,26;0,77;0;0,17;10,88;10,88;1,37;1,2
7;StudentAttendanceSystem;pair;1336;29;57;46;276;100;0,29;0,29;1,53;0,29;11,88;12,88;2,93;2,4
7;StudentAttendanceSystem;state;1337;17;32;7;35;100;0,19;0,2;0;0,03;12,88;12,88;0,5;0,42
7;StudentAttendanceSystem;transition;1337;17;32;11;32;100;0,16;0,37;0;0,09;13,88;13,88;0,71;0,62
7;StudentAttendanceSystem;pair;1337;17;32;29;157;100;0,19;0,1;0,57;0,19;14,88;14,88;1,44;1,04
7;StudentAttendanceSystem;state;1338;23;43;10;50;100;0,28;0,34;0;0,06;14,88;14,88;0,81;0,68
7;StudentAttendanceSystem;transition;1338;23;43;15;43;100;0,23;0,5;0;0,1;15,88;15,88;0,95;0,82
7;StudentAttendanceSystem;pair;1338;23;43;38;211;100;0,26;0,14;0,89;0,22;16,88;16,88;2;1,51
7;StudentAttendanceSystem;state;1339;25;47;11;60;100;0,24;0,35;0;0,1;17,88;17,88;0,92;0,69
7;StudentAttendanceSystem;transition;1339;25;47;15;47;100;0,28;0,83;0;0,13;18,88;18,88;1,39;1,24
7;StudentAttendanceSystem;pair;1339;25;47;44;242;100;0,27;0,19;1,15;0,21;19,88;19,88;2,39;1,82
7;StudentAttendanceSystem;state;1340;25;49;9;49;100;0,28;0,33;0;0,06;20,88;20,88;0,75;0,66
7;StudentAttendanceSystem;transition;1340;25;49;18;48;100;0,25;0,66;0;0,17;21,88;21,88;1,2;1,08
7;StudentAttendanceSystem;pair;1340;25;49;46;260;100;0,27;0,17;1,33;0,28;22,88;22,88;2,54;2,05
7;StudentAttendanceSystem;state;1341;19;35;8;40;100;0,21;0,2;0;0,05;23,88;23,88;0,56;0,47
7;StudentAttendanceSystem;transition;1341;19;35;12;35;100;0,21;0,45;0;0,08;23,88;24,88;0,85;0,74
7;StudentAttendanceSystem;pair;1341;19;35;30;165;100;0,18;0,11;0,74;0,21;24,88;25,88;1,64;1,24
7;StudentAttendanceSystem;state;1342;25;48;10;54;100;0,27;0,32;0;0,06;25,88;25,88;0,74;0,66
7;StudentAttendanceSystem;transition;1342;25;48;16;47;100;0,27;0,68;0;0,1;26,88;26,88;1,16;1,05
7;StudentAttendanceSystem;pair;1342;25;48;48;260;100;0,23;0,18;1,17;0,22;27,88;28,88;2,24;1,8
7;StudentAttendanceSystem;state;1343;24;45;10;56;100;0,33;0,35;0;0,06;28,88;28,88;0,85;0,74
7;StudentAttendanceSystem;transition;1343;24;45;15;44;100;0,26;0,69;0;0,12;29,88;29,88;1,2;1,07
7;StudentAttendanceSystem;pair;1343;24;45;39;223;100;0,24;0,16;1,41;0,31;30,88;30,88;2,64;2,12
7;StudentAttendanceSystem;state;1344;27;53;11;57;100;0,36;0,41;0;0,09;31,88;31,88;0,98;0,86
7;StudentAttendanceSystem;transition;1344;27;53;20;52;100;0,25;0,86;0;0,12;32,88;32,88;1,37;1,23
7;StudentAttendanceSystem;pair;1344;27;53;48;272;100;0,26;0,17;1,51;0,31;33,88;34,88;2,88;2,25
7;StudentAttendanceSystem;state;1345;21;37;8;43;100;0,24;0,35;0;0,04;34,88;34,88;0,71;0,63
7;StudentAttendanceSystem;transition;1345;21;37;12;36;100;0,17;0,53;0;0,08;35,88;35,88;0,87;0,78
7;StudentAttendanceSystem;pair;1345;21;37;31;177;100;0,22;0,13;0,69;0,17;36,88;36,88;1,59;1,22
7;StudentAttendanceSystem;state;1346;24;43;9;50;100;0,24;0,28;0;0,07;36,88;37,88;0,69;0,6
7;StudentAttendanceSystem;transition;1346;24;43;15;42;100;0,21;0,61;0;0,12;37,88;37,88;1,06;0,94
7;StudentAttendanceSystem;pair;1346;24;43;35;189;100;0,26;0,15;0,83;0,2;38,88;39,88;1,9;1,45
7;StudentAttendanceSystem;state;1347;24;43;9;48;100;0,27;0,28;0;0,05;39,88;39,88;0,68;0,6
7;StudentAttendanceSystem;transition;1347;24;43;15;42;100;0,23;0,6;0;0,09;40,88;40,88;1,04;0,93
7;StudentAttendanceSystem;pair;1347;24;43;36;200;100;0,22;0,12;0,76;0,27;41,88;41,88;1,77;1,37
7;StudentAttendanceSystem;state;1348;28;54;12;64;100;0,38;0,45;0;0,11;42,88;42,88;1,06;0,94
7;StudentAttendanceSystem;transition;1348;28;54;20;53;100;0,39;0,91;0;0,19;43,88;43,88;1,72;1,5
7;StudentAttendanceSystem;pair;1348;28;54;46;254;100;0,33;0,27;1,66;0,32;44,88;44,88;3,24;2,58
7;StudentAttendanceSystem;state;1349;22;41;9;45;100;0,28;0,31;0;0,07;45,88;45,88;0,77;0,67
7;StudentAttendanceSystem;transition;1349;22;41;15;40;100;0,25;0,7;0;0,09;45,88;46,88;1,17;1,05
7;StudentAttendanceSystem;pair;1349;22;41;35;193;100;0,18;0,19;0,89;0,17;47,88;47,88;1,83;1,43
7;StudentAttendanceSystem;state;1350;24;43;9;50;100;0,23;0,25;0;0,05;47,88;47,88;0,61;0,54
7;StudentAttendanceSystem;transition;1350;24;43;15;42;100;0,24;0,53;0;0,1;48,88;48,88;0,98;0,87
7;StudentAttendanceSystem;pair;1350;24;43;36;189;100;0,26;0,13;0,81;0,24;49,88;49,88;1,92;1,44
7;StudentAttendanceSystem;state;1351;29;58;12;65;100;0,25;0,32;0;0,1;50,88;50,88;0,81;0,67
7;StudentAttendanceSystem;transition;1351;29;58;21;57;100;0,37;0,86;0;0,15;51,88;51,88;1,53;1,38
7;StudentAttendanceSystem;pair;1351;29;58;51;289;100;0,24;0,18;1,28;0,28;52,88;53,88;2,53;1,99
7;StudentAttendanceSystem;state;1352;26;53;11;61;100;0,26;0,29;0;0,11;53,88;54,88;0,74;0,66
7;StudentAttendanceSystem;transition;1352;26;53;19;53;100;0,23;0,63;0;0,11;54,88;54,88;1,06;0,97
7;StudentAttendanceSystem;pair;1352;26;53;51;283;100;0,24;0,17;1,22;0,31;56,88;56,88;2,45;1,94
7;StudentAttendanceSystem;state;1353;20;34;8;38;100;0,19;0,27;0;0,04;57,88;57,88;0,59;0,51
7;StudentAttendanceSystem;transition;1353;20;34;14;33;100;0,16;0,47;0;0,07;57,88;57,88;0,8;0,7
7;StudentAttendanceSystem;pair;1353;20;34;26;125;100;0,16;0,23;0,66;0,1;58,88;58,88;1,64;1,15
7;StudentAttendanceSystem;state;1354;23;39;9;47;100;0,24;0,28;0;0,07;59,88;59,88;0,67;0,59
7;StudentAttendanceSystem;transition;1354;23;39;13;38;100;0,18;0,45;0;0,08;59,88;59,88;0,8;0,71
7;StudentAttendanceSystem;pair;1354;23;39;34;180;100;0,2;0,1;0,68;0,17;60,88;61,88;1,5;1,15
7;StudentAttendanceSystem;state;1355;21;35;8;41;100;0,19;0,22;0;0,04;61,88;61,88;0,52;0,45
7;StudentAttendanceSystem;transition;1355;21;35;13;34;100;0,16;0,47;0;0,12;62,88;62,88;0,87;0,75
7;StudentAttendanceSystem;pair;1355;21;35;34;164;100;0,21;0,09;0,65;0,2;63,88;63,88;1,55;1,15
7;StudentAttendanceSystem;state;1356;21;39;8;43;100;0,28;0,25;0;0,04;63,88;63,88;0,65;0,57
7;StudentAttendanceSystem;transition;1356;21;39;13;39;100;0,24;0,51;0;0,09;64,88;64,88;1,02;0,83
7;StudentAttendanceSystem;pair;1356;21;39;38;210;100;0,23;0,12;0,81;0,21;65,88;65,88;1,77;1,37
7;StudentAttendanceSystem;state;1357;19;38;8;41;100;0,22;0,24;0;0,06;66,88;66,88;0,61;0,52
7;StudentAttendanceSystem;transition;1357;19;38;13;38;100;0,21;0,58;0;0,14;66,88;67,88;1,08;0,94
7;StudentAttendanceSystem;pair;1357;19;38;36;204;100;0,2;0,12;0,78;0,2;68,88;68,88;1,67;1,29
7;StudentAttendanceSystem;state;1358;21;39;8;42;100;0,21;0,3;0;0,04;68,88;68,88;0,63;0,56
7;StudentAttendanceSystem;transition;1358;21;39;14;39;100;0,24;0,49;0;0,11;69,88;69,88;0,96;0,84
7;StudentAttendanceSystem;pair;1358;21;39;35;191;100;0,28;0,17;0,81;0,18;70,88;70,88;1,91;1,43
7;StudentAttendanceSystem;state;1359;20;39;8;42;100;0,34;0,31;0;0,05;71,88;71,88;0,78;0,7
7;StudentAttendanceSystem;transition;1359;20;39;13;39;100;0,22;0,62;0;0,11;71,88;71,88;1,09;0,94
7;StudentAttendanceSystem;pair;1359;20;39;35;201;100;0,22;0,17;1,01;0,17;72,88;73,88;1,99;1,57
7;StudentAttendanceSystem;state;1360;18;33;7;33;100;0,21;0,19;0;0,04;73,88;73,88;0,54;0,44
7;StudentAttendanceSystem;transition;1360;18;33;12;33;100;0,24;0,57;0;0,09;74,88;74,88;1,02;0,9
7;StudentAttendanceSystem;pair;1360;18;33;32;160;100;0,19;0,11;0,69;0,13;75,88;75,88;1,55;1,13
7;StudentAttendanceSystem;state;1361;27;55;12;64;100;0,24;0,3;0;0,1;75,88;76,88;0,73;0,64
7;StudentAttendanceSystem;transition;1361;27;55;20;55;100;0,27;0,86;0;0,16;76,88;76,88;1,43;1,3
7;StudentAttendanceSystem;pair;1361;27;55;50;278;100;0,26;0,18;1,31;0,31;78,88;78,88;2,69;2,07
7;StudentAttendanceSystem;state;1362;20;35;9;50;100;0,26;0,28;0;0,07;79,88;79,88;0,69;0,6
7;StudentAttendanceSystem;transition;1362;20;35;10;35;100;0,19;0,74;0;0,08;79,88;79,88;1,17;1,01
7;StudentAttendanceSystem;pair;1362;20;35;30;162;100;0,22;0,1;0,6;0,22;80,88;80,88;1,59;1,14
7;StudentAttendanceSystem;state;1363;22;40;9;49;100;0,26;0,26;0;0,07;81,88;81,88;0,68;0,59
7;StudentAttendanceSystem;transition;1363;22;40;14;40;100;0,22;0,51;0;0,1;82,88;82,88;0,93;0,83
7;StudentAttendanceSystem;pair;1363;22;40;33;171;100;0,19;0,11;0,62;0,14;83,88;83,88;1,45;1,06
7;StudentAttendanceSystem;state;1364;28;54;12;64;100;0,26;0,39;0;0,07;83,88;83,88;0,82;0,72
7;StudentAttendanceSystem;transition;1364;28;54;20;53;100;0,28;0,75;0;0,14;84,88;84,88;1,3;1,16
7;StudentAttendanceSystem;pair;1364;28;54;47;259;100;0,35;0,2;1,47;0,25;86,88;86,88;2,86;2,26
7;StudentAttendanceSystem;state;1365;18;28;7;35;100;0,16;0,18;0;0,04;86,88;87,88;0,46;0,39
7;StudentAttendanceSystem;transition;1365;18;28;9;28;100;0,17;0,36;0;0,05;87,88;87,88;0,68;0,58
7;StudentAttendanceSystem;pair;1365;18;28;23;111;100;0,17;0,1;0,46;0,09;88,88;88,88;1,18;0,82
7;StudentAttendanceSystem;state;1366;24;46;10;55;100;0,22;0,29;0;0,08;88,88;88,88;0,68;0,59
7;StudentAttendanceSystem;transition;1366;24;46;16;46;100;0,21;0,53;0;0,09;89,88;89,88;0,93;0,83
7;StudentAttendanceSystem;pair;1366;24;46;41;221;100;0,22;0,19;0,91;0,21;90,88;91,88;2,13;1,53
7;StudentAttendanceSystem;state;1367;20;38;8;43;100;0,28;0,25;0;0,04;91,88;91,88;0,66;0,58
7;StudentAttendanceSystem;transition;1367;20;38;12;38;100;0,2;0,41;0;0,07;92,88;92,88;0,76;0,68
7;StudentAttendanceSystem;pair;1367;20;38;34;200;100;0,2;0,11;0,68;0,22;93,88;93,88;1,6;1,2
7;StudentAttendanceSystem;state;1368;24;48;10;51;100;0,26;0,32;0;0,06;94,88;94,88;0,73;0,64
7;StudentAttendanceSystem;transition;1368;24;48;17;48;100;0,22;0,69;0;0,1;94,88;94,88;1,13;1,01
7;StudentAttendanceSystem;pair;1368;24;48;48;269;100;0,31;0,21;1,74;0,43;96,88;96,88;3,27;2,7
7;StudentAttendanceSystem;state;1369;15;26;6;29;100;0,27;0,28;0;0,04;96,88;97,88;0,67;0,59
7;StudentAttendanceSystem;transition;1369;15;26;9;26;100;0,16;0,29;0;0,05;97,88;97,88;0,57;0,5
7;StudentAttendanceSystem;pair;1369;15;26;22;110;100;0,14;0,07;0,46;0,09;98,88;98,88;1,03;0,75
7;StudentAttendanceSystem;state;1370;27;53;12;65;100;0,35;0,47;0;0,1;98,88;99,88;1,03;0,92
7;StudentAttendanceSystem;transition;1370;27;53;18;52;100;0,24;0,65;0;0,12;99,88;99,88;1,11;1,01
7;StudentAttendanceSystem;pair;1370;27;53;46;268;100;0,26;0,17;1,3;0,3;101,88;101,88;2,52;2,03
7;StudentAttendanceSystem;state;1371;26;54;11;62;100;0,28;0,44;0;0,08;102,88;102,88;0,91;0,8
7;StudentAttendanceSystem;transition;1371;26;54;18;54;100;0,27;0,84;0;0,21;102,88;103,88;1,5;1,33
7;StudentAttendanceSystem;pair;1371;26;54;48;278;100;0,35;0,25;1,27;0,23;104,88;104,88;2,71;2,1
7;StudentAttendanceSystem;state;1372;27;50;11;61;100;0,31;0,3;0;0,07;105,88;105,88;0,77;0,68
7;StudentAttendanceSystem;transition;1372;27;50;17;49;100;0,22;0,6;0;0,11;106,88;106,88;1,03;0,93
7;StudentAttendanceSystem;pair;1372;27;50;42;234;100;0,23;0,15;1,06;0,23;107,88;107,88;2,19;1,68
7;StudentAttendanceSystem;state;1373;16;27;6;31;100;0,2;0,32;0;0,04;108,88;108,88;0,68;0,57
7;StudentAttendanceSystem;transition;1373;16;27;9;27;100;0,17;0,43;0;0,05;108,88;108,88;0,75;0,66
7;StudentAttendanceSystem;pair;1373;16;27;22;118;100;0,18;0,13;0,44;0,14;109,88;109,88;1,26;0,89
7;StudentAttendanceSystem;state;1374;25;47;11;59;100;0,36;0,31;0;0,1;110,88;110,88;0,88;0,77
7;StudentAttendanceSystem;transition;1374;25;47;16;46;100;0,28;0,71;0;0,15;110,88;111,88;1,27;1,13
7;StudentAttendanceSystem;pair;1374;25;47;39;221;100;0,28;0,18;1,16;0,31;112,88;112,88;2,57;1,93
7;StudentAttendanceSystem;state;1375;24;50;11;57;100;0,41;0,51;0;0,09;112,88;113,88;1,16;1,01
7;StudentAttendanceSystem;transition;1375;24;50;18;50;100;0,34;0,85;0;0,2;113,88;113,88;1,58;1,39
7;StudentAttendanceSystem;pair;1375;24;50;47;261;100;0,36;0,3;1,96;0,51;115,88;115,88;3,94;3,13
7;StudentAttendanceSystem;state;1376;24;47;11;62;100;0,37;0,42;0;0,12;116,88;116,88;1,07;0,91
7;StudentAttendanceSystem;transition;1376;24;47;14;47;100;0,44;0,83;0;0,16;116,88;116,88;1,61;1,42
7;StudentAttendanceSystem;pair;1376;24;47;44;256;100;0,37;0,26;1,76;0,34;118,88;118,88;3,45;2,74
7;StudentAttendanceSystem;state;1377;19;35;8;43;100;0,31;0,31;0;0,07;118,88;118,88;0,81;0,69
7;StudentAttendanceSystem;transition;1377;19;35;11;35;100;0,28;0,54;0;0,1;119,88;119,88;1,07;0,92
7;StudentAttendanceSystem;pair;1377;19;35;34;176;100;0,32;0,16;0,95;0,22;120,88;120,88;2,21;1,65
7;StudentAttendanceSystem;state;1378;20;34;7;37;100;0,26;0,33;0;0,06;121,88;121,88;0,76;0,64
7;StudentAttendanceSystem;transition;1378;20;34;11;33;100;0,27;0,59;0;0,1;121,88;121,88;1,1;0,95
7;StudentAttendanceSystem;pair;1378;20;34;31;163;100;0,26;0,13;0,85;0,2;122,88;122,88;1,96;1,44
7;StudentAttendanceSystem;state;1379;21;37;8;43;100;0,36;0,31;0;0,07;123,88;123,88;0,86;0,75
7;StudentAttendanceSystem;transition;1379;21;37;12;36;100;0,27;0,6;0;0,13;123,88;124,88;1,16;1,01
7;StudentAttendanceSystem;pair;1379;21;37;31;177;100;0,26;0,15;0,77;0,22;124,88;125,88;1,98;1,41
7;StudentAttendanceSystem;state;1380;30;59;13;73;100;0,39;0,46;0;0,12;125,88;125,88;1,1;0,98
7;StudentAttendanceSystem;transition;1380;30;59;19;58;100;0,39;1,01;0;0,19;126,88;126,88;1,78;1,6
7;StudentAttendanceSystem;pair;1380;30;59;48;284;100;0,38;0,31;1,87;0,41;128,88;128,88;3,75;2,97
7;StudentAttendanceSystem;state;1381;24;49;11;57;100;0,36;0,47;0;0,09;129,88;129,88;1,06;0,92
7;StudentAttendanceSystem;transition;1381;24;49;17;49;100;0,31;0,83;0;0,19;129,88;130,88;1,51;1,33
7;StudentAttendanceSystem;pair;1381;24;49;44;250;100;0,34;0,25;1,59;0,4;131,88;131,88;3,29;2,58
7;StudentAttendanceSystem;state;1382;24;46;10;54;100;0,37;0,44;0;0,11;132,88;132,88;1,04;0,91
7;StudentAttendanceSystem;transition;1382;24;46;16;45;100;0,3;0,78;0;0,14;132,88;132,88;1,39;1,23
7;StudentAttendanceSystem;pair;1382;24;46;42;228;100;0,39;0,17;1,25;0,29;134,88;134,88;2,71;2,1
7;StudentAttendanceSystem;state;1383;26;53;11;62;100;0,36;0,45;0;0,19;134,88;135,88;1,15;1
7;StudentAttendanceSystem;transition;1383;26;53;17;53;100;0,32;0,76;0;0,16;135,88;135,88;1,43;1,24
7;StudentAttendanceSystem;pair;1383;26;53;45;263;100;0,34;0,28;1,78;0,37;137,88;137,88;3,48;2,78
7;StudentAttendanceSystem;state;1384;29;59;14;75;100;0,4;0,58;0;0,12;138,88;138,88;1,23;1,1
7;StudentAttendanceSystem;transition;1384;29;59;19;59;100;0,36;0,99;0;0,19;138,88;139,88;1,74;1,54
7;StudentAttendanceSystem;pair;1384;29;59;53;307;100;0,36;0,29;2,18;0,48;140,88;141,88;4,22;3,32
7;StudentAttendanceSystem;state;1385;24;46;10;53;100;0,33;0,43;0;0,09;141,88;141,88;0,98;0,85
7;StudentAttendanceSystem;transition;1385;24;46;16;46;100;0,31;0,76;0;0,15;142,88;142,88;1,41;1,22
7;StudentAttendanceSystem;pair;1385;24;46;36;202;100;0,34;0,22;1,16;0,29;143,88;143,88;2,56;2,01
7;StudentAttendanceSystem;state;1386;21;41;8;42;100;0,3;0,42;0;0,07;144,88;144,88;0,91;0,79
7;StudentAttendanceSystem;transition;1386;21;41;13;41;100;0,29;0,67;0;0,11;144,88;144,88;1,22;1,07
7;StudentAttendanceSystem;pair;1386;21;41;42;238;100;0,3;0,16;1,32;0,31;146,88;146,88;2,73;2,09
7;StudentAttendanceSystem;state;1387;23;42;8;43;100;0,36;0,35;0;0,07;146,88;146,88;0,9;0,78
7;StudentAttendanceSystem;transition;1387;23;42;15;41;100;0,31;0,71;0;0,2;147,88;147,88;1,39;1,22
7;StudentAttendanceSystem;pair;1387;23;42;36;198;100;0,34;0,16;1,16;0,28;148,88;149,88;2,6;1,94
7;StudentAttendanceSystem;state;1388;18;32;7;35;100;0,27;0,28;0;0,06;149,88;149,88;0,72;0,6
7;StudentAttendanceSystem;transition;1388;18;32;12;32;100;0,25;0,54;0;0,16;149,88;150,88;1,12;0,95
7;StudentAttendanceSystem;pair;1388;18;32;27;139;100;0,31;0,12;0,7;0,21;150,88;151,88;1,82;1,35
7;StudentAttendanceSystem;state;1389;22;37;8;42;100;0,31;0,31;0;0,09;151,88;151,88;0,85;0,71
7;StudentAttendanceSystem;transition;1389;22;37;13;36;100;0,28;0,68;0;0,17;152,88;152,88;1,28;1,12
7;StudentAttendanceSystem;pair;1389;22;37;30;157;100;0,29;0,16;0,68;0,13;153,88;153,88;1,71;1,26
7;StudentAttendanceSystem;state;1390;23;42;10;52;100;0,23;0,3;0;0,06;153,88;153,88;0,66;0,58
7;StudentAttendanceSystem;transition;1390;23;42;14;41;100;2,19;0,85;0;0,2;5,87;5,87;3,47;3,25
7;StudentAttendanceSystem;pair;1390;23;42;35;199;100;0,47;0,25;1,05;0,31;6,87;6,87;2,89;2,07
7;StudentAttendanceSystem;state;1391;20;37;8;41;100;0,34;0,46;0;0,1;7,87;7,87;1,03;0,9
7;StudentAttendanceSystem;transition;1391;20;37;13;37;100;0,38;0,62;0;0,17;7,87;8,87;1,32;1,17
7;StudentAttendanceSystem;pair;1391;20;37;32;174;100;0,4;0,26;1,14;0,32;8,87;9,87;2,96;2,12
7;StudentAttendanceSystem;state;1392;27;54;12;66;100;0,56;0,75;0;0,16;9,87;9,87;1,65;1,46
7;StudentAttendanceSystem;transition;1392;27;54;17;53;100;0,63;1,38;0;0,26;10,87;10,87;2,51;2,27
7;StudentAttendanceSystem;pair;1392;27;54;46;272;100;0,56;0,41;2,44;0,65;12,87;12,87;5,24;4,06
7;StudentAttendanceSystem;state;1393;23;46;10;54;100;0,49;0,65;0;0,14;12,87;13,87;1,46;1,28
7;StudentAttendanceSystem;transition;1393;23;46;15;46;100;0,52;1,15;0;0,22;13,87;13,87;2,11;1,89
7;StudentAttendanceSystem;pair;1393;23;46;42;240;100;0,5;0,31;1,89;0,5;14,87;15,87;4,19;3,2
7;StudentAttendanceSystem;state;1394;20;35;8;40;100;0,46;0,49;0;0,09;15,87;15,87;1,2;1,03
7;StudentAttendanceSystem;transition;1394;20;35;13;34;100;0,46;1,06;0;0,16;16,87;16,87;1,9;1,69
7;StudentAttendanceSystem;pair;1394;20;35;28;145;100;0,41;0,19;1,2;0,3;17,87;17,87;2,86;2,1
7;StudentAttendanceSystem;state;1395;21;37;8;43;100;0,44;0,5;0;0,11;17,87;17,87;1,2;1,05
7;StudentAttendanceSystem;transition;1395;21;37;12;36;100;0,44;1;0;0,19;18,87;18,87;1,82;1,63
7;StudentAttendanceSystem;pair;1395;21;37;31;177;100;0,45;0,22;1,3;0,36;19,87;19,87;3,26;2,33
7;StudentAttendanceSystem;state;1396;20;31;7;36;100;0,42;0,5;0;0,08;20,87;20,87;1,16;1
7;StudentAttendanceSystem;transition;1396;20;31;11;30;100;0,4;0,83;0;0,16;20,87;20,87;1,58;1,38
7;StudentAttendanceSystem;pair;1396;20;31;22;106;100;0,41;0,15;0,64;0,15;21,87;21,87;2,05;1,36
7;StudentAttendanceSystem;state;1397;26;48;10;56;100;0,46;0,49;0;0,11;22,87;22,87;1,17;1,06
7;StudentAttendanceSystem;transition;1397;26;48;16;47;100;0,39;0,91;0;0,2;23,87;23,87;1,66;1,5
7;StudentAttendanceSystem;pair;1397;26;48;39;221;100;0,39;0,26;1,45;0,41;24,87;24,87;3,29;2,52
7;StudentAttendanceSystem;state;1398;15;23;6;31;100;0,27;0,35;0;0,06;25,87;25,87;0,84;0,67
7;StudentAttendanceSystem;transition;1398;15;23;7;23;100;0,26;0,55;0;0,09;25,87;25,87;1,06;0,91
7;StudentAttendanceSystem;pair;1398;15;23;21;100;100;0,53;0,1;0,58;0,16;26,87;26,87;1,95;1,37
7;StudentAttendanceSystem;state;1399;18;34;7;36;100;0,38;0,41;0;0,07;26,87;26,87;0,98;0,85
7;StudentAttendanceSystem;transition;1399;18;34;12;34;100;0,34;0,75;0;0,16;27,87;27,87;1,39;1,25
7;StudentAttendanceSystem;pair;1399;18;34;31;167;100;0,36;0,18;1,13;0,3;28,87;28,87;2,67;1,98
7;StudentAttendanceSystem;state;1400;23;47;9;49;100;0,44;0,58;0;0,1;29,87;29,87;1,27;1,12
7;StudentAttendanceSystem;transition;1400;23;47;15;47;100;0,45;0,94;0;0,18;29,87;29,87;1,73;1,57
7;StudentAttendanceSystem;pair;1400;23;47;48;270;100;0,42;0,27;1,99;0,5;31,87;31,87;4,01;3,18
7;StudentAttendanceSystem;state;1401;20;34;8;43;100;0,37;0,42;0;0,08;31,87;31,87;1,04;0,87
7;StudentAttendanceSystem;transition;1401;20;34;11;33;100;0,38;0,79;0;0,14;32,87;32,87;1,47;1,31
7;StudentAttendanceSystem;pair;1401;20;34;31;167;100;0,36;0,19;1,04;0,29;33,87;33,87;2,56;1,87
7;StudentAttendanceSystem;state;1402;23;47;10;54;100;0,54;0,55;0;0,11;34,87;34,87;1,34;1,2
7;StudentAttendanceSystem;transition;1402;23;47;16;47;100;0,46;0,96;0;0,2;34,87;35,87;1,79;1,62
7;StudentAttendanceSystem;pair;1402;23;47;45;251;100;0,41;0,27;1,65;0,49;36,87;36,87;3,66;2,82
7;StudentAttendanceSystem;state;1403;26;46;11;60;100;0,43;0,57;0;0,13;37,87;37,87;1,27;1,13
7;StudentAttendanceSystem;transition;1403;26;46;15;45;100;0,41;0,98;0;0,22;37,87;37,87;1,81;1,61
7;StudentAttendanceSystem;pair;1403;26;46;40;214;100;0,44;0,24;1,5;0,38;39,87;39,87;3,4;2,56
7;StudentAttendanceSystem;state;1404;27;52;12;68;100;0,5;0,59;0;0,16;39,87;39,87;1,38;1,24
7;StudentAttendanceSystem;transition;1404;27;52;16;51;100;0,47;1,11;0;0,23;40,87;40,87;1,99;1,8
7;StudentAttendanceSystem;pair;1404;27;52;48;280;100;0,51;0,31;2,02;0,55;42,87;42,87;4,3;3,4
7;StudentAttendanceSystem;state;1405;23;44;9;49;100;0,42;0,53;0;0,1;43,87;43,87;1,19;1,05
7;StudentAttendanceSystem;transition;1405;23;44;15;43;100;0,41;0,88;0;0,21;43,87;43,87;1,69;1,5
7;StudentAttendanceSystem;pair;1405;23;44;39;215;100;0,46;0,21;1,51;0,43;44,87;45,87;3,43;2,61
7;StudentAttendanceSystem;state;1406;16;27;6;31;100;0,37;0,43;0;0,06;45,87;45,87;1,01;0,86
7;StudentAttendanceSystem;transition;1406;16;27;9;27;100;0,42;0,75;0;0,11;46,87;46,87;1,48;1,28
7;StudentAttendanceSystem;pair;1406;16;27;24;125;100;0,35;0,16;0,86;0,25;46,87;47,87;2,27;1,62
7;StudentAttendanceSystem;state;1407;22;40;9;49;100;0,44;0,6;0;0,11;47,87;47,87;1,33;1,15
7;StudentAttendanceSystem;transition;1407;22;40;14;40;100;0,44;0,99;0;0,17;48,87;48,87;1,81;1,61
7;StudentAttendanceSystem;pair;1407;22;40;34;174;100;0,47;0,22;1,29;0,38;49,87;49,87;3,22;2,36
7;StudentAttendanceSystem;state;1408;21;40;9;44;100;0,45;0,55;0;0,12;49,87;50,87;1,29;1,12
7;StudentAttendanceSystem;transition;1408;21;40;15;40;100;0,41;0,95;0;0,18;50,87;50,87;1,76;1,53
7;StudentAttendanceSystem;pair;1408;21;40;33;180;100;0,44;0,25;1,27;0,32;51,87;51,87;3,1;2,28
7;StudentAttendanceSystem;state;1409;19;33;7;37;100;0,38;0,34;0;0,06;52,87;52,87;0,9;0,79
7;StudentAttendanceSystem;transition;1409;19;33;11;33;100;0,46;0,62;0;0,13;52,87;52,87;1,35;1,21
7;StudentAttendanceSystem;pair;1409;19;33;31;163;100;0,35;0,16;0,86;0,22;53,87;54,87;2,1;1,6
7;StudentAttendanceSystem;state;1410;22;39;8;42;100;0,32;0,42;0;0,07;54,87;54,87;0,94;0,81
7;StudentAttendanceSystem;transition;1410;22;39;15;38;100;0,32;1;0;0,19;55,87;55,87;1,71;1,51
7;StudentAttendanceSystem;pair;1410;22;39;34;176;100;0,44;0,16;1,02;0,14;56,87;56,87;2,27;1,76
7;StudentAttendanceSystem;state;1411;21;39;10;52;100;0,19;0,22;0;0,06;56,87;57,87;0,53;0,47
7;StudentAttendanceSystem;transition;1411;21;39;13;39;100;0,19;0,41;0;0,07;57,87;57,87;0,74;0,66
7;StudentAttendanceSystem;pair;1411;21;39;34;181;100;0,21;0,11;0,62;0,18;58,87;58,87;1,5;1,12
7;StudentAttendanceSystem;state;1412;28;57;13;70;100;0,27;0,45;0;0,15;59,87;59,87;0,99;0,87
7;StudentAttendanceSystem;transition;1412;28;57;18;57;100;0,33;0,94;0;0,21;60,87;60,87;1,66;1,49
7;StudentAttendanceSystem;pair;1412;28;57;52;300;100;0,35;0,28;1,52;0,29;61,87;62,87;3,1;2,44
7;StudentAttendanceSystem;state;1413;18;32;7;33;100;0,25;0,24;0;0,04;62,87;62,87;0,62;0,54
7;StudentAttendanceSystem;transition;1413;18;32;11;32;100;0,16;0,56;0;0,06;63,87;63,87;0,87;0,77
7;StudentAttendanceSystem;pair;1413;18;32;30;153;100;0,16;0,09;0,57;0,12;64,87;64,87;1,23;0,94
7;StudentAttendanceSystem;state;1414;24;47;10;55;100;0,24;0,32;0;0,06;64,87;64,87;0,69;0,62
7;StudentAttendanceSystem;transition;1414;24;47;16;47;100;0,23;0,61;0;0,15;65,87;65,87;1,11;0,98
7;StudentAttendanceSystem;pair;1414;24;47;47;255;100;0,25;0,17;1,04;0,25;66,87;67,87;2,24;1,71
7;StudentAttendanceSystem;state;1415;23;45;10;56;100;0,25;0,29;0;0,06;67,87;67,87;0,67;0,59
7;StudentAttendanceSystem;transition;1415;23;45;14;45;100;0,31;0,62;0;0,12;68,87;68,87;1,16;1,04
7;StudentAttendanceSystem;pair;1415;23;45;40;234;100;0,24;0,16;0,92;0,21;69,87;70,87;1,95;1,52
7;StudentAttendanceSystem;state;1416;27;54;12;67;100;0,26;0,31;0;0,07;70,87;70,87;0,72;0,65
7;StudentAttendanceSystem;transition;1416;27;54;16;54;100;0,29;0,67;0;0,12;71,87;71,87;1,22;1,08
7;StudentAttendanceSystem;pair;1416;27;54;48;284;100;0,29;0,2;1,32;0,27;72,87;73,87;2,59;2,07
7;StudentAttendanceSystem;state;1417;22;42;8;43;100;0,23;0,3;0;0,07;73,87;73,87;0,69;0,6
7;StudentAttendanceSystem;transition;1417;22;42;14;42;100;0,23;0,49;0;0,09;74,87;74,87;0,91;0,81
7;StudentAttendanceSystem;pair;1417;22;42;35;205;100;0,19;0,13;0,78;0,16;75,87;75,87;1,71;1,26
7;StudentAttendanceSystem;state;1418;19;33;7;37;100;0,24;0,26;0;0,04;76,87;76,87;0,63;0,54
7;StudentAttendanceSystem;transition;1418;19;33;11;32;100;0,17;0,38;0;0,06;76,87;76,87;0,7;0,62
7;StudentAttendanceSystem;pair;1418;19;33;32;166;100;0,17;0,09;0,6;0,19;77,87;78,87;1,36;1,05
7;StudentAttendanceSystem;state;1419;19;33;7;37;100;0,17;0,2;0;0,04;78,87;78,87;0,48;0,41
7;StudentAttendanceSystem;transition;1419;19;33;11;32;100;0,15;0,46;0;0,1;79,87;79,87;0,84;0,72
7;StudentAttendanceSystem;pair;1419;19;33;32;166;100;0,16;0,09;0,58;0,13;79,87;80,87;1,3;0,97
7;StudentAttendanceSystem;state;1420;22;39;8;42;100;0,19;0,23;0;0,04;80,87;80,87;0,55;0,46
7;StudentAttendanceSystem;transition;1420;22;39;15;38;100;0,18;0,46;0;0,08;81,87;81,87;0,8;0,72
7;StudentAttendanceSystem;pair;1420;22;39;36;183;100;0,18;0,12;0,72;0,19;82,87;82,87;1,68;1,22
7;StudentAttendanceSystem;state;1421;25;49;10;56;100;0,26;0,35;0;0,06;83,87;83,87;0,79;0,67
7;StudentAttendanceSystem;transition;1421;25;49;16;49;100;0,26;0,64;0;0,14;83,87;84,87;1,19;1,04
7;StudentAttendanceSystem;pair;1421;25;49;42;244;100;0,35;0,18;1,22;0,28;85,87;85,87;2,67;2,02
7;StudentAttendanceSystem;state;1422;25;50;10;55;100;0,32;0,38;0;0,1;86,87;86,87;0,92;0,8
7;StudentAttendanceSystem;transition;1422;25;50;17;49;100;0,3;0,66;0;0,16;86,87;87,87;1,29;1,12
7;StudentAttendanceSystem;pair;1422;25;50;46;262;100;0,25;0,23;1,63;0,23;88,87;88,87;2,91;2,35
7;StudentAttendanceSystem;state;1423;27;55;12;67;100;0,26;0,3;0;0,06;89,87;89,87;0,71;0,63
7;StudentAttendanceSystem;transition;1423;27;55;18;55;100;0,24;0,61;0;0,14;90,87;90,87;1,1;0,99
7;StudentAttendanceSystem;pair;1423;27;55;47;275;100;0,25;0,17;1,22;0,23;91,87;91,87;2,34;1,88
7;StudentAttendanceSystem;state;1424;16;26;6;27;100;0,15;0,17;0;0,03;92,87;92,87;0,43;0,35
7;StudentAttendanceSystem;transition;1424;16;26;9;26;100;0,15;0,27;0;0,07;92,87;92,87;0,56;0,48
7;StudentAttendanceSystem;pair;1424;16;26;21;100;100;0,15;0,06;0,33;0,1;93,87;93,87;0,91;0,64
7;StudentAttendanceSystem;state;1425;21;39;9;44;100;0,27;0,23;0;0,04;94,87;94,87;0,62;0,54
7;StudentAttendanceSystem;transition;1425;21;39;15;39;100;0,19;0,48;0;0,09;94,87;94,87;0,87;0,76
7;StudentAttendanceSystem;pair;1425;21;39;38;192;100;0,21;0,11;0,69;0,16;95,87;96,87;1,53;1,16
7;StudentAttendanceSystem;state;1426;23;44;9;49;100;0,22;0,29;0;0,07;96,87;96,87;0,68;0,59
7;StudentAttendanceSystem;transition;1426;23;44;15;43;100;0,26;0,66;0;0,13;97,87;97,87;1,16;1,05
7;StudentAttendanceSystem;pair;1426;23;44;41;239;100;0,27;0,16;1,17;0,27;98,87;98,87;2,37;1,87
7;StudentAttendanceSystem;state;1427;15;22;6;31;100;0,23;0,2;0;0,03;99,87;99,87;0,55;0,47
7;StudentAttendanceSystem;transition;1427;15;22;6;22;100;0,17;0,31;0;0,04;99,87;99,87;0,6;0,52
7;StudentAttendanceSystem;pair;1427;15;22;17;79;100;0,17;0,06;0,29;0,08;100,87;100,87;0,9;0,6
7;StudentAttendanceSystem;state;1428;23;47;10;54;100;0,26;0,33;0;0,08;100,87;101,87;0,76;0,67
7;StudentAttendanceSystem;transition;1428;23;47;16;47;100;0,33;0,64;0;0,12;101,87;101,87;1,21;1,09
7;StudentAttendanceSystem;pair;1428;23;47;45;251;100;0,25;0,2;1,21;0,29;102,87;103,87;2,51;1,94
7;StudentAttendanceSystem;state;1429;17;28;7;37;100;0,22;0,23;0;0,04;103,87;103,87;0,57;0,49
7;StudentAttendanceSystem;transition;1429;17;28;8;28;100;0,19;0,41;0;0,06;104,87;104,87;0,76;0,66
7;StudentAttendanceSystem;pair;1429;17;28;24;128;100;0,2;0,09;0,51;0,13;105,87;105,87;1,33;0,94
7;StudentAttendanceSystem;state;1430;19;31;7;37;100;0,22;0,26;0;0,05;105,87;105,87;0,61;0,52
7;StudentAttendanceSystem;transition;1430;19;31;10;30;100;0,21;0,48;0;0,08;106,87;106,87;0,87;0,76
7;StudentAttendanceSystem;pair;1430;19;31;25;134;100;0,21;0,1;0,57;0,14;107,87;107,87;1,4;1,03
7;StudentAttendanceSystem;state;1431;23;44;9;48;100;0,28;0,32;0;0,06;107,87;107,87;0,75;0,66
7;StudentAttendanceSystem;transition;1431;23;44;15;43;100;0,26;0,66;0;0,13;108,87;108,87;1,18;1,05
7;StudentAttendanceSystem;pair;1431;23;44;40;230;100;0,26;0,18;1,21;0,28;109,87;110,87;2,46;1,92
7;StudentAttendanceSystem;state;1432;24;47;9;48;100;0,3;0,35;0;0,07;110,87;110,87;0,81;0,72
7;StudentAttendanceSystem;transition;1432;24;47;16;46;100;0,27;0,72;0;0,13;111,87;111,87;1,25;1,12
7;StudentAttendanceSystem;pair;1432;24;47;49;273;100;0,29;0,22;1,47;0,32;112,87;113,87;2,88;2,3
7;StudentAttendanceSystem;state;1433;23;43;8;43;100;0,27;0,31;0;0,06;113,87;113,87;0,72;0,64
7;StudentAttendanceSystem;transition;1433;23;43;16;42;100;0,25;0,66;0;0,13;114,87;114,87;1,15;1,03
7;StudentAttendanceSystem;pair;1433;23;43;38;208;100;0,26;0,17;1,02;0,23;115,87;115,87;2,18;1,68
7;StudentAttendanceSystem;state;1434;29;57;12;68;100;0,31;0,44;0;0,1;116,87;116,87;0,95;0,85
7;StudentAttendanceSystem;transition;1434;29;57;18;56;100;0,31;0,88;0;0,16;117,87;117,87;1,49;1,36
7;StudentAttendanceSystem;pair;1434;29;57;45;271;100;0,31;0,23;1,55;0,34;118,87;119,87;3,05;2,44
7;StudentAttendanceSystem;state;1435;22;42;9;45;100;0,25;0,28;0;0,06;119,87;119,87;0,68;0,59
7;StudentAttendanceSystem;transition;1435;22;42;16;42;100;0,24;0,62;0;0,11;120,87;120,87;1,08;0,97
7;StudentAttendanceSystem;pair;1435;22;42;37;201;100;0,25;0,15;0,96;0,22;121,87;121,87;2,09;1,58
7;StudentAttendanceSystem;state;1436;25;45;10;53;100;0,27;0,35;0;0,07;122,87;122,87;0,77;0,69
7;StudentAttendanceSystem;transition;1436;25;45;15;44;100;0,27;0,67;0;0,17;122,87;122,87;1,22;1,11
7;StudentAttendanceSystem;pair;1436;25;45;42;232;100;0,32;0,16;1,13;0,26;124,87;124,87;2,39;1,87
7;StudentAttendanceSystem;state;1437;27;52;11;61;100;0,31;0,37;0;0,13;124,87;125,87;0,91;0,81
7;StudentAttendanceSystem;transition;1437;27;52;19;51;100;0,29;0,79;0;0,16;125,87;125,87;1,39;1,24
7;StudentAttendanceSystem;pair;1437;27;52;48;260;100;0,31;0,2;1,34;0,32;127,87;127,87;2,77;2,18
7;StudentAttendanceSystem;state;1438;27;52;11;59;100;0,3;0,46;0;0,08;128,87;128,87;0,95;0,84
7;StudentAttendanceSystem;transition;1438;27;52;19;51;100;0,29;0,79;0;0,16;128,87;129,87;1,37;1,24
7;StudentAttendanceSystem;pair;1438;27;52;44;242;100;0,28;0,24;1,36;0,28;130,87;130,87;2,75;2,17
7;StudentAttendanceSystem;state;1439;25;49;10;51;100;0,28;0,36;0;0,07;131,87;131,87;0,81;0,71
7;StudentAttendanceSystem;transition;1439;25;49;17;48;100;0,27;0,73;0;0,14;131,87;132,87;1,26;1,14
7;StudentAttendanceSystem;pair;1439;25;49;48;272;100;0,27;0,23;1,49;0,31;133,87;133,87;2,85;2,3
7;StudentAttendanceSystem;state;1440;21;41;8;40;100;0,26;0,3;0;0,07;134,87;134,87;0,72;0,63
7;StudentAttendanceSystem;transition;1440;21;41;16;41;100;0,24;0,61;0;0,11;134,87;135,87;1,09;0,96
7;StudentAttendanceSystem;pair;1440;21;41;37;199;100;0,24;0,14;0,92;0,26;136,87;136,87;2,03;1,56
7;StudentAttendanceSystem;state;1441;20;33;7;36;100;0,23;0,25;0;0,04;136,87;136,87;0,61;0,52
7;StudentAttendanceSystem;transition;1441;20;33;13;32;100;0,22;0,52;0;0,09;137,87;137,87;0,94;0,83
7;StudentAttendanceSystem;pair;1441;20;33;29;136;100;0,24;0,1;0,63;0,14;138,87;138,87;1,55;1,11
7;StudentAttendanceSystem;state;1442;18;29;7;35;100;0,24;0,24;0;0,04;138,87;138,87;0,61;0,52
7;StudentAttendanceSystem;transition;1442;18;29;10;29;100;0,23;0,42;0;0,07;139,87;139,87;0,82;0,72
7;StudentAttendanceSystem;pair;1442;18;29;27;125;100;0,2;0,1;0,56;0,14;140,87;140,87;1,4;1
7;StudentAttendanceSystem;state;1443;23;43;10;51;100;0,29;0,32;0;0,06;140,87;140,87;0,76;0,67
7;StudentAttendanceSystem;transition;1443;23;43;16;42;100;0,26;0,65;0;0,12;141,87;141,87;1,15;1,03
7;StudentAttendanceSystem;pair;1443;23;43;36;186;100;0,25;0,15;0,9;0,26;142,87;142,87;2,06;1,57
7;StudentAttendanceSystem;state;1444;26;54;11;59;100;0,35;0,4;0;0,08;143,87;143,87;0,94;0,84
7;StudentAttendanceSystem;transition;1444;26;54;20;54;100;0,3;0,85;0;0,17;144,87;144,87;1,46;1,32
7;StudentAttendanceSystem;pair;1444;26;54;50;280;100;0,31;0,29;1,67;0,34;145,87;146,87;3,26;2,62
7;StudentAttendanceSystem;state;1445;20;36;8;39;100;0,25;0,29;0;0,05;146,87;146,87;0,7;0,6
7;StudentAttendanceSystem;transition;1445;20;36;14;36;100;0,26;0,57;0;0,1;147,87;147,87;1,05;0,93
7;StudentAttendanceSystem;pair;1445;20;36;29;146;100;0,26;0,13;0,71;0,16;148,87;148,87;1,7;1,26
7;StudentAttendanceSystem;state;1446;26;50;11;62;100;0,31;0,37;0;0,09;148,87;148,87;0,89;0,76
7;StudentAttendanceSystem;transition;1446;26;50;16;49;100;0,3;0,75;0;0,15;149,87;149,87;1,35;1,2
7;StudentAttendanceSystem;pair;1446;26;50;44;258;100;0,31;0,2;1,32;0,31;151,87;151,87;2,76;2,15
7;StudentAttendanceSystem;state;1447;15;23;5;24;100;0,23;0,21;0;0,03;151,87;151,87;0,58;0,48
7;StudentAttendanceSystem;transition;1447;15;23;7;23;100;0,16;0,35;0;0,05;152,87;152,87;0,67;0,57
7;StudentAttendanceSystem;pair;1447;15;23;20;94;100;0,18;0,07;0,39;0,11;152,87;153,87;1,08;0,75
7;StudentAttendanceSystem;state;1448;20;37;8;41;100;0,27;0,26;0;0,05;153,87;153,87;0,68;0,59
7;StudentAttendanceSystem;transition;1448;20;37;13;37;100;0,21;0,56;0;0,1;154,87;154,87;0,98;0,87
7;StudentAttendanceSystem;pair;1448;20;37;32;174;100;0,22;0,13;0,75;0,2;155,87;155,87;1,72;1,3
7;StudentAttendanceSystem;state;1449;28;56;13;72;100;0,35;0,4;0;0,09;155,87;155,87;0,94;0,85
7;StudentAttendanceSystem;transition;1449;28;56;17;56;100;0,37;0,82;0;0,15;156,87;156,87;1,49;1,35
7;StudentAttendanceSystem;pair;1449;28;56;51;297;100;0,31;0,24;1,66;0,35;158,87;158,87;3,29;2,56
7;StudentAttendanceSystem;state;1450;28;56;12;63;100;0,33;0,42;0;0,09;159,87;159,87;0,94;0,84
7;StudentAttendanceSystem;transition;1450;28;56;19;55;100;0,3;0,88;0;0,16;160,87;160,87;1,48;1,34
7;StudentAttendanceSystem;pair;1450;28;56;54;306;100;0,38;0,28;1,83;0,38;161,87;162,87;3,57;2,87
7;StudentAttendanceSystem;state;1451;20;35;8;41;100;0,49;0,3;0;0,05;162,87;162,87;0,94;0,84
7;StudentAttendanceSystem;transition;1451;20;35;12;35;100;0,3;0,54;0;0,09;163,87;163,87;1,05;0,93
7;StudentAttendanceSystem;pair;1451;20;35;33;171;100;0,23;0,18;0,75;0,2;164,87;164,87;1,78;1,36
7;StudentAttendanceSystem;state;1452;26;51;11;60;100;0,31;0,37;0;0,08;164,87;165,87;0,87;0,76
7;StudentAttendanceSystem;transition;1452;26;51;17;50;100;0,28;0,85;0;0,15;165,87;165,87;1,42;1,28
7;StudentAttendanceSystem;pair;1452;26;51;46;264;100;0,3;0,26;1,41;0,33;167,87;167,87;2,89;2,3
7;StudentAttendanceSystem;state;1453;20;37;9;45;100;0,28;0,29;0;0,07;167,87;168,87;0,73;0,63
7;StudentAttendanceSystem;transition;1453;20;37;13;37;100;0,22;0,52;0;0,09;168,87;168,87;0,94;0,83
7;StudentAttendanceSystem;pair;1453;20;37;29;152;100;0,22;0,13;0,68;0,17;169,87;169,87;1,64;1,2
7;StudentAttendanceSystem;state;1454;23;44;9;49;100;0,31;0,33;0;0,06;170,87;170,87;0,8;0,7
7;StudentAttendanceSystem;transition;1454;23;44;15;43;100;0,34;0,67;0;0,14;170,87;171,87;1,28;1,15
7;StudentAttendanceSystem;pair;1454;23;44;41;239;100;0,28;0,17;1,14;0,28;172,87;172,87;2,42;1,87
7;StudentAttendanceSystem;state;1455;29;58;12;68;100;0,33;0,44;0;0,1;173,87;173,87;0,97;0,87
7;StudentAttendanceSystem;transition;1455;29;58;19;57;100;0,32;0,89;0;0,2;173,87;174,87;1,54;1,41
7;StudentAttendanceSystem;pair;1455;29;58;48;285;100;0,31;0,29;1,63;0,34;175,87;175,87;3,25;2,58
7;StudentAttendanceSystem;state;1456;28;55;13;74;100;0,33;0,43;0;0,1;176,87;176,87;0,95;0,85
7;StudentAttendanceSystem;transition;1456;28;55;16;54;100;0,31;0,85;0;0,15;177,87;177,87;1,46;1,31
7;StudentAttendanceSystem;pair;1456;28;55;48;288;100;0,31;0,24;1,62;0,36;178,87;179,87;3,15;2,54
7;StudentAttendanceSystem;state;1457;32;65;15;81;100;0,38;0,34;0;0,08;179,87;179,87;0,89;0,81
7;StudentAttendanceSystem;transition;1457;32;65;22;64;100;0,28;0,83;0;0,14;180,87;180,87;1,39;1,25
7;StudentAttendanceSystem;pair;1457;32;65;60;342;100;0,33;0,26;1,89;0,39;182,87;183,87;3,5;2,89
7;StudentAttendanceSystem;state;1458;29;59;12;68;100;0,3;0,31;0;0,08;183,87;183,87;0,79;0,69
7;StudentAttendanceSystem;transition;1458;29;59;20;58;100;0,35;0,82;0;0,15;184,87;184,87;1,47;1,31
7;StudentAttendanceSystem;pair;1458;29;59;52;302;100;0,27;0,24;1,66;0,28;185,92;6,92;4,97;2,45
7;StudentAttendanceSystem;state;1459;24;45;10;51;100;0,26;0,36;0;0,08;7,92;7,92;0,82;0,71
7;StudentAttendanceSystem;transition;1459;24;45;16;44;100;0,23;0,66;0;0,12;7,92;7,92;1,14;1
7;StudentAttendanceSystem;pair;1459;24;45;43;223;100;0,28;0,17;1,2;0,27;9,92;9,92;2,43;1,92
7;StudentAttendanceSystem;state;1460;21;38;8;42;100;0,25;0,28;0;0,05;9,92;9,92;0,67;0,58
7;StudentAttendanceSystem;transition;1460;21;38;13;38;100;0,24;0,57;0;0,1;10,92;10,92;1,02;0,91
7;StudentAttendanceSystem;pair;1460;21;38;32;176;100;0,23;0,13;0,82;0,19;11,92;11,92;1,82;1,38
7;StudentAttendanceSystem;state;1461;20;39;8;42;100;0,28;0,3;0;0,06;12,92;12,92;0,72;0,63
7;StudentAttendanceSystem;transition;1461;20;39;13;39;100;0,23;0,52;0;0,1;12,92;12,92;0,95;0,85
7;StudentAttendanceSystem;pair;1461;20;39;35;201;100;0,24;0,14;0,98;0,23;13,92;14,92;2,05;1,6
7;StudentAttendanceSystem;state;1462;23;42;9;45;100;0,25;0,33;0;0,06;14,92;14,92;0,73;0,63
7;StudentAttendanceSystem;transition;1462;23;42;17;41;100;0,24;0,65;0;0,12;15,92;15,92;1,12;1
7;StudentAttendanceSystem;pair;1462;23;42;37;189;100;0,29;0,14;1,06;0,21;16,92;16,92;2,28;1,7
7;StudentAttendanceSystem;state;1463;24;46;10;53;100;0,28;0,36;0;0,05;17,92;17,92;0,76;0,68
7;StudentAttendanceSystem;transition;1463;24;46;15;46;100;0,28;0,68;0;0,15;17,92;18,92;1,24;1,11
7;StudentAttendanceSystem;pair;1463;24;46;45;255;100;0,27;0,2;1,21;0,28;19,92;19,92;2,45;1,96
7;StudentAttendanceSystem;state;1464;28;57;13;70;100;0,31;0,44;0;0,1;20,92;20,92;0,94;0,85
7;StudentAttendanceSystem;transition;1464;28;57;19;57;100;0,3;0,86;0;0,18;21,92;21,92;1,48;1,34
7;StudentAttendanceSystem;pair;1464;28;57;47;275;100;0,31;0,23;1,56;0,33;22,92;22,92;3,07;2,44
7;StudentAttendanceSystem;state;1465;20;34;8;40;100;0,25;0,26;0;0,05;23,92;23,92;0,68;0,55
7;StudentAttendanceSystem;transition;1465;20;34;12;33;100;0,22;0,49;0;0,1;23,92;24,92;0,91;0,81
7;StudentAttendanceSystem;pair;1465;20;34;27;142;100;0,25;0,12;0,6;0,18;24,92;25,92;1,54;1,15
7;StudentAttendanceSystem;state;1466;30;61;13;71;100;0,32;0,43;0;0,1;25,92;25,92;0,93;0,84
7;StudentAttendanceSystem;transition;1466;30;61;21;60;100;0,32;0,93;0;0,18;26,92;26,92;1,56;1,43
7;StudentAttendanceSystem;pair;1466;30;61;50;291;100;0,39;0,27;1,69;0,35;28,92;28,92;3,35;2,69
7;StudentAttendanceSystem;state;1467;31;63;14;76;100;0,33;0,47;0;0,1;29,92;29,92;1;0,9
7;StudentAttendanceSystem;transition;1467;31;63;21;62;100;0,35;0,98;0;0,18;30,92;30,92;1,66;1,51
7;StudentAttendanceSystem;pair;1467;31;63;58;336;100;0,33;0,29;2,04;0,4;31,92;32,92;3,76;3,07
7;StudentAttendanceSystem;state;1468;31;61;14;78;100;0,35;0,45;0;0,12;32,92;33,92;1,02;0,92
7;StudentAttendanceSystem;transition;1468;31;61;19;60;100;0,32;0,92;0;0,17;33,92;34,92;1,55;1,4
7;StudentAttendanceSystem;pair;1468;31;61;55;321;100;0,32;0,3;1,88;0,42;35,92;36,92;3,6;2,92
7;StudentAttendanceSystem;state;1469;16;27;6;31;100;0,21;0,22;0;0,04;36,92;36,92;0,55;0,47
7;StudentAttendanceSystem;transition;1469;16;27;9;27;100;0,19;0,39;0;0,06;36,92;36,92;0,74;0,64
7;StudentAttendanceSystem;pair;1469;16;27;23;121;100;0,2;0,09;0,48;0,12;37,92;37,92;1,26;0,88
7;StudentAttendanceSystem;state;1470;22;37;8;42;100;0,25;0,27;0;0,05;38,92;38,92;0,66;0,57
7;StudentAttendanceSystem;transition;1470;22;37;13;36;100;0,22;0,54;0;0,11;38,92;39,92;0,97;0,87
7;StudentAttendanceSystem;pair;1470;22;37;29;153;100;0,26;0,16;0,76;0,18;39,92;40,92;1,77;1,36
7;StudentAttendanceSystem;state;1471;19;32;7;37;100;0,26;0,26;0;0,04;40,92;40,92;0,64;0,56
7;StudentAttendanceSystem;transition;1471;19;32;11;31;100;0,22;0,5;0;0,09;41,92;41,92;0,91;0,81
7;StudentAttendanceSystem;pair;1471;19;32;27;145;100;0,21;0,1;0,64;0,16;42,92;42,92;1,49;1,1
7;StudentAttendanceSystem;state;1472;29;57;12;67;100;0,31;0,42;0;0,09;42,92;42,92;0,92;0,82
7;StudentAttendanceSystem;transition;1472;29;57;20;56;100;0,31;0,85;0;0,17;43,92;43,92;1,46;1,33
7;StudentAttendanceSystem;pair;1472;29;57;52;296;100;0,32;0,27;1,67;0,35;45,92;45,92;3,21;2,6
7;StudentAttendanceSystem;state;1473;25;48;9;49;100;0,28;0,34;0;0,06;46,92;46,92;0,78;0,69
7;StudentAttendanceSystem;transition;1473;25;48;17;47;100;0,29;0,73;0;0,15;46,92;47,92;1,3;1,18
7;StudentAttendanceSystem;pair;1473;25;48;43;249;100;0,29;0,18;1,25;0,29;48,92;48,92;2,54;2,01
7;StudentAttendanceSystem;state;1474;30;60;13;73;100;0,33;0,44;0;0,1;49,92;49,92;0,95;0,86
7;StudentAttendanceSystem;transition;1474;30;60;20;59;100;0,34;0,9;0;0,18;50,92;50,92;1,56;1,42
7;StudentAttendanceSystem;pair;1474;30;60;52;300;100;0,32;0,25;1,78;0,36;51,92;52,92;3,37;2,71
7;StudentAttendanceSystem;state;1475;26;47;11;60;100;0,28;0,35;0;0,07;52,92;52,92;0,8;0,71
7;StudentAttendanceSystem;transition;1475;26;47;16;46;100;0,27;0,74;0;0,13;53,92;53,92;1,26;1,14
7;StudentAttendanceSystem;pair;1475;26;47;44;230;100;0,27;0,18;1,1;0,26;54,92;55,92;2,34;1,81
7;StudentAttendanceSystem;state;1476;26;49;11;58;100;0,28;0,39;0;0,08;55,92;55,92;0,84;0,75
7;StudentAttendanceSystem;transition;1476;26;49;19;48;100;0,27;0,78;0;0,14;56,92;56,92;1,32;1,2
7;StudentAttendanceSystem;pair;1476;26;49;42;218;100;0,27;0,19;1,15;0,25;57,92;57,92;2,48;1,87
7;StudentAttendanceSystem;state;1477;14;22;5;23;100;0,18;0,21;0;0,03;58,92;58,92;0,5;0,42
7;StudentAttendanceSystem;transition;1477;14;22;7;22;100;0,16;0,3;0;0,04;58,92;58,92;0,59;0,51
7;StudentAttendanceSystem;pair;1477;14;22;21;95;100;0,16;0,07;0,37;0,1;59,92;59,92;1;0,7
7;StudentAttendanceSystem;state;1478;19;33;7;36;100;0,22;0,27;0;0,06;59,92;60,92;0,63;0,54
7;StudentAttendanceSystem;transition;1478;19;33;12;33;100;0,21;0,48;0;0,11;60,92;60,92;0,92;0,81
7;StudentAttendanceSystem;pair;1478;19;33;29;148;100;0,23;0,12;0,64;0,16;61,92;61,92;1,57;1,16
7;StudentAttendanceSystem;state;1479;25;44;10;55;100;0,27;0,38;0;0,08;62,92;62,92;0,82;0,73
7;StudentAttendanceSystem;transition;1479;25;44;15;43;100;0,32;0,69;0;0,13;62,92;63,92;1,28;1,15
7;StudentAttendanceSystem;pair;1479;25;44;34;184;100;0,27;0,16;0,91;0,21;64,92;64,92;2,03;1,54
7;StudentAttendanceSystem;state;1480;26;49;10;56;100;0,3;0,41;0;0,08;64,92;64,92;0,9;0,79
7;StudentAttendanceSystem;transition;1480;26;49;17;48;100;0,32;0,76;0;0,13;65,92;65,92;1,34;1,21
7;StudentAttendanceSystem;pair;1480;26;49;42;232;100;0,26;0,19;1,44;0,29;66,92;67,92;2,72;2,19
7;StudentAttendanceSystem;state;1481;19;36;7;36;100;0,21;0,27;0;0,06;67,92;67,92;0,65;0,54
7;StudentAttendanceSystem;transition;1481;19;36;12;36;100;0,24;0,53;0;0,09;68,92;68,92;1,05;0,86
7;StudentAttendanceSystem;pair;1481;19;36;38;202;100;0,18;0,11;0,74;0,16;69,92;69,92;1,55;1,19
7;StudentAttendanceSystem;state;1482;27;56;12;67;100;0,25;0,33;0;0,07;70,92;70,92;0,73;0,66
7;StudentAttendanceSystem;transition;1482;27;56;18;56;100;0,23;0,7;0;0,12;70,92;71,92;1,19;1,05
7;StudentAttendanceSystem;pair;1482;27;56;54;310;100;0,4;0,22;1,88;0,48;72,92;73,92;3,57;2,98
7;StudentAttendanceSystem;state;1483;24;48;11;62;100;0,37;0,37;0;0,11;73,92;73,92;0,96;0,85
7;StudentAttendanceSystem;transition;1483;24;48;15;48;100;0,26;0,61;0;0,1;74,92;74,92;1,1;0,96
7;StudentAttendanceSystem;pair;1483;24;48;47;271;100;0,27;0,15;1,2;0,27;75,92;76,92;2,48;1,89
7;StudentAttendanceSystem;state;1484;15;22;6;31;100;0,16;0,17;0;0,03;76,92;76,92;0,47;0,37
7;StudentAttendanceSystem;transition;1484;15;22;6;22;100;0,18;0,3;0;0,04;76,92;76,92;0,63;0,52
7;StudentAttendanceSystem;pair;1484;15;22;17;79;100;0,2;0,07;0,33;0,08;77,92;77,92;1,02;0,68
7;StudentAttendanceSystem;state;1485;22;41;9;47;100;0,27;0,42;0;0,08;78,92;78,92;0,88;0,77
7;StudentAttendanceSystem;transition;1485;22;41;14;41;100;0,36;0,81;0;0,14;78,92;78,92;1,47;1,31
7;StudentAttendanceSystem;pair;1485;22;41;41;223;100;0,37;0,19;1,4;0,34;79,92;80,92;3,01;2,3
7;StudentAttendanceSystem;state;1486;19;34;7;37;100;0,31;0,31;0;0,06;80,92;80,92;0,8;0,68
7;StudentAttendanceSystem;transition;1486;19;34;12;34;100;0,26;0,65;0;0,11;81,92;81,92;1,17;1,02
7;StudentAttendanceSystem;pair;1486;19;34;33;169;100;0,28;0,15;1,02;0,23;82,92;82,92;2,32;1,68
7;StudentAttendanceSystem;state;1487;17;30;6;30;100;0,28;0,34;0;0,05;82,92;82,92;0,79;0,68
7;StudentAttendanceSystem;transition;1487;17;30;10;30;100;0,29;0,48;0;0,08;83,92;83,92;0,98;0,85
7;StudentAttendanceSystem;pair;1487;17;30;30;152;100;0,2;0,12;0,67;0,12;84,92;84,92;1,5;1,12
7;StudentAttendanceSystem;state;1488;19;31;7;37;100;0,23;0,28;0;0,07;84,92;84,92;0,7;0,58
7;StudentAttendanceSystem;transition;1488;19;31;10;30;100;0,24;0,48;0;0,06;85,92;85,92;0,9;0,79
7;StudentAttendanceSystem;pair;1488;19;31;24;130;100;0,17;0,1;0,57;0,14;86,92;86,92;1,31;0,97
7;StudentAttendanceSystem;state;1489;17;32;7;35;100;0,24;0,27;0;0,05;86,92;86,92;0,67;0,56
7;StudentAttendanceSystem;transition;1489;17;32;11;32;100;0,24;0,57;0;0,09;87,92;87,92;1,03;0,9
7;StudentAttendanceSystem;pair;1489;17;32;28;154;100;0,24;0,14;0,83;0,21;88,92;88,92;1,89;1,42
7;StudentAttendanceSystem;state;1490;25;48;11;59;100;0,32;0,4;0;0,1;89,92;89,92;0,93;0,81
7;StudentAttendanceSystem;transition;1490;25;48;17;47;100;0,65;0,87;0;0,16;89,92;89,92;1,85;1,68
7;StudentAttendanceSystem;pair;1490;25;48;42;236;100;0,35;0,22;1,49;0,36;91,92;91,92;3,09;2,41
7;StudentAttendanceSystem;state;1491;22;37;8;42;100;0,29;0,32;0;0,06;91,92;91,92;0,78;0,67
7;StudentAttendanceSystem;transition;1491;22;37;13;36;100;0,26;0,63;0;0,11;92,92;92,92;1,16;1,01
7;StudentAttendanceSystem;pair;1491;22;37;29;153;100;0,31;0,16;0,85;0,2;93,92;93,92;2,09;1,51
7;StudentAttendanceSystem;state;1492;23;45;9;48;100;0,32;0,36;0;0,12;94,92;94,92;0,92;0,8
7;StudentAttendanceSystem;transition;1492;23;45;16;44;100;0,33;0,8;0;0,22;94,92;95,92;1,52;1,35
7;StudentAttendanceSystem;pair;1492;23;45;43;241;100;0,31;0,18;1,15;0,2;96,92;96,92;2,35;1,85
7;StudentAttendanceSystem;state;1493;22;39;9;46;100;0,22;0,23;0;0,06;97,92;97,92;0,59;0,5
7;StudentAttendanceSystem;transition;1493;22;39;15;38;100;0,18;0,58;0;0,11;97,92;97,92;0,97;0,87
7;StudentAttendanceSystem;pair;1493;22;39;30;161;100;0,28;0,1;0,66;0,16;98,92;98,92;1,58;1,21
7;StudentAttendanceSystem;state;1494;23;44;9;48;100;0,27;0,31;0;0,06;99,92;99,92;0,72;0,64
7;StudentAttendanceSystem;transition;1494;23;44;15;44;100;0,19;0,48;0;0,12;100,92;100,92;0,9;0,8
7;StudentAttendanceSystem;pair;1494;23;44;39;223;100;0,22;0,14;0,96;0,19;101,92;101,92;2,01;1,51
7;StudentAttendanceSystem;state;1495;21;39;9;46;100;0,28;0,24;0;0,05;102,92;102,92;0,64;0,56
7;StudentAttendanceSystem;transition;1495;21;39;14;39;100;0,19;0,48;0;0,08;102,92;102,92;0,9;0,76
7;StudentAttendanceSystem;pair;1495;21;39;31;172;100;0,27;0,12;0,87;0,19;103,92;104,92;1,87;1,45
7;StudentAttendanceSystem;state;1496;23;44;9;48;100;0,22;0,3;0;0,06;104,92;104,92;0,67;0,58
7;StudentAttendanceSystem;transition;1496;23;44;15;43;100;0,23;0,57;0;0,1;105,92;105,92;1,03;0,91
7;StudentAttendanceSystem;pair;1496;23;44;40;230;100;0,2;0,13;1,13;0,22;106,92;106,92;2,07;1,68
7;StudentAttendanceSystem;state;1497;27;53;11;60;100;0,27;0,28;0;0,06;107,92;107,92;0,68;0,61
7;StudentAttendanceSystem;transition;1497;27;53;17;52;100;0,31;0,74;0;0,11;108,92;108,92;1,27;1,15
7;StudentAttendanceSystem;pair;1497;27;53;52;296;100;0,25;0,19;1,57;0,3;109,92;110,92;2,98;2,31
7;StudentAttendanceSystem;state;1498;20;36;8;40;100;0,27;0,3;0;0,06;110,92;110,92;0,75;0,63
7;StudentAttendanceSystem;transition;1498;20;36;13;36;100;0,25;0,57;0;0,09;111,92;111,92;1,09;0,92
7;StudentAttendanceSystem;pair;1498;20;36;31;160;100;0,23;0,13;0,76;0,15;112,92;112,92;1,71;1,27
7;StudentAttendanceSystem;state;1499;26;51;11;62;100;0,3;0,35;0;0,06;112,92;112,92;0,79;0,71
7;StudentAttendanceSystem;transition;1499;26;51;17;50;100;0,24;0,69;0;0,15;113,92;113,92;1,21;1,07
7;StudentAttendanceSystem;pair;1499;26;51;47;273;100;0,28;0,23;1,26;0,23;115,92;115,92;2,58;1,99
7;StudentAttendanceSystem;state;1500;21;36;8;43;100;0,19;0,22;0;0,09;115,92;115,92;0,6;0,51
7;StudentAttendanceSystem;transition;1500;21;36;13;35;100;0,27;0,67;0;0,16;116,92;116,92;1,25;1,09
7;StudentAttendanceSystem;pair;1500;21;36;29;155;100;0,22;0,1;0,56;0,13;117,92;117,92;1,45;1,01
7;StudentAttendanceSystem;state;1501;20;31;7;37;100;0,18;0,27;0;0,06;118,92;118,92;0,61;0,52
7;StudentAttendanceSystem;transition;1501;20;31;10;30;100;0,26;0,52;0;0,09;118,92;118,92;1,01;0,88
7;StudentAttendanceSystem;pair;1501;20;31;24;119;100;0,16;0,09;0,47;0,1;119,92;119,92;1,19;0,82
7;StudentAttendanceSystem;state;1502;23;42;10;54;100;0,27;0,26;0;0,05;120,92;120,92;0,66;0,59
7;StudentAttendanceSystem;transition;1502;23;42;14;42;100;0,19;0,54;0;0,08;120,92;120,92;0,91;0,81
7;StudentAttendanceSystem;pair;1502;23;42;40;210;100;0,22;0,12;0,87;0,19;122,92;122,92;1,82;1,39
7;StudentAttendanceSystem;state;1503;30;59;13;73;100;0,28;0,35;0;0,08;122,92;122,92;0,79;0,71
7;StudentAttendanceSystem;transition;1503;30;59;18;58;100;0,26;0,76;0;0,12;123,92;123,92;1,26;1,14
7;StudentAttendanceSystem;pair;1503;30;59;51;302;100;0,3;0,2;1,4;0,28;125,92;125,92;2,75;2,18
7;StudentAttendanceSystem;state;1504;22;40;8;42;100;0,25;0,23;0;0,06;126,92;126,92;0,63;0,54
7;StudentAttendanceSystem;transition;1504;22;40;13;39;100;0,26;0,48;0;0,12;126,92;127,92;0,98;0,85
7;StudentAttendanceSystem;pair;1504;22;40;39;215;100;0,28;0,11;0,92;0,29;128,92;128,92;2,04;1,59
7;StudentAttendanceSystem;state;1505;17;29;6;30;100;0,17;0,19;0;0,03;128,92;128,92;0,46;0,39
7;StudentAttendanceSystem;transition;1505;17;29;9;29;100;0,19;0,41;0;0,07;129,92;129,92;0,81;0,68
7;StudentAttendanceSystem;pair;1505;17;29;28;144;100;0,19;0,09;0,61;0,11;130,92;130,92;1,41;1,01
7;StudentAttendanceSystem;state;1506;30;60;13;73;100;0,28;0,34;0;0,09;130,92;131,92;0,78;0,7
7;StudentAttendanceSystem;transition;1506;30;60;19;59;100;0,24;0,7;0;0,12;131,92;131,92;1,17;1,06
7;StudentAttendanceSystem;pair;1506;30;60;55;319;100;0,25;0,22;1,66;0,53;133,92;133,92;3,31;2,67
7;StudentAttendanceSystem;state;1507;22;39;8;42;100;0,24;0,3;0;0,1;134,92;134,92;0,79;0,64
7;StudentAttendanceSystem;transition;1507;22;39;15;38;100;0,25;0,5;0;0,11;135,92;135,92;0,98;0,86
7;StudentAttendanceSystem;pair;1507;22;39;36;183;100;0,31;0,1;0,74;0,21;136,92;136,92;1,84;1,36
7;StudentAttendanceSystem;state;1508;27;50;12;63;100;0,3;0,37;0;0,09;136,92;137,92;0,85;0,76
7;StudentAttendanceSystem;transition;1508;27;50;18;49;100;0,28;0,76;0;0,13;137,92;137,92;1,3;1,17
7;StudentAttendanceSystem;pair;1508;27;50;46;240;100;0,3;0,19;1,29;0,29;139,92;139,92;2,62;2,07
7;StudentAttendanceSystem;state;1509;25;46;10;53;100;0,29;0,37;0;0,09;139,92;140,92;0,86;0,76
7;StudentAttendanceSystem;transition;1509;25;46;17;45;100;0,34;0,74;0;0,13;140,92;140,92;1,4;1,21
7;StudentAttendanceSystem;pair;1509;25;46;37;195;100;0,29;0,17;1,06;0,25;141,92;142,92;2,59;1,76
7;StudentAttendanceSystem;state;1510;26;51;11;57;100;0,31;0,36;0;0,08;142,92;142,92;0,85;0,75
7;StudentAttendanceSystem;transition;1510;26;51;18;50;100;0,29;0,84;0;0,16;143,92;143,92;1,45;1,29
7;StudentAttendanceSystem;pair;1510;26;51;50;270;100;0,33;0,22;1,5;0,32;144,92;145,92;2,98;2,37
7;StudentAttendanceSystem;state;1511;30;59;13;73;100;0,33;0,45;0;0,11;145,92;145,92;0,99;0,88
7;StudentAttendanceSystem;transition;1511;30;59;19;58;100;0,32;0,9;0;0,17;146,92;146,92;1,52;1,38
7;StudentAttendanceSystem;pair;1511;30;59;48;284;100;0,34;0,24;1,63;0,36;148,92;148,92;3,21;2,57
7;StudentAttendanceSystem;state;1512;19;34;8;38;100;0,25;0,27;0;0,05;149,92;149,92;0,67;0,57
7;StudentAttendanceSystem;transition;1512;19;34;13;33;100;0,22;0,5;0;0,09;149,92;149,92;0,92;0,81
7;StudentAttendanceSystem;pair;1512;19;34;28;140;100;0,22;0,12;0,66;0,15;150,92;150,92;1,58;1,16
7;StudentAttendanceSystem;state;1513;19;35;7;36;100;0,25;0,26;0;0,05;151,92;151,92;0,64;0,55
7;StudentAttendanceSystem;transition;1513;19;35;11;35;100;0,22;0,53;0;0,08;151,92;151,92;0,95;0,84
7;StudentAttendanceSystem;pair;1513;19;35;35;191;100;0,24;0,13;0,86;0,23;152,92;153,92;1,93;1,45
7;StudentAttendanceSystem;state;1514;26;50;12;65;100;0,3;0,38;0;0,09;153,92;153,92;0,86;0,77
7;StudentAttendanceSystem;transition;1514;26;50;17;49;100;0,3;0,76;0;0,17;154,92;154,92;1,39;1,23
7;StudentAttendanceSystem;pair;1514;26;50;46;258;100;0,29;0,2;1,36;0,3;155,92;156,92;2,73;2,14
7;StudentAttendanceSystem;state;1515;28;56;13;72;100;0,32;0,45;0;0,1;156,92;156,92;0,96;0,87
7;StudentAttendanceSystem;transition;1515;28;56;17;56;100;0,32;0,81;0;0,15;157,92;157,92;1,41;1,27
7;StudentAttendanceSystem;pair;1515;28;56;51;297;100;0,32;0,24;1,86;0,37;159,92;159,92;3,41;2,78
7;StudentAttendanceSystem;state;1516;21;42;9;45;100;0,26;0,33;0;0,06;160,92;160,92;0,75;0,65
7;StudentAttendanceSystem;transition;1516;21;42;15;42;100;0,25;0,59;0;0,13;160,92;160,92;1,08;0,97
7;StudentAttendanceSystem;pair;1516;21;42;37;211;100;0,26;0,16;1,11;0,24;161,92;162,92;2,28;1,77
7;StudentAttendanceSystem;state;1517;23;42;10;51;100;0,21;0,37;0;0,08;162,92;162,92;0,77;0,66
7;StudentAttendanceSystem;transition;1517;23;42;15;41;100;0,23;0,63;0;0,11;163,92;163,92;1,13;0,97
7;StudentAttendanceSystem;pair;1517;23;42;34;179;100;0,26;0,17;0,89;0,18;164,92;164,92;2,02;1,5
7;StudentAttendanceSystem;state;1518;27;53;11;57;100;0,25;0,35;0;0,07;165,92;165,92;0,77;0,66
7;StudentAttendanceSystem;transition;1518;27;53;20;52;100;0,25;0,77;0;0,16;166,92;166,92;1,34;1,19
7;StudentAttendanceSystem;pair;1518;27;53;46;261;100;0,3;0,17;1,6;0,25;167,92;167,92;2,92;2,32
7;StudentAttendanceSystem;state;1519;21;40;9;50;100;0,3;0,35;0;0,06;168,92;168,92;0,84;0,7
7;StudentAttendanceSystem;transition;1519;21;40;13;40;100;0,29;0,52;0;0,09;169,92;169,92;1,02;0,9
7;StudentAttendanceSystem;pair;1519;21;40;36;202;100;0,24;0,13;0,84;0,18;170,92;170,92;1,79;1,38
7;StudentAttendanceSystem;state;1520;20;39;9;47;100;0,26;0,3;0;0,05;170,92;170,92;0,7;0,61
7;StudentAttendanceSystem;transition;1520;20;39;13;39;100;0,25;0,59;0;0,12;171,92;171,92;1,09;0,96
7;StudentAttendanceSystem;pair;1520;20;39;35;191;100;0,23;0,15;0,79;0,16;172,92;172,92;1,71;1,32
7;StudentAttendanceSystem;state;1521;20;35;8;41;100;0,26;0,28;0;0,06;173,92;173,92;0,7;0,6
7;StudentAttendanceSystem;transition;1521;20;35;12;35;100;0,21;0,39;0;0,09;173,92;173,92;0,79;0,69
7;StudentAttendanceSystem;pair;1521;20;35;33;171;100;0,26;0,12;0,98;0,23;174,92;175,92;2,04;1,59
7;StudentAttendanceSystem;state;1522;28;57;13;72;100;0,27;0,42;0;0,07;175,92;175,92;0,85;0,76
7;StudentAttendanceSystem;transition;1522;28;57;18;57;100;0,36;0,65;0;0,12;176,92;176,92;1,24;1,13
7;StudentAttendanceSystem;pair;1522;28;57;54;312;100;0,24;0,19;1,65;0,41;178,92;178,92;3,06;2,49
7;StudentAttendanceSystem;state;1523;23;43;9;49;100;0,22;0,36;0;0,05;179,92;179,92;0,71;0,63
7;StudentAttendanceSystem;transition;1523;23;43;14;42;100;0,23;0,51;0;0,1;179,92;179,92;0,93;0,83
7;StudentAttendanceSystem;pair;1523;23;43;38;224;100;0,21;0,12;0,99;0,2;180,92;181,92;2,01;1,53
7;StudentAttendanceSystem;state;1524;28;55;13;71;100;0,25;0,33;0;0,14;181,92;181,92;0,82;0,72
7;StudentAttendanceSystem;transition;1524;28;55;18;54;100;0,32;0,76;0;0,14;182,92;182,92;1,46;1,23
7;StudentAttendanceSystem;pair;1524;28;55;50;290;100;0,29;0,18;1,35;0,27;184,92;184,92;2,71;2,09
7;StudentAttendanceSystem;state;1525;21;39;8;43;100;0,28;1,74;0;0,08;185,96;5,96;2,21;2,1
7;StudentAttendanceSystem;transition;1525;21;39;13;39;100;0,28;0,59;0;0,09;5,96;5,96;1,1;0,97
7;StudentAttendanceSystem;pair;1525;21;39;38;210;100;0,22;0,11;0,92;0,27;6,96;7,96;2,02;1,53
7;StudentAttendanceSystem;state;1526;24;47;10;52;100;0,39;0,47;0;0,05;7,96;7,96;1,01;0,92
7;StudentAttendanceSystem;transition;1526;24;47;17;46;100;0,22;0,62;0;0,12;8,96;8,96;1,1;0,97
7;StudentAttendanceSystem;pair;1526;24;47;44;252;100;0,24;0,16;1,52;0,25;9,96;10,96;2,74;2,18
7;StudentAttendanceSystem;state;1527;30;60;13;71;100;0,26;0,32;0;0,07;10,96;10,96;0,73;0,65
7;StudentAttendanceSystem;transition;1527;30;60;20;59;100;0,3;0,82;0;0,14;11,96;11,96;1,41;1,26
7;StudentAttendanceSystem;pair;1527;30;60;49;289;100;0,25;0,21;1,9;0,26;13,96;13,96;3,2;2,62
7;StudentAttendanceSystem;state;1528;20;40;8;43;100;0,21;0,49;0;0,06;13,96;14,96;0,87;0,76
7;StudentAttendanceSystem;transition;1528;20;40;13;40;100;0,24;0,44;0;0,09;14,96;14,96;0,89;0,77
7;StudentAttendanceSystem;pair;1528;20;40;42;236;100;0,19;0,12;1,01;0,21;15,96;16,96;1,92;1,53
7;StudentAttendanceSystem;state;1529;19;32;7;37;100;0,25;0,28;0;0,04;16,96;16,96;0,65;0,57
7;StudentAttendanceSystem;transition;1529;19;32;11;31;100;0,16;0,47;0;0,1;17,96;17,96;0,86;0,74
7;StudentAttendanceSystem;pair;1529;19;32;26;142;100;0,22;0,1;0,58;0,14;18,96;18,96;1,39;1,04
7;StudentAttendanceSystem;state;1530;17;30;7;34;100;0,24;0,3;0;0,04;18,96;18,96;0,68;0,58
7;StudentAttendanceSystem;transition;1530;17;30;11;30;100;0,21;0,59;0;0,13;19,96;19,96;1,05;0,93
7;StudentAttendanceSystem;pair;1530;17;30;26;133;100;0,26;0,13;0,78;0,2;19,96;20,96;1,86;1,37
7;StudentAttendanceSystem;state;1531;21;37;9;50;100;0,3;0,38;0;0,08;20,96;20,96;0,86;0,76
7;StudentAttendanceSystem;transition;1531;21;37;12;37;100;0,29;0,74;0;0,11;21,96;21,96;1,26;1,14
7;StudentAttendanceSystem;pair;1531;21;37;29;154;100;0,32;0,17;0,84;0,2;22,96;22,96;2,17;1,53
7;StudentAttendanceSystem;state;1532;17;28;6;31;100;0,24;0,36;0;0,05;22,96;22,96;0,76;0,65
7;StudentAttendanceSystem;transition;1532;17;28;10;28;100;0,27;0,51;0;0,09;23,96;23,96;1,01;0,87
7;StudentAttendanceSystem;pair;1532;17;28;26;124;100;0,24;0,08;0,46;0,1;24,96;24,96;1,24;0,87
7;StudentAttendanceSystem;state;1533;21;33;8;41;100;0,21;0,26;0;0,05;24,96;24,96;0,6;0,51
7;StudentAttendanceSystem;transition;1533;21;33;11;32;100;0,23;0,42;0;0,07;25,96;25,96;0,81;0,72
7;StudentAttendanceSystem;pair;1533;21;33;29;142;100;0,17;0,12;0,66;0,12;26,96;26,96;1,4;1,07
7;StudentAttendanceSystem;state;1534;25;48;11;59;100;0,26;0,29;0;0,1;26,96;27,96;0,76;0,65
7;StudentAttendanceSystem;transition;1534;25;48;17;47;100;0,3;0,63;0;0,13;27,96;27,96;1,18;1,05
7;StudentAttendanceSystem;pair;1534;25;48;42;236;100;0,48;0,17;1,11;0,21;29,96;29,96;2,43;1,96
7;StudentAttendanceSystem;state;1535;29;57;12;68;100;0,31;0,39;0;0,1;29,96;30,96;0,89;0,8
7;StudentAttendanceSystem;transition;1535;29;57;18;56;100;0,38;0,81;0;0,15;30,96;30,96;1,47;1,33
7;StudentAttendanceSystem;pair;1535;29;57;45;271;100;0,32;0,21;1,67;0,33;32,96;32,96;3,09;2,53
7;StudentAttendanceSystem;state;1536;18;33;7;33;100;0,32;0,28;0;0,04;33,96;33,96;0,73;0,64
7;StudentAttendanceSystem;transition;1536;18;33;12;33;100;0,26;0,44;0;0,09;33,96;33,96;0,92;0,79
7;StudentAttendanceSystem;pair;1536;18;33;33;165;100;0,17;0,09;0,77;0,14;34,96;34,96;1,5;1,16
7;StudentAttendanceSystem;state;1537;23;44;9;48;100;0,25;0,28;0;0,08;35,96;35,96;0,7;0,6
7;StudentAttendanceSystem;transition;1537;23;44;15;44;100;0,33;0,63;0;0,09;36,96;36,96;1,18;1,04
7;StudentAttendanceSystem;pair;1537;23;44;38;218;100;0,28;0,14;0,99;0,25;37,96;37,96;2,25;1,66
7;StudentAttendanceSystem;state;1538;22;38;8;42;100;0,26;0,29;0;0,06;37,96;38,96;0,71;0,6
7;StudentAttendanceSystem;transition;1538;22;38;14;37;100;0,27;0,58;0;0,11;38,96;38,96;1,08;0,96
7;StudentAttendanceSystem;pair;1538;22;38;31;161;100;0,24;0,13;0,76;0,18;39,96;39,96;1,81;1,31
7;StudentAttendanceSystem;state;1539;19;33;7;36;100;0,24;0,26;0;0,04;40,96;40,96;0,63;0,55
7;StudentAttendanceSystem;transition;1539;19;33;12;33;100;0,25;0,49;0;0,09;40,96;40,96;0,94;0,83
7;StudentAttendanceSystem;pair;1539;19;33;28;144;100;0,22;0,12;0,65;0,14;41,96;42,96;1,53;1,13
7;StudentAttendanceSystem;state;1540;21;39;8;42;100;0,25;0,29;0;0,05;42,96;42,96;0,67;0,59
7;StudentAttendanceSystem;transition;1540;21;39;14;38;100;0,18;0,54;0;0,09;43,96;43,96;0,94;0,8
7;StudentAttendanceSystem;pair;1540;21;39;36;194;100;0,18;0,11;0,88;0,16;44,96;44,96;1,69;1,34
7;StudentAttendanceSystem;state;1541;19;38;8;41;100;0,25;0,24;0;0,04;44,96;44,96;0,62;0,54
7;StudentAttendanceSystem;transition;1541;19;38;13;38;100;0,24;0,51;0;0,1;45,96;45,96;0,96;0,84
7;StudentAttendanceSystem;pair;1541;19;38;36;204;100;0,18;0,15;0,83;0,23;46,96;46,96;1,91;1,39
7;StudentAttendanceSystem;state;1542;21;42;9;46;100;0,22;0,36;0;0,05;47,96;47,96;0,72;0,63
7;StudentAttendanceSystem;transition;1542;21;42;15;42;100;0,2;0,53;0;0,1;48,96;48,96;0,97;0,83
7;StudentAttendanceSystem;pair;1542;21;42;41;231;100;0,19;0,12;0,98;0,22;49,96;49,96;1,93;1,51
7;StudentAttendanceSystem;state;1543;16;28;6;30;100;0,21;0,22;0;0,05;49,96;50,96;0,58;0,48
7;StudentAttendanceSystem;transition;1543;16;28;10;28;100;0,2;0,42;0;0,08;50,96;50,96;0,8;0,69
7;StudentAttendanceSystem;pair;1543;16;28;25;123;100;0,19;0,1;0,6;0,13;51,96;51,96;1,37;1,02
7;StudentAttendanceSystem;state;1544;22;41;10;51;100;0,25;0,29;0;0,06;51,96;51,96;0,69;0,6
7;StudentAttendanceSystem;transition;1544;22;41;15;41;100;0,25;0,64;0;0,1;52,96;52,96;1,13;1
7;StudentAttendanceSystem;pair;1544;22;41;32;167;100;0,24;0,16;0,75;0,2;53,96;53,96;1,81;1,34
7;StudentAttendanceSystem;state;1545;27;56;12;65;100;0,33;0,39;0;0,09;54,96;54,96;0,91;0,81
7;StudentAttendanceSystem;transition;1545;27;56;19;56;100;0,33;0,82;0;0,15;55,96;55,96;1,44;1,31
7;StudentAttendanceSystem;pair;1545;27;56;47;273;100;0,32;0,24;1,58;0,34;56,96;57,96;3,14;2,48
7;StudentAttendanceSystem;state;1546;27;55;12;67;100;0,34;0,43;0;0,1;57,96;57,96;0,99;0,86
7;StudentAttendanceSystem;transition;1546;27;55;17;55;100;0,31;0,79;0;0,15;58,96;58,96;1,39;1,26
7;StudentAttendanceSystem;pair;1546;27;55;51;299;100;0,31;0,27;1,52;0,35;60,96;60,96;3,11;2,44
7;StudentAttendanceSystem;state;1547;21;37;8;41;100;0,25;0,27;0;0,05;60,96;60,96;0,65;0,57
7;StudentAttendanceSystem;transition;1547;21;37;14;36;100;0,26;0,56;0;0,11;61,96;61,96;1,03;0,92
7;StudentAttendanceSystem;pair;1547;21;37;33;170;100;0,23;0,13;0,76;0,18;62,96;62,96;1,76;1,3
7;StudentAttendanceSystem;state;1548;21;34;8;41;100;0,23;0,27;0;0,06;63,96;63,96;0,64;0,56
7;StudentAttendanceSystem;transition;1548;21;34;12;33;100;0,25;0,5;0;0,09;63,96;63,96;0,95;0,84
7;StudentAttendanceSystem;pair;1548;21;34;31;153;100;0,22;0,11;0,67;0,17;64,96;65,96;1,61;1,18
7;StudentAttendanceSystem;state;1549;28;54;11;62;100;0,31;0,38;0;0,11;65,96;65,96;0,9;0,81
7;StudentAttendanceSystem;transition;1549;28;54;18;53;100;0,3;0,91;0;0,16;66,96;66,96;1,52;1,38
7;StudentAttendanceSystem;pair;1549;28;54;46;268;100;0,3;0,24;1,54;0,33;67,96;68,96;3,02;2,41
7;StudentAttendanceSystem;state;1550;26;49;11;56;100;0,37;0,36;0;0,07;68,96;68,96;0,9;0,8
7;StudentAttendanceSystem;transition;1550;26;49;18;48;100;0,32;0,75;0;0,14;69,96;69,96;1,34;1,21
7;StudentAttendanceSystem;pair;1550;26;49;46;251;100;0,28;0,2;1,35;0,29;70,96;71,96;2,75;2,12
7;StudentAttendanceSystem;state;1551;27;51;11;61;100;0,31;0,38;0;0,08;71,96;71,96;0,86;0,77
7;StudentAttendanceSystem;transition;1551;27;51;18;50;100;0,35;0,81;0;0,17;72,96;72,96;1,46;1,33
7;StudentAttendanceSystem;pair;1551;27;51;45;249;100;0,3;0,21;1,31;0,32;73,96;74,96;2,74;2,13
7;StudentAttendanceSystem;state;1552;17;32;7;35;100;0,23;0,24;0;0,04;74,96;74,96;0,6;0,51
7;StudentAttendanceSystem;transition;1552;17;32;11;32;100;0,22;0,44;0;0,08;75,96;75,96;0,85;0,74
7;StudentAttendanceSystem;pair;1552;17;32;29;157;100;0,21;0,11;0,67;0,17;76,96;76,96;1,55;1,16
7;StudentAttendanceSystem;state;1553;29;59;12;68;100;0,32;0,44;0;0,09;77,96;77,96;0,94;0,85
7;StudentAttendanceSystem;transition;1553;29;59;20;58;100;0,33;0,95;0;0,19;77,96;78,96;1,61;1,46
7;StudentAttendanceSystem;pair;1553;29;59;52;302;100;0,32;0,27;1,84;0,37;79,96;79,96;3,52;2,81
7;StudentAttendanceSystem;state;1554;17;26;6;31;100;0,21;0,22;0;0,04;80,96;80,96;0,57;0,47
7;StudentAttendanceSystem;transition;1554;17;26;9;25;100;0,22;0,41;0;0,07;80,96;80,96;0,79;0,7
7;StudentAttendanceSystem;pair;1554;17;26;20;96;100;0,19;0,08;0,41;0,1;81,96;81,96;1,09;0,78
7;StudentAttendanceSystem;state;1555;25;50;10;56;100;0,28;0,38;0;0,07;82,96;82,96;0,83;0,74
7;StudentAttendanceSystem;transition;1555;25;50;17;50;100;0,33;0,79;0;0,13;83,96;83,96;1,38;1,25
7;StudentAttendanceSystem;pair;1555;25;50;45;255;100;0,28;0,22;1,32;0,33;84,96;84,96;2,72;2,15
7;StudentAttendanceSystem;state;1556;20;39;8;39;100;0,28;0,3;0;0,05;85,96;85,96;0,72;0,63
7;StudentAttendanceSystem;transition;1556;20;39;14;39;100;0,23;0,53;0;0,1;85,96;85,96;0,96;0,85
7;StudentAttendanceSystem;pair;1556;20;39;40;212;100;0,24;0,14;1,02;0,23;86,96;87,96;2,11;1,64
7;StudentAttendanceSystem;state;1557;22;41;9;47;100;0,24;0,28;0;0,06;87,96;87,96;0,67;0,59
7;StudentAttendanceSystem;transition;1557;22;41;14;41;100;0,24;0,61;0;0,1;88,96;88,96;1,06;0,95
7;StudentAttendanceSystem;pair;1557;22;41;41;219;100;0,24;0,15;0,99;0,27;89,96;89,96;2,1;1,64
7;StudentAttendanceSystem;state;1558;21;37;8;43;100;0,26;0,28;0;0,05;90,96;90,96;0,68;0,59
7;StudentAttendanceSystem;transition;1558;21;37;12;36;100;0,26;0,54;0;0,11;90,96;91,96;1,01;0,9
7;StudentAttendanceSystem;pair;1558;21;37;30;171;100;0,23;0,13;0,73;0,19;91,96;92,96;1,89;1,29
7;StudentAttendanceSystem;state;1559;18;31;7;35;100;0,2;0,24;0;0,06;92,96;92,96;0,59;0,5
7;StudentAttendanceSystem;transition;1559;18;31;11;30;100;0,2;0,47;0;0,07;93,96;93,96;0,84;0,74
7;StudentAttendanceSystem;pair;1559;18;31;26;134;100;0,21;0,11;0,6;0,15;94,96;94,96;1,48;1,06
7;StudentAttendanceSystem;state;1560;24;44;9;50;100;0,25;0,32;0;0,06;94,96;94,96;0,73;0,64
7;StudentAttendanceSystem;transition;1560;24;44;16;43;100;0,27;0,67;0;0,13;95,96;95,96;1,17;1,07
7;StudentAttendanceSystem;pair;1560;24;44;38;200;100;0,26;0,16;1;0,23;96,96;96,96;2,13;1,66
7;StudentAttendanceSystem;state;1561;25;48;11;59;100;0,33;0,39;0;0,08;97,96;97,96;0,89;0,8
7;StudentAttendanceSystem;transition;1561;25;48;16;47;100;0,31;0,71;0;0,13;98,96;98,96;1,28;1,15
7;StudentAttendanceSystem;pair;1561;25;48;45;259;100;0,31;0,21;1,44;0,29;99,96;99,96;2,81;2,25
7;StudentAttendanceSystem;state;1562;22;42;9;47;100;0,28;0,32;0;0,06;100,96;100,96;0,75;0,66
7;StudentAttendanceSystem;transition;1562;22;42;15;42;100;0,26;0,78;0;0,11;101,96;101,96;1,28;1,15
7;StudentAttendanceSystem;pair;1562;22;42;44;234;100;0,3;0,18;1,1;0,26;102,96;102,96;2,36;1,83
7;StudentAttendanceSystem;state;1563;19;36;9;44;100;0,22;0,31;0;0,06;103,96;103,96;0,69;0,58
7;StudentAttendanceSystem;transition;1563;19;36;13;36;100;0,21;0,47;0;0,09;103,96;103,96;0,87;0,77
7;StudentAttendanceSystem;pair;1563;19;36;29;150;100;0,23;0,13;0,67;0,17;104,96;104,96;1,61;1,19
7;StudentAttendanceSystem;state;1564;23;40;9;47;100;0,24;0,32;0;0,06;105,96;105,96;0,72;0,62
7;StudentAttendanceSystem;transition;1564;23;40;14;39;100;0,23;0,58;0;0,1;105,96;106,96;1,05;0,91
7;StudentAttendanceSystem;pair;1564;23;40;38;200;100;0,27;0,14;0,97;0,25;107,96;107,96;2,1;1,63
7;StudentAttendanceSystem;state;1565;24;43;9;48;100;0,28;0,33;0;0,06;107,96;107,96;0,76;0,67
7;StudentAttendanceSystem;transition;1565;24;43;15;42;100;0,26;0,68;0;0,22;108,96;108,96;1,28;1,16
7;StudentAttendanceSystem;pair;1565;24;43;36;200;100;0,24;0,16;0,97;0,25;109,96;109,96;2,2;1,63
7;StudentAttendanceSystem;state;1566;21;36;8;41;100;0,25;0,27;0;0,05;110,96;110,96;0,65;0,57
7;StudentAttendanceSystem;transition;1566;21;36;13;35;100;0,23;0,53;0;0,1;110,96;111,96;0,97;0,87
7;StudentAttendanceSystem;pair;1566;21;36;29;151;100;0,23;0,12;0,68;0,2;111,96;112,96;1,67;1,24
7;StudentAttendanceSystem;state;1567;30;59;13;73;100;0,32;0,44;0;0,1;112,96;112,96;0,96;0,86
7;StudentAttendanceSystem;transition;1567;30;59;19;58;100;0,32;0,94;0;0,17;113,96;113,96;1,58;1,44
7;StudentAttendanceSystem;pair;1567;30;59;49;289;100;0,33;0,25;1,72;0,35;115,96;115,96;3,34;2,65
7;StudentAttendanceSystem;state;1568;17;30;6;30;100;0,22;0,25;0;0,04;116,96;116,96;0,62;0,52
7;StudentAttendanceSystem;transition;1568;17;30;10;30;100;0,22;0,47;0;0,07;116,96;116,96;0,87;0,77
7;StudentAttendanceSystem;pair;1568;17;30;31;155;100;0,23;0,14;0,69;0,17;117,96;117,96;1,62;1,22
7;StudentAttendanceSystem;state;1569;29;58;12;68;100;0,32;0,43;0;0,09;118,96;118,96;0,93;0,84
7;StudentAttendanceSystem;transition;1569;29;58;19;57;100;0,35;0,9;0;0,19;119,96;119,96;1,59;1,44
7;StudentAttendanceSystem;pair;1569;29;58;49;287;100;0,3;0,24;1,66;0,37;120,96;121,96;3,2;2,57
7;StudentAttendanceSystem;state;1570;21;37;8;39;100;0,26;0,26;0;0,05;121,96;121,96;0,67;0,57
7;StudentAttendanceSystem;transition;1570;21;37;13;36;100;0,22;0,53;0;0,09;122,96;122,96;0,96;0,85
7;StudentAttendanceSystem;pair;1570;21;37;34;178;100;0,22;0,13;0,92;0,2;123,96;123,96;1,9;1,47
7;StudentAttendanceSystem;state;1571;27;50;11;61;100;0,32;0,41;0;0,09;123,96;124,96;0,92;0,82
7;StudentAttendanceSystem;transition;1571;27;50;17;49;100;0,28;0,74;0;0,13;124,96;124,96;1,27;1,15
7;StudentAttendanceSystem;pair;1571;27;50;42;234;100;0,35;0,19;1,21;0,31;126,96;126,96;2,62;2,06
7;StudentAttendanceSystem;state;1572;21;40;9;44;100;0,26;0,28;0;0,05;126,96;126,96;0,68;0,59
7;StudentAttendanceSystem;transition;1572;21;40;15;40;100;0,24;0,58;0;0,1;127,96;127,96;1,09;0,92
7;StudentAttendanceSystem;pair;1572;21;40;34;184;100;0,23;0,16;0,89;0,19;128,96;128,96;1,93;1,47
7;StudentAttendanceSystem;state;1573;22;41;9;45;100;0,32;0,29;0;0,06;129,96;129,96;0,76;0,67
7;StudentAttendanceSystem;transition;1573;22;41;15;40;100;0,27;0,6;0;0,11;129,96;130,96;1,11;0,98
7;StudentAttendanceSystem;pair;1573;22;41;34;188;100;0,24;0,16;0,96;0,23;131,96;131,96;2,14;1,58
7;StudentAttendanceSystem;state;1574;25;47;9;49;100;0,3;0,4;0;0,07;131,96;131,96;0,86;0,76
7;StudentAttendanceSystem;transition;1574;25;47;16;46;100;0,29;0,79;0;0,13;132,96;132,96;1,35;1,22
7;StudentAttendanceSystem;pair;1574;25;47;40;234;100;0,28;0,17;1,16;0,28;133,96;134,96;2,5;1,9
7;StudentAttendanceSystem;state;1575;21;39;8;43;100;0,24;0,27;0;0,07;134,96;134,96;0,71;0,58
7;StudentAttendanceSystem;transition;1575;21;39;13;38;100;0,24;0,52;0;0,11;135,96;135,96;1;0,86
7;StudentAttendanceSystem;pair;1575;21;39;39;213;100;0,24;0,13;1,08;0,24;136,96;136,96;2,16;1,7
7;StudentAttendanceSystem;state;1576;21;36;8;43;100;0,25;0,3;0;0,05;137,96;137,96;0,69;0,6
7;StudentAttendanceSystem;transition;1576;21;36;13;35;100;0,24;0,59;0;0,11;137,96;137,96;1,05;0,94
7;StudentAttendanceSystem;pair;1576;21;36;30;159;100;0,25;0,13;0,73;0,21;138,96;139,96;1,76;1,31
7;StudentAttendanceSystem;state;1577;21;36;8;43;100;0,24;0,3;0;0,06;139,96;139,96;0,69;0,6
7;StudentAttendanceSystem;transition;1577;21;36;13;35;100;0,24;0,6;0;0,11;140,96;140,96;1,06;0,94
7;StudentAttendanceSystem;pair;1577;21;36;29;155;100;0,28;0,13;0,75;0,16;141,96;141,96;1,79;1,32
7;StudentAttendanceSystem;state;1578;23;41;10;54;100;0,3;0,31;0;0,07;141,96;141,96;0,77;0,68
7;StudentAttendanceSystem;transition;1578;23;41;13;41;100;0,26;0,6;0;0,11;142,96;142,96;1,11;0,97
7;StudentAttendanceSystem;pair;1578;23;41;36;190;100;0,25;0,17;0,91;0,21;143,96;143,96;2,01;1,54
7;StudentAttendanceSystem;state;1579;21;41;9;48;100;0,28;0,32;0;0,07;144,96;144,96;0,78;0,67
7;StudentAttendanceSystem;transition;1579;21;41;14;41;100;0,26;0,63;0;0,12;144,96;145,96;1,13;1,01
7;StudentAttendanceSystem;pair;1579;21;41;37;201;100;0,26;0,17;1,04;0,23;146,96;146,96;2,22;1,69
7;StudentAttendanceSystem;state;1580;19;34;7;37;100;0,28;0,3;0;0,05;146,96;146,96;0,72;0,63
7;StudentAttendanceSystem;transition;1580;19;34;12;34;100;0,23;0,5;0;0,09;147,96;147,96;0,93;0,82
7;StudentAttendanceSystem;pair;1580;19;34;34;174;100;0,26;0,12;0,79;0,19;148,96;148,96;1,79;1,37
7;StudentAttendanceSystem;state;1581;26;51;11;62;100;0,34;0,4;0;0,08;149,96;149,96;0,96;0,83
7;StudentAttendanceSystem;transition;1581;26;51;17;50;100;0,29;0,88;0;0,17;149,96;150,96;1,48;1,34
7;StudentAttendanceSystem;pair;1581;26;51;47;273;100;0,32;0,22;1,48;0,33;151,96;151,96;2,96;2,34
7;StudentAttendanceSystem;state;1582;27;56;12;65;100;0,32;0,41;0;0,09;152,96;152,96;0,92;0,82
7;StudentAttendanceSystem;transition;1582;27;56;19;56;100;0,31;0,85;0;0,15;153,96;153,96;1,46;1,32
7;StudentAttendanceSystem;pair;1582;27;56;47;273;100;0,31;0,26;1,52;0,34;154,96;155,96;3,16;2,42
7;StudentAttendanceSystem;state;1583;21;37;9;46;100;0,25;0,29;0;0,06;155,96;155,96;0,7;0,6
7;StudentAttendanceSystem;transition;1583;21;37;13;36;100;0,23;0,6;0;0,1;156,96;156,96;1,05;0,93
7;StudentAttendanceSystem;pair;1583;21;37;34;180;100;0,24;0,13;0,84;0,23;157,96;157,96;1,9;1,45
7;StudentAttendanceSystem;state;1584;18;34;7;36;100;0,25;0,27;0;0,07;157,96;157,96;0,7;0,58
7;StudentAttendanceSystem;transition;1584;18;34;12;34;100;0,23;0,5;0;0,08;158,96;158,96;0,92;0,81
7;StudentAttendanceSystem;pair;1584;18;34;32;170;100;0,22;0,13;0,78;0,22;159,96;159,96;1,75;1,34
7;StudentAttendanceSystem;state;1585;22;42;9;45;100;0,25;0,31;0;0,06;160,96;160,96;0,7;0,62
7;StudentAttendanceSystem;transition;1585;22;42;16;42;100;0,27;0,65;0;0,12;160,96;160,96;1,16;1,04
7;StudentAttendanceSystem;pair;1585;22;42;37;197;100;0,25;0,15;1,01;0,24;161,96;162,96;2,15;1,65
7;StudentAttendanceSystem;state;1586;23;44;10;50;100;0,32;0,35;0;0,07;162,96;162,96;0,83;0,73
7;StudentAttendanceSystem;transition;1586;23;44;16;44;100;0,26;0,7;0;0,12;163,96;163,96;1,2;1,08
7;StudentAttendanceSystem;pair;1586;23;44;43;233;100;0,27;0,2;1,22;0,27;164,96;164,96;2,51;1,96
7;StudentAttendanceSystem;state;1587;24;48;10;54;100;0,32;0,35;0;0,08;165,96;165,96;0,83;0,74
7;StudentAttendanceSystem;transition;1587;24;48;15;48;100;0,28;0,7;0;0,12;166,96;166,96;1,25;1,09
7;StudentAttendanceSystem;pair;1587;24;48;48;272;100;0,28;0,21;1,48;0,32;167,96;167,96;2,96;2,29
7;StudentAttendanceSystem;state;1588;21;40;9;50;100;0,3;0,31;0;0,06;168,96;168,96;0,78;0,68
7;StudentAttendanceSystem;transition;1588;21;40;13;40;100;0,34;0,58;0;0,11;168,96;169,96;1,16;1,03
7;StudentAttendanceSystem;pair;1588;21;40;36;202;100;0,25;0,16;0,9;0,23;170,96;170,96;2,06;1,55
7;StudentAttendanceSystem;state;1589;26;51;10;54;100;0,31;0,4;0;0,08;170,96;170,96;0,9;0,8
7;StudentAttendanceSystem;transition;1589;26;51;18;50;100;0,34;0,81;0;0,15;171,96;171,96;1,44;1,3
7;StudentAttendanceSystem;pair;1589;26;51;52;292;100;0,31;0,22;1,71;0,35;173,96;173,96;3,24;2,59
7;StudentAttendanceSystem;state;1590;21;40;9;50;100;0,28;0,34;0;0,07;174,96;174,96;0,79;0,69
7;StudentAttendanceSystem;transition;1590;21;40;13;40;100;0,26;0,6;0;0,1;174,96;174,96;1,1;0,96
7;StudentAttendanceSystem;pair;1590;21;40;36;202;100;0,26;0,15;0,9;0,24;175,96;176,96;2,04;1,55
7;StudentAttendanceSystem;state;1591;21;36;8;43;100;0,26;0,28;0;0,05;176,96;176,96;0,69;0,6
7;StudentAttendanceSystem;transition;1591;21;36;13;35;100;0,22;0,59;0;0,1;177,96;177,96;1,03;0,92
7;StudentAttendanceSystem;pair;1591;21;36;30;159;100;0,28;0,12;0,76;0,18;178,96;178,96;1,77;1,34
7;StudentAttendanceSystem;state;1592;27;52;11;59;100;0,33;0,38;0;0,09;178,96;179,96;0,9;0,8
7;StudentAttendanceSystem;transition;1592;27;52;19;51;100;0,29;0,83;0;0,15;179,96;179,96;1,41;1,27
7;StudentAttendanceSystem;pair;1592;27;52;44;242;100;0,31;0,21;1,35;0,29;181,96;181,96;2,72;2,16
7;StudentAttendanceSystem;state;1593;26;46;11;60;100;0,29;0,38;0;0,08;182,96;182,96;0,85;0,75
7;StudentAttendanceSystem;transition;1593;26;46;15;45;100;0,28;0,7;0;0,12;182,96;182,96;1,21;1,09
7;StudentAttendanceSystem;pair;1593;26;46;41;219;100;0,3;0,17;1,11;0,25;183,96;184,96;2,42;1,83
7;StudentAttendanceSystem;state;1594;21;39;8;42;100;0,25;0,28;0;0,05;184,96;184,96;0,68;0,59
7;StudentAttendanceSystem;transition;1594;21;39;14;39;100;1,93;0,63;0;0,12;5,98;5,98;2,83;2,68
7;StudentAttendanceSystem;pair;1594;21;39;35;191;100;0,25;0,14;0,95;0,22;6,98;6,98;2,06;1,56
7;StudentAttendanceSystem;state;1595;26;53;11;62;100;0,32;0,38;0;0,09;7,98;7,98;0,9;0,78
7;StudentAttendanceSystem;transition;1595;26;53;17;53;100;0,39;1,12;0;0,16;8,98;8,98;1,82;1,67
7;StudentAttendanceSystem;pair;1595;26;53;45;267;100;0,31;0,25;1,39;0,31;9,98;9,98;2,9;2,26
7;StudentAttendanceSystem;state;1596;23;45;9;48;100;0,32;0,32;0;0,06;10,98;10,98;0,79;0,7
7;StudentAttendanceSystem;transition;1596;23;45;16;45;100;0,27;0,7;0;0,12;11,98;11,98;1,21;1,09
7;StudentAttendanceSystem;pair;1596;23;45;41;233;100;0,27;0,17;1,21;0,27;12,98;12,98;2,43;1,91
7;StudentAttendanceSystem;state;1597;23;41;9;47;100;0,25;0,4;0;0,06;13,98;13,98;0,83;0,72
7;StudentAttendanceSystem;transition;1597;23;41;15;40;100;0,24;0,72;0;0,11;13,98;13,98;1,19;1,07
7;StudentAttendanceSystem;pair;1597;23;41;40;208;100;0,27;0,14;1,01;0,25;14,98;15,98;2,15;1,67
7;StudentAttendanceSystem;state;1598;21;38;9;44;100;0,25;0,29;0;0,06;15,98;15,98;0,69;0,6
7;StudentAttendanceSystem;transition;1598;21;38;14;38;100;0,21;0,55;0;0,1;16,98;16,98;0,96;0,86
7;StudentAttendanceSystem;pair;1598;21;38;36;184;100;0,23;0,14;0,84;0,21;17,98;17,98;1,91;1,42
7;StudentAttendanceSystem;state;1599;24;46;10;55;100;0,28;0,36;0;0,07;18,98;18,98;0,79;0,7
7;StudentAttendanceSystem;transition;1599;24;46;16;46;100;0,27;0,66;0;0,14;18,98;19,98;1,2;1,08
7;StudentAttendanceSystem;pair;1599;24;46;41;221;100;0,26;0,17;1,12;0,25;20,98;20,98;2,32;1,8
7;StudentAttendanceSystem;state;1600;17;32;7;35;100;0,22;0,24;0;0,04;20,98;20,98;0,59;0,5
7;StudentAttendanceSystem;transition;1600;17;32;11;32;100;0,24;0,44;0;0,07;21,98;21,98;0,85;0,75
7;StudentAttendanceSystem;pair;1600;17;32;29;157;100;0,21;0,11;0,71;0,17;22,98;22,98;1,59;1,2
7;StudentAttendanceSystem;state;1601;24;45;10;56;100;0,27;0,34;0;0,07;23,98;23,98;0,78;0,69
7;StudentAttendanceSystem;transition;1601;24;45;14;44;100;0,26;0,67;0;0,12;23,98;23,98;1,16;1,05
7;StudentAttendanceSystem;pair;1601;24;45;42;246;100;0,28;0,16;1,14;0,28;24,98;25,98;2,43;1,86
7;StudentAttendanceSystem;state;1602;21;38;8;40;100;0,27;0,27;0;0,05;25,98;25,98;0,68;0,59
7;StudentAttendanceSystem;transition;1602;21;38;14;37;100;0,23;0,55;0;0,1;26,98;26,98;1;0,88
7;StudentAttendanceSystem;pair;1602;21;38;36;184;100;0,23;0,15;0,88;0,21;27,98;27,98;1,92;1,47
7;StudentAttendanceSystem;state;1603;21;40;9;50;100;0,26;0,3;0;0,1;28,98;28,98;0,76;0,66
7;StudentAttendanceSystem;transition;1603;21;40;13;40;100;0,25;0,54;0;0,1;28,98;28,98;1,03;0,9
7;StudentAttendanceSystem;pair;1603;21;40;35;199;100;0,24;0,14;0,86;0,25;29,98;30,98;1,94;1,49
7;StudentAttendanceSystem;state;1604;21;39;9;50;100;0,24;0,29;0;0,06;30,98;30,98;0,69;0,59
7;StudentAttendanceSystem;transition;1604;21;39;12;39;100;0,29;0,55;0;0,09;31,98;31,98;1,04;0,93
7;StudentAttendanceSystem;pair;1604;21;39;34;191;100;0,24;0,13;0,82;0,21;32,98;32,98;1,89;1,4
7;StudentAttendanceSystem;state;1605;21;39;9;50;100;0,24;0,31;0;0,06;33,98;33,98;0,69;0,61
7;StudentAttendanceSystem;transition;1605;21;39;12;39;100;0,26;0,52;0;0,09;33,98;33,98;0,98;0,87
7;StudentAttendanceSystem;pair;1605;21;39;33;187;100;0,26;0,13;0,79;0,25;34,98;35,98;1,9;1,44
7;StudentAttendanceSystem;state;1606;18;35;8;38;100;0,22;0,26;0;0,04;35,98;35,98;0,6;0,52
7;StudentAttendanceSystem;transition;1606;18;35;13;35;100;0,22;0,49;0;0,08;36,98;36,98;0,9;0,8
7;StudentAttendanceSystem;pair;1606;18;35;30;163;100;0,21;0,13;0,72;0,21;37,98;37,98;1,69;1,28
7;StudentAttendanceSystem;state;1607;19;30;7;35;100;0,21;0,23;0;0,04;37,98;37,98;0,57;0,49
7;StudentAttendanceSystem;transition;1607;19;30;11;29;100;0,23;0,45;0;0,07;38,98;38,98;0,86;0,76
7;StudentAttendanceSystem;pair;1607;19;30;23;108;100;0,2;0,09;0,48;0,12;39,98;39,98;1,22;0,88
7;StudentAttendanceSystem;state;1608;25;46;10;53;100;0,27;0,33;0;0,08;39,98;39,98;0,8;0,67
7;StudentAttendanceSystem;transition;1608;25;46;16;45;100;0,27;0,71;0;0,13;40,98;40,98;1,24;1,11
7;StudentAttendanceSystem;pair;1608;25;46;45;243;100;0,27;0,17;1,18;0,29;41,98;42,98;2,48;1,91
7;StudentAttendanceSystem;state;1609;25;47;10;51;100;0,3;0,37;0;0,07;42,98;42,98;0,84;0,74
7;StudentAttendanceSystem;transition;1609;25;47;18;46;100;0,27;0,75;0;0,13;43,98;43,98;1,28;1,16
7;StudentAttendanceSystem;pair;1609;25;47;40;216;100;0,28;0,19;1,2;0,27;44,98;44,98;2,47;1,94
7;StudentAttendanceSystem;state;1610;19;35;8;38;100;0,24;0,26;0;0,05;45,98;45,98;0,63;0,54
7;StudentAttendanceSystem;transition;1610;19;35;14;35;100;0,22;0,53;0;0,09;46,98;46,98;0,95;0,84
7;StudentAttendanceSystem;pair;1610;19;35;29;148;100;0,25;0,13;0,64;0,2;46,98;47,98;1,63;1,21
7;StudentAttendanceSystem;state;1611;30;60;13;73;100;0,33;0,43;0;0,1;47,98;47,98;0,96;0,86
7;StudentAttendanceSystem;transition;1611;30;60;20;59;100;0,33;0,97;0;0,17;48,98;48,98;1,61;1,48
7;StudentAttendanceSystem;pair;1611;30;60;52;304;100;0,34;0,24;1,68;0,4;50,98;50,98;3,33;2,66
7;StudentAttendanceSystem;state;1612;21;40;9;44;100;0,26;0,33;0;0,06;51,98;51,98;0,75;0,65
7;StudentAttendanceSystem;transition;1612;21;40;15;39;100;0,24;0,62;0;0,11;51,98;51,98;1,08;0,96
7;StudentAttendanceSystem;pair;1612;21;40;34;186;100;0,25;0,14;0,93;0,21;52,98;53,98;2,02;1,54
7;StudentAttendanceSystem;state;1613;23;44;10;50;100;0,26;0,31;0;0,06;53,98;53,98;0,73;0,64
7;StudentAttendanceSystem;transition;1613;23;44;16;44;100;0,24;0,62;0;0,15;54,98;54,98;1,13;1,01
7;StudentAttendanceSystem;pair;1613;23;44;42;225;100;0,26;0,16;1,1;0,24;55,98;55,98;2,3;1,76
7;StudentAttendanceSystem;state;1614;22;43;8;43;100;0,28;0,3;0;0,06;56,98;56,98;0,72;0,63
7;StudentAttendanceSystem;transition;1614;22;43;15;43;100;0,25;0,64;0;0,11;57,98;57,98;1,11;1
7;StudentAttendanceSystem;pair;1614;22;43;38;220;100;0,25;0,15;1,05;0,24;58,98;58,98;2,18;1,69
7;StudentAttendanceSystem;state;1615;29;57;12;67;100;0,32;0,41;0;0,09;59,98;59,98;0,92;0,82
7;StudentAttendanceSystem;transition;1615;29;57;20;56;100;0,3;0,86;0;0,2;59,98;60,98;1,51;1,37
7;StudentAttendanceSystem;pair;1615;29;57;52;296;100;0,31;0,22;1,7;0,33;61,98;62,98;3,2;2,57
7;StudentAttendanceSystem;state;1616;17;32;7;35;100;0,22;0,23;0;0,08;62,98;62,98;0,63;0,54
7;StudentAttendanceSystem;transition;1616;17;32;11;32;100;0,22;0,39;0;0,08;62,98;63,98;0,79;0,69
7;StudentAttendanceSystem;pair;1616;17;32;29;157;100;0,24;0,12;0,71;0,17;63,98;64,98;1,63;1,24
7;StudentAttendanceSystem;state;1617;20;34;7;36;100;0,22;0,27;0;0,04;64,98;64,98;0,63;0,53
7;StudentAttendanceSystem;transition;1617;20;34;11;33;100;0,21;0,48;0;0,08;65,98;65,98;0,88;0,78
7;StudentAttendanceSystem;pair;1617;20;34;32;168;100;0,21;0,12;0,77;0,18;66,98;66,98;1,67;1,27
7;StudentAttendanceSystem;state;1618;22;38;8;42;100;0,24;0,27;0;0,06;66,98;66,98;0,68;0,57
7;StudentAttendanceSystem;transition;1618;22;38;14;37;100;0,24;0,57;0;0,1;67,98;67,98;1,02;0,91
7;StudentAttendanceSystem;pair;1618;22;38;33;168;100;0,23;0,13;0,86;0,18;68,98;68,98;1,84;1,4
7;StudentAttendanceSystem;state;1619;20;35;8;39;100;0,22;0,27;0;0,05;69,98;69,98;0,62;0,54
7;StudentAttendanceSystem;transition;1619;20;35;13;34;100;0,2;0,47;0;0,07;69,98;69,98;0,85;0,74
7;StudentAttendanceSystem;pair;1619;20;35;28;145;100;0,23;0,11;0,51;0,18;70,98;70,98;1,43;1,03
7;StudentAttendanceSystem;state;1620;25;44;10;55;100;0,26;0,41;0;0,14;71,98;71,98;0,92;0,8
7;StudentAttendanceSystem;transition;1620;25;44;15;43;100;0,26;0,69;0;0,09;72,98;72,98;1,16;1,05
7;StudentAttendanceSystem;pair;1620;25;44;35;187;100;0,25;0,17;0,9;0,23;73,98;73,98;2,14;1,55
7;StudentAttendanceSystem;state;1621;24;45;9;48;100;0,28;0,28;0;0,05;73,98;74,98;0,71;0,61
7;StudentAttendanceSystem;transition;1621;24;45;16;44;100;0,2;0,61;0;0,16;74,98;74,98;1,09;0,98
7;StudentAttendanceSystem;pair;1621;24;45;45;245;100;0,32;0,19;1,48;0,31;75,98;76,98;2,99;2,29
7;StudentAttendanceSystem;state;1622;19;34;7;36;100;0,22;0,24;0;0,04;76,98;76,98;0,57;0,49
7;StudentAttendanceSystem;transition;1622;19;34;13;34;100;0,17;0,5;0;0,07;77,98;77,98;0,84;0,74
7;StudentAttendanceSystem;pair;1622;19;34;31;155;100;0,19;0,12;0,7;0,13;78,98;78,98;1,46;1,14
7;StudentAttendanceSystem;state;1623;21;36;8;41;100;0,18;0,23;0;0,04;78,98;78,98;0,53;0,45
7;StudentAttendanceSystem;transition;1623;21;36;13;35;100;0,17;0,41;0;0,07;79,98;79,98;0,73;0,65
7;StudentAttendanceSystem;pair;1623;21;36;28;148;100;0,2;0,09;0,58;0,14;80,98;80,98;1,39;1,01
7;StudentAttendanceSystem;state;1624;20;39;8;43;100;0,21;0,24;0;0,05;81,98;81,98;0,58;0,5
7;StudentAttendanceSystem;transition;1624;20;39;13;39;100;0,19;0,46;0;0,08;81,98;81,98;0,81;0,72
7;StudentAttendanceSystem;pair;1624;20;39;37;215;100;0,22;0,12;0,74;0,22;82,98;83,98;1,7;1,3
7;StudentAttendanceSystem;state;1625;24;43;9;48;100;0,21;0,28;0;0,06;83,98;83,98;0,62;0,54
7;StudentAttendanceSystem;transition;1625;24;43;15;42;100;0,23;0,51;0;0,11;84,98;84,98;0,97;0,85
7;StudentAttendanceSystem;pair;1625;24;43;36;200;100;0,2;0,13;0,86;0,19;85,98;85,98;1,8;1,37
7;StudentAttendanceSystem;state;1626;26;51;10;54;100;0,34;0,34;0;0,07;86,98;86,98;0,84;0,75
7;StudentAttendanceSystem;transition;1626;26;51;19;50;100;0,22;0,63;0;0,13;87,98;87,98;1,09;0,98
7;StudentAttendanceSystem;pair;1626;26;51;49;273;100;0,24;0,22;1,25;0,27;88,98;89,98;2,51;1,99
7;StudentAttendanceSystem;state;1627;25;44;10;55;100;0,27;0,3;0;0,06;89,98;89,98;0,72;0,63
7;StudentAttendanceSystem;transition;1627;25;44;15;43;100;0,26;0,78;0;0,13;90,98;90,98;1,32;1,17
7;StudentAttendanceSystem;pair;1627;25;44;36;191;100;0,28;0,16;1,02;0,24;91,98;91,98;2,32;1,71
7;StudentAttendanceSystem;state;1628;27;56;12;67;100;0,37;0,48;0;0,11;92,98;92,98;1,09;0,96
7;StudentAttendanceSystem;transition;1628;27;56;18;56;100;0,45;0,92;0;0,18;93,98;93,98;1,74;1,56
7;StudentAttendanceSystem;pair;1628;27;56;54;310;100;0,34;0,25;2,1;0,47;94,98;95,98;4,01;3,16
7;StudentAttendanceSystem;state;1629;18;34;7;37;100;0,29;0,25;0;0,04;95,98;95,98;0,71;0,58
7;StudentAttendanceSystem;transition;1629;18;34;11;34;100;0,25;0,39;0;0,08;96,98;96,98;0,82;0,72
7;StudentAttendanceSystem;pair;1629;18;34;35;189;100;0,24;0,12;0,89;0,2;97,98;97,98;1,95;1,46
7;StudentAttendanceSystem;state;1630;19;31;7;37;100;0,19;0,24;0;0,04;97,98;97,98;0,54;0,47
7;StudentAttendanceSystem;transition;1630;19;31;10;30;100;0,22;0,39;0;0,06;98,98;98,98;0,77;0,67
7;StudentAttendanceSystem;pair;1630;19;31;23;127;100;0,24;0,09;0,44;0,1;99,98;99,98;1,21;0,86
7;StudentAttendanceSystem;state;1631;19;33;7;37;100;0,2;0,25;0;0,04;99,98;99,98;0,57;0,49
7;StudentAttendanceSystem;transition;1631;19;33;11;33;100;0,18;0,35;0;0,06;100,98;100,98;0,69;0,59
7;StudentAttendanceSystem;pair;1631;19;33;31;159;100;0,16;0,09;0,53;0,19;101,98;101,98;1,32;0,97
7;StudentAttendanceSystem;state;1632;22;44;10;51;100;0,2;0,29;0;0,08;102,98;102,98;0,69;0,57
7;StudentAttendanceSystem;transition;1632;22;44;16;44;100;0,22;0,54;0;0,11;102,98;102,98;1,01;0,88
7;StudentAttendanceSystem;pair;1632;22;44;40;214;100;0,25;0,16;1,14;0,35;103,98;104,98;2,46;1,89
7;StudentAttendanceSystem;state;1633;22;41;9;46;100;0,2;0,31;0;0,06;104,98;104,98;0,67;0,57
7;StudentAttendanceSystem;transition;1633;22;41;15;40;100;0,26;0,5;0;0,1;105,98;105,98;0,98;0,86
7;StudentAttendanceSystem;pair;1633;22;41;36;202;100;0,22;0,12;0,86;0,19;106,98;106,98;1,93;1,39
7;StudentAttendanceSystem;state;1634;23;45;9;48;100;0,26;0,34;0;0,06;107,98;107,98;0,76;0,66
7;StudentAttendanceSystem;transition;1634;23;45;16;44;100;0,23;0,6;0;0,16;107,98;108,98;1,13;1
7;StudentAttendanceSystem;pair;1634;23;45;43;241;100;0,23;0,16;0,95;0,29;109,98;109,98;2,07;1,63
7;StudentAttendanceSystem;state;1635;21;36;9;46;100;0,27;0,32;0;0,06;110,98;110,98;0,76;0,65
7;StudentAttendanceSystem;transition;1635;21;36;12;35;100;0,26;0,54;0;0,09;110,98;110,98;1,01;0,9
7;StudentAttendanceSystem;pair;1635;21;36;30;161;100;0,26;0,13;0,75;0,17;111,98;111,98;1,79;1,31
7;StudentAttendanceSystem;state;1636;23;46;10;56;100;0,27;0,27;0;0,08;112,98;112,98;0,71;0,63
7;StudentAttendanceSystem;transition;1636;23;46;15;46;100;0,28;0,59;0;0,14;113,98;113,98;1,14;1,01
7;StudentAttendanceSystem;pair;1636;23;46;42;246;100;0,24;0,19;1,18;0,23;114,98;114,98;2,33;1,84
7;StudentAttendanceSystem;state;1637;27;50;11;61;100;0,33;0,4;0;0,1;115,98;115,98;0,94;0,83
7;StudentAttendanceSystem;transition;1637;27;50;17;49;100;0,37;0,71;0;0,18;116,98;116,98;1,4;1,25
7;StudentAttendanceSystem;pair;1637;27;50;41;229;100;0,27;0,18;1,24;0,19;117,98;117,98;2,34;1,88
7;StudentAttendanceSystem;state;1638;26;48;10;56;100;0,24;0,3;0;0,06;118,98;118,98;0,68;0,6
7;StudentAttendanceSystem;transition;1638;26;48;16;47;100;0,21;0,58;0;0,1;118,98;119,98;0,98;0,89
7;StudentAttendanceSystem;pair;1638;26;48;39;221;100;0,33;0,18;1,04;0,19;120,98;120,98;2,21;1,73
7;StudentAttendanceSystem;state;1639;23;41;9;49;100;0,23;0,34;0;0,06;121,98;121,98;0,73;0,63
7;StudentAttendanceSystem;transition;1639;23;41;14;40;100;0,27;0,5;0;0,11;121,98;121,98;0,99;0,88
7;StudentAttendanceSystem;pair;1639;23;41;33;187;100;0,24;0,13;0,77;0,19;122,98;123,98;1,72;1,33
7;StudentAttendanceSystem;state;1640;20;36;8;40;100;0,23;0,22;0;0,04;123,98;123,98;0,57;0,49
7;StudentAttendanceSystem;transition;1640;20;36;13;36;100;0,23;0,5;0;0,07;124,98;124,98;0,93;0,81
7;StudentAttendanceSystem;pair;1640;20;36;32;165;100;0,26;0,16;0,74;0,18;125,98;125,98;1,79;1,33
7;StudentAttendanceSystem;state;1641;24;43;9;48;100;0,24;0,25;0;0,05;125,98;125,98;0,61;0,54
7;StudentAttendanceSystem;transition;1641;24;43;15;42;100;0,25;0,57;0;0,13;126,98;126,98;1,08;0,95
7;StudentAttendanceSystem;pair;1641;24;43;36;200;100;0,22;0,16;0,85;0,18;127,98;127,98;1,82;1,41
7;StudentAttendanceSystem;state;1642;20;37;8;43;100;0,19;0,2;0;0,04;128,98;128,98;0,5;0,43
7;StudentAttendanceSystem;transition;1642;20;37;13;37;100;0,2;0,49;0;0,1;129,98;129,98;0,96;0,79
7;StudentAttendanceSystem;pair;1642;20;37;32;178;100;0,18;0,15;0,73;0,14;130,98;130,98;1,52;1,19
7;StudentAttendanceSystem;state;1643;28;53;12;64;100;0,25;0,3;0;0,09;130,98;130,98;0,73;0,64
7;StudentAttendanceSystem;transition;1643;28;53;19;52;100;0,24;0,77;0;0,17;131,98;131,98;1,3;1,18
7;StudentAttendanceSystem;pair;1643;28;53;43;239;100;0,25;0,21;1,14;0,2;133,98;133,98;2,33;1,8
7;StudentAttendanceSystem;state;1644;27;55;12;67;100;0,34;0,4;0;0,09;133,98;134,98;0,94;0,83
7;StudentAttendanceSystem;transition;1644;27;55;17;55;100;0,23;0,64;0;0,12;134,98;134,98;1,1;0,99
7;StudentAttendanceSystem;pair;1644;27;55;51;295;100;0,26;0,21;1,67;0,35;136,98;136,98;3,01;2,49
7;StudentAttendanceSystem;state;1645;18;32;8;40;100;0,2;0,22;0;0,04;137,98;137,98;0,54;0,46
7;StudentAttendanceSystem;transition;1645;18;32;11;32;100;0,2;0,41;0;0,08;137,98;137,98;0,81;0,69
7;StudentAttendanceSystem;pair;1645;18;32;30;155;100;0,2;0,09;0,52;0,12;138,98;138,98;1,25;0,93
7;StudentAttendanceSystem;state;1646;29;58;12;68;100;0,3;0,37;0;0,09;139,98;139,98;0,86;0,76
7;StudentAttendanceSystem;transition;1646;29;58;19;57;100;0,27;0,88;0;0,15;140,98;140,98;1,44;1,3
7;StudentAttendanceSystem;pair;1646;29;58;49;291;100;0,35;0,23;1,85;0,33;141,98;142,98;3,32;2,76
7;StudentAttendanceSystem;state;1647;22;38;9;50;100;0,22;0,34;0;0,07;142,98;142,98;0,73;0,62
7;StudentAttendanceSystem;transition;1647;22;38;12;37;100;0,21;0,47;0;0,1;143,98;143,98;0,89;0,78
7;StudentAttendanceSystem;pair;1647;22;38;30;164;100;0,2;0,15;0,71;0,19;144,98;144,98;1,75;1,25
7;StudentAttendanceSystem;state;1648;19;31;7;34;100;0,21;0,18;0;0,03;145,98;145,98;0,51;0,42
7;StudentAttendanceSystem;transition;1648;19;31;11;30;100;0,21;0,44;0;0,09;145,98;145,98;0,86;0,74
7;StudentAttendanceSystem;pair;1648;19;31;25;124;100;0,16;0,12;0,57;0,11;146,98;146,98;1,27;0,96
7;StudentAttendanceSystem;state;1649;21;37;8;43;100;0,2;0,27;0;0,05;147,98;147,98;0,6;0,51
7;StudentAttendanceSystem;transition;1649;21;37;12;36;100;0,27;0,63;0;0,1;147,98;147,98;1,13;1
7;StudentAttendanceSystem;pair;1649;21;37;30;171;100;0,26;0,14;0,87;0,21;148,98;148,98;2,04;1,48
7;StudentAttendanceSystem;state;1650;19;32;7;37;100;0,28;0,35;0;0,06;149,98;149,98;0,79;0,69
7;StudentAttendanceSystem;transition;1650;19;32;11;31;100;0,27;0,56;0;0,12;149,98;150,98;1,09;0,95
7;StudentAttendanceSystem;pair;1650;19;32;27;145;100;0,18;0,11;0,79;0,18;150,98;151,98;1,63;1,26
7;StudentAttendanceSystem;state;1651;25;45;10;55;100;0,25;0,31;0;0,06;151,98;151,98;0,71;0,62
7;StudentAttendanceSystem;transition;1651;25;45;15;44;100;0,21;0,69;0;0,16;152,98;152,98;1,18;1,05
7;StudentAttendanceSystem;pair;1651;25;45;41;221;100;0,29;0,16;1,09;0,24;153,98;153,98;2,33;1,78
7;StudentAttendanceSystem;state;1652;22;40;9;46;100;0,26;0,28;0;0,06;154,98;154,98;0,7;0,6
7;StudentAttendanceSystem;transition;1652;22;40;14;39;100;0,26;0,6;0;0,11;154,98;155,98;1,11;0,97
7;StudentAttendanceSystem;pair;1652;22;40;33;187;100;0,24;0,17;0,89;0,2;155,98;156,98;2,01;1,51
7;StudentAttendanceSystem;state;1653;24;47;11;62;100;0,28;0,36;0;0,09;156,98;156,98;0,83;0,72
7;StudentAttendanceSystem;transition;1653;24;47;14;47;100;0,29;0,73;0;0,12;157,98;157,98;1,26;1,15
7;StudentAttendanceSystem;pair;1653;24;47;44;256;100;0,22;0,23;1,44;0,22;158,98;159,98;2,67;2,11
7;StudentAttendanceSystem;state;1654;23;44;10;50;100;0,23;0,25;0;0,05;159,98;159,98;0,61;0,53
7;StudentAttendanceSystem;transition;1654;23;44;16;44;100;0,23;0,5;0;0,09;160,98;160,98;0,93;0,83
7;StudentAttendanceSystem;pair;1654;23;44;42;229;100;0,23;0,13;1,01;0,2;161,98;161,98;2;1,57
7;StudentAttendanceSystem;state;1655;27;52;12;68;100;0,27;0,36;0;0,09;162,98;162,98;0,81;0,72
7;StudentAttendanceSystem;transition;1655;27;52;16;51;100;0,3;0,78;0;0,1;163,98;163,98;1,32;1,18
7;StudentAttendanceSystem;pair;1655;27;52;48;280;100;0,26;0,17;1,45;0,28;164,98;165,98;2,79;2,16
7;StudentAttendanceSystem;state;1656;22;38;8;42;100;0,24;0,24;0;0,05;165,98;165,98;0,62;0,53
7;StudentAttendanceSystem;transition;1656;22;38;14;37;100;0,23;0,61;0;0,09;166,98;166,98;1,05;0,92
7;StudentAttendanceSystem;pair;1656;22;38;33;172;100;0,24;0,16;0,77;0,17;167,98;167,98;1,8;1,35
7;StudentAttendanceSystem;state;1657;22;42;9;45;100;0,24;0,32;0;0,1;167,98;167,98;0,76;0,65
7;StudentAttendanceSystem;transition;1657;22;42;15;42;100;0,25;0,57;0;0,09;168,98;168,98;1,04;0,91
7;StudentAttendanceSystem;pair;1657;22;42;42;226;100;0,24;0,14;1,21;0,23;169,98;170,98;2,42;1,82
7;StudentAttendanceSystem;state;1658;29;57;12;67;100;0,31;0,37;0;0,11;170,98;170,98;0,89;0,78
7;StudentAttendanceSystem;transition;1658;29;57;20;56;100;0,28;0,84;0;0,14;171,98;171,98;1,44;1,26
7;StudentAttendanceSystem;pair;1658;29;57;52;296;100;0,27;0,24;1,98;0,39;173,98;173,98;3,56;2,88
7;StudentAttendanceSystem;state;1659;18;28;6;31;100;0,19;0,17;0;0,04;173,98;173,98;0,47;0,4
7;StudentAttendanceSystem;transition;1659;18;28;9;27;100;0,18;0,43;0;0,06;174,98;174,98;0,76;0,67
7;StudentAttendanceSystem;pair;1659;18;28;26;125;100;0,15;0,09;0,47;0,1;175,98;175,98;1,07;0,81
7;StudentAttendanceSystem;state;1660;19;36;8;39;100;0,2;0,31;0;0,07;175,98;175,98;0,69;0,58
7;StudentAttendanceSystem;transition;1660;19;36;13;36;100;0,3;0,53;0;0,12;176,98;176,98;1,1;0,95
7;StudentAttendanceSystem;pair;1660;19;36;30;165;100;0,22;0,13;0,61;0,13;177,98;177,98;1,49;1,09
7;StudentAttendanceSystem;state;1661;24;42;10;56;100;0,2;0,31;0;0,06;178,98;178,98;0,65;0,56
7;StudentAttendanceSystem;transition;1661;24;42;14;41;100;0,19;0,46;0;0,08;178,98;178,98;0,81;0,73
7;StudentAttendanceSystem;pair;1661;24;42;32;174;100;0,23;0,11;0,61;0,14;179,98;180,98;1,49;1,09
7;StudentAttendanceSystem;state;1662;19;33;7;36;100;0,18;0,2;0;0,04;180,98;180,98;0,51;0,42
7;StudentAttendanceSystem;transition;1662;19;33;12;32;100;0,19;0,47;0;0,08;181,98;181,98;0,85;0,74
7;StudentAttendanceSystem;pair;1662;19;33;29;147;100;0,17;0,11;0,59;0,12;182,98;182,98;1,29;0,99
7;StudentAttendanceSystem;state;1663;22;42;8;43;100;0,28;0,33;0;0,05;182,98;182,98;0,76;0,67
7;StudentAttendanceSystem;transition;1663;22;42;14;42;100;0,2;0,5;0;0,09;183,98;183,98;0,9;0,79
7;StudentAttendanceSystem;pair;1663;22;42;36;210;100;0,19;0,17;0,85;0,22;184,98;184,98;1,89;1,44
7;StudentAttendanceSystem;state;1664;22;42;10;56;100;1,59;0,25;0;0,05;5,96;5,96;1,99;1,89
7;StudentAttendanceSystem;transition;1664;22;42;13;42;100;0,24;0,62;0;0,09;6,96;6,96;1,08;0,95
7;StudentAttendanceSystem;pair;1664;22;42;40;224;100;0,23;0,14;0,92;0,24;7,96;7,96;1,97;1,52
7;StudentAttendanceSystem;state;1665;22;43;8;43;100;0,25;0,34;0;0,07;8,96;8,96;0,83;0,67
7;StudentAttendanceSystem;transition;1665;22;43;15;43;100;0,28;0,52;0;0,1;8,96;8,96;1,01;0,89
7;StudentAttendanceSystem;pair;1665;22;43;39;221;100;0,21;0,12;0,85;0,23;9,96;10,96;1,84;1,4
7;StudentAttendanceSystem;state;1666;27;53;11;60;100;0,25;0,3;0;0,07;10,96;10,96;0,7;0,62
7;StudentAttendanceSystem;transition;1666;27;53;17;52;100;0,25;0,62;0;0,11;11,96;11,96;1,1;0,98
7;StudentAttendanceSystem;pair;1666;27;53;52;296;100;0,23;0,17;1,37;0,36;13,96;13,96;2,68;2,13
7;StudentAttendanceSystem;state;1667;22;43;8;43;100;0,21;0,27;0;0,08;13,96;14,96;0,68;0,57
7;StudentAttendanceSystem;transition;1667;22;43;15;43;100;0,24;0,48;0;0,11;14,96;14,96;0,93;0,83
7;StudentAttendanceSystem;pair;1667;22;43;39;225;100;0,25;0,14;0,89;0,26;15,96;16,96;2,02;1,55
7;StudentAttendanceSystem;state;1668;24;44;9;48;100;0,23;0,25;0;0,05;16,96;16,96;0,62;0,53
7;StudentAttendanceSystem;transition;1668;24;44;16;43;100;0,19;0,54;0;0,11;17,96;17,96;0,93;0,84
7;StudentAttendanceSystem;pair;1668;24;44;39;215;100;0,19;0,13;0,87;0,29;18,96;18,96;2;1,49
7;StudentAttendanceSystem;state;1669;22;38;9;46;100;0,26;0,26;0;0,07;19,96;19,96;0,69;0,59
7;StudentAttendanceSystem;transition;1669;22;38;14;37;100;0,18;0,52;0;0,09;19,96;20,96;0,96;0,79
7;StudentAttendanceSystem;pair;1669;22;38;27;146;100;0,31;0,11;0,56;0,15;20,96;21,96;1,59;1,13
7;StudentAttendanceSystem;state;1670;21;38;8;42;100;0,19;0,23;0;0,04;21,96;21,96;0,53;0,46
7;StudentAttendanceSystem;transition;1670;21;38;13;38;100;0,18;0,41;0;0,1;22,96;22,96;0,78;0,7
7;StudentAttendanceSystem;pair;1670;21;38;32;176;100;0,19;0,12;0,7;0,14;23,96;23,96;1,59;1,15
7;StudentAttendanceSystem;state;1671;19;38;8;41;100;0,21;0,25;0;0,05;23,96;24,96;0,59;0,51
7;StudentAttendanceSystem;transition;1671;19;38;13;38;100;0,23;0,43;0;0,07;24,96;24,96;0,85;0,74
7;StudentAttendanceSystem;pair;1671;19;38;36;204;100;0,22;0,12;0,8;0,16;25,96;25,96;1,69;1,31
7;StudentAttendanceSystem;state;1672;24;44;9;48;100;0,27;0,32;0;0,06;26,96;26,96;0,74;0,66
7;StudentAttendanceSystem;transition;1672;24;44;15;43;100;0,2;0,56;0;0,13;27,96;27,96;1;0,88
7;StudentAttendanceSystem;pair;1672;24;44;42;230;100;0,29;0,18;1,34;0,3;28,96;28,96;2,74;2,11
7;StudentAttendanceSystem;state;1673;25;44;10;55;100;0,34;0,43;0;0,09;29,96;29,96;0,99;0,86
7;StudentAttendanceSystem;transition;1673;25;44;14;43;100;0,32;0,74;0;0,15;29,96;30,96;1,4;1,22
7;StudentAttendanceSystem;pair;1673;25;44;38;206;100;0,32;0,19;1,15;0,3;31,96;31,96;2,62;1,95
7;StudentAttendanceSystem;state;1674;19;36;7;36;100;0,3;0,31;0;0,05;31,96;31,96;0,76;0,66
7;StudentAttendanceSystem;transition;1674;19;36;12;36;100;0,29;0,61;0;0,12;32,96;32,96;1,18;1,01
7;StudentAttendanceSystem;pair;1674;19;36;38;202;100;0,26;0,18;1,09;0,23;33,96;33,96;2,32;1,77
7;StudentAttendanceSystem;state;1675;20;34;7;36;100;0,2;0,23;0;0,05;34,96;34,96;0,57;0,48
7;StudentAttendanceSystem;transition;1675;20;34;11;33;100;0,21;0,43;0;0,07;34,96;34,96;0,8;0,71
7;StudentAttendanceSystem;pair;1675;20;34;32;168;100;0,21;0,12;0,64;0,31;35,96;36,96;1,72;1,28
7;StudentAttendanceSystem;state;1676;28;58;13;72;100;0,32;0,44;0;0,1;36,96;36,96;0,98;0,87
7;StudentAttendanceSystem;transition;1676;28;58;19;58;100;0,27;1,03;0;0,21;37,96;37,96;1,69;1,51
7;StudentAttendanceSystem;pair;1676;28;58;57;323;100;0,36;0,2;1,64;0,31;39,96;39,96;3,22;2,5
7;StudentAttendanceSystem;state;1677;24;48;11;59;100;0,24;0,34;0;0,09;40,96;40,96;0,78;0,67
7;StudentAttendanceSystem;transition;1677;24;48;16;48;100;0,25;0,55;0;0,1;40,96;40,96;1;0,89
7;StudentAttendanceSystem;pair;1677;24;48;42;244;100;0,28;0,2;1,09;0,25;42,96;42,96;2,34;1,82
7;StudentAttendanceSystem;state;1678;21;42;8;42;100;0,22;0,24;0;0,05;42,96;42,96;0,61;0,5
7;StudentAttendanceSystem;transition;1678;21;42;14;42;100;0,2;0,57;0;0,11;43,96;43,96;1,01;0,87
7;StudentAttendanceSystem;pair;1678;21;42;45;249;100;0,24;0,15;1,31;0,38;44,96;45,96;2,65;2,08
7;StudentAttendanceSystem;state;1679;24;44;9;49;100;0,33;0,3;0;0,09;45,96;45,96;0,83;0,72
7;StudentAttendanceSystem;transition;1679;24;44;15;43;100;0,3;0,69;0;0,1;46,96;46,96;1,23;1,08
7;StudentAttendanceSystem;pair;1679;24;44;41;228;100;0,28;0,14;1,11;0,23;47,96;47,96;2,31;1,76
7;StudentAttendanceSystem;state;1680;20;35;7;36;100;0,25;0,28;0;0,07;48,96;48,96;0,7;0,6
7;StudentAttendanceSystem;transition;1680;20;35;12;34;100;0,24;0,43;0;0,12;48,96;49,96;0,93;0,79
7;StudentAttendanceSystem;pair;1680;20;35;34;176;100;0,2;0,1;0,76;0,2;49,96;50,96;1,69;1,26
7;StudentAttendanceSystem;state;1681;19;35;7;36;100;0,21;0,22;0;0,04;50,96;50,96;0,55;0,48
7;StudentAttendanceSystem;transition;1681;19;35;11;35;100;0,23;0,6;0;0,12;51,96;51,96;1,06;0,94
7;StudentAttendanceSystem;pair;1681;19;35;35;191;100;0,25;0,11;0,97;0,2;52,96;52,96;1,98;1,53
7;StudentAttendanceSystem;state;1682;24;48;11;59;100;0,25;0,31;0;0,07;52,96;53,96;0,75;0,63
7;StudentAttendanceSystem;transition;1682;24;48;16;48;100;0,23;0,69;0;0,13;53,96;53,96;1,18;1,05
7;StudentAttendanceSystem;pair;1682;24;48;42;244;100;0,31;0,22;1,07;0,22;55,96;55,96;2,43;1,83
7;StudentAttendanceSystem;state;1683;23;41;9;48;100;0,33;0,4;0;0,1;55,96;55,96;0,94;0,83
7;StudentAttendanceSystem;transition;1683;23;41;13;40;100;0,26;0,54;0;0,14;56,96;56,96;1,08;0,94
7;StudentAttendanceSystem;pair;1683;23;41;37;197;100;0,25;0,12;1,07;0,23;57,96;57,96;2,2;1,68
7;StudentAttendanceSystem;state;1684;27;54;12;63;100;0,28;0,45;0;0,08;58,96;58,96;0,91;0,82
7;StudentAttendanceSystem;transition;1684;27;54;19;53;100;0,27;0,71;0;0,12;59,96;59,96;1,22;1,11
7;StudentAttendanceSystem;pair;1684;27;54;48;274;100;0,27;0,19;1,8;0,25;60,96;61,96;3,02;2,51
7;StudentAttendanceSystem;state;1685;20;37;8;39;100;0,27;0,3;0;0,07;61,96;61,96;0,75;0,64
7;StudentAttendanceSystem;transition;1685;20;37;15;37;100;0,19;0,51;0;0,08;62,96;62,96;0,9;0,78
7;StudentAttendanceSystem;pair;1685;20;37;33;165;100;0,19;0,11;0,94;0,2;63,96;63,96;1,94;1,44
7;StudentAttendanceSystem;state;1686;16;27;6;30;100;0,25;0,24;0;0,05;63,96;63,96;0,67;0,54
7;StudentAttendanceSystem;transition;1686;16;27;9;27;100;0,31;0,45;0;0,08;64,96;64,96;0,98;0,84
7;StudentAttendanceSystem;pair;1686;16;27;22;112;100;0,24;0,1;0,52;0,15;65,96;65,96;1,42;1
7;StudentAttendanceSystem;state;1687;23;41;9;45;100;0,23;0,23;0;0,05;65,96;65,96;0,59;0,51
7;StudentAttendanceSystem;transition;1687;23;41;16;40;100;0,21;0,5;0;0,09;66,96;66,96;0,9;0,81
7;StudentAttendanceSystem;pair;1687;23;41;34;177;100;0,22;0,12;0,94;0,22;67,96;67,96;1,94;1,5
7;StudentAttendanceSystem;state;1688;18;30;7;37;100;0,22;0,25;0;0,04;68,96;68,96;0,59;0,51
7;StudentAttendanceSystem;transition;1688;18;30;10;30;100;0,24;0,52;0;0,09;68,96;68,96;0,98;0,85
7;StudentAttendanceSystem;pair;1688;18;30;22;116;100;0,17;0,11;0,48;0,09;69,96;69,96;1,15;0,84
7;StudentAttendanceSystem;state;1689;27;53;12;68;100;0,33;0,42;0;0,11;70,96;70,96;0,98;0,85
7;StudentAttendanceSystem;transition;1689;27;53;17;52;100;0,34;0,94;0;0,18;71,96;71,96;1,62;1,46
7;StudentAttendanceSystem;pair;1689;27;53;51;295;100;0,37;0,23;1,85;0,39;72,96;72,96;3,62;2,83
7;StudentAttendanceSystem;state;1690;20;34;8;43;100;0,3;0,3;0;0,07;73,96;73,96;0,79;0,67
7;StudentAttendanceSystem;transition;1690;20;34;11;33;100;0,29;0,55;0;0,12;73,96;74,96;1,13;0,97
7;StudentAttendanceSystem;pair;1690;20;34;30;164;100;0,24;0,13;0,8;0,2;74,96;75,96;1,82;1,37
7;StudentAttendanceSystem;state;1691;26;53;11;61;100;0,26;0,29;0;0,06;75,96;75,96;0,68;0,61
7;StudentAttendanceSystem;transition;1691;26;53;19;53;100;0,29;0,63;0;0,16;76,96;76,96;1,23;1,08
7;StudentAttendanceSystem;pair;1691;26;53;51;283;100;0,35;0,24;1,44;0,23;77,96;78,96;2,89;2,26
7;StudentAttendanceSystem;state;1692;24;45;10;54;100;0,23;0,25;0;0,05;78,96;78,96;0,6;0,53
7;StudentAttendanceSystem;transition;1692;24;45;15;44;100;0,24;0,57;0;0,1;79,96;79,96;1,04;0,91
7;StudentAttendanceSystem;pair;1692;24;45;38;212;100;0,26;0,15;0,95;0,2;80,96;81,96;2,05;1,56
7;StudentAttendanceSystem;state;1693;22;40;8;42;100;0,2;0,25;0;0,08;81,96;81,96;0,62;0,52
7;StudentAttendanceSystem;transition;1693;22;40;13;39;100;0,22;0,54;0;0,11;82,96;82,96;1,03;0,88
7;StudentAttendanceSystem;pair;1693;22;40;39;215;100;0,27;0,15;1,27;0,31;83,96;83,96;2,54;2
7;StudentAttendanceSystem;state;1694;14;22;5;23;100;0,23;0,22;0;0,04;84,96;84,96;0,59;0,49
7;StudentAttendanceSystem;transition;1694;14;22;7;22;100;0,16;0,27;0;0,04;84,96;84,96;0,56;0,47
7;StudentAttendanceSystem;pair;1694;14;22;22;99;100;0,12;0,05;0,33;0,07;85,96;85,96;0,81;0,59
7;StudentAttendanceSystem;state;1695;20;35;7;37;100;0,18;0,2;0;0,03;85,96;85,96;0,48;0,42
7;StudentAttendanceSystem;transition;1695;20;35;12;34;100;0,16;0,4;0;0,06;86,96;86,96;0,71;0,63
7;StudentAttendanceSystem;pair;1695;20;35;35;179;100;0,19;0,09;0,64;0,21;87,96;87,96;1,47;1,13
7;StudentAttendanceSystem;state;1696;25;46;11;62;100;0,24;0,28;0;0,06;88,96;88,96;0,66;0,58
7;StudentAttendanceSystem;transition;1696;25;46;14;45;100;0,22;0,54;0;0,1;88,96;88,96;0,96;0,86
7;StudentAttendanceSystem;pair;1696;25;46;41;233;100;0,22;0,13;0,91;0,24;90,96;90,96;1,94;1,5
7;StudentAttendanceSystem;state;1697;19;35;8;40;100;0,19;0,2;0;0,04;90,96;90,96;0,49;0,43
7;StudentAttendanceSystem;transition;1697;19;35;12;35;100;0,18;0,38;0;0,07;91,96;91,96;0,73;0,64
7;StudentAttendanceSystem;pair;1697;19;35;30;165;100;0,18;0,1;0,58;0,13;92,96;92,96;1,33;0,99
7;StudentAttendanceSystem;state;1698;26;51;11;61;100;0,24;0,4;0;0,07;93,96;93,96;0,81;0,7
7;StudentAttendanceSystem;transition;1698;26;51;17;51;100;0,25;0,59;0;0,12;93,96;94,96;1,1;0,97
7;StudentAttendanceSystem;pair;1698;26;51;45;257;100;0,22;0,16;1,06;0,24;95,96;95,96;2,16;1,68
7;StudentAttendanceSystem;state;1699;26;53;11;62;100;0,28;0,31;0;0,09;96,96;96,96;0,76;0,68
7;StudentAttendanceSystem;transition;1699;26;53;17;53;100;0,29;0,75;0;0,22;97,96;97,96;1,43;1,26
7;StudentAttendanceSystem;pair;1699;26;53;45;263;100;0,3;0,19;1,3;0,37;98,96;98,96;2,79;2,16
7;StudentAttendanceSystem;state;1700;26;51;10;52;100;0,34;0,38;0;0,09;99,96;99,96;0,92;0,8
7;StudentAttendanceSystem;transition;1700;26;51;19;50;100;0,32;0,9;0;0,17;100,96;100,96;1,55;1,4
7;StudentAttendanceSystem;pair;1700;26;51;44;249;100;0,34;0,23;1,7;0,35;101,96;101,96;3,34;2,63
7;StudentAttendanceSystem;state;1701;19;35;8;43;100;0,3;0,31;0;0,06;102,96;102,96;0,78;0,67
7;StudentAttendanceSystem;transition;1701;19;35;11;35;100;0,25;0,52;0;0,11;102,96;103,96;1,05;0,88
7;StudentAttendanceSystem;pair;1701;19;35;34;176;100;0,25;0,14;0,89;0,21;103,96;104,96;2,03;1,49
7;StudentAttendanceSystem;state;1702;24;44;10;56;100;0,34;0,43;0;0,09;104,96;104,96;0,98;0,86
7;StudentAttendanceSystem;transition;1702;24;44;14;43;100;0,29;0,69;0;0,13;105,96;105,96;1,27;1,11
7;StudentAttendanceSystem;pair;1702;24;44;37;211;100;0,31;0,18;1,13;0,32;106,96;106,96;2,55;1,94
7;StudentAttendanceSystem;state;1703;22;43;9;45;100;0,32;0,36;0;0,08;107,96;107,96;0,88;0,77
7;StudentAttendanceSystem;transition;1703;22;43;17;43;100;0,29;0,73;0;0,1;108,96;108,96;1,27;1,13
7;StudentAttendanceSystem;pair;1703;22;43;39;207;100;0,23;0,12;0,85;0,24;109,96;109,96;1,89;1,45
7;StudentAttendanceSystem;state;1704;24;49;10;54;100;0,34;0,45;0;0,1;110,96;110,96;1;0,88
7;StudentAttendanceSystem;transition;1704;24;49;16;49;100;0,34;0,57;0;0,11;110,96;110,96;1,15;1,02
7;StudentAttendanceSystem;pair;1704;24;49;51;283;100;0,32;0,2;1,53;0,31;112,96;112,96;3,04;2,36
7;StudentAttendanceSystem;state;1705;18;32;7;37;100;0,19;0,2;0;0,04;113,96;113,96;0,5;0,43
7;StudentAttendanceSystem;transition;1705;18;32;10;32;100;0,2;0,35;0;0,07;113,96;113,96;0,74;0,63
7;StudentAttendanceSystem;pair;1705;18;32;27;153;100;0,21;0,11;0,55;0,13;114,96;114,96;1,37;1
7;StudentAttendanceSystem;state;1706;26;53;11;61;100;0,23;0,34;0;0,07;115,96;115,96;0,72;0,64
7;StudentAttendanceSystem;transition;1706;26;53;19;53;100;0,29;0,69;0;0,11;116,96;116,96;1,2;1,09
7;StudentAttendanceSystem;pair;1706;26;53;51;283;100;0,27;0,25;1,31;0,23;117,96;117,96;2,68;2,06
7;StudentAttendanceSystem;state;1707;24;44;9;49;100;0,22;0,28;0;0,06;118,96;118,96;0,64;0,56
7;StudentAttendanceSystem;transition;1707;24;44;15;43;100;0,22;0,67;0;0,12;119,96;119,96;1,14;1
7;StudentAttendanceSystem;pair;1707;24;44;42;230;100;0,27;0,13;0,95;0,19;120,96;120,96;2,05;1,54
7;StudentAttendanceSystem;state;1708;18;35;8;38;100;0,21;0,26;0;0,05;121,96;121,96;0,64;0,53
7;StudentAttendanceSystem;transition;1708;18;35;13;35;100;0,2;0,46;0;0,07;121,96;121,96;0,83;0,73
7;StudentAttendanceSystem;pair;1708;18;35;32;169;100;0,16;0,1;0,56;0,13;122,96;122,96;1,25;0,94
7;StudentAttendanceSystem;state;1709;18;33;7;36;100;0,18;0,21;0;0,03;123,96;123,96;0,49;0,43
7;StudentAttendanceSystem;transition;1709;18;33;11;33;100;0,16;0,36;0;0,06;123,96;123,96;0,64;0,57
7;StudentAttendanceSystem;pair;1709;18;33;29;159;100;0,22;0,14;0,56;0,14;124,96;125,96;1,39;1,05
7;StudentAttendanceSystem;state;1710;20;32;7;36;100;0,18;0,21;0;0,04;125,96;125,96;0,51;0,43
7;StudentAttendanceSystem;transition;1710;20;32;12;31;100;0,18;0,46;0;0,08;126,96;126,96;0,87;0,72
7;StudentAttendanceSystem;pair;1710;20;32;26;121;100;0,17;0,09;0,51;0,17;126,96;127,96;1,35;0,94
7;StudentAttendanceSystem;state;1711;24;45;10;56;100;0,22;0,28;0;0,07;127,96;127,96;0,67;0,57
7;StudentAttendanceSystem;transition;1711;24;45;15;44;100;0,23;0,65;0;0,1;128,96;128,96;1,08;0,97
7;StudentAttendanceSystem;pair;1711;24;45;40;226;100;0,21;0,13;0,87;0,18;129,96;129,96;1,8;1,4
7;StudentAttendanceSystem;state;1712;22;43;8;43;100;0,21;0,22;0;0,04;130,96;130,96;0,54;0,47
7;StudentAttendanceSystem;transition;1712;22;43;15;43;100;0,23;0,48;0;0,1;130,96;131,96;0,91;0,81
7;StudentAttendanceSystem;pair;1712;22;43;38;220;100;0,22;0,12;0,88;0,23;132,96;132,96;1,87;1,46
7;StudentAttendanceSystem;state;1713;25;47;10;51;100;0,23;0,25;0;0,05;132,96;133,96;0,61;0,52
7;StudentAttendanceSystem;transition;1713;25;47;18;46;100;0,2;0,58;0;0,1;133,96;133,96;0,97;0,88
7;StudentAttendanceSystem;pair;1713;25;47;40;220;100;0,28;0,13;1,03;0,22;135,96;135,96;2,13;1,66
7;StudentAttendanceSystem;state;1714;29;58;12;68;100;0,4;0,51;0;0,1;135,96;136,96;1,14;1,02
7;StudentAttendanceSystem;transition;1714;29;58;19;57;100;0,28;0,88;0;0,2;136,96;136,96;1,55;1,37
7;StudentAttendanceSystem;pair;1714;29;58;49;287;100;0,27;0,2;1,37;0,28;138,96;138,96;2,62;2,12
7;StudentAttendanceSystem;state;1715;24;44;10;51;100;0,27;0,31;0;0,06;139,96;139,96;0,72;0,63
7;StudentAttendanceSystem;transition;1715;24;44;15;43;100;0,21;0,47;0;0,1;139,96;140,96;0,87;0,78
7;StudentAttendanceSystem;pair;1715;24;44;39;207;100;0,22;0,15;1,24;0,27;141,96;141,96;2,49;1,89
7;StudentAttendanceSystem;state;1716;23;45;8;43;100;0,22;0,31;0;0,08;141,96;141,96;0,69;0,6
7;StudentAttendanceSystem;transition;1716;23;45;15;44;100;0,21;0,48;0;0,09;142,96;142,96;0,87;0,78
7;StudentAttendanceSystem;pair;1716;23;45;46;260;100;0,2;0,18;1,1;0,32;143,96;144,96;2,31;1,8
7;StudentAttendanceSystem;state;1717;19;33;7;37;100;0,19;0,19;0;0,03;144,96;144,96;0,48;0,41
7;StudentAttendanceSystem;transition;1717;19;33;12;32;100;0,24;0,46;0;0,07;145,96;145,96;0,88;0,78
7;StudentAttendanceSystem;pair;1717;19;33;28;144;100;0,2;0,09;0,51;0,15;146,96;146,96;1,47;0,95
7;StudentAttendanceSystem;state;1718;30;61;13;73;100;0,27;0,47;0;0,12;147,96;147,96;0,98;0,86
7;StudentAttendanceSystem;transition;1718;30;61;21;60;100;0,32;0,82;0;0,18;147,96;148,96;1,47;1,31
7;StudentAttendanceSystem;pair;1718;30;61;55;315;100;0,34;0,27;1,53;0,36;149,96;150,96;3,17;2,5
7;StudentAttendanceSystem;state;1719;18;30;7;37;100;0,18;0,21;0;0,05;150,96;150,96;0,53;0,43
7;StudentAttendanceSystem;transition;1719;18;30;10;30;100;0,19;0,42;0;0,08;150,96;151,96;0,82;0,68
7;StudentAttendanceSystem;pair;1719;18;30;22;116;100;0,21;0,09;0,39;0,09;151,96;151,96;1,07;0,78
7;StudentAttendanceSystem;state;1720;20;35;8;40;100;0,2;0,23;0;0,05;152,96;152,96;0,56;0,48
7;StudentAttendanceSystem;transition;1720;20;35;13;34;100;0,24;0,47;0;0,08;153,96;153,96;0,91;0,79
7;StudentAttendanceSystem;pair;1720;20;35;30;157;100;0,24;0,1;0,59;0,18;153,96;154,96;1,51;1,1
7;StudentAttendanceSystem;state;1721;29;58;12;68;100;0,25;0,36;0;0,09;154,96;154,96;0,8;0,7
7;StudentAttendanceSystem;transition;1721;29;58;19;57;100;0,29;0,91;0;0,14;155,96;155,96;1,5;1,34
7;StudentAttendanceSystem;pair;1721;29;58;48;285;100;0,29;0,19;1,29;0,25;157,96;157,96;2,6;2,02
7;StudentAttendanceSystem;state;1722;19;37;8;39;100;0,18;0,24;0;0,04;158,96;158,96;0,53;0,46
7;StudentAttendanceSystem;transition;1722;19;37;14;37;100;0,17;0,44;0;0,07;158,96;158,96;0,78;0,68
7;StudentAttendanceSystem;pair;1722;19;37;34;180;100;0,2;0,11;0,73;0,22;159,96;159,96;1,69;1,27
7;StudentAttendanceSystem;state;1723;26;50;10;56;100;0,28;0,32;0;0,1;160,96;160,96;0,81;0,7
7;StudentAttendanceSystem;transition;1723;26;50;18;49;100;0,25;0,8;0;0,11;161,96;161,96;1,27;1,16
7;StudentAttendanceSystem;pair;1723;26;50;45;247;100;0,25;0,16;1,09;0,24;162,96;163,96;2,22;1,74
7;StudentAttendanceSystem;state;1724;20;34;8;43;100;0,22;0,29;0;0,06;163,96;163,96;0,67;0,57
7;StudentAttendanceSystem;transition;1724;20;34;11;33;100;0,2;0,4;0;0,09;164,96;164,96;0,8;0,69
7;StudentAttendanceSystem;pair;1724;20;34;32;171;100;0,23;0,1;0,7;0,17;165,96;165,96;1,6;1,2
7;StudentAttendanceSystem;state;1725;23;46;10;56;100;0,22;0,27;0;0,06;165,96;165,96;0,64;0,55
7;StudentAttendanceSystem;transition;1725;23;46;15;46;100;0,26;0,57;0;0,14;166,96;166,96;1,12;0,97
7;StudentAttendanceSystem;pair;1725;23;46;43;249;100;0,23;0,21;1,06;0,22;167,96;168,96;2,32;1,72
7;StudentAttendanceSystem;state;1726;19;36;8;39;100;0,18;0,23;0;0,06;168,96;168,96;0,56;0,47
7;StudentAttendanceSystem;transition;1726;19;36;13;36;100;0,38;0,68;0;0,11;169,96;169,96;1,32;1,17
7;StudentAttendanceSystem;pair;1726;19;36;32;171;100;0,26;0,15;0,94;0,21;170,96;170,96;2,06;1,57
7;StudentAttendanceSystem;state;1727;17;29;7;34;100;0,24;0,26;0;0,05;170,96;170,96;0,63;0,54
7;StudentAttendanceSystem;transition;1727;17;29;10;29;100;0,21;0,5;0;0,08;171,96;171,96;0,9;0,79
7;StudentAttendanceSystem;pair;1727;17;29;23;118;100;0,22;0,15;0,63;0,17;172,96;172,96;1,59;1,17
7;StudentAttendanceSystem;state;1728;26;48;11;58;100;0,36;0,41;0;0,08;172,96;172,96;0,96;0,85
7;StudentAttendanceSystem;transition;1728;26;48;18;47;100;0,39;0,84;0;0,19;173,96;173,96;1,58;1,43
7;StudentAttendanceSystem;pair;1728;26;48;39;207;100;0,31;0,19;1,19;0,37;174,96;175,96;2,75;2,06
7;StudentAttendanceSystem;state;1729;22;40;9;47;100;0,33;0,45;0;0,08;175,96;175,96;0,97;0,85
7;StudentAttendanceSystem;transition;1729;22;40;13;40;100;0,29;0,67;0;0,12;176,96;176,96;1,2;1,07
7;StudentAttendanceSystem;pair;1729;22;40;38;208;100;0,28;0,23;1,12;0,3;177,96;177,96;2,59;1,94
7;StudentAttendanceSystem;state;1730;20;31;7;37;100;0,28;0,32;0;0,07;178,96;178,96;0,79;0,66
7;StudentAttendanceSystem;transition;1730;20;31;10;30;100;0,24;0,56;0;0,09;178,96;178,96;1,11;0,89
7;StudentAttendanceSystem;pair;1730;20;31;25;123;100;0,23;0,12;0,64;0,16;179,96;179,96;1,63;1,15
7;StudentAttendanceSystem;state;1731;28;54;12;66;100;0,36;0,48;0;0,12;180,96;180,96;1,1;0,96
7;StudentAttendanceSystem;transition;1731;28;54;19;53;100;0,51;1,08;0;0,22;180,96;181,96;1,99;1,8
7;StudentAttendanceSystem;pair;1731;28;54;54;292;100;0,35;0,25;1,85;0,45;182,96;182,96;3,62;2,89
7;StudentAttendanceSystem;state;1732;18;33;8;41;100;0,29;0,37;0;0,08;183,96;183,96;0,86;0,74
7;StudentAttendanceSystem;transition;1732;18;33;11;33;100;0,25;0,51;0;0,13;183,96;184,96;1,01;0,89
7;StudentAttendanceSystem;pair;1732;18;33;28;144;100;0,23;0,13;0,71;1,74;184,96;186;3,29;2,82
7;StudentAttendanceSystem;state;1733;21;41;9;44;100;0,3;0,38;0;0,08;6;6;0,89;0,76
7;StudentAttendanceSystem;transition;1733;21;41;16;41;100;0,4;0,57;0;0,09;7;7;1,22;1,07
7;StudentAttendanceSystem;pair;1733;21;41;37;199;100;0,29;0,18;0,97;0,2;8;8;2,04;1,63
7;StudentAttendanceSystem;state;1734;26;46;11;60;100;0,27;0,31;0;0,08;9;9;0,77;0,66
7;StudentAttendanceSystem;transition;1734;26;46;15;45;100;0,32;0,64;0;0,09;9;9;1,19;1,05
7;StudentAttendanceSystem;pair;1734;26;46;40;214;100;0,3;0,21;1,09;0,22;11;11;2,41;1,82
7;StudentAttendanceSystem;state;1735;23;45;8;43;100;0,23;0,27;0;0,06;11;11;0,64;0,56
7;StudentAttendanceSystem;transition;1735;23;45;15;44;100;0,21;0,52;0;0,09;12;12;0,92;0,82
7;StudentAttendanceSystem;pair;1735;23;45;46;260;100;0,2;0,17;1,39;0,37;13;14;2,65;2,13
7;StudentAttendanceSystem;state;1736;19;32;7;37;100;0,19;0,29;0;0,07;14;14;0,65;0,55
7;StudentAttendanceSystem;transition;1736;19;32;10;32;100;0,18;0,4;0;0,06;15;15;0,74;0,64
7;StudentAttendanceSystem;pair;1736;19;32;28;148;100;0,22;0,13;0,7;0,12;16;16;1,6;1,17
7;StudentAttendanceSystem;state;1737;27;54;12;67;100;0,27;0,32;0;0,07;16;16;0,75;0,66
7;StudentAttendanceSystem;transition;1737;27;54;16;54;100;0,28;0,65;0;0,16;17;17;1,22;1,09
7;StudentAttendanceSystem;pair;1737;27;54;48;284;100;0,24;0,18;1,47;0,27;19;19;2,69;2,17
7;StudentAttendanceSystem;state;1738;25;44;10;55;100;0,22;0,27;0;0,1;20;20;0,67;0,59
7;StudentAttendanceSystem;transition;1738;25;44;14;43;100;0,2;0,59;0;0,12;20;20;1,05;0,92
7;StudentAttendanceSystem;pair;1738;25;44;37;201;100;0,3;0,17;0,86;0,2;21;22;2,1;1,54
7;StudentAttendanceSystem;state;1739;26;50;11;56;100;0,31;0,37;0;0,09;22;22;0,89;0,77
7;StudentAttendanceSystem;transition;1739;26;50;19;49;100;0,25;0,81;0;0,12;23;23;1,32;1,17
7;StudentAttendanceSystem;pair;1739;26;50;50;268;100;0,24;0,16;1,36;0,28;24;25;2,58;2,03
7;StudentAttendanceSystem;state;1740;22;37;8;43;100;0,27;0,29;0;0,06;25;25;0,73;0,62
7;StudentAttendanceSystem;transition;1740;22;37;12;36;100;0,27;0,48;0;0,1;26;26;0,97;0,85
7;StudentAttendanceSystem;pair;1740;22;37;32;172;100;0,28;0,13;0,82;0,25;27;27;2,01;1,48
7;StudentAttendanceSystem;state;1741;23;42;9;46;100;0,21;0,25;0;0,04;28;28;0,57;0,5
7;StudentAttendanceSystem;transition;1741;23;42;16;41;100;0,2;0,49;0;0,09;28;28;0,86;0,78
7;StudentAttendanceSystem;pair;1741;23;42;39;203;100;0,2;0,15;0,75;0,17;30;30;1,63;1,27
7;StudentAttendanceSystem;state;1742;31;62;14;78;100;0,45;0,54;0;0,08;30;31;1,19;1,07
7;StudentAttendanceSystem;transition;1742;31;62;20;61;100;0,26;0,77;0;0,14;31;31;1,31;1,17
7;StudentAttendanceSystem;pair;1742;31;62;58;332;100;0,34;0,3;2,33;0,43;33;34;4,26;3,4
7;StudentAttendanceSystem;state;1743;21;40;9;48;100;0,28;0,29;0;0,05;34;34;0,72;0,62
7;StudentAttendanceSystem;transition;1743;21;40;13;40;100;0,21;0,52;0;0,08;35;35;0,9;0,8
7;StudentAttendanceSystem;pair;1743;21;40;34;188;100;0,21;0,14;0,7;0,15;36;36;1,56;1,21
7;StudentAttendanceSystem;state;1744;22;38;8;42;100;0,21;0,23;0;0,04;36;36;0,57;0,49
7;StudentAttendanceSystem;transition;1744;22;38;14;37;100;0,25;0,56;0;0,11;37;37;1,03;0,92
7;StudentAttendanceSystem;pair;1744;22;38;32;164;100;0,26;0,13;0,77;0,23;38;38;1,92;1,39
7;StudentAttendanceSystem;state;1745;23;42;9;47;100;0,21;0,36;0;0,05;39;39;0,7;0,63
7;StudentAttendanceSystem;transition;1745;23;42;15;41;100;0,21;0,47;0;0,12;39;40;0,89;0,79
7;StudentAttendanceSystem;pair;1745;23;42;36;198;100;0,19;0,17;0,83;0,19;41;41;1,75;1,37
7;StudentAttendanceSystem;state;1746;19;32;7;36;100;0,25;0,27;0;0,05;41;41;0,68;0,58
7;StudentAttendanceSystem;transition;1746;19;32;11;32;100;0,24;0,49;0;0,08;42;42;0,94;0,81
7;StudentAttendanceSystem;pair;1746;19;32;26;133;100;0,26;0,11;0,66;0,18;43;43;1,65;1,21
7;StudentAttendanceSystem;state;1747;22;40;9;50;100;0,28;0,38;0;0,08;43;43;0,85;0,74
7;StudentAttendanceSystem;transition;1747;22;40;13;39;100;0,26;0,66;0;0,15;44;44;1,2;1,07
7;StudentAttendanceSystem;pair;1747;22;40;38;214;100;0,27;0,16;1,27;0,3;45;46;2,6;2
7;StudentAttendanceSystem;state;1748;28;54;11;62;100;0,37;0,52;0;0,11;46;46;1,11;1
7;StudentAttendanceSystem;transition;1748;28;54;18;53;100;0,35;0,95;0;0,17;47;47;1,62;1,47
7;StudentAttendanceSystem;pair;1748;28;54;46;268;100;0,34;0,38;1,61;0,32;48;49;3,27;2,65
7;StudentAttendanceSystem;state;1749;19;32;7;37;100;0,28;0,25;0;0,04;49;49;0,67;0,57
7;StudentAttendanceSystem;transition;1749;19;32;11;31;100;0,19;0,48;0;0,09;50;50;0,9;0,77
7;StudentAttendanceSystem;pair;1749;19;32;27;145;100;0,28;0,09;0,64;0,19;51;51;1,59;1,2
7;StudentAttendanceSystem;state;1750;21;42;9;46;100;0,27;0,32;0;0,06;51;51;0,73;0,64
7;StudentAttendanceSystem;transition;1750;21;42;15;42;100;0,26;0,6;0;0,11;52;52;1,12;0,97
7;StudentAttendanceSystem;pair;1750;21;42;37;201;100;0,21;0,17;1,03;0,19;53;53;2,06;1,6
7;StudentAttendanceSystem;state;1751;22;41;9;47;100;0,29;0,31;0;0,09;54;54;0,8;0,68
7;StudentAttendanceSystem;transition;1751;22;41;14;41;100;0,29;0,67;0;0,09;55;55;1,2;1,05
7;StudentAttendanceSystem;pair;1751;22;41;41;223;100;0,22;0,13;0,92;0,19;56;56;1,96;1,46
7;StudentAttendanceSystem;state;1752;22;41;9;46;100;0,24;0,28;0;0,05;57;57;0,67;0,57
7;StudentAttendanceSystem;transition;1752;22;41;15;40;100;0,23;0,56;0;0,11;57;57;1,06;0,91
7;StudentAttendanceSystem;pair;1752;22;41;35;196;100;0,21;0,12;0,77;0,19;58;59;1,71;1,29
7;StudentAttendanceSystem;state;1753;25;47;10;54;100;0,34;0,3;0;0,07;59;59;0,82;0,72
7;StudentAttendanceSystem;transition;1753;25;47;15;46;100;0,28;0,6;0;0,13;60;60;1,14;1,01
7;StudentAttendanceSystem;pair;1753;25;47;45;249;100;0,29;0,16;1,18;0,31;61;62;2,41;1,94
7;StudentAttendanceSystem;state;1754;25;44;10;55;100;0,24;0,38;0;0,09;62;62;0,85;0,72
7;StudentAttendanceSystem;transition;1754;25;44;15;43;100;0,26;0,67;0;0,14;63;63;1,22;1,07
7;StudentAttendanceSystem;pair;1754;25;44;35;187;100;0,28;0,12;0,86;0,23;64;64;2,02;1,5
7;StudentAttendanceSystem;state;1755;26;50;10;54;100;0,33;0,42;0;0,1;65;65;0,97;0,85
7;StudentAttendanceSystem;transition;1755;26;50;17;49;100;0,31;0,72;0;0,13;65;66;1,3;1,16
7;StudentAttendanceSystem;pair;1755;26;50;49;281;100;0,27;0,2;1,72;0,26;67;67;2,97;2,46
7;StudentAttendanceSystem;state;1756;24;44;9;48;100;0,28;0,32;0;0,06;68;68;0,74;0,65
7;StudentAttendanceSystem;transition;1756;24;44;16;43;100;0,23;0,57;0;0,11;69;69;1;0,9
7;StudentAttendanceSystem;pair;1756;24;44;39;215;100;0,23;0,13;0,85;0,18;70;70;1,82;1,39
7;StudentAttendanceSystem;state;1757;25;49;11;57;100;0,23;0,3;0;0,06;71;71;0,71;0,6
7;StudentAttendanceSystem;transition;1757;25;49;18;48;100;0,21;0,63;0;0,11;71;71;1,06;0,96
7;StudentAttendanceSystem;pair;1757;25;49;44;238;100;0,29;0,17;0,97;0,21;73;73;2,13;1,64
7;StudentAttendanceSystem;state;1758;20;39;8;43;100;0,26;0,32;0;0,08;73;74;0,78;0,66
7;StudentAttendanceSystem;transition;1758;20;39;13;39;100;0,31;0,55;0;0,11;74;74;1,09;0,96
7;StudentAttendanceSystem;pair;1758;20;39;37;215;100;0,29;0,18;0,99;0,18;75;76;2,17;1,64
7;StudentAttendanceSystem;state;1759;28;56;11;62;100;0,41;0,31;0;0,06;76;76;0,87;0,79
7;StudentAttendanceSystem;transition;1759;28;56;20;55;100;0,24;0,69;0;0,13;77;77;1,15;1,05
7;StudentAttendanceSystem;pair;1759;28;56;52;294;100;0,24;0,22;1,33;0,41;78;79;2,83;2,19
7;StudentAttendanceSystem;state;1760;25;46;10;53;100;0,34;0,41;0;0,08;79;80;0,97;0,82
7;StudentAttendanceSystem;transition;1760;25;46;17;45;100;0,36;0,83;0;0,17;80;80;1,54;1,37
7;StudentAttendanceSystem;pair;1760;25;46;37;199;100;0,31;0,18;1,18;0,43;81;82;2,75;2,11
7;StudentAttendanceSystem;state;1761;20;35;8;40;100;0,28;0,34;0;0,07;82;82;0,8;0,69
7;StudentAttendanceSystem;transition;1761;20;35;12;35;100;0,27;0,62;0;0,1;83;83;1,14;0,99
7;StudentAttendanceSystem;pair;1761;20;35;30;157;100;0,29;0,13;0,91;0,23;84;84;2,15;1,56
7;StudentAttendanceSystem;state;1762;22;38;8;42;100;0,31;0,32;0;0,07;84;84;0,82;0,69
7;StudentAttendanceSystem;transition;1762;22;38;14;37;100;0,32;0,71;0;0,14;85;85;1,33;1,17
7;StudentAttendanceSystem;pair;1762;22;38;31;165;100;0,27;0,26;0,91;0,23;86;86;2,17;1,67
7;StudentAttendanceSystem;state;1763;24;44;9;48;100;0,3;0,39;0;0,11;87;87;0,92;0,8
7;StudentAttendanceSystem;transition;1763;24;44;16;43;100;0,33;0,84;0;0,17;87;88;1,49;1,34
7;StudentAttendanceSystem;pair;1763;24;44;39;215;100;0,32;0,18;1,17;0,29;89;89;2,55;1,96
7;StudentAttendanceSystem;state;1764;25;44;10;55;100;0,33;0,4;0;0,08;89;89;0,92;0,82
7;StudentAttendanceSystem;transition;1764;25;44;14;43;100;0,3;0,73;0;0,13;90;90;1,28;1,16
7;StudentAttendanceSystem;pair;1764;25;44;37;201;100;0,3;0,18;1,19;0,2;91;92;2,49;1,88
7;StudentAttendanceSystem;state;1765;19;35;8;43;100;0,19;0,25;0;0,07;92;92;0,61;0,51
7;StudentAttendanceSystem;transition;1765;19;35;11;35;100;0,26;0,64;0;0,1;93;93;1,15;1
7;StudentAttendanceSystem;pair;1765;19;35;34;190;100;0,29;0,1;0,82;0,15;94;94;1,74;1,36
7;StudentAttendanceSystem;state;1766;20;37;8;40;100;0,19;0,22;0;0,04;94;94;0,51;0,44
7;StudentAttendanceSystem;transition;1766;20;37;14;37;100;0,2;0,48;0;0,1;95;95;0,88;0,77
7;StudentAttendanceSystem;pair;1766;20;37;36;182;100;0,18;0,11;0,63;0,14;96;96;1,46;1,06
7;StudentAttendanceSystem;state;1767;23;45;10;50;100;0,24;0,29;0;0,05;97;97;0,65;0,58
7;StudentAttendanceSystem;transition;1767;23;45;17;45;100;0,21;0,56;0;0,14;97;98;1,06;0,92
7;StudentAttendanceSystem;pair;1767;23;45;46;244;100;0,32;0,18;1,35;0,24;99;99;2,66;2,09
7;StudentAttendanceSystem;state;1768;17;30;6;30;100;0,19;0,23;0;0,05;99;100;0,58;0,47
7;StudentAttendanceSystem;transition;1768;17;30;10;30;100;0,2;0,45;0;0,05;100;100;0,8;0,7
7;StudentAttendanceSystem;pair;1768;17;30;31;155;100;0,2;0,1;0,72;0,15;101;101;1,55;1,17
7;StudentAttendanceSystem;state;1769;25;48;9;49;100;0,29;0,29;0;0,06;102;102;0,7;0,63
7;StudentAttendanceSystem;transition;1769;25;48;17;47;100;0,29;0,68;0;0,12;102;103;1,23;1,1
7;StudentAttendanceSystem;pair;1769;25;48;43;245;100;0,23;0,19;1,04;0,24;104;104;2,16;1,7
7;StudentAttendanceSystem;state;1770;26;52;11;62;100;0,23;0,33;0;0,07;105;105;0,76;0,63
7;StudentAttendanceSystem;transition;1770;26;52;16;52;100;0,27;0,75;0;0,1;105;106;1,26;1,12
7;StudentAttendanceSystem;pair;1770;26;52;42;252;100;0,22;0,18;1,18;0,38;107;107;2,57;1,97
7;StudentAttendanceSystem;state;1771;23;46;10;54;100;0,34;0,42;0;0,08;108;108;0,96;0,84
7;StudentAttendanceSystem;transition;1771;23;46;15;46;100;0,23;0,66;0;0,09;108;108;1,1;0,98
7;StudentAttendanceSystem;pair;1771;23;46;42;240;100;0,21;0,15;0,98;0,24;110;110;2,06;1,59
7;StudentAttendanceSystem;state;1772;19;34;8;43;100;0,25;0,31;0;0,07;110;110;0,74;0,63
7;StudentAttendanceSystem;transition;1772;19;34;10;34;100;0,22;0,46;0;0,08;111;111;0,88;0,76
7;StudentAttendanceSystem;pair;1772;19;34;31;175;100;0,28;0,14;0,74;0,13;112;112;1,76;1,29
7;StudentAttendanceSystem;state;1773;18;31;8;40;100;0,16;0,21;0;0,04;113;113;0,49;0,41
7;StudentAttendanceSystem;transition;1773;18;31;10;31;100;0,26;0,47;0;0,07;113;113;0,93;0,8
7;StudentAttendanceSystem;pair;1773;18;31;26;137;100;0,23;0,15;0,59;0,11;114;114;1,5;1,08
7;StudentAttendanceSystem;state;1774;23;43;10;52;100;0,28;0,3;0;0,08;115;115;0,74;0,66
7;StudentAttendanceSystem;transition;1774;23;43;15;43;100;0,24;0,5;0;0,08;115;115;0,92;0,82
7;StudentAttendanceSystem;pair;1774;23;43;39;205;100;0,27;0,12;0,77;0,17;117;117;1,77;1,33
7;StudentAttendanceSystem;state;1775;27;54;12;67;100;0,29;0,43;0;0,12;117;117;0,97;0,84
7;StudentAttendanceSystem;transition;1775;27;54;16;54;100;0,34;0,83;0;0,11;118;118;1,4;1,27
7;StudentAttendanceSystem;pair;1775;27;54;48;284;100;0,27;0,28;1,25;0,24;120;120;2,53;2,04
7;StudentAttendanceSystem;state;1776;16;25;7;34;100;0,17;0,18;0;0,03;120;120;0,46;0,38
7;StudentAttendanceSystem;transition;1776;16;25;8;25;100;0,13;0,3;0;0,06;121;121;0,62;0,49
7;StudentAttendanceSystem;pair;1776;16;25;18;87;100;0,14;0,09;0,32;0,07;122;122;0,93;0,63
7;StudentAttendanceSystem;state;1777;15;24;5;24;100;0,13;0,19;0;0,04;122;122;0,45;0,36
7;StudentAttendanceSystem;transition;1777;15;24;8;24;100;0,13;0,36;0;0,04;123;123;0,62;0,53
7;StudentAttendanceSystem;pair;1777;15;24;24;108;100;0,2;0,09;0,34;0,09;123;123;1,02;0,71
7;StudentAttendanceSystem;state;1778;24;46;10;56;100;0,24;0,34;0;0,06;124;124;0,73;0,64
7;StudentAttendanceSystem;transition;1778;24;46;15;45;100;0,2;0,61;0;0,12;125;125;1,05;0,93
7;StudentAttendanceSystem;pair;1778;24;46;45;261;100;0,23;0,15;0,99;0,28;126;126;2,11;1,66
7;StudentAttendanceSystem;state;1779;19;34;8;40;100;0,19;0,21;0;0,04;127;127;0,51;0,44
7;StudentAttendanceSystem;transition;1779;19;34;13;34;100;0,25;0,45;0;0,1;127;127;0,93;0,8
7;StudentAttendanceSystem;pair;1779;19;34;26;137;100;0,29;0,14;0,72;0,17;128;128;1,82;1,31
7;StudentAttendanceSystem;state;1780;23;44;9;49;100;0,3;0,35;0;0,07;129;129;0,81;0,72
7;StudentAttendanceSystem;transition;1780;23;44;15;43;100;0,29;0,73;0;0,15;130;130;1,29;1,16
7;StudentAttendanceSystem;pair;1780;23;44;41;239;100;0,29;0,18;1,45;0,33;131;131;2,84;2,25
7;StudentAttendanceSystem;state;1781;25;45;10;53;100;0,31;0,39;0;0,08;132;132;0,88;0,78
7;StudentAttendanceSystem;transition;1781;25;45;15;44;100;0,29;0,75;0;0,14;132;133;1,32;1,18
7;StudentAttendanceSystem;pair;1781;25;45;42;232;100;0,29;0,13;0,93;0,26;134;134;2,11;1,62
7;StudentAttendanceSystem;state;1782;19;37;8;40;100;0,26;0,33;0;0,08;134;135;0,78;0,67
7;StudentAttendanceSystem;transition;1782;19;37;13;37;100;0,25;0,59;0;0,12;135;135;1,1;0,96
7;StudentAttendanceSystem;pair;1782;19;37;36;195;100;0,26;0,15;1,01;0,27;136;136;2,24;1,7
7;StudentAttendanceSystem;state;1783;21;39;8;42;100;0,29;0,32;0;0,06;137;137;0,76;0,67
7;StudentAttendanceSystem;transition;1783;21;39;14;38;100;0,29;0,63;0;0,14;138;138;1,22;1,06
7;StudentAttendanceSystem;pair;1783;21;39;35;189;100;0,29;0,15;1,01;0,27;139;139;2,27;1,72
7;StudentAttendanceSystem;state;1784;20;36;8;40;100;0,26;0,29;0;0,06;139;139;0,7;0,61
7;StudentAttendanceSystem;transition;1784;20;36;13;36;100;0,24;0,56;0;0,09;140;140;1,03;0,89
7;StudentAttendanceSystem;pair;1784;20;36;33;172;100;0,25;0,14;0,91;0,22;141;141;2,04;1,51
7;StudentAttendanceSystem;state;1785;23;43;10;52;100;0,3;0,33;0;0,07;142;142;0,79;0,7
7;StudentAttendanceSystem;transition;1785;23;43;16;43;100;0,21;0,54;0;0,09;142;142;0,95;0,85
7;StudentAttendanceSystem;pair;1785;23;43;35;180;100;0,22;0,12;0,68;0,19;143;144;1,59;1,21
7;StudentAttendanceSystem;state;1786;20;38;8;43;100;0,2;0,22;0;0,04;144;144;0,52;0,45
7;StudentAttendanceSystem;transition;1786;20;38;12;38;100;0,21;0,44;0;0,08;145;145;0,82;0,73
7;StudentAttendanceSystem;pair;1786;20;38;34;200;100;0,18;0,1;0,79;0,16;146;146;1,65;1,23
7;StudentAttendanceSystem;state;1787;20;35;8;41;100;0,21;0,21;0;0,04;147;147;0,53;0,46
7;StudentAttendanceSystem;transition;1787;20;35;12;35;100;0,22;0,43;0;0,06;147;147;0,82;0,71
7;StudentAttendanceSystem;pair;1787;20;35;33;169;100;0,18;0,11;0,61;0,14;148;148;1,48;1,04
7;StudentAttendanceSystem;state;1788;24;49;10;54;100;0,26;0,33;0;0,08;149;149;0,79;0,67
7;StudentAttendanceSystem;transition;1788;24;49;16;49;100;0,24;0,62;0;0,1;150;150;1,08;0,96
7;StudentAttendanceSystem;pair;1788;24;49;51;283;100;0,3;0,16;1,2;0,24;151;151;2,4;1,9
7;StudentAttendanceSystem;state;1789;27;53;12;65;100;0,27;0,44;0;0,11;152;152;0,95;0,82
7;StudentAttendanceSystem;transition;1789;27;53;18;52;100;0,31;0,9;0;0,18;153;153;1,56;1,38
7;StudentAttendanceSystem;pair;1789;27;53;46;268;100;0,35;0,27;1,72;0,4;154;155;3,43;2,74
7;StudentAttendanceSystem;state;1790;20;35;8;41;100;0,28;0,34;0;0,05;155;155;0,77;0,68
7;StudentAttendanceSystem;transition;1790;20;35;12;35;100;0,24;0,55;0;0,1;156;156;1;0,88
7;StudentAttendanceSystem;pair;1790;20;35;34;176;100;0,24;0,14;0,9;0,23;157;157;2,01;1,5
7;StudentAttendanceSystem;state;1791;24;50;10;52;100;0,3;0,37;0;0,08;157;157;0,84;0,74
7;StudentAttendanceSystem;transition;1791;24;50;17;50;100;0,29;0,72;0;0,13;158;158;1,29;1,14
7;StudentAttendanceSystem;pair;1791;24;50;50;280;100;0,3;0,27;1,75;0,37;160;160;3,34;2,68
7;StudentAttendanceSystem;state;1792;25;51;10;56;100;0,35;0,42;0;0,08;161;161;0,97;0,85
7;StudentAttendanceSystem;transition;1792;25;51;18;51;100;0,23;0,61;0;0,11;161;161;1,04;0,94
7;StudentAttendanceSystem;pair;1792;25;51;48;270;100;0,29;0,18;1,09;0,27;163;163;2,28;1,82
7;StudentAttendanceSystem;state;1793;20;38;8;41;100;0,21;0,22;0;0,04;164;164;0,54;0,47
7;StudentAttendanceSystem;transition;1793;20;38;14;38;100;0,21;0,42;0;0,07;164;164;0,79;0,7
7;StudentAttendanceSystem;pair;1793;20;38;34;184;100;0,23;0,11;0,7;0,16;165;166;1,65;1,22
7;StudentAttendanceSystem;state;1794;23;44;9;49;100;0,2;0,29;0;0,05;166;166;0,63;0,55
7;StudentAttendanceSystem;transition;1794;23;44;15;43;100;0,21;0,52;0;0,1;167;167;0,93;0,83
7;StudentAttendanceSystem;pair;1794;23;44;38;212;100;0,28;0,14;0,85;0,18;168;168;1,9;1,45
7;StudentAttendanceSystem;state;1795;20;40;8;43;100;0,2;0,25;0;0,06;169;169;0,58;0,51
7;StudentAttendanceSystem;transition;1795;20;40;13;40;100;0,21;0,4;0;0,09;169;169;0,78;0,69
7;StudentAttendanceSystem;pair;1795;20;40;42;236;100;0,19;0,15;0,85;0,21;170;171;1,79;1,41
7;StudentAttendanceSystem;state;1796;29;57;12;65;100;0,26;0,32;0;0,07;171;171;0,74;0,65
7;StudentAttendanceSystem;transition;1796;29;57;20;56;100;0,28;0,64;0;0,13;172;172;1,15;1,04
7;StudentAttendanceSystem;pair;1796;29;57;48;278;100;0,32;0,19;1,26;0,24;174;174;2,53;2
7;StudentAttendanceSystem;state;1797;17;30;6;30;100;0,16;0,18;0;0,03;175;175;0,44;0,37
7;StudentAttendanceSystem;transition;1797;17;30;10;30;100;0,18;0,31;0;0,06;175;175;0,63;0,54
7;StudentAttendanceSystem;pair;1797;17;30;32;159;100;0,2;0,09;0,55;0,12;176;176;1,29;0,96
7;StudentAttendanceSystem;state;1798;21;39;9;44;100;0,18;0,22;0;0,04;177;177;0,5;0,44
7;StudentAttendanceSystem;transition;1798;21;39;15;39;100;0,17;0,48;0;0,08;177;177;0,82;0,73
7;StudentAttendanceSystem;pair;1798;21;39;39;197;100;0,18;0,11;0,8;0,18;178;179;1,65;1,27
7;StudentAttendanceSystem;state;1799;24;44;10;52;100;0,24;0,29;0;0,07;179;179;0,7;0,61
7;StudentAttendanceSystem;transition;1799;24;44;16;43;100;0,29;0,64;0;0,13;180;180;1,2;1,06
7;StudentAttendanceSystem;pair;1799;24;44;34;193;100;0,26;0,17;0,94;0,16;181;181;1,99;1,53
7;StudentAttendanceSystem;state;1800;26;53;11;59;100;0,25;0,28;0;0,07;182;182;0,68;0,6
7;StudentAttendanceSystem;transition;1800;26;53;19;53;100;0,25;0,68;0;0,11;183;183;1,16;1,04
7;StudentAttendanceSystem;pair;1800;26;53;47;269;100;0,25;0,24;1,27;0,33;184;185;2,64;2,08
7;StudentAttendanceSystem;state;1801;22;39;9;44;100;0,3;0,32;0;0,05;185;185;0,77;0,67
7;StudentAttendanceSystem;transition;1801;22;39;15;38;100;0,17;2,05;0;0,08;186,07;6,07;2,42;2,3
7;StudentAttendanceSystem;pair;1801;22;39;31;157;100;0,2;0,12;0,64;0,14;7,07;7,07;1,53;1,1
7;StudentAttendanceSystem;state;1802;20;35;8;41;100;0,28;0,29;0;0,06;7,07;7,07;0,72;0,63
7;StudentAttendanceSystem;transition;1802;20;35;12;35;100;0,21;0,44;0;0,07;8,07;8,07;0,83;0,72
7;StudentAttendanceSystem;pair;1802;20;35;33;171;100;0,17;0,13;0,82;0,15;9,07;9,07;1,66;1,28
7;StudentAttendanceSystem;state;1803;24;45;9;48;100;0,24;0,38;0;0,08;10,07;10,07;0,78;0,69
7;StudentAttendanceSystem;transition;1803;24;45;17;44;100;0,21;0,59;0;0,11;10,07;10,07;1;0,9
7;StudentAttendanceSystem;pair;1803;24;45;42;226;100;0,26;0,13;1,16;0,32;12,07;12,07;2,48;1,88
7;StudentAttendanceSystem;state;1804;22;39;9;49;100;0,25;0,31;0;0,07;12,07;12,07;0,74;0,63
7;StudentAttendanceSystem;transition;1804;22;39;13;39;100;0,25;0,5;0;0,1;13,07;13,07;0,99;0,85
7;StudentAttendanceSystem;pair;1804;22;39;31;163;100;0,27;0,15;0,73;0,18;14,07;14,07;1,83;1,34
7;StudentAttendanceSystem;state;1805;21;34;8;40;100;0,22;0,28;0;0,05;15,07;15,07;0,64;0,55
7;StudentAttendanceSystem;transition;1805;21;34;12;33;100;0,21;0,5;0;0,08;15,07;15,07;0,9;0,8
7;StudentAttendanceSystem;pair;1805;21;34;26;128;100;0,22;0,11;0,57;0,15;16,07;16,07;1,47;1,06
7;StudentAttendanceSystem;state;1806;21;34;8;41;100;0,24;0,27;0;0,06;17,07;17,07;0,67;0,57
7;StudentAttendanceSystem;transition;1806;21;34;12;33;100;0,23;0,51;0;0,09;17,07;17,07;0,94;0,82
7;StudentAttendanceSystem;pair;1806;21;34;30;146;100;0,23;0,11;0,7;0,16;18,07;18,07;1,61;1,2
7;StudentAttendanceSystem;state;1807;24;48;11;62;100;0,28;0,27;0;0,06;19,07;19,07;0,68;0,6
7;StudentAttendanceSystem;transition;1807;24;48;15;48;100;0,28;0,59;0;0,13;20,07;20,07;1,12;0,99
7;StudentAttendanceSystem;pair;1807;24;48;47;271;100;0,37;0,15;1,28;0,24;21,07;21,07;2,63;2,03
7;StudentAttendanceSystem;state;1808;27;51;11;61;100;0,32;0,38;0;0,08;22,07;22,07;0,87;0,78
7;StudentAttendanceSystem;transition;1808;27;51;18;50;100;0,34;0,81;0;0,15;23,07;23,07;1,44;1,3
7;StudentAttendanceSystem;pair;1808;27;51;45;245;100;0,33;0,2;1,29;0,3;24,07;25,07;2,7;2,13
7;StudentAttendanceSystem;state;1809;17;27;6;31;100;0,21;0,22;0;0,04;25,07;25,07;0,57;0,48
7;StudentAttendanceSystem;transition;1809;17;27;9;27;100;0,22;0,42;0;0,06;25,07;25,07;0,81;0,71
7;StudentAttendanceSystem;pair;1809;17;27;24;116;100;0,21;0,09;0,49;0,13;26,07;26,07;1,24;0,91
7;StudentAttendanceSystem;state;1810;19;32;7;37;100;0,23;0,29;0;0,04;27,07;27,07;0,64;0,56
7;StudentAttendanceSystem;transition;1810;19;32;10;32;100;0,21;0,45;0;0,07;27,07;27,07;0,83;0,73
7;StudentAttendanceSystem;pair;1810;19;32;28;148;100;0,25;0,12;0,65;0,16;28,07;28,07;1,6;1,18
7;StudentAttendanceSystem;state;1811;22;42;10;56;100;0,28;0,34;0;0,07;29,07;29,07;0,81;0,7
7;StudentAttendanceSystem;transition;1811;22;42;13;42;100;0,27;0,65;0;0,09;30,07;30,07;1,11;1,01
7;StudentAttendanceSystem;pair;1811;22;42;39;221;100;0,27;0,16;1,04;0,25;31,07;31,07;2,23;1,72
7;StudentAttendanceSystem;state;1812;23;41;9;45;100;0,28;0,32;0;0,06;32,07;32,07;0,75;0,66
7;StudentAttendanceSystem;transition;1812;23;41;16;40;100;0,24;0,64;0;0,12;32,07;32,07;1,15;1
7;StudentAttendanceSystem;pair;1812;23;41;33;170;100;0,26;0,14;0,82;0,23;33,07;34,07;1,93;1,45
7;StudentAttendanceSystem;state;1813;23;43;9;45;100;0,33;0,39;0;0,09;34,07;34,07;0,93;0,8
7;StudentAttendanceSystem;transition;1813;23;43;15;42;100;0,32;0,73;0;0,13;35,07;35,07;1,33;1,18
7;StudentAttendanceSystem;pair;1813;23;43;40;219;100;0,34;0,22;1,4;0,31;36,07;36,07;2,9;2,27
7;StudentAttendanceSystem;state;1814;27;54;12;67;100;0,37;0,49;0;0,11;37,07;37,07;1,08;0,97
7;StudentAttendanceSystem;transition;1814;27;54;17;54;100;0,38;1;0;0,21;38,07;38,07;1,76;1,59
7;StudentAttendanceSystem;pair;1814;27;54;45;265;100;0,38;0,28;1,68;0,37;39,07;39,07;3,45;2,71
7;StudentAttendanceSystem;state;1815;21;38;8;43;100;0,33;0,35;0;0,07;40,07;40,07;0,88;0,75
7;StudentAttendanceSystem;transition;1815;21;38;13;37;100;0,29;0,71;0;0,16;40,07;41,07;1,38;1,16
7;StudentAttendanceSystem;pair;1815;21;38;34;192;100;0,29;0,16;1,13;0,25;42,07;42,07;2,39;1,84
7;StudentAttendanceSystem;state;1816;23;47;9;46;100;0,33;0,42;0;0,08;42,07;42,07;0,97;0,83
7;StudentAttendanceSystem;transition;1816;23;47;18;47;100;0,32;0,85;0;0,16;43,07;43,07;1,5;1,33
7;StudentAttendanceSystem;pair;1816;23;47;45;249;100;0,33;0,23;1,42;0,35;44,07;45,07;3,04;2,33
7;StudentAttendanceSystem;state;1817;24;46;9;49;100;0,35;0,39;0;0,08;45,07;45,07;0,94;0,83
7;StudentAttendanceSystem;transition;1817;24;46;15;45;100;0,3;0,77;0;0,17;46,07;46,07;1,37;1,24
7;StudentAttendanceSystem;pair;1817;24;46;45;247;100;0,31;0,22;1,54;0,35;47,07;48,07;3,05;2,41
7;StudentAttendanceSystem;state;1818;20;36;8;41;100;0,29;0,32;0;0,06;48,07;48,07;0,78;0,66
7;StudentAttendanceSystem;transition;1818;20;36;13;36;100;0,27;0,63;0;0,12;49,07;49,07;1,17;1,02
7;StudentAttendanceSystem;pair;1818;20;36;37;187;100;0,27;0,15;1;0,24;50,07;50,07;2,21;1,66
7;StudentAttendanceSystem;state;1819;25;50;12;65;100;0,39;0,44;0;0,13;50,07;51,07;1,21;0,96
7;StudentAttendanceSystem;transition;1819;25;50;16;50;100;0,34;0,8;0;0,2;51,07;51,07;1,52;1,34
7;StudentAttendanceSystem;pair;1819;25;50;46;266;100;0,37;0,23;1,7;0,41;53,07;53,07;3,36;2,72
7;StudentAttendanceSystem;state;1820;19;32;7;36;100;0,3;0,29;0;0,06;53,07;53,07;0,78;0,66
7;StudentAttendanceSystem;transition;1820;19;32;11;32;100;0,26;0,44;0;0,1;54,07;54,07;0,94;0,8
7;StudentAttendanceSystem;pair;1820;19;32;25;129;100;0,27;0,12;0,66;0,17;55,07;55,07;1,69;1,22
7;StudentAttendanceSystem;state;1821;21;35;8;43;100;0,28;0,31;0;0,07;55,07;55,07;0,76;0,66
7;StudentAttendanceSystem;transition;1821;21;35;12;34;100;0,27;0,62;0;0,11;56,07;56,07;1,13;1
7;StudentAttendanceSystem;pair;1821;21;35;26;140;100;0,27;0,14;0,7;0,18;57,07;57,07;1,86;1,29
7;StudentAttendanceSystem;state;1822;20;38;8;39;100;0,25;0,27;0;0,06;58,07;58,07;0,7;0,58
7;StudentAttendanceSystem;transition;1822;20;38;13;38;100;0,21;0,44;0;0,09;58,07;58,07;0,85;0,74
7;StudentAttendanceSystem;pair;1822;20;38;37;201;100;0,22;0,14;0,95;0,24;59,07;60,07;2,02;1,55
7;StudentAttendanceSystem;state;1823;18;33;7;36;100;0,22;0,29;0;0,06;60,07;60,07;0,67;0,57
7;StudentAttendanceSystem;transition;1823;18;33;11;33;100;0,25;0,6;0;0,11;61,07;61,07;1,1;0,96
7;StudentAttendanceSystem;pair;1823;18;33;29;159;100;0,27;0,13;0,83;0,2;62,07;62,07;1,9;1,43
7;StudentAttendanceSystem;state;1824;24;44;9;48;100;0,31;0,36;0;0,08;62,07;62,07;0,84;0,75
7;StudentAttendanceSystem;transition;1824;24;44;16;43;100;0,3;0,76;0;0,16;63,07;63,07;1,37;1,22
7;StudentAttendanceSystem;pair;1824;24;44;38;210;100;0,37;0,19;1,32;0,28;64,07;64,07;2,79;2,16
7;StudentAttendanceSystem;state;1825;26;49;10;56;100;0,34;0,42;0;0,09;65,07;65,07;0,95;0,85
7;StudentAttendanceSystem;transition;1825;26;49;17;48;100;0,32;0,89;0;0,18;66,07;66,07;1,56;1,38
7;StudentAttendanceSystem;pair;1825;26;49;42;236;100;0,32;0,24;1,51;0,33;67,07;67,07;3,06;2,39
7;StudentAttendanceSystem;state;1826;20;37;8;41;100;0,27;0,22;0;0,06;68,07;68,07;0,65;0,55
7;StudentAttendanceSystem;transition;1826;20;37;13;36;100;0,25;0,48;0;0,09;69,07;69,07;0,93;0,82
7;StudentAttendanceSystem;pair;1826;20;37;33;181;100;0,2;0,19;1,02;0,2;70,07;70,07;2,05;1,62
7;StudentAttendanceSystem;state;1827;22;43;9;45;100;0,21;0,3;0;0,05;70,07;70,07;0,65;0,56
7;StudentAttendanceSystem;transition;1827;22;43;17;43;100;0,25;0,54;0;0,1;71,07;71,07;1;0,89
7;StudentAttendanceSystem;pair;1827;22;43;40;212;100;0,26;0,13;0,92;0,28;72,07;73,07;2,22;1,59
7;StudentAttendanceSystem;state;1828;24;47;10;55;100;0,24;0,27;0;0,07;73,07;73,07;0,67;0,59
7;StudentAttendanceSystem;transition;1828;24;47;17;47;100;0,24;0,56;0;0,12;74,07;74,07;1,04;0,93
7;StudentAttendanceSystem;pair;1828;24;47;44;236;100;0,21;0,16;0,95;0,2;75,07;75,07;1,98;1,52
7;StudentAttendanceSystem;state;1829;26;52;11;61;100;0,25;0,29;0;0,06;76,07;76,07;0,67;0,6
7;StudentAttendanceSystem;transition;1829;26;52;18;52;100;0,23;0,71;0;0,12;77,07;77,07;1,16;1,05
7;StudentAttendanceSystem;pair;1829;26;52;48;268;100;0,24;0,17;1,29;0,36;78,07;78,07;2,6;2,06
7;StudentAttendanceSystem;state;1830;24;46;10;55;100;0,32;0,4;0;0,1;79,07;79,07;0,94;0,82
7;StudentAttendanceSystem;transition;1830;24;46;16;46;100;0,3;0,77;0;0,15;80,07;80,07;1,37;1,22
7;StudentAttendanceSystem;pair;1830;24;46;40;220;100;0,31;0,18;1,23;0,29;81,07;81,07;2,62;2,01
7;StudentAttendanceSystem;state;1831;29;58;12;65;100;0,41;0,46;0;0,11;82,07;82,07;1,11;0,98
7;StudentAttendanceSystem;transition;1831;29;58;21;57;100;0,36;1,1;0;0,2;83,07;83,07;1,83;1,66
7;StudentAttendanceSystem;pair;1831;29;58;51;293;100;0,37;0,26;1,9;0,44;84,07;85,07;3,75;2,97
7;StudentAttendanceSystem;state;1832;21;40;8;42;100;0,33;0,34;0;0,07;85,07;85,07;0,86;0,74
7;StudentAttendanceSystem;transition;1832;21;40;15;40;100;0,29;0,68;0;0,13;86,07;86,07;1,25;1,11
7;StudentAttendanceSystem;pair;1832;21;40;37;197;100;0,28;0,16;1,08;0,25;87,07;87,07;2,34;1,77
7;StudentAttendanceSystem;state;1833;19;32;7;37;100;0,26;0,3;0;0,06;88,07;88,07;0,73;0,62
7;StudentAttendanceSystem;transition;1833;19;32;11;31;100;0,24;0,59;0;0,09;88,07;88,07;1,06;0,93
7;StudentAttendanceSystem;pair;1833;19;32;26;136;100;0,24;0,15;0,72;0,16;89,07;89,07;1,73;1,27
7;StudentAttendanceSystem;state;1834;22;41;9;46;100;0,3;0,32;0;0,07;90,07;90,07;0,8;0,7
7;StudentAttendanceSystem;transition;1834;22;41;14;41;100;0,3;0,61;0;0,12;90,07;90,07;1,16;1,02
7;StudentAttendanceSystem;pair;1834;22;41;37;204;100;0,28;0,16;1,04;0,24;92,07;92,07;2,27;1,72
7;StudentAttendanceSystem;state;1835;20;36;8;43;100;0,28;0,3;0;0,06;92,07;92,07;0,74;0,64
7;StudentAttendanceSystem;transition;1835;20;36;12;36;100;0,24;0,56;0;0,1;93,07;93,07;1,06;0,9
7;StudentAttendanceSystem;pair;1835;20;36;29;163;100;0,26;0,14;0,8;0,25;94,07;94,07;1,93;1,44
7;StudentAttendanceSystem;state;1836;20;35;7;37;100;0,27;0,31;0;0,08;94,07;95,07;0,76;0,65
7;StudentAttendanceSystem;transition;1836;20;35;12;34;100;0,25;0,56;0;0,1;95,07;95,07;1,04;0,91
7;StudentAttendanceSystem;pair;1836;20;35;34;174;100;0,24;0,13;0,86;0,2;96,07;96,07;1,9;1,43
7;StudentAttendanceSystem;state;1837;28;55;11;62;100;0,37;0,42;0;0,1;97,07;97,07;1,01;0,89
7;StudentAttendanceSystem;transition;1837;28;55;19;54;100;0,33;0,98;0;0,21;98,07;98,07;1,7;1,52
7;StudentAttendanceSystem;pair;1837;28;55;49;283;100;0,34;0,23;1,79;0,42;99,07;100,07;3,48;2,78
7;StudentAttendanceSystem;state;1838;32;65;15;81;100;0,4;0,52;0;0,14;100,07;100,07;1,21;1,06
7;StudentAttendanceSystem;transition;1838;32;65;22;64;100;0,4;1,06;0;0,21;101,07;101,07;1,85;1,67
7;StudentAttendanceSystem;pair;1838;32;65;59;340;100;0,44;0,31;2,44;0,49;103,07;104,07;4,57;3,69
7;StudentAttendanceSystem;state;1839;27;55;12;67;100;0,39;0,49;0;0,12;104,07;104,07;1,12;0,99
7;StudentAttendanceSystem;transition;1839;27;55;18;55;100;0,3;0,69;0;0,12;105,07;105,07;1,23;1,11
7;StudentAttendanceSystem;pair;1839;27;55;48;280;100;0,24;0,22;1,56;0,33;106,07;107,07;2,94;2,36
7;StudentAttendanceSystem;state;1840;22;41;9;49;100;0,28;0,35;0;0,08;107,07;107,07;0,83;0,71
7;StudentAttendanceSystem;transition;1840;22;41;14;41;100;0,35;0,64;0;0,08;108,07;108,07;1,2;1,08
7;StudentAttendanceSystem;pair;1840;22;41;40;208;100;0,25;0,16;0,81;0,17;109,07;109,07;1,86;1,4
7;StudentAttendanceSystem;state;1841;18;31;7;37;100;0,33;0,31;0;0,06;110,07;110,07;0,81;0,69
7;StudentAttendanceSystem;transition;1841;18;31;11;31;100;0,26;0,59;0;0,1;110,07;110,07;1,09;0,96
7;StudentAttendanceSystem;pair;1841;18;31;25;131;100;0,29;0,13;0,71;0,18;111,07;111,07;1,77;1,3
7;StudentAttendanceSystem;state;1842;18;31;8;40;100;0,28;0,31;0;0,06;112,07;112,07;0,75;0,65
7;StudentAttendanceSystem;transition;1842;18;31;10;31;100;0,27;0,43;0;0,07;112,07;112,07;0,9;0,77
7;StudentAttendanceSystem;pair;1842;18;31;27;140;100;0,23;0,1;0,62;0,16;113,07;113,07;1,54;1,12
7;StudentAttendanceSystem;state;1843;26;50;10;52;100;0,26;0,3;0;0,09;114,07;114,07;0,75;0,66
7;StudentAttendanceSystem;transition;1843;26;50;18;49;100;0,32;0,83;0;0,11;115,07;115,07;1,39;1,26
7;StudentAttendanceSystem;pair;1843;26;50;44;250;100;0,29;0,16;1,21;0,37;116,07;116,07;2,55;2,03
7;StudentAttendanceSystem;state;1844;19;36;7;36;100;0,23;0,19;0;0,03;117,07;117,07;0,53;0,46
7;StudentAttendanceSystem;transition;1844;19;36;12;36;100;0,16;0,36;0;0,06;117,07;117,07;0,65;0,58
7;StudentAttendanceSystem;pair;1844;19;36;38;202;100;0,16;0,12;0,82;0,16;118,07;119,07;1,6;1,26
7;StudentAttendanceSystem;state;1845;25;45;10;55;100;0,25;0,25;0;0,05;119,07;119,07;0,62;0,55
7;StudentAttendanceSystem;transition;1845;25;45;16;44;100;0,21;0,59;0;0,1;120,07;120,07;0,99;0,89
7;StudentAttendanceSystem;pair;1845;25;45;37;197;100;0,23;0,14;0,86;0,19;121,07;121,07;1,98;1,42
7;StudentAttendanceSystem;state;1846;23;46;9;48;100;0,23;0,24;0;0,05;122,07;122,07;0,6;0,52
7;StudentAttendanceSystem;transition;1846;23;46;17;46;100;0,25;0,73;0;0,13;123,07;123,07;1,24;1,12
7;StudentAttendanceSystem;pair;1846;23;46;45;249;100;0,29;0,15;1,02;0,2;124,07;124,07;2,21;1,67
7;StudentAttendanceSystem;state;1847;21;36;8;41;100;0,28;0,22;0;0,04;125,07;125,07;0,61;0,54
7;StudentAttendanceSystem;transition;1847;21;36;13;35;100;0,2;0,45;0;0,11;125,07;125,07;0,92;0,76
7;StudentAttendanceSystem;pair;1847;21;36;29;151;100;0,22;0,1;0,54;0,17;126,07;127,07;1,43;1,03
7;StudentAttendanceSystem;state;1848;29;58;12;65;100;0,27;0,36;0;0,11;127,07;127,07;0,85;0,74
7;StudentAttendanceSystem;transition;1848;29;58;21;57;100;0,24;0,7;0;0,19;128,07;128,07;1,28;1,14
7;StudentAttendanceSystem;pair;1848;29;58;50;287;100;0,36;0,27;1,63;0,45;130,07;130,07;3,34;2,71
7;StudentAttendanceSystem;state;1849;20;35;8;41;100;0,25;0,26;0;0,07;130,07;130,07;0,7;0,58
7;StudentAttendanceSystem;transition;1849;20;35;12;35;100;0,23;0,51;0;0,11;131,07;131,07;0,99;0,85
7;StudentAttendanceSystem;pair;1849;20;35;34;172;100;0,18;0,11;0,87;0,14;132,07;132,07;1,65;1,3
7;StudentAttendanceSystem;state;1850;27;52;11;57;100;0,25;0,4;0;0,11;133,07;133,07;0,85;0,75
7;StudentAttendanceSystem;transition;1850;27;52;19;51;100;0,34;0,76;0;0,17;134,07;134,07;1,43;1,27
7;StudentAttendanceSystem;pair;1850;27;52;45;257;100;0,29;0,19;1,25;0,28;135,07;135,07;2,61;2,01
7;StudentAttendanceSystem;state;1851;25;49;11;59;100;0,29;0,31;0;0,06;136,07;136,07;0,74;0,66
7;StudentAttendanceSystem;transition;1851;25;49;17;48;100;0,21;0,56;0;0,1;137,07;137,07;0,98;0,88
7;StudentAttendanceSystem;pair;1851;25;49;48;274;100;0,24;0,16;1,3;0,23;138,07;139,07;2,45;1,93
7;StudentAttendanceSystem;state;1852;23;45;9;48;100;0,24;0,25;0;0,06;139,07;139,07;0,63;0,55
7;StudentAttendanceSystem;transition;1852;23;45;15;45;100;0,21;0,53;0;0,09;140,07;140,07;0,94;0,84
7;StudentAttendanceSystem;pair;1852;23;45;45;253;100;0,2;0,13;1,09;0,23;141,07;141,07;2,08;1,65
7;StudentAttendanceSystem;state;1853;26;52;11;62;100;0,26;0,32;0;0,07;142,07;142,07;0,73;0,65
7;StudentAttendanceSystem;transition;1853;26;52;16;52;100;0,27;0,6;0;0,12;143,07;143,07;1,11;0,99
7;StudentAttendanceSystem;pair;1853;26;52;41;247;100;0,24;0,2;1,1;0,25;144,07;144,07;2,31;1,79
7;StudentAttendanceSystem;state;1854;27;52;11;61;100;0,32;0,3;0;0,06;145,07;145,07;0,75;0,68
7;StudentAttendanceSystem;transition;1854;27;52;18;51;100;0,26;0,68;0;0,12;146,07;146,07;1,19;1,05
7;StudentAttendanceSystem;pair;1854;27;52;51;279;100;0,31;0,18;1,19;0,3;147,07;148,07;2,52;1,98
7;StudentAttendanceSystem;state;1855;22;43;8;43;100;0,2;0,25;0;0,06;148,07;148,07;0,61;0,51
7;StudentAttendanceSystem;transition;1855;22;43;15;42;100;0,22;0,51;0;0,09;149,07;149,07;0,92;0,82
7;StudentAttendanceSystem;pair;1855;22;43;40;228;100;0,2;0,14;0,85;0,2;150,07;150,07;1,87;1,4
7;StudentAttendanceSystem;state;1856;22;42;9;47;100;0,24;0,24;0;0,06;151,07;151,07;0,64;0,54
7;StudentAttendanceSystem;transition;1856;22;42;15;42;100;0,27;0,48;0;0,1;151,07;152,07;0,94;0,85
7;StudentAttendanceSystem;pair;1856;22;42;44;234;100;0,23;0,12;0,85;0,23;153,07;153,07;1,88;1,43
7;StudentAttendanceSystem;state;1857;26;53;11;61;100;0,26;0,35;0;0,07;154,07;154,07;0,77;0,68
7;StudentAttendanceSystem;transition;1857;26;53;18;53;100;0,27;0,64;0;0,13;154,07;154,07;1,15;1,03
7;StudentAttendanceSystem;pair;1857;26;53;54;302;100;0,26;0,24;1,9;0,4;156,07;156,07;3,44;2,8
7;StudentAttendanceSystem;state;1858;22;41;9;47;100;0,35;0,36;0;0,07;157,07;157,07;0,87;0,77
7;StudentAttendanceSystem;transition;1858;22;41;14;41;100;0,28;0,65;0;0,14;157,07;158,07;1,24;1,07
7;StudentAttendanceSystem;pair;1858;22;41;41;219;100;0,31;0,16;1,18;0,29;159,07;159,07;2,49;1,94
7;StudentAttendanceSystem;state;1859;27;55;12;63;100;0,39;0,46;0;0,12;159,07;160,07;1,09;0,96
7;StudentAttendanceSystem;transition;1859;27;55;20;54;100;0,34;0,92;0;0,17;160,07;160,07;1,61;1,43
7;StudentAttendanceSystem;pair;1859;27;55;51;285;100;0,35;0,28;1,92;0,43;162,07;162,07;3,72;2,98
7;StudentAttendanceSystem;state;1860;19;33;7;36;100;0,28;0,34;0;0,06;163,07;163,07;0,79;0,68
7;StudentAttendanceSystem;transition;1860;19;33;12;33;100;0,25;0,54;0;0,11;163,07;163,07;1,04;0,9
7;StudentAttendanceSystem;pair;1860;19;33;27;141;100;0,2;0,09;0,53;0,12;164,07;164,07;1,26;0,94
7;StudentAttendanceSystem;state;1861;23;46;9;46;100;0,3;0,4;0;0,06;165,07;165,07;0,88;0,76
7;StudentAttendanceSystem;transition;1861;23;46;17;45;100;0,26;0,65;0;0,1;166,07;166,07;1,12;1
7;StudentAttendanceSystem;pair;1861;23;46;41;232;100;0,26;0,15;1,24;0,35;167,07;167,07;2,57;2,01
7;StudentAttendanceSystem;state;1862;25;50;10;56;100;0,34;0,44;0;0,1;168,07;168,07;1,01;0,88
7;StudentAttendanceSystem;transition;1862;25;50;17;50;100;0,33;0,85;0;0,17;168,07;169,07;1,51;1,36
7;StudentAttendanceSystem;pair;1862;25;50;45;255;100;0,31;0,22;1,48;0,32;170,07;170,07;3,01;2,33
7;StudentAttendanceSystem;state;1863;17;29;6;30;100;0,25;0,28;0;0,05;171,07;171,07;0,7;0,58
7;StudentAttendanceSystem;transition;1863;17;29;9;29;100;0,22;0,44;0;0,07;171,07;171,07;0,86;0,73
7;StudentAttendanceSystem;pair;1863;17;29;28;144;100;0,24;0,13;0,68;0,19;172,07;172,07;1,67;1,23
7;StudentAttendanceSystem;state;1864;22;38;8;42;100;0,29;0,38;0;0,07;173,07;173,07;0,86;0,74
7;StudentAttendanceSystem;transition;1864;22;38;14;37;100;0,29;0,72;0;0,14;173,07;173,07;1,32;1,15
7;StudentAttendanceSystem;pair;1864;22;38;32;164;100;0,28;0,12;0,63;0,14;174,07;174,07;1,55;1,17
7;StudentAttendanceSystem;state;1865;23;45;9;48;100;0,25;0,25;0;0,05;175,07;175,07;0,63;0,54
7;StudentAttendanceSystem;transition;1865;23;45;16;45;100;0,27;0,67;0;0,13;176,07;176,07;1,22;1,08
7;StudentAttendanceSystem;pair;1865;23;45;42;234;100;0,28;0,17;1,23;0,26;177,07;177,07;2,56;1,94
7;StudentAttendanceSystem;state;1866;23;45;9;50;100;0,31;0,37;0;0,08;178,07;178,07;0,86;0,76
7;StudentAttendanceSystem;transition;1866;23;45;16;45;100;0,29;0,66;0;0,11;178,07;179,07;1,18;1,06
7;StudentAttendanceSystem;pair;1866;23;45;40;220;100;0,27;0,2;1,25;0,26;180,07;180,07;2,61;1,97
7;StudentAttendanceSystem;state;1867;30;59;13;73;100;0,31;0,41;0;0,1;181,07;181,07;0,92;0,82
7;StudentAttendanceSystem;transition;1867;30;59;19;58;100;0,35;0,72;0;0,18;181,07;182,07;1,39;1,25
7;StudentAttendanceSystem;pair;1867;30;59;49;289;100;0,32;0,26;1,5;0,34;183,07;183,07;3,05;2,42
7;StudentAttendanceSystem;state;1868;22;42;9;47;100;0,23;0,32;0;0,08;184,07;184,07;0,73;0,63
7;StudentAttendanceSystem;transition;1868;22;42;15;42;100;0,24;0,55;0;0,1;185,07;185,07;1,02;0,89
7;StudentAttendanceSystem;pair;1868;22;42;44;234;100;0,21;0,17;2,88;0,19;186,2;6,2;3,95;3,44
7;StudentAttendanceSystem;state;1869;26;54;11;59;100;0,29;0,41;0;0,11;7,2;7,2;0,97;0,81
7;StudentAttendanceSystem;transition;1869;26;54;20;54;100;0,33;0,86;0;0,17;7,2;8,2;1,53;1,36
7;StudentAttendanceSystem;pair;1869;26;54;50;280;100;0,26;0,2;1,53;0,36;9,2;9,2;2,86;2,35
7;StudentAttendanceSystem;state;1870;19;32;7;37;100;0,25;0,28;0;0,05;10,2;10,2;0,69;0,57
7;StudentAttendanceSystem;transition;1870;19;32;10;32;100;0,19;0,48;0;0,09;10,2;10,2;0,89;0,75
7;StudentAttendanceSystem;pair;1870;19;32;28;148;100;0,25;0,1;0,67;0,12;11,2;11,2;1,58;1,14
7;StudentAttendanceSystem;state;1871;21;41;9;50;100;0,33;0,33;0;0,05;12,2;12,2;0,8;0,7
7;StudentAttendanceSystem;transition;1871;21;41;13;41;100;0,26;0,58;0;0,12;13,2;13,2;1,1;0,97
7;StudentAttendanceSystem;pair;1871;21;41;41;237;100;0,28;0,16;1,19;0,3;14,2;14,2;2,54;1,94
7;StudentAttendanceSystem;state;1872;20;37;8;41;100;0,29;0,35;0;0,07;15,2;15,2;0,81;0,71
7;StudentAttendanceSystem;transition;1872;20;37;13;37;100;0,29;0,51;0;0,07;15,2;15,2;0,96;0,87
7;StudentAttendanceSystem;pair;1872;20;37;31;171;100;0,24;0,11;0,73;0,15;16,2;16,2;1,67;1,22
7;StudentAttendanceSystem;state;1873;19;32;7;37;100;0,2;0,22;0;0,06;17,2;17,2;0,57;0,48
7;StudentAttendanceSystem;transition;1873;19;32;11;31;100;0,23;0,44;0;0,07;17,2;18,2;0,89;0,75
7;StudentAttendanceSystem;pair;1873;19;32;28;149;100;0,22;0,1;0,7;0,2;18,2;19,2;1,64;1,21
7;StudentAttendanceSystem;state;1874;24;49;10;54;100;0,23;0,27;0;0,05;19,2;19,2;0,61;0,54
7;StudentAttendanceSystem;transition;1874;24;49;16;49;100;0,23;0,63;0;0,1;20,2;20,2;1,09;0,95
7;StudentAttendanceSystem;pair;1874;24;49;51;283;100;0,21;0,17;1,23;0,24;21,2;22,2;2,32;1,86
7;StudentAttendanceSystem;state;1875;22;39;8;42;100;0,24;0,25;0;0,04;22,2;22,2;0,61;0,53
7;StudentAttendanceSystem;transition;1875;22;39;15;38;100;0,18;0,59;0;0,09;23,2;23,2;0,95;0,85
7;StudentAttendanceSystem;pair;1875;22;39;35;179;100;0,19;0,14;0,7;0,15;24,2;24,2;1,51;1,17
7;StudentAttendanceSystem;state;1876;22;41;10;50;100;0,23;0,27;0;0,06;25,2;25,2;0,64;0,55
7;StudentAttendanceSystem;transition;1876;22;41;15;40;100;0,21;0,7;0;0,11;25,2;25,2;1,18;1,03
7;StudentAttendanceSystem;pair;1876;22;41;35;180;100;0,26;0,18;0,97;0,25;26,2;27,2;2,21;1,66
7;StudentAttendanceSystem;state;1877;23;45;10;50;100;0,22;0,25;0;0,05;27,2;27,2;0,59;0,52
7;StudentAttendanceSystem;transition;1877;23;45;17;45;100;0,25;0,54;0;0,14;28,2;28,2;1,06;0,93
7;StudentAttendanceSystem;pair;1877;23;45;46;244;100;0,31;0,18;1,12;0,25;29,2;29,2;2,46;1,86
7;StudentAttendanceSystem;state;1878;21;40;9;50;100;0,26;0,3;0;0,07;30,2;30,2;0,74;0,64
7;StudentAttendanceSystem;transition;1878;21;40;13;40;100;0,26;0,57;0;0,1;30,2;31,2;1,07;0,92
7;StudentAttendanceSystem;pair;1878;21;40;35;199;100;0,23;0,13;0,79;0,22;32,2;32,2;1,95;1,37
7;StudentAttendanceSystem;state;1879;21;39;9;50;100;0,33;0,31;0;0,07;32,2;32,2;0,82;0,71
7;StudentAttendanceSystem;transition;1879;21;39;12;39;100;0,26;0,52;0;0,08;33,2;33,2;1;0,86
7;StudentAttendanceSystem;pair;1879;21;39;33;187;100;0,21;0,12;0,94;0,17;34,2;34,2;1,9;1,45
7;StudentAttendanceSystem;state;1880;21;40;9;50;100;0,3;0,32;0;0,08;35,2;35,2;0,81;0,69
7;StudentAttendanceSystem;transition;1880;21;40;12;40;100;0,24;0,44;0;0,08;35,2;35,2;0,86;0,77
7;StudentAttendanceSystem;pair;1880;21;40;38;222;100;0,26;0,18;1,18;0,19;37,2;37,2;2,4;1,8
7;StudentAttendanceSystem;state;1881;17;27;6;31;100;0,19;0,18;0;0,03;37,2;37,2;0,47;0,39
7;StudentAttendanceSystem;transition;1881;17;27;9;27;100;0,14;0,33;0;0,05;38,2;38,2;0,6;0,52
7;StudentAttendanceSystem;pair;1881;17;27;25;120;100;0,15;0,12;0,42;0,09;39,2;39,2;1,06;0,78
7;StudentAttendanceSystem;state;1882;27;50;11;61;100;0,32;0,3;0;0,06;39,2;39,2;0,76;0,68
7;StudentAttendanceSystem;transition;1882;27;50;17;49;100;0,23;0,65;0;0,11;40,2;40,2;1,1;0,99
7;StudentAttendanceSystem;pair;1882;27;50;42;234;100;0,27;0,19;1,04;0,21;41,2;42,2;2,2;1,71
7;StudentAttendanceSystem;state;1883;24;45;10;56;100;0,24;0,41;0;0,09;42,2;42,2;0,84;0,73
7;StudentAttendanceSystem;transition;1883;24;45;14;44;100;0,22;0,78;0;0,16;43,2;43,2;1,32;1,17
7;StudentAttendanceSystem;pair;1883;24;45;42;246;100;0,34;0,23;1,52;0,38;44,2;45,2;3,15;2,47
7;StudentAttendanceSystem;state;1884;19;33;7;37;100;0,27;0,32;0;0,06;45,2;45,2;0,76;0,65
7;StudentAttendanceSystem;transition;1884;19;33;11;33;100;0,23;0,52;0;0,09;46,2;46,2;0,99;0,84
7;StudentAttendanceSystem;pair;1884;19;33;32;167;100;0,24;0,13;0,77;0,18;46,2;47,2;1,78;1,32
7;StudentAttendanceSystem;state;1885;21;39;8;42;100;0,28;0,3;0;0,06;47,2;47,2;0,74;0,64
7;StudentAttendanceSystem;transition;1885;21;39;14;38;100;0,24;0,66;0;0,12;48,2;48,2;1,15;1,02
7;StudentAttendanceSystem;pair;1885;21;39;36;194;100;0,26;0,19;0,98;0,23;49,2;49,2;2,18;1,65
7;StudentAttendanceSystem;state;1886;22;41;9;47;100;0,28;0,35;0;0,08;50,2;50,2;0,81;0,71
7;StudentAttendanceSystem;transition;1886;22;41;14;41;100;0,28;0,67;0;0,13;50,2;50,2;1,22;1,08
7;StudentAttendanceSystem;pair;1886;22;41;41;219;100;0,31;0,19;1,01;0,27;51,2;52,2;2,36;1,79
7;StudentAttendanceSystem;state;1887;22;39;9;49;100;0,25;0,31;0;0,08;52,2;52,2;0,75;0,64
7;StudentAttendanceSystem;transition;1887;22;39;13;39;100;0,25;0,57;0;0,1;53,2;53,2;1,1;0,92
7;StudentAttendanceSystem;pair;1887;22;39;32;167;100;0,26;0,17;0,96;0,23;54,2;54,2;2,14;1,61
7;StudentAttendanceSystem;state;1888;23;45;9;50;100;0,3;0,38;0;0,09;55,2;55,2;0,89;0,77
7;StudentAttendanceSystem;transition;1888;23;45;16;45;100;0,36;0,78;0;0,14;55,2;55,2;1,43;1,28
7;StudentAttendanceSystem;pair;1888;23;45;41;223;100;0,32;0,18;1,26;0,3;57,2;57,2;2,69;2,07
7;StudentAttendanceSystem;state;1889;23;41;9;46;100;0,27;0,34;0;0,08;57,2;57,2;0,79;0,68
7;StudentAttendanceSystem;transition;1889;23;41;15;40;100;0,55;0,62;0;0,1;58,2;58,2;1,41;1,27
7;StudentAttendanceSystem;pair;1889;23;41;38;198;100;0,21;0,12;0,9;0,17;59,2;59,2;1,83;1,39
7;StudentAttendanceSystem;state;1890;24;45;10;56;100;0,25;0,29;0;0,09;60,2;60,2;0,75;0,63
7;StudentAttendanceSystem;transition;1890;24;45;14;44;100;0,23;0,64;0;0,13;61,2;61,2;1,13;1
7;StudentAttendanceSystem;pair;1890;24;45;42;246;100;0,25;0,13;1,21;0,3;62,2;62,2;2,48;1,89
7;StudentAttendanceSystem;state;1891;21;40;9;46;100;0,29;0,37;0;0,08;63,2;63,2;0,88;0,74
7;StudentAttendanceSystem;transition;1891;21;40;15;40;100;0,31;0,74;0;0,13;63,2;63,2;1,37;1,18
7;StudentAttendanceSystem;pair;1891;21;40;34;186;100;0,27;0,18;1,08;0,28;64,2;65,2;2,41;1,81
7;StudentAttendanceSystem;state;1892;20;37;8;41;100;0,23;0,3;0;0,07;65,2;65,2;0,71;0,6
7;StudentAttendanceSystem;transition;1892;20;37;13;36;100;0,26;0,52;0;0,12;66,2;66,2;1,06;0,9
7;StudentAttendanceSystem;pair;1892;20;37;32;176;100;0,27;0,14;0,97;0,17;67,2;67,2;2,08;1,55
7;StudentAttendanceSystem;state;1893;26;52;11;61;100;0,4;0,51;0;0,11;68,2;68,2;1,14;1,02
7;StudentAttendanceSystem;transition;1893;26;52;18;52;100;0,36;0,87;0;0,2;68,2;69,2;1,58;1,44
7;StudentAttendanceSystem;pair;1893;26;52;48;268;100;0,32;0,18;1,28;0,28;70,2;70,2;2,57;2,06
7;StudentAttendanceSystem;state;1894;22;41;9;46;100;0,22;0,39;0;0,08;71,2;71,2;0,82;0,69
7;StudentAttendanceSystem;transition;1894;22;41;15;40;100;0,31;0,79;0;0,12;71,2;71,2;1,35;1,22
7;StudentAttendanceSystem;pair;1894;22;41;36;202;100;0,31;0,19;1,29;0,26;73,2;73,2;2,66;2,05
7;StudentAttendanceSystem;state;1895;23;43;10;53;100;0,35;0,29;0;0,07;73,2;73,2;0,81;0,71
7;StudentAttendanceSystem;transition;1895;23;43;15;42;100;0,27;0,73;0;0,14;74,2;74,2;1,29;1,15
7;StudentAttendanceSystem;pair;1895;23;43;39;218;100;0,32;0,15;0,89;0,25;75,2;76,2;2,25;1,61
7;StudentAttendanceSystem;state;1896;23;41;8;43;100;0,24;0,3;0;0,06;76,2;76,2;0,7;0,6
7;StudentAttendanceSystem;transition;1896;23;41;14;40;100;0,24;0,67;0;0,1;77,2;77,2;1,14;1,01
7;StudentAttendanceSystem;pair;1896;23;41;32;181;100;0,26;0,18;0,99;0,24;78,2;78,2;2,22;1,66
7;StudentAttendanceSystem;state;1897;25;50;10;56;100;0,37;0,33;0;0,1;79,2;79,2;0,92;0,81
7;StudentAttendanceSystem;transition;1897;25;50;17;50;100;0,39;0,93;0;0,11;79,2;79,2;1,56;1,42
7;StudentAttendanceSystem;pair;1897;25;50;45;259;100;0,36;0,25;1,62;0,37;81,2;81,2;3,34;2,6
7;StudentAttendanceSystem;state;1898;16;27;6;30;100;0,28;0,3;0;0,06;81,2;81,2;0,76;0,63
7;StudentAttendanceSystem;transition;1898;16;27;9;27;100;0,27;0,53;0;0,08;82,2;82,2;1,04;0,88
7;StudentAttendanceSystem;pair;1898;16;27;21;109;100;0,24;0,12;0,53;0,15;83,2;83,2;1,48;1,04
7;StudentAttendanceSystem;state;1899;23;44;11;59;100;0,34;0,35;0;0,06;83,2;83,2;0,84;0,75
7;StudentAttendanceSystem;transition;1899;23;44;14;44;100;0,32;0,46;0;0,08;84,2;84,2;0,95;0,85
7;StudentAttendanceSystem;pair;1899;23;44;39;219;100;0,22;0,15;0,83;0,29;85,2;86,2;2,04;1,49
7;StudentAttendanceSystem;state;1900;24;46;10;52;100;0,25;0,38;0;0,09;86,2;86,2;0,84;0,73
7;StudentAttendanceSystem;transition;1900;24;46;16;45;100;0,28;0,74;0;0,14;87,2;87,2;1,31;1,17
7;StudentAttendanceSystem;pair;1900;24;46;39;228;100;0,27;0,17;1,23;0,29;88,2;88,2;2,47;1,96
7;StudentAttendanceSystem;state;1901;26;49;11;58;100;0,36;0,41;0;0,1;89,2;89,2;1,03;0,88
7;StudentAttendanceSystem;transition;1901;26;49;19;48;100;0,28;0,67;0;0,13;90,2;90,2;1,21;1,08
7;StudentAttendanceSystem;pair;1901;26;49;43;223;100;0,28;0,2;1;0,28;91,2;91,2;2,38;1,75
7;StudentAttendanceSystem;state;1902;25;47;11;62;100;0,23;0,31;0;0,07;92,2;92,2;0,7;0,61
7;StudentAttendanceSystem;transition;1902;25;47;15;46;100;0,24;0,58;0;0,13;93,2;93,2;1,08;0,95
7;StudentAttendanceSystem;pair;1902;25;47;44;248;100;0,23;0,18;1,21;0,29;94,2;94,2;2,37;1,92
7;StudentAttendanceSystem;state;1903;22;40;9;46;100;0,27;0,39;0;0,08;95,2;95,2;0,84;0,74
7;StudentAttendanceSystem;transition;1903;22;40;14;39;100;0,29;0,7;0;0,14;95,2;95,2;1,27;1,13
7;StudentAttendanceSystem;pair;1903;22;40;33;187;100;0,3;0,15;0,96;0,24;96,2;97,2;2,21;1,65
7;StudentAttendanceSystem;state;1904;17;29;6;30;100;0,24;0,27;0;0,03;97,2;97,2;0,63;0,54
7;StudentAttendanceSystem;transition;1904;17;29;9;29;100;0,15;0,3;0;0,05;98,2;98,2;0,56;0,49
7;StudentAttendanceSystem;pair;1904;17;29;29;148;100;0,2;0,1;0,5;0,11;98,2;99,2;1,24;0,9
7;StudentAttendanceSystem;state;1905;24;45;10;56;100;0,21;0,25;0;0,05;99,2;99,2;0,57;0,51
7;StudentAttendanceSystem;transition;1905;24;45;15;44;100;0,19;0,51;0;0,11;100,2;100,2;0,89;0,81
7;StudentAttendanceSystem;pair;1905;24;45;39;223;100;0,2;0,17;0,95;0,26;101,2;101,2;2,03;1,58
7;StudentAttendanceSystem;state;1906;20;36;8;43;100;0,23;0,22;0;0,06;102,2;102,2;0,61;0,51
7;StudentAttendanceSystem;transition;1906;20;36;12;36;100;0,19;0,38;0;0,08;102,2;103,2;0,75;0,65
7;StudentAttendanceSystem;pair;1906;20;36;29;163;100;0,19;0,12;0,75;0,14;103,2;104,2;1,62;1,2
7;StudentAttendanceSystem;state;1907;21;40;9;50;100;0,29;0,35;0;0,05;104,2;104,2;0,79;0,69
7;StudentAttendanceSystem;transition;1907;21;40;12;40;100;0,22;0,47;0;0,08;105,2;105,2;0,86;0,77
7;StudentAttendanceSystem;pair;1907;21;40;38;222;100;0,2;0,13;0,91;0,22;106,2;106,2;1,92;1,46
7;StudentAttendanceSystem;state;1908;20;34;8;43;100;0,25;0,25;0;0,07;107,2;107,2;0,65;0,57
7;StudentAttendanceSystem;transition;1908;20;34;11;33;100;0,21;0,61;0;0,1;107,2;107,2;1,04;0,91
7;StudentAttendanceSystem;pair;1908;20;34;32;171;100;0,27;0,15;0,91;0,22;108,2;109,2;2,02;1,55
7;StudentAttendanceSystem;state;1909;22;42;8;43;100;0,31;0,35;0;0,06;109,2;109,2;0,83;0,72
7;StudentAttendanceSystem;transition;1909;22;42;14;42;100;0,27;0,67;0;0,09;110,2;110,2;1,15;1,03
7;StudentAttendanceSystem;pair;1909;22;42;36;210;100;0,2;0,12;0,78;0,25;111,2;111,2;1,82;1,34
7;StudentAttendanceSystem;state;1910;21;41;9;50;100;0,3;0,32;0;0,07;112,2;112,2;0,79;0,69
7;StudentAttendanceSystem;transition;1910;21;41;13;41;100;0,22;0,46;0;0,08;112,2;112,2;0,86;0,76
7;StudentAttendanceSystem;pair;1910;21;41;41;237;100;0,22;0,13;0,9;0,25;113,2;114,2;1,99;1,5
7;StudentAttendanceSystem;state;1911;20;40;8;42;100;0,19;0,21;0;0,04;114,2;114,2;0,51;0,44
7;StudentAttendanceSystem;transition;1911;20;40;14;40;100;0,17;0,48;0;0,08;115,2;115,2;0,83;0,73
7;StudentAttendanceSystem;pair;1911;20;40;39;217;100;0,19;0,12;0,89;0,2;116,2;116,2;1,85;1,4
7;StudentAttendanceSystem;state;1912;25;45;10;53;100;0,24;0,29;0;0,06;117,2;117,2;0,67;0,59
7;StudentAttendanceSystem;transition;1912;25;45;16;44;100;0,3;0,61;0;0,16;118,2;118,2;1,19;1,07
7;StudentAttendanceSystem;pair;1912;25;45;33;180;100;0,27;0,12;0,97;0,18;119,2;119,2;2,04;1,54
7;StudentAttendanceSystem;state;1913;20;34;8;41;100;0,18;0,24;0;0,07;119,2;119,2;0,59;0,49
7;StudentAttendanceSystem;transition;1913;20;34;11;34;100;0,19;0,43;0;0,07;120,2;120,2;0,83;0,69
7;StudentAttendanceSystem;pair;1913;20;34;31;161;100;0,19;0,1;0,63;0,13;121,2;121,2;1,41;1,05
7;StudentAttendanceSystem;state;1914;25;48;11;60;100;0,3;0,32;0;0,07;122,2;122,2;0,79;0,69
7;StudentAttendanceSystem;transition;1914;25;48;16;48;100;0,23;0,67;0;0,16;122,2;123,2;1,2;1,05
7;StudentAttendanceSystem;pair;1914;25;48;47;257;100;0,32;0,19;1,47;0,24;124,2;124,2;2,76;2,22
7;StudentAttendanceSystem;state;1915;23;48;10;52;100;0,22;0,37;0;0,07;125,2;125,2;0,76;0,65
7;StudentAttendanceSystem;transition;1915;23;48;17;48;100;0,28;0,7;0;0,12;125,2;125,2;1,25;1,1
7;StudentAttendanceSystem;pair;1915;23;48;44;248;100;0,32;0,24;1,19;0,29;127,2;127,2;2,66;2,03
7;StudentAttendanceSystem;state;1916;23;41;10;54;100;0,28;0,38;0;0,08;128,2;128,2;0,88;0,75
7;StudentAttendanceSystem;transition;1916;23;41;13;41;100;0,2;0,52;0;0,08;128,2;128,2;0,89;0,8
7;StudentAttendanceSystem;pair;1916;23;41;36;190;100;0,22;0,14;0,64;0,23;129,2;130,2;1,74;1,23
7;StudentAttendanceSystem;state;1917;20;32;8;40;100;0,22;0,28;0;0,05;130,2;130,2;0,65;0,55
7;StudentAttendanceSystem;transition;1917;20;32;12;31;100;0,2;0,46;0;0,08;131,2;131,2;0,86;0,74
7;StudentAttendanceSystem;pair;1917;20;32;20;96;100;0,19;0,12;0,42;0,11;131,2;131,2;1,19;0,84
7;StudentAttendanceSystem;state;1918;22;42;8;43;100;0,3;0,31;0;0,06;132,2;132,2;0,77;0,68
7;StudentAttendanceSystem;transition;1918;22;42;14;42;100;0,27;0,65;0;0,12;133,2;133,2;1,2;1,05
7;StudentAttendanceSystem;pair;1918;22;42;36;210;100;0,27;0,15;0,99;0,25;134,2;134,2;2,17;1,66
7;StudentAttendanceSystem;state;1919;26;51;10;54;100;0,34;0,39;0;0,08;135,2;135,2;0,9;0,81
7;StudentAttendanceSystem;transition;1919;26;51;19;50;100;0,33;0,82;0;0,14;135,2;135,2;1,43;1,29
7;StudentAttendanceSystem;pair;1919;26;51;49;273;100;0,33;0,2;1,51;0,3;137,2;137,2;2,97;2,33
7;StudentAttendanceSystem;state;1920;23;44;9;50;100;0,27;0,38;0;0,07;138,2;138,2;0,84;0,72
7;StudentAttendanceSystem;transition;1920;23;44;15;44;100;0,26;0,64;0;0,14;138,2;139,2;1,18;1,04
7;StudentAttendanceSystem;pair;1920;23;44;38;212;100;0,26;0,19;1,07;0,18;140,2;140,2;2,13;1,69
7;StudentAttendanceSystem;state;1921;24;47;10;55;100;0,33;0,28;0;0,06;140,2;140,2;0,75;0,67
7;StudentAttendanceSystem;transition;1921;24;47;17;47;100;0,25;0,71;0;0,16;141,2;141,2;1,26;1,11
7;StudentAttendanceSystem;pair;1921;24;47;44;236;100;0,26;0,16;0,89;0,22;142,2;143,2;1,96;1,53
7;StudentAttendanceSystem;state;1922;25;45;10;55;100;0,22;0,29;0;0,08;143,2;143,2;0,69;0,59
7;StudentAttendanceSystem;transition;1922;25;45;16;44;100;0,32;0,61;0;0,12;144,2;144,2;1,18;1,05
7;StudentAttendanceSystem;pair;1922;25;45;38;202;100;0,23;0,14;0,88;0,2;145,2;145,2;1,99;1,45
7;StudentAttendanceSystem;state;1923;20;39;9;47;100;0,21;0,25;0;0,05;146,2;146,2;0,6;0,52
7;StudentAttendanceSystem;transition;1923;20;39;13;39;100;0,23;0,58;0;0,11;147,2;147,2;1,08;0,92
7;StudentAttendanceSystem;pair;1923;20;39;35;191;100;0,26;0,16;0,69;0,18;148,2;148,2;1,78;1,28
7;StudentAttendanceSystem;state;1924;20;36;8;40;100;0,19;0,21;0;0,05;148,2;148,2;0,5;0,44
7;StudentAttendanceSystem;transition;1924;20;36;13;36;100;0,24;0,42;0;0,09;149,2;149,2;0,89;0,76
7;StudentAttendanceSystem;pair;1924;20;36;31;162;100;0,2;0,12;0,67;0,14;150,2;150,2;1,46;1,13
7;StudentAttendanceSystem;state;1925;24;42;10;56;100;0,24;0,27;0;0,07;151,2;151,2;0,65;0,57
7;StudentAttendanceSystem;transition;1925;24;42;14;41;100;0,2;0,59;0;0,11;151,2;151,2;1,02;0,91
7;StudentAttendanceSystem;pair;1925;24;42;33;178;100;0,21;0,12;0,69;0,18;152,2;153,2;1,64;1,2
7;StudentAttendanceSystem;state;1926;20;34;7;37;100;0,21;0,22;0;0,05;153,2;153,2;0,56;0,48
7;StudentAttendanceSystem;transition;1926;20;34;11;33;100;0,2;0,41;0;0,1;154,2;154,2;0,8;0,7
7;StudentAttendanceSystem;pair;1926;20;34;31;163;100;0,22;0,11;0,62;0,19;155,2;155,2;1,55;1,14
7;StudentAttendanceSystem;state;1927;22;37;8;42;100;0,19;0,24;0;0,06;155,2;155,2;0,61;0,49
7;StudentAttendanceSystem;transition;1927;22;37;13;36;100;0,18;0,46;0;0,1;156,2;156,2;0,85;0,74
7;StudentAttendanceSystem;pair;1927;22;37;29;153;100;0,27;0,1;0,61;0,16;157,2;157,2;1,59;1,15
7;StudentAttendanceSystem;state;1928;28;56;11;62;100;0,26;0,39;0;0,12;158,2;158,2;0,87;0,77
7;StudentAttendanceSystem;transition;1928;28;56;20;55;100;0,27;0,93;0;0,17;159,2;159,2;1,51;1,37
7;StudentAttendanceSystem;pair;1928;28;56;52;294;100;0,31;0,21;1,58;0,32;160,2;161,2;3,06;2,42
7;StudentAttendanceSystem;state;1929;26;48;11;60;100;0,33;0,4;0;0,07;161,2;161,2;0,91;0,8
7;StudentAttendanceSystem;transition;1929;26;48;17;47;100;0,36;0,8;0;0,12;162,2;162,2;1,41;1,28
7;StudentAttendanceSystem;pair;1929;26;48;47;245;100;0,27;0,21;1,18;0,21;163,2;164,2;2,36;1,87
7;StudentAttendanceSystem;state;1930;21;40;9;50;100;0,26;0,28;0;0,08;164,2;164,2;0,72;0,62
7;StudentAttendanceSystem;transition;1930;21;40;12;40;100;0,22;0,63;0;0,11;165,2;165,2;1,1;0,97
7;StudentAttendanceSystem;pair;1930;21;40;38;222;100;0,26;0,18;0,93;0,22;166,2;166,2;2,05;1,58
7;StudentAttendanceSystem;state;1931;21;33;8;41;100;0,22;0,21;0;0,06;166,2;167,2;0,59;0,49
7;StudentAttendanceSystem;transition;1931;21;33;11;32;100;0,24;0,44;0;0,08;167,2;167,2;0,86;0,76
7;StudentAttendanceSystem;pair;1931;21;33;27;135;100;0,2;0,12;0,57;0,11;168,2;168,2;1,4;1,01
7;StudentAttendanceSystem;state;1932;21;41;9;48;100;0,2;0,26;0;0,05;169,2;169,2;0,59;0,51
7;StudentAttendanceSystem;transition;1932;21;41;14;41;100;0,18;0,59;0;0,12;169,2;169,2;1,01;0,89
7;StudentAttendanceSystem;pair;1932;21;41;38;204;100;0,3;0,18;0,78;0,22;170,2;171,2;2,01;1,47
7;StudentAttendanceSystem;state;1933;21;38;8;42;100;0,3;0,37;0;0,07;171,2;171,2;0,85;0,73
7;StudentAttendanceSystem;transition;1933;21;38;13;37;100;0,22;0,45;0;0,11;172,2;172,2;0,91;0,79
7;StudentAttendanceSystem;pair;1933;21;38;33;183;100;0,27;0,1;0,7;0,19;173,2;173,2;1,67;1,26
7;StudentAttendanceSystem;state;1934;24;46;9;49;100;0,23;0,26;0;0,06;174,2;174,2;0,62;0,55
7;StudentAttendanceSystem;transition;1934;24;46;15;45;100;0,26;0,49;0;0,09;174,2;174,2;0,93;0,84
7;StudentAttendanceSystem;pair;1934;24;46;45;247;100;0,21;0,18;1,41;0,35;176,2;176,2;2,76;2,15
7;StudentAttendanceSystem;state;1935;21;43;9;45;100;0,29;0,35;0;0,07;176,2;176,2;0,84;0,71
7;StudentAttendanceSystem;transition;1935;21;43;16;43;100;0,3;0,72;0;0,13;177,2;177,2;1,31;1,16
7;StudentAttendanceSystem;pair;1935;21;43;41;227;100;0,3;0,17;0,9;0,19;178,2;179,2;2,11;1,57
7;StudentAttendanceSystem;state;1936;23;42;10;54;100;0,21;0,28;0;0,08;179,2;179,2;0,66;0,57
7;StudentAttendanceSystem;transition;1936;23;42;14;42;100;0,24;0,55;0;0,1;180,2;180,2;1,01;0,9
7;StudentAttendanceSystem;pair;1936;23;42;39;205;100;0,24;0,13;0,81;0,2;181,2;181,2;1,86;1,39
7;StudentAttendanceSystem;state;1937;23;43;9;50;100;0,21;0,29;0;0,06;182,2;182,2;0,63;0,56
7;StudentAttendanceSystem;transition;1937;23;43;14;43;100;0,2;0,52;0;0,12;182,2;183,2;0,95;0,84
7;StudentAttendanceSystem;pair;1937;23;43;34;194;100;0,2;0,13;0,72;0,17;184,2;184,2;1,63;1,21
7;StudentAttendanceSystem;state;1938;22;42;9;48;100;0,2;0,24;0;0,04;184,2;184,2;0,55;0,48
7;StudentAttendanceSystem;transition;1938;22;42;13;42;100;0,26;0,47;0;0,08;185,2;185,2;0,9;0,8
7;StudentAttendanceSystem;pair;1938;22;42;41;225;100;0,22;1,62;1,36;0,2;186,2;6,11;3,88;3,39
7;StudentAttendanceSystem;state;1939;26;52;11;59;100;0,28;0,32;0;0,07;7,11;7,11;0,75;0,67
7;StudentAttendanceSystem;transition;1939;26;52;18;52;100;0,23;0,79;0;0,12;8,11;8,11;1,3;1,15
7;StudentAttendanceSystem;pair;1939;26;52;44;254;100;0,24;0,2;1,36;0,22;9,11;10,11;2,49;2,02
7;StudentAttendanceSystem;state;1940;24;45;10;55;100;0,27;0,36;0;0,07;10,11;10,11;0,82;0,69
7;StudentAttendanceSystem;transition;1940;24;45;15;45;100;0,28;0,51;0;0,09;11,11;11,11;0,99;0,89
7;StudentAttendanceSystem;pair;1940;24;45;38;210;100;0,3;0,13;0,9;0,23;12,11;12,11;2,09;1,56
7;StudentAttendanceSystem;state;1941;30;60;13;72;100;0,32;0,36;0;0,11;13,11;13,11;0,9;0,8
7;StudentAttendanceSystem;transition;1941;30;60;21;59;100;0,3;0,79;0;0,13;14,11;14,11;1,37;1,23
7;StudentAttendanceSystem;pair;1941;30;60;61;339;100;0,32;0,23;1,7;0,32;15,11;16,11;3,18;2,57
7;StudentAttendanceSystem;state;1942;25;48;11;58;100;0,26;0,35;0;0,11;16,11;17,11;0,86;0,73
7;StudentAttendanceSystem;transition;1942;25;48;17;48;100;0,26;0,67;0;0,13;17,11;17,11;1,24;1,06
7;StudentAttendanceSystem;pair;1942;25;48;40;220;100;0,24;0,19;1;0,35;18,11;19,11;2,38;1,8
7;StudentAttendanceSystem;state;1943;20;31;7;36;100;0,29;0,44;0;0,06;19,11;19,11;0,91;0,79
7;StudentAttendanceSystem;transition;1943;20;31;11;30;100;0,26;0,51;0;0,07;20,11;20,11;0,94;0,83
7;StudentAttendanceSystem;pair;1943;20;31;23;110;100;0,18;0,08;0,53;0,13;21,11;21,11;1,22;0,93
7;StudentAttendanceSystem;state;1944;20;37;8;41;100;0,22;0,25;0;0,04;21,11;21,11;0,6;0,52
7;StudentAttendanceSystem;transition;1944;20;37;13;37;100;0,26;0,52;0;0,08;22,11;22,11;0,99;0,86
7;StudentAttendanceSystem;pair;1944;20;37;32;174;100;0,23;0,13;0,69;0,14;23,11;23,11;1,6;1,19
7;StudentAttendanceSystem;state;1945;22;42;9;45;100;0,25;0,24;0;0,05;24,11;24,11;0,65;0,55
7;StudentAttendanceSystem;transition;1945;22;42;16;41;100;0,28;0,62;0;0,12;24,11;24,11;1,15;1,02
7;StudentAttendanceSystem;pair;1945;22;42;38;204;100;0,28;0,15;1,09;0,24;25,11;26,11;2,26;1,77
7;StudentAttendanceSystem;state;1946;25;49;10;56;100;0,32;0,38;0;0,08;26,11;26,11;0,88;0,79
7;StudentAttendanceSystem;transition;1946;25;49;16;49;100;0,28;0,73;0;0,14;27,11;27,11;1,27;1,15
7;StudentAttendanceSystem;pair;1946;25;49;42;244;100;0,29;0,21;1,28;0,3;28,11;29,11;2,68;2,08
7;StudentAttendanceSystem;state;1947;19;35;8;43;100;0,25;0,28;0;0,05;29,11;29,11;0,67;0,58
7;StudentAttendanceSystem;transition;1947;19;35;11;35;100;0,24;0,57;0;0,08;30,11;30,11;1,01;0,89
7;StudentAttendanceSystem;pair;1947;19;35;34;190;100;0,23;0,16;0,85;0,2;31,11;31,11;1,88;1,44
7;StudentAttendanceSystem;state;1948;20;37;8;43;100;0,25;0,27;0;0,05;31,11;31,11;0,66;0,57
7;StudentAttendanceSystem;transition;1948;20;37;13;37;100;0,24;0,6;0;0,1;32,11;32,11;1,06;0,94
7;StudentAttendanceSystem;pair;1948;20;37;32;178;100;0,23;0,15;0,81;0,2;33,11;33,11;1,81;1,38
7;StudentAttendanceSystem;state;1949;21;37;8;40;100;0,24;0,26;0;0,05;34,11;34,11;0,65;0,55
7;StudentAttendanceSystem;transition;1949;21;37;13;36;100;0,26;0,53;0;0,09;34,11;34,11;1;0,89
7;StudentAttendanceSystem;pair;1949;21;37;33;173;100;0,24;0,14;0,82;0,21;35,11;36,11;1,88;1,41
7;StudentAttendanceSystem;state;1950;25;48;10;51;100;0,29;0,38;0;0,07;36,11;36,11;0,84;0,74
7;StudentAttendanceSystem;transition;1950;25;48;19;47;100;0,28;0,79;0;0,16;37,11;37,11;1,36;1,22
7;StudentAttendanceSystem;pair;1950;25;48;44;236;100;0,28;0,19;1,23;0,35;38,11;39,11;2,59;2,05
7;StudentAttendanceSystem;state;1951;24;44;9;48;100;0,27;0,34;0;0,07;39,11;39,11;0,77;0,68
7;StudentAttendanceSystem;transition;1951;24;44;16;43;100;0,25;0,7;0;0,12;40,11;40,11;1,18;1,07
7;StudentAttendanceSystem;pair;1951;24;44;39;211;100;0,25;0,15;1,11;0,24;41,11;41,11;2,23;1,75
7;StudentAttendanceSystem;state;1952;26;50;11;62;100;0,33;0,39;0;0,08;42,11;42,11;0,9;0,8
7;StudentAttendanceSystem;transition;1952;26;50;16;49;100;0,3;0,79;0;0,14;43,11;43,11;1,35;1,23
7;StudentAttendanceSystem;pair;1952;26;50;43;255;100;0,29;0,2;1,36;0,31;44,11;44,11;2,73;2,16
7;StudentAttendanceSystem;state;1953;18;33;7;36;100;0,24;0,3;0;0,05;45,11;45,11;0,68;0,59
7;StudentAttendanceSystem;transition;1953;18;33;11;33;100;0,22;0,55;0;0,08;45,11;45,11;0,98;0,86
7;StudentAttendanceSystem;pair;1953;18;33;29;159;100;0,25;0,13;0,7;0,18;46,11;46,11;1,78;1,25
7;StudentAttendanceSystem;state;1954;23;43;9;49;100;0,33;0,36;0;0,07;47,11;47,11;0,85;0,76
7;StudentAttendanceSystem;transition;1954;23;43;14;42;100;0,27;0,7;0;0,12;48,11;48,11;1,21;1,09
7;StudentAttendanceSystem;pair;1954;23;43;38;224;100;0,26;0,16;1,08;0,28;49,11;49,11;2,33;1,78
7;StudentAttendanceSystem;state;1955;21;41;9;46;100;0,3;0,35;0;0,06;50,11;50,11;0,82;0,71
7;StudentAttendanceSystem;transition;1955;21;41;14;41;100;0,25;0,64;0;0,11;50,11;50,11;1,13;1
7;StudentAttendanceSystem;pair;1955;21;41;37;213;100;0,27;0,16;1,03;0,24;51,11;52,11;2,2;1,69
7;StudentAttendanceSystem;state;1956;27;53;11;59;100;0,33;0,38;0;0,08;52,11;52,11;0,88;0,78
7;StudentAttendanceSystem;transition;1956;27;53;20;52;100;0,31;0,85;0;0,18;53,11;53,11;1,54;1,34
7;StudentAttendanceSystem;pair;1956;27;53;47;257;100;0,3;0,29;1,46;0,31;54,11;55,11;3,01;2,37
7;StudentAttendanceSystem;state;1957;21;35;8;43;100;0,26;0,28;0;0,05;55,11;55,11;0,68;0,59
7;StudentAttendanceSystem;transition;1957;21;35;12;34;100;0,23;0,53;0;0,1;56,11;56,11;0,97;0,86
7;StudentAttendanceSystem;pair;1957;21;35;26;140;100;0,23;0,12;0,68;0,17;57,11;57,11;1,64;1,2
7;StudentAttendanceSystem;state;1958;24;46;10;56;100;0,32;0,36;0;0,07;58,11;58,11;0,84;0,75
7;StudentAttendanceSystem;transition;1958;24;46;15;45;100;0,28;0,7;0;0,13;58,11;58,11;1,23;1,11
7;StudentAttendanceSystem;pair;1958;24;46;45;261;100;0,3;0,18;1,37;0,31;60,11;60,11;2,73;2,16
7;StudentAttendanceSystem;state;1959;19;32;7;36;100;0,23;0,26;0;0,05;60,11;60,11;0,63;0,53
7;StudentAttendanceSystem;transition;1959;19;32;11;31;100;0,22;0,47;0;0,09;61,11;61,11;0,89;0,79
7;StudentAttendanceSystem;pair;1959;19;32;26;136;100;0,21;0,12;0,66;0,15;62,11;62,11;1,52;1,14
7;StudentAttendanceSystem;state;1960;21;36;8;40;100;0,25;0,27;0;0,06;62,11;63,11;0,69;0,58
7;StudentAttendanceSystem;transition;1960;21;36;14;35;100;0,21;0,54;0;0,1;63,11;63,11;0,95;0,85
7;StudentAttendanceSystem;pair;1960;21;36;32;157;100;0,21;0,12;0,76;0,17;64,11;64,11;1,74;1,27
7;StudentAttendanceSystem;state;1961;28;57;12;63;100;0,39;0,4;0;0,09;65,11;65,11;0,98;0,88
7;StudentAttendanceSystem;transition;1961;28;57;20;56;100;0,36;0,95;0;0,2;66,11;66,11;1,66;1,51
7;StudentAttendanceSystem;pair;1961;28;57;57;317;100;0,35;0,25;1,9;0,39;67,11;68,11;3,53;2,88
7;StudentAttendanceSystem;state;1962;16;28;6;31;100;0,21;0,24;0;0,04;68,11;68,11;0,57;0,49
7;StudentAttendanceSystem;transition;1962;16;28;9;28;100;0,19;0,42;0;0,06;69,11;69,11;0,77;0,67
7;StudentAttendanceSystem;pair;1962;16;28;28;142;100;0,2;0,11;0,58;0,14;70,11;70,11;1,39;1,03
7;StudentAttendanceSystem;state;1963;20;32;7;37;100;0,21;0,27;0;0,05;70,11;70,11;0,62;0,53
7;StudentAttendanceSystem;transition;1963;20;32;11;31;100;0,22;0,47;0;0,08;71,11;71,11;0,87;0,77
7;StudentAttendanceSystem;pair;1963;20;32;29;140;100;0,22;0,1;0,6;0,16;72,11;72,11;1,47;1,09
7;StudentAttendanceSystem;state;1964;23;46;9;48;100;0,27;0,31;0;0,09;72,11;72,11;0,76;0,67
7;StudentAttendanceSystem;transition;1964;23;46;17;46;100;0,28;0,67;0;0,15;73,11;73,11;1,21;1,09
7;StudentAttendanceSystem;pair;1964;23;46;45;249;100;0,27;0,18;1,2;0,34;74,11;75,11;2,53;1,98
7;StudentAttendanceSystem;state;1965;22;39;9;50;100;0,28;0,35;0;0,07;75,11;75,11;0,8;0,7
7;StudentAttendanceSystem;transition;1965;22;39;12;38;100;0,25;0,57;0;0,1;76,11;76,11;1,03;0,92
7;StudentAttendanceSystem;pair;1965;22;39;35;199;100;0,25;0,14;0,98;0,22;77,11;77,11;2,05;1,59
7;StudentAttendanceSystem;state;1966;27;50;12;63;100;0,3;0,39;0;0,09;78,11;78,11;0,88;0,77
7;StudentAttendanceSystem;transition;1966;27;50;18;49;100;0,29;0,76;0;0,14;79,11;79,11;1,32;1,18
7;StudentAttendanceSystem;pair;1966;27;50;45;239;100;0,31;0,21;1,35;0,27;80,11;80,11;2,72;2,15
7;StudentAttendanceSystem;state;1967;22;44;8;43;100;0,28;0,33;0;0,06;81,11;81,11;0,75;0,66
7;StudentAttendanceSystem;transition;1967;22;44;16;44;100;0,25;0,64;0;0,12;81,11;81,11;1,13;1,01
7;StudentAttendanceSystem;pair;1967;22;44;42;236;100;0,26;0,16;1,08;0,27;83,11;83,11;2,28;1,77
7;StudentAttendanceSystem;state;1968;18;32;7;37;100;0,23;0,25;0;0,05;83,11;83,11;0,62;0,52
7;StudentAttendanceSystem;transition;1968;18;32;10;32;100;0,24;0,54;0;0,08;84,11;84,11;0,98;0,85
7;StudentAttendanceSystem;pair;1968;18;32;27;153;100;0,22;0,11;0,64;0,16;85,11;85,11;1,53;1,13
7;StudentAttendanceSystem;state;1969;21;39;8;42;100;0,25;0,36;0;0,05;86,11;86,11;0,74;0,66
7;StudentAttendanceSystem;transition;1969;21;39;14;39;100;0,23;0,58;0;0,1;86,11;86,11;1,02;0,91
7;StudentAttendanceSystem;pair;1969;21;39;34;184;100;0,24;0,14;0,89;0,21;87,11;88,11;1,96;1,48
7;StudentAttendanceSystem;state;1970;29;57;12;67;100;0,33;0,39;0;0,12;88,11;88,11;0,94;0,84
7;StudentAttendanceSystem;transition;1970;29;57;19;56;100;0,31;0,86;0;0,17;89,11;89,11;1,47;1,34
7;StudentAttendanceSystem;pair;1970;29;57;55;315;100;0,31;0,24;1,86;0,41;91,11;91,11;3,58;2,82
7;StudentAttendanceSystem;state;1971;24;45;10;56;100;0,3;0,33;0;0,07;91,11;92,11;0,81;0,7
7;StudentAttendanceSystem;transition;1971;24;45;15;44;100;0,28;0,69;0;0,13;92,11;92,11;1,21;1,09
7;StudentAttendanceSystem;pair;1971;24;45;40;226;100;0,29;0,17;1,1;0,27;93,11;94,11;2,37;1,83
7;StudentAttendanceSystem;state;1972;24;44;9;48;100;0,29;0,33;0;0,07;94,11;94,11;0,8;0,69
7;StudentAttendanceSystem;transition;1972;24;44;16;43;100;0,31;0,69;0;0,14;95,11;95,11;1,29;1,15
7;StudentAttendanceSystem;pair;1972;24;44;38;206;100;0,27;0,17;1,03;0,24;96,11;96,11;2,2;1,7
7;StudentAttendanceSystem;state;1973;21;36;8;43;100;0,26;0,28;0;0,05;97,11;97,11;0,69;0,6
7;StudentAttendanceSystem;transition;1973;21;36;13;35;100;0,23;0,57;0;0,1;98,11;98,11;1,02;0,91
7;StudentAttendanceSystem;pair;1973;21;36;29;155;100;0,23;0,13;0,73;0,19;98,11;99,11;1,71;1,27
7;StudentAttendanceSystem;state;1974;28;55;12;64;100;0,31;0,39;0;0,08;99,11;99,11;0,88;0,78
7;StudentAttendanceSystem;transition;1974;28;55;20;54;100;0,3;0,83;0;0,16;100,11;100,11;1,44;1,29
7;StudentAttendanceSystem;pair;1974;28;55;53;289;100;0,3;0,24;1,45;0,25;102,11;102,11;2,79;2,24
7;StudentAttendanceSystem;state;1975;27;53;12;68;100;0,26;0,38;0;0,08;103,11;103,11;0,8;0,72
7;StudentAttendanceSystem;transition;1975;27;53;17;52;100;0,25;0,7;0;0,17;103,11;104,11;1,26;1,12
7;StudentAttendanceSystem;pair;1975;27;53;51;295;100;0,28;0,23;1,54;0,25;105,11;105,11;2,84;2,3
7;StudentAttendanceSystem;state;1976;26;49;12;65;100;0,25;0,36;0;0,12;106,11;106,11;0,88;0,72
7;StudentAttendanceSystem;transition;1976;26;49;16;48;100;0,27;0,64;0;0,1;107,11;107,11;1,13;1,01
7;StudentAttendanceSystem;pair;1976;26;49;43;243;100;0,3;0,2;1,16;0,29;108,11;108,11;2,46;1,95
7;StudentAttendanceSystem;state;1977;24;48;10;53;100;0,37;0,42;0;0,09;109,11;109,11;0,99;0,88
7;StudentAttendanceSystem;transition;1977;24;48;17;48;100;0,4;0,84;0;0,17;110,11;110,11;1,58;1,41
7;StudentAttendanceSystem;pair;1977;24;48;51;281;100;0,33;0,25;1,79;0,35;111,11;111,11;3,43;2,72
7;StudentAttendanceSystem;state;1978;29;57;12;67;100;0,37;0,49;0;0,12;112,11;112,11;1,1;0,99
7;StudentAttendanceSystem;transition;1978;29;57;20;56;100;0,3;0,76;0;0,18;113,11;113,11;1,42;1,24
7;StudentAttendanceSystem;pair;1978;29;57;52;292;100;0,37;0,3;1,97;0,44;114,11;115,11;3,91;3,08
7;StudentAttendanceSystem;state;1979;22;43;8;43;100;0,34;0,41;0;0,08;115,11;115,11;0,96;0,83
7;StudentAttendanceSystem;transition;1979;22;43;15;42;100;0,57;0,69;0;0,13;116,11;116,11;1,54;1,38
7;StudentAttendanceSystem;pair;1979;22;43;40;228;100;0,3;0,2;1,2;0,24;117,11;118,11;2,56;1,94
7;StudentAttendanceSystem;state;1980;25;50;11;58;100;0,26;0,31;0;0,11;118,11;118,11;0,86;0,68
7;StudentAttendanceSystem;transition;1980;25;50;19;50;100;0,32;0,88;0;0,17;119,11;119,11;1,54;1,37
7;StudentAttendanceSystem;pair;1980;25;50;46;246;100;0,37;0,25;1,38;0,24;120,11;121,11;2,94;2,24
7;StudentAttendanceSystem;state;1981;23;41;9;47;100;0,24;0,23;0;0,05;121,11;121,11;0,6;0,52
7;StudentAttendanceSystem;transition;1981;23;41;15;40;100;0,27;0,79;0;0,15;122,11;122,11;1,36;1,2
7;StudentAttendanceSystem;pair;1981;23;41;41;211;100;0,27;0,12;1,01;0,23;123,11;123,11;2,17;1,63
7;StudentAttendanceSystem;state;1982;25;47;11;60;100;0,25;0,48;0;0,09;124,11;124,11;1,04;0,82
7;StudentAttendanceSystem;transition;1982;25;47;15;47;100;0,26;0,69;0;0,09;124,11;124,11;1,18;1,04
7;StudentAttendanceSystem;pair;1982;25;47;44;242;100;0,29;0,19;1,13;0,28;126,11;126,11;2,51;1,89
7;StudentAttendanceSystem;state;1983;22;43;9;46;100;0,29;0,3;0;0,09;126,11;127,11;0,78;0,68
7;StudentAttendanceSystem;transition;1983;22;43;16;43;100;0,24;0,6;0;0,09;127,11;127,11;1,05;0,93
7;StudentAttendanceSystem;pair;1983;22;43;42;227;100;0,21;0,16;1,17;0,22;128,11;129,11;2,31;1,75
7;StudentAttendanceSystem;state;1984;21;39;8;42;100;0,39;0,31;0;0,06;129,11;129,11;0,86;0,75
7;StudentAttendanceSystem;transition;1984;21;39;14;39;100;0,26;0,64;0;0,12;130,11;130,11;1,19;1,02
7;StudentAttendanceSystem;pair;1984;21;39;34;186;100;0,24;0,14;1,03;0,31;131,11;131,11;2,19;1,72
7;StudentAttendanceSystem;state;1985;20;37;8;41;100;0,25;0,32;0;0,05;132,11;132,11;0,73;0,63
7;StudentAttendanceSystem;transition;1985;20;37;13;37;100;0,21;0,52;0;0,08;132,11;132,11;0,91;0,81
7;StudentAttendanceSystem;pair;1985;20;37;32;174;100;0,26;0,14;0,8;0,15;133,11;133,11;1,85;1,36
7;StudentAttendanceSystem;state;1986;26;48;11;58;100;0,3;0,41;0;0,08;134,11;134,11;0,89;0,79
7;StudentAttendanceSystem;transition;1986;26;48;17;47;100;0,23;0,75;0;0,14;135,11;135,11;1,28;1,12
7;StudentAttendanceSystem;pair;1986;26;48;43;227;100;0,31;0,22;1,4;0,34;136,11;136,11;2,97;2,28
7;StudentAttendanceSystem;state;1987;23;43;10;52;100;0,34;0,4;0;0,08;137,11;137,11;0,95;0,82
7;StudentAttendanceSystem;transition;1987;23;43;15;42;100;0,34;0,75;0;0,14;137,11;138,11;1,4;1,24
7;StudentAttendanceSystem;pair;1987;23;43;40;210;100;0,3;0,2;1,25;0,31;139,11;139,11;2,76;2,06
7;StudentAttendanceSystem;state;1988;21;38;9;49;100;0,31;0,35;0;0,07;139,11;139,11;0,86;0,73
7;StudentAttendanceSystem;transition;1988;21;38;13;38;100;0,27;0,63;0;0,12;140,11;140,11;1,2;1,03
7;StudentAttendanceSystem;pair;1988;21;38;30;162;100;0,29;0,14;0,9;0,22;141,11;141,11;2,16;1,56
7;StudentAttendanceSystem;state;1989;26;51;11;62;100;0,38;0,44;0;0,11;142,11;142,11;1,05;0,93
7;StudentAttendanceSystem;transition;1989;26;51;17;50;100;0,36;0,94;0;0,18;143,11;143,11;1,67;1,49
7;StudentAttendanceSystem;pair;1989;26;51;46;270;100;0,28;0,17;1,15;0,23;144,11;144,11;2,35;1,83
7;StudentAttendanceSystem;state;1990;26;51;11;60;100;0,28;0,29;0;0,09;145,11;145,11;0,75;0,65
7;StudentAttendanceSystem;transition;1990;26;51;17;50;100;0,26;0,79;0;0,12;146,11;146,11;1,31;1,17
7;StudentAttendanceSystem;pair;1990;26;51;46;264;100;0,3;0,19;1,37;0,24;147,11;148,11;2,63;2,09
7;StudentAttendanceSystem;state;1991;21;39;8;42;100;0,29;0,32;0;0,08;148,11;148,11;0,8;0,68
7;StudentAttendanceSystem;transition;1991;21;39;14;39;100;0,23;0,54;0;0,13;149,11;149,11;1,04;0,9
7;StudentAttendanceSystem;pair;1991;21;39;35;187;100;0,28;0,14;0,78;0,22;150,11;150,11;2;1,42
7;StudentAttendanceSystem;state;1992;23;42;9;49;100;0,27;0,26;0;0,05;150,11;150,11;0,66;0,58
7;StudentAttendanceSystem;transition;1992;23;42;15;41;100;0,23;0,6;0;0,11;151,11;151,11;1,12;0,95
7;StudentAttendanceSystem;pair;1992;23;42;36;202;100;0,2;0,14;0,94;0,25;152,11;153,11;2,01;1,52
7;StudentAttendanceSystem;state;1993;23;40;9;47;100;0,24;0,26;0;0,07;153,11;153,11;0,69;0,57
7;StudentAttendanceSystem;transition;1993;23;40;14;39;100;0,27;1,08;0;0,13;154,11;154,11;1,63;1,47
7;StudentAttendanceSystem;pair;1993;23;40;38;200;100;0,3;0,17;1,15;0,25;155,11;155,11;2,49;1,88
7;StudentAttendanceSystem;state;1994;21;38;8;43;100;0,31;0,34;0;0,07;156,11;156,11;0,84;0,72
7;StudentAttendanceSystem;transition;1994;21;38;12;38;100;0,29;0,57;0;0,11;156,11;156,11;1,13;0,97
7;StudentAttendanceSystem;pair;1994;21;38;35;195;100;0,27;0,17;1,02;0,17;157,11;157,11;2,15;1,63
7;StudentAttendanceSystem;state;1995;25;47;10;53;100;0,23;0,39;0;0,09;158,11;158,11;0,8;0,71
7;StudentAttendanceSystem;transition;1995;25;47;17;46;100;0,26;0,68;0;0,12;159,11;159,11;1,2;1,06
7;StudentAttendanceSystem;pair;1995;25;47;48;258;100;0,24;0,14;1,49;0,4;160,11;160,11;2,83;2,26
7;StudentAttendanceSystem;state;1996;21;41;8;43;100;0,36;0,32;0;0,05;161,11;161,11;0,83;0,73
7;StudentAttendanceSystem;transition;1996;21;41;13;41;100;0,32;0,61;0;0,08;162,11;162,11;1,14;1,02
7;StudentAttendanceSystem;pair;1996;21;41;41;223;100;0,28;0,22;1,33;0,33;163,11;163,11;2,79;2,16
7;StudentAttendanceSystem;state;1997;22;39;8;43;100;0,36;0,35;0;0,08;163,11;164,11;0,92;0,79
7;StudentAttendanceSystem;transition;1997;22;39;14;38;100;0,29;0,69;0;0,12;164,11;164,11;1,24;1,11
7;StudentAttendanceSystem;pair;1997;22;39;38;198;100;0,29;0,16;1,1;0,33;165,11;166,11;2,53;1,88
7;StudentAttendanceSystem;state;1998;24;44;9;48;100;0,35;0,41;0;0,08;166,11;166,11;0,95;0,84
7;StudentAttendanceSystem;transition;1998;24;44;16;43;100;0,3;0,81;0;0,15;167,11;167,11;1,4;1,26
7;StudentAttendanceSystem;pair;1998;24;44;39;211;100;0,31;0,18;1,23;0,27;168,11;168,11;2,59;1,98
7;StudentAttendanceSystem;state;1999;17;32;7;35;100;0,27;0,23;0;0,04;169,11;169,11;0,65;0,54
7;StudentAttendanceSystem;transition;1999;17;32;11;32;100;0,18;0,37;0;0,06;169,11;169,11;0,69;0,61
7;StudentAttendanceSystem;pair;1999;17;32;29;157;100;0,21;0,11;0,62;0,29;170,11;170,11;1,76;1,23
7;StudentAttendanceSystem;state;2000;20;35;8;39;100;0,28;0,28;0;0,07;171,11;171,11;0,74;0,62
7;StudentAttendanceSystem;transition;2000;20;35;13;35;100;0,28;0,53;0;0,09;171,11;171,11;1,03;0,91
7;StudentAttendanceSystem;pair;2000;20;35;27;138;100;0,28;0,14;0,59;0,19;172,11;172,11;1,71;1,2
7;StudentAttendanceSystem;state;2001;19;35;8;43;100;0,26;0,35;0;0,06;173,11;173,11;0,79;0,67
7;StudentAttendanceSystem;transition;2001;19;35;11;35;100;0,22;0,49;0;0,1;174,11;174,11;0,93;0,8
7;StudentAttendanceSystem;pair;2001;19;35;34;190;100;0,23;0,12;0,8;0,25;175,11;175,11;1,89;1,4
7;StudentAttendanceSystem;state;2002;28;53;12;64;100;0,38;0,46;0;0,07;175,11;175,11;1;0,91
7;StudentAttendanceSystem;transition;2002;28;53;19;52;100;0,34;0,72;0;0,13;176,11;176,11;1,34;1,19
7;StudentAttendanceSystem;pair;2002;28;53;44;244;100;0,32;0,22;1,21;0,29;178,11;178,11;2,65;2,03
7;StudentAttendanceSystem;state;2003;22;42;10;56;100;0,24;0,24;0;0,05;178,11;178,11;0,61;0,53
7;StudentAttendanceSystem;transition;2003;22;42;13;42;100;0,24;0,45;0;0,08;179,11;179,11;0,86;0,77
7;StudentAttendanceSystem;pair;2003;22;42;40;224;100;0,23;0,14;0,93;0,26;180,11;181,11;2,03;1,56
7;StudentAttendanceSystem;state;2004;20;34;8;41;100;0,21;0,24;0;0,05;181,11;181,11;0,58;0,5
7;StudentAttendanceSystem;transition;2004;20;34;11;34;100;0,22;0,54;0;0,07;182,11;182,11;0,96;0,83
7;StudentAttendanceSystem;pair;2004;20;34;30;158;100;0,2;0,12;0,76;0,18;183,11;183,11;1,74;1,25
7;StudentAttendanceSystem;state;2005;23;42;9;47;100;0,27;0,31;0;0,07;183,11;183,11;0,76;0,64
7;StudentAttendanceSystem;transition;2005;23;42;15;41;100;0,21;0,51;0;0,09;184,11;184,11;0,9;0,81
7;StudentAttendanceSystem;pair;2005;23;42;35;195;100;0,22;0,14;0,85;0,17;185,11;185,11;1,77;1,37
7;StudentAttendanceSystem;state;2006;27;54;12;66;100;5,26;0,47;0;0,08;6,1;6,1;5,99;5,8
7;StudentAttendanceSystem;transition;2006;27;54;18;54;100;0,44;0,85;0;0,17;7,1;7,1;1,64;1,45
7;StudentAttendanceSystem;pair;2006;27;54;54;304;100;0,4;0,22;1,65;0,46;8,1;9,1;3,51;2,73
7;StudentAttendanceSystem;state;2007;29;58;12;67;100;0,43;0,43;0;0,09;9,1;9,1;1,06;0,95
7;StudentAttendanceSystem;transition;2007;29;58;21;57;100;0,41;1,01;0;0,19;10,1;10,1;1,8;1,61
7;StudentAttendanceSystem;pair;2007;29;58;55;307;100;0,35;0,34;2,22;0,45;12,1;12,1;4,15;3,35
7;StudentAttendanceSystem;state;2008;19;34;8;40;100;0,31;0,34;0;0,06;13,1;13,1;0,81;0,71
7;StudentAttendanceSystem;transition;2008;19;34;13;34;100;0,25;0,55;0;0,1;13,1;13,1;1,06;0,91
7;StudentAttendanceSystem;pair;2008;19;34;28;143;100;0,24;0,16;0,7;0,16;14,1;14,1;1,8;1,26
7;StudentAttendanceSystem;state;2009;22;40;8;42;100;0,29;0,28;0;0,07;15,1;15,1;0,75;0,64
7;StudentAttendanceSystem;transition;2009;22;40;13;39;100;0,3;0,59;0;0,11;15,1;16,1;1,14;1
7;StudentAttendanceSystem;pair;2009;22;40;39;215;100;0,28;0,14;1,09;0,22;17,1;17,1;2,23;1,74
7;StudentAttendanceSystem;state;2010;24;46;10;55;100;0,42;0,32;0;0,06;17,1;17,1;0,89;0,8
7;StudentAttendanceSystem;transition;2010;24;46;16;46;100;0,25;0,63;0;0,1;18,1;18,1;1,09;0,98
7;StudentAttendanceSystem;pair;2010;24;46;41;225;100;0,26;0,16;1,04;0,28;19,1;20,1;2,32;1,74
7;StudentAttendanceSystem;state;2011;25;47;11;62;100;0,23;0,34;0;0,06;20,1;20,1;0,71;0,64
7;StudentAttendanceSystem;transition;2011;25;47;15;46;100;0,21;0,77;0;0,15;21,1;21,1;1,27;1,13
7;StudentAttendanceSystem;pair;2011;25;47;43;245;100;0,3;0,19;1,08;0,33;22,1;23,1;2,43;1,9
7;StudentAttendanceSystem;state;2012;22;41;9;48;100;0,31;0,37;0;0,07;23,1;23,1;0,93;0,76
7;StudentAttendanceSystem;transition;2012;22;41;15;41;100;0,26;0,57;0;0,12;24,1;24,1;1,09;0,96
7;StudentAttendanceSystem;pair;2012;22;41;36;186;100;0,28;0,19;1,17;0,29;25,1;25,1;2,49;1,94
7;StudentAttendanceSystem;state;2013;18;31;7;35;100;0,18;0,25;0;0,1;25,1;26,1;0,65;0,53
7;StudentAttendanceSystem;transition;2013;18;31;11;31;100;0,21;0,51;0;0,09;26,1;26,1;0,97;0,82
7;StudentAttendanceSystem;pair;2013;18;31;25;127;100;0,3;0,15;0,66;0,18;27,1;27,1;1,76;1,29
7;StudentAttendanceSystem;state;2014;21;34;8;41;100;0,26;0,33;0;0,07;27,1;28,1;0,77;0,67
7;StudentAttendanceSystem;transition;2014;21;34;12;33;100;0,25;0,57;0;0,1;28,1;28,1;1,06;0,92
7;StudentAttendanceSystem;pair;2014;21;34;32;153;100;0,25;0,09;0,67;0,16;29,1;29,1;1,59;1,17
7;StudentAttendanceSystem;state;2015;26;50;10;54;100;0,35;0,47;0;0,08;30,1;30,1;1,01;0,91
7;StudentAttendanceSystem;transition;2015;26;50;17;49;100;0,29;0,73;0;0,18;30,1;31,1;1,37;1,2
7;StudentAttendanceSystem;pair;2015;26;50;49;277;100;0,29;0,19;1,75;0,32;32,1;32,1;3,19;2,54
7;StudentAttendanceSystem;state;2016;23;39;9;47;100;0,29;0,36;0;0,08;33,1;33,1;0,86;0,74
7;StudentAttendanceSystem;transition;2016;23;39;13;38;100;0,3;0,65;0;0,13;33,1;34,1;1,24;1,08
7;StudentAttendanceSystem;pair;2016;23;39;35;185;100;0,34;0,22;1,05;0,2;35,1;35,1;2,51;1,8
7;StudentAttendanceSystem;state;2017;15;26;6;29;100;0,2;0,2;0;0,03;35,1;35,1;0,5;0,43
7;StudentAttendanceSystem;transition;2017;15;26;9;26;100;0,18;0,42;0;0,08;36,1;36,1;0,8;0,68
7;StudentAttendanceSystem;pair;2017;15;26;22;110;100;0,19;0,09;0,51;0,14;36,1;37,1;1,35;0,93
7;StudentAttendanceSystem;state;2018;26;52;11;60;100;0,41;0,49;0;0,15;37,1;37,1;1,17;1,06
7;StudentAttendanceSystem;transition;2018;26;52;18;51;100;0,35;0,97;0;0,14;38,1;38,1;1,68;1,46
7;StudentAttendanceSystem;pair;2018;26;52;49;275;100;0,23;0,2;1,24;0,31;39,1;40,1;2,48;1,98
7;StudentAttendanceSystem;state;2019;18;30;7;34;100;0,21;0,27;0;0,05;40,1;40,1;0,64;0,54
7;StudentAttendanceSystem;transition;2019;18;30;11;30;100;0,23;0,47;0;0,08;41,1;41,1;0,91;0,78
7;StudentAttendanceSystem;pair;2019;18;30;25;118;100;0,17;0,12;0,55;0,14;41,1;42,1;1,36;0,98
7;StudentAttendanceSystem;state;2020;27;51;11;61;100;0,32;0,39;0;0,07;42,1;42,1;0,88;0,78
7;StudentAttendanceSystem;transition;2020;27;51;18;50;100;0,29;0,77;0;0,14;43,1;43,1;1,33;1,19
7;StudentAttendanceSystem;pair;2020;27;51;44;242;100;0,23;0,16;1,07;0,27;44,1;45,1;2,23;1,73
7;StudentAttendanceSystem;state;2021;22;42;9;45;100;0,25;0,31;0;0,08;45,1;45,1;0,74;0,63
7;StudentAttendanceSystem;transition;2021;22;42;16;41;100;0,25;0,65;0;0,11;46,1;46,1;1,15;1
7;StudentAttendanceSystem;pair;2021;22;42;37;199;100;0,28;0,17;1,01;0,2;47,1;47,1;2,1;1,65
7;StudentAttendanceSystem;state;2022;26;50;10;54;100;0,27;0,29;0;0,06;48,1;48,1;0,7;0,62
7;StudentAttendanceSystem;transition;2022;26;50;18;49;100;0,29;0,69;0;0,12;49,1;49,1;1,22;1,1
7;StudentAttendanceSystem;pair;2022;26;50;46;258;100;0,26;0,15;1,2;0,21;50,1;50,1;2,3;1,83
7;StudentAttendanceSystem;state;2023;24;43;10;50;100;0,22;0,23;0;0,05;51,1;51,1;0,58;0,51
7;StudentAttendanceSystem;transition;2023;24;43;16;42;100;0,22;0,51;0;0,09;52,1;52,1;0,92;0,82
7;StudentAttendanceSystem;pair;2023;24;43;39;205;100;0,2;0,16;0,79;0,27;53,1;53,1;1,89;1,42
7;StudentAttendanceSystem;state;2024;23;46;9;48;100;0,21;0,25;0;0,04;54,1;54,1;0,57;0,51
7;StudentAttendanceSystem;transition;2024;23;46;16;46;100;0,24;0,64;0;0,1;54,1;54,1;1,1;0,98
7;StudentAttendanceSystem;pair;2024;23;46;48;268;100;0,23;0,17;1,08;0,25;56,1;56,1;2,23;1,72
7;StudentAttendanceSystem;state;2025;19;33;7;36;100;0,2;0,21;0;0,05;56,1;56,1;0,54;0,46
7;StudentAttendanceSystem;transition;2025;19;33;12;33;100;0,19;0,38;0;0,08;57,1;57,1;0,76;0,65
7;StudentAttendanceSystem;pair;2025;19;33;29;148;100;0,28;0,12;0,53;0,13;58,1;58,1;1,46;1,05
7;StudentAttendanceSystem;state;2026;25;46;10;55;100;0,24;0,28;0;0,06;59,1;59,1;0,65;0,57
7;StudentAttendanceSystem;transition;2026;25;46;17;45;100;0,27;0,57;0;0,11;59,1;60,1;1,08;0,95
7;StudentAttendanceSystem;pair;2026;25;46;40;208;100;0,24;0,15;0,93;0,26;61,1;61,1;2,15;1,58
7;StudentAttendanceSystem;state;2027;22;40;9;50;100;0,26;0,32;0;0,06;61,1;61,1;0,72;0,64
7;StudentAttendanceSystem;transition;2027;22;40;13;39;100;0,24;0,5;0;0,13;62,1;62,1;1;0,87
7;StudentAttendanceSystem;pair;2027;22;40;38;214;100;0,27;0,14;0,85;0,19;63,1;64,1;1,9;1,45
7;StudentAttendanceSystem;state;2028;20;33;7;37;100;0,22;0,19;0;0,06;64,1;64,1;0,56;0,48
7;StudentAttendanceSystem;transition;2028;20;33;12;32;100;0,19;0,56;0;0,1;64,1;65,1;1,01;0,86
7;StudentAttendanceSystem;pair;2028;20;33;31;151;100;0,23;0,09;0,51;0,12;65,1;66,1;1,33;0,95
7;StudentAttendanceSystem;state;2029;23;41;9;46;100;0,25;0,25;0;0,05;66,1;66,1;0,62;0,55
7;StudentAttendanceSystem;transition;2029;23;41;15;40;100;0,23;0,52;0;0,12;67,1;67,1;0,99;0,86
7;StudentAttendanceSystem;pair;2029;23;41;37;193;100;0,19;0,16;0,91;0,19;68,1;68,1;1,91;1,45
7;StudentAttendanceSystem;state;2030;23;45;10;51;100;0,22;0,37;0;0,06;69,1;69,1;0,75;0,65
7;StudentAttendanceSystem;transition;2030;23;45;15;45;100;0,19;0,48;0;0,08;69,1;69,1;0,85;0,76
7;StudentAttendanceSystem;pair;2030;23;45;43;235;100;0,27;0,13;1,11;0,22;71,1;71,1;2,25;1,73
7;StudentAttendanceSystem;state;2031;22;39;8;42;100;0,21;0,22;0;0,05;71,1;71,1;0,55;0,48
7;StudentAttendanceSystem;transition;2031;22;39;15;38;100;0,2;0,49;0;0,09;72,1;72,1;0,87;0,77
7;StudentAttendanceSystem;pair;2031;22;39;34;176;100;0,23;0,1;0,67;0,16;73,1;73,1;1,6;1,16
7;StudentAttendanceSystem;state;2032;22;39;9;50;100;0,25;0,31;0;0,05;74,1;74,1;0,71;0,61
7;StudentAttendanceSystem;transition;2032;22;39;12;39;100;0,18;0,46;0;0,08;74,1;75,1;0,82;0,72
7;StudentAttendanceSystem;pair;2032;22;39;35;186;100;0,24;0,13;0,81;0,17;76,1;76,1;1,75;1,35
7;StudentAttendanceSystem;state;2033;21;35;8;43;100;0,22;0,23;0;0,04;76,1;76,1;0,58;0,5
7;StudentAttendanceSystem;transition;2033;21;35;12;34;100;0,23;0,47;0;0,09;77,1;77,1;0,9;0,8
7;StudentAttendanceSystem;pair;2033;21;35;26;140;100;0,27;0,1;0,68;0,14;78,1;78,1;1,59;1,19
7;StudentAttendanceSystem;state;2034;26;50;10;54;100;0,31;0,29;0;0,09;78,1;79,1;0,8;0,69
7;StudentAttendanceSystem;transition;2034;26;50;18;49;100;0,23;0,88;0;0,21;79,1;79,1;1,49;1,32
7;StudentAttendanceSystem;pair;2034;26;50;45;257;100;0,39;0,24;1,6;0,36;81,1;81,1;3,29;2,58
7;StudentAttendanceSystem;state;2035;19;32;7;37;100;0,29;0,29;0;0,07;81,1;82,1;0,75;0,64
7;StudentAttendanceSystem;transition;2035;19;32;11;31;100;0,24;0,53;0;0,11;82,1;82,1;1,01;0,88
7;StudentAttendanceSystem;pair;2035;19;32;26;136;100;0,26;0,16;0,75;0,19;83,1;83,1;1,81;1,36
7;StudentAttendanceSystem;state;2036;16;28;6;31;100;0,24;0,27;0;0,04;84,1;84,1;0,65;0,56
7;StudentAttendanceSystem;transition;2036;16;28;9;28;100;0,26;0,44;0;0,07;84,1;84,1;0,89;0,77
7;StudentAttendanceSystem;pair;2036;16;28;29;146;100;0,24;0,12;0,69;0,2;85,1;85,1;1,69;1,26
7;StudentAttendanceSystem;state;2037;24;43;9;48;100;0,31;0,36;0;0,07;86,1;86,1;0,84;0,74
7;StudentAttendanceSystem;transition;2037;24;43;15;42;100;0,28;0,81;0;0,14;86,1;86,1;1,39;1,24
7;StudentAttendanceSystem;pair;2037;24;43;36;200;100;0,31;0,25;1,07;0,25;87,1;88,1;2,49;1,88
7;StudentAttendanceSystem;state;2038;23;40;9;45;100;0,3;0,39;0;0,07;88,1;88,1;0,87;0,76
7;StudentAttendanceSystem;transition;2038;23;40;15;39;100;0,26;0,69;0;0,12;89,1;89,1;1,2;1,06
7;StudentAttendanceSystem;pair;2038;23;40;31;162;100;0,27;0,15;0,81;0,18;90,1;90,1;1,87;1,41
7;StudentAttendanceSystem;state;2039;21;34;8;39;100;0,26;0,36;0;0,06;91,1;91,1;0,78;0,68
7;StudentAttendanceSystem;transition;2039;21;34;13;33;100;0,3;0,61;0;0,1;91,1;91,1;1,14;1,01
7;StudentAttendanceSystem;pair;2039;21;34;22;109;100;0,23;0,12;0,55;0,18;92,1;92,1;1,54;1,09
7;StudentAttendanceSystem;state;2040;22;43;9;48;100;0,3;0,38;0;0,08;93,1;93,1;0,87;0,76
7;StudentAttendanceSystem;transition;2040;22;43;14;43;100;0,3;0,69;0;0,13;93,1;93,1;1,26;1,11
7;StudentAttendanceSystem;pair;2040;22;43;44;236;100;0,33;0,2;1,37;0,29;94,1;95,1;2,85;2,19
7;StudentAttendanceSystem;state;2041;26;50;10;54;100;0,24;0,3;0;0,1;95,1;95,1;0,75;0,64
7;StudentAttendanceSystem;transition;2041;26;50;18;49;100;0,26;0,79;0;0,16;96,1;96,1;1,35;1,21
7;StudentAttendanceSystem;pair;2041;26;50;46;258;100;0,36;0,24;1,36;0,38;98,1;98,1;3,04;2,33
7;StudentAttendanceSystem;state;2042;20;31;7;36;100;0,26;0,26;0;0,05;98,1;98,1;0,66;0,57
7;StudentAttendanceSystem;transition;2042;20;31;11;30;100;0,23;0,54;0;0,09;99,1;99,1;0,98;0,86
7;StudentAttendanceSystem;pair;2042;20;31;21;103;100;0,24;0,1;0,58;0,13;100,1;100,1;1,43;1,05
7;StudentAttendanceSystem;state;2043;21;38;8;39;100;0,26;0,32;0;0,06;100,1;100,1;0,76;0,65
7;StudentAttendanceSystem;transition;2043;21;38;14;37;100;0,29;0,66;0;0,12;101,1;101,1;1,21;1,07
7;StudentAttendanceSystem;pair;2043;21;38;37;189;100;0,26;0,15;1,02;0,24;102,1;102,1;2,18;1,67
7;StudentAttendanceSystem;state;2044;26;48;11;58;100;0,32;0,39;0;0,09;103,1;103,1;0,93;0,8
7;StudentAttendanceSystem;transition;2044;26;48;18;47;100;0,3;0,82;0;0,18;104,1;104,1;1,47;1,31
7;StudentAttendanceSystem;pair;2044;26;48;40;208;100;0,33;0,2;1,2;0,29;105,1;105,1;2,67;2,02
7;StudentAttendanceSystem;state;2045;24;43;9;50;100;0,34;0,37;0;0,08;106,1;106,1;0,95;0,79
7;StudentAttendanceSystem;transition;2045;24;43;15;42;100;0,35;0,79;0;0,15;106,1;106,1;1,48;1,29
7;StudentAttendanceSystem;pair;2045;24;43;35;185;100;0,34;0,17;0,96;0,26;107,1;108,1;2,3;1,73
7;StudentAttendanceSystem;state;2046;26;48;11;56;100;0,32;0,37;0;0,1;108,1;108,1;0,89;0,79
7;StudentAttendanceSystem;transition;2046;26;48;17;47;100;0,29;0,83;0;0,15;109,1;109,1;1,43;1,26
7;StudentAttendanceSystem;pair;2046;26;48;42;232;100;0,3;0,21;1,39;0,26;110,1;111,1;2,71;2,15
7;StudentAttendanceSystem;state;2047;23;42;9;47;100;0,23;0,23;0;0,05;111,1;111,1;0,6;0,52
7;StudentAttendanceSystem;transition;2047;23;42;15;41;100;0,24;0,54;0;0,13;112,1;112,1;1,03;0,91
7;StudentAttendanceSystem;pair;2047;23;42;36;198;100;0,28;0,15;0,98;0,18;113,1;113,1;2,07;1,59
7;StudentAttendanceSystem;state;2048;22;44;9;46;100;0,28;0,25;0;0,05;114,1;114,1;0,66;0,58
7;StudentAttendanceSystem;transition;2048;22;44;15;44;100;0,25;0,52;0;0,09;114,1;114,1;0,97;0,86
7;StudentAttendanceSystem;pair;2048;22;44;43;233;100;0,3;0,21;1,23;0,19;115,1;116,1;2,5;1,93
7;StudentAttendanceSystem;state;2049;23;39;9;47;100;0,28;0,34;0;0,08;116,1;116,1;0,84;0,7
7;StudentAttendanceSystem;transition;2049;23;39;13;38;100;0,29;0,58;0;0,12;117,1;117,1;1,12;1
7;StudentAttendanceSystem;pair;2049;23;39;35;185;100;0,19;0,15;1;0,19;118,1;118,1;2,07;1,53
7;StudentAttendanceSystem;state;2050;28;56;11;62;100;0,38;0,4;0;0,11;119,1;119,1;1,01;0,89
7;StudentAttendanceSystem;transition;2050;28;56;20;55;100;0,34;1,05;0;0,18;120,1;120,1;1,74;1,57
7;StudentAttendanceSystem;pair;2050;28;56;52;294;100;0,36;0,25;1,73;0,32;121,1;122,1;3,4;2,67
7;StudentAttendanceSystem;state;2051;27;53;12;66;100;0,29;0,39;0;0,12;122,1;122,1;0,93;0,8
7;StudentAttendanceSystem;transition;2051;27;53;17;53;100;0,41;0,95;0;0,19;123,1;123,1;1,73;1,55
7;StudentAttendanceSystem;pair;2051;27;53;51;289;100;0,41;0,27;1,74;0,39;124,1;125,1;3,63;2,81
7;StudentAttendanceSystem;state;2052;21;41;9;48;100;0,26;0,28;0;0,07;125,1;125,1;0,72;0,61
7;StudentAttendanceSystem;transition;2052;21;41;14;41;100;0,33;0,6;0;0,09;126,1;126,1;1,17;1,02
7;StudentAttendanceSystem;pair;2052;21;41;38;204;100;0,22;0,18;1,11;0,17;127,1;127,1;2,22;1,67
7;StudentAttendanceSystem;state;2053;24;44;9;48;100;0,24;0,27;0;0,09;128,1;128,1;0,7;0,59
7;StudentAttendanceSystem;transition;2053;24;44;16;43;100;0,48;0,84;0;0,15;129,1;129,1;1,63;1,46
7;StudentAttendanceSystem;pair;2053;24;44;39;211;100;0,3;0,19;1,12;0,3;130,1;130,1;2,55;1,91
7;StudentAttendanceSystem;state;2054;26;50;10;54;100;0,33;0,44;0;0,1;131,1;131,1;0,99;0,87
7;StudentAttendanceSystem;transition;2054;26;50;18;49;100;0,29;0,68;0;0,17;131,1;132,1;1,26;1,14
7;StudentAttendanceSystem;pair;2054;26;50;46;258;100;0,27;0,21;1,48;0,37;133,1;133,1;2,95;2,34
7;StudentAttendanceSystem;state;2055;27;55;11;58;100;0,38;0,42;0;0,09;134,1;134,1;1,01;0,89
7;StudentAttendanceSystem;transition;2055;27;55;19;54;100;0,33;0,81;0;0,12;135,1;135,1;1,41;1,26
7;StudentAttendanceSystem;pair;2055;27;55;54;304;100;0,35;0,26;1,68;0,41;136,1;137,1;3,5;2,7
7;StudentAttendanceSystem;state;2056;23;46;9;48;100;0,38;0,43;0;0,09;137,1;137,1;1,01;0,89
7;StudentAttendanceSystem;transition;2056;23;46;16;46;100;0,39;0,82;0;0,17;138,1;138,1;1,54;1,38
7;StudentAttendanceSystem;pair;2056;23;46;48;268;100;0,33;0,21;1,48;0,43;139,1;140,1;3,12;2,45
7;StudentAttendanceSystem;state;2057;30;59;13;72;100;0,48;0,54;0;0,13;140,1;140,1;1,28;1,15
7;StudentAttendanceSystem;transition;2057;30;59;20;58;100;0,37;1,04;0;0,21;141,1;141,1;1,81;1,62
7;StudentAttendanceSystem;pair;2057;30;59;58;324;100;0,36;0,3;2,16;0,49;143,1;143,1;4,2;3,32
7;StudentAttendanceSystem;state;2058;20;38;8;41;100;0,36;0,38;0;0,06;144,1;144,1;0,92;0,8
7;StudentAttendanceSystem;transition;2058;20;38;14;38;100;0,27;0,65;0;0,13;144,1;144,1;1,19;1,05
7;StudentAttendanceSystem;pair;2058;20;38;35;189;100;0,3;0,16;1,18;0,26;145,1;146,1;2,55;1,89
7;StudentAttendanceSystem;state;2059;18;28;7;35;100;0,28;0,26;0;0,06;146,1;146,1;0,71;0,59
7;StudentAttendanceSystem;transition;2059;18;28;9;28;100;0,24;0,42;0;0,07;146,1;147,1;0,84;0,73
7;StudentAttendanceSystem;pair;2059;18;28;25;118;100;0,15;0,11;0,46;0,15;147,1;147,1;1,24;0,86
7;StudentAttendanceSystem;state;2060;26;49;11;56;100;0,35;0,4;0;0,09;148,1;148,1;0,97;0,84
7;StudentAttendanceSystem;transition;2060;26;49;18;48;100;0,35;0,86;0;0,25;149,1;149,1;1,63;1,46
7;StudentAttendanceSystem;pair;2060;26;49;47;253;100;0,34;0,22;1,79;0,36;150,1;150,1;3,45;2,7
7;StudentAttendanceSystem;state;2061;22;39;9;50;100;0,32;0,35;0;0,07;151,1;151,1;0,85;0,75
7;StudentAttendanceSystem;transition;2061;22;39;12;38;100;0,28;0,66;0;0,12;152,1;152,1;1,18;1,06
7;StudentAttendanceSystem;pair;2061;22;39;35;199;100;0,29;0,17;1,18;0,29;153,1;153,1;2,52;1,93
7;StudentAttendanceSystem;state;2062;27;52;11;59;100;0,38;0,42;0;0,12;153,1;154,1;1,04;0,92
7;StudentAttendanceSystem;transition;2062;27;52;19;51;100;0,33;0,93;0;0,18;154,1;154,1;1,58;1,44
7;StudentAttendanceSystem;pair;2062;27;52;43;240;100;0,35;0,24;1,5;0,33;156,1;156,1;3,14;2,42
7;StudentAttendanceSystem;state;2063;29;57;12;67;100;0,41;0,49;0;0,11;157,1;157,1;1,14;1,01
7;StudentAttendanceSystem;transition;2063;29;57;20;56;100;0,37;1,06;0;0,21;157,1;158,1;1,81;1,64
7;StudentAttendanceSystem;pair;2063;29;57;52;292;100;0,39;0,32;2,13;0,44;159,1;159,1;4,04;3,28
7;StudentAttendanceSystem;state;2064;22;40;8;42;100;0,37;0,37;0;0,08;160,1;160,1;0,95;0,82
7;StudentAttendanceSystem;transition;2064;22;40;13;39;100;0,29;0,69;0;0,12;161,1;161,1;1,24;1,1
7;StudentAttendanceSystem;pair;2064;22;40;39;215;100;0,28;0,17;1,2;0,29;162,1;162,1;2,52;1,94
7;StudentAttendanceSystem;state;2065;21;35;8;41;100;0,2;0,2;0;0,04;162,1;163,1;0,55;0,44
7;StudentAttendanceSystem;transition;2065;21;35;13;34;100;0,17;0,42;0;0,07;163,1;163,1;0,74;0,66
7;StudentAttendanceSystem;pair;2065;21;35;33;161;100;0,18;0,14;0,72;0,22;164,1;164,1;1,72;1,26
7;StudentAttendanceSystem;state;2066;21;40;9;46;100;0,24;0,27;0;0,06;165,1;165,1;0,68;0,57
7;StudentAttendanceSystem;transition;2066;21;40;15;40;100;0,25;0,48;0;0,08;165,1;165,1;0,93;0,81
7;StudentAttendanceSystem;pair;2066;21;40;36;194;100;0,22;0,11;0,85;0,17;166,1;167,1;1,76;1,36
7;StudentAttendanceSystem;state;2067;25;50;11;58;100;0,24;0,33;0;0,08;167,1;167,1;0,73;0,65
7;StudentAttendanceSystem;transition;2067;25;50;18;50;100;0,24;0,68;0;0,11;168,1;168,1;1,18;1,03
7;StudentAttendanceSystem;pair;2067;25;50;49;265;100;0,32;0,25;1,7;0,39;169,1;170,1;3,44;2,66
7;StudentAttendanceSystem;state;2068;23;42;8;43;100;0,34;0,36;0;0,07;170,1;170,1;0,9;0,78
7;StudentAttendanceSystem;transition;2068;23;42;15;41;100;0,4;0,75;0;0,19;171,1;171,1;1,49;1,34
7;StudentAttendanceSystem;pair;2068;23;42;35;193;100;0,29;0,2;1,24;0,32;172,1;172,1;2,71;2,05
7;StudentAttendanceSystem;state;2069;25;48;9;49;100;0,41;0,38;0;0,08;173,1;173,1;0,99;0,88
7;StudentAttendanceSystem;transition;2069;25;48;17;47;100;0,32;0,89;0;0,18;174,1;174,1;1,54;1,38
7;StudentAttendanceSystem;pair;2069;25;48;43;245;100;0,33;0,21;1,54;0,34;175,1;175,1;3,16;2,42
7;StudentAttendanceSystem;state;2070;27;55;12;64;100;0,48;0,51;0;0,11;176,1;176,1;1,24;1,11
7;StudentAttendanceSystem;transition;2070;27;55;20;55;100;0,41;0,97;0;0,23;177,1;177,1;1,81;1,61
7;StudentAttendanceSystem;pair;2070;27;55;50;282;100;0,35;0,3;1,94;0,43;178,1;179,1;3,77;3,02
7;StudentAttendanceSystem;state;2071;20;32;7;36;100;0,27;0,51;0;0,06;179,1;179,1;0,97;0,84
7;StudentAttendanceSystem;transition;2071;20;32;12;31;100;0,24;0,66;0;0,12;180,1;180,1;1,17;1,02
7;StudentAttendanceSystem;pair;2071;20;32;26;125;100;0,26;0,12;0,77;0,16;181,1;181,1;1,78;1,31
7;StudentAttendanceSystem;state;2072;22;39;8;43;100;0,3;0,35;0;0,06;181,1;181,1;0,81;0,72
7;StudentAttendanceSystem;transition;2072;22;39;14;38;100;0,31;0,68;0;0,13;182,1;182,1;1,24;1,11
7;StudentAttendanceSystem;pair;2072;22;39;37;193;100;0,3;0,15;1,03;0,27;183,1;183,1;2,27;1,76
7;StudentAttendanceSystem;state;2073;27;52;11;61;100;0,38;0,54;0;0,11;184,1;184,1;1,18;1,03
7;StudentAttendanceSystem;transition;2073;27;52;18;51;100;0,37;1,04;0;0,18;185,1;185,1;1,75;1,58
7;StudentAttendanceSystem;pair;2073;27;52;51;279;100;0,34;0,28;11,26;0,31;186,29;6,29;12,95;12,19
7;StudentAttendanceSystem;state;2074;26;51;11;60;100;0,29;0,32;0;0,1;7,29;7,29;0,93;0,7
7;StudentAttendanceSystem;transition;2074;26;51;17;50;100;0,3;0,73;0;0,13;8,29;8,29;1,32;1,16
7;StudentAttendanceSystem;pair;2074;26;51;46;264;100;0,32;0,23;1,46;0,29;9,29;10,29;2,91;2,29
7;StudentAttendanceSystem;state;2075;23;43;10;54;100;0,36;0,42;0;0,09;10,29;10,29;0,99;0,87
7;StudentAttendanceSystem;transition;2075;23;43;15;43;100;0,38;0,7;0;0,11;11,29;11,29;1,33;1,19
7;StudentAttendanceSystem;pair;2075;23;43;43;221;100;0,24;0,14;0,96;0,18;12,29;12,29;2;1,52
7;StudentAttendanceSystem;state;2076;21;41;8;42;100;0,26;0,31;0;0,05;13,29;13,29;0,72;0,62
7;StudentAttendanceSystem;transition;2076;21;41;13;41;100;0,23;0,49;0;0,11;13,29;13,29;0,97;0,84
7;StudentAttendanceSystem;pair;2076;21;41;42;238;100;0,26;0,13;0,92;0,29;15,29;15,29;2,09;1,6
7;StudentAttendanceSystem;state;2077;23;44;9;50;100;0,31;0,36;0;0,06;15,29;15,29;0,83;0,73
7;StudentAttendanceSystem;transition;2077;23;44;15;44;100;0,32;0,67;0;0,11;16,29;16,29;1,24;1,1
7;StudentAttendanceSystem;pair;2077;23;44;38;208;100;0,25;0,15;0,85;0,22;17,29;18,29;1,92;1,47
7;StudentAttendanceSystem;state;2078;28;57;13;69;100;0,34;0,46;0;0,08;18,29;18,29;0,99;0,89
7;StudentAttendanceSystem;transition;2078;28;57;20;57;100;0,28;0,91;0;0,13;19,29;19,29;1,46;1,31
7;StudentAttendanceSystem;pair;2078;28;57;56;314;100;0,34;0,22;1,95;0,34;21,29;21,29;3,59;2,85
7;StudentAttendanceSystem;state;2079;25;44;10;55;100;0,34;0,27;0;0,11;22,29;22,29;0,86;0,73
7;StudentAttendanceSystem;transition;2079;25;44;15;43;100;0,33;0,95;0;0,15;22,29;22,29;1,59;1,43
7;StudentAttendanceSystem;pair;2079;25;44;34;184;100;0,28;0,14;0,89;0,22;23,29;24,29;2,03;1,53
7;StudentAttendanceSystem;state;2080;28;54;11;62;100;0,37;0,38;0;0,1;24,29;24,29;0,97;0,85
7;StudentAttendanceSystem;transition;2080;28;54;18;53;100;0,25;0,74;0;0,16;25,29;25,29;1,29;1,15
7;StudentAttendanceSystem;pair;2080;28;54;46;268;100;0,36;0,24;1,5;0,27;26,29;27,29;3,07;2,37
7;StudentAttendanceSystem;state;2081;22;43;8;43;100;0,23;0,27;0;0,05;27,29;27,29;0,63;0,55
7;StudentAttendanceSystem;transition;2081;22;43;15;43;100;0,24;0,51;0;0,09;28,29;28,29;0,94;0,84
7;StudentAttendanceSystem;pair;2081;22;43;39;225;100;0,24;0,14;0,91;0,21;29,29;30,29;2;1,5
7;StudentAttendanceSystem;state;2082;25;45;10;55;100;0,25;0,36;0;0,08;30,29;30,29;0,81;0,69
7;StudentAttendanceSystem;transition;2082;25;45;15;44;100;0,28;0,75;0;0,15;31,29;31,29;1,32;1,18
7;StudentAttendanceSystem;pair;2082;25;45;41;217;100;0,24;0,14;0,99;0,2;32,29;32,29;2,04;1,57
7;StudentAttendanceSystem;state;2083;24;43;9;50;100;0,33;0,29;0;0,05;33,29;33,29;0,75;0,67
7;StudentAttendanceSystem;transition;2083;24;43;15;42;100;0,22;0,71;0;0,12;33,29;34,29;1,21;1,05
7;StudentAttendanceSystem;pair;2083;24;43;36;193;100;0,28;0,12;0,77;0,16;35,29;35,29;1,84;1,34
7;StudentAttendanceSystem;state;2084;26;53;11;59;100;0,26;0,31;0;0,19;35,29;36,29;0,84;0,75
7;StudentAttendanceSystem;transition;2084;26;53;19;53;100;0,28;0,81;0;0,19;36,29;36,29;1,45;1,28
7;StudentAttendanceSystem;pair;2084;26;53;47;265;100;0,36;0,28;1,68;0,38;38,29;38,29;3,37;2,69
7;StudentAttendanceSystem;state;2085;22;43;8;43;100;0,31;0,39;0;0,07;39,29;39,29;0,9;0,78
7;StudentAttendanceSystem;transition;2085;22;43;15;43;100;0,33;0,7;0;0,15;39,29;39,29;1,32;1,18
7;StudentAttendanceSystem;pair;2085;22;43;39;221;100;0,31;0,18;1,13;0,31;40,29;41,29;2,55;1,93
7;StudentAttendanceSystem;state;2086;24;46;10;54;100;0,32;0,42;0;0,09;41,29;41,29;0,94;0,82
7;StudentAttendanceSystem;transition;2086;24;46;16;45;100;0,33;0,81;0;0,11;42,29;42,29;1,36;1,24
7;StudentAttendanceSystem;pair;2086;24;46;42;228;100;0,23;0,19;1,02;0,2;43,29;44,29;2,11;1,64
7;StudentAttendanceSystem;state;2087;24;47;10;53;100;0,22;0,25;0;0,05;44,29;44,29;0,59;0,51
7;StudentAttendanceSystem;transition;2087;24;47;17;47;100;0,2;0,56;0;0,13;45,29;45,29;1,02;0,9
7;StudentAttendanceSystem;pair;2087;24;47;40;222;100;0,22;0,15;1;0,25;46,29;46,29;2,2;1,61
7;StudentAttendanceSystem;state;2088;24;46;10;54;100;0,25;0,25;0;0,08;47,29;47,29;0,67;0,58
7;StudentAttendanceSystem;transition;2088;24;46;16;45;100;0,28;0,75;0;0,12;48,29;48,29;1,28;1,15
7;StudentAttendanceSystem;pair;2088;24;46;42;228;100;0,27;0,17;1,04;0,28;49,29;49,29;2,27;1,77
7;StudentAttendanceSystem;state;2089;18;32;7;33;100;0,24;0,36;0;0,05;50,29;50,29;0,8;0,65
7;StudentAttendanceSystem;transition;2089;18;32;11;32;100;0,22;0,45;0;0,09;50,29;50,29;0,89;0,76
7;StudentAttendanceSystem;pair;2089;18;32;30;153;100;0,26;0,12;0,71;0,21;51,29;51,29;1,78;1,29
7;StudentAttendanceSystem;state;2090;22;36;9;44;100;0,28;0,35;0;0,07;52,29;52,29;0,8;0,7
7;StudentAttendanceSystem;transition;2090;22;36;13;35;100;0,25;0,61;0;0,15;52,29;52,29;1,15;1
7;StudentAttendanceSystem;pair;2090;22;36;28;141;100;0,26;0,13;0,79;0,2;53,29;53,29;1,86;1,38
7;StudentAttendanceSystem;state;2091;24;46;10;55;100;0,38;0,42;0;0,09;54,29;54,29;1;0,88
7;StudentAttendanceSystem;transition;2091;24;46;15;46;100;0,35;0,79;0;0,13;55,29;55,29;1,43;1,27
7;StudentAttendanceSystem;pair;2091;24;46;44;240;100;0,3;0,18;1,28;0,2;56,29;56,29;2,46;1,95
7;StudentAttendanceSystem;state;2092;25;52;11;57;100;0,24;0,3;0;0,07;57,29;57,29;0,71;0,61
7;StudentAttendanceSystem;transition;2092;25;52;18;52;100;0,23;0,6;0;0,11;58,29;58,29;1,08;0,95
7;StudentAttendanceSystem;pair;2092;25;52;53;293;100;0,23;0,23;1,31;0,36;59,29;59,29;2,69;2,13
7;StudentAttendanceSystem;state;2093;22;38;8;43;100;0,23;0,27;0;0,05;60,29;60,29;0,63;0,55
7;StudentAttendanceSystem;transition;2093;22;38;13;37;100;0,21;0,53;0;0,09;61,29;61,29;0,97;0,83
7;StudentAttendanceSystem;pair;2093;22;38;35;187;100;0,23;0,14;0,94;0,18;62,29;62,29;1,95;1,49
7;StudentAttendanceSystem;state;2094;21;38;8;42;100;0,22;0,22;0;0,04;62,29;62,29;0,55;0,48
7;StudentAttendanceSystem;transition;2094;21;38;13;37;100;0,19;0,43;0;0,1;63,29;63,29;0,83;0,72
7;StudentAttendanceSystem;pair;2094;21;38;32;178;100;0,19;0,14;0,79;0,15;64,29;64,29;1,68;1,26
7;StudentAttendanceSystem;state;2095;28;56;11;62;100;0,29;0,29;0;0,09;65,29;65,29;0,75;0,68
7;StudentAttendanceSystem;transition;2095;28;56;20;55;100;0,24;0,72;0;0,15;66,29;66,29;1,24;1,11
7;StudentAttendanceSystem;pair;2095;28;56;52;294;100;0,28;0,21;1,42;0,3;67,29;68,29;2,71;2,21
7;StudentAttendanceSystem;state;2096;24;43;10;50;100;0,22;0,25;0;0,07;68,29;68,29;0,66;0,54
7;StudentAttendanceSystem;transition;2096;24;43;16;42;100;0,21;0,7;0;0,14;69,29;69,29;1,2;1,04
7;StudentAttendanceSystem;pair;2096;24;43;40;210;100;0,31;0,12;1,16;0,31;70,29;70,29;2,41;1,9
7;StudentAttendanceSystem;state;2097;26;50;10;54;100;0,4;0,45;0;0,1;71,29;71,29;1,08;0,95
7;StudentAttendanceSystem;transition;2097;26;50;17;49;100;0,38;0,71;0;0,17;72,29;72,29;1,42;1,26
7;StudentAttendanceSystem;pair;2097;26;50;49;281;100;0,28;0,2;1,46;0,26;73,29;74,29;2,71;2,2
7;StudentAttendanceSystem;state;2098;22;45;9;49;100;0,3;0,24;0;0,06;74,29;74,29;0,71;0,61
7;StudentAttendanceSystem;transition;2098;22;45;15;45;100;0,23;0,56;0;0,11;75,29;75,29;1,02;0,9
7;StudentAttendanceSystem;pair;2098;22;45;42;238;100;0,22;0,16;0,92;0,24;76,29;76,29;1,97;1,53
7;StudentAttendanceSystem;state;2099;23;44;9;50;100;0,29;0,26;0;0,08;77,29;77,29;0,76;0,63
7;StudentAttendanceSystem;transition;2099;23;44;15;44;100;0,24;0,51;0;0,1;77,29;78,29;0,96;0,86
7;StudentAttendanceSystem;pair;2099;23;44;37;207;100;0,2;0,13;0,8;0,22;79,29;79,29;1,82;1,35
7;StudentAttendanceSystem;state;2100;23;42;9;49;100;0,26;0,33;0;0,09;79,29;79,29;0,8;0,68
7;StudentAttendanceSystem;transition;2100;23;42;15;41;100;0,3;0,63;0;0,1;80,29;80,29;1,16;1,03
7;StudentAttendanceSystem;pair;2100;23;42;36;202;100;0,29;0,12;0,78;0,19;81,29;82,29;1,79;1,38
7;StudentAttendanceSystem;state;2101;22;40;9;47;100;0,25;0,26;0;0,07;82,29;82,29;0,69;0,58
7;StudentAttendanceSystem;transition;2101;22;40;13;40;100;0,21;0,51;0;0,07;83,29;83,29;0,91;0,8
7;StudentAttendanceSystem;pair;2101;22;40;38;208;100;0,2;0,11;0,92;0,2;84,29;84,29;1,87;1,42
7;StudentAttendanceSystem;state;2102;20;34;8;41;100;0,18;0,27;0;0,07;84,29;84,29;0,62;0,52
7;StudentAttendanceSystem;transition;2102;20;34;11;34;100;0,26;0,49;0;0,08;85,29;85,29;0,92;0,83
7;StudentAttendanceSystem;pair;2102;20;34;30;158;100;0,17;0,1;0,53;0,21;86,29;86,29;1,37;1,01
7;StudentAttendanceSystem;state;2103;27;50;11;61;100;0,36;0,36;0;0,08;87,29;87,29;0,91;0,81
7;StudentAttendanceSystem;transition;2103;27;50;17;49;100;0,26;0,64;0;0,11;88,29;88,29;1,13;1,01
7;StudentAttendanceSystem;pair;2103;27;50;42;234;100;0,23;0,19;1,08;0,25;89,29;89,29;2,23;1,74
7;StudentAttendanceSystem;state;2104;26;52;10;55;100;0,26;0,3;0;0,06;90,29;90,29;0,69;0,61
7;StudentAttendanceSystem;transition;2104;26;52;17;51;100;0,25;0,59;0;0,13;90,29;91,29;1,09;0,97
7;StudentAttendanceSystem;pair;2104;26;52;52;294;100;0,23;0,22;1,37;0,27;92,29;92,29;2,62;2,08
7;StudentAttendanceSystem;state;2105;24;49;11;57;100;0,27;0,26;0;0,06;93,29;93,29;0,68;0,59
7;StudentAttendanceSystem;transition;2105;24;49;17;49;100;0,22;0,65;0;0,12;94,29;94,29;1,14;0,99
7;StudentAttendanceSystem;pair;2105;24;49;44;250;100;0,3;0,22;1,23;0,27;95,29;95,29;2,57;2,02
7;StudentAttendanceSystem;state;2106;20;38;8;41;100;0,31;0,28;0;0,06;96,29;96,29;0,75;0,65
7;StudentAttendanceSystem;transition;2106;20;38;14;38;100;0,26;0,59;0;0,13;96,29;97,29;1,1;0,98
7;StudentAttendanceSystem;pair;2106;20;38;35;189;100;0,26;0,15;0,91;0,21;98,29;98,29;2,01;1,53
7;StudentAttendanceSystem;state;2107;27;54;11;60;100;0,26;0,31;0;0,12;98,29;98,29;0,8;0,7
7;StudentAttendanceSystem;transition;2107;27;54;18;53;100;0,3;0,66;0;0,11;99,29;99,29;1,19;1,07
7;StudentAttendanceSystem;pair;2107;27;54;55;307;100;0,26;0,2;1,98;0,37;101,29;101,29;3,58;2,81
7;StudentAttendanceSystem;state;2108;23;40;9;46;100;0,28;0,3;0;0,05;102,29;102,29;0,74;0,64
7;StudentAttendanceSystem;transition;2108;23;40;14;39;100;0,2;0,53;0;0,1;102,29;102,29;0,95;0,83
7;StudentAttendanceSystem;pair;2108;23;40;33;176;100;0,39;0,15;0,82;0,21;103,29;104,29;2,07;1,57
7;StudentAttendanceSystem;state;2109;27;54;12;64;100;0,32;0,32;0;0,07;104,29;104,29;0,81;0,71
7;StudentAttendanceSystem;transition;2109;27;54;19;54;100;0,24;0,85;0;0,2;105,29;105,29;1,45;1,29
7;StudentAttendanceSystem;pair;2109;27;54;47;267;100;0,38;0,24;1,36;0,25;106,29;107,29;2,8;2,24
7;StudentAttendanceSystem;state;2110;28;53;12;64;100;0,31;0,31;0;0,07;107,29;107,29;0,79;0,7
7;StudentAttendanceSystem;transition;2110;28;53;18;52;100;0,33;0,69;0;0,12;108,29;108,29;1,28;1,14
7;StudentAttendanceSystem;pair;2110;28;53;46;257;100;0,34;0,18;1,4;0,22;110,29;110,29;2,67;2,15
7;StudentAttendanceSystem;state;2111;29;56;12;67;100;0,28;0,33;0;0,1;111,29;111,29;0,81;0,71
7;StudentAttendanceSystem;transition;2111;29;56;19;55;100;0,38;0,77;0;0,17;111,29;112,29;1,49;1,33
7;StudentAttendanceSystem;pair;2111;29;56;49;281;100;0,32;0,22;1,47;0,36;113,29;113,29;2,93;2,36
7;StudentAttendanceSystem;state;2112;25;49;9;49;100;0,3;0,38;0;0,06;114,29;114,29;0,83;0,73
7;StudentAttendanceSystem;transition;2112;25;49;18;48;100;0,22;0,61;0;0,11;115,29;115,29;1,04;0,94
7;StudentAttendanceSystem;pair;2112;25;49;46;260;100;0,24;0,15;1,32;0,31;116,29;116,29;2,61;2,03
7;StudentAttendanceSystem;state;2113;22;38;8;42;100;0,23;0,28;0;0,1;117,29;117,29;0,73;0,6
7;StudentAttendanceSystem;transition;2113;22;38;14;37;100;0,35;0,79;0;0,15;117,29;118,29;1,43;1,29
7;StudentAttendanceSystem;pair;2113;22;38;32;168;100;0,31;0,17;0,99;0,26;119,29;119,29;2,3;1,73
7;StudentAttendanceSystem;state;2114;30;61;13;70;100;0,44;0,58;0;0,13;119,29;119,29;1,26;1,15
7;StudentAttendanceSystem;transition;2114;30;61;22;60;100;0,44;1,19;0;0,25;120,29;120,29;2,05;1,88
7;StudentAttendanceSystem;pair;2114;30;61;60;336;100;0,46;0,36;2,56;0,56;122,29;122,29;4,82;3,94
7;StudentAttendanceSystem;state;2115;28;52;12;66;100;0,41;0,5;0;0,11;123,29;123,29;1,14;1,03
7;StudentAttendanceSystem;transition;2115;28;52;17;51;100;0,39;0,91;0;0,17;124,29;124,29;1,62;1,47
7;StudentAttendanceSystem;pair;2115;28;52;48;266;100;0,34;0,25;1,66;0,37;125,29;126,29;3,3;2,63
7;StudentAttendanceSystem;state;2116;24;45;9;48;100;0,33;0,36;0;0,07;126,29;126,29;0,86;0,77
7;StudentAttendanceSystem;transition;2116;24;45;17;44;100;0,29;0,89;0;0,18;127,29;127,29;1,51;1,36
7;StudentAttendanceSystem;pair;2116;24;45;42;226;100;0,29;0,16;0,83;0,2;128,29;128,29;1,95;1,48
7;StudentAttendanceSystem;state;2117;25;49;9;49;100;0,24;0,28;0;0,05;129,29;129,29;0,63;0,56
7;StudentAttendanceSystem;transition;2117;25;49;18;48;100;0,21;0,61;0;0,17;130,29;130,29;1,09;0,98
7;StudentAttendanceSystem;pair;2117;25;49;46;260;100;0,23;0,15;1,04;0,27;131,29;131,29;2,12;1,69
7;StudentAttendanceSystem;state;2118;21;42;8;42;100;0,21;0,29;0;0,07;132,29;132,29;0,67;0,56
7;StudentAttendanceSystem;transition;2118;21;42;14;42;100;0,19;0,5;0;0,08;133,29;133,29;0,87;0,77
7;StudentAttendanceSystem;pair;2118;21;42;45;249;100;0,19;0,12;0,9;0,2;134,29;134,29;1,85;1,42
7;StudentAttendanceSystem;state;2119;25;46;10;53;100;0,28;0,28;0;0,05;135,29;135,29;0,69;0,61
7;StudentAttendanceSystem;transition;2119;25;46;16;45;100;0,26;0,76;0;0,11;135,29;136,29;1,26;1,13
7;StudentAttendanceSystem;pair;2119;25;46;45;243;100;0,2;0,13;1,02;0,26;137,29;137,29;2,04;1,61
7;StudentAttendanceSystem;state;2120;30;59;13;70;100;0,26;0,43;0;0,11;138,29;138,29;0,93;0,81
7;StudentAttendanceSystem;transition;2120;30;59;20;58;100;0,34;0,75;0;0,13;139,29;139,29;1,35;1,22
7;StudentAttendanceSystem;pair;2120;30;59;54;310;100;0,28;0,21;1,67;0,29;140,29;141,29;3,09;2,45
7;StudentAttendanceSystem;state;2121;23;40;9;47;100;0,2;0,22;0;0,06;141,29;141,29;0,55;0,48
7;StudentAttendanceSystem;transition;2121;23;40;14;39;100;0,18;0,56;0;0,12;142,29;142,29;0,99;0,86
7;StudentAttendanceSystem;pair;2121;23;40;38;196;100;0,19;0,11;0,81;0,25;143,29;143,29;1,76;1,36
7;StudentAttendanceSystem;state;2122;19;34;7;36;100;0,18;0,2;0;0,03;144,29;144,29;0,47;0,4
7;StudentAttendanceSystem;transition;2122;19;34;13;34;100;0,17;0,45;0;0,09;144,29;144,29;0,81;0,71
7;StudentAttendanceSystem;pair;2122;19;34;30;152;100;0,2;0,09;0,5;0,13;145,29;145,29;1,25;0,92
7;StudentAttendanceSystem;state;2123;21;37;8;41;100;0,2;0,21;0;0,04;146,29;146,29;0,51;0,44
7;StudentAttendanceSystem;transition;2123;21;37;14;36;100;0,17;0,43;0;0,08;146,29;146,29;0,76;0,68
7;StudentAttendanceSystem;pair;2123;21;37;33;170;100;0,19;0,12;0,73;0,15;147,29;148,29;1,56;1,18
7;StudentAttendanceSystem;state;2124;23;45;9;48;100;0,28;0,25;0;0,05;148,29;148,29;0,66;0,58
7;StudentAttendanceSystem;transition;2124;23;45;15;45;100;0,23;0,5;0;0,09;149,29;149,29;0,9;0,81
7;StudentAttendanceSystem;pair;2124;23;45;45;257;100;0,21;0,13;0,98;0,22;150,29;151,29;1,94;1,54
7;StudentAttendanceSystem;state;2125;24;43;9;49;100;0,23;0,24;0;0,05;151,29;151,29;0,59;0,52
7;StudentAttendanceSystem;transition;2125;24;43;14;42;100;0,18;0,48;0;0,08;152,29;152,29;0,82;0,74
7;StudentAttendanceSystem;pair;2125;24;43;38;213;100;0,19;0,12;0,88;0,17;153,29;153,29;1,74;1,36
7;StudentAttendanceSystem;state;2126;18;31;7;37;100;0,18;0,3;0;0,05;154,29;154,29;0,62;0,52
7;StudentAttendanceSystem;transition;2126;18;31;11;31;100;0,22;0,43;0;0,06;154,29;154,29;0,82;0,71
7;StudentAttendanceSystem;pair;2126;18;31;25;131;100;0,21;0,08;0,42;0,12;155,29;155,29;1,15;0,82
7;StudentAttendanceSystem;state;2127;21;40;9;44;100;0,25;0,25;0;0,05;156,29;156,29;0,62;0,55
7;StudentAttendanceSystem;transition;2127;21;40;15;39;100;0,17;0,45;0;0,08;156,29;156,29;0,79;0,71
7;StudentAttendanceSystem;pair;2127;21;40;34;185;100;0,21;0,13;0,66;0,18;157,29;158,29;1,59;1,19
7;StudentAttendanceSystem;state;2128;23;46;10;54;100;0,23;0,24;0;0,05;158,29;158,29;0,59;0,52
7;StudentAttendanceSystem;transition;2128;23;46;15;46;100;0,22;0,48;0;0,13;159,29;159,29;0,92;0,83
7;StudentAttendanceSystem;pair;2128;23;46;42;240;100;0,21;0,14;0,86;0,19;160,29;160,29;1,83;1,4
7;StudentAttendanceSystem;state;2129;28;55;11;62;100;0,25;0,31;0;0,06;161,29;161,29;0,69;0,62
7;StudentAttendanceSystem;transition;2129;28;55;19;54;100;0,23;0,72;0;0,12;162,29;162,29;1,18;1,06
7;StudentAttendanceSystem;pair;2129;28;55;49;279;100;0,23;0,22;1,29;0,32;163,29;164,29;2,54;2,07
7;StudentAttendanceSystem;state;2130;21;39;8;42;100;0,2;0,21;0;0,04;164,29;164,29;0,51;0,45
7;StudentAttendanceSystem;transition;2130;21;39;14;39;100;0,22;0,54;0;0,08;165,29;165,29;0,95;0,84
7;StudentAttendanceSystem;pair;2130;21;39;34;184;100;0,19;0,11;0,65;0,15;166,29;166,29;1,48;1,09
7;StudentAttendanceSystem;state;2131;19;33;7;37;100;0,22;0,24;0;0,05;167,29;167,29;0,58;0,5
7;StudentAttendanceSystem;transition;2131;19;33;11;33;100;0,2;0,38;0;0,06;167,29;167,29;0,74;0,64
7;StudentAttendanceSystem;pair;2131;19;33;30;156;100;0,16;0,09;0,5;0,19;168,29;168,29;1,29;0,93
7;StudentAttendanceSystem;state;2132;25;51;10;56;100;0,25;0,3;0;0,08;169,29;169,29;0,75;0,63
7;StudentAttendanceSystem;transition;2132;25;51;18;51;100;0,25;0,65;0;0,13;170,29;170,29;1,19;1,03
7;StudentAttendanceSystem;pair;2132;25;51;48;270;100;0,23;0,16;1,14;0,29;171,29;171,29;2,32;1,81
7;StudentAttendanceSystem;state;2133;27;54;11;57;100;0,29;0,34;0;0,08;172,29;172,29;0,79;0,7
7;StudentAttendanceSystem;transition;2133;27;54;21;53;100;0,29;0,74;0;0,18;173,29;173,29;1,36;1,21
7;StudentAttendanceSystem;pair;2133;27;54;51;283;100;0,26;0,22;1,63;0,39;174,29;175,29;3,24;2,5
7;StudentAttendanceSystem;state;2134;27;50;11;61;100;0,38;0,46;0;0,11;175,29;175,29;1,07;0,95
7;StudentAttendanceSystem;transition;2134;27;50;16;49;100;0,37;0,84;0;0,19;176,29;176,29;1,58;1,4
7;StudentAttendanceSystem;pair;2134;27;50;45;253;100;0,36;0,23;1,5;0,32;177,29;178,29;3,14;2,41
7;StudentAttendanceSystem;state;2135;26;52;11;59;100;0,37;0,4;0;0,1;178,29;178,29;1,01;0,87
7;StudentAttendanceSystem;transition;2135;26;52;18;52;100;0,36;0,82;0;0,12;179,29;179,29;1,44;1,3
7;StudentAttendanceSystem;pair;2135;26;52;45;257;100;0,37;0,22;1,48;0,28;180,29;181,29;2,96;2,34
7;StudentAttendanceSystem;state;2136;25;50;11;58;100;0,33;0,4;0;0,1;181,29;181,29;0,96;0,84
7;StudentAttendanceSystem;transition;2136;25;50;19;50;100;0,3;0,75;0;0,11;182,29;182,29;1,3;1,17
7;StudentAttendanceSystem;pair;2136;25;50;46;246;100;0,31;0,22;1,4;0,22;183,29;184,29;2,77;2,15
7;StudentAttendanceSystem;state;2137;20;35;8;41;100;0,32;0,35;0;0,07;184,29;184,29;0,85;0,74
7;StudentAttendanceSystem;transition;2137;20;35;12;35;100;0,3;0,61;0;0,12;185,29;185,29;1,17;1,04
7;StudentAttendanceSystem;pair;2137;20;35;34;176;100;0,32;0,16;2,93;0,21;186,29;6,25;4,19;3,61
7;StudentAttendanceSystem;state;2138;25;46;10;55;100;0,38;0,5;0;0,1;7,25;7,25;1,13;0,98
7;StudentAttendanceSystem;transition;2138;25;46;17;45;100;0,32;0,88;0;0,19;7,25;8,25;1,58;1,4
7;StudentAttendanceSystem;pair;2138;25;46;41;213;100;0,42;0,2;1,22;0,22;9,25;9,25;2,67;2,06
7;StudentAttendanceSystem;state;2139;25;46;10;53;100;0,28;0,4;0;0,09;9,25;10,25;0,92;0,76
7;StudentAttendanceSystem;transition;2139;25;46;16;45;100;0,32;0,8;0;0,14;10,25;10,25;1,45;1,27
7;StudentAttendanceSystem;pair;2139;25;46;45;247;100;0,34;0,17;1,06;0,27;11,25;12,25;2,39;1,84
7;StudentAttendanceSystem;state;2140;29;57;12;65;100;0,28;0,3;0;0,06;12,25;12,25;0,72;0,64
7;StudentAttendanceSystem;transition;2140;29;57;20;56;100;0,31;0,73;0;0,12;13,25;13,25;1,29;1,17
7;StudentAttendanceSystem;pair;2140;29;57;47;272;100;0,27;0,2;1,39;0,26;15,25;15,25;2,63;2,11
7;StudentAttendanceSystem;state;2141;25;45;10;55;100;0,28;0,29;0;0,08;16,25;16,25;0,75;0,65
7;StudentAttendanceSystem;transition;2141;25;45;16;44;100;0,24;0,55;0;0,12;16,25;17,25;1,03;0,91
7;StudentAttendanceSystem;pair;2141;25;45;38;198;100;0,23;0,13;0,75;0,23;18,25;18,25;1,85;1,34
7;StudentAttendanceSystem;state;2142;25;45;10;53;100;0,29;0,25;0;0,05;18,25;18,25;0,66;0,59
7;StudentAttendanceSystem;transition;2142;25;45;15;44;100;0,22;0,52;0;0,09;19,25;19,25;0,92;0,83
7;StudentAttendanceSystem;pair;2142;25;45;42;232;100;0,23;0,13;0,85;0,19;20,25;21,25;1,85;1,41
7;StudentAttendanceSystem;state;2143;21;39;8;42;100;0,2;0,28;0;0,06;21,25;21,25;0,62;0,54
7;StudentAttendanceSystem;transition;2143;21;39;14;39;100;0,22;0,69;0;0,14;22,25;22,25;1,2;1,05
7;StudentAttendanceSystem;pair;2143;21;39;36;191;100;0,26;0,11;0,77;0,21;23,25;23,25;1,81;1,35
7;StudentAttendanceSystem;state;2144;25;46;10;51;100;0,21;0,25;0;0,05;24,25;24,25;0,59;0,52
7;StudentAttendanceSystem;transition;2144;25;46;17;45;100;0,28;0,73;0;0,15;24,25;24,25;1,32;1,15
7;StudentAttendanceSystem;pair;2144;25;46;37;204;100;0,25;0,16;0,83;0,17;26,25;26,25;1,84;1,42
7;StudentAttendanceSystem;state;2145;22;43;8;43;100;0,23;0,25;0;0,06;26,25;26,25;0,62;0,54
7;StudentAttendanceSystem;transition;2145;22;43;15;43;100;0,22;0,58;0;0,09;27,25;27,25;1,02;0,89
7;StudentAttendanceSystem;pair;2145;22;43;39;225;100;0,21;0,12;0,94;0,24;28,25;29,25;1,93;1,51
7;StudentAttendanceSystem;state;2146;19;29;7;37;100;0,19;0,18;0;0,04;29,25;29,25;0,5;0,42
7;StudentAttendanceSystem;transition;2146;19;29;10;28;100;0,15;0,4;0;0,07;30,25;30,25;0,71;0,61
7;StudentAttendanceSystem;pair;2146;19;29;19;92;100;0,16;0,09;0,32;0,12;30,25;30,25;0,98;0,69
7;StudentAttendanceSystem;state;2147;23;47;9;49;100;0,23;0,24;0;0,04;31,25;31,25;0,57;0,51
7;StudentAttendanceSystem;transition;2147;23;47;15;47;100;0,23;0,52;0;0,18;32,25;32,25;1,07;0,94
7;StudentAttendanceSystem;pair;2147;23;47;48;270;100;0,25;0,15;1,36;0,26;33,25;33,25;2,49;2,01
7;StudentAttendanceSystem;state;2148;22;39;8;42;100;0,33;0,21;0;0,04;34,25;34,25;0,67;0,59
7;StudentAttendanceSystem;transition;2148;22;39;15;38;100;0,26;0,7;0;0,1;34,25;35,25;1,16;1,06
7;StudentAttendanceSystem;pair;2148;22;39;35;179;100;0,24;0,14;0,8;0,15;35,25;36,25;1,75;1,33
7;StudentAttendanceSystem;state;2149;21;36;8;41;100;0,19;0,28;0;0,04;36,25;36,25;0,59;0,51
7;StudentAttendanceSystem;transition;2149;21;36;13;35;100;0,22;0,52;0;0,08;37,25;37,25;0,92;0,82
7;StudentAttendanceSystem;pair;2149;21;36;28;145;100;0,18;0,15;0,63;0,15;38,25;38,25;1,49;1,12
7;StudentAttendanceSystem;state;2150;26;50;10;54;100;0,25;0,26;0;0,06;38,25;39,25;0,64;0,57
7;StudentAttendanceSystem;transition;2150;26;50;18;49;100;0,21;0,66;0;0,14;39,25;39,25;1,13;1,02
7;StudentAttendanceSystem;pair;2150;26;50;46;262;100;0,29;0,18;1,26;0,29;41,25;41,25;2,54;2,03
7;StudentAttendanceSystem;state;2151;24;48;10;53;100;0,26;0,3;0;0,06;42,25;42,25;0,7;0,61
7;StudentAttendanceSystem;transition;2151;24;48;18;48;100;0,21;0,69;0;0,11;42,25;42,25;1,15;1,02
7;StudentAttendanceSystem;pair;2151;24;48;43;233;100;0,25;0,18;0,92;0,27;44,25;44,25;2,07;1,61
7;StudentAttendanceSystem;state;2152;19;33;7;37;100;0,2;0,31;0;0,08;44,25;44,25;0,69;0,58
7;StudentAttendanceSystem;transition;2152;19;33;12;32;100;0,27;0,45;0;0,1;45,25;45,25;0,93;0,81
7;StudentAttendanceSystem;pair;2152;19;33;30;151;100;0,2;0,12;0,56;0,12;46,25;46,25;1,33;1,01
7;StudentAttendanceSystem;state;2153;21;37;9;50;100;0,24;0,27;0;0,06;47,25;47,25;0,66;0,56
7;StudentAttendanceSystem;transition;2153;21;37;12;37;100;0,28;0,52;0;0,09;47,25;47,25;1,02;0,89
7;StudentAttendanceSystem;pair;2153;21;37;28;150;100;0,25;0,1;0,59;0,13;48,25;48,25;1,46;1,07
7;StudentAttendanceSystem;state;2154;19;33;8;40;100;0,21;0,21;0;0,04;49,25;49,25;0,55;0,46
7;StudentAttendanceSystem;transition;2154;19;33;12;33;100;0,19;0,45;0;0,09;49,25;49,25;0,86;0,73
7;StudentAttendanceSystem;pair;2154;19;33;24;125;100;0,24;0,12;0,44;0,12;50,25;50,25;1,33;0,92
7;StudentAttendanceSystem;state;2155;28;55;12;64;100;0,32;0,48;0;0,11;51,25;51,25;1,03;0,91
7;StudentAttendanceSystem;transition;2155;28;55;21;54;100;0,31;0,95;0;0,21;52,25;52,25;1,64;1,47
7;StudentAttendanceSystem;pair;2155;28;55;50;270;100;0,32;0,28;1,43;0,36;53,25;54,25;3,01;2,38
7;StudentAttendanceSystem;state;2156;22;43;8;43;100;0,31;0,36;0;0,08;54,25;54,25;0,88;0,75
7;StudentAttendanceSystem;transition;2156;22;43;15;43;100;0,29;0,72;0;0,14;55,25;55,25;1,32;1,15
7;StudentAttendanceSystem;pair;2156;22;43;39;225;100;0,31;0,17;1,23;0,28;56,25;56,25;2,71;2
7;StudentAttendanceSystem;state;2157;24;48;10;54;100;0,36;0,38;0;0,09;57,25;57,25;0,97;0,82
7;StudentAttendanceSystem;transition;2157;24;48;15;48;100;0,33;0,77;0;0,14;58,25;58,25;1,41;1,25
7;StudentAttendanceSystem;pair;2157;24;48;48;272;100;0,33;0,27;1,72;0,35;59,25;59,25;3,4;2,68
7;StudentAttendanceSystem;state;2158;18;31;7;35;100;0,32;0,3;0;0,09;60,25;60,25;0,85;0,71
7;StudentAttendanceSystem;transition;2158;18;31;11;31;100;0,28;0,54;0;0,11;60,25;60,25;1,09;0,93
7;StudentAttendanceSystem;pair;2158;18;31;24;124;100;0,26;0,12;0,6;0,16;61,25;61,25;1,59;1,14
7;StudentAttendanceSystem;state;2159;30;61;13;70;100;0,41;0,52;0;0,13;62,25;62,25;1,22;1,07
7;StudentAttendanceSystem;transition;2159;30;61;23;60;100;0,42;1,12;0;0,22;63,25;63,25;1,97;1,76
7;StudentAttendanceSystem;pair;2159;30;61;57;317;100;0,49;0,32;2,44;0,64;64,25;65,25;4,81;3,9
7;StudentAttendanceSystem;state;2160;17;26;6;31;100;0,27;0,25;0;0,05;65,25;65,25;0,7;0,57
7;StudentAttendanceSystem;transition;2160;17;26;8;26;100;0,26;0,44;0;0,06;66,25;66,25;0,92;0,76
7;StudentAttendanceSystem;pair;2160;17;26;22;105;100;0,23;0,07;0,46;0,08;67,25;67,25;1,12;0,84
7;StudentAttendanceSystem;state;2161;29;56;12;67;100;0,3;0,38;0;0,12;67,25;67,25;0,94;0,8
7;StudentAttendanceSystem;transition;2161;29;56;19;55;100;0,34;0,84;0;0,14;68,25;68,25;1,47;1,33
7;StudentAttendanceSystem;pair;2161;29;56;49;281;100;0,34;0,2;1,63;0,32;70,25;70,25;3,24;2,48
7;StudentAttendanceSystem;state;2162;22;43;8;43;100;0,25;0,34;0;0,06;71,25;71,25;0,77;0,65
7;StudentAttendanceSystem;transition;2162;22;43;15;43;100;0,28;0,69;0;0,09;71,25;71,25;1,18;1,06
7;StudentAttendanceSystem;pair;2162;22;43;39;221;100;0,22;0,18;1,2;0,22;72,25;73,25;2,34;1,82
7;StudentAttendanceSystem;state;2163;23;41;9;46;100;0,29;0,32;0;0,07;73,25;73,25;0,8;0,68
7;StudentAttendanceSystem;transition;2163;23;41;15;40;100;0,2;0,62;0;0,11;74,25;74,25;1,06;0,93
7;StudentAttendanceSystem;pair;2163;23;41;36;188;100;0,25;0,13;0,96;0,21;75,25;75,25;2,1;1,55
7;StudentAttendanceSystem;state;2164;23;45;9;46;100;0,28;0,28;0;0,07;76,25;76,25;0,73;0,64
7;StudentAttendanceSystem;transition;2164;23;45;16;45;100;0,27;0,67;0;0,11;76,25;77,25;1,17;1,05
7;StudentAttendanceSystem;pair;2164;23;45;39;222;100;0,39;0,16;1,08;0,26;78,25;78,25;2,46;1,9
7;StudentAttendanceSystem;state;2165;23;45;9;48;100;0,26;0,31;0;0,06;78,25;78,25;0,73;0,63
7;StudentAttendanceSystem;transition;2165;23;45;16;45;100;0,23;0,68;0;0,13;79,25;79,25;1,19;1,04
7;StudentAttendanceSystem;pair;2165;23;45;42;234;100;0,23;0,16;1,06;0,28;80,25;81,25;2,28;1,73
7;StudentAttendanceSystem;state;2166;27;53;11;57;100;0,35;0,44;0;0,11;81,25;81,25;1,05;0,9
7;StudentAttendanceSystem;transition;2166;27;53;19;52;100;0,33;0,8;0;0,16;82,25;82,25;1,44;1,29
7;StudentAttendanceSystem;pair;2166;27;53;51;287;100;0,28;0,19;1,4;0,28;84,25;84,25;2,69;2,14
7;StudentAttendanceSystem;state;2167;19;33;7;37;100;0,26;0,24;0;0,04;84,25;84,25;0,62;0,54
7;StudentAttendanceSystem;transition;2167;19;33;11;33;100;0,18;0,42;0;0,07;85,25;85,25;0,77;0,67
7;StudentAttendanceSystem;pair;2167;19;33;32;167;100;0,18;0,12;0,74;0,15;86,25;86,25;1,56;1,19
7;StudentAttendanceSystem;state;2168;24;44;9;46;100;0,27;0,35;0;0,08;87,25;87,25;0,79;0,7
7;StudentAttendanceSystem;transition;2168;24;44;16;43;100;0,22;0,58;0;0,1;87,25;88,25;1,05;0,9
7;StudentAttendanceSystem;pair;2168;24;44;34;192;100;0,23;0,21;0,92;0,33;89,25;89,25;2,24;1,69
7;StudentAttendanceSystem;state;2169;26;52;10;52;100;0,31;0,32;0;0,09;89,25;89,25;0,83;0,73
7;StudentAttendanceSystem;transition;2169;26;52;20;51;100;0,41;0,87;0;0,15;90,25;90,25;1,58;1,43
7;StudentAttendanceSystem;pair;2169;26;52;48;270;100;0,44;0,22;1,65;0,34;92,25;92,25;3,36;2,65
7;StudentAttendanceSystem;state;2170;26;49;10;56;100;0,25;0,32;0;0,1;93,25;93,25;0,77;0,67
7;StudentAttendanceSystem;transition;2170;26;49;17;48;100;0,26;0,65;0;0,11;93,25;93,25;1,15;1,03
7;StudentAttendanceSystem;pair;2170;26;49;42;236;100;0,58;0,21;1,67;0,24;95,25;95,25;3,4;2,69
7;StudentAttendanceSystem;state;2171;18;28;7;35;100;0,18;0,21;0;0,05;95,25;95,25;0,54;0,44
7;StudentAttendanceSystem;transition;2171;18;28;9;28;100;0,18;0,32;0;0,06;96,25;96,25;0,67;0,55
7;StudentAttendanceSystem;pair;2171;18;28;24;114;100;0,15;0,09;0,47;0,1;97,25;97,25;1,14;0,81
7;StudentAttendanceSystem;state;2172;22;40;9;47;100;0,29;0,32;0;0,07;97,25;97,25;0,78;0,68
7;StudentAttendanceSystem;transition;2172;22;40;13;40;100;0,21;0,54;0;0,13;98,25;98,25;1;0,89
7;StudentAttendanceSystem;pair;2172;22;40;38;208;100;0,27;0,13;0,86;0,17;99,25;99,25;1,88;1,43
7;StudentAttendanceSystem;state;2173;25;47;9;49;100;0,33;0,28;0;0,08;100,25;100,25;0,79;0,69
7;StudentAttendanceSystem;transition;2173;25;47;16;46;100;0,3;0,61;0;0,12;101,25;101,25;1,15;1,04
7;StudentAttendanceSystem;pair;2173;25;47;40;234;100;0,24;0,17;1,14;0,21;102,25;102,25;2,4;1,76
7;StudentAttendanceSystem;state;2174;21;39;8;43;100;0,2;0,21;0;0,05;103,25;103,25;0,55;0,46
7;StudentAttendanceSystem;transition;2174;21;39;13;39;100;0,33;0,71;0;0,13;103,25;103,25;1,3;1,16
7;StudentAttendanceSystem;pair;2174;21;39;38;210;100;0,32;0,18;1,22;0,32;104,25;105,25;2,65;2,04
7;StudentAttendanceSystem;state;2175;17;27;6;31;100;0,26;0,29;0;0,04;105,25;105,25;0,7;0,59
7;StudentAttendanceSystem;transition;2175;17;27;9;27;100;0,24;0,4;0;0,05;106,25;106,25;0,8;0,69
7;StudentAttendanceSystem;pair;2175;17;27;23;109;100;0,15;0,09;0,37;0,1;106,25;107,25;0,96;0,7
7;StudentAttendanceSystem;state;2176;21;37;8;41;100;0,21;0,38;0;0,05;107,25;107,25;0,74;0,64
7;StudentAttendanceSystem;transition;2176;21;37;14;36;100;0,18;0,45;0;0,09;108,25;108,25;0,81;0,72
7;StudentAttendanceSystem;pair;2176;21;37;32;166;100;0,47;0,16;0,99;0,25;109,25;109,25;2,42;1,86
7;StudentAttendanceSystem;state;2177;20;35;8;41;100;0,31;0,34;0;0,07;109,25;109,25;0,86;0,72
7;StudentAttendanceSystem;transition;2177;20;35;12;35;100;0,31;0,64;0;0,1;110,25;110,25;1,17;1,05
7;StudentAttendanceSystem;pair;2177;20;35;34;176;100;0,24;0,15;0,79;0,19;111,25;111,25;1,82;1,37
7;StudentAttendanceSystem;state;2178;21;39;8;42;100;0,26;0,34;0;0,06;112,25;112,25;0,76;0,66
7;StudentAttendanceSystem;transition;2178;21;39;14;39;100;0,28;0,59;0;0,11;112,25;112,25;1,1;0,98
7;StudentAttendanceSystem;pair;2178;21;39;35;191;100;0,24;0,14;0,96;0,24;113,25;114,25;2,05;1,58
7;StudentAttendanceSystem;state;2179;20;32;7;37;100;0,26;0,25;0;0,05;114,25;114,25;0,65;0,56
7;StudentAttendanceSystem;transition;2179;20;32;11;31;100;0,21;0,51;0;0,08;115,25;115,25;0,9;0,8
7;StudentAttendanceSystem;pair;2179;20;32;28;138;100;0,21;0,11;0,63;0,18;115,25;116,25;1,54;1,13
7;StudentAttendanceSystem;state;2180;21;39;8;42;100;0,26;0,29;0;0,06;116,25;116,25;0,69;0,6
7;StudentAttendanceSystem;transition;2180;21;39;14;38;100;0,24;0,63;0;0,11;117,25;117,25;1,09;0,98
7;StudentAttendanceSystem;pair;2180;21;39;36;194;100;0,25;0,15;0,97;0,22;118,25;118,25;2,11;1,59
7;StudentAttendanceSystem;state;2181;27;52;11;61;100;0,3;0,43;0;0,09;119,25;119,25;0,92;0,82
7;StudentAttendanceSystem;transition;2181;27;52;18;51;100;0,31;0,86;0;0,19;120,25;120,25;1,51;1,36
7;StudentAttendanceSystem;pair;2181;27;52;51;279;100;0,3;0,22;1,59;0,35;121,25;121,25;3,1;2,46
7;StudentAttendanceSystem;state;2182;24;46;10;55;100;0,3;0,34;0;0,07;122,25;122,25;0,8;0,71
7;StudentAttendanceSystem;transition;2182;24;46;16;46;100;0,3;0,7;0;0,12;123,25;123,25;1,26;1,13
7;StudentAttendanceSystem;pair;2182;24;46;40;218;100;0,36;0,17;1,12;0,25;124,25;124,25;2,44;1,91
7;StudentAttendanceSystem;state;2183;25;48;10;54;100;0,29;0,36;0;0,07;125,25;125,25;0,82;0,72
7;StudentAttendanceSystem;transition;2183;25;48;16;47;100;0,27;0,7;0;0,14;125,25;126,25;1,23;1,11
7;StudentAttendanceSystem;pair;2183;25;48;48;260;100;0,33;0,21;1,44;0,31;127,25;127,25;2,92;2,29
7;StudentAttendanceSystem;state;2184;20;36;8;43;100;0,25;0,31;0;0,05;128,25;128,25;0,71;0,62
7;StudentAttendanceSystem;transition;2184;20;36;12;36;100;0,22;0,52;0;0,09;128,25;128,25;0,94;0,84
7;StudentAttendanceSystem;pair;2184;20;36;29;163;100;0,26;0,13;0,71;0,18;129,25;129,25;1,72;1,28
7;StudentAttendanceSystem;state;2185;26;53;11;61;100;0,37;0,38;0;0,08;130,25;130,25;0,93;0,83
7;StudentAttendanceSystem;transition;2185;26;53;19;53;100;0,29;0,85;0;0,15;131,25;131,25;1,43;1,3
7;StudentAttendanceSystem;pair;2185;26;53;51;283;100;0,31;0,22;1,54;0,33;132,25;133,25;3,01;2,4
7;StudentAttendanceSystem;state;2186;23;47;9;49;100;0,3;0,33;0;0,07;133,25;133,25;0,79;0,7
7;StudentAttendanceSystem;transition;2186;23;47;15;47;100;0,27;0,65;0;0,12;134,25;134,25;1,17;1,04
7;StudentAttendanceSystem;pair;2186;23;47;48;270;100;0,28;0,19;1,4;0,32;135,25;136,25;2,73;2,18
7;StudentAttendanceSystem;state;2187;21;39;9;47;100;0,26;0,3;0;0,06;136,25;136,25;0,72;0,61
7;StudentAttendanceSystem;transition;2187;21;39;14;39;100;0,24;0,58;0;0,11;137,25;137,25;1,03;0,92
7;StudentAttendanceSystem;pair;2187;21;39;33;173;100;0,27;0,14;0,78;0,19;138,25;138,25;1,84;1,38
7;StudentAttendanceSystem;state;2188;24;45;9;48;100;0,28;0,35;0;0,08;138,25;139,25;0,8;0,71
7;StudentAttendanceSystem;transition;2188;24;45;17;44;100;0,29;0,74;0;0,14;139,25;139,25;1,31;1,17
7;StudentAttendanceSystem;pair;2188;24;45;42;226;100;0,29;0,16;1,11;0,32;140,25;141,25;2,43;1,89
7;StudentAttendanceSystem;state;2189;26;50;10;56;100;0,3;0,38;0;0,08;141,25;141,25;0,86;0,76
7;StudentAttendanceSystem;transition;2189;26;50;18;49;100;0,3;0,79;0;0,15;142,25;142,25;1,36;1,24
7;StudentAttendanceSystem;pair;2189;26;50;44;244;100;0,3;0,23;1,33;0,29;143,25;144,25;2,74;2,15
7;StudentAttendanceSystem;state;2190;23;44;9;48;100;0,28;0,32;0;0,06;144,25;144,25;0,75;0,66
7;StudentAttendanceSystem;transition;2190;23;44;14;44;100;0,27;0,66;0;0,12;145,25;145,25;1,17;1,05
7;StudentAttendanceSystem;pair;2190;23;44;42;242;100;0,3;0,2;1,16;0,28;146,25;147,25;2,48;1,95
7;StudentAttendanceSystem;state;2191;28;55;11;62;100;0,32;0,42;0;0,08;147,25;147,25;0,92;0,83
7;StudentAttendanceSystem;transition;2191;28;55;19;54;100;0,31;0,9;0;0,17;148,25;148,25;1,52;1,38
7;StudentAttendanceSystem;pair;2191;28;55;49;283;100;0,31;0,23;1,61;0,37;149,25;150,25;3,21;2,52
7;StudentAttendanceSystem;state;2192;21;38;8;42;100;0,29;0,29;0;0,05;150,25;150,25;0,73;0,63
7;StudentAttendanceSystem;transition;2192;21;38;13;38;100;0,25;0,56;0;0,1;151,25;151,25;1,04;0,91
7;StudentAttendanceSystem;pair;2192;21;38;31;173;100;0,24;0,13;0,86;0,19;152,25;152,25;1,89;1,42
7;StudentAttendanceSystem;state;2193;21;38;8;42;100;0,24;0,33;0;0,11;153,25;153,25;0,77;0,68
7;StudentAttendanceSystem;transition;2193;21;38;13;38;100;0,23;0,41;0;0,07;153,25;153,25;0,81;0,72
7;StudentAttendanceSystem;pair;2193;21;38;32;176;100;0,21;0,1;0,65;0,18;154,25;155,25;1,54;1,14
7;StudentAttendanceSystem;state;2194;24;43;9;50;100;0,22;0,26;0;0,05;155,25;155,25;0,61;0,53
7;StudentAttendanceSystem;transition;2194;24;43;15;42;100;0,22;0,54;0;0,11;156,25;156,25;0,98;0,87
7;StudentAttendanceSystem;pair;2194;24;43;34;182;100;0,21;0,12;0,72;0,18;157,25;157,25;1,64;1,23
7;StudentAttendanceSystem;state;2195;27;55;12;64;100;0,28;0,42;0;0,12;158,25;158,25;0,94;0,82
7;StudentAttendanceSystem;transition;2195;27;55;20;55;100;0,26;0,85;0;0,13;158,25;159,25;1,37;1,24
7;StudentAttendanceSystem;pair;2195;27;55;50;278;100;0,28;0,23;1,54;0,3;160,25;160,25;3,07;2,36
7;StudentAttendanceSystem;state;2196;22;38;8;43;100;0,27;0,24;0;0,08;161,25;161,25;0,69;0,59
7;StudentAttendanceSystem;transition;2196;22;38;13;37;100;0,29;0,66;0;0,12;161,25;162,25;1,25;1,07
7;StudentAttendanceSystem;pair;2196;22;38;34;178;100;0,19;0,14;0,77;0,16;163,25;163,25;1,66;1,26
7;StudentAttendanceSystem;state;2197;24;48;10;54;100;0,39;0,42;0;0,1;163,25;163,25;1,04;0,9
7;StudentAttendanceSystem;transition;2197;24;48;15;48;100;0,35;0,78;0;0,09;164,25;164,25;1,36;1,23
7;StudentAttendanceSystem;pair;2197;24;48;48;272;100;0,34;0,15;1,21;0,26;165,25;166,25;2,52;1,96
7;StudentAttendanceSystem;state;2198;23;39;9;47;100;0,23;0,3;0;0,06;166,25;166,25;0,67;0,59
7;StudentAttendanceSystem;transition;2198;23;39;13;38;100;0,18;0,49;0;0,08;167,25;167,25;0,85;0,76
7;StudentAttendanceSystem;pair;2198;23;39;35;185;100;0,19;0,14;0,96;0,25;168,25;168,25;2,07;1,54
7;StudentAttendanceSystem;state;2199;26;47;11;58;100;0,29;0,31;0;0,06;169,25;169,25;0,79;0,66
7;StudentAttendanceSystem;transition;2199;26;47;16;46;100;0,24;0,58;0;0,21;169,25;170,25;1,16;1,03
7;StudentAttendanceSystem;pair;2199;26;47;39;211;100;0,3;0,19;1,08;0,19;171,25;171,25;2,31;1,75
7;StudentAttendanceSystem;state;2200;23;44;9;48;100;0,29;0,26;0;0,09;171,25;172,25;0,79;0,64
7;StudentAttendanceSystem;transition;2200;23;44;15;43;100;0,31;0,72;0;0,15;172,25;172,25;1,34;1,18
7;StudentAttendanceSystem;pair;2200;23;44;39;225;100;0,3;0,18;1,09;0,24;173,25;174,25;2,36;1,82
7;StudentAttendanceSystem;state;2201;22;43;9;48;100;0,22;0,24;0;0,04;174,25;174,25;0,58;0,5
7;StudentAttendanceSystem;transition;2201;22;43;14;43;100;0,19;0,63;0;0,08;175,25;175,25;1,03;0,91
7;StudentAttendanceSystem;pair;2201;22;43;44;236;100;0,21;0,13;0,98;0,27;176,25;176,25;2,11;1,59
7;StudentAttendanceSystem;state;2202;22;42;9;46;100;0,31;0,35;0;0,08;177,25;177,25;0,85;0,74
7;StudentAttendanceSystem;transition;2202;22;42;15;42;100;0,24;0,55;0;0,11;178,25;178,25;1,02;0,9
7;StudentAttendanceSystem;pair;2202;22;42;38;209;100;0,23;0,18;1,11;0,25;179,25;179,25;2,31;1,78
7;StudentAttendanceSystem;state;2203;24;48;10;51;100;0,37;0,49;0;0,11;179,25;180,25;1,08;0,96
7;StudentAttendanceSystem;transition;2203;24;48;18;48;100;0,36;0,78;0;0,11;180,25;180,25;1,41;1,26
7;StudentAttendanceSystem;pair;2203;24;48;45;251;100;0,26;0,18;1,35;0,23;182,25;182,25;2,67;2,02
7;StudentAttendanceSystem;state;2204;21;36;8;41;100;0,23;0,29;0;0,06;182,25;182,25;0,7;0,58
7;StudentAttendanceSystem;transition;2204;21;36;13;35;100;0,28;0,54;0;0,12;183,25;183,25;1,09;0,94
7;StudentAttendanceSystem;pair;2204;21;36;30;155;100;0,59;0,35;1,22;0,16;184,25;184,25;2,78;2,31
7;StudentAttendanceSystem;state;2205;26;48;11;60;100;0,28;0,42;0;0,07;185,25;185,25;0,89;0,78
7;StudentAttendanceSystem;transition;2205;26;48;17;47;100;0,42;0,65;0;0,16;185,25;6,2;3;1,23
7;StudentAttendanceSystem;pair;2205;26;48;47;245;100;0,33;0,16;1,33;0,34;7,2;7,2;2,79;2,17
7;StudentAttendanceSystem;state;2206;23;46;9;46;100;0,35;0,55;0;0,09;8,2;8,2;1,12;0,98
7;StudentAttendanceSystem;transition;2206;23;46;17;46;100;0,31;0,58;0;0,1;8,2;8,2;1,11;0,99
7;StudentAttendanceSystem;pair;2206;23;46;42;236;100;0,23;0,17;1,05;0,24;10,2;10,2;2,18;1,7
7;StudentAttendanceSystem;state;2207;24;45;9;46;100;0,25;0,3;0;0,1;10,2;11,2;0,76;0,65
7;StudentAttendanceSystem;transition;2207;24;45;17;44;100;0,23;0,67;0;0,1;11,2;11,2;1,15;1,01
7;StudentAttendanceSystem;pair;2207;24;45;37;207;100;0,24;0,15;0,99;0,25;12,2;13,2;2,1;1,62
7;StudentAttendanceSystem;state;2208;23;43;9;47;100;0,28;0,26;0;0,07;13,2;13,2;0,71;0,6
7;StudentAttendanceSystem;transition;2208;23;43;16;42;100;0,27;0,73;0;0,14;14,2;14,2;1,3;1,14
7;StudentAttendanceSystem;pair;2208;23;43;39;213;100;0,24;0,17;1;0,23;15,2;15,2;2,04;1,64
7;StudentAttendanceSystem;state;2209;27;51;11;61;100;0,33;0,29;0;0,09;16,2;16,2;0,8;0,71
7;StudentAttendanceSystem;transition;2209;27;51;18;50;100;0,26;0,83;0;0,19;17,2;17,2;1,44;1,28
7;StudentAttendanceSystem;pair;2209;27;51;45;245;100;0,27;0,19;1,21;0,28;18,2;18,2;2,51;1,95
7;StudentAttendanceSystem;state;2210;21;33;8;41;100;0,22;0,2;0;0,04;19,2;19,2;0,53;0,46
7;StudentAttendanceSystem;transition;2210;21;33;11;32;100;0,22;0,49;0;0,08;19,2;20,2;0,91;0,79
7;StudentAttendanceSystem;pair;2210;21;33;28;138;100;0,17;0,09;0,49;0,12;20,2;21,2;1,22;0,87
7;StudentAttendanceSystem;state;2211;22;42;8;43;100;0,2;0,29;0;0,08;21,2;21,2;0,67;0,58
7;StudentAttendanceSystem;transition;2211;22;42;14;42;100;0,28;0,56;0;0,11;22,2;22,2;1,09;0,95
7;StudentAttendanceSystem;pair;2211;22;42;35;205;100;0,2;0,12;1,05;0,27;23,2;23,2;2,16;1,65
7;StudentAttendanceSystem;state;2212;18;30;7;34;100;0,23;0,22;0;0,06;23,2;24,2;0,61;0,51
7;StudentAttendanceSystem;transition;2212;18;30;11;30;100;0,22;0,5;0;0,12;24,2;24,2;0,98;0,84
7;StudentAttendanceSystem;pair;2212;18;30;26;125;100;0,25;0,13;0,68;0,17;25,2;25,2;1,66;1,23
7;StudentAttendanceSystem;state;2213;25;50;10;56;100;0,37;0,4;0;0,1;26,2;26,2;0,98;0,87
7;StudentAttendanceSystem;transition;2213;25;50;17;50;100;0,34;0,8;0;0,17;26,2;26,2;1,47;1,31
7;StudentAttendanceSystem;pair;2213;25;50;45;259;100;0,42;0,24;1,53;0,35;28,2;28,2;3,28;2,54
7;StudentAttendanceSystem;state;2214;18;34;7;37;100;0,3;0,31;0;0,06;28,2;29,2;0,81;0,68
7;StudentAttendanceSystem;transition;2214;18;34;11;34;100;0,31;0,6;0;0,12;29,2;29,2;1,17;1,02
7;StudentAttendanceSystem;pair;2214;18;34;35;189;100;0,27;0,15;0,99;0,25;30,2;30,2;2,31;1,67
7;StudentAttendanceSystem;state;2215;22;38;8;43;100;0,33;0,37;0;0,08;31,2;31,2;0,92;0,77
7;StudentAttendanceSystem;transition;2215;22;38;13;37;100;0,3;0,7;0;0,16;31,2;32,2;1,31;1,16
7;StudentAttendanceSystem;pair;2215;22;38;34;182;100;0,31;0,17;1,02;0,26;32,2;33,2;2,36;1,76
7;StudentAttendanceSystem;state;2216;25;50;10;56;100;0,37;0,43;0;0,1;33,2;33,2;1,01;0,89
7;StudentAttendanceSystem;transition;2216;25;50;17;50;100;0,34;0,75;0;0,14;34,2;34,2;1,36;1,22
7;StudentAttendanceSystem;pair;2216;25;50;45;255;100;0,3;0,2;1,4;0,31;35,2;36,2;2,88;2,21
7;StudentAttendanceSystem;state;2217;22;38;8;43;100;0,29;0,29;0;0,07;36,2;36,2;0,75;0,65
7;StudentAttendanceSystem;transition;2217;22;38;13;37;100;0,26;0,62;0;0,11;37,2;37,2;1,13;0,99
7;StudentAttendanceSystem;pair;2217;22;38;34;182;100;0,25;0,13;0,96;0,24;38,2;38,2;2,11;1,58
7;StudentAttendanceSystem;state;2218;24;46;10;55;100;0,37;0,36;0;0,08;39,2;39,2;0,91;0,81
7;StudentAttendanceSystem;transition;2218;24;46;15;46;100;0,33;0,69;0;0,14;39,2;40,2;1,32;1,16
7;StudentAttendanceSystem;pair;2218;24;46;44;244;100;0,27;0,18;1,3;0,34;41,2;41,2;2,72;2,09
7;StudentAttendanceSystem;state;2219;27;51;11;61;100;0,36;0,44;0;0,11;42,2;42,2;1,02;0,91
7;StudentAttendanceSystem;transition;2219;27;51;18;50;100;0,34;0,94;0;0,21;42,2;43,2;1,65;1,49
7;StudentAttendanceSystem;pair;2219;27;51;45;249;100;0,33;0,25;1,56;0,35;44,2;44,2;3,17;2,48
7;StudentAttendanceSystem;state;2220;25;51;11;56;100;0,37;0,43;0;0,08;45,2;45,2;1;0,89
7;StudentAttendanceSystem;transition;2220;25;51;19;51;100;0,34;0,96;0;0,19;45,2;46,2;1,65;1,49
7;StudentAttendanceSystem;pair;2220;25;51;53;291;100;0,35;0,17;1,22;0,24;47,2;47,2;2,48;1,98
7;StudentAttendanceSystem;state;2221;20;36;8;41;100;0,25;0,28;0;0,05;48,2;48,2;0,66;0,58
7;StudentAttendanceSystem;transition;2221;20;36;13;36;100;0,19;0,5;0;0,1;48,2;49,2;0,92;0,79
7;StudentAttendanceSystem;pair;2221;20;36;37;187;100;0,25;0,12;0,8;0,17;49,2;50,2;1,75;1,35
7;StudentAttendanceSystem;state;2222;23;42;9;48;100;0,27;0,29;0;0,05;50,2;50,2;0,69;0,61
7;StudentAttendanceSystem;transition;2222;23;42;14;41;100;0,19;0,47;0;0,09;51,2;51,2;0,86;0,74
7;StudentAttendanceSystem;pair;2222;23;42;41;213;100;0,25;0,13;0,84;0,18;52,2;52,2;1,89;1,41
7;StudentAttendanceSystem;state;2223;24;47;9;48;100;0,29;0,29;0;0,05;53,2;53,2;0,74;0,63
7;StudentAttendanceSystem;transition;2223;24;47;16;46;100;0,22;0,57;0;0,1;54,2;54,2;1,24;0,89
7;StudentAttendanceSystem;pair;2223;24;47;49;273;100;0,21;0,18;1,16;0,27;55,2;55,2;2,33;1,81
7;StudentAttendanceSystem;state;2224;20;35;7;36;100;0,24;0,29;0;0,06;56,2;56,2;0,69;0,59
7;StudentAttendanceSystem;transition;2224;20;35;12;34;100;0,21;0,38;0;0,1;56,2;56,2;0,81;0,69
7;StudentAttendanceSystem;pair;2224;20;35;35;179;100;0,24;0,1;0,7;0,22;57,2;58,2;1,69;1,26
7;StudentAttendanceSystem;state;2225;26;50;10;56;100;0,29;0,28;0;0,06;58,2;58,2;0,7;0,63
7;StudentAttendanceSystem;transition;2225;26;50;18;49;100;0,36;0,82;0;0,17;59,2;59,2;1,54;1,35
7;StudentAttendanceSystem;pair;2225;26;50;45;247;100;0,3;0,21;1,25;0,33;60,2;61,2;2,66;2,08
7;StudentAttendanceSystem;state;2226;29;57;12;67;100;0,38;0,49;0;0,11;61,2;61,2;1,1;0,98
7;StudentAttendanceSystem;transition;2226;29;57;20;56;100;0,4;1,06;0;0,22;62,2;62,2;1,85;1,69
7;StudentAttendanceSystem;pair;2226;29;57;52;292;100;0,35;0,18;1,25;0,31;64,2;64,2;2,67;2,1
7;StudentAttendanceSystem;state;2227;21;43;8;40;100;0,57;0,34;0;0,05;65,2;65,2;1,06;0,96
7;StudentAttendanceSystem;transition;2227;21;43;15;43;100;0,32;0,54;0;0,1;65,2;65,2;1,1;0,96
7;StudentAttendanceSystem;pair;2227;21;43;45;249;100;0,22;0,19;1,35;0,36;66,2;67,2;2,73;2,12
7;StudentAttendanceSystem;state;2228;23;42;8;43;100;0,35;0,39;0;0,05;67,2;67,2;0,9;0,79
7;StudentAttendanceSystem;transition;2228;23;42;15;41;100;0,29;0,63;0;0,1;68,2;68,2;1,13;1,01
7;StudentAttendanceSystem;pair;2228;23;42;35;197;100;0,29;0,15;0,99;0,24;69,2;69,2;2,12;1,66
7;StudentAttendanceSystem;state;2229;23;43;8;43;100;0,25;0,26;0;0,07;70,2;70,2;0,69;0,59
7;StudentAttendanceSystem;transition;2229;23;43;16;42;100;0,3;0,61;0;0,1;71,2;71,2;1,12;1,01
7;StudentAttendanceSystem;pair;2229;23;43;39;213;100;0,21;0,15;1,11;0,18;72,2;72,2;2,23;1,65
7;StudentAttendanceSystem;state;2230;19;33;7;37;100;0,19;0,2;0;0,03;73,2;73,2;0,5;0,43
7;StudentAttendanceSystem;transition;2230;19;33;11;33;100;0,22;0,46;0;0,09;73,2;73,2;0,9;0,77
7;StudentAttendanceSystem;pair;2230;19;33;32;163;100;0,31;0,12;0,78;0,18;74,2;74,2;1,93;1,4
7;StudentAttendanceSystem;state;2231;21;38;9;44;100;0,28;0,33;0;0,07;75,2;75,2;0,82;0,68
7;StudentAttendanceSystem;transition;2231;21;38;14;38;100;0,27;0,46;0;0,11;75,2;75,2;0,98;0,84
7;StudentAttendanceSystem;pair;2231;21;38;36;186;100;0,28;0,14;0,99;0,22;76,2;77,2;2,17;1,64
7;StudentAttendanceSystem;state;2232;23;43;10;50;100;0,33;0,43;0;0,08;77,2;77,2;0,97;0,84
7;StudentAttendanceSystem;transition;2232;23;43;15;43;100;0,4;0,69;0;0,13;78,2;78,2;1,38;1,21
7;StudentAttendanceSystem;pair;2232;23;43;40;218;100;0,33;0,17;1,2;0,27;79,2;79,2;2,57;1,97
7;StudentAttendanceSystem;state;2233;29;58;12;67;100;0,4;0,56;0;0,12;80,2;80,2;1,22;1,08
7;StudentAttendanceSystem;transition;2233;29;58;21;57;100;0,35;1,07;0;0,21;81,2;81,2;1,87;1,63
7;StudentAttendanceSystem;pair;2233;29;58;55;307;100;0,43;0,27;2,09;0,38;82,2;83,2;4;3,17
7;StudentAttendanceSystem;state;2234;23;41;9;47;100;0,42;0,46;0;0,08;83,2;83,2;1,09;0,96
7;StudentAttendanceSystem;transition;2234;23;41;15;40;100;0,31;0,78;0;0,13;84,2;84,2;1,39;1,21
7;StudentAttendanceSystem;pair;2234;23;41;41;211;100;0,28;0,19;1,22;0,31;85,2;85,2;2,58;1,99
7;StudentAttendanceSystem;state;2235;22;42;9;47;100;0,32;0,34;0;0,08;86,2;86,2;0,85;0,74
7;StudentAttendanceSystem;transition;2235;22;42;15;42;100;0,32;0,7;0;0,13;87,2;87,2;1,32;1,15
7;StudentAttendanceSystem;pair;2235;22;42;44;234;100;0,33;0,17;1,36;0,37;88,2;88,2;2,87;2,22
7;StudentAttendanceSystem;state;2236;20;37;8;41;100;0,28;0,34;0;0,08;89,2;89,2;0,81;0,7
7;StudentAttendanceSystem;transition;2236;20;37;13;37;100;0,31;0,69;0;0,12;89,2;89,2;1,27;1,12
7;StudentAttendanceSystem;pair;2236;20;37;32;174;100;0,33;0,15;0,87;0,23;90,2;91,2;2,14;1,57
7;StudentAttendanceSystem;state;2237;25;48;10;54;100;0,33;0,39;0;0,09;91,2;91,2;0,95;0,81
7;StudentAttendanceSystem;transition;2237;25;48;16;47;100;0,3;0,79;0;0,14;92,2;92,2;1,39;1,23
7;StudentAttendanceSystem;pair;2237;25;48;48;260;100;0,33;0,14;1,45;0,38;93,2;94,2;2,88;2,31
7;StudentAttendanceSystem;state;2238;21;36;8;41;100;0,28;0,3;0;0,07;94,2;94,2;0,77;0,65
7;StudentAttendanceSystem;transition;2238;21;36;13;35;100;0,27;0,69;0;0,12;95,2;95,2;1,22;1,08
7;StudentAttendanceSystem;pair;2238;21;36;29;151;100;0,25;0,13;0,78;0,18;96,2;96,2;1,84;1,34
7;StudentAttendanceSystem;state;2239;23;44;9;50;100;0,3;0,35;0;0,09;96,2;96,2;0,9;0,74
7;StudentAttendanceSystem;transition;2239;23;44;15;44;100;0,37;0,74;0;0,14;97,2;97,2;1,43;1,25
7;StudentAttendanceSystem;pair;2239;23;44;38;208;100;0,31;0,19;1,13;0,26;98,2;98,2;2,52;1,89
7;StudentAttendanceSystem;state;2240;18;30;7;37;100;0,42;0,28;0;0,06;99,2;99,2;0,87;0,75
7;StudentAttendanceSystem;transition;2240;18;30;10;30;100;0,24;0,46;0;0,08;99,2;99,2;0,92;0,79
7;StudentAttendanceSystem;pair;2240;18;30;22;116;100;0,25;0,11;0,6;0,14;100,2;100,2;1,55;1,11
7;StudentAttendanceSystem;state;2241;27;51;11;61;100;0,44;0,46;0;0,11;101,2;101,2;1,18;1,01
7;StudentAttendanceSystem;transition;2241;27;51;18;50;100;0,34;1;0;0,18;102,2;102,2;1,7;1,52
7;StudentAttendanceSystem;pair;2241;27;51;44;244;100;0,35;0,21;1,59;0,32;103,2;103,2;3,17;2,46
7;StudentAttendanceSystem;state;2242;24;44;9;48;100;0,34;0,36;0;0,09;104,2;104,2;0,93;0,79
7;StudentAttendanceSystem;transition;2242;24;44;16;43;100;0,31;0,76;0;0,15;105,2;105,2;1,4;1,22
7;StudentAttendanceSystem;pair;2242;24;44;39;211;100;0,3;0,19;0,92;0,23;106,2;106,2;2,25;1,63
7;StudentAttendanceSystem;state;2243;21;39;8;43;100;0,2;0,2;0;0,04;106,2;107,2;0,52;0,44
7;StudentAttendanceSystem;transition;2243;21;39;13;39;100;0,17;0,42;0;0,11;107,2;107,2;0,82;0,71
7;StudentAttendanceSystem;pair;2243;21;39;38;206;100;0,3;0,15;0,83;0,23;108,2;109,2;2,01;1,52
7;StudentAttendanceSystem;state;2244;22;38;8;42;100;0,24;0,33;0;0,07;109,2;109,2;0,74;0,63
7;StudentAttendanceSystem;transition;2244;22;38;14;37;100;0,24;0,48;0;0,11;110,2;110,2;0,93;0,83
7;StudentAttendanceSystem;pair;2244;22;38;33;172;100;0,18;0,12;0,83;0,15;111,2;111,2;1,73;1,29
7;StudentAttendanceSystem;state;2245;24;48;9;46;100;0,26;0,24;0;0,05;111,2;111,2;0,62;0,55
7;StudentAttendanceSystem;transition;2245;24;48;17;47;100;0,23;0,77;0;0,15;112,2;112,2;1,29;1,16
7;StudentAttendanceSystem;pair;2245;24;48;48;270;100;0,26;0,2;1,33;0,31;114,2;114,2;2,68;2,1
7;StudentAttendanceSystem;state;2246;26;52;11;61;100;0,32;0,37;0;0,09;114,2;115,2;0,88;0,78
7;StudentAttendanceSystem;transition;2246;26;52;18;52;100;0,3;0,83;0;0,15;115,2;115,2;1,42;1,27
7;StudentAttendanceSystem;pair;2246;26;52;48;272;100;0,3;0,21;1,44;0,33;117,2;117,2;2,86;2,28
7;StudentAttendanceSystem;state;2247;26;47;11;58;100;0,28;0,35;0;0,07;118,2;118,2;0,79;0,7
7;StudentAttendanceSystem;transition;2247;26;47;17;46;100;0,26;0,69;0;0,13;118,2;118,2;1,24;1,08
7;StudentAttendanceSystem;pair;2247;26;47;36;192;100;0,29;0,16;0,96;0,22;120,2;120,2;2,15;1,63
7;StudentAttendanceSystem;state;2248;18;31;7;34;100;0,21;0,22;0;0,04;120,2;120,2;0,56;0,48
7;StudentAttendanceSystem;transition;2248;18;31;12;31;100;0,18;0,48;0;0,08;121,2;121,2;0,84;0,74
7;StudentAttendanceSystem;pair;2248;18;31;28;133;100;0,2;0,1;0,64;0,14;122,2;122,2;1,45;1,07
7;StudentAttendanceSystem;state;2249;29;59;12;65;100;0,32;0,4;0;0,09;122,2;122,2;0,9;0,8
7;StudentAttendanceSystem;transition;2249;29;59;22;58;100;0,32;0,98;0;0,18;123,2;123,2;1,62;1,48
7;StudentAttendanceSystem;pair;2249;29;59;54;304;100;0,35;0,24;1,74;0,36;125,2;125,2;3,37;2,69
7;StudentAttendanceSystem;state;2250;24;43;9;49;100;0,28;0,3;0;0,06;126,2;126,2;0,74;0,64
7;StudentAttendanceSystem;transition;2250;24;43;14;42;100;0,25;0,62;0;0,13;126,2;127,2;1,1;0,99
7;StudentAttendanceSystem;pair;2250;24;43;38;213;100;0,28;0,18;1;0,26;128,2;128,2;2,22;1,73
7;StudentAttendanceSystem;state;2251;29;57;12;67;100;0,32;0,4;0;0,09;129,2;129,2;0,9;0,81
7;StudentAttendanceSystem;transition;2251;29;57;20;56;100;0,31;0,88;0;0,18;129,2;130,2;1,49;1,36
7;StudentAttendanceSystem;pair;2251;29;57;52;292;100;0,31;0,23;1,64;0,34;131,2;131,2;3,22;2,53
7;StudentAttendanceSystem;state;2252;25;48;9;49;100;0,3;0,33;0;0,07;132,2;132,2;0,8;0,7
7;StudentAttendanceSystem;transition;2252;25;48;17;47;100;0,28;0,79;0;0,14;133,2;133,2;1,34;1,21
7;StudentAttendanceSystem;pair;2252;25;48;43;249;100;0,27;0,18;1,29;0,3;134,2;134,2;2,59;2,05
7;StudentAttendanceSystem;state;2253;24;43;10;50;100;0,28;0,3;0;0,06;135,2;135,2;0,73;0,64
7;StudentAttendanceSystem;transition;2253;24;43;16;42;100;0,25;0,68;0;0,12;136,2;136,2;1,19;1,04
7;StudentAttendanceSystem;pair;2253;24;43;39;201;100;0,25;0,15;1,03;0,22;137,2;137,2;2,14;1,66
7;StudentAttendanceSystem;state;2254;23;42;8;43;100;0,29;0,3;0;0,07;137,2;138,2;0,74;0,65
7;StudentAttendanceSystem;transition;2254;23;42;15;41;100;0,32;0,68;0;0,15;138,2;138,2;1,28;1,15
7;StudentAttendanceSystem;pair;2254;23;42;35;197;100;0,26;0,15;0,95;0,24;139,2;140,2;2,13;1,6
7;StudentAttendanceSystem;state;2255;24;44;9;49;100;0,27;0,34;0;0,07;140,2;140,2;0,77;0,67
7;StudentAttendanceSystem;transition;2255;24;44;15;43;100;0,25;0,7;0;0,13;141,2;141,2;1,2;1,07
7;StudentAttendanceSystem;pair;2255;24;44;41;228;100;0,26;0,2;1,13;0,37;142,2;142,2;2,49;1,96
7;StudentAttendanceSystem;state;2256;23;46;9;48;100;0,3;0,37;0;0,08;143,2;143,2;0,86;0,76
7;StudentAttendanceSystem;transition;2256;23;46;17;46;100;0,28;0,69;0;0,14;143,2;144,2;1,26;1,11
7;StudentAttendanceSystem;pair;2256;23;46;45;249;100;0,27;0,21;1,43;0,3;145,2;145,2;2,76;2,2
7;StudentAttendanceSystem;state;2257;25;46;10;53;100;0,3;0,35;0;0,07;146,2;146,2;0,83;0,73
7;StudentAttendanceSystem;transition;2257;25;46;17;45;100;0,34;0,73;0;0,14;146,2;147,2;1,37;1,22
7;StudentAttendanceSystem;pair;2257;25;46;36;190;100;0,29;0,17;0,98;0,22;148,2;148,2;2,19;1,66
7;StudentAttendanceSystem;state;2258;23;44;9;45;100;0,27;0,3;0;0,06;148,2;148,2;0,72;0,63
7;StudentAttendanceSystem;transition;2258;23;44;16;43;100;0,3;0,67;0;0,12;149,2;149,2;1,23;1,1
7;StudentAttendanceSystem;pair;2258;23;44;44;236;100;0,26;0,17;1,18;0,21;150,2;151,2;2,35;1,82
7;StudentAttendanceSystem;state;2259;23;42;8;43;100;0,28;0,4;0;0,08;151,2;151,2;0,89;0,75
7;StudentAttendanceSystem;transition;2259;23;42;15;41;100;0,26;0,77;0;0,1;152,2;152,2;1,28;1,13
7;StudentAttendanceSystem;pair;2259;23;42;35;193;100;0,28;0,15;0,89;0,17;153,2;153,2;1,92;1,5
7;StudentAttendanceSystem;state;2260;26;49;10;56;100;0,26;0,38;0;0,07;154,2;154,2;0,79;0,7
7;StudentAttendanceSystem;transition;2260;26;49;17;48;100;0,28;0,68;0;0,17;154,2;155,2;1,3;1,13
7;StudentAttendanceSystem;pair;2260;26;49;41;231;100;0,29;0,21;1,32;0,26;156,2;156,2;2,68;2,07
7;StudentAttendanceSystem;state;2261;27;55;12;64;100;0,27;0,38;0;0,11;157,2;157,2;0,88;0,76
7;StudentAttendanceSystem;transition;2261;27;55;19;55;100;0,35;0,77;0;0,14;158,2;158,2;1,42;1,27
7;StudentAttendanceSystem;pair;2261;27;55;53;297;100;0,33;0,24;1,81;0,39;159,2;160,2;3,4;2,78
7;StudentAttendanceSystem;state;2262;22;38;8;42;100;0,27;0,29;0;0,05;160,2;160,2;0,72;0,61
7;StudentAttendanceSystem;transition;2262;22;38;14;37;100;0,27;0,66;0;0,11;161,2;161,2;1,18;1,05
7;StudentAttendanceSystem;pair;2262;22;38;32;168;100;0,26;0,13;0,86;0,2;162,2;162,2;1,91;1,45
7;StudentAttendanceSystem;state;2263;22;42;8;40;100;0,26;0,43;0;0,07;162,2;162,2;0,86;0,76
7;StudentAttendanceSystem;transition;2263;22;42;15;41;100;0,32;0,62;0;0,11;163,2;163,2;1,17;1,05
7;StudentAttendanceSystem;pair;2263;22;42;40;217;100;0,26;0,16;1,13;0,27;164,2;165,2;2,35;1,83
7;StudentAttendanceSystem;state;2264;19;33;7;36;100;0,27;0,28;0;0,04;165,2;165,2;0,68;0,59
7;StudentAttendanceSystem;transition;2264;19;33;12;33;100;0,22;0,52;0;0,09;166,2;166,2;0,95;0,83
7;StudentAttendanceSystem;pair;2264;19;33;28;144;100;0,22;0,12;0,62;0,17;166,2;167,2;1,52;1,13
7;StudentAttendanceSystem;state;2265;29;57;12;67;100;0,33;0,41;0;0,09;167,2;167,2;0,93;0,84
7;StudentAttendanceSystem;transition;2265;29;57;20;56;100;0,39;0,92;0;0,18;168,2;168,2;1,63;1,49
7;StudentAttendanceSystem;pair;2265;29;57;52;296;100;0,38;0,24;1,8;0,39;170,2;170,2;3,55;2,8
7;StudentAttendanceSystem;state;2266;22;41;8;42;100;0,27;0,29;0;0,06;170,2;171,2;0,77;0,62
7;StudentAttendanceSystem;transition;2266;22;41;14;40;100;0,24;0,59;0;0,11;171,2;171,2;1,05;0,94
7;StudentAttendanceSystem;pair;2266;22;41;42;226;100;0,26;0,16;1,14;0,27;172,2;173,2;2,42;1,82
7;StudentAttendanceSystem;state;2267;24;43;9;48;100;0,27;0,31;0;0,06;173,2;173,2;0,74;0,64
7;StudentAttendanceSystem;transition;2267;24;43;15;42;100;0,25;0,73;0;0,14;174,2;174,2;1,24;1,11
7;StudentAttendanceSystem;pair;2267;24;43;36;200;100;0,27;0,19;1,08;0,23;175,2;175,2;2,28;1,77
7;StudentAttendanceSystem;state;2268;21;39;8;43;100;0,27;0,32;0;0,06;176,2;176,2;0,74;0,65
7;StudentAttendanceSystem;transition;2268;21;39;13;38;100;0,26;0,55;0;0,1;176,2;176,2;1,02;0,91
7;StudentAttendanceSystem;pair;2268;21;39;39;213;100;0,26;0,15;1,08;0,26;177,2;178,2;2,24;1,75
7;StudentAttendanceSystem;state;2269;23;44;9;48;100;0,37;0,31;0;0,06;178,2;178,2;0,83;0,74
7;StudentAttendanceSystem;transition;2269;23;44;15;44;100;0,28;0,69;0;0,13;179,2;179,2;1,23;1,09
7;StudentAttendanceSystem;pair;2269;23;44;38;218;100;0,29;0,18;1,09;0,25;180,2;180,2;2,37;1,82
7;StudentAttendanceSystem;state;2270;25;48;11;60;100;0,3;0,38;0;0,08;181,2;181,2;0,88;0,77
7;StudentAttendanceSystem;transition;2270;25;48;16;48;100;0,32;0,73;0;0,13;182,2;182,2;1,3;1,17
7;StudentAttendanceSystem;pair;2270;25;48;47;253;100;0,29;0,19;1,26;0,33;183,2;183,2;2,66;2,07
7;StudentAttendanceSystem;state;2271;20;35;8;41;100;0,3;0,29;0;0,05;184,2;184,2;0,73;0,64
7;StudentAttendanceSystem;transition;2271;20;35;12;35;100;0,23;0,5;0;0,1;184,2;185,2;0,93;0,83
7;StudentAttendanceSystem;pair;2271;20;35;35;176;100;0,24;0,13;0,84;0,21;185,2;6,21;3,96;1,42
7;StudentAttendanceSystem;state;2272;22;39;8;43;100;0,27;0,29;0;0,05;6,21;6,21;0,71;0,62
7;StudentAttendanceSystem;transition;2272;22;39;14;38;100;0,27;0,61;0;0,11;7,21;7,21;1,1;0,99
7;StudentAttendanceSystem;pair;2272;22;39;37;193;100;0,25;0,14;0,92;0,21;8,21;8,21;2,07;1,53
7;StudentAttendanceSystem;state;2273;21;34;8;41;100;0,28;0,34;0;0,05;9,21;9,21;0,76;0,67
7;StudentAttendanceSystem;transition;2273;21;34;12;33;100;0,22;0,52;0;0,09;9,21;9,21;0,93;0,82
7;StudentAttendanceSystem;pair;2273;21;34;30;150;100;0,26;0,11;0,68;0,17;10,21;10,21;1,63;1,22
7;StudentAttendanceSystem;state;2274;18;31;7;35;100;0,23;0,26;0;0,04;11,21;11,21;0,62;0,54
7;StudentAttendanceSystem;transition;2274;18;31;11;31;100;0,21;0,45;0;0,08;11,21;11,21;0,84;0,74
7;StudentAttendanceSystem;pair;2274;18;31;25;127;100;0,26;0,1;0,55;0,14;12,21;12,21;1,44;1,05
7;StudentAttendanceSystem;state;2275;28;54;12;64;100;0,39;0,41;0;0,09;13,21;13,21;1;0,9
7;StudentAttendanceSystem;transition;2275;28;54;19;53;100;0,34;0,87;0;0,16;14,21;14,21;1,51;1,36
7;StudentAttendanceSystem;pair;2275;28;54;49;272;100;0,37;0,23;1,58;0,33;15,21;16,21;3,15;2,51
7;StudentAttendanceSystem;state;2276;23;41;9;47;100;0,26;0,31;0;0,06;16,21;16,21;0,73;0,63
7;StudentAttendanceSystem;transition;2276;23;41;15;40;100;0,24;0,64;0;0,12;17,21;17,21;1,11;1
7;StudentAttendanceSystem;pair;2276;23;41;40;206;100;0,25;0,13;0,99;0,24;18,21;18,21;2,15;1,62
7;StudentAttendanceSystem;state;2277;26;49;10;54;100;0,3;0,37;0;0,07;19,21;19,21;0,84;0,74
7;StudentAttendanceSystem;transition;2277;26;49;17;48;100;0,3;0,8;0;0,14;20,21;20,21;1,36;1,24
7;StudentAttendanceSystem;pair;2277;26;49;43;247;100;0,29;0,22;1,32;0,29;21,21;21,21;2,69;2,11
7;StudentAttendanceSystem;state;2278;25;50;10;51;100;0,4;0,35;0;0,07;22,21;22,21;0,93;0,82
7;StudentAttendanceSystem;transition;2278;25;50;18;49;100;0,31;0,73;0;0,14;23,21;23,21;1,32;1,18
7;StudentAttendanceSystem;pair;2278;25;50;51;283;100;0,3;0,25;1,66;0,35;24,21;24,21;3,18;2,57
7;StudentAttendanceSystem;state;2279;22;40;9;49;100;0,29;0,3;0;0,06;25,21;25,21;0,75;0,65
7;StudentAttendanceSystem;transition;2279;22;40;13;40;100;0,26;0,64;0;0,1;26,21;26,21;1,11;0,99
7;StudentAttendanceSystem;pair;2279;22;40;37;197;100;0,24;0,14;1;0,21;27,21;27,21;2,06;1,59
7;StudentAttendanceSystem;state;2280;26;50;10;52;100;0,31;0,36;0;0,08;27,21;28,21;0,89;0,75
7;StudentAttendanceSystem;transition;2280;26;50;18;49;100;0,35;0,78;0;0,14;28,21;28,21;1,41;1,27
7;StudentAttendanceSystem;pair;2280;26;50;42;242;100;0,3;0,2;1,26;0,28;30,21;30,21;2,6;2,03
7;StudentAttendanceSystem;state;2281;24;50;11;57;100;0,32;0,34;0;0,08;30,21;31,21;0,84;0,74
7;StudentAttendanceSystem;transition;2281;24;50;18;50;100;0,27;0,69;0;0,13;31,21;31,21;1,2;1,08
7;StudentAttendanceSystem;pair;2281;24;50;47;261;100;0,29;0,24;1,41;0,3;33,21;33,21;2,78;2,24
7;StudentAttendanceSystem;state;2282;23;44;9;50;100;0,27;0,31;0;0,07;33,21;34,21;0,74;0,65
7;StudentAttendanceSystem;transition;2282;23;44;15;44;100;0,25;0,65;0;0,11;34,21;34,21;1,13;1,01
7;StudentAttendanceSystem;pair;2282;23;44;37;207;100;0,25;0,16;0,95;0,24;35,21;36,21;2,13;1,61
7;StudentAttendanceSystem;state;2283;26;51;12;63;100;0,3;0,42;0;0,08;36,21;36,21;0,89;0,8
7;StudentAttendanceSystem;transition;2283;26;51;18;51;100;0,28;0,77;0;0,14;37,21;37,21;1,31;1,19
7;StudentAttendanceSystem;pair;2283;26;51;49;267;100;0,29;0,21;1,42;0,34;38,21;39,21;2,86;2,25
7;StudentAttendanceSystem;state;2284;21;39;8;42;100;0,28;0,28;0;0,05;39,21;39,21;0,71;0,62
7;StudentAttendanceSystem;transition;2284;21;39;14;39;100;0,23;0,57;0;0,1;40,21;40,21;1,01;0,9
7;StudentAttendanceSystem;pair;2284;21;39;35;191;100;0,24;0,14;0,89;0,21;41,21;41,21;1,94;1,48
7;StudentAttendanceSystem;state;2285;25;45;10;53;100;0,28;0,41;0;0,07;42,21;42,21;0,86;0,76
7;StudentAttendanceSystem;transition;2285;25;45;15;44;100;0,27;0,69;0;0,13;42,21;43,21;1,22;1,1
7;StudentAttendanceSystem;pair;2285;25;45;42;232;100;0,27;0,16;1,16;0,26;44,21;44,21;2,42;1,85
7;StudentAttendanceSystem;state;2286;23;41;9;46;100;0,25;0,28;0;0,06;45,21;45,21;0,7;0,59
7;StudentAttendanceSystem;transition;2286;23;41;15;40;100;0,23;0,63;0;0,11;45,21;45,21;1,08;0,97
7;StudentAttendanceSystem;pair;2286;23;41;37;197;100;0,23;0,14;0,95;0,23;46,21;47,21;2,02;1,55
7;StudentAttendanceSystem;state;2287;30;60;13;70;100;0,33;0,41;0;0,1;47,21;47,21;0,92;0,83
7;StudentAttendanceSystem;transition;2287;30;60;21;59;100;0,37;0,9;0;0,18;48,21;48,21;1,61;1,45
7;StudentAttendanceSystem;pair;2287;30;60;57;321;100;0,36;0,25;1,84;0,42;50,21;50,21;3,66;2,87
7;StudentAttendanceSystem;state;2288;24;42;10;50;100;0,27;0,33;0;0,07;51,21;51,21;0,76;0,67
7;StudentAttendanceSystem;transition;2288;24;42;15;41;100;0,25;0,62;0;0,11;51,21;51,21;1,09;0,97
7;StudentAttendanceSystem;pair;2288;24;42;36;190;100;0,29;0,15;0,94;0,22;52,21;53,21;2,11;1,59
7;StudentAttendanceSystem;state;2289;20;39;9;47;100;0,28;0,27;0;0,06;53,21;53,21;0,72;0,61
7;StudentAttendanceSystem;transition;2289;20;39;13;39;100;0,23;0,55;0;0,1;54,21;54,21;1,01;0,88
7;StudentAttendanceSystem;pair;2289;20;39;35;191;100;0,28;0,16;0,87;0,21;55,21;55,21;1,99;1,51
7;StudentAttendanceSystem;state;2290;22;37;9;44;100;0,22;0,29;0;0,05;56,21;56,21;0,65;0,56
7;StudentAttendanceSystem;transition;2290;22;37;14;36;100;0,25;0,55;0;0,1;56,21;56,21;1,04;0,9
7;StudentAttendanceSystem;pair;2290;22;37;31;152;100;0,26;0,13;0,77;0,17;57,21;57,21;1,75;1,32
7;StudentAttendanceSystem;state;2291;18;29;7;34;100;0,21;0,21;0;0,04;58,21;58,21;0,57;0,46
7;StudentAttendanceSystem;transition;2291;18;29;10;29;100;0,19;0,41;0;0,07;58,21;58,21;0,76;0,66
7;StudentAttendanceSystem;pair;2291;18;29;23;110;100;0,2;0,1;0,47;0,12;59,21;59,21;1,27;0,9
7;StudentAttendanceSystem;state;2292;24;47;9;48;100;0,28;0,33;0;0,07;60,21;60,21;0,78;0,68
7;StudentAttendanceSystem;transition;2292;24;47;16;46;100;0,27;0,74;0;0,13;61,21;61,21;1,27;1,14
7;StudentAttendanceSystem;pair;2292;24;47;49;273;100;0,28;0,19;1,45;0,3;62,21;62,21;2,79;2,22
7;StudentAttendanceSystem;state;2293;29;56;12;67;100;0,36;0,41;0;0,1;63,21;63,21;0,96;0,86
7;StudentAttendanceSystem;transition;2293;29;56;19;55;100;0,32;0,88;0;0,23;64,21;64,21;1,57;1,43
7;StudentAttendanceSystem;pair;2293;29;56;49;281;100;0,31;0,23;1,67;0,35;65,21;66,21;3,2;2,56
7;StudentAttendanceSystem;state;2294;24;42;10;50;100;0,27;0,31;0;0,08;66,21;66,21;0,74;0,65
7;StudentAttendanceSystem;transition;2294;24;42;15;41;100;0,24;0,65;0;0,11;67,21;67,21;1,11;1
7;StudentAttendanceSystem;pair;2294;24;42;37;195;100;0,26;0,16;0,98;0,22;68,21;68,21;2,12;1,61
7;StudentAttendanceSystem;state;2295;22;40;9;44;100;0,25;0,33;0;0,1;69,21;69,21;0,78;0,68
7;StudentAttendanceSystem;transition;2295;22;40;16;39;100;0,24;0,69;0;0,12;69,21;69,21;1,18;1,05
7;StudentAttendanceSystem;pair;2295;22;40;34;172;100;0,25;0,14;0,84;0,21;70,21;71,21;1,89;1,44
7;StudentAttendanceSystem;state;2296;22;37;8;42;100;0,24;0,35;0;0,05;71,21;71,21;0,73;0,64
7;StudentAttendanceSystem;transition;2296;22;37;13;36;100;0,26;0,58;0;0,1;72,21;72,21;1,04;0,93
7;StudentAttendanceSystem;pair;2296;22;37;29;153;100;0,24;0,12;0,73;0,17;73,21;73,21;1,69;1,25
7;StudentAttendanceSystem;state;2297;19;31;8;38;100;0,21;0,23;0;0,04;73,21;73,21;0,56;0,48
7;StudentAttendanceSystem;transition;2297;19;31;11;31;100;0,2;0,43;0;0,07;74,21;74,21;0,8;0,7
7;StudentAttendanceSystem;pair;2297;19;31;24;117;100;0,19;0,1;0,52;0,12;75,21;75,21;1,35;0,94
7;StudentAttendanceSystem;state;2298;24;45;9;48;100;0,27;0,31;0;0,06;75,21;75,21;0,8;0,65
7;StudentAttendanceSystem;transition;2298;24;45;17;44;100;0,3;0,71;0;0,13;76,21;76,21;1,3;1,15
7;StudentAttendanceSystem;pair;2298;24;45;42;226;100;0,27;0,18;1,1;0,27;77,21;78,21;2,38;1,81
7;StudentAttendanceSystem;state;2299;21;43;9;45;100;0,29;0,32;0;0,06;78,21;78,21;0,76;0,67
7;StudentAttendanceSystem;transition;2299;21;43;16;43;100;0,24;0,61;0;0,11;79,21;79,21;1,08;0,96
7;StudentAttendanceSystem;pair;2299;21;43;41;227;100;0,25;0,16;1,12;0,25;80,21;80,21;2,29;1,78
7;StudentAttendanceSystem;state;2300;22;43;8;43;100;0,28;0,29;0;0,05;81,21;81,21;0,71;0,62
7;StudentAttendanceSystem;transition;2300;22;43;15;43;100;0,24;0,63;0;0,12;81,21;82,21;1,12;1
7;StudentAttendanceSystem;pair;2300;22;43;39;221;100;0,25;0,16;1,01;0,25;83,21;83,21;2,2;1,67
7;StudentAttendanceSystem;state;2301;23;44;9;50;100;0,26;0,32;0;0,07;83,21;84,21;0,75;0,65
7;StudentAttendanceSystem;transition;2301;23;44;15;44;100;0,25;0,62;0;0,15;84,21;84,21;1,16;1,03
7;StudentAttendanceSystem;pair;2301;23;44;38;208;100;0,28;0,15;0,97;0,24;85,21;86,21;2,13;1,65
7;StudentAttendanceSystem;state;2302;25;48;9;49;100;0,29;0,33;0;0,06;86,21;86,21;0,77;0,68
7;StudentAttendanceSystem;transition;2302;25;48;17;47;100;0,32;0,74;0;0,14;87,21;87,21;1,33;1,21
7;StudentAttendanceSystem;pair;2302;25;48;43;245;100;0,3;0,19;1,19;0,29;88,21;89,21;2,5;1,97
7;StudentAttendanceSystem;state;2303;25;47;10;51;100;0,28;0,34;0;0,06;89,21;89,21;0,78;0,69
7;StudentAttendanceSystem;transition;2303;25;47;18;46;100;0,27;0,73;0;0,14;90,21;90,21;1,25;1,13
7;StudentAttendanceSystem;pair;2303;25;47;41;221;100;0,27;0,18;1,15;0,24;91,21;91,21;2,33;1,83
7;StudentAttendanceSystem;state;2304;19;34;7;36;100;0,27;0,25;0;0,04;92,21;92,21;0,65;0,56
7;StudentAttendanceSystem;transition;2304;19;34;13;34;100;0,21;0,49;0;0,1;92,21;93,21;0,89;0,79
7;StudentAttendanceSystem;pair;2304;19;34;31;155;100;0,21;0,11;0,68;0,17;93,21;94,21;1,57;1,18
7;StudentAttendanceSystem;state;2305;19;33;7;37;100;0,25;0,25;0;0,04;94,21;94,21;0,63;0,54
7;StudentAttendanceSystem;transition;2305;19;33;11;33;100;0,2;0,51;0;0,08;95,21;95,21;0,9;0,79
7;StudentAttendanceSystem;pair;2305;19;33;30;156;100;0,21;0,11;0,72;0,17;96,21;96,21;1,65;1,22
7;StudentAttendanceSystem;state;2306;29;57;12;67;100;0,34;0,44;0;0,12;96,21;96,21;0,99;0,89
7;StudentAttendanceSystem;transition;2306;29;57;20;56;100;0,33;0,85;0;0,18;97,21;97,21;1,49;1,36
7;StudentAttendanceSystem;pair;2306;29;57;52;296;100;0,34;0,23;1,63;0,35;99,21;99,21;3,17;2,55
7;StudentAttendanceSystem;state;2307;21;40;8;43;100;0,29;0,29;0;0,05;100,21;100,21;0,73;0,63
7;StudentAttendanceSystem;transition;2307;21;40;14;40;100;0,22;0,6;0;0,1;100,21;100,21;1,05;0,93
7;StudentAttendanceSystem;pair;2307;21;40;41;221;100;0,25;0,14;0,97;0,24;101,21;102,21;2,07;1,6
7;StudentAttendanceSystem;state;2308;29;57;12;67;100;0,36;0,39;0;0,1;102,21;102,21;0,97;0,85
7;StudentAttendanceSystem;transition;2308;29;57;19;56;100;0,32;0,85;0;0,16;103,21;103,21;1,46;1,34
7;StudentAttendanceSystem;pair;2308;29;57;55;315;100;0,36;0,27;1,79;0,4;105,21;105,21;3,5;2,82
7;StudentAttendanceSystem;state;2309;27;55;12;66;100;0,32;0,38;0;0,08;106,21;106,21;0,87;0,78
7;StudentAttendanceSystem;transition;2309;27;55;19;55;100;0,33;1,04;0;0,15;107,21;107,21;1,67;1,52
7;StudentAttendanceSystem;pair;2309;27;55;57;315;100;0,31;0,23;1,78;0,38;108,21;109,21;3,32;2,7
7;StudentAttendanceSystem;state;2310;27;55;12;64;100;0,35;0,4;0;0,09;109,21;109,21;0,93;0,83
7;StudentAttendanceSystem;transition;2310;27;55;20;55;100;0,32;0,89;0;0,19;110,21;110,21;1,54;1,4
7;StudentAttendanceSystem;pair;2310;27;55;50;282;100;0,31;0,26;1,64;0,33;112,21;112,21;3,19;2,55
7;StudentAttendanceSystem;state;2311;29;56;12;67;100;0,35;0,44;0;0,09;113,21;113,21;1;0,89
7;StudentAttendanceSystem;transition;2311;29;56;18;55;100;0,34;0,89;0;0,16;113,21;114,21;1,54;1,38
7;StudentAttendanceSystem;pair;2311;29;56;52;300;100;0,32;0,23;1,75;0,39;115,21;115,21;3,36;2,69
7;StudentAttendanceSystem;state;2312;24;46;10;55;100;0,31;0,34;0;0,07;116,21;116,21;0,81;0,71
7;StudentAttendanceSystem;transition;2312;24;46;15;46;100;0,27;0,7;0;0,13;117,21;117,21;1,26;1,1
7;StudentAttendanceSystem;pair;2312;24;46;44;240;100;0,29;0,17;1,17;0,26;118,21;118,21;2,5;1,89
7;StudentAttendanceSystem;state;2313;18;30;7;37;100;0,26;0,3;0;0,05;119,21;119,21;0,71;0,61
7;StudentAttendanceSystem;transition;2313;18;30;10;30;100;0,2;0,46;0;0,07;119,21;119,21;0,84;0,73
7;StudentAttendanceSystem;pair;2313;18;30;22;116;100;0,24;0,1;0,5;0,13;120,21;120,21;1,35;0,97
7;StudentAttendanceSystem;state;2314;24;43;9;48;100;0,3;0,36;0;0,06;121,21;121,21;0,82;0,73
7;StudentAttendanceSystem;transition;2314;24;43;15;42;100;0,26;0,68;0;0,12;121,21;121,21;1,17;1,05
7;StudentAttendanceSystem;pair;2314;24;43;35;195;100;0,28;0,15;0,96;0,22;122,21;123,21;2,11;1,6
7;StudentAttendanceSystem;state;2315;22;39;9;46;100;0,27;0,32;0;0,06;123,21;123,21;0,74;0,64
7;StudentAttendanceSystem;transition;2315;22;39;15;38;100;0,23;0,6;0;0,11;124,21;124,21;1,05;0,94
7;StudentAttendanceSystem;pair;2315;22;39;32;167;100;0,25;0,14;0,88;0,19;125,21;125,21;1,92;1,46
7;StudentAttendanceSystem;state;2316;22;43;8;43;100;0,27;0,31;0;0,05;126,21;126,21;0,72;0,63
7;StudentAttendanceSystem;transition;2316;22;43;15;43;100;0,24;0,69;0;0,12;126,21;126,21;1,17;1,05
7;StudentAttendanceSystem;pair;2316;22;43;39;221;100;0,28;0,16;1,03;0,25;127,21;128,21;2,37;1,72
7;StudentAttendanceSystem;state;2317;24;44;9;48;100;0,27;0,31;0;0,06;128,21;128,21;0,74;0,65
7;StudentAttendanceSystem;transition;2317;24;44;16;43;100;0,26;0,66;0;0,13;129,21;129,21;1,16;1,05
7;StudentAttendanceSystem;pair;2317;24;44;38;208;100;0,33;0,23;1,04;0,23;130,21;130,21;2,34;1,83
7;StudentAttendanceSystem;state;2318;26;53;11;61;100;0,34;0,41;0;0,08;131,21;131,21;0,93;0,83
7;StudentAttendanceSystem;transition;2318;26;53;19;53;100;0,3;0,89;0;0,18;132,21;132,21;1,56;1,36
7;StudentAttendanceSystem;pair;2318;26;53;51;283;100;0,32;0,26;1,58;0,37;133,21;134,21;3,16;2,54
7;StudentAttendanceSystem;state;2319;23;44;9;50;100;0,32;0,32;0;0,07;134,21;134,21;0,83;0,71
7;StudentAttendanceSystem;transition;2319;23;44;15;44;100;0,27;0,72;0;0,17;135,21;135,21;1,31;1,16
7;StudentAttendanceSystem;pair;2319;23;44;38;212;100;0,29;0,16;1,09;0,27;136,21;136,21;2,33;1,81
7;StudentAttendanceSystem;state;2320;22;37;8;43;100;0,27;0,31;0;0,06;137,21;137,21;0,75;0,64
7;StudentAttendanceSystem;transition;2320;22;37;12;36;100;0,28;0,55;0;0,1;137,21;137,21;1,03;0,93
7;StudentAttendanceSystem;pair;2320;22;37;32;172;100;0,23;0,13;0,86;0,19;138,21;139,21;1,87;1,41
7;StudentAttendanceSystem;state;2321;27;52;11;61;100;0,31;0,41;0;0,12;139,21;139,21;0,95;0,84
7;StudentAttendanceSystem;transition;2321;27;52;19;51;100;0,32;0,9;0;0,14;140,21;140,21;1,53;1,37
7;StudentAttendanceSystem;pair;2321;27;52;48;260;100;0,33;0,17;1,21;0,23;141,21;142,21;2,5;1,94
7;StudentAttendanceSystem;state;2322;24;47;10;55;100;0,25;0,28;0;0,06;142,21;142,21;0,67;0,59
7;StudentAttendanceSystem;transition;2322;24;47;17;47;100;0,26;0,61;0;0,1;143,21;143,21;1,1;0,98
7;StudentAttendanceSystem;pair;2322;24;47;44;236;100;0,23;0,15;0,97;0,2;144,21;145,21;2,06;1,55
7;StudentAttendanceSystem;state;2323;24;48;10;51;100;0,3;0,36;0;0,06;145,21;145,21;0,83;0,72
7;StudentAttendanceSystem;transition;2323;24;48;18;47;100;0,23;0,73;0;0,14;146,21;146,21;1,22;1,1
7;StudentAttendanceSystem;pair;2323;24;48;45;251;100;0,3;0,22;1,17;0,24;147,21;148,21;2,54;1,93
7;StudentAttendanceSystem;state;2324;26;52;11;61;100;0,27;0,28;0;0,1;148,21;148,21;0,73;0,65
7;StudentAttendanceSystem;transition;2324;26;52;18;52;100;0,25;0,76;0;0,14;149,21;149,21;1,29;1,16
7;StudentAttendanceSystem;pair;2324;26;52;48;272;100;0,25;0,17;1,17;0,25;150,21;151,21;2,32;1,84
7;StudentAttendanceSystem;state;2325;30;59;13;72;100;0,35;0,6;0;0,12;151,21;151,21;1,19;1,07
7;StudentAttendanceSystem;transition;2325;30;59;20;58;100;0,3;0,9;0;0,2;152,21;152,21;1,56;1,4
7;StudentAttendanceSystem;pair;2325;30;59;58;324;100;0,32;0,23;1,71;0,37;154,21;154,21;3,33;2,63
7;StudentAttendanceSystem;state;2326;22;42;8;43;100;0,27;0,31;0;0,05;155,21;155,21;0,73;0,64
7;StudentAttendanceSystem;transition;2326;22;42;14;42;100;0,24;0,56;0;0,16;156,21;156,21;1,09;0,96
7;StudentAttendanceSystem;pair;2326;22;42;36;210;100;0,26;0,12;0,85;0,17;157,21;157,21;1,84;1,41
7;StudentAttendanceSystem;state;2327;26;50;10;54;100;0,25;0,32;0;0,11;158,21;158,21;0,8;0,69
7;StudentAttendanceSystem;transition;2327;26;50;17;49;100;0,26;0,82;0;0,16;158,21;158,21;1,47;1,25
7;StudentAttendanceSystem;pair;2327;26;50;49;277;100;0,28;0,24;1,51;0,31;160,21;160,21;3,02;2,34
7;StudentAttendanceSystem;state;2328;22;40;10;53;100;0,27;0,28;0;0,05;161,21;161,21;0,69;0,6
7;StudentAttendanceSystem;transition;2328;22;40;14;40;100;0,3;0,64;0;0,11;161,21;161,21;1,18;1,05
7;StudentAttendanceSystem;pair;2328;22;40;29;156;100;0,25;0,16;0,64;0,16;162,21;162,21;1,72;1,21
7;StudentAttendanceSystem;state;2329;21;39;8;42;100;0,22;0,26;0;0,06;163,21;163,21;0,65;0,55
7;StudentAttendanceSystem;transition;2329;21;39;14;39;100;0,2;0,49;0;0,12;164,21;164,21;0,91;0,81
7;StudentAttendanceSystem;pair;2329;21;39;35;191;100;0,2;0,15;0,93;0,16;165,21;165,21;1,95;1,43
7;StudentAttendanceSystem;state;2330;22;38;8;43;100;0,22;0,21;0;0,04;165,21;165,21;0,59;0,48
7;StudentAttendanceSystem;transition;2330;22;38;13;37;100;0,3;0,47;0;0,12;166,21;166,21;1,06;0,88
7;StudentAttendanceSystem;pair;2330;22;38;34;180;100;0,26;0,12;0,99;0,25;167,21;167,21;2,13;1,62
7;StudentAttendanceSystem;state;2331;24;45;9;46;100;0,35;0,4;0;0,11;168,21;168,21;0,98;0,86
7;StudentAttendanceSystem;transition;2331;24;45;17;44;100;0,3;0,77;0;0,15;169,21;169,21;1,39;1,21
7;StudentAttendanceSystem;pair;2331;24;45;37;203;100;0,32;0,19;1,22;0,31;170,21;170,21;2,67;2,04
7;StudentAttendanceSystem;state;2332;27;53;11;57;100;0,39;0,48;0;0,1;171,21;171,21;1,1;0,96
7;StudentAttendanceSystem;transition;2332;27;53;20;52;100;0,34;0,73;0;0,12;171,21;172,21;1,35;1,2
7;StudentAttendanceSystem;pair;2332;27;53;48;268;100;0,24;0,18;1,69;0,35;173,21;173,21;3,15;2,45
7;StudentAttendanceSystem;state;2333;25;45;10;53;100;0,24;0,26;0;0,08;174,21;174,21;0,67;0,59
7;StudentAttendanceSystem;transition;2333;25;45;15;44;100;0,28;0,73;0;0,18;174,21;175,21;1,35;1,18
7;StudentAttendanceSystem;pair;2333;25;45;42;232;100;0,22;0,13;1,09;0,31;176,21;176,21;2,26;1,75
7;StudentAttendanceSystem;state;2334;20;35;8;41;100;0,3;0,3;0;0,07;176,21;177,21;0,77;0,67
7;StudentAttendanceSystem;transition;2334;20;35;12;35;100;0,27;0,46;0;0,1;177,21;177,21;0,96;0,83
7;StudentAttendanceSystem;pair;2334;20;35;34;172;100;0,19;0,13;0,86;0,15;178,21;178,21;1,82;1,33
7;StudentAttendanceSystem;state;2335;19;32;7;36;100;0,27;0,27;0;0,05;179,21;179,21;0,7;0,59
7;StudentAttendanceSystem;transition;2335;19;32;11;32;100;0,21;0,36;0;0,08;179,21;179,21;0,75;0,65
7;StudentAttendanceSystem;pair;2335;19;32;25;129;100;0,21;0,09;0,53;0,15;180,21;180,21;1,4;0,99
7;StudentAttendanceSystem;state;2336;24;43;10;50;100;0,25;0,32;0;0,06;181,21;181,21;0,72;0,63
7;StudentAttendanceSystem;transition;2336;24;43;16;42;100;0,24;0,6;0;0,13;181,21;182,21;1,11;0,97
7;StudentAttendanceSystem;pair;2336;24;43;40;206;100;0,29;0,14;0,9;0,17;183,21;183,21;1,94;1,5
7;StudentAttendanceSystem;state;2337;25;50;10;56;100;0,34;0,33;0;0,1;183,21;184,21;0,88;0,77
7;StudentAttendanceSystem;transition;2337;25;50;17;50;100;0,3;0,66;0;0,11;184,21;184,21;1,19;1,06
7;StudentAttendanceSystem;pair;2337;25;50;45;259;100;0,32;0,22;3,76;0,33;186,36;6,36;5,23;4,63
7;StudentAttendanceSystem;state;2338;21;39;9;46;100;0,36;0,28;0;0,06;6,36;7,36;0,81;0,7
7;StudentAttendanceSystem;transition;2338;21;39;14;39;100;0,23;0,55;0;0,08;7,36;7,36;0,98;0,86
7;StudentAttendanceSystem;pair;2338;21;39;32;175;100;0,28;0,14;0,78;0,18;8,36;8,36;1,92;1,38
7;StudentAttendanceSystem;state;2339;28;54;12;64;100;0,34;0,38;0;0,1;9,36;9,36;0,95;0,82
7;StudentAttendanceSystem;transition;2339;28;54;20;53;100;0,3;0,75;0;0,15;10,36;10,36;1,4;1,2
7;StudentAttendanceSystem;pair;2339;28;54;47;255;100;0,27;0,18;1,12;0,24;11,36;12,36;2,34;1,81
7;StudentAttendanceSystem;state;2340;23;47;9;46;100;0,25;0,25;0;0,05;12,36;12,36;0,62;0,54
7;StudentAttendanceSystem;transition;2340;23;47;18;47;100;0,29;0,61;0;0,12;13,36;13,36;1,15;1,02
7;StudentAttendanceSystem;pair;2340;23;47;44;246;100;0,29;0,15;1,02;0,25;14,36;15,36;2,21;1,71
7;StudentAttendanceSystem;state;2341;26;52;12;63;100;0,3;0,39;0;0,08;15,36;15,36;0,87;0,78
7;StudentAttendanceSystem;transition;2341;26;52;19;52;100;0,28;0,7;0;0,11;16,36;16,36;1,21;1,08
7;StudentAttendanceSystem;pair;2341;26;52;52;278;100;0,23;0,19;1,3;0,29;17,36;18,36;2,63;2,01
7;StudentAttendanceSystem;state;2342;30;60;13;70;100;0,35;0,38;0;0,08;18,36;18,36;0,89;0,81
7;StudentAttendanceSystem;transition;2342;30;60;21;59;100;0,29;0,71;0;0,14;19,36;19,36;1,27;1,14
7;StudentAttendanceSystem;pair;2342;30;60;57;325;100;0,26;0,2;1,53;0,29;21,36;21,36;2,79;2,28
7;StudentAttendanceSystem;state;2343;19;33;7;36;100;0,2;0,2;0;0,05;22,36;22,36;0,54;0,45
7;StudentAttendanceSystem;transition;2343;19;33;12;33;100;0,17;0,35;0;0,06;22,36;22,36;0,66;0,58
7;StudentAttendanceSystem;pair;2343;19;33;27;137;100;0,2;0,09;0,46;0,12;23,36;23,36;1,23;0,88
7;StudentAttendanceSystem;state;2344;24;46;10;55;100;0,3;0,26;0;0,05;24,36;24,36;0,7;0,61
7;StudentAttendanceSystem;transition;2344;24;46;15;46;100;0,25;0,51;0;0,12;25,36;25,36;0,99;0,89
7;StudentAttendanceSystem;pair;2344;24;46;44;244;100;0,23;0,19;1,04;0,26;26,36;26,36;2,21;1,72
7;StudentAttendanceSystem;state;2345;25;48;11;58;100;0,24;0,3;0;0,07;27,36;27,36;0,7;0,61
7;StudentAttendanceSystem;transition;2345;25;48;16;48;100;0,24;0,57;0;0,09;28,36;28,36;1,01;0,9
7;StudentAttendanceSystem;pair;2345;25;48;43;239;100;0,32;0,18;1,13;0,2;29,36;29,36;2,35;1,82
7;StudentAttendanceSystem;state;2346;22;41;8;42;100;0,2;0,23;0;0,04;30,36;30,36;0,54;0,47
7;StudentAttendanceSystem;transition;2346;22;41;14;40;100;0,22;0,44;0;0,11;30,36;30,36;0,85;0,76
7;StudentAttendanceSystem;pair;2346;22;41;42;226;100;0,23;0,12;0,83;0,18;31,36;32,36;1,73;1,36
7;StudentAttendanceSystem;state;2347;24;47;10;53;100;0,21;0,27;0;0,05;32,36;32,36;0,6;0,53
7;StudentAttendanceSystem;transition;2347;24;47;16;47;100;0,21;0,52;0;0,11;33,36;33,36;0,94;0,84
7;StudentAttendanceSystem;pair;2347;24;47;48;270;100;0,25;0,15;1,05;0,23;34,36;35,36;2,17;1,67
7;StudentAttendanceSystem;state;2348;22;38;8;43;100;0,2;0,21;0;0,04;35,36;35,36;0,51;0,44
7;StudentAttendanceSystem;transition;2348;22;38;13;37;100;0,19;0,44;0;0,08;36,36;36,36;0,8;0,71
7;StudentAttendanceSystem;pair;2348;22;38;35;183;100;0,21;0,1;0,7;0,22;37,36;37,36;1,7;1,23
7;StudentAttendanceSystem;state;2349;24;44;9;48;100;0,23;0,25;0;0,04;38,36;38,36;0,6;0,52
7;StudentAttendanceSystem;transition;2349;24;44;16;43;100;0,23;0,54;0;0,11;38,36;39,36;1;0,89
7;StudentAttendanceSystem;pair;2349;24;44;39;215;100;0,25;0,13;0,83;0,18;40,36;40,36;1,81;1,39
7;StudentAttendanceSystem;state;2350;25;49;11;58;100;0,27;0,33;0;0,1;40,36;41,36;0,8;0,69
7;StudentAttendanceSystem;transition;2350;25;49;18;49;100;0,23;0,58;0;0,1;41,36;41,36;1,04;0,9
7;StudentAttendanceSystem;pair;2350;25;49;43;235;100;0,24;0,19;1,09;0,26;43,36;43,36;2,24;1,78
7;StudentAttendanceSystem;state;2351;21;37;8;41;100;0,21;0,24;0;0,05;43,36;43,36;0,57;0,49
7;StudentAttendanceSystem;transition;2351;21;37;14;36;100;0,24;0,43;0;0,1;44,36;44,36;0,88;0,77
7;StudentAttendanceSystem;pair;2351;21;37;31;163;100;0,22;0,11;0,68;0,13;45,36;45,36;1,48;1,14
7;StudentAttendanceSystem;state;2352;23;41;9;49;100;0,23;0,29;0;0,05;46,36;46,36;0,67;0,58
7;StudentAttendanceSystem;transition;2352;23;41;14;40;100;0,2;0,5;0;0,09;46,36;46,36;0,88;0,78
7;StudentAttendanceSystem;pair;2352;23;41;33;187;100;0,24;0,11;0,92;0,2;47,36;48,36;1,93;1,47
7;StudentAttendanceSystem;state;2353;22;38;8;43;100;0,34;0,36;0;0,07;48,36;48,36;0,87;0,77
7;StudentAttendanceSystem;transition;2353;22;38;13;37;100;0,31;0,7;0;0,12;49,36;49,36;1,25;1,14
7;StudentAttendanceSystem;pair;2353;22;38;34;178;100;0,25;0,15;0,66;0,14;50,36;50,36;1,64;1,2
7;StudentAttendanceSystem;state;2354;30;60;13;70;100;0,3;0,32;0;0,07;51,36;51,36;0,76;0,69
7;StudentAttendanceSystem;transition;2354;30;60;22;59;100;0,29;0,72;0;0,19;52,36;52,36;1,35;1,2
7;StudentAttendanceSystem;pair;2354;30;60;54;302;100;0,24;0,19;1,35;0,33;53,36;54,36;2,73;2,12
7;StudentAttendanceSystem;state;2355;30;59;13;70;100;0,26;0,34;0;0,09;54,36;54,36;0,79;0,7
7;StudentAttendanceSystem;transition;2355;30;59;21;58;100;0,25;0,7;0;0,13;55,36;55,36;1,2;1,08
7;StudentAttendanceSystem;pair;2355;30;59;51;291;100;0,3;0,18;1,38;0,27;57,36;57,36;2,69;2,14
7;StudentAttendanceSystem;state;2356;24;44;9;48;100;0,26;0,27;0;0,05;58,36;58,36;0,65;0,57
7;StudentAttendanceSystem;transition;2356;24;44;15;43;100;0,22;0,53;0;0,09;58,36;58,36;0,96;0,84
7;StudentAttendanceSystem;pair;2356;24;44;42;230;100;0,25;0,18;0,99;0,25;60,36;60,36;2,22;1,67
7;StudentAttendanceSystem;state;2357;29;57;12;67;100;0,31;0,35;0;0,08;60,36;61,36;0,83;0,74
7;StudentAttendanceSystem;transition;2357;29;57;19;56;100;0,26;0,77;0;0,12;61,36;61,36;1,3;1,15
7;StudentAttendanceSystem;pair;2357;29;57;55;311;100;0,32;0,19;1,47;0,45;63,36;63,36;3,06;2,43
7;StudentAttendanceSystem;state;2358;27;51;11;61;100;0,34;0,27;0;0,06;64,36;64,36;0,75;0,67
7;StudentAttendanceSystem;transition;2358;27;51;18;50;100;0,26;0,69;0;0,11;65,36;65,36;1,19;1,07
7;StudentAttendanceSystem;pair;2358;27;51;44;244;100;0,24;0,16;1,01;0,23;66,36;66,36;2,06;1,63
7;StudentAttendanceSystem;state;2359;20;35;8;41;100;0,24;0,22;0;0,04;67,36;67,36;0,59;0,51
7;StudentAttendanceSystem;transition;2359;20;35;12;35;100;0,26;0,6;0;0,14;67,36;68,36;1,16;1
7;StudentAttendanceSystem;pair;2359;20;35;35;176;100;0,27;0,15;0,94;0,26;68,36;69,36;2,24;1,63
7;StudentAttendanceSystem;state;2360;26;48;11;58;100;0,35;0,4;0;0,08;69,36;69,36;0,94;0,84
7;StudentAttendanceSystem;transition;2360;26;48;18;47;100;0,31;0,82;0;0,2;70,36;70,36;1,5;1,33
7;StudentAttendanceSystem;pair;2360;26;48;39;203;100;0,34;0,19;1,2;0,32;71,36;72,36;2,71;2,05
7;StudentAttendanceSystem;state;2361;24;44;9;48;100;0,32;0,4;0;0,08;72,36;72,36;0,91;0,8
7;StudentAttendanceSystem;transition;2361;24;44;15;43;100;0,31;0,59;0;0,1;73,36;73,36;1,11;0,99
7;StudentAttendanceSystem;pair;2361;24;44;42;230;100;0,36;0,13;1,01;0,24;74,36;74,36;2,2;1,74
7;StudentAttendanceSystem;state;2362;23;40;9;47;100;0,22;0,3;0;0,06;75,36;75,36;0,66;0,57
7;StudentAttendanceSystem;transition;2362;23;40;14;39;100;0,26;0,63;0;0,13;75,36;76,36;1,17;1,01
7;StudentAttendanceSystem;pair;2362;23;40;37;195;100;0,31;0,2;0,99;0,16;77,36;77,36;2,2;1,66
7;StudentAttendanceSystem;state;2363;24;45;9;48;100;0,27;0,27;0;0,05;77,36;77,36;0,67;0,59
7;StudentAttendanceSystem;transition;2363;24;45;17;44;100;0,24;0,69;0;0,11;78,36;78,36;1,15;1,04
7;StudentAttendanceSystem;pair;2363;24;45;41;221;100;0,21;0,13;0,93;0,2;79,36;80,36;1,92;1,47
7;StudentAttendanceSystem;state;2364;20;36;8;41;100;0,27;0,27;0;0,05;80,36;80,36;0,68;0,59
7;StudentAttendanceSystem;transition;2364;20;36;13;36;100;0,29;0,47;0;0,07;81,36;81,36;0,94;0,84
7;StudentAttendanceSystem;pair;2364;20;36;37;187;100;0,19;0,14;0,67;0,18;82,36;82,36;1,66;1,18
7;StudentAttendanceSystem;state;2365;24;47;10;51;100;0,25;0,3;0;0,06;82,36;83,36;0,69;0,61
7;StudentAttendanceSystem;transition;2365;24;47;17;47;100;0,2;0,53;0;0,09;83,36;83,36;0,93;0,82
7;StudentAttendanceSystem;pair;2365;24;47;40;228;100;0,23;0,16;0,94;0,28;84,36;85,36;2,22;1,61
7;StudentAttendanceSystem;state;2366;26;49;10;56;100;0,27;0,28;0;0,08;85,36;85,36;0,72;0,63
7;StudentAttendanceSystem;transition;2366;26;49;17;48;100;0,31;0,78;0;0,14;86,36;86,36;1,36;1,23
7;StudentAttendanceSystem;pair;2366;26;49;42;232;100;0,29;0,2;1,18;0,28;87,36;88,36;2,55;1,94
7;StudentAttendanceSystem;state;2367;23;39;9;47;100;0,3;0,3;0;0,06;88,36;88,36;0,76;0,66
7;StudentAttendanceSystem;transition;2367;23;39;13;38;100;0,23;0,62;0;0,1;89,36;89,36;1,07;0,96
7;StudentAttendanceSystem;pair;2367;23;39;34;180;100;0,25;0,14;0,88;0,19;90,36;90,36;1,95;1,46
7;StudentAttendanceSystem;state;2368;22;40;9;49;100;0,26;0,31;0;0,07;91,36;91,36;0,75;0,64
7;StudentAttendanceSystem;transition;2368;22;40;13;39;100;0,26;0,57;0;0,11;91,36;91,36;1,05;0,93
7;StudentAttendanceSystem;pair;2368;22;40;38;200;100;0,26;0,15;1;0,24;92,36;93,36;2,16;1,65
7;StudentAttendanceSystem;state;2369;23;43;10;52;100;0,27;0,34;0;0,07;93,36;93,36;0,77;0,68
7;StudentAttendanceSystem;transition;2369;23;43;15;43;100;0,25;0,62;0;0,11;94,36;94,36;1,09;0,98
7;StudentAttendanceSystem;pair;2369;23;43;39;203;100;0,26;0,16;1,01;0,22;95,36;95,36;2,15;1,65
7;StudentAttendanceSystem;state;2370;21;37;9;44;100;0,25;0,27;0;0,05;96,36;96,36;0,68;0,58
7;StudentAttendanceSystem;transition;2370;21;37;13;37;100;0,22;0,55;0;0,09;96,36;96,36;0,98;0,87
7;StudentAttendanceSystem;pair;2370;21;37;32;167;100;0,3;0,13;0,96;0,2;97,36;98,36;2,13;1,59
7;StudentAttendanceSystem;state;2371;21;39;9;46;100;0,26;0,32;0;0,06;98,36;98,36;0,75;0,65
7;StudentAttendanceSystem;transition;2371;21;39;14;39;100;0,24;0,61;0;0,1;99,36;99,36;1,07;0,95
7;StudentAttendanceSystem;pair;2371;21;39;31;172;100;0,24;0,2;0,84;0,2;100,36;100,36;1,93;1,47
7;StudentAttendanceSystem;state;2372;23;45;9;48;100;0,31;0,35;0;0,08;100,36;101,36;0,84;0,73
7;StudentAttendanceSystem;transition;2372;23;45;16;44;100;0,27;0,7;0;0,13;101,36;101,36;1,21;1,09
7;StudentAttendanceSystem;pair;2372;23;45;43;241;100;0,27;0,18;1,2;0,28;102,36;103,36;2,52;1,93
7;StudentAttendanceSystem;state;2373;23;42;8;43;100;0,3;0,31;0;0,06;103,36;103,36;0,76;0,67
7;StudentAttendanceSystem;transition;2373;23;42;15;41;100;0,26;0,65;0;0,13;104,36;104,36;1,15;1,04
7;StudentAttendanceSystem;pair;2373;23;42;35;196;100;0,26;0,16;1,02;0,24;105,36;105,36;2,17;1,68
7;StudentAttendanceSystem;state;2374;23;45;9;48;100;0,29;0,31;0;0,06;106,36;106,36;0,74;0,66
7;StudentAttendanceSystem;transition;2374;23;45;15;45;100;0,26;0,64;0;0,12;107,36;107,36;1,13;1,02
7;StudentAttendanceSystem;pair;2374;23;45;45;257;100;0,29;0,17;1,25;0,29;108,36;108,36;2,54;2
7;StudentAttendanceSystem;state;2375;23;42;8;43;100;0,26;0,31;0;0,06;109,36;109,36;0,71;0,63
7;StudentAttendanceSystem;transition;2375;23;42;15;41;100;0,25;0,66;0;0,11;109,36;109,36;1,14;1,02
7;StudentAttendanceSystem;pair;2375;23;42;36;198;100;0,26;0,15;0,93;0,25;111,36;111,36;2,08;1,59
7;StudentAttendanceSystem;state;2376;22;41;9;49;100;0,25;0,32;0;0,06;111,36;111,36;0,71;0,63
7;StudentAttendanceSystem;transition;2376;22;41;14;41;100;0,24;0,6;0;0,11;112,36;112,36;1,06;0,95
7;StudentAttendanceSystem;pair;2376;22;41;40;208;100;0,25;0,16;0,95;0,23;113,36;113,36;2,04;1,58
7;StudentAttendanceSystem;state;2377;24;46;9;48;100;0,29;0,31;0;0,06;114,36;114,36;0,75;0,66
7;StudentAttendanceSystem;transition;2377;24;46;15;45;100;0,28;0,66;0;0,15;115,36;115,36;1,2;1,09
7;StudentAttendanceSystem;pair;2377;24;46;46;262;100;0,28;0,18;1,43;0,29;116,36;116,36;2,72;2,18
7;StudentAttendanceSystem;state;2378;21;38;8;42;100;0,29;0,28;0;0,05;117,36;117,36;0,73;0,62
7;StudentAttendanceSystem;transition;2378;21;38;13;38;100;0,26;0,53;0;0,11;117,36;117,36;1,02;0,9
7;StudentAttendanceSystem;pair;2378;21;38;31;173;100;0,25;0,13;0,8;0,22;118,36;119,36;1,87;1,4
7;StudentAttendanceSystem;state;2379;27;54;12;66;100;0,33;0,38;0;0,08;119,36;119,36;0,88;0,79
7;StudentAttendanceSystem;transition;2379;27;54;18;54;100;0,33;0,78;0;0,15;120,36;120,36;1,41;1,25
7;StudentAttendanceSystem;pair;2379;27;54;54;304;100;0,33;0,23;1,69;0,34;122,36;122,36;3,27;2,59
7;StudentAttendanceSystem;state;2380;26;52;11;61;100;0,3;0,38;0;0,08;123,36;123,36;0,9;0,76
7;StudentAttendanceSystem;transition;2380;26;52;17;52;100;0,3;0,72;0;0,13;123,36;123,36;1,27;1,15
7;StudentAttendanceSystem;pair;2380;26;52;51;287;100;0,3;0,22;1,54;0,33;125,36;125,36;3;2,4
7;StudentAttendanceSystem;state;2381;30;59;13;72;100;0,33;0,42;0;0,1;126,36;126,36;0,94;0,85
7;StudentAttendanceSystem;transition;2381;30;59;20;58;100;0,32;0,93;0;0,17;127,36;127,36;1,56;1,43
7;StudentAttendanceSystem;pair;2381;30;59;58;328;100;0,32;0,25;1,84;0,41;128,36;129,36;3,49;2,82
7;StudentAttendanceSystem;state;2382;23;45;9;48;100;0,31;0,31;0;0,06;129,36;129,36;0,77;0,68
7;StudentAttendanceSystem;transition;2382;23;45;16;45;100;0,27;0,67;0;0,12;130,36;130,36;1,17;1,06
7;StudentAttendanceSystem;pair;2382;23;45;42;238;100;0,26;0,17;1,13;0,28;131,36;132,36;2,38;1,83
7;StudentAttendanceSystem;state;2383;25;50;10;56;100;0,29;0,35;0;0,07;132,36;132,36;0,8;0,71
7;StudentAttendanceSystem;transition;2383;25;50;17;50;100;0,27;0,75;0;0,14;133,36;133,36;1,27;1,15
7;StudentAttendanceSystem;pair;2383;25;50;45;255;100;0,28;0,22;1,35;0,3;134,36;135,36;2,7;2,14
7;StudentAttendanceSystem;state;2384;20;35;8;40;100;0,23;0,28;0;0,05;135,36;135,36;0,65;0,56
7;StudentAttendanceSystem;transition;2384;20;35;12;35;100;0,21;0,48;0;0,08;136,36;136,36;0,86;0,77
7;StudentAttendanceSystem;pair;2384;20;35;30;157;100;0,21;0,12;0,67;0,21;137,36;137,36;1,61;1,21
7;StudentAttendanceSystem;state;2385;21;35;8;43;100;0,23;0,29;0;0,08;137,36;137,36;0,69;0,6
7;StudentAttendanceSystem;transition;2385;21;35;12;34;100;0,22;0,51;0;0,12;138,36;138,36;0,95;0,85
7;StudentAttendanceSystem;pair;2385;21;35;25;134;100;0,26;0,11;0,67;0,15;139,36;139,36;1,59;1,19
7;StudentAttendanceSystem;state;2386;20;34;8;41;100;0,23;0,29;0;0,05;139,36;139,36;0,7;0,57
7;StudentAttendanceSystem;transition;2386;20;34;11;34;100;0,23;0,47;0;0,08;140,36;140,36;0,87;0,77
7;StudentAttendanceSystem;pair;2386;20;34;31;161;100;0,23;0,11;0,72;0,2;141,36;141,36;1,68;1,27
7;StudentAttendanceSystem;state;2387;25;45;10;55;100;0,27;0,37;0;0,07;142,36;142,36;0,8;0,71
7;StudentAttendanceSystem;transition;2387;25;45;16;44;100;0,25;0,66;0;0,15;142,36;142,36;1,17;1,06
7;StudentAttendanceSystem;pair;2387;25;45;39;202;100;0,28;0,16;0,96;0,22;144,36;144,36;2,1;1,61
7;StudentAttendanceSystem;state;2388;19;37;8;39;100;0,23;0,26;0;0,05;144,36;144,36;0,63;0,54
7;StudentAttendanceSystem;transition;2388;19;37;14;37;100;0,24;0,52;0;0,12;145,36;145,36;1;0,89
7;StudentAttendanceSystem;pair;2388;19;37;33;175;100;0,23;0,13;0,86;0,22;146,36;146,36;1,88;1,44
7;StudentAttendanceSystem;state;2389;26;50;10;54;100;0,3;0,38;0;0,08;147,36;147,36;0,85;0,75
7;StudentAttendanceSystem;transition;2389;26;50;18;49;100;0,27;0,77;0;0,15;147,36;148,36;1,33;1,18
7;StudentAttendanceSystem;pair;2389;26;50;45;257;100;0,28;0,2;1,4;0,34;149,36;149,36;2,79;2,22
7;StudentAttendanceSystem;state;2390;28;55;12;62;100;0,35;0,38;0;0,08;150,36;150,36;0,91;0,81
7;StudentAttendanceSystem;transition;2390;28;55;20;54;100;0,36;0,85;0;0,16;151,36;151,36;1,5;1,36
7;StudentAttendanceSystem;pair;2390;28;55;54;300;100;0,34;0,22;1,68;0,35;152,36;153,36;3,23;2,6
7;StudentAttendanceSystem;state;2391;19;32;7;37;100;0,24;0,25;0;0,05;153,36;153,36;0,61;0,53
7;StudentAttendanceSystem;transition;2391;19;32;10;32;100;0,2;0,45;0;0,07;154,36;154,36;0,81;0,72
7;StudentAttendanceSystem;pair;2391;19;32;28;148;100;0,21;0,11;0,65;0,15;155,36;155,36;1,5;1,12
7;StudentAttendanceSystem;state;2392;25;45;10;53;100;0,3;0,34;0;0,07;155,36;155,36;0,8;0,71
7;StudentAttendanceSystem;transition;2392;25;45;15;44;100;0,26;0,69;0;0,12;156,36;156,36;1,18;1,06
7;StudentAttendanceSystem;pair;2392;25;45;42;232;100;0,25;0,18;1,16;0,31;157,36;158,36;2,47;1,9
7;StudentAttendanceSystem;state;2393;22;37;8;42;100;0,35;0,27;0;0,05;158,36;158,36;0,76;0,67
7;StudentAttendanceSystem;transition;2393;22;37;13;36;100;0,22;0,56;0;0,1;159,36;159,36;0,99;0,88
7;StudentAttendanceSystem;pair;2393;22;37;30;157;100;0,25;0,12;0,71;0,17;160,36;160,36;1,71;1,26
7;StudentAttendanceSystem;state;2394;28;54;12;64;100;0,31;0,38;0;0,12;160,36;160,36;0,91;0,82
7;StudentAttendanceSystem;transition;2394;28;54;20;53;100;0,3;0,87;0;0,16;161,36;161,36;1,45;1,32
7;StudentAttendanceSystem;pair;2394;28;54;47;255;100;0,31;0,22;1,4;0,31;163,36;163,36;2,85;2,24
7;StudentAttendanceSystem;state;2395;27;56;12;64;100;0,3;0,4;0;0,08;164,36;164,36;0,9;0,79
7;StudentAttendanceSystem;transition;2395;27;56;20;56;100;0,31;0,8;0;0,17;164,36;165,36;1,41;1,28
7;StudentAttendanceSystem;pair;2395;27;56;56;312;100;0,3;0,24;1,72;0,36;166,36;167,36;3,25;2,61
7;StudentAttendanceSystem;state;2396;22;39;8;43;100;0,24;0,27;0;0,05;167,36;167,36;0,66;0,56
7;StudentAttendanceSystem;transition;2396;22;39;14;38;100;0,22;0,6;0;0,11;168,36;168,36;1,04;0,93
7;StudentAttendanceSystem;pair;2396;22;39;37;195;100;0,23;0,13;1,01;0,21;169,36;169,36;2,04;1,58
7;StudentAttendanceSystem;state;2397;25;45;10;55;100;0,27;0,32;0;0,08;169,36;170,36;0,75;0,66
7;StudentAttendanceSystem;transition;2397;25;45;15;44;100;0,28;0,67;0;0,12;170,36;170,36;1,19;1,07
7;StudentAttendanceSystem;pair;2397;25;45;40;216;100;0,29;0,15;1;0,24;171,36;172,36;2,2;1,69
7;StudentAttendanceSystem;state;2398;22;42;9;45;100;0,28;0,29;0;0,06;172,36;172,36;0,72;0,64
7;StudentAttendanceSystem;transition;2398;22;42;16;42;100;0,24;0,62;0;0,11;173,36;173,36;1,08;0,97
7;StudentAttendanceSystem;pair;2398;22;42;37;197;100;0,25;0,17;0,96;0,21;174,36;174,36;2,06;1,59
7;StudentAttendanceSystem;state;2399;29;58;12;67;100;0,34;0,45;0;0,1;175,36;175,36;1;0,89
7;StudentAttendanceSystem;transition;2399;29;58;21;57;100;0,32;0,88;0;0,17;176,36;176,36;1,51;1,37
7;StudentAttendanceSystem;pair;2399;29;58;55;307;100;0,31;0,28;1,75;0,36;177,36;178,36;3,35;2,71
7;StudentAttendanceSystem;state;2400;26;52;11;61;100;0,33;0,33;0;0,12;178,36;178,36;0,95;0,79
7;StudentAttendanceSystem;transition;2400;26;52;17;52;100;0,32;0,76;0;0,11;179,36;179,36;1,33;1,19
7;StudentAttendanceSystem;pair;2400;26;52;51;291;100;0,27;0,2;1,41;0,32;181,36;181,36;2,82;2,2
7;StudentAttendanceSystem;state;2401;24;45;9;48;100;0,22;0,24;0;0,05;182,36;182,36;0,59;0,51
7;StudentAttendanceSystem;transition;2401;24;45;16;44;100;0,2;0,6;0;0,1;182,36;182,36;1;0,89
7;StudentAttendanceSystem;pair;2401;24;45;45;245;100;0,24;0,13;1;0,3;184,36;184,36;2,21;1,67
7;StudentAttendanceSystem;state;2402;24;45;9;48;100;0,34;0,38;0;0,08;184,36;184,36;0,91;0,8
7;StudentAttendanceSystem;transition;2402;24;45;17;44;100;0,33;0,85;0;0,15;185,36;185,36;1,47;1,33
7;StudentAttendanceSystem;pair;2402;24;45;41;221;100;0,29;0,17;1,39;0,31;186,36;7,25;5,8;2,17
7;StudentAttendanceSystem;state;2403;21;38;8;42;100;0,21;0,21;0;0,04;7,25;7,25;0,54;0,46
7;StudentAttendanceSystem;transition;2403;21;38;13;38;100;0,2;0,42;0;0,07;8,25;8,25;0,77;0,69
7;StudentAttendanceSystem;pair;2403;21;38;32;176;100;0,22;0,1;0,7;0,29;9,25;9,25;1,7;1,32
7;StudentAttendanceSystem;state;2404;26;51;10;54;100;0,37;0,48;0;0,09;10,25;10,25;1,06;0,94
7;StudentAttendanceSystem;transition;2404;26;51;19;50;100;0,39;0,82;0;0,16;10,25;10,25;1,54;1,37
7;StudentAttendanceSystem;pair;2404;26;51;49;273;100;0,34;0,18;1,28;0,31;12,25;12,25;2,71;2,11
7;StudentAttendanceSystem;state;2405;21;39;8;43;100;0,21;0,39;0;0,07;13,25;13,25;0,77;0,67
7;StudentAttendanceSystem;transition;2405;21;39;13;39;100;0,24;0,67;0;0,11;13,25;13,25;1,17;1,01
7;StudentAttendanceSystem;pair;2405;21;39;38;206;100;0,26;0,11;0,93;0,2;14,25;15,25;1,98;1,51
7;StudentAttendanceSystem;state;2406;22;38;8;43;100;0,21;0,26;0;0,07;15,25;15,25;0,63;0,54
7;StudentAttendanceSystem;transition;2406;22;38;13;37;100;0,28;0,62;0;0,1;16,25;16,25;1,12;1,01
7;StudentAttendanceSystem;pair;2406;22;38;34;182;100;0,28;0,16;1,07;0,27;17,25;17,25;2,38;1,77
7;StudentAttendanceSystem;state;2407;26;52;11;61;100;0,27;0,33;0;0,07;18,25;18,25;0,76;0,67
7;StudentAttendanceSystem;transition;2407;26;52;18;52;100;0,3;0,69;0;0,17;18,25;19,25;1,32;1,16
7;StudentAttendanceSystem;pair;2407;26;52;48;272;100;0,32;0,22;1,68;0,32;20,25;20,25;3,27;2,55
7;StudentAttendanceSystem;state;2408;29;58;12;67;100;0,48;0,33;0;0,07;21,25;21,25;0,99;0,88
7;StudentAttendanceSystem;transition;2408;29;58;21;57;100;0,29;0,74;0;0,15;22,25;22,25;1,3;1,18
7;StudentAttendanceSystem;pair;2408;29;58;55;307;100;0,26;0,24;2,02;0,48;23,25;24,25;3,72;2,99
7;StudentAttendanceSystem;state;2409;24;45;10;55;100;0,41;0,46;0;0,11;24,25;24,25;1,11;0,98
7;StudentAttendanceSystem;transition;2409;24;45;15;45;100;0,42;0,82;0;0,16;25,25;25,25;1,56;1,41
7;StudentAttendanceSystem;pair;2409;24;45;37;205;100;0,34;0,2;1,16;0,31;26,25;26,25;2,66;2,02
7;StudentAttendanceSystem;state;2410;23;43;9;50;100;0,33;0,38;0;0,08;27,25;27,25;0,89;0,78
7;StudentAttendanceSystem;transition;2410;23;43;14;43;100;0,29;0,74;0;0,14;28,25;28,25;1,31;1,17
7;StudentAttendanceSystem;pair;2410;23;43;35;197;100;0,32;0,18;1,09;0,25;29,25;29,25;2,43;1,84
7;StudentAttendanceSystem;state;2411;27;52;11;61;100;0,43;0,48;0;0,11;30,25;30,25;1,15;1,03
7;StudentAttendanceSystem;transition;2411;27;52;19;51;100;0,39;0,97;0;0,19;30,25;30,25;1,7;1,55
7;StudentAttendanceSystem;pair;2411;27;52;47;257;100;0,33;0,27;1,61;0,36;32,25;32,25;3,24;2,58
7;StudentAttendanceSystem;state;2412;24;43;9;49;100;0,32;0,35;0;0,08;33,25;33,25;0,87;0,75
7;StudentAttendanceSystem;transition;2412;24;43;14;42;100;0,39;0,8;0;0,36;33,25;33,25;1,72;1,54
7;StudentAttendanceSystem;pair;2412;24;43;38;213;100;0,33;0,18;1,18;0,27;34,25;35,25;2,57;1,96
7;StudentAttendanceSystem;state;2413;26;50;10;54;100;0,33;0,44;0;0,09;35,25;35,25;0,96;0,86
7;StudentAttendanceSystem;transition;2413;26;50;17;49;100;0,41;0,87;0;0,19;36,25;36,25;1,6;1,46
7;StudentAttendanceSystem;pair;2413;26;50;49;277;100;0,32;0,23;1,84;0,38;38,25;38,25;3,49;2,76
7;StudentAttendanceSystem;state;2414;19;36;7;36;100;0,3;0,35;0;0,05;38,25;38,25;0,82;0,71
7;StudentAttendanceSystem;transition;2414;19;36;12;36;100;0,27;0,67;0;0,11;39,25;39,25;1,19;1,05
7;StudentAttendanceSystem;pair;2414;19;36;38;202;100;0,27;0,15;1;0,21;40,25;40,25;2,08;1,63
7;StudentAttendanceSystem;state;2415;24;45;10;55;100;0,33;0,42;0;0,13;41,25;41,25;1,05;0,89
7;StudentAttendanceSystem;transition;2415;24;45;14;45;100;0,38;0,81;0;0,13;41,25;42,25;1,51;1,33
7;StudentAttendanceSystem;pair;2415;24;45;41;229;100;0,32;0,22;1,24;0,29;43,25;43,25;2,66;2,06
7;StudentAttendanceSystem;state;2416;22;40;9;47;100;0,27;0,31;0;0,06;44,25;44,25;0,75;0,64
7;StudentAttendanceSystem;transition;2416;22;40;13;40;100;0,25;0,55;0;0,07;44,25;44,25;0,97;0,87
7;StudentAttendanceSystem;pair;2416;22;40;38;208;100;0,21;0,13;0,85;0,17;45,25;46,25;1,8;1,37
7;StudentAttendanceSystem;state;2417;22;41;8;42;100;0,19;0,22;0;0,04;46,25;46,25;0,51;0,45
7;StudentAttendanceSystem;transition;2417;22;41;14;40;100;0,25;0,45;0;0,1;47,25;47,25;0,92;0,8
7;StudentAttendanceSystem;pair;2417;22;41;42;226;100;0,23;0,14;0,97;0,19;48,25;48,25;1,94;1,53
7;StudentAttendanceSystem;state;2418;20;37;8;41;100;0,23;0,25;0;0,04;49,25;49,25;0,6;0,52
7;StudentAttendanceSystem;transition;2418;20;37;13;37;100;0,22;0,6;0;0,07;49,25;49,25;1;0,9
7;StudentAttendanceSystem;pair;2418;20;37;31;171;100;0,2;0,1;0,71;0,17;50,25;51,25;1,61;1,18
7;StudentAttendanceSystem;state;2419;20;32;7;37;100;0,22;0,31;0;0,05;51,25;51,25;0,67;0,58
7;StudentAttendanceSystem;transition;2419;20;32;11;31;100;0,23;0,58;0;0,14;52,25;52,25;1,06;0,95
7;StudentAttendanceSystem;pair;2419;20;32;27;133;100;0,24;0,13;0,44;0,12;52,25;53,25;1,35;0,93
7;StudentAttendanceSystem;state;2420;26;51;11;61;100;0,27;0,27;0;0,09;53,25;53,25;0,69;0,62
7;StudentAttendanceSystem;transition;2420;26;51;16;51;100;0,21;0,71;0;0,1;54,25;54,25;1,13;1,03
7;StudentAttendanceSystem;pair;2420;26;51;48;276;100;0,24;0,26;1,57;0,34;55,25;56,25;2,97;2,41
7;StudentAttendanceSystem;state;2421;31;63;14;75;100;0,26;0,35;0;0,07;56,25;56,25;0,75;0,67
7;StudentAttendanceSystem;transition;2421;31;63;23;62;100;0,26;1,02;0;0,24;57,25;57,25;1,67;1,52
7;StudentAttendanceSystem;pair;2421;31;63;63;349;100;0,43;0,21;1,84;0,41;59,25;60,25;3,63;2,9
7;StudentAttendanceSystem;state;2422;27;54;12;66;100;0,28;0,29;0;0,08;60,25;60,25;0,73;0,65
7;StudentAttendanceSystem;transition;2422;27;54;18;54;100;0,32;0,73;0;0,11;61,25;61,25;1,28;1,17
7;StudentAttendanceSystem;pair;2422;27;54;54;300;100;0,25;0,19;1,65;0,25;62,25;63,25;2,92;2,34
7;StudentAttendanceSystem;state;2423;27;51;11;61;100;0,34;0,45;0;0,1;63,25;63,25;1;0,89
7;StudentAttendanceSystem;transition;2423;27;51;18;50;100;0,26;0,83;0;0,14;64,25;64,25;1,37;1,23
7;StudentAttendanceSystem;pair;2423;27;51;45;245;100;0,29;0,25;1,08;0,36;66,25;66,25;2,58;1,97
7;StudentAttendanceSystem;state;2424;27;51;11;61;100;0,37;0,45;0;0,12;66,25;67,25;1,05;0,94
7;StudentAttendanceSystem;transition;2424;27;51;17;50;100;0,35;0,97;0;0,18;67,25;67,25;1,65;1,5
7;StudentAttendanceSystem;pair;2424;27;51;48;268;100;0,37;0,26;1,4;0,26;69,25;69,25;2,83;2,29
7;StudentAttendanceSystem;state;2425;26;51;10;54;100;0,31;0,41;0;0,1;70,25;70,25;0,93;0,82
7;StudentAttendanceSystem;transition;2425;26;51;19;50;100;0,35;0,95;0;0,12;70,25;71,25;1,55;1,42
7;StudentAttendanceSystem;pair;2425;26;51;49;273;100;0,23;0,23;1,17;0,24;72,25;72,25;2,44;1,86
7;StudentAttendanceSystem;state;2426;25;51;10;56;100;0,26;0,36;0;0,06;73,25;73,25;0,77;0,68
7;StudentAttendanceSystem;transition;2426;25;51;18;51;100;0,21;0,57;0;0,1;74,25;74,25;0,97;0,89
7;StudentAttendanceSystem;pair;2426;25;51;48;270;100;0,24;0,16;1,13;0,36;75,25;75,25;2,36;1,89
7;StudentAttendanceSystem;state;2427;24;46;10;55;100;0,27;0,3;0;0,06;76,25;76,25;0,72;0,63
7;StudentAttendanceSystem;transition;2427;24;46;16;46;100;0,23;0,77;0;0,15;77,25;77,25;1,29;1,14
7;StudentAttendanceSystem;pair;2427;24;46;41;225;100;0,31;0,17;0,97;0,2;78,25;78,25;2,09;1,65
7;StudentAttendanceSystem;state;2428;24;47;10;51;100;0,21;0,27;0;0,07;79,25;79,25;0,63;0,56
7;StudentAttendanceSystem;transition;2428;24;47;16;47;100;0,24;0,49;0;0,12;79,25;79,25;0,95;0,85
7;StudentAttendanceSystem;pair;2428;24;47;44;251;100;0,26;0,22;0,97;0,23;81,25;81,25;2,2;1,68
7;StudentAttendanceSystem;state;2429;28;58;13;69;100;0,24;0,33;0;0,08;82,25;82,25;0,73;0,66
7;StudentAttendanceSystem;transition;2429;28;58;21;58;100;0,31;0,75;0;0,16;82,25;83,25;1,33;1,21
7;StudentAttendanceSystem;pair;2429;28;58;59;325;100;0,26;0,19;1,92;0,49;84,25;85,25;3,51;2,86
7;StudentAttendanceSystem;state;2430;24;46;10;53;100;0,22;0,28;0;0,08;85,25;85,25;0,68;0,58
7;StudentAttendanceSystem;transition;2430;24;46;16;46;100;0,22;0,5;0;0,13;86,25;86,25;0,95;0,85
7;StudentAttendanceSystem;pair;2430;24;46;37;207;100;0,21;0,13;0,91;0,25;87,25;87,25;1,95;1,5
7;StudentAttendanceSystem;state;2431;21;39;8;42;100;0,23;0,21;0;0,04;88,25;88,25;0,55;0,48
7;StudentAttendanceSystem;transition;2431;21;39;14;38;100;0,18;0,53;0;0,17;88,25;89,25;1,01;0,88
7;StudentAttendanceSystem;pair;2431;21;39;35;189;100;0,31;0,17;1,1;0,24;89,25;90,25;2,58;1,81
7;StudentAttendanceSystem;state;2432;20;36;8;41;100;0,27;0,29;0;0,06;90,25;90,25;0,7;0,62
7;StudentAttendanceSystem;transition;2432;20;36;13;36;100;0,24;0,58;0;0,1;91,25;91,25;1,03;0,92
7;StudentAttendanceSystem;pair;2432;20;36;36;182;100;0,27;0,14;0,95;0,22;92,25;92,25;2,06;1,57
7;StudentAttendanceSystem;state;2433;24;48;10;51;100;0,33;0,41;0;0,09;93,25;93,25;0,95;0,83
7;StudentAttendanceSystem;transition;2433;24;48;18;48;100;0,34;0,85;0;0,15;93,25;93,25;1,48;1,34
7;StudentAttendanceSystem;pair;2433;24;48;44;244;100;0,32;0,21;1,34;0,39;95,25;95,25;2,85;2,25
7;StudentAttendanceSystem;state;2434;28;56;11;62;100;0,35;0,43;0;0,1;96,25;96,25;0,98;0,88
7;StudentAttendanceSystem;transition;2434;28;56;20;55;100;0,33;0,96;0;0,2;96,25;97,25;1,64;1,49
7;StudentAttendanceSystem;pair;2434;28;56;52;294;100;0,34;0,22;1,33;0,25;98,25;98,25;2,76;2,13
7;StudentAttendanceSystem;state;2435;25;48;9;49;100;0,25;0,31;0;0,07;99,25;99,25;0,73;0,63
7;StudentAttendanceSystem;transition;2435;25;48;17;47;100;0,36;0,91;0;0,17;100,25;100,25;1,62;1,44
7;StudentAttendanceSystem;pair;2435;25;48;41;238;100;0,33;0,15;1,3;0,35;101,25;101,25;2,79;2,13
7;StudentAttendanceSystem;state;2436;22;41;9;47;100;0,32;0,37;0;0,07;102,25;102,25;0,87;0,76
7;StudentAttendanceSystem;transition;2436;22;41;14;41;100;0,29;0,65;0;0,13;102,25;103,25;1,19;1,07
7;StudentAttendanceSystem;pair;2436;22;41;41;219;100;0,27;0,16;1,27;0,27;104,25;104,25;2,51;1,97
7;StudentAttendanceSystem;state;2437;22;42;9;45;100;0,37;0,36;0;0,07;104,25;104,25;0,91;0,81
7;StudentAttendanceSystem;transition;2437;22;42;16;42;100;0,29;0,69;0;0,13;105,25;105,25;1,25;1,11
7;StudentAttendanceSystem;pair;2437;22;42;37;201;100;0,29;0,18;1,14;0,25;106,25;107,25;2,46;1,86
7;StudentAttendanceSystem;state;2438;23;40;9;47;100;0,32;0,33;0;0,08;107,25;107,25;0,84;0,74
7;StudentAttendanceSystem;transition;2438;23;40;14;39;100;0,26;0,66;0;0,12;108,25;108,25;1,17;1,04
7;StudentAttendanceSystem;pair;2438;23;40;37;191;100;0,31;0,19;1,15;0,26;109,25;109,25;2,5;1,91
7;StudentAttendanceSystem;state;2439;27;51;11;61;100;0,35;0,42;0;0,1;110,25;110,25;0,97;0,87
7;StudentAttendanceSystem;transition;2439;27;51;17;50;100;0,31;0,92;0;0,18;110,25;110,25;1,58;1,42
7;StudentAttendanceSystem;pair;2439;27;51;48;268;100;0,39;0,23;1,68;0,37;112,25;112,25;3,34;2,67
7;StudentAttendanceSystem;state;2440;22;38;8;42;100;0,31;0,39;0;0,07;113,25;113,25;0,89;0,78
7;StudentAttendanceSystem;transition;2440;22;38;14;37;100;0,28;0,62;0;0,12;113,25;113,25;1,14;1,02
7;StudentAttendanceSystem;pair;2440;22;38;31;161;100;0,33;0,15;0,85;0,22;114,25;114,25;2,1;1,55
7;StudentAttendanceSystem;state;2441;24;47;10;55;100;0,3;0,41;0;0,1;115,25;115,25;0,93;0,81
7;StudentAttendanceSystem;transition;2441;24;47;16;47;100;0,33;0,8;0;0,14;116,25;116,25;1,4;1,27
7;StudentAttendanceSystem;pair;2441;24;47;47;255;100;0,34;0,22;1,43;0,31;117,25;117,25;2,95;2,3
7;StudentAttendanceSystem;state;2442;21;35;8;43;100;0,31;0,3;0;0,06;118,25;118,25;0,77;0,67
7;StudentAttendanceSystem;transition;2442;21;35;12;34;100;0,26;0,59;0;0,13;118,25;119,25;1,12;0,99
7;StudentAttendanceSystem;pair;2442;21;35;26;140;100;0,27;0,13;0,72;0,24;119,25;120,25;1,82;1,35
7;StudentAttendanceSystem;state;2443;21;39;8;42;100;0,34;0,39;0;0,07;120,25;120,25;0,91;0,8
7;StudentAttendanceSystem;transition;2443;21;39;14;39;100;0,27;0,65;0;0,14;121,25;121,25;1,2;1,07
7;StudentAttendanceSystem;pair;2443;21;39;34;186;100;0,31;0,17;1,02;0,26;122,25;122,25;2,31;1,75
7;StudentAttendanceSystem;state;2444;25;46;10;53;100;0,31;0,41;0;0,09;123,25;123,25;0,94;0,81
7;StudentAttendanceSystem;transition;2444;25;46;16;45;100;0,34;0,86;0;0,16;123,25;123,25;1,5;1,36
7;StudentAttendanceSystem;pair;2444;25;46;45;247;100;0,33;0,2;1,46;0,32;125,25;125,25;2,91;2,31
7;StudentAttendanceSystem;state;2445;29;56;12;67;100;0,43;0,5;0;0,13;125,25;126,25;1,18;1,05
7;StudentAttendanceSystem;transition;2445;29;56;19;55;100;0,36;0,96;0;0,3;126,25;126,25;1,77;1,62
7;StudentAttendanceSystem;pair;2445;29;56;49;281;100;0,39;0,27;1,89;0,35;128,25;128,25;3,72;2,9
7;StudentAttendanceSystem;state;2446;31;61;14;75;100;0,49;0,55;0;0,15;129,25;129,25;1,32;1,19
7;StudentAttendanceSystem;transition;2446;31;61;21;60;100;0,42;1,09;0;0,2;130,25;130,25;1,87;1,71
7;StudentAttendanceSystem;pair;2446;31;61;57;323;100;0,38;0,31;2,3;0,44;131,25;132,25;4,25;3,42
7;StudentAttendanceSystem;state;2447;22;41;9;45;100;0,34;0,37;0;0,07;132,25;132,25;0,91;0,79
7;StudentAttendanceSystem;transition;2447;22;41;15;41;100;0,34;0,72;0;0,12;133,25;133,25;1,32;1,18
7;StudentAttendanceSystem;pair;2447;22;41;33;181;100;0,28;0,16;0,98;0,23;134,25;134,25;2,2;1,66
7;StudentAttendanceSystem;state;2448;20;38;8;41;100;0,3;0,31;0;0,06;135,25;135,25;0,77;0,67
7;StudentAttendanceSystem;transition;2448;20;38;14;38;100;0,26;0,66;0;0,12;136,25;136,25;1,22;1,03
7;StudentAttendanceSystem;pair;2448;20;38;35;189;100;0,29;0,15;0,96;0,26;137,25;137,25;2,18;1,66
7;StudentAttendanceSystem;state;2449;24;44;9;49;100;0,34;0,34;0;0,07;137,25;137,25;0,85;0,75
7;StudentAttendanceSystem;transition;2449;24;44;15;43;100;0,32;0,61;0;0,09;138,25;138,25;1,16;1,03
7;StudentAttendanceSystem;pair;2449;24;44;41;228;100;0,22;0,2;0,95;0,2;139,25;140,25;2,01;1,56
7;StudentAttendanceSystem;state;2450;28;54;12;62;100;0,24;0,32;0;0,07;140,25;140,25;0,71;0,63
7;StudentAttendanceSystem;transition;2450;28;54;19;53;100;0,25;0,67;0;0,15;141,25;141,25;1,22;1,08
7;StudentAttendanceSystem;pair;2450;28;54;51;289;100;0,23;0,25;1,33;0,29;142,25;143,25;2,64;2,11
7;StudentAttendanceSystem;state;2451;21;40;9;44;100;0,23;0,25;0;0,05;143,25;143,25;0,62;0,53
7;StudentAttendanceSystem;transition;2451;21;40;15;40;100;0,27;0,55;0;0,13;144,25;144,25;1,1;0,95
7;StudentAttendanceSystem;pair;2451;21;40;33;179;100;0,29;0,18;0,93;0,25;145,25;145,25;2,25;1,65
7;StudentAttendanceSystem;state;2452;27;52;11;61;100;0,37;0,42;0;0,09;146,25;146,25;0,99;0,89
7;StudentAttendanceSystem;transition;2452;27;52;19;51;100;0,35;0,98;0;0,2;147,25;147,25;1,74;1,53
7;StudentAttendanceSystem;pair;2452;27;52;48;260;100;0,36;0,23;1,71;0,42;148,25;149,25;3,88;2,71
7;StudentAttendanceSystem;state;2453;28;55;11;62;100;0,43;0,49;0;0,11;149,25;149,25;1,15;1,03
7;StudentAttendanceSystem;transition;2453;28;55;19;54;100;0,36;1,02;0;0,2;150,25;150,25;1,72;1,57
7;StudentAttendanceSystem;pair;2453;28;55;49;283;100;0,36;0,31;2,06;0,41;151,25;152,25;3,9;3,14
7;StudentAttendanceSystem;state;2454;26;47;11;60;100;0,35;0,41;0;0,09;152,25;152,25;0,96;0,85
7;StudentAttendanceSystem;transition;2454;26;47;16;46;100;0,33;0,88;0;0,16;153,25;153,25;1,53;1,37
7;StudentAttendanceSystem;pair;2454;26;47;44;230;100;0,35;0,2;1,29;0,31;154,25;155,25;2,88;2,14
7;StudentAttendanceSystem;state;2455;18;34;7;36;100;0,28;0,29;0;0,06;155,25;155,25;0,74;0,62
7;StudentAttendanceSystem;transition;2455;18;34;12;34;100;0,27;0,68;0;0,13;156,25;156,25;1,24;1,08
7;StudentAttendanceSystem;pair;2455;18;34;32;170;100;0,37;0,18;0,92;0,23;157,25;157,25;2,21;1,7
7;StudentAttendanceSystem;state;2456;26;49;10;54;100;0,35;0,38;0;0,08;157,25;157,25;0,91;0,81
7;StudentAttendanceSystem;transition;2456;26;49;17;48;100;0,36;0,94;0;0,17;158,25;158,25;1,64;1,48
7;StudentAttendanceSystem;pair;2456;26;49;43;247;100;0,36;0,22;1,44;0,32;160,25;160,25;2,99;2,33
7;StudentAttendanceSystem;state;2457;20;34;8;41;100;0,26;0,31;0;0,06;160,25;160,25;0,75;0,64
7;StudentAttendanceSystem;transition;2457;20;34;11;34;100;0,26;0,67;0;0,1;161,25;161,25;1,18;1,03
7;StudentAttendanceSystem;pair;2457;20;34;32;165;100;0,27;0,16;0,88;0,22;162,25;162,25;2,03;1,54
7;StudentAttendanceSystem;state;2458;23;42;9;49;100;0,28;0,38;0;0,07;163,25;163,25;0,83;0,74
7;StudentAttendanceSystem;transition;2458;23;42;15;41;100;0,26;0,77;0;0,15;163,25;163,25;1,33;1,18
7;StudentAttendanceSystem;pair;2458;23;42;36;202;100;0,32;0,18;1,07;0,3;164,25;165,25;2,43;1,86
7;StudentAttendanceSystem;state;2459;25;45;10;55;100;0,33;0,36;0;0,08;165,25;165,25;0,9;0,78
7;StudentAttendanceSystem;transition;2459;25;45;16;44;100;0,3;0,86;0;0,16;166,25;166,25;1,51;1,33
7;StudentAttendanceSystem;pair;2459;25;45;39;202;100;0,37;0,22;1,15;0,28;167,25;167,25;2,62;2,02
7;StudentAttendanceSystem;state;2460;25;49;11;58;100;0,37;0,4;0;0,11;168,25;168,25;0,99;0,88
7;StudentAttendanceSystem;transition;2460;25;49;17;49;100;0,38;0,94;0;0,16;169,25;169,25;1,65;1,48
7;StudentAttendanceSystem;pair;2460;25;49;46;250;100;0,35;0,23;1,51;0,33;170,25;170,25;3,08;2,42
7;StudentAttendanceSystem;state;2461;19;32;7;37;100;0,28;0,29;0;0,06;171,25;171,25;0,73;0,62
7;StudentAttendanceSystem;transition;2461;19;32;10;32;100;0,3;0,61;0;0,1;171,25;171,25;1,15;1
7;StudentAttendanceSystem;pair;2461;19;32;29;152;100;0,3;0,14;0,73;0,22;172,25;173,25;1,89;1,38
7;StudentAttendanceSystem;state;2462;26;49;10;54;100;0,33;0,39;0;0,12;173,25;173,25;0,94;0,84
7;StudentAttendanceSystem;transition;2462;26;49;17;48;100;0,31;0,99;0;0,19;174,25;174,25;1,64;1,49
7;StudentAttendanceSystem;pair;2462;26;49;42;242;100;0,37;0,22;1,41;0,36;175,25;176,25;3,03;2,37
7;StudentAttendanceSystem;state;2463;25;49;9;49;100;0,34;0,31;0;0,05;176,25;176,25;0,8;0,7
7;StudentAttendanceSystem;transition;2463;25;49;18;48;100;0,21;0,59;0;0,12;177,25;177,25;1,01;0,92
7;StudentAttendanceSystem;pair;2463;25;49;46;260;100;0,22;0,15;1,28;0,23;178,25;179,25;2,39;1,88
7;StudentAttendanceSystem;state;2464;25;48;9;49;100;0,23;0,27;0;0,08;179,25;179,25;0,68;0,58
7;StudentAttendanceSystem;transition;2464;25;48;17;47;100;0,24;0,59;0;0,13;180,25;180,25;1,07;0,96
7;StudentAttendanceSystem;pair;2464;25;48;41;238;100;0,22;0,17;0,89;0,26;181,25;181,25;2,08;1,54
7;StudentAttendanceSystem;state;2465;23;45;9;48;100;0,3;0,27;0;0,06;182,25;182,25;0,72;0,63
7;StudentAttendanceSystem;transition;2465;23;45;15;45;100;0,23;0,6;0;0,13;183,25;183,25;1,08;0,96
7;StudentAttendanceSystem;pair;2465;23;45;45;253;100;0,21;0,14;1,02;0,23;184,25;184,25;2,12;1,6
7;StudentAttendanceSystem;state;2466;20;37;8;43;100;0,23;0,22;0;0,04;185,25;185,25;0,56;0,49
7;StudentAttendanceSystem;transition;2466;20;37;13;37;100;0,18;0,47;0;0,07;185,25;185,25;0,83;0,73
7;StudentAttendanceSystem;pair;2466;20;37;32;178;100;0,26;0,12;0,69;0,16;6,26;7,26;1,68;1,23
7;StudentAttendanceSystem;state;2467;22;38;8;43;100;0,22;0,24;0;0,04;7,26;7,26;0,59;0,51
7;StudentAttendanceSystem;transition;2467;22;38;13;37;100;0,3;0,49;0;0,08;8,26;8,26;0,98;0,87
7;StudentAttendanceSystem;pair;2467;22;38;35;187;100;0,22;0,12;0,73;0,23;9,26;9,26;1,68;1,3
7;StudentAttendanceSystem;state;2468;30;58;13;72;100;0,27;0,35;0;0,11;10,26;10,26;0,81;0,73
7;StudentAttendanceSystem;transition;2468;30;58;19;57;100;0,32;1,22;0;0,19;11,26;11,26;1,93;1,72
7;StudentAttendanceSystem;pair;2468;30;58;55;313;100;0,3;0,25;1,87;0,37;12,26;13,26;3,44;2,8
7;StudentAttendanceSystem;state;2469;23;40;9;45;100;0,21;0,29;0;0,07;13,26;13,26;0,66;0,57
7;StudentAttendanceSystem;transition;2469;23;40;15;39;100;0,29;0,54;0;0,14;14,26;14,26;1,11;0,97
7;StudentAttendanceSystem;pair;2469;23;40;30;159;100;0,26;0,1;0,73;0,2;15,26;15,26;1,76;1,29
7;StudentAttendanceSystem;state;2470;21;36;8;41;100;0,23;0,24;0;0,04;15,26;16,26;0,61;0,51
7;StudentAttendanceSystem;transition;2470;21;36;13;35;100;0,2;0,51;0;0,08;16,26;16,26;0,92;0,79
7;StudentAttendanceSystem;pair;2470;21;36;30;155;100;0,22;0,14;0,71;0,18;17,26;17,26;1,72;1,26
7;StudentAttendanceSystem;state;2471;20;34;8;41;100;0,24;0,21;0;0,04;18,26;18,26;0,57;0,49
7;StudentAttendanceSystem;transition;2471;20;34;11;34;100;0,21;0,54;0;0,08;18,26;18,26;0,97;0,84
7;StudentAttendanceSystem;pair;2471;20;34;32;165;100;0,25;0,12;0,55;0,13;19,26;19,26;1,45;1,04
7;StudentAttendanceSystem;state;2472;24;44;9;48;100;0,25;0,25;0;0,06;20,26;20,26;0,65;0,56
7;StudentAttendanceSystem;transition;2472;24;44;15;43;100;0,21;0,92;0;0,14;21,26;21,26;1,42;1,27
7;StudentAttendanceSystem;pair;2472;24;44;41;228;100;0,27;0,13;1,17;0,3;22,26;22,26;2,37;1,87
7;StudentAttendanceSystem;state;2473;27;50;11;61;100;0,32;0,31;0;0,07;23,26;23,26;0,79;0,69
7;StudentAttendanceSystem;transition;2473;27;50;16;49;100;0,25;0,7;0;0,12;24,26;24,26;1,21;1,08
7;StudentAttendanceSystem;pair;2473;27;50;45;253;100;0,32;0,19;1,3;0,31;25,26;25,26;2,69;2,12
7;StudentAttendanceSystem;state;2474;23;43;9;50;100;0,34;0,33;0;0,06;26,26;26,26;0,83;0,73
7;StudentAttendanceSystem;transition;2474;23;43;14;43;100;0,26;0,62;0;0,13;26,26;27,26;1,13;1,01
7;StudentAttendanceSystem;pair;2474;23;43;35;197;100;0,29;0,16;0,94;0,22;28,26;28,26;2,1;1,6
7;StudentAttendanceSystem;state;2475;23;40;9;47;100;0,29;0,31;0;0,06;28,26;28,26;0,74;0,65
7;StudentAttendanceSystem;transition;2475;23;40;14;39;100;0,25;0,68;0;0,11;29,26;29,26;1,17;1,04
7;StudentAttendanceSystem;pair;2475;23;40;38;196;100;0,25;0,18;0,93;0,25;30,26;30,26;2,07;1,61
7;StudentAttendanceSystem;state;2476;18;30;7;37;100;0,22;0,23;0;0,04;31,26;31,26;0,58;0,5
7;StudentAttendanceSystem;transition;2476;18;30;10;30;100;0,22;0,41;0;0,07;31,26;31,26;0,81;0,71
7;StudentAttendanceSystem;pair;2476;18;30;22;116;100;0,21;0,1;0,48;0,13;32,26;32,26;1,27;0,92
7;StudentAttendanceSystem;state;2477;24;47;10;51;100;0,32;0,34;0;0,07;33,26;33,26;0,81;0,72
7;StudentAttendanceSystem;transition;2477;24;47;17;47;100;0,28;0,73;0;0,13;33,26;34,26;1,28;1,14
7;StudentAttendanceSystem;pair;2477;24;47;42;236;100;0,27;0,18;1,21;0,28;35,26;35,26;2,51;1,94
7;StudentAttendanceSystem;state;2478;18;30;7;37;100;0,3;0,24;0;0,04;36,26;36,26;0,67;0,59
7;StudentAttendanceSystem;transition;2478;18;30;10;30;100;0,19;0,46;0;0,07;36,26;36,26;0,82;0,72
7;StudentAttendanceSystem;pair;2478;18;30;21;113;100;0,2;0,1;0,47;0,16;37,26;37,26;1,33;0,93
7;StudentAttendanceSystem;state;2479;22;42;9;45;100;0,26;0,33;0;0,06;38,26;38,26;0,74;0,65
7;StudentAttendanceSystem;transition;2479;22;42;16;42;100;0,24;0,62;0;0,15;38,26;38,26;1,12;1,01
7;StudentAttendanceSystem;pair;2479;22;42;36;192;100;0,26;0,19;0,9;0,22;39,26;40,26;2,05;1,57
7;StudentAttendanceSystem;state;2480;20;35;8;41;100;0,26;0,27;0;0,05;40,26;40,26;0,67;0,58
7;StudentAttendanceSystem;transition;2480;20;35;12;35;100;0,23;0,52;0;0,09;41,26;41,26;0,94;0,83
7;StudentAttendanceSystem;pair;2480;20;35;33;169;100;0,23;0,12;0,77;0,23;42,26;42,26;1,78;1,36
7;StudentAttendanceSystem;state;2481;23;41;9;49;100;0,21;0,25;0;0,05;42,26;42,26;0,59;0,51
7;StudentAttendanceSystem;transition;2481;23;41;14;40;100;0,26;0,63;0;0,09;43,26;43,26;1,13;0,98
7;StudentAttendanceSystem;pair;2481;23;41;33;187;100;0,22;0,13;0,66;0,21;44,26;44,26;1,66;1,22
7;StudentAttendanceSystem;state;2482;29;57;12;67;100;0,31;0,37;0;0,07;45,26;45,26;0,84;0,75
7;StudentAttendanceSystem;transition;2482;29;57;19;56;100;0,26;0,78;0;0,2;46,26;46,26;1,38;1,24
7;StudentAttendanceSystem;pair;2482;29;57;55;311;100;0,34;0,3;2,16;0,44;47,26;48,26;4,12;3,24
7;StudentAttendanceSystem;state;2483;25;47;9;49;100;0,37;0,36;0;0,08;48,26;48,26;0,91;0,81
7;StudentAttendanceSystem;transition;2483;25;47;16;46;100;0,33;0,77;0;0,17;49,26;49,26;1,44;1,27
7;StudentAttendanceSystem;pair;2483;25;47;40;234;100;0,4;0,19;1,48;0,36;50,26;51,26;3,17;2,42
7;StudentAttendanceSystem;state;2484;29;56;13;69;100;0,47;0,53;0;0,14;51,26;51,26;1,27;1,14
7;StudentAttendanceSystem;transition;2484;29;56;20;55;100;0,49;0,97;0;0,17;52,26;52,26;1,82;1,63
7;StudentAttendanceSystem;pair;2484;29;56;53;291;100;0,58;0,25;1,53;0,28;54,26;54,26;3,31;2,64
7;StudentAttendanceSystem;state;2485;27;54;12;66;100;0,25;0,33;0;0,1;55,26;55,26;0,78;0,68
7;StudentAttendanceSystem;transition;2485;27;54;18;54;100;0,45;0,79;0;0,21;55,26;56,26;1,63;1,45
7;StudentAttendanceSystem;pair;2485;27;54;54;300;100;0,35;0,19;1,32;0,34;57,26;57,26;2,73;2,2
7;StudentAttendanceSystem;state;2486;22;40;9;50;100;0,32;0,26;0;0,05;58,26;58,26;0,73;0,63
7;StudentAttendanceSystem;transition;2486;22;40;13;40;100;0,19;0,49;0;0,08;59,26;59,26;0,84;0,75
7;StudentAttendanceSystem;pair;2486;22;40;37;193;100;0,27;0,13;0,78;0,18;60,26;60,26;1,78;1,35
7;StudentAttendanceSystem;state;2487;25;49;11;60;100;0,29;0,4;0;0,1;60,26;60,26;0,9;0,79
7;StudentAttendanceSystem;transition;2487;25;49;17;49;100;0,24;0,68;0;0,1;61,26;61,26;1,14;1,02
7;StudentAttendanceSystem;pair;2487;25;49;50;268;100;0,24;0,18;1,54;0,36;63,26;63,26;2,98;2,32
7;StudentAttendanceSystem;state;2488;18;34;7;37;100;0,29;0,31;0;0,06;63,26;63,26;0,78;0,66
7;StudentAttendanceSystem;transition;2488;18;34;11;34;100;0,28;0,53;0;0,09;64,26;64,26;1,05;0,9
7;StudentAttendanceSystem;pair;2488;18;34;35;189;100;0,26;0,14;0,92;0,22;65,26;65,26;2,08;1,54
7;StudentAttendanceSystem;state;2489;29;58;12;65;100;0,41;0,48;0;0,2;66,26;66,26;1,21;1,08
7;StudentAttendanceSystem;transition;2489;29;58;21;57;100;0,34;1,09;0;0,2;67,26;67,26;1,83;1,63
7;StudentAttendanceSystem;pair;2489;29;58;51;289;100;0,37;0,27;2,1;0,41;68,26;69,26;4;3,15
7;StudentAttendanceSystem;state;2490;22;41;9;47;100;0,35;0,39;0;0,08;69,26;69,26;0,95;0,81
7;StudentAttendanceSystem;transition;2490;22;41;14;41;100;0,29;0,68;0;0,1;70,26;70,26;1,23;1,08
7;StudentAttendanceSystem;pair;2490;22;41;41;219;100;0,31;0,18;1,08;0,18;71,26;71,26;2,41;1,75
7;StudentAttendanceSystem;state;2491;26;51;11;61;100;0,35;0,37;0;0,08;72,26;72,26;0,9;0,8
7;StudentAttendanceSystem;transition;2491;26;51;17;51;100;0,33;0,67;0;0,11;73,26;73,26;1,25;1,11
7;StudentAttendanceSystem;pair;2491;26;51;45;257;100;0,25;0,21;1,22;0,28;74,26;74,26;2,53;1,96
7;StudentAttendanceSystem;state;2492;23;41;8;43;100;0,28;0,24;0;0,06;75,26;75,26;0,68;0,57
7;StudentAttendanceSystem;transition;2492;23;41;14;40;100;0,21;0,65;0;0,11;75,26;76,26;1,11;0,96
7;StudentAttendanceSystem;pair;2492;23;41;32;181;100;0,29;0,12;0,87;0,21;77,26;77,26;2;1,49
7;StudentAttendanceSystem;state;2493;21;35;8;43;100;0,2;0,26;0;0,07;77,26;77,26;0,65;0,53
7;StudentAttendanceSystem;transition;2493;21;35;12;34;100;0,28;0,53;0;0,1;78,26;78,26;1,03;0,91
7;StudentAttendanceSystem;pair;2493;21;35;26;140;100;0,2;0,12;0,56;0,12;79,26;79,26;1,37;0,99
7;StudentAttendanceSystem;state;2494;28;54;12;66;100;0,25;0,31;0;0,06;80,26;80,26;0,68;0,61
7;StudentAttendanceSystem;transition;2494;28;54;19;53;100;0,23;0,81;0;0,13;80,26;81,26;1,28;1,17
7;StudentAttendanceSystem;pair;2494;28;54;54;292;100;0,23;0,2;1,34;0,24;82,26;82,26;2,52;2,01
7;StudentAttendanceSystem;state;2495;24;48;10;53;100;0,27;0,28;0;0,05;83,26;83,26;0,69;0,6
7;StudentAttendanceSystem;transition;2495;24;48;17;48;100;0,21;0,54;0;0,1;84,26;84,26;0,93;0,84
7;StudentAttendanceSystem;pair;2495;24;48;51;281;100;0,25;0,19;1,24;0,26;85,26;85,26;2,42;1,94
7;StudentAttendanceSystem;state;2496;27;49;12;63;100;0,32;0,44;0;0,11;86,26;86,26;0,98;0,87
7;StudentAttendanceSystem;transition;2496;27;49;17;48;100;0,34;0,89;0;0,18;87,26;87,26;1,56;1,41
7;StudentAttendanceSystem;pair;2496;27;49;42;224;100;0,35;0,18;1,4;0,32;88,26;88,26;2,87;2,25
7;StudentAttendanceSystem;state;2497;22;41;9;45;100;0,25;0,35;0;0,05;89,26;89,26;0,76;0,65
7;StudentAttendanceSystem;transition;2497;22;41;14;41;100;0,24;0,54;0;0,11;89,26;90,26;1,02;0,89
7;StudentAttendanceSystem;pair;2497;22;41;38;207;100;0,2;0,15;0,85;0,18;91,26;91,26;1,8;1,38
7;StudentAttendanceSystem;state;2498;27;51;11;61;100;0,34;0,32;0;0,13;91,26;92,26;0,91;0,79
7;StudentAttendanceSystem;transition;2498;27;51;18;50;100;0,27;0,69;0;0,12;92,26;92,26;1,2;1,08
7;StudentAttendanceSystem;pair;2498;27;51;45;249;100;0,33;0,25;1,5;0,22;94,26;94,26;2,97;2,3
7;StudentAttendanceSystem;state;2499;24;45;9;48;100;0,27;0,37;0;0,09;94,26;95,26;0,9;0,74
7;StudentAttendanceSystem;transition;2499;24;45;16;44;100;0,23;0,61;0;0,13;95,26;95,26;1,13;0,97
7;StudentAttendanceSystem;pair;2499;24;45;45;245;100;0,32;0,14;1,06;0,21;96,26;97,26;2,22;1,73
7;StudentAttendanceSystem;state;2500;24;47;10;53;100;0,3;0,34;0;0,06;97,26;97,26;0,82;0,7
7;StudentAttendanceSystem;transition;2500;24;47;16;47;100;0,34;0,63;0;0,1;98,26;98,26;1,18;1,06
7;StudentAttendanceSystem;pair;2500;24;47;48;266;100;0,25;0,16;1,24;0,24;99,26;100,26;2,45;1,88
7;StudentAttendanceSystem;state;2501;25;49;11;58;100;0,27;0,27;0;0,05;100,26;100,26;0,67;0,6
7;StudentAttendanceSystem;transition;2501;25;49;17;49;100;0,23;0,58;0;0,1;101,26;101,26;1,01;0,91
7;StudentAttendanceSystem;pair;2501;25;49;46;254;100;0,26;0,21;1,1;0,21;102,26;103,26;2,31;1,78
7;StudentAttendanceSystem;state;2502;27;54;11;57;100;0,26;0,3;0;0,07;103,26;103,26;0,72;0,63
7;StudentAttendanceSystem;transition;2502;27;54;20;53;100;0,27;0,82;0;0,17;104,26;104,26;1,42;1,27
7;StudentAttendanceSystem;pair;2502;27;54;54;302;100;0,4;0,25;1,93;0,41;106,26;106,26;3,77;3
7;StudentAttendanceSystem;state;2503;26;50;10;54;100;0,39;0,42;0;0,09;107,26;107,26;1,04;0,91
7;StudentAttendanceSystem;transition;2503;26;50;17;49;100;0,33;0,95;0;0,17;107,26;108,26;1,61;1,44
7;StudentAttendanceSystem;pair;2503;26;50;49;281;100;0,41;0,23;1,72;0,27;109,26;109,26;3,4;2,63
7;StudentAttendanceSystem;state;2504;19;33;7;36;100;0,3;0,31;0;0,06;110,26;110,26;0,78;0,66
7;StudentAttendanceSystem;transition;2504;19;33;12;33;100;0,27;0,54;0;0,09;110,26;110,26;1,02;0,9
7;StudentAttendanceSystem;pair;2504;19;33;29;144;100;0,27;0,13;0,74;0,18;111,26;111,26;1,78;1,31
7;StudentAttendanceSystem;state;2505;25;46;10;53;100;0,23;0,25;0;0,05;112,26;112,26;0,6;0,53
7;StudentAttendanceSystem;transition;2505;25;46;16;45;100;0,2;0,62;0;0,1;113,26;113,26;1,01;0,91
7;StudentAttendanceSystem;pair;2505;25;46;45;247;100;0,21;0,13;0,97;0,2;114,26;114,26;1,99;1,51
7;StudentAttendanceSystem;state;2506;25;50;10;56;100;0,31;0,45;0;0,1;115,26;115,26;0,96;0,85
7;StudentAttendanceSystem;transition;2506;25;50;17;50;100;0,34;0,86;0;0,15;116,26;116,26;1,49;1,35
7;StudentAttendanceSystem;pair;2506;25;50;45;255;100;0,36;0,28;1,49;0,32;117,26;117,26;3,17;2,45
7;StudentAttendanceSystem;state;2507;24;47;10;53;100;0,25;0,25;0;0,07;118,26;118,26;0,66;0,56
7;StudentAttendanceSystem;transition;2507;24;47;16;47;100;0,24;0,6;0;0,11;119,26;119,26;1,06;0,94
7;StudentAttendanceSystem;pair;2507;24;47;48;270;100;0,29;0,17;1,37;0,41;120,26;120,26;2,9;2,24
7;StudentAttendanceSystem;state;2508;27;52;11;59;100;0,37;0,42;0;0,09;121,26;121,26;1;0,88
7;StudentAttendanceSystem;transition;2508;27;52;18;51;100;0,34;0,83;0;0,11;122,26;122,26;1,41;1,28
7;StudentAttendanceSystem;pair;2508;27;52;52;290;100;0,23;0,29;1,9;0,45;123,26;124,26;3,61;2,87
7;StudentAttendanceSystem;state;2509;31;62;14;75;100;0,4;0,48;0;0,12;124,26;124,26;1,1;1
7;StudentAttendanceSystem;transition;2509;31;62;22;61;100;0,39;0,95;0;0,26;125,26;125,26;1,77;1,6
7;StudentAttendanceSystem;pair;2509;31;62;60;334;100;0,42;0,34;2,22;0,45;127,26;127,26;4,25;3,43
7;StudentAttendanceSystem;state;2510;24;46;10;53;100;0,36;0,54;0;0,09;128,26;128,26;1,11;0,99
7;StudentAttendanceSystem;transition;2510;24;46;15;46;100;0,33;0,73;0;0,18;129,26;129,26;1,38;1,24
7;StudentAttendanceSystem;pair;2510;24;46;45;255;100;0,29;0,23;1,36;0,33;130,26;130,26;2,85;2,21
7;StudentAttendanceSystem;state;2511;28;52;12;66;100;0,42;0,46;0;0,11;131,26;131,26;1,11;1
7;StudentAttendanceSystem;transition;2511;28;52;17;51;100;0,4;0,95;0;0,16;132,26;132,26;1,65;1,5
7;StudentAttendanceSystem;pair;2511;28;52;48;266;100;0,32;0,23;1,72;0,39;133,26;133,26;3,34;2,66
7;StudentAttendanceSystem;state;2512;26;49;10;54;100;0,35;0,39;0;0,09;134,26;134,26;0,94;0,83
7;StudentAttendanceSystem;transition;2512;26;49;17;48;100;0,31;0,87;0;0,16;135,26;135,26;1,46;1,33
7;StudentAttendanceSystem;pair;2512;26;49;42;242;100;0,32;0,23;1,05;0,21;136,26;136,26;2,39;1,81
7;StudentAttendanceSystem;state;2513;25;48;11;60;100;0,39;0,41;0;0,1;137,26;137,26;1,01;0,9
7;StudentAttendanceSystem;transition;2513;25;48;16;48;100;0,33;0,8;0;0,14;138,26;138,26;1,42;1,27
7;StudentAttendanceSystem;pair;2513;25;48;47;253;100;0,33;0,25;1,59;0,34;139,26;139,26;3,13;2,51
7;StudentAttendanceSystem;state;2514;30;58;13;72;100;0,41;0,46;0;0,11;140,26;140,26;1,08;0,97
7;StudentAttendanceSystem;transition;2514;30;58;19;57;100;0,35;1,24;0;0,22;141,26;141,26;1,98;1,82
7;StudentAttendanceSystem;pair;2514;30;58;55;313;100;0,42;0,3;1,97;0,46;142,26;143,26;3,94;3,14
7;StudentAttendanceSystem;state;2515;27;54;12;66;100;0,38;0,45;0;0,15;143,26;144,26;1,11;0,98
7;StudentAttendanceSystem;transition;2515;27;54;18;54;100;0,35;0,88;0;0,16;144,26;144,26;1,55;1,39
7;StudentAttendanceSystem;pair;2515;27;54;54;304;100;0,37;0,34;2,04;0,41;146,26;146,26;3,9;3,16
7;StudentAttendanceSystem;state;2516;27;51;11;61;100;0,39;0,43;0;0,1;147,26;147,26;1,03;0,92
7;StudentAttendanceSystem;transition;2516;27;51;18;50;100;0,33;0,95;0;0,18;148,26;148,26;1,62;1,47
7;StudentAttendanceSystem;pair;2516;27;51;45;245;100;0,31;0,24;1,23;0,21;149,26;149,26;2,56;1,99
7;StudentAttendanceSystem;state;2517;24;45;11;57;100;0,27;0,27;0;0,05;150,26;150,26;0,68;0,6
7;StudentAttendanceSystem;transition;2517;24;45;16;45;100;0,23;0,58;0;0,13;151,26;151,26;1,05;0,94
7;StudentAttendanceSystem;pair;2517;24;45;42;216;100;0,24;0,13;0,99;0,18;152,26;152,26;2,05;1,55
7;StudentAttendanceSystem;state;2518;24;47;10;53;100;0,22;0,27;0;0,06;153,26;153,26;0,64;0,55
7;StudentAttendanceSystem;transition;2518;24;47;17;47;100;0,27;0,6;0;0,11;153,26;153,26;1,1;0,98
7;StudentAttendanceSystem;pair;2518;24;47;40;218;100;0,29;0,13;1,1;0,26;155,26;155,26;2,32;1,78
7;StudentAttendanceSystem;state;2519;25;51;10;56;100;0,32;0,3;0;0,09;155,26;155,26;0,81;0,7
7;StudentAttendanceSystem;transition;2519;25;51;18;51;100;0,32;0,75;0;0,13;156,26;156,26;1,32;1,19
7;StudentAttendanceSystem;pair;2519;25;51;48;270;100;0,32;0,25;1,69;0,32;158,26;158,26;3,25;2,58
7;StudentAttendanceSystem;state;2520;23;43;9;50;100;0,38;0,36;0;0,06;158,26;158,26;0,92;0,8
7;StudentAttendanceSystem;transition;2520;23;43;14;43;100;0,27;0,7;0;0,15;159,26;159,26;1,3;1,11
7;StudentAttendanceSystem;pair;2520;23;43;35;197;100;0,34;0,19;1,21;0,37;160,26;161,26;2,78;2,12
7;StudentAttendanceSystem;state;2521;22;39;8;43;100;0,31;0,41;0;0,12;161,26;161,26;0,97;0,84
7;StudentAttendanceSystem;transition;2521;22;39;14;38;100;0,33;0,87;0;0,15;162,26;162,26;1,5;1,35
7;StudentAttendanceSystem;pair;2521;22;39;38;198;100;0,33;0,2;1,24;0,31;163,26;163,26;2,69;2,08
7;StudentAttendanceSystem;state;2522;28;56;13;69;100;0,39;0,54;0;0,15;164,26;164,26;1,2;1,08
7;StudentAttendanceSystem;transition;2522;28;56;19;56;100;0,39;0,89;0;0,19;164,26;165,26;1,64;1,46
7;StudentAttendanceSystem;pair;2522;28;56;53;299;100;0,36;0,29;1,98;0,38;166,26;166,26;3,85;2,99
7;StudentAttendanceSystem;state;2523;24;45;9;46;100;0,39;0,4;0;0,09;167,26;167,26;0,99;0,87
7;StudentAttendanceSystem;transition;2523;24;45;17;44;100;0,31;0,78;0;0,17;168,26;168,26;1,42;1,26
7;StudentAttendanceSystem;pair;2523;24;45;39;215;100;0,3;0,18;1,37;0,33;169,26;169,26;2,84;2,19
7;StudentAttendanceSystem;state;2524;21;40;8;42;100;0,33;0,38;0;0,07;170,26;170,26;0,88;0,77
7;StudentAttendanceSystem;transition;2524;21;40;14;40;100;0,31;0,8;0;0,14;170,26;170,26;1,4;1,25
7;StudentAttendanceSystem;pair;2524;21;40;41;221;100;0,31;0,15;1,29;0,26;171,26;172,26;2,6;2,01
7;StudentAttendanceSystem;state;2525;25;49;11;58;100;0,41;0,42;0;0,08;172,26;172,26;1,04;0,91
7;StudentAttendanceSystem;transition;2525;25;49;18;49;100;0,24;0,66;0;0,14;173,26;173,26;1,18;1,04
7;StudentAttendanceSystem;pair;2525;25;49;43;231;100;0,31;0,16;1,37;0,25;174,26;175,26;2,74;2,09
7;StudentAttendanceSystem;state;2526;28;54;11;62;100;0,31;0,3;0;0,07;175,26;175,26;0,76;0,68
7;StudentAttendanceSystem;transition;2526;28;54;18;53;100;0,25;0,73;0;0,12;176,26;176,26;1,21;1,1
7;StudentAttendanceSystem;pair;2526;28;54;46;268;100;0,39;0,17;1,38;0,36;178,26;178,26;2,91;2,3
7;StudentAttendanceSystem;state;2527;25;47;9;49;100;0,24;0,31;0;0,06;178,26;178,26;0,69;0,61
7;StudentAttendanceSystem;transition;2527;25;47;16;46;100;0,25;0,6;0;0,1;179,26;179,26;1,07;0,96
7;StudentAttendanceSystem;pair;2527;25;47;38;223;100;0,29;0,19;0,96;0,2;180,26;181,26;2,25;1,64
7;StudentAttendanceSystem;state;2528;24;44;9;48;100;0,31;0,37;0;0,08;181,26;181,26;0,91;0,76
7;StudentAttendanceSystem;transition;2528;24;44;16;43;100;0,33;0,62;0;0,18;182,26;182,26;1,28;1,13
7;StudentAttendanceSystem;pair;2528;24;44;39;215;100;0,23;0,17;0,93;0,22;183,26;183,26;2,13;1,55
7;StudentAttendanceSystem;state;2529;25;49;9;49;100;0,3;0,39;0;0,07;184,26;184,26;0,88;0,76
7;StudentAttendanceSystem;transition;2529;25;49;18;48;100;0,26;0,76;0;0,11;185,26;185,26;1,25;1,13
7;StudentAttendanceSystem;pair;2529;25;49;46;260;100;0,3;0,21;10,43;0,36;186,42;7,42;11,9;11,3
7;StudentAttendanceSystem;state;2530;22;38;8;42;100;0,4;0,4;0;0,08;7,42;7,42;1,01;0,87
7;StudentAttendanceSystem;transition;2530;22;38;14;37;100;0,28;0,73;0;0,13;8,42;8,42;1,3;1,14
7;StudentAttendanceSystem;pair;2530;22;38;31;165;100;0,27;0,14;0,86;0,2;9,42;9,42;2,01;1,47
7;StudentAttendanceSystem;state;2531;27;51;11;59;100;0,36;0,46;0;0,11;9,42;9,42;1,06;0,93
7;StudentAttendanceSystem;transition;2531;27;51;17;50;100;0,23;0,77;0;0,12;10,42;10,42;1,25;1,12
7;StudentAttendanceSystem;pair;2531;27;51;49;279;100;0,32;0,24;1,73;0,36;12,42;12,42;3,34;2,65
7;StudentAttendanceSystem;state;2532;21;39;8;42;100;0,24;0,24;0;0,04;13,42;13,42;0,62;0,52
7;StudentAttendanceSystem;transition;2532;21;39;14;39;100;0,18;0,45;0;0,09;13,42;13,42;0,81;0,72
7;StudentAttendanceSystem;pair;2532;21;39;34;186;100;0,3;0,16;0,96;0,27;14,42;15,42;2,23;1,68
7;StudentAttendanceSystem;state;2533;28;55;11;62;100;0,38;0,44;0;0,14;15,42;15,42;1,1;0,97
7;StudentAttendanceSystem;transition;2533;28;55;19;54;100;0,42;1,01;0;0,2;16,42;16,42;1,82;1,64
7;StudentAttendanceSystem;pair;2533;28;55;49;279;100;0,37;0,27;1,71;0,36;17,42;18,42;3,43;2,7
7;StudentAttendanceSystem;state;2534;25;49;10;56;100;0,36;0,55;0;0,08;18,42;18,42;1,12;0,99
7;StudentAttendanceSystem;transition;2534;25;49;16;49;100;0,33;0,79;0;0,15;19,42;19,42;1,41;1,27
7;StudentAttendanceSystem;pair;2534;25;49;42;244;100;0,34;0,22;1,37;0,32;20,42;21,42;2,9;2,25
7;StudentAttendanceSystem;state;2535;23;44;9;48;100;0,3;0,4;0;0,09;21,42;21,42;0,9;0,79
7;StudentAttendanceSystem;transition;2535;23;44;15;44;100;0,31;0,71;0;0,17;22,42;22,42;1,33;1,18
7;StudentAttendanceSystem;pair;2535;23;44;39;223;100;0,3;0,2;1,15;0,24;23,42;23,42;2,38;1,88
7;StudentAttendanceSystem;state;2536;24;47;10;53;100;0,26;0,27;0;0,06;24,42;24,42;0,67;0,59
7;StudentAttendanceSystem;transition;2536;24;47;16;47;100;0,24;0,61;0;0,12;25,42;25,42;1,09;0,97
7;StudentAttendanceSystem;pair;2536;24;47;48;266;100;0,25;0,14;1,08;0,21;26,42;26,42;2,22;1,68
7;StudentAttendanceSystem;state;2537;25;47;10;51;100;0,23;0,3;0;0,05;27,42;27,42;0,66;0,58
7;StudentAttendanceSystem;transition;2537;25;47;18;46;100;0,28;0,59;0;0,14;28,42;28,42;1,14;1,02
7;StudentAttendanceSystem;pair;2537;25;47;40;219;100;0,26;0,15;0,97;0,18;29,42;29,42;1,97;1,56
7;StudentAttendanceSystem;state;2538;23;41;8;43;100;0,24;0,23;0;0,05;30,42;30,42;0,6;0,52
7;StudentAttendanceSystem;transition;2538;23;41;14;40;100;0,19;0,57;0;0,12;30,42;30,42;1;0,88
7;StudentAttendanceSystem;pair;2538;23;41;33;187;100;0,25;0,14;0,91;0,21;31,42;32,42;1,97;1,5
7;StudentAttendanceSystem;state;2539;23;43;8;43;100;0,3;0,3;0;0,05;32,42;32,42;0,74;0,65
7;StudentAttendanceSystem;transition;2539;23;43;16;42;100;0,26;0,75;0;0,13;33,42;33,42;1,26;1,14
7;StudentAttendanceSystem;pair;2539;23;43;39;213;100;0,31;0,16;1,06;0,24;34,42;34,42;2,26;1,77
7;StudentAttendanceSystem;state;2540;29;56;12;67;100;0,35;0,38;0;0,08;35,42;35,42;0,91;0,82
7;StudentAttendanceSystem;transition;2540;29;56;18;55;100;0,3;0,84;0;0,16;36,42;36,42;1,43;1,3
7;StudentAttendanceSystem;pair;2540;29;56;52;300;100;0,34;0,25;1,66;0,35;37,42;38,42;3,26;2,61
7;StudentAttendanceSystem;state;2541;27;55;12;64;100;0,31;0,41;0;0,08;38,42;38,42;0,9;0,81
7;StudentAttendanceSystem;transition;2541;27;55;19;55;100;0,3;0,81;0;0,15;39,42;39,42;1,4;1,25
7;StudentAttendanceSystem;pair;2541;27;55;54;304;100;0,32;0,23;1,7;0,36;41,42;41,42;3,22;2,61
7;StudentAttendanceSystem;state;2542;29;55;13;69;100;0,32;0,5;0;0,09;42,42;42,42;1,01;0,91
7;StudentAttendanceSystem;transition;2542;29;55;19;54;100;0,31;0,84;0;0,15;43,42;43,42;1,45;1,3
7;StudentAttendanceSystem;pair;2542;29;55;50;276;100;0,31;0,22;1,56;0,33;44,42;45,42;3,04;2,43
7;StudentAttendanceSystem;state;2543;24;42;10;56;100;0,26;0,31;0;0,07;45,42;45,42;0,74;0,65
7;StudentAttendanceSystem;transition;2543;24;42;14;41;100;0,24;0,65;0;0,11;46,42;46,42;1,11;1
7;StudentAttendanceSystem;pair;2543;24;42;31;171;100;0,25;0,18;0,81;0,23;47,42;47,42;1,91;1,47
7;StudentAttendanceSystem;state;2544;30;59;13;72;100;0,34;0,5;0;0,1;48,42;48,42;1,05;0,95
7;StudentAttendanceSystem;transition;2544;30;59;20;58;100;0,31;0,88;0;0,17;48,42;49,42;1,5;1,36
7;StudentAttendanceSystem;pair;2544;30;59;58;328;100;0,31;0,24;1,89;0,39;50,42;51,42;3,51;2,83
7;StudentAttendanceSystem;state;2545;24;49;10;51;100;0,29;0,36;0;0,07;51,42;51,42;0,8;0,71
7;StudentAttendanceSystem;transition;2545;24;49;18;49;100;0,27;0,73;0;0,13;52,42;52,42;1,25;1,13
7;StudentAttendanceSystem;pair;2545;24;49;51;281;100;0,28;0,21;1,47;0,32;53,42;54,42;2,82;2,28
7;StudentAttendanceSystem;state;2546;26;48;10;56;100;0,33;0,35;0;0,07;54,42;54,42;0,86;0,76
7;StudentAttendanceSystem;transition;2546;26;48;16;47;100;0,28;0,73;0;0,13;55,42;55,42;1,24;1,13
7;StudentAttendanceSystem;pair;2546;26;48;39;221;100;0,27;0,26;1,12;0,29;56,42;57,42;2,49;1,95
7;StudentAttendanceSystem;state;2547;27;53;12;66;100;0,31;0,38;0;0,08;57,42;57,42;0,86;0,77
7;StudentAttendanceSystem;transition;2547;27;53;17;53;100;0,29;0,84;0;0,14;58,42;58,42;1,41;1,28
7;StudentAttendanceSystem;pair;2547;27;53;51;289;100;0,3;0,24;1,51;0,33;59,42;60,42;3,09;2,37
7;StudentAttendanceSystem;state;2548;18;32;7;35;100;0,24;0,26;0;0,05;60,42;60,42;0,65;0,55
7;StudentAttendanceSystem;transition;2548;18;32;12;32;100;0,23;0,47;0;0,08;61,42;61,42;0,88;0,78
7;StudentAttendanceSystem;pair;2548;18;32;28;142;100;0,21;0,11;0,6;0,15;62,42;62,42;1,44;1,07
7;StudentAttendanceSystem;state;2549;21;38;8;43;100;0,25;0,27;0;0,05;62,42;62,42;0,66;0,57
7;StudentAttendanceSystem;transition;2549;21;38;12;38;100;0,26;0,51;0;0,09;63,42;63,42;0,98;0,87
7;StudentAttendanceSystem;pair;2549;21;38;35;195;100;0,23;0,14;0,86;0,21;64,42;64,42;1,91;1,45
7;StudentAttendanceSystem;state;2550;26;51;11;61;100;0,3;0,38;0;0,08;65,42;65,42;0,86;0,76
7;StudentAttendanceSystem;transition;2550;26;51;17;51;100;0,28;0,74;0;0,13;66,42;66,42;1,27;1,15
7;StudentAttendanceSystem;pair;2550;26;51;45;257;100;0,29;0,25;1,34;0,29;67,42;67,42;2,76;2,17
7;StudentAttendanceSystem;state;2551;28;54;12;64;100;0,37;0,38;0;0,09;68,42;68,42;0,94;0,84
7;StudentAttendanceSystem;transition;2551;28;54;19;53;100;0,29;0,83;0;0,15;69,42;69,42;1,4;1,27
7;StudentAttendanceSystem;pair;2551;28;54;50;274;100;0,3;0,27;1,48;0,36;70,42;71,42;3,05;2,4
7;StudentAttendanceSystem;state;2552;24;46;10;55;100;0,28;0,34;0;0,07;71,42;71,42;0,77;0,68
7;StudentAttendanceSystem;transition;2552;24;46;15;46;100;0,26;0,65;0;0,12;72,42;72,42;1,15;1,04
7;StudentAttendanceSystem;pair;2552;24;46;44;244;100;0,26;0,18;1,17;0,27;73,42;74,42;2,4;1,89
7;StudentAttendanceSystem;state;2553;27;52;11;57;100;0,3;0,4;0;0,08;74,42;74,42;0,87;0,78
7;StudentAttendanceSystem;transition;2553;27;52;18;51;100;0,28;0,77;0;0,14;75,42;75,42;1,31;1,19
7;StudentAttendanceSystem;pair;2553;27;52;50;282;100;0,32;0,23;1,55;0,34;76,42;77,42;3,07;2,43
7;StudentAttendanceSystem;state;2554;25;47;10;53;100;0,31;0,33;0;0,08;77,42;77,42;0,81;0,72
7;StudentAttendanceSystem;transition;2554;25;47;17;46;100;0,36;0,77;0;0,15;78,42;78,42;1,42;1,29
7;StudentAttendanceSystem;pair;2554;25;47;48;258;100;0,28;0,18;1,28;0,31;79,42;80,42;2,63;2,05
7;StudentAttendanceSystem;state;2555;25;47;10;51;100;0,28;0,33;0;0,06;80,42;80,42;0,76;0,67
7;StudentAttendanceSystem;transition;2555;25;47;17;46;100;0,28;0,68;0;0,13;81,42;81,42;1,22;1,09
7;StudentAttendanceSystem;pair;2555;25;47;43;234;100;0,31;0,25;1,17;0,27;82,42;83,42;2,59;2
7;StudentAttendanceSystem;state;2556;26;49;10;54;100;0,31;0,35;0;0,13;83,42;83,42;0,92;0,78
7;StudentAttendanceSystem;transition;2556;26;49;17;48;100;0,28;0,77;0;0,16;84,42;84,42;1,34;1,21
7;StudentAttendanceSystem;pair;2556;26;49;43;247;100;0,29;0,21;1,25;0,3;85,42;86,42;2,67;2,05
7;StudentAttendanceSystem;state;2557;25;45;10;55;100;0,29;0,33;0;0,07;86,42;86,42;0,78;0,68
7;StudentAttendanceSystem;transition;2557;25;45;15;44;100;0,26;0,68;0;0,12;87,42;87,42;1,17;1,06
7;StudentAttendanceSystem;pair;2557;25;45;41;217;100;0,26;0,17;1,15;0,24;88,42;88,42;2,36;1,83
7;StudentAttendanceSystem;state;2558;23;45;9;48;100;0,29;0,31;0;0,06;89,42;89,42;0,79;0,66
7;StudentAttendanceSystem;transition;2558;23;45;15;45;100;0,25;0,59;0;0,09;90,42;90,42;1,03;0,93
7;StudentAttendanceSystem;pair;2558;23;45;45;253;100;0,21;0,13;1,05;0,2;91,42;91,42;2,05;1,59
7;StudentAttendanceSystem;state;2559;26;50;10;54;100;0,23;0,29;0;0,06;92,42;92,42;0,65;0,58
7;StudentAttendanceSystem;transition;2559;26;50;18;49;100;0,24;0,62;0;0,11;93,42;93,42;1,06;0,97
7;StudentAttendanceSystem;pair;2559;26;50;46;258;100;0,22;0,15;1,12;0,22;94,42;94,42;2,19;1,71
7;StudentAttendanceSystem;state;2560;19;32;7;36;100;0,2;0,23;0;0,03;95,42;95,42;0,54;0,47
7;StudentAttendanceSystem;transition;2560;19;32;11;32;100;0,15;0,35;0;0,06;95,42;95,42;0,63;0,56
7;StudentAttendanceSystem;pair;2560;19;32;25;129;100;0,18;0,1;0,42;0,1;96,42;96,42;1,09;0,81
7;StudentAttendanceSystem;state;2561;25;46;10;51;100;0,24;0,28;0;0,07;97,42;97,42;0,67;0,59
7;StudentAttendanceSystem;transition;2561;25;46;16;45;100;0,26;0,56;0;0,09;98,42;98,42;1,01;0,91
7;StudentAttendanceSystem;pair;2561;25;46;42;232;100;0,23;0,13;1,07;0,19;99,42;99,42;2,12;1,62
7;StudentAttendanceSystem;state;2562;22;41;9;47;100;0,2;0,24;0;0,07;100,42;100,42;0,58;0,5
7;StudentAttendanceSystem;transition;2562;22;41;14;41;100;0,29;0,61;0;0,09;100,42;100,42;1,12;0,99
7;StudentAttendanceSystem;pair;2562;22;41;41;219;100;0,21;0,17;0,85;0,23;101,42;102,42;1,96;1,47
7;StudentAttendanceSystem;state;2563;28;55;12;64;100;0,32;0,44;0;0,11;102,42;102,42;1;0,87
7;StudentAttendanceSystem;transition;2563;28;55;21;54;100;0,25;0,75;0;0,15;103,42;103,42;1,31;1,16
7;StudentAttendanceSystem;pair;2563;28;55;50;270;100;0,26;0,17;1,35;0,33;105,42;105,42;2,64;2,11
7;StudentAttendanceSystem;state;2564;24;43;9;48;100;0,24;0,31;0;0,05;106,42;106,42;0,7;0,61
7;StudentAttendanceSystem;transition;2564;24;43;15;42;100;0,23;0,54;0;0,1;106,42;106,42;0,97;0,88
7;StudentAttendanceSystem;pair;2564;24;43;35;195;100;0,21;0,12;0,76;0,16;107,42;108,42;1,67;1,24
7;StudentAttendanceSystem;state;2565;25;50;11;56;100;0,26;0,32;0;0,07;108,42;108,42;0,74;0,66
7;StudentAttendanceSystem;transition;2565;25;50;18;50;100;0,28;0,54;0;0,1;109,42;109,42;1,01;0,91
7;StudentAttendanceSystem;pair;2565;25;50;50;276;100;0,26;0,25;1,67;0,28;110,42;111,42;3,17;2,47
7;StudentAttendanceSystem;state;2566;25;49;11;60;100;0,27;0,36;0;0,07;111,42;111,42;0,8;0,7
7;StudentAttendanceSystem;transition;2566;25;49;17;49;100;0,26;0,54;0;0,09;112,42;112,42;0,99;0,9
7;StudentAttendanceSystem;pair;2566;25;49;50;268;100;0,22;0,22;1,24;0,23;114,42;114,42;2,43;1,9
7;StudentAttendanceSystem;state;2567;23;44;9;50;100;0,29;0,23;0;0,05;114,42;114,42;0,64;0,57
7;StudentAttendanceSystem;transition;2567;23;44;15;44;100;0,3;0,51;0;0,09;115,42;115,42;1,01;0,91
7;StudentAttendanceSystem;pair;2567;23;44;38;208;100;0,29;0,17;1,04;0,23;116,42;117,42;2,41;1,72
7;StudentAttendanceSystem;state;2568;30;60;13;72;100;0,38;0,51;0;0,13;117,42;117,42;1,16;1,03
7;StudentAttendanceSystem;transition;2568;30;60;21;59;100;0,3;0,69;0;0,13;118,42;118,42;1,24;1,12
7;StudentAttendanceSystem;pair;2568;30;60;61;339;100;0,24;0,2;1,82;0,41;120,42;120,42;3,25;2,67
7;StudentAttendanceSystem;state;2569;26;52;11;61;100;0,28;0,44;0;0,1;121,42;121,42;0,94;0,82
7;StudentAttendanceSystem;transition;2569;26;52;18;52;100;0,36;1,01;0;0,2;122,42;122,42;1,74;1,57
7;StudentAttendanceSystem;pair;2569;26;52;48;272;100;0,35;0,25;1,8;0,44;123,42;123,42;3,58;2,84
7;StudentAttendanceSystem;state;2570;29;56;12;67;100;0,3;0,4;0;0,08;124,42;124,42;0,86;0,78
7;StudentAttendanceSystem;transition;2570;29;56;19;55;100;0,34;0,96;0;0,12;125,42;125,42;1,55;1,42
7;StudentAttendanceSystem;pair;2570;29;56;49;281;100;0,27;0,29;1,47;0,36;126,42;127,42;3,01;2,38
7;StudentAttendanceSystem;state;2571;24;44;9;48;100;0,32;0,31;0;0,08;127,42;127,42;0,82;0,71
7;StudentAttendanceSystem;transition;2571;24;44;16;43;100;0,26;0,7;0;0,14;128,42;128,42;1,24;1,09
7;StudentAttendanceSystem;pair;2571;24;44;39;211;100;0,29;0,19;1,12;0,35;129,42;129,42;2,46;1,94
7;StudentAttendanceSystem;state;2572;27;54;12;64;100;0,27;0,32;0;0,07;130,42;130,42;0,75;0,66
7;StudentAttendanceSystem;transition;2572;27;54;18;54;100;0,23;0,59;0;0,12;131,42;131,42;1,06;0,94
7;StudentAttendanceSystem;pair;2572;27;54;51;289;100;0,26;0,2;1,43;0,34;132,42;133,42;2,8;2,23
7;StudentAttendanceSystem;state;2573;25;48;9;49;100;0,32;0,44;0;0,08;133,42;133,42;0,97;0,84
7;StudentAttendanceSystem;transition;2573;25;48;17;47;100;0,33;0,85;0;0,19;134,42;134,42;1,52;1,37
7;StudentAttendanceSystem;pair;2573;25;48;43;245;100;0,22;0,22;1,4;0,37;135,42;136,42;2,82;2,2
7;StudentAttendanceSystem;state;2574;29;57;12;67;100;0,35;0,41;0;0,12;136,42;136,42;0,98;0,88
7;StudentAttendanceSystem;transition;2574;29;57;20;56;100;0,3;0,82;0;0,15;137,42;137,42;1,4;1,26
7;StudentAttendanceSystem;pair;2574;29;57;52;292;100;0,32;0,2;1,78;0,4;139,42;139,42;3,43;2,7
7;StudentAttendanceSystem;state;2575;24;46;10;55;100;0,31;0,43;0;0,08;140,42;140,42;0,93;0,83
7;StudentAttendanceSystem;transition;2575;24;46;15;46;100;0,32;0,76;0;0,13;140,42;140,42;1,35;1,21
7;StudentAttendanceSystem;pair;2575;24;46;44;240;100;0,32;0,18;1,34;0,31;142,42;142,42;2,77;2,15
7;StudentAttendanceSystem;state;2576;25;48;10;51;100;0,35;0,4;0;0,09;142,42;142,42;0,96;0,84
7;StudentAttendanceSystem;transition;2576;25;48;18;47;100;0,33;0,86;0;0,19;143,42;143,42;1,54;1,38
7;StudentAttendanceSystem;pair;2576;25;48;46;249;100;0,33;0,21;1,46;0,32;145,42;145,42;2,94;2,32
7;StudentAttendanceSystem;state;2577;27;52;11;59;100;0,36;0,4;0;0,1;145,42;145,42;1,02;0,86
7;StudentAttendanceSystem;transition;2577;27;52;18;51;100;0,35;0,83;0;0,16;146,42;146,42;1,49;1,34
7;StudentAttendanceSystem;pair;2577;27;52;52;294;100;0,28;0,22;1,71;0,46;148,42;148,42;3,32;2,67
7;StudentAttendanceSystem;state;2578;26;51;11;61;100;0,36;0,48;0;0,1;149,42;149,42;1,07;0,94
7;StudentAttendanceSystem;transition;2578;26;51;17;51;100;0,35;0,89;0;0,19;149,42;150,42;1,6;1,42
7;StudentAttendanceSystem;pair;2578;26;51;45;257;100;0,36;0,29;1,57;0,36;151,42;151,42;3,31;2,59
7;StudentAttendanceSystem;state;2579;23;42;8;43;100;0,3;0,34;0;0,05;152,42;152,42;0,85;0,69
7;StudentAttendanceSystem;transition;2579;23;42;15;41;100;0,21;0,61;0;0,11;152,42;153,42;1,07;0,93
7;StudentAttendanceSystem;pair;2579;23;42;35;197;100;0,28;0,16;0,8;0,19;154,42;154,42;1,87;1,44
7;StudentAttendanceSystem;state;2580;19;34;7;37;100;0,21;0,25;0;0,05;154,42;154,42;0,6;0,51
7;StudentAttendanceSystem;transition;2580;19;34;12;34;100;0,47;0,39;0;0,07;155,42;155,42;1,03;0,92
7;StudentAttendanceSystem;pair;2580;19;34;34;174;100;0,21;0,09;0,58;0,23;156,42;156,42;1,45;1,12
7;StudentAttendanceSystem;state;2581;28;53;12;66;100;0,26;0,3;0;0,07;157,42;157,42;0,72;0,64
7;StudentAttendanceSystem;transition;2581;28;53;18;52;100;0,22;0,76;0;0,19;157,42;158,42;1,31;1,17
7;StudentAttendanceSystem;pair;2581;28;53;51;277;100;0,33;0,21;1,75;0,36;159,42;159,42;3,38;2,66
7;StudentAttendanceSystem;state;2582;22;38;8;43;100;0,27;0,28;0;0,07;160,42;160,42;0,72;0,62
7;StudentAttendanceSystem;transition;2582;22;38;13;37;100;0,27;0,55;0;0,11;160,42;161,42;1,06;0,92
7;StudentAttendanceSystem;pair;2582;22;38;35;183;100;0,2;0,12;0,98;0,21;161,42;162,42;2,03;1,51
7;StudentAttendanceSystem;state;2583;29;57;12;67;100;0,38;0,38;0;0,17;162,42;162,42;1,11;0,93
7;StudentAttendanceSystem;transition;2583;29;57;19;56;100;0,5;1,11;0;0,28;163,42;163,42;2,07;1,89
7;StudentAttendanceSystem;pair;2583;29;57;55;315;100;0,4;0,28;2,26;0,42;165,42;165,42;4,15;3,36
7;StudentAttendanceSystem;state;2584;22;43;8;43;100;0,39;0,42;0;0,08;166,42;166,42;1,05;0,89
7;StudentAttendanceSystem;transition;2584;22;43;15;43;100;0,35;0,8;0;0,15;166,42;166,42;1,46;1,29
7;StudentAttendanceSystem;pair;2584;22;43;39;221;100;0,37;0,2;1,45;0,31;168,42;168,42;3,03;2,33
7;StudentAttendanceSystem;state;2585;24;48;10;51;100;0,36;0,45;0;0,09;168,42;168,42;1,02;0,9
7;StudentAttendanceSystem;transition;2585;24;48;17;48;100;0,39;0,93;0;0,12;169,42;169,42;1,58;1,44
7;StudentAttendanceSystem;pair;2585;24;48;47;262;100;0,22;0,16;1,38;0,23;170,42;171,42;2,55;1,99
7;StudentAttendanceSystem;state;2586;23;46;9;48;100;0,31;0,26;0;0,05;171,42;171,42;0,7;0,61
7;StudentAttendanceSystem;transition;2586;23;46;16;46;100;0,22;0,53;0;0,1;172,42;172,42;0,95;0,85
7;StudentAttendanceSystem;pair;2586;23;46;48;268;100;0,25;0,18;1,37;0,34;173,42;174,42;2,76;2,14
7;StudentAttendanceSystem;state;2587;25;47;10;51;100;0,25;0,24;0;0,05;174,42;174,42;0,6;0,54
7;StudentAttendanceSystem;transition;2587;25;47;17;46;100;0,35;0,54;0;0,11;175,42;175,42;1,12;1
7;StudentAttendanceSystem;pair;2587;25;47;45;247;100;0,31;0,15;1,28;0,39;176,42;177,42;2,66;2,13
7;StudentAttendanceSystem;state;2588;29;56;13;69;100;0,4;0,47;0;0,1;177,42;177,42;1,09;0,98
7;StudentAttendanceSystem;transition;2588;29;56;20;55;100;0,27;0,76;0;0,2;178,42;178,42;1,38;1,24
7;StudentAttendanceSystem;pair;2588;29;56;53;287;100;0,41;0,19;1,43;0,41;180,42;180,42;3,2;2,44
7;StudentAttendanceSystem;state;2589;25;47;11;60;100;0,24;0,35;0;0,1;181,42;181,42;0,79;0,69
7;StudentAttendanceSystem;transition;2589;25;47;15;47;100;0,33;0,83;0;0,12;181,42;181,42;1,45;1,28
7;StudentAttendanceSystem;pair;2589;25;47;44;242;100;0,26;0,18;1,03;0,22;183,42;183,42;2,18;1,68
7;StudentAttendanceSystem;state;2590;24;45;9;48;100;0,33;0,35;0;0,07;183,42;184,42;0,85;0,74
7;StudentAttendanceSystem;transition;2590;24;45;16;44;100;0,23;0,51;0;0,1;184,42;184,42;0,94;0,84
7;StudentAttendanceSystem;pair;2590;24;45;45;245;100;0,24;0,2;1,04;0,19;185,42;6,35;3,81;1,68
7;StudentAttendanceSystem;state;2591;22;40;9;47;100;0,3;0,3;0;0,07;6,35;6,35;0,77;0,67
7;StudentAttendanceSystem;transition;2591;22;40;13;40;100;0,32;0,46;0;0,09;7,35;7,35;0,97;0,87
7;StudentAttendanceSystem;pair;2591;22;40;38;208;100;0,2;0,19;0,92;0,16;8,35;8,35;1,84;1,46
7;StudentAttendanceSystem;state;2592;26;51;11;61;100;0,28;0,34;0;0,1;9,35;9,35;0,84;0,73
7;StudentAttendanceSystem;transition;2592;26;51;17;51;100;0,34;0,74;0;0,11;10,35;10,35;1,34;1,19
7;StudentAttendanceSystem;pair;2592;26;51;45;257;100;0,33;0,25;1,6;0,38;11,35;11,35;3,3;2,56
7;StudentAttendanceSystem;state;2593;25;48;11;60;100;0,38;0,41;0;0,09;12,35;12,35;1;0,88
7;StudentAttendanceSystem;transition;2593;25;48;16;48;100;0,22;0,64;0;0,09;13,35;13,35;1,06;0,95
7;StudentAttendanceSystem;pair;2593;25;48;47;253;100;0,22;0,21;1,25;0,24;14,35;14,35;2,51;1,92
7;StudentAttendanceSystem;state;2594;23;44;9;48;100;0,27;0,3;0;0,07;15,35;15,35;0,75;0,64
7;StudentAttendanceSystem;transition;2594;23;44;15;44;100;0,24;0,49;0;0,09;16,35;16,35;0,9;0,81
7;StudentAttendanceSystem;pair;2594;23;44;39;223;100;0,21;0,13;1,22;0,3;17,35;17,35;2,39;1,86
7;StudentAttendanceSystem;state;2595;24;44;9;48;100;0,24;0,31;0;0,08;18,35;18,35;0,74;0,63
7;StudentAttendanceSystem;transition;2595;24;44;15;43;100;0,32;0,84;0;0,14;18,35;18,35;1,45;1,3
7;StudentAttendanceSystem;pair;2595;24;44;41;228;100;0,31;0,2;1,21;0,29;20,35;20,35;2,62;2,02
7;StudentAttendanceSystem;state;2596;28;54;12;66;100;0,33;0,29;0;0,06;20,35;20,35;0,75;0,68
7;StudentAttendanceSystem;transition;2596;28;54;19;53;100;0,34;1,07;0;0,2;21,35;21,35;1,77;1,61
7;StudentAttendanceSystem;pair;2596;28;54;54;292;100;0,32;0,24;1,76;0,42;23,35;23,35;3,43;2,74
7;StudentAttendanceSystem;state;2597;29;57;12;67;100;0,35;0,47;0;0,12;24,35;24,35;1,07;0,94
7;StudentAttendanceSystem;transition;2597;29;57;19;56;100;0,38;1,04;0;0,19;25,35;25,35;1,75;1,6
7;StudentAttendanceSystem;pair;2597;29;57;55;311;100;0,34;0,26;2;0,44;26,35;27,35;3,77;3,04
7;StudentAttendanceSystem;state;2598;24;46;10;53;100;0,22;0,25;0;0,05;27,35;27,35;0,59;0,52
7;StudentAttendanceSystem;transition;2598;24;46;15;46;100;0,23;0,51;0;0,09;28,35;28,35;0,92;0,83
7;StudentAttendanceSystem;pair;2598;24;46;45;255;100;0,21;0,15;0,95;0,2;29,35;30,35;1,99;1,51
7;StudentAttendanceSystem;state;2599;24;43;9;48;100;0,21;0,23;0;0,05;30,35;30,35;0,56;0,49
7;StudentAttendanceSystem;transition;2599;24;43;15;42;100;0,22;0,58;0;0,09;31,35;31,35;0,99;0,89
7;StudentAttendanceSystem;pair;2599;24;43;35;195;100;0,2;0,12;0,97;0,26;32,35;32,35;1,94;1,55
7;StudentAttendanceSystem;state;2600;25;46;10;55;100;0,31;0,42;0;0,09;33,35;33,35;0,94;0,83
7;StudentAttendanceSystem;transition;2600;25;46;16;45;100;0,31;0,86;0;0,16;33,35;34,35;1,49;1,33
7;StudentAttendanceSystem;pair;2600;25;46;44;232;100;0,35;0,21;1,35;0,3;35,35;35,35;2,82;2,2
7;StudentAttendanceSystem;state;2601;27;52;11;57;100;0,35;0,41;0;0,09;36,35;36,35;0,94;0,84
7;StudentAttendanceSystem;transition;2601;27;52;19;51;100;0,32;0,86;0;0,17;36,35;36,35;1,49;1,35
7;StudentAttendanceSystem;pair;2601;27;52;43;246;100;0,32;0,25;1,77;0,38;38,35;38,35;3,38;2,72
7;StudentAttendanceSystem;state;2602;23;40;9;47;100;0,31;0,36;0;0,07;39,35;39,35;0,85;0,74
7;StudentAttendanceSystem;transition;2602;23;40;14;39;100;0,3;0,67;0;0,12;39,35;39,35;1,21;1,09
7;StudentAttendanceSystem;pair;2602;23;40;38;196;100;0,31;0,16;1,05;0,33;40,35;41,35;2,4;1,84
7;StudentAttendanceSystem;state;2603;25;47;9;49;100;0,33;0,38;0;0,08;41,35;41,35;0,89;0,79
7;StudentAttendanceSystem;transition;2603;25;47;16;46;100;0,33;0,79;0;0,18;42,35;42,35;1,48;1,29
7;StudentAttendanceSystem;pair;2603;25;47;38;223;100;0,33;0,22;1,27;0,32;43,35;43,35;2,78;2,14
7;StudentAttendanceSystem;state;2604;25;48;11;60;100;0,28;0,31;0;0,07;44,35;44,35;0,74;0,65
7;StudentAttendanceSystem;transition;2604;25;48;16;48;100;0,27;0,63;0;0,13;45,35;45,35;1,17;1,04
7;StudentAttendanceSystem;pair;2604;25;48;47;257;100;0,24;0,16;1,13;0,22;46,35;46,35;2,18;1,75
7;StudentAttendanceSystem;state;2605;25;49;10;56;100;0,24;0,28;0;0,06;47,35;47,35;0,64;0,57
7;StudentAttendanceSystem;transition;2605;25;49;16;49;100;0,34;0,62;0;0,1;48,35;48,35;1,17;1,06
7;StudentAttendanceSystem;pair;2605;25;49;42;244;100;0,23;0,15;0,96;0,2;49,35;49,35;1,98;1,54
7;StudentAttendanceSystem;state;2606;24;45;9;48;100;0,28;0,24;0;0,04;50,35;50,35;0,63;0,56
7;StudentAttendanceSystem;transition;2606;24;45;16;44;100;0,24;0,77;0;0,15;51,35;51,35;1,31;1,17
7;StudentAttendanceSystem;pair;2606;24;45;45;245;100;0,28;0,13;0,92;0,2;52,35;52,35;1,97;1,52
7;StudentAttendanceSystem;state;2607;23;45;9;48;100;0,21;0,25;0;0,04;53,35;53,35;0,56;0,5
7;StudentAttendanceSystem;transition;2607;23;45;16;45;100;0,41;0,55;0;0,11;53,35;54,35;1,17;1,07
7;StudentAttendanceSystem;pair;2607;23;45;42;238;100;0,2;0,13;0,87;0,21;55,35;55,35;1,8;1,41
7;StudentAttendanceSystem;state;2608;21;40;8;42;100;0,19;0,21;0;0,04;55,35;56,35;0,52;0,44
7;StudentAttendanceSystem;transition;2608;21;40;14;40;100;0,18;0,46;0;0,08;56,35;56,35;0,8;0,71
7;StudentAttendanceSystem;pair;2608;21;40;41;221;100;0,18;0,15;1,12;0,3;57,35;58,35;2,23;1,75
7;StudentAttendanceSystem;state;2609;26;51;10;52;100;0,24;0,39;0;0,11;58,35;58,35;0,85;0,73
7;StudentAttendanceSystem;transition;2609;26;51;19;50;100;0,32;0,89;0;0,21;59,35;59,35;1,61;1,43
7;StudentAttendanceSystem;pair;2609;26;51;47;265;100;0,28;0,2;1,23;0,3;60,35;61,35;2,57;2
7;StudentAttendanceSystem;state;2610;21;39;8;43;100;0,21;0,26;0;0,08;61,35;61,35;0,65;0,54
7;StudentAttendanceSystem;transition;2610;21;39;13;39;100;0,28;0,52;0;0,08;62,35;62,35;1;0,88
7;StudentAttendanceSystem;pair;2610;21;39;38;206;100;0,26;0,16;0,99;0,22;63,35;63,35;2,21;1,62
7;StudentAttendanceSystem;state;2611;27;55;12;66;100;0,33;0,37;0;0,07;64,35;64,35;0,87;0,78
7;StudentAttendanceSystem;transition;2611;27;55;19;55;100;0,24;0,69;0;0,13;65,35;65,35;1,18;1,06
7;StudentAttendanceSystem;pair;2611;27;55;57;315;100;0,27;0,18;1,36;0,3;66,35;67,35;2,66;2,1
7;StudentAttendanceSystem;state;2612;25;46;10;53;100;0,26;0,32;0;0,08;67,35;67,35;0,76;0,66
7;StudentAttendanceSystem;transition;2612;25;46;16;45;100;0,22;0,63;0;0,1;68,35;68,35;1,08;0,95
7;StudentAttendanceSystem;pair;2612;25;46;45;243;100;0,24;0,16;0,98;0,2;69,35;70,35;2,03;1,59
7;StudentAttendanceSystem;state;2613;25;46;10;51;100;0,28;0,28;0;0,06;70,35;70,35;0,71;0,63
7;StudentAttendanceSystem;transition;2613;25;46;17;45;100;0,21;0,58;0;0,11;71,35;71,35;1;0,9
7;StudentAttendanceSystem;pair;2613;25;46;37;205;100;0,21;0,13;0,92;0,19;72,35;72,35;1,84;1,45
7;StudentAttendanceSystem;state;2614;27;51;11;61;100;0,3;0,42;0;0,1;73,35;73,35;0,93;0,82
7;StudentAttendanceSystem;transition;2614;27;51;17;50;100;0,35;0,86;0;0,18;74,35;74,35;1,57;1,39
7;StudentAttendanceSystem;pair;2614;27;51;48;264;100;0,36;0,25;1,84;0,27;75,35;75,35;3,39;2,71
7;StudentAttendanceSystem;state;2615;28;54;11;62;100;0,3;0,38;0;0,08;76,35;76,35;0,88;0,76
7;StudentAttendanceSystem;transition;2615;28;54;18;53;100;0,24;0,74;0;0,13;77,35;77,35;1,24;1,12
7;StudentAttendanceSystem;pair;2615;28;54;46;268;100;0,26;0,3;1,39;0,29;78,35;79,35;2,83;2,24
7;StudentAttendanceSystem;state;2616;26;48;10;56;100;0,36;0,33;0;0,1;79,35;79,35;0,88;0,79
7;StudentAttendanceSystem;transition;2616;26;48;16;47;100;0,24;0,69;0;0,15;80,35;80,35;1,25;1,09
7;StudentAttendanceSystem;pair;2616;26;48;39;221;100;0,28;0,18;1,18;0,29;81,35;82,35;2,56;1,93
7;StudentAttendanceSystem;state;2617;22;44;8;43;100;0,3;0,35;0;0,1;82,35;82,35;0,87;0,74
7;StudentAttendanceSystem;transition;2617;22;44;16;44;100;0,28;0,73;0;0,14;83,35;83,35;1,3;1,14
7;StudentAttendanceSystem;pair;2617;22;44;42;236;100;0,3;0,21;1,3;0,32;84,35;84,35;2,77;2,13
7;StudentAttendanceSystem;state;2618;23;45;9;50;100;0,32;0,35;0;0,08;85,35;85,35;0,87;0,75
7;StudentAttendanceSystem;transition;2618;23;45;16;45;100;0,31;0,8;0;0,15;85,35;86,35;1,41;1,25
7;StudentAttendanceSystem;pair;2618;23;45;41;223;100;0,31;0,2;1,31;0,31;87,35;87,35;2,76;2,12
7;StudentAttendanceSystem;state;2619;21;39;8;43;100;0,3;0,36;0;0,07;87,35;88,35;0,85;0,73
7;StudentAttendanceSystem;transition;2619;21;39;13;39;100;0,28;0,68;0;0,12;88,35;88,35;1,22;1,08
7;StudentAttendanceSystem;pair;2619;21;39;38;206;100;0,29;0,17;1,17;0,27;89,35;90,35;2,49;1,91
7;StudentAttendanceSystem;state;2620;25;47;10;53;100;0,36;0,43;0;0,09;90,35;90,35;0,99;0,87
7;StudentAttendanceSystem;transition;2620;25;47;17;46;100;0,32;0,91;0;0,16;91,35;91,35;1,54;1,39
7;StudentAttendanceSystem;pair;2620;25;47;48;258;100;0,34;0,25;1,54;0,41;92,35;93,35;3,16;2,54
7;StudentAttendanceSystem;state;2621;21;39;8;42;100;0,3;0,36;0;0,07;93,35;93,35;0,83;0,73
7;StudentAttendanceSystem;transition;2621;21;39;14;39;100;0,29;0,66;0;0,12;94,35;94,35;1,2;1,06
7;StudentAttendanceSystem;pair;2621;21;39;36;191;100;0,28;0,18;1,08;0,29;95,35;95,35;2,38;1,84
7;StudentAttendanceSystem;state;2622;27;53;12;66;100;0,34;0,43;0;0,1;96,35;96,35;1;0,88
7;StudentAttendanceSystem;transition;2622;27;53;17;53;100;0,35;0,86;0;0,18;96,35;96,35;1,55;1,39
7;StudentAttendanceSystem;pair;2622;27;53;51;289;100;0,34;0,26;1,88;0,39;98,35;98,35;3,56;2,87
7;StudentAttendanceSystem;state;2623;21;40;8;42;100;0,31;0,36;0;0,07;99,35;99,35;0,86;0,74
7;StudentAttendanceSystem;transition;2623;21;40;14;40;100;0,33;0,7;0;0,08;99,35;99,35;1,31;1,11
7;StudentAttendanceSystem;pair;2623;21;40;41;221;100;0,3;0,17;1,15;0,27;100,35;101,35;2,54;1,89
7;StudentAttendanceSystem;state;2624;25;48;11;60;100;0,34;0,4;0;0,09;101,35;101,35;0,95;0,84
7;StudentAttendanceSystem;transition;2624;25;48;16;48;100;0,44;0,86;0;0,18;102,35;102,35;1,66;1,48
7;StudentAttendanceSystem;pair;2624;25;48;47;257;100;0,34;0,2;1,35;0,26;103,35;104,35;2,8;2,15
7;StudentAttendanceSystem;state;2625;26;49;10;54;100;0,33;0,36;0;0,09;104,35;104,35;0,9;0,79
7;StudentAttendanceSystem;transition;2625;26;49;16;48;100;0,35;0,78;0;0,16;105,35;105,35;1,45;1,29
7;StudentAttendanceSystem;pair;2625;26;49;46;266;100;0,38;0,21;1,71;0,39;106,35;107,35;3,43;2,7
7;StudentAttendanceSystem;state;2626;26;49;10;54;100;0,36;0,38;0;0,09;107,35;107,35;0,96;0,83
7;StudentAttendanceSystem;transition;2626;26;49;16;48;100;0,34;0,83;0;0,16;108,35;108,35;1,51;1,33
7;StudentAttendanceSystem;pair;2626;26;49;46;266;100;0,33;0,27;1,7;0,34;110,35;110,35;3,34;2,65
7;StudentAttendanceSystem;state;2627;23;44;10;50;100;0,34;0,37;0;0,08;110,35;110,35;0,91;0,79
7;StudentAttendanceSystem;transition;2627;23;44;16;44;100;0,3;0,69;0;0,14;111,35;111,35;1,32;1,13
7;StudentAttendanceSystem;pair;2627;23;44;43;229;100;0,31;0,17;1,32;0,28;112,35;113,35;2,75;2,09
7;StudentAttendanceSystem;state;2628;24;47;10;53;100;0,33;0,47;0;0,09;113,35;113,35;1,01;0,89
7;StudentAttendanceSystem;transition;2628;24;47;16;47;100;0,3;0,86;0;0,16;114,35;114,35;1,49;1,32
7;StudentAttendanceSystem;pair;2628;24;47;48;270;100;0,33;0,21;1,6;0,42;115,35;116,35;3,24;2,57
7;StudentAttendanceSystem;state;2629;21;38;8;43;100;0,32;0,39;0;0,08;116,35;116,35;0,91;0,78
7;StudentAttendanceSystem;transition;2629;21;38;12;38;100;0,29;0,78;0;0,1;117,35;117,35;1,32;1,18
7;StudentAttendanceSystem;pair;2629;21;38;35;195;100;0,26;0,16;1,04;0,25;118,35;118,35;2,28;1,71
7;StudentAttendanceSystem;state;2630;26;49;11;56;100;0,35;0,5;0;0,09;119,35;119,35;1,08;0,95
7;StudentAttendanceSystem;transition;2630;26;49;18;48;100;0,35;0,98;0;0,15;119,35;120,35;1,69;1,48
7;StudentAttendanceSystem;pair;2630;26;49;47;253;100;0,34;0,23;1,63;0,3;121,35;121,35;3,28;2,5
7;StudentAttendanceSystem;state;2631;24;43;9;48;100;0,38;0,37;0;0,06;122,35;122,35;0,94;0,81
7;StudentAttendanceSystem;transition;2631;24;43;14;42;100;0,21;0,56;0;0,1;122,35;122,35;0,98;0,88
7;StudentAttendanceSystem;pair;2631;24;43;38;213;100;0,24;0,15;0,94;0,2;123,35;124,35;1,97;1,53
7;StudentAttendanceSystem;state;2632;25;47;10;53;100;0,29;0,31;0;0,08;124,35;124,35;0,77;0,67
7;StudentAttendanceSystem;transition;2632;25;47;17;46;100;0,29;0,75;0;0,16;125,35;125,35;1,35;1,2
7;StudentAttendanceSystem;pair;2632;25;47;48;258;100;0,3;0,19;1,24;0,27;126,35;127,35;2,67;1,99
7;StudentAttendanceSystem;state;2633;21;38;8;43;100;0,27;0,22;0;0,04;127,35;127,35;0,6;0,53
7;StudentAttendanceSystem;transition;2633;21;38;12;38;100;0,2;0,49;0;0,11;128,35;128,35;0,92;0,8
7;StudentAttendanceSystem;pair;2633;21;38;35;195;100;0,29;0,16;0,93;0,26;129,35;129,35;2,17;1,63
7;StudentAttendanceSystem;state;2634;25;49;11;56;100;0,23;0,27;0;0,05;130,35;130,35;0,62;0,55
7;StudentAttendanceSystem;transition;2634;25;49;17;49;100;0,23;0,58;0;0,1;130,35;131,35;1,01;0,9
7;StudentAttendanceSystem;pair;2634;25;49;48;268;100;0,22;0,19;1,08;0,22;132,35;132,35;2,23;1,71
7;StudentAttendanceSystem;state;2635;28;53;12;66;100;0,3;0,33;0;0,07;133,35;133,35;0,78;0,7
7;StudentAttendanceSystem;transition;2635;28;53;18;52;100;0,24;0,69;0;0,11;134,35;134,35;1,17;1,04
7;StudentAttendanceSystem;pair;2635;28;53;51;277;100;0,24;0,22;1,32;0,27;135,35;136,35;2,51;2,05
7;StudentAttendanceSystem;state;2636;22;42;9;45;100;0,23;0,23;0;0,04;136,35;136,35;0,58;0,5
7;StudentAttendanceSystem;transition;2636;22;42;15;42;100;0,24;0,59;0;0,08;137,35;137,35;1,03;0,91
7;StudentAttendanceSystem;pair;2636;22;42;40;216;100;0,22;0,16;0,83;0,23;138,35;138,35;1,86;1,44
7;StudentAttendanceSystem;state;2637;24;46;10;55;100;0,25;0,38;0;0,08;139,35;139,35;0,81;0,72
7;StudentAttendanceSystem;transition;2637;24;46;16;46;100;0,21;0,57;0;0,12;139,35;140,35;1,03;0,9
7;StudentAttendanceSystem;pair;2637;24;46;40;220;100;0,24;0,14;0,92;0,27;141,35;141,35;2,02;1,57
7;StudentAttendanceSystem;state;2638;27;50;11;61;100;0,38;0,34;0;0,12;141,35;142,35;0,98;0,85
7;StudentAttendanceSystem;transition;2638;27;50;16;49;100;0,28;0,8;0;0,15;142,35;142,35;1,45;1,24
7;StudentAttendanceSystem;pair;2638;27;50;45;253;100;0,34;0,21;1,61;0,31;144,35;144,35;3,09;2,47
7;StudentAttendanceSystem;state;2639;25;46;10;53;100;0,33;0,38;0;0,08;144,35;145,35;0,95;0,8
7;StudentAttendanceSystem;transition;2639;25;46;16;45;100;0,31;0,75;0;0,14;145,35;145,35;1,37;1,21
7;StudentAttendanceSystem;pair;2639;25;46;45;243;100;0,33;0,17;1,39;0,38;147,35;147,35;2,89;2,27
7;StudentAttendanceSystem;state;2640;26;48;11;56;100;0,34;0,47;0;0,1;147,35;147,35;1,03;0,91
7;StudentAttendanceSystem;transition;2640;26;48;17;47;100;0,37;0,84;0;0,14;148,35;148,35;1,52;1,35
7;StudentAttendanceSystem;pair;2640;26;48;43;236;100;0,4;0,2;1,34;0,35;149,35;150,35;3,03;2,3
7;StudentAttendanceSystem;state;2641;27;51;11;59;100;0,42;0,55;0;0,13;150,35;150,35;1,23;1,1
7;StudentAttendanceSystem;transition;2641;27;51;17;50;100;0,36;0,87;0;0,16;151,35;151,35;1,56;1,39
7;StudentAttendanceSystem;pair;2641;27;51;49;279;100;0,34;0,22;1,72;0,24;153,35;153,35;3,25;2,52
7;StudentAttendanceSystem;state;2642;27;53;11;57;100;0,31;0,36;0;0,07;154,35;154,35;0,9;0,74
7;StudentAttendanceSystem;transition;2642;27;53;19;52;100;0,27;0,75;0;0,14;154,35;154,35;1,29;1,16
7;StudentAttendanceSystem;pair;2642;27;53;53;297;100;0,24;0,2;1,51;0,3;156,35;156,35;2,79;2,25
7;StudentAttendanceSystem;state;2643;27;51;11;59;100;0,3;0,43;0;0,11;157,35;157,35;0,97;0,85
7;StudentAttendanceSystem;transition;2643;27;51;17;50;100;0,37;0,99;0;0,16;158,35;158,35;1,69;1,52
7;StudentAttendanceSystem;pair;2643;27;51;49;279;100;0,32;0,21;1,35;0,38;159,35;160,35;3,03;2,26
7;StudentAttendanceSystem;state;2644;28;53;12;66;100;0,4;0,49;0;0,08;160,35;160,35;1,11;0,97
7;StudentAttendanceSystem;transition;2644;28;53;18;52;100;0,37;0,92;0;0,16;161,35;161,35;1,61;1,45
7;StudentAttendanceSystem;pair;2644;28;53;51;281;100;0,27;0,22;1,57;0,3;162,35;163,35;3,02;2,36
7;StudentAttendanceSystem;state;2645;26;51;11;61;100;0,26;0,3;0;0,09;163,35;163,35;0,77;0,65
7;StudentAttendanceSystem;transition;2645;26;51;16;51;100;0,27;0,73;0;0,11;164,35;164,35;1,25;1,11
7;StudentAttendanceSystem;pair;2645;26;51;48;276;100;0,3;0,17;1,37;0,32;166,35;166,35;2,86;2,16
7;StudentAttendanceSystem;state;2646;27;51;11;61;100;0,26;0,29;0;0,09;166,35;167,35;0,73;0,64
7;StudentAttendanceSystem;transition;2646;27;51;17;50;100;0,27;0,67;0;0,1;167,35;167,35;1,18;1,05
7;StudentAttendanceSystem;pair;2646;27;51;48;264;100;0,31;0,16;1,44;0,27;169,35;169,35;2,74;2,18
7;StudentAttendanceSystem;state;2647;24;44;9;48;100;0,25;0,27;0;0,06;170,35;170,35;0,68;0,58
7;StudentAttendanceSystem;transition;2647;24;44;16;43;100;0,31;0,65;0;0,14;170,35;170,35;1,27;1,11
7;StudentAttendanceSystem;pair;2647;24;44;38;206;100;0,3;0,12;1,1;0,22;171,35;172,35;2,23;1,74
7;StudentAttendanceSystem;state;2648;24;44;9;48;100;0,32;0,41;0;0,05;172,35;172,35;0,87;0,78
7;StudentAttendanceSystem;transition;2648;24;44;15;43;100;0,23;0,61;0;0,17;173,35;173,35;1,15;1,01
7;StudentAttendanceSystem;pair;2648;24;44;41;228;100;0,34;0,18;1,26;0,3;174,35;175,35;2,74;2,08
7;StudentAttendanceSystem;state;2649;27;52;11;59;100;0,39;0,54;0;0,11;175,35;175,35;1,15;1,03
7;StudentAttendanceSystem;transition;2649;27;52;18;51;100;0,45;1,02;0;0,19;176,35;176,35;1,82;1,66
7;StudentAttendanceSystem;pair;2649;27;52;52;290;100;0,39;0,29;1,94;0,31;177,35;178,35;3,61;2,93
7;StudentAttendanceSystem;state;2650;24;43;9;48;100;0,28;0,44;0;0,06;178,35;178,35;0,87;0,78
7;StudentAttendanceSystem;transition;2650;24;43;14;42;100;0,43;0,61;0;0,11;179,35;179,35;1,29;1,16
7;StudentAttendanceSystem;pair;2650;24;43;38;213;100;0,21;0,13;0,94;0,27;180,35;180,35;2;1,55
7;StudentAttendanceSystem;state;2651;24;45;10;55;100;0,36;0,34;0;0,07;181,35;181,35;0,9;0,78
7;StudentAttendanceSystem;transition;2651;24;45;14;45;100;0,27;0,68;0;0,11;182,35;182,35;1,18;1,06
7;StudentAttendanceSystem;pair;2651;24;45;41;229;100;0,29;0,17;1,1;0,27;183,35;183,35;2,45;1,83
7;StudentAttendanceSystem;state;2652;28;53;12;66;100;0,34;0,41;0;0,08;184,35;184,35;0,98;0,83
7;StudentAttendanceSystem;transition;2652;28;53;18;52;100;0,33;0,89;0;0,19;185,35;185,35;1,6;1,42
7;StudentAttendanceSystem;pair;2652;28;53;51;281;100;0,38;0,23;10,47;0,33;186,51;6,51;12,11;11,4
7;StudentAttendanceSystem;state;2653;23;43;8;43;100;0,28;0,46;0;0,08;7,51;7,51;0,98;0,82
7;StudentAttendanceSystem;transition;2653;23;43;16;42;100;0,33;0,81;0;0,17;8,51;8,51;1,49;1,31
7;StudentAttendanceSystem;pair;2653;23;43;38;208;100;0,34;0,17;1,25;0,34;9,51;9,51;2,75;2,1
7;StudentAttendanceSystem;state;2654;23;44;9;48;100;0,33;0,39;0;0,07;10,51;10,51;0,91;0,8
7;StudentAttendanceSystem;transition;2654;23;44;14;44;100;0,38;0,82;0;0,18;10,51;10,51;1,66;1,38
7;StudentAttendanceSystem;pair;2654;23;44;42;242;100;0,38;0,22;1,36;0,32;12,51;12,51;2,94;2,28
7;StudentAttendanceSystem;state;2655;28;57;13;69;100;0,38;0,47;0;0,11;12,51;13,51;1,09;0,97
7;StudentAttendanceSystem;transition;2655;28;57;20;57;100;0,37;1,12;0;0,19;13,51;13,51;1,89;1,69
7;StudentAttendanceSystem;pair;2655;28;57;56;310;100;0,44;0,27;1,96;0,43;15,51;15,51;3,98;3,1
7;StudentAttendanceSystem;state;2656;22;41;9;47;100;0,36;0,36;0;0,1;16,51;16,51;0,95;0,82
7;StudentAttendanceSystem;transition;2656;22;41;14;41;100;0,34;0,75;0;0,15;16,51;17,51;1,47;1,23
7;StudentAttendanceSystem;pair;2656;22;41;41;223;100;0,33;0,19;1,26;0,28;18,51;18,51;2,66;2,06
7;StudentAttendanceSystem;state;2657;26;52;11;61;100;0,36;0,42;0;0,1;19,51;19,51;1,09;0,89
7;StudentAttendanceSystem;transition;2657;26;52;17;52;100;0,35;0,99;0;0,19;19,51;19,51;1,72;1,53
7;StudentAttendanceSystem;pair;2657;26;52;51;287;100;0,49;0,25;1,79;0,5;21,51;21,51;3,77;3,04
7;StudentAttendanceSystem;state;2658;26;51;12;63;100;0,44;0,5;0;0,11;22,51;22,51;1,19;1,05
7;StudentAttendanceSystem;transition;2658;26;51;18;51;100;0,35;0,88;0;0,16;22,51;23,51;1,58;1,38
7;StudentAttendanceSystem;pair;2658;26;51;49;263;100;0,34;0,24;1,67;0,36;24,51;24,51;3,34;2,61
7;StudentAttendanceSystem;state;2659;28;55;11;62;100;0,33;0,41;0;0,16;25,51;25,51;1,07;0,89
7;StudentAttendanceSystem;transition;2659;28;55;19;54;100;0,29;1,06;0;0,19;26,51;26,51;1,75;1,54
7;StudentAttendanceSystem;pair;2659;28;55;49;279;100;0,36;0,25;1,52;0,41;27,51;28,51;3,24;2,55
7;StudentAttendanceSystem;state;2660;24;45;10;55;100;0,31;0,38;0;0,09;28,51;28,51;0,91;0,78
7;StudentAttendanceSystem;transition;2660;24;45;14;45;100;0,23;0,65;0;0,09;29,51;29,51;1,11;0,98
7;StudentAttendanceSystem;pair;2660;24;45;41;229;100;0,25;0,15;1,14;0,18;30,51;30,51;2,16;1,73
7;StudentAttendanceSystem;state;2661;25;46;10;53;100;0,27;0,27;0;0,05;31,51;31,51;0,67;0,59
7;StudentAttendanceSystem;transition;2661;25;46;16;45;100;0,21;0,56;0;0,13;32,51;32,51;1,04;0,9
7;StudentAttendanceSystem;pair;2661;25;46;45;247;100;0,39;0,16;1,04;0,26;33,51;33,51;2,43;1,85
7;StudentAttendanceSystem;state;2662;27;52;11;59;100;0,46;0,43;0;0,08;34,51;34,51;1,15;0,97
7;StudentAttendanceSystem;transition;2662;27;52;18;51;100;0,36;0,78;0;0,12;35,51;35,51;1,42;1,26
7;StudentAttendanceSystem;pair;2662;27;52;52;290;100;0,33;0,26;1,51;0,28;36,51;37,51;2,99;2,37
7;StudentAttendanceSystem;state;2663;29;56;12;67;100;0,3;0,36;0;0,07;37,51;37,51;0,84;0,74
7;StudentAttendanceSystem;transition;2663;29;56;18;55;100;0,28;1,04;0;0,16;38,51;38,51;1,65;1,48
7;StudentAttendanceSystem;pair;2663;29;56;52;300;100;0,29;0,26;1,6;0,35;39,51;40,51;3,28;2,51
7;StudentAttendanceSystem;state;2664;26;49;10;54;100;0,32;0,39;0;0,09;40,51;41,51;0,97;0,81
7;StudentAttendanceSystem;transition;2664;26;49;16;48;100;0,31;0,75;0;0,14;41,51;41,51;1,33;1,2
7;StudentAttendanceSystem;pair;2664;26;49;46;266;100;0,32;0,23;1,54;0,32;43,51;43,51;3,03;2,42
