RunID;SPL Name;Coverage Type;Product Index;FTS States;FTS Transitions;Test Cases;Total Test Actions;Coverage(%);Projection Time(ms);Test Generation Time(ms);Transformation Time(ms);Test Execution Time(ms);Test Generation Peak Memory(MB);Test Execution Peak Memory(MB);Wall Clock Time(ms);Segment Sum Time(ms)
8;StudentAttendanceSystem;state;1;21;39;8;42;100;11,07;9,52;0;4,61;6,47;6,47;29,46;25,2
8;StudentAttendanceSystem;transition;1;21;39;14;38;100;4,49;18,3;0;1,75;7,47;7,47;27,14;24,55
8;StudentAttendanceSystem;pair;1;21;39;36;194;100;2,51;3,78;9,07;2,81;8,47;9,47;26,1;18,16
8;StudentAttendanceSystem;state;2;26;48;11;58;100;2,03;2,46;0;0,67;9,47;9,47;6,63;5,16
8;StudentAttendanceSystem;transition;2;26;48;18;47;100;1,85;5,7;0;1;10,47;10,47;10,33;8,55
8;StudentAttendanceSystem;pair;2;26;48;40;212;100;1,35;0,72;6,13;1,63;12,47;12,47;14,19;9,83
8;StudentAttendanceSystem;state;3;31;62;14;76;100;1,48;2,05;0;0,64;13,47;13,47;5,6;4,17
8;StudentAttendanceSystem;transition;3;31;62;21;61;100;1,7;4,04;0;0,69;14,47;14,47;8,26;6,43
8;StudentAttendanceSystem;pair;3;31;62;50;293;100;1,21;0,96;7,94;2,4;15,47;16,47;16,91;12,52
8;StudentAttendanceSystem;state;4;22;40;9;49;100;1,04;1,28;0;0,3;16,47;17,47;4,19;2,63
8;StudentAttendanceSystem;transition;4;22;40;13;39;100;1,08;2,78;0;0,43;17,47;17,47;6,34;4,29
8;StudentAttendanceSystem;pair;4;22;40;38;214;100;1,27;0,51;4,06;1,05;18,47;19,47;10,01;6,88
8;StudentAttendanceSystem;state;5;30;60;13;73;100;1,34;1,71;0;0,53;20,47;20,47;4,51;3,59
8;StudentAttendanceSystem;transition;5;30;60;20;59;100;1,28;3,24;0;0,82;20,47;21,47;6,46;5,35
8;StudentAttendanceSystem;pair;5;30;60;52;300;100;1,07;0,82;5,9;1,15;22,47;23,47;12,58;8,95
8;StudentAttendanceSystem;state;6;25;51;11;60;100;1,07;1,52;0;0,23;23,47;23,47;3,64;2,83
8;StudentAttendanceSystem;transition;6;25;51;15;51;100;1,05;2,49;0;0,42;24,47;24,47;5,29;3,97
8;StudentAttendanceSystem;pair;6;25;51;48;280;100;1,1;0,8;5,02;0,99;26,47;26,47;11,14;7,91
8;StudentAttendanceSystem;state;7;11;17;4;17;100;0,65;0,67;0;0,08;27,47;27,47;2,23;1,4
8;StudentAttendanceSystem;transition;7;11;17;5;17;100;0,78;1,04;0;0,2;27,47;27,47;2,66;2,03
8;StudentAttendanceSystem;pair;7;11;17;16;66;100;0,53;0,2;1,03;0,22;28,47;28,47;3,63;1,98
8;StudentAttendanceSystem;state;8;30;60;13;70;100;1,38;1,67;0;0,47;28,47;29,47;4,34;3,51
8;StudentAttendanceSystem;transition;8;30;60;22;59;100;1,07;3,32;0;0,6;29,47;30,47;5,98;4,99
8;StudentAttendanceSystem;pair;8;30;60;54;306;100;1,34;0,85;5,97;1,51;31,47;32,47;13,77;9,68
8;StudentAttendanceSystem;state;9;18;33;7;36;100;0,94;1,19;0;0,18;32,47;32,47;3,14;2,31
8;StudentAttendanceSystem;transition;9;18;33;11;33;100;0,96;2,59;0;0,31;33,47;33,47;4,74;3,86
8;StudentAttendanceSystem;pair;9;18;33;29;159;100;0,99;0,73;2,77;0,68;34,47;34,47;7,82;5,16
8;StudentAttendanceSystem;state;10;13;21;6;25;100;0,85;0,97;0;0,16;35,47;35,47;3,07;1,97
8;StudentAttendanceSystem;transition;10;13;21;7;21;100;0,9;1,6;0;0,19;35,47;35,47;3,61;2,68
8;StudentAttendanceSystem;pair;10;13;21;18;77;100;0,79;0,26;1,45;0,38;36,47;36,47;4,93;2,87
8;StudentAttendanceSystem;state;11;22;38;9;50;100;1,07;1,53;0;0,3;36,47;36,47;3,91;2,9
8;StudentAttendanceSystem;transition;11;22;38;12;37;100;1,15;2,4;0;0,41;37,47;37,47;4,92;3,95
8;StudentAttendanceSystem;pair;11;22;38;31;168;100;1,14;0,57;3;0,82;38,47;38,47;8,66;5,53
8;StudentAttendanceSystem;state;12;24;44;10;56;100;1,2;1,48;0;0,28;39,47;39,47;3,69;2,96
8;StudentAttendanceSystem;transition;12;24;44;14;43;100;1,06;2,91;0;0,46;40,47;40,47;5,37;4,42
8;StudentAttendanceSystem;pair;12;24;44;37;211;100;0,97;0,75;4;0,85;41,47;41,47;9,94;6,56
8;StudentAttendanceSystem;state;13;22;42;10;50;100;1,11;1,56;0;0,26;42,47;42,47;3,82;2,93
8;StudentAttendanceSystem;transition;13;22;42;16;42;100;1,18;2,67;0;0,4;42,47;43,47;5,37;4,25
8;StudentAttendanceSystem;pair;13;22;42;35;182;100;1,11;0,67;2,87;1,38;44,47;44,47;9,77;6,02
8;StudentAttendanceSystem;state;14;20;41;9;44;100;1,17;1,52;0;0,32;44,47;45,47;3,89;3
8;StudentAttendanceSystem;transition;14;20;41;15;41;100;1,04;2,26;0;0,39;45,47;45,47;4,55;3,68
8;StudentAttendanceSystem;pair;14;20;41;39;217;100;1;0,57;4,18;0,62;46,47;5,49;11,73;6,36
8;StudentAttendanceSystem;state;15;22;43;9;45;100;0,95;1,16;0;0,21;5,49;5,49;3,19;2,31
8;StudentAttendanceSystem;transition;15;22;43;16;43;100;1;2,19;0;0,29;6,49;6,49;4,34;3,49
8;StudentAttendanceSystem;pair;15;22;43;43;231;100;0,68;0,54;3,15;0,67;7,49;8,49;8,01;5,05
8;StudentAttendanceSystem;state;16;27;54;12;67;100;1,06;1,19;0;0,3;8,49;9,49;3,26;2,55
8;StudentAttendanceSystem;transition;16;27;54;17;54;100;0,78;2,1;0;0,39;9,49;9,49;4,37;3,26
8;StudentAttendanceSystem;pair;16;27;54;45;265;100;0,88;0,75;4,88;0,77;11,49;11,49;11,29;7,29
8;StudentAttendanceSystem;state;17;27;54;12;68;100;0,78;0,98;0;0,21;12,49;12,49;2,62;1,97
8;StudentAttendanceSystem;transition;17;27;54;17;53;100;1,08;2,31;0;0,38;13,49;13,49;4,66;3,77
8;StudentAttendanceSystem;pair;17;27;54;47;281;100;0,52;0,67;4,53;0,86;14,49;15,49;9,95;6,58
8;StudentAttendanceSystem;state;18;12;19;5;22;100;0,67;0,72;0;0,08;15,49;15,49;1,96;1,47
8;StudentAttendanceSystem;transition;18;12;19;6;19;100;0,43;0,84;0;0,08;16,49;16,49;1,77;1,36
8;StudentAttendanceSystem;pair;18;12;19;21;86;100;0,38;0,14;0,54;0,16;16,49;17,49;2,12;1,22
8;StudentAttendanceSystem;state;19;27;54;12;68;100;0,73;1,04;0;0,28;17,49;17,49;2,65;2,05
8;StudentAttendanceSystem;transition;19;27;54;17;53;100;0,77;2,59;0;0,34;18,49;18,49;4,56;3,7
8;StudentAttendanceSystem;pair;19;27;54;46;278;100;0,72;0,72;3,87;0,69;19,49;20,49;9,03;5,99
8;StudentAttendanceSystem;state;20;22;38;8;42;100;0,73;1,04;0;0,13;21,49;21,49;2,47;1,89
8;StudentAttendanceSystem;transition;20;22;38;14;37;100;0,58;1,93;0;0,24;21,49;21,49;3,57;2,75
8;StudentAttendanceSystem;pair;20;22;38;33;168;100;0,56;0,46;2,35;0,44;22,49;23,49;5,92;3,82
8;StudentAttendanceSystem;state;21;18;31;7;35;100;0,53;0,67;0;0,11;23,49;23,49;1,84;1,31
8;StudentAttendanceSystem;transition;21;18;31;11;31;100;0,51;1,57;0;0,18;24,49;24,49;3,21;2,27
8;StudentAttendanceSystem;pair;21;18;31;25;127;100;0,55;0,34;1,66;0,32;25,49;25,49;4,74;2,87
8;StudentAttendanceSystem;state;22;27;51;11;59;100;0,66;0,88;0;0,2;25,49;25,49;2,55;1,74
8;StudentAttendanceSystem;transition;22;27;51;18;50;100;0,82;2,16;0;0,25;26,49;26,49;3,88;3,23
8;StudentAttendanceSystem;pair;22;27;51;40;226;100;0,71;0,46;3,34;0,61;28,49;28,49;7,52;5,12
8;StudentAttendanceSystem;state;23;19;34;8;38;100;0,54;0,64;0;0,11;28,49;29,49;1,69;1,29
8;StudentAttendanceSystem;transition;23;19;34;13;34;100;0,55;1,71;0;0,16;29,49;29,49;3;2,42
8;StudentAttendanceSystem;pair;23;19;34;26;133;100;0,52;0,3;2,07;0,29;30,49;30,49;5,21;3,18
8;StudentAttendanceSystem;state;24;27;55;11;61;100;0,64;0,96;0;0,2;31,49;31,49;2,34;1,79
8;StudentAttendanceSystem;transition;24;27;55;17;54;100;0,67;2,41;0;0,27;32,49;32,49;4,03;3,35
8;StudentAttendanceSystem;pair;24;27;55;52;302;100;0,68;0,9;4,83;0,71;33,49;34,49;10,46;7,12
8;StudentAttendanceSystem;state;25;13;22;6;25;100;0,52;0,55;0;0,1;34,49;34,49;1,59;1,17
8;StudentAttendanceSystem;transition;25;13;22;8;22;100;0,46;0,93;0;0,09;35,49;35,49;1,96;1,48
8;StudentAttendanceSystem;pair;25;13;22;21;87;100;0,41;0,32;1,21;0,21;36,49;36,49;3,48;2,16
8;StudentAttendanceSystem;state;26;12;19;5;22;100;0,42;0,48;0;0,08;36,49;36,49;1,52;0,98
8;StudentAttendanceSystem;transition;26;12;19;6;19;100;0,47;0,94;0;0,1;36,49;37,49;1,96;1,51
8;StudentAttendanceSystem;pair;26;12;19;20;82;100;0,36;0,26;1,18;0,2;37,49;37,49;3,16;2
8;StudentAttendanceSystem;state;27;23;46;10;54;100;0,56;0,92;0;0,15;38,49;38,49;2,13;1,64
8;StudentAttendanceSystem;transition;27;23;46;15;46;100;0,81;1,88;0;0,31;38,49;39,49;3,67;3
8;StudentAttendanceSystem;pair;27;23;46;42;240;100;0,69;0,54;3,42;0,6;40,49;40,49;8,01;5,25
8;StudentAttendanceSystem;state;28;26;53;11;62;100;0,71;0,82;0;0,2;41,49;41,49;2,41;1,72
8;StudentAttendanceSystem;transition;28;26;53;17;53;100;0,62;2,14;0;0,34;42,49;42,49;3,83;3,1
8;StudentAttendanceSystem;pair;28;26;53;44;262;100;0,71;0,74;3,85;0,65;43,49;44,49;9,5;5,94
8;StudentAttendanceSystem;state;29;22;39;9;49;100;0,72;0,8;0;0,16;44,49;44,49;2,32;1,68
8;StudentAttendanceSystem;transition;29;22;39;12;38;100;0,63;1,84;0;0,22;45,49;45,49;3,34;2,7
8;StudentAttendanceSystem;pair;29;22;39;35;199;100;0,53;0,47;3,3;0,52;46,49;46,49;7,43;4,82
8;StudentAttendanceSystem;state;30;25;51;12;68;100;0,74;0,88;0;0,23;47,49;47,49;2,4;1,86
8;StudentAttendanceSystem;transition;30;25;51;15;51;100;0,61;2,54;0;0,79;48,49;48,49;4,87;3,95
8;StudentAttendanceSystem;pair;30;25;51;47;279;100;0,91;0,8;4,68;0,99;49,49;50,49;10,68;7,38
8;StudentAttendanceSystem;state;31;27;56;12;64;100;0,81;1,29;0;0,26;50,49;51,49;3,28;2,37
8;StudentAttendanceSystem;transition;31;27;56;21;56;100;0,96;3,04;0;0,49;51,49;51,49;5,46;4,49
8;StudentAttendanceSystem;pair;31;27;56;53;293;100;1,17;0,79;5,44;0,95;53,49;54,49;12,18;8,35
8;StudentAttendanceSystem;state;32;12;18;5;22;100;0,55;0,76;0;0,08;54,49;54,49;1,88;1,39
8;StudentAttendanceSystem;transition;32;12;18;5;18;100;0,57;1,31;0;0,11;54,49;54,49;2,89;1,99
8;StudentAttendanceSystem;pair;32;12;18;16;68;100;0,58;0,23;1,03;0,19;55,49;55,49;3,55;2,03
8;StudentAttendanceSystem;state;33;17;30;7;34;100;0,6;0,75;0;0,13;55,49;56,49;1,95;1,48
8;StudentAttendanceSystem;transition;33;17;30;11;30;100;0,5;1,62;0;0,27;56,49;56,49;3;2,39
8;StudentAttendanceSystem;pair;33;17;30;25;130;100;0,66;0,41;2,04;0,4;57,49;57,49;5,63;3,51
8;StudentAttendanceSystem;state;34;23;46;9;46;100;0,75;1,09;0;0,22;58,49;58,49;2,56;2,06
8;StudentAttendanceSystem;transition;34;23;46;17;46;100;0,75;1,99;0;0,38;58,49;59,49;3,86;3,12
8;StudentAttendanceSystem;pair;34;23;46;43;241;100;0,77;0,57;3,49;0,81;60,49;60,49;8,13;5,64
8;StudentAttendanceSystem;state;35;19;37;8;40;100;0,69;0,92;0;0,16;61,49;61,49;2,5;1,77
8;StudentAttendanceSystem;transition;35;19;37;13;37;100;0,68;1,61;0;0,38;61,49;62,49;3,23;2,67
8;StudentAttendanceSystem;pair;35;19;37;37;199;100;0,71;0,43;2,99;0,7;63,49;63,49;6,9;4,84
8;StudentAttendanceSystem;state;36;24;48;11;62;100;0,83;1,02;0;0,25;63,49;64,49;2,62;2,11
8;StudentAttendanceSystem;transition;36;24;48;14;48;100;0,85;2,15;0;0,32;64,49;64,49;3,95;3,32
8;StudentAttendanceSystem;pair;36;24;48;40;242;100;0,86;0,64;4,17;0,92;66,49;66,49;9,16;6,59
8;StudentAttendanceSystem;state;37;22;39;8;42;100;0,72;0,84;0;0,16;67,49;67,49;2,11;1,72
8;StudentAttendanceSystem;transition;37;22;39;15;38;100;0,67;1,83;0;0,28;67,49;67,49;3,27;2,77
8;StudentAttendanceSystem;pair;37;22;39;35;179;100;0,71;0,51;2,93;0,58;68,49;69,49;6,62;4,72
8;StudentAttendanceSystem;state;38;19;34;8;38;100;0,65;0,85;0;0,15;70,49;70,49;2,16;1,66
8;StudentAttendanceSystem;transition;38;19;34;13;34;100;0,6;1,76;0;0,26;70,49;70,49;3,13;2,63
8;StudentAttendanceSystem;pair;38;19;34;28;139;100;0,73;0,37;2,11;0,4;71,49;71,49;5,43;3,61
8;StudentAttendanceSystem;state;39;21;37;8;41;100;0,91;0,92;0;0,18;72,49;72,49;2,46;2,01
8;StudentAttendanceSystem;transition;39;21;37;14;36;100;0,68;2,18;0;0,26;73,49;73,49;3,76;3,12
8;StudentAttendanceSystem;pair;39;21;37;32;164;100;0,61;0,47;2,78;0,49;74,49;74,49;6,05;4,34
8;StudentAttendanceSystem;state;40;29;57;13;69;100;0,68;0,95;0;0,2;74,49;75,49;2,24;1,84
8;StudentAttendanceSystem;transition;40;29;57;21;56;100;0,75;2,05;0;0,39;75,49;76,49;3,76;3,19
8;StudentAttendanceSystem;pair;40;29;57;56;302;100;0,7;0,52;3,88;0,83;77,49;78,49;7,83;5,94
8;StudentAttendanceSystem;state;41;26;49;11;56;100;0,85;1,15;0;0,21;78,49;78,49;2,71;2,22
8;StudentAttendanceSystem;transition;41;26;49;18;48;100;0,92;2,45;0;0,42;79,49;79,49;4,66;3,79
8;StudentAttendanceSystem;pair;41;26;49;46;251;100;0,77;0,6;3,93;0,78;81,49;81,49;8,6;6,07
8;StudentAttendanceSystem;state;42;20;34;8;43;100;0,68;0,87;0;0,15;82,49;82,49;2,18;1,7
8;StudentAttendanceSystem;transition;42;20;34;11;33;100;0,63;1,71;0;0,25;82,49;82,49;3,13;2,59
8;StudentAttendanceSystem;pair;42;20;34;30;164;100;0,74;0,35;2,39;0,55;83,49;84,49;5,94;4,03
8;StudentAttendanceSystem;state;43;22;41;9;47;100;1,56;1,32;0;0,13;84,49;84,49;3,58;3,02
8;StudentAttendanceSystem;transition;43;22;41;14;41;100;0,74;2,13;0;0,28;85,49;85,49;3,87;3,16
8;StudentAttendanceSystem;pair;43;22;41;41;223;100;0,77;0,49;3,44;0,7;86,49;86,49;7,24;5,39
8;StudentAttendanceSystem;state;44;28;57;13;72;100;1,1;1,27;0;0,27;87,49;87,49;3,13;2,63
8;StudentAttendanceSystem;transition;44;28;57;18;57;100;0,83;2,57;0;0,45;88,49;88,49;4,43;3,85
8;StudentAttendanceSystem;pair;44;28;57;54;312;100;0,82;0,79;5,19;0,96;90,49;90,49;9,89;7,77
8;StudentAttendanceSystem;state;45;12;18;5;22;100;0,49;0,57;0;0,07;90,49;90,49;1,61;1,13
8;StudentAttendanceSystem;transition;45;12;18;5;18;100;0,45;0,82;0;0,08;91,49;91,49;1,64;1,35
8;StudentAttendanceSystem;pair;45;12;18;18;75;100;0,44;0,22;1,15;0,24;91,49;92,49;3,14;2,05
8;StudentAttendanceSystem;state;46;28;58;13;69;100;0,8;1,17;0;0,23;92,49;92,49;2,6;2,2
8;StudentAttendanceSystem;transition;46;28;58;20;57;100;0,8;3,39;0;0,39;93,49;93,49;5,2;4,58
8;StudentAttendanceSystem;pair;46;28;58;51;293;100;0,82;0,74;5;1,05;95,49;95,49;9,75;7,61
8;StudentAttendanceSystem;state;47;18;33;7;37;100;0,69;3,36;0;0,08;96,5;5,5;4,53;4,13
8;StudentAttendanceSystem;transition;47;18;33;11;33;100;0,44;1,15;0;0,18;5,5;5,5;2,36;1,77
8;StudentAttendanceSystem;pair;47;18;33;31;172;100;0,47;0,36;2;0,4;6,5;7,5;4,41;3,23
8;StudentAttendanceSystem;state;48;19;35;8;42;100;0,7;0,81;0;0,1;7,5;7,5;1,95;1,6
8;StudentAttendanceSystem;transition;48;19;35;12;35;100;0,38;1,5;0;0,2;8,5;8,5;2,65;2,08
8;StudentAttendanceSystem;pair;48;19;35;31;157;100;0,44;0,38;2,19;0,28;9,5;9,5;4,42;3,28
8;StudentAttendanceSystem;state;49;19;36;7;36;100;0,58;0,69;0;0,1;9,5;9,5;1,78;1,38
8;StudentAttendanceSystem;transition;49;19;36;12;36;100;0,42;1,08;0;0,17;10,5;10,5;2,05;1,67
8;StudentAttendanceSystem;pair;49;19;36;38;202;100;0,54;0,4;2,32;0,4;11,5;11,5;4,97;3,65
8;StudentAttendanceSystem;state;50;19;32;7;37;100;0,47;0,49;0;0,09;12,5;12,5;1,31;1,05
8;StudentAttendanceSystem;transition;50;19;32;11;31;100;0,35;1,28;0;0,14;12,5;12,5;2,1;1,77
8;StudentAttendanceSystem;pair;50;19;32;26;136;100;0,35;0,31;1,84;0,26;14,5;14,5;3,55;2,77
8;StudentAttendanceSystem;state;51;25;49;9;49;100;0,45;0,74;0;0,11;14,5;14,5;1,58;1,31
8;StudentAttendanceSystem;transition;51;25;49;18;48;100;0,87;2,13;0;0,34;15,5;15,5;3,77;3,34
8;StudentAttendanceSystem;pair;51;25;49;46;260;100;0,63;0,56;4,32;0,62;16,5;17,5;7,63;6,13
8;StudentAttendanceSystem;state;52;24;49;11;59;100;0,64;0,87;0;0,16;17,5;17,5;2;1,67
8;StudentAttendanceSystem;transition;52;24;49;17;49;100;0,55;2,07;0;0,28;18,5;18,5;3,29;2,89
8;StudentAttendanceSystem;pair;52;24;49;45;259;100;0,52;0,42;4,43;0,63;20,5;20,5;7,62;6,01
8;StudentAttendanceSystem;state;53;19;33;8;44;100;0,59;0,57;0;0,11;20,5;20,5;1,53;1,26
8;StudentAttendanceSystem;transition;53;19;33;10;33;100;0,41;0,97;0;0,14;21,5;21,5;1,82;1,52
8;StudentAttendanceSystem;pair;53;19;33;27;144;100;0,37;0,33;1,66;0,29;22,5;22,5;3,66;2,65
8;StudentAttendanceSystem;state;54;12;18;5;22;100;0,32;0,38;0;0,05;22,5;23,5;0,99;0,75
8;StudentAttendanceSystem;transition;54;12;18;5;18;100;0,4;0,62;0;0,07;23,5;23,5;1,34;1,09
8;StudentAttendanceSystem;pair;54;12;18;16;68;100;0,33;0,17;0,71;0,14;23,5;24,5;2,08;1,34
8;StudentAttendanceSystem;state;55;27;52;11;59;100;0,49;0,81;0;0,15;24,5;24,5;1,75;1,45
8;StudentAttendanceSystem;transition;55;27;52;18;51;100;0,49;1,72;0;0,57;25,5;25,5;3,3;2,78
8;StudentAttendanceSystem;pair;55;27;52;52;294;100;0,77;0,61;3,5;0,68;27,5;27,5;7,45;5,56
8;StudentAttendanceSystem;state;56;23;45;10;56;100;0,48;0,76;0;0,14;28,5;28,5;1,73;1,38
8;StudentAttendanceSystem;transition;56;23;45;14;45;100;0,45;1,21;0;0,18;28,5;28,5;2,24;1,85
8;StudentAttendanceSystem;pair;56;23;45;40;234;100;0,47;0,56;2,12;0,44;30,5;30,5;4,8;3,59
8;StudentAttendanceSystem;state;57;24;47;10;51;100;0,47;0,65;0;0,18;30,5;31,5;1,61;1,3
8;StudentAttendanceSystem;transition;57;24;47;17;46;100;0,56;1,59;0;0,24;31,5;31,5;2,83;2,39
8;StudentAttendanceSystem;pair;57;24;47;42;240;100;0,55;0,52;2,7;0,49;33,5;33,5;5,72;4,26
8;StudentAttendanceSystem;state;58;25;46;10;53;100;0,61;0,83;0;0,15;34,5;34,5;1,93;1,59
8;StudentAttendanceSystem;transition;58;25;46;16;45;100;0,56;1,71;0;0,28;34,5;34,5;3,02;2,54
8;StudentAttendanceSystem;pair;58;25;46;45;243;100;0,51;0,48;2,7;0,56;36,5;36,5;5,72;4,25
8;StudentAttendanceSystem;state;59;27;56;12;67;100;0,5;0,83;0;0,16;37,5;37,5;1,83;1,49
8;StudentAttendanceSystem;transition;59;27;56;19;56;100;0,62;1,65;0;0,31;37,5;38,5;3,11;2,58
8;StudentAttendanceSystem;pair;59;27;56;51;291;100;0,55;0,6;3,36;0,7;39,5;40,5;7,09;5,21
8;StudentAttendanceSystem;state;60;17;29;7;37;100;0,39;0,6;0;0,08;40,5;40,5;1,37;1,07
8;StudentAttendanceSystem;transition;60;17;29;9;29;100;0,4;0,96;0;0,11;41,5;41,5;1,78;1,47
8;StudentAttendanceSystem;pair;60;17;29;27;143;100;0,37;0,35;1,78;0,34;41,5;42,5;4,01;2,84
8;StudentAttendanceSystem;state;61;31;62;14;75;100;0,71;0,91;0;0,19;42,5;42,5;2,24;1,81
8;StudentAttendanceSystem;transition;61;31;62;22;61;100;0,62;1,96;0;0,43;43,5;43,5;3,52;3,01
8;StudentAttendanceSystem;pair;61;31;62;60;338;100;0,58;0,69;4,29;0,84;45,5;46,5;8,33;6,4
8;StudentAttendanceSystem;state;62;19;35;8;38;100;0,44;0,6;0;0,09;46,5;46,5;1,49;1,13
8;StudentAttendanceSystem;transition;62;19;35;14;35;100;0,37;1,63;0;0,16;47,5;47,5;2,58;2,16
8;StudentAttendanceSystem;pair;62;19;35;31;154;100;0,39;0,38;1,76;0,32;48,5;48,5;3,99;2,85
8;StudentAttendanceSystem;state;63;19;33;7;37;100;0,6;0,82;0;0,11;48,5;48,5;1,95;1,53
8;StudentAttendanceSystem;transition;63;19;33;12;32;100;0,42;0,95;0;0,16;49,5;49,5;1,86;1,54
8;StudentAttendanceSystem;pair;63;19;33;29;147;100;0,46;0,37;1,78;0,28;50,5;50,5;4,05;2,88
8;StudentAttendanceSystem;state;64;19;31;8;40;100;0,43;0,55;0;0,09;51,5;51,5;1,36;1,07
8;StudentAttendanceSystem;transition;64;19;31;11;30;100;0,34;0,95;0;0,16;51,5;51,5;1,81;1,45
8;StudentAttendanceSystem;pair;64;19;31;24;120;100;0,36;0,22;1,07;0,24;52,5;52,5;2,98;1,88
8;StudentAttendanceSystem;state;65;16;27;6;30;100;0,42;0,48;0;0,06;53,5;53,5;1,28;0,97
8;StudentAttendanceSystem;transition;65;16;27;9;27;100;0,34;0,76;0;0,09;53,5;53,5;1,45;1,18
8;StudentAttendanceSystem;pair;65;16;27;22;112;100;0,38;0,27;1,02;0,2;54,5;54,5;2,95;1,86
8;StudentAttendanceSystem;state;66;24;45;9;48;100;0,46;0,83;0;0,11;55,5;55,5;1,69;1,39
8;StudentAttendanceSystem;transition;66;24;45;17;44;100;0,43;1,42;0;0,44;55,5;56,5;2,72;2,29
8;StudentAttendanceSystem;pair;66;24;45;42;226;100;0,61;0,5;2,42;0,35;57,5;57,5;5,18;3,88
8;StudentAttendanceSystem;state;67;19;33;7;37;100;0,42;0,63;0;0,09;57,5;58,5;1,45;1,15
8;StudentAttendanceSystem;transition;67;19;33;11;33;100;0,5;1,02;0;0,16;58,5;58,5;2,08;1,69
8;StudentAttendanceSystem;pair;67;19;33;32;163;100;0,41;0,4;1,78;0,27;59,5;59,5;4,13;2,87
8;StudentAttendanceSystem;state;68;17;26;6;31;100;0,33;0,37;0;0,06;60,5;60,5;1,01;0,75
8;StudentAttendanceSystem;transition;68;17;26;9;25;100;0,34;0,84;0;0,14;60,5;60,5;1,65;1,32
8;StudentAttendanceSystem;pair;68;17;26;20;98;100;0,39;0,29;1,2;0,17;61,5;61,5;2,89;2,05
8;StudentAttendanceSystem;state;69;30;61;13;73;100;0,61;0,9;0;0,18;62,5;62,5;2;1,69
8;StudentAttendanceSystem;transition;69;30;61;21;60;100;0,61;1,8;0;0,33;63,5;63,5;3,3;2,75
8;StudentAttendanceSystem;pair;69;30;61;55;315;100;0,68;0,68;4,16;0,72;64,5;65,5;8,29;6,24
8;StudentAttendanceSystem;state;70;18;29;7;34;100;0,48;0,48;0;0,09;65,5;65,5;1,38;1,06
8;StudentAttendanceSystem;transition;70;18;29;11;28;100;0,42;0,93;0;0,13;66,5;66,5;1,83;1,48
8;StudentAttendanceSystem;pair;70;18;29;19;92;100;0,39;0,33;1,13;0,21;67,5;67,5;2,95;2,06
8;StudentAttendanceSystem;state;71;12;19;5;22;100;0,37;0,44;0;0,04;67,5;67,5;1,1;0,85
8;StudentAttendanceSystem;transition;71;12;19;6;19;100;0,31;0,69;0;0,08;68,5;68,5;1,35;1,07
8;StudentAttendanceSystem;pair;71;12;19;18;74;100;0,35;0,23;0,6;0,11;68,5;68,5;1,96;1,29
8;StudentAttendanceSystem;state;72;24;45;10;56;100;0,5;0,87;0;0,13;69,5;69,5;1,85;1,49
8;StudentAttendanceSystem;transition;72;24;45;15;44;100;0,4;1,11;0;0,18;70,5;70,5;1,97;1,68
8;StudentAttendanceSystem;pair;72;24;45;40;226;100;0,52;0,73;2,41;0,39;71,5;71,5;5,86;4,04
8;StudentAttendanceSystem;state;73;18;32;7;35;100;0,45;0,53;0;0,08;72,5;72,5;1,34;1,06
8;StudentAttendanceSystem;transition;73;18;32;12;32;100;0,6;1,79;0;0,13;72,5;72,5;2,96;2,53
8;StudentAttendanceSystem;pair;73;18;32;28;142;100;0,45;0,36;1,48;0,29;73,5;73,5;3,67;2,58
8;StudentAttendanceSystem;state;74;27;53;11;59;100;0,67;0,85;0;0,15;74,5;74,5;2;1,67
8;StudentAttendanceSystem;transition;74;27;53;20;52;100;0,56;1,63;0;0,27;75,5;75,5;2,92;2,46
8;StudentAttendanceSystem;pair;74;27;53;47;257;100;0,57;0,66;2,79;0,45;76,5;77,5;5,94;4,48
8;StudentAttendanceSystem;state;75;17;30;7;33;100;0,41;0,53;0;0,08;77,5;77,5;1,29;1,02
8;StudentAttendanceSystem;transition;75;17;30;11;30;100;0,34;0,81;0;0,11;78,5;78,5;1,54;1,26
8;StudentAttendanceSystem;pair;75;17;30;23;118;100;0,37;0,23;1,06;0,18;79,5;79,5;2,58;1,84
8;StudentAttendanceSystem;state;76;19;33;7;37;100;0,38;0,58;0;0,08;79,5;79,5;1,31;1,04
8;StudentAttendanceSystem;transition;76;19;33;11;33;100;0,4;0,94;0;0,13;80,5;80,5;1,8;1,47
8;StudentAttendanceSystem;pair;76;19;33;31;163;100;0,39;0,24;1,53;0,29;81,5;81,5;3,55;2,46
8;StudentAttendanceSystem;state;77;19;35;8;43;100;0,49;0,61;0;0,12;82,5;82,5;1,48;1,21
8;StudentAttendanceSystem;transition;77;19;35;11;35;100;0,47;0,91;0;0,13;82,5;82,5;1,87;1,51
8;StudentAttendanceSystem;pair;77;19;35;34;176;100;0,43;0,3;1,62;0,3;83,5;83,5;3,8;2,64
8;StudentAttendanceSystem;state;78;26;47;11;60;100;0,54;0,68;0;0,13;84,5;84,5;1,7;1,35
8;StudentAttendanceSystem;transition;78;26;47;16;46;100;0,55;1,47;0;0,19;85,5;85,5;2,55;2,22
8;StudentAttendanceSystem;pair;78;26;47;43;229;100;0,52;0,47;2,37;0,38;86,5;86,5;5,05;3,74
8;StudentAttendanceSystem;state;79;21;40;9;48;100;0,43;0,58;0;0,13;87,5;87,5;1,51;1,14
8;StudentAttendanceSystem;transition;79;21;40;13;40;100;0,44;1,19;0;0,17;88,5;88,5;2,13;1,8
8;StudentAttendanceSystem;pair;79;21;40;35;193;100;0,41;0,36;1,78;0,31;89,5;89,5;4,08;2,86
8;StudentAttendanceSystem;state;80;28;56;12;66;100;0,5;0,7;0;0,23;90,5;90,5;1,77;1,42
8;StudentAttendanceSystem;transition;80;28;56;17;55;100;0,5;1,34;0;0,3;90,5;91,5;2,63;2,13
8;StudentAttendanceSystem;pair;80;28;56;52;304;100;0,55;0,63;3,44;0,59;92,5;93,5;7,01;5,22
8;StudentAttendanceSystem;state;81;11;17;4;17;100;0,37;0,39;0;0,05;93,5;93,5;1,07;0,8
8;StudentAttendanceSystem;transition;81;11;17;5;17;100;0,29;0,49;0;0,06;93,5;93,5;1,12;0,84
8;StudentAttendanceSystem;pair;81;11;17;18;73;100;0,31;0,21;0,65;0,13;94,5;94,5;2,03;1,3
8;StudentAttendanceSystem;state;82;17;26;6;31;100;0,34;0,45;0;0,07;94,5;94,5;1,1;0,85
8;StudentAttendanceSystem;transition;82;17;26;9;25;100;0,34;0,91;0;0,12;95,5;95,5;1,69;1,37
8;StudentAttendanceSystem;pair;82;17;26;18;86;100;0,34;0,21;0,86;0,16;96,5;96,5;2,36;1,57
8;StudentAttendanceSystem;state;83;31;64;14;76;100;0,59;0,92;0;0,28;96,5;97,5;2,1;1,79
8;StudentAttendanceSystem;transition;83;31;64;23;63;100;0,84;2,43;0;0,46;97,5;98,5;4,31;3,73
8;StudentAttendanceSystem;pair;83;31;64;57;325;100;0,93;1,07;4,29;0,87;99,5;100,5;9,71;7,16
8;StudentAttendanceSystem;state;84;21;39;9;47;100;0,65;0,98;0;0,14;100,5;100,5;2,14;1,77
8;StudentAttendanceSystem;transition;84;21;39;14;39;100;0,49;1,17;0;0,25;101,5;101,5;2,28;1,92
8;StudentAttendanceSystem;pair;84;21;39;34;176;100;0,66;0,46;2,17;0,45;102,5;102,5;5,28;3,74
8;StudentAttendanceSystem;state;85;19;32;7;36;100;0,61;0,84;0;0,12;103,5;103,5;2,1;1,56
8;StudentAttendanceSystem;transition;85;19;32;11;32;100;0,6;1,38;0;0,19;103,5;103,5;2,66;2,17
8;StudentAttendanceSystem;pair;85;19;32;25;129;100;0,65;0,35;1,55;0,39;104,5;104,5;4,27;2,93
8;StudentAttendanceSystem;state;86;23;41;9;45;100;0,69;0,83;0;0,14;105,5;105,5;2,02;1,66
8;StudentAttendanceSystem;transition;86;23;41;16;40;100;0,71;1,72;0;0,33;106,5;106,5;3,28;2,76
8;StudentAttendanceSystem;pair;86;23;41;33;174;100;0,84;0,5;2,39;0,47;107,5;107,5;6;4,2
8;StudentAttendanceSystem;state;87;21;42;9;46;100;0,75;0,96;0;0,15;108,5;108,5;2,41;1,86
8;StudentAttendanceSystem;transition;87;21;42;15;42;100;0,64;1,7;0;0,26;108,5;108,5;3,08;2,61
8;StudentAttendanceSystem;pair;87;21;42;40;228;100;0,67;0,48;2,96;0,59;109,5;110,5;6,46;4,7
8;StudentAttendanceSystem;state;88;19;33;8;44;100;0,65;0,79;0;0,13;110,5;110,5;1,99;1,57
8;StudentAttendanceSystem;transition;88;19;33;10;33;100;0,59;1,33;0;0,19;111,5;111,5;2,53;2,11
8;StudentAttendanceSystem;pair;88;19;33;25;137;100;0,57;0,35;1,55;0,35;112,5;112,5;4,24;2,83
8;StudentAttendanceSystem;state;89;20;36;8;41;100;0,61;0,76;0;0,15;112,5;112,5;1,93;1,51
8;StudentAttendanceSystem;transition;89;20;36;13;35;100;0,71;1,5;0;0,2;113,5;113,5;2,8;2,42
8;StudentAttendanceSystem;pair;89;20;36;33;171;100;0,55;0,42;2,38;0,48;114,5;114,5;5,26;3,83
8;StudentAttendanceSystem;state;90;25;53;12;63;100;0,81;1,04;0;0,2;115,5;115,5;2,4;2,04
8;StudentAttendanceSystem;transition;90;25;53;18;53;100;0,78;2,11;0;0,32;116,5;116,5;3,71;3,21
8;StudentAttendanceSystem;pair;90;25;53;47;269;100;0,99;0,63;4,98;0,88;117,5;118,5;9,73;7,49
8;StudentAttendanceSystem;state;91;21;39;9;45;100;0,61;0,81;0;0,15;118,5;118,5;1,92;1,57
8;StudentAttendanceSystem;transition;91;21;39;13;39;100;0,58;1,17;0;0,18;119,5;119,5;2,25;1,93
8;StudentAttendanceSystem;pair;91;21;39;35;183;100;0,53;0,41;2,13;0,46;120,5;120,5;4,98;3,53
8;StudentAttendanceSystem;state;92;21;38;8;43;100;0,58;0,75;0;0,13;121,5;121,5;1,75;1,46
8;StudentAttendanceSystem;transition;92;21;38;13;37;100;0,55;1,35;0;0,23;121,5;121,5;2,46;2,12
8;StudentAttendanceSystem;pair;92;21;38;34;192;100;0,58;0,37;2,01;0,5;122,5;123,5;4,71;3,47
8;StudentAttendanceSystem;state;93;25;47;9;49;100;0,67;0,86;0;0,14;123,5;123,5;1,99;1,67
8;StudentAttendanceSystem;transition;93;25;47;16;46;100;0,62;1,53;0;0,28;124,5;124,5;2,78;2,43
8;StudentAttendanceSystem;pair;93;25;47;39;228;100;0,62;0,5;2,48;0,57;125,5;126,5;5,73;4,18
8;StudentAttendanceSystem;state;94;17;31;7;33;100;0,51;0,62;0;0,08;126,5;126,5;1,52;1,22
8;StudentAttendanceSystem;transition;94;17;31;12;31;100;0,51;1,19;0;0,16;127,5;127,5;2,25;1,86
8;StudentAttendanceSystem;pair;94;17;31;27;133;100;0,46;0,44;1,4;0,32;128,5;128,5;3,77;2,63
8;StudentAttendanceSystem;state;95;22;38;9;50;100;0,78;0,71;0;0,13;128,5;128,5;1,97;1,63
8;StudentAttendanceSystem;transition;95;22;38;12;37;100;0,62;1,32;0;0,25;129,5;129,5;2,53;2,19
8;StudentAttendanceSystem;pair;95;22;38;31;168;100;0,55;0,39;1,77;0,41;130,5;130,5;4,45;3,13
8;StudentAttendanceSystem;state;96;18;28;7;34;100;0,5;0,67;0;0,1;131,5;131,5;1,55;1,27
8;StudentAttendanceSystem;transition;96;18;28;10;27;100;0,45;1,05;0;0,14;131,5;131,5;1,96;1,65
8;StudentAttendanceSystem;pair;96;18;28;17;83;100;0,6;0,27;1,03;0,26;132,5;132,5;3,21;2,16
8;StudentAttendanceSystem;state;97;24;47;10;52;100;0,63;0,88;0;0,15;133,5;133,5;1,93;1,66
8;StudentAttendanceSystem;transition;97;24;47;17;46;100;0,69;1,59;0;0,28;133,5;133,5;2,91;2,56
8;StudentAttendanceSystem;pair;97;24;47;41;225;100;0,65;0,51;2,62;0,61;135,5;135,5;6,02;4,39
8;StudentAttendanceSystem;state;98;22;38;8;43;100;0,6;0,73;0;0,13;135,5;136,5;1,71;1,46
8;StudentAttendanceSystem;transition;98;22;38;13;37;100;0,57;1,32;0;0,26;136,5;136,5;2,51;2,14
8;StudentAttendanceSystem;pair;98;22;38;35;183;100;0,55;0,38;2,36;0,48;137,5;138,5;5,02;3,77
8;StudentAttendanceSystem;state;99;12;20;5;20;100;0,49;0,48;0;0,07;138,5;138,5;1,27;1,04
8;StudentAttendanceSystem;transition;99;12;20;7;20;100;0,39;0,68;0;0,08;138,5;138,5;1,41;1,16
8;StudentAttendanceSystem;pair;99;12;20;18;75;100;0,36;0,27;0,75;0,18;139,5;139,5;2,34;1,55
8;StudentAttendanceSystem;state;100;20;37;8;41;100;0,55;0,69;0;0,13;139,5;140,5;1,66;1,37
8;StudentAttendanceSystem;transition;100;20;37;13;36;100;0,55;1,15;0;0,21;140,5;140,5;2,24;1,92
8;StudentAttendanceSystem;pair;100;20;37;33;181;100;0,51;0,43;2;0,49;141,5;141,5;4,67;3,42
8;StudentAttendanceSystem;state;101;22;39;9;44;100;0,86;0,83;0;0,12;142,5;142,5;2,15;1,81
8;StudentAttendanceSystem;transition;101;22;39;15;38;100;0,55;3,41;0;0,15;143,55;5,55;4,46;4,11
8;StudentAttendanceSystem;pair;101;22;39;31;160;100;0,41;0,34;1,7;0,28;6,55;6,55;3,68;2,73
8;StudentAttendanceSystem;state;102;27;55;12;66;100;0,58;0,78;0;0,17;6,55;7,55;1,81;1,53
8;StudentAttendanceSystem;transition;102;27;55;18;54;100;0,5;1,3;0;0,23;7,55;7,55;2,36;2,04
8;StudentAttendanceSystem;pair;102;27;55;49;283;100;0,56;0,65;3;0,51;9,55;9,55;6,15;4,72
8;StudentAttendanceSystem;state;103;24;49;11;60;100;0,51;0,8;0;0,15;10,55;10,55;1,88;1,46
8;StudentAttendanceSystem;transition;103;24;49;15;49;100;0,47;1,19;0;0,18;11,55;11,55;2,16;1,84
8;StudentAttendanceSystem;pair;103;24;49;41;243;100;0,32;0,53;2,04;0,43;12,55;12,55;5,03;3,31
8;StudentAttendanceSystem;state;104;22;43;8;43;100;0,61;0,72;0;0,1;13,55;13,55;1,73;1,43
8;StudentAttendanceSystem;transition;104;22;43;15;42;100;0,44;1,09;0;0,18;14,55;14,55;2,02;1,71
8;StudentAttendanceSystem;pair;104;22;43;40;228;100;0,46;0,3;2,17;0,38;15,55;15,55;4,36;3,31
8;StudentAttendanceSystem;state;105;16;27;6;30;100;0,36;0,58;0;0,07;16,55;16,55;1,65;1,01
8;StudentAttendanceSystem;transition;105;16;27;9;27;100;0,44;0,74;0;0,09;16,55;16,55;1,64;1,28
8;StudentAttendanceSystem;pair;105;16;27;22;112;100;0,33;0,18;0,92;0,18;17,55;17,55;2,28;1,62
8;StudentAttendanceSystem;state;106;11;17;4;17;100;0,31;0,36;0;0,04;17,55;17,55;0,95;0,71
8;StudentAttendanceSystem;transition;106;11;17;5;17;100;0,3;0,59;0;0,04;18,55;18,55;1,17;0,93
8;StudentAttendanceSystem;pair;106;11;17;17;69;100;0,27;0,09;0,67;0,11;18,55;19,55;1,68;1,14
8;StudentAttendanceSystem;state;107;21;35;8;39;100;0,34;0,49;0;0,09;19,55;19,55;1,19;0,92
8;StudentAttendanceSystem;transition;107;21;35;14;34;100;0,37;0,96;0;0,17;20,55;20,55;1,85;1,5
8;StudentAttendanceSystem;pair;107;21;35;25;124;100;0,42;0,23;1;0,23;20,55;21,55;2,75;1,89
8;StudentAttendanceSystem;state;108;19;34;8;43;100;0,42;0,57;0;0,08;21,55;21,55;1,35;1,07
8;StudentAttendanceSystem;transition;108;19;34;11;34;100;0,53;0,8;0;0,11;22,55;22,55;1,72;1,44
8;StudentAttendanceSystem;pair;108;19;34;29;155;100;0,34;0,17;0,91;0,33;23,55;23,55;2,55;1,75
8;StudentAttendanceSystem;state;109;20;33;8;43;100;0,45;0,5;0;0,07;23,55;23,55;1,22;1,01
8;StudentAttendanceSystem;transition;109;20;33;10;32;100;0,36;0,73;0;0,16;24,55;24,55;1,55;1,25
8;StudentAttendanceSystem;pair;109;20;33;28;152;100;0,38;0,22;1,11;0,21;25,55;25,55;2,61;1,92
8;StudentAttendanceSystem;state;110;18;28;7;37;100;0,31;0,54;0;0,08;26,55;26,55;1,29;0,94
8;StudentAttendanceSystem;transition;110;18;28;9;27;100;0,37;0,71;0;0,17;26,55;26,55;1,56;1,25
8;StudentAttendanceSystem;pair;110;18;28;24;120;100;0,4;0,16;0,74;0,15;27,55;27,55;2,31;1,45
8;StudentAttendanceSystem;state;111;23;41;9;48;100;0,47;0,86;0;0,12;28,55;28,55;1,69;1,45
8;StudentAttendanceSystem;transition;111;23;41;13;40;100;0,48;1,43;0;0,13;28,55;28,55;2,37;2,05
8;StudentAttendanceSystem;pair;111;23;41;38;202;100;0,54;0,34;1,78;0,27;30,55;30,55;4,43;2,93
8;StudentAttendanceSystem;state;112;22;39;9;49;100;0,56;0,49;0;0,07;30,55;30,55;1,31;1,12
8;StudentAttendanceSystem;transition;112;22;39;13;38;100;0,36;1,61;0;0,15;31,55;31,55;2,54;2,12
8;StudentAttendanceSystem;pair;112;22;39;32;176;100;0,42;0,24;1,28;0,25;32,55;32,55;3,22;2,19
8;StudentAttendanceSystem;state;113;22;38;9;44;100;0,73;0,62;0;0,09;33,55;33,55;1,77;1,44
8;StudentAttendanceSystem;transition;113;22;38;15;37;100;0,3;0,86;0;0,16;33,55;34,55;1,61;1,32
8;StudentAttendanceSystem;pair;113;22;38;36;174;100;0,44;0,21;1,32;0,31;35,55;35,55;3,24;2,29
8;StudentAttendanceSystem;state;114;19;33;7;36;100;0,54;0,51;0;0,08;35,55;35,55;1,44;1,13
8;StudentAttendanceSystem;transition;114;19;33;12;33;100;0,39;0,88;0;0,19;36,55;36,55;1,78;1,46
8;StudentAttendanceSystem;pair;114;19;33;27;137;100;0,38;0,19;1,1;0,22;37,55;37,55;2,78;1,89
8;StudentAttendanceSystem;state;115;21;39;9;50;100;0,45;0,48;0;0,09;37,55;38,55;1,21;1,03
8;StudentAttendanceSystem;transition;115;21;39;12;39;100;0,36;0,86;0;0,12;38,55;38,55;1,62;1,34
8;StudentAttendanceSystem;pair;115;21;39;34;191;100;0,42;0,21;1,29;0,28;39,55;40,55;3,16;2,2
8;StudentAttendanceSystem;state;116;22;40;9;48;100;0,41;0,57;0;0,08;40,55;40,55;1,3;1,07
8;StudentAttendanceSystem;transition;116;22;40;14;40;100;0,43;0,93;0;0,13;41,55;41,55;1,7;1,49
8;StudentAttendanceSystem;pair;116;22;40;35;182;100;0,38;0,22;1,3;0,27;42,55;42,55;3,32;2,16
8;StudentAttendanceSystem;state;117;26;51;11;61;100;0,46;0,67;0;0,21;43,55;43,55;1,59;1,34
8;StudentAttendanceSystem;transition;117;26;51;17;51;100;0,51;1,14;0;0,17;43,55;44,55;2,05;1,82
8;StudentAttendanceSystem;pair;117;26;51;45;257;100;0,49;0,39;2,07;0,38;45,55;45,55;4,53;3,34
8;StudentAttendanceSystem;state;118;24;50;11;60;100;0,52;0,69;0;0,1;46,55;46,55;1,55;1,3
8;StudentAttendanceSystem;transition;118;24;50;16;50;100;0,41;0,93;0;0,15;47,55;47,55;1,68;1,49
8;StudentAttendanceSystem;pair;118;24;50;45;259;100;0,84;0,34;1,9;0,42;48,55;48,55;4,49;3,51
8;StudentAttendanceSystem;state;119;27;55;12;66;100;0,51;0,8;0;0,17;49,55;49,55;1,8;1,48
8;StudentAttendanceSystem;transition;119;27;55;18;54;100;0,59;1,3;0;0,2;50,55;50,55;2,4;2,09
8;StudentAttendanceSystem;pair;119;27;55;49;283;100;0,5;0,33;2,3;0,45;51,55;52,55;4,91;3,59
8;StudentAttendanceSystem;state;120;16;28;6;30;100;0,43;0,53;0;0,05;52,55;52,55;1,23;1
8;StudentAttendanceSystem;transition;120;16;28;10;28;100;0,34;0,67;0;0,09;53,55;53,55;1,31;1,1
8;StudentAttendanceSystem;pair;120;16;28;25;123;100;0,33;0,14;0,88;0,17;54,55;54,55;2,25;1,53
8;StudentAttendanceSystem;state;121;24;44;9;50;100;0,53;0,61;0;0,1;54,55;54,55;1,44;1,24
8;StudentAttendanceSystem;transition;121;24;44;16;43;100;0,59;1,27;0;0,17;55,55;55,55;2,26;2,03
8;StudentAttendanceSystem;pair;121;24;44;37;195;100;0,42;0,25;1,56;0,29;56,55;57,55;3,47;2,52
8;StudentAttendanceSystem;state;122;26;52;11;61;100;0,53;0,64;0;0,12;57,55;57,55;1,52;1,3
8;StudentAttendanceSystem;transition;122;26;52;18;52;100;0,51;1,46;0;0,2;58,55;58,55;2,45;2,17
8;StudentAttendanceSystem;pair;122;26;52;48;268;100;0,49;0,33;10,83;0,41;59,55;60,55;13,16;12,05
8;StudentAttendanceSystem;state;123;19;30;7;35;100;0,4;0,44;0;0,09;60,55;60,55;2,99;0,93
8;StudentAttendanceSystem;transition;123;19;30;11;29;100;0,43;1,33;0;0,11;61,55;61,55;2,16;1,86
8;StudentAttendanceSystem;pair;123;19;30;21;101;100;0,39;0,16;0,81;0,35;62,55;62,55;2,43;1,71
8;StudentAttendanceSystem;state;124;30;58;13;72;100;0,57;0,82;0;0,13;62,55;62,55;1,81;1,52
8;StudentAttendanceSystem;transition;124;30;58;19;57;100;0,55;1,83;0;0,21;63,55;63,55;2,93;2,59
8;StudentAttendanceSystem;pair;124;30;58;55;313;100;0,56;0,55;3,65;0,47;65,55;65,55;7,19;5,23
8;StudentAttendanceSystem;state;125;24;48;10;51;100;0,49;0,6;0;0,1;66,55;66,55;1,51;1,19
8;StudentAttendanceSystem;transition;125;24;48;18;48;100;0,48;1,22;0;0,2;67,55;67,55;2,15;1,9
8;StudentAttendanceSystem;pair;125;24;48;43;243;100;0,5;0,29;2,03;0,36;68,55;68,55;4,05;3,18
8;StudentAttendanceSystem;state;126;22;38;9;50;100;0,45;0,58;0;0,09;69,55;69,55;1,33;1,12
8;StudentAttendanceSystem;transition;126;22;38;12;37;100;0,38;0,86;0;0,13;70,55;70,55;1,56;1,37
8;StudentAttendanceSystem;pair;126;22;38;30;164;100;0,36;0,21;1,24;0,25;71,55;71,55;2,8;2,06
8;StudentAttendanceSystem;state;127;23;43;9;50;100;0,42;0,51;0;0,09;71,55;71,55;1,17;1,02
8;StudentAttendanceSystem;transition;127;23;43;14;43;100;0,42;0,97;0;0,14;72,55;72,55;1,75;1,53
8;StudentAttendanceSystem;pair;127;23;43;35;197;100;0,4;0,23;1,35;0,28;73,55;74,55;3,14;2,26
8;StudentAttendanceSystem;state;128;21;41;8;43;100;0,41;0,5;0;0,08;74,55;74,55;1,16;0,99
8;StudentAttendanceSystem;transition;128;21;41;13;41;100;0,45;1,17;0;0,13;75,55;75,55;1,97;1,75
8;StudentAttendanceSystem;pair;128;21;41;41;223;100;0,4;0,23;2,46;0,3;76,55;76,55;4,21;3,39
8;StudentAttendanceSystem;state;129;20;37;8;42;100;0,4;0,45;0;0,07;77,55;77,55;1,07;0,91
8;StudentAttendanceSystem;transition;129;20;37;12;37;100;0,35;0,89;0;0,1;77,55;77,55;1,53;1,34
8;StudentAttendanceSystem;pair;129;20;37;37;189;100;0,35;0,21;1,31;0,27;78,55;79,55;2,85;2,14
8;StudentAttendanceSystem;state;130;17;30;7;33;100;0,33;0,4;0;0,06;79,55;79,55;0,94;0,78
8;StudentAttendanceSystem;transition;130;17;30;11;30;100;0,29;0,72;0;0,09;80,55;80,55;1,27;1,09
8;StudentAttendanceSystem;pair;130;17;30;24;121;100;0,3;0,18;0,88;0,17;81,55;81,55;2,21;1,53
8;StudentAttendanceSystem;state;131;25;45;10;55;100;0,47;0,55;0;0,1;81,55;81,55;1,41;1,13
8;StudentAttendanceSystem;transition;131;25;45;16;44;100;0,63;1,06;0;0,17;82,55;82,55;2,07;1,86
8;StudentAttendanceSystem;pair;131;25;45;37;197;100;0,39;0,23;1,63;0,3;83,55;84,55;3,31;2,55
8;StudentAttendanceSystem;state;132;25;51;12;68;100;0,49;0,58;0;0,11;84,55;84,55;1,33;1,18
8;StudentAttendanceSystem;transition;132;25;51;15;51;100;0,43;1,17;0;0,17;85,55;85,55;1,99;1,76
8;StudentAttendanceSystem;pair;132;25;51;47;279;100;0,45;0,34;2,17;0,39;86,55;87,55;4,24;3,34
8;StudentAttendanceSystem;state;133;17;26;6;31;100;0,35;0,38;0;0,05;87,55;87,55;0,92;0,78
8;StudentAttendanceSystem;transition;133;17;26;8;26;100;0,27;0,66;0;0,07;88,55;88,55;1,16;1
8;StudentAttendanceSystem;pair;133;17;26;21;101;100;0,28;0,13;0,68;0,17;88,55;89,55;1,77;1,26
8;StudentAttendanceSystem;state;134;29;59;12;68;100;0,49;0,76;0;0,12;89,55;89,55;1,53;1,37
8;StudentAttendanceSystem;transition;134;29;59;20;58;100;0,5;1,33;0;0,22;90,55;90,55;2,34;2,04
8;StudentAttendanceSystem;pair;134;29;59;52;302;100;0,56;0,36;2,55;0,5;92,55;92,55;5,15;3,97
8;StudentAttendanceSystem;state;135;27;55;12;67;100;0,49;0,66;0;0,12;93,55;93,55;1,46;1,27
8;StudentAttendanceSystem;transition;135;27;55;18;55;100;0,5;1,42;0;0,21;94,55;94,55;2,38;2,12
8;StudentAttendanceSystem;pair;135;27;55;48;276;100;0,51;0,4;2,18;0,44;95,55;96,55;4,52;3,53
8;StudentAttendanceSystem;state;136;28;53;12;66;100;0,51;0,67;0;0,12;96,55;96,55;1,49;1,3
8;StudentAttendanceSystem;transition;136;28;53;18;52;100;0,45;1,37;0;0,28;97,55;97,55;2,47;2,11
8;StudentAttendanceSystem;pair;136;28;53;51;277;100;0,7;0,32;2,26;0,45;99,55;99,55;4,81;3,72
8;StudentAttendanceSystem;state;137;22;44;10;51;100;0,42;0,53;0;0,09;99,55;100,55;1,2;1,04
8;StudentAttendanceSystem;transition;137;22;44;16;44;100;0,4;0,93;0;0,24;100,55;100,55;1,87;1,57
8;StudentAttendanceSystem;pair;137;22;44;40;214;100;0,4;0,25;1,48;0,3;101,55;102,55;3,28;2,43
8;StudentAttendanceSystem;state;138;18;33;7;37;100;0,38;0,48;0;0,06;102,55;102,55;1,16;0,93
8;StudentAttendanceSystem;transition;138;18;33;11;33;100;0,34;0,96;0;0,13;103,55;103,55;1,62;1,43
8;StudentAttendanceSystem;pair;138;18;33;31;172;100;0,38;0,29;1,24;0,26;104,55;104,55;3;2,16
8;StudentAttendanceSystem;state;139;26;52;11;61;100;0,53;0,89;0;0,12;105,55;105,55;1,74;1,54
8;StudentAttendanceSystem;transition;139;26;52;18;52;100;0,55;1,34;0;0,21;105,55;106,55;2,33;2,09
8;StudentAttendanceSystem;pair;139;26;52;48;268;100;0,59;0,32;1,94;0,47;107,55;107,55;4,31;3,32
8;StudentAttendanceSystem;state;140;24;43;9;50;100;0,5;0,59;0;0,1;108,55;108,55;1,39;1,2
8;StudentAttendanceSystem;transition;140;24;43;15;42;100;0,45;1,29;0;0,17;109,55;109,55;2,18;1,92
8;StudentAttendanceSystem;pair;140;24;43;35;189;100;0,45;0,22;1,37;0,36;110,55;110,55;3,24;2,39
8;StudentAttendanceSystem;state;141;21;39;8;42;100;0,54;0,67;0;0,09;110,55;111,55;1,53;1,3
8;StudentAttendanceSystem;transition;141;21;39;14;38;100;0,44;1,11;0;0,14;111,55;111,55;1,98;1,7
8;StudentAttendanceSystem;pair;141;21;39;36;194;100;0,47;0,21;1,43;0,3;112,55;113,55;3,28;2,4
8;StudentAttendanceSystem;state;142;15;26;6;29;100;0,35;0,38;0;0,05;113,55;113,55;0,95;0,78
8;StudentAttendanceSystem;transition;142;15;26;9;26;100;0,31;0,75;0;0,08;113,55;114,55;1,36;1,14
8;StudentAttendanceSystem;pair;142;15;26;22;110;100;0,27;0,15;0,72;0,14;114,55;114,55;1,77;1,28
8;StudentAttendanceSystem;state;143;15;26;6;29;100;0,3;0,33;0;0,05;115,55;115,55;0,81;0,68
8;StudentAttendanceSystem;transition;143;15;26;9;26;100;0,26;0,53;0;0,07;115,55;115,55;1,06;0,87
8;StudentAttendanceSystem;pair;143;15;26;21;107;100;0,34;0,1;0,6;0,13;116,55;116,55;1,72;1,17
8;StudentAttendanceSystem;state;144;20;36;8;43;100;0,33;0,43;0;0,07;117,55;117,55;0,99;0,83
8;StudentAttendanceSystem;transition;144;20;36;12;36;100;0,32;1,03;0;0,11;117,55;117,55;1,66;1,46
8;StudentAttendanceSystem;pair;144;20;36;29;163;100;0,34;0,16;1,11;0,24;118,55;119,55;2,55;1,85
8;StudentAttendanceSystem;state;145;25;45;10;55;100;0,39;0,59;0;0,09;119,55;119,55;1,22;1,07
8;StudentAttendanceSystem;transition;145;25;45;16;44;100;0,39;1,12;0;0,17;120,55;120,55;1,95;1,69
8;StudentAttendanceSystem;pair;145;25;45;38;202;100;0,46;0,27;1,6;0,31;121,55;121,55;3,49;2,63
8;StudentAttendanceSystem;state;146;19;35;8;43;100;0,5;0,45;0;0,07;122,55;122,55;1,19;1,02
8;StudentAttendanceSystem;transition;146;19;35;11;35;100;0,37;0,78;0;0,1;122,55;123,55;1,47;1,25
8;StudentAttendanceSystem;pair;146;19;35;34;190;100;0,37;0,21;1,1;0,24;124,55;124,55;2,7;1,92
8;StudentAttendanceSystem;state;147;25;47;10;53;100;0,36;0,47;0;0,09;124,55;124,55;1,08;0,92
8;StudentAttendanceSystem;transition;147;25;47;17;46;100;0,5;1,14;0;0,17;125,55;125,55;2,09;1,81
8;StudentAttendanceSystem;pair;147;25;47;48;258;100;0,43;0,21;1,8;0,34;127,55;127,55;3,71;2,77
8;StudentAttendanceSystem;state;148;25;52;12;63;100;0,4;0,83;0;0,15;127,55;128,55;1,57;1,38
8;StudentAttendanceSystem;transition;148;25;52;17;52;100;0,54;1,03;0;0,18;128,55;128,55;1,99;1,75
8;StudentAttendanceSystem;pair;148;25;52;43;253;100;0,45;0,27;2,05;0,4;130,55;130,55;4,15;3,17
8;StudentAttendanceSystem;state;149;26;52;11;61;100;0,4;0,54;0;0,1;131,55;131,55;1,22;1,04
8;StudentAttendanceSystem;transition;149;26;52;18;52;100;0,4;1,12;0;0,19;131,55;132,55;2,13;1,71
8;StudentAttendanceSystem;pair;149;26;52;48;268;100;0,46;0,39;2;0,38;133,55;133,55;4,23;3,23
8;StudentAttendanceSystem;state;150;27;55;12;66;100;0,55;0,71;0;0,15;134,55;134,55;1,59;1,4
8;StudentAttendanceSystem;transition;150;27;55;18;54;100;0,42;1,29;0;0,2;135,55;135,55;2,22;1,91
8;StudentAttendanceSystem;pair;150;27;55;49;283;100;0,52;0,34;2,48;0,53;136,55;137,55;4,96;3,86
8;StudentAttendanceSystem;state;151;26;53;11;59;100;0,5;0,67;0;0,11;137,55;137,55;1,5;1,29
8;StudentAttendanceSystem;transition;151;26;53;19;53;100;0,46;1,42;0;0,2;138,55;138,55;2,34;2,08
8;StudentAttendanceSystem;pair;151;26;53;47;265;100;0,43;0,3;2,21;0,44;140,55;140,55;4,39;3,38
8;StudentAttendanceSystem;state;152;26;52;10;52;100;0,46;0,74;0;0,13;141,55;141,55;1,62;1,33
8;StudentAttendanceSystem;transition;152;26;52;20;51;100;0,42;1,12;0;0,21;141,55;142,55;2,02;1,75
8;StudentAttendanceSystem;pair;152;26;52;47;264;100;0,4;0,29;2,3;0,4;143,55;143,55;4,38;3,39
8;StudentAttendanceSystem;state;153;22;39;9;44;100;0,6;0,61;0;0,1;144,55;144,55;1,49;1,3
8;StudentAttendanceSystem;transition;153;22;39;15;38;100;0,46;1,15;0;0,23;145,55;145,55;2,14;1,83
8;StudentAttendanceSystem;pair;153;22;39;30;157;100;0,64;0,27;1,43;0,31;146,55;146,55;3,65;2,65
8;StudentAttendanceSystem;state;154;31;64;14;76;100;0,75;1,03;0;0,22;146,55;147,55;2,22;2
8;StudentAttendanceSystem;transition;154;31;64;23;63;100;0,69;2,11;0;0,41;147,55;148,55;3,59;3,2
8;StudentAttendanceSystem;pair;154;31;64;57;325;100;0,76;0,58;3,71;0,81;149,55;150,55;7,62;5,85
8;StudentAttendanceSystem;state;155;26;50;10;54;100;0,73;0,88;0;0,12;150,55;150,55;1,94;1,72
8;StudentAttendanceSystem;transition;155;26;50;18;49;100;0,52;1,56;0;0,26;151,55;151,55;2,59;2,34
8;StudentAttendanceSystem;pair;155;26;50;46;262;100;0,69;1,4;5,38;0,75;153,55;153,55;9,93;8,23
8;StudentAttendanceSystem;state;156;26;52;11;60;100;0,57;3,67;0;0,12;154,56;5,56;4,6;4,36
8;StudentAttendanceSystem;transition;156;26;52;18;51;100;0,52;1,61;0;0,22;5,56;6,56;2,68;2,35
8;StudentAttendanceSystem;pair;156;26;52;49;275;100;0,51;0,29;2,45;0,43;7,56;7,56;4,64;3,69
8;StudentAttendanceSystem;state;157;17;27;6;31;100;0,39;0,76;0;0,08;8,56;8,56;1,45;1,22
8;StudentAttendanceSystem;transition;157;17;27;10;26;100;0,38;0,7;0;0,1;8,56;8,56;1,37;1,18
8;StudentAttendanceSystem;pair;157;17;27;22;100;100;0,34;0,13;2,38;0,14;9,56;9,56;3,65;2,99
8;StudentAttendanceSystem;state;158;27;53;11;57;100;0,5;0,62;0;0,12;10,56;10,56;1,45;1,23
8;StudentAttendanceSystem;transition;158;27;53;20;52;100;0,47;2,7;0;0,3;11,56;11,56;3,79;3,48
8;StudentAttendanceSystem;pair;158;27;53;48;268;100;0,49;0,3;2,57;0,63;12,56;13,56;5,02;3,98
8;StudentAttendanceSystem;state;159;27;56;12;67;100;0,45;0,6;0;0,12;13,56;13,56;1,33;1,17
8;StudentAttendanceSystem;transition;159;27;56;19;56;100;0,44;1,3;0;0,2;14,56;14,56;2,23;1,94
8;StudentAttendanceSystem;pair;159;27;56;51;291;100;0,5;0,33;2,82;0,55;16,56;16,56;7,33;4,2
8;StudentAttendanceSystem;state;160;23;42;9;46;100;0,48;0,73;0;0,09;17,56;17,56;1,53;1,3
8;StudentAttendanceSystem;transition;160;23;42;16;41;100;0,72;0,91;0;0,1;17,56;17,56;1,92;1,73
8;StudentAttendanceSystem;pair;160;23;42;40;208;100;0,34;0,17;1,55;0,24;19,56;19,56;2,95;2,31
8;StudentAttendanceSystem;state;161;19;36;8;40;100;0,32;0,47;0;0,08;19,56;19,56;1,06;0,87
8;StudentAttendanceSystem;transition;161;19;36;13;36;100;0,81;0,98;0;0,13;20,56;20,56;2,25;1,92
8;StudentAttendanceSystem;pair;161;19;36;33;180;100;0,43;0,2;1,67;0,27;21,56;21,56;3,56;2,56
8;StudentAttendanceSystem;state;162;24;46;10;55;100;0,58;1,14;0;0,11;22,56;22,56;2,07;1,83
8;StudentAttendanceSystem;transition;162;24;46;16;46;100;0,44;1,03;0;0,18;23,56;23,56;1,9;1,65
8;StudentAttendanceSystem;pair;162;24;46;41;225;100;0,43;0,31;1,77;0,38;24,56;24,56;3,81;2,89
8;StudentAttendanceSystem;state;163;25;52;11;60;100;0,48;0,73;0;0,14;25,56;25,56;1,56;1,34
8;StudentAttendanceSystem;transition;163;25;52;16;52;100;0,52;1,27;0;0,2;26,56;26,56;2,24;1,98
8;StudentAttendanceSystem;pair;163;25;52;51;291;100;0,65;0,34;2,42;0,48;27,56;28,56;5,04;3,89
8;StudentAttendanceSystem;state;164;23;45;9;50;100;0,43;0,56;0;0,08;28,56;28,56;1,25;1,07
8;StudentAttendanceSystem;transition;164;23;45;16;45;100;0,4;1,21;0;0,18;29,56;29,56;2,04;1,79
8;StudentAttendanceSystem;pair;164;23;45;41;223;100;0,44;0,24;1,45;0,32;30,56;30,56;3,36;2,46
8;StudentAttendanceSystem;state;165;26;51;11;60;100;0,5;0,84;0;0,13;31,56;31,56;1,64;1,47
8;StudentAttendanceSystem;transition;165;26;51;17;50;100;0,55;1,28;0;0,19;32,56;32,56;2,26;2,02
8;StudentAttendanceSystem;pair;165;26;51;46;264;100;0,44;0,31;2,28;0,49;33,56;34,56;4,47;3,52
8;StudentAttendanceSystem;state;166;20;39;8;43;100;0,45;0,59;0;0,09;34,56;34,56;1,3;1,12
8;StudentAttendanceSystem;transition;166;20;39;13;39;100;0,35;0,93;0;0,15;35,56;35,56;1,66;1,43
8;StudentAttendanceSystem;pair;166;20;39;37;215;100;0,4;0,22;1,75;0,36;36,56;36,56;3,59;2,73
8;StudentAttendanceSystem;state;167;23;45;9;48;100;0,47;0,57;0;0,1;37,56;37,56;1,37;1,13
8;StudentAttendanceSystem;transition;167;23;45;16;45;100;0,44;1,15;0;0,18;37,56;38,56;2,01;1,77
8;StudentAttendanceSystem;pair;167;23;45;42;238;100;0,43;0,25;1,84;0,36;39,56;39,56;3,72;2,89
8;StudentAttendanceSystem;state;168;26;52;11;62;100;0,43;0,92;0;0,11;40,56;40,56;1,65;1,46
8;StudentAttendanceSystem;transition;168;26;52;16;52;100;0,38;0,95;0;0,16;41,56;41,56;1,71;1,5
8;StudentAttendanceSystem;pair;168;26;52;42;252;100;0,43;0,37;1,62;0,37;42,56;42,56;3,94;2,79
8;StudentAttendanceSystem;state;169;18;32;7;37;100;0,39;0,47;0;0,15;43,56;43,56;1,17;1,01
8;StudentAttendanceSystem;transition;169;18;32;10;32;100;0,33;0,68;0;0,11;43,56;43,56;1,35;1,13
8;StudentAttendanceSystem;pair;169;18;32;27;153;100;0,36;0,12;0,8;0,27;44,56;45,56;2,26;1,54
8;StudentAttendanceSystem;state;170;22;39;9;48;100;0,33;0,44;0;0,08;45,56;45,56;1;0,85
8;StudentAttendanceSystem;transition;170;22;39;13;38;100;0,33;0,74;0;0,11;46,56;46,56;1,35;1,19
8;StudentAttendanceSystem;pair;170;22;39;31;167;100;0,39;0,15;1,12;0,22;47,56;47,56;2,7;1,89
8;StudentAttendanceSystem;state;171;22;42;9;46;100;0,39;0,45;0;0,09;47,56;48,56;1,12;0,93
8;StudentAttendanceSystem;transition;171;22;42;15;41;100;0,46;0,9;0;0,15;48,56;48,56;1,78;1,51
8;StudentAttendanceSystem;pair;171;22;42;40;217;100;0,39;0,2;1,48;0,29;49,56;50,56;3,05;2,36
8;StudentAttendanceSystem;state;172;25;50;10;56;100;0,49;0,6;0;0,11;50,56;50,56;1,38;1,2
8;StudentAttendanceSystem;transition;172;25;50;17;50;100;0,43;1,03;0;0,17;51,56;51,56;1,85;1,64
8;StudentAttendanceSystem;pair;172;25;50;45;259;100;0,37;0,22;2,01;0,36;52,56;53,56;3,92;2,96
8;StudentAttendanceSystem;state;173;20;36;8;43;100;0,44;0,47;0;0,09;53,56;53,56;1,18;1
8;StudentAttendanceSystem;transition;173;20;36;12;36;100;0,39;0,81;0;0,13;54,56;54,56;1,53;1,33
8;StudentAttendanceSystem;pair;173;20;36;29;163;100;0,33;0,16;1,03;0,25;55,56;55,56;2,44;1,77
8;StudentAttendanceSystem;state;174;21;38;8;43;100;0,42;0,47;0;0,07;56,56;56,56;1,1;0,96
8;StudentAttendanceSystem;transition;174;21;38;12;38;100;0,36;0,81;0;0,19;56,56;56,56;1,55;1,36
8;StudentAttendanceSystem;pair;174;21;38;35;195;100;0,36;0,17;1,21;0,28;57,56;58,56;2,75;2,03
8;StudentAttendanceSystem;state;175;23;43;8;43;100;0,46;0,51;0;0,08;58,56;58,56;1,19;1,04
8;StudentAttendanceSystem;transition;175;23;43;16;42;100;0,42;1,02;0;0,18;59,56;59,56;1,86;1,62
8;StudentAttendanceSystem;pair;175;23;43;39;213;100;0,35;0,23;1,58;0,37;60,56;61,56;3,37;2,53
8;StudentAttendanceSystem;state;176;22;40;9;49;100;0,34;0,6;0;0,09;61,56;61,56;1,2;1,02
8;StudentAttendanceSystem;transition;176;22;40;13;39;100;0,41;0,8;0;0,12;62,56;62,56;1,53;1,33
8;StudentAttendanceSystem;pair;176;22;40;38;200;100;0,34;0,17;1,39;0,3;63,56;63,56;3,05;2,2
8;StudentAttendanceSystem;state;177;17;28;7;37;100;0,32;0,42;0;0,05;64,56;64,56;0,97;0,8
8;StudentAttendanceSystem;transition;177;17;28;8;28;100;0,31;0,73;0;0,07;64,56;64,56;1,3;1,11
8;StudentAttendanceSystem;pair;177;17;28;25;132;100;0,29;0,14;0,73;0,16;65,56;65,56;1,92;1,32
8;StudentAttendanceSystem;state;178;29;57;12;68;100;0,46;0,64;0;0,13;66,56;66,56;1,41;1,23
8;StudentAttendanceSystem;transition;178;29;57;18;56;100;0,52;1,11;0;0,2;67,56;67,56;2,07;1,82
8;StudentAttendanceSystem;pair;178;29;57;45;270;100;0,46;0,38;2,14;0,4;68,56;69,56;4,34;3,38
8;StudentAttendanceSystem;state;179;20;40;8;42;100;0,36;0,52;0;0,09;69,56;69,56;1,18;0,98
8;StudentAttendanceSystem;transition;179;20;40;14;40;100;0,35;0,84;0;0,12;70,56;70,56;1,53;1,32
8;StudentAttendanceSystem;pair;179;20;40;39;217;100;0,38;0,18;1,78;0,31;71,56;71,56;3,41;2,66
8;StudentAttendanceSystem;state;180;23;45;9;46;100;0,48;0,72;0;0,1;72,56;72,56;1,54;1,29
8;StudentAttendanceSystem;transition;180;23;45;16;45;100;0,54;1;0;0,16;72,56;73,56;1,95;1,7
8;StudentAttendanceSystem;pair;180;23;45;38;217;100;0,41;0,24;1,59;0,34;74,56;74,56;3,37;2,57
8;StudentAttendanceSystem;state;181;19;32;7;37;100;0,3;0,43;0;0,07;74,56;74,56;0,96;0,8
8;StudentAttendanceSystem;transition;181;19;32;11;31;100;0,37;0,92;0;0,12;75,56;75,56;1,65;1,42
8;StudentAttendanceSystem;pair;181;19;32;28;149;100;0,29;0,15;0,93;0,19;76,56;76,56;2,25;1,55
8;StudentAttendanceSystem;state;182;24;45;10;56;100;0,46;0,62;0;0,09;77,56;77,56;1,34;1,18
8;StudentAttendanceSystem;transition;182;24;45;15;44;100;0,41;0,97;0;0,21;77,56;78,56;1,8;1,59
8;StudentAttendanceSystem;pair;182;24;45;40;226;100;0,45;0,25;1,69;0,41;79,56;79,56;3,75;2,8
8;StudentAttendanceSystem;state;183;19;35;8;42;100;0,4;0,52;0;0,08;80,56;80,56;1,22;0,99
8;StudentAttendanceSystem;transition;183;19;35;12;35;100;0,35;0,76;0;0,11;80,56;80,56;1,4;1,21
8;StudentAttendanceSystem;pair;183;19;35;32;161;100;0,3;0,16;1,07;0,26;81,56;81,56;2,42;1,8
8;StudentAttendanceSystem;state;184;22;42;9;48;100;0,41;0,51;0;0,1;82,56;82,56;1,19;1,02
8;StudentAttendanceSystem;transition;184;22;42;13;42;100;0,34;0,99;0;0,19;83,56;83,56;1,76;1,52
8;StudentAttendanceSystem;pair;184;22;42;41;225;100;0,55;0,18;1,72;0,34;84,56;84,56;3,75;2,8
8;StudentAttendanceSystem;state;185;23;42;8;43;100;0,42;0,56;0;0,09;85,56;85,56;1,25;1,07
8;StudentAttendanceSystem;transition;185;23;42;15;41;100;0,4;0,99;0;0,14;85,56;85,56;1,77;1,53
8;StudentAttendanceSystem;pair;185;23;42;35;196;100;0,43;0,2;1,79;0,32;87,56;87,56;3,6;2,73
8;StudentAttendanceSystem;state;186;21;39;8;42;100;0,41;0,51;0;0,08;87,56;87,56;1,18;1
8;StudentAttendanceSystem;transition;186;21;39;14;39;100;0,4;0,83;0;0,13;88,56;88,56;1,59;1,36
8;StudentAttendanceSystem;pair;186;21;39;35;191;100;0,41;0,22;1,4;0,27;89,56;89,56;3,14;2,29
8;StudentAttendanceSystem;state;187;19;33;8;40;100;0,48;0,49;0;0,09;90,56;90,56;1,24;1,06
8;StudentAttendanceSystem;transition;187;19;33;12;33;100;0,36;0,77;0;0,12;90,56;90,56;1,46;1,25
8;StudentAttendanceSystem;pair;187;19;33;23;122;100;0,34;0,15;0,79;0,17;91,56;92,56;2,07;1,46
8;StudentAttendanceSystem;state;188;28;56;13;71;100;0,52;0,63;0;0,12;92,56;92,56;1,43;1,27
8;StudentAttendanceSystem;transition;188;28;56;18;55;100;0,45;1,41;0;0,2;93,56;93,56;2,31;2,06
8;StudentAttendanceSystem;pair;188;28;56;45;270;100;0,45;0,3;2,15;0,41;94,56;95,56;4,34;3,31
8;StudentAttendanceSystem;state;189;20;40;8;43;100;0,48;0,48;0;0,1;95,56;95,56;1,25;1,05
8;StudentAttendanceSystem;transition;189;20;40;13;40;100;0,45;0,89;0;0,13;96,56;96,56;1,71;1,46
8;StudentAttendanceSystem;pair;189;20;40;42;236;100;0,36;0,23;1,75;0,37;97,56;98,56;3,6;2,71
8;StudentAttendanceSystem;state;190;20;39;8;42;100;0,46;0,51;0;0,08;98,56;98,56;1,21;1,05
8;StudentAttendanceSystem;transition;190;20;39;13;39;100;0,36;0,9;0;0,13;99,56;99,56;1,61;1,38
8;StudentAttendanceSystem;pair;190;20;39;36;206;100;0,38;0,22;1,46;0,36;100,56;100,56;3,28;2,42
8;StudentAttendanceSystem;state;191;25;48;10;51;100;0,41;0,64;0;0,1;101,56;101,56;1,34;1,15
8;StudentAttendanceSystem;transition;191;25;48;19;47;100;0,44;1,28;0;0,22;101,56;102,56;2,19;1,95
8;StudentAttendanceSystem;pair;191;25;48;44;236;100;0,43;0,27;2,05;1,33;103,56;103,56;5,02;4,08
8;StudentAttendanceSystem;state;192;17;26;6;31;100;0,37;0,4;0;0,06;104,56;104,56;1;0,83
8;StudentAttendanceSystem;transition;192;17;26;9;25;100;0,35;0,66;0;0,07;104,56;104,56;1,27;1,08
8;StudentAttendanceSystem;pair;192;17;26;19;89;100;0,29;0,14;0,65;0,14;105,56;105,56;1,81;1,22
8;StudentAttendanceSystem;state;193;27;54;12;67;100;0,53;0,8;0;0,15;106,56;106,56;1,68;1,48
8;StudentAttendanceSystem;transition;193;27;54;17;54;100;0,48;1,18;0;0,23;106,56;107,56;2,13;1,89
8;StudentAttendanceSystem;pair;193;27;54;44;260;100;0,44;0,24;1,59;0,61;108,56;108,56;5,6;2,89
8;StudentAttendanceSystem;state;194;28;56;13;74;100;0,62;0,77;0;0,13;109,56;109,56;1,75;1,53
8;StudentAttendanceSystem;transition;194;28;56;17;55;100;0,52;1,5;0;0,19;110,56;110,56;2,52;2,21
8;StudentAttendanceSystem;pair;194;28;56;51;303;100;0,5;0,36;2,23;0,54;111,56;112,56;5,18;3,64
8;StudentAttendanceSystem;state;195;22;44;8;43;100;0,49;0,65;0;0,08;112,56;112,56;1,4;1,22
8;StudentAttendanceSystem;transition;195;22;44;16;44;100;0,48;1,25;0;0,2;113,56;113,56;2,23;1,93
8;StudentAttendanceSystem;pair;195;22;44;42;236;100;0,45;0,23;1,77;0,36;114,56;115,56;3,84;2,81
8;StudentAttendanceSystem;state;196;20;36;9;49;100;0,47;0,51;0;0,08;115,56;115,56;1,23;1,06
8;StudentAttendanceSystem;transition;196;20;36;11;36;100;0,53;1,35;0;0,23;116,56;116,56;2,46;2,12
8;StudentAttendanceSystem;pair;196;20;36;33;177;100;1,66;0,17;1,08;0,27;117,56;117,56;3,94;3,18
8;StudentAttendanceSystem;state;197;22;37;8;42;100;0,46;0,54;0;0,09;117,56;118,56;1,3;1,09
8;StudentAttendanceSystem;transition;197;22;37;13;36;100;0,46;0,97;0;0,15;118,56;118,56;1,79;1,58
8;StudentAttendanceSystem;pair;197;22;37;29;153;100;0,34;0,18;1,16;0,31;119,56;119,56;2,8;1,99
8;StudentAttendanceSystem;state;198;24;46;10;54;100;0,46;0,54;0;0,1;120,56;120,56;1,28;1,11
8;StudentAttendanceSystem;transition;198;24;46;16;45;100;0,4;1,2;0;0,27;121,56;121,56;2,16;1,87
8;StudentAttendanceSystem;pair;198;24;46;42;228;100;0,44;0,24;1,77;0,37;122,56;122,56;3,8;2,82
8;StudentAttendanceSystem;state;199;27;52;11;61;100;0,54;0,68;0;0,11;123,56;123,56;1,52;1,33
8;StudentAttendanceSystem;transition;199;27;52;19;51;100;1,01;1,61;0;0,26;124,56;124,56;3,48;2,89
8;StudentAttendanceSystem;pair;199;27;52;48;260;100;0,53;0,32;2,38;0,46;125,56;126,56;4,73;3,71
8;StudentAttendanceSystem;state;200;19;32;7;37;100;0,39;0,44;0;0,06;126,56;126,56;1,11;0,89
8;StudentAttendanceSystem;transition;200;19;32;11;31;100;0,35;0,8;0;0,13;127,56;127,56;1,52;1,28
8;StudentAttendanceSystem;pair;200;19;32;26;139;100;0,29;0,52;1,03;0,21;128,56;128,56;2,65;2,04
8;StudentAttendanceSystem;state;201;23;43;10;54;100;0,43;0,6;0;0,15;128,56;128,56;1,36;1,18
8;StudentAttendanceSystem;transition;201;23;43;15;43;100;0,67;1,05;0;0,17;129,56;129,56;2,12;1,89
8;StudentAttendanceSystem;pair;201;23;43;43;221;100;0,47;0,25;1,69;0,32;130,56;131,56;3,78;2,73
8;StudentAttendanceSystem;state;202;19;30;8;40;100;0,3;0,37;0;0,06;131,56;131,56;0,86;0,73
8;StudentAttendanceSystem;transition;202;19;30;10;29;100;0,26;0,65;0;0,1;132,56;132,56;1,18;1,01
8;StudentAttendanceSystem;pair;202;19;30;21;105;100;0,39;0,52;0,64;0,17;132,56;133,56;2,35;1,72
8;StudentAttendanceSystem;state;203;24;47;10;52;100;0,48;0,75;0;0,1;133,56;133,56;1,56;1,32
8;StudentAttendanceSystem;transition;203;24;47;17;46;100;0,45;1,08;0;0,2;134,56;134,56;2;1,73
8;StudentAttendanceSystem;pair;203;24;47;42;243;100;0,42;0,37;1,65;0,45;135,56;136,56;3,83;2,9
8;StudentAttendanceSystem;state;204;21;39;9;47;100;0,56;0,58;0;0,1;136,56;136,56;1,44;1,24
8;StudentAttendanceSystem;transition;204;21;39;14;39;100;0,32;0,79;0;0,12;137,56;137,56;1,41;1,23
8;StudentAttendanceSystem;pair;204;21;39;35;180;100;0,31;0,24;1,29;0,33;138,56;138,56;2,97;2,17
8;StudentAttendanceSystem;state;205;22;37;9;44;100;0,45;0,5;0;0,08;138,56;139,56;1,2;1,04
8;StudentAttendanceSystem;transition;205;22;37;14;36;100;0,31;0,89;0;0,14;139,56;139,56;1,56;1,34
8;StudentAttendanceSystem;pair;205;22;37;31;156;100;0,37;0,17;0,97;0,2;140,56;140,56;2,55;1,73
8;StudentAttendanceSystem;state;206;26;47;11;58;100;0,42;0,92;0;0,13;141,56;141,56;1,73;1,47
8;StudentAttendanceSystem;transition;206;26;47;17;46;100;0,53;1,22;0;0,16;142,56;142,56;2,18;1,91
8;StudentAttendanceSystem;pair;206;26;47;37;197;100;0,36;0,19;1,35;0,34;143,56;143,56;3,03;2,25
8;StudentAttendanceSystem;state;207;22;39;9;48;100;0,39;0,5;0;0,08;144,56;144,56;1,16;0,97
8;StudentAttendanceSystem;transition;207;22;39;13;38;100;0,43;1,12;0;0,22;144,56;145,56;2,01;1,77
8;StudentAttendanceSystem;pair;207;22;39;33;174;100;0,36;0,17;1;0,29;145,56;146,56;2,63;1,82
8;StudentAttendanceSystem;state;208;23;40;9;46;100;0,37;0,55;0;0,08;146,56;146,56;1,15;1
8;StudentAttendanceSystem;transition;208;23;40;14;39;100;0,37;0,83;0;0,14;147,56;147,56;1,55;1,34
8;StudentAttendanceSystem;pair;208;23;40;33;178;100;0,36;0,2;1,25;0,23;148,56;148,56;2,76;2,03
8;StudentAttendanceSystem;state;209;23;42;10;53;100;0,43;0,54;0;0,08;149,56;149,56;1,22;1,06
8;StudentAttendanceSystem;transition;209;23;42;15;41;100;0,38;1,09;0;0,14;150,56;150,56;1,88;1,61
8;StudentAttendanceSystem;pair;209;23;42;36;191;100;0,4;0,23;1,46;0,31;151,56;151,56;3,35;2,4
8;StudentAttendanceSystem;state;210;24;44;9;50;100;0,44;0,57;0;0,12;151,56;152,56;1,3;1,13
8;StudentAttendanceSystem;transition;210;24;44;16;43;100;0,42;1,12;0;0,16;152,56;152,56;1,93;1,7
8;StudentAttendanceSystem;pair;210;24;44;38;200;100;0,41;0,26;1,48;0,47;153,56;5,54;11,56;2,61
8;StudentAttendanceSystem;state;211;20;40;8;42;100;0,48;0,54;0;0,09;5,54;5,54;1,35;1,12
8;StudentAttendanceSystem;transition;211;20;40;14;40;100;0,37;1,34;0;0,17;6,54;6,54;2,14;1,88
8;StudentAttendanceSystem;pair;211;20;40;39;217;100;0,38;0,21;1,39;0,29;7,54;7,54;2,99;2,27
8;StudentAttendanceSystem;state;212;20;39;8;42;100;0,36;0,4;0;0,06;8,54;8,54;0,96;0,82
8;StudentAttendanceSystem;transition;212;20;39;13;39;100;0,34;1,03;0;0,12;8,54;9,54;1,71;1,49
8;StudentAttendanceSystem;pair;212;20;39;36;206;100;0,39;0,18;1,27;0,32;10,54;10,54;3,08;2,16
8;StudentAttendanceSystem;state;213;23;46;10;56;100;0,45;0,72;0;0,11;10,54;11,54;1,47;1,28
8;StudentAttendanceSystem;transition;213;23;46;15;46;100;0,38;0,98;0;0,18;11,54;11,54;1,74;1,54
8;StudentAttendanceSystem;pair;213;23;46;43;249;100;0,41;0,25;1,5;0,36;13,54;13,54;3,5;2,51
8;StudentAttendanceSystem;state;214;21;36;8;39;100;0,36;0,41;0;0,07;13,54;13,54;1;0,84
8;StudentAttendanceSystem;transition;214;21;36;15;35;100;0,37;0,8;0;0,13;14,54;14,54;1,51;1,31
8;StudentAttendanceSystem;pair;214;21;36;29;138;100;0,45;0,18;0,86;0,19;15,54;15,54;2,34;1,69
8;StudentAttendanceSystem;state;215;30;62;13;71;100;0,46;0,7;0;0,12;16,54;16,54;1,45;1,28
8;StudentAttendanceSystem;transition;215;30;62;22;61;100;0,46;1,23;0;0,35;17,54;17,54;2,32;2,04
8;StudentAttendanceSystem;pair;215;30;62;54;312;100;0,48;0,41;2,72;0,54;18,54;19,54;5,64;4,15
8;StudentAttendanceSystem;state;216;21;38;9;49;100;0,39;0,45;0;0,1;19,54;20,54;1,1;0,94
8;StudentAttendanceSystem;transition;216;21;38;13;38;100;0,44;0,79;0;0,14;20,54;20,54;1,57;1,36
8;StudentAttendanceSystem;pair;216;21;38;32;169;100;0,36;0,2;1,14;0,26;21,54;21,54;2,86;1,97
8;StudentAttendanceSystem;state;217;22;40;9;48;100;0,51;0,67;0;0,09;22,54;22,54;1,43;1,27
8;StudentAttendanceSystem;transition;217;22;40;14;39;100;0,35;0,83;0;0,17;23,54;23,54;1,63;1,35
8;StudentAttendanceSystem;pair;217;22;40;36;185;100;0,43;0,19;1,26;0,3;24,54;24,54;3,01;2,18
8;StudentAttendanceSystem;state;218;25;52;12;63;100;0,46;0,62;0;0,12;25,54;25,54;1,38;1,2
8;StudentAttendanceSystem;transition;218;25;52;17;52;100;0,41;0,96;0;0,2;25,54;25,54;1,83;1,57
8;StudentAttendanceSystem;pair;218;25;52;44;258;100;0,38;0,33;2,01;0,41;27,54;27,54;4,08;3,13
8;StudentAttendanceSystem;state;219;24;49;11;59;100;0,47;0,59;0;0,1;28,54;28,54;1,34;1,16
8;StudentAttendanceSystem;transition;219;24;49;17;49;100;0,42;1,03;0;0,2;28,54;29,54;1,93;1,65
8;StudentAttendanceSystem;pair;219;24;49;45;259;100;0,47;0,27;1,83;0,31;30,54;30,54;3,73;2,88
8;StudentAttendanceSystem;state;220;20;36;9;49;100;0,31;0,36;0;0,06;31,54;31,54;0,85;0,73
8;StudentAttendanceSystem;transition;220;20;36;11;36;100;0,26;0,61;0;0,09;31,54;31,54;1,09;0,96
8;StudentAttendanceSystem;pair;220;20;36;32;174;100;0,27;0,16;0,97;0,23;32,54;33,54;2,27;1,63
8;StudentAttendanceSystem;state;221;30;59;13;70;100;0,5;0,63;0;0,12;33,54;33,54;1,44;1,25
8;StudentAttendanceSystem;transition;221;30;59;21;58;100;0,47;1,3;0;0,22;34,54;34,54;2,26;1,99
8;StudentAttendanceSystem;pair;221;30;59;51;291;100;0,52;0,31;2,03;0,48;36,54;36,54;4,48;3,35
8;StudentAttendanceSystem;state;222;20;37;8;42;100;0,41;0,48;0;0,08;37,54;37,54;1,15;0,98
8;StudentAttendanceSystem;transition;222;20;37;12;37;100;0,38;0,8;0;0,11;37,54;37,54;1,47;1,28
8;StudentAttendanceSystem;pair;222;20;37;37;189;100;0,33;0,19;1,15;0,23;38,54;39,54;2,51;1,91
8;StudentAttendanceSystem;state;223;27;55;12;65;100;0,48;0,69;0;0,12;39,54;39,54;1,46;1,29
8;StudentAttendanceSystem;transition;223;27;55;18;55;100;0,47;1;0;0,23;40,54;40,54;1,96;1,7
8;StudentAttendanceSystem;pair;223;27;55;44;260;100;0,54;0,29;1,69;0,4;42,54;42,54;3,8;2,91
8;StudentAttendanceSystem;state;224;26;49;10;56;100;0,57;0,51;0;0,13;43,54;43,54;1,39;1,2
8;StudentAttendanceSystem;transition;224;26;49;17;48;100;0,39;0,99;0;0,21;43,54;44,54;1,82;1,59
8;StudentAttendanceSystem;pair;224;26;49;41;229;100;0,42;0,24;1,57;0,32;45,54;45,54;3,42;2,55
8;StudentAttendanceSystem;state;225;24;51;11;58;100;0,44;0,59;0;0,11;46,54;46,54;1,37;1,14
8;StudentAttendanceSystem;transition;225;24;51;17;51;100;0,38;1,14;0;0,17;46,54;47,54;1,91;1,69
8;StudentAttendanceSystem;pair;225;24;51;44;256;100;0,37;0,37;1,63;0,35;48,54;48,54;3,56;2,71
8;StudentAttendanceSystem;state;226;26;51;11;60;100;0,48;0,65;0;0,11;49,54;49,54;1,44;1,24
8;StudentAttendanceSystem;transition;226;26;51;17;50;100;0,41;1,03;0;0,17;50,54;50,54;1,83;1,61
8;StudentAttendanceSystem;pair;226;26;51;46;264;100;0,46;0,3;1,98;0,43;51,54;52,54;4,17;3,17
8;StudentAttendanceSystem;state;227;20;34;7;37;100;0,5;0,4;0;0,07;52,54;52,54;1,17;0,98
8;StudentAttendanceSystem;transition;227;20;34;11;33;100;0,34;0,77;0;0,12;53,54;53,54;1,42;1,23
8;StudentAttendanceSystem;pair;227;20;34;31;163;100;0,35;0,19;1,21;0,23;54,54;54,54;2,71;1,98
8;StudentAttendanceSystem;state;228;23;40;9;47;100;0,41;0,47;0;0,09;54,54;54,54;1,15;0,96
8;StudentAttendanceSystem;transition;228;23;40;14;39;100;0,38;0,97;0;0,15;55,54;55,54;1,73;1,5
8;StudentAttendanceSystem;pair;228;23;40;37;193;100;0,36;0,25;1,42;0,34;56,54;56,54;3,23;2,36
8;StudentAttendanceSystem;state;229;25;47;10;51;100;0,47;0,52;0;0,11;57,54;57,54;1,3;1,1
8;StudentAttendanceSystem;transition;229;25;47;18;46;100;0,4;1,13;0;0,26;58,54;58,54;2,06;1,79
8;StudentAttendanceSystem;pair;229;25;47;41;221;100;0,42;0,25;1,78;0,39;59,54;59,54;3,76;2,85
8;StudentAttendanceSystem;state;230;28;57;13;72;100;0,51;0,59;0;0,14;60,54;60,54;1,43;1,24
8;StudentAttendanceSystem;transition;230;28;57;18;57;100;0,46;1,25;0;0,23;61,54;61,54;2,24;1,94
8;StudentAttendanceSystem;pair;230;28;57;54;312;100;0,47;0,39;2,74;0,43;62,54;63,54;5,16;4,04
8;StudentAttendanceSystem;state;231;21;38;8;43;100;0,4;0,41;0;0,08;63,54;63,54;1,06;0,89
8;StudentAttendanceSystem;transition;231;21;38;13;37;100;0,4;0,9;0;0,12;64,54;64,54;1,65;1,43
8;StudentAttendanceSystem;pair;231;21;38;34;192;100;0,34;0,18;1,2;0,47;65,54;66,54;2,95;2,19
8;StudentAttendanceSystem;state;232;25;47;10;53;100;0,41;0,48;0;0,09;66,54;66,54;1,13;0,97
8;StudentAttendanceSystem;transition;232;25;47;18;46;100;0,37;0,99;0;0,21;67,54;67,54;1,8;1,57
8;StudentAttendanceSystem;pair;232;25;47;39;205;100;0,39;0,23;1,75;0,28;68,54;68,54;3,43;2,66
8;StudentAttendanceSystem;state;233;24;48;11;62;100;0,4;0,4;0;0,09;69,54;69,54;1,06;0,9
8;StudentAttendanceSystem;transition;233;24;48;14;48;100;0,34;1,02;0;0,18;70,54;70,54;1,76;1,55
8;StudentAttendanceSystem;pair;233;24;48;40;242;100;0,39;0,27;1,67;0,37;71,54;71,54;3,7;2,71
8;StudentAttendanceSystem;state;234;28;57;13;71;100;0,58;0,61;0;0,12;72,54;72,54;1,49;1,31
8;StudentAttendanceSystem;transition;234;28;57;19;56;100;0,43;1,15;0;0,19;73,54;73,54;2;1,77
8;StudentAttendanceSystem;pair;234;28;57;48;285;100;0,45;0,32;2,15;0,45;74,54;75,54;4,46;3,37
8;StudentAttendanceSystem;state;235;18;33;7;36;100;0,38;0,38;0;0,07;75,54;75,54;1,03;0,83
8;StudentAttendanceSystem;transition;235;18;33;11;33;100;0,32;0,74;0;0,12;76,54;76,54;1,43;1,19
8;StudentAttendanceSystem;pair;235;18;33;28;156;100;0,36;0,19;1,09;0,26;77,54;77,54;2,66;1,9
8;StudentAttendanceSystem;state;236;22;37;8;42;100;0,39;0,43;0;0,09;77,54;78,54;1,08;0,92
8;StudentAttendanceSystem;transition;236;22;37;13;36;100;0,4;0,85;0;0,14;78,54;78,54;1,61;1,38
8;StudentAttendanceSystem;pair;236;22;37;28;150;100;0,35;0,2;1,02;0,26;79,54;79,54;2,54;1,83
8;StudentAttendanceSystem;state;237;31;63;14;78;100;0,6;0,76;0;0,15;80,54;80,54;1,72;1,51
8;StudentAttendanceSystem;transition;237;31;63;21;62;100;0,47;1,54;0;0,26;81,54;81,54;2,53;2,27
8;StudentAttendanceSystem;pair;237;31;63;61;347;100;0,48;0,36;3,68;0,53;83,54;83,54;6,15;5,04
8;StudentAttendanceSystem;state;238;27;55;12;66;100;0,56;0,59;0;0,16;84,54;84,54;1,57;1,31
8;StudentAttendanceSystem;transition;238;27;55;19;55;100;0,48;1,28;0;0,27;85,54;85,54;2,34;2,04
8;StudentAttendanceSystem;pair;238;27;55;57;315;100;0,47;0,34;2,14;0,42;86,54;87,54;4,42;3,37
8;StudentAttendanceSystem;state;239;27;55;12;67;100;0,46;0,74;0;0,17;87,54;88,54;1,56;1,37
8;StudentAttendanceSystem;transition;239;27;55;18;55;100;0,57;1,27;0;0,23;88,54;88,54;2,32;2,06
8;StudentAttendanceSystem;pair;239;27;55;47;275;100;0,48;0,34;2,33;0,44;90,54;90,54;4,64;3,59
8;StudentAttendanceSystem;state;240;18;30;7;35;100;0,35;0,5;0;0,07;91,54;91,54;1,08;0,92
8;StudentAttendanceSystem;transition;240;18;30;11;30;100;0,31;0,71;0;0,11;91,54;91,54;1,32;1,13
8;StudentAttendanceSystem;pair;240;18;30;29;137;100;0,34;0,18;0,88;0,19;92,54;92,54;2,2;1,59
8;StudentAttendanceSystem;state;241;24;44;10;56;100;0,42;0,52;0;0,11;93,54;93,54;1,23;1,06
8;StudentAttendanceSystem;transition;241;24;44;14;43;100;0,41;1,08;0;0,18;94,54;94,54;1,89;1,67
8;StudentAttendanceSystem;pair;241;24;44;36;208;100;0,47;0,24;1,64;0,32;95,54;95,54;3,47;2,67
8;StudentAttendanceSystem;state;242;19;31;7;37;100;0,43;0,44;0;0,07;96,54;96,54;1,25;0,95
8;StudentAttendanceSystem;transition;242;19;31;10;30;100;0,34;0,81;0;0,15;96,54;96,54;1,49;1,3
8;StudentAttendanceSystem;pair;242;19;31;23;124;100;0,34;0,17;0,89;0,19;97,54;97,54;2,29;1,6
8;StudentAttendanceSystem;state;243;22;43;8;43;100;0,38;0,44;0;0,07;98,54;98,54;1,05;0,89
8;StudentAttendanceSystem;transition;243;22;43;15;42;100;0,33;0,92;0;0,14;98,54;98,54;1,56;1,39
8;StudentAttendanceSystem;pair;243;22;43;40;228;100;0,35;0,23;1,87;0,38;100,54;100,54;3,53;2,83
8;StudentAttendanceSystem;state;244;27;54;12;66;100;0,41;0,62;0;0,12;101,54;101,54;1,36;1,15
8;StudentAttendanceSystem;transition;244;27;54;17;53;100;0,48;0,96;0;0,26;101,54;102,54;1,91;1,69
8;StudentAttendanceSystem;pair;244;27;54;46;272;100;0,37;0,33;2,09;0,39;103,54;103,54;4,2;3,17
8;StudentAttendanceSystem;state;245;22;43;8;43;100;0,41;0,51;0;0,1;104,54;104,54;1,2;1,01
8;StudentAttendanceSystem;transition;245;22;43;15;42;100;0,45;0,89;0;0,18;105,54;105,54;1,77;1,51
8;StudentAttendanceSystem;pair;245;22;43;40;228;100;0,4;0,2;1,33;0,3;106,54;106,54;2,99;2,24
8;StudentAttendanceSystem;state;246;26;52;11;61;100;0,49;0,61;0;0,12;107,54;107,54;1,42;1,23
8;StudentAttendanceSystem;transition;246;26;52;17;52;100;0,43;1,09;0;0,16;108,54;108,54;1,88;1,68
8;StudentAttendanceSystem;pair;246;26;52;51;287;100;0,35;0,26;1,8;0,39;109,54;110,54;3,69;2,79
8;StudentAttendanceSystem;state;247;24;42;10;56;100;0,37;0,5;0;0,09;110,54;110,54;1,12;0,95
8;StudentAttendanceSystem;transition;247;24;42;14;41;100;0,32;0,88;0;0,16;111,54;111,54;1,57;1,36
8;StudentAttendanceSystem;pair;247;24;42;33;178;100;0,34;0,19;1,22;0,23;112,54;112,54;2,61;1,98
8;StudentAttendanceSystem;state;248;27;55;12;67;100;0,44;0,5;0;0,1;113,54;113,54;1,19;1,05
8;StudentAttendanceSystem;transition;248;27;55;18;55;100;0,4;1,07;0;0,17;114,54;114,54;1,83;1,63
8;StudentAttendanceSystem;pair;248;27;55;48;276;100;0,39;0,26;1,63;0,44;115,54;116,54;3,66;2,73
8;StudentAttendanceSystem;state;249;21;41;9;46;100;0,36;0,38;0;0,07;116,54;116,54;0,93;0,8
8;StudentAttendanceSystem;transition;249;21;41;14;41;100;0,35;1,06;0;0,16;117,54;117,54;1,78;1,56
8;StudentAttendanceSystem;pair;249;21;41;38;216;100;0,33;0,19;1,26;0,26;118,54;118,54;2,67;2,03
8;StudentAttendanceSystem;state;250;19;34;8;43;100;0,35;0,5;0;0,06;119,54;119,54;1,08;0,91
8;StudentAttendanceSystem;transition;250;19;34;10;34;100;0,34;0,64;0;0,1;119,54;119,54;1,26;1,07
8;StudentAttendanceSystem;pair;250;19;34;31;175;100;0,35;0,15;0,96;0,27;120,54;121,54;2,47;1,73
8;StudentAttendanceSystem;state;251;30;60;13;73;100;0,43;0,65;0;0,13;121,54;121,54;1,38;1,2
8;StudentAttendanceSystem;transition;251;30;60;19;59;100;0,44;1,22;0;0,22;122,54;122,54;2,13;1,88
8;StudentAttendanceSystem;pair;251;30;60;54;317;100;0,6;0,31;2,23;0,48;124,54;124,54;4,73;3,63
8;StudentAttendanceSystem;state;252;24;50;10;55;100;0,42;0,49;0;0,09;125,54;125,54;1,17;1
8;StudentAttendanceSystem;transition;252;24;50;15;50;100;0,38;0,91;0;0,15;125,54;126,54;1,68;1,44
8;StudentAttendanceSystem;pair;252;24;50;48;278;100;0,43;0,27;1,81;0,37;127,54;127,54;3,83;2,87
8;StudentAttendanceSystem;state;253;21;38;9;47;100;0,39;0,43;0;0,08;128,54;128,54;1,08;0,91
8;StudentAttendanceSystem;transition;253;21;38;13;37;100;0,38;0,74;0;0,19;129,54;129,54;1,49;1,3
8;StudentAttendanceSystem;pair;253;21;38;33;172;100;0,32;0,16;1,08;0,24;130,54;130,54;2,48;1,8
8;StudentAttendanceSystem;state;254;19;35;7;36;100;0,37;0,45;0;0,06;130,54;130,54;1,05;0,88
8;StudentAttendanceSystem;transition;254;19;35;11;35;100;0,36;0,71;0;0,1;131,54;131,54;1,37;1,17
8;StudentAttendanceSystem;pair;254;19;35;35;191;100;0,32;0,15;1,19;0,25;132,54;132,54;2,66;1,92
8;StudentAttendanceSystem;state;255;22;40;9;49;100;0,33;0,43;0;0,1;133,54;133,54;1,02;0,86
8;StudentAttendanceSystem;transition;255;22;40;14;40;100;0,35;0,75;0;0,14;133,54;134,54;1,43;1,24
8;StudentAttendanceSystem;pair;255;22;40;35;178;100;0,39;0,19;1,44;0,25;135,54;135,54;2,98;2,27
8;StudentAttendanceSystem;state;256;31;61;14;78;100;0,52;0,75;0;0,16;135,54;135,54;1,63;1,43
8;StudentAttendanceSystem;transition;256;31;61;19;60;100;0,51;1,41;0;0,25;136,54;136,54;2,43;2,17
8;StudentAttendanceSystem;pair;256;31;61;55;321;100;0,65;0,42;2,78;0,49;138,54;139,54;5,42;4,34
8;StudentAttendanceSystem;state;257;21;37;9;46;100;0,34;0,38;0;0,09;139,54;139,54;0,98;0,81
8;StudentAttendanceSystem;transition;257;21;37;13;36;100;0,33;0,84;0;0,13;140,54;140,54;1,54;1,29
8;StudentAttendanceSystem;pair;257;21;37;33;177;100;0,35;0,17;1,14;0,26;141,54;141,54;2,63;1,91
8;StudentAttendanceSystem;state;258;29;58;12;67;100;0,49;0,61;0;0,13;142,54;142,54;1,41;1,23
8;StudentAttendanceSystem;transition;258;29;58;20;57;100;0,44;1,31;0;0,23;142,54;143,54;2,24;1,99
8;StudentAttendanceSystem;pair;258;29;58;58;326;100;0,5;0,35;2,53;0,52;144,54;145,54;5,09;3,9
8;StudentAttendanceSystem;state;259;19;30;7;37;100;0,41;0,39;0;0,07;145,54;145,54;1,03;0,86
8;StudentAttendanceSystem;transition;259;19;30;11;29;100;0,28;0,75;0;0,11;146,54;146,54;1,35;1,15
8;StudentAttendanceSystem;pair;259;19;30;22;108;100;0,34;0,13;0,72;0,14;147,54;147,54;1,92;1,34
8;StudentAttendanceSystem;state;260;20;36;8;42;100;0,34;0,42;0;0,07;147,54;147,54;1;0,84
8;StudentAttendanceSystem;transition;260;20;36;11;36;100;0,35;0,73;0;0,11;148,54;148,54;1,4;1,2
8;StudentAttendanceSystem;pair;260;20;36;34;178;100;0,34;0,15;1,14;0,23;149,54;149,54;2,54;1,86
8;StudentAttendanceSystem;state;261;20;38;9;46;100;0,42;0,49;0;0,07;150,54;150,54;1,12;0,97
8;StudentAttendanceSystem;transition;261;20;38;13;38;100;0,29;0,64;0;0,1;150,54;150,54;1,17;1,03
8;StudentAttendanceSystem;pair;261;20;38;37;203;100;0,29;0,17;1,41;0,26;151,54;152,54;2,72;2,13
8;StudentAttendanceSystem;state;262;22;44;9;45;100;0,44;0,43;0;0,07;152,54;152,54;1,09;0,95
8;StudentAttendanceSystem;transition;262;22;44;15;44;100;0,4;0,96;0;0,17;153,54;153,54;1,77;1,53
8;StudentAttendanceSystem;pair;262;22;44;45;251;100;0,37;0,2;5,22;0,51;154,62;6,62;7,23;6,31
8;StudentAttendanceSystem;state;263;26;50;10;56;100;0,46;0,56;0;0,11;6,62;6,62;1,33;1,13
8;StudentAttendanceSystem;transition;263;26;50;18;49;100;0,43;1,3;0;0,19;7,62;7,62;2,16;1,92
8;StudentAttendanceSystem;pair;263;26;50;45;247;100;0,38;0,28;1,75;0,39;8,62;9,62;3,75;2,81
8;StudentAttendanceSystem;state;264;18;31;7;36;100;0,35;0,36;0;0,06;9,62;9,62;0,91;0,77
8;StudentAttendanceSystem;transition;264;18;31;11;30;100;0,28;0,69;0;0,13;10,62;10,62;1,29;1,1
8;StudentAttendanceSystem;pair;264;18;31;26;134;100;0,36;0,18;0,89;0,17;11,62;11,62;2,29;1,6
8;StudentAttendanceSystem;state;265;19;33;7;37;100;0,32;0,34;0;0,06;11,62;11,62;0,86;0,72
8;StudentAttendanceSystem;transition;265;19;33;11;33;100;0,28;0,74;0;0,11;12,62;12,62;1,33;1,12
8;StudentAttendanceSystem;pair;265;19;33;31;159;100;0,29;0,14;0,91;0,2;13,62;13,62;2,17;1,55
8;StudentAttendanceSystem;state;266;27;57;12;65;100;0,49;0,67;0;0,14;14,62;14,62;1,55;1,3
8;StudentAttendanceSystem;transition;266;27;57;20;57;100;0,45;1,41;0;0,26;14,62;15,62;2,39;2,13
8;StudentAttendanceSystem;pair;266;27;57;50;288;100;1,73;0,36;3,04;0,46;16,62;17,62;6,67;5,58
8;StudentAttendanceSystem;state;267;25;47;10;54;100;0,5;0,58;0;0,11;17,62;17,62;1,39;1,18
8;StudentAttendanceSystem;transition;267;25;47;15;46;100;0,4;1,03;0;0,14;18,62;18,62;1,78;1,57
8;StudentAttendanceSystem;pair;267;25;47;45;249;100;0,38;0,28;1,77;0,34;19,62;20,62;3,56;2,76
8;StudentAttendanceSystem;state;268;18;30;7;34;100;0,31;0,32;0;0,06;20,62;20,62;0,84;0,69
8;StudentAttendanceSystem;transition;268;18;30;12;29;100;0,27;0,95;0;0,11;21,62;21,62;1,52;1,33
8;StudentAttendanceSystem;pair;268;18;30;23;106;100;0,29;0,17;0,67;0,17;21,62;22,62;2;1,3
8;StudentAttendanceSystem;state;269;26;49;10;56;100;0,39;0,6;0;0,1;22,62;22,62;1,26;1,09
8;StudentAttendanceSystem;transition;269;26;49;17;48;100;0,4;1,15;0;0,2;23,62;23,62;2,01;1,75
8;StudentAttendanceSystem;pair;269;26;49;42;232;100;0,42;0,31;1,87;0,37;24,62;25,62;3,98;2,98
8;StudentAttendanceSystem;state;270;18;33;7;37;100;0,37;0,48;0;0,06;25,62;25,62;1,1;0,92
8;StudentAttendanceSystem;transition;270;18;33;11;33;100;0,32;0,69;0;0,11;26,62;26,62;1,32;1,12
8;StudentAttendanceSystem;pair;270;18;33;30;168;100;0,32;0,16;1,19;0,27;27,62;27,62;2,65;1,94
8;StudentAttendanceSystem;state;271;20;37;8;41;100;0,35;0,41;0;0,07;27,62;27,62;1;0,83
8;StudentAttendanceSystem;transition;271;20;37;13;36;100;0,3;0,91;0;0,14;28,62;28,62;1,61;1,35
8;StudentAttendanceSystem;pair;271;20;37;33;181;100;0,34;0,22;1,5;0,29;29,62;29,62;3,1;2,36
8;StudentAttendanceSystem;state;272;25;50;12;68;100;0,46;0,58;0;0,13;30,62;30,62;1,35;1,17
8;StudentAttendanceSystem;transition;272;25;50;14;50;100;0,42;0,98;0;0,17;31,62;31,62;1,77;1,57
8;StudentAttendanceSystem;pair;272;25;50;44;264;100;0,46;0,32;2,1;0,44;32,62;32,62;4,27;3,32
8;StudentAttendanceSystem;state;273;23;48;10;55;100;0,44;0,49;0;0,11;33,62;33,62;1,2;1,03
8;StudentAttendanceSystem;transition;273;23;48;15;48;100;0,39;1,12;0;0,17;34,62;34,62;1,91;1,68
8;StudentAttendanceSystem;pair;273;23;48;42;246;100;0,43;0,29;2,17;2,48;35,62;35,62;6,3;5,37
8;StudentAttendanceSystem;state;274;22;38;8;42;100;0,46;0,46;0;0,16;36,62;36,62;1,33;1,08
8;StudentAttendanceSystem;transition;274;22;38;14;37;100;0,38;1,03;0;0,16;36,62;37,62;1,78;1,57
8;StudentAttendanceSystem;pair;274;22;38;33;168;100;0,36;0,22;1,58;0,28;38,62;38,62;3,17;2,44
8;StudentAttendanceSystem;state;275;21;40;8;42;100;0,43;0,7;0;0,08;38,62;38,62;1,4;1,21
8;StudentAttendanceSystem;transition;275;21;40;15;40;100;0,37;1,08;0;0,16;39,62;39,62;1,91;1,62
8;StudentAttendanceSystem;pair;275;21;40;38;202;100;0,35;0,25;1,68;0,31;40,62;40,62;3,41;2,6
8;StudentAttendanceSystem;state;276;22;39;9;49;100;0,39;0,44;0;0,09;41,62;41,62;1,07;0,92
8;StudentAttendanceSystem;transition;276;22;39;12;38;100;0,35;1,02;0;0,15;42,62;42,62;1,75;1,51
8;StudentAttendanceSystem;pair;276;22;39;34;196;100;0,36;0,23;1,59;0,33;43,62;43,62;3,27;2,51
8;StudentAttendanceSystem;state;277;22;39;9;46;100;0,46;0,45;0;0,09;43,62;43,62;1,16;1
8;StudentAttendanceSystem;transition;277;22;39;15;38;100;0,43;1,06;0;0,17;44,62;44,62;1,92;1,65
8;StudentAttendanceSystem;pair;277;22;39;31;164;100;0,41;0,22;1,45;0,28;45,62;45,62;3,31;2,36
8;StudentAttendanceSystem;state;278;21;39;9;50;100;0,52;0,5;0;0,09;46,62;46,62;1,34;1,11
8;StudentAttendanceSystem;transition;278;21;39;12;39;100;0,43;1,01;0;0,15;47,62;47,62;1,8;1,59
8;StudentAttendanceSystem;pair;278;21;39;32;184;100;0,4;0,29;1,53;0,3;48,62;48,62;3,28;2,52
8;StudentAttendanceSystem;state;279;16;27;6;31;100;0,33;0,35;0;0,06;48,62;48,62;0,87;0,73
8;StudentAttendanceSystem;transition;279;16;27;9;27;100;0,43;0,73;0;0,1;49,62;49,62;1,44;1,26
8;StudentAttendanceSystem;pair;279;16;27;23;121;100;0,3;0,16;0,97;0,19;50,62;50,62;2,19;1,61
8;StudentAttendanceSystem;state;280;20;36;8;41;100;0,44;0,42;0;0,08;50,62;50,62;1,09;0,93
8;StudentAttendanceSystem;transition;280;20;36;13;36;100;0,35;0,9;0;0,19;51,62;51,62;1,62;1,43
8;StudentAttendanceSystem;pair;280;20;36;36;182;100;0,37;0,24;1,56;0,3;52,62;52,62;3,29;2,47
8;StudentAttendanceSystem;state;281;26;51;10;52;100;0,45;0,53;0;0,14;53,62;53,62;1,29;1,11
8;StudentAttendanceSystem;transition;281;26;51;19;50;100;0,42;1,33;0;0,22;54,62;54,62;2,2;1,97
8;StudentAttendanceSystem;pair;281;26;51;45;255;100;0,43;0,37;2,63;0,45;55,62;55,62;4,85;3,87
8;StudentAttendanceSystem;state;282;24;47;10;53;100;0,54;0,54;0;0,11;56,62;56,62;1,4;1,19
8;StudentAttendanceSystem;transition;282;24;47;17;47;100;0,44;1,27;0;0,19;57,62;57,62;2,15;1,9
8;StudentAttendanceSystem;pair;282;24;47;40;218;100;0,46;0,27;1,9;0,39;58,62;58,62;3,93;3,01
8;StudentAttendanceSystem;state;283;26;53;11;61;100;0,48;0,56;0;0,12;59,62;59,62;1,34;1,17
8;StudentAttendanceSystem;transition;283;26;53;19;53;100;0,51;1,44;0;0,24;60,62;60,62;2,47;2,2
8;StudentAttendanceSystem;pair;283;26;53;51;283;100;0,54;0,35;2,51;0,55;61,62;62,62;4,94;3,95
8;StudentAttendanceSystem;state;284;24;48;11;62;100;0,44;0,57;0;0,12;62,62;62,62;1,36;1,13
8;StudentAttendanceSystem;transition;284;24;48;14;48;100;0,43;1,26;0;0,18;63,62;63,62;2,11;1,88
8;StudentAttendanceSystem;pair;284;24;48;40;242;100;0,41;0,35;2,05;0,46;64,62;65,62;4,23;3,27
8;StudentAttendanceSystem;state;285;23;44;9;49;100;0,47;0,5;0;0,13;65,62;65,62;1,27;1,11
8;StudentAttendanceSystem;transition;285;23;44;15;43;100;0,46;1,17;0;0,19;66,62;66,62;2,07;1,83
8;StudentAttendanceSystem;pair;285;23;44;41;239;100;0,42;0,27;2,08;0,41;67,62;68,62;4,12;3,18
8;StudentAttendanceSystem;state;286;28;57;12;66;100;0,55;0,65;0;0,13;68,62;68,62;1,6;1,34
8;StudentAttendanceSystem;transition;286;28;57;18;56;100;0,45;1,54;0;0,24;69,62;69,62;2,49;2,23
8;StudentAttendanceSystem;pair;286;28;57;55;315;100;0,46;0,42;2,84;0,55;71,62;71,62;5,33;4,26
8;StudentAttendanceSystem;state;287;20;41;9;44;100;0,42;0,5;0;0,08;72,62;72,62;1,19;1,01
8;StudentAttendanceSystem;transition;287;20;41;15;41;100;0,33;0,95;0;0,16;72,62;72,62;1,68;1,44
8;StudentAttendanceSystem;pair;287;20;41;38;214;100;0,4;0,28;1,95;0,35;73,62;74,62;3,8;2,97
8;StudentAttendanceSystem;state;288;28;56;13;74;100;0,52;0,67;0;0,15;74,62;74,62;1,64;1,35
8;StudentAttendanceSystem;transition;288;28;56;17;55;100;0,47;1,33;0;0,21;75,62;75,62;2,25;2,01
8;StudentAttendanceSystem;pair;288;28;56;51;303;100;0,69;0,34;2,53;0,46;77,62;77,62;5,19;4,01
8;StudentAttendanceSystem;state;289;27;51;11;61;100;0,47;0,52;0;0,11;78,62;78,62;1,26;1,1
8;StudentAttendanceSystem;transition;289;27;51;18;50;100;0,41;1,55;0;0,22;79,62;79,62;2,41;2,18
8;StudentAttendanceSystem;pair;289;27;51;45;249;100;0,41;0,29;2,11;0,38;80,62;80,62;4,05;3,19
8;StudentAttendanceSystem;state;290;23;43;9;47;100;0,38;0,43;0;0,09;81,62;81,62;1,05;0,9
8;StudentAttendanceSystem;transition;290;23;43;16;42;100;0,33;1,21;0;0,19;82,62;82,62;1,96;1,72
8;StudentAttendanceSystem;pair;290;23;43;39;213;100;0,39;0,25;1,96;0,36;83,62;83,62;3,82;2,96
8;StudentAttendanceSystem;state;291;24;44;9;48;100;0,44;0,53;0;0,1;84,62;84,62;1,25;1,07
8;StudentAttendanceSystem;transition;291;24;44;16;43;100;0,39;1,29;0;0,2;84,62;85,62;2,11;1,88
8;StudentAttendanceSystem;pair;291;24;44;38;210;100;0,42;0,3;1,81;0,36;86,62;86,62;3,73;2,89
8;StudentAttendanceSystem;state;292;20;37;9;46;100;0,39;0,45;0;0,11;86,62;87,62;1,12;0,95
8;StudentAttendanceSystem;transition;292;20;37;12;37;100;0,37;0,96;0;0,13;87,62;87,62;1,66;1,46
8;StudentAttendanceSystem;pair;292;20;37;34;188;100;0,36;0,19;1,42;0,3;88,62;88,62;3,02;2,27
8;StudentAttendanceSystem;state;293;22;37;8;43;100;0,42;0,4;0;0,08;89,62;89,62;1,06;0,9
8;StudentAttendanceSystem;transition;293;22;37;12;36;100;0,34;1,1;0;0,13;90,62;90,62;1,77;1,56
8;StudentAttendanceSystem;pair;293;22;37;32;172;100;0,44;0,21;1,5;0,29;91,62;91,62;3,21;2,44
8;StudentAttendanceSystem;state;294;31;64;14;76;100;0,59;0,74;0;0,16;92,62;92,62;1,7;1,49
8;StudentAttendanceSystem;transition;294;31;64;22;63;100;0,49;1,66;0;0,3;92,62;93,62;2,73;2,45
8;StudentAttendanceSystem;pair;294;31;64;59;338;100;0,52;0,46;3,5;0,64;94,62;95,62;6,34;5,12
8;StudentAttendanceSystem;state;295;25;45;10;55;100;0,45;0,53;0;0,13;95,62;95,62;1,32;1,11
8;StudentAttendanceSystem;transition;295;25;45;16;44;100;0,43;1,24;0;0,19;96,62;96,62;2,08;1,86
8;StudentAttendanceSystem;pair;295;25;45;38;202;100;0,4;0,26;1,94;0,34;97,62;98,62;3,82;2,95
8;StudentAttendanceSystem;state;296;23;44;9;49;100;0,46;0,53;0;0,11;98,62;98,62;1,34;1,1
8;StudentAttendanceSystem;transition;296;23;44;15;43;100;0,39;1,23;0;0,18;99,62;99,62;2;1,79
8;StudentAttendanceSystem;pair;296;23;44;39;215;100;0,42;0,27;1,89;0,41;100,62;100,62;3,84;2,98
8;StudentAttendanceSystem;state;297;17;26;6;31;100;0,36;0,38;0;0,07;101,62;101,62;0,99;0,82
8;StudentAttendanceSystem;transition;297;17;26;9;25;100;0,3;0,7;0;0,1;101,62;101,62;1,34;1,1
8;StudentAttendanceSystem;pair;297;17;26;18;86;100;0,35;0,14;0,72;0,14;102,62;102,62;1,88;1,35
8;StudentAttendanceSystem;state;298;29;59;14;77;100;0,55;0,69;0;0,16;103,62;103,62;1,57;1,39
8;StudentAttendanceSystem;transition;298;29;59;19;58;100;0,51;1,53;0;0,25;104,62;104,62;2,57;2,29
8;StudentAttendanceSystem;pair;298;29;59;52;307;100;0,52;0,42;2,94;0,49;105,62;106,62;5,47;4,38
8;StudentAttendanceSystem;state;299;21;41;9;48;100;0,42;0,43;0;0,08;106,62;106,62;1,09;0,93
8;StudentAttendanceSystem;transition;299;21;41;14;41;100;0,37;0,87;0;0,13;107,62;107,62;1,57;1,37
8;StudentAttendanceSystem;pair;299;21;41;38;204;100;0,34;0,24;1,6;0,27;108,62;108,62;3,2;2,45
8;StudentAttendanceSystem;state;300;19;33;7;37;100;0,36;0,39;0;0,07;109,62;109,62;0,97;0,82
8;StudentAttendanceSystem;transition;300;19;33;12;32;100;0,3;0,8;0;0,17;109,62;110,62;1,45;1,27
8;StudentAttendanceSystem;pair;300;19;33;29;147;100;0,33;0,18;1,19;0,25;110,62;111,62;2,62;1,95
8;StudentAttendanceSystem;state;301;23;48;10;55;100;0,4;0,52;0;0,09;111,62;111,62;1,18;1,02
8;StudentAttendanceSystem;transition;301;23;48;15;48;100;0,4;1,16;0;0,16;112,62;112,62;1,94;1,73
8;StudentAttendanceSystem;pair;301;23;48;42;246;100;0,36;0,27;2,08;0,45;113,62;114,62;4,09;3,15
8;StudentAttendanceSystem;state;302;23;46;9;46;100;0,48;0,66;0;0,1;114,62;114,62;1,45;1,24
8;StudentAttendanceSystem;transition;302;23;46;17;46;100;0,44;1,32;0;0,28;115,62;115,62;2,4;2,04
8;StudentAttendanceSystem;pair;302;23;46;42;234;100;0,52;0,29;2,19;0,47;116,62;116,62;4,51;3,47
8;StudentAttendanceSystem;state;303;22;40;9;49;100;0,42;0,45;0;0,11;117,62;117,62;1,18;0,98
8;StudentAttendanceSystem;transition;303;22;40;13;39;100;0,43;1,33;0;0,16;118,62;118,62;2,32;1,92
8;StudentAttendanceSystem;pair;303;22;40;38;200;100;0,41;0,26;2,05;0,32;119,62;119,62;4,05;3,04
8;StudentAttendanceSystem;state;304;22;43;9;48;100;0,46;0,58;0;0,11;120,62;120,62;1,35;1,15
8;StudentAttendanceSystem;transition;304;22;43;14;43;100;0,42;1,08;0;0,15;120,62;120,62;1,87;1,65
8;StudentAttendanceSystem;pair;304;22;43;44;236;100;0,4;0,27;2,05;0,36;122,62;122,62;4,03;3,09
8;StudentAttendanceSystem;state;305;24;50;11;60;100;0,44;0,55;0;0,12;122,62;122,62;1,29;1,11
8;StudentAttendanceSystem;transition;305;24;50;16;50;100;0,39;1,31;0;0,2;123,62;123,62;2,15;1,9
8;StudentAttendanceSystem;pair;305;24;50;45;259;100;0,54;0,31;2,67;0,39;125,62;125,62;5,4;3,92
8;StudentAttendanceSystem;state;306;21;38;9;47;100;0,39;0,51;0;0,1;125,62;126,62;1,19;1
8;StudentAttendanceSystem;transition;306;21;38;13;37;100;0,32;0,88;0;0,13;126,62;126,62;1,49;1,33
8;StudentAttendanceSystem;pair;306;21;38;31;165;100;0,31;0,2;5,44;0,28;127,62;127,62;6,96;6,22
8;StudentAttendanceSystem;state;307;17;31;7;34;100;0,44;0,36;0;0,06;128,62;128,62;1,04;0,86
8;StudentAttendanceSystem;transition;307;17;31;11;31;100;0,31;0,88;0;0,11;128,62;128,62;1,56;1,3
8;StudentAttendanceSystem;pair;307;17;31;31;154;100;0,32;0,18;1,3;0,27;129,62;130,62;2,74;2,07
8;StudentAttendanceSystem;state;308;22;40;9;48;100;0,42;0,47;0;0,09;130,62;130,62;1,15;0,99
8;StudentAttendanceSystem;transition;308;22;40;14;39;100;0,31;0,87;0;0,18;131,62;131,62;1,54;1,36
8;StudentAttendanceSystem;pair;308;22;40;34;178;100;0,34;0,21;1,43;0,25;132,62;132,62;2,85;2,23
8;StudentAttendanceSystem;state;309;24;48;11;62;100;0,38;0,48;0;0,11;133,62;133,62;1,11;0,97
8;StudentAttendanceSystem;transition;309;24;48;14;48;100;0,36;1,03;0;0,15;133,62;133,62;1,72;1,54
8;StudentAttendanceSystem;pair;309;24;48;40;242;100;0,38;0,26;2,92;0,77;135,62;135,62;6,68;4,32
8;StudentAttendanceSystem;state;310;26;52;11;61;100;0,66;0,6;0;0,12;136,62;136,62;1,6;1,39
8;StudentAttendanceSystem;transition;310;26;52;18;52;100;0,43;1,26;0;0,23;136,62;137,62;2,19;1,92
8;StudentAttendanceSystem;pair;310;26;52;48;272;100;0,46;0,35;2,69;0,47;138,62;138,62;4,98;3,97
8;StudentAttendanceSystem;state;311;27;53;12;68;100;0,51;0,57;0;0,15;139,62;139,62;1,42;1,23
8;StudentAttendanceSystem;transition;311;27;53;16;52;100;0,46;1,32;0;0,22;140,62;140,62;2,25;1,99
8;StudentAttendanceSystem;pair;311;27;53;44;266;100;0,45;0,33;2,3;0,44;141,62;142,62;4,46;3,52
8;StudentAttendanceSystem;state;312;23;46;9;48;100;0,46;0,52;0;0,09;142,62;142,62;1,25;1,07
8;StudentAttendanceSystem;transition;312;23;46;17;46;100;0,37;1,2;0;0,2;143,62;143,62;2,02;1,78
8;StudentAttendanceSystem;pair;312;23;46;45;249;100;0,38;0,29;8,52;0,36;144,62;145,62;10,47;9,55
8;StudentAttendanceSystem;state;313;21;36;8;43;100;0,35;0,35;0;0,07;145,62;145,62;0,91;0,77
8;StudentAttendanceSystem;transition;313;21;36;13;35;100;0,29;0,97;0;0,16;146,62;146,62;1,6;1,42
8;StudentAttendanceSystem;pair;313;21;36;28;149;100;0,3;0,17;1,17;0,22;147,62;147,62;2,46;1,86
8;StudentAttendanceSystem;state;314;20;36;8;39;100;0,59;0,37;0;0,07;147,62;147,62;1,21;1,04
8;StudentAttendanceSystem;transition;314;20;36;14;35;100;0,37;0,78;0;0,12;148,62;148,62;1,48;1,27
8;StudentAttendanceSystem;pair;314;20;36;30;153;100;0,33;0,24;1,27;0,24;149,62;149,62;2,76;2,07
8;StudentAttendanceSystem;state;315;24;46;10;52;100;0,42;0,5;0;0,09;150,62;150,62;1,19;1,01
8;StudentAttendanceSystem;transition;315;24;46;16;45;100;0,44;1,1;0;0,17;150,62;150,62;1,95;1,71
8;StudentAttendanceSystem;pair;315;24;46;41;237;100;0,39;0,29;2,1;0,35;152,62;152,62;3,96;3,13
8;StudentAttendanceSystem;state;316;22;42;9;45;100;0,41;0,47;0;0,09;153,62;153,62;1,18;0,97
8;StudentAttendanceSystem;transition;316;22;42;16;42;100;0,42;0,87;0;0,14;153,62;153,62;1,64;1,43
8;StudentAttendanceSystem;pair;316;22;42;36;196;100;7,32;0,22;1,49;0,3;5,52;6,52;10,23;9,33
8;StudentAttendanceSystem;state;317;16;28;6;30;100;0,36;0,31;0;0,05;6,52;6,52;0,87;0,71
8;StudentAttendanceSystem;transition;317;16;28;10;28;100;0,29;0,6;0;0,08;7,52;7,52;1,13;0,97
8;StudentAttendanceSystem;pair;317;16;28;25;123;100;0,24;0,13;0,99;0,21;7,52;8,52;2,11;1,56
8;StudentAttendanceSystem;state;318;26;53;11;62;100;0,47;0,52;0;0,11;8,52;8,52;1,25;1,1
8;StudentAttendanceSystem;transition;318;26;53;17;53;100;0,4;1,21;0;0,18;9,52;9,52;2,08;1,78
8;StudentAttendanceSystem;pair;318;26;53;45;263;100;0,37;0,3;1,92;0,38;10,52;11,52;3,86;2,98
8;StudentAttendanceSystem;state;319;24;49;11;62;100;1,39;0,58;0;0,13;11,52;11,52;2,33;2,09
8;StudentAttendanceSystem;transition;319;24;49;15;49;100;0,43;1,22;0;0,2;12,52;12,52;2,11;1,85
8;StudentAttendanceSystem;pair;319;24;49;43;257;100;0,46;0,33;2,27;0,45;14,52;14,52;4,45;3,5
8;StudentAttendanceSystem;state;320;22;39;8;43;100;0,38;0,49;0;0,12;14,52;14,52;1,18;1
8;StudentAttendanceSystem;transition;320;22;39;14;38;100;0,37;1,03;0;0,16;15,52;15,52;1,78;1,57
8;StudentAttendanceSystem;pair;320;22;39;38;198;100;0,35;0,23;1,75;0,35;16,52;17,52;3,46;2,67
8;StudentAttendanceSystem;state;321;26;51;11;60;100;0,45;0,57;0;0,16;17,52;17,52;1,35;1,17
8;StudentAttendanceSystem;transition;321;26;51;17;50;100;0,43;1,35;0;0,21;18,52;18,52;2,29;1,99
8;StudentAttendanceSystem;pair;321;26;51;46;264;100;0,48;0,38;2,07;0,47;19,52;20,52;4,4;3,4
8;StudentAttendanceSystem;state;322;18;33;7;36;100;0,35;0,41;0;0,07;20,52;20,52;1,02;0,83
8;StudentAttendanceSystem;transition;322;18;33;11;33;100;0,31;0,71;0;0,13;21,52;21,52;1,34;1,14
8;StudentAttendanceSystem;pair;322;18;33;29;159;100;0,31;0,19;1,18;0,26;22,52;22,52;2,6;1,95
8;StudentAttendanceSystem;state;323;24;47;10;55;100;0,42;0,52;0;0,13;22,52;23,52;1,23;1,07
8;StudentAttendanceSystem;transition;323;24;47;17;47;100;0,4;1,08;0;0,2;23,52;23,52;1,9;1,68
8;StudentAttendanceSystem;pair;323;24;47;44;236;100;0,41;0,29;1,74;0,38;25,52;25,52;3,77;2,82
8;StudentAttendanceSystem;state;324;18;29;6;31;100;0,38;0,35;0;0,06;25,52;25,52;0,94;0,8
8;StudentAttendanceSystem;transition;324;18;29;10;28;100;0,31;0,65;0;0,11;26,52;26,52;1,24;1,07
8;StudentAttendanceSystem;pair;324;18;29;27;129;100;0,29;0,16;0,88;0,21;27,52;27,52;2,17;1,54
8;StudentAttendanceSystem;state;325;20;35;8;40;100;0,36;0,4;0;0,07;27,52;27,52;0,98;0,83
8;StudentAttendanceSystem;transition;325;20;35;13;34;100;0,34;0,88;0;0,14;28,52;28,52;1,57;1,36
8;StudentAttendanceSystem;pair;325;20;35;27;142;100;0,33;0,21;1,06;0,26;29,52;29,52;2,64;1,86
8;StudentAttendanceSystem;state;326;23;43;10;52;100;0,41;0,53;0;0,1;30,52;30,52;1,2;1,04
8;StudentAttendanceSystem;transition;326;23;43;16;43;100;0,38;0,98;0;0,17;30,52;30,52;1,8;1,53
8;StudentAttendanceSystem;pair;326;23;43;35;184;100;0,57;0,25;1,35;0,31;31,52;32,52;3,35;2,48
8;StudentAttendanceSystem;state;327;20;37;8;43;100;0,49;0,47;0;0,08;32,52;32,52;1,24;1,05
8;StudentAttendanceSystem;transition;327;20;37;13;37;100;0,34;0,85;0;0,15;33,52;33,52;1,53;1,33
8;StudentAttendanceSystem;pair;327;20;37;32;178;100;0,36;0,22;1,28;0,29;34,52;34,52;2,87;2,15
8;StudentAttendanceSystem;state;328;18;32;7;37;100;0,39;0,42;0;0,07;35,52;35,52;1,1;0,88
8;StudentAttendanceSystem;transition;328;18;32;10;32;100;0,33;0,76;0;0,1;35,52;35,52;1,39;1,19
8;StudentAttendanceSystem;pair;328;18;32;27;153;100;0,34;0,18;0,96;0,24;36,52;36,52;2,4;1,73
8;StudentAttendanceSystem;state;329;28;56;12;62;100;0,62;0,61;0;0,13;37,52;37,52;1,51;1,35
8;StudentAttendanceSystem;transition;329;28;56;21;55;100;0,45;1,34;0;0,23;38,52;38,52;2,29;2,02
8;StudentAttendanceSystem;pair;329;28;56;57;315;100;0,55;0,43;2,82;0,56;39,52;40,52;5,48;4,36
8;StudentAttendanceSystem;state;330;27;54;12;68;100;0,49;0,6;0;0,14;41,52;41,52;1,46;1,23
8;StudentAttendanceSystem;transition;330;27;54;17;53;100;0,51;1,2;0;0,24;41,52;42,52;2,19;1,95
8;StudentAttendanceSystem;pair;330;27;54;47;281;100;0,45;0,37;2,37;0,49;43,52;43,52;4,72;3,68
8;StudentAttendanceSystem;state;331;22;40;9;48;100;0,43;0,52;0;0,1;44,52;44,52;1,22;1,05
8;StudentAttendanceSystem;transition;331;22;40;14;40;100;0,38;0,87;0;0,17;44,52;45,52;1,63;1,42
8;StudentAttendanceSystem;pair;331;22;40;33;175;100;0,37;0,3;1,26;0,27;46,52;46,52;2,97;2,21
8;StudentAttendanceSystem;state;332;27;54;12;66;100;0,47;0,59;0;0,14;46,52;46,52;1,37;1,2
8;StudentAttendanceSystem;transition;332;27;54;17;53;100;0,45;1,29;0;0,22;47,52;47,52;2,19;1,95
8;StudentAttendanceSystem;pair;332;27;54;45;267;100;0,47;0,36;2,34;0,68;49,52;49,52;4,88;3,85
8;StudentAttendanceSystem;state;333;27;53;12;68;100;0,48;0,68;0;0,14;50,52;50,52;1,49;1,31
8;StudentAttendanceSystem;transition;333;27;53;16;52;100;0,45;1,19;0;0,37;51,52;51,52;2,27;2,02
8;StudentAttendanceSystem;pair;333;27;53;44;266;100;0,49;0,36;2,15;0,49;52,52;52,52;4,64;3,49
8;StudentAttendanceSystem;state;334;24;44;9;50;100;0,48;0,64;0;0,11;53,52;53,52;1,42;1,23
8;StudentAttendanceSystem;transition;334;24;44;16;43;100;0,49;1,11;0;0,2;54,52;54,52;2,17;1,81
8;StudentAttendanceSystem;pair;334;24;44;37;195;100;0,46;0,25;1,49;0,38;55,52;55,52;3,43;2,58
8;StudentAttendanceSystem;state;335;18;31;7;37;100;0,35;0,4;0;0,07;56,52;56,52;0,98;0,83
8;StudentAttendanceSystem;transition;335;18;31;11;31;100;0,32;0,75;0;0,2;56,52;56,52;1,47;1,28
8;StudentAttendanceSystem;pair;335;18;31;24;128;100;0,42;0,17;0,97;0,21;57,52;57,52;2,46;1,77
8;StudentAttendanceSystem;state;336;24;44;11;57;100;0,41;0,53;0;0,11;58,52;58,52;1,2;1,04
8;StudentAttendanceSystem;transition;336;24;44;15;44;100;0,39;0,98;0;0,18;58,52;59,52;1,77;1,55
8;StudentAttendanceSystem;pair;336;24;44;38;200;100;0,4;0,28;1,6;0,33;60,52;60,52;3,43;2,62
8;StudentAttendanceSystem;state;337;23;42;10;54;100;0,41;0,49;0;0,1;60,52;60,52;1,17;1,01
8;StudentAttendanceSystem;transition;337;23;42;14;42;100;0,38;0,96;0;0,16;61,52;61,52;1,71;1,5
8;StudentAttendanceSystem;pair;337;23;42;40;206;100;0,38;0,25;1,42;0,36;62,52;63,52;3,29;2,41
8;StudentAttendanceSystem;state;338;22;38;8;42;100;0,39;0,44;0;0,08;63,52;63,52;1,06;0,91
8;StudentAttendanceSystem;transition;338;22;38;14;37;100;0,35;0,9;0;0,15;64,52;64,52;1,6;1,4
8;StudentAttendanceSystem;pair;338;22;38;33;172;100;0,42;0,22;1,29;0,29;65,52;65,52;2,95;2,21
8;StudentAttendanceSystem;state;339;16;27;6;31;100;0,36;0,3;0;0,06;65,52;66,52;0,9;0,71
8;StudentAttendanceSystem;transition;339;16;27;9;27;100;0,22;0,47;0;0,07;66,52;66,52;0,89;0,77
8;StudentAttendanceSystem;pair;339;16;27;24;125;100;0,22;0,14;0,6;0,14;67,52;67,52;1,53;1,1
8;StudentAttendanceSystem;state;340;16;28;6;31;100;0,32;0,3;0;0,05;67,52;67,52;0,9;0,66
8;StudentAttendanceSystem;transition;340;16;28;9;28;100;0,26;0,5;0;0,07;68,52;68,52;0,97;0,83
8;StudentAttendanceSystem;pair;340;16;28;28;142;100;0,23;0,12;0,64;0,17;69,52;69,52;1,63;1,17
8;StudentAttendanceSystem;state;341;25;45;10;55;100;0,39;0,51;0;0,11;70,52;70,52;1,21;1,02
8;StudentAttendanceSystem;transition;341;25;45;16;44;100;0,39;1,03;0;0,19;70,52;70,52;1,83;1,61
8;StudentAttendanceSystem;pair;341;25;45;38;198;100;0,45;0,24;1,28;0,27;71,52;72,52;3,09;2,23
8;StudentAttendanceSystem;state;342;19;33;7;36;100;0,42;0,46;0;0,07;72,52;72,52;1,87;0,95
8;StudentAttendanceSystem;transition;342;19;33;12;33;100;0,29;0,78;0;0,11;73,52;73,52;1,44;1,19
8;StudentAttendanceSystem;pair;342;19;33;27;141;100;0,3;0,14;0,96;0,19;74,52;74,52;2,22;1,59
8;StudentAttendanceSystem;state;343;26;50;11;62;100;0,45;0,57;0;0,12;74,52;75,52;1,34;1,14
8;StudentAttendanceSystem;transition;343;26;50;16;49;100;0,63;1,12;0;0,19;75,52;75,52;2,19;1,94
8;StudentAttendanceSystem;pair;343;26;50;44;258;100;0,48;0,31;2,07;0,39;77,52;77,52;4,23;3,24
8;StudentAttendanceSystem;state;344;20;36;8;41;100;0,4;0,42;0;0,09;78,52;78,52;1,1;0,91
8;StudentAttendanceSystem;transition;344;20;36;13;36;100;0,41;0,68;0;0,11;78,52;78,52;1,37;1,19
8;StudentAttendanceSystem;pair;344;20;36;36;184;100;0,31;0,19;1,15;0,41;79,52;80,52;2,81;2,06
8;StudentAttendanceSystem;state;345;28;57;12;66;100;0,46;0,62;0;0,13;80,52;80,52;1,4;1,21
8;StudentAttendanceSystem;transition;345;28;57;18;56;100;0,45;1,11;0;0,28;81,52;81,52;2,19;1,85
8;StudentAttendanceSystem;pair;345;28;57;55;315;100;0,46;0,38;2,64;0,48;83,52;83,52;5,07;3,96
8;StudentAttendanceSystem;state;346;23;41;10;56;100;0,43;0,45;0;0,06;84,52;84,52;1,09;0,94
8;StudentAttendanceSystem;transition;346;23;41;13;40;100;0,42;0,83;0;0,17;84,52;84,52;1,67;1,43
8;StudentAttendanceSystem;pair;346;23;41;37;201;100;0,42;0,25;1,19;0,26;85,52;86,52;3,09;2,12
8;StudentAttendanceSystem;state;347;24;49;11;62;100;0,41;0,43;0;0,09;86,52;86,52;1,08;0,92
8;StudentAttendanceSystem;transition;347;24;49;15;49;100;0,38;0,91;0;0,17;87,52;87,52;1,72;1,46
8;StudentAttendanceSystem;pair;347;24;49;43;257;100;0,41;0,27;1,61;0,37;88,52;89,52;3,72;2,66
8;StudentAttendanceSystem;state;348;23;44;9;50;100;0,42;0,42;0;0,09;89,52;89,52;1,09;0,94
8;StudentAttendanceSystem;transition;348;23;44;15;44;100;0,34;0,88;0;0,18;90,52;90,52;1,62;1,39
8;StudentAttendanceSystem;pair;348;23;44;38;208;100;0,34;0,22;1,36;0,32;91,52;92,52;3,07;2,25
8;StudentAttendanceSystem;state;349;22;43;9;45;100;0,4;0,47;0;0,1;92,52;92,52;1,16;0,96
8;StudentAttendanceSystem;transition;349;22;43;17;43;100;0,36;0,75;0;0,15;93,52;93,52;1,47;1,26
8;StudentAttendanceSystem;pair;349;22;43;40;212;100;0,3;0,24;1,52;0,32;94,52;94,52;3,22;2,38
8;StudentAttendanceSystem;state;350;25;50;10;56;100;0,49;0,52;0;0,1;95,52;95,52;1,29;1,12
8;StudentAttendanceSystem;transition;350;25;50;17;50;100;0,42;1,13;0;0,18;96,52;96,52;1,98;1,73
8;StudentAttendanceSystem;pair;350;25;50;45;259;100;0,42;0,24;1,96;0,39;97,52;97,52;3,98;3
8;StudentAttendanceSystem;state;351;23;45;9;48;100;0,37;0,72;0;0,1;98,52;98,52;1,39;1,2
8;StudentAttendanceSystem;transition;351;23;45;16;45;100;0,41;0,86;0;0,23;99,52;99,52;1,78;1,49
8;StudentAttendanceSystem;pair;351;23;45;42;234;100;0,4;0,25;1,31;0,3;100,52;100,52;3,08;2,27
8;StudentAttendanceSystem;state;352;30;62;13;71;100;0,54;0,64;0;0,14;101,52;101,52;1,52;1,33
8;StudentAttendanceSystem;transition;352;30;62;22;61;100;0,39;1,31;0;0,22;102,52;102,52;2,18;1,92
8;StudentAttendanceSystem;pair;352;30;62;53;306;100;0,46;0,37;2,23;0,46;104,52;104,52;4,53;3,51
8;StudentAttendanceSystem;state;353;26;52;11;61;100;0,5;0,58;0;0,1;105,52;105,52;1,35;1,18
8;StudentAttendanceSystem;transition;353;26;52;18;52;100;0,51;1,14;0;0,19;105,52;106,52;2,11;1,84
8;StudentAttendanceSystem;pair;353;26;52;48;268;100;0,4;0,21;1,5;0,41;107,52;107,52;3,25;2,52
8;StudentAttendanceSystem;state;354;25;46;10;51;100;0,42;0,41;0;0,08;108,52;108,52;1,07;0,91
8;StudentAttendanceSystem;transition;354;25;46;17;45;100;0,36;1,02;0;0,17;109,52;109,52;1,78;1,55
8;StudentAttendanceSystem;pair;354;25;46;38;210;100;0,39;0,25;1,42;0,37;110,52;110,52;3,4;2,43
8;StudentAttendanceSystem;state;355;31;63;14;76;100;0,46;0,64;0;0,13;111,52;111,52;1,43;1,22
8;StudentAttendanceSystem;transition;355;31;63;22;62;100;0,46;1,44;0;0,26;112,52;112,52;2,45;2,16
8;StudentAttendanceSystem;pair;355;31;63;54;310;100;0,49;0,37;2,18;0,35;113,52;114,52;4,38;3,39
8;StudentAttendanceSystem;state;356;22;41;9;49;100;0,39;0,46;0;0,1;114,52;114,52;1,13;0,95
8;StudentAttendanceSystem;transition;356;22;41;14;41;100;0,33;0,88;0;0,16;115,52;115,52;1,58;1,37
8;StudentAttendanceSystem;pair;356;22;41;40;208;100;0,35;0,24;1,19;0,27;116,52;117,52;2,74;2,05
8;StudentAttendanceSystem;state;357;26;47;11;60;100;0,46;0,51;0;0,13;117,52;117,52;1,28;1,09
8;StudentAttendanceSystem;transition;357;26;47;16;46;100;0,39;1,03;0;0,22;118,52;118,52;1,88;1,63
8;StudentAttendanceSystem;pair;357;26;47;44;230;100;0,45;0,31;1,59;0,37;119,52;120,52;3,58;2,72
8;StudentAttendanceSystem;state;358;17;27;6;31;100;0,37;0,29;0;0,05;120,52;120,52;0,91;0,71
8;StudentAttendanceSystem;transition;358;17;27;10;26;100;0,28;0,7;0;0,12;120,52;121,52;1,31;1,1
8;StudentAttendanceSystem;pair;358;17;27;21;97;100;0,27;0,12;1;0,16;121,52;121,52;2,11;1,55
8;StudentAttendanceSystem;state;359;24;49;11;62;100;0,45;0,52;0;0,1;122,52;122,52;1,24;1,07
8;StudentAttendanceSystem;transition;359;24;49;15;49;100;0,34;1,02;0;0,15;123,52;123,52;1,74;1,51
8;StudentAttendanceSystem;pair;359;24;49;43;257;100;0,51;0,2;1,13;0,23;124,52;124,52;2,63;2,07
8;StudentAttendanceSystem;state;360;21;38;9;47;100;0,41;0,28;0;0,08;125,52;125,52;0,94;0,78
8;StudentAttendanceSystem;transition;360;21;38;13;37;100;0,32;0,65;0;0,14;126,52;126,52;1,29;1,11
8;StudentAttendanceSystem;pair;360;21;38;31;165;100;0,3;0,24;1,03;0,22;127,52;127,52;2,52;1,8
8;StudentAttendanceSystem;state;361;26;50;10;54;100;0,43;0,52;0;0,11;127,52;127,52;1,27;1,06
8;StudentAttendanceSystem;transition;361;26;50;18;49;100;0,39;1,12;0;0,21;128,52;128,52;2,02;1,72
8;StudentAttendanceSystem;pair;361;26;50;46;258;100;0,43;0,24;1,84;0,41;130,52;130,52;4;2,91
8;StudentAttendanceSystem;state;362;28;58;13;69;100;0,45;0,53;0;0,14;131,52;131,52;1,26;1,11
8;StudentAttendanceSystem;transition;362;28;58;20;57;100;0,46;1,05;0;0,23;131,52;132,52;2;1,74
8;StudentAttendanceSystem;pair;362;28;58;51;293;100;0,4;0,33;2,25;0,45;133,52;134,52;4,41;3,44
8;StudentAttendanceSystem;state;363;27;55;12;67;100;0,43;0,63;0;0,13;134,52;134,52;1,48;1,19
8;StudentAttendanceSystem;transition;363;27;55;17;55;100;0,45;1,1;0;0,25;135,52;135,52;14,6;1,8
8;StudentAttendanceSystem;pair;363;27;55;51;299;100;0,51;0,43;2,32;0,48;137,52;137,52;5,06;3,73
8;StudentAttendanceSystem;state;364;23;41;10;53;100;0,37;0,43;0;0,09;138,52;138,52;1,09;0,9
8;StudentAttendanceSystem;transition;364;23;41;14;40;100;0,32;0,79;0;0,15;138,52;138,52;1,48;1,26
8;StudentAttendanceSystem;pair;364;23;41;32;173;100;0,39;0,22;1,11;0,27;139,52;140,52;2,72;1,99
8;StudentAttendanceSystem;state;365;26;52;11;60;100;0,42;0,57;0;0,12;140,52;140,52;1,3;1,11
8;StudentAttendanceSystem;transition;365;26;52;18;51;100;0,41;1,06;0;0,2;141,52;141,52;1,89;1,66
8;StudentAttendanceSystem;pair;365;26;52;49;275;100;0,38;0,38;2,05;0,42;142,52;143,52;4,18;3,23
8;StudentAttendanceSystem;state;366;18;28;7;37;100;0,31;0,61;0;0,07;143,52;143,52;1,16;0,99
8;StudentAttendanceSystem;transition;366;18;28;9;27;100;0,37;0,61;0;0,1;144,52;144,52;1,25;1,08
8;StudentAttendanceSystem;pair;366;18;28;22;111;100;0,3;0,14;0,67;0,18;145,52;145,52;1,9;1,29
8;StudentAttendanceSystem;state;367;17;27;6;32;100;0,28;0,34;0;0,06;145,52;145,52;0,82;0,68
8;StudentAttendanceSystem;transition;367;17;27;9;26;100;0,27;0,61;0;0,09;146,52;146,52;1,14;0,98
8;StudentAttendanceSystem;pair;367;17;27;26;123;100;0,27;0,15;0,85;0,19;147,52;147,52;2,05;1,46
8;StudentAttendanceSystem;state;368;17;28;7;37;100;0,31;0,37;0;0,06;147,52;147,52;0,9;0,75
8;StudentAttendanceSystem;transition;368;17;28;8;28;100;0,3;0,63;0;0,08;148,52;148,52;1,19;1,02
8;StudentAttendanceSystem;pair;368;17;28;25;132;100;0,3;0,15;0,77;0,19;148,52;149,52;2;1,41
8;StudentAttendanceSystem;state;369;21;38;8;42;100;0,35;0,43;0;0,08;149,52;149,52;1;0,86
8;StudentAttendanceSystem;transition;369;21;38;13;37;100;0,34;0,91;0;0,14;150,52;150,52;1,61;1,4
8;StudentAttendanceSystem;pair;369;21;38;33;183;100;0,34;0,21;1,24;0,33;151,52;151,52;2,83;2,12
8;StudentAttendanceSystem;state;370;23;46;10;56;100;0,36;0,47;0;0,1;152,52;152,52;1,1;0,93
8;StudentAttendanceSystem;transition;370;23;46;15;46;100;0,35;0,92;0;0,17;152,52;152,52;1,65;1,44
8;StudentAttendanceSystem;pair;370;23;46;43;249;100;0,45;0,26;5,89;0,54;154,72;5,72;8,15;7,14
8;StudentAttendanceSystem;state;371;18;27;7;37;100;0,52;0,49;0;0,13;5,72;6,72;1,38;1,15
8;StudentAttendanceSystem;transition;371;18;27;8;26;100;0,37;0,86;0;0,12;6,72;6,72;1,62;1,36
8;StudentAttendanceSystem;pair;371;18;27;21;105;100;0,42;0,15;0,79;0,24;7,72;7,72;2,38;1,6
8;StudentAttendanceSystem;state;372;18;33;7;37;100;0,43;0,58;0;0,1;7,72;7,72;1,38;1,11
8;StudentAttendanceSystem;transition;372;18;33;11;33;100;0,54;0,96;0;0,16;8,72;8,72;1,9;1,66
8;StudentAttendanceSystem;pair;372;18;33;29;165;100;0,43;0,27;1,34;0,32;9,72;9,72;3,32;2,36
8;StudentAttendanceSystem;state;373;15;23;6;31;100;0,42;0,49;0;0,07;10,72;10,72;1,2;0,99
8;StudentAttendanceSystem;transition;373;15;23;7;23;100;0,68;0,69;0;0,08;10,72;10,72;1,66;1,45
8;StudentAttendanceSystem;pair;373;15;23;19;93;100;0,37;0,15;0,75;0,21;11,72;11,72;2,23;1,48
8;StudentAttendanceSystem;state;374;20;32;7;36;100;0,49;0,54;0;0,09;11,72;11,72;1,34;1,12
8;StudentAttendanceSystem;transition;374;20;32;12;31;100;0,48;1,47;0;0,2;12,72;12,72;2,44;2,15
8;StudentAttendanceSystem;pair;374;20;32;25;121;100;0,44;0,21;1,04;0,24;13,72;13,72;2,77;1,93
8;StudentAttendanceSystem;state;375;21;38;8;43;100;0,58;0,66;0;0,11;13,72;13,72;1,6;1,36
8;StudentAttendanceSystem;transition;375;21;38;13;37;100;0,52;1,06;0;0,22;14,72;14,72;2,06;1,81
8;StudentAttendanceSystem;pair;375;21;38;34;192;100;0,53;0,27;1,44;0,45;15,72;16,72;3,71;2,68
8;StudentAttendanceSystem;state;376;19;34;7;37;100;0,47;0,58;0;0,09;16,72;16,72;1,36;1,14
8;StudentAttendanceSystem;transition;376;19;34;12;34;100;0,46;0,97;0;0,2;17,72;17,72;1,89;1,64
8;StudentAttendanceSystem;pair;376;19;34;33;169;100;0,48;0,24;1,4;0,35;18,72;18,72;3,52;2,48
8;StudentAttendanceSystem;state;377;31;62;14;76;100;0,68;0,96;0;0,2;18,72;19,72;2,18;1,85
8;StudentAttendanceSystem;transition;377;31;62;20;61;100;0,7;1,89;0;0,36;19,72;19,72;3,35;2,95
8;StudentAttendanceSystem;pair;377;31;62;55;321;100;0,69;0,62;3,7;0,89;21,72;22,72;7,74;5,9
8;StudentAttendanceSystem;state;378;20;37;8;43;100;0,57;0,5;0;0,19;22,72;22,72;1,49;1,26
8;StudentAttendanceSystem;transition;378;20;37;13;37;100;0,48;1,24;0;0,19;23,72;23,72;2,26;1,91
8;StudentAttendanceSystem;pair;378;20;37;32;178;100;0,42;0,39;1,66;0,42;24,72;24,72;3,87;2,89
8;StudentAttendanceSystem;state;379;24;50;11;60;100;0,61;0,87;0;0,13;25,72;25,72;1,82;1,61
8;StudentAttendanceSystem;transition;379;24;50;16;50;100;0,65;1,23;0;0,24;25,72;25,72;2,41;2,13
8;StudentAttendanceSystem;pair;379;24;50;45;259;100;0,66;0,39;3,25;0,5;27,72;27,72;6,04;4,81
8;StudentAttendanceSystem;state;380;18;31;7;35;100;0,54;0,52;0;0,09;27,72;28,72;1,39;1,15
8;StudentAttendanceSystem;transition;380;18;31;11;30;100;0,58;0,95;0;0,16;28,72;28,72;1,94;1,69
8;StudentAttendanceSystem;pair;380;18;31;25;128;100;0,37;0,22;1,14;0,28;29,72;29,72;2,92;2,02
8;StudentAttendanceSystem;state;381;27;51;11;61;100;0,63;0,82;0;0,16;30,72;30,72;1,86;1,61
8;StudentAttendanceSystem;transition;381;27;51;17;50;100;0,67;1,45;0;0,26;30,72;31,72;2,66;2,38
8;StudentAttendanceSystem;pair;381;27;51;48;264;100;0,64;0,41;2,45;0,71;32,72;32,72;5,63;4,2
8;StudentAttendanceSystem;state;382;22;42;9;47;100;0,59;0,68;0;0,11;33,72;33,72;1,63;1,38
8;StudentAttendanceSystem;transition;382;22;42;15;42;100;0,51;1,23;0;0,2;34,72;34,72;2,23;1,94
8;StudentAttendanceSystem;pair;382;22;42;44;234;100;0,53;0,32;2,14;0,53;35,72;35,72;4,65;3,52
8;StudentAttendanceSystem;state;383;22;39;9;49;100;0,56;0,67;0;0,13;36,72;36,72;1,59;1,36
8;StudentAttendanceSystem;transition;383;22;39;13;38;100;0,54;1,05;0;0,19;36,72;36,72;2,04;1,77
8;StudentAttendanceSystem;pair;383;22;39;33;179;100;0,51;0,27;1,5;0,37;37,72;38,72;3,68;2,66
8;StudentAttendanceSystem;state;384;23;45;9;48;100;0,55;0,72;0;0,12;38,72;38,72;1,61;1,39
8;StudentAttendanceSystem;transition;384;23;45;16;45;100;0,61;1,38;0;0,28;39,72;39,72;2,6;2,27
8;StudentAttendanceSystem;pair;384;23;45;42;234;100;0,59;0,63;1,94;0,58;40,72;40,72;5,07;3,74
8;StudentAttendanceSystem;state;385;19;34;8;43;100;0,58;0,61;0;0,09;41,72;41,72;1,53;1,28
8;StudentAttendanceSystem;transition;385;19;34;11;34;100;0,47;0,96;0;0,18;41,72;42,72;1,98;1,61
8;StudentAttendanceSystem;pair;385;19;34;30;159;100;0,52;0,2;1,16;0,36;42,72;43,72;3,12;2,23
8;StudentAttendanceSystem;state;386;23;42;8;43;100;0,63;0,7;0;0,11;43,72;43,72;1,66;1,44
8;StudentAttendanceSystem;transition;386;23;42;15;41;100;0,54;1,31;0;0,24;44,72;44,72;2,42;2,09
8;StudentAttendanceSystem;pair;386;23;42;36;198;100;0,54;0,26;1,6;0,46;45,72;45,72;4,03;2,86
8;StudentAttendanceSystem;state;387;21;38;8;43;100;0,61;0,61;0;0,12;46,72;46,72;1,56;1,33
8;StudentAttendanceSystem;transition;387;21;38;13;37;100;0,54;1,18;0;0,21;46,72;47,72;2,2;1,93
8;StudentAttendanceSystem;pair;387;21;38;34;192;100;0,48;0,23;1,63;0,48;48,72;48,72;3,82;2,82
8;StudentAttendanceSystem;state;388;22;45;9;45;100;0,66;0,65;0;0,1;48,72;48,72;1,62;1,41
8;StudentAttendanceSystem;transition;388;22;45;16;45;100;0,68;1,21;0;0,22;49,72;49,72;2,42;2,11
8;StudentAttendanceSystem;pair;388;22;45;47;259;100;0,55;0,35;2,31;0,62;50,72;51,72;5,14;3,83
8;StudentAttendanceSystem;state;389;19;35;7;36;100;0,61;0,58;0;0,1;51,72;51,72;1,51;1,29
8;StudentAttendanceSystem;transition;389;19;35;11;35;100;0,46;0,89;0;0,15;52,72;52,72;1,73;1,5
8;StudentAttendanceSystem;pair;389;19;35;35;191;100;0,56;0,21;1,43;0,38;53,72;53,72;3,53;2,58
8;StudentAttendanceSystem;state;390;30;59;13;73;100;0,65;0,83;0;0,18;54,72;54,72;1,9;1,67
8;StudentAttendanceSystem;transition;390;30;59;19;58;100;0,73;1,66;0;0,31;55,72;55,72;3,05;2,7
8;StudentAttendanceSystem;pair;390;30;59;49;289;100;0,58;0,34;2,04;0,42;56,72;57,72;4,56;3,38
8;StudentAttendanceSystem;state;391;18;34;7;36;100;0,34;0,35;0;0,06;57,72;57,72;0,9;0,75
8;StudentAttendanceSystem;transition;391;18;34;12;34;100;0,33;0,71;0;0,11;58,72;58,72;1,39;1,16
8;StudentAttendanceSystem;pair;391;18;34;31;167;100;0,34;0,17;0,92;0,27;59,72;59,72;2,34;1,7
8;StudentAttendanceSystem;state;392;19;32;7;34;100;0,35;0,32;0;0,05;59,72;59,72;0,88;0,73
8;StudentAttendanceSystem;transition;392;19;32;12;31;100;0,3;0,54;0;0,11;60,72;60,72;1,14;0,95
8;StudentAttendanceSystem;pair;392;19;32;29;138;100;0,3;0,12;0,78;0,21;61,72;61,72;1,96;1,41
8;StudentAttendanceSystem;state;393;22;43;10;51;100;0,33;0,65;0;0,08;62,72;62,72;1,21;1,06
8;StudentAttendanceSystem;transition;393;22;43;15;43;100;0,33;0,76;0;0,17;62,72;62,72;1,46;1,25
8;StudentAttendanceSystem;pair;393;22;43;37;203;100;0,38;0,22;1,2;0,27;63,72;64,72;2,81;2,06
8;StudentAttendanceSystem;state;394;18;34;7;36;100;0,32;0,33;0;0,06;64,72;64,72;0,83;0,7
8;StudentAttendanceSystem;transition;394;18;34;12;34;100;0,31;0,64;0;0,11;65,72;65,72;1,24;1,06
8;StudentAttendanceSystem;pair;394;18;34;31;167;100;0,29;0,16;0,8;0,21;66,72;66,72;2,04;1,46
8;StudentAttendanceSystem;state;395;24;49;11;60;100;0,48;0,46;0;0,1;67,72;67,72;1,19;1,04
8;StudentAttendanceSystem;transition;395;24;49;15;49;100;0,39;0,94;0;0,19;67,72;67,72;1,77;1,52
8;StudentAttendanceSystem;pair;395;24;49;42;248;100;0,38;0,22;1,55;0,36;69,72;69,72;3,33;2,51
8;StudentAttendanceSystem;state;396;21;38;9;44;100;0,33;0,4;0;0,11;70,72;70,72;1;0,84
8;StudentAttendanceSystem;transition;396;21;38;14;38;100;0,34;0,66;0;0,11;70,72;70,72;1,3;1,12
8;StudentAttendanceSystem;pair;396;21;38;36;182;100;0,33;0,18;1,02;0,36;71,72;72,72;2,6;1,89
8;StudentAttendanceSystem;state;397;24;44;10;50;100;0,32;0,44;0;0,08;72,72;72,72;1,02;0,85
8;StudentAttendanceSystem;transition;397;24;44;17;43;100;0,31;0,81;0;0,14;73,72;73,72;1,5;1,27
8;StudentAttendanceSystem;pair;397;24;44;42;216;100;0,35;0,2;1,45;0,35;74,72;74,72;3,22;2,35
8;StudentAttendanceSystem;state;398;17;29;6;30;100;0,31;0,3;0;0,06;75,72;75,72;0,86;0,68
8;StudentAttendanceSystem;transition;398;17;29;9;29;100;0,28;0,52;0;0,09;75,72;75,72;1,04;0,89
8;StudentAttendanceSystem;pair;398;17;29;28;144;100;0,32;0,14;0,81;0,19;76,72;76,72;2,04;1,46
8;StudentAttendanceSystem;state;399;20;39;8;39;100;0,44;0,45;0;0,08;77,72;77,72;1,12;0,96
8;StudentAttendanceSystem;transition;399;20;39;14;39;100;0,33;0,69;0;0,15;77,72;78,72;1,38;1,17
8;StudentAttendanceSystem;pair;399;20;39;40;212;100;0,32;0,16;1,4;0,26;79,72;79,72;2,77;2,14
8;StudentAttendanceSystem;state;400;21;41;8;43;100;0,35;0,39;0;0,07;79,72;79,72;0,95;0,82
8;StudentAttendanceSystem;transition;400;21;41;13;41;100;0,33;0,81;0;0,13;80,72;80,72;1,48;1,27
8;StudentAttendanceSystem;pair;400;21;41;41;223;100;0,32;0,19;1,32;0,32;81,72;82,72;2,89;2,16
8;StudentAttendanceSystem;state;401;23;42;10;51;100;0,34;0,45;0;0,09;82,72;82,72;1,07;0,89
8;StudentAttendanceSystem;transition;401;23;42;15;41;100;0,32;0,87;0;0,18;83,72;83,72;1,6;1,38
8;StudentAttendanceSystem;pair;401;23;42;33;176;100;0,41;0,23;1,27;0,32;84,72;84,72;3,05;2,23
8;StudentAttendanceSystem;state;402;28;58;13;70;100;0,56;0,53;0;0,15;85,72;85,72;1,47;1,25
8;StudentAttendanceSystem;transition;402;28;58;20;58;100;0,36;0,92;0;0,18;86,72;86,72;1,66;1,46
8;StudentAttendanceSystem;pair;402;28;58;49;285;100;0,38;0,31;2,09;0,39;87,72;88,72;4,06;3,18
8;StudentAttendanceSystem;state;403;31;61;14;78;100;0,43;0,52;0;0,13;88,72;88,72;1,26;1,08
8;StudentAttendanceSystem;transition;403;31;61;19;60;100;0,51;1,16;0;0,19;89,72;89,72;2,09;1,86
8;StudentAttendanceSystem;pair;403;31;61;55;321;100;0,48;0,3;2,09;0,5;91,72;91,72;4,39;3,37
8;StudentAttendanceSystem;state;404;20;36;8;40;100;0,35;0,39;0;0,17;92,72;92,72;1,07;0,91
8;StudentAttendanceSystem;transition;404;20;36;13;35;100;0,3;0,64;0;0,13;92,72;93,72;1,24;1,07
8;StudentAttendanceSystem;pair;404;20;36;34;176;100;0,28;0,17;1,02;0,27;93,72;94,72;2,45;1,74
8;StudentAttendanceSystem;state;405;21;42;8;42;100;0,37;0,38;0;0,08;94,72;94,72;0,98;0,83
8;StudentAttendanceSystem;transition;405;21;42;14;42;100;0,35;0,79;0;0,13;95,72;95,72;1,49;1,26
8;StudentAttendanceSystem;pair;405;21;42;45;249;100;0,34;0,23;1,47;0,36;96,72;97,72;3,18;2,4
8;StudentAttendanceSystem;state;406;21;40;8;42;100;0,33;0,38;0;0,07;97,72;97,72;0,92;0,78
8;StudentAttendanceSystem;transition;406;21;40;15;40;100;0,32;0,82;0;0,13;98,72;98,72;1,49;1,27
8;StudentAttendanceSystem;pair;406;21;40;37;199;100;0,34;0,19;1,29;0,3;99,72;99,72;2,85;2,12
8;StudentAttendanceSystem;state;407;21;39;8;42;100;0,35;0,42;0;0,08;100,72;100,72;0,99;0,85
8;StudentAttendanceSystem;transition;407;21;39;14;39;100;0,33;0,73;0;0,12;100,72;100,72;1,35;1,18
8;StudentAttendanceSystem;pair;407;21;39;36;191;100;0,39;0,2;1,22;0,29;101,72;102,72;2,79;2,1
8;StudentAttendanceSystem;state;408;18;31;7;37;100;0,32;0,38;0;0,07;102,72;102,72;0,98;0,77
8;StudentAttendanceSystem;transition;408;18;31;11;31;100;0,29;0,68;0;0,1;103,72;103,72;1,25;1,07
8;StudentAttendanceSystem;pair;408;18;31;26;135;100;0,3;0,15;0,82;0,19;104,72;104,72;2,13;1,46
8;StudentAttendanceSystem;state;409;23;43;9;47;100;0,38;0,45;0;0,09;104,72;104,72;1,09;0,93
8;StudentAttendanceSystem;transition;409;23;43;16;42;100;0,35;0,94;0;0,18;105,72;105,72;1,66;1,47
8;StudentAttendanceSystem;pair;409;23;43;38;210;100;0,35;0,23;1,3;0,3;106,72;106,72;2,95;2,18
8;StudentAttendanceSystem;state;410;22;43;8;43;100;0,39;0,44;0;0,08;107,72;107,72;1,06;0,91
8;StudentAttendanceSystem;transition;410;22;43;15;42;100;0,36;0,85;0;0,14;108,72;108,72;1,57;1,36
8;StudentAttendanceSystem;pair;410;22;43;40;228;100;0,34;0,22;1,57;0,36;109,72;109,72;3,42;2,49
8;StudentAttendanceSystem;state;411;17;29;7;37;100;0,33;0,36;0;0,07;110,72;110,72;0,92;0,76
8;StudentAttendanceSystem;transition;411;17;29;9;29;100;0,29;0,56;0;0,12;110,72;110,72;1,15;0,97
8;StudentAttendanceSystem;pair;411;17;29;28;147;100;0,27;0,15;0,81;0,22;111,72;111,72;2,06;1,45
8;StudentAttendanceSystem;state;412;25;47;10;53;100;0,41;0,46;0;0,09;112,72;112,72;1,14;0,97
8;StudentAttendanceSystem;transition;412;25;47;17;46;100;0,4;1,06;0;0,18;113,72;113,72;1,85;1,64
8;StudentAttendanceSystem;pair;412;25;47;48;258;100;0,37;0,27;1,9;0,37;114,72;114,72;3,76;2,9
8;StudentAttendanceSystem;state;413;23;44;9;49;100;0,36;0,41;0;0,08;115,72;115,72;0,99;0,84
8;StudentAttendanceSystem;transition;413;23;44;15;43;100;0,32;0,91;0;0,14;116,72;116,72;1,55;1,37
8;StudentAttendanceSystem;pair;413;23;44;41;239;100;0,4;0,22;1,34;0,44;117,72;117,72;3,18;2,4
8;StudentAttendanceSystem;state;414;18;31;7;36;100;0,28;0,36;0;0,06;118,72;118,72;0,85;0,7
8;StudentAttendanceSystem;transition;414;18;31;11;30;100;0,28;0,63;0;0,11;118,72;118,72;1,19;1,02
8;StudentAttendanceSystem;pair;414;18;31;26;134;100;0,29;0,12;0,77;0,17;119,72;119,72;1,85;1,34
8;StudentAttendanceSystem;state;415;19;31;7;35;100;0,29;0,33;0;0,05;120,72;120,72;0,83;0,67
8;StudentAttendanceSystem;transition;415;19;31;12;30;100;0,24;0,65;0;0,11;120,72;120,72;1,19;1
8;StudentAttendanceSystem;pair;415;19;31;24;116;100;0,39;0,25;0,66;0,15;121,72;121,72;2,21;1,46
8;StudentAttendanceSystem;state;416;17;25;6;31;100;0,31;0,34;0;0,05;122,72;122,72;0,85;0,7
8;StudentAttendanceSystem;transition;416;17;25;8;24;100;0,25;0,7;0;0,09;122,72;122,72;1,23;1,05
8;StudentAttendanceSystem;pair;416;17;25;16;80;100;0,24;0,09;0,43;0,13;123,72;123,72;1,35;0,88
8;StudentAttendanceSystem;state;417;24;50;10;55;100;0,35;0,49;0;0,09;124,72;124,72;1,09;0,93
8;StudentAttendanceSystem;transition;417;24;50;15;50;100;0,35;0,88;0;0,14;124,72;124,72;1,6;1,37
8;StudentAttendanceSystem;pair;417;24;50;48;278;100;0,36;0,25;1,79;0,39;126,72;126,72;3,66;2,79
8;StudentAttendanceSystem;state;418;26;51;10;52;100;0,37;0,53;0;0,1;127,72;127,72;1,19;1,01
8;StudentAttendanceSystem;transition;418;26;51;19;50;100;0,39;1,02;0;0,23;128,72;128,72;1,87;1,65
8;StudentAttendanceSystem;pair;418;26;51;45;257;100;0,37;0,25;1,54;0,42;129,72;129,72;3,32;2,59
8;StudentAttendanceSystem;state;419;23;40;10;56;100;0,35;0,27;0;0,06;130,72;130,72;0,78;0,68
8;StudentAttendanceSystem;transition;419;23;40;12;39;100;0,3;0,73;0;0,13;131,72;131,72;1,36;1,17
8;StudentAttendanceSystem;pair;419;23;40;33;183;100;0,36;0,21;1,12;0,27;132,72;132,72;2,61;1,97
8;StudentAttendanceSystem;state;420;22;40;9;49;100;0,37;0,49;0;0,1;132,72;132,72;1,12;0,96
8;StudentAttendanceSystem;transition;420;22;40;13;39;100;0,33;0,91;0;0,15;133,72;133,72;1,62;1,39
8;StudentAttendanceSystem;pair;420;22;40;37;211;100;0,29;0,2;1,15;0,3;134,72;135,72;2,55;1,94
8;StudentAttendanceSystem;state;421;28;55;11;62;100;0,44;0,64;0;0,13;135,72;135,72;1,41;1,22
8;StudentAttendanceSystem;transition;421;28;55;19;54;100;0,39;1,02;0;0,22;136,72;136,72;1,88;1,63
8;StudentAttendanceSystem;pair;421;28;55;49;279;100;0,47;0,23;2,17;0,47;138,72;138,72;4,35;3,35
8;StudentAttendanceSystem;state;422;26;53;11;61;100;0,48;0,44;0;0,14;138,72;139,72;1,23;1,07
8;StudentAttendanceSystem;transition;422;26;53;17;52;100;0,43;0,88;0;0,21;139,72;139,72;1,72;1,52
8;StudentAttendanceSystem;pair;422;26;53;46;270;100;0,44;0,23;1,77;0,42;141,72;141,72;3,8;2,86
8;StudentAttendanceSystem;state;423;20;37;9;46;100;0,36;0,4;0;0,08;142,72;142,72;0,99;0,84
8;StudentAttendanceSystem;transition;423;20;37;13;37;100;0,34;0,74;0;0,11;142,72;142,72;1,39;1,19
8;StudentAttendanceSystem;pair;423;20;37;31;164;100;0,32;0,14;1,06;0,25;143,72;144,72;2,42;1,76
8;StudentAttendanceSystem;state;424;28;57;13;71;100;0,7;0,6;0;0,15;144,72;144,72;1,65;1,44
8;StudentAttendanceSystem;transition;424;28;57;19;56;100;0,48;0,97;0;0,14;145,72;145,72;1,77;1,59
8;StudentAttendanceSystem;pair;424;28;57;49;291;100;0,26;0,21;2,08;0,46;147,72;147,72;3,82;3,01
8;StudentAttendanceSystem;state;425;18;32;7;37;100;0,36;0,37;0;0,07;147,72;148,72;0,95;0,8
8;StudentAttendanceSystem;transition;425;18;32;10;32;100;0,34;0,55;0;0,12;148,72;148,72;1,21;1,01
8;StudentAttendanceSystem;pair;425;18;32;27;153;100;0,33;0,15;0,79;0,21;149,72;149,72;2,05;1,48
8;StudentAttendanceSystem;state;426;20;35;7;37;100;0,32;0,38;0;0,07;150,72;150,72;0,93;0,77
8;StudentAttendanceSystem;transition;426;20;35;12;34;100;0,35;0,63;0;0,1;150,72;150,72;1,28;1,09
8;StudentAttendanceSystem;pair;426;20;35;34;174;100;0,31;0,17;0,99;0,23;151,72;152,72;2,34;1,7
8;StudentAttendanceSystem;state;427;22;40;9;44;100;0,3;0,57;0;0,07;152,72;152,72;1,08;0,94
8;StudentAttendanceSystem;transition;427;22;40;16;39;100;0,31;0,78;0;0,13;153,72;153,72;1,42;1,22
8;StudentAttendanceSystem;pair;427;22;40;35;178;100;0,32;0,15;1,04;0,26;154,72;154,72;2,44;1,78
8;StudentAttendanceSystem;state;428;23;44;9;50;100;0,4;0,5;0;0,08;155,72;155,72;1,16;0,99
8;StudentAttendanceSystem;transition;428;23;44;15;44;100;0,31;0,9;0;0,16;155,72;155,72;1,6;1,38
8;StudentAttendanceSystem;pair;428;23;44;38;212;100;0,35;0,24;1,15;0,34;156,72;157,72;3,11;2,08
8;StudentAttendanceSystem;state;429;25;46;10;53;100;0,38;0,44;0;0,09;157,72;157,72;1,06;0,91
8;StudentAttendanceSystem;transition;429;25;46;17;45;100;0,33;1,01;0;0,16;158,72;158,72;1,72;1,5
8;StudentAttendanceSystem;pair;429;25;46;35;188;100;0,4;0,19;1,12;0,31;159,72;160,72;2,81;2,02
8;StudentAttendanceSystem;state;430;21;40;8;42;100;0,33;0,37;0;0,08;160,72;160,72;0,9;0,78
8;StudentAttendanceSystem;transition;430;21;40;15;40;100;0,41;0,83;0;0,13;161,72;161,72;1,6;1,38
8;StudentAttendanceSystem;pair;430;21;40;38;202;100;0,33;0,19;1,28;0,3;162,72;162,72;2,89;2,1
8;StudentAttendanceSystem;state;431;28;57;13;72;100;0,39;0,59;0;0,12;163,72;163,72;1,28;1,1
8;StudentAttendanceSystem;transition;431;28;57;18;57;100;0,4;0,97;0;0,22;164,72;164,72;1,83;1,59
8;StudentAttendanceSystem;pair;431;28;57;54;308;100;0,39;0,33;2,07;0,45;165,72;166,72;4,24;3,24
8;StudentAttendanceSystem;state;432;30;61;13;73;100;0,43;0,59;0;0,09;166,72;166,72;1,25;1,12
8;StudentAttendanceSystem;transition;432;30;61;20;60;100;0,44;1,06;0;0,26;167,72;167,72;2,03;1,76
8;StudentAttendanceSystem;pair;432;30;61;58;334;100;0,46;0,37;2,89;0,59;169,72;170,72;5,4;4,31
8;StudentAttendanceSystem;state;433;24;44;9;50;100;0,42;0,43;0;0,08;170,72;170,72;1,08;0,93
8;StudentAttendanceSystem;transition;433;24;44;16;43;100;0,39;0,95;0;0,17;171,72;171,72;1,76;1,51
8;StudentAttendanceSystem;pair;433;24;44;38;200;100;0,35;0,24;1,45;0,34;172,72;172,72;3,16;2,38
8;StudentAttendanceSystem;state;434;19;35;7;36;100;0,34;0,39;0;0,07;173,72;173,72;0,94;0,79
8;StudentAttendanceSystem;transition;434;19;35;11;35;100;0,29;0,68;0;0,11;173,72;173,72;1,26;1,08
8;StudentAttendanceSystem;pair;434;19;35;35;191;100;0,35;0,19;1,2;0,31;174,72;175,72;2,75;2,05
8;StudentAttendanceSystem;state;435;23;43;10;52;100;0,38;0,54;0;0,1;175,72;175,72;1,18;1,01
8;StudentAttendanceSystem;transition;435;23;43;15;42;100;0,37;0,95;0;0,17;176,72;176,72;1,69;1,49
8;StudentAttendanceSystem;pair;435;23;43;39;218;100;0,38;0,22;1,63;0,35;177,72;177,72;3,36;2,57
8;StudentAttendanceSystem;state;436;23;45;11;59;100;0,43;0,52;0;0,11;178,72;178,72;1,22;1,05
8;StudentAttendanceSystem;transition;436;23;45;15;45;100;0,45;0,93;0;0,15;179,72;179,72;1,78;1,53
8;StudentAttendanceSystem;pair;436;23;45;42;234;100;0,38;0,24;1,6;0,32;180,72;180,72;3,37;2,55
8;StudentAttendanceSystem;state;437;28;58;13;70;100;0,48;0,66;0;0,13;181,72;181,72;1,45;1,26
8;StudentAttendanceSystem;transition;437;28;58;20;58;100;0,41;1,18;0;0,26;182,72;182,72;2,13;1,85
8;StudentAttendanceSystem;pair;437;28;58;50;286;100;0,49;0,33;2,13;0,44;183,72;184,72;4,44;3,4
8;StudentAttendanceSystem;state;438;19;29;7;37;100;0,35;0,39;0;0,07;184,72;184,72;1;0,81
8;StudentAttendanceSystem;transition;438;19;29;10;28;100;0,29;13,57;0;0,12;185,72;5,58;14,26;13,98
8;StudentAttendanceSystem;pair;438;19;29;18;88;100;0,31;0,1;0,46;0,13;5,58;6,58;1,69;1
8;StudentAttendanceSystem;state;439;16;27;6;31;100;0,26;0,31;0;0,06;6,58;6,58;0,79;0,63
8;StudentAttendanceSystem;transition;439;16;27;9;27;100;0,27;0,51;0;0,1;6,58;7,58;1,07;0,88
8;StudentAttendanceSystem;pair;439;16;27;23;121;100;0,25;0,12;0,64;0,17;7,58;7,58;1,75;1,19
8;StudentAttendanceSystem;state;440;17;30;6;30;100;0,29;0,3;0;0,06;8,58;8,58;0,8;0,65
8;StudentAttendanceSystem;transition;440;17;30;10;30;100;0,29;0,48;0;0,08;8,58;8,58;0,99;0,85
8;StudentAttendanceSystem;pair;440;17;30;32;159;100;0,29;0,12;0,86;0,22;9,58;10,58;2,04;1,49
8;StudentAttendanceSystem;state;441;19;31;7;37;100;0,51;0,34;0;0,07;10,58;10,58;1,06;0,92
8;StudentAttendanceSystem;transition;441;19;31;10;30;100;0,25;0,53;0;0,09;11,58;11,58;0,99;0,87
8;StudentAttendanceSystem;pair;441;19;31;24;130;100;0,23;0,14;0,67;0,16;11,58;12,58;1,73;1,2
8;StudentAttendanceSystem;state;442;19;34;8;42;100;0,28;0,35;0;0,08;12,58;12,58;0,86;0,7
8;StudentAttendanceSystem;transition;442;19;34;11;34;100;0,27;0,59;0;0,12;13,58;13,58;1,15;0,98
8;StudentAttendanceSystem;pair;442;19;34;28;146;100;0,27;0,17;0,73;0,19;14,58;14,58;1,97;1,37
8;StudentAttendanceSystem;state;443;26;53;11;61;100;0,34;0,46;0;0,13;14,58;14,58;1,09;0,93
8;StudentAttendanceSystem;transition;443;26;53;17;52;100;0,35;0,95;0;0,21;15,58;15,58;1,74;1,51
8;StudentAttendanceSystem;pair;443;26;53;46;270;100;0,37;0,3;2,65;0,36;17,58;17,58;4,61;3,68
8;StudentAttendanceSystem;state;444;28;58;13;72;100;0,38;0,52;0;0,13;18,58;18,58;1,19;1,03
8;StudentAttendanceSystem;transition;444;28;58;19;58;100;0,44;1,25;0;0,24;19,58;19,58;2,23;1,94
8;StudentAttendanceSystem;pair;444;28;58;57;323;100;0,41;0,31;2,05;0,48;20,58;21,58;4,16;3,24
8;StudentAttendanceSystem;state;445;31;63;14;78;100;0,45;0,59;0;0,15;21,58;21,58;1,38;1,19
8;StudentAttendanceSystem;transition;445;31;63;21;62;100;0,44;1,3;0;0,23;22,58;22,58;2,23;1,98
8;StudentAttendanceSystem;pair;445;31;63;61;347;100;0,46;0,38;2,53;0,48;24,58;25,58;5,19;3,86
8;StudentAttendanceSystem;state;446;24;43;9;50;100;0,35;0,38;0;0,08;25,58;25,58;0,98;0,82
8;StudentAttendanceSystem;transition;446;24;43;15;42;100;0,32;0,89;0;0,17;26,58;26,58;1,6;1,37
8;StudentAttendanceSystem;pair;446;24;43;36;193;100;0,3;0,17;1,24;0,26;27,58;27,58;2,63;1,97
8;StudentAttendanceSystem;state;447;28;59;13;70;100;0,43;0,56;0;0,11;28,58;28,58;1,26;1,11
8;StudentAttendanceSystem;transition;447;28;59;21;59;100;0,37;1,07;0;0,25;29,58;29,58;1,96;1,7
8;StudentAttendanceSystem;pair;447;28;59;53;301;100;0,37;0,32;1,99;0,46;30,58;31,58;4,01;3,14
8;StudentAttendanceSystem;state;448;19;32;8;38;100;0,3;0,35;0;0,06;31,58;31,58;0,85;0,7
8;StudentAttendanceSystem;transition;448;19;32;12;32;100;0,26;0,52;0;0,11;32,58;32,58;1,08;0,9
8;StudentAttendanceSystem;pair;448;19;32;27;132;100;0,26;0,14;0,81;0,17;33,58;33,58;1,92;1,39
8;StudentAttendanceSystem;state;449;20;32;7;37;100;0,25;0,29;0;0,06;33,58;33,58;0,72;0,6
8;StudentAttendanceSystem;transition;449;20;32;11;31;100;0,31;0,67;0;0,1;34,58;34,58;1,27;1,08
8;StudentAttendanceSystem;pair;449;20;32;28;140;100;0,28;0,15;0,75;0,17;35,58;35,58;1,84;1,35
8;StudentAttendanceSystem;state;450;21;42;9;45;100;0,31;0,39;0;0,08;36,58;36,58;0,97;0,78
8;StudentAttendanceSystem;transition;450;21;42;15;42;100;0,3;0,74;0;0,13;36,58;36,58;1,38;1,17
8;StudentAttendanceSystem;pair;450;21;42;39;219;100;0,3;0,17;1,1;0,32;37,58;38,58;2,56;1,89
8;StudentAttendanceSystem;state;451;27;53;11;59;100;0,4;0,45;0;0,1;38,58;38,58;1,08;0,95
8;StudentAttendanceSystem;transition;451;27;53;19;52;100;0,33;0,96;0;0,23;39,58;39,58;1,78;1,53
8;StudentAttendanceSystem;pair;451;27;53;55;305;100;0,45;0,26;2,2;0,45;41,58;41,58;4,22;3,36
8;StudentAttendanceSystem;state;452;24;43;9;50;100;0,4;0,42;0;0,09;42,58;42,58;1,1;0,91
8;StudentAttendanceSystem;transition;452;24;43;15;42;100;0,3;0,78;0;0,14;43,58;43,58;1,43;1,22
8;StudentAttendanceSystem;pair;452;24;43;34;186;100;0,32;0,17;1,13;0,27;44,58;44,58;2,64;1,88
8;StudentAttendanceSystem;state;453;24;46;10;55;100;0,33;0,43;0;0,1;44,58;45,58;1,01;0,86
8;StudentAttendanceSystem;transition;453;24;46;16;46;100;0,4;0,84;0;0,14;45,58;45,58;1,57;1,38
8;StudentAttendanceSystem;pair;453;24;46;41;225;100;0,35;0,22;1,49;0,31;46,58;47,58;3,14;2,38
8;StudentAttendanceSystem;state;454;21;38;8;42;100;0,31;0,38;0;0,11;47,58;47,58;1,01;0,8
8;StudentAttendanceSystem;transition;454;21;38;13;38;100;0,4;0,67;0;0,15;48,58;48,58;1,4;1,22
8;StudentAttendanceSystem;pair;454;21;38;32;176;100;0,3;0,17;0,97;0,22;49,58;49,58;2,25;1,66
8;StudentAttendanceSystem;state;455;21;40;8;43;100;0,31;0,36;0;0,07;50,58;50,58;0,87;0,74
8;StudentAttendanceSystem;transition;455;21;40;14;40;100;0,33;0,7;0;0,12;50,58;50,58;1,35;1,15
8;StudentAttendanceSystem;pair;455;21;40;41;221;100;0,28;0,2;1,17;0,34;52,58;52,58;2,63;1,99
8;StudentAttendanceSystem;state;456;16;27;6;27;100;0,25;0,25;0;0,05;52,58;52,58;0,71;0,55
8;StudentAttendanceSystem;transition;456;16;27;10;27;100;0,22;0,49;0;0,07;53,58;53,58;0,94;0,78
8;StudentAttendanceSystem;pair;456;16;27;25;114;100;0,25;0,13;0,59;0,14;54,58;54,58;1,63;1,11
8;StudentAttendanceSystem;state;457;21;39;9;50;100;0,29;0,36;0;0,09;54,58;54,58;0,88;0,74
8;StudentAttendanceSystem;transition;457;21;39;12;39;100;0,27;0,62;0;0,12;55,58;55,58;1,17;1,01
8;StudentAttendanceSystem;pair;457;21;39;33;187;100;0,28;0,15;1,07;0,24;56,58;56,58;2,36;1,74
8;StudentAttendanceSystem;state;458;23;45;9;48;100;0,38;0,39;0;0,08;57,58;57,58;0,99;0,85
8;StudentAttendanceSystem;transition;458;23;45;16;44;100;0,33;0,89;0;0,16;57,58;58,58;1,58;1,38
8;StudentAttendanceSystem;pair;458;23;45;43;241;100;0,36;0,23;1,37;0,36;59,58;59,58;3,1;2,32
8;StudentAttendanceSystem;state;459;26;53;11;59;100;0,35;0,48;0;0,11;60,58;60,58;1,12;0,95
8;StudentAttendanceSystem;transition;459;26;53;19;53;100;0,34;1;0;0,2;60,58;61,58;1,75;1,54
8;StudentAttendanceSystem;pair;459;26;53;48;272;100;0,5;0,24;2,03;0,5;62,58;62,58;4,19;3,26
8;StudentAttendanceSystem;state;460;20;37;8;43;100;0,37;0,41;0;0,08;63,58;63,58;1,02;0,86
8;StudentAttendanceSystem;transition;460;20;37;13;37;100;0,32;0,82;0;0,16;63,58;64,58;1,5;1,29
8;StudentAttendanceSystem;pair;460;20;37;32;178;100;0,33;0,23;1,19;0,28;64,58;65,58;2,78;2,02
8;StudentAttendanceSystem;state;461;26;50;10;56;100;0,42;0,52;0;0,12;65,58;65,58;1,25;1,06
8;StudentAttendanceSystem;transition;461;26;50;18;49;100;0,42;1,13;0;0,23;66,58;66,58;2,03;1,78
8;StudentAttendanceSystem;pair;461;26;50;45;247;100;0,35;0,21;1,6;0,25;68,58;68,58;3,58;2,42
8;StudentAttendanceSystem;state;462;22;39;9;49;100;0,26;0,43;0;0,1;68,58;68,58;0,96;0,78
8;StudentAttendanceSystem;transition;462;22;39;13;38;100;0,37;0,87;0;0,15;69,58;69,58;1,62;1,39
8;StudentAttendanceSystem;pair;462;22;39;33;179;100;0,38;0,17;1,05;0,29;70,58;70,58;2,61;1,9
8;StudentAttendanceSystem;state;463;24;48;11;62;100;0,41;0,45;0;0,11;71,58;71,58;1,13;0,97
8;StudentAttendanceSystem;transition;463;24;48;14;48;100;0,33;0,83;0;0,15;72,58;72,58;1,51;1,31
8;StudentAttendanceSystem;pair;463;24;48;39;239;100;0,36;0,24;1,38;0,37;73,58;73,58;3,21;2,36
8;StudentAttendanceSystem;state;464;18;29;7;35;100;0,3;0,38;0;0,06;74,58;74,58;0,91;0,75
8;StudentAttendanceSystem;transition;464;18;29;10;29;100;0,28;0,57;0;0,09;74,58;74,58;1,12;0,93
8;StudentAttendanceSystem;pair;464;18;29;27;129;100;0,28;0,13;0,65;0,16;75,58;75,58;1,81;1,22
8;StudentAttendanceSystem;state;465;20;37;8;40;100;0,28;0,37;0;0,08;76,58;76,58;0,9;0,73
8;StudentAttendanceSystem;transition;465;20;37;14;37;100;0,3;0,72;0;0,12;76,58;76,58;1,32;1,14
8;StudentAttendanceSystem;pair;465;20;37;36;184;100;0,32;0,19;1,14;0,26;77,58;78,58;2,64;1,9
8;StudentAttendanceSystem;state;466;16;26;6;31;100;0,29;0,33;0;0,05;78,58;78,58;0,84;0,67
8;StudentAttendanceSystem;transition;466;16;26;8;26;100;0,27;0,56;0;0,07;79,58;79,58;1,08;0,9
8;StudentAttendanceSystem;pair;466;16;26;20;106;100;0,26;0,13;0,54;0,13;79,58;80,58;1,58;1,06
8;StudentAttendanceSystem;state;467;28;58;13;70;100;0,45;0,59;0;0,13;80,58;80,58;1,33;1,17
8;StudentAttendanceSystem;transition;467;28;58;20;58;100;0,37;1,01;0;0,21;81,58;81,58;1,83;1,59
8;StudentAttendanceSystem;pair;467;28;58;50;290;100;0,44;0,26;2,55;0,45;83,58;83,58;4,66;3,7
8;StudentAttendanceSystem;state;468;24;46;10;56;100;0,38;0,51;0;0,09;83,58;84,58;1,16;0,98
8;StudentAttendanceSystem;transition;468;24;46;15;45;100;0,34;0,81;0;0,15;84,58;84,58;1,52;1,3
8;StudentAttendanceSystem;pair;468;24;46;45;261;100;0,34;0,26;1,82;0,4;86,58;86,58;3,62;2,82
8;StudentAttendanceSystem;state;469;21;35;8;43;100;0,36;0,41;0;0,08;86,58;86,58;1,01;0,85
8;StudentAttendanceSystem;transition;469;21;35;12;34;100;0,35;0,75;0;0,11;87,58;87,58;1,4;1,21
8;StudentAttendanceSystem;pair;469;21;35;25;137;100;0,31;0,15;0,76;0,18;88,58;88,58;1,97;1,4
8;StudentAttendanceSystem;state;470;26;53;13;71;100;0,37;0,47;0;0,12;89,58;89,58;1,13;0,96
8;StudentAttendanceSystem;transition;470;26;53;16;53;100;0,35;0,85;0;0,15;90,58;90,58;1,53;1,35
8;StudentAttendanceSystem;pair;470;26;53;47;277;100;0,32;0,29;1,75;0,36;91,58;91,58;3,47;2,73
8;StudentAttendanceSystem;state;471;26;47;11;60;100;0,34;0,41;0;0,12;92,58;92,58;1,05;0,87
8;StudentAttendanceSystem;transition;471;26;47;16;46;100;0,31;0,87;0;0,15;93,58;93,58;1,51;1,34
8;StudentAttendanceSystem;pair;471;26;47;43;229;100;0,31;0,21;1,53;0,24;94,58;94,58;2,96;2,29
8;StudentAttendanceSystem;state;472;29;57;12;67;100;0,44;0,55;0;0,11;95,58;95,58;1,27;1,1
8;StudentAttendanceSystem;transition;472;29;57;20;56;100;0,37;1,13;0;0,22;96,58;96,58;1,96;1,73
8;StudentAttendanceSystem;pair;472;29;57;52;296;100;0,36;0,25;1,88;0,45;97,58;98,58;3,84;2,94
8;StudentAttendanceSystem;state;473;22;38;9;50;100;0,37;0,41;0;0,08;98,58;98,58;1;0,85
8;StudentAttendanceSystem;transition;473;22;38;12;37;100;0,33;0,7;0;0,16;99,58;99,58;1,38;1,19
8;StudentAttendanceSystem;pair;473;22;38;29;161;100;0,38;0,15;0,89;0,21;100,58;100,58;2,32;1,63
8;StudentAttendanceSystem;state;474;22;39;9;49;100;0,34;0,37;0;0,08;101,58;101,58;0,97;0,79
8;StudentAttendanceSystem;transition;474;22;39;13;38;100;0,31;0,7;0;0,17;101,58;102,58;1,38;1,18
8;StudentAttendanceSystem;pair;474;22;39;34;183;100;0,31;0,17;1,04;0,28;103,58;103,58;2,4;1,81
8;StudentAttendanceSystem;state;475;24;45;10;54;100;0,37;0,48;0;0,12;103,58;103,58;1,15;0,97
8;StudentAttendanceSystem;transition;475;24;45;15;44;100;0,32;0,71;0;0,19;104,58;104,58;1,44;1,21
8;StudentAttendanceSystem;pair;475;24;45;39;217;100;0,4;0,26;1,34;0,34;105,58;106,58;3,19;2,34
8;StudentAttendanceSystem;state;476;23;44;10;52;100;0,38;0,53;0;0,09;106,58;106,58;1,19;1
8;StudentAttendanceSystem;transition;476;23;44;16;44;100;0,32;0,91;0;0,16;107,58;107,58;1,63;1,4
8;StudentAttendanceSystem;pair;476;23;44;42;218;100;0,36;0,21;1,5;0,29;108,58;108,58;3,11;2,37
8;StudentAttendanceSystem;state;477;19;34;7;36;100;0,37;0,37;0;0,06;109,58;109,58;0,96;0,8
8;StudentAttendanceSystem;transition;477;19;34;13;34;100;0,31;0,79;0;0,13;109,58;110,58;1,44;1,23
8;StudentAttendanceSystem;pair;477;19;34;32;159;100;0,3;0,13;0,73;0,21;110,58;111,58;1,94;1,37
8;StudentAttendanceSystem;state;478;30;60;13;72;100;0,38;0,56;0;0,17;111,58;111,58;1,32;1,11
8;StudentAttendanceSystem;transition;478;30;60;21;59;100;0,39;1,07;0;0,22;112,58;112,58;1,9;1,68
8;StudentAttendanceSystem;pair;478;30;60;61;339;100;0,44;0,35;2,61;0,54;114,58;114,58;5,04;3,93
8;StudentAttendanceSystem;state;479;20;34;8;43;100;0,4;0,39;0;0,07;115,58;115,58;1,04;0,87
8;StudentAttendanceSystem;transition;479;20;34;11;33;100;0,32;0,71;0;0,11;116,58;116,58;1,32;1,13
8;StudentAttendanceSystem;pair;479;20;34;30;161;100;0,28;0,17;0,96;0,25;116,58;117,58;2,33;1,65
8;StudentAttendanceSystem;state;480;32;64;15;81;100;0,47;0,62;0;0,16;117,58;117,58;1,43;1,26
8;StudentAttendanceSystem;transition;480;32;64;21;63;100;0,5;1,32;0;0,26;118,58;118,58;2,33;2,08
8;StudentAttendanceSystem;pair;480;32;64;56;325;100;0,49;0,43;2,57;0,54;120,58;121,58;5,11;4,02
8;StudentAttendanceSystem;state;481;24;44;9;49;100;0,37;0,42;0;0,1;121,58;121,58;1,06;0,89
8;StudentAttendanceSystem;transition;481;24;44;15;43;100;0,37;0,85;0;0,17;122,58;122,58;1,59;1,39
8;StudentAttendanceSystem;pair;481;24;44;42;230;100;0,3;0,23;1,28;0,28;123,58;123,58;2,8;2,1
8;StudentAttendanceSystem;state;482;21;39;8;42;100;0,3;0,34;0;0,06;124,58;124,58;0,83;0,7
8;StudentAttendanceSystem;transition;482;21;39;14;39;100;0,27;0,72;0;0,13;124,58;125,58;1,3;1,11
8;StudentAttendanceSystem;pair;482;21;39;35;187;100;0,3;0,19;1,11;0,25;126,58;126,58;2,51;1,85
8;StudentAttendanceSystem;state;483;26;54;13;71;100;0,4;0,47;0;0,11;126,58;126,58;1,14;0,98
8;StudentAttendanceSystem;transition;483;26;54;17;54;100;0,36;0,94;0;0,16;127,58;127,58;1,66;1,46
8;StudentAttendanceSystem;pair;483;26;54;50;292;100;0,37;0,31;1,87;0,39;129,58;129,58;3,94;2,94
8;StudentAttendanceSystem;state;484;24;47;10;51;100;0,44;0,46;0;0,1;130,58;130,58;1,16;0,99
8;StudentAttendanceSystem;transition;484;24;47;17;46;100;0,29;0,84;0;0,17;130,58;131,58;1,52;1,31
8;StudentAttendanceSystem;pair;484;24;47;40;229;100;0,31;0,23;1,39;0,36;132,58;132,58;2,99;2,29
8;StudentAttendanceSystem;state;485;20;36;8;39;100;0,3;0,35;0;0,06;133,58;133,58;0,84;0,71
8;StudentAttendanceSystem;transition;485;20;36;14;36;100;0,28;0,7;0;0,11;133,58;133,58;1,29;1,1
8;StudentAttendanceSystem;pair;485;20;36;29;150;100;0,28;0,14;0,75;0,18;134,58;134,58;1,96;1,35
8;StudentAttendanceSystem;state;486;17;29;7;37;100;0,27;0,41;0;0,06;135,58;135,58;0,9;0,74
8;StudentAttendanceSystem;transition;486;17;29;9;29;100;0,29;0,54;0;0,09;135,58;135,58;1,1;0,93
8;StudentAttendanceSystem;pair;486;17;29;26;140;100;0,38;0,2;0,68;0,24;136,58;136,58;2,19;1,5
8;StudentAttendanceSystem;state;487;25;50;10;56;100;0,38;0,45;0;0,09;137,58;137,58;1,07;0,92
8;StudentAttendanceSystem;transition;487;25;50;17;50;100;0,6;0,91;0;0,18;138,58;138,58;1,94;1,7
8;StudentAttendanceSystem;pair;487;25;50;45;259;100;0,42;0,25;1,73;0,35;139,58;140,58;3,59;2,75
8;StudentAttendanceSystem;state;488;25;49;10;52;100;0,26;0,31;0;0,1;140,58;140,58;0,83;0,67
8;StudentAttendanceSystem;transition;488;25;49;17;48;100;0,31;0,8;0;0,2;141,58;141,58;1,53;1,31
8;StudentAttendanceSystem;pair;488;25;49;47;257;100;0,35;0,3;1,82;0,4;142,58;143,58;3,71;2,87
8;StudentAttendanceSystem;state;489;25;50;12;68;100;0,48;0,69;0;0,15;143,58;143,58;1,51;1,31
8;StudentAttendanceSystem;transition;489;25;50;14;50;100;0,46;1,07;0;0,22;144,58;144,58;1,98;1,74
8;StudentAttendanceSystem;pair;489;25;50;44;264;100;0,41;0,3;2,01;0,35;145,58;146,58;3,95;3,07
8;StudentAttendanceSystem;state;490;26;50;12;63;100;0,45;0,54;0;0,11;146,58;146,58;1,31;1,1
8;StudentAttendanceSystem;transition;490;26;50;17;50;100;0,39;0,89;0;0,15;147,58;147,58;1,65;1,43
8;StudentAttendanceSystem;pair;490;26;50;46;252;100;0,34;0,24;1,65;0,33;148,58;149,58;3,39;2,56
8;StudentAttendanceSystem;state;491;16;25;6;30;100;0,27;0,32;0;0,05;149,58;149,58;0,81;0,64
8;StudentAttendanceSystem;transition;491;16;25;9;24;100;0,27;0,48;0;0,07;150,58;150,58;1;0,82
8;StudentAttendanceSystem;pair;491;16;25;19;87;100;0,21;0,11;0,49;0,13;150,58;151,58;1,41;0,93
8;StudentAttendanceSystem;state;492;23;44;9;45;100;0,3;0,38;0;0,08;151,58;151,58;0,88;0,76
8;StudentAttendanceSystem;transition;492;23;44;16;43;100;0,32;0,71;0;0,13;152,58;152,58;1,34;1,16
8;StudentAttendanceSystem;pair;492;23;44;44;236;100;0,29;0,21;1,42;0,36;153,58;153,58;2,92;2,27
8;StudentAttendanceSystem;state;493;21;38;8;43;100;0,4;0,37;0;0,07;154,58;154,58;1,01;0,84
8;StudentAttendanceSystem;transition;493;21;38;13;37;100;0,33;0,75;0;0,12;155,58;155,58;1,39;1,21
8;StudentAttendanceSystem;pair;493;21;38;34;192;100;0,31;0,21;1,06;0,26;156,58;156,58;2,53;1,83
8;StudentAttendanceSystem;state;494;25;46;10;55;100;0,36;0,44;0;0,09;156,58;156,58;1,05;0,9
8;StudentAttendanceSystem;transition;494;25;46;16;45;100;0,34;0,93;0;0,18;157,58;157,58;1,71;1,45
8;StudentAttendanceSystem;pair;494;25;46;44;232;100;0,36;0,22;1,32;0,44;158,58;159,58;3,57;2,34
8;StudentAttendanceSystem;state;495;21;40;8;42;100;0,34;0,35;0;0,06;159,58;159,58;0,9;0,76
8;StudentAttendanceSystem;transition;495;21;40;15;40;100;0,34;0,8;0;0,18;160,58;160,58;1,51;1,31
8;StudentAttendanceSystem;pair;495;21;40;38;202;100;0,29;0,2;1;0,26;161,58;161,58;2,38;1,76
8;StudentAttendanceSystem;state;496;24;45;9;48;100;0,38;0,44;0;0,08;162,58;162,58;1,09;0,9
8;StudentAttendanceSystem;transition;496;24;45;17;44;100;0,32;0,83;0;0,16;163,58;163,58;1,51;1,31
8;StudentAttendanceSystem;pair;496;24;45;41;223;100;0,29;0,19;1,28;0,31;164,58;164,58;2,76;2,06
8;StudentAttendanceSystem;state;497;22;38;8;42;100;0,33;0,42;0;0,07;165,58;165,58;1;0,82
8;StudentAttendanceSystem;transition;497;22;38;14;37;100;0,3;0,71;0;0,12;165,58;165,58;1,31;1,14
8;StudentAttendanceSystem;pair;497;22;38;31;161;100;0,37;0,14;0,88;0,23;166,58;167,58;2,2;1,62
8;StudentAttendanceSystem;state;498;27;55;11;61;100;0,36;0,51;0;0,1;167,58;167,58;1,13;0,97
8;StudentAttendanceSystem;transition;498;27;55;17;54;100;0,42;0,95;0;0,2;168,58;168,58;1,88;1,58
8;StudentAttendanceSystem;pair;498;27;55;52;302;100;0,37;0,31;2,19;0,48;170,58;170,58;4,22;3,35
8;StudentAttendanceSystem;state;499;20;33;7;37;100;0,31;0,33;0;0,07;170,58;171,58;0,91;0,71
8;StudentAttendanceSystem;transition;499;20;33;12;32;100;0,29;0,68;0;0,11;171,58;171,58;1,28;1,08
8;StudentAttendanceSystem;pair;499;20;33;32;155;100;0,34;0,14;0,78;0,2;172,58;172,58;2,03;1,47
8;StudentAttendanceSystem;state;500;22;41;9;45;100;0,33;0,43;0;0,07;173,58;173,58;0,98;0,83
8;StudentAttendanceSystem;transition;500;22;41;15;41;100;0,29;0,71;0;0,15;173,58;174,58;1,35;1,15
8;StudentAttendanceSystem;pair;500;22;41;33;182;100;0,31;0,16;0,99;0,25;175,58;175,58;2,41;1,71
8;StudentAttendanceSystem;state;501;19;33;7;36;100;0,27;0,31;0;0,07;175,58;175,58;0,78;0,65
8;StudentAttendanceSystem;transition;501;19;33;12;33;100;0,27;0,64;0;0,1;176,58;176,58;1,21;1,02
8;StudentAttendanceSystem;pair;501;19;33;28;140;100;0,27;0,23;0,73;0,18;177,58;177,58;1,96;1,42
8;StudentAttendanceSystem;state;502;19;32;7;36;100;0,28;0,31;0;0,06;177,58;177,58;0,78;0,65
8;StudentAttendanceSystem;transition;502;19;32;11;31;100;0,27;0,59;0;0,09;178,58;178,58;1,14;0,96
8;StudentAttendanceSystem;pair;502;19;32;26;136;100;0,31;0,12;0,68;0,12;179,58;179,58;1,71;1,23
8;StudentAttendanceSystem;state;503;20;39;8;42;100;0,27;0,32;0;0,07;179,58;180,58;0,77;0,65
8;StudentAttendanceSystem;transition;503;20;39;13;39;100;0,25;0,62;0;0,11;180,58;180,58;1,17;0,98
8;StudentAttendanceSystem;pair;503;20;39;36;206;100;0,28;0,19;1,24;0,3;181,58;182,58;2,68;2
8;StudentAttendanceSystem;state;504;17;32;7;35;100;0,28;0,3;0;0,1;182,58;182,58;0,83;0,68
8;StudentAttendanceSystem;transition;504;17;32;11;32;100;0,29;0,46;0;0,06;183,58;183,58;0,95;0,82
8;StudentAttendanceSystem;pair;504;17;32;29;157;100;0,25;0,13;0,73;0,22;183,58;184,58;1,88;1,32
8;StudentAttendanceSystem;state;505;18;29;6;31;100;0,25;0,34;0;0,05;184,58;184,58;0,78;0,64
8;StudentAttendanceSystem;transition;505;18;29;10;28;100;0,25;9,78;0;0,09;185,6;5,6;10,35;10,12
8;StudentAttendanceSystem;pair;505;18;29;29;136;100;0,27;0,13;0,87;0,16;6,6;6,6;1,91;1,43
8;StudentAttendanceSystem;state;506;25;46;10;55;100;0,34;0,38;0;0,09;6,6;6,6;0,94;0,81
8;StudentAttendanceSystem;transition;506;25;46;17;45;100;0,31;0,8;0;0,15;7,6;7,6;1,43;1,27
8;StudentAttendanceSystem;pair;506;25;46;40;208;100;0,36;0,21;1,26;0,32;8,6;9,6;2,84;2,15
8;StudentAttendanceSystem;state;507;22;40;9;47;100;0,33;0,4;0;0,08;9,6;9,6;0,97;0,81
8;StudentAttendanceSystem;transition;507;22;40;13;40;100;0,32;0,7;0;0,14;10,6;10,6;1,36;1,16
8;StudentAttendanceSystem;pair;507;22;40;38;208;100;0,27;0,16;1,09;0,31;11,6;11,6;2,51;1,82
8;StudentAttendanceSystem;state;508;16;26;6;31;100;0,26;0,32;0;0,06;12,6;12,6;0,79;0,64
8;StudentAttendanceSystem;transition;508;16;26;8;26;100;0,26;0,5;0;0,05;12,6;12,6;0,93;0,81
8;StudentAttendanceSystem;pair;508;16;26;20;106;100;0,16;0,09;0,58;0,18;13,6;13,6;1,56;1,02
8;StudentAttendanceSystem;state;509;20;33;8;40;100;0,3;0,33;0;0,06;13,6;13,6;0,83;0,69
8;StudentAttendanceSystem;transition;509;20;33;13;32;100;0,25;0,55;0;0,1;14,6;14,6;1,04;0,91
8;StudentAttendanceSystem;pair;509;20;33;23;111;100;0,29;0,11;0,54;0,19;15,6;15,6;1,63;1,13
8;StudentAttendanceSystem;state;510;22;39;9;50;100;0,3;0,39;0;0,11;15,6;16,6;0,98;0,81
8;StudentAttendanceSystem;transition;510;22;39;12;39;100;0,29;0,65;0;0,12;16,6;16,6;1,26;1,06
8;StudentAttendanceSystem;pair;510;22;39;34;182;100;0,28;0,22;1,01;0,31;17,6;17,6;2,42;1,82
8;StudentAttendanceSystem;state;511;30;61;13;71;100;0,44;0,54;0;0,12;18,6;18,6;1,26;1,1
8;StudentAttendanceSystem;transition;511;30;61;21;60;100;0,41;1,18;0;0,26;19,6;19,6;2,14;1,85
8;StudentAttendanceSystem;pair;511;30;61;51;297;100;0,38;0,34;2,31;0,46;21,6;21,6;4,51;3,49
8;StudentAttendanceSystem;state;512;23;42;9;45;100;0,39;0,57;0;0,09;22,6;22,6;1,7;1,05
8;StudentAttendanceSystem;transition;512;23;42;17;41;100;0,32;0,84;0;0,14;22,6;22,6;1,52;1,31
8;StudentAttendanceSystem;pair;512;23;42;36;184;100;0,33;0,17;1,05;0,26;23,6;24,6;2,44;1,81
8;StudentAttendanceSystem;state;513;19;34;7;36;100;0,28;0,3;0;0,06;24,6;24,6;0,78;0,64
8;StudentAttendanceSystem;transition;513;19;34;13;34;100;0,27;0,62;0;0,12;25,6;25,6;1,2;1
8;StudentAttendanceSystem;pair;513;19;34;32;159;100;0,3;0,13;0,91;0,2;26,6;26,6;2,29;1,54
8;StudentAttendanceSystem;state;514;25;48;11;57;100;0,33;0,42;0;0,1;26,6;27,6;0,99;0,85
8;StudentAttendanceSystem;transition;514;25;48;17;47;100;0,33;1,2;0;0,15;27,6;27,6;1,89;1,67
8;StudentAttendanceSystem;pair;514;25;48;40;222;100;0,32;0,19;1,29;0,39;29,6;29,6;2,91;2,19
8;StudentAttendanceSystem;state;515;19;32;7;37;100;0,28;0,34;0;0,06;29,6;29,6;0,8;0,67
8;StudentAttendanceSystem;transition;515;19;32;10;32;100;0,26;0,57;0;0,11;30,6;30,6;1,11;0,94
8;StudentAttendanceSystem;pair;515;19;32;28;148;100;0,28;0,15;0,94;0,2;31,6;31,6;2,13;1,58
8;StudentAttendanceSystem;state;516;22;38;9;46;100;0,32;0,35;0;0,08;31,6;32,6;0,88;0,75
8;StudentAttendanceSystem;transition;516;22;38;14;37;100;0,27;0,74;0;0,12;32,6;32,6;1,34;1,14
8;StudentAttendanceSystem;pair;516;22;38;28;149;100;0,32;0,16;0,96;0,2;33,6;33,6;2,23;1,64
8;StudentAttendanceSystem;state;517;24;49;11;62;100;0,37;0,42;0;0,09;34,6;34,6;1,03;0,88
8;StudentAttendanceSystem;transition;517;24;49;15;49;100;0,38;0,9;0;0,18;35,6;35,6;1,7;1,46
8;StudentAttendanceSystem;pair;517;24;49;43;257;100;0,35;0,25;2,33;0,34;36,6;36,6;4,12;3,27
8;StudentAttendanceSystem;state;518;25;53;12;63;100;0,41;0,53;0;0,11;37,6;37,6;1,23;1,05
8;StudentAttendanceSystem;transition;518;25;53;18;53;100;0,44;0,92;0;0,17;38,6;38,6;1,78;1,53
8;StudentAttendanceSystem;pair;518;25;53;47;269;100;0,35;0,26;1,74;0,42;39,6;40,6;3,56;2,78
8;StudentAttendanceSystem;state;519;19;33;7;37;100;0,31;0,34;0;0,07;40,6;40,6;0,9;0,72
8;StudentAttendanceSystem;transition;519;19;33;12;32;100;0,31;0,64;0;0,1;41,6;41,6;1,22;1,05
8;StudentAttendanceSystem;pair;519;19;33;30;151;100;0,3;0,14;0,84;0,19;42,6;42,6;2,05;1,47
8;StudentAttendanceSystem;state;520;27;56;12;67;100;0,39;0,48;0;0,13;42,6;42,6;1,16;1
8;StudentAttendanceSystem;transition;520;27;56;18;56;100;0,39;0,99;0;0,21;43,6;43,6;1,84;1,59
8;StudentAttendanceSystem;pair;520;27;56;54;310;100;0,38;0,25;1,81;0,44;45,6;45,6;3,71;2,87
8;StudentAttendanceSystem;state;521;20;33;8;43;100;0,28;0,33;0;0,06;46,6;46,6;0,8;0,68
8;StudentAttendanceSystem;transition;521;20;33;10;32;100;0,24;0,52;0;0,09;46,6;46,6;0,98;0,86
8;StudentAttendanceSystem;pair;521;20;33;29;156;100;0,31;0,12;0,69;0,18;47,6;48,6;1,76;1,3
8;StudentAttendanceSystem;state;522;16;28;6;30;100;0,26;0,26;0;0,04;48,6;48,6;0,67;0,56
8;StudentAttendanceSystem;transition;522;16;28;10;28;100;0,22;0,53;0;0,08;48,6;49,6;1,01;0,84
8;StudentAttendanceSystem;pair;522;16;28;26;127;100;0,25;0,11;0,55;0,15;49,6;50,6;1,51;1,06
8;StudentAttendanceSystem;state;523;26;53;11;61;100;0,26;0,31;0;0,07;50,6;50,6;0,73;0,65
8;StudentAttendanceSystem;transition;523;26;53;18;53;100;0,23;0,64;0;0,11;51,6;51,6;1,11;0,99
8;StudentAttendanceSystem;pair;523;26;53;54;302;100;0,32;0,25;1,44;0,26;52,6;53,6;3,04;2,27
8;StudentAttendanceSystem;state;524;26;52;11;60;100;0,36;0,54;0;0,13;53,6;54,6;1,21;1,03
8;StudentAttendanceSystem;transition;524;26;52;18;51;100;0,24;0,64;0;0,11;54,6;54,6;1,11;0,99
8;StudentAttendanceSystem;pair;524;26;52;49;275;100;0,27;0,29;1,66;0,41;56,6;56,6;3,44;2,62
8;StudentAttendanceSystem;state;525;24;45;10;55;100;0,36;0,3;0;0,06;57,6;57,6;0,84;0,72
8;StudentAttendanceSystem;transition;525;24;45;15;45;100;0,21;0,75;0;0,16;57,6;58,6;1,3;1,11
8;StudentAttendanceSystem;pair;525;24;45;37;205;100;0,36;0,18;1,1;0,18;59,6;59,6;2,51;1,82
8;StudentAttendanceSystem;state;526;19;34;7;37;100;0,29;0,35;0;0,06;59,6;59,6;0,83;0,7
8;StudentAttendanceSystem;transition;526;19;34;12;34;100;0,34;0,55;0;0,12;60,6;60,6;1,2;1,02
8;StudentAttendanceSystem;pair;526;19;34;33;171;100;0,25;0,15;0,79;0,21;61,6;61,6;1,99;1,41
8;StudentAttendanceSystem;state;527;21;38;8;42;100;0,31;0,4;0;0,08;62,6;62,6;0,99;0,79
8;StudentAttendanceSystem;transition;527;21;38;13;37;100;0,3;0,7;0;0,12;62,6;62,6;1,29;1,12
8;StudentAttendanceSystem;pair;527;21;38;33;183;100;0,28;0,19;0,92;0,26;63,6;64,6;2,35;1,65
8;StudentAttendanceSystem;state;528;23;43;9;50;100;0,37;0,45;0;0,1;64,6;64,6;1,11;0,93
8;StudentAttendanceSystem;transition;528;23;43;14;43;100;0,32;0,74;0;0,13;65,6;65,6;1,39;1,19
8;StudentAttendanceSystem;pair;528;23;43;35;197;100;0,37;0,17;0,94;0,28;66,6;66,6;2,46;1,75
8;StudentAttendanceSystem;state;529;24;45;10;55;100;0,37;0,44;0;0,09;67,6;67,6;1,05;0,9
8;StudentAttendanceSystem;transition;529;24;45;15;45;100;0,4;0,85;0;0,17;68,6;68,6;1,66;1,42
8;StudentAttendanceSystem;pair;529;24;45;38;210;100;0,3;0,18;1,58;0,27;69,6;69,6;3,04;2,33
8;StudentAttendanceSystem;state;530;25;45;10;55;100;0,37;0,31;0;0,06;70,6;70,6;0,86;0,74
8;StudentAttendanceSystem;transition;530;25;45;16;44;100;0,22;0,58;0;0,15;70,6;70,6;1,1;0,95
8;StudentAttendanceSystem;pair;530;25;45;37;195;100;0,37;0,23;0,95;0,23;71,6;72,6;2,49;1,78
8;StudentAttendanceSystem;state;531;28;55;11;62;100;0,39;0,47;0;0,12;72,6;72,6;1,13;0,98
8;StudentAttendanceSystem;transition;531;28;55;19;54;100;0,4;1,14;0;0,21;73,6;73,6;1,97;1,75
8;StudentAttendanceSystem;pair;531;28;55;49;283;100;0,39;0,3;2,02;0,45;75,6;75,6;4,01;3,17
8;StudentAttendanceSystem;state;532;19;33;7;36;100;0,29;0,34;0;0,06;76,6;76,6;0,82;0,69
8;StudentAttendanceSystem;transition;532;19;33;12;32;100;0,28;0,64;0;0,13;76,6;76,6;1,27;1,05
8;StudentAttendanceSystem;pair;532;19;33;29;147;100;0,27;0,15;0,79;0,19;77,6;77,6;1,93;1,4
8;StudentAttendanceSystem;state;533;31;63;14;76;100;0,43;0,54;0;0,18;78,6;78,6;1,37;1,16
8;StudentAttendanceSystem;transition;533;31;63;22;62;100;0,38;0,98;0;0,21;79,6;79,6;1,76;1,56
8;StudentAttendanceSystem;pair;533;31;63;53;308;100;0,38;0,31;1,87;0,33;81,6;81,6;3,73;2,89
8;StudentAttendanceSystem;state;534;22;43;10;53;100;0,42;0,54;0;0,11;82,6;82,6;1,27;1,07
8;StudentAttendanceSystem;transition;534;22;43;15;43;100;0,56;1,01;0;0,17;82,6;82,6;1,97;1,74
8;StudentAttendanceSystem;pair;534;22;43;38;212;100;0,39;0,25;1,5;0,36;84,6;84,6;3,28;2,49
8;StudentAttendanceSystem;state;535;24;48;10;53;100;0,43;0,5;0;0,1;84,6;84,6;1,18;1,02
8;StudentAttendanceSystem;transition;535;24;48;17;48;100;0,4;1,09;0;0,2;85,6;85,6;1,9;1,68
8;StudentAttendanceSystem;pair;535;24;48;51;281;100;0,39;0,29;1,98;0,35;87,6;87,6;3,85;3
8;StudentAttendanceSystem;state;536;27;55;12;67;100;0,37;0,52;0;0,21;88,6;88,6;1,27;1,09
8;StudentAttendanceSystem;transition;536;27;55;18;55;100;0,43;1,09;0;0,2;88,6;88,6;1,94;1,72
8;StudentAttendanceSystem;pair;536;27;55;48;280;100;0,41;0,26;1,74;0,43;90,6;90,6;3,71;2,85
8;StudentAttendanceSystem;state;537;18;29;7;35;100;0,3;0,43;0;0,07;91,6;91,6;0,96;0,8
8;StudentAttendanceSystem;transition;537;18;29;10;29;100;0,3;0,62;0;0,08;91,6;91,6;1,18;1
8;StudentAttendanceSystem;pair;537;18;29;26;126;100;0,27;0,13;0,65;0,22;92,6;92,6;1,76;1,26
8;StudentAttendanceSystem;state;538;19;34;8;43;100;0,28;0,35;0;0,07;93,6;93,6;0,83;0,69
8;StudentAttendanceSystem;transition;538;19;34;10;34;100;0,27;0,55;0;0,09;93,6;93,6;1,07;0,91
8;StudentAttendanceSystem;pair;538;19;34;30;172;100;0,36;0,16;1,03;0,22;94,6;95,6;2,4;1,77
8;StudentAttendanceSystem;state;539;16;27;6;30;100;0,25;0,26;0;0,04;95,6;95,6;0,67;0,55
8;StudentAttendanceSystem;transition;539;16;27;9;27;100;0,21;0,45;0;0,11;95,6;96,6;0,9;0,77
8;StudentAttendanceSystem;pair;539;16;27;22;112;100;0,27;0,14;0,52;0,15;96,6;96,6;1,58;1,08
8;StudentAttendanceSystem;state;540;18;28;6;31;100;0,29;0,28;0;0,05;97,6;97,6;0,77;0,62
8;StudentAttendanceSystem;transition;540;18;28;9;27;100;0,24;0,53;0;0,08;97,6;97,6;1,04;0,86
8;StudentAttendanceSystem;pair;540;18;28;25;121;100;0,23;0,1;0,64;0,17;98,6;98,6;1,65;1,15
8;StudentAttendanceSystem;state;541;22;41;9;45;100;0,33;0,4;0;0,1;99,6;99,6;1;0,82
8;StudentAttendanceSystem;transition;541;22;41;15;40;100;0,3;0,86;0;0,16;99,6;100,6;1,53;1,31
8;StudentAttendanceSystem;pair;541;22;41;34;187;100;0,29;0,21;1,22;0,26;101,6;101,6;2,75;1,98
8;StudentAttendanceSystem;state;542;25;47;10;54;100;0,43;0,45;0;0,1;101,6;101,6;1,15;0,98
8;StudentAttendanceSystem;transition;542;25;47;15;46;100;0,35;0,82;0;0,18;102,6;102,6;1,56;1,35
8;StudentAttendanceSystem;pair;542;25;47;45;249;100;0,42;0,3;1,76;0,34;103,6;104,6;3,74;2,82
8;StudentAttendanceSystem;state;543;27;55;12;66;100;0,47;0,58;0;0,13;104,6;104,6;1,39;1,17
8;StudentAttendanceSystem;transition;543;27;55;18;54;100;0,38;1,2;0;0,21;105,6;105,6;2,06;1,8
8;StudentAttendanceSystem;pair;543;27;55;49;283;100;0,4;0,33;2,23;0,5;107,6;107,6;4,42;3,46
8;StudentAttendanceSystem;state;544;27;54;12;66;100;0,44;0,62;0;0,13;108,6;108,6;1,43;1,19
8;StudentAttendanceSystem;transition;544;27;54;17;53;100;0,36;1,08;0;0,23;109,6;109,6;1,94;1,68
8;StudentAttendanceSystem;pair;544;27;54;46;272;100;0,37;0,31;1,75;0,41;110,6;110,6;3,65;2,84
8;StudentAttendanceSystem;state;545;17;32;7;35;100;0,35;0,38;0;0,06;111,6;111,6;0,97;0,79
8;StudentAttendanceSystem;transition;545;17;32;11;32;100;0,26;0,51;0;0,1;111,6;112,6;1,04;0,88
8;StudentAttendanceSystem;pair;545;17;32;28;154;100;0,27;0,14;0,9;0,22;112,6;113,6;2,07;1,53
8;StudentAttendanceSystem;state;546;26;54;11;62;100;0,38;0,54;0;0,11;113,6;113,6;1,18;1,03
8;StudentAttendanceSystem;transition;546;26;54;18;54;100;0,36;1,04;0;0,21;114,6;114,6;1,84;1,61
8;StudentAttendanceSystem;pair;546;26;54;48;278;100;0,39;0,33;1,7;0,45;115,6;116,6;3,73;2,87
8;StudentAttendanceSystem;state;547;18;33;7;37;100;0,29;0,31;0;0,06;116,6;116,6;0,79;0,66
8;StudentAttendanceSystem;transition;547;18;33;11;33;100;0,26;0,56;0;0,1;117,6;117,6;1,16;0,92
8;StudentAttendanceSystem;pair;547;18;33;29;165;100;0,27;0,13;0,94;0,25;118,6;118,6;2,11;1,6
8;StudentAttendanceSystem;state;548;19;32;7;37;100;0,33;0,32;0;0,05;118,6;118,6;0,8;0,69
8;StudentAttendanceSystem;transition;548;19;32;11;31;100;0,24;0,51;0;0,12;119,6;119,6;1,01;0,87
8;StudentAttendanceSystem;pair;548;19;32;28;149;100;0,32;0,19;0,75;0,21;120,6;120,6;2,11;1,47
8;StudentAttendanceSystem;state;549;23;44;9;50;100;0,37;0,43;0;0,09;121,6;121,6;1,05;0,89
8;StudentAttendanceSystem;transition;549;23;44;15;44;100;0,31;0,86;0;0,17;121,6;121,6;1,57;1,34
8;StudentAttendanceSystem;pair;549;23;44;37;205;100;0,36;0,18;1,08;0,31;123,6;123,6;2,55;1,92
8;StudentAttendanceSystem;state;550;19;31;7;37;100;0,32;0,42;0;0,07;123,6;123,6;0,98;0,81
8;StudentAttendanceSystem;transition;550;19;31;10;30;100;0,28;0,63;0;0,1;124,6;124,6;1,21;1,02
8;StudentAttendanceSystem;pair;550;19;31;25;134;100;0,35;0,14;0,74;0,19;125,6;125,6;1,96;1,42
8;StudentAttendanceSystem;state;551;18;31;7;36;100;0,29;0,37;0;0,06;125,6;125,6;0,85;0,72
8;StudentAttendanceSystem;transition;551;18;31;11;30;100;0,25;0,53;0;0,09;126,6;126,6;1,03;0,87
8;StudentAttendanceSystem;pair;551;18;31;26;134;100;0,27;0,21;0,8;0,19;127,6;127,6;1,98;1,46
8;StudentAttendanceSystem;state;552;27;55;12;65;100;0,39;0,57;0;0,12;128,6;128,6;1,25;1,08
8;StudentAttendanceSystem;transition;552;27;55;18;55;100;0,43;1,01;0;0,2;128,6;128,6;1,88;1,64
8;StudentAttendanceSystem;pair;552;27;55;46;268;100;0,38;0,33;1,73;0,42;130,6;130,6;3,69;2,86
8;StudentAttendanceSystem;state;553;26;48;11;58;100;0,4;0,49;0;0,1;131,6;131,6;1,16;0,99
8;StudentAttendanceSystem;transition;553;26;48;17;47;100;0,35;1;0;0,18;132,6;132,6;1,79;1,52
8;StudentAttendanceSystem;pair;553;26;48;42;226;100;0,37;0,26;1,81;0,45;133,6;133,6;3,68;2,88
8;StudentAttendanceSystem;state;554;26;53;11;61;100;0,43;0,5;0;0,1;134,6;134,6;1,21;1,04
8;StudentAttendanceSystem;transition;554;26;53;17;52;100;0,32;0,87;0;0,19;134,6;135,6;1,6;1,38
8;StudentAttendanceSystem;pair;554;26;53;46;270;100;0,42;0,29;1,63;0,38;136,6;136,6;3,53;2,71
8;StudentAttendanceSystem;state;555;29;57;12;67;100;0,55;0,56;0;0,14;137,6;137,6;1,45;1,25
8;StudentAttendanceSystem;transition;555;29;57;20;56;100;0,4;1,1;0;0,24;138,6;138,6;2,01;1,75
8;StudentAttendanceSystem;pair;555;29;57;52;292;100;0,56;0,32;2,03;0,51;139,6;140,6;4,35;3,41
8;StudentAttendanceSystem;state;556;28;56;12;66;100;0,4;0,55;0;0,13;140,6;140,6;1,26;1,08
8;StudentAttendanceSystem;transition;556;28;56;17;55;100;0,45;0,99;0;0,23;141,6;141,6;1,96;1,68
8;StudentAttendanceSystem;pair;556;28;56;52;304;100;0,51;0,27;2,1;0,59;143,6;143,6;4,44;3,46
8;StudentAttendanceSystem;state;557;22;39;9;48;100;0,33;0,43;0;0,08;144,6;144,6;1,01;0,83
8;StudentAttendanceSystem;transition;557;22;39;13;38;100;0,33;0,66;0;0,16;144,6;144,6;1,37;1,14
8;StudentAttendanceSystem;pair;557;22;39;33;174;100;0,39;0,21;1,04;0,24;145,6;146,6;2,5;1,88
8;StudentAttendanceSystem;state;558;25;45;10;53;100;0,34;0,52;0;0,13;146,6;146,6;1,19;0,99
8;StudentAttendanceSystem;transition;558;25;45;16;44;100;0,33;0,89;0;0,15;147,6;147,6;1,57;1,38
8;StudentAttendanceSystem;pair;558;25;45;34;183;100;0,35;0,23;1,1;0,26;148,6;148,6;2,65;1,94
8;StudentAttendanceSystem;state;559;18;29;6;31;100;0,31;0,3;0;0,05;149,6;149,6;0,81;0,66
8;StudentAttendanceSystem;transition;559;18;29;10;28;100;0,29;0,56;0;0,1;149,6;149,6;1,14;0,95
8;StudentAttendanceSystem;pair;559;18;29;28;132;100;0,31;0,14;0,68;0,19;150,6;150,6;1,86;1,32
8;StudentAttendanceSystem;state;560;17;25;6;31;100;0,25;0,31;0;0,06;151,6;151,6;0,78;0,62
8;StudentAttendanceSystem;transition;560;17;25;8;24;100;0,24;0,53;0;0,09;151,6;151,6;1,02;0,86
8;StudentAttendanceSystem;pair;560;17;25;17;81;100;0,26;0,12;0,46;0,13;152,6;152,6;1,43;0,97
8;StudentAttendanceSystem;state;561;17;28;7;37;100;0,28;0,34;0;0,06;152,6;152,6;0,8;0,68
8;StudentAttendanceSystem;transition;561;17;28;8;28;100;0,29;0,52;0;0,07;153,6;153,6;1,04;0,88
8;StudentAttendanceSystem;pair;561;17;28;24;128;100;0,28;0,14;0,69;0,17;154,6;154,6;1,79;1,28
8;StudentAttendanceSystem;state;562;19;36;8;40;100;0,29;0,33;0;0,06;154,6;154,6;0,83;0,69
8;StudentAttendanceSystem;transition;562;19;36;13;36;100;0,27;0,66;0;0,13;155,6;155,6;1,38;1,05
8;StudentAttendanceSystem;pair;562;19;36;33;180;100;0,28;0,18;0,79;0,25;156,6;156,6;2,03;1,5
8;StudentAttendanceSystem;state;563;15;22;6;31;100;0,23;0,28;0;0,05;157,6;157,6;0,68;0,57
8;StudentAttendanceSystem;transition;563;15;22;6;22;100;0,25;0,37;0;0,05;157,6;157,6;0,82;0,67
8;StudentAttendanceSystem;pair;563;15;22;16;78;100;0,21;0,09;0,35;0,09;158,6;158,6;1,12;0,75
8;StudentAttendanceSystem;state;564;23;42;8;43;100;0,31;0,36;0;0,07;158,6;158,6;0,87;0,74
8;StudentAttendanceSystem;transition;564;23;42;15;41;100;0,32;0,93;0;0,16;159,6;159,6;1,61;1,41
8;StudentAttendanceSystem;pair;564;23;42;36;198;100;0,35;0,22;1,14;0,32;160,6;160,6;2,69;2,03
8;StudentAttendanceSystem;state;565;24;43;9;50;100;0,4;0,43;0;0,1;161,6;161,6;1,08;0,93
8;StudentAttendanceSystem;transition;565;24;43;15;42;100;0,33;0,8;0;0,15;162,6;162,6;1,49;1,28
8;StudentAttendanceSystem;pair;565;24;43;35;185;100;0,33;0,24;1,03;0,26;163,6;163,6;2,45;1,86
8;StudentAttendanceSystem;state;566;20;37;8;43;100;0,33;0,38;0;0,09;163,6;164,6;1,07;0,8
8;StudentAttendanceSystem;transition;566;20;37;13;37;100;0,29;0,7;0;0,12;164,6;164,6;1,29;1,11
8;StudentAttendanceSystem;pair;566;20;37;32;178;100;0,28;0,18;0,95;0,24;165,6;165,6;2,21;1,65
8;StudentAttendanceSystem;state;567;15;23;5;24;100;0,25;0,26;0;0,06;166,6;166,6;0,67;0,57
8;StudentAttendanceSystem;transition;567;15;23;7;23;100;0,24;0,4;0;0,05;166,6;166,6;0,85;0,7
8;StudentAttendanceSystem;pair;567;15;23;22;101;100;0,23;0,1;0,46;0,14;167,6;167,6;1,37;0,93
8;StudentAttendanceSystem;state;568;28;53;12;66;100;0,52;0,59;0;0,11;168,6;168,6;1,4;1,22
8;StudentAttendanceSystem;transition;568;28;53;18;52;100;0,38;0,89;0;0,21;168,6;169,6;1,69;1,48
8;StudentAttendanceSystem;pair;568;28;53;51;281;100;0,38;0,24;2,02;0,38;170,6;170,6;3,84;3,02
8;StudentAttendanceSystem;state;569;21;35;8;43;100;0,32;0,56;0;0,08;171,6;171,6;1,1;0,96
8;StudentAttendanceSystem;transition;569;21;35;12;34;100;0,32;0,59;0;0,14;171,6;172,6;1,21;1,05
8;StudentAttendanceSystem;pair;569;21;35;26;140;100;0,26;0,13;0,7;0,21;172,6;173,6;1,79;1,3
8;StudentAttendanceSystem;state;570;27;55;12;67;100;0,36;0,57;0;0,11;173,6;173,6;1,19;1,04
8;StudentAttendanceSystem;transition;570;27;55;18;55;100;0,38;0,9;0;0,19;174,6;174,6;1,67;1,47
8;StudentAttendanceSystem;pair;570;27;55;48;276;100;0,35;0,24;1,64;0,38;175,6;176,6;3,45;2,61
8;StudentAttendanceSystem;state;571;23;43;10;54;100;0,34;0,38;0;0,08;176,6;176,6;0,94;0,8
8;StudentAttendanceSystem;transition;571;23;43;15;43;100;0,37;0,78;0;0,15;177,6;177,6;1,52;1,3
8;StudentAttendanceSystem;pair;571;23;43;43;221;100;0,33;0,18;1,03;0,32;178,6;179,6;2,5;1,87
8;StudentAttendanceSystem;state;572;20;34;8;40;100;0,29;0,33;0;0,06;179,6;179,6;0,81;0,68
8;StudentAttendanceSystem;transition;572;20;34;12;33;100;0,3;0,72;0;0,14;180,6;180,6;1,36;1,16
8;StudentAttendanceSystem;pair;572;20;34;26;139;100;0,25;0,15;0,82;0,19;181,6;181,6;1,98;1,42
8;StudentAttendanceSystem;state;573;18;31;7;37;100;0,29;0,32;0;0,06;181,6;181,6;0,79;0,67
8;StudentAttendanceSystem;transition;573;18;31;11;31;100;0,27;0,55;0;0,1;182,6;182,6;1,1;0,93
8;StudentAttendanceSystem;pair;573;18;31;25;131;100;0,29;0,14;0,64;0,17;183,6;183,6;1,77;1,24
8;StudentAttendanceSystem;state;574;23;47;10;54;100;0,36;0,45;0;0,1;183,6;183,6;1,07;0,91
8;StudentAttendanceSystem;transition;574;23;47;16;47;100;0,37;0,86;0;0,18;184,6;184,6;1,62;1,41
8;StudentAttendanceSystem;pair;574;23;47;45;251;100;0,35;0,25;1,43;0,4;185,63;6,63;6,28;2,42
8;StudentAttendanceSystem;state;575;21;40;8;42;100;0,5;0,43;0;0,08;6,63;6,63;1,19;1,01
8;StudentAttendanceSystem;transition;575;21;40;15;40;100;0,33;0,73;0;0,14;7,63;7,63;1,41;1,21
8;StudentAttendanceSystem;pair;575;21;40;37;197;100;0,33;0,18;1,19;0,26;8,63;8,63;2,6;1,97
8;StudentAttendanceSystem;state;576;19;33;7;37;100;0,34;0,41;0;0,06;9,63;9,63;0,96;0,82
8;StudentAttendanceSystem;transition;576;19;33;11;32;100;0,27;0,55;0;0,1;9,63;9,63;1,1;0,91
8;StudentAttendanceSystem;pair;576;19;33;31;163;100;0,31;0,16;0,82;0,21;10,63;10,63;1,99;1,49
8;StudentAttendanceSystem;state;577;24;44;10;56;100;0,36;0,42;0;0,1;11,63;11,63;1,04;0,88
8;StudentAttendanceSystem;transition;577;24;44;14;43;100;0,36;0,86;0;0,15;12,63;12,63;1,59;1,38
8;StudentAttendanceSystem;pair;577;24;44;37;211;100;0,35;0,23;1,29;0,35;13,63;13,63;2,98;2,22
8;StudentAttendanceSystem;state;578;19;29;7;37;100;0,34;0,42;0;0,08;14,63;14,63;1,04;0,84
8;StudentAttendanceSystem;transition;578;19;29;10;28;100;0,32;0,68;0;0,12;14,63;14,63;1,31;1,12
8;StudentAttendanceSystem;pair;578;19;29;17;85;100;0,34;0,13;0,5;0,13;15,63;15,63;1,66;1,1
8;StudentAttendanceSystem;state;579;26;53;11;62;100;0,51;0,48;0;0,14;15,63;16,63;1,29;1,13
8;StudentAttendanceSystem;transition;579;26;53;17;53;100;0,4;1,03;0;0,19;16,63;16,63;1,84;1,62
8;StudentAttendanceSystem;pair;579;26;53;44;262;100;0,43;0,29;1,82;0,38;18,63;18,63;3,69;2,92
8;StudentAttendanceSystem;state;580;25;52;11;60;100;0,35;0,46;0;0,11;19,63;19,63;1,06;0,92
8;StudentAttendanceSystem;transition;580;25;52;16;52;100;0,4;0,89;0;0,18;19,63;20,63;1,7;1,47
8;StudentAttendanceSystem;pair;580;25;52;51;291;100;0,37;0,24;1,87;0,43;21,63;21,63;3,82;2,92
8;StudentAttendanceSystem;state;581;22;41;10;56;100;0,41;0,47;0;0,1;22,63;22,63;1,16;0,99
8;StudentAttendanceSystem;transition;581;22;41;12;41;100;0,33;0,68;0;0,14;22,63;23,63;1,35;1,14
8;StudentAttendanceSystem;pair;581;22;41;37;209;100;0,35;0,21;1,19;0,27;24,63;24,63;2,69;2,02
8;StudentAttendanceSystem;state;582;22;40;9;50;100;0,37;0,42;0;0,09;24,63;24,63;1,13;0,88
8;StudentAttendanceSystem;transition;582;22;40;13;40;100;0,38;0,73;0;0,12;25,63;25,63;1,44;1,23
8;StudentAttendanceSystem;pair;582;22;40;37;193;100;0,32;0,17;0,94;0,31;26,63;26,63;2,41;1,74
8;StudentAttendanceSystem;state;583;20;38;8;41;100;0,31;0,33;0;0,07;27,63;27,63;0,82;0,71
8;StudentAttendanceSystem;transition;583;20;38;14;38;100;0,26;0,67;0;0,13;27,63;28,63;1,25;1,06
8;StudentAttendanceSystem;pair;583;20;38;35;189;100;0,31;0,23;1,05;0,26;29,63;29,63;2,48;1,86
8;StudentAttendanceSystem;state;584;21;38;9;49;100;0,36;0,37;0;0,08;29,63;29,63;0,94;0,81
8;StudentAttendanceSystem;transition;584;21;38;13;38;100;0,34;0,79;0;0,13;30,63;30,63;1,48;1,26
8;StudentAttendanceSystem;pair;584;21;38;31;165;100;0,32;0,18;0,94;0,23;31,63;31,63;2,39;1,67
8;StudentAttendanceSystem;state;585;26;53;11;62;100;0,39;0,51;0;0,11;32,63;32,63;1,19;1,01
8;StudentAttendanceSystem;transition;585;26;53;17;53;100;0,35;0,92;0;0,2;33,63;33,63;1,69;1,47
8;StudentAttendanceSystem;pair;585;26;53;45;263;100;0,42;0,36;1,84;0,36;34,63;34,63;3,8;2,98
8;StudentAttendanceSystem;state;586;27;55;12;66;100;0,43;0,54;0;0,12;35,63;35,63;1,25;1,09
8;StudentAttendanceSystem;transition;586;27;55;18;54;100;0,37;0,94;0;0,18;36,63;36,63;1,68;1,49
8;StudentAttendanceSystem;pair;586;27;55;49;283;100;0,39;0,24;1,98;0,49;37,63;38,63;3,88;3,1
8;StudentAttendanceSystem;state;587;17;29;7;34;100;0,3;0,31;0;0,06;38,63;38,63;0,83;0,68
8;StudentAttendanceSystem;transition;587;17;29;10;29;100;0,31;0,61;0;0,09;39,63;39,63;1,21;1,01
8;StudentAttendanceSystem;pair;587;17;29;22;115;100;0,27;0,15;0,61;0,19;39,63;40,63;1,83;1,22
8;StudentAttendanceSystem;state;588;22;42;10;53;100;0,35;0,51;0;0,1;40,63;40,63;1,12;0,96
8;StudentAttendanceSystem;transition;588;22;42;14;42;100;0,35;0,82;0;0,15;41,63;41,63;1,51;1,33
8;StudentAttendanceSystem;pair;588;22;42;35;197;100;0,34;0,24;1,26;0,3;42,63;42,63;2,83;2,14
8;StudentAttendanceSystem;state;589;27;57;12;65;100;0,42;0,56;0;0,12;43,63;43,63;1,27;1,1
8;StudentAttendanceSystem;transition;589;27;57;20;57;100;0,41;1,17;0;0,22;44,63;44,63;2,06;1,8
8;StudentAttendanceSystem;pair;589;27;57;50;288;100;0,42;0,26;2,12;0,51;45,63;46,63;4,17;3,3
8;StudentAttendanceSystem;state;590;22;38;8;42;100;0,39;0,43;0;0,08;46,63;46,63;1,03;0,9
8;StudentAttendanceSystem;transition;590;22;38;14;37;100;0,34;0,88;0;0,16;47,63;47,63;1,72;1,38
8;StudentAttendanceSystem;pair;590;22;38;31;165;100;0,35;0,22;1,11;0,28;48,63;48,63;2,55;1,95
8;StudentAttendanceSystem;state;591;26;52;10;55;100;0,46;0,54;0;0,11;48,63;49,63;1,28;1,12
8;StudentAttendanceSystem;transition;591;26;52;17;51;100;0,4;1,07;0;0,21;49,63;49,63;1,86;1,68
8;StudentAttendanceSystem;pair;591;26;52;52;294;100;0,57;0,34;2,17;0,53;51,63;51,63;4,44;3,6
8;StudentAttendanceSystem;state;592;20;39;8;42;100;0,34;0,43;0;0,07;52,63;52,63;1,01;0,84
8;StudentAttendanceSystem;transition;592;20;39;13;39;100;0,29;0,67;0;0,13;52,63;52,63;1,26;1,09
8;StudentAttendanceSystem;pair;592;20;39;36;206;100;0,32;0,25;1,11;0,27;53,63;54,63;2,54;1,95
8;StudentAttendanceSystem;state;593;22;39;8;42;100;0,33;0,4;0;0,08;54,63;54,63;0,96;0,81
8;StudentAttendanceSystem;transition;593;22;39;15;38;100;0,29;0,86;0;0,17;55,63;55,63;1,53;1,32
8;StudentAttendanceSystem;pair;593;22;39;36;183;100;0,33;0,16;0,97;0,27;56,63;56,63;2,4;1,74
8;StudentAttendanceSystem;state;594;24;43;9;50;100;0,44;0,45;0;0,1;57,63;57,63;1,16;0,99
8;StudentAttendanceSystem;transition;594;24;43;15;42;100;0,33;0,74;0;0,17;57,63;58,63;1,44;1,24
8;StudentAttendanceSystem;pair;594;24;43;36;189;100;0,34;0,23;1,24;0,27;59,63;59,63;2,75;2,08
8;StudentAttendanceSystem;state;595;20;36;8;43;100;0,32;0,33;0;0,07;59,63;59,63;0,85;0,73
8;StudentAttendanceSystem;transition;595;20;36;12;36;100;0,31;0,7;0;0,13;60,63;60,63;1,31;1,14
8;StudentAttendanceSystem;pair;595;20;36;29;163;100;0,32;0,19;0,94;0,25;61,63;61,63;2,32;1,7
8;StudentAttendanceSystem;state;596;20;35;9;50;100;0,32;0,54;0;0,08;62,63;62,63;1,09;0,94
8;StudentAttendanceSystem;transition;596;20;35;10;35;100;0,31;0,58;0;0,09;62,63;62,63;1,14;0,98
8;StudentAttendanceSystem;pair;596;20;35;31;166;100;0,28;0,14;0,81;0,25;63,63;63,63;2,07;1,47
8;StudentAttendanceSystem;state;597;19;34;8;39;100;0,37;0,37;0;0,07;64,63;64,63;0,97;0,81
8;StudentAttendanceSystem;transition;597;19;34;13;33;100;0,27;0,58;0;0,12;64,63;64,63;1,15;0,97
8;StudentAttendanceSystem;pair;597;19;34;27;140;100;0,29;0,16;1,72;0,23;65,63;66,63;3,03;2,39
8;StudentAttendanceSystem;state;598;24;42;10;56;100;0,37;0,42;0;0,1;66,63;66,63;1,04;0,88
8;StudentAttendanceSystem;transition;598;24;42;14;41;100;0,4;0,87;0;0,16;67,63;67,63;1,67;1,44
8;StudentAttendanceSystem;pair;598;24;42;32;174;100;0,42;0,21;0,95;0,34;68,63;68,63;2,59;1,92
8;StudentAttendanceSystem;state;599;27;51;12;63;100;0,45;0,56;0;0,11;69,63;69,63;1,28;1,11
8;StudentAttendanceSystem;transition;599;27;51;19;50;100;0,38;1,01;0;0,18;69,63;70,63;1,78;1,57
8;StudentAttendanceSystem;pair;599;27;51;49;255;100;0,42;0,29;1,84;0,44;71,63;71,63;3,79;2,99
8;StudentAttendanceSystem;state;600;19;32;7;37;100;0,33;0,36;0;0,07;72,63;72,63;0,91;0,76
8;StudentAttendanceSystem;transition;600;19;32;11;31;100;0,28;0,57;0;0,11;72,63;72,63;1,13;0,96
8;StudentAttendanceSystem;pair;600;19;32;26;136;100;0,29;0,17;0,82;0,19;73,63;73,63;2,04;1,48
8;StudentAttendanceSystem;state;601;27;56;12;64;100;0,46;0,56;0;0,12;74,63;74,63;1,32;1,15
8;StudentAttendanceSystem;transition;601;27;56;19;55;100;0,43;1,27;0;0,22;75,63;75,63;2,17;1,92
8;StudentAttendanceSystem;pair;601;27;56;47;274;100;0,44;0,35;2,19;0,51;76,63;77,63;4,43;3,49
8;StudentAttendanceSystem;state;602;25;45;10;55;100;0,44;0,53;0;0,11;77,63;77,63;1,26;1,07
8;StudentAttendanceSystem;transition;602;25;45;15;44;100;0,42;0,85;0;0,16;78,63;78,63;1,65;1,43
8;StudentAttendanceSystem;pair;602;25;45;41;217;100;0,32;0,24;1,16;0,44;79,63;79,63;2,83;2,15
8;StudentAttendanceSystem;state;603;23;45;8;43;100;0,44;0,51;0;0,09;80,63;80,63;1,21;1,05
8;StudentAttendanceSystem;transition;603;23;45;15;44;100;0,37;0,93;0;0,22;81,63;81,63;1,73;1,52
8;StudentAttendanceSystem;pair;603;23;45;46;260;100;0,38;0,28;1,55;0,46;82,63;82,63;3,47;2,67
8;StudentAttendanceSystem;state;604;21;39;8;43;100;0,41;0,4;0;0,08;83,63;83,63;1,05;0,9
8;StudentAttendanceSystem;transition;604;21;39;13;39;100;0,33;0,77;0;0,16;83,63;84,63;1,46;1,26
8;StudentAttendanceSystem;pair;604;21;39;38;210;100;0,35;0,29;1,28;0,31;85,63;85,63;2,88;2,22
8;StudentAttendanceSystem;state;605;21;41;9;48;100;0,37;0,42;0;0,09;85,63;85,63;1,03;0,88
8;StudentAttendanceSystem;transition;605;21;41;14;41;100;0,39;0,78;0;0,16;86,63;86,63;1,54;1,32
8;StudentAttendanceSystem;pair;605;21;41;38;204;100;0,34;0,24;1,16;0,27;87,63;87,63;2,61;2
8;StudentAttendanceSystem;state;606;18;35;8;38;100;0,34;0,35;0;0,06;88,63;88,63;0,89;0,75
8;StudentAttendanceSystem;transition;606;18;35;13;35;100;0,29;0,53;0;0,13;88,63;89,63;1,12;0,95
8;StudentAttendanceSystem;pair;606;18;35;32;169;100;0,27;0,18;0,94;0,23;89,63;90,63;2,17;1,62
8;StudentAttendanceSystem;state;607;25;52;11;60;100;0,39;0,5;0;0,11;90,63;90,63;1,15;1,01
8;StudentAttendanceSystem;transition;607;25;52;16;52;100;0,36;0,88;0;0,17;91,63;91,63;1,65;1,41
8;StudentAttendanceSystem;pair;607;25;52;51;291;100;0,35;0,3;1,89;0,5;92,63;93,63;3,92;3,04
8;StudentAttendanceSystem;state;608;21;38;9;48;100;0,37;0,41;0;0,09;93,63;93,63;1,01;0,87
8;StudentAttendanceSystem;transition;608;21;38;13;38;100;0,34;0,65;0;0,11;94,63;94,63;1,28;1,11
8;StudentAttendanceSystem;pair;608;21;38;30;158;100;0,32;0,27;0,84;0,23;95,63;95,63;2,4;1,67
8;StudentAttendanceSystem;state;609;16;26;6;31;100;0,35;0,33;0;0,06;96,63;96,63;0,88;0,74
8;StudentAttendanceSystem;transition;609;16;26;8;26;100;0,29;0,59;0;0,09;96,63;96,63;1,15;0,96
8;StudentAttendanceSystem;pair;609;16;26;20;106;100;0,29;0,14;0,52;0,12;97,63;97,63;1,56;1,08
8;StudentAttendanceSystem;state;610;24;46;9;46;100;0,34;0,54;0;0,09;98,63;98,63;1,12;0,96
8;StudentAttendanceSystem;transition;610;24;46;18;45;100;0,35;0,87;0;0,17;98,63;98,63;1,6;1,39
8;StudentAttendanceSystem;pair;610;24;46;40;218;100;0,37;0,25;1,48;0,32;100,63;100,63;3,21;2,43
8;StudentAttendanceSystem;state;611;22;41;10;56;100;0,39;0,49;0;0,09;100,63;100,63;1,12;0,98
8;StudentAttendanceSystem;transition;611;22;41;12;41;100;0,31;0,65;0;0,15;101,63;101,63;1,35;1,11
8;StudentAttendanceSystem;pair;611;22;41;37;209;100;0,37;0,24;1,14;0,29;102,63;102,63;2,79;2,04
8;StudentAttendanceSystem;state;612;26;48;11;60;100;0,43;0,64;0;0,1;103,63;103,63;1,34;1,18
8;StudentAttendanceSystem;transition;612;26;48;17;47;100;0,38;1,13;0;0,16;104,63;104,63;1,88;1,67
8;StudentAttendanceSystem;pair;612;26;48;47;245;100;0,34;0,24;1,63;0,4;105,63;105,63;3,41;2,61
8;StudentAttendanceSystem;state;613;16;28;6;30;100;0,38;0,44;0;0,06;106,63;106,63;1,09;0,88
8;StudentAttendanceSystem;transition;613;16;28;10;28;100;0,32;0,62;0;0,11;106,63;106,63;1,24;1,05
8;StudentAttendanceSystem;pair;613;16;28;24;120;100;0,28;0,14;0,56;0,16;107,63;107,63;1,64;1,13
8;StudentAttendanceSystem;state;614;24;42;10;56;100;0,39;0,48;0;0,1;108,63;108,63;1,11;0,97
8;StudentAttendanceSystem;transition;614;24;42;14;41;100;0,32;0,76;0;0,2;108,63;109,63;1,51;1,29
8;StudentAttendanceSystem;pair;614;24;42;32;174;100;0,31;0,19;0,94;0,23;110,63;110,63;2,23;1,66
8;StudentAttendanceSystem;state;615;24;46;10;55;100;0,39;0,44;0;0,09;110,63;110,63;1,04;0,91
8;StudentAttendanceSystem;transition;615;24;46;16;46;100;0,41;0,79;0;0,17;111,63;111,63;1,59;1,37
8;StudentAttendanceSystem;pair;615;24;46;41;221;100;0,39;0,2;1,06;0,32;112,63;113,63;2,62;1,98
8;StudentAttendanceSystem;state;616;20;36;8;39;100;0,29;0,35;0;0,06;113,63;113,63;0,81;0,7
8;StudentAttendanceSystem;transition;616;20;36;14;36;100;0,31;0,7;0;0,11;114,63;114,63;1,32;1,12
8;StudentAttendanceSystem;pair;616;20;36;29;146;100;0,27;0,17;0,77;0,2;115,63;115,63;1,94;1,41
8;StudentAttendanceSystem;state;617;20;36;8;42;100;0,35;0,39;0;0,07;115,63;115,63;0,95;0,81
8;StudentAttendanceSystem;transition;617;20;36;11;36;100;0,33;0,63;0;0,11;116,63;116,63;1,26;1,07
8;StudentAttendanceSystem;pair;617;20;36;33;173;100;0,32;0,19;1,07;0,22;117,63;117,63;2,35;1,8
8;StudentAttendanceSystem;state;618;21;37;8;41;100;0,31;0,36;0;0,08;118,63;118,63;0,88;0,74
8;StudentAttendanceSystem;transition;618;21;37;14;36;100;0,32;0,77;0;0,13;118,63;118,63;1,41;1,22
8;StudentAttendanceSystem;pair;618;21;37;32;166;100;0,34;0,2;0,99;0,26;119,63;119,63;2,41;1,78
8;StudentAttendanceSystem;state;619;23;46;10;56;100;0,38;0,46;0;0,09;120,63;120,63;1,09;0,93
8;StudentAttendanceSystem;transition;619;23;46;15;46;100;0,4;0,82;0;0,18;121,63;121,63;1,59;1,4
8;StudentAttendanceSystem;pair;619;23;46;43;249;100;0,38;0,26;1,54;0,39;122,63;122,63;3,34;2,57
8;StudentAttendanceSystem;state;620;23;41;8;43;100;0,41;0,47;0;0,08;123,63;123,63;1,14;0,96
8;StudentAttendanceSystem;transition;620;23;41;14;40;100;0,39;0,92;0;0,19;123,63;124,63;1,73;1,49
8;StudentAttendanceSystem;pair;620;23;41;32;181;100;0,37;0,24;1,14;0,31;125,63;125,63;2,75;2,04
8;StudentAttendanceSystem;state;621;22;40;9;46;100;0,43;0,43;0;0,09;125,63;125,63;1,11;0,95
8;StudentAttendanceSystem;transition;621;22;40;14;39;100;0,37;0,83;0;0,17;126,63;126,63;1,56;1,37
8;StudentAttendanceSystem;pair;621;22;40;32;181;100;0,34;0,24;1,18;0,26;127,63;127,63;2,68;2,02
8;StudentAttendanceSystem;state;622;26;52;11;61;100;0,42;0,52;0;0,11;128,63;128,63;1,21;1,05
8;StudentAttendanceSystem;transition;622;26;52;17;52;100;0,42;1,16;0;0,22;129,63;129,63;2,07;1,79
8;StudentAttendanceSystem;pair;622;26;52;51;291;100;0,38;0,32;2,28;0,46;130,63;131,63;4,33;3,45
8;StudentAttendanceSystem;state;623;26;49;10;56;100;0,41;0,46;0;0,1;131,63;131,63;1,11;0,98
8;StudentAttendanceSystem;transition;623;26;49;17;48;100;0,36;0,99;0;0,21;132,63;132,63;1,79;1,57
8;StudentAttendanceSystem;pair;623;26;49;42;236;100;0,39;0,25;1,3;0,36;133,63;134,63;3,09;2,31
8;StudentAttendanceSystem;state;624;26;53;11;61;100;0,39;0,48;0;0,12;134,63;134,63;1,22;0,98
8;StudentAttendanceSystem;transition;624;26;53;17;52;100;0,36;1,11;0;0,22;135,63;135,63;1,92;1,69
8;StudentAttendanceSystem;pair;624;26;53;46;270;100;0,39;0,31;1,74;0,41;136,63;137,63;3,73;2,85
8;StudentAttendanceSystem;state;625;24;47;10;55;100;0,35;0,45;0;0,1;137,63;137,63;1,05;0,9
8;StudentAttendanceSystem;transition;625;24;47;16;47;100;0,4;0,93;0;0,16;138,63;138,63;1,67;1,49
8;StudentAttendanceSystem;pair;625;24;47;47;255;100;0,38;0,23;1,47;0,37;139,63;140,63;3,19;2,45
8;StudentAttendanceSystem;state;626;28;55;12;62;100;0,53;0,56;0;0,1;140,63;140,63;1,33;1,19
8;StudentAttendanceSystem;transition;626;28;55;20;54;100;0,38;1;0;0,2;141,63;141,63;1,78;1,59
8;StudentAttendanceSystem;pair;626;28;55;54;304;100;0,41;0,39;2;0,48;143,63;143,63;4,07;3,28
8;StudentAttendanceSystem;state;627;27;51;11;61;100;0,46;0,58;0;0,14;144,63;144,63;1,35;1,18
8;StudentAttendanceSystem;transition;627;27;51;17;50;100;0,44;0,93;0;0,2;145,63;145,63;1,79;1,57
8;StudentAttendanceSystem;pair;627;27;51;48;268;100;0,37;0,35;1,75;0,39;146,63;146,63;3,67;2,85
8;StudentAttendanceSystem;state;628;24;48;10;51;100;0,42;0,52;0;0,09;147,63;147,63;1,2;1,04
8;StudentAttendanceSystem;transition;628;24;48;18;47;100;0,4;0,97;0;0,21;148,63;148,63;1,8;1,58
8;StudentAttendanceSystem;pair;628;24;48;45;251;100;0,42;0,3;1,86;0,42;149,63;149,63;3,85;3
8;StudentAttendanceSystem;state;629;22;45;9;49;100;0,49;0,42;0;0,1;150,63;150,63;1,19;1,01
8;StudentAttendanceSystem;transition;629;22;45;15;45;100;0,32;0,73;0;0,16;151,63;151,63;1,4;1,21
8;StudentAttendanceSystem;pair;629;22;45;42;238;100;0,32;0,22;1,29;0,36;152,63;152,63;2,92;2,19
8;StudentAttendanceSystem;state;630;25;50;11;56;100;0,42;0,5;0;0,09;153,63;153,63;1,14;1,01
8;StudentAttendanceSystem;transition;630;25;50;18;50;100;0,34;0,79;0;0,22;153,63;154,63;1,53;1,35
8;StudentAttendanceSystem;pair;630;25;50;51;283;100;0,37;0,27;1,82;0,41;155,63;155,63;3,66;2,85
8;StudentAttendanceSystem;state;631;24;45;10;50;100;0,35;0,4;0;0,09;156,63;156,63;0,98;0,83
8;StudentAttendanceSystem;transition;631;24;45;17;44;100;0,33;0,81;0;0,16;157,63;157,63;1,51;1,3
8;StudentAttendanceSystem;pair;631;24;45;38;208;100;0,31;0,25;1,14;0,31;158,63;158,63;2,65;2,01
8;StudentAttendanceSystem;state;632;21;38;8;43;100;0,36;0,44;0;0,1;159,63;159,63;1,05;0,9
8;StudentAttendanceSystem;transition;632;21;38;13;37;100;0,35;0,71;0;0,13;159,63;159,63;1,39;1,2
8;StudentAttendanceSystem;pair;632;21;38;34;192;100;0,3;0,15;1,04;0,29;160,63;161,63;2,44;1,78
8;StudentAttendanceSystem;state;633;22;38;8;43;100;0,43;0,36;0;0,09;161,63;161,63;1;0,88
8;StudentAttendanceSystem;transition;633;22;38;13;37;100;0,29;0,67;0;0,14;162,63;162,63;1,28;1,09
8;StudentAttendanceSystem;pair;633;22;38;35;187;100;0,31;0,18;1,04;0,27;163,63;163,63;2,36;1,8
8;StudentAttendanceSystem;state;634;21;37;8;41;100;0,33;0,37;0;0,07;163,63;163,63;0,89;0,76
8;StudentAttendanceSystem;transition;634;21;37;14;36;100;0,3;0,63;0;0,14;164,63;164,63;1,26;1,07
8;StudentAttendanceSystem;pair;634;21;37;32;166;100;0,37;0,18;0,95;0,28;165,63;165,63;2,62;1,78
8;StudentAttendanceSystem;state;635;23;40;9;47;100;0,45;0,48;0;0,12;166,63;166,63;1,25;1,04
8;StudentAttendanceSystem;transition;635;23;40;14;39;100;0,33;0,72;0;0,16;166,63;167,63;1,4;1,22
8;StudentAttendanceSystem;pair;635;23;40;37;191;100;0,29;0,2;1,12;0,28;168,63;168,63;2,61;1,89
8;StudentAttendanceSystem;state;636;23;41;9;45;100;0,33;0,46;0;0,09;168,63;168,63;1,02;0,88
8;StudentAttendanceSystem;transition;636;23;41;16;40;100;0,31;0,68;0;0,18;169,63;169,63;1,35;1,17
8;StudentAttendanceSystem;pair;636;23;41;34;177;100;0,39;0,22;1,17;0,31;170,63;170,63;2,79;2,09
8;StudentAttendanceSystem;state;637;18;32;7;37;100;0,32;0,4;0;0,07;171,63;171,63;0,93;0,78
8;StudentAttendanceSystem;transition;637;18;32;10;32;100;0,32;0,65;0;0,11;171,63;171,63;1,25;1,08
8;StudentAttendanceSystem;pair;637;18;32;27;153;100;0,32;0,18;0,74;0,22;172,63;173,63;2,08;1,47
8;StudentAttendanceSystem;state;638;27;54;12;68;100;0,5;0,52;0;0,12;173,63;173,63;1,31;1,14
8;StudentAttendanceSystem;transition;638;27;54;17;53;100;0,39;1,01;0;0,22;174,63;174,63;1,84;1,62
8;StudentAttendanceSystem;pair;638;27;54;47;281;100;0,36;0,34;1,81;0,44;175,63;176,63;3,82;2,95
8;StudentAttendanceSystem;state;639;19;35;8;43;100;0,38;0,44;0;0,07;176,63;176,63;1,02;0,88
8;StudentAttendanceSystem;transition;639;19;35;11;35;100;0,27;0,65;0;0,1;177,63;177,63;1,17;1,02
8;StudentAttendanceSystem;pair;639;19;35;33;187;100;0,28;0,17;1,03;0,24;178,63;178,63;2,29;1,73
8;StudentAttendanceSystem;state;640;24;47;10;55;100;0,37;0,47;0;0,1;179,63;179,63;1,07;0,94
8;StudentAttendanceSystem;transition;640;24;47;17;47;100;0,34;0,84;0;0,17;179,63;179,63;1,55;1,35
8;StudentAttendanceSystem;pair;640;24;47;43;233;100;0,41;0,26;1,52;0,32;181,63;181,63;3,35;2,5
8;StudentAttendanceSystem;state;641;25;45;10;55;100;0,48;0,43;0;0,12;181,63;182,63;1,19;1,03
8;StudentAttendanceSystem;transition;641;25;45;16;44;100;0,34;0,75;0;0,15;182,63;182,63;1,43;1,24
8;StudentAttendanceSystem;pair;641;25;45;37;195;100;0,37;0,19;1,17;0,33;183,63;184,63;2,77;2,06
8;StudentAttendanceSystem;state;642;20;33;8;43;100;0,32;0,39;0;0,08;184,63;184,63;0,97;0,79
8;StudentAttendanceSystem;transition;642;20;33;10;32;100;0,29;5,54;0;0,14;185,63;5,63;6,21;5,97
8;StudentAttendanceSystem;pair;642;20;33;27;146;100;0,35;0,16;0,8;0,19;6,63;6,63;2,11;1,5
8;StudentAttendanceSystem;state;643;21;35;8;41;100;0,34;0,38;0;0,08;6,63;6,63;0,96;0,8
8;StudentAttendanceSystem;transition;643;21;35;13;34;100;0,3;0,73;0;0,15;7,63;7,63;1,4;1,17
8;StudentAttendanceSystem;pair;643;21;35;35;168;100;0,31;0,2;1;0,24;8,63;8,63;2,35;1,74
8;StudentAttendanceSystem;state;644;20;37;8;41;100;0,37;0,39;0;0,08;9,63;9,63;1,11;0,83
8;StudentAttendanceSystem;transition;644;20;37;13;37;100;0,33;0,72;0;0,12;9,63;9,63;1,35;1,17
8;StudentAttendanceSystem;pair;644;20;37;32;174;100;0,28;0,19;0,91;0,24;10,63;10,63;2,3;1,62
8;StudentAttendanceSystem;state;645;23;42;8;43;100;0,42;0,41;0;0,07;11,63;11,63;1,04;0,9
8;StudentAttendanceSystem;transition;645;23;42;15;41;100;0,38;1,19;0;0,17;12,63;12,63;1,97;1,73
8;StudentAttendanceSystem;pair;645;23;42;35;196;100;0,33;0,21;1,14;0,28;13,63;13,63;2,65;1,96
8;StudentAttendanceSystem;state;646;28;57;13;72;100;0,39;0,54;0;0,11;14,63;14,63;1,2;1,04
8;StudentAttendanceSystem;transition;646;28;57;18;57;100;0,36;0,98;0;0,19;14,63;15,63;1,76;1,53
8;StudentAttendanceSystem;pair;646;28;57;54;308;100;0,34;0,32;1,8;0,42;16,63;17,63;3,69;2,88
8;StudentAttendanceSystem;state;647;19;36;7;36;100;0,27;0,31;0;0,07;17,63;17,63;0,77;0,65
8;StudentAttendanceSystem;transition;647;19;36;12;36;100;0,38;0,65;0;0,1;18,63;18,63;1,3;1,13
8;StudentAttendanceSystem;pair;647;19;36;38;202;100;0,33;0,16;1,03;0,27;19,63;19,63;2,39;1,8
8;StudentAttendanceSystem;state;648;27;55;12;67;100;0,39;0,44;0;0,11;19,63;20,63;1,07;0,94
8;StudentAttendanceSystem;transition;648;27;55;18;55;100;0,4;1,05;0;0,2;20,63;20,63;1,9;1,66
8;StudentAttendanceSystem;pair;648;27;55;48;276;100;0,41;0,29;1,78;0,48;22,63;22,63;3,99;2,96
8;StudentAttendanceSystem;state;649;23;46;10;56;100;0,36;0,43;0;0,1;23,63;23,63;1,03;0,88
8;StudentAttendanceSystem;transition;649;23;46;15;46;100;0,39;0,83;0;0,18;23,63;24,63;1,61;1,39
8;StudentAttendanceSystem;pair;649;23;46;43;249;100;0,31;0,26;1,32;0,33;25,63;25,63;3,1;2,22
8;StudentAttendanceSystem;state;650;21;41;9;48;100;0,34;0,38;0;0,09;26,63;26,63;0,97;0,81
8;StudentAttendanceSystem;transition;650;21;41;14;41;100;0,32;0,65;0;0,14;26,63;26,63;1,31;1,12
8;StudentAttendanceSystem;pair;650;21;41;38;204;100;0,33;0,22;1,18;0,33;27,63;28,63;2,82;2,06
8;StudentAttendanceSystem;state;651;27;54;11;60;100;0,42;0,57;0;0,12;28,63;28,63;1,28;1,11
8;StudentAttendanceSystem;transition;651;27;54;18;53;100;0,43;1,06;0;0,2;29,63;29,63;1,92;1,69
8;StudentAttendanceSystem;pair;651;27;54;55;307;100;0,34;0,28;2,39;0,5;31,63;31,63;4,36;3,51
8;StudentAttendanceSystem;state;652;26;53;11;61;100;0,45;0,6;0;0,14;32,63;32,63;1,33;1,19
8;StudentAttendanceSystem;transition;652;26;53;18;53;100;0,42;1,08;0;0,23;32,63;33,63;1,93;1,73
8;StudentAttendanceSystem;pair;652;26;53;54;302;100;0,41;0,35;2,35;0,52;34,63;34,63;4,53;3,64
8;StudentAttendanceSystem;state;653;23;43;8;43;100;0,4;0,5;0;0,09;35,63;35,63;1,16;0,99
8;StudentAttendanceSystem;transition;653;23;43;16;42;100;0,33;0,91;0;0,18;36,63;36,63;1,6;1,42
8;StudentAttendanceSystem;pair;653;23;43;39;213;100;0,29;0,18;10,12;0,31;37,63;37,63;11,62;10,91
8;StudentAttendanceSystem;state;654;20;33;8;43;100;0,33;0,37;0;0,07;38,63;38,63;0,91;0,76
8;StudentAttendanceSystem;transition;654;20;33;10;32;100;0,27;0,74;0;0,1;38,63;38,63;1,29;1,11
8;StudentAttendanceSystem;pair;654;20;33;28;152;100;0,32;0,15;0,69;0,21;39,63;39,63;1,88;1,36
8;StudentAttendanceSystem;state;655;17;27;6;32;100;0,28;0,33;0;0,1;40,63;40,63;0,83;0,7
8;StudentAttendanceSystem;transition;655;17;27;9;26;100;0,31;0,59;0;0,09;40,63;40,63;1,17;0,98
8;StudentAttendanceSystem;pair;655;17;27;24;116;100;0,27;0,14;0,56;0,15;41,63;41,63;1,63;1,12
8;StudentAttendanceSystem;state;656;24;44;9;48;100;0,32;0,49;0;0,09;42,63;42,63;1,05;0,91
8;StudentAttendanceSystem;transition;656;24;44;16;43;100;0,34;0,95;0;0,17;42,63;42,63;1,66;1,47
8;StudentAttendanceSystem;pair;656;24;44;39;211;100;0,39;0,22;1,52;0,3;44,63;44,63;3,12;2,43
8;StudentAttendanceSystem;state;657;22;38;8;42;100;0,34;0,36;0;0,08;44,63;44,63;0,93;0,78
8;StudentAttendanceSystem;transition;657;22;38;14;37;100;0,31;0,82;0;0,16;45,63;45,63;1,49;1,28
8;StudentAttendanceSystem;pair;657;22;38;32;168;100;0,32;0,21;1,06;0,25;46,63;46,63;2,46;1,84
8;StudentAttendanceSystem;state;658;29;58;14;77;100;0,43;0,51;0;0,14;47,63;47,63;1,25;1,08
8;StudentAttendanceSystem;transition;658;29;58;18;57;100;0,42;1,13;0;0,24;48,63;48,63;2,04;1,79
8;StudentAttendanceSystem;pair;658;29;58;49;292;100;0,52;0,35;2,18;0,52;49,63;50,63;4,58;3,57
8;StudentAttendanceSystem;state;659;20;37;8;39;100;0,34;0,4;0;0,08;50,63;50,63;0,98;0,81
8;StudentAttendanceSystem;transition;659;20;37;15;37;100;0,32;0,79;0;0,12;51,63;51,63;1,42;1,22
8;StudentAttendanceSystem;pair;659;20;37;32;161;100;0,37;0,19;1;0,27;52,63;52,63;2,45;1,82
8;StudentAttendanceSystem;state;660;22;37;8;43;100;0,35;0,4;0;0,09;52,63;52,63;0,98;0,84
8;StudentAttendanceSystem;transition;660;22;37;12;36;100;0,34;0,72;0;0,13;53,63;53,63;1,38;1,19
8;StudentAttendanceSystem;pair;660;22;37;33;176;100;0,32;0,22;1,13;0,3;54,63;54,63;2,58;1,97
8;StudentAttendanceSystem;state;661;24;46;9;49;100;0,43;0,47;0;0,1;55,63;55,63;1,17;1
8;StudentAttendanceSystem;transition;661;24;46;15;45;100;0,38;1,01;0;0,21;56,63;56,63;1,81;1,6
8;StudentAttendanceSystem;pair;661;24;46;45;247;100;0,4;0,28;1,67;0,4;57,63;57,63;3,53;2,75
8;StudentAttendanceSystem;state;662;25;53;11;58;100;0,48;0,49;0;0,1;58,63;58,63;1,21;1,06
8;StudentAttendanceSystem;transition;662;25;53;17;53;100;0,3;0,79;0;0,14;59,63;59,63;1,39;1,24
8;StudentAttendanceSystem;pair;662;25;53;50;288;100;0,29;0,26;1,76;0,46;60,63;61,63;3,48;2,77
8;StudentAttendanceSystem;state;663;20;38;8;43;100;0,39;0,43;0;0,09;61,63;61,63;1,06;0,9
8;StudentAttendanceSystem;transition;663;20;38;12;38;100;0,4;0,63;0;0,12;62,63;62,63;1,34;1,16
8;StudentAttendanceSystem;pair;663;20;38;34;200;100;0,3;0,2;1,16;0,29;63,63;63,63;2,61;1,95
8;StudentAttendanceSystem;state;664;25;49;11;57;100;0,43;0,48;0;0,15;63,63;64,63;1,23;1,06
8;StudentAttendanceSystem;transition;664;25;49;18;48;100;0,4;0,98;0;0,18;64,63;64,63;1,79;1,56
8;StudentAttendanceSystem;pair;664;25;49;44;238;100;0,42;0,26;1,36;0,37;66,63;66,63;3,17;2,41
8;StudentAttendanceSystem;state;665;25;52;12;65;100;0,5;0,53;0;0,12;67,63;67,63;1,32;1,16
8;StudentAttendanceSystem;transition;665;25;52;17;52;100;0,4;0,98;0;0,2;67,63;67,63;1,8;1,57
8;StudentAttendanceSystem;pair;665;25;52;45;267;100;0,42;0,31;1,78;0,45;69,63;69,63;3,85;2,96
8;StudentAttendanceSystem;state;666;26;48;10;56;100;0,46;0,54;0;0,11;70,63;70,63;1,3;1,11
8;StudentAttendanceSystem;transition;666;26;48;16;47;100;0,38;1,01;0;0,2;70,63;71,63;1,81;1,59
8;StudentAttendanceSystem;pair;666;26;48;38;216;100;0,38;0,31;1,38;0,33;72,63;72,63;3,15;2,39
8;StudentAttendanceSystem;state;667;17;29;7;37;100;0,28;0,29;0;0,06;72,63;72,63;0,77;0,64
8;StudentAttendanceSystem;transition;667;17;29;9;29;100;0,27;0,59;0;0,25;73,63;73,63;1,31;1,1
8;StudentAttendanceSystem;pair;667;17;29;27;143;100;0,49;0,16;0,63;0,17;74,63;74,63;2,01;1,45
8;StudentAttendanceSystem;state;668;18;33;7;36;100;0,28;0,41;0;0,08;74,63;74,63;0,91;0,77
8;StudentAttendanceSystem;transition;668;18;33;11;33;100;0,33;0,65;0;0,12;75,63;75,63;1,3;1,1
8;StudentAttendanceSystem;pair;668;18;33;29;159;100;0,32;0,19;0,88;0,26;76,63;76,63;2,22;1,65
8;StudentAttendanceSystem;state;669;23;42;10;54;100;0,42;0,41;0;0,08;77,63;77,63;1,04;0,91
8;StudentAttendanceSystem;transition;669;23;42;14;42;100;0,33;0,77;0;0,13;77,63;77,63;1,44;1,24
8;StudentAttendanceSystem;pair;669;23;42;40;206;100;0,36;0,22;1,12;0,3;78,63;79,63;2,86;2
8;StudentAttendanceSystem;state;670;19;37;8;39;100;0,33;0,36;0;0,07;79,63;79,63;0,9;0,76
8;StudentAttendanceSystem;transition;670;19;37;14;37;100;0,37;0,63;0;0,11;80,63;80,63;1,29;1,1
8;StudentAttendanceSystem;pair;670;19;37;34;180;100;0,28;0,15;0,89;0,28;81,63;81,63;2,23;1,61
8;StudentAttendanceSystem;state;671;19;31;7;37;100;0,36;0,39;0;0,07;82,63;82,63;1,05;0,82
8;StudentAttendanceSystem;transition;671;19;31;10;30;100;0,3;0,61;0;0,1;82,63;82,63;1,17;1,01
8;StudentAttendanceSystem;pair;671;19;31;24;130;100;0,31;0,14;0,67;0,2;83,63;83,63;1,87;1,32
8;StudentAttendanceSystem;state;672;23;44;9;50;100;0,39;0,45;0;0,1;84,63;84,63;1,07;0,94
8;StudentAttendanceSystem;transition;672;23;44;15;44;100;0,34;0,77;0;0,16;84,63;84,63;1,47;1,28
8;StudentAttendanceSystem;pair;672;23;44;38;212;100;0,45;0,19;1,05;0,29;86,63;86,63;2,61;1,97
8;StudentAttendanceSystem;state;673;25;49;10;56;100;0,38;0,45;0;0,16;86,63;86,63;1,17;0,99
8;StudentAttendanceSystem;transition;673;25;49;16;49;100;0,41;0,98;0;0,19;87,63;87,63;1,82;1,57
8;StudentAttendanceSystem;pair;673;25;49;42;244;100;0,4;0,31;1,69;0,4;88,63;89,63;3,63;2,8
8;StudentAttendanceSystem;state;674;23;40;10;56;100;0,38;0,44;0;0,09;89,63;89,63;1,06;0,92
8;StudentAttendanceSystem;transition;674;23;40;12;39;100;0,34;0,62;0;0,13;90,63;90,63;1,28;1,09
8;StudentAttendanceSystem;pair;674;23;40;35;190;100;0,33;0,24;1,15;0,31;91,63;91,63;2,66;2,03
8;StudentAttendanceSystem;state;675;14;22;5;23;100;0,27;0,35;0;0,04;92,63;92,63;0,79;0,66
8;StudentAttendanceSystem;transition;675;14;22;7;22;100;0,24;0,45;0;0,06;92,63;92,63;0,89;0,75
8;StudentAttendanceSystem;pair;675;14;22;20;92;100;0,23;0,11;0,51;0,15;93,63;93,63;1,43;1
8;StudentAttendanceSystem;state;676;25;46;10;51;100;0,42;0,51;0;0,12;93,63;94,63;1,18;1,05
8;StudentAttendanceSystem;transition;676;25;46;16;45;100;0,56;1,08;0;0,19;94,63;94,63;2,06;1,83
8;StudentAttendanceSystem;pair;676;25;46;40;225;100;0,43;0,3;1,52;0,33;95,63;96,63;3,34;2,58
8;StudentAttendanceSystem;state;677;24;45;9;46;100;0,39;0,52;0;0,09;96,63;96,63;1,2;1
8;StudentAttendanceSystem;transition;677;24;45;17;44;100;0,37;0,93;0;0,17;97,63;97,63;1,68;1,47
8;StudentAttendanceSystem;pair;677;24;45;37;202;100;0,34;0,29;1,39;0,31;98,63;99,63;3,08;2,32
8;StudentAttendanceSystem;state;678;22;39;9;49;100;0,34;0,39;0;0,09;99,63;99,63;0,97;0,82
8;StudentAttendanceSystem;transition;678;22;39;13;38;100;0,32;0,88;0;0,15;100,63;100,63;1,54;1,35
8;StudentAttendanceSystem;pair;678;22;39;32;176;100;0,33;0,18;0,98;0,23;101,63;101,63;2,32;1,72
8;StudentAttendanceSystem;state;679;28;56;13;74;100;0,48;0,54;0;0,13;102,63;102,63;1,34;1,16
8;StudentAttendanceSystem;transition;679;28;56;17;55;100;0,4;0,9;0;0,19;102,63;102,63;1,71;1,5
8;StudentAttendanceSystem;pair;679;28;56;51;303;100;0,39;0,26;1,95;0,43;104,63;104,63;3,97;3,02
8;StudentAttendanceSystem;state;680;24;46;10;54;100;0,48;0,42;0;0,09;105,63;105,63;1,12;0,98
8;StudentAttendanceSystem;transition;680;24;46;16;45;100;0,29;0,86;0;0,15;106,63;106,63;1,58;1,3
8;StudentAttendanceSystem;pair;680;24;46;42;228;100;0,3;0,2;1,21;0,3;107,63;107,63;2,7;2,02
8;StudentAttendanceSystem;state;681;19;30;7;37;100;0,25;0,29;0;0,05;108,63;108,63;0,69;0,59
8;StudentAttendanceSystem;transition;681;19;30;11;29;100;0,22;0,56;0;0,1;108,63;108,63;1,04;0,88
8;StudentAttendanceSystem;pair;681;19;30;22;106;100;0,27;0,1;0,49;0,13;109,63;109,63;1,45;0,99
8;StudentAttendanceSystem;state;682;23;45;9;48;100;0,34;0,45;0;0,1;110,63;110,63;1,03;0,89
8;StudentAttendanceSystem;transition;682;23;45;16;44;100;0,3;0,87;0;0,14;110,63;110,63;1,48;1,31
8;StudentAttendanceSystem;pair;682;23;45;43;241;100;0,34;0,23;1,43;0,33;112,63;112,63;3,06;2,34
8;StudentAttendanceSystem;state;683;29;58;12;68;100;0,44;0,57;0;0,13;113,63;113,63;1,37;1,14
8;StudentAttendanceSystem;transition;683;29;58;19;57;100;0,42;1,17;0;0,24;113,63;114,63;2,47;1,83
8;StudentAttendanceSystem;pair;683;29;58;48;285;100;0,42;0,39;2,07;0,48;115,63;115,63;4,41;3,37
8;StudentAttendanceSystem;state;684;16;29;7;32;100;0,29;0,29;0;0,05;116,63;116,63;0,81;0,63
8;StudentAttendanceSystem;transition;684;16;29;11;29;100;0,26;0,43;0;0,08;116,63;116,63;0,92;0,77
8;StudentAttendanceSystem;pair;684;16;29;23;116;100;0,31;0,14;0,67;0,15;117,63;117,63;1,7;1,27
8;StudentAttendanceSystem;state;685;25;46;11;62;100;0,38;0,43;0;0,1;118,63;118,63;1,07;0,92
8;StudentAttendanceSystem;transition;685;25;46;14;45;100;0,33;0,83;0;0,14;119,63;119,63;1,48;1,29
8;StudentAttendanceSystem;pair;685;25;46;41;233;100;0,33;0,22;1,45;0,34;120,63;120,63;3,01;2,34
8;StudentAttendanceSystem;state;686;25;46;10;53;100;0,38;0,48;0;0,08;121,63;121,63;1,09;0,93
8;StudentAttendanceSystem;transition;686;25;46;16;45;100;0,33;0,9;0;0,18;121,63;122,63;1,63;1,41
8;StudentAttendanceSystem;pair;686;25;46;45;247;100;0,37;0,23;1,47;0,34;123,63;123,63;3,26;2,41
8;StudentAttendanceSystem;state;687;20;33;7;36;100;0,37;0,43;0;0,07;123,63;124,63;1,04;0,88
8;StudentAttendanceSystem;transition;687;20;33;13;32;100;0,27;0,59;0;0,12;124,63;124,63;1,16;0,97
8;StudentAttendanceSystem;pair;687;20;33;28;132;100;0,28;0,15;0,66;0,18;125,63;125,63;1,82;1,27
8;StudentAttendanceSystem;state;688;16;28;6;31;100;0,29;1,47;0;0,07;126,63;126,63;2,03;1,83
8;StudentAttendanceSystem;transition;688;16;28;9;28;100;0,29;0,51;0;0,08;126,63;126,63;1,12;0,87
8;StudentAttendanceSystem;pair;688;16;28;27;139;100;0,26;0,16;0,66;0,18;127,63;127,63;1,75;1,26
8;StudentAttendanceSystem;state;689;27;54;12;67;100;0,4;0,49;0;0,12;128,63;128,63;1,16;1,01
8;StudentAttendanceSystem;transition;689;27;54;17;54;100;0,39;0,92;0;0,17;128,63;129,63;1,71;1,48
8;StudentAttendanceSystem;pair;689;27;54;45;265;100;0,4;0,26;1,65;0,38;130,63;130,63;3,5;2,69
8;StudentAttendanceSystem;state;690;28;57;13;69;100;0,45;0,55;0;0,15;131,63;131,63;1,32;1,15
8;StudentAttendanceSystem;transition;690;28;57;19;56;100;0,37;1,27;0;0,23;132,63;132,63;2,12;1,88
8;StudentAttendanceSystem;pair;690;28;57;47;276;100;0,39;0,27;1,76;0,48;133,63;134,63;3,68;2,91
8;StudentAttendanceSystem;state;691;23;46;9;48;100;0,39;0,45;0;0,1;134,63;134,63;1,1;0,94
8;StudentAttendanceSystem;transition;691;23;46;17;46;100;0,35;0,97;0;0,18;135,63;135,63;1,72;1,51
8;StudentAttendanceSystem;pair;691;23;46;45;249;100;0,36;0,29;1,57;0,41;136,63;137,63;3,41;2,63
8;StudentAttendanceSystem;state;692;22;41;8;42;100;0,35;0,37;0;0,08;137,63;137,63;0,97;0,8
8;StudentAttendanceSystem;transition;692;22;41;14;40;100;0,31;1,05;0;0,14;138,63;138,63;1,77;1,5
8;StudentAttendanceSystem;pair;692;22;41;42;226;100;0,38;0,22;1,42;0,33;139,63;139,63;3;2,34
8;StudentAttendanceSystem;state;693;23;42;10;53;100;0,36;0,43;0;0,09;140,63;140,63;1,04;0,89
8;StudentAttendanceSystem;transition;693;23;42;15;41;100;0,32;0,77;0;0,18;140,63;141,63;1,48;1,28
8;StudentAttendanceSystem;pair;693;23;42;35;188;100;0,33;0,26;1,22;0,3;142,63;142,63;2,79;2,12
8;StudentAttendanceSystem;state;694;18;31;7;36;100;0,3;0,32;0;0,07;142,63;142,63;0,85;0,69
8;StudentAttendanceSystem;transition;694;18;31;11;30;100;0,27;0,65;0;0,1;143,63;143,63;1,18;1,02
8;StudentAttendanceSystem;pair;694;18;31;25;131;100;0,27;0,12;0,57;0,17;144,63;144,63;1,55;1,13
8;StudentAttendanceSystem;state;695;15;23;5;24;100;0,25;0,27;0;0,05;144,63;144,63;0,7;0,56
8;StudentAttendanceSystem;transition;695;15;23;7;23;100;0,25;0,52;0;0,06;145,63;145,63;0,99;0,82
8;StudentAttendanceSystem;pair;695;15;23;21;97;100;0,23;0,09;0,47;0,14;145,63;146,63;1,37;0,93
8;StudentAttendanceSystem;state;696;26;50;11;62;100;0,38;0,48;0;0,12;146,63;146,63;1,14;0,99
8;StudentAttendanceSystem;transition;696;26;50;16;49;100;0,4;0,78;0;0,16;147,63;147,63;1,52;1,34
8;StudentAttendanceSystem;pair;696;26;50;44;258;100;0,36;0,21;1,53;0,38;148,63;149,63;3,2;2,48
8;StudentAttendanceSystem;state;697;22;40;9;49;100;0,31;0,39;0;0,09;149,63;149,63;0,94;0,79
8;StudentAttendanceSystem;transition;697;22;40;13;40;100;0,21;0,59;0;0,14;150,63;150,63;1,1;0,94
8;StudentAttendanceSystem;pair;697;22;40;36;192;100;0,28;0,22;1,1;0,26;151,63;151,63;2,5;1,86
8;StudentAttendanceSystem;state;698;18;30;7;35;100;0,27;0,3;0;0,08;151,63;152,63;0,81;0,65
8;StudentAttendanceSystem;transition;698;18;30;11;29;100;0,27;0,63;0;0,12;152,63;152,63;1,21;1,02
8;StudentAttendanceSystem;pair;698;18;30;26;125;100;0,26;0,11;0,65;0,19;153,63;153,63;1,64;1,21
8;StudentAttendanceSystem;state;699;20;36;8;43;100;0,28;0,32;0;0,08;153,63;154,63;0,8;0,68
8;StudentAttendanceSystem;transition;699;20;36;12;36;100;0,33;0,68;0;0,13;154,63;154,63;1,34;1,14
8;StudentAttendanceSystem;pair;699;20;36;28;160;100;0,35;0,18;0,71;0,23;155,63;155,63;2;1,47
8;StudentAttendanceSystem;state;700;27;55;12;67;100;0,44;0,5;0;0,12;156,63;156,63;1,22;1,06
8;StudentAttendanceSystem;transition;700;27;55;18;55;100;0,33;0,87;0;0,17;157,63;157,63;1,6;1,38
8;StudentAttendanceSystem;pair;700;27;55;48;276;100;0,34;0,33;1,84;0,38;158,63;159,63;3,64;2,9
8;StudentAttendanceSystem;state;701;26;53;11;61;100;0,32;0,32;0;0,1;159,63;159,63;0,85;0,74
8;StudentAttendanceSystem;transition;701;26;53;17;52;100;0,38;0,9;0;0,25;160,63;160,63;1,78;1,53
8;StudentAttendanceSystem;pair;701;26;53;46;270;100;0,39;0,3;1,8;0,37;161,63;162,63;3,76;2,86
8;StudentAttendanceSystem;state;702;15;24;5;24;100;0,27;0,26;0;0,04;162,63;162,63;0,68;0,56
8;StudentAttendanceSystem;transition;702;15;24;8;24;100;0,22;0,49;0;0,06;163,63;163,63;0,93;0,78
8;StudentAttendanceSystem;pair;702;15;24;25;112;100;0,2;0,11;0,47;0,17;163,63;164,63;1,44;0,95
8;StudentAttendanceSystem;state;703;27;54;12;63;100;0,37;0,52;0;0,11;164,63;164,63;1,14;1
8;StudentAttendanceSystem;transition;703;27;54;19;53;100;0,37;0,97;0;0,2;165,63;165,63;1,91;1,55
8;StudentAttendanceSystem;pair;703;27;54;48;274;100;0,38;0,29;2,1;0,47;166,63;167,63;4,11;3,24
8;StudentAttendanceSystem;state;704;24;46;10;55;100;0,45;0,47;0;0,09;167,63;167,63;1,16;1,01
8;StudentAttendanceSystem;transition;704;24;46;16;46;100;0,43;0,93;0;0,18;168,63;168,63;1,8;1,53
8;StudentAttendanceSystem;pair;704;24;46;41;221;100;0,36;0,26;1,38;0,3;169,63;170,63;3,01;2,3
8;StudentAttendanceSystem;state;705;27;52;11;59;100;0,42;0,53;0;0,12;170,63;170,63;1,24;1,08
8;StudentAttendanceSystem;transition;705;27;52;19;51;100;0,37;1,09;0;0,2;171,63;171,63;1,89;1,66
8;StudentAttendanceSystem;pair;705;27;52;43;241;100;0,33;0,22;1,38;0,42;172,63;173,63;3,12;2,34
8;StudentAttendanceSystem;state;706;27;53;12;68;100;0,45;0,58;0;0,13;173,63;173,63;1,34;1,16
8;StudentAttendanceSystem;transition;706;27;53;16;52;100;1,09;1,2;0;0,19;174,63;174,63;2,74;2,48
8;StudentAttendanceSystem;pair;706;27;53;44;266;100;0,34;0,25;1,22;0,52;176,63;176,63;3,02;2,33
8;StudentAttendanceSystem;state;707;25;48;11;58;100;0,35;0,48;0;0,1;176,63;177,63;1,12;0,94
8;StudentAttendanceSystem;transition;707;25;48;17;48;100;0,35;0,81;0;0,17;177,63;177,63;1,52;1,32
8;StudentAttendanceSystem;pair;707;25;48;39;215;100;0,45;0,25;1,03;0,29;178,63;179,63;2,68;2,01
8;StudentAttendanceSystem;state;708;21;35;8;40;100;0,28;0,36;0;0,06;179,63;179,63;0,84;0,7
8;StudentAttendanceSystem;transition;708;21;35;13;34;100;0,29;0,67;0;0,12;180,63;180,63;1,28;1,09
8;StudentAttendanceSystem;pair;708;21;35;29;142;100;0,29;0,13;0,72;0,2;181,63;181,63;1,86;1,34
8;StudentAttendanceSystem;state;709;21;38;9;48;100;0,3;0,42;0;0,09;181,63;181,63;0,97;0,81
8;StudentAttendanceSystem;transition;709;21;38;13;38;100;0,31;0,73;0;0,14;182,63;182,63;1,36;1,18
8;StudentAttendanceSystem;pair;709;21;38;32;165;100;0,31;0,21;1;0,25;183,63;183,63;2,38;1,76
8;StudentAttendanceSystem;state;710;22;40;9;49;100;0,34;0,5;0;0,07;184,63;184,63;1,03;0,9
8;StudentAttendanceSystem;transition;710;22;40;13;40;100;0,26;0,72;0;3,25;184,63;185,63;4,5;4,23
8;StudentAttendanceSystem;pair;710;22;40;36;192;100;0,79;0,21;1,03;0,28;5,63;6,63;3,14;2,32
8;StudentAttendanceSystem;state;711;18;33;7;36;100;0,32;0,39;0;0,06;6,63;6,63;0,93;0,78
8;StudentAttendanceSystem;transition;711;18;33;11;33;100;0,29;0,99;0;0,1;7,63;7,63;1,57;1,38
8;StudentAttendanceSystem;pair;711;18;33;29;159;100;0,28;0,17;0,82;0,23;8,63;8,63;2,02;1,49
8;StudentAttendanceSystem;state;712;26;51;10;54;100;0,45;0,46;0;0,13;8,63;9,63;1,19;1,03
8;StudentAttendanceSystem;transition;712;26;51;18;50;100;0,36;0,82;0;0,17;9,63;9,63;1,53;1,35
8;StudentAttendanceSystem;pair;712;26;51;52;292;100;0,38;0,31;1,93;0,42;11,63;11,63;3,75;3,04
8;StudentAttendanceSystem;state;713;24;43;9;50;100;0,37;0,47;0;0,13;12,63;12,63;1,14;0,97
8;StudentAttendanceSystem;transition;713;24;43;15;42;100;0,34;0,82;0;0,19;12,63;13,63;1,58;1,35
8;StudentAttendanceSystem;pair;713;24;43;34;186;100;0,33;0,2;1,02;0,28;14,63;14,63;2,57;1,83
8;StudentAttendanceSystem;state;714;25;47;10;51;100;0,48;0,48;0;0,1;14,63;14,63;1,26;1,07
8;StudentAttendanceSystem;transition;714;25;47;17;46;100;0,34;0,95;0;0,2;15,63;15,63;1,87;1,49
8;StudentAttendanceSystem;pair;714;25;47;44;243;100;0,37;0,2;1,49;0,37;16,63;17,63;3,25;2,44
8;StudentAttendanceSystem;state;715;27;56;12;64;100;0,45;0,56;0;0,13;17,63;17,63;1,34;1,13
8;StudentAttendanceSystem;transition;715;27;56;21;56;100;0,39;1,07;0;0,21;18,63;18,63;1,92;1,67
8;StudentAttendanceSystem;pair;715;27;56;53;293;100;0,42;0,27;1,79;0,47;20,63;20,63;3,91;2,95
8;StudentAttendanceSystem;state;716;24;50;11;60;100;0,36;0,5;0;0,1;21,63;21,63;1,14;0,96
8;StudentAttendanceSystem;transition;716;24;50;16;50;100;0,35;0,85;0;0,18;21,63;22,63;1,64;1,39
8;StudentAttendanceSystem;pair;716;24;50;45;259;100;0,42;0,26;1,62;0,35;23,63;23,63;3,32;2,65
8;StudentAttendanceSystem;state;717;18;33;8;41;100;0,28;0,39;0;0,07;24,63;24,63;0,87;0,74
8;StudentAttendanceSystem;transition;717;18;33;11;33;100;0,25;0,55;0;0,1;24,63;24,63;1,04;0,9
8;StudentAttendanceSystem;pair;717;18;33;29;148;100;0,25;0,16;0,72;0,2;25,63;25,63;1,81;1,33
8;StudentAttendanceSystem;state;718;25;51;12;65;100;0,43;0,45;0;0,1;26,63;26,63;1,1;0,98
8;StudentAttendanceSystem;transition;718;25;51;16;51;100;0,32;0,75;0;0,15;27,63;27,63;1,39;1,22
8;StudentAttendanceSystem;pair;718;25;51;43;255;100;0,61;0,22;1,31;0,33;28,63;28,63;3,16;2,47
8;StudentAttendanceSystem;state;719;19;33;8;38;100;0,26;0,32;0;0,06;29,63;29,63;0,75;0,64
8;StudentAttendanceSystem;transition;719;19;33;13;33;100;0,27;0,56;0;0,17;29,63;29,63;1,15;1
8;StudentAttendanceSystem;pair;719;19;33;31;146;100;0,19;0,16;0,65;0,18;30,63;31,63;1,59;1,18
8;StudentAttendanceSystem;state;720;26;51;11;62;100;0,34;0,41;0;0,12;31,63;31,63;1;0,87
8;StudentAttendanceSystem;transition;720;26;51;17;50;100;0,35;0,87;0;0,18;32,63;32,63;1,57;1,4
8;StudentAttendanceSystem;pair;720;26;51;47;273;100;0,37;0,23;1,42;0,41;33,63;34,63;3,12;2,43
8;StudentAttendanceSystem;state;721;21;40;8;42;100;0,29;0,33;0;0,07;34,63;34,63;0,8;0,69
8;StudentAttendanceSystem;transition;721;21;40;15;40;100;0,26;0,68;0;0,12;35,63;35,63;1,21;1,06
8;StudentAttendanceSystem;pair;721;21;40;38;202;100;0,28;0,16;1;0,25;36,63;36,63;2,26;1,69
8;StudentAttendanceSystem;state;722;31;63;14;78;100;0,39;0,5;0;0,14;37,63;37,63;1,17;1,03
8;StudentAttendanceSystem;transition;722;31;63;21;62;100;0,36;1,11;0;0,28;38,63;38,63;1,99;1,76
8;StudentAttendanceSystem;pair;722;31;63;61;347;100;0,42;0,4;2,61;0,53;40,63;40,63;4,86;3,95
8;StudentAttendanceSystem;state;723;21;40;9;48;100;0,34;0,36;0;0,09;41,63;41,63;0,94;0,79
8;StudentAttendanceSystem;transition;723;21;40;13;40;100;0,32;0,74;0;0,12;41,63;41,63;1,37;1,18
8;StudentAttendanceSystem;pair;723;21;40;35;193;100;0,3;0,2;1,1;0,28;42,63;43,63;2,47;1,89
8;StudentAttendanceSystem;state;724;27;54;12;68;100;0,41;0,47;0;0,12;43,63;43,63;1,15;1
8;StudentAttendanceSystem;transition;724;27;54;17;53;100;0,36;0,93;0;0,19;44,63;44,63;1,68;1,48
8;StudentAttendanceSystem;pair;724;27;54;47;281;100;0,35;0,27;1,86;0,45;45,63;46,63;3,69;2,92
8;StudentAttendanceSystem;state;725;22;40;9;50;100;0,37;0,41;0;0,13;46,63;46,63;1,04;0,9
8;StudentAttendanceSystem;transition;725;22;40;13;39;100;0,35;0,76;0;0,14;47,63;47,63;1,43;1,25
8;StudentAttendanceSystem;pair;725;22;40;38;214;100;0,32;0,19;1,11;0,33;48,63;48,63;2,66;1,95
8;StudentAttendanceSystem;state;726;23;40;9;45;100;0,33;0,38;0;0,08;49,63;49,63;0,94;0,79
8;StudentAttendanceSystem;transition;726;23;40;15;39;100;0,31;0,77;0;0,14;50,63;50,63;1,43;1,21
8;StudentAttendanceSystem;pair;726;23;40;30;159;100;0,34;0,17;0,79;0,2;51,63;51,63;2,08;1,5
8;StudentAttendanceSystem;state;727;28;57;13;69;100;0,38;0,53;0;0,14;51,63;52,63;1,19;1,05
8;StudentAttendanceSystem;transition;727;28;57;19;56;100;0,36;1,13;0;0,22;52,63;52,63;1,94;1,71
8;StudentAttendanceSystem;pair;727;28;57;47;277;100;0,42;0,35;2,05;0,44;54,63;54,63;4,11;3,27
8;StudentAttendanceSystem;state;728;23;48;10;55;100;0,39;0,45;0;0,1;55,63;55,63;1,09;0,93
8;StudentAttendanceSystem;transition;728;23;48;15;48;100;0,33;0,86;0;0,15;55,63;56,63;1,51;1,33
8;StudentAttendanceSystem;pair;728;23;48;42;246;100;0,31;0,26;1,4;0,44;57,63;57,63;3,07;2,4
8;StudentAttendanceSystem;state;729;24;45;10;54;100;0,32;0,45;0;0,09;58,63;58,63;1,01;0,87
8;StudentAttendanceSystem;transition;729;24;45;15;44;100;0,32;0,83;0;0,15;58,63;58,63;1,5;1,31
8;StudentAttendanceSystem;pair;729;24;45;39;217;100;0,35;0,2;1,12;0,36;60,63;60,63;2,75;2,02
8;StudentAttendanceSystem;state;730;20;31;7;37;100;0,28;0,34;0;0,07;60,63;60,63;0,83;0,69
8;StudentAttendanceSystem;transition;730;20;31;10;30;100;0,31;0,61;0;0,1;61,63;61,63;1,23;1,02
8;StudentAttendanceSystem;pair;730;20;31;25;125;100;0,27;0,12;0,57;0,16;62,63;62,63;1,56;1,12
8;StudentAttendanceSystem;state;731;29;58;12;67;100;0,41;0,48;0;0,19;62,63;63,63;1,21;1,07
8;StudentAttendanceSystem;transition;731;29;58;21;57;100;0,35;0,98;0;0,24;63,63;64,63;1,78;1,57
8;StudentAttendanceSystem;pair;731;29;58;55;307;100;0,38;0,33;2,17;0,57;65,63;65,63;4,35;3,44
8;StudentAttendanceSystem;state;732;23;43;9;45;100;0,34;0,35;0;0,06;66,63;66,63;0,87;0,76
8;StudentAttendanceSystem;transition;732;23;43;15;42;100;0,35;0,66;0;0,15;67,63;67,63;1,37;1,17
8;StudentAttendanceSystem;pair;732;23;43;40;219;100;0,31;0,2;1,21;0,32;68,63;68,63;2,59;2,05
8;StudentAttendanceSystem;state;733;20;35;8;39;100;0,3;0,35;0;0,06;69,63;69,63;0,82;0,7
8;StudentAttendanceSystem;transition;733;20;35;13;35;100;0,27;0,58;0;0,1;69,63;69,63;1,07;0,95
8;StudentAttendanceSystem;pair;733;20;35;26;135;100;0,27;0,15;0,63;0,18;70,63;70,63;1,79;1,24
8;StudentAttendanceSystem;state;734;24;44;11;59;100;0,33;0,42;0;0,09;71,63;71,63;0,95;0,84
8;StudentAttendanceSystem;transition;734;24;44;15;43;100;0,31;0,74;0;0,14;71,63;72,63;1,34;1,18
8;StudentAttendanceSystem;pair;734;24;44;38;205;100;0,33;0,22;1;0,27;73,63;73,63;2,4;1,82
8;StudentAttendanceSystem;state;735;22;37;8;42;100;0,3;0,36;0;0,06;73,63;73,63;0,88;0,72
8;StudentAttendanceSystem;transition;735;22;37;13;36;100;0,28;0,64;0;0,14;74,63;74,63;1,22;1,05
8;StudentAttendanceSystem;pair;735;22;37;29;153;100;0,29;0,16;0,69;0,2;75,63;75,63;1,85;1,34
8;StudentAttendanceSystem;state;736;20;35;7;36;100;0,29;0,33;0;0,05;76,63;76,63;0,77;0,67
8;StudentAttendanceSystem;transition;736;20;35;12;34;100;0,26;0,64;0;0,11;76,63;76,63;1,14;1,01
8;StudentAttendanceSystem;pair;736;20;35;35;179;100;0,28;0,16;0,82;0,25;77,63;78,63;1,99;1,5
8;StudentAttendanceSystem;state;737;22;37;8;43;100;0,3;0,35;0;0,06;78,63;78,63;0,82;0,71
8;StudentAttendanceSystem;transition;737;22;37;12;36;100;0,3;0,63;0;0,11;79,63;79,63;1,17;1,04
8;StudentAttendanceSystem;pair;737;22;37;32;172;100;0,28;0,16;0,79;0,23;80,63;80,63;1,97;1,46
8;StudentAttendanceSystem;state;738;25;49;11;58;100;0,33;0,5;0;0,09;81,63;81,63;1,05;0,93
8;StudentAttendanceSystem;transition;738;25;49;18;49;100;0,32;0,79;0;0,16;81,63;81,63;1,42;1,26
8;StudentAttendanceSystem;pair;738;25;49;43;231;100;0,34;0,24;1,25;0,36;83,63;83,63;2,86;2,2
8;StudentAttendanceSystem;state;739;20;39;9;47;100;0,34;0,39;0;0,07;83,63;83,63;0,92;0,8
8;StudentAttendanceSystem;transition;739;20;39;13;39;100;0,29;0,6;0;0,11;84,63;84,63;1,16;1
8;StudentAttendanceSystem;pair;739;20;39;35;191;100;0,34;0,17;0,86;0,29;85,63;85,63;2,23;1,66
8;StudentAttendanceSystem;state;740;17;28;6;31;100;0,26;0,32;0;0,04;86,63;86,63;0,73;0,62
8;StudentAttendanceSystem;transition;740;17;28;10;28;100;0,22;0,49;0;0,12;86,63;86,63;0,96;0,83
8;StudentAttendanceSystem;pair;740;17;28;27;127;100;0,28;0,13;0,61;0,16;87,63;87,63;1,65;1,17
8;StudentAttendanceSystem;state;741;22;40;9;48;100;0,3;0,38;0;0,09;88,63;88,63;0,91;0,77
8;StudentAttendanceSystem;transition;741;22;40;14;39;100;0,3;0,71;0;0,15;88,63;89,63;1,33;1,16
8;StudentAttendanceSystem;pair;741;22;40;36;185;100;0,31;0,17;0,89;0,25;90,63;90,63;2,17;1,62
8;StudentAttendanceSystem;state;742;20;38;9;46;100;0,33;0,43;0;0,07;90,63;90,63;0,96;0,83
8;StudentAttendanceSystem;transition;742;20;38;13;38;100;0,3;0,64;0;0,12;91,63;91,63;1,23;1,06
8;StudentAttendanceSystem;pair;742;20;38;36;199;100;0,32;0,18;0,92;0,34;92,63;92,63;2,34;1,75
8;StudentAttendanceSystem;state;743;24;47;10;53;100;0,33;0,44;0;0,08;93,63;93,63;1;0,86
8;StudentAttendanceSystem;transition;743;24;47;17;47;100;0,33;0,8;0;0,17;93,63;94,63;1,52;1,29
8;StudentAttendanceSystem;pair;743;24;47;39;217;100;0,32;0,27;1,09;0,33;95,63;95,63;2,67;2,01
8;StudentAttendanceSystem;state;744;31;63;14;76;100;0,37;0,55;0;0,14;96,63;96,63;1,22;1,07
8;StudentAttendanceSystem;transition;744;31;63;22;62;100;0,51;1,29;0;0,24;97,63;97,63;2,24;2,03
8;StudentAttendanceSystem;pair;744;31;63;53;309;100;0,44;0,33;2,28;0,53;98,63;99,63;4,52;3,58
8;StudentAttendanceSystem;state;745;20;38;8;41;100;0,31;0,39;0;0,1;99,63;99,63;0,96;0,8
8;StudentAttendanceSystem;transition;745;20;38;14;38;100;0,29;0,68;0;0,13;100,63;100,63;1,26;1,1
8;StudentAttendanceSystem;pair;745;20;38;35;189;100;0,31;0,2;0,98;0,3;101,63;101,63;2,39;1,8
8;StudentAttendanceSystem;state;746;19;32;7;36;100;0,3;0,34;0;0,07;102,63;102,63;0,85;0,71
8;StudentAttendanceSystem;transition;746;19;32;11;32;100;0,26;0,67;0;0,1;102,63;102,63;1,21;1,03
8;StudentAttendanceSystem;pair;746;19;32;24;126;100;0,27;0,15;0,83;0,26;103,63;103,63;2,08;1,49
8;StudentAttendanceSystem;state;747;23;41;9;47;100;0,32;0,39;0;0,07;104,63;104,63;0,92;0,79
8;StudentAttendanceSystem;transition;747;23;41;15;40;100;0,3;0,79;0;0,14;104,63;105,63;1,43;1,23
8;StudentAttendanceSystem;pair;747;23;41;40;206;100;0,39;0,21;1,26;0,31;106,63;106,63;2,85;2,17
8;StudentAttendanceSystem;state;748;28;56;13;71;100;0,43;0,53;0;0,14;106,63;107,63;1,24;1,09
8;StudentAttendanceSystem;transition;748;28;56;18;55;100;0,36;1,02;0;0,21;107,63;107,63;1,81;1,59
8;StudentAttendanceSystem;pair;748;28;56;46;276;100;0,43;0,38;2,01;0,42;109,63;109,63;4,09;3,24
8;StudentAttendanceSystem;state;749;30;60;13;73;100;0,46;0,63;0;0,15;110,63;110,63;1,39;1,23
8;StudentAttendanceSystem;transition;749;30;60;20;59;100;0,42;1,15;0;0,25;111,63;111,63;2,07;1,82
8;StudentAttendanceSystem;pair;749;30;60;52;300;100;0,42;0,38;2,1;0,45;112,63;113,63;4,21;3,36
8;StudentAttendanceSystem;state;750;29;58;12;68;100;0,57;0,57;0;0,14;113,63;113,63;1,43;1,28
8;StudentAttendanceSystem;transition;750;29;58;19;57;100;0,44;1,18;0;0,21;114,63;114,63;2,05;1,83
8;StudentAttendanceSystem;pair;750;29;58;49;287;100;0,5;0,43;2,18;0,54;116,63;116,63;4,6;3,65
8;StudentAttendanceSystem;state;751;19;32;7;37;100;0,34;0,36;0;0,07;117,63;117,63;0,92;0,77
8;StudentAttendanceSystem;transition;751;19;32;11;31;100;0,28;0,64;0;0,12;117,63;117,63;1,22;1,04
8;StudentAttendanceSystem;pair;751;19;32;25;133;100;0,26;0,19;0,65;0,19;118,63;118,63;1,83;1,29
8;StudentAttendanceSystem;state;752;20;36;8;43;100;0,3;0,38;0;0,08;119,63;119,63;0,9;0,76
8;StudentAttendanceSystem;transition;752;20;36;12;36;100;0,3;0,72;0;0,14;119,63;119,63;1,35;1,16
8;StudentAttendanceSystem;pair;752;20;36;29;163;100;0,32;0,17;0,92;0,25;120,63;121,63;2,23;1,66
8;StudentAttendanceSystem;state;753;25;52;12;65;100;0,34;0,46;0;0,12;121,63;121,63;1,07;0,92
8;StudentAttendanceSystem;transition;753;25;52;17;52;100;0,43;0,93;0;0,18;122,63;122,63;1,76;1,54
8;StudentAttendanceSystem;pair;753;25;52;46;270;100;0,36;0,31;1,75;0,41;123,63;124,63;3,58;2,83
8;StudentAttendanceSystem;state;754;23;48;10;52;100;0,37;0,42;0;0,09;124,63;124,63;1,02;0,88
8;StudentAttendanceSystem;transition;754;23;48;17;48;100;0,34;0,96;0;0,16;125,63;125,63;1,65;1,46
8;StudentAttendanceSystem;pair;754;23;48;44;248;100;0,35;0,3;1,46;0,45;126,63;127,63;3,32;2,55
8;StudentAttendanceSystem;state;755;21;39;8;43;100;0,34;0,38;0;0,1;127,63;127,63;0,96;0,81
8;StudentAttendanceSystem;transition;755;21;39;13;38;100;0,31;0,68;0;0,15;128,63;128,63;1,34;1,13
8;StudentAttendanceSystem;pair;755;21;39;39;213;100;0,29;0,19;1,06;0,29;129,63;129,63;2,42;1,83
8;StudentAttendanceSystem;state;756;30;61;13;71;100;0,41;0,6;0;0,14;130,63;130,63;1,31;1,14
8;StudentAttendanceSystem;transition;756;30;61;21;60;100;0,43;1,12;0;0,21;131,63;131,63;2,01;1,76
8;StudentAttendanceSystem;pair;756;30;61;50;296;100;0,41;0,28;1,84;0,46;132,63;133,63;3,8;3
8;StudentAttendanceSystem;state;757;19;33;7;37;100;0,29;0,32;0;0,07;133,63;133,63;0,82;0,68
8;StudentAttendanceSystem;transition;757;19;33;11;33;100;0,27;0,56;0;0,1;134,63;134,63;1,1;0,93
8;StudentAttendanceSystem;pair;757;19;33;31;163;100;0,3;0,17;0,8;0,23;135,63;135,63;2,04;1,5
8;StudentAttendanceSystem;state;758;22;45;9;49;100;0,35;0,42;0;0,09;135,63;135,63;0,99;0,86
8;StudentAttendanceSystem;transition;758;22;45;15;45;100;0,41;0,7;0;0,15;136,63;136,63;1,46;1,26
8;StudentAttendanceSystem;pair;758;22;45;42;238;100;0,34;0,25;1,24;0,36;137,63;138,63;2,87;2,2
8;StudentAttendanceSystem;state;759;23;47;10;54;100;0,49;0,49;0;0,09;138,63;138,63;1,22;1,07
8;StudentAttendanceSystem;transition;759;23;47;16;47;100;0,35;0,75;0;0,17;139,63;139,63;1,49;1,27
8;StudentAttendanceSystem;pair;759;23;47;45;251;100;0,5;0,25;1,32;0,39;140,63;141,63;3,14;2,46
8;StudentAttendanceSystem;state;760;15;26;6;29;100;0,3;0,38;0;0,07;141,63;141,63;0,88;0,75
8;StudentAttendanceSystem;transition;760;15;26;9;26;100;0,22;0,44;0;0,08;141,63;142,63;0,88;0,74
8;StudentAttendanceSystem;pair;760;15;26;22;110;100;0,26;0,13;0,51;0,15;142,63;142,63;1,45;1,04
8;StudentAttendanceSystem;state;761;28;56;12;66;100;0,38;0,54;0;0,12;143,63;143,63;1,16;1,03
8;StudentAttendanceSystem;transition;761;28;56;17;55;100;0,36;1,02;0;0,23;144,63;144,63;1,82;1,61
8;StudentAttendanceSystem;pair;761;28;56;52;304;100;0,34;0,34;2,3;0,54;145,63;146,63;4,38;3,52
8;StudentAttendanceSystem;state;762;25;45;10;55;100;0,41;0,57;0;0,11;146,63;146,63;1,26;1,09
8;StudentAttendanceSystem;transition;762;25;45;16;44;100;0,39;0,91;0;0,16;147,63;147,63;1,69;1,46
8;StudentAttendanceSystem;pair;762;25;45;37;197;100;0,34;0,24;1,28;0,3;148,63;149,63;2,9;2,16
8;StudentAttendanceSystem;state;763;24;44;10;56;100;0,35;0,38;0;0,08;149,63;149,63;0,93;0,82
8;StudentAttendanceSystem;transition;763;24;44;14;43;100;0,35;0,86;0;0,17;150,63;150,63;1,57;1,39
8;StudentAttendanceSystem;pair;763;24;44;37;211;100;0,34;0,23;1,29;0,33;151,63;151,63;2,9;2,19
8;StudentAttendanceSystem;state;764;27;54;11;60;100;0,43;0,52;0;0,12;152,63;152,63;1,23;1,07
8;StudentAttendanceSystem;transition;764;27;54;18;53;100;0,41;1,06;0;0,21;153,63;153,63;1,89;1,68
8;StudentAttendanceSystem;pair;764;27;54;55;307;100;0,45;0,36;2,16;0,51;154,63;155,63;4,36;3,49
8;StudentAttendanceSystem;state;765;20;37;8;41;100;0,33;0,39;0;0,08;155,63;155,63;0,93;0,79
8;StudentAttendanceSystem;transition;765;20;37;13;36;100;0,3;0,69;0;0,14;156,63;156,63;1,3;1,13
8;StudentAttendanceSystem;pair;765;20;37;33;181;100;0,29;0,18;1,08;0,25;157,63;157,63;2,4;1,8
8;StudentAttendanceSystem;state;766;24;45;10;54;100;0,33;0,41;0;0,1;158,63;158,63;1;0,84
8;StudentAttendanceSystem;transition;766;24;45;15;44;100;0,31;0,75;0;0,15;158,63;158,63;1,39;1,2
8;StudentAttendanceSystem;pair;766;24;45;39;217;100;0,31;0,22;1,05;0,3;159,63;160,63;2,55;1,88
8;StudentAttendanceSystem;state;767;23;45;9;48;100;0,36;0,45;0;0,09;160,63;160,63;1,03;0,91
8;StudentAttendanceSystem;transition;767;23;45;15;45;100;0,36;0,69;0;0,15;161,63;161,63;1,37;1,2
8;StudentAttendanceSystem;pair;767;23;45;45;257;100;0,31;0,24;1,25;0,39;162,63;163,63;2,89;2,18
8;StudentAttendanceSystem;state;768;30;60;13;73;100;0,42;0,53;0;0,13;163,63;163,63;1,21;1,07
8;StudentAttendanceSystem;transition;768;30;60;19;59;100;0,38;0,99;0;0,2;164,63;164,63;1,77;1,57
8;StudentAttendanceSystem;pair;768;30;60;55;319;100;0,45;0,31;1,75;0,55;166,63;166,63;3,87;3,06
8;StudentAttendanceSystem;state;769;20;38;8;39;100;0,31;0,32;0;0,07;167,63;167,63;0,86;0,7
8;StudentAttendanceSystem;transition;769;20;38;13;38;100;0,29;0,55;0;0,12;167,63;167,63;1,14;0,96
8;StudentAttendanceSystem;pair;769;20;38;36;197;100;0,32;0,2;0,95;0,25;168,63;169,63;2,33;1,72
8;StudentAttendanceSystem;state;770;27;55;12;67;100;0,44;0,47;0;0,11;169,63;169,63;1,16;1,01
8;StudentAttendanceSystem;transition;770;27;55;18;55;100;0,33;0,95;0;0,18;170,63;170,63;1,66;1,46
8;StudentAttendanceSystem;pair;770;27;55;48;280;100;0,37;0,27;1,54;0,35;172,63;172,63;3,37;2,54
8;StudentAttendanceSystem;state;771;17;27;6;31;100;0,23;0,24;0;0,04;172,63;172,63;0,6;0,5
8;StudentAttendanceSystem;transition;771;17;27;9;27;100;0,2;0,4;0;0,06;173,63;173,63;0,78;0,67
8;StudentAttendanceSystem;pair;771;17;27;24;112;100;0,19;0,11;0,5;0,13;174,63;174,63;1,27;0,92
8;StudentAttendanceSystem;state;772;26;47;11;60;100;0,33;0,36;0;0,08;174,63;174,63;0,88;0,77
8;StudentAttendanceSystem;transition;772;26;47;16;46;100;0,28;0,71;0;0,13;175,63;175,63;1,25;1,12
8;StudentAttendanceSystem;pair;772;26;47;44;234;100;0,27;0,2;1,27;0,31;176,63;177,63;2,72;2,05
8;StudentAttendanceSystem;state;773;25;50;10;56;100;0,37;0,42;0;0,1;177,63;177,63;1,07;0,88
8;StudentAttendanceSystem;transition;773;25;50;17;50;100;0,32;0,79;0;0,18;178,63;178,63;1,5;1,29
8;StudentAttendanceSystem;pair;773;25;50;45;255;100;0,36;0,24;1,2;0,35;179,63;180,63;2,86;2,15
8;StudentAttendanceSystem;state;774;28;56;13;71;100;0,44;0,48;0;0,13;180,63;180,63;1,21;1,04
8;StudentAttendanceSystem;transition;774;28;56;19;55;100;0,4;0,86;0;0,18;181,63;181,63;1,64;1,44
8;StudentAttendanceSystem;pair;774;28;56;53;305;100;0,36;0,3;1,7;0,43;183,63;183,63;3,46;2,79
8;StudentAttendanceSystem;state;775;25;48;9;49;100;0,32;0,39;0;0,09;184,63;184,63;0,92;0,8
8;StudentAttendanceSystem;transition;775;25;48;17;47;100;0,38;8,94;0;0,17;185,69;5,69;9,72;9,49
8;StudentAttendanceSystem;pair;775;25;48;43;245;100;0,4;0,21;1,16;0,34;6,69;6,69;2,87;2,11
8;StudentAttendanceSystem;state;776;22;40;9;49;100;0,31;0,38;0;0,08;7,69;7,69;0,89;0,77
8;StudentAttendanceSystem;transition;776;22;40;13;39;100;0,3;0,73;0;0,13;7,69;7,69;1,34;1,16
8;StudentAttendanceSystem;pair;776;22;40;38;214;100;0,32;0,34;0,98;0,29;8,69;9,69;2,57;1,94
8;StudentAttendanceSystem;state;777;27;53;12;68;100;0,4;0,43;0;0,11;9,69;9,69;1,09;0,94
8;StudentAttendanceSystem;transition;777;27;53;16;52;100;0,42;0,82;0;0,19;10,69;10,69;1,6;1,42
8;StudentAttendanceSystem;pair;777;27;53;44;266;100;0,37;0,23;1,44;0,38;12,69;12,69;3,21;2,42
8;StudentAttendanceSystem;state;778;24;49;11;62;100;0,33;0,47;0;0,1;13,69;13,69;1,02;0,89
8;StudentAttendanceSystem;transition;778;24;49;15;49;100;0,33;0,72;0;0,15;13,69;13,69;1,35;1,19
8;StudentAttendanceSystem;pair;778;24;49;42;254;100;0,41;0,23;1,3;0,36;15,69;15,69;2,98;2,29
8;StudentAttendanceSystem;state;779;25;46;10;55;100;0,33;0,42;0;0,11;15,69;16,69;1,03;0,86
8;StudentAttendanceSystem;transition;779;25;46;17;45;100;0,31;0,82;0;0,17;16,69;16,69;1,49;1,3
8;StudentAttendanceSystem;pair;779;25;46;40;208;100;0,34;0,18;1,22;0,29;17,69;18,69;2,7;2,03
8;StudentAttendanceSystem;state;780;25;46;10;55;100;0,39;0,43;0;0,09;18,69;18,69;1,04;0,91
8;StudentAttendanceSystem;transition;780;25;46;17;45;100;0,34;0,77;0;0,16;19,69;19,69;1,47;1,27
8;StudentAttendanceSystem;pair;780;25;46;41;213;100;0,37;0,21;1,01;0,3;20,69;21,69;2,52;1,9
8;StudentAttendanceSystem;state;781;23;41;9;47;100;0,3;0,37;0;0,07;21,69;21,69;0,86;0,74
8;StudentAttendanceSystem;transition;781;23;41;15;40;100;0,28;0,79;0;0,13;22,69;22,69;1,35;1,19
8;StudentAttendanceSystem;pair;781;23;41;41;211;100;0,27;0,17;1,06;0,29;23,69;23,69;2,32;1,78
8;StudentAttendanceSystem;state;782;30;61;13;73;100;0,38;0,45;0;0,13;24,69;24,69;1,13;0,97
8;StudentAttendanceSystem;transition;782;30;61;21;60;100;0,36;0,98;0;0,2;25,69;25,69;1,73;1,54
8;StudentAttendanceSystem;pair;782;30;61;55;315;100;0,4;0,32;1,91;0,42;26,69;27,69;3,81;3,05
8;StudentAttendanceSystem;state;783;26;52;11;60;100;0,38;0,43;0;0,13;27,69;27,69;1,07;0,93
8;StudentAttendanceSystem;transition;783;26;52;18;51;100;0,33;0,79;0;0,16;28,69;28,69;1,45;1,28
8;StudentAttendanceSystem;pair;783;26;52;49;275;100;0,32;0,25;1,5;0,36;30,69;30,69;3,08;2,43
8;StudentAttendanceSystem;state;784;25;47;11;59;100;0,31;0,39;0;0,1;31,69;31,69;0,91;0,79
8;StudentAttendanceSystem;transition;784;25;47;16;46;100;0,39;0,76;0;0,16;31,69;32,69;1,51;1,31
8;StudentAttendanceSystem;pair;784;25;47;39;221;100;0,35;0,22;1,13;0,33;33,69;33,69;2,69;2,03
8;StudentAttendanceSystem;state;785;26;53;11;58;100;0,35;0,45;0;0,09;34,69;34,69;1,03;0,89
8;StudentAttendanceSystem;transition;785;26;53;19;52;100;0,33;0,87;0;0,18;34,69;34,69;1,56;1,38
8;StudentAttendanceSystem;pair;785;26;53;48;272;100;0,37;0,28;1,67;0,4;36,69;36,69;3,39;2,71
8;StudentAttendanceSystem;state;786;25;51;12;68;100;0,35;0,46;0;0,1;37,69;37,69;1,02;0,91
8;StudentAttendanceSystem;transition;786;25;51;15;51;100;0,33;0,78;0;0,19;38,69;38,69;1,46;1,3
8;StudentAttendanceSystem;pair;786;25;51;47;279;100;0,34;0,26;1,42;0,4;39,69;39,69;3,09;2,41
8;StudentAttendanceSystem;state;787;24;50;11;60;100;0,38;0,43;0;0,1;40,69;40,69;1,05;0,91
8;StudentAttendanceSystem;transition;787;24;50;16;50;100;0,32;0,77;0;0,16;41,69;41,69;1,4;1,25
8;StudentAttendanceSystem;pair;787;24;50;45;259;100;0,33;0,25;1,49;0,37;42,69;42,69;3,1;2,43
8;StudentAttendanceSystem;state;788;17;31;7;34;100;0,28;0,3;0;0,06;43,69;43,69;0,75;0,64
8;StudentAttendanceSystem;transition;788;17;31;11;31;100;0,24;0,49;0;0,09;43,69;43,69;0,94;0,81
8;StudentAttendanceSystem;pair;788;17;31;31;154;100;0,29;0,14;0,66;0,2;44,69;44,69;1,76;1,28
8;StudentAttendanceSystem;state;789;19;31;7;37;100;0,27;0,32;0;0,07;45,69;45,69;0,79;0,66
8;StudentAttendanceSystem;transition;789;19;31;10;30;100;0,26;0,51;0;0,11;45,69;46,69;1,04;0,89
8;StudentAttendanceSystem;pair;789;19;31;24;130;100;0,33;0,14;0,58;0,17;46,69;47,69;1,69;1,23
8;StudentAttendanceSystem;state;790;24;44;9;48;100;0,34;0,39;0;0,09;47,69;47,69;0,96;0,82
8;StudentAttendanceSystem;transition;790;24;44;16;43;100;0,31;0,81;0;0,15;48,69;48,69;1,45;1,27
8;StudentAttendanceSystem;pair;790;24;44;38;210;100;0,35;0,17;0,82;0,23;49,69;49,69;2,1;1,58
8;StudentAttendanceSystem;state;791;26;52;11;62;100;0,36;0,51;0;0,12;50,69;50,69;1,17;0,99
8;StudentAttendanceSystem;transition;791;26;52;16;52;100;0,37;0,76;0;0,15;51,69;51,69;1,48;1,29
8;StudentAttendanceSystem;pair;791;26;52;41;247;100;0,36;0,25;1,34;0,35;52,69;52,69;2,99;2,29
8;StudentAttendanceSystem;state;792;26;50;10;56;100;0,4;0,42;0;0,11;53,69;53,69;1,08;0,93
8;StudentAttendanceSystem;transition;792;26;50;18;49;100;0,36;0,86;0;0,19;54,69;54,69;1,65;1,4
8;StudentAttendanceSystem;pair;792;26;50;45;247;100;0,37;0,24;1,34;0,35;55,69;55,69;2,97;2,3
8;StudentAttendanceSystem;state;793;24;44;9;48;100;0,43;0,42;0;0,1;56,69;56,69;1,11;0,95
8;StudentAttendanceSystem;transition;793;24;44;16;43;100;0,33;0,82;0;0,15;57,69;57,69;1,49;1,3
8;StudentAttendanceSystem;pair;793;24;44;39;215;100;0,29;0,19;1,29;0,3;58,69;58,69;2,71;2,08
8;StudentAttendanceSystem;state;794;16;25;6;30;100;0,26;0,27;0;0,05;58,69;59,69;0,7;0,58
8;StudentAttendanceSystem;transition;794;16;25;9;24;100;0,24;0,46;0;0,09;59,69;59,69;0,95;0,79
8;StudentAttendanceSystem;pair;794;16;25;18;84;100;0,35;0,12;0,46;0,11;60,69;60,69;1,48;1,03
8;StudentAttendanceSystem;state;795;19;31;7;37;100;0,26;0,31;0;0,05;60,69;60,69;0,73;0,63
8;StudentAttendanceSystem;transition;795;19;31;10;30;100;0,27;0,57;0;0,09;61,69;61,69;1,08;0,93
8;StudentAttendanceSystem;pair;795;19;31;24;130;100;0,27;0,14;0,59;0,17;62,69;62,69;1,69;1,17
8;StudentAttendanceSystem;state;796;19;30;7;37;100;0,25;0,3;0;0,05;62,69;62,69;0,7;0,6
8;StudentAttendanceSystem;transition;796;19;30;11;29;100;0,23;0,57;0;0,1;63,69;63,69;1,06;0,9
8;StudentAttendanceSystem;pair;796;19;30;21;102;100;0,26;0,19;0,58;0,12;64,69;64,69;1,66;1,15
8;StudentAttendanceSystem;state;797;17;29;6;30;100;0,24;0,33;0;0,05;64,69;64,69;0,74;0,62
8;StudentAttendanceSystem;transition;797;17;29;9;29;100;0,25;0,52;0;0,08;65,69;65,69;1,01;0,85
8;StudentAttendanceSystem;pair;797;17;29;27;141;100;0,25;0,15;0,61;0,17;65,69;66,69;1,7;1,19
8;StudentAttendanceSystem;state;798;20;36;9;47;100;0,26;0,32;0;0,07;66,69;66,69;0,77;0,65
8;StudentAttendanceSystem;transition;798;20;36;12;36;100;0,26;0,66;0;0,12;67,69;67,69;1,21;1,04
8;StudentAttendanceSystem;pair;798;20;36;28;149;100;0,32;0,18;0,83;0,25;68,69;68,69;2,12;1,58
8;StudentAttendanceSystem;state;799;30;61;13;73;100;0,43;0,55;0;0,16;69,69;69,69;1,28;1,14
8;StudentAttendanceSystem;transition;799;30;61;21;60;100;0,45;1,2;0;0,24;69,69;70,69;2,13;1,89
8;StudentAttendanceSystem;pair;799;30;61;55;315;100;0,37;0,31;1,97;0,47;71,69;72,69;3,93;3,12
8;StudentAttendanceSystem;state;800;30;60;13;73;100;0,37;0,51;0;0,12;72,69;72,69;1,13;1
8;StudentAttendanceSystem;transition;800;30;60;20;59;100;0,41;1,02;0;0,2;73,69;73,69;1,83;1,63
8;StudentAttendanceSystem;pair;800;30;60;52;304;100;0,38;0,34;1,6;0,33;75,69;75,69;3,36;2,65
8;StudentAttendanceSystem;state;801;20;32;7;37;100;0,27;0,33;0;0,06;76,69;76,69;0,79;0,65
8;StudentAttendanceSystem;transition;801;20;32;11;31;100;0,28;0,58;0;0,12;76,69;76,69;1,21;0,99
8;StudentAttendanceSystem;pair;801;20;32;26;131;100;0,29;0,13;0,56;0,19;77,69;77,69;1,69;1,17
8;StudentAttendanceSystem;state;802;27;54;12;66;100;0,36;0,52;0;0,13;78,69;78,69;1,17;1,02
8;StudentAttendanceSystem;transition;802;27;54;18;54;100;0,37;0,88;0;0,2;79,69;79,69;1,65;1,45
8;StudentAttendanceSystem;pair;802;27;54;54;300;100;0,37;0,28;1,97;0,46;80,69;81,69;3,95;3,08
8;StudentAttendanceSystem;state;803;24;49;11;60;100;0,36;0,46;0;0,13;81,69;81,69;1,12;0,95
8;StudentAttendanceSystem;transition;803;24;49;15;49;100;0,34;0,98;0;0,16;82,69;82,69;1,68;1,47
8;StudentAttendanceSystem;pair;803;24;49;42;248;100;0,33;0,29;1,28;0,43;83,69;84,69;3,05;2,34
8;StudentAttendanceSystem;state;804;21;38;9;47;100;0,36;0,38;0;0,09;84,69;84,69;0,98;0,83
8;StudentAttendanceSystem;transition;804;21;38;13;37;100;0,32;0,67;0;0,13;85,69;85,69;1,3;1,12
8;StudentAttendanceSystem;pair;804;21;38;32;168;100;0,3;0,24;1;0,22;86,69;86,69;2,35;1,76
8;StudentAttendanceSystem;state;805;24;46;9;46;100;0,37;0,43;0;0,1;86,69;86,69;1,05;0,9
8;StudentAttendanceSystem;transition;805;24;46;18;45;100;0,32;0,93;0;0,18;87,69;87,69;1,62;1,43
8;StudentAttendanceSystem;pair;805;24;46;41;223;100;0,31;0,18;1,19;0,3;88,69;89,69;2,66;1,98
8;StudentAttendanceSystem;state;806;16;28;6;31;100;0,27;0,29;0;0,06;89,69;89,69;0,76;0,61
8;StudentAttendanceSystem;transition;806;16;28;9;28;100;0,23;0,47;0;0,07;90,69;90,69;0,93;0,77
8;StudentAttendanceSystem;pair;806;16;28;27;139;100;0,25;0,12;0,52;0,16;90,69;91,69;1,51;1,05
8;StudentAttendanceSystem;state;807;20;36;9;49;100;0,27;0,4;0;0,07;91,69;91,69;0,88;0,74
8;StudentAttendanceSystem;transition;807;20;36;11;36;100;0,25;0,63;0;0,1;92,69;92,69;1,12;0,98
8;StudentAttendanceSystem;pair;807;20;36;34;181;100;0,26;0,18;0,83;0,23;93,69;93,69;2,01;1,49
8;StudentAttendanceSystem;state;808;28;58;12;64;100;0,26;0,33;0;0,07;94,69;94,69;0,75;0,66
8;StudentAttendanceSystem;transition;808;28;58;19;57;100;0,35;0,93;0;0,22;94,69;95,69;1,72;1,51
8;StudentAttendanceSystem;pair;808;28;58;53;306;100;0,43;0,33;1,8;0,47;96,69;97,69;3,8;3,03
8;StudentAttendanceSystem;state;809;20;33;8;38;100;0,32;0,42;0;0,08;97,69;97,69;1;0,82
8;StudentAttendanceSystem;transition;809;20;33;13;32;100;0,33;0,7;0;0,11;98,69;98,69;1,32;1,14
8;StudentAttendanceSystem;pair;809;20;33;23;110;100;0,28;0,13;0,59;0,2;98,69;99,69;1,8;1,19
8;StudentAttendanceSystem;state;810;25;51;12;65;100;0,42;0,49;0;0,12;99,69;99,69;1,17;1,03
8;StudentAttendanceSystem;transition;810;25;51;16;51;100;0,38;0,83;0;0,21;100,69;100,69;1,82;1,42
8;StudentAttendanceSystem;pair;810;25;51;42;252;100;0,41;0,31;1,7;0,48;101,69;102,69;3,67;2,9
8;StudentAttendanceSystem;state;811;23;42;10;53;100;0,42;0,47;0;0,11;102,69;102,69;1,17;1
8;StudentAttendanceSystem;transition;811;23;42;14;41;100;0,39;0,8;0;0,17;103,69;103,69;1,57;1,36
8;StudentAttendanceSystem;pair;811;23;42;36;203;100;0,35;0,21;1,04;0,27;104,69;104,69;2,54;1,86
8;StudentAttendanceSystem;state;812;20;35;8;40;100;0,28;0,34;0;0,06;105,69;105,69;0,82;0,69
8;StudentAttendanceSystem;transition;812;20;35;13;34;100;0,26;0,64;0;0,11;105,69;105,69;1,18;1,01
8;StudentAttendanceSystem;pair;812;20;35;29;154;100;0,3;0,14;0,7;0,19;106,69;106,69;1,83;1,33
8;StudentAttendanceSystem;state;813;22;40;9;50;100;0,29;0,38;0;0,09;107,69;107,69;0,9;0,76
8;StudentAttendanceSystem;transition;813;22;40;13;40;100;0,3;0,65;0;0,11;108,69;108,69;1,35;1,06
8;StudentAttendanceSystem;pair;813;22;40;37;193;100;0,32;0,19;0,94;0,28;109,69;109,69;2,33;1,73
8;StudentAttendanceSystem;state;814;18;33;7;36;100;0,29;0,34;0;0,07;109,69;109,69;0,85;0,7
8;StudentAttendanceSystem;transition;814;18;33;11;33;100;0,32;0,59;0;0,11;110,69;110,69;1,22;1,02
8;StudentAttendanceSystem;pair;814;18;33;28;156;100;0,29;0,19;0,77;0,22;111,69;111,69;2;1,45
8;StudentAttendanceSystem;state;815;21;42;9;46;100;0,34;0,39;0;0,09;112,69;112,69;0,95;0,81
8;StudentAttendanceSystem;transition;815;21;42;15;42;100;0,3;0,68;0;0,12;112,69;112,69;1,26;1,1
8;StudentAttendanceSystem;pair;815;21;42;37;201;100;0,33;0,2;1,5;0,26;113,69;114,69;3,05;2,3
8;StudentAttendanceSystem;state;816;25;48;10;51;100;0,38;0,4;0;0,11;114,69;114,69;1,03;0,89
8;StudentAttendanceSystem;transition;816;25;48;19;47;100;0,43;0,88;0;0,17;115,69;115,69;1,7;1,47
8;StudentAttendanceSystem;pair;816;25;48;43;231;100;0,35;0,2;1,29;0,34;116,69;117,69;2,89;2,18
8;StudentAttendanceSystem;state;817;23;47;10;54;100;0,38;0,44;0;0,11;117,69;117,69;1,1;0,93
8;StudentAttendanceSystem;transition;817;23;47;16;47;100;0,32;0,74;0;0,15;118,69;118,69;1,38;1,21
8;StudentAttendanceSystem;pair;817;23;47;45;251;100;0,37;0,25;1,15;0,41;119,69;120,69;2,84;2,19
8;StudentAttendanceSystem;state;818;18;29;7;35;100;0,35;0,32;0;0,05;120,69;120,69;0,87;0,72
8;StudentAttendanceSystem;transition;818;18;29;10;29;100;0,26;0,51;0;0,08;121,69;121,69;0,99;0,85
8;StudentAttendanceSystem;pair;818;18;29;28;133;100;0,24;0,12;0,58;0,21;121,69;122,69;1,64;1,14
8;StudentAttendanceSystem;state;819;19;33;7;37;100;0,34;0,36;0;0,07;122,69;122,69;0,91;0,76
8;StudentAttendanceSystem;transition;819;19;33;12;32;100;0,28;0,58;0;0,13;123,69;123,69;1,17;1
8;StudentAttendanceSystem;pair;819;19;33;28;144;100;0,27;0,13;0,66;0,21;123,69;124,69;1,8;1,27
8;StudentAttendanceSystem;state;820;20;32;7;37;100;0,27;0,35;0;0,07;124,69;124,69;0,81;0,69
8;StudentAttendanceSystem;transition;820;20;32;11;31;100;0,28;0,53;0;0,09;125,69;125,69;1,04;0,9
8;StudentAttendanceSystem;pair;820;20;32;28;136;100;0,25;0,17;0,73;0,2;126,69;126,69;1,88;1,34
8;StudentAttendanceSystem;state;821;23;44;9;48;100;0,31;0,36;0;0,07;126,69;126,69;0,86;0,75
8;StudentAttendanceSystem;transition;821;23;44;15;43;100;0,33;0,7;0;0,16;127,69;127,69;1,37;1,19
8;StudentAttendanceSystem;pair;821;23;44;39;225;100;0,3;0,21;1,24;0,3;128,69;129,69;2,68;2,06
8;StudentAttendanceSystem;state;822;19;34;8;43;100;0,29;0,38;0;0,08;129,69;129,69;0,89;0,75
8;StudentAttendanceSystem;transition;822;19;34;10;34;100;0,28;0,63;0;0,09;130,69;130,69;1,16;1
8;StudentAttendanceSystem;pair;822;19;34;32;179;100;0,26;0,14;0,81;0,23;131,69;131,69;1,98;1,44
8;StudentAttendanceSystem;state;823;27;53;12;68;100;0,39;0,5;0;0,14;131,69;131,69;1,18;1,04
8;StudentAttendanceSystem;transition;823;27;53;17;52;100;0,41;0,95;0;0,17;132,69;132,69;1,72;1,53
8;StudentAttendanceSystem;pair;823;27;53;51;295;100;0,36;0,28;1,8;0,45;134,69;134,69;3,68;2,89
8;StudentAttendanceSystem;state;824;17;26;6;31;100;0,3;0,3;0;0,06;135,69;135,69;0,83;0,66
8;StudentAttendanceSystem;transition;824;17;26;9;25;100;0,27;0,5;0;0,08;135,69;135,69;0,98;0,85
8;StudentAttendanceSystem;pair;824;17;26;18;89;100;0,26;0,11;0,4;0,12;136,69;136,69;1,33;0,88
8;StudentAttendanceSystem;state;825;18;32;7;37;100;0,25;0,28;0;0,05;136,69;136,69;0,68;0,58
8;StudentAttendanceSystem;transition;825;18;32;10;32;100;0,27;0,5;0;0,12;137,69;137,69;1,1;0,9
8;StudentAttendanceSystem;pair;825;18;32;27;153;100;0,28;0,15;0,81;0,21;138,69;138,69;1,95;1,45
8;StudentAttendanceSystem;state;826;27;53;11;60;100;0,37;0,45;0;0,12;139,69;139,69;1,09;0,94
8;StudentAttendanceSystem;transition;826;27;53;17;52;100;0,36;0,97;0;0,19;139,69;139,69;1,74;1,52
8;StudentAttendanceSystem;pair;826;27;53;52;296;100;0,48;0,28;1,74;0,42;141,69;141,69;3,79;2,92
8;StudentAttendanceSystem;state;827;24;46;9;48;100;0,37;0,42;0;0,1;142,69;142,69;1,03;0,88
8;StudentAttendanceSystem;transition;827;24;46;15;45;100;0,36;0,88;0;0,16;143,69;143,69;1,64;1,4
8;StudentAttendanceSystem;pair;827;24;46;46;262;100;0,31;0,19;1,34;0,4;144,69;144,69;2,91;2,25
8;StudentAttendanceSystem;state;828;22;44;8;43;100;0,36;0,4;0;0,07;145,69;145,69;0,96;0,83
8;StudentAttendanceSystem;transition;828;22;44;16;44;100;0,32;0,7;0;0,2;145,69;146,69;1,42;1,22
8;StudentAttendanceSystem;pair;828;22;44;42;236;100;0,31;0,29;1,5;0,37;147,69;147,69;3,12;2,47
8;StudentAttendanceSystem;state;829;22;42;10;53;100;0,32;0,41;0;0,1;148,69;148,69;1;0,83
8;StudentAttendanceSystem;transition;829;22;42;14;42;100;0,37;0,72;0;0,13;148,69;148,69;1,41;1,23
8;StudentAttendanceSystem;pair;829;22;42;35;197;100;0,32;0,21;1,11;0,35;149,69;150,69;2,62;1,98
8;StudentAttendanceSystem;state;830;28;57;12;66;100;0,4;0,51;0;0,12;150,69;150,69;1,19;1,03
8;StudentAttendanceSystem;transition;830;28;57;18;56;100;0,37;1,06;0;0,25;151,69;151,69;2,1;1,69
8;StudentAttendanceSystem;pair;830;28;57;55;315;100;0,39;0,34;2,25;0,45;153,69;153,69;4,38;3,43
8;StudentAttendanceSystem;state;831;23;45;10;56;100;0,38;0,47;0;0,1;154,69;154,69;1,12;0,96
8;StudentAttendanceSystem;transition;831;23;45;14;45;100;0,35;0,79;0;0,13;154,69;154,69;1,47;1,27
8;StudentAttendanceSystem;pair;831;23;45;40;234;100;0,39;0,22;1,37;0,37;156,69;156,69;3,04;2,34
8;StudentAttendanceSystem;state;832;20;39;8;43;100;0,36;0,47;0;0,08;156,69;156,69;1,06;0,91
8;StudentAttendanceSystem;transition;832;20;39;13;39;100;0,36;0,75;0;0,12;157,69;157,69;1,41;1,23
8;StudentAttendanceSystem;pair;832;20;39;37;215;100;0,32;0,24;1,3;0,28;158,69;158,69;2,78;2,14
8;StudentAttendanceSystem;state;833;24;46;9;48;100;0,38;0,44;0;0,09;159,69;159,69;1,06;0,92
8;StudentAttendanceSystem;transition;833;24;46;15;45;100;0,37;0,98;0;0,18;160,69;160,69;1,75;1,53
8;StudentAttendanceSystem;pair;833;24;46;46;262;100;0,37;0,27;1,67;0,41;161,69;161,69;3,47;2,71
8;StudentAttendanceSystem;state;834;22;40;9;48;100;0,36;0,4;0;0,08;162,69;162,69;0,99;0,84
8;StudentAttendanceSystem;transition;834;22;40;14;39;100;0,32;0,76;0;0,14;163,69;163,69;1,4;1,22
8;StudentAttendanceSystem;pair;834;22;40;34;178;100;0,29;0,22;1,09;0,25;164,69;164,69;2,4;1,86
8;StudentAttendanceSystem;state;835;27;55;12;67;100;0,35;0,43;0;0,1;164,69;164,69;1;0,89
8;StudentAttendanceSystem;transition;835;27;55;17;55;100;0,36;0,98;0;0,19;165,69;165,69;1,75;1,54
8;StudentAttendanceSystem;pair;835;27;55;51;295;100;0,39;0,33;2,01;0,46;167,69;167,69;4;3,19
8;StudentAttendanceSystem;state;836;20;37;8;41;100;0,32;0,41;0;0,07;168,69;168,69;0,94;0,8
8;StudentAttendanceSystem;transition;836;20;37;13;36;100;0,24;0,56;0;0,13;168,69;168,69;1,1;0,94
8;StudentAttendanceSystem;pair;836;20;37;32;176;100;0,37;0,15;0,89;0,28;169,69;170,69;2,32;1,7
8;StudentAttendanceSystem;state;837;30;60;13;73;100;0,45;0,56;0;0,17;170,69;170,69;1,35;1,18
8;StudentAttendanceSystem;transition;837;30;60;20;59;100;0,44;0,98;0;0,21;171,69;171,69;1,98;1,63
8;StudentAttendanceSystem;pair;837;30;60;51;299;100;0,34;0,27;1,97;0,46;173,69;173,69;3,8;3,05
8;StudentAttendanceSystem;state;838;24;48;10;51;100;0,43;0,52;0;0,15;174,69;174,69;1,26;1,1
8;StudentAttendanceSystem;transition;838;24;48;18;48;100;0,33;0,75;0;0,19;174,69;175,69;1,5;1,27
8;StudentAttendanceSystem;pair;838;24;48;44;244;100;0,35;0,21;1,36;0,36;176,69;176,69;3,01;2,29
8;StudentAttendanceSystem;state;839;27;53;12;68;100;0,37;0,47;0;0,1;177,69;177,69;1,09;0,95
8;StudentAttendanceSystem;transition;839;27;53;16;52;100;0,33;0,62;0;0,2;177,69;178,69;1,3;1,15
8;StudentAttendanceSystem;pair;839;27;53;44;266;100;0,44;0,3;1,62;0,39;179,69;179,69;3,52;2,74
8;StudentAttendanceSystem;state;840;18;34;7;36;100;0,36;0,36;0;0,05;180,69;180,69;0,91;0,78
8;StudentAttendanceSystem;transition;840;18;34;12;34;100;0,27;0,54;0;0,1;180,69;180,69;1,05;0,9
8;StudentAttendanceSystem;pair;840;18;34;32;170;100;0,3;0,15;0,84;0,27;181,69;182,69;2,16;1,57
8;StudentAttendanceSystem;state;841;31;62;14;78;100;0,49;0,57;0;0,14;182,69;182,69;1,35;1,2
8;StudentAttendanceSystem;transition;841;31;62;20;61;100;0,46;1,15;0;0,21;183,69;183,69;2,06;1,82
8;StudentAttendanceSystem;pair;841;31;62;58;332;100;0,37;0,32;6,08;0,49;185,88;5,88;8,14;7,27
8;StudentAttendanceSystem;state;842;22;39;9;49;100;0,41;0,48;0;0,08;6,88;6,88;1,15;0,97
8;StudentAttendanceSystem;transition;842;22;39;13;38;100;0,37;0,9;0;0,18;6,88;6,88;1,66;1,45
8;StudentAttendanceSystem;pair;842;22;39;34;183;100;0,38;0,21;0,84;0,23;7,88;8,88;2,33;1,66
8;StudentAttendanceSystem;state;843;27;55;12;67;100;0,35;0,57;0;0,13;8,88;8,88;1,2;1,05
8;StudentAttendanceSystem;transition;843;27;55;18;55;100;0,37;0,94;0;0,2;9,88;9,88;1,69;1,51
8;StudentAttendanceSystem;pair;843;27;55;48;280;100;0,37;0,34;1,89;0,37;11,88;11,88;3,74;2,97
8;StudentAttendanceSystem;state;844;21;39;8;43;100;0,34;0,37;0;0,1;11,88;12,88;0,94;0,8
8;StudentAttendanceSystem;transition;844;21;39;13;39;100;0,26;0,74;0;0,13;12,88;12,88;1,3;1,13
8;StudentAttendanceSystem;pair;844;21;39;38;210;100;0,28;0,19;1,15;0,32;13,88;14,88;2,57;1,94
8;StudentAttendanceSystem;state;845;25;46;10;53;100;0,39;0,47;0;0,1;14,88;14,88;1,1;0,96
8;StudentAttendanceSystem;transition;845;25;46;16;45;100;0,34;0,91;0;0,18;15,88;15,88;1,64;1,43
8;StudentAttendanceSystem;pair;845;25;46;45;243;100;0,36;0,22;1,4;0,35;16,88;16,88;3;2,33
8;StudentAttendanceSystem;state;846;24;47;10;53;100;0,35;0,36;0;0,08;17,88;17,88;0,91;0,8
8;StudentAttendanceSystem;transition;846;24;47;16;47;100;0,3;0,71;0;0,13;18,88;18,88;1,29;1,14
8;StudentAttendanceSystem;pair;846;24;47;48;266;100;0,28;0,21;1,36;0,31;19,88;19,88;2,71;2,16
8;StudentAttendanceSystem;state;847;29;57;12;68;100;0,34;0,42;0;0,11;20,88;20,88;0,97;0,87
8;StudentAttendanceSystem;transition;847;29;57;18;56;100;0,31;0,89;0;0,18;21,88;21,88;1,54;1,38
8;StudentAttendanceSystem;pair;847;29;57;45;270;100;0,44;0,41;1,95;0,52;22,88;23,88;4,28;3,33
8;StudentAttendanceSystem;state;848;15;23;6;31;100;0,35;0,3;0;0,05;23,88;23,88;0,85;0,7
8;StudentAttendanceSystem;transition;848;15;23;7;23;100;0,21;0,42;0;0,06;24,88;24,88;0,84;0,69
8;StudentAttendanceSystem;pair;848;15;23;20;96;100;0,19;0,1;0,45;0,1;24,88;24,88;1,19;0,84
8;StudentAttendanceSystem;state;849;29;59;12;68;100;0,34;0,51;0;0,21;25,88;25,88;1,25;1,06
8;StudentAttendanceSystem;transition;849;29;59;20;58;100;0,48;1,06;0;0,19;26,88;26,88;1,92;1,73
8;StudentAttendanceSystem;pair;849;29;59;52;302;100;0,32;0,29;1,85;0,38;27,88;28,88;3,53;2,84
8;StudentAttendanceSystem;state;850;22;39;9;48;100;0,3;0,38;0;0,1;28,88;28,88;0,95;0,78
8;StudentAttendanceSystem;transition;850;22;39;13;38;100;0,4;0,71;0;0,16;29,88;29,88;1,48;1,27
8;StudentAttendanceSystem;pair;850;22;39;31;167;100;0,28;0,19;0,95;0,26;30,88;30,88;2,3;1,67
8;StudentAttendanceSystem;state;851;24;47;10;55;100;0,38;0,47;0;0,11;31,88;31,88;1,12;0,95
8;StudentAttendanceSystem;transition;851;24;47;17;47;100;0,36;0,96;0;0,19;32,88;32,88;1,71;1,5
8;StudentAttendanceSystem;pair;851;24;47;44;236;100;0,38;0,25;1,62;0,35;33,88;33,88;3,45;2,59
8;StudentAttendanceSystem;state;852;23;39;9;47;100;0,38;0,59;0;0,07;34,88;34,88;1,2;1,04
8;StudentAttendanceSystem;transition;852;23;39;13;38;100;0,24;0,59;0;0,1;34,88;34,88;1,06;0,93
8;StudentAttendanceSystem;pair;852;23;39;34;180;100;0,25;0,16;0,83;0,21;35,88;36,88;1,91;1,45
8;StudentAttendanceSystem;state;853;23;43;10;51;100;0,25;0,33;0;0,07;36,88;36,88;0,75;0,65
8;StudentAttendanceSystem;transition;853;23;43;16;42;100;0,23;0,63;0;0,12;37,88;37,88;1,11;0,98
8;StudentAttendanceSystem;pair;853;23;43;37;191;100;0,24;0,18;1;0,28;38,88;38,88;2,26;1,71
8;StudentAttendanceSystem;state;854;19;32;8;38;100;0,29;0,3;0;0,06;39,88;39,88;0,8;0,66
8;StudentAttendanceSystem;transition;854;19;32;12;32;100;0,24;0,64;0;0,11;39,88;39,88;1,2;0,99
8;StudentAttendanceSystem;pair;854;19;32;27;128;100;0,28;0,17;0,79;0,18;40,88;40,88;1,93;1,42
8;StudentAttendanceSystem;state;855;22;45;9;49;100;0,34;0,41;0;0,1;41,88;41,88;0,97;0,84
8;StudentAttendanceSystem;transition;855;22;45;15;45;100;0,33;0,82;0;0,23;42,88;42,88;1,57;1,39
8;StudentAttendanceSystem;pair;855;22;45;42;238;100;0,35;0,27;1,53;0,34;43,88;43,88;3,18;2,49
8;StudentAttendanceSystem;state;856;27;54;12;67;100;0,46;0,57;0;0,12;44,88;44,88;1,32;1,15
8;StudentAttendanceSystem;transition;856;27;54;17;54;100;0,36;0,99;0;0,19;44,88;45,88;1,76;1,53
8;StudentAttendanceSystem;pair;856;27;54;44;260;100;0,37;0,33;1,85;0,37;46,88;46,88;3,73;2,92
8;StudentAttendanceSystem;state;857;20;39;9;47;100;0,36;0,43;0;0,08;47,88;47,88;1,06;0,87
8;StudentAttendanceSystem;transition;857;20;39;13;39;100;0,33;0,75;0;0,13;47,88;48,88;1,43;1,22
8;StudentAttendanceSystem;pair;857;20;39;34;188;100;0,33;0,22;1,05;0,3;48,88;49,88;2,57;1,89
8;StudentAttendanceSystem;state;858;25;48;9;49;100;0,39;0,49;0;0,1;49,88;49,88;1,15;0,99
8;StudentAttendanceSystem;transition;858;25;48;17;47;100;0,4;0,95;0;0,18;50,88;50,88;1,88;1,53
8;StudentAttendanceSystem;pair;858;25;48;43;245;100;0,35;0,24;1,59;0,48;51,88;52,88;3,5;2,66
8;StudentAttendanceSystem;state;859;26;49;10;56;100;0,4;0,51;0;0,11;52,88;52,88;1,18;1,03
8;StudentAttendanceSystem;transition;859;26;49;17;48;100;0,37;0,99;0;0,2;53,88;53,88;1,84;1,56
8;StudentAttendanceSystem;pair;859;26;49;42;232;100;0,36;0,21;1,04;0,3;54,88;55,88;2,58;1,91
8;StudentAttendanceSystem;state;860;27;53;11;59;100;0,34;0,46;0;0,12;55,88;55,88;1,09;0,92
8;StudentAttendanceSystem;transition;860;27;53;19;52;100;0,42;1,06;0;0,21;56,88;56,88;1,96;1,69
8;StudentAttendanceSystem;pair;860;27;53;55;305;100;0,35;0,29;2,04;0,44;58,88;58,88;3,97;3,12
8;StudentAttendanceSystem;state;861;23;42;10;54;100;0,33;0,43;0;0,09;59,88;59,88;1;0,85
8;StudentAttendanceSystem;transition;861;23;42;14;42;100;0,33;0,64;0;0,12;59,88;59,88;1,26;1,09
8;StudentAttendanceSystem;pair;861;23;42;39;205;100;0,31;0,17;0,88;0,25;60,88;61,88;2,17;1,6
8;StudentAttendanceSystem;state;862;27;55;12;66;100;0,35;0,42;0;0,1;61,88;61,88;0,99;0,88
8;StudentAttendanceSystem;transition;862;27;55;18;54;100;0,36;0,96;0;0,22;62,88;62,88;1,76;1,54
8;StudentAttendanceSystem;pair;862;27;55;49;283;100;0,36;0,26;1,6;0,41;64,88;64,88;3,36;2,63
8;StudentAttendanceSystem;state;863;23;44;9;48;100;0,33;0,4;0;0,07;65,88;65,88;0,93;0,8
8;StudentAttendanceSystem;transition;863;23;44;14;44;100;0,36;0,65;0;0,13;65,88;65,88;1,32;1,13
8;StudentAttendanceSystem;pair;863;23;44;42;242;100;0,33;0,19;1,16;0,32;66,88;67,88;2,7;2
8;StudentAttendanceSystem;state;864;17;30;6;30;100;0,29;0,29;0;0,05;67,88;67,88;0,76;0,63
8;StudentAttendanceSystem;transition;864;17;30;10;30;100;0,24;0,52;0;0,09;68,88;68,88;1,12;0,86
8;StudentAttendanceSystem;pair;864;17;30;30;152;100;0,24;0,14;0,79;0,19;69,88;69,88;1,85;1,35
8;StudentAttendanceSystem;state;865;20;40;8;42;100;0,28;0,34;0;0,07;69,88;69,88;0,8;0,69
8;StudentAttendanceSystem;transition;865;20;40;14;40;100;0,29;0,66;0;0,15;70,88;70,88;1,27;1,11
8;StudentAttendanceSystem;pair;865;20;40;39;217;100;0,29;0,22;1,15;0,3;71,88;71,88;2,53;1,96
8;StudentAttendanceSystem;state;866;21;37;9;44;100;0,32;0,34;0;0,07;72,88;72,88;0,85;0,72
8;StudentAttendanceSystem;transition;866;21;37;13;37;100;0,27;0,62;0;0,13;73,88;73,88;1,23;1,02
8;StudentAttendanceSystem;pair;866;21;37;31;162;100;0,28;0,15;0,79;0,2;74,88;74,88;1,92;1,42
8;StudentAttendanceSystem;state;867;24;48;11;62;100;0,31;0,44;0;0,1;74,88;74,88;0,96;0,84
8;StudentAttendanceSystem;transition;867;24;48;15;48;100;0,38;0,78;0;0,17;75,88;75,88;1,53;1,33
8;StudentAttendanceSystem;pair;867;24;48;47;271;100;0,33;0,25;1,34;0,38;76,88;77,88;3,07;2,31
8;StudentAttendanceSystem;state;868;18;32;7;37;100;0,31;0,35;0;0,07;77,88;77,88;0,88;0,72
8;StudentAttendanceSystem;transition;868;18;32;10;32;100;0,29;0,58;0;0,11;78,88;78,88;1,15;0,98
8;StudentAttendanceSystem;pair;868;18;32;27;153;100;0,27;0,13;0,76;0,19;79,88;79,88;1,84;1,35
8;StudentAttendanceSystem;state;869;17;29;7;37;100;0,26;0,29;0;0,05;79,88;79,88;0,72;0,61
8;StudentAttendanceSystem;transition;869;17;29;9;29;100;0,27;0,49;0;0,08;80,88;80,88;0,99;0,83
8;StudentAttendanceSystem;pair;869;17;29;28;147;100;0,25;0,14;0,68;0,17;81,88;81,88;1,73;1,25
8;StudentAttendanceSystem;state;870;24;43;9;48;100;0,34;0,39;0;0,08;81,88;81,88;0,94;0,81
8;StudentAttendanceSystem;transition;870;24;43;14;42;100;0,33;0,73;0;0,14;82,88;82,88;1,36;1,19
8;StudentAttendanceSystem;pair;870;24;43;38;213;100;0,3;0,28;1,04;0,31;83,88;84,88;2,58;1,94
8;StudentAttendanceSystem;state;871;21;37;9;50;100;0,29;0,38;0;0,08;84,88;84,88;0,88;0,75
8;StudentAttendanceSystem;transition;871;21;37;12;37;100;0,35;0,62;0;0,12;85,88;85,88;1,29;1,09
8;StudentAttendanceSystem;pair;871;21;37;27;147;100;0,3;0,15;0,71;0,18;86,88;86,88;1,91;1,34
8;StudentAttendanceSystem;state;872;18;34;7;36;100;0,27;0,43;0;0,06;86,88;86,88;0,93;0,76
8;StudentAttendanceSystem;transition;872;18;34;12;34;100;0,28;0,58;0;0,12;87,88;87,88;1,16;0,99
8;StudentAttendanceSystem;pair;872;18;34;32;170;100;0,28;0,16;0,78;0,23;88,88;88,88;1,96;1,45
8;StudentAttendanceSystem;state;873;18;28;6;31;100;0,23;0,25;0;0,05;88,88;89,88;0,64;0,54
8;StudentAttendanceSystem;transition;873;18;28;9;27;100;0,23;0,45;0;0,07;89,88;89,88;0,89;0,76
8;StudentAttendanceSystem;pair;873;18;28;24;118;100;0,25;0,12;0,55;0,16;90,88;90,88;1,55;1,07
8;StudentAttendanceSystem;state;874;18;31;7;35;100;0,29;0,33;0;0,07;90,88;90,88;0,85;0,69
8;StudentAttendanceSystem;transition;874;18;31;11;31;100;0,32;0,6;0;0,12;91,88;91,88;1,22;1,04
8;StudentAttendanceSystem;pair;874;18;31;25;127;100;0,31;0,17;0,78;0,2;92,88;92,88;2,01;1,46
8;StudentAttendanceSystem;state;875;15;24;5;24;100;0,28;0,31;0;0,04;92,88;92,88;0,73;0,62
8;StudentAttendanceSystem;transition;875;15;24;8;24;100;0,24;0,36;0;0,06;93,88;93,88;0,78;0,66
8;StudentAttendanceSystem;pair;875;15;24;23;105;100;0,21;0,09;0,44;0,14;94,88;94,88;1,25;0,87
8;StudentAttendanceSystem;state;876;19;31;7;35;100;0,23;0,28;0;0,05;94,88;94,88;0,67;0,57
8;StudentAttendanceSystem;transition;876;19;31;12;30;100;0,24;0,58;0;0,11;95,88;95,88;1,1;0,92
8;StudentAttendanceSystem;pair;876;19;31;26;123;100;0,26;0,13;0,5;0,17;96,88;96,88;1,49;1,06
8;StudentAttendanceSystem;state;877;20;40;8;42;100;0,27;0,32;0;0,06;96,88;96,88;0,74;0,64
8;StudentAttendanceSystem;transition;877;20;40;14;40;100;0,27;0,59;0;0,13;97,88;97,88;1,16;0,99
8;StudentAttendanceSystem;pair;877;20;40;39;217;100;0,28;0,16;0,9;0,27;98,88;98,88;2,18;1,61
8;StudentAttendanceSystem;state;878;25;48;9;49;100;0,36;0,38;0;0,08;99,88;99,88;0,93;0,81
8;StudentAttendanceSystem;transition;878;25;48;17;47;100;0,29;0,79;0;0,16;100,88;100,88;1,39;1,24
8;StudentAttendanceSystem;pair;878;25;48;43;249;100;0,29;0,24;1,24;0,32;101,88;101,88;2,73;2,1
8;StudentAttendanceSystem;state;879;30;59;13;72;100;0,4;0,5;0;0,12;102,88;102,88;1,15;1,02
8;StudentAttendanceSystem;transition;879;30;59;20;58;100;0,38;1,1;0;0,13;103,88;103,88;1,82;1,62
8;StudentAttendanceSystem;pair;879;30;59;58;328;100;0,26;0,23;1,79;0,44;104,88;105,88;3,36;2,71
8;StudentAttendanceSystem;state;880;26;53;11;62;100;0,34;0,42;0;0,1;105,88;106,88;0,99;0,86
8;StudentAttendanceSystem;transition;880;26;53;17;53;100;0,35;0,8;0;0,16;106,88;106,88;1,48;1,31
8;StudentAttendanceSystem;pair;880;26;53;45;267;100;0,32;0,19;1,12;0,5;108,88;108,88;2,68;2,13
8;StudentAttendanceSystem;state;881;17;27;6;32;100;0,23;0,25;0;0,06;108,88;109,88;0,64;0,53
8;StudentAttendanceSystem;transition;881;17;27;9;26;100;0,29;0,45;0;0,08;109,88;109,88;0,99;0,82
8;StudentAttendanceSystem;pair;881;17;27;25;119;100;0,24;0,12;0,61;0,15;110,88;110,88;1,57;1,13
8;StudentAttendanceSystem;state;882;18;34;7;37;100;0,27;0,32;0;0,06;110,88;110,88;0,79;0,66
8;StudentAttendanceSystem;transition;882;18;34;11;34;100;0,32;0,49;0;0,1;111,88;111,88;1,07;0,92
8;StudentAttendanceSystem;pair;882;18;34;35;189;100;0,28;0,18;0,91;0,23;112,88;112,88;2,07;1,59
8;StudentAttendanceSystem;state;883;22;39;9;48;100;0,28;0,41;0;0,08;113,88;113,88;0,9;0,77
8;StudentAttendanceSystem;transition;883;22;39;13;38;100;0,27;0,71;0;0,14;113,88;113,88;1,3;1,11
8;StudentAttendanceSystem;pair;883;22;39;32;170;100;0,31;0,18;0,91;0,3;114,88;115,88;2,27;1,7
8;StudentAttendanceSystem;state;884;24;45;9;48;100;0,33;0,41;0;0,1;115,88;115,88;0,99;0,84
8;StudentAttendanceSystem;transition;884;24;45;16;44;100;0,35;0,76;0;0,16;116,88;116,88;1,43;1,26
8;StudentAttendanceSystem;pair;884;24;45;45;245;100;0,31;0,23;1,18;0,24;117,88;118,88;2,51;1,96
8;StudentAttendanceSystem;state;885;21;38;8;42;100;0,3;0,36;0;0,09;118,88;118,88;0,9;0,75
8;StudentAttendanceSystem;transition;885;21;38;13;38;100;0,3;0,68;0;0,13;119,88;119,88;1,27;1,11
8;StudentAttendanceSystem;pair;885;21;38;32;176;100;0,31;0,2;0,97;0,24;120,88;120,88;2,33;1,71
8;StudentAttendanceSystem;state;886;21;35;8;39;100;0,26;0,39;0;0,07;120,88;120,88;0,85;0,71
8;StudentAttendanceSystem;transition;886;21;35;14;34;100;0,27;0,63;0;0,14;121,88;121,88;1,21;1,03
8;StudentAttendanceSystem;pair;886;21;35;25;120;100;0,26;0,17;0,59;0,16;122,88;122,88;1,66;1,17
8;StudentAttendanceSystem;state;887;25;47;10;51;100;0,4;0,41;0;0,09;123,88;123,88;1,06;0,91
8;StudentAttendanceSystem;transition;887;25;47;17;46;100;0,36;0,86;0;0,18;123,88;123,88;1,59;1,4
8;StudentAttendanceSystem;pair;887;25;47;42;230;100;0,34;0,22;1,74;0,31;125,88;125,88;3,24;2,6
8;StudentAttendanceSystem;state;888;26;49;10;56;100;0,39;0,4;0;0,09;125,88;125,88;1,01;0,88
8;StudentAttendanceSystem;transition;888;26;49;17;48;100;0,41;0,85;0;0,17;126,88;126,88;1,61;1,43
8;StudentAttendanceSystem;pair;888;26;49;42;236;100;0,38;0,25;1,28;0,36;128,88;128,88;3,01;2,28
8;StudentAttendanceSystem;state;889;23;47;10;54;100;0,4;0,41;0;0,1;128,88;128,88;1,04;0,91
8;StudentAttendanceSystem;transition;889;23;47;16;47;100;0,43;0,9;0;0,19;129,88;129,88;1,72;1,51
8;StudentAttendanceSystem;pair;889;23;47;45;251;100;0,4;0,24;1,29;0,41;130,88;131,88;3,14;2,34
8;StudentAttendanceSystem;state;890;19;33;7;38;100;0,31;0,47;0;0,08;131,88;131,88;1,01;0,85
8;StudentAttendanceSystem;transition;890;19;33;11;32;100;0,33;0,66;0;0,12;132,88;132,88;1,29;1,11
8;StudentAttendanceSystem;pair;890;19;33;31;161;100;0,3;0,17;0,96;0,25;133,88;133,88;2,33;1,67
8;StudentAttendanceSystem;state;891;18;31;7;35;100;0,3;0,35;0;0,06;133,88;133,88;0,84;0,7
8;StudentAttendanceSystem;transition;891;18;31;11;31;100;0,29;0,65;0;0,11;134,88;134,88;1,23;1,05
8;StudentAttendanceSystem;pair;891;18;31;26;131;100;0,28;0,21;0,73;0,19;135,88;135,88;1,9;1,41
8;StudentAttendanceSystem;state;892;24;44;10;50;100;0,35;0,44;0;0,11;135,88;136,88;1,05;0,9
8;StudentAttendanceSystem;transition;892;24;44;17;43;100;0,29;0,76;0;0,22;136,88;136,88;1,46;1,28
8;StudentAttendanceSystem;pair;892;24;44;43;221;100;0,38;0,25;1,39;0,35;137,88;138,88;3,08;2,36
8;StudentAttendanceSystem;state;893;22;41;8;42;100;0,41;0,45;0;0,09;138,88;138,88;1,08;0,94
8;StudentAttendanceSystem;transition;893;22;41;14;40;100;0,35;0,81;0;0,16;139,88;139,88;1,52;1,31
8;StudentAttendanceSystem;pair;893;22;41;42;226;100;0,35;0,26;1,45;0,37;140,88;140,88;3,12;2,44
8;StudentAttendanceSystem;state;894;21;38;9;47;100;0,36;0,42;0;0,09;141,88;141,88;1,01;0,87
8;StudentAttendanceSystem;transition;894;21;38;13;37;100;0,32;0,7;0;0,12;142,88;142,88;1,28;1,14
8;StudentAttendanceSystem;pair;894;21;38;32;168;100;0,26;0,16;0,88;0,27;143,88;143,88;2,09;1,57
8;StudentAttendanceSystem;state;895;20;38;8;43;100;0,33;0,38;0;0,07;143,88;143,88;0,89;0,77
8;StudentAttendanceSystem;transition;895;20;38;12;38;100;0,37;0,64;0;0,15;144,88;144,88;1,36;1,15
8;StudentAttendanceSystem;pair;895;20;38;34;200;100;0,31;0,22;0,91;0,27;145,88;145,88;2,37;1,71
8;StudentAttendanceSystem;state;896;30;60;13;73;100;0,39;0,57;0;0,15;146,88;146,88;1,28;1,11
8;StudentAttendanceSystem;transition;896;30;60;20;59;100;0,37;0,93;0;0,31;147,88;147,88;1,85;1,61
8;StudentAttendanceSystem;pair;896;30;60;52;300;100;0,43;0,36;1,98;0,55;148,88;149,88;4,27;3,32
8;StudentAttendanceSystem;state;897;26;51;10;54;100;0,42;0,43;0;0,1;149,88;149,88;1,09;0,95
8;StudentAttendanceSystem;transition;897;26;51;19;50;100;0,35;0,87;0;0,2;150,88;150,88;1,62;1,41
8;StudentAttendanceSystem;pair;897;26;51;49;273;100;0,41;0,28;1,38;0,36;152,88;152,88;3,12;2,43
8;StudentAttendanceSystem;state;898;26;54;11;62;100;0,37;0,53;0;0,11;153,88;153,88;1,16;1,02
8;StudentAttendanceSystem;transition;898;26;54;18;54;100;0,35;0,8;0;0,18;153,88;154,88;1,5;1,33
8;StudentAttendanceSystem;pair;898;26;54;48;278;100;0,35;0,25;1,55;0,38;155,88;155,88;3,2;2,52
8;StudentAttendanceSystem;state;899;21;41;8;42;100;0,36;0,4;0;0,07;156,88;156,88;0,95;0,83
8;StudentAttendanceSystem;transition;899;21;41;13;41;100;0,29;0,64;0;0,15;156,88;157,88;1,25;1,07
8;StudentAttendanceSystem;pair;899;21;41;42;238;100;0,31;0,19;1,08;0,3;158,88;158,88;2,44;1,88
8;StudentAttendanceSystem;state;900;20;37;8;42;100;0,28;0,37;0;0,09;158,88;158,88;0,86;0,74
8;StudentAttendanceSystem;transition;900;20;37;12;37;100;0,28;0,54;0;0,11;159,88;159,88;1,08;0,94
8;StudentAttendanceSystem;pair;900;20;37;37;189;100;0,26;0,16;0,8;0,23;160,88;160,88;1,97;1,46
8;StudentAttendanceSystem;state;901;22;43;10;53;100;0,44;0,45;0;0,09;161,88;161,88;1,12;0,97
8;StudentAttendanceSystem;transition;901;22;43;14;43;100;0,34;0,69;0;0,15;162,88;162,88;1,37;1,18
8;StudentAttendanceSystem;pair;901;22;43;41;234;100;0,28;0,17;1,22;0,28;163,88;163,88;2,5;1,95
8;StudentAttendanceSystem;state;902;27;53;11;59;100;0,35;0,42;0;0,09;164,88;164,88;0,97;0,86
8;StudentAttendanceSystem;transition;902;27;53;19;52;100;0,32;0,82;0;0,25;164,88;165,88;1,58;1,39
8;StudentAttendanceSystem;pair;902;27;53;55;305;100;0,26;0,19;1,51;0,4;166,88;166,88;3;2,36
8;StudentAttendanceSystem;state;903;24;47;10;52;100;0,3;0,44;0;0,08;167,88;167,88;0,97;0,82
8;StudentAttendanceSystem;transition;903;24;47;17;46;100;0,34;0,71;0;0,16;168,88;168,88;1,4;1,21
8;StudentAttendanceSystem;pair;903;24;47;41;225;100;0,34;0,19;1,19;0,31;169,88;169,88;2,63;2,02
8;StudentAttendanceSystem;state;904;23;45;10;56;100;0,3;0,39;0;0,1;170,88;170,88;0,93;0,79
8;StudentAttendanceSystem;transition;904;23;45;14;45;100;0,3;0,66;0;0,13;171,88;171,88;1,26;1,09
8;StudentAttendanceSystem;pair;904;23;45;39;231;100;0,3;0,23;1,1;0,29;172,88;172,88;2,55;1,92
8;StudentAttendanceSystem;state;905;30;61;13;70;100;0,37;0,5;0;0,12;173,88;173,88;1,14;1
8;StudentAttendanceSystem;transition;905;30;61;23;60;100;0,4;1,02;0;0,22;174,88;174,88;1,85;1,65
8;StudentAttendanceSystem;pair;905;30;61;57;317;100;0,35;0,31;1,8;0,43;175,88;176,88;3,61;2,89
8;StudentAttendanceSystem;state;906;26;52;11;61;100;0,39;0,42;0;0,09;176,88;176,88;1,03;0,9
8;StudentAttendanceSystem;transition;906;26;52;18;52;100;0,36;0,88;0;0,16;177,88;177,88;1,57;1,39
8;StudentAttendanceSystem;pair;906;26;52;48;272;100;0,35;0,25;1,44;0,4;179,88;179,88;3,12;2,44
8;StudentAttendanceSystem;state;907;21;38;8;42;100;0,3;0,34;0;0,07;179,88;179,88;0,83;0,71
8;StudentAttendanceSystem;transition;907;21;38;13;37;100;0,32;0,74;0;0,12;180,88;180,88;1,35;1,19
8;StudentAttendanceSystem;pair;907;21;38;32;178;100;0,26;0,16;0,9;0,24;181,88;181,88;2,09;1,56
8;StudentAttendanceSystem;state;908;18;32;7;37;100;0,27;0,3;0;0,06;182,88;182,88;0,74;0,63
8;StudentAttendanceSystem;transition;908;18;32;10;32;100;0,25;0,5;0;0,09;182,88;182,88;0,99;0,84
8;StudentAttendanceSystem;pair;908;18;32;27;153;100;0,28;0,13;0,68;0,22;183,88;184,88;1,79;1,31
8;StudentAttendanceSystem;state;909;22;42;9;46;100;0,28;0,36;0;0,07;184,88;184,88;0,81;0,7
8;StudentAttendanceSystem;transition;909;22;42;15;42;100;0,26;2,89;0;0,12;185,88;5,69;3,45;3,27
8;StudentAttendanceSystem;pair;909;22;42;40;219;100;0,29;0,18;1,05;0,31;6,69;6,69;2,47;1,83
8;StudentAttendanceSystem;state;910;23;43;9;49;100;0,32;0,36;0;0,09;7,69;7,69;0,91;0,77
8;StudentAttendanceSystem;transition;910;23;43;14;42;100;0,28;0,66;0;0,18;7,69;7,69;1,28;1,11
8;StudentAttendanceSystem;pair;910;23;43;38;224;100;0,37;0,19;1,13;0,28;9,69;9,69;2,59;1,98
8;StudentAttendanceSystem;state;911;19;34;8;43;100;0,3;0,38;0;0,06;9,69;9,69;0,86;0,75
8;StudentAttendanceSystem;transition;911;19;34;10;34;100;0,28;0,57;0;0,09;10,69;10,69;1,11;0,94
8;StudentAttendanceSystem;pair;911;19;34;31;175;100;0,28;0,18;0,82;0,22;11,69;11,69;2,06;1,5
8;StudentAttendanceSystem;state;912;24;46;9;46;100;0,33;0,45;0;0,08;12,69;12,69;0,99;0,86
8;StudentAttendanceSystem;transition;912;24;46;18;45;100;0,37;0,7;0;0,16;12,69;12,69;1,38;1,23
8;StudentAttendanceSystem;pair;912;24;46;40;217;100;0,33;0,18;1,31;0,35;14,69;14,69;2,84;2,17
8;StudentAttendanceSystem;state;913;26;53;11;62;100;0,39;0,47;0;0,13;14,69;15,69;1,15;1
8;StudentAttendanceSystem;transition;913;26;53;17;53;100;0,39;1,01;0;0,21;15,69;15,69;1,81;1,61
8;StudentAttendanceSystem;pair;913;26;53;45;267;100;0,45;0,28;1,62;0,37;17,69;17,69;3,49;2,72
8;StudentAttendanceSystem;state;914;19;38;8;41;100;0,36;0,39;0;0,07;18,69;18,69;0,96;0,83
8;StudentAttendanceSystem;transition;914;19;38;13;38;100;0,31;0,7;0;0,14;18,69;18,69;1,32;1,15
8;StudentAttendanceSystem;pair;914;19;38;36;204;100;0,31;0,21;1,21;0,33;19,69;20,69;2,69;2,05
8;StudentAttendanceSystem;state;915;27;54;12;68;100;0,39;0,52;0;0,12;20,69;20,69;1,19;1,03
8;StudentAttendanceSystem;transition;915;27;54;17;53;100;0,32;0,79;0;0,21;21,69;21,69;1,53;1,32
8;StudentAttendanceSystem;pair;915;27;54;47;281;100;0,35;0,29;1,63;0,44;22,69;23,69;3,45;2,71
8;StudentAttendanceSystem;state;916;21;38;9;44;100;0,3;0,38;0;0,07;23,69;23,69;0,87;0,74
8;StudentAttendanceSystem;transition;916;21;38;14;38;100;0,3;0,57;0;0,13;24,69;24,69;1,22;1,01
8;StudentAttendanceSystem;pair;916;21;38;35;177;100;0,26;0,19;0,83;0,21;25,69;25,69;2,03;1,5
8;StudentAttendanceSystem;state;917;18;33;7;37;100;0,25;0,33;0;0,04;26,69;26,69;0,71;0,63
8;StudentAttendanceSystem;transition;917;18;33;11;33;100;0,19;0,38;0;0,07;26,69;26,69;0,74;0,64
8;StudentAttendanceSystem;pair;917;18;33;30;168;100;0,19;0,11;0,55;0,25;27,69;27,69;1,51;1,1
8;StudentAttendanceSystem;state;918;27;55;12;67;100;0,33;0,43;0;0,13;28,69;28,69;1,02;0,89
8;StudentAttendanceSystem;transition;918;27;55;17;55;100;0,24;0,62;0;0,11;29,69;29,69;1,08;0,97
8;StudentAttendanceSystem;pair;918;27;55;51;299;100;0,28;0,3;1,66;0,43;30,69;31,69;3,43;2,67
8;StudentAttendanceSystem;state;919;23;42;9;45;100;0,34;0,35;0;0,08;31,69;31,69;0,91;0,77
8;StudentAttendanceSystem;transition;919;23;42;17;41;100;0,41;0,76;0;0,16;32,69;32,69;1,51;1,33
8;StudentAttendanceSystem;pair;919;23;42;37;189;100;0,28;0,2;1,16;0,24;33,69;33,69;2,43;1,88
8;StudentAttendanceSystem;state;920;25;47;11;62;100;0,35;0,42;0;0,12;34,69;34,69;1,04;0,89
8;StudentAttendanceSystem;transition;920;25;47;15;46;100;0,3;0,78;0;0,14;35,69;35,69;1,37;1,22
8;StudentAttendanceSystem;pair;920;25;47;44;248;100;0,34;0,22;1,34;0,34;36,69;36,69;2,97;2,24
8;StudentAttendanceSystem;state;921;18;29;7;35;100;0,27;0,3;0;0,05;37,69;37,69;0,73;0,62
8;StudentAttendanceSystem;transition;921;18;29;10;29;100;0,23;0,52;0;0,08;37,69;37,69;0,95;0,82
8;StudentAttendanceSystem;pair;921;18;29;28;129;100;0,24;0,11;0,59;0,17;38,69;38,69;1,55;1,11
8;StudentAttendanceSystem;state;922;27;50;11;61;100;0,35;0,48;0;0,13;39,69;39,69;1,11;0,96
8;StudentAttendanceSystem;transition;922;27;50;17;49;100;0,31;0,83;0;0,16;40,69;40,69;1,45;1,29
8;StudentAttendanceSystem;pair;922;27;50;41;229;100;0,35;0,28;1,39;0,44;41,69;41,69;3,19;2,46
8;StudentAttendanceSystem;state;923;25;49;10;56;100;0,35;0,42;0;0,1;42,69;42,69;0,99;0,86
8;StudentAttendanceSystem;transition;923;25;49;16;49;100;0,31;0,78;0;0,15;43,69;43,69;1,4;1,24
8;StudentAttendanceSystem;pair;923;25;49;42;244;100;0,34;0,5;1,57;0,33;44,69;44,69;3,43;2,73
8;StudentAttendanceSystem;state;924;24;49;10;51;100;0,37;0,41;0;0,12;45,69;45,69;1,08;0,9
8;StudentAttendanceSystem;transition;924;24;49;19;49;100;0,3;0,82;0;0,15;46,69;46,69;1,44;1,27
8;StudentAttendanceSystem;pair;924;24;49;47;259;100;0,31;0,21;1,45;0,34;47,69;47,69;3,01;2,32
8;StudentAttendanceSystem;state;925;24;50;10;55;100;0,33;0,37;0;0,08;48,69;48,69;0,89;0,78
8;StudentAttendanceSystem;transition;925;24;50;15;50;100;0,29;0,67;0;0,14;49,69;49,69;1,23;1,1
8;StudentAttendanceSystem;pair;925;24;50;48;278;100;0,29;0,26;1,52;0,38;50,69;50,69;3,22;2,44
8;StudentAttendanceSystem;state;926;23;42;9;48;100;0,36;0,42;0;0,09;51,69;51,69;1,01;0,86
8;StudentAttendanceSystem;transition;926;23;42;14;41;100;0,3;0,73;0;0,12;52,69;52,69;1,31;1,15
8;StudentAttendanceSystem;pair;926;23;42;41;213;100;0,29;0,17;0,99;0,35;53,69;53,69;2,44;1,79
8;StudentAttendanceSystem;state;927;24;49;11;60;100;0,23;0,34;0;0,11;54,69;54,69;0,79;0,67
8;StudentAttendanceSystem;transition;927;24;49;15;49;100;0,33;0,67;0;0,14;54,69;54,69;1,29;1,14
8;StudentAttendanceSystem;pair;927;24;49;41;243;100;0,3;0,21;1,06;0,21;56,69;56,69;2,3;1,79
8;StudentAttendanceSystem;state;928;19;34;8;39;100;0,26;0,29;0;0,05;56,69;56,69;0,71;0,6
8;StudentAttendanceSystem;transition;928;19;34;13;33;100;0,23;0,54;0;0,11;57,69;57,69;1,02;0,87
8;StudentAttendanceSystem;pair;928;19;34;29;146;100;0,27;0,15;0,59;0,13;58,69;58,69;1,65;1,14
8;StudentAttendanceSystem;state;929;27;56;12;64;100;0,33;0,44;0;0,1;59,69;59,69;0,99;0,87
8;StudentAttendanceSystem;transition;929;27;56;19;55;100;0,32;0,86;0;0,17;60,69;60,69;1,55;1,36
8;StudentAttendanceSystem;pair;929;27;56;48;280;100;0,33;0,24;1,52;0,4;61,69;62,69;3,18;2,5
8;StudentAttendanceSystem;state;930;20;33;8;43;100;0,35;0,34;0;0,06;62,69;62,69;0,87;0,75
8;StudentAttendanceSystem;transition;930;20;33;10;32;100;0,24;0,6;0;0,09;63,69;63,69;1,05;0,93
8;StudentAttendanceSystem;pair;930;20;33;28;152;100;0,24;0,16;0,73;0,19;63,69;64,69;1,81;1,33
8;StudentAttendanceSystem;state;931;27;52;12;68;100;0,32;0,43;0;0,13;64,69;64,69;1,01;0,88
8;StudentAttendanceSystem;transition;931;27;52;16;51;100;0,44;0,79;0;0,16;65,69;65,69;1,56;1,39
8;StudentAttendanceSystem;pair;931;27;52;48;280;100;0,31;0,28;1,4;0,38;67,69;67,69;3,16;2,37
8;StudentAttendanceSystem;state;932;24;51;11;58;100;0,31;0,34;0;0,11;67,69;68,69;0,88;0,76
8;StudentAttendanceSystem;transition;932;24;51;17;51;100;0,34;0,77;0;0,15;68,69;68,69;1,43;1,26
8;StudentAttendanceSystem;pair;932;24;51;44;256;100;0,33;0,25;1,39;0,4;70,69;70,69;3,01;2,38
8;StudentAttendanceSystem;state;933;23;41;8;43;100;0,23;0,28;0;0,08;70,69;71,69;0,69;0,58
8;StudentAttendanceSystem;transition;933;23;41;14;40;100;0,31;0,65;0;0,13;71,69;71,69;1,26;1,09
8;StudentAttendanceSystem;pair;933;23;41;33;187;100;0,34;0,16;1,12;0,26;72,69;73,69;2,63;1,89
8;StudentAttendanceSystem;state;934;18;28;7;37;100;0,28;0,29;0;0,05;73,69;73,69;0,74;0,63
8;StudentAttendanceSystem;transition;934;18;28;9;27;100;0,23;0,47;0;0,08;73,69;74,69;0,92;0,77
8;StudentAttendanceSystem;pair;934;18;28;24;118;100;0,25;0,1;0,46;0,15;74,69;74,69;1,37;0,96
8;StudentAttendanceSystem;state;935;22;41;9;48;100;0,31;0,35;0;0,07;75,69;75,69;0,84;0,73
8;StudentAttendanceSystem;transition;935;22;41;15;41;100;0,32;0,78;0;0,17;76,69;76,69;1,43;1,28
8;StudentAttendanceSystem;pair;935;22;41;37;189;100;0,31;0,16;0,81;0,27;77,69;77,69;2,06;1,54
8;StudentAttendanceSystem;state;936;23;44;9;49;100;0,31;0,38;0;0,11;77,69;78,69;0,94;0,8
8;StudentAttendanceSystem;transition;936;23;44;15;43;100;0,36;0,7;0;0,13;78,69;78,69;1,38;1,19
8;StudentAttendanceSystem;pair;936;23;44;39;215;100;0,22;0,18;1,03;0,29;79,69;80,69;2,31;1,73
8;StudentAttendanceSystem;state;937;26;49;10;56;100;0,4;0,43;0;0,09;80,69;80,69;1,08;0,93
8;StudentAttendanceSystem;transition;937;26;49;17;48;100;0,33;0,77;0;0,16;81,69;81,69;1,41;1,26
8;StudentAttendanceSystem;pair;937;26;49;41;231;100;0,3;0,2;1,17;0,35;82,69;83,69;2,66;2,02
8;StudentAttendanceSystem;state;938;25;51;11;60;100;0,32;0,45;0;0,11;83,69;83,69;1,02;0,88
8;StudentAttendanceSystem;transition;938;25;51;15;51;100;0,38;0,86;0;0,15;84,69;84,69;1,56;1,39
8;StudentAttendanceSystem;pair;938;25;51;48;280;100;0,31;0,28;1,61;0,42;85,69;86,69;3,37;2,62
8;StudentAttendanceSystem;state;939;28;55;11;62;100;0,41;0,5;0;0,1;86,69;86,69;1,15;1,01
8;StudentAttendanceSystem;transition;939;28;55;19;54;100;0,37;0,86;0;0,2;87,69;87,69;1,63;1,42
8;StudentAttendanceSystem;pair;939;28;55;49;279;100;0,43;0,61;1,5;0,36;89,69;89,69;3,62;2,9
8;StudentAttendanceSystem;state;940;27;54;12;66;100;0,38;0,48;0;0,11;90,69;90,69;1,12;0,97
8;StudentAttendanceSystem;transition;940;27;54;17;53;100;0,34;0,88;0;0,18;91,69;91,69;1,59;1,4
8;StudentAttendanceSystem;pair;940;27;54;45;267;100;0,33;0,26;1,55;0,36;92,69;92,69;3,2;2,51
8;StudentAttendanceSystem;state;941;21;38;8;42;100;0,32;0,35;0;0,08;93,69;93,69;0,9;0,76
8;StudentAttendanceSystem;transition;941;21;38;13;37;100;0,25;0,68;0;0,13;93,69;94,69;1,2;1,06
8;StudentAttendanceSystem;pair;941;21;38;33;183;100;0,25;0,13;0,86;0,26;95,69;95,69;1,93;1,5
8;StudentAttendanceSystem;state;942;20;37;9;46;100;0,28;0,34;0;0,07;95,69;95,69;0,81;0,69
8;StudentAttendanceSystem;transition;942;20;37;12;37;100;0,3;0,65;0;0,1;96,69;96,69;1,21;1,05
8;StudentAttendanceSystem;pair;942;20;37;32;181;100;0,25;0,17;0,84;0,23;97,69;97,69;2,03;1,49
8;StudentAttendanceSystem;state;943;25;47;10;53;100;0,36;0,5;0;0,15;98,69;98,69;1,16;1,01
8;StudentAttendanceSystem;transition;943;25;47;18;46;100;0,35;0,89;0;0,18;98,69;99,69;1,6;1,42
8;StudentAttendanceSystem;pair;943;25;47;40;210;100;0,32;0,23;1,19;0,28;100,69;100,69;2,64;2,02
8;StudentAttendanceSystem;state;944;19;36;8;39;100;0,34;0,32;0;0,07;100,69;100,69;0,88;0,73
8;StudentAttendanceSystem;transition;944;19;36;13;36;100;0,34;0,68;0;0,14;101,69;101,69;1,37;1,16
8;StudentAttendanceSystem;pair;944;19;36;32;171;100;0,27;0,18;0,89;0,22;102,69;102,69;2,1;1,57
8;StudentAttendanceSystem;state;945;30;59;13;73;100;0,43;0,5;0;0,19;103,69;103,69;1,27;1,12
8;StudentAttendanceSystem;transition;945;30;59;19;58;100;0,34;0,99;0;0,22;104,69;104,69;1,72;1,55
8;StudentAttendanceSystem;pair;945;30;59;49;289;100;0,4;0,26;1,62;0,41;105,69;106,69;3,41;2,69
8;StudentAttendanceSystem;state;946;28;57;13;72;100;0,38;0,48;0;0,11;106,69;106,69;1,1;0,97
8;StudentAttendanceSystem;transition;946;28;57;18;57;100;0,38;0,92;0;0,18;107,69;107,69;1,65;1,47
8;StudentAttendanceSystem;pair;946;28;57;54;308;100;0,43;0,28;1,87;0,4;109,69;109,69;3,92;2,98
8;StudentAttendanceSystem;state;947;18;30;7;35;100;0,27;0,32;0;0,06;110,69;110,69;0,8;0,66
8;StudentAttendanceSystem;transition;947;18;30;11;30;100;0,27;0,56;0;0,12;110,69;110,69;1,13;0,95
8;StudentAttendanceSystem;pair;947;18;30;31;144;100;0,24;0,14;0,62;0,18;111,69;111,69;1,68;1,18
8;StudentAttendanceSystem;state;948;18;33;7;37;100;0,26;0,31;0;0,05;112,69;112,69;0,73;0,62
8;StudentAttendanceSystem;transition;948;18;33;11;33;100;0,25;0,55;0;0,12;112,69;112,69;1,07;0,92
8;StudentAttendanceSystem;pair;948;18;33;31;172;100;0,28;0,14;0,77;0,2;113,69;113,69;1,88;1,4
8;StudentAttendanceSystem;state;949;26;50;11;57;100;0,4;0,44;0;0,15;114,69;114,69;1,15;0,99
8;StudentAttendanceSystem;transition;949;26;50;17;49;100;0,35;0,85;0;0,16;115,69;115,69;1,53;1,36
8;StudentAttendanceSystem;pair;949;26;50;47;259;100;0,23;0,18;1,11;0,33;116,69;117,69;2,36;1,86
8;StudentAttendanceSystem;state;950;18;34;7;36;100;0,31;0,31;0;0,06;117,69;117,69;0,84;0,69
8;StudentAttendanceSystem;transition;950;18;34;12;34;100;0,24;0,62;0;0,1;118,69;118,69;1,11;0,96
8;StudentAttendanceSystem;pair;950;18;34;32;170;100;0,26;0,14;0,83;0,3;119,69;119,69;2,1;1,52
8;StudentAttendanceSystem;state;951;28;55;13;74;100;0,34;0,45;0;0,12;119,69;119,69;1,04;0,92
8;StudentAttendanceSystem;transition;951;28;55;16;54;100;0,46;0,9;0;0,2;120,69;120,69;1,89;1,56
8;StudentAttendanceSystem;pair;951;28;55;48;288;100;0,54;0,3;1,84;0,42;122,69;122,69;3,95;3,1
8;StudentAttendanceSystem;state;952;29;59;12;68;100;0,4;0,48;0;0,13;123,69;123,69;1,15;1,01
8;StudentAttendanceSystem;transition;952;29;59;20;58;100;0,39;1,03;0;0,22;124,69;124,69;1,83;1,64
8;StudentAttendanceSystem;pair;952;29;59;52;302;100;0,49;0,33;1,86;0,51;125,69;126,69;4,1;3,2
8;StudentAttendanceSystem;state;953;23;45;9;48;100;0,35;0,37;0;0,08;126,69;126,69;0,92;0,8
8;StudentAttendanceSystem;transition;953;23;45;16;45;100;0,32;0,79;0;0,14;127,69;127,69;1,43;1,26
8;StudentAttendanceSystem;pair;953;23;45;42;234;100;0,32;0,21;1,21;0,33;128,69;128,69;2,72;2,08
8;StudentAttendanceSystem;state;954;25;50;10;55;100;0,36;0,42;0;0,1;129,69;129,69;1,01;0,88
8;StudentAttendanceSystem;transition;954;25;50;17;49;100;0,32;1;0;0,2;130,69;130,69;1,7;1,51
8;StudentAttendanceSystem;pair;954;25;50;46;262;100;0,37;0,26;1,59;0,45;131,69;132,69;3,43;2,68
8;StudentAttendanceSystem;state;955;24;49;11;62;100;0,37;0,47;0;0,11;132,69;132,69;1,1;0,95
8;StudentAttendanceSystem;transition;955;24;49;15;49;100;0,35;0,79;0;0,16;133,69;133,69;1,48;1,31
8;StudentAttendanceSystem;pair;955;24;49;43;257;100;0,43;0,25;1,33;0,35;134,69;135,69;3;2,35
8;StudentAttendanceSystem;state;956;30;59;13;72;100;0,39;0,54;0;0,11;135,69;135,69;1,2;1,04
8;StudentAttendanceSystem;transition;956;30;59;20;58;100;0,37;0,93;0;0,19;136,69;136,69;1,67;1,49
8;StudentAttendanceSystem;pair;956;30;59;58;324;100;0,37;0,29;2,02;0,44;138,69;138,69;3,93;3,12
8;StudentAttendanceSystem;state;957;31;62;14;78;100;0,4;0,54;0;0,16;139,69;139,69;1,25;1,11
8;StudentAttendanceSystem;transition;957;31;62;20;61;100;0,37;0,98;0;0,24;140,69;140,69;1,82;1,59
8;StudentAttendanceSystem;pair;957;31;62;58;336;100;0,27;0,27;1,74;0,46;141,69;142,69;3,43;2,74
8;StudentAttendanceSystem;state;958;22;39;9;48;100;0,3;0,34;0;0,07;142,69;142,69;0,83;0,71
8;StudentAttendanceSystem;transition;958;22;39;13;38;100;0,3;0,61;0;0,13;143,69;143,69;1,19;1,04
8;StudentAttendanceSystem;pair;958;22;39;32;170;100;0,26;0,19;0,75;0,15;144,69;144,69;1,81;1,35
8;StudentAttendanceSystem;state;959;19;35;7;36;100;0,23;0,2;0;0,04;145,69;145,69;0,55;0,47
8;StudentAttendanceSystem;transition;959;19;35;11;35;100;0,16;0,51;0;0,11;145,69;145,69;0,9;0,78
8;StudentAttendanceSystem;pair;959;19;35;35;191;100;0,27;0,16;0,84;0,24;146,69;147,69;1,95;1,5
8;StudentAttendanceSystem;state;960;21;36;8;41;100;0,25;0,31;0;0,07;147,69;147,69;0,74;0,63
8;StudentAttendanceSystem;transition;960;21;36;13;35;100;0,29;0,58;0;0,08;148,69;148,69;1,06;0,95
8;StudentAttendanceSystem;pair;960;21;36;28;145;100;0,18;0,12;0,57;0,12;149,69;149,69;1,33;0,99
8;StudentAttendanceSystem;state;961;28;52;12;66;100;0,35;0,45;0;0,12;149,69;150,69;1,04;0,92
8;StudentAttendanceSystem;transition;961;28;52;17;51;100;0,37;0,89;0;0,22;150,69;150,69;1,68;1,48
8;StudentAttendanceSystem;pair;961;28;52;48;266;100;0,34;0,5;1,28;0,36;152,69;152,69;3,36;2,49
8;StudentAttendanceSystem;state;962;26;51;10;54;100;0,34;0,44;0;0,14;153,69;153,69;1,06;0,92
8;StudentAttendanceSystem;transition;962;26;51;19;50;100;0,43;0,92;0;0,22;153,69;154,69;1,79;1,57
8;StudentAttendanceSystem;pair;962;26;51;49;273;100;0,38;0,39;1,86;0,37;155,69;155,69;3,76;3
8;StudentAttendanceSystem;state;963;19;35;8;43;100;0,3;0,37;0;0,07;156,69;156,69;0,88;0,74
8;StudentAttendanceSystem;transition;963;19;35;11;35;100;0,28;0,6;0;0,11;156,69;156,69;1,16;0,99
8;StudentAttendanceSystem;pair;963;19;35;34;190;100;0,34;0,2;1,1;0,26;157,69;158,69;2,51;1,89
8;StudentAttendanceSystem;state;964;26;52;10;55;100;0,38;0,48;0;0,1;158,69;158,69;1,09;0,96
8;StudentAttendanceSystem;transition;964;26;52;17;51;100;0,36;0,99;0;0,2;159,69;159,69;1,77;1,56
8;StudentAttendanceSystem;pair;964;26;52;52;294;100;0,35;0,31;1,87;0,44;160,69;161,69;3,7;2,97
8;StudentAttendanceSystem;state;965;28;59;13;70;100;0,32;0,36;0;0,15;161,69;162,69;0,96;0,83
8;StudentAttendanceSystem;transition;965;28;59;21;59;100;0,42;0,93;0;0,2;162,69;162,69;1,74;1,55
8;StudentAttendanceSystem;pair;965;28;59;53;301;100;0,43;0,28;1,71;0,42;164,69;164,69;3,62;2,85
8;StudentAttendanceSystem;state;966;21;40;9;48;100;0,41;0,56;0;0,09;165,69;165,69;1,31;1,05
8;StudentAttendanceSystem;transition;966;21;40;13;40;100;0,32;0,71;0;0,12;166,69;166,69;1,31;1,16
8;StudentAttendanceSystem;pair;966;21;40;34;188;100;0,29;0,19;0,95;0,28;167,69;167,69;2,29;1,71
8;StudentAttendanceSystem;state;967;21;40;9;48;100;0,31;0,36;0;0,09;167,69;167,69;0,89;0,76
8;StudentAttendanceSystem;transition;967;21;40;13;40;100;0,37;0,71;0;0,13;168,69;168,69;1,36;1,21
8;StudentAttendanceSystem;pair;967;21;40;35;193;100;0,31;0,22;1,06;0,27;169,69;169,69;2,46;1,86
8;StudentAttendanceSystem;state;968;22;45;9;49;100;0,34;0,43;0;0,09;170,69;170,69;1,01;0,86
8;StudentAttendanceSystem;transition;968;22;45;15;45;100;0,43;0,83;0;0,17;171,69;171,69;1,61;1,43
8;StudentAttendanceSystem;pair;968;22;45;42;238;100;0,34;0,27;1,65;0,4;172,69;172,69;3,37;2,65
8;StudentAttendanceSystem;state;969;26;51;11;62;100;0,41;0,54;0;0,12;173,69;173,69;1,25;1,07
8;StudentAttendanceSystem;transition;969;26;51;17;50;100;0,39;1,09;0;0,21;173,69;174,69;1,92;1,68
8;StudentAttendanceSystem;pair;969;26;51;47;273;100;0,37;0,28;1,81;0,43;175,69;175,69;3,73;2,89
8;StudentAttendanceSystem;state;970;22;39;9;50;100;0,37;0,46;0;0,09;176,69;176,69;1,06;0,92
8;StudentAttendanceSystem;transition;970;22;39;12;39;100;0,32;0,69;0;0,13;176,69;177,69;1,29;1,14
8;StudentAttendanceSystem;pair;970;22;39;33;179;100;0,37;0,2;0,99;0,29;177,69;178,69;2,43;1,85
8;StudentAttendanceSystem;state;971;16;25;6;30;100;0,23;0,29;0;0,05;178,69;178,69;0,67;0,57
8;StudentAttendanceSystem;transition;971;16;25;9;24;100;0,22;0,56;0;0,08;179,69;179,69;0,97;0,86
8;StudentAttendanceSystem;pair;971;16;25;18;84;100;0,21;0,11;0,4;0,13;179,69;179,69;1,27;0,84
8;StudentAttendanceSystem;state;972;23;45;9;48;100;0,37;0,44;0;0,09;180,69;180,69;1,04;0,9
8;StudentAttendanceSystem;transition;972;23;45;16;44;100;0,35;0,94;0;0,16;181,69;181,69;1,63;1,45
8;StudentAttendanceSystem;pair;972;23;45;43;241;100;0,31;0,25;1,48;0,35;182,69;182,69;3,1;2,38
8;StudentAttendanceSystem;state;973;23;40;10;56;100;0,32;0,41;0;0,09;183,69;183,69;0,97;0,82
8;StudentAttendanceSystem;transition;973;23;40;12;39;100;0,31;0,7;0;0,15;183,69;184,69;1,34;1,16
8;StudentAttendanceSystem;pair;973;23;40;34;186;100;0,35;0,2;1;0,39;184,69;5,68;4,57;1,93
8;StudentAttendanceSystem;state;974;23;46;10;54;100;0,38;0,45;0;0,09;5,68;5,68;1,08;0,92
8;StudentAttendanceSystem;transition;974;23;46;15;46;100;0,33;0,77;0;0,18;6,68;6,68;1,46;1,28
8;StudentAttendanceSystem;pair;974;23;46;42;240;100;0,35;0,28;1,53;0,4;7,68;8,68;3,34;2,55
8;StudentAttendanceSystem;state;975;17;27;6;31;100;0,29;0,31;0;0,06;8,68;8,68;0,9;0,67
8;StudentAttendanceSystem;transition;975;17;27;10;26;100;0,25;0,54;0;0,1;8,68;9,68;1,05;0,89
8;StudentAttendanceSystem;pair;975;17;27;23;104;100;0,24;0,13;0,63;0,16;9,68;9,68;1,61;1,16
8;StudentAttendanceSystem;state;976;18;32;8;40;100;0,3;0,37;0;0,07;10,68;10,68;0,91;0,75
8;StudentAttendanceSystem;transition;976;18;32;11;32;100;0,28;0,6;0;0,1;10,68;10,68;1,13;0,98
8;StudentAttendanceSystem;pair;976;18;32;30;155;100;0,28;0,17;0,83;0,27;11,68;12,68;2,08;1,54
8;StudentAttendanceSystem;state;977;29;58;12;68;100;0,43;0,57;0;0,14;12,68;12,68;1,3;1,14
8;StudentAttendanceSystem;transition;977;29;58;19;57;100;0,43;1,17;0;0,27;13,68;13,68;2,11;1,87
8;StudentAttendanceSystem;pair;977;29;58;49;287;100;0,41;0,38;2,19;0,49;15,68;15,68;4,44;3,47
8;StudentAttendanceSystem;state;978;21;36;9;46;100;0,35;0,4;0;0,09;15,68;15,68;1,01;0,84
8;StudentAttendanceSystem;transition;978;21;36;12;35;100;0,37;0,7;0;0,17;16,68;16,68;1,43;1,25
8;StudentAttendanceSystem;pair;978;21;36;31;164;100;0,28;0,17;0,71;0,2;17,68;17,68;1,88;1,36
8;StudentAttendanceSystem;state;979;19;38;8;41;100;0,4;0,34;0;0,08;18,68;18,68;0,95;0,82
8;StudentAttendanceSystem;transition;979;19;38;13;38;100;0,4;0,77;0;0,15;18,68;18,68;1,5;1,33
8;StudentAttendanceSystem;pair;979;19;38;36;204;100;0,35;0,23;1,24;0,33;19,68;20,68;2,84;2,15
8;StudentAttendanceSystem;state;980;23;44;9;49;100;0,31;0,36;0;0,09;20,68;20,68;0,87;0,76
8;StudentAttendanceSystem;transition;980;23;44;15;43;100;0,29;0,65;0;0,15;21,68;21,68;1,26;1,09
8;StudentAttendanceSystem;pair;980;23;44;41;239;100;0,3;0,21;1,29;0,32;22,68;23,68;2,73;2,11
8;StudentAttendanceSystem;state;981;29;59;12;68;100;0,36;0,46;0;0,12;23,68;23,68;1,08;0,94
8;StudentAttendanceSystem;transition;981;29;59;20;58;100;0,36;1,05;0;0,22;24,68;24,68;1,86;1,63
8;StudentAttendanceSystem;pair;981;29;59;52;302;100;0,35;0,29;1,86;0,53;26,68;26,68;3,85;3,03
8;StudentAttendanceSystem;state;982;26;48;10;56;100;0,46;0,48;0;0,09;27,68;27,68;1,2;1,03
8;StudentAttendanceSystem;transition;982;26;48;16;47;100;0,35;0,88;0;0,16;27,68;27,68;1,54;1,38
8;StudentAttendanceSystem;pair;982;26;48;38;216;100;0,31;0,26;1,26;0,31;29,68;29,68;2,84;2,14
8;StudentAttendanceSystem;state;983;24;43;11;59;100;0,36;0,44;0;0,09;29,68;30,68;1,05;0,89
8;StudentAttendanceSystem;transition;983;24;43;14;42;100;0,31;0,66;0;0,15;30,68;30,68;1,3;1,12
8;StudentAttendanceSystem;pair;983;24;43;35;190;100;0,4;0,19;1,21;0,29;31,68;32,68;2,75;2,08
8;StudentAttendanceSystem;state;984;21;37;8;43;100;0,32;0,4;0;0,08;32,68;32,68;1,04;0,8
8;StudentAttendanceSystem;transition;984;21;37;12;36;100;0,3;0,71;0;0,12;33,68;33,68;1,28;1,12
8;StudentAttendanceSystem;pair;984;21;37;31;177;100;0,26;0,22;1,02;0,24;34,68;34,68;2,35;1,74
8;StudentAttendanceSystem;state;985;23;41;9;45;100;0,36;0,39;0;0,08;34,68;34,68;0,99;0,83
8;StudentAttendanceSystem;transition;985;23;41;16;40;100;0,29;0,65;0;0,16;35,68;35,68;1,25;1,1
8;StudentAttendanceSystem;pair;985;23;41;33;170;100;0,3;0,19;1,04;0,27;36,68;36,68;2,46;1,8
8;StudentAttendanceSystem;state;986;21;36;8;43;100;0,3;0,32;0;0,06;37,68;37,68;0,79;0,68
8;StudentAttendanceSystem;transition;986;21;36;13;35;100;0,29;0,7;0;0,13;37,68;38,68;1,27;1,12
8;StudentAttendanceSystem;pair;986;21;36;29;155;100;0,27;0,17;0,8;0,22;38,68;39,68;2,06;1,47
8;StudentAttendanceSystem;state;987;27;56;12;67;100;0,37;0,43;0;0,12;39,68;39,68;1,05;0,92
8;StudentAttendanceSystem;transition;987;27;56;19;56;100;0,34;0,95;0;0,21;40,68;40,68;1,68;1,5
8;StudentAttendanceSystem;pair;987;27;56;51;291;100;0,37;0,28;1,85;0,38;42,68;42,68;3,64;2,88
8;StudentAttendanceSystem;state;988;20;37;8;41;100;0,3;0,35;0;0,07;42,68;43,68;0,86;0,72
8;StudentAttendanceSystem;transition;988;20;37;13;36;100;0,33;0,66;0;0,12;43,68;43,68;1,29;1,11
8;StudentAttendanceSystem;pair;988;20;37;33;181;100;0,36;0,18;1;0,25;44,68;44,68;2,39;1,8
8;StudentAttendanceSystem;state;989;18;27;7;37;100;0,29;0,3;0;0,05;45,68;45,68;0,76;0,64
8;StudentAttendanceSystem;transition;989;18;27;8;26;100;0,26;0,54;0;0,09;45,68;45,68;1,05;0,89
8;StudentAttendanceSystem;pair;989;18;27;19;96;100;0,26;0,1;0,41;0,12;46,68;46,68;1,3;0,89
8;StudentAttendanceSystem;state;990;19;34;7;36;100;0,29;0,35;0;0,06;47,68;47,68;0,82;0,69
8;StudentAttendanceSystem;transition;990;19;34;13;34;100;0,29;0,68;0;0,12;47,68;47,68;1,27;1,09
8;StudentAttendanceSystem;pair;990;19;34;30;152;100;0,31;0,13;0,63;0,22;48,68;48,68;1,86;1,29
8;StudentAttendanceSystem;state;991;31;62;14;78;100;0,43;0,66;0;0,14;49,68;49,68;1,37;1,22
8;StudentAttendanceSystem;transition;991;31;62;20;61;100;0,36;1,17;0;0,26;50,68;50,68;2,01;1,79
8;StudentAttendanceSystem;pair;991;31;62;58;336;100;0,44;0,36;2,14;0,45;52,68;52,68;4,24;3,39
8;StudentAttendanceSystem;state;992;22;41;9;47;100;0,33;0,52;0;0,07;53,68;53,68;1,09;0,92
8;StudentAttendanceSystem;transition;992;22;41;14;41;100;0,31;0,66;0;0,16;53,68;53,68;1,31;1,14
8;StudentAttendanceSystem;pair;992;22;41;41;223;100;0,32;0,21;1,19;0,28;55,68;55,68;2,68;2
8;StudentAttendanceSystem;state;993;24;43;9;50;100;0,33;0,37;0;0,08;55,68;55,68;0,91;0,78
8;StudentAttendanceSystem;transition;993;24;43;15;42;100;0,31;0,74;0;0,15;56,68;56,68;1,36;1,2
8;StudentAttendanceSystem;pair;993;24;43;34;182;100;0,34;0,17;0,87;0,24;57,68;57,68;2,26;1,61
8;StudentAttendanceSystem;state;994;27;53;12;68;100;0,43;0,47;0;0,13;58,68;58,68;1,19;1,02
8;StudentAttendanceSystem;transition;994;27;53;16;52;100;0,36;0,94;0;0,17;59,68;59,68;1,68;1,48
8;StudentAttendanceSystem;pair;994;27;53;43;263;100;0,4;0,23;1,54;0,39;60,68;61,68;3,34;2,55
8;StudentAttendanceSystem;state;995;20;37;8;41;100;0,34;0,4;0;0,08;61,68;61,68;0,98;0,82
8;StudentAttendanceSystem;transition;995;20;37;13;36;100;0,32;0,78;0;0,13;62,68;62,68;1,41;1,22
8;StudentAttendanceSystem;pair;995;20;37;33;181;100;0,29;0,16;0,79;0,24;63,68;63,68;2,03;1,48
8;StudentAttendanceSystem;state;996;23;41;9;45;100;0,29;0,37;0;0,09;63,68;64,68;0,91;0,74
8;StudentAttendanceSystem;transition;996;23;41;16;40;100;0,27;0,78;0;0,13;64,68;64,68;1,33;1,18
8;StudentAttendanceSystem;pair;996;23;41;33;170;100;0,33;0,24;0,95;0,28;65,68;65,68;2,45;1,79
8;StudentAttendanceSystem;state;997;21;39;8;42;100;0,31;0,33;0;0,06;66,68;66,68;0,83;0,7
8;StudentAttendanceSystem;transition;997;21;39;14;38;100;0,3;0,74;0;0,13;67,68;67,68;1,32;1,17
8;StudentAttendanceSystem;pair;997;21;39;35;191;100;0,31;0,17;1,1;0,27;68,68;68,68;2,51;1,85
8;StudentAttendanceSystem;state;998;21;37;8;41;100;0,38;0,35;0;0,06;68,68;68,68;0,93;0,79
8;StudentAttendanceSystem;transition;998;21;37;14;36;100;0,29;0,77;0;0,13;69,68;69,68;1,34;1,19
8;StudentAttendanceSystem;pair;998;21;37;30;157;100;0,29;0,19;0,92;0,22;70,68;70,68;2,36;1,62
8;StudentAttendanceSystem;state;999;22;43;10;53;100;0,33;0,47;0;0,09;71,68;71,68;1,02;0,89
8;StudentAttendanceSystem;transition;999;22;43;15;43;100;0,32;0,69;0;0,16;71,68;72,68;1,31;1,16
8;StudentAttendanceSystem;pair;999;22;43;38;212;100;0,27;0,2;1,05;0,25;73,68;73,68;2,32;1,77
8;StudentAttendanceSystem;state;1000;19;33;7;36;100;0,23;0,26;0;0,04;73,68;73,68;0,62;0,53
8;StudentAttendanceSystem;transition;1000;19;33;12;33;100;0,22;0,51;0;0,09;74,68;74,68;0,92;0,82
8;StudentAttendanceSystem;pair;1000;19;33;29;144;100;0,22;0,17;0,68;0,21;75,68;75,68;1,9;1,28
8;StudentAttendanceSystem;state;1001;21;40;9;44;100;0,3;0,44;0;0,08;75,68;76,68;1,01;0,82
8;StudentAttendanceSystem;transition;1001;21;40;15;39;100;0,29;0,71;0;0,14;76,68;76,68;1,31;1,14
8;StudentAttendanceSystem;pair;1001;21;40;35;191;100;0,28;0,2;1,09;0,28;77,68;78,68;2,59;1,84
8;StudentAttendanceSystem;state;1002;24;45;11;57;100;0,41;0,49;0;0,14;78,68;78,68;1,19;1,04
8;StudentAttendanceSystem;transition;1002;24;45;16;45;100;0,31;0,78;0;0,15;79,68;79,68;1,41;1,24
8;StudentAttendanceSystem;pair;1002;24;45;41;215;100;0,31;0,23;1,45;0,3;80,68;80,68;3,04;2,3
8;StudentAttendanceSystem;state;1003;24;47;11;62;100;0,39;0,44;0;0,11;81,68;81,68;1,09;0,94
8;StudentAttendanceSystem;transition;1003;24;47;14;47;100;0,34;0,77;0;0,14;82,68;82,68;1,43;1,25
8;StudentAttendanceSystem;pair;1003;24;47;44;256;100;0,33;0,26;1,23;0,4;83,68;83,68;2,92;2,22
8;StudentAttendanceSystem;state;1004;22;39;9;49;100;0,38;0,52;0;0,09;84,68;84,68;1,15;0,99
8;StudentAttendanceSystem;transition;1004;22;39;12;38;100;0,28;0,69;0;0,14;84,68;84,68;1,3;1,11
8;StudentAttendanceSystem;pair;1004;22;39;35;199;100;0,34;0,24;1,03;0,28;85,68;86,68;2,54;1,9
8;StudentAttendanceSystem;state;1005;26;49;10;56;100;0,43;0,46;0;0,1;86,68;86,68;1,14;0,99
8;StudentAttendanceSystem;transition;1005;26;49;17;48;100;0,41;0,94;0;0,19;87,68;87,68;1,75;1,53
8;StudentAttendanceSystem;pair;1005;26;49;42;232;100;0,35;0,2;1,37;0,38;88,68;89,68;2,99;2,3
8;StudentAttendanceSystem;state;1006;21;38;8;43;100;0,34;0,37;0;0,08;89,68;89,68;0,94;0,79
8;StudentAttendanceSystem;transition;1006;21;38;13;37;100;0,35;0,79;0;0,17;90,68;90,68;1,48;1,31
8;StudentAttendanceSystem;pair;1006;21;38;34;192;100;0,28;0,19;1;0,24;91,68;91,68;2,28;1,71
8;StudentAttendanceSystem;state;1007;21;38;8;42;100;0,28;0,33;0;0,06;92,68;92,68;0,79;0,67
8;StudentAttendanceSystem;transition;1007;21;38;13;37;100;0,28;0,61;0;0,11;92,68;92,68;1,13;1
8;StudentAttendanceSystem;pair;1007;21;38;33;183;100;0,35;0,19;1,14;0,33;93,68;94,68;2,6;2
8;StudentAttendanceSystem;state;1008;30;60;13;73;100;0,43;0,68;0;0,13;94,68;94,68;1,39;1,25
8;StudentAttendanceSystem;transition;1008;30;60;20;59;100;0,41;1,06;0;0,23;95,68;95,68;1,9;1,69
8;StudentAttendanceSystem;pair;1008;30;60;51;299;100;0,36;0,36;2,24;0,43;97,68;97,68;4,23;3,38
8;StudentAttendanceSystem;state;1009;26;52;11;62;100;0,41;0,5;0;0,1;98,68;98,68;1,16;1,02
8;StudentAttendanceSystem;transition;1009;26;52;16;52;100;0,39;0,88;0;0,18;98,68;99,68;1,61;1,45
8;StudentAttendanceSystem;pair;1009;26;52;42;252;100;0,39;0,23;1,38;0,34;100,68;100,68;3,03;2,34
8;StudentAttendanceSystem;state;1010;25;50;10;55;100;0,36;0,49;0;0,11;101,68;101,68;1,11;0,95
8;StudentAttendanceSystem;transition;1010;25;50;17;49;100;0,38;1,05;0;0,2;102,68;102,68;1,83;1,63
8;StudentAttendanceSystem;pair;1010;25;50;46;262;100;0,37;0,3;1,97;0,45;103,68;103,68;3,94;3,1
8;StudentAttendanceSystem;state;1011;21;41;9;50;100;0,41;0,44;0;0,09;104,68;104,68;1,1;0,94
8;StudentAttendanceSystem;transition;1011;21;41;13;41;100;0,36;0,82;0;0,17;104,68;105,68;1,57;1,35
8;StudentAttendanceSystem;pair;1011;21;41;41;237;100;0,35;0,23;1,41;0,35;106,68;106,68;3,03;2,33
8;StudentAttendanceSystem;state;1012;30;61;13;73;100;0,42;0,64;0;0,14;107,68;107,68;1,37;1,2
8;StudentAttendanceSystem;transition;1012;30;61;20;60;100;0,47;1,45;0;0,24;108,68;108,68;2,48;2,16
8;StudentAttendanceSystem;pair;1012;30;61;58;334;100;0,43;0,37;2,57;0,57;109,68;110,68;4,93;3,95
8;StudentAttendanceSystem;state;1013;23;41;10;56;100;0,41;0,43;0;0,1;110,68;110,68;1,12;0,94
8;StudentAttendanceSystem;transition;1013;23;41;13;40;100;0,38;0,84;0;0,15;111,68;111,68;1,66;1,37
8;StudentAttendanceSystem;pair;1013;23;41;36;195;100;0,36;0,24;1,24;0,35;112,68;112,68;2,91;2,19
8;StudentAttendanceSystem;state;1014;23;44;9;48;100;0,36;0,4;0;0,07;113,68;113,68;0,97;0,83
8;StudentAttendanceSystem;transition;1014;23;44;15;43;100;0,31;0,7;0;0,16;113,68;114,68;1,35;1,17
8;StudentAttendanceSystem;pair;1014;23;44;40;230;100;0,28;0,22;1,09;0,31;115,68;115,68;2,76;1,9
8;StudentAttendanceSystem;state;1015;21;38;10;53;100;0,34;0,38;0;0,09;116,68;116,68;0,95;0,81
8;StudentAttendanceSystem;transition;1015;21;38;12;38;100;0,38;0,63;0;0,09;116,68;116,68;1,28;1,1
8;StudentAttendanceSystem;pair;1015;21;38;32;171;100;0,27;0,17;0,76;0,23;117,68;117,68;2;1,42
8;StudentAttendanceSystem;state;1016;19;33;7;38;100;0,32;0,5;0;0,15;118,68;118,68;1,27;0,97
8;StudentAttendanceSystem;transition;1016;19;33;11;32;100;0,31;0,56;0;0,1;118,68;119,68;1,11;0,97
8;StudentAttendanceSystem;pair;1016;19;33;32;166;100;0,28;0,16;0,78;0,23;119,68;120,68;2,1;1,45
8;StudentAttendanceSystem;state;1017;20;39;9;47;100;0,3;0,37;0;0,07;120,68;120,68;0,88;0,74
8;StudentAttendanceSystem;transition;1017;20;39;13;39;100;0,3;0,64;0;0,11;121,68;121,68;1,19;1,05
8;StudentAttendanceSystem;pair;1017;20;39;35;191;100;0,27;0,24;0,86;0,25;122,68;122,68;2,19;1,61
8;StudentAttendanceSystem;state;1018;21;38;8;42;100;0,32;0,34;0;0,06;123,68;123,68;0,84;0,72
8;StudentAttendanceSystem;transition;1018;21;38;13;38;100;0,29;0,54;0;0,13;123,68;123,68;1,08;0,96
8;StudentAttendanceSystem;pair;1018;21;38;32;176;100;0,26;0,18;0,8;0,21;124,68;124,68;1,95;1,45
8;StudentAttendanceSystem;state;1019;23;45;9;50;100;0,34;0,42;0;0,08;125,68;125,68;0,98;0,84
8;StudentAttendanceSystem;transition;1019;23;45;16;45;100;0,36;0,78;0;0,14;126,68;126,68;1,45;1,28
8;StudentAttendanceSystem;pair;1019;23;45;41;223;100;0,34;0,18;0,96;0,28;127,68;127,68;2,31;1,76
8;StudentAttendanceSystem;state;1020;19;30;7;35;100;0,25;0,21;0;0,03;128,68;128,68;0,58;0,5
8;StudentAttendanceSystem;transition;1020;19;30;11;29;100;0,15;0,36;0;0,06;128,68;128,68;0,66;0,58
8;StudentAttendanceSystem;pair;1020;19;30;22;104;100;0,15;0,09;0,35;0,08;129,68;129,68;0,96;0,68
8;StudentAttendanceSystem;state;1021;29;59;13;69;100;0,27;0,37;0;0,08;130,68;130,68;0,8;0,72
8;StudentAttendanceSystem;transition;1021;29;59;19;58;100;0,26;0,78;0;0,12;131,68;131,68;1,28;1,16
8;StudentAttendanceSystem;pair;1021;29;59;53;308;100;0,24;0,22;1,49;0,44;132,68;133,68;3,03;2,4
8;StudentAttendanceSystem;state;1022;25;44;10;55;100;0,36;0,44;0;0,1;133,68;133,68;1,05;0,9
8;StudentAttendanceSystem;transition;1022;25;44;15;43;100;0,28;0,79;0;0,14;134,68;134,68;1,34;1,2
8;StudentAttendanceSystem;pair;1022;25;44;36;191;100;0,34;0,24;1;0,26;135,68;135,68;2,41;1,84
8;StudentAttendanceSystem;state;1023;17;27;6;31;100;0,24;0,28;0;0,06;136,68;136,68;0,69;0,58
8;StudentAttendanceSystem;transition;1023;17;27;9;27;100;0,31;0,52;0;0,07;136,68;136,68;1,02;0,9
8;StudentAttendanceSystem;pair;1023;17;27;23;113;100;0,28;0,13;0,48;0,14;137,68;137,68;1,48;1,03
8;StudentAttendanceSystem;state;1024;21;39;8;42;100;0,26;0,33;0;0,06;138,68;138,68;0,74;0,64
8;StudentAttendanceSystem;transition;1024;21;39;14;38;100;0,24;0,64;0;0,14;138,68;138,68;1,18;1,02
8;StudentAttendanceSystem;pair;1024;21;39;36;194;100;0,36;0,16;0,95;0,28;139,68;140,68;2,29;1,75
8;StudentAttendanceSystem;state;1025;24;48;11;62;100;0,34;0,42;0;0,09;140,68;140,68;1,01;0,85
8;StudentAttendanceSystem;transition;1025;24;48;14;48;100;0,37;0,79;0;0,17;141,68;141,68;1,5;1,33
8;StudentAttendanceSystem;pair;1025;24;48;40;242;100;0,32;0,23;1,23;0,46;142,68;143,68;2,98;2,23
8;StudentAttendanceSystem;state;1026;29;58;12;68;100;0,47;0,62;0;0,18;143,68;143,68;1,47;1,27
8;StudentAttendanceSystem;transition;1026;29;58;19;57;100;0,37;1,24;0;0,28;144,68;144,68;2,18;1,89
8;StudentAttendanceSystem;pair;1026;29;58;48;286;100;0,38;0,28;1,81;0,45;146,68;146,68;3,8;2,92
8;StudentAttendanceSystem;state;1027;21;39;8;42;100;0,35;0,36;0;0,08;146,68;147,68;0,94;0,8
8;StudentAttendanceSystem;transition;1027;21;39;14;39;100;0,29;0,62;0;0,12;147,68;147,68;1,18;1,03
8;StudentAttendanceSystem;pair;1027;21;39;35;187;100;0,36;0,19;0,92;0,23;148,68;148,68;2,35;1,71
8;StudentAttendanceSystem;state;1028;27;56;12;67;100;0,49;0,7;0;0,12;149,68;149,68;1,48;1,31
8;StudentAttendanceSystem;transition;1028;27;56;19;56;100;0,45;1,26;0;0,2;150,68;150,68;2,3;1,91
8;StudentAttendanceSystem;pair;1028;27;56;51;291;100;0,37;0,32;1,63;0,41;151,68;152,68;3,53;2,72
8;StudentAttendanceSystem;state;1029;22;40;8;42;100;0,35;0,37;0;0,1;152,68;152,68;1,03;0,82
8;StudentAttendanceSystem;transition;1029;22;40;13;39;100;0,42;0,72;0;0,12;153,68;153,68;1,47;1,26
8;StudentAttendanceSystem;pair;1029;22;40;39;215;100;0,32;0,19;1,1;0,28;154,68;154,68;2,6;1,89
8;StudentAttendanceSystem;state;1030;18;34;7;36;100;0,36;0,35;0;0,07;155,68;155,68;0,9;0,78
8;StudentAttendanceSystem;transition;1030;18;34;12;34;100;0,27;0,63;0;0,09;155,68;155,68;1,15;0,99
8;StudentAttendanceSystem;pair;1030;18;34;32;170;100;0,28;0,2;0,87;0,31;156,68;157,68;2,29;1,67
8;StudentAttendanceSystem;state;1031;18;33;7;37;100;0,36;0,43;0;0,07;157,68;157,68;1,04;0,86
8;StudentAttendanceSystem;transition;1031;18;33;11;33;100;0,33;0,84;0;0,13;158,68;158,68;1,46;1,3
8;StudentAttendanceSystem;pair;1031;18;33;30;168;100;0,25;0,13;0,73;0,2;159,68;159,68;1,82;1,31
8;StudentAttendanceSystem;state;1032;20;38;8;43;100;0,29;0,35;0;0,07;159,68;159,68;0,86;0,71
8;StudentAttendanceSystem;transition;1032;20;38;12;38;100;0,3;0,54;0;0,11;160,68;160,68;1,07;0,94
8;StudentAttendanceSystem;pair;1032;20;38;34;200;100;0,29;0,2;0,88;0,31;161,68;161,68;2,3;1,68
8;StudentAttendanceSystem;state;1033;21;38;9;47;100;0,3;0,36;0;0,08;162,68;162,68;0,86;0,74
8;StudentAttendanceSystem;transition;1033;21;38;13;37;100;0,26;0,57;0;0,14;162,68;163,68;1,17;0,98
8;StudentAttendanceSystem;pair;1033;21;38;33;172;100;0,28;0,18;0,95;0,21;163,68;164,68;2,17;1,63
8;StudentAttendanceSystem;state;1034;21;41;8;40;100;0,28;0,32;0;0,06;164,68;164,68;0,75;0,65
8;StudentAttendanceSystem;transition;1034;21;41;16;41;100;0,26;0,81;0;0,15;165,68;165,68;1,38;1,21
8;StudentAttendanceSystem;pair;1034;21;41;36;194;100;0,29;0,2;1,06;0,27;166,68;166,68;2,53;1,82
8;StudentAttendanceSystem;state;1035;20;36;8;42;100;0,32;0,4;0;0,08;167,68;167,68;0,96;0,8
8;StudentAttendanceSystem;transition;1035;20;36;11;36;100;0,33;0,67;0;0,1;167,68;167,68;1,28;1,1
8;StudentAttendanceSystem;pair;1035;20;36;33;173;100;0,29;0,18;0,96;0,27;168,68;169,68;2,48;1,7
8;StudentAttendanceSystem;state;1036;27;54;12;66;100;0,37;0,48;0;0,11;169,68;169,68;1,12;0,96
8;StudentAttendanceSystem;transition;1036;27;54;17;53;100;0,38;0,95;0;0,19;170,68;170,68;1,73;1,51
8;StudentAttendanceSystem;pair;1036;27;54;46;272;100;0,41;0,28;1,41;0,36;171,68;172,68;3,33;2,46
8;StudentAttendanceSystem;state;1037;16;26;6;31;100;0,29;0,29;0;0,06;172,68;172,68;0,84;0,64
8;StudentAttendanceSystem;transition;1037;16;26;8;26;100;0,27;0,68;0;0,07;173,68;173,68;1,2;1,03
8;StudentAttendanceSystem;pair;1037;16;26;19;103;100;0,24;0,12;0,46;0,13;173,68;174,68;1,5;0,96
8;StudentAttendanceSystem;state;1038;18;32;7;35;100;0,33;0,39;0;0,07;174,68;174,68;0,95;0,79
8;StudentAttendanceSystem;transition;1038;18;32;12;32;100;0,28;0,66;0;0,12;175,68;175,68;1,24;1,06
8;StudentAttendanceSystem;pair;1038;18;32;27;139;100;0,29;0,16;0,72;0,21;175,68;176,68;2;1,38
8;StudentAttendanceSystem;state;1039;20;39;8;43;100;0,32;0,42;0;0,08;176,68;176,68;0,96;0,81
8;StudentAttendanceSystem;transition;1039;20;39;13;39;100;0,35;0,68;0;0,13;177,68;177,68;1,34;1,16
8;StudentAttendanceSystem;pair;1039;20;39;37;215;100;0,34;0,21;1,25;0,31;178,68;178,68;2,95;2,11
8;StudentAttendanceSystem;state;1040;22;40;9;48;100;0,31;0,42;0;0,09;179,68;179,68;0,98;0,82
8;StudentAttendanceSystem;transition;1040;22;40;14;39;100;0,65;0,72;0;0,15;179,68;179,68;1,73;1,52
8;StudentAttendanceSystem;pair;1040;22;40;35;181;100;0,3;0,16;0,86;0,28;180,68;181,68;2,28;1,6
8;StudentAttendanceSystem;state;1041;26;49;11;58;100;0,33;0,43;0;0,09;181,68;181,68;0,99;0,86
8;StudentAttendanceSystem;transition;1041;26;49;18;48;100;0,35;0,86;0;0,16;182,68;182,68;1,53;1,37
8;StudentAttendanceSystem;pair;1041;26;49;46;242;100;0,36;0,2;1,19;0,22;183,68;184,68;2,55;1,97
8;StudentAttendanceSystem;state;1042;26;53;11;62;100;0,25;0,4;0;0,09;184,68;184,68;0,93;0,75
8;StudentAttendanceSystem;transition;1042;26;53;17;53;100;2,2;0,72;0;0,16;5,69;5,69;3,29;3,09
8;StudentAttendanceSystem;pair;1042;26;53;45;267;100;0,32;0,31;1,55;0,44;6,69;7,69;3,48;2,63
8;StudentAttendanceSystem;state;1043;23;43;9;49;100;0,36;0,46;0;0,09;7,69;7,69;1,08;0,91
8;StudentAttendanceSystem;transition;1043;23;43;14;42;100;0,36;0,7;0;0,16;8,69;8,69;1,42;1,22
8;StudentAttendanceSystem;pair;1043;23;43;38;224;100;0,35;0,23;1,33;0,34;9,69;10,69;2,95;2,25
8;StudentAttendanceSystem;state;1044;21;40;8;42;100;0,31;0,38;0;0,08;10,69;10,69;0,99;0,76
8;StudentAttendanceSystem;transition;1044;21;40;15;40;100;0,3;0,78;0;0,15;11,69;11,69;1,42;1,23
8;StudentAttendanceSystem;pair;1044;21;40;38;202;100;0,31;0,2;1,19;0,27;12,69;12,69;2,57;1,97
8;StudentAttendanceSystem;state;1045;21;35;8;43;100;0,29;0,41;0;0,08;13,69;13,69;0,92;0,78
8;StudentAttendanceSystem;transition;1045;21;35;12;34;100;0,26;0,62;0;0,11;13,69;13,69;1,14;0,99
8;StudentAttendanceSystem;pair;1045;21;35;26;140;100;0,28;0,16;0,8;0,18;14,69;14,69;1,93;1,41
8;StudentAttendanceSystem;state;1046;22;38;8;42;100;0,3;0,34;0;0,07;15,69;15,69;0,85;0,71
8;StudentAttendanceSystem;transition;1046;22;38;14;37;100;0,32;0,66;0;0,14;15,69;16,69;1,27;1,12
8;StudentAttendanceSystem;pair;1046;22;38;32;164;100;0,27;0,15;0,84;0,22;16,69;17,69;2,02;1,48
8;StudentAttendanceSystem;state;1047;22;43;10;51;100;0,47;0,39;0;0,09;17,69;17,69;1,1;0,96
8;StudentAttendanceSystem;transition;1047;22;43;15;43;100;0,33;0,75;0;0,13;18,69;18,69;1,37;1,21
8;StudentAttendanceSystem;pair;1047;22;43;36;198;100;0,28;0,24;1,16;0,26;19,69;19,69;2,45;1,93
8;StudentAttendanceSystem;state;1048;24;49;11;60;100;0,39;0,49;0;0,13;20,69;20,69;1,13;1
8;StudentAttendanceSystem;transition;1048;24;49;15;49;100;0,32;0,89;0;0,16;21,69;21,69;1,68;1,38
8;StudentAttendanceSystem;pair;1048;24;49;42;248;100;0,37;0,21;1,36;0,37;22,69;22,69;3,02;2,31
8;StudentAttendanceSystem;state;1049;22;41;9;48;100;0,34;0,38;0;0,07;23,69;23,69;0,92;0,79
8;StudentAttendanceSystem;transition;1049;22;41;15;41;100;0,39;0,68;0;0,18;23,69;24,69;1,4;1,25
8;StudentAttendanceSystem;pair;1049;22;41;38;193;100;0,34;0,31;1,02;0,25;25,69;25,69;2,54;1,92
8;StudentAttendanceSystem;state;1050;19;33;7;36;100;0,27;0,33;0;0,06;25,69;25,69;0,83;0,66
8;StudentAttendanceSystem;transition;1050;19;33;12;32;100;0,29;0,6;0;0,11;26,69;26,69;1,19;0,99
8;StudentAttendanceSystem;pair;1050;19;33;28;144;100;0,26;0,17;0,84;0,19;27,69;27,69;2,01;1,46
8;StudentAttendanceSystem;state;1051;23;45;9;48;100;0,35;0,38;0;0,09;27,69;28,69;0,95;0,82
8;StudentAttendanceSystem;transition;1051;23;45;16;45;100;0,29;0,76;0;0,14;28,69;28,69;1,34;1,19
8;StudentAttendanceSystem;pair;1051;23;45;42;238;100;0,34;0,19;1,34;0,35;29,69;30,69;3,01;2,21
8;StudentAttendanceSystem;state;1052;23;45;10;56;100;0,44;0,44;0;0,1;30,69;30,69;1,12;0,98
8;StudentAttendanceSystem;transition;1052;23;45;14;45;100;0,38;0,75;0;0,13;31,69;31,69;1,44;1,26
8;StudentAttendanceSystem;pair;1052;23;45;40;234;100;0,32;0,22;1,07;0,47;32,69;33,69;2,83;2,07
8;StudentAttendanceSystem;state;1053;26;52;11;61;100;0,47;0,58;0;0,13;33,69;33,69;1,33;1,17
8;StudentAttendanceSystem;transition;1053;26;52;17;52;100;0,42;1,07;0;0,2;34,69;34,69;1,89;1,69
8;StudentAttendanceSystem;pair;1053;26;52;51;291;100;0,38;0,3;1,72;0,39;35,69;36,69;3,6;2,79
8;StudentAttendanceSystem;state;1054;25;50;10;55;100;0,42;0,56;0;0,09;36,69;36,69;1,23;1,07
8;StudentAttendanceSystem;transition;1054;25;50;17;49;100;0,34;0,86;0;0,19;37,69;37,69;1,57;1,39
8;StudentAttendanceSystem;pair;1054;25;50;46;262;100;0,33;0,24;1,45;0,38;39,69;39,69;3,26;2,4
8;StudentAttendanceSystem;state;1055;25;50;10;55;100;0,43;0,6;0;0,14;39,69;40,69;1,35;1,18
8;StudentAttendanceSystem;transition;1055;25;50;17;49;100;0,43;1,05;0;0,18;40,69;40,69;1,83;1,66
8;StudentAttendanceSystem;pair;1055;25;50;46;262;100;0,35;0,25;1,63;0,38;42,69;42,69;3,29;2,62
8;StudentAttendanceSystem;state;1056;21;34;8;41;100;0,35;0,44;0;0,09;42,69;43,69;1,12;0,89
8;StudentAttendanceSystem;transition;1056;21;34;12;33;100;0,35;0,75;0;0,13;43,69;43,69;1,39;1,23
8;StudentAttendanceSystem;pair;1056;21;34;32;157;100;0,36;0,18;0,8;0,23;44,69;44,69;2,17;1,58
8;StudentAttendanceSystem;state;1057;17;26;6;31;100;0,3;0,31;0;0,06;45,69;45,69;0,8;0,67
8;StudentAttendanceSystem;transition;1057;17;26;8;26;100;0,24;0,51;0;0,07;45,69;45,69;0,95;0,82
8;StudentAttendanceSystem;pair;1057;17;26;21;101;100;0,23;0,31;0,4;0,13;46,69;46,69;1,5;1,07
8;StudentAttendanceSystem;state;1058;18;33;8;41;100;0,36;0,31;0;0,06;46,69;46,69;0,84;0,73
8;StudentAttendanceSystem;transition;1058;18;33;11;33;100;0,24;0,49;0;0,11;47,69;47,69;0,97;0,83
8;StudentAttendanceSystem;pair;1058;18;33;27;141;100;0,25;0,18;0,77;0,19;48,69;48,69;1,9;1,39
8;StudentAttendanceSystem;state;1059;20;40;8;42;100;0,37;0,38;0;0,07;49,69;49,69;0,97;0,81
8;StudentAttendanceSystem;transition;1059;20;40;14;40;100;0,3;0,63;0;0,12;49,69;49,69;1,22;1,05
8;StudentAttendanceSystem;pair;1059;20;40;39;217;100;0,3;0,24;1,26;0,34;50,69;51,69;2,75;2,15
8;StudentAttendanceSystem;state;1060;28;56;13;72;100;0,36;0,49;0;0,12;51,69;51,69;1,13;0,98
8;StudentAttendanceSystem;transition;1060;28;56;17;56;100;0,38;1,05;0;0,2;52,69;52,69;1,89;1,63
8;StudentAttendanceSystem;pair;1060;28;56;51;297;100;0,35;0,46;1,93;0,38;54,69;54,69;3,87;3,12
8;StudentAttendanceSystem;state;1061;24;45;10;55;100;0,34;0,38;0;0,08;55,69;55,69;0,9;0,79
8;StudentAttendanceSystem;transition;1061;24;45;15;45;100;0,32;0,65;0;0,16;55,69;55,69;1,32;1,13
8;StudentAttendanceSystem;pair;1061;24;45;38;210;100;0,33;0,18;1,32;0,29;56,69;57,69;2,77;2,12
8;StudentAttendanceSystem;state;1062;20;36;8;39;100;0,2;0,39;0;0,1;57,69;57,69;0,82;0,69
8;StudentAttendanceSystem;transition;1062;20;36;14;36;100;0,3;0,73;0;0,11;58,69;58,69;1,28;1,14
8;StudentAttendanceSystem;pair;1062;20;36;30;153;100;0,27;0,14;0,72;0,18;59,69;59,69;1,8;1,3
8;StudentAttendanceSystem;state;1063;16;29;7;32;100;0,23;0,32;0;0,05;59,69;59,69;0,68;0,59
8;StudentAttendanceSystem;transition;1063;16;29;11;29;100;0,22;0,51;0;0,08;60,69;60,69;0,95;0,81
8;StudentAttendanceSystem;pair;1063;16;29;25;122;100;0,22;0,1;0,42;0,18;61,69;61,69;1,33;0,91
8;StudentAttendanceSystem;state;1064;19;34;8;42;100;0,27;0,33;0;0,08;61,69;61,69;0,8;0,69
8;StudentAttendanceSystem;transition;1064;19;34;11;34;100;0,27;0,54;0;0,09;62,69;62,69;1,04;0,91
8;StudentAttendanceSystem;pair;1064;19;34;27;143;100;0,21;0,14;0,65;0,19;63,69;63,69;1,57;1,19
8;StudentAttendanceSystem;state;1065;22;42;9;45;100;0,28;0,38;0;0,07;64,69;64,69;0,87;0,73
8;StudentAttendanceSystem;transition;1065;22;42;16;41;100;0,26;0,7;0;0,13;64,69;64,69;1,23;1,09
8;StudentAttendanceSystem;pair;1065;22;42;38;204;100;0,27;0,19;1,05;0,34;65,69;66,69;2,4;1,84
8;StudentAttendanceSystem;state;1066;22;41;10;52;100;0,34;0,36;0;0,1;66,69;66,69;0,93;0,81
8;StudentAttendanceSystem;transition;1066;22;41;15;41;100;0,28;0,65;0;0,15;67,69;67,69;1,24;1,09
8;StudentAttendanceSystem;pair;1066;22;41;32;171;100;0,37;0,19;1,04;0,21;68,69;68,69;2,34;1,82
8;StudentAttendanceSystem;state;1067;23;41;10;56;100;0,28;0,4;0;0,08;69,69;69,69;0,87;0,76
8;StudentAttendanceSystem;transition;1067;23;41;13;40;100;0,27;0,63;0;0,17;69,69;69,69;1,22;1,06
8;StudentAttendanceSystem;pair;1067;23;41;36;195;100;0,36;0,19;0,73;0,16;70,69;71,69;1,99;1,44
8;StudentAttendanceSystem;state;1068;28;55;11;62;100;0,29;0,45;0;0,11;71,69;71,69;0,97;0,84
8;StudentAttendanceSystem;transition;1068;28;55;19;54;100;0,4;1,03;0;0,19;72,69;72,69;1,79;1,63
8;StudentAttendanceSystem;pair;1068;28;55;49;283;100;0,37;0,33;1,76;0,5;74,69;74,69;3,77;2,97
8;StudentAttendanceSystem;state;1069;21;38;9;48;100;0,29;0,35;0;0,08;75,69;75,69;0,86;0,73
8;StudentAttendanceSystem;transition;1069;21;38;13;38;100;0,27;0,62;0;0,12;75,69;75,69;1,16;1,01
8;StudentAttendanceSystem;pair;1069;21;38;31;161;100;0,36;0,15;0,67;0,2;76,69;76,69;1,91;1,38
8;StudentAttendanceSystem;state;1070;27;55;12;67;100;0,41;0,48;0;0,12;77,69;77,69;1,15;1,02
8;StudentAttendanceSystem;transition;1070;27;55;18;55;100;0,42;0,99;0;0,17;78,69;78,69;1,77;1,58
8;StudentAttendanceSystem;pair;1070;27;55;48;276;100;0,33;0,29;2,3;0,48;79,69;80,69;4,32;3,4
8;StudentAttendanceSystem;state;1071;16;26;6;31;100;0,34;0,34;0;0,05;80,69;80,69;0,88;0,73
8;StudentAttendanceSystem;transition;1071;16;26;8;26;100;0,32;0,65;0;0,09;81,69;81,69;1,22;1,05
8;StudentAttendanceSystem;pair;1071;16;26;20;106;100;0,33;0,14;0,75;0,17;81,69;81,69;1,96;1,39
8;StudentAttendanceSystem;state;1072;27;51;11;61;100;0,43;0,68;0;0,14;82,69;82,69;1,43;1,25
8;StudentAttendanceSystem;transition;1072;27;51;18;50;100;0,44;1,17;0;0,21;83,69;83,69;2,05;1,82
8;StudentAttendanceSystem;pair;1072;27;51;45;245;100;0,49;0,37;1,79;0,37;84,69;85,69;3,98;3,02
8;StudentAttendanceSystem;state;1073;23;44;9;48;100;0,48;0,39;0;0,08;85,69;85,69;1,09;0,95
8;StudentAttendanceSystem;transition;1073;23;44;15;43;100;0,36;0,71;0;0,16;86,69;86,69;1,41;1,23
8;StudentAttendanceSystem;pair;1073;23;44;40;230;100;0,38;0,19;1,27;0,31;87,69;87,69;2,83;2,16
8;StudentAttendanceSystem;state;1074;23;48;10;55;100;0,35;0,47;0;0,11;88,69;88,69;1,07;0,93
8;StudentAttendanceSystem;transition;1074;23;48;15;48;100;0,33;0,8;0;0,14;89,69;89,69;1,42;1,27
8;StudentAttendanceSystem;pair;1074;23;48;42;246;100;0,34;0,25;1,22;0,36;90,69;90,69;2,84;2,17
8;StudentAttendanceSystem;state;1075;20;33;7;37;100;0,33;0,36;0;0,06;91,69;91,69;0,89;0,76
8;StudentAttendanceSystem;transition;1075;20;33;12;32;100;0,24;0,55;0;0,11;91,69;91,69;1,04;0,9
8;StudentAttendanceSystem;pair;1075;20;33;30;148;100;0,27;0,13;0,74;0,23;92,69;92,69;1,93;1,37
8;StudentAttendanceSystem;state;1076;17;28;7;33;100;0,33;0,32;0;0,05;93,69;93,69;0,81;0,69
8;StudentAttendanceSystem;transition;1076;17;28;11;27;100;0,21;0,46;0;0,08;93,69;93,69;0,87;0,75
8;StudentAttendanceSystem;pair;1076;17;28;20;93;100;0,29;0,13;0,55;0,13;94,69;94,69;1,58;1,11
8;StudentAttendanceSystem;state;1077;24;45;9;48;100;0,34;0,44;0;0,08;95,69;95,69;0,99;0,86
8;StudentAttendanceSystem;transition;1077;24;45;17;44;100;0,3;0,79;0;0,17;95,69;96,69;1,43;1,26
8;StudentAttendanceSystem;pair;1077;24;45;42;226;100;0,3;0,21;1,14;0,3;97,69;97,69;2,75;1,95
8;StudentAttendanceSystem;state;1078;26;50;11;62;100;0,4;0,42;0;0,09;98,69;98,69;1,05;0,91
8;StudentAttendanceSystem;transition;1078;26;50;16;49;100;0,38;0,76;0;0,17;98,69;98,69;1,48;1,32
8;StudentAttendanceSystem;pair;1078;26;50;44;258;100;0,35;0,22;1,31;0,34;100,69;100,69;2,97;2,23
8;StudentAttendanceSystem;state;1079;26;50;10;54;100;0,35;0,42;0;0,09;101,69;101,69;0,96;0,85
8;StudentAttendanceSystem;transition;1079;26;50;18;49;100;0,31;0,84;0;0,17;101,69;102,69;1,51;1,32
8;StudentAttendanceSystem;pair;1079;26;50;46;258;100;0,41;0,29;1,62;0,36;103,69;103,69;3,41;2,67
8;StudentAttendanceSystem;state;1080;27;56;12;65;100;0,47;0,53;0;0,1;104,69;104,69;1,23;1,1
8;StudentAttendanceSystem;transition;1080;27;56;19;56;100;0,4;0,98;0;0,17;105,69;105,69;1,71;1,55
8;StudentAttendanceSystem;pair;1080;27;56;47;275;100;0,34;0,27;1,57;0,36;106,69;106,69;3,24;2,54
8;StudentAttendanceSystem;state;1081;26;51;10;54;100;0,36;0,46;0;0,1;107,69;107,69;1,08;0,93
8;StudentAttendanceSystem;transition;1081;26;51;18;50;100;0,39;0,9;0;0,18;108,69;108,69;1,66;1,47
8;StudentAttendanceSystem;pair;1081;26;51;52;292;100;0,34;0,25;1,75;0,4;109,69;110,69;3,49;2,75
8;StudentAttendanceSystem;state;1082;22;39;8;42;100;0,3;0,36;0;0,07;110,69;110,69;0,87;0,73
8;StudentAttendanceSystem;transition;1082;22;39;15;38;100;0,31;0,67;0;0,18;111,69;111,69;1,35;1,16
8;StudentAttendanceSystem;pair;1082;22;39;34;176;100;0,29;0,16;0,98;0,25;112,69;112,69;2,25;1,68
8;StudentAttendanceSystem;state;1083;20;37;8;43;100;0,31;0,37;0;0,07;113,69;113,69;0,87;0,75
8;StudentAttendanceSystem;transition;1083;20;37;13;37;100;0,33;0,59;0;0,08;113,69;113,69;1,12;1
8;StudentAttendanceSystem;pair;1083;20;37;31;175;100;0,2;0,13;0,81;0,23;114,69;115,69;1,79;1,36
8;StudentAttendanceSystem;state;1084;30;60;13;70;100;0,39;0,59;0;0,14;115,69;115,69;1,27;1,12
8;StudentAttendanceSystem;transition;1084;30;60;22;59;100;0,4;0,98;0;0,2;116,69;116,69;1,75;1,58
8;StudentAttendanceSystem;pair;1084;30;60;54;306;100;0,34;0,28;2,05;0,47;118,69;118,69;3,97;3,14
8;StudentAttendanceSystem;state;1085;18;29;7;34;100;0,3;0,32;0;0,05;119,69;119,69;0,79;0,67
8;StudentAttendanceSystem;transition;1085;18;29;11;28;100;0,28;0,5;0;0,09;119,69;119,69;1;0,86
8;StudentAttendanceSystem;pair;1085;18;29;20;98;100;0,26;0,13;0,42;0,15;120,69;120,69;1,41;0,95
8;StudentAttendanceSystem;state;1086;21;38;8;43;100;0,29;0,37;0;0,08;120,69;121,69;0,88;0,73
8;StudentAttendanceSystem;transition;1086;21;38;13;37;100;0,32;0,61;0;0,13;121,69;121,69;1,2;1,06
8;StudentAttendanceSystem;pair;1086;21;38;33;189;100;0,27;0,15;0,8;0,25;122,69;122,69;2,03;1,48
8;StudentAttendanceSystem;state;1087;26;52;11;62;100;0,4;0,38;0;0,07;123,69;123,69;0,97;0,85
8;StudentAttendanceSystem;transition;1087;26;52;16;52;100;0,32;0,78;0;0,15;124,69;124,69;1,4;1,25
8;StudentAttendanceSystem;pair;1087;26;52;42;252;100;0,33;0,39;1,42;0,37;125,69;126,69;3,16;2,51
8;StudentAttendanceSystem;state;1088;22;44;10;53;100;0,33;0,42;0;0,07;126,69;126,69;0,93;0,82
8;StudentAttendanceSystem;transition;1088;22;44;15;44;100;0,31;0,72;0;0,15;127,69;127,69;1,36;1,17
8;StudentAttendanceSystem;pair;1088;22;44;45;253;100;0,32;0,22;1,31;0,33;128,69;128,69;2,76;2,18
8;StudentAttendanceSystem;state;1089;30;60;13;71;100;0,41;0,54;0;0,13;129,69;129,69;1,24;1,08
8;StudentAttendanceSystem;transition;1089;30;60;20;59;100;0,37;1,03;0;0,25;130,69;130,69;1,84;1,65
8;StudentAttendanceSystem;pair;1089;30;60;47;281;100;0,36;0,31;1,74;0,41;131,69;132,69;3,64;2,83
8;StudentAttendanceSystem;state;1090;21;37;8;43;100;0,32;0,35;0;0,08;132,69;132,69;0,86;0,74
8;StudentAttendanceSystem;transition;1090;21;37;12;36;100;0,37;0,57;0;0,12;133,69;133,69;1,2;1,06
8;StudentAttendanceSystem;pair;1090;21;37;31;177;100;0,28;0,17;0,86;0,23;134,69;134,69;2,1;1,54
8;StudentAttendanceSystem;state;1091;20;34;7;36;100;0,33;0,35;0;0,05;135,69;135,69;0,84;0,73
8;StudentAttendanceSystem;transition;1091;20;34;11;33;100;0,25;0,53;0;0,1;135,69;135,69;1,03;0,88
8;StudentAttendanceSystem;pair;1091;20;34;32;168;100;0,26;0,17;0,72;0,23;136,69;137,69;1,9;1,37
8;StudentAttendanceSystem;state;1092;23;41;9;48;100;0,34;0,38;0;0,07;137,69;137,69;0,92;0,79
8;StudentAttendanceSystem;transition;1092;23;41;13;40;100;0,3;0,7;0;0,11;138,69;138,69;1,25;1,12
8;StudentAttendanceSystem;pair;1092;23;41;37;197;100;0,31;0,17;1,05;0,26;139,69;139,69;2,34;1,79
8;StudentAttendanceSystem;state;1093;28;55;13;74;100;0,41;0,62;0;0,13;140,69;140,69;1,28;1,15
8;StudentAttendanceSystem;transition;1093;28;55;16;54;100;0,36;1;0;0,22;140,69;141,69;1,8;1,58
8;StudentAttendanceSystem;pair;1093;28;55;48;288;100;0,33;0,26;1,78;0,56;142,69;142,69;3,7;2,94
8;StudentAttendanceSystem;state;1094;23;44;9;49;100;0,36;0,39;0;0,09;143,69;143,69;0,98;0,84
8;StudentAttendanceSystem;transition;1094;23;44;15;43;100;0,3;0,66;0;0,14;144,69;144,69;1,24;1,09
8;StudentAttendanceSystem;pair;1094;23;44;39;215;100;0,31;0,22;1,13;0,38;145,69;145,69;2,66;2,04
8;StudentAttendanceSystem;state;1095;18;32;7;35;100;0,29;0,31;0;0,06;146,69;146,69;0,79;0,66
8;StudentAttendanceSystem;transition;1095;18;32;12;32;100;0,25;0,65;0;0,11;146,69;146,69;1,18;1,02
8;StudentAttendanceSystem;pair;1095;18;32;29;146;100;0,28;0,13;0,61;0,2;147,69;147,69;1,69;1,21
8;StudentAttendanceSystem;state;1096;19;33;7;36;100;0,25;0,35;0;0,06;148,69;148,69;0,76;0,65
8;StudentAttendanceSystem;transition;1096;19;33;12;33;100;0,36;0,55;0;0,1;148,69;148,69;1,15;1,01
8;StudentAttendanceSystem;pair;1096;19;33;28;140;100;0,26;0,17;0,84;0,17;149,69;149,69;1,9;1,42
8;StudentAttendanceSystem;state;1097;29;58;12;67;100;0,38;0,56;0;0,12;150,69;150,69;1,2;1,06
8;StudentAttendanceSystem;transition;1097;29;58;20;57;100;0,33;0,92;0;0,13;151,69;151,69;1,52;1,39
8;StudentAttendanceSystem;pair;1097;29;58;58;326;100;0,27;0,33;1,7;0,42;152,69;153,69;3,42;2,73
8;StudentAttendanceSystem;state;1098;23;40;9;47;100;0,35;0,34;0;0,07;153,69;153,69;0,87;0,76
8;StudentAttendanceSystem;transition;1098;23;40;14;39;100;0,26;0,71;0;0,12;154,69;154,69;1,23;1,1
8;StudentAttendanceSystem;pair;1098;23;40;37;195;100;0,31;0,15;0,94;0,26;155,69;156,69;2,22;1,66
8;StudentAttendanceSystem;state;1099;30;60;13;73;100;0,26;0,34;0;0,09;156,69;156,69;0,79;0,69
8;StudentAttendanceSystem;transition;1099;30;60;19;59;100;0,37;0,93;0;0,14;157,69;157,69;1,6;1,43
8;StudentAttendanceSystem;pair;1099;30;60;55;319;100;0,25;0,36;1,83;0,42;159,69;159,69;3,5;2,86
8;StudentAttendanceSystem;state;1100;25;51;11;57;100;0,35;0,45;0;0,09;160,69;160,69;1,02;0,89
8;StudentAttendanceSystem;transition;1100;25;51;17;51;100;0,23;0,55;0;0,16;160,69;161,69;1,09;0,94
8;StudentAttendanceSystem;pair;1100;25;51;50;282;100;0,24;0,2;1,47;0,33;162,69;162,69;2,81;2,23
8;StudentAttendanceSystem;state;1101;30;61;13;71;100;0,27;0,54;0;0,11;163,69;163,69;1,05;0,92
8;StudentAttendanceSystem;transition;1101;30;61;21;60;100;0,33;0,93;0;0,2;164,69;164,69;1,61;1,46
8;StudentAttendanceSystem;pair;1101;30;61;52;304;100;0,35;0,27;1,46;0,4;165,69;166,69;3,18;2,47
8;StudentAttendanceSystem;state;1102;18;34;7;37;100;0,22;0,31;0;0,04;166,69;166,69;0,65;0,57
8;StudentAttendanceSystem;transition;1102;18;34;11;34;100;0,25;0,36;0;0,06;167,69;167,69;0,76;0,67
8;StudentAttendanceSystem;pair;1102;18;34;35;189;100;0,16;0,12;0,74;0,15;168,69;168,69;1,5;1,17
8;StudentAttendanceSystem;state;1103;23;41;8;43;100;0,2;0,28;0;0,05;169,69;169,69;0,6;0,53
8;StudentAttendanceSystem;transition;1103;23;41;14;40;100;0,19;0,63;0;0,13;169,69;169,69;1,08;0,95
8;StudentAttendanceSystem;pair;1103;23;41;31;178;100;0,29;0,14;0,71;0,22;170,69;171,69;1,9;1,36
8;StudentAttendanceSystem;state;1104;22;39;9;49;100;0,2;0,23;0;0,05;171,69;171,69;0,56;0,48
8;StudentAttendanceSystem;transition;1104;22;39;13;39;100;0,24;0,58;0;0,11;172,69;172,69;1,06;0,93
8;StudentAttendanceSystem;pair;1104;22;39;30;160;100;0,2;0,14;0,79;0,19;173,69;173,69;1,76;1,31
8;StudentAttendanceSystem;state;1105;26;53;11;58;100;0,29;0,41;0;0,09;174,69;174,69;0,9;0,79
8;StudentAttendanceSystem;transition;1105;26;53;19;52;100;0,31;0,8;0;0,19;174,69;175,69;1,44;1,29
8;StudentAttendanceSystem;pair;1105;26;53;48;272;100;0,32;0,24;1,27;0,36;176,69;176,69;2,86;2,19
8;StudentAttendanceSystem;state;1106;23;43;9;49;100;0,36;0,37;0;0,09;177,69;177,69;0,94;0,82
8;StudentAttendanceSystem;transition;1106;23;43;14;42;100;0,34;0,5;0;0,09;177,69;178,69;1,03;0,93
8;StudentAttendanceSystem;pair;1106;23;43;38;224;100;0,21;0,15;0,81;0,19;179,69;179,69;1,8;1,35
8;StudentAttendanceSystem;state;1107;29;59;12;65;100;0,29;0,35;0;0,07;180,69;180,69;0,84;0,71
8;StudentAttendanceSystem;transition;1107;29;59;22;58;100;0,28;0,7;0;0,13;180,69;181,69;1,24;1,12
8;StudentAttendanceSystem;pair;1107;29;59;54;304;100;0,24;0,24;1,53;0,46;182,69;183,69;3,21;2,47
8;StudentAttendanceSystem;state;1108;25;51;12;65;100;0,25;0,35;0;0,07;183,69;183,69;0,78;0,67
8;StudentAttendanceSystem;transition;1108;25;51;17;51;100;0,23;0,57;0;0,11;184,69;184,69;1,01;0,91
8;StudentAttendanceSystem;pair;1108;25;51;49;281;100;0,23;1,88;1,26;0,23;185,74;6,74;4,11;3,59
8;StudentAttendanceSystem;state;1109;20;36;8;40;100;0,2;0,21;0;0,08;6,74;6,74;0,72;0,49
8;StudentAttendanceSystem;transition;1109;20;36;14;35;100;0,28;0,66;0;0,14;7,74;7,74;1,28;1,08
8;StudentAttendanceSystem;pair;1109;20;36;31;157;100;0,29;0,18;0,76;0,19;8,74;8,74;1,9;1,42
8;StudentAttendanceSystem;state;1110;28;54;11;62;100;0,4;0,42;0;0,09;9,74;9,74;1,05;0,92
8;StudentAttendanceSystem;transition;1110;28;54;18;53;100;0,39;0,86;0;0,19;9,74;10,74;1,61;1,44
8;StudentAttendanceSystem;pair;1110;28;54;46;268;100;0,37;0,32;1,36;0,24;11,74;11,74;2,91;2,28
8;StudentAttendanceSystem;state;1111;26;51;11;61;100;0,31;0,29;0;0,09;12,74;12,74;0,82;0,69
8;StudentAttendanceSystem;transition;1111;26;51;16;51;100;0,35;0,99;0;0,11;13,74;13,74;1,61;1,45
8;StudentAttendanceSystem;pair;1111;26;51;48;276;100;0,25;0,19;1,32;0,35;14,74;14,74;2,66;2,12
8;StudentAttendanceSystem;state;1112;24;46;10;54;100;0,42;0,48;0;0,12;15,74;15,74;1,17;1,02
8;StudentAttendanceSystem;transition;1112;24;46;16;45;100;0,29;0,62;0;0,1;16,74;16,74;1,14;1,02
8;StudentAttendanceSystem;pair;1112;24;46;41;225;100;0,23;0,16;1,28;0,3;17,74;17,74;2,56;1,97
8;StudentAttendanceSystem;state;1113;17;29;7;37;100;0,27;0,3;0;0,05;18,74;18,74;0,74;0,63
8;StudentAttendanceSystem;transition;1113;17;29;9;29;100;0,26;0,35;0;0,05;18,74;18,74;0,77;0,66
8;StudentAttendanceSystem;pair;1113;17;29;26;140;100;0,16;0,13;0,55;0,16;19,74;19,74;1,55;1,01
8;StudentAttendanceSystem;state;1114;25;45;10;55;100;0,33;0,4;0;0,11;20,74;20,74;0,98;0,84
8;StudentAttendanceSystem;transition;1114;25;45;15;44;100;0,22;0,82;0;0,2;21,74;21,74;1,48;1,25
8;StudentAttendanceSystem;pair;1114;25;45;40;216;100;0,36;0,2;1,04;0,28;22,74;22,74;2,53;1,87
8;StudentAttendanceSystem;state;1115;21;39;8;43;100;0,3;0,45;0;0,07;23,74;23,74;0,99;0,82
8;StudentAttendanceSystem;transition;1115;21;39;13;39;100;0,29;0,7;0;0,12;23,74;23,74;1,27;1,1
8;StudentAttendanceSystem;pair;1115;21;39;38;206;100;0,31;0,21;1,06;0,31;24,74;25,74;2,51;1,89
8;StudentAttendanceSystem;state;1116;22;41;10;50;100;0,31;0,34;0;0,08;25,74;25,74;0,86;0,73
8;StudentAttendanceSystem;transition;1116;22;41;15;40;100;0,27;0,69;0;0,13;26,74;26,74;1,25;1,09
8;StudentAttendanceSystem;pair;1116;22;41;33;174;100;0,3;0,21;0,93;0,23;27,74;27,74;2,21;1,67
8;StudentAttendanceSystem;state;1117;21;40;9;48;100;0,28;0,37;0;0,08;28,74;28,74;0,86;0,73
8;StudentAttendanceSystem;transition;1117;21;40;13;40;100;0,28;0,64;0;0,16;28,74;28,74;1,26;1,09
8;StudentAttendanceSystem;pair;1117;21;40;35;193;100;0,28;0,19;0,91;0,29;29,74;30,74;2,27;1,68
8;StudentAttendanceSystem;state;1118;20;36;8;40;100;0,3;0,3;0;0,07;30,74;30,74;0,81;0,68
8;StudentAttendanceSystem;transition;1118;20;36;14;35;100;0,34;0,58;0;0,11;31,74;31,74;1,16;1,02
8;StudentAttendanceSystem;pair;1118;20;36;30;153;100;0,27;0,16;0,7;0,2;32,74;32,74;1,81;1,33
8;StudentAttendanceSystem;state;1119;30;59;13;73;100;0,35;0,54;0;0,14;32,74;32,74;1,17;1,04
8;StudentAttendanceSystem;transition;1119;30;59;18;58;100;0,43;0,95;0;0,24;33,74;33,74;1,82;1,62
8;StudentAttendanceSystem;pair;1119;30;59;51;302;100;0,4;0,33;2,08;0,45;35,74;35,74;4,11;3,26
8;StudentAttendanceSystem;state;1120;25;46;11;62;100;0,39;0,45;0;0,11;36,74;36,74;1,09;0,94
8;StudentAttendanceSystem;transition;1120;25;46;14;45;100;0,35;0,69;0;0,17;37,74;37,74;1,35;1,21
8;StudentAttendanceSystem;pair;1120;25;46;40;230;100;0,31;0,25;1,23;0,34;38,74;38,74;2,83;2,12
8;StudentAttendanceSystem;state;1121;19;33;7;38;100;0,33;0,34;0;0,06;39,74;39,74;0,85;0,72
8;StudentAttendanceSystem;transition;1121;19;33;11;32;100;0,28;0,6;0;0,11;39,74;39,74;1,15;0,99
8;StudentAttendanceSystem;pair;1121;19;33;31;161;100;0,27;0,2;0,93;0,22;40,74;40,74;2,24;1,62
8;StudentAttendanceSystem;state;1122;29;60;13;69;100;0,41;0,54;0;0,15;41,74;41,74;1,28;1,1
8;StudentAttendanceSystem;transition;1122;29;60;20;59;100;0,48;1,02;0;0,2;42,74;42,74;1,87;1,69
8;StudentAttendanceSystem;pair;1122;29;60;57;325;100;0,37;0,31;2,39;0,47;44,74;44,74;4,27;3,53
8;StudentAttendanceSystem;state;1123;30;60;13;73;100;0,45;0,59;0;0,2;45,74;45,74;1,45;1,23
8;StudentAttendanceSystem;transition;1123;30;60;19;59;100;0,36;1,13;0;0,23;46,74;46,74;1,93;1,72
8;StudentAttendanceSystem;pair;1123;30;60;54;317;100;0,34;0,3;1,99;0,55;47,74;48,74;3,97;3,2
8;StudentAttendanceSystem;state;1124;22;40;9;48;100;0,33;0,37;0;0,07;48,74;48,74;0,91;0,78
8;StudentAttendanceSystem;transition;1124;22;40;14;40;100;0,34;0,75;0;0,13;49,74;49,74;1,41;1,22
8;StudentAttendanceSystem;pair;1124;22;40;34;178;100;0,37;0,19;1,14;0,3;50,74;50,74;2,67;1,99
8;StudentAttendanceSystem;state;1125;21;39;8;43;100;0,35;0,47;0;0,09;51,74;51,74;1,05;0,9
8;StudentAttendanceSystem;transition;1125;21;39;13;38;100;0,29;0,7;0;0,12;51,74;51,74;1,26;1,11
8;StudentAttendanceSystem;pair;1125;21;39;39;213;100;0,29;0,25;1,23;0,33;52,74;53,74;2,77;2,1
8;StudentAttendanceSystem;state;1126;28;56;11;62;100;0,39;0,5;0;0,11;53,74;53,74;1,15;1
8;StudentAttendanceSystem;transition;1126;28;56;20;55;100;0,43;1,07;0;0,2;54,74;54,74;1,88;1,7
8;StudentAttendanceSystem;pair;1126;28;56;52;294;100;0,36;0,44;1,54;0,45;56,74;56,74;3,64;2,79
8;StudentAttendanceSystem;state;1127;28;55;11;62;100;0,44;0,48;0;0,11;57,74;57,74;1,16;1,03
8;StudentAttendanceSystem;transition;1127;28;55;19;54;100;0,37;1,09;0;0,2;57,74;58,74;1,86;1,66
8;StudentAttendanceSystem;pair;1127;28;55;49;283;100;0,4;0,28;1,81;0,43;59,74;59,74;3,75;2,91
8;StudentAttendanceSystem;state;1128;25;49;11;58;100;0,48;0,54;0;0,12;60,74;60,74;1,3;1,14
8;StudentAttendanceSystem;transition;1128;25;49;18;49;100;0,42;1,09;0;0,21;61,74;61,74;1,92;1,72
8;StudentAttendanceSystem;pair;1128;25;49;42;230;100;0,43;0,23;1,13;0,33;62,74;62,74;2,77;2,13
8;StudentAttendanceSystem;state;1129;19;31;7;35;100;0,3;0,28;0;0,05;63,74;63,74;0,75;0,63
8;StudentAttendanceSystem;transition;1129;19;31;12;30;100;0,28;0,65;0;0,11;63,74;63,74;1,22;1,04
8;StudentAttendanceSystem;pair;1129;19;31;25;119;100;0,24;0,12;0,64;0,19;64,74;64,74;1,67;1,2
8;StudentAttendanceSystem;state;1130;23;45;9;48;100;0,36;0,4;0;0,08;65,74;65,74;0,97;0,84
8;StudentAttendanceSystem;transition;1130;23;45;16;45;100;0,37;0,75;0;0,14;66,74;66,74;1,4;1,27
8;StudentAttendanceSystem;pair;1130;23;45;41;233;100;0,34;0,21;1,12;0,34;67,74;67,74;2,67;2,01
8;StudentAttendanceSystem;state;1131;26;54;11;62;100;0,38;0,45;0;0,1;68,74;68,74;1,06;0,92
8;StudentAttendanceSystem;transition;1131;26;54;18;54;100;0,34;0,83;0;0,21;69,74;69,74;1,57;1,38
8;StudentAttendanceSystem;pair;1131;26;54;48;278;100;0,32;0,23;1,56;0,36;70,74;70,74;3,15;2,47
8;StudentAttendanceSystem;state;1132;24;44;10;56;100;0,38;0,39;0;0,1;71,74;71,74;1,02;0,87
8;StudentAttendanceSystem;transition;1132;24;44;14;43;100;0,3;0,71;0;0,15;72,74;72,74;1,33;1,17
8;StudentAttendanceSystem;pair;1132;24;44;36;208;100;0,34;0,2;1,06;0,31;73,74;73,74;2,5;1,91
8;StudentAttendanceSystem;state;1133;27;56;12;67;100;0,33;0,48;0;0,13;74,74;74,74;1,09;0,94
8;StudentAttendanceSystem;transition;1133;27;56;19;56;100;0,37;0,75;0;0,21;75,74;75,74;1,51;1,33
8;StudentAttendanceSystem;pair;1133;27;56;51;291;100;0,36;0,28;1,81;0,45;76,74;77,74;3,73;2,9
8;StudentAttendanceSystem;state;1134;17;28;7;37;100;0,32;0,31;0;0,07;77,74;77,74;0,85;0,7
8;StudentAttendanceSystem;transition;1134;17;28;8;28;100;0,26;0,45;0;0,09;77,74;78,74;0,94;0,8
8;StudentAttendanceSystem;pair;1134;17;28;24;128;100;0,23;0,11;0,53;0,15;78,74;78,74;1,46;1,02
8;StudentAttendanceSystem;state;1135;16;28;6;31;100;0,23;0,29;0;0,04;79,74;79,74;0,67;0,57
8;StudentAttendanceSystem;transition;1135;16;28;9;28;100;0,21;0,41;0;0,09;79,74;79,74;0,84;0,72
8;StudentAttendanceSystem;pair;1135;16;28;28;142;100;0,3;0,13;0,65;0,18;80,74;80,74;1,73;1,26
8;StudentAttendanceSystem;state;1136;27;52;11;59;100;0,41;0,48;0;0,12;81,74;81,74;1,17;1,01
8;StudentAttendanceSystem;transition;1136;27;52;18;51;100;0,32;0,93;0;0,17;82,74;82,74;1,6;1,42
8;StudentAttendanceSystem;pair;1136;27;52;52;294;100;0,36;0,3;1,71;0,29;83,74;84,74;3,44;2,65
8;StudentAttendanceSystem;state;1137;23;41;10;53;100;0,29;0,33;0;0,07;84,74;84,74;0,8;0,69
8;StudentAttendanceSystem;transition;1137;23;41;14;40;100;0,3;0,66;0;0,14;85,74;85,74;1,26;1,1
8;StudentAttendanceSystem;pair;1137;23;41;32;173;100;0,27;0,22;0,87;0,22;86,74;86,74;2,15;1,57
8;StudentAttendanceSystem;state;1138;20;37;8;43;100;0,34;0,38;0;0,07;87,74;87,74;0,93;0,79
8;StudentAttendanceSystem;transition;1138;20;37;13;37;100;0,31;0,83;0;0,16;87,74;87,74;1,49;1,31
8;StudentAttendanceSystem;pair;1138;20;37;32;178;100;0,39;0,21;0,84;0,23;88,74;89,74;2,24;1,66
8;StudentAttendanceSystem;state;1139;28;58;13;70;100;0,36;0,49;0;0,13;89,74;89,74;1,14;0,98
8;StudentAttendanceSystem;transition;1139;28;58;19;58;100;0,33;0,83;0;0,17;90,74;90,74;1,47;1,33
8;StudentAttendanceSystem;pair;1139;28;58;55;315;100;0,34;0,25;1,94;0,44;92,74;92,74;3,78;2,97
8;StudentAttendanceSystem;state;1140;21;34;8;41;100;0,29;0,35;0;0,06;93,74;93,74;0,82;0,7
8;StudentAttendanceSystem;transition;1140;21;34;12;33;100;0,39;0,64;0;0,1;93,74;93,74;1,29;1,13
8;StudentAttendanceSystem;pair;1140;21;34;31;149;100;0,25;0,14;0,64;0,18;94,74;94,74;1,65;1,2
8;StudentAttendanceSystem;state;1141;18;34;7;37;100;0,25;0,28;0;0,05;95,74;95,74;0,69;0,59
8;StudentAttendanceSystem;transition;1141;18;34;11;34;100;0,25;0,57;0;0,09;95,74;95,74;1,04;0,91
8;StudentAttendanceSystem;pair;1141;18;34;35;189;100;0,27;0,16;0,76;0,24;96,74;97,74;1,9;1,43
8;StudentAttendanceSystem;state;1142;24;48;10;53;100;0,33;0,41;0;0,08;97,74;97,74;0,94;0,82
8;StudentAttendanceSystem;transition;1142;24;48;18;48;100;0,37;0,73;0;0,15;98,74;98,74;1,38;1,25
8;StudentAttendanceSystem;pair;1142;24;48;43;233;100;0,31;0,19;0,99;0,19;99,74;99,74;2,11;1,68
8;StudentAttendanceSystem;state;1143;16;26;7;34;100;0,18;0,34;0;0,07;100,74;100,74;0,72;0,59
8;StudentAttendanceSystem;transition;1143;16;26;9;26;100;0,25;0,43;0;0,07;100,74;100,74;0,89;0,75
8;StudentAttendanceSystem;pair;1143;16;26;21;102;100;0,16;0,09;0,32;0,13;101,74;101,74;0,98;0,7
8;StudentAttendanceSystem;state;1144;17;31;7;33;100;0,23;0,28;0;0,04;102,74;102,74;0,65;0,55
8;StudentAttendanceSystem;transition;1144;17;31;12;31;100;0,28;0,4;0;0,08;102,74;102,74;0,88;0,76
8;StudentAttendanceSystem;pair;1144;17;31;26;129;100;0,23;0,1;0,5;0,15;103,74;103,74;1,4;0,99
8;StudentAttendanceSystem;state;1145;21;38;8;42;100;0,26;0,36;0;0,09;104,74;104,74;0,82;0,7
8;StudentAttendanceSystem;transition;1145;21;38;13;37;100;0,26;0,61;0;0,11;104,74;104,74;1,1;0,99
8;StudentAttendanceSystem;pair;1145;21;38;33;183;100;0,28;0,16;0,88;0,24;105,74;106,74;2,08;1,56
8;StudentAttendanceSystem;state;1146;30;61;13;73;100;0,37;0,54;0;0,13;106,74;106,74;1,18;1,03
8;StudentAttendanceSystem;transition;1146;30;61;21;60;100;0,39;1,07;0;0,23;107,74;107,74;1,89;1,69
8;StudentAttendanceSystem;pair;1146;30;61;55;315;100;0,4;0,28;2,02;0,44;109,74;109,74;3,97;3,14
8;StudentAttendanceSystem;state;1147;18;31;7;37;100;0,3;0,35;0;0,06;110,74;110,74;0,86;0,72
8;StudentAttendanceSystem;transition;1147;18;31;11;31;100;0,32;0,63;0;0,12;110,74;110,74;1,23;1,07
8;StudentAttendanceSystem;pair;1147;18;31;25;131;100;0,3;0,15;0,64;0,15;111,74;111,74;1,75;1,25
8;StudentAttendanceSystem;state;1148;17;32;7;35;100;0,32;0,3;0;0,07;112,74;112,74;0,81;0,68
8;StudentAttendanceSystem;transition;1148;17;32;11;32;100;0,25;0,47;0;0,09;112,74;112,74;0,93;0,8
8;StudentAttendanceSystem;pair;1148;17;32;29;157;100;0,3;0,15;0,68;0,18;113,74;113,74;1,75;1,3
8;StudentAttendanceSystem;state;1149;19;32;7;36;100;0,25;0,35;0;0,06;114,74;114,74;0,78;0,66
8;StudentAttendanceSystem;transition;1149;19;32;11;31;100;0,23;0,5;0;0,1;114,74;114,74;0,95;0,83
8;StudentAttendanceSystem;pair;1149;19;32;26;136;100;0,23;0,12;0,65;0,19;115,74;116,74;1,65;1,2
8;StudentAttendanceSystem;state;1150;15;25;6;26;100;0,22;0,31;0;0,04;116,74;116,74;0,71;0,58
8;StudentAttendanceSystem;transition;1150;15;25;9;25;100;0,21;0,36;0;0,06;116,74;116,74;0,74;0,63
8;StudentAttendanceSystem;pair;1150;15;25;22;101;100;0,21;0,1;0,48;0,12;117,74;117,74;1,27;0,91
8;StudentAttendanceSystem;state;1151;21;40;8;43;100;0,26;0,32;0;0,06;118,74;118,74;0,73;0,63
8;StudentAttendanceSystem;transition;1151;21;40;14;40;100;0,25;0,64;0;0,11;118,74;118,74;1,12;1
8;StudentAttendanceSystem;pair;1151;21;40;41;221;100;0,27;0,2;1,01;0,27;119,74;120,74;2,27;1,75
8;StudentAttendanceSystem;state;1152;31;62;14;78;100;0,48;0,51;0;0,12;120,74;120,74;1,23;1,11
8;StudentAttendanceSystem;transition;1152;31;62;20;61;100;0,37;1,06;0;0,21;121,74;121,74;1,8;1,64
8;StudentAttendanceSystem;pair;1152;31;62;58;336;100;0,36;0,73;1,78;0,49;123,74;124,74;4,14;3,36
8;StudentAttendanceSystem;state;1153;23;45;9;50;100;0,34;0,43;0;0,08;124,74;124,74;0,98;0,84
8;StudentAttendanceSystem;transition;1153;23;45;16;45;100;0,33;0,7;0;0,14;125,74;125,74;1,31;1,17
8;StudentAttendanceSystem;pair;1153;23;45;41;223;100;0,28;0,32;1,26;0,32;126,74;126,74;2,8;2,19
8;StudentAttendanceSystem;state;1154;27;55;11;61;100;0,34;0,42;0;0,12;127,74;127,74;1,01;0,89
8;StudentAttendanceSystem;transition;1154;27;55;17;54;100;0,32;0,86;0;0,19;128,74;128,74;1,54;1,37
8;StudentAttendanceSystem;pair;1154;27;55;52;302;100;0,32;0,24;1,43;0,4;129,74;130,74;3,04;2,39
8;StudentAttendanceSystem;state;1155;21;36;8;43;100;0,39;0,3;0;0,07;130,74;130,74;0,95;0,76
8;StudentAttendanceSystem;transition;1155;21;36;13;35;100;0,26;0,64;0;0,11;131,74;131,74;1,15;1,01
8;StudentAttendanceSystem;pair;1155;21;36;29;155;100;0,25;0,15;0,76;0,23;132,74;132,74;1,85;1,39
8;StudentAttendanceSystem;state;1156;25;50;12;68;100;0,37;0,49;0;0,14;133,74;133,74;1,16;1
8;StudentAttendanceSystem;transition;1156;25;50;14;50;100;0,3;0,68;0;0,14;133,74;133,74;1,27;1,12
8;StudentAttendanceSystem;pair;1156;25;50;44;264;100;0,36;0,23;1,45;0,35;135,74;135,74;3,11;2,39
8;StudentAttendanceSystem;state;1157;29;58;12;67;100;0,35;0,48;0;0,11;136,74;136,74;1,05;0,94
8;StudentAttendanceSystem;transition;1157;29;58;21;57;100;0,25;0,75;0;0,14;136,74;137,74;1,27;1,14
8;StudentAttendanceSystem;pair;1157;29;58;55;307;100;0,25;0,22;1,77;0,44;138,74;139,74;3,3;2,68
8;StudentAttendanceSystem;state;1158;21;38;8;42;100;0,28;0,32;0;0,07;139,74;139,74;0,81;0,68
8;StudentAttendanceSystem;transition;1158;21;38;13;37;100;0,29;0,63;0;0,11;140,74;140,74;1,17;1,04
8;StudentAttendanceSystem;pair;1158;21;38;32;178;100;0,25;0,15;0,9;0,22;141,74;141,74;2,13;1,53
8;StudentAttendanceSystem;state;1159;30;60;13;73;100;0,34;0,51;0;0,14;142,74;142,74;1,11;0,99
8;StudentAttendanceSystem;transition;1159;30;60;19;59;100;0,34;0,96;0;0,22;142,74;143,74;1,69;1,52
8;StudentAttendanceSystem;pair;1159;30;60;54;317;100;0,36;0,3;1,95;0,44;144,74;145,74;3,83;3,05
8;StudentAttendanceSystem;state;1160;26;52;11;60;100;0,26;0,29;0;0,07;145,74;145,74;0,7;0,62
8;StudentAttendanceSystem;transition;1160;26;52;18;51;100;0,22;0,62;0;0,12;146,74;146,74;1,05;0,95
8;StudentAttendanceSystem;pair;1160;26;52;49;275;100;0,29;0,28;1,37;0,37;147,74;148,74;3,01;2,31
8;StudentAttendanceSystem;state;1161;25;48;9;49;100;0,34;0,4;0;0,09;148,74;148,74;0,96;0,83
8;StudentAttendanceSystem;transition;1161;25;48;17;47;100;0,41;0,94;0;0,18;149,74;149,74;1,7;1,53
8;StudentAttendanceSystem;pair;1161;25;48;42;243;100;0,35;0,25;1,5;0,34;150,74;151,74;3,21;2,45
8;StudentAttendanceSystem;state;1162;24;50;11;60;100;0,36;0,45;0;0,11;151,74;151,74;1,06;0,93
8;StudentAttendanceSystem;transition;1162;24;50;16;50;100;0,34;0,82;0;0,18;152,74;152,74;1,58;1,34
8;StudentAttendanceSystem;pair;1162;24;50;45;259;100;0,34;0,25;1,57;0,39;153,74;154,74;3,29;2,56
8;StudentAttendanceSystem;state;1163;20;37;8;41;100;0,31;0,36;0;0,08;154,74;154,74;0,87;0,75
8;StudentAttendanceSystem;transition;1163;20;37;13;36;100;0,28;0,64;0;0,13;155,74;155,74;1,22;1,06
8;StudentAttendanceSystem;pair;1163;20;37;32;178;100;0,28;0,19;1,1;0,25;156,74;156,74;2,38;1,82
8;StudentAttendanceSystem;state;1164;26;50;11;62;100;0,36;0,46;0;0,1;157,74;157,74;1,05;0,92
8;StudentAttendanceSystem;transition;1164;26;50;16;49;100;0,35;0,85;0;0,21;157,74;158,74;1,63;1,41
8;StudentAttendanceSystem;pair;1164;26;50;44;258;100;0,34;0,28;1,67;0,4;159,74;159,74;3,42;2,69
8;StudentAttendanceSystem;state;1165;22;41;10;56;100;0,35;0,41;0;0,1;160,74;160,74;0,98;0,86
8;StudentAttendanceSystem;transition;1165;22;41;12;41;100;0,32;0,69;0;0,12;160,74;160,74;1,3;1,13
8;StudentAttendanceSystem;pair;1165;22;41;36;206;100;0,3;0,21;1,15;0,27;162,74;162,74;2,56;1,93
8;StudentAttendanceSystem;state;1166;22;40;8;42;100;0,3;0,36;0;0,07;162,74;162,74;0,86;0,74
8;StudentAttendanceSystem;transition;1166;22;40;13;39;100;0,33;0,75;0;0,13;163,74;163,74;1,36;1,21
8;StudentAttendanceSystem;pair;1166;22;40;39;215;100;0,27;0,22;1,18;0,29;164,74;164,74;2,58;1,96
8;StudentAttendanceSystem;state;1167;21;39;8;43;100;0,33;0,38;0;0,08;165,74;165,74;0,91;0,79
8;StudentAttendanceSystem;transition;1167;21;39;13;39;100;0,28;0,63;0;0,15;165,74;166,74;1,22;1,05
8;StudentAttendanceSystem;pair;1167;21;39;38;206;100;0,3;0,2;1,23;0,28;167,74;167,74;2,59;2,01
8;StudentAttendanceSystem;state;1168;18;32;7;35;100;0,29;0,31;0;0,06;167,74;167,74;0,77;0,66
8;StudentAttendanceSystem;transition;1168;18;32;12;32;100;0,28;0,55;0;0,11;168,74;168,74;1,09;0,94
8;StudentAttendanceSystem;pair;1168;18;32;29;146;100;0,26;0,19;0,78;0,17;169,74;169,74;1,88;1,39
8;StudentAttendanceSystem;state;1169;24;44;9;50;100;0,31;0,37;0;0,09;169,74;170,74;0,89;0,78
8;StudentAttendanceSystem;transition;1169;24;44;16;43;100;0,31;0,79;0;0,18;170,74;170,74;1,51;1,28
8;StudentAttendanceSystem;pair;1169;24;44;37;195;100;0,36;0,23;1,16;0,31;171,74;172,74;2,68;2,06
8;StudentAttendanceSystem;state;1170;23;41;10;54;100;0,33;0,43;0;0,09;172,74;172,74;0,99;0,85
8;StudentAttendanceSystem;transition;1170;23;41;13;41;100;0,29;0,68;0;0,12;173,74;173,74;1,25;1,1
8;StudentAttendanceSystem;pair;1170;23;41;37;195;100;0,32;0,19;1,11;0,26;174,74;174,74;2,51;1,88
8;StudentAttendanceSystem;state;1171;21;36;8;41;100;0,29;0,36;0;0,07;175,74;175,74;0,83;0,71
8;StudentAttendanceSystem;transition;1171;21;36;13;35;100;0,27;0,62;0;0,13;175,74;175,74;1,18;1,01
8;StudentAttendanceSystem;pair;1171;21;36;29;151;100;0,3;0,16;0,85;0,19;176,74;176,74;2,11;1,5
8;StudentAttendanceSystem;state;1172;20;38;8;41;100;0,31;0,36;0;0,07;177,74;177,74;0,86;0,73
8;StudentAttendanceSystem;transition;1172;20;38;14;38;100;0,29;0,76;0;0,12;178,74;178,74;1,33;1,17
8;StudentAttendanceSystem;pair;1172;20;38;34;186;100;0,29;0,2;1,02;0,25;179,74;179,74;2,34;1,77
8;StudentAttendanceSystem;state;1173;25;51;11;60;100;0,35;0,5;0;0,11;179,74;179,74;1,09;0,95
8;StudentAttendanceSystem;transition;1173;25;51;15;51;100;0,36;0,87;0;0,14;180,74;180,74;1,55;1,37
8;StudentAttendanceSystem;pair;1173;25;51;48;280;100;0,36;0,25;1,51;0,36;182,74;182,74;3,18;2,49
8;StudentAttendanceSystem;state;1174;23;43;9;49;100;0,33;0,42;0;0,07;182,74;183,74;0,98;0,83
8;StudentAttendanceSystem;transition;1174;23;43;14;42;100;0,32;0,71;0;0,15;183,74;183,74;1,33;1,18
8;StudentAttendanceSystem;pair;1174;23;43;38;224;100;0,34;0,22;1,15;0,29;184,74;5,74;4,29;2,01
8;StudentAttendanceSystem;state;1175;17;28;7;37;100;0,3;0,3;0;0,05;5,74;5,74;0,76;0,65
8;StudentAttendanceSystem;transition;1175;17;28;8;28;100;0,24;0,43;0;0,07;6,74;6,74;0,85;0,74
8;StudentAttendanceSystem;pair;1175;17;28;24;128;100;0,24;0,11;0,58;0,16;6,74;7,74;1,54;1,09
8;StudentAttendanceSystem;state;1176;19;35;8;42;100;0,26;0,33;0;0,07;7,74;7,74;0,78;0,66
8;StudentAttendanceSystem;transition;1176;19;35;12;35;100;0,26;0,61;0;0,12;8,74;8,74;1,13;0,99
8;StudentAttendanceSystem;pair;1176;19;35;31;157;100;0,26;0,17;0,73;0,21;9,74;9,74;1,82;1,37
8;StudentAttendanceSystem;state;1177;24;45;10;54;100;0,32;0,39;0;0,08;9,74;9,74;0,9;0,79
8;StudentAttendanceSystem;transition;1177;24;45;15;44;100;0,3;0,71;0;0,14;10,74;10,74;1,29;1,15
8;StudentAttendanceSystem;pair;1177;24;45;39;217;100;0,35;0,18;1,05;0,28;11,74;12,74;2,43;1,85
8;StudentAttendanceSystem;state;1178;24;49;11;60;100;0,31;0,38;0;0,11;12,74;12,74;0,89;0,79
8;StudentAttendanceSystem;transition;1178;24;49;15;49;100;0,33;0,83;0;0,14;13,74;13,74;1,45;1,3
8;StudentAttendanceSystem;pair;1178;24;49;42;248;100;0,29;0,26;1,24;0,34;14,74;15,74;2,77;2,12
8;StudentAttendanceSystem;state;1179;27;56;12;65;100;0,33;0,48;0;0,1;15,74;15,74;1,03;0,92
8;StudentAttendanceSystem;transition;1179;27;56;19;56;100;0,31;0,86;0;0,18;16,74;16,74;1,51;1,36
8;StudentAttendanceSystem;pair;1179;27;56;49;283;100;0,34;0,31;1,54;0,4;17,74;18,74;3,27;2,6
8;StudentAttendanceSystem;state;1180;25;49;11;60;100;0,37;0,48;0;0,14;18,74;19,74;1,11;0,99
8;StudentAttendanceSystem;transition;1180;25;49;17;49;100;0,47;0,79;0;0,17;19,74;19,74;1,61;1,43
8;StudentAttendanceSystem;pair;1180;25;49;50;268;100;0,32;0,23;1,3;0,24;21,74;21,74;2,8;2,09
8;StudentAttendanceSystem;state;1181;31;62;14;78;100;0,42;0,55;0;0,15;22,74;22,74;1,26;1,12
8;StudentAttendanceSystem;transition;1181;31;62;20;61;100;0,34;0,99;0;0,27;23,74;23,74;1,77;1,6
8;StudentAttendanceSystem;pair;1181;31;62;58;332;100;0,39;0,29;1,85;0,49;24,74;25,74;3,84;3,02
8;StudentAttendanceSystem;state;1182;27;54;12;67;100;0,34;0,4;0;0,1;25,74;25,74;0,95;0,84
8;StudentAttendanceSystem;transition;1182;27;54;17;54;100;0,35;0,76;0;0,16;26,74;26,74;1,41;1,27
8;StudentAttendanceSystem;pair;1182;27;54;45;265;100;0,35;0,31;1,26;0,34;28,74;28,74;2,91;2,26
8;StudentAttendanceSystem;state;1183;19;35;8;40;100;0,3;0,29;0;0,07;28,74;28,74;0,76;0,67
8;StudentAttendanceSystem;transition;1183;19;35;12;35;100;0,19;0,39;0;0,07;29,74;29,74;0,77;0,65
8;StudentAttendanceSystem;pair;1183;19;35;30;165;100;0,18;0,13;0,6;0,19;30,74;30,74;1,48;1,1
8;StudentAttendanceSystem;state;1184;24;44;9;49;100;0,28;0,37;0;0,08;31,74;31,74;0,82;0,73
8;StudentAttendanceSystem;transition;1184;24;44;15;43;100;0,27;0,71;0;0,18;31,74;32,74;1,33;1,16
8;StudentAttendanceSystem;pair;1184;24;44;42;230;100;0,3;0,22;1,24;0,29;33,74;33,74;2,61;2,04
8;StudentAttendanceSystem;state;1185;21;40;9;45;100;0,29;0,31;0;0,07;33,74;34,74;0,82;0,67
8;StudentAttendanceSystem;transition;1185;21;40;14;40;100;0,28;0,43;0;0,12;34,74;34,74;0,94;0,83
8;StudentAttendanceSystem;pair;1185;21;40;39;199;100;0,19;0,14;0,89;0,28;35,74;36,74;1,97;1,5
8;StudentAttendanceSystem;state;1186;23;44;9;48;100;0,34;0,41;0;0,09;36,74;36,74;0,95;0,84
8;StudentAttendanceSystem;transition;1186;23;44;15;44;100;0,36;0,79;0;0,14;37,74;37,74;1,46;1,29
8;StudentAttendanceSystem;pair;1186;23;44;39;223;100;0,32;0,21;1,27;0,28;38,74;38,74;2,67;2,08
8;StudentAttendanceSystem;state;1187;26;50;11;56;100;0,36;0,43;0;0,09;39,74;39,74;0,99;0,88
8;StudentAttendanceSystem;transition;1187;26;50;19;49;100;0,34;0,87;0;0,2;40,74;40,74;1,58;1,42
8;StudentAttendanceSystem;pair;1187;26;50;50;268;100;0,31;0,24;1,8;0,45;41,74;41,74;3,48;2,79
8;StudentAttendanceSystem;state;1188;23;44;10;52;100;0,39;0,41;0;0,08;42,74;42,74;1,02;0,88
8;StudentAttendanceSystem;transition;1188;23;44;17;44;100;0,37;0,79;0;0,13;43,74;43,74;1,45;1,3
8;StudentAttendanceSystem;pair;1188;23;44;39;199;100;0,3;0,23;1,03;0,27;44,74;44,74;2,47;1,83
8;StudentAttendanceSystem;state;1189;26;49;10;54;100;0,38;0,46;0;0,1;45,74;45,74;1,07;0,94
8;StudentAttendanceSystem;transition;1189;26;49;17;48;100;0,37;1;0;0,21;45,74;46,74;1,75;1,57
8;StudentAttendanceSystem;pair;1189;26;49;43;247;100;0,33;0,26;1,42;0,41;47,74;47,74;3,17;2,42
8;StudentAttendanceSystem;state;1190;21;37;8;43;100;0,32;0,39;0;0,08;48,74;48,74;0,91;0,79
8;StudentAttendanceSystem;transition;1190;21;37;12;36;100;0,32;0,6;0;0,12;48,74;48,74;1,16;1,03
8;StudentAttendanceSystem;pair;1190;21;37;30;171;100;0,29;0,25;0,81;0,23;49,74;49,74;2,16;1,57
8;StudentAttendanceSystem;state;1191;21;40;8;42;100;0,22;0,31;0;0,06;50,74;50,74;0,68;0,59
8;StudentAttendanceSystem;transition;1191;21;40;15;40;100;0,26;0,64;0;0,13;51,74;51,74;1,17;1,03
8;StudentAttendanceSystem;pair;1191;21;40;38;202;100;0,4;0,16;0,91;0,19;52,74;52,74;2,18;1,66
8;StudentAttendanceSystem;state;1192;21;37;8;41;100;0,26;0,3;0;0,07;52,74;53,74;0,73;0,64
8;StudentAttendanceSystem;transition;1192;21;37;14;36;100;0,29;0,71;0;0,13;53,74;53,74;1,36;1,13
8;StudentAttendanceSystem;pair;1192;21;37;31;163;100;0,28;0,19;0,9;0,22;54,74;54,74;2,2;1,59
8;StudentAttendanceSystem;state;1193;19;33;7;37;100;0,29;0,3;0;0,06;55,74;55,74;0,77;0,65
8;StudentAttendanceSystem;transition;1193;19;33;11;33;100;0,26;0,6;0;0,11;55,74;55,74;1,14;0,97
8;StudentAttendanceSystem;pair;1193;19;33;31;163;100;0,27;0,16;0,76;0,24;56,74;57,74;1,96;1,42
8;StudentAttendanceSystem;state;1194;25;48;10;51;100;0,4;0,45;0;0,1;57,74;57,74;1,07;0,95
8;StudentAttendanceSystem;transition;1194;25;48;18;47;100;0,3;0,91;0;0,18;58,74;58,74;1,56;1,39
8;StudentAttendanceSystem;pair;1194;25;48;46;249;100;0,35;0,25;1,41;0,39;59,74;60,74;3,06;2,41
8;StudentAttendanceSystem;state;1195;19;34;8;43;100;0,31;0,33;0;0,06;60,74;60,74;0,82;0,71
8;StudentAttendanceSystem;transition;1195;19;34;11;34;100;0,38;0,63;0;0,11;61,74;61,74;1,31;1,11
8;StudentAttendanceSystem;pair;1195;19;34;28;152;100;0,3;0,17;0,77;0,21;62,74;62,74;2,03;1,44
8;StudentAttendanceSystem;state;1196;29;57;12;68;100;0,4;0,56;0;0,14;62,74;62,74;1,29;1,1
8;StudentAttendanceSystem;transition;1196;29;57;18;56;100;0,42;0,91;0;0,19;63,74;63,74;1,68;1,52
8;StudentAttendanceSystem;pair;1196;29;57;45;270;100;0,33;0,26;1,71;0,41;65,74;65,74;3,47;2,72
8;StudentAttendanceSystem;state;1197;31;63;14;76;100;0,42;0,56;0;0,14;66,74;66,74;1,25;1,12
8;StudentAttendanceSystem;transition;1197;31;63;22;62;100;0,49;1,15;0;0,22;67,74;67,74;2,06;1,86
8;StudentAttendanceSystem;pair;1197;31;63;54;310;100;0,37;0,36;2,3;0,55;68,74;69,74;4,46;3,58
8;StudentAttendanceSystem;state;1198;27;51;11;59;100;0,44;0,41;0;0,1;69,74;69,74;1,11;0,96
8;StudentAttendanceSystem;transition;1198;27;51;18;50;100;0,43;0,92;0;0,18;70,74;70,74;1,72;1,53
8;StudentAttendanceSystem;pair;1198;27;51;40;225;100;0,38;0,28;1,52;0,35;71,74;72,74;3,28;2,53
8;StudentAttendanceSystem;state;1199;20;33;8;43;100;0,31;0,35;0;0,07;72,74;72,74;0,85;0,74
8;StudentAttendanceSystem;transition;1199;20;33;10;32;100;0,28;0,62;0;0,11;73,74;73,74;1,17;1,01
8;StudentAttendanceSystem;pair;1199;20;33;29;156;100;0,31;0,17;0,88;0,21;74,74;74,74;2,1;1,57
8;StudentAttendanceSystem;state;1200;26;55;12;63;100;0,4;0,53;0;0,13;75,74;75,74;1,19;1,06
8;StudentAttendanceSystem;transition;1200;26;55;18;55;100;0,44;0,94;0;0,16;75,74;75,74;1,72;1,54
8;StudentAttendanceSystem;pair;1200;26;55;53;301;100;0,37;0,32;2,13;0,48;77,74;77,74;4,12;3,3
8;StudentAttendanceSystem;state;1201;26;50;10;54;100;0,41;0,48;0;0,1;78,74;78,74;1,11;0,99
8;StudentAttendanceSystem;transition;1201;26;50;18;49;100;0,36;1,01;0;0,19;79,74;79,74;1,74;1,56
8;StudentAttendanceSystem;pair;1201;26;50;46;262;100;0,36;0,28;1,79;0,41;80,74;81,74;3,55;2,83
8;StudentAttendanceSystem;state;1202;21;40;9;46;100;0,3;0,36;0;0,08;81,74;81,74;0,87;0,74
8;StudentAttendanceSystem;transition;1202;21;40;15;40;100;0,3;0,74;0;0,14;82,74;82,74;1,35;1,18
8;StudentAttendanceSystem;pair;1202;21;40;34;187;100;0,3;0,2;1,07;0,27;83,74;83,74;2,45;1,85
8;StudentAttendanceSystem;state;1203;28;58;13;70;100;0,39;0,53;0;0,17;84,74;84,74;1,23;1,09
8;StudentAttendanceSystem;transition;1203;28;58;19;58;100;0,38;1,03;0;0,22;84,74;85,74;1,83;1,63
8;StudentAttendanceSystem;pair;1203;28;58;53;305;100;0,48;0,31;1,91;0,42;86,74;86,74;3,96;3,12
8;StudentAttendanceSystem;state;1204;22;39;9;50;100;0,33;0,38;0;0,08;87,74;87,74;0,93;0,79
8;StudentAttendanceSystem;transition;1204;22;39;12;38;100;0,38;0,71;0;0,13;88,74;88,74;1,42;1,23
8;StudentAttendanceSystem;pair;1204;22;39;35;199;100;0,31;0,21;1,17;0,3;89,74;89,74;2,6;1,98
8;StudentAttendanceSystem;state;1205;20;32;7;36;100;0,31;0,35;0;0,06;89,74;89,74;0,85;0,73
8;StudentAttendanceSystem;transition;1205;20;32;12;31;100;0,27;0,57;0;0,11;90,74;90,74;1,12;0,95
8;StudentAttendanceSystem;pair;1205;20;32;25;117;100;0,25;0,16;0,69;0,15;91,74;91,74;1,7;1,25
8;StudentAttendanceSystem;state;1206;30;60;13;73;100;0,4;0,51;0;0,13;92,74;92,74;1,15;1,04
8;StudentAttendanceSystem;transition;1206;30;60;20;59;100;0,42;1,02;0;0,33;92,74;93,74;2;1,77
8;StudentAttendanceSystem;pair;1206;30;60;52;304;100;0,4;0,3;2,04;0,47;94,74;95,74;4,03;3,21
8;StudentAttendanceSystem;state;1207;16;26;6;31;100;0,26;0,25;0;0,05;95,74;95,74;0,68;0,57
8;StudentAttendanceSystem;transition;1207;16;26;8;26;100;0,23;0,44;0;0,07;95,74;96,74;0,88;0,74
8;StudentAttendanceSystem;pair;1207;16;26;21;110;100;0,23;0,12;0,55;0,12;96,74;96,74;1,44;1,01
8;StudentAttendanceSystem;state;1208;17;28;6;31;100;0,25;0,25;0;0,05;97,74;97,74;0,65;0,55
8;StudentAttendanceSystem;transition;1208;17;28;10;28;100;0,22;0,51;0;0,08;97,74;97,74;0,94;0,81
8;StudentAttendanceSystem;pair;1208;17;28;28;131;100;0,22;0,12;0,59;0,19;98,74;98,74;1,52;1,12
8;StudentAttendanceSystem;state;1209;25;46;10;53;100;0,31;0,39;0;0,09;99,74;99,74;0,91;0,79
8;StudentAttendanceSystem;transition;1209;25;46;16;45;100;0,31;0,88;0;0,16;100,74;100,74;1,52;1,35
8;StudentAttendanceSystem;pair;1209;25;46;45;247;100;0,31;0,26;1,46;0,35;101,74;101,74;3,07;2,38
8;StudentAttendanceSystem;state;1210;25;48;11;57;100;0,34;0,42;0;0,1;102,74;102,74;1;0,86
8;StudentAttendanceSystem;transition;1210;25;48;17;47;100;0,4;0,73;0;0,16;103,74;103,74;1,46;1,29
8;StudentAttendanceSystem;pair;1210;25;48;41;227;100;0,33;0,24;1,37;0,36;104,74;104,74;3,03;2,3
8;StudentAttendanceSystem;state;1211;22;44;8;43;100;0,36;0,41;0;0,08;105,74;105,74;0,97;0,85
8;StudentAttendanceSystem;transition;1211;22;44;16;44;100;0,34;0,72;0;0,14;105,74;105,74;1,34;1,19
8;StudentAttendanceSystem;pair;1211;22;44;42;236;100;0,28;0,15;0,96;0,33;107,74;107,74;2,35;1,72
8;StudentAttendanceSystem;state;1212;22;44;8;43;100;0,33;0,4;0;0,09;107,74;107,74;0,96;0,83
8;StudentAttendanceSystem;transition;1212;22;44;16;44;100;0,35;0,77;0;0,16;108,74;108,74;1,44;1,28
8;StudentAttendanceSystem;pair;1212;22;44;42;236;100;0,33;0,19;1,15;0,32;109,74;110,74;2,63;1,99
8;StudentAttendanceSystem;state;1213;26;51;11;62;100;0,37;0,43;0;0,1;110,74;110,74;1,01;0,89
8;StudentAttendanceSystem;transition;1213;26;51;17;50;100;0,35;0,85;0;0,17;111,74;111,74;1,55;1,38
8;StudentAttendanceSystem;pair;1213;26;51;47;273;100;0,37;0,27;1,76;0,43;112,74;113,74;3,63;2,83
8;StudentAttendanceSystem;state;1214;26;54;12;63;100;0,44;0,58;0;0,15;113,74;114,74;1,32;1,17
8;StudentAttendanceSystem;transition;1214;26;54;17;54;100;0,41;0,96;0;0,17;114,74;114,74;1,72;1,54
8;StudentAttendanceSystem;pair;1214;26;54;50;290;100;0,34;0,27;1,53;0,41;116,74;116,74;3,26;2,56
8;StudentAttendanceSystem;state;1215;20;38;9;45;100;0,3;0,4;0;0,07;117,74;117,74;0,88;0,77
8;StudentAttendanceSystem;transition;1215;20;38;14;38;100;0,27;0,63;0;0,11;117,74;117,74;1,14;1,01
8;StudentAttendanceSystem;pair;1215;20;38;33;167;100;0,28;0,16;0,77;0,25;118,74;119,74;1,98;1,47
8;StudentAttendanceSystem;state;1216;23;42;10;53;100;0,29;0,35;0;0,09;119,74;119,74;0,85;0,73
8;StudentAttendanceSystem;transition;1216;23;42;14;42;100;0,36;0,72;0;0,13;120,74;120,74;1,36;1,2
8;StudentAttendanceSystem;pair;1216;23;42;34;183;100;0,34;0,24;1,11;0,38;121,74;121,74;2,74;2,07
8;StudentAttendanceSystem;state;1217;27;55;12;67;100;0,46;0,53;0;0,11;122,74;122,74;1,23;1,1
8;StudentAttendanceSystem;transition;1217;27;55;17;55;100;0,36;0,89;0;0,18;122,74;123,74;1,6;1,43
8;StudentAttendanceSystem;pair;1217;27;55;51;295;100;0,37;0,32;1,82;0,42;124,74;124,74;3,67;2,93
8;StudentAttendanceSystem;state;1218;25;46;10;55;100;0,39;0,42;0;0,1;125,74;125,74;1,06;0,91
8;StudentAttendanceSystem;transition;1218;25;46;16;45;100;0,35;0,87;0;0,18;126,74;126,74;1,59;1,4
8;StudentAttendanceSystem;pair;1218;25;46;44;232;100;0,37;0,25;1,32;0,34;127,74;127,74;3;2,28
8;StudentAttendanceSystem;state;1219;30;61;13;73;100;0,38;0,51;0;0,14;128,74;128,74;1,14;1,03
8;StudentAttendanceSystem;transition;1219;30;61;21;60;100;0,42;1,13;0;0,28;129,74;129,74;2,05;1,84
8;StudentAttendanceSystem;pair;1219;30;61;55;315;100;0,51;0,59;2,36;0,5;130,74;131,74;4,9;3,94
8;StudentAttendanceSystem;state;1220;30;60;13;73;100;0,42;0,55;0;0,14;132,74;132,74;1,28;1,11
8;StudentAttendanceSystem;transition;1220;30;60;20;59;100;0,37;0,97;0;0,22;132,74;133,74;1,75;1,55
8;StudentAttendanceSystem;pair;1220;30;60;52;304;100;0,34;0,26;1,89;0,41;134,74;135,74;3,6;2,9
8;StudentAttendanceSystem;state;1221;23;46;10;54;100;0,33;0,39;0;0,11;135,74;135,74;0,94;0,83
8;StudentAttendanceSystem;transition;1221;23;46;15;46;100;0,28;0,72;0;0,15;136,74;136,74;1,3;1,16
8;StudentAttendanceSystem;pair;1221;23;46;42;240;100;0,32;0,2;1,06;0,35;137,74;137,74;2,53;1,94
8;StudentAttendanceSystem;state;1222;18;29;7;35;100;0,3;0,28;0;0,06;138,74;138,74;0,74;0,64
8;StudentAttendanceSystem;transition;1222;18;29;10;29;100;0,22;0,46;0;0,08;138,74;138,74;0,9;0,77
8;StudentAttendanceSystem;pair;1222;18;29;26;122;100;0,25;0,12;0,59;0,19;139,74;139,74;1,58;1,15
8;StudentAttendanceSystem;state;1223;25;51;10;56;100;0,38;0,42;0;0,11;140,74;140,74;1,03;0,91
8;StudentAttendanceSystem;transition;1223;25;51;18;51;100;0,31;0,82;0;0,16;141,74;141,74;1,43;1,28
8;StudentAttendanceSystem;pair;1223;25;51;48;270;100;0,32;0,27;1,34;0,34;142,74;142,74;2,87;2,26
8;StudentAttendanceSystem;state;1224;20;38;8;41;100;0,31;0,28;0;0,05;143,74;143,74;0,73;0,65
8;StudentAttendanceSystem;transition;1224;20;38;14;38;100;0,18;0,51;0;0,14;143,74;144,74;1,01;0,83
8;StudentAttendanceSystem;pair;1224;20;38;34;184;100;0,29;0,17;0,77;0,16;145,74;145,74;1,83;1,38
8;StudentAttendanceSystem;state;1225;19;34;8;43;100;0,19;0,21;0;0,05;145,74;145,74;0,51;0,44
8;StudentAttendanceSystem;transition;1225;19;34;10;34;100;0,16;0,5;0;0,13;146,74;146,74;0,94;0,78
8;StudentAttendanceSystem;pair;1225;19;34;32;179;100;0,28;0,17;0,78;0,22;147,74;147,74;1,96;1,45
8;StudentAttendanceSystem;state;1226;27;54;12;64;100;0,41;0,42;0;0,11;148,74;148,74;1,06;0,94
8;StudentAttendanceSystem;transition;1226;27;54;19;54;100;0,45;1,08;0;0,21;148,74;149,74;1,95;1,75
8;StudentAttendanceSystem;pair;1226;27;54;47;267;100;0,44;0,34;1,98;0,48;150,74;150,74;4,1;3,24
8;StudentAttendanceSystem;state;1227;21;38;8;43;100;0,45;0,42;0;0,08;151,74;151,74;1,07;0,94
8;StudentAttendanceSystem;transition;1227;21;38;12;38;100;0,41;0,72;0;0,13;151,74;151,74;1,43;1,25
8;StudentAttendanceSystem;pair;1227;21;38;35;195;100;0,35;0,22;1,06;0,26;152,74;153,74;2,52;1,88
8;StudentAttendanceSystem;state;1228;20;32;7;36;100;0,32;0,34;0;0,06;153,74;153,74;0,85;0,72
8;StudentAttendanceSystem;transition;1228;20;32;12;31;100;0,31;0,63;0;0,11;154,74;154,74;1,22;1,05
8;StudentAttendanceSystem;pair;1228;20;32;24;114;100;0,29;0,16;0,68;0,15;155,74;155,74;1,83;1,28
8;StudentAttendanceSystem;state;1229;22;42;9;47;100;0,31;0,4;0;0,09;155,74;155,74;0,91;0,79
8;StudentAttendanceSystem;transition;1229;22;42;15;42;100;0,31;0,68;0;0,14;156,74;156,74;1,32;1,14
8;StudentAttendanceSystem;pair;1229;22;42;44;234;100;0,33;0,25;1,23;0,34;157,74;157,74;2,86;2,16
8;StudentAttendanceSystem;state;1230;30;61;13;73;100;0,43;0,5;0;0,16;158,74;158,74;1,22;1,09
8;StudentAttendanceSystem;transition;1230;30;61;20;60;100;0,39;1;0;0,22;159,74;159,74;1,79;1,62
8;StudentAttendanceSystem;pair;1230;30;61;58;334;100;0,35;0,29;1,97;0,52;161,74;161,74;3,96;3,13
8;StudentAttendanceSystem;state;1231;28;57;13;70;100;0,42;0,48;0;0,13;162,74;162,74;1,17;1,03
8;StudentAttendanceSystem;transition;1231;28;57;19;57;100;0,39;0,95;0;0,19;163,74;163,74;1,72;1,52
8;StudentAttendanceSystem;pair;1231;28;57;46;270;100;0,37;0,27;1,66;0,4;164,74;165,74;3,43;2,71
8;StudentAttendanceSystem;state;1232;31;62;14;76;100;0,44;0,49;0;0,14;165,74;165,74;1,19;1,07
8;StudentAttendanceSystem;transition;1232;31;62;21;61;100;0,38;1,04;0;0,21;166,74;166,74;1,8;1,63
8;StudentAttendanceSystem;pair;1232;31;62;50;294;100;0,45;0,32;2,05;0,44;168,74;168,74;4,11;3,26
8;StudentAttendanceSystem;state;1233;21;39;8;43;100;0,35;0,34;0;0,09;169,74;169,74;0,91;0,79
8;StudentAttendanceSystem;transition;1233;21;39;13;38;100;0,3;0,62;0;0,14;169,74;169,74;1,21;1,06
8;StudentAttendanceSystem;pair;1233;21;39;39;213;100;0,28;0,2;1,01;0,3;170,74;171,74;2,35;1,79
8;StudentAttendanceSystem;state;1234;25;51;10;56;100;0,36;0,41;0;0,12;171,74;171,74;1,07;0,89
8;StudentAttendanceSystem;transition;1234;25;51;18;51;100;0,42;0,88;0;0,17;172,74;172,74;1,66;1,46
8;StudentAttendanceSystem;pair;1234;25;51;48;270;100;0,32;0,29;1,75;0,46;173,74;174,74;3,68;2,82
8;StudentAttendanceSystem;state;1235;29;60;14;75;100;0,49;0,57;0;0,15;174,74;175,74;1,35;1,21
8;StudentAttendanceSystem;transition;1235;29;60;20;60;100;0,47;1,01;0;0,18;175,74;175,74;1,87;1,67
8;StudentAttendanceSystem;pair;1235;29;60;56;322;100;0,43;0,29;1,99;0,5;177,74;177,74;4,08;3,2
8;StudentAttendanceSystem;state;1236;20;37;8;41;100;0,31;0,32;0;0,07;178,74;178,74;0,82;0,7
8;StudentAttendanceSystem;transition;1236;20;37;13;37;100;0,27;0,65;0;0,11;179,74;179,74;1,17;1,03
8;StudentAttendanceSystem;pair;1236;20;37;32;174;100;0,32;0,17;0,82;0,22;180,74;180,74;2,1;1,53
8;StudentAttendanceSystem;state;1237;23;46;9;46;100;0,3;0,35;0;0,07;180,74;180,74;0,86;0,73
8;StudentAttendanceSystem;transition;1237;23;46;17;46;100;0,3;0,73;0;0,14;181,74;181,74;1,3;1,16
8;StudentAttendanceSystem;pair;1237;23;46;41;231;100;0,31;0,19;1,2;0,38;182,74;183,74;2,76;2,09
8;StudentAttendanceSystem;state;1238;20;38;8;43;100;0,32;0,33;0;0,06;183,74;183,74;0,83;0,72
8;StudentAttendanceSystem;transition;1238;20;38;12;38;100;0,28;0,58;0;0,13;184,74;184,74;1,14;0,99
8;StudentAttendanceSystem;pair;1238;20;38;34;200;100;0,31;0,15;2,8;0,26;185,85;5,85;4,11;3,53
8;StudentAttendanceSystem;state;1239;20;36;8;43;100;0,28;0,44;0;0,08;6,85;6,85;0,93;0,8
8;StudentAttendanceSystem;transition;1239;20;36;12;36;100;0,28;0,57;0;0,13;6,85;6,85;1,13;0,98
8;StudentAttendanceSystem;pair;1239;20;36;29;163;100;0,29;0,17;0,72;0,2;7,85;7,85;1,89;1,38
8;StudentAttendanceSystem;state;1240;30;60;13;73;100;0,44;0,53;0;0,14;8,85;8,85;1,25;1,11
8;StudentAttendanceSystem;transition;1240;30;60;20;59;100;0,36;1,02;0;0,19;9,85;9,85;1,72;1,57
8;StudentAttendanceSystem;pair;1240;30;60;52;300;100;0,37;0,36;2,16;0,5;10,85;11,85;4,24;3,38
8;StudentAttendanceSystem;state;1241;22;38;9;46;100;0,32;0,38;0;0,09;11,85;11,85;0,91;0,79
8;StudentAttendanceSystem;transition;1241;22;38;14;37;100;0,3;0,68;0;0,12;12,85;12,85;1,25;1,1
8;StudentAttendanceSystem;pair;1241;22;38;28;149;100;0,3;0,29;0,9;0,22;13,85;13,85;2,26;1,7
8;StudentAttendanceSystem;state;1242;19;34;7;37;100;0,28;0,32;0;0,06;14,85;14,85;0,77;0,66
8;StudentAttendanceSystem;transition;1242;19;34;12;34;100;0,26;0,62;0;0,11;14,85;14,85;1,14;1
8;StudentAttendanceSystem;pair;1242;19;34;34;174;100;0,35;0,27;0,78;0,21;15,85;15,85;2,15;1,61
8;StudentAttendanceSystem;state;1243;24;45;10;55;100;0,31;0,36;0;0,1;16,85;16,85;0,87;0,77
8;StudentAttendanceSystem;transition;1243;24;45;15;45;100;0,3;0,82;0;0,19;17,85;17,85;1,49;1,31
8;StudentAttendanceSystem;pair;1243;24;45;38;210;100;0,33;0,2;0,97;0,26;18,85;18,85;2,37;1,76
8;StudentAttendanceSystem;state;1244;22;37;8;43;100;0,38;0,45;0;0,07;19,85;19,85;1,04;0,89
8;StudentAttendanceSystem;transition;1244;22;37;12;36;100;0,25;0,56;0;0,1;19,85;19,85;1,02;0,91
8;StudentAttendanceSystem;pair;1244;22;37;31;166;100;0,26;0,14;0,68;0,21;20,85;21,85;1,74;1,28
8;StudentAttendanceSystem;state;1245;22;41;9;45;100;0,32;0,24;0;0,06;21,85;21,85;0,72;0,62
8;StudentAttendanceSystem;transition;1245;22;41;15;41;100;0,28;0,65;0;0,12;22,85;22,85;1,18;1,05
8;StudentAttendanceSystem;pair;1245;22;41;34;186;100;0,3;0,32;0,9;0,2;23,85;23,85;2,29;1,72
8;StudentAttendanceSystem;state;1246;24;44;9;46;100;0,21;0,26;0;0,06;24,85;24,85;0,61;0,53
8;StudentAttendanceSystem;transition;1246;24;44;16;43;100;0,29;0,82;0;0,14;24,85;24,85;1,42;1,25
8;StudentAttendanceSystem;pair;1246;24;44;36;200;100;0,3;0,21;0,96;0,25;25,85;26,85;2,32;1,73
8;StudentAttendanceSystem;state;1247;19;32;7;37;100;0,25;0,3;0;0,05;26,85;26,85;0,7;0,6
8;StudentAttendanceSystem;transition;1247;19;32;11;31;100;0,25;0,5;0;0,09;27,85;27,85;0,95;0,84
8;StudentAttendanceSystem;pair;1247;19;32;26;136;100;0,28;0,14;0,62;0,21;28,85;28,85;1,73;1,25
8;StudentAttendanceSystem;state;1248;28;59;13;70;100;0,4;0,54;0;0,11;28,85;28,85;1,18;1,05
8;StudentAttendanceSystem;transition;1248;28;59;20;59;100;0,34;0,94;0;0,21;29,85;29,85;1,68;1,49
8;StudentAttendanceSystem;pair;1248;28;59;56;320;100;0,37;0,27;2,15;0,5;31,85;31,85;4,04;3,28
8;StudentAttendanceSystem;state;1249;29;58;12;68;100;0,41;0,46;0;0,11;32,85;32,85;1,09;0,98
8;StudentAttendanceSystem;transition;1249;29;58;19;57;100;0,34;0,99;0;0,28;33,85;33,85;1,87;1,61
8;StudentAttendanceSystem;pair;1249;29;58;49;287;100;0,33;0,26;1,69;0,46;34,85;35,85;3,56;2,75
8;StudentAttendanceSystem;state;1250;23;46;9;46;100;0,34;0,3;0;0,08;35,85;35,85;0,85;0,73
8;StudentAttendanceSystem;transition;1250;23;46;17;45;100;0,34;0,76;0;0,16;36,85;36,85;1,42;1,26
8;StudentAttendanceSystem;pair;1250;23;46;42;238;100;0,31;0,23;1,52;0,32;37,85;38,85;3,07;2,38
8;StudentAttendanceSystem;state;1251;19;38;8;41;100;0,3;0,31;0;0,07;38,85;38,85;0,79;0,68
8;StudentAttendanceSystem;transition;1251;19;38;13;38;100;0,27;0,62;0;0,13;39,85;39,85;1,16;1,01
8;StudentAttendanceSystem;pair;1251;19;38;36;204;100;0,28;0,18;0,91;0,27;40,85;40,85;2,14;1,63
8;StudentAttendanceSystem;state;1252;26;53;11;62;100;0,34;0,41;0;0,09;41,85;41,85;0,93;0,83
8;StudentAttendanceSystem;transition;1252;26;53;17;53;100;0,38;0,79;0;0,18;42,85;42,85;1,51;1,34
8;StudentAttendanceSystem;pair;1252;26;53;45;263;100;0,33;0,26;1,66;0,34;43,85;43,85;3,43;2,59
8;StudentAttendanceSystem;state;1253;25;47;10;51;100;0,36;0,39;0;0,08;44,85;44,85;0,97;0,83
8;StudentAttendanceSystem;transition;1253;25;47;18;46;100;0,32;0,72;0;0,23;45,85;45,85;1,45;1,27
8;StudentAttendanceSystem;pair;1253;25;47;41;225;100;0,32;0,23;1,32;0,28;46,85;46,85;2,77;2,15
8;StudentAttendanceSystem;state;1254;23;40;9;47;100;0,28;0,4;0;0,07;47,85;47,85;0,86;0,76
8;StudentAttendanceSystem;transition;1254;23;40;14;39;100;0,26;0,64;0;0,14;47,85;47,85;1,17;1,04
8;StudentAttendanceSystem;pair;1254;23;40;37;195;100;0,28;0,15;0,91;0,23;48,85;49,85;2,08;1,58
8;StudentAttendanceSystem;state;1255;21;35;8;40;100;0,25;0,3;0;0,05;49,85;49,85;0,69;0,6
8;StudentAttendanceSystem;transition;1255;21;35;13;34;100;0,25;0,6;0;0,11;50,85;50,85;1,12;0,96
8;StudentAttendanceSystem;pair;1255;21;35;29;143;100;0,25;0,14;0,62;0,2;51,85;51,85;1,66;1,21
8;StudentAttendanceSystem;state;1256;15;26;6;29;100;0,27;0,25;0;0,04;51,85;51,85;0,66;0,56
8;StudentAttendanceSystem;transition;1256;15;26;9;26;100;0,22;0,43;0;0,08;52,85;52,85;0,87;0,73
8;StudentAttendanceSystem;pair;1256;15;26;22;110;100;0,27;0,12;0,5;0,13;53,85;53,85;1,45;1,02
8;StudentAttendanceSystem;state;1257;21;37;8;43;100;0,3;0,35;0;0,07;53,85;53,85;0,83;0,72
8;StudentAttendanceSystem;transition;1257;21;37;12;36;100;0,31;0,94;0;0,11;54,85;54,85;1,53;1,36
8;StudentAttendanceSystem;pair;1257;21;37;30;171;100;0,28;0,21;0,99;0,25;55,85;55,85;2,27;1,72
8;StudentAttendanceSystem;state;1258;20;34;8;40;100;0,26;0,34;0;0,06;56,85;56,85;0,75;0,65
8;StudentAttendanceSystem;transition;1258;20;34;12;33;100;0,26;0,56;0;0,11;56,85;56,85;1,06;0,93
8;StudentAttendanceSystem;pair;1258;20;34;26;139;100;0,3;0,17;0,77;0,23;57,85;57,85;2,08;1,47
8;StudentAttendanceSystem;state;1259;18;31;7;36;100;0,29;0,35;0;0,06;58,85;58,85;0,81;0,7
8;StudentAttendanceSystem;transition;1259;18;31;11;30;100;0,26;0,63;0;0,13;58,85;58,85;1,2;1,02
8;StudentAttendanceSystem;pair;1259;18;31;26;134;100;0,25;0,14;0,6;0,16;59,85;59,85;1,64;1,16
8;StudentAttendanceSystem;state;1260;20;33;7;36;100;0,28;0,31;0;0,06;60,85;60,85;0,75;0,64
8;StudentAttendanceSystem;transition;1260;20;33;13;32;100;0,27;0,64;0;0,11;60,85;60,85;1,17;1,02
8;StudentAttendanceSystem;pair;1260;20;33;27;129;100;0,32;0,2;0,71;0,16;61,85;61,85;1,85;1,38
8;StudentAttendanceSystem;state;1261;17;27;6;31;100;0,23;0,27;0;0,05;62,85;62,85;0,64;0,55
8;StudentAttendanceSystem;transition;1261;17;27;9;27;100;0,23;0,56;0;0,07;62,85;62,85;0,98;0,85
8;StudentAttendanceSystem;pair;1261;17;27;25;116;100;0,23;0,12;0,47;0,14;63,85;63,85;1,35;0,96
8;StudentAttendanceSystem;state;1262;27;54;12;65;100;0,32;0,39;0;0,1;64,85;64,85;0,92;0,81
8;StudentAttendanceSystem;transition;1262;27;54;19;53;100;0,31;0,88;0;0,17;65,85;65,85;1,5;1,37
8;StudentAttendanceSystem;pair;1262;27;54;49;283;100;0,35;0,26;1,68;0,48;66,85;67,85;3,52;2,78
8;StudentAttendanceSystem;state;1263;21;39;8;43;100;0,29;0,36;0;0,07;67,85;67,85;0,83;0,71
8;StudentAttendanceSystem;transition;1263;21;39;13;39;100;0,27;0,63;0;0,08;68,85;68,85;1,1;0,98
8;StudentAttendanceSystem;pair;1263;21;39;38;210;100;0,22;0,16;1,03;0,18;69,85;69,85;2,18;1,6
8;StudentAttendanceSystem;state;1264;30;60;13;73;100;0,39;0,48;0;0,12;70,85;70,85;1,1;0,98
8;StudentAttendanceSystem;transition;1264;30;60;20;59;100;0,37;1,03;0;0,19;71,85;71,85;1,75;1,59
8;StudentAttendanceSystem;pair;1264;30;60;52;300;100;0,35;0,3;1,78;0,49;72,85;73,85;3,72;2,92
8;StudentAttendanceSystem;state;1265;17;25;6;31;100;0,18;0,25;0;0,05;73,85;73,85;0,57;0,48
8;StudentAttendanceSystem;transition;1265;17;25;8;24;100;0,25;0,46;0;0,07;74,85;74,85;0,89;0,78
8;StudentAttendanceSystem;pair;1265;17;25;17;81;100;0,28;0,1;0,33;0,1;74,85;74,85;1,18;0,81
8;StudentAttendanceSystem;state;1266;27;54;12;65;100;0,31;0,38;0;0,11;75,85;75,85;0,9;0,8
8;StudentAttendanceSystem;transition;1266;27;54;19;53;100;0,41;0,95;0;0,17;76,85;76,85;1,7;1,54
8;StudentAttendanceSystem;pair;1266;27;54;49;283;100;0,33;0,28;1,56;0,41;77,85;78,85;3,24;2,59
8;StudentAttendanceSystem;state;1267;19;32;7;37;100;0,27;0,28;0;0,05;78,85;78,85;0,73;0,6
8;StudentAttendanceSystem;transition;1267;19;32;11;31;100;0,27;0,59;0;0,1;79,85;79,85;1,07;0,95
8;StudentAttendanceSystem;pair;1267;19;32;27;145;100;0,28;0,1;0,48;0,18;80,85;80,85;1,45;1,05
8;StudentAttendanceSystem;state;1268;22;41;8;42;100;0,28;0,34;0;0,07;80,85;80,85;0,78;0,68
8;StudentAttendanceSystem;transition;1268;22;41;14;40;100;0,26;0,7;0;0,12;81,85;81,85;1,21;1,08
8;StudentAttendanceSystem;pair;1268;22;41;42;226;100;0,22;0,21;1,05;0,19;82,85;82,85;2,08;1,66
8;StudentAttendanceSystem;state;1269;18;31;7;36;100;0,19;0,26;0;0,06;83,85;83,85;0,61;0,5
8;StudentAttendanceSystem;transition;1269;18;31;11;30;100;0,26;0,47;0;0,1;83,85;83,85;0,96;0,82
8;StudentAttendanceSystem;pair;1269;18;31;26;134;100;0,23;0,12;0,53;0,16;84,85;84,85;1,47;1,04
8;StudentAttendanceSystem;state;1270;20;38;8;41;100;0,28;0,34;0;0,06;85,85;85,85;0,79;0,69
8;StudentAttendanceSystem;transition;1270;20;38;14;38;100;0,32;0,69;0;0,13;86,85;86,85;1,29;1,13
8;StudentAttendanceSystem;pair;1270;20;38;35;189;100;0,28;0,16;0,7;0,25;87,85;87,85;1,92;1,38
8;StudentAttendanceSystem;state;1271;19;33;8;44;100;0,26;0,32;0;0,06;87,85;87,85;0,79;0,63
8;StudentAttendanceSystem;transition;1271;19;33;10;33;100;0,27;0,52;0;0,09;88,85;88,85;1,02;0,88
8;StudentAttendanceSystem;pair;1271;19;33;26;140;100;0,24;0,13;0,61;0,17;89,85;89,85;1,59;1,15
8;StudentAttendanceSystem;state;1272;22;40;9;44;100;0,27;0,36;0;0,08;89,85;90,85;0,81;0,71
8;StudentAttendanceSystem;transition;1272;22;40;16;39;100;0,28;0,68;0;0,14;90,85;90,85;1,27;1,1
8;StudentAttendanceSystem;pair;1272;22;40;33;172;100;0,2;0,13;0,81;0,24;91,85;91,85;1,81;1,38
8;StudentAttendanceSystem;state;1273;27;55;12;63;100;0,42;0,46;0;0,1;92,85;92,85;1,08;0,97
8;StudentAttendanceSystem;transition;1273;27;55;20;54;100;0,32;0,85;0;0,2;93,85;93,85;1,55;1,38
8;StudentAttendanceSystem;pair;1273;27;55;51;285;100;0,32;0,41;1,59;0,4;94,85;95,85;3,53;2,71
8;StudentAttendanceSystem;state;1274;30;59;13;73;100;0,36;0,48;0;0,15;95,85;96,85;1,14;0,99
8;StudentAttendanceSystem;transition;1274;30;59;18;58;100;0,33;0,9;0;0,2;96,85;96,85;1,62;1,44
8;StudentAttendanceSystem;pair;1274;30;59;51;302;100;0,36;0,31;2,16;0,43;98,85;98,85;4,07;3,26
8;StudentAttendanceSystem;state;1275;32;66;15;81;100;0,46;0,47;0;0,13;99,85;99,85;1,19;1,06
8;StudentAttendanceSystem;transition;1275;32;66;23;65;100;0,42;1,08;0;0,22;100,85;100,85;1,89;1,71
8;StudentAttendanceSystem;pair;1275;32;66;63;357;100;0,38;0,3;2,35;0,49;102,85;102,85;4,28;3,52
8;StudentAttendanceSystem;state;1276;29;58;12;68;100;0,29;0,32;0;0,07;103,85;103,85;0,76;0,67
8;StudentAttendanceSystem;transition;1276;29;58;19;57;100;0,36;0,97;0;0,18;104,85;104,85;1,68;1,51
8;StudentAttendanceSystem;pair;1276;29;58;49;287;100;0,32;0,22;1,29;0,43;105,85;106,85;2,87;2,27
8;StudentAttendanceSystem;state;1277;23;48;10;55;100;0,33;0,35;0;0,08;106,85;106,85;0,85;0,76
8;StudentAttendanceSystem;transition;1277;23;48;15;48;100;0,31;0,51;0;0,1;107,85;107,85;1,03;0,91
8;StudentAttendanceSystem;pair;1277;23;48;42;246;100;0,27;0,29;1,18;0,32;108,85;109,85;2,74;2,06
8;StudentAttendanceSystem;state;1278;30;60;13;70;100;0,26;0,33;0;0,09;109,85;109,85;0,77;0,68
8;StudentAttendanceSystem;transition;1278;30;60;22;59;100;0,36;1,07;0;0,21;110,85;110,85;1,8;1,63
8;StudentAttendanceSystem;pair;1278;30;60;54;302;100;0,35;0,28;1,89;0,49;112,85;112,85;3,78;3,02
8;StudentAttendanceSystem;state;1279;18;27;7;37;100;0,27;0,37;0;0,05;113,85;113,85;0,82;0,69
8;StudentAttendanceSystem;transition;1279;18;27;8;26;100;0,23;0,53;0;0,09;113,85;113,85;1;0,85
8;StudentAttendanceSystem;pair;1279;18;27;21;103;100;0,22;0,1;0,43;0,16;114,85;114,85;1,32;0,91
8;StudentAttendanceSystem;state;1280;25;46;10;55;100;0,24;0,28;0;0,05;115,85;115,85;0,65;0,57
8;StudentAttendanceSystem;transition;1280;25;46;17;45;100;0,21;0,72;0;0,15;115,85;115,85;1,21;1,07
8;StudentAttendanceSystem;pair;1280;25;46;41;213;100;0,3;0,22;1,29;0,34;117,85;117,85;2,8;2,15
8;StudentAttendanceSystem;state;1281;22;41;9;47;100;0,34;0,37;0;0,07;117,85;117,85;0,88;0,77
8;StudentAttendanceSystem;transition;1281;22;41;14;41;100;0,3;0,68;0;0,12;118,85;118,85;1,23;1,1
8;StudentAttendanceSystem;pair;1281;22;41;41;223;100;0,29;0,14;0,77;0,19;119,85;120,85;1,86;1,38
8;StudentAttendanceSystem;state;1282;23;44;9;49;100;0,3;0,34;0;0,07;120,85;120,85;0,8;0,71
8;StudentAttendanceSystem;transition;1282;23;44;15;43;100;0,31;0,54;0;0,09;121,85;121,85;1,04;0,94
8;StudentAttendanceSystem;pair;1282;23;44;39;215;100;0,21;0,15;1,34;0,35;122,85;122,85;2,6;2,05
8;StudentAttendanceSystem;state;1283;27;52;11;61;100;0,42;0,46;0;0,13;123,85;123,85;1,14;1,01
8;StudentAttendanceSystem;transition;1283;27;52;19;51;100;0,38;0,87;0;0,16;124,85;124,85;1,56;1,41
8;StudentAttendanceSystem;pair;1283;27;52;48;260;100;0,34;0,25;1,3;0,24;125,85;125,85;2,79;2,14
8;StudentAttendanceSystem;state;1284;27;56;12;67;100;0,37;0,45;0;0,1;126,85;126,85;1,04;0,92
8;StudentAttendanceSystem;transition;1284;27;56;19;56;100;0,34;1,11;0;0,2;127,85;127,85;1,84;1,65
8;StudentAttendanceSystem;pair;1284;27;56;51;291;100;0,26;0,26;1,48;0,38;128,85;129,85;3,08;2,38
8;StudentAttendanceSystem;state;1285;29;61;14;75;100;0,46;0,49;0;0,11;129,85;129,85;1,17;1,06
8;StudentAttendanceSystem;transition;1285;29;61;21;61;100;0,33;0,86;0;0,18;130,85;130,85;1,51;1,37
8;StudentAttendanceSystem;pair;1285;29;61;59;333;100;0,44;0,48;1,74;0,49;132,85;133,85;3,92;3,15
8;StudentAttendanceSystem;state;1286;22;45;9;49;100;0,33;0,29;0;0,06;133,85;133,85;0,77;0,68
8;StudentAttendanceSystem;transition;1286;22;45;15;45;100;0,3;0,68;0;0,13;134,85;134,85;1,25;1,11
8;StudentAttendanceSystem;pair;1286;22;45;42;238;100;0,3;0,22;1,07;0,2;135,85;135,85;2,29;1,79
8;StudentAttendanceSystem;state;1287;28;58;13;70;100;0,27;0,32;0;0,07;136,85;136,85;0,74;0,66
8;StudentAttendanceSystem;transition;1287;28;58;20;58;100;0,27;0,76;0;0,17;137,85;137,85;1,36;1,21
8;StudentAttendanceSystem;pair;1287;28;58;50;286;100;0,37;0,25;1,53;0,42;138,85;139,85;3,29;2,57
8;StudentAttendanceSystem;state;1288;22;40;9;48;100;0,28;0,37;0;0,05;139,85;139,85;0,83;0,7
8;StudentAttendanceSystem;transition;1288;22;40;14;39;100;0,19;0,53;0;0,08;140,85;140,85;0,89;0,8
8;StudentAttendanceSystem;pair;1288;22;40;35;181;100;0,24;0,15;0,79;0,26;141,85;141,85;1,95;1,44
8;StudentAttendanceSystem;state;1289;29;60;14;75;100;0,4;0,35;0;0,08;142,85;142,85;0,91;0,83
8;StudentAttendanceSystem;transition;1289;29;60;20;60;100;0,24;0,76;0;0,12;143,85;143,85;1,24;1,12
8;StudentAttendanceSystem;pair;1289;29;60;56;318;100;0,25;0,26;1,62;0,42;144,85;145,85;3,15;2,57
8;StudentAttendanceSystem;state;1290;29;58;12;68;100;0,34;0,33;0;0,08;145,85;145,85;0,85;0,76
8;StudentAttendanceSystem;transition;1290;29;58;19;57;100;0,25;0,91;0;0,14;146,85;146,85;1,46;1,3
8;StudentAttendanceSystem;pair;1290;29;58;48;286;100;0,26;0,21;1,43;0,38;148,85;148,85;2,8;2,27
8;StudentAttendanceSystem;state;1291;26;53;11;62;100;0,4;0,41;0;0,09;149,85;149,85;1,01;0,9
8;StudentAttendanceSystem;transition;1291;26;53;17;53;100;0,32;0,72;0;0,11;150,85;150,85;1,28;1,15
8;StudentAttendanceSystem;pair;1291;26;53;45;263;100;0,23;0,24;1,43;0,31;151,85;151,85;2,73;2,2
8;StudentAttendanceSystem;state;1292;20;39;8;43;100;0,32;0,31;0;0,06;152,85;152,85;0,79;0,69
8;StudentAttendanceSystem;transition;1292;20;39;13;39;100;0,29;0,58;0;0,13;152,85;153,85;1,15;1
8;StudentAttendanceSystem;pair;1292;20;39;37;215;100;0,27;0,21;0,9;0,29;154,85;154,85;2,25;1,67
8;StudentAttendanceSystem;state;1293;24;49;10;51;100;0,24;0,26;0;0,06;154,85;154,85;0,67;0,56
8;StudentAttendanceSystem;transition;1293;24;49;19;49;100;0,22;0,85;0;0,15;155,85;155,85;1,37;1,22
8;StudentAttendanceSystem;pair;1293;24;49;47;259;100;0,34;0,3;1,32;0,34;157,85;157,85;2,95;2,3
8;StudentAttendanceSystem;state;1294;20;35;8;40;100;0,26;0,32;0;0,06;157,85;157,85;0,74;0,64
8;StudentAttendanceSystem;transition;1294;20;35;13;34;100;0,3;0,54;0;0,11;158,85;158,85;1,07;0,95
8;StudentAttendanceSystem;pair;1294;20;35;30;157;100;0,26;0,15;0,75;0,24;159,85;159,85;1,89;1,4
8;StudentAttendanceSystem;state;1295;22;38;9;50;100;0,28;0,37;0;0,08;160,85;160,85;0,84;0,73
8;StudentAttendanceSystem;transition;1295;22;38;12;37;100;0,31;0,62;0;0,11;160,85;160,85;1,16;1,03
8;StudentAttendanceSystem;pair;1295;22;38;29;161;100;0,27;0,14;0,81;0,23;161,85;162,85;1,93;1,45
8;StudentAttendanceSystem;state;1296;21;40;9;50;100;0,28;0,3;0;0,06;162,85;162,85;0,73;0,64
8;StudentAttendanceSystem;transition;1296;21;40;13;40;100;0,19;0,58;0;0,11;163,85;163,85;0,99;0,88
8;StudentAttendanceSystem;pair;1296;21;40;36;202;100;0,29;0,14;0,93;0,27;164,85;164,85;2,19;1,62
8;StudentAttendanceSystem;state;1297;18;31;7;35;100;0,26;0,27;0;0,05;165,85;165,85;0,7;0,59
8;StudentAttendanceSystem;transition;1297;18;31;11;30;100;0,22;0,48;0;0,11;165,85;165,85;0,95;0,81
8;StudentAttendanceSystem;pair;1297;18;31;25;128;100;0,26;0,12;0,5;0,15;166,85;166,85;1,44;1,03
8;StudentAttendanceSystem;state;1298;21;39;8;42;100;0,28;0,32;0;0,06;167,85;167,85;0,75;0,66
8;StudentAttendanceSystem;transition;1298;21;39;14;39;100;0,28;0,57;0;0,13;167,85;167,85;1,12;0,98
8;StudentAttendanceSystem;pair;1298;21;39;34;184;100;0,34;0,13;0,72;0,23;168,85;169,85;1,95;1,42
8;StudentAttendanceSystem;state;1299;23;45;10;56;100;0,39;0,45;0;0,1;169,85;169,85;1,08;0,94
8;StudentAttendanceSystem;transition;1299;23;45;14;45;100;0,31;0,67;0;0,14;170,85;170,85;1,28;1,13
8;StudentAttendanceSystem;pair;1299;23;45;40;234;100;0,37;0,21;1,06;0,29;171,85;171,85;2,54;1,93
8;StudentAttendanceSystem;state;1300;16;27;6;30;100;0,26;0,3;0;0,04;172,85;172,85;0,7;0,6
8;StudentAttendanceSystem;transition;1300;16;27;9;27;100;0,21;0,44;0;0,07;172,85;172,85;0,82;0,71
8;StudentAttendanceSystem;pair;1300;16;27;22;112;100;0,22;0,09;0,43;0,13;173,85;173,85;1,27;0,87
8;StudentAttendanceSystem;state;1301;21;36;8;43;100;0,26;0,31;0;0,06;174,85;174,85;0,94;0,63
8;StudentAttendanceSystem;transition;1301;21;36;13;35;100;0,26;0,61;0;0,12;174,85;174,85;1,15;0,99
8;StudentAttendanceSystem;pair;1301;21;36;28;152;100;0,27;0,16;0,76;0,2;175,85;175,85;1,91;1,38
8;StudentAttendanceSystem;state;1302;19;36;8;40;100;0,33;0,31;0;0,04;176,85;176,85;0,77;0,68
8;StudentAttendanceSystem;transition;1302;19;36;13;36;100;0,22;0,51;0;0,08;176,85;177,85;0,92;0,81
8;StudentAttendanceSystem;pair;1302;19;36;33;180;100;0,18;0,14;0,7;0,15;177,85;178,85;1,53;1,17
8;StudentAttendanceSystem;state;1303;26;50;10;54;100;0,42;0,45;0;0,11;178,85;178,85;1,12;0,98
8;StudentAttendanceSystem;transition;1303;26;50;18;49;100;0,33;0,85;0;0,2;179,85;179,85;1,57;1,38
8;StudentAttendanceSystem;pair;1303;26;50;46;262;100;0,33;0,23;1,64;0,4;180,85;181,85;3,37;2,6
8;StudentAttendanceSystem;state;1304;18;30;7;35;100;0,19;0,19;0;0,03;181,85;181,85;0,49;0,41
8;StudentAttendanceSystem;transition;1304;18;30;11;30;100;0,16;0,34;0;0,06;182,85;182,85;0,65;0,56
8;StudentAttendanceSystem;pair;1304;18;30;30;140;100;0,2;0,13;0,61;0,18;183,85;183,85;1,56;1,12
8;StudentAttendanceSystem;state;1305;28;58;13;72;100;0,36;0,47;0;0,12;183,85;184,85;1,07;0,95
8;StudentAttendanceSystem;transition;1305;28;58;19;58;100;0,32;1,07;0;0,21;184,85;184,85;1,81;1,6
8;StudentAttendanceSystem;pair;1305;28;58;57;323;100;1,76;0,38;1,86;0,41;6,73;6,73;5,28;4,41
8;StudentAttendanceSystem;state;1306;19;34;8;42;100;0,31;0,35;0;0,11;7,73;7,73;0,89;0,77
8;StudentAttendanceSystem;transition;1306;19;34;11;34;100;0,25;0,53;0;0,11;7,73;8,73;1,02;0,89
8;StudentAttendanceSystem;pair;1306;19;34;29;150;100;0,18;0,1;0,63;0,14;8,73;9,73;1,36;1,05
8;StudentAttendanceSystem;state;1307;24;46;10;55;100;0,22;0,34;0;0,08;9,73;9,73;0,73;0,65
8;StudentAttendanceSystem;transition;1307;24;46;16;46;100;0,34;0,7;0;0,19;10,73;10,73;1,4;1,23
8;StudentAttendanceSystem;pair;1307;24;46;41;221;100;0,3;0,18;1,17;0,31;11,73;11,73;2,56;1,96
8;StudentAttendanceSystem;state;1308;27;54;11;57;100;0,35;0,41;0;0,1;12,73;12,73;0,97;0,87
8;StudentAttendanceSystem;transition;1308;27;54;21;53;100;0,35;0,82;0;0,19;13,73;13,73;1,52;1,36
8;StudentAttendanceSystem;pair;1308;27;54;51;283;100;0,31;0,24;1,54;0,28;14,73;15,73;3,04;2,37
8;StudentAttendanceSystem;state;1309;25;50;10;55;100;0,24;0,43;0;0,09;15,73;15,73;0,86;0,76
8;StudentAttendanceSystem;transition;1309;25;50;17;49;100;0,32;0,99;0;0,18;16,73;16,73;1,64;1,49
8;StudentAttendanceSystem;pair;1309;25;50;46;262;100;0,27;0,19;1,41;0,39;17,73;18,73;2,92;2,26
8;StudentAttendanceSystem;state;1310;18;33;7;37;100;0,31;0,3;0;0,07;18,73;18,73;0,84;0,69
8;StudentAttendanceSystem;transition;1310;18;33;11;33;100;0,25;0,51;0;0,1;19,73;19,73;0,99;0,86
8;StudentAttendanceSystem;pair;1310;18;33;30;168;100;0,25;0,12;0,83;0,21;20,73;20,73;1,88;1,41
8;StudentAttendanceSystem;state;1311;24;45;10;54;100;0,32;0,43;0;0,07;21,73;21,73;0,92;0,82
8;StudentAttendanceSystem;transition;1311;24;45;15;44;100;0,21;0,71;0;0,17;21,73;21,73;1,21;1,08
8;StudentAttendanceSystem;pair;1311;24;45;38;212;100;0,32;0,17;1,17;0,32;22,73;23,73;2,69;1,98
8;StudentAttendanceSystem;state;1312;17;29;6;30;100;0,25;0,27;0;0,05;23,73;23,73;0,66;0,56
8;StudentAttendanceSystem;transition;1312;17;29;9;29;100;0,23;0,45;0;0,05;24,73;24,73;0,84;0,74
8;StudentAttendanceSystem;pair;1312;17;29;27;141;100;0,15;0,09;0,54;0,18;25,73;25,73;1,26;0,96
8;StudentAttendanceSystem;state;1313;29;58;12;67;100;0,36;0,48;0;0,11;25,73;25,73;1,05;0,94
8;StudentAttendanceSystem;transition;1313;29;58;20;57;100;0,4;1,29;0;0,22;26,73;26,73;2,09;1,9
8;StudentAttendanceSystem;pair;1313;29;58;58;326;100;0,36;0,3;1,89;0,44;28,73;28,73;3,89;2,98
8;StudentAttendanceSystem;state;1314;26;53;11;61;100;0,35;0,43;0;0,1;29,73;29,73;0,98;0,87
8;StudentAttendanceSystem;transition;1314;26;53;17;52;100;0,32;0,97;0;0,16;30,73;30,73;1,64;1,45
8;StudentAttendanceSystem;pair;1314;26;53;46;270;100;0,39;0,26;1,61;0,55;31,73;32,73;3,56;2,8
8;StudentAttendanceSystem;state;1315;23;42;10;54;100;0,33;0,41;0;0,08;32,73;32,73;0,94;0,81
8;StudentAttendanceSystem;transition;1315;23;42;14;42;100;0,35;0,81;0;0,16;33,73;33,73;1,5;1,33
8;StudentAttendanceSystem;pair;1315;23;42;40;206;100;0,36;0,21;1,33;0,31;34,73;34,73;2,93;2,2
8;StudentAttendanceSystem;state;1316;24;45;10;52;100;0,33;0,4;0;0,16;35,73;35,73;1,04;0,89
8;StudentAttendanceSystem;transition;1316;24;45;17;44;100;0,29;0,79;0;0,15;35,73;35,73;1,39;1,23
8;StudentAttendanceSystem;pair;1316;24;45;38;212;100;0,32;0,19;1,2;0,32;37,73;37,73;2,71;2,04
8;StudentAttendanceSystem;state;1317;20;38;9;46;100;0,3;0,37;0;0,09;37,73;37,73;0,89;0,76
8;StudentAttendanceSystem;transition;1317;20;38;13;38;100;0,33;0,54;0;0,1;38,73;38,73;1,11;0,97
8;StudentAttendanceSystem;pair;1317;20;38;36;186;100;0,26;0,18;0,94;0,24;39,73;39,73;2,14;1,62
8;StudentAttendanceSystem;state;1318;23;42;10;52;100;0,3;0,37;0;0,08;40,73;40,73;0,88;0,75
8;StudentAttendanceSystem;transition;1318;23;42;15;42;100;0,3;0,65;0;0,17;40,73;41,73;1,26;1,12
8;StudentAttendanceSystem;pair;1318;23;42;32;169;100;0,32;0,2;0,9;0,21;41,73;42,73;2,15;1,62
8;StudentAttendanceSystem;state;1319;23;46;10;51;100;0,29;0,35;0;0,08;42,73;42,73;0,82;0,73
8;StudentAttendanceSystem;transition;1319;23;46;16;46;100;0,35;0,67;0;0,13;43,73;43,73;1,29;1,15
8;StudentAttendanceSystem;pair;1319;23;46;46;246;100;0,28;0,18;1,14;0,34;44,73;45,73;2,51;1,95
8;StudentAttendanceSystem;state;1320;16;28;6;30;100;0,17;0,18;0;0,04;45,73;45,73;0,47;0,39
8;StudentAttendanceSystem;transition;1320;16;28;10;28;100;0,14;0,32;0;0,05;46,73;46,73;0,59;0,52
8;StudentAttendanceSystem;pair;1320;16;28;25;123;100;0,15;0,09;0,44;0,11;46,73;47,73;1,05;0,78
8;StudentAttendanceSystem;state;1321;24;46;11;57;100;0,21;0,34;0;0,09;47,73;47,73;0,74;0,64
8;StudentAttendanceSystem;transition;1321;24;46;17;46;100;0,31;0,64;0;0,1;48,73;48,73;1,19;1,04
8;StudentAttendanceSystem;pair;1321;24;46;45;231;100;0,21;0,39;1,35;0,3;49,73;49,73;2,77;2,26
8;StudentAttendanceSystem;state;1322;28;55;11;62;100;0,37;0,31;0;0,07;50,73;50,73;0,84;0,75
8;StudentAttendanceSystem;transition;1322;28;55;19;54;100;0,32;0,66;0;0,14;51,73;51,73;1,25;1,12
8;StudentAttendanceSystem;pair;1322;28;55;49;279;100;0,33;0,24;1,46;0,26;52,73;53,73;2,88;2,29
8;StudentAttendanceSystem;state;1323;26;54;11;62;100;0,3;0,38;0;0,1;53,73;53,73;0,88;0,78
8;StudentAttendanceSystem;transition;1323;26;54;18;54;100;0,35;0,91;0;0,12;54,73;54,73;1,53;1,39
8;StudentAttendanceSystem;pair;1323;26;54;48;278;100;0,25;0,2;1,4;0,37;56,73;56,73;2,91;2,21
8;StudentAttendanceSystem;state;1324;20;35;9;50;100;0,35;0,4;0;0,09;56,73;56,73;0,98;0,84
8;StudentAttendanceSystem;transition;1324;20;35;10;35;100;0,31;0,64;0;0,12;57,73;57,73;1,22;1,06
8;StudentAttendanceSystem;pair;1324;20;35;29;159;100;0,29;0,18;0,98;0,23;58,73;58,73;2,29;1,68
8;StudentAttendanceSystem;state;1325;31;63;14;76;100;0,46;0,63;0;0,16;59,73;59,73;1,38;1,24
8;StudentAttendanceSystem;transition;1325;31;63;21;62;100;0,43;1,22;0;0,24;60,73;60,73;2,11;1,89
8;StudentAttendanceSystem;pair;1325;31;63;56;323;100;0,44;0,36;2,58;0,55;61,73;62,73;4,87;3,93
8;StudentAttendanceSystem;state;1326;22;42;9;48;100;0,37;0,42;0;0,11;62,73;62,73;1,03;0,9
8;StudentAttendanceSystem;transition;1326;22;42;13;42;100;0,46;0,79;0;0,14;63,73;63,73;1,57;1,39
8;StudentAttendanceSystem;pair;1326;22;42;41;225;100;0,31;0,19;1,31;0,38;64,73;65,73;2,92;2,2
8;StudentAttendanceSystem;state;1327;20;32;7;36;100;0,3;0,33;0;0,06;65,73;65,73;0,86;0,7
8;StudentAttendanceSystem;transition;1327;20;32;12;31;100;0,29;0,65;0;0,12;66,73;66,73;1,23;1,06
8;StudentAttendanceSystem;pair;1327;20;32;24;118;100;0,32;0,13;0,64;0,18;66,73;67,73;1,87;1,27
8;StudentAttendanceSystem;state;1328;26;54;11;62;100;0,43;0,49;0;0,11;67,73;67,73;1,18;1,03
8;StudentAttendanceSystem;transition;1328;26;54;18;54;100;0,43;0,95;0;0,25;68,73;68,73;1,88;1,63
8;StudentAttendanceSystem;pair;1328;26;54;48;278;100;0,37;0,28;2,09;0,43;69,73;70,73;4,04;3,17
8;StudentAttendanceSystem;state;1329;23;46;9;48;100;0,49;0,41;0;0,12;70,73;70,73;1,18;1,02
8;StudentAttendanceSystem;transition;1329;23;46;17;46;100;0,41;0,84;0;0,16;71,73;71,73;1,63;1,42
8;StudentAttendanceSystem;pair;1329;23;46;45;249;100;0,35;0,22;1,59;0,37;72,73;73,73;3,3;2,53
8;StudentAttendanceSystem;state;1330;23;40;9;47;100;0,35;0,39;0;0,08;73,73;73,73;0,99;0,83
8;StudentAttendanceSystem;transition;1330;23;40;14;39;100;0,29;0,84;0;0,14;74,73;74,73;1,48;1,27
8;StudentAttendanceSystem;pair;1330;23;40;38;200;100;0,33;0,17;1,15;0,26;75,73;75,73;2,55;1,91
8;StudentAttendanceSystem;state;1331;21;39;8;43;100;0,34;0,58;0;0,08;76,73;76,73;1,17;1
8;StudentAttendanceSystem;transition;1331;21;39;13;38;100;0,22;0,76;0;0,14;76,73;76,73;1,29;1,12
8;StudentAttendanceSystem;pair;1331;21;39;39;213;100;0,29;0,17;1,08;0,26;77,73;78,73;2,36;1,81
8;StudentAttendanceSystem;state;1332;29;56;12;67;100;0,27;0,35;0;0,11;78,73;78,73;0,84;0,72
8;StudentAttendanceSystem;transition;1332;29;56;19;55;100;0,38;0,94;0;0,18;79,73;79,73;1,7;1,5
8;StudentAttendanceSystem;pair;1332;29;56;49;281;100;0,48;0,22;1,66;0,41;81,73;81,73;3,44;2,77
8;StudentAttendanceSystem;state;1333;23;45;9;48;100;0,4;0,47;0;0,08;82,73;82,73;1,08;0,95
8;StudentAttendanceSystem;transition;1333;23;45;16;45;100;0,31;0,73;0;0,15;82,73;82,73;1,36;1,19
8;StudentAttendanceSystem;pair;1333;23;45;42;234;100;0,3;0,16;1,16;0,36;84,73;84,73;2,57;1,98
8;StudentAttendanceSystem;state;1334;23;42;9;48;100;0,31;0,36;0;0,07;84,73;84,73;0,86;0,74
8;StudentAttendanceSystem;transition;1334;23;42;14;41;100;0,28;0,7;0;0,12;85,73;85,73;1,26;1,1
8;StudentAttendanceSystem;pair;1334;23;42;41;213;100;0,37;0,16;1,11;0,29;86,73;87,73;2,53;1,92
8;StudentAttendanceSystem;state;1335;23;48;10;55;100;0,33;0,41;0;0,11;87,73;87,73;0,97;0,85
8;StudentAttendanceSystem;transition;1335;23;48;15;48;100;0,33;0,72;0;0,17;88,73;88,73;1,38;1,22
8;StudentAttendanceSystem;pair;1335;23;48;42;246;100;0,34;0,19;1,26;0,36;89,73;89,73;2,88;2,14
8;StudentAttendanceSystem;state;1336;29;57;12;68;100;0,38;0,46;0;0,13;90,73;90,73;1,1;0,97
8;StudentAttendanceSystem;transition;1336;29;57;18;56;100;0,43;1,01;0;0,28;91,73;91,73;1,92;1,72
8;StudentAttendanceSystem;pair;1336;29;57;46;276;100;0,39;0,3;1,9;0,56;92,73;93,73;4,08;3,15
8;StudentAttendanceSystem;state;1337;17;32;7;35;100;0,31;0,33;0;0,06;93,73;93,73;0,86;0,71
8;StudentAttendanceSystem;transition;1337;17;32;11;32;100;0,27;0,58;0;0,11;94,73;94,73;1,17;0,96
8;StudentAttendanceSystem;pair;1337;17;32;29;157;100;0,27;0,18;0,89;0,2;95,73;95,73;2,12;1,55
8;StudentAttendanceSystem;state;1338;23;43;10;50;100;0,33;0,37;0;0,08;95,73;95,73;0,91;0,78
8;StudentAttendanceSystem;transition;1338;23;43;15;43;100;0,31;0,81;0;0,14;96,73;96,73;1,43;1,26
8;StudentAttendanceSystem;pair;1338;23;43;38;211;100;0,3;0,2;1,21;0,27;97,73;98,73;2,61;1,98
8;StudentAttendanceSystem;state;1339;25;47;11;60;100;0,4;0,49;0;0,12;98,73;98,73;1,18;1,01
8;StudentAttendanceSystem;transition;1339;25;47;15;47;100;0,37;0,9;0;0,17;99,73;99,73;1,62;1,44
8;StudentAttendanceSystem;pair;1339;25;47;44;242;100;0,38;0,28;1,46;0,35;100,73;101,73;3,23;2,46
8;StudentAttendanceSystem;state;1340;25;49;9;49;100;0,38;0,44;0;0,1;101,73;101,73;1,06;0,93
8;StudentAttendanceSystem;transition;1340;25;49;18;48;100;0,39;0,98;0;0,21;102,73;102,73;1,77;1,58
8;StudentAttendanceSystem;pair;1340;25;49;46;260;100;0,34;0,26;1,77;0,4;103,73;104,73;3,57;2,77
8;StudentAttendanceSystem;state;1341;19;35;8;40;100;0,31;0,34;0;0,07;104,73;104,73;0,85;0,72
8;StudentAttendanceSystem;transition;1341;19;35;12;35;100;0,29;0,68;0;0,13;105,73;105,73;1,29;1,1
8;StudentAttendanceSystem;pair;1341;19;35;30;165;100;0,28;0,16;0,87;0,2;106,73;106,73;2,05;1,51
8;StudentAttendanceSystem;state;1342;25;48;10;54;100;0,38;0,48;0;0,12;106,73;106,73;1,1;0,97
8;StudentAttendanceSystem;transition;1342;25;48;16;47;100;0,36;0,88;0;0,18;107,73;107,73;1,6;1,42
8;StudentAttendanceSystem;pair;1342;25;48;48;260;100;0,35;0,23;1,69;0,41;108,73;109,73;3,49;2,68
8;StudentAttendanceSystem;state;1343;24;45;10;56;100;0,43;0,4;0;0,1;109,73;109,73;1,06;0,93
8;StudentAttendanceSystem;transition;1343;24;45;15;44;100;0,4;0,81;0;0,19;110,73;110,73;1,62;1,41
8;StudentAttendanceSystem;pair;1343;24;45;39;223;100;0,36;0,2;1,35;0,38;111,73;112,73;3;2,29
8;StudentAttendanceSystem;state;1344;27;53;11;57;100;0,39;0,44;0;0,1;112,73;112,73;1,05;0,93
8;StudentAttendanceSystem;transition;1344;27;53;20;52;100;0,35;1,02;0;0,21;113,73;113,73;1,77;1,58
8;StudentAttendanceSystem;pair;1344;27;53;48;272;100;0,42;0,28;1,86;0,47;114,73;115,73;3,9;3,02
8;StudentAttendanceSystem;state;1345;21;37;8;43;100;0,35;0,39;0;0,08;115,73;115,73;0,94;0,82
8;StudentAttendanceSystem;transition;1345;21;37;12;36;100;0,3;0,68;0;0,13;116,73;116,73;1,26;1,11
8;StudentAttendanceSystem;pair;1345;21;37;31;177;100;0,29;0,17;1,09;0,25;117,73;117,73;2,35;1,79
8;StudentAttendanceSystem;state;1346;24;43;9;50;100;0,34;0,44;0;0,09;118,73;118,73;0,98;0,87
8;StudentAttendanceSystem;transition;1346;24;43;15;42;100;0,31;0,84;0;0,18;118,73;119,73;1,51;1,33
8;StudentAttendanceSystem;pair;1346;24;43;35;189;100;0,3;0,19;1,06;0,23;120,73;120,73;2,33;1,79
8;StudentAttendanceSystem;state;1347;24;43;9;48;100;0,35;0,5;0;0,1;120,73;120,73;1,1;0,96
8;StudentAttendanceSystem;transition;1347;24;43;15;42;100;0,3;0,64;0;0,13;121,73;121,73;1,23;1,07
8;StudentAttendanceSystem;pair;1347;24;43;36;200;100;0,29;0,15;0,87;0,25;122,73;122,73;2,1;1,56
8;StudentAttendanceSystem;state;1348;28;54;12;64;100;0,26;0,33;0;0,07;123,73;123,73;0,74;0,66
8;StudentAttendanceSystem;transition;1348;28;54;20;53;100;0,23;0,68;0;0,17;124,73;124,73;1,2;1,08
8;StudentAttendanceSystem;pair;1348;28;54;46;254;100;0,3;0,23;1,33;0,23;125,73;126,73;2,64;2,09
8;StudentAttendanceSystem;state;1349;22;41;9;45;100;0,25;0,34;0;0,07;126,73;126,73;0,77;0,66
8;StudentAttendanceSystem;transition;1349;22;41;15;40;100;0,25;0,62;0;0,12;127,73;127,73;1,12;0,99
8;StudentAttendanceSystem;pair;1349;22;41;35;193;100;0,29;0,16;0,91;0,24;128,73;128,73;2,14;1,61
8;StudentAttendanceSystem;state;1350;24;43;9;50;100;0,31;0,4;0;0,08;129,73;129,73;0,9;0,79
8;StudentAttendanceSystem;transition;1350;24;43;15;42;100;0,27;0,66;0;0,19;129,73;130,73;1,29;1,12
8;StudentAttendanceSystem;pair;1350;24;43;36;189;100;0,29;0,21;1,06;0,24;131,73;131,73;2,45;1,8
8;StudentAttendanceSystem;state;1351;29;58;12;65;100;0,37;0,48;0;0,13;131,73;131,73;1,09;0,98
8;StudentAttendanceSystem;transition;1351;29;58;21;57;100;0,37;1,11;0;0,23;132,73;132,73;1,89;1,7
8;StudentAttendanceSystem;pair;1351;29;58;51;289;100;0,39;0,28;2,24;0,42;134,73;134,73;4,16;3,34
8;StudentAttendanceSystem;state;1352;26;53;11;61;100;0,43;0,69;0;0,12;135,73;135,73;1,38;1,24
8;StudentAttendanceSystem;transition;1352;26;53;19;53;100;0,37;0,96;0;0,18;136,73;136,73;1,68;1,51
8;StudentAttendanceSystem;pair;1352;26;53;51;283;100;0,37;0,25;1,99;0,43;137,73;138,73;3,81;3,04
8;StudentAttendanceSystem;state;1353;20;34;8;38;100;0,29;0,31;0;0,07;138,73;138,73;0,79;0,68
8;StudentAttendanceSystem;transition;1353;20;34;14;33;100;0,29;0,64;0;0,13;139,73;139,73;1,24;1,06
8;StudentAttendanceSystem;pair;1353;20;34;26;125;100;0,17;0,17;0,58;0,16;139,73;140,73;1,54;1,09
8;StudentAttendanceSystem;state;1354;23;39;9;47;100;0,27;0,35;0;0,1;140,73;140,73;0,86;0,72
8;StudentAttendanceSystem;transition;1354;23;39;13;38;100;0,29;0,61;0;0,1;141,73;141,73;1,12;1
8;StudentAttendanceSystem;pair;1354;23;39;34;180;100;0,29;0,15;0,87;0,23;142,73;142,73;2,08;1,54
8;StudentAttendanceSystem;state;1355;21;35;8;41;100;0,33;0,28;0;0,04;143,73;143,73;0,74;0,65
8;StudentAttendanceSystem;transition;1355;21;35;13;34;100;0,18;0,58;0;0,11;143,73;143,73;1,02;0,87
8;StudentAttendanceSystem;pair;1355;21;35;34;164;100;0,24;0,12;0,91;0,22;144,73;144,73;2,07;1,49
8;StudentAttendanceSystem;state;1356;21;39;8;43;100;0,29;0,34;0;0,07;145,73;145,73;0,81;0,7
8;StudentAttendanceSystem;transition;1356;21;39;13;39;100;0,29;0,59;0;0,16;145,73;146,73;1,21;1,05
8;StudentAttendanceSystem;pair;1356;21;39;38;210;100;0,19;0,14;1,31;0,17;147,73;147,73;2,29;1,82
8;StudentAttendanceSystem;state;1357;19;38;8;41;100;0,2;0,22;0;0,05;147,73;147,73;0,55;0,47
8;StudentAttendanceSystem;transition;1357;19;38;13;38;100;0,18;0,43;0;0,08;148,73;148,73;0,78;0,69
8;StudentAttendanceSystem;pair;1357;19;38;36;204;100;0,18;0,12;0,75;0,22;149,73;149,73;1,67;1,27
8;StudentAttendanceSystem;state;1358;21;39;8;42;100;0,22;0,24;0;0,06;150,73;150,73;0,6;0,52
8;StudentAttendanceSystem;transition;1358;21;39;14;39;100;0,27;0,6;0;0,17;150,73;151,73;1,17;1,05
8;StudentAttendanceSystem;pair;1358;21;39;35;191;100;0,28;0,13;0,81;0,19;152,73;152,73;1,86;1,41
8;StudentAttendanceSystem;state;1359;20;39;8;42;100;0,29;0,3;0;0,06;152,73;152,73;0,75;0,65
8;StudentAttendanceSystem;transition;1359;20;39;13;39;100;0,27;0,58;0;0,13;153,73;153,73;1,11;0,98
8;StudentAttendanceSystem;pair;1359;20;39;35;201;100;0,26;0,13;0,99;0,28;154,73;154,73;2,23;1,67
8;StudentAttendanceSystem;state;1360;18;33;7;33;100;0,3;0,27;0;0,04;155,73;155,73;0,71;0,61
8;StudentAttendanceSystem;transition;1360;18;33;12;33;100;0,26;0,47;0;0,1;155,73;155,73;0,96;0,83
8;StudentAttendanceSystem;pair;1360;18;33;32;160;100;0,29;0,14;0,78;0,22;156,73;156,73;1,94;1,44
8;StudentAttendanceSystem;state;1361;27;55;12;64;100;0,33;0,42;0;0,1;157,73;157,73;0,94;0,84
8;StudentAttendanceSystem;transition;1361;27;55;20;55;100;0,31;0,93;0;0,18;158,73;158,73;1,67;1,42
8;StudentAttendanceSystem;pair;1361;27;55;50;278;100;0,35;0,23;1,52;0,43;159,73;160,73;3,28;2,53
8;StudentAttendanceSystem;state;1362;20;35;9;50;100;0,32;0,35;0;0,07;160,73;160,73;0,85;0,74
8;StudentAttendanceSystem;transition;1362;20;35;10;35;100;0,26;0,59;0;0,09;161,73;161,73;1,08;0,94
8;StudentAttendanceSystem;pair;1362;20;35;30;162;100;0,29;0,12;0,83;0,19;162,73;162,73;1,9;1,43
8;StudentAttendanceSystem;state;1363;22;40;9;49;100;0,28;0,32;0;0,08;162,73;163,73;0,79;0,69
8;StudentAttendanceSystem;transition;1363;22;40;14;40;100;0,28;0,67;0;0,12;163,73;163,73;1,23;1,07
8;StudentAttendanceSystem;pair;1363;22;40;33;171;100;0,28;0,13;0,79;0,21;164,73;164,73;2,05;1,42
8;StudentAttendanceSystem;state;1364;28;54;12;64;100;0,39;0,48;0;0,1;165,73;165,73;1,08;0,97
8;StudentAttendanceSystem;transition;1364;28;54;20;53;100;0,31;0,9;0;0,17;166,73;166,73;1,52;1,38
8;StudentAttendanceSystem;pair;1364;28;54;47;259;100;0,33;0,23;1,55;0,4;167,73;168,73;3,25;2,51
8;StudentAttendanceSystem;state;1365;18;28;7;35;100;0,25;0,28;0;0,06;168,73;168,73;0,7;0,59
8;StudentAttendanceSystem;transition;1365;18;28;9;28;100;0,24;0,45;0;0,07;169,73;169,73;0,9;0,77
8;StudentAttendanceSystem;pair;1365;18;28;23;111;100;0,22;0,1;0,46;0,16;169,73;170,73;1,34;0,93
8;StudentAttendanceSystem;state;1366;24;46;10;55;100;0,34;0,36;0;0,11;170,73;170,73;0,92;0,81
8;StudentAttendanceSystem;transition;1366;24;46;16;46;100;0,33;0,79;0;0,16;171,73;171,73;1,43;1,28
8;StudentAttendanceSystem;pair;1366;24;46;41;221;100;0,3;0,15;1,13;0,2;172,73;172,73;2,29;1,78
8;StudentAttendanceSystem;state;1367;20;38;8;43;100;0,24;0,23;0;0,04;173,73;173,73;0,58;0,51
8;StudentAttendanceSystem;transition;1367;20;38;12;38;100;0,18;0,4;0;0,08;173,73;174,73;0,76;0,66
8;StudentAttendanceSystem;pair;1367;20;38;34;200;100;0,35;0,12;0,9;0,16;174,73;175,73;2,02;1,54
8;StudentAttendanceSystem;state;1368;24;48;10;51;100;0,25;0,26;0;0,05;175,73;175,73;0,63;0,56
8;StudentAttendanceSystem;transition;1368;24;48;17;48;100;0,22;0,56;0;0,1;176,73;176,73;0,99;0,88
8;StudentAttendanceSystem;pair;1368;24;48;48;269;100;0,26;0,17;1,18;0,22;177,73;178,73;2,4;1,83
8;StudentAttendanceSystem;state;1369;15;26;6;29;100;0,23;0,27;0;0,04;178,73;178,73;0,62;0,53
8;StudentAttendanceSystem;transition;1369;15;26;9;26;100;0,31;0,51;0;0,09;179,73;179,73;1,09;0,92
8;StudentAttendanceSystem;pair;1369;15;26;22;110;100;0,28;0,1;0,38;0,11;179,73;180,73;1,35;0,87
8;StudentAttendanceSystem;state;1370;27;53;12;65;100;0,26;0,3;0;0,07;180,73;180,73;0,7;0,63
8;StudentAttendanceSystem;transition;1370;27;53;18;52;100;0,23;0,61;0;0,21;181,73;181,73;1,18;1,05
8;StudentAttendanceSystem;pair;1370;27;53;46;268;100;0,32;0,28;1,42;0,47;182,73;183,73;3,26;2,49
8;StudentAttendanceSystem;state;1371;26;54;11;62;100;0,37;0,42;0;0,1;183,73;183,73;1,03;0,89
8;StudentAttendanceSystem;transition;1371;26;54;18;54;100;0,33;0,94;0;0,19;184,73;184,73;1,64;1,47
8;StudentAttendanceSystem;pair;1371;26;54;48;278;100;1,96;0,2;1,39;0,38;6,8;6,8;4,7;3,93
8;StudentAttendanceSystem;state;1372;27;50;11;61;100;0,35;0,66;0;0,11;7,8;7,8;1,26;1,12
8;StudentAttendanceSystem;transition;1372;27;50;17;49;100;0,35;0,91;0;0,17;7,8;8,8;1,64;1,43
8;StudentAttendanceSystem;pair;1372;27;50;42;234;100;0,35;0,18;1,72;0,21;9,8;9,8;3,04;2,45
8;StudentAttendanceSystem;state;1373;16;27;6;31;100;0,21;0,22;0;0,03;9,8;10,8;0,54;0,46
8;StudentAttendanceSystem;transition;1373;16;27;9;27;100;0,15;0,31;0;0,06;10,8;10,8;0,6;0,52
8;StudentAttendanceSystem;pair;1373;16;27;22;118;100;0,18;0,08;0,54;0,17;11,8;11,8;1,37;0,97
8;StudentAttendanceSystem;state;1374;25;47;11;59;100;0,28;0,32;0;0,1;11,8;12,8;0,82;0,7
8;StudentAttendanceSystem;transition;1374;25;47;16;46;100;0,28;0,75;0;0,19;12,8;12,8;1,37;1,22
8;StudentAttendanceSystem;pair;1374;25;47;39;221;100;0,24;0,14;0,94;0,19;13,8;14,8;1,94;1,5
8;StudentAttendanceSystem;state;1375;24;50;11;57;100;0,23;0,39;0;0,12;14,8;14,8;0,84;0,74
8;StudentAttendanceSystem;transition;1375;24;50;18;50;100;0,35;0,74;0;0,18;15,8;15,8;1,42;1,27
8;StudentAttendanceSystem;pair;1375;24;50;47;261;100;0,31;0,22;1,49;0,26;16,8;17,8;2,9;2,28
8;StudentAttendanceSystem;state;1376;24;47;11;62;100;0,33;0,43;0;0,07;17,8;17,8;0,92;0,83
8;StudentAttendanceSystem;transition;1376;24;47;14;47;100;0,23;0,52;0;0,13;18,8;18,8;1,02;0,89
8;StudentAttendanceSystem;pair;1376;24;47;44;256;100;0,32;0,17;1,23;0,33;19,8;20,8;2,76;2,05
8;StudentAttendanceSystem;state;1377;19;35;8;43;100;0,3;0,29;0;0,05;20,8;20,8;0,73;0,64
8;StudentAttendanceSystem;transition;1377;19;35;11;35;100;0,25;0,55;0;0,09;21,8;21,8;1,04;0,89
8;StudentAttendanceSystem;pair;1377;19;35;34;176;100;0,26;0,12;0,81;0,15;22,8;22,8;1,77;1,33
8;StudentAttendanceSystem;state;1378;20;34;7;37;100;0,18;0,2;0;0,04;22,8;23,8;0,5;0,42
8;StudentAttendanceSystem;transition;1378;20;34;11;33;100;0,16;0,37;0;0,13;23,8;23,8;0,79;0,66
8;StudentAttendanceSystem;pair;1378;20;34;31;163;100;0,32;0,12;0,68;0,2;24,8;24,8;1,91;1,32
8;StudentAttendanceSystem;state;1379;21;37;8;43;100;0,26;0,31;0;0,06;25,8;25,8;0,72;0,63
8;StudentAttendanceSystem;transition;1379;21;37;12;36;100;0,28;0,57;0;0,11;25,8;25,8;1,09;0,96
8;StudentAttendanceSystem;pair;1379;21;37;31;177;100;0,31;0,17;1,07;0,31;26,8;27,8;2,45;1,85
8;StudentAttendanceSystem;state;1380;30;59;13;73;100;0,34;0,54;0;0,12;27,8;27,8;1,11;1
8;StudentAttendanceSystem;transition;1380;30;59;19;58;100;0,47;0,95;0;0,19;28,8;28,8;1,77;1,61
8;StudentAttendanceSystem;pair;1380;30;59;48;284;100;0,38;0,22;1,87;0,42;30,8;30,8;3,67;2,89
8;StudentAttendanceSystem;state;1381;24;49;11;57;100;0,24;0,4;0;0,1;31,8;31,8;0,86;0,74
8;StudentAttendanceSystem;transition;1381;24;49;17;49;100;0,33;0,82;0;0,17;31,8;31,8;1,47;1,32
8;StudentAttendanceSystem;pair;1381;24;49;44;250;100;0,39;0,23;1,33;0,39;33,8;33,8;3,04;2,34
8;StudentAttendanceSystem;state;1382;24;46;10;54;100;0,23;0,27;0;0,06;34,8;34,8;0,63;0,56
8;StudentAttendanceSystem;transition;1382;24;46;16;45;100;0,32;0,78;0;0,16;34,8;34,8;1,42;1,26
8;StudentAttendanceSystem;pair;1382;24;46;42;228;100;0,33;0,16;1,14;0,29;36,8;36,8;2,5;1,93
8;StudentAttendanceSystem;state;1383;26;53;11;62;100;0,4;0,53;0;0,18;36,8;36,8;1,24;1,11
8;StudentAttendanceSystem;transition;1383;26;53;17;53;100;0,34;0,73;0;0,15;37,8;37,8;1,35;1,23
8;StudentAttendanceSystem;pair;1383;26;53;45;263;100;0,33;0,24;1,42;0,33;39,8;39,8;3,01;2,32
8;StudentAttendanceSystem;state;1384;29;59;14;75;100;0,33;0,49;0;0,11;40,8;40,8;1,02;0,93
8;StudentAttendanceSystem;transition;1384;29;59;19;59;100;0,32;1,01;0;0,21;40,8;41,8;1,69;1,54
8;StudentAttendanceSystem;pair;1384;29;59;53;307;100;0,33;0,25;1,56;0,4;42,8;43,8;3,26;2,54
8;StudentAttendanceSystem;state;1385;24;46;10;53;100;0,3;0,36;0;0,08;43,8;43,8;0,83;0,74
8;StudentAttendanceSystem;transition;1385;24;46;16;46;100;0,24;0,53;0;0,09;44,8;44,8;0,96;0,85
8;StudentAttendanceSystem;pair;1385;24;46;36;202;100;0,22;0,15;1,06;0,25;45,8;45,8;2,26;1,68
8;StudentAttendanceSystem;state;1386;21;41;8;42;100;0,31;0,42;0;0,08;46,8;46,8;0,96;0,82
8;StudentAttendanceSystem;transition;1386;21;41;13;41;100;0,38;0,84;0;0,1;46,8;46,8;1,48;1,33
8;StudentAttendanceSystem;pair;1386;21;41;42;238;100;0,21;0,13;0,88;0,2;48,8;48,8;1,88;1,4
8;StudentAttendanceSystem;state;1387;23;42;8;43;100;0,21;0,24;0;0,05;48,8;48,8;0,57;0,5
8;StudentAttendanceSystem;transition;1387;23;42;15;41;100;0,2;0,61;0;0,17;49,8;49,8;1,13;0,98
8;StudentAttendanceSystem;pair;1387;23;42;36;198;100;0,23;0,12;0,76;0,18;50,8;51,8;1,7;1,29
8;StudentAttendanceSystem;state;1388;18;32;7;35;100;0,26;0,27;0;0,05;51,8;51,8;0,67;0,58
8;StudentAttendanceSystem;transition;1388;18;32;12;32;100;0,23;0,6;0;0,1;52,8;52,8;1,08;0,93
8;StudentAttendanceSystem;pair;1388;18;32;27;139;100;0,24;0,1;0,59;0,18;52,8;53,8;1,55;1,11
8;StudentAttendanceSystem;state;1389;22;37;8;42;100;0,19;0,22;0;0,05;53,8;53,8;0,54;0,47
8;StudentAttendanceSystem;transition;1389;22;37;13;36;100;0,17;0,6;0;0,13;54,8;54,8;1,03;0,91
8;StudentAttendanceSystem;pair;1389;22;37;30;157;100;0,27;0,1;0,57;0,13;55,8;55,8;1,52;1,07
8;StudentAttendanceSystem;state;1390;23;42;10;52;100;0,2;0,27;0;0,05;55,8;56,8;0,6;0,52
8;StudentAttendanceSystem;transition;1390;23;42;14;41;100;0,24;0,64;0;0,12;56,8;56,8;1,2;1,01
8;StudentAttendanceSystem;pair;1390;23;42;35;199;100;0,33;0,12;0,72;0,19;57,8;58,8;1,8;1,36
8;StudentAttendanceSystem;state;1391;20;37;8;41;100;0,28;0,32;0;0,06;58,8;58,8;0,76;0,66
8;StudentAttendanceSystem;transition;1391;20;37;13;37;100;0,26;0,56;0;0,13;59,8;59,8;1,14;0,95
8;StudentAttendanceSystem;pair;1391;20;37;32;174;100;0,22;0,12;0,67;0,14;60,8;60,8;1,54;1,16
8;StudentAttendanceSystem;state;1392;27;54;12;66;100;0,36;0,42;0;0,11;60,8;61,8;1;0,89
8;StudentAttendanceSystem;transition;1392;27;54;17;53;100;0,34;0,71;0;0,17;61,8;61,8;1,36;1,22
8;StudentAttendanceSystem;pair;1392;27;54;46;272;100;0,32;0,21;1,44;0,44;63,8;63,8;3,17;2,41
8;StudentAttendanceSystem;state;1393;23;46;10;54;100;0,33;0,38;0;0,08;64,8;64,8;0,9;0,79
8;StudentAttendanceSystem;transition;1393;23;46;15;46;100;0,27;0,66;0;0,14;64,8;64,8;1,2;1,07
8;StudentAttendanceSystem;pair;1393;23;46;42;240;100;0,3;0,18;1,19;0,32;66,8;66,8;2,61;1,98
8;StudentAttendanceSystem;state;1394;20;35;8;40;100;0,31;0,35;0;0,06;66,8;66,8;0,82;0,71
8;StudentAttendanceSystem;transition;1394;20;35;13;34;100;0,28;0,63;0;0,14;67,8;67,8;1,28;1,06
8;StudentAttendanceSystem;pair;1394;20;35;28;145;100;0,26;0,14;0,71;0,2;68,8;68,8;1,86;1,31
8;StudentAttendanceSystem;state;1395;21;37;8;43;100;0,28;0,4;0;0,07;69,8;69,8;0,87;0,75
8;StudentAttendanceSystem;transition;1395;21;37;12;36;100;0,3;0,59;0;0,11;69,8;69,8;1,13;1
8;StudentAttendanceSystem;pair;1395;21;37;31;177;100;0,26;0,12;0,71;0,23;70,8;71,8;1,83;1,32
8;StudentAttendanceSystem;state;1396;20;31;7;36;100;0,24;0,28;0;0,05;71,8;71,8;0,67;0,57
8;StudentAttendanceSystem;transition;1396;20;31;11;30;100;0,3;0,44;0;0,06;72,8;72,8;0,9;0,8
8;StudentAttendanceSystem;pair;1396;20;31;22;106;100;0,38;0,09;0,48;0,13;72,8;72,8;1,49;1,07
8;StudentAttendanceSystem;state;1397;26;48;10;56;100;0,3;0,41;0;0,09;73,8;73,8;0,9;0,8
8;StudentAttendanceSystem;transition;1397;26;48;16;47;100;0,32;0,84;0;0,15;74,8;74,8;1,47;1,31
8;StudentAttendanceSystem;pair;1397;26;48;39;221;100;0,3;0,18;1,13;0,32;75,8;75,8;2,55;1,93
8;StudentAttendanceSystem;state;1398;15;23;6;31;100;0,24;0,3;0;0,04;76,8;76,8;0,69;0,58
8;StudentAttendanceSystem;transition;1398;15;23;7;23;100;0,2;0,38;0;0,05;76,8;76,8;0,74;0,63
8;StudentAttendanceSystem;pair;1398;15;23;21;100;100;0,2;0,07;0,36;0,11;77,8;77,8;1,09;0,74
8;StudentAttendanceSystem;state;1399;18;34;7;36;100;0,26;0,34;0;0,05;77,8;78,8;0,73;0,65
8;StudentAttendanceSystem;transition;1399;18;34;12;34;100;0,2;0,37;0;0,06;78,8;78,8;0,71;0,63
8;StudentAttendanceSystem;pair;1399;18;34;31;167;100;0,17;0,14;0,67;0,13;79,8;79,8;1,59;1,12
8;StudentAttendanceSystem;state;1400;23;47;9;49;100;0,23;0,26;0;0,05;80,8;80,8;0,6;0,53
8;StudentAttendanceSystem;transition;1400;23;47;15;47;100;0,31;0,63;0;0,1;80,8;81,8;1,2;1,04
8;StudentAttendanceSystem;pair;1400;23;47;48;270;100;0,21;0,15;1,02;0,23;82,8;82,8;2,01;1,6
8;StudentAttendanceSystem;state;1401;20;34;8;43;100;0,24;0,34;0;0,08;83,8;83,8;0,77;0,66
8;StudentAttendanceSystem;transition;1401;20;34;11;33;100;0,29;0,53;0;0,09;83,8;83,8;1,03;0,91
8;StudentAttendanceSystem;pair;1401;20;34;31;167;100;0,27;0,11;0,68;0,2;84,8;85,8;1,75;1,26
8;StudentAttendanceSystem;state;1402;23;47;10;54;100;0,32;0,38;0;0,07;85,8;85,8;0,87;0,76
8;StudentAttendanceSystem;transition;1402;23;47;16;47;100;0,2;0,54;0;0,1;86,8;86,8;0,94;0,84
8;StudentAttendanceSystem;pair;1402;23;47;45;251;100;0,24;0,19;1,08;0,31;87,8;87,8;2,3;1,83
8;StudentAttendanceSystem;state;1403;26;46;11;60;100;0,29;0,27;0;0,06;88,8;88,8;0,7;0,62
8;StudentAttendanceSystem;transition;1403;26;46;15;45;100;0,21;0,57;0;0,1;89,8;89,8;0,97;0,88
8;StudentAttendanceSystem;pair;1403;26;46;40;214;100;0,24;0,13;1,01;0,35;90,8;90,8;2,23;1,73
8;StudentAttendanceSystem;state;1404;27;52;12;68;100;0,32;0,44;0;0,11;91,8;91,8;0,98;0,86
8;StudentAttendanceSystem;transition;1404;27;52;16;51;100;0,29;0,65;0;0,11;92,8;92,8;1,15;1,04
8;StudentAttendanceSystem;pair;1404;27;52;48;280;100;0,35;0,21;1,32;0,24;93,8;93,8;2,7;2,12
8;StudentAttendanceSystem;state;1405;23;44;9;49;100;0,23;0,25;0;0,05;94,8;94,8;0,64;0,53
8;StudentAttendanceSystem;transition;1405;23;44;15;43;100;0,21;0,59;0;0,16;95,8;95,8;1,11;0,97
8;StudentAttendanceSystem;pair;1405;23;44;39;215;100;0,29;0,15;1,14;0,27;96,8;96,8;2,39;1,84
8;StudentAttendanceSystem;state;1406;16;27;6;31;100;0,17;0,23;0;0,03;96,8;97,8;0,51;0,43
8;StudentAttendanceSystem;transition;1406;16;27;9;27;100;0,2;0,64;0;0,05;97,8;97,8;1,03;0,9
8;StudentAttendanceSystem;pair;1406;16;27;24;125;100;0,15;0,1;0,52;0,17;98,8;98,8;1,3;0,94
8;StudentAttendanceSystem;state;1407;22;40;9;49;100;0,2;0,26;0;0,06;98,8;99,8;0,59;0,52
8;StudentAttendanceSystem;transition;1407;22;40;14;40;100;0,25;0,79;0;0,09;99,8;99,8;1,24;1,13
8;StudentAttendanceSystem;pair;1407;22;40;34;174;100;0,22;0,11;0,59;0,14;100,8;100,8;1,49;1,07
8;StudentAttendanceSystem;state;1408;21;40;9;44;100;0,24;0,22;0;0,04;101,8;101,8;0,57;0,51
8;StudentAttendanceSystem;transition;1408;21;40;15;40;100;0,25;0,75;0;0,1;102,8;102,8;1,29;1,1
8;StudentAttendanceSystem;pair;1408;21;40;33;180;100;0,19;0,12;0,66;0,15;103,8;103,8;1,49;1,11
8;StudentAttendanceSystem;state;1409;19;33;7;37;100;0,18;0,2;0;0,03;103,8;103,8;0,47;0,41
8;StudentAttendanceSystem;transition;1409;19;33;11;33;100;0,17;0,36;0;0,06;104,8;104,8;0,67;0,59
8;StudentAttendanceSystem;pair;1409;19;33;31;163;100;0,17;0,09;0,71;0,24;105,8;105,8;1,59;1,21
8;StudentAttendanceSystem;state;1410;22;39;8;42;100;0,2;0,22;0;0,05;105,8;106,8;0,54;0,47
8;StudentAttendanceSystem;transition;1410;22;39;15;38;100;0,18;0,46;0;0,09;106,8;106,8;0,82;0,73
8;StudentAttendanceSystem;pair;1410;22;39;34;176;100;0,19;0,11;0,89;0,21;107,8;107,8;1,83;1,39
8;StudentAttendanceSystem;state;1411;21;39;10;52;100;0,3;0,32;0;0,07;108,8;108,8;0,78;0,68
8;StudentAttendanceSystem;transition;1411;21;39;13;39;100;0,27;0,44;0;0,07;109,8;109,8;0,87;0,78
8;StudentAttendanceSystem;pair;1411;21;39;34;181;100;0,19;0,11;0,77;0,21;110,8;110,8;1,67;1,28
8;StudentAttendanceSystem;state;1412;28;57;13;70;100;0,32;0,42;0;0,11;110,8;111,8;0,96;0,86
8;StudentAttendanceSystem;transition;1412;28;57;18;57;100;0,33;0,81;0;0,16;111,8;111,8;1,46;1,3
8;StudentAttendanceSystem;pair;1412;28;57;52;300;100;0,4;0,27;1,9;0,4;113,8;113,8;3,76;2,97
8;StudentAttendanceSystem;state;1413;18;32;7;33;100;0,33;0,29;0;0,05;114,8;114,8;0,78;0,67
8;StudentAttendanceSystem;transition;1413;18;32;11;32;100;0,26;0,48;0;0,08;114,8;114,8;0,95;0,81
8;StudentAttendanceSystem;pair;1413;18;32;30;153;100;0,26;0,09;0,64;0,19;115,8;115,8;1,55;1,18
8;StudentAttendanceSystem;state;1414;24;47;10;55;100;0,37;0,3;0;0,08;116,8;116,8;0,87;0,76
8;StudentAttendanceSystem;transition;1414;24;47;16;47;100;0,28;0,78;0;0,14;117,8;117,8;1,33;1,2
8;StudentAttendanceSystem;pair;1414;24;47;47;255;100;0,35;0,16;1,27;0,34;118,8;118,8;2,85;2,12
8;StudentAttendanceSystem;state;1415;23;45;10;56;100;0,35;0,43;0;0,08;119,8;119,8;0,96;0,86
8;StudentAttendanceSystem;transition;1415;23;45;14;45;100;0,29;0,69;0;0,14;120,8;120,8;1,29;1,12
8;StudentAttendanceSystem;pair;1415;23;45;40;234;100;0,34;0,17;1,27;0,4;121,8;121,8;2,87;2,18
8;StudentAttendanceSystem;state;1416;27;54;12;67;100;0,41;0,63;0;0,1;122,8;122,8;1,28;1,15
8;StudentAttendanceSystem;transition;1416;27;54;16;54;100;0,32;0,74;0;0,21;122,8;123,8;1,43;1,27
8;StudentAttendanceSystem;pair;1416;27;54;48;284;100;0,31;0,2;2,01;0,41;124,8;124,8;3,67;2,93
8;StudentAttendanceSystem;state;1417;22;42;8;43;100;0,37;0,43;0;0,12;125,8;125,8;1,05;0,92
8;StudentAttendanceSystem;transition;1417;22;42;14;42;100;0,33;0,77;0;0,19;126,8;126,8;1,47;1,29
8;StudentAttendanceSystem;pair;1417;22;42;35;205;100;0,35;0,18;1,21;0,31;127,8;127,8;2,7;2,04
8;StudentAttendanceSystem;state;1418;19;33;7;37;100;0,31;0,32;0;0,06;127,8;127,8;0,82;0,69
8;StudentAttendanceSystem;transition;1418;19;33;11;32;100;0,29;0,62;0;0,11;128,8;128,8;1,32;1,02
8;StudentAttendanceSystem;pair;1418;19;33;32;166;100;0,28;0,15;1;0,26;129,8;129,8;2,26;1,68
8;StudentAttendanceSystem;state;1419;19;33;7;37;100;0,29;0,33;0;0,08;130,8;130,8;0,81;0,69
8;StudentAttendanceSystem;transition;1419;19;33;11;32;100;0,26;0,57;0;0,11;130,8;130,8;1,09;0,94
8;StudentAttendanceSystem;pair;1419;19;33;32;166;100;0,39;0,14;0,81;0,22;131,8;131,8;2,06;1,55
8;StudentAttendanceSystem;state;1420;22;39;8;42;100;0,34;0,33;0;0,06;132,8;132,8;0,84;0,73
8;StudentAttendanceSystem;transition;1420;22;39;15;38;100;0,27;0,69;0;0,13;132,8;133,8;1,23;1,09
8;StudentAttendanceSystem;pair;1420;22;39;36;183;100;0,26;0,15;0,84;0,23;134,8;134,8;2;1,48
8;StudentAttendanceSystem;state;1421;25;49;10;56;100;0,33;0,37;0;0,09;134,8;134,8;0,94;0,79
8;StudentAttendanceSystem;transition;1421;25;49;16;49;100;0,38;0,73;0;0,14;135,8;135,8;1,4;1,26
8;StudentAttendanceSystem;pair;1421;25;49;42;244;100;0,32;0,19;1,29;0,31;136,8;137,8;2,81;2,11
8;StudentAttendanceSystem;state;1422;25;50;10;55;100;0,35;0,86;0;0,09;137,8;137,8;1,41;1,29
8;StudentAttendanceSystem;transition;1422;25;50;17;49;100;0,32;0,86;0;0,19;138,8;138,8;1,58;1,38
8;StudentAttendanceSystem;pair;1422;25;50;46;262;100;0,3;0,21;1,41;0,4;140,8;140,8;3;2,32
8;StudentAttendanceSystem;state;1423;27;55;12;67;100;0,4;0,32;0;0,12;140,8;141,8;0,92;0,83
8;StudentAttendanceSystem;transition;1423;27;55;18;55;100;0,46;0,9;0;0,2;141,8;141,8;1,75;1,56
8;StudentAttendanceSystem;pair;1423;27;55;47;275;100;0,54;0,24;1,38;0,38;143,8;143,8;3,22;2,55
8;StudentAttendanceSystem;state;1424;16;26;6;27;100;0,21;0,25;0;0,03;144,8;144,8;0,58;0,49
8;StudentAttendanceSystem;transition;1424;16;26;9;26;100;0,19;0,37;0;0,1;144,8;144,8;0,75;0,66
8;StudentAttendanceSystem;pair;1424;16;26;21;100;100;0,2;0,09;0,43;0,12;145,8;145,8;1,18;0,83
8;StudentAttendanceSystem;state;1425;21;39;9;44;100;0,29;0,27;0;0,05;145,8;145,8;0,7;0,61
8;StudentAttendanceSystem;transition;1425;21;39;15;39;100;0,19;0,43;0;0,08;146,8;146,8;0,79;0,7
8;StudentAttendanceSystem;pair;1425;21;39;38;192;100;0,18;0,11;0,93;0,16;147,8;147,8;1,8;1,38
8;StudentAttendanceSystem;state;1426;23;44;9;49;100;0,23;0,36;0;0,09;148,8;148,8;0,78;0,68
8;StudentAttendanceSystem;transition;1426;23;44;15;43;100;0,3;0,66;0;0,14;149,8;149,8;1,22;1,1
8;StudentAttendanceSystem;pair;1426;23;44;41;239;100;0,31;0,13;1,02;0,3;150,8;150,8;2,35;1,76
8;StudentAttendanceSystem;state;1427;15;22;6;31;100;0,15;0,17;0;0,03;151,8;151,8;0,41;0,35
8;StudentAttendanceSystem;transition;1427;15;22;6;22;100;0,12;0,26;0;0,03;151,8;151,8;0,49;0,42
8;StudentAttendanceSystem;pair;1427;15;22;17;79;100;0,13;0,05;0,27;0,1;152,8;152,8;0,87;0,56
8;StudentAttendanceSystem;state;1428;23;47;10;54;100;0,22;0,26;0;0,09;152,8;152,8;0,66;0,57
8;StudentAttendanceSystem;transition;1428;23;47;16;47;100;0,21;0,51;0;0,1;153,8;153,8;0,92;0,82
8;StudentAttendanceSystem;pair;1428;23;47;45;251;100;0,2;0,15;1,16;0,35;154,8;155,8;2,38;1,86
8;StudentAttendanceSystem;state;1429;17;28;7;37;100;0,17;0,19;0;0,05;155,8;155,8;0,5;0,41
8;StudentAttendanceSystem;transition;1429;17;28;8;28;100;0,23;0,42;0;0,06;156,8;156,8;0,83;0,72
8;StudentAttendanceSystem;pair;1429;17;28;24;128;100;0,22;0,09;0,5;0,16;156,8;157,8;1,39;0,97
8;StudentAttendanceSystem;state;1430;19;31;7;37;100;0,18;0,24;0;0,04;157,8;157,8;0,53;0,46
8;StudentAttendanceSystem;transition;1430;19;31;10;30;100;0,18;0,49;0;0,11;158,8;158,8;0,9;0,78
8;StudentAttendanceSystem;pair;1430;19;31;25;134;100;0,17;0,08;0,46;0,16;158,8;159,8;1,2;0,87
8;StudentAttendanceSystem;state;1431;23;44;9;48;100;0,33;0,37;0;0,08;159,8;159,8;0,89;0,78
8;StudentAttendanceSystem;transition;1431;23;44;15;43;100;0,28;0,51;0;0,18;160,8;160,8;1,08;0,97
8;StudentAttendanceSystem;pair;1431;23;44;40;230;100;0,26;0,13;1,09;0,36;161,8;161,8;2,49;1,84
8;StudentAttendanceSystem;state;1432;24;47;9;48;100;0,35;0,43;0;0,1;162,8;162,8;0,99;0,88
8;StudentAttendanceSystem;transition;1432;24;47;16;46;100;0,33;0,86;0;0,15;163,8;163,8;1,54;1,35
8;StudentAttendanceSystem;pair;1432;24;47;49;273;100;0,41;0,23;1,57;0,33;164,8;164,8;3,25;2,55
8;StudentAttendanceSystem;state;1433;23;43;8;43;100;0,4;0,39;0;0,08;165,8;165,8;1,01;0,87
8;StudentAttendanceSystem;transition;1433;23;43;16;42;100;0,33;0,76;0;0,16;166,8;166,8;1,41;1,24
8;StudentAttendanceSystem;pair;1433;23;43;38;208;100;0,32;0,14;1,09;0,26;167,8;167,8;2,43;1,82
8;StudentAttendanceSystem;state;1434;29;57;12;68;100;0,33;0,44;0;0,1;168,8;168,8;0,99;0,88
8;StudentAttendanceSystem;transition;1434;29;57;18;56;100;0,31;1,13;0;0,2;169,8;169,8;1,85;1,64
8;StudentAttendanceSystem;pair;1434;29;57;45;271;100;0,43;0,21;1,59;0,4;170,8;170,8;3,43;2,64
8;StudentAttendanceSystem;state;1435;22;42;9;45;100;0,32;0,31;0;0,06;171,8;171,8;0,8;0,7
8;StudentAttendanceSystem;transition;1435;22;42;16;42;100;0,28;0,68;0;0,13;172,8;172,8;1,26;1,1
8;StudentAttendanceSystem;pair;1435;22;42;37;201;100;0,36;0,16;1,1;0,26;173,8;173,8;2,47;1,87
8;StudentAttendanceSystem;state;1436;25;45;10;53;100;0,38;0,44;0;0,08;174,8;174,8;1,02;0,89
8;StudentAttendanceSystem;transition;1436;25;45;15;44;100;0,32;0,82;0;0,15;174,8;174,8;1,46;1,29
8;StudentAttendanceSystem;pair;1436;25;45;42;232;100;0,32;0,19;1,15;0,29;176,8;176,8;2,56;1,95
8;StudentAttendanceSystem;state;1437;27;52;11;61;100;0,44;0,4;0;0,1;176,8;176,8;1,06;0,94
8;StudentAttendanceSystem;transition;1437;27;52;19;51;100;0,33;0,82;0;0,2;177,8;177,8;1,5;1,34
8;StudentAttendanceSystem;pair;1437;27;52;48;260;100;0,37;0,25;1,53;0,34;179,8;179,8;3,11;2,5
8;StudentAttendanceSystem;state;1438;27;52;11;59;100;0,37;0,43;0;0,09;180,8;180,8;1,01;0,89
8;StudentAttendanceSystem;transition;1438;27;52;19;51;100;0,39;0,95;0;0,19;180,8;181,8;1,74;1,53
8;StudentAttendanceSystem;pair;1438;27;52;44;242;100;0,35;0,18;1,32;0,34;182,8;182,8;2,86;2,19
8;StudentAttendanceSystem;state;1439;25;49;10;51;100;0,35;0,38;0;0,08;183,8;183,8;0,92;0,81
8;StudentAttendanceSystem;transition;1439;25;49;17;48;100;0,29;0,77;0;0,19;183,8;184,8;1,41;1,25
8;StudentAttendanceSystem;pair;1439;25;49;48;272;100;0,33;0,21;3,67;0,46;185,97;5,97;5,34;4,67
8;StudentAttendanceSystem;state;1440;21;41;8;40;100;0,37;0,38;0;0,06;6,97;6,97;0,92;0,81
8;StudentAttendanceSystem;transition;1440;21;41;16;41;100;0,33;0,66;0;0,14;6,97;7,97;1,27;1,13
8;StudentAttendanceSystem;pair;1440;21;41;37;199;100;0,32;0,23;0,99;0,28;8,97;8,97;2,4;1,82
8;StudentAttendanceSystem;state;1441;20;33;7;36;100;0,27;0,29;0;0,06;8,97;8,97;0,73;0,62
8;StudentAttendanceSystem;transition;1441;20;33;13;32;100;0,31;0,61;0;0,14;9,97;9,97;1,22;1,06
8;StudentAttendanceSystem;pair;1441;20;33;29;136;100;0,26;0,1;0,67;0,16;10,97;10,97;1,66;1,2
8;StudentAttendanceSystem;state;1442;18;29;7;35;100;0,25;0,27;0;0,05;10,97;10,97;0,67;0,57
8;StudentAttendanceSystem;transition;1442;18;29;10;29;100;0,25;0,56;0;0,08;11,97;11,97;1,01;0,88
8;StudentAttendanceSystem;pair;1442;18;29;27;125;100;0,22;0,1;0,62;0,18;12,97;12,97;1,54;1,12
8;StudentAttendanceSystem;state;1443;23;43;10;51;100;0,28;0,36;0;0,08;12,97;12,97;0,81;0,72
8;StudentAttendanceSystem;transition;1443;23;43;16;42;100;0,29;0,75;0;0,13;13,97;13,97;1,35;1,18
8;StudentAttendanceSystem;pair;1443;23;43;36;186;100;0,29;0,15;0,97;0,23;14,97;15,97;2,26;1,65
8;StudentAttendanceSystem;state;1444;26;54;11;59;100;0,37;0,47;0;0,1;15,97;15,97;1,06;0,93
8;StudentAttendanceSystem;transition;1444;26;54;20;54;100;0,38;0,91;0;0,18;16,97;16,97;1,65;1,47
8;StudentAttendanceSystem;pair;1444;26;54;50;280;100;0,33;0,3;1,5;0,39;17,97;18,97;3,26;2,52
8;StudentAttendanceSystem;state;1445;20;36;8;39;100;0,29;0,31;0;0,06;18,97;18,97;0,77;0,66
8;StudentAttendanceSystem;transition;1445;20;36;14;36;100;0,3;0,73;0;0,11;19,97;19,97;1,3;1,15
8;StudentAttendanceSystem;pair;1445;20;36;29;146;100;0,31;0,11;0,76;0,2;20,97;20,97;1,83;1,37
8;StudentAttendanceSystem;state;1446;26;50;11;62;100;0,35;0,45;0;0,12;21,97;21,97;1,06;0,91
8;StudentAttendanceSystem;transition;1446;26;50;16;49;100;0,32;0,8;0;0,16;21,97;21,97;1,45;1,28
8;StudentAttendanceSystem;pair;1446;26;50;44;258;100;0,35;0,22;1,59;0,34;23,97;23,97;3,15;2,51
8;StudentAttendanceSystem;state;1447;15;23;5;24;100;0,22;0,25;0;0,05;23,97;23,97;0,64;0,52
8;StudentAttendanceSystem;transition;1447;15;23;7;23;100;0,21;0,36;0;0,05;24,97;24,97;0,72;0,62
8;StudentAttendanceSystem;pair;1447;15;23;20;94;100;0,27;0,08;0,47;0,11;25,97;25,97;1,3;0,93
8;StudentAttendanceSystem;state;1448;20;37;8;41;100;0,28;0,36;0;0,06;25,97;25,97;0,82;0,7
8;StudentAttendanceSystem;transition;1448;20;37;13;37;100;0,24;0,62;0;0,11;26,97;26,97;1,09;0,96
8;StudentAttendanceSystem;pair;1448;20;37;32;174;100;0,27;0,12;0,81;0,21;27,97;27,97;1,91;1,4
8;StudentAttendanceSystem;state;1449;28;56;13;72;100;0,35;0,5;0;0,13;28,97;28,97;1,12;0,98
8;StudentAttendanceSystem;transition;1449;28;56;17;56;100;0,36;0,91;0;0,19;28,97;29,97;1,65;1,46
8;StudentAttendanceSystem;pair;1449;28;56;51;297;100;0,36;0,3;1,74;0,44;30,97;30,97;3,59;2,84
8;StudentAttendanceSystem;state;1450;28;56;12;63;100;0,39;0,43;0;0,1;31,97;31,97;1,02;0,92
8;StudentAttendanceSystem;transition;1450;28;56;19;55;100;0,34;1,04;0;0,22;32,97;32,97;1,79;1,6
8;StudentAttendanceSystem;pair;1450;28;56;54;306;100;0,42;0,2;1,56;0,4;33,97;34,97;3,22;2,58
8;StudentAttendanceSystem;state;1451;20;35;8;41;100;0,27;0,32;0;0,08;34,97;34,97;0,79;0,67
8;StudentAttendanceSystem;transition;1451;20;35;12;35;100;0,24;0,46;0;0,09;35,97;35,97;0,93;0,8
8;StudentAttendanceSystem;pair;1451;20;35;33;171;100;0,21;0,11;0,81;0,2;36,97;36,97;1,73;1,33
8;StudentAttendanceSystem;state;1452;26;51;11;60;100;0,39;0,41;0;0,06;37,97;37,97;0,95;0,86
8;StudentAttendanceSystem;transition;1452;26;51;17;50;100;0,25;0,8;0;0,21;37,97;38,97;1,42;1,26
8;StudentAttendanceSystem;pair;1452;26;51;46;264;100;0,31;0,18;1,41;0,35;39,97;39,97;2,89;2,25
8;StudentAttendanceSystem;state;1453;20;37;9;45;100;0,28;0,32;0;0,07;40,97;40,97;0,78;0,67
8;StudentAttendanceSystem;transition;1453;20;37;13;37;100;0,29;0,52;0;0,12;40,97;40,97;1,09;0,93
8;StudentAttendanceSystem;pair;1453;20;37;29;152;100;0,39;0,13;0,92;0,27;41,97;42,97;2,28;1,71
8;StudentAttendanceSystem;state;1454;23;44;9;49;100;0,4;0,47;0;0,1;42,97;42,97;1,09;0,97
8;StudentAttendanceSystem;transition;1454;23;44;15;43;100;0,42;0,88;0;0,15;43,97;43,97;1,58;1,44
8;StudentAttendanceSystem;pair;1454;23;44;41;239;100;0,3;0,16;1,25;0,35;44,97;44,97;2,67;2,06
8;StudentAttendanceSystem;state;1455;29;58;12;68;100;0,46;0,48;0;0,11;45,97;45,97;1,17;1,05
8;StudentAttendanceSystem;transition;1455;29;58;19;57;100;0,32;0,97;0;0,22;46,97;46,97;1,69;1,51
8;StudentAttendanceSystem;pair;1455;29;58;48;285;100;0,68;0,28;1,71;0,4;47,97;48,97;3,87;3,08
8;StudentAttendanceSystem;state;1456;28;55;13;74;100;0,41;0,48;0;0,16;48,97;48,97;1,19;1,05
8;StudentAttendanceSystem;transition;1456;28;55;16;54;100;0,35;0,85;0;0,18;49,97;49,97;1,56;1,39
8;StudentAttendanceSystem;pair;1456;28;55;48;288;100;0,4;0,24;1,92;0,42;51,97;51,97;3,86;2,99
8;StudentAttendanceSystem;state;1457;32;65;15;81;100;0,5;0,54;0;0,13;52,97;52,97;1,3;1,17
8;StudentAttendanceSystem;transition;1457;32;65;22;64;100;0,38;1,25;0;0,21;53,97;53,97;2,02;1,83
8;StudentAttendanceSystem;pair;1457;32;65;60;342;100;0,43;0,27;2,07;0,48;54,97;55,97;4,15;3,26
8;StudentAttendanceSystem;state;1458;29;59;12;68;100;0,47;0,57;0;0,13;56,97;56,97;1,33;1,18
8;StudentAttendanceSystem;transition;1458;29;59;20;58;100;0,42;0,94;0;0,24;56,97;57,97;1,77;1,59
8;StudentAttendanceSystem;pair;1458;29;59;52;302;100;0,45;0,28;1,92;0,5;58,97;59,97;4,06;3,14
8;StudentAttendanceSystem;state;1459;24;45;10;51;100;0,44;0,45;0;0,1;59,97;59,97;1,15;0,99
8;StudentAttendanceSystem;transition;1459;24;45;16;44;100;0,31;0,72;0;0,14;60,97;60,97;1,31;1,16
8;StudentAttendanceSystem;pair;1459;24;45;43;223;100;0,32;0,19;1,89;0,3;61,97;61,97;3,37;2,7
8;StudentAttendanceSystem;state;1460;21;38;8;42;100;0,38;0,37;0;0,08;62,97;62,97;0,98;0,83
8;StudentAttendanceSystem;transition;1460;21;38;13;38;100;0,37;0,68;0;0,13;62,97;62,97;1,36;1,18
8;StudentAttendanceSystem;pair;1460;21;38;32;176;100;0,33;0,16;0,98;0,24;63,97;64,97;2,34;1,71
8;StudentAttendanceSystem;state;1461;20;39;8;42;100;0,34;0,38;0;0,08;64,97;64,97;0,93;0,8
8;StudentAttendanceSystem;transition;1461;20;39;13;39;100;0,31;0,7;0;0,14;65,97;65,97;1,31;1,15
8;StudentAttendanceSystem;pair;1461;20;39;35;201;100;0,31;0,18;1,29;0,32;66,97;66,97;2,73;2,11
8;StudentAttendanceSystem;state;1462;23;42;9;45;100;0,35;0,43;0;0,13;67,97;67,97;1,03;0,9
8;StudentAttendanceSystem;transition;1462;23;42;17;41;100;0,36;0,94;0;0,18;67,97;67,97;1,65;1,48
8;StudentAttendanceSystem;pair;1462;23;42;37;189;100;0,37;0,19;1,2;0,34;68,97;69,97;2,77;2,09
8;StudentAttendanceSystem;state;1463;24;46;10;53;100;0,38;0,46;0;0,1;69,97;69,97;1,08;0,95
8;StudentAttendanceSystem;transition;1463;24;46;15;46;100;0,37;0,86;0;0,17;70,97;70,97;1,56;1,4
8;StudentAttendanceSystem;pair;1463;24;46;45;255;100;0,36;0,26;1,57;0,41;71,97;72,97;3,37;2,6
8;StudentAttendanceSystem;state;1464;28;57;13;70;100;0,43;0,61;0;0,13;72,97;72,97;1,31;1,18
8;StudentAttendanceSystem;transition;1464;28;57;19;57;100;0,41;1,07;0;0,22;73,97;73,97;1,89;1,7
8;StudentAttendanceSystem;pair;1464;28;57;47;275;100;0,4;0,3;1,99;0,45;75,97;75,97;4,01;3,14
8;StudentAttendanceSystem;state;1465;20;34;8;40;100;0,31;0,36;0;0,07;75,97;75,97;0,91;0,75
8;StudentAttendanceSystem;transition;1465;20;34;12;33;100;0,28;0,6;0;0,11;76,97;76,97;1,16;1
8;StudentAttendanceSystem;pair;1465;20;34;27;142;100;0,27;0,16;0,76;0,2;77,97;77,97;1,89;1,38
8;StudentAttendanceSystem;state;1466;30;61;13;71;100;0,4;0,54;0;0,14;78,97;78,97;1,21;1,08
8;StudentAttendanceSystem;transition;1466;30;61;21;60;100;0,41;1,19;0;0,23;79,97;79,97;2,02;1,83
8;StudentAttendanceSystem;pair;1466;30;61;50;291;100;0,48;0,31;2,08;0,48;80,97;81,97;4,19;3,34
8;StudentAttendanceSystem;state;1467;31;63;14;76;100;0,47;0,57;0;0,14;81,97;81,97;1,33;1,18
8;StudentAttendanceSystem;transition;1467;31;63;21;62;100;0,42;1,18;0;0,3;82,97;82,97;2,11;1,9
8;StudentAttendanceSystem;pair;1467;31;63;58;336;100;0,44;0,34;2,62;0,56;84,97;84,97;4,85;3,95
8;StudentAttendanceSystem;state;1468;31;61;14;78;100;0,49;0,58;0;0,15;85,97;85,97;1,36;1,22
8;StudentAttendanceSystem;transition;1468;31;61;19;60;100;0,39;1,16;0;0,23;86,97;86,97;1,98;1,78
8;StudentAttendanceSystem;pair;1468;31;61;55;321;100;0,43;0,33;2,36;0,49;88,97;88,97;4,52;3,61
8;StudentAttendanceSystem;state;1469;16;27;6;31;100;0,27;0,31;0;0,05;89,97;89,97;0,75;0,63
8;StudentAttendanceSystem;transition;1469;16;27;9;27;100;0,25;0,56;0;0,09;89,97;89,97;1,05;0,91
8;StudentAttendanceSystem;pair;1469;16;27;23;121;100;0,24;0,13;0,58;0,16;90,97;90,97;1,54;1,1
8;StudentAttendanceSystem;state;1470;22;37;8;42;100;0,29;0,34;0;0,07;90,97;91,97;0,83;0,7
8;StudentAttendanceSystem;transition;1470;22;37;13;36;100;0,28;0,71;0;0,12;91,97;91,97;1,29;1,12
8;StudentAttendanceSystem;pair;1470;22;37;29;153;100;0,28;0,15;0,86;0,22;92,97;92,97;2,08;1,51
8;StudentAttendanceSystem;state;1471;19;32;7;37;100;0,29;0,39;0;0,07;93,97;93,97;0,88;0,74
8;StudentAttendanceSystem;transition;1471;19;32;11;31;100;0,27;0,63;0;0,11;93,97;93,97;1,17;1,02
8;StudentAttendanceSystem;pair;1471;19;32;27;145;100;0,29;0,12;0,77;0,21;94,97;94,97;1,9;1,39
8;StudentAttendanceSystem;state;1472;29;57;12;67;100;0,42;0,5;0;0,13;95,97;95,97;1,17;1,05
8;StudentAttendanceSystem;transition;1472;29;57;20;56;100;0,38;1,1;0;0,22;96,97;96,97;1,9;1,7
8;StudentAttendanceSystem;pair;1472;29;57;52;296;100;0,43;0,3;1,97;0,46;97,97;98,97;4,04;3,15
8;StudentAttendanceSystem;state;1473;25;48;9;49;100;0,4;0,43;0;0,09;98,97;98,97;1,07;0,93
8;StudentAttendanceSystem;transition;1473;25;48;17;47;100;0,37;0,92;0;0,2;99,97;99,97;1,66;1,48
8;StudentAttendanceSystem;pair;1473;25;48;43;249;100;0,37;0,21;1,55;0,36;100,97;101,97;3,29;2,5
8;StudentAttendanceSystem;state;1474;30;60;13;73;100;0,44;0,58;0;0,16;101,97;102,97;1,33;1,18
8;StudentAttendanceSystem;transition;1474;30;60;20;59;100;0,42;1,12;0;0,22;102,97;103,97;1,96;1,76
8;StudentAttendanceSystem;pair;1474;30;60;52;300;100;0,4;0,38;2,12;0,43;104,97;104,97;4,26;3,34
8;StudentAttendanceSystem;state;1475;26;47;11;60;100;0,49;0,51;0;0,11;105,97;105,97;1,25;1,11
8;StudentAttendanceSystem;transition;1475;26;47;16;46;100;0,35;0,87;0;0,19;106,97;106,97;1,59;1,41
8;StudentAttendanceSystem;pair;1475;26;47;44;230;100;0,36;0,21;1,53;0,32;107,97;107,97;3,1;2,41
8;StudentAttendanceSystem;state;1476;26;49;11;58;100;0,4;0,46;0;0,11;108,97;108,97;1,1;0,96
8;StudentAttendanceSystem;transition;1476;26;49;19;48;100;0,41;0,97;0;0,18;109,97;109,97;1,73;1,55
8;StudentAttendanceSystem;pair;1476;26;49;42;218;100;0,34;0,21;1,41;0,31;110,97;110,97;2,97;2,28
8;StudentAttendanceSystem;state;1477;14;22;5;23;100;0,23;0,25;0;0,04;111,97;111,97;0,63;0,52
8;StudentAttendanceSystem;transition;1477;14;22;7;22;100;0,2;0,38;0;0,05;111,97;111,97;0,75;0,64
8;StudentAttendanceSystem;pair;1477;14;22;21;95;100;0,2;0,08;0,49;0,12;112,97;112,97;1,27;0,89
8;StudentAttendanceSystem;state;1478;19;33;7;36;100;0,28;0,36;0;0,06;112,97;112,97;0,81;0,7
8;StudentAttendanceSystem;transition;1478;19;33;12;33;100;0,28;0,58;0;0,1;113,97;113,97;1,09;0,96
8;StudentAttendanceSystem;pair;1478;19;33;29;148;100;0,27;0,13;0,86;0,21;114,97;114,97;1,98;1,46
8;StudentAttendanceSystem;state;1479;25;44;10;55;100;0,35;0,44;0;0,11;115,97;115,97;1,06;0,89
8;StudentAttendanceSystem;transition;1479;25;44;15;43;100;0,33;0,89;0;0,18;115,97;115,97;1,6;1,4
8;StudentAttendanceSystem;pair;1479;25;44;34;184;100;0,36;0,18;1,09;0,28;116,97;117,97;2,52;1,91
8;StudentAttendanceSystem;state;1480;26;49;10;56;100;0,36;0,5;0;0,11;117,97;117,97;1,09;0,96
8;StudentAttendanceSystem;transition;1480;26;49;17;48;100;0,35;0,94;0;0,19;118,97;118,97;1,65;1,48
8;StudentAttendanceSystem;pair;1480;26;49;42;232;100;0,35;0,22;1,51;0,42;119,97;120,97;3,21;2,51
8;StudentAttendanceSystem;state;1481;19;36;7;36;100;0,3;0,32;0;0,06;120,97;120,97;0,8;0,69
8;StudentAttendanceSystem;transition;1481;19;36;12;36;100;0,27;0,63;0;0,13;121,97;121,97;1,21;1,03
8;StudentAttendanceSystem;pair;1481;19;36;38;202;100;0,31;0,16;1,14;0,3;122,97;122,97;2,46;1,9
8;StudentAttendanceSystem;state;1482;27;56;12;67;100;0,39;0,58;0;0,12;123,97;123,97;1,23;1,09
8;StudentAttendanceSystem;transition;1482;27;56;18;56;100;0,4;1;0;0,22;123,97;124,97;1,81;1,62
8;StudentAttendanceSystem;pair;1482;27;56;54;310;100;0,38;0,57;2,17;0,47;125,97;125,97;4,42;3,59
8;StudentAttendanceSystem;state;1483;24;48;11;62;100;0,46;0,45;0;0,1;126,97;126,97;1,17;1,02
8;StudentAttendanceSystem;transition;1483;24;48;15;48;100;0,36;0,88;0;0,16;127,97;127,97;1,56;1,4
8;StudentAttendanceSystem;pair;1483;24;48;47;271;100;0,35;0,23;1,73;0,43;128,97;128,97;3,46;2,75
8;StudentAttendanceSystem;state;1484;15;22;6;31;100;0,3;0,27;0;0,05;129,97;129,97;0,72;0,61
8;StudentAttendanceSystem;transition;1484;15;22;6;22;100;0,21;0,51;0;0,06;129,97;129,97;0,9;0,77
8;StudentAttendanceSystem;pair;1484;15;22;17;79;100;0,22;0,08;0,37;0,09;130,97;130,97;1,16;0,76
8;StudentAttendanceSystem;state;1485;22;41;9;47;100;0,33;0,39;0;0,1;130,97;131,97;0,94;0,82
8;StudentAttendanceSystem;transition;1485;22;41;14;41;100;0,3;0,78;0;0,14;131,97;131,97;1,37;1,22
8;StudentAttendanceSystem;pair;1485;22;41;41;223;100;0,32;0,18;1,27;0,33;132,97;133,97;2,75;2,1
8;StudentAttendanceSystem;state;1486;19;34;7;37;100;0,33;0,34;0;0,06;133,97;133,97;0,85;0,74
8;StudentAttendanceSystem;transition;1486;19;34;12;34;100;0,29;0,65;0;0,12;134,97;134,97;1,19;1,05
8;StudentAttendanceSystem;pair;1486;19;34;33;169;100;0,28;0,15;0,91;0,27;135,97;135,97;2,21;1,62
8;StudentAttendanceSystem;state;1487;17;30;6;30;100;0,27;0,3;0;0,05;135,97;135,97;0,74;0,63
8;StudentAttendanceSystem;transition;1487;17;30;10;30;100;0,27;0,53;0;0,09;136,97;136,97;1,02;0,89
8;StudentAttendanceSystem;pair;1487;17;30;30;152;100;0,26;0,13;0,93;0,24;137,97;137,97;2,03;1,56
8;StudentAttendanceSystem;state;1488;19;31;7;37;100;0,27;0,34;0;0,06;137,97;137,97;0,78;0,67
8;StudentAttendanceSystem;transition;1488;19;31;10;30;100;0,27;0,57;0;0,1;138,97;138,97;1,08;0,95
8;StudentAttendanceSystem;pair;1488;19;31;24;130;100;0,27;0,15;0,73;0,2;139,97;139,97;1,83;1,34
8;StudentAttendanceSystem;state;1489;17;32;7;35;100;0,25;0,28;0;0,06;139,97;139,97;0,69;0,59
8;StudentAttendanceSystem;transition;1489;17;32;11;32;100;0,26;0,52;0;0,1;140,97;140,97;1,01;0,88
8;StudentAttendanceSystem;pair;1489;17;32;28;154;100;0,25;0,13;0,81;0,21;141,97;141,97;1,91;1,4
8;StudentAttendanceSystem;state;1490;25;48;11;59;100;0,36;0,45;0;0,14;142,97;142,97;1,07;0,95
8;StudentAttendanceSystem;transition;1490;25;48;17;47;100;0,35;0,99;0;0,18;142,97;142,97;1,69;1,52
8;StudentAttendanceSystem;pair;1490;25;48;42;236;100;0,36;0,23;1,52;0,37;144,97;144,97;3,2;2,47
8;StudentAttendanceSystem;state;1491;22;37;8;42;100;0,31;0,36;0;0,09;144,97;145,97;0,87;0,75
8;StudentAttendanceSystem;transition;1491;22;37;13;36;100;0,28;0,69;0;0,13;145,97;145,97;1,24;1,1
8;StudentAttendanceSystem;pair;1491;22;37;29;153;100;0,29;0,17;0,88;0,22;146,97;146,97;2,11;1,56
8;StudentAttendanceSystem;state;1492;23;45;9;48;100;0,34;0,44;0;0,09;147,97;147,97;0,99;0,87
8;StudentAttendanceSystem;transition;1492;23;45;16;44;100;0,32;2,58;0;0,17;148,97;148,97;3,25;3,07
8;StudentAttendanceSystem;pair;1492;23;45;43;241;100;0,35;0,2;1,51;0,36;149,97;149,97;3,1;2,42
8;StudentAttendanceSystem;state;1493;22;39;9;46;100;0,31;0,38;0;0,08;150,97;150,97;0,89;0,77
8;StudentAttendanceSystem;transition;1493;22;39;15;38;100;0,28;0,77;0;0,14;150,97;150,97;1,35;1,2
8;StudentAttendanceSystem;pair;1493;22;39;30;161;100;0,31;0,16;0,92;0,25;151,97;152,97;2,2;1,64
8;StudentAttendanceSystem;state;1494;23;44;9;48;100;0,33;0,47;0;0,08;152,97;152,97;1;0,88
8;StudentAttendanceSystem;transition;1494;23;44;15;44;100;0,33;0,8;0;0,16;153,97;153,97;1,44;1,28
8;StudentAttendanceSystem;pair;1494;23;44;39;223;100;0,33;0,19;1,35;0,32;154,97;154,97;2,83;2,19
8;StudentAttendanceSystem;state;1495;21;39;9;46;100;0,3;0,35;0;0,07;155,97;155,97;0,83;0,72
8;StudentAttendanceSystem;transition;1495;21;39;14;39;100;0,28;0,65;0;0,14;155,97;155,97;1,2;1,06
8;StudentAttendanceSystem;pair;1495;21;39;31;172;100;0,31;0,16;0,94;0,26;156,97;157,97;2,26;1,67
8;StudentAttendanceSystem;state;1496;23;44;9;48;100;0,33;0,44;0;0,11;157,97;157,97;1;0,88
8;StudentAttendanceSystem;transition;1496;23;44;15;43;100;0,33;0,79;0;0,16;158,97;158,97;1,43;1,28
8;StudentAttendanceSystem;pair;1496;23;44;40;230;100;0,32;0,2;1,35;0,35;159,97;159,97;2,89;2,22
8;StudentAttendanceSystem;state;1497;27;53;11;60;100;0,39;0,47;0;0,11;160,97;160,97;1,09;0,97
8;StudentAttendanceSystem;transition;1497;27;53;17;52;100;0,35;0,95;0;0,19;161,97;161,97;1,65;1,49
8;StudentAttendanceSystem;pair;1497;27;53;52;296;100;0,42;0,28;2,03;0,49;162,97;163,97;3,97;3,22
8;StudentAttendanceSystem;state;1498;20;36;8;40;100;0,31;0,35;0;0,07;163,97;163,97;0,84;0,72
8;StudentAttendanceSystem;transition;1498;20;36;13;36;100;0,32;0,68;0;0,11;164,97;164,97;1,27;1,12
8;StudentAttendanceSystem;pair;1498;20;36;31;160;100;0,29;0,15;0,93;0,22;165,97;165,97;2,12;1,59
8;StudentAttendanceSystem;state;1499;26;51;11;62;100;0,37;0,5;0;0,11;166,97;166,97;1,1;0,98
8;StudentAttendanceSystem;transition;1499;26;51;17;50;100;0,35;0,97;0;0,2;166,97;166,97;1,71;1,52
8;StudentAttendanceSystem;pair;1499;26;51;47;273;100;0,35;0,25;1,81;0,47;168,97;168,97;3,62;2,88
8;StudentAttendanceSystem;state;1500;21;36;8;43;100;0,31;0,35;0;0,08;169,97;169,97;0,84;0,73
8;StudentAttendanceSystem;transition;1500;21;36;13;35;100;0,28;0,84;0;0,14;169,97;169,97;1,41;1,26
8;StudentAttendanceSystem;pair;1500;21;36;29;155;100;0,34;0,17;0,85;0,22;170,97;170,97;2,12;1,59
8;StudentAttendanceSystem;state;1501;20;31;7;37;100;0,26;0,31;0;0,06;171,97;171,97;0,73;0,63
8;StudentAttendanceSystem;transition;1501;20;31;10;30;100;0,25;0,56;0;0,11;171,97;172,97;1,06;0,92
8;StudentAttendanceSystem;pair;1501;20;31;24;119;100;0,25;0,12;0,61;0,16;172,97;172,97;1,64;1,14
8;StudentAttendanceSystem;state;1502;23;42;10;54;100;0,33;0,4;0;0,09;173,97;173,97;0,93;0,82
8;StudentAttendanceSystem;transition;1502;23;42;14;42;100;0,31;0,79;0;0,15;174,97;174,97;1,4;1,25
8;StudentAttendanceSystem;pair;1502;23;42;40;210;100;0,31;0,19;1,19;0,3;175,97;175,97;2,59;1,99
8;StudentAttendanceSystem;state;1503;30;59;13;73;100;0,5;0,54;0;0,14;176,97;176,97;1,3;1,18
8;StudentAttendanceSystem;transition;1503;30;59;18;58;100;0,4;1,08;0;0,21;177,97;177,97;1,86;1,68
8;StudentAttendanceSystem;pair;1503;30;59;51;302;100;0,39;0,32;2,1;0,49;178,97;179,97;4,16;3,31
8;StudentAttendanceSystem;state;1504;22;40;8;42;100;0,34;0,38;0;0,07;179,97;179,97;0,9;0,79
8;StudentAttendanceSystem;transition;1504;22;40;13;39;100;0,3;0,73;0;0,14;180,97;180,97;1,31;1,16
8;StudentAttendanceSystem;pair;1504;22;40;39;215;100;0,33;0,22;1,35;0,34;181,97;181,97;2,85;2,24
8;StudentAttendanceSystem;state;1505;17;29;6;30;100;0,27;0,3;0;0,05;182,97;182,97;0,79;0,63
8;StudentAttendanceSystem;transition;1505;17;29;9;29;100;0,24;0,5;0;0,09;182,97;182,97;0,96;0,83
8;StudentAttendanceSystem;pair;1505;17;29;28;144;100;0,27;0,12;0,72;0,19;183,97;183,97;1,81;1,31
8;StudentAttendanceSystem;state;1506;30;60;13;73;100;0,42;0,59;0;0,14;184,97;184,97;1,28;1,15
8;StudentAttendanceSystem;transition;1506;30;60;19;59;100;0,46;3,11;0;0,23;185,97;5,91;4,01;3,8
8;StudentAttendanceSystem;pair;1506;30;60;55;319;100;0,5;0,32;2,46;0,5;6,91;7,91;4,78;3,78
8;StudentAttendanceSystem;state;1507;22;39;8;42;100;0,34;0,36;0;0,09;7,91;7,91;0,93;0,79
8;StudentAttendanceSystem;transition;1507;22;39;15;38;100;0,42;0,76;0;0,15;8,91;8,91;1,5;1,33
8;StudentAttendanceSystem;pair;1507;22;39;36;183;100;0,33;0,18;1,09;0,28;9,91;9,91;2,47;1,88
8;StudentAttendanceSystem;state;1508;27;50;12;63;100;0,4;0,49;0;0,15;10,91;10,91;1,17;1,04
8;StudentAttendanceSystem;transition;1508;27;50;18;49;100;0,36;0,96;0;0,18;11,91;11,91;1,68;1,5
8;StudentAttendanceSystem;pair;1508;27;50;46;240;100;0,36;0,24;1,72;0,36;12,91;12,91;3,38;2,67
8;StudentAttendanceSystem;state;1509;25;46;10;53;100;0,35;0,43;0;0,1;13,91;13,91;1,01;0,88
8;StudentAttendanceSystem;transition;1509;25;46;17;45;100;0,35;0,97;0;0,18;14,91;14,91;1,65;1,49
8;StudentAttendanceSystem;pair;1509;25;46;37;195;100;0,35;0,19;1,25;0,3;15,91;15,91;2,75;2,1
8;StudentAttendanceSystem;state;1510;26;51;11;57;100;0,37;0,48;0;0,11;16,91;16,91;1,08;0,96
8;StudentAttendanceSystem;transition;1510;26;51;18;50;100;0,35;0,89;0;0,19;16,91;17,91;1,6;1,43
8;StudentAttendanceSystem;pair;1510;26;51;50;270;100;0,35;0,31;1,85;0,41;18,91;18,91;3,64;2,92
8;StudentAttendanceSystem;state;1511;30;59;13;73;100;0,42;0,64;0;0,14;19,91;19,91;1,33;1,2
8;StudentAttendanceSystem;transition;1511;30;59;19;58;100;0,39;1,13;0;0,24;20,91;20,91;1,95;1,77
8;StudentAttendanceSystem;pair;1511;30;59;48;284;100;0,41;0,33;2,07;0,46;21,91;22,91;4,12;3,27
8;StudentAttendanceSystem;state;1512;19;34;8;38;100;0,3;0,39;0;0,07;22,91;22,91;0,88;0,76
8;StudentAttendanceSystem;transition;1512;19;34;13;33;100;0,26;0,62;0;0,12;23,91;23,91;1,14;1
8;StudentAttendanceSystem;pair;1512;19;34;28;140;100;0,27;0,14;0,79;0,2;24,91;24,91;1,89;1,41
8;StudentAttendanceSystem;state;1513;19;35;7;36;100;0,31;0,33;0;0,06;24,91;24,91;0,81;0,7
8;StudentAttendanceSystem;transition;1513;19;35;11;35;100;0,3;0,59;0;0,11;25,91;25,91;1,13;0,99
8;StudentAttendanceSystem;pair;1513;19;35;35;191;100;0,28;0,16;1,12;0,27;26,91;26,91;2,37;1,83
8;StudentAttendanceSystem;state;1514;26;50;12;65;100;0,37;0,53;0;0,12;27,91;27,91;1,14;1,02
8;StudentAttendanceSystem;transition;1514;26;50;17;49;100;0,36;0,9;0;0,2;27,91;28,91;1,68;1,46
8;StudentAttendanceSystem;pair;1514;26;50;46;258;100;0,36;0,24;1,69;0,38;29,91;29,91;3,4;2,67
8;StudentAttendanceSystem;state;1515;28;56;13;72;100;0,41;0,51;0;0,13;30,91;30,91;1,17;1,04
8;StudentAttendanceSystem;transition;1515;28;56;17;56;100;0,4;1,06;0;0,25;31,91;31,91;1,91;1,71
8;StudentAttendanceSystem;pair;1515;28;56;51;297;100;0,45;0,37;2,07;0,47;32,91;33,91;4,18;3,35
8;StudentAttendanceSystem;state;1516;21;42;9;45;100;0,39;0,38;0;0,08;33,91;33,91;0,99;0,86
8;StudentAttendanceSystem;transition;1516;21;42;15;42;100;0,34;0,74;0;0,14;34,91;34,91;1,38;1,22
8;StudentAttendanceSystem;pair;1516;21;42;37;211;100;0,31;0,22;1,33;0,31;35,91;35,91;2,79;2,17
8;StudentAttendanceSystem;state;1517;23;42;10;51;100;0,35;0,38;0;0,09;36,91;36,91;0,95;0,82
8;StudentAttendanceSystem;transition;1517;23;42;15;41;100;0,3;0,8;0;0,16;36,91;37,91;1,42;1,27
8;StudentAttendanceSystem;pair;1517;23;42;34;179;100;0,3;0,19;1,12;0,27;38,91;38,91;2,43;1,87
8;StudentAttendanceSystem;state;1518;27;53;11;57;100;0,45;0,47;0;0,11;38,91;38,91;1,15;1,03
8;StudentAttendanceSystem;transition;1518;27;53;20;52;100;0,39;1,07;0;0,2;39,91;39,91;1,83;1,66
8;StudentAttendanceSystem;pair;1518;27;53;46;261;100;0,39;0,31;1,85;0,4;41,91;41,91;3,72;2,94
8;StudentAttendanceSystem;state;1519;21;40;9;50;100;0,36;0,45;0;0,11;41,91;42,91;1,05;0,92
8;StudentAttendanceSystem;transition;1519;21;40;13;40;100;0,31;0,69;0;0,14;42,91;42,91;1,29;1,14
8;StudentAttendanceSystem;pair;1519;21;40;36;202;100;0,3;0,19;1,2;0,31;43,91;44,91;2,64;2
8;StudentAttendanceSystem;state;1520;20;39;9;47;100;0,3;0,37;0;0,08;44,91;44,91;0,87;0,76
8;StudentAttendanceSystem;transition;1520;20;39;13;39;100;0,28;0,68;0;0,13;45,91;45,91;1,23;1,09
8;StudentAttendanceSystem;pair;1520;20;39;35;191;100;0,3;0,19;1,16;0,28;46,91;46,91;2,52;1,93
8;StudentAttendanceSystem;state;1521;20;35;8;41;100;0,29;0,35;0;0,07;46,91;46,91;0,82;0,71
8;StudentAttendanceSystem;transition;1521;20;35;12;35;100;0,28;0,7;0;0,11;47,91;47,91;1,25;1,1
8;StudentAttendanceSystem;pair;1521;20;35;33;171;100;0,28;0,15;0,92;0,24;48,91;48,91;2,14;1,59
8;StudentAttendanceSystem;state;1522;28;57;13;72;100;0,41;0,58;0;0,13;49,91;49,91;1,24;1,12
8;StudentAttendanceSystem;transition;1522;28;57;18;57;100;0,45;1,07;0;0,21;50,91;50,91;1,91;1,73
8;StudentAttendanceSystem;pair;1522;28;57;54;312;100;0,41;0,31;2,27;0,5;51,91;52,91;4,31;3,47
8;StudentAttendanceSystem;state;1523;23;43;9;49;100;0,43;0,42;0;0,09;52,91;52,91;1,07;0,93
8;StudentAttendanceSystem;transition;1523;23;43;14;42;100;0,35;0,78;0;0,17;53,91;53,91;1,45;1,29
8;StudentAttendanceSystem;pair;1523;23;43;38;224;100;0,33;0,21;1,37;0,33;54,91;54,91;2,88;2,24
8;StudentAttendanceSystem;state;1524;28;55;13;71;100;0,44;0,55;0;0,13;55,91;55,91;1,24;1,12
8;StudentAttendanceSystem;transition;1524;28;55;18;54;100;0,39;1,1;0;0,2;56,91;56,91;1,88;1,69
8;StudentAttendanceSystem;pair;1524;28;55;50;290;100;0,39;0,3;2,06;0,44;57,91;58,91;4,01;3,19
8;StudentAttendanceSystem;state;1525;21;39;8;43;100;0,35;0,36;0;0,08;58,91;58,91;0,91;0,78
8;StudentAttendanceSystem;transition;1525;21;39;13;39;100;0,32;0,69;0;0,15;59,91;59,91;1,37;1,16
8;StudentAttendanceSystem;pair;1525;21;39;38;210;100;0,31;0,18;1,21;0,3;60,91;60,91;2,59;1,99
8;StudentAttendanceSystem;state;1526;24;47;10;52;100;0,67;0,45;0;0,1;61,91;61,91;1,35;1,22
8;StudentAttendanceSystem;transition;1526;24;47;17;46;100;0,36;0,89;0;0,18;62,91;62,91;1,59;1,43
8;StudentAttendanceSystem;pair;1526;24;47;44;252;100;0,34;0,22;1,7;0,36;63,91;63,91;3,33;2,62
8;StudentAttendanceSystem;state;1527;30;60;13;71;100;0,47;0,54;0;0,14;64,91;64,91;1,28;1,15
8;StudentAttendanceSystem;transition;1527;30;60;20;59;100;0,43;1,14;0;0,22;65,91;65,91;1,98;1,79
8;StudentAttendanceSystem;pair;1527;30;60;49;289;100;0,41;0,32;2,18;0,47;66,91;67,91;4,23;3,39
8;StudentAttendanceSystem;state;1528;20;40;8;43;100;0,34;0,38;0;0,09;67,91;67,91;1,01;0,8
8;StudentAttendanceSystem;transition;1528;20;40;13;40;100;0,32;0,68;0;0,13;68,91;68,91;1,27;1,13
8;StudentAttendanceSystem;pair;1528;20;40;42;236;100;0,29;0,18;1,33;0,37;69,91;69,91;2,86;2,18
8;StudentAttendanceSystem;state;1529;19;32;7;37;100;0,32;0,33;0;0,06;70,91;70,91;0,82;0,71
8;StudentAttendanceSystem;transition;1529;19;32;11;31;100;0,28;0,61;0;0,13;70,91;71,91;1,16;1,02
8;StudentAttendanceSystem;pair;1529;19;32;26;142;100;0,27;0,15;0,76;0,22;71,91;72,91;1,9;1,4
8;StudentAttendanceSystem;state;1530;17;30;7;34;100;0,28;0,3;0;0,06;72,91;72,91;0,75;0,63
8;StudentAttendanceSystem;transition;1530;17;30;11;30;100;0,25;0,54;0;0,1;73,91;73,91;1,04;0,88
8;StudentAttendanceSystem;pair;1530;17;30;26;133;100;0,28;0,13;0,7;0,19;73,91;74,91;1,78;1,29
8;StudentAttendanceSystem;state;1531;21;37;9;50;100;0,33;0,36;0;0,08;74,91;74,91;0,89;0,77
8;StudentAttendanceSystem;transition;1531;21;37;12;37;100;0,28;0,71;0;0,12;75,91;75,91;1,27;1,12
8;StudentAttendanceSystem;pair;1531;21;37;29;154;100;0,29;0,16;0,87;0,22;76,91;76,91;2,12;1,54
8;StudentAttendanceSystem;state;1532;17;28;6;31;100;0,27;0,29;0;0,11;76,91;76,91;0,79;0,67
8;StudentAttendanceSystem;transition;1532;17;28;10;28;100;0,24;0,52;0;0,09;77,91;77,91;0,99;0,86
8;StudentAttendanceSystem;pair;1532;17;28;26;124;100;0,24;0,18;0,65;0,16;78,91;78,91;1,68;1,23
8;StudentAttendanceSystem;state;1533;21;33;8;41;100;0,28;0,39;0;0,07;78,91;78,91;0,85;0,74
8;StudentAttendanceSystem;transition;1533;21;33;11;32;100;0,27;0,62;0;0,11;79,91;79,91;1,13;0,99
8;StudentAttendanceSystem;pair;1533;21;33;29;142;100;0,27;0,13;0,83;0,2;80,91;80,91;1,92;1,43
8;StudentAttendanceSystem;state;1534;25;48;11;59;100;0,38;0,47;0;0,11;80,91;80,91;1,08;0,96
8;StudentAttendanceSystem;transition;1534;25;48;17;47;100;0,39;0,91;0;0,18;81,91;81,91;1,64;1,47
8;StudentAttendanceSystem;pair;1534;25;48;42;236;100;0,36;0,24;1,48;0,36;82,91;83,91;3,21;2,44
8;StudentAttendanceSystem;state;1535;29;57;12;68;100;0,42;0,53;0;0,13;83,91;83,91;1,24;1,08
8;StudentAttendanceSystem;transition;1535;29;57;18;56;100;0,42;1,06;0;0,22;84,91;84,91;1,88;1,69
8;StudentAttendanceSystem;pair;1535;29;57;45;271;100;0,41;0,29;1,96;0,43;86,91;86,91;3,91;3,08
8;StudentAttendanceSystem;state;1536;18;33;7;33;100;0,31;0,33;0;0,06;87,91;87,91;0,81;0,69
8;StudentAttendanceSystem;transition;1536;18;33;12;33;100;0,31;0,56;0;0,1;87,91;87,91;1,12;0,97
8;StudentAttendanceSystem;pair;1536;18;33;33;165;100;0,27;0,14;0,91;0,24;88,91;88,91;2,09;1,57
8;StudentAttendanceSystem;state;1537;23;44;9;48;100;0,43;0,4;0;0,09;89,91;89,91;1,05;0,93
8;StudentAttendanceSystem;transition;1537;23;44;15;44;100;0,35;0,78;0;0,16;89,91;90,91;1,47;1,29
8;StudentAttendanceSystem;pair;1537;23;44;38;218;100;0,33;0,2;1,35;0,32;91,91;91,91;2,87;2,21
8;StudentAttendanceSystem;state;1538;22;38;8;42;100;0,32;0,37;0;0,09;91,91;92,91;0,9;0,78
8;StudentAttendanceSystem;transition;1538;22;38;14;37;100;0,3;0,78;0;0,14;92,91;92,91;1,37;1,21
8;StudentAttendanceSystem;pair;1538;22;38;31;161;100;0,3;0,16;0,96;0,23;93,91;93,91;2,26;1,65
8;StudentAttendanceSystem;state;1539;19;33;7;36;100;0,3;0,38;0;0,06;94,91;94,91;0,89;0,74
8;StudentAttendanceSystem;transition;1539;19;33;12;33;100;0,27;0,61;0;0,11;94,91;94,91;1,13;0,99
8;StudentAttendanceSystem;pair;1539;19;33;28;144;100;0,29;0,14;0,77;0,23;95,91;96,91;1,91;1,42
8;StudentAttendanceSystem;state;1540;21;39;8;42;100;0,31;0,37;0;0,08;96,91;96,91;0,88;0,76
8;StudentAttendanceSystem;transition;1540;21;39;14;38;100;0,3;0,71;0;0,14;97,91;97,91;1,31;1,15
8;StudentAttendanceSystem;pair;1540;21;39;36;194;100;0,29;0,17;1,21;0,28;98,91;98,91;2,53;1,96
8;StudentAttendanceSystem;state;1541;19;38;8;41;100;0,3;0,35;0;0,07;98,91;98,91;0,83;0,72
8;StudentAttendanceSystem;transition;1541;19;38;13;38;100;0,3;0,66;0;0,12;99,91;99,91;1,26;1,08
8;StudentAttendanceSystem;pair;1541;19;38;36;204;100;0,29;0,18;1,14;0,3;100,91;100,91;2,5;1,91
8;StudentAttendanceSystem;state;1542;21;42;9;46;100;0,35;0,43;0;0,08;101,91;101,91;1,01;0,86
8;StudentAttendanceSystem;transition;1542;21;42;15;42;100;0,32;0,75;0;0,15;102,91;102,91;1,38;1,22
8;StudentAttendanceSystem;pair;1542;21;42;41;231;100;0,32;0,2;1,43;0,34;103,91;103,91;2,92;2,29
8;StudentAttendanceSystem;state;1543;16;28;6;30;100;0,26;0,29;0;0,05;104,91;104,91;0,71;0,6
8;StudentAttendanceSystem;transition;1543;16;28;10;28;100;0,24;0,49;0;0,09;104,91;104,91;0,95;0,82
8;StudentAttendanceSystem;pair;1543;16;28;25;123;100;0,24;0,13;0,69;0,17;105,91;105,91;1,67;1,23
8;StudentAttendanceSystem;state;1544;22;41;10;51;100;0,31;0,39;0;0,09;105,91;106,91;0,92;0,79
8;StudentAttendanceSystem;transition;1544;22;41;15;41;100;0,3;0,73;0;0,14;106,91;106,91;1,32;1,16
8;StudentAttendanceSystem;pair;1544;22;41;32;167;100;0,33;0,18;0,95;0,24;107,91;107,91;2,3;1,7
8;StudentAttendanceSystem;state;1545;27;56;12;65;100;0,39;0,55;0;0,15;108,91;108,91;1,23;1,09
8;StudentAttendanceSystem;transition;1545;27;56;19;56;100;0,38;1,02;0;0,2;109,91;109,91;1,8;1,6
8;StudentAttendanceSystem;pair;1545;27;56;47;273;100;0,39;0,33;1,89;0,47;110,91;111,91;3,89;3,08
8;StudentAttendanceSystem;state;1546;27;55;12;67;100;0,42;0,5;0;0,15;111,91;111,91;1,21;1,07
8;StudentAttendanceSystem;transition;1546;27;55;17;55;100;0,45;0,96;0;0,2;112,91;112,91;1,78;1,6
8;StudentAttendanceSystem;pair;1546;27;55;51;299;100;0,39;0,29;2,05;0,44;114,91;114,91;3,95;3,16
8;StudentAttendanceSystem;state;1547;21;37;8;41;100;0,31;0,37;0;0,07;115,91;115,91;0,88;0,76
8;StudentAttendanceSystem;transition;1547;21;37;14;36;100;0,28;0,76;0;0,14;115,91;115,91;1,33;1,18
8;StudentAttendanceSystem;pair;1547;21;37;33;170;100;0,3;0,15;0,94;0,24;116,91;116,91;2,19;1,63
8;StudentAttendanceSystem;state;1548;21;34;8;41;100;0,29;0,39;0;0,08;117,91;117,91;0,88;0,76
8;StudentAttendanceSystem;transition;1548;21;34;12;33;100;0,27;0,65;0;0,12;118,91;118,91;1,18;1,03
8;StudentAttendanceSystem;pair;1548;21;34;31;153;100;0,28;0,14;0,82;0,21;118,91;119,91;1,99;1,45
8;StudentAttendanceSystem;state;1549;28;54;11;62;100;0,4;0,49;0;0,12;119,91;119,91;1,14;1,01
8;StudentAttendanceSystem;transition;1549;28;54;18;53;100;0,39;1,01;0;0,21;120,91;120,91;1,79;1,61
8;StudentAttendanceSystem;pair;1549;28;54;46;268;100;0,44;0,26;1,86;0,42;122,91;122,91;3,79;2,97
8;StudentAttendanceSystem;state;1550;26;49;11;56;100;0,38;0,45;0;0,11;122,91;123,91;1,09;0,95
8;StudentAttendanceSystem;transition;1550;26;49;18;48;100;0,36;0,92;0;0,18;123,91;123,91;1,63;1,45
8;StudentAttendanceSystem;pair;1550;26;49;46;251;100;0,37;0,26;1,64;0,38;125,91;125,91;3,38;2,64
8;StudentAttendanceSystem;state;1551;27;51;11;61;100;0,38;0,55;0;0,11;126,91;126,91;1,17;1,04
8;StudentAttendanceSystem;transition;1551;27;51;18;50;100;0,37;1;0;0,2;126,91;126,91;1,75;1,58
8;StudentAttendanceSystem;pair;1551;27;51;45;249;100;0,37;0,25;1,72;0,39;128,91;128,91;3,45;2,72
8;StudentAttendanceSystem;state;1552;17;32;7;35;100;0,29;0,32;0;0,07;129,91;129,91;0,79;0,68
8;StudentAttendanceSystem;transition;1552;17;32;11;32;100;0,25;0,62;0;0,1;129,91;129,91;1,12;0,98
8;StudentAttendanceSystem;pair;1552;17;32;29;157;100;0,27;0,13;0,82;0,22;130,91;130,91;1,96;1,44
8;StudentAttendanceSystem;state;1553;29;59;12;68;100;0,4;0,58;0;0,13;131,91;131,91;1,25;1,11
8;StudentAttendanceSystem;transition;1553;29;59;20;58;100;0,4;1,14;0;0,23;132,91;132,91;1,95;1,77
8;StudentAttendanceSystem;pair;1553;29;59;52;302;100;0,4;0,3;2,25;0,5;133,91;134,91;4,29;3,45
8;StudentAttendanceSystem;state;1554;17;26;6;31;100;0,3;0,51;0;0,06;134,91;134,91;1;0,87
8;StudentAttendanceSystem;transition;1554;17;26;9;25;100;0,24;0,54;0;0,09;135,91;135,91;1;0,87
8;StudentAttendanceSystem;pair;1554;17;26;20;96;100;0,25;0,1;0,48;0,15;135,91;136,91;1,39;0,98
8;StudentAttendanceSystem;state;1555;25;50;10;56;100;0,41;0,45;0;0,1;136,91;136,91;1,08;0,96
8;StudentAttendanceSystem;transition;1555;25;50;17;50;100;0,35;0,9;0;0,18;137,91;137,91;1,59;1,43
8;StudentAttendanceSystem;pair;1555;25;50;45;255;100;0,36;0,25;1,73;0,4;138,91;139,91;3,44;2,75
8;StudentAttendanceSystem;state;1556;20;39;8;39;100;0,31;0,36;0;0,07;139,91;139,91;0,84;0,74
8;StudentAttendanceSystem;transition;1556;20;39;14;39;100;0,31;0,68;0;0,13;140,91;140,91;1,27;1,12
8;StudentAttendanceSystem;pair;1556;20;39;40;212;100;0,3;0,18;1,26;0,32;141,91;141,91;2,64;2,05
8;StudentAttendanceSystem;state;1557;22;41;9;47;100;0,31;0,39;0;0,09;142,91;142,91;0,91;0,79
8;StudentAttendanceSystem;transition;1557;22;41;14;41;100;0,3;0,7;0;0,14;142,91;142,91;1,29;1,14
8;StudentAttendanceSystem;pair;1557;22;41;41;219;100;0,33;0,18;1,37;0,31;143,91;144,91;2,83;2,19
8;StudentAttendanceSystem;state;1558;21;37;8;43;100;0,32;0,37;0;0,08;144,91;144,91;0,9;0,78
8;StudentAttendanceSystem;transition;1558;21;37;12;36;100;0,3;0,77;0;0,13;145,91;145,91;1,36;1,21
8;StudentAttendanceSystem;pair;1558;21;37;30;171;100;0,3;0,17;0,95;0,26;146,91;146,91;2,24;1,68
8;StudentAttendanceSystem;state;1559;18;31;7;35;100;0,26;0,35;0;0,1;146,91;147,91;0,82;0,71
8;StudentAttendanceSystem;transition;1559;18;31;11;30;100;0,25;0,61;0;0,11;147,91;147,91;1,1;0,97
8;StudentAttendanceSystem;pair;1559;18;31;26;134;100;0,29;0,15;0,73;0,23;148,91;148,91;1,86;1,4
8;StudentAttendanceSystem;state;1560;24;44;9;50;100;0,38;0,42;0;0,09;149,91;149,91;1,01;0,89
8;StudentAttendanceSystem;transition;1560;24;44;16;43;100;0,33;0,85;0;0,17;149,91;149,91;1,5;1,35
8;StudentAttendanceSystem;pair;1560;24;44;38;200;100;0,34;0,19;1,26;0,3;150,91;151,91;2,74;2,09
8;StudentAttendanceSystem;state;1561;25;48;11;59;100;0,36;0,45;0;0,11;151,91;151,91;1,04;0,92
8;StudentAttendanceSystem;transition;1561;25;48;16;47;100;0,36;0,92;0;0,16;152,91;152,91;1,61;1,44
8;StudentAttendanceSystem;pair;1561;25;48;45;259;100;0,35;0,22;1,62;0,43;153,91;154,91;3,38;2,62
8;StudentAttendanceSystem;state;1562;22;42;9;47;100;0,35;0,4;0;0,09;154,91;154,91;0,95;0,83
8;StudentAttendanceSystem;transition;1562;22;42;15;42;100;0,37;0,77;0;0,15;155,91;155,91;1,44;1,29
8;StudentAttendanceSystem;pair;1562;22;42;44;234;100;0,33;0,24;1,43;0,34;156,91;157,91;3,07;2,33
8;StudentAttendanceSystem;state;1563;19;36;9;44;100;0,34;0,35;0;0,08;157,91;157,91;0,9;0,77
8;StudentAttendanceSystem;transition;1563;19;36;13;36;100;0,3;0,6;0;0,11;158,91;158,91;1,16;1,01
8;StudentAttendanceSystem;pair;1563;19;36;29;150;100;0,29;0,16;0,83;0,23;158,91;159,91;2,06;1,51
8;StudentAttendanceSystem;state;1564;23;40;9;47;100;0,31;0,38;0;0,09;159,91;159,91;0,89;0,78
8;StudentAttendanceSystem;transition;1564;23;40;14;39;100;0,3;0,76;0;0,16;160,91;160,91;1,37;1,22
8;StudentAttendanceSystem;pair;1564;23;40;38;200;100;0,38;0,17;1,33;0,3;161,91;161,91;2,79;2,17
8;StudentAttendanceSystem;state;1565;24;43;9;48;100;0,34;0,4;0;0,09;162,91;162,91;0,95;0,83
8;StudentAttendanceSystem;transition;1565;24;43;15;42;100;0,32;0,82;0;0,17;162,91;163,91;1,49;1,31
8;StudentAttendanceSystem;pair;1565;24;43;36;200;100;0,54;0,19;1,22;0,3;164,91;164,91;2,85;2,25
8;StudentAttendanceSystem;state;1566;21;36;8;41;100;0,38;0,32;0;0,06;164,91;164,91;0,85;0,75
8;StudentAttendanceSystem;transition;1566;21;36;13;35;100;0,25;0,54;0;0,11;165,91;165,91;1,01;0,9
8;StudentAttendanceSystem;pair;1566;21;36;29;151;100;0,24;0,12;0,66;0,18;166,91;166,91;1,63;1,2
8;StudentAttendanceSystem;state;1567;30;59;13;73;100;0,37;0,47;0;0,11;167,91;167,91;1,05;0,95
8;StudentAttendanceSystem;transition;1567;30;59;19;58;100;0,32;0,9;0;0,18;168,91;168,91;1,54;1,41
8;StudentAttendanceSystem;pair;1567;30;59;49;289;100;0,36;0,21;1,36;0,26;169,91;170,91;2,77;2,19
8;StudentAttendanceSystem;state;1568;17;30;6;30;100;0,17;0,19;0;0,03;170,91;170,91;0,45;0,39
8;StudentAttendanceSystem;transition;1568;17;30;10;30;100;0,15;0,33;0;0,05;171,91;171,91;0,61;0,53
8;StudentAttendanceSystem;pair;1568;17;30;31;155;100;0,15;0,09;0,53;0,12;171,91;172,91;1,22;0,89
8;StudentAttendanceSystem;state;1569;29;58;12;68;100;0,25;0,32;0;0,07;172,91;172,91;0,71;0,64
8;StudentAttendanceSystem;transition;1569;29;58;19;57;100;0,26;0,66;0;0,13;173,91;173,91;1,15;1,04
8;StudentAttendanceSystem;pair;1569;29;58;49;287;100;0,25;0,18;1,29;0,27;175,91;175,91;2,5;2
8;StudentAttendanceSystem;state;1570;21;37;8;39;100;0,28;0,34;0;0,08;176,91;176,91;0,81;0,7
8;StudentAttendanceSystem;transition;1570;21;37;13;36;100;0,28;0,58;0;0,1;176,91;176,91;1,09;0,97
8;StudentAttendanceSystem;pair;1570;21;37;34;178;100;0,3;0,12;0,75;0,18;177,91;178,91;1,86;1,35
8;StudentAttendanceSystem;state;1571;27;50;11;61;100;0,23;0,38;0;0,12;178,91;178,91;0,84;0,73
8;StudentAttendanceSystem;transition;1571;27;50;17;49;100;0,41;0,9;0;0,18;179,91;179,91;1,65;1,49
8;StudentAttendanceSystem;pair;1571;27;50;42;234;100;0,37;0,24;1,22;0,35;180,91;181,91;2,79;2,18
8;StudentAttendanceSystem;state;1572;21;40;9;44;100;0,36;0,37;0;0,08;181,91;181,91;0,94;0,81
8;StudentAttendanceSystem;transition;1572;21;40;15;40;100;0,31;0,74;0;0,13;182,91;182,91;1,33;1,17
8;StudentAttendanceSystem;pair;1572;21;40;34;184;100;0,29;0,16;1,04;0,22;183,91;183,91;2,25;1,71
8;StudentAttendanceSystem;state;1573;22;41;9;45;100;0,28;0,26;0;0,05;183,91;184,91;0,67;0,58
8;StudentAttendanceSystem;transition;1573;22;41;15;40;100;0,18;0,63;0;0,13;184,91;184,91;1,09;0,94
8;StudentAttendanceSystem;pair;1573;22;41;34;188;100;0,29;0,17;0,95;0,26;185,91;6,87;5,8;1,67
8;StudentAttendanceSystem;state;1574;25;47;9;49;100;0,37;0,43;0;0,09;6,87;6,87;1,02;0,89
8;StudentAttendanceSystem;transition;1574;25;47;16;46;100;0,34;0,87;0;0,24;7,87;7,87;1,64;1,46
8;StudentAttendanceSystem;pair;1574;25;47;40;234;100;0,36;0,22;1,54;0,45;8,87;8,87;3,28;2,57
8;StudentAttendanceSystem;state;1575;21;39;8;43;100;0,33;0,33;0;0,08;9,87;9,87;0,85;0,73
8;StudentAttendanceSystem;transition;1575;21;39;13;38;100;0,3;0,72;0;0,14;9,87;10,87;1,32;1,16
8;StudentAttendanceSystem;pair;1575;21;39;39;213;100;0,3;0,17;1,39;0,32;11,87;11,87;2,8;2,18
8;StudentAttendanceSystem;state;1576;21;36;8;43;100;0,36;0,37;0;0,07;11,87;11,87;0,93;0,81
8;StudentAttendanceSystem;transition;1576;21;36;13;35;100;0,33;0,78;0;0,14;12,87;12,87;1,39;1,24
8;StudentAttendanceSystem;pair;1576;21;36;30;159;100;0,28;0,14;0,92;0,21;13,87;13,87;2,11;1,56
8;StudentAttendanceSystem;state;1577;21;36;8;43;100;0,3;0,43;0;0,1;14,87;14,87;0,96;0,83
8;StudentAttendanceSystem;transition;1577;21;36;13;35;100;0,29;0,72;0;0,14;14,87;14,87;1,31;1,15
8;StudentAttendanceSystem;pair;1577;21;36;29;155;100;0,31;0,15;0,88;0,24;15,87;16,87;2,12;1,58
8;StudentAttendanceSystem;state;1578;23;41;10;54;100;0,34;0,42;0;0,09;16,87;16,87;0,95;0,84
8;StudentAttendanceSystem;transition;1578;23;41;13;41;100;0,34;0,77;0;0,14;17,87;17,87;1,41;1,25
8;StudentAttendanceSystem;pair;1578;23;41;36;190;100;0,29;0,16;1,13;0,27;18,87;18,87;2,46;1,86
8;StudentAttendanceSystem;state;1579;21;41;9;48;100;0,31;0,4;0;0,08;19,87;19,87;0,91;0,79
8;StudentAttendanceSystem;transition;1579;21;41;14;41;100;0,32;0,8;0;0,15;19,87;19,87;1,42;1,26
8;StudentAttendanceSystem;pair;1579;21;41;37;201;100;0,32;0,19;1,21;0,29;20,87;21,87;2,66;2,01
8;StudentAttendanceSystem;state;1580;19;34;7;37;100;0,32;0,34;0;0,06;21,87;21,87;0,85;0,73
8;StudentAttendanceSystem;transition;1580;19;34;12;34;100;0,32;0,62;0;0,16;22,87;22,87;1,26;1,1
8;StudentAttendanceSystem;pair;1580;19;34;34;174;100;0,29;0,14;0,93;0,44;23,87;23,87;2,38;1,81
8;StudentAttendanceSystem;state;1581;26;51;11;62;100;0,57;0,45;0;0,11;23,87;23,87;1,27;1,13
8;StudentAttendanceSystem;transition;1581;26;51;17;50;100;0,34;0,83;0;0,23;24,87;24,87;1,56;1,4
8;StudentAttendanceSystem;pair;1581;26;51;47;273;100;0,34;0,28;1,6;0,29;26,87;26,87;3,2;2,51
8;StudentAttendanceSystem;state;1582;27;56;12;65;100;0,36;0,41;0;0,09;27,87;27,87;0,96;0,86
8;StudentAttendanceSystem;transition;1582;27;56;19;56;100;0,31;0,77;0;0,19;27,87;28,87;1,39;1,26
8;StudentAttendanceSystem;pair;1582;27;56;47;273;100;0,34;0,19;1,45;0,4;29,87;29,87;3,08;2,38
8;StudentAttendanceSystem;state;1583;21;37;9;46;100;0,34;0,36;0;0,07;30,87;30,87;0,91;0,78
8;StudentAttendanceSystem;transition;1583;21;37;13;36;100;0,31;0,76;0;0,12;30,87;31,87;1,37;1,19
8;StudentAttendanceSystem;pair;1583;21;37;34;180;100;0,28;0,15;1,01;0,25;31,87;32,87;2,27;1,7
8;StudentAttendanceSystem;state;1584;18;34;7;36;100;0,31;0,31;0;0,06;32,87;32,87;0,81;0,68
8;StudentAttendanceSystem;transition;1584;18;34;12;34;100;0,23;0,38;0;0,07;33,87;33,87;0,77;0,68
8;StudentAttendanceSystem;pair;1584;18;34;32;170;100;0,38;0,12;0,71;0,2;34,87;34,87;1,98;1,42
8;StudentAttendanceSystem;state;1585;22;42;9;45;100;0,33;0,33;0;0,08;34,87;34,87;0,85;0,75
8;StudentAttendanceSystem;transition;1585;22;42;16;42;100;0,29;0,69;0;0,15;35,87;35,87;1,31;1,12
8;StudentAttendanceSystem;pair;1585;22;42;37;197;100;0,29;0,17;1,05;0,27;36,87;36,87;2,35;1,77
8;StudentAttendanceSystem;state;1586;23;44;10;50;100;0,3;0,37;0;0,09;37,87;37,87;0,87;0,76
8;StudentAttendanceSystem;transition;1586;23;44;16;44;100;0,36;0,76;0;0,14;38,87;38,87;1,42;1,26
8;StudentAttendanceSystem;pair;1586;23;44;43;233;100;0,31;0,15;1,14;0,31;39,87;39,87;2,59;1,92
8;StudentAttendanceSystem;state;1587;24;48;10;54;100;0,39;0,45;0;0,1;40,87;40,87;1,06;0,94
8;StudentAttendanceSystem;transition;1587;24;48;15;48;100;0,4;0,83;0;0,21;40,87;41,87;1,63;1,45
8;StudentAttendanceSystem;pair;1587;24;48;48;272;100;0,39;0,24;1,85;0,41;42,87;42,87;3,65;2,9
8;StudentAttendanceSystem;state;1588;21;40;9;50;100;0,35;0,42;0;0,08;43,87;43,87;1,02;0,85
8;StudentAttendanceSystem;transition;1588;21;40;13;40;100;0,34;0,79;0;0,16;43,87;44,87;1,46;1,28
8;StudentAttendanceSystem;pair;1588;21;40;36;202;100;0,33;0,19;1,16;0,31;44,87;45,87;2,63;1,99
8;StudentAttendanceSystem;state;1589;26;51;10;54;100;0,52;0,48;0;0,1;45,87;45,87;1,23;1,1
8;StudentAttendanceSystem;transition;1589;26;51;18;50;100;0,4;1;0;0,2;46,87;46,87;1,78;1,6
8;StudentAttendanceSystem;pair;1589;26;51;52;292;100;0,39;0,31;2,07;0,46;48,87;48,87;4,05;3,23
8;StudentAttendanceSystem;state;1590;21;40;9;50;100;0,39;0,42;0;0,09;49,87;49,87;1,05;0,9
8;StudentAttendanceSystem;transition;1590;21;40;13;40;100;0,38;0,74;0;0,14;49,87;49,87;1,44;1,27
8;StudentAttendanceSystem;pair;1590;21;40;36;202;100;0,34;0,19;1,25;0,31;50,87;51,87;2,73;2,09
8;StudentAttendanceSystem;state;1591;21;36;8;43;100;0,31;0,43;0;0,08;51,87;51,87;0,94;0,82
8;StudentAttendanceSystem;transition;1591;21;36;13;35;100;0,29;0,73;0;0,21;52,87;52,87;1,39;1,23
8;StudentAttendanceSystem;pair;1591;21;36;30;159;100;0,3;0,16;0,96;0,24;53,87;53,87;2,23;1,67
8;StudentAttendanceSystem;state;1592;27;52;11;59;100;0,41;0,5;0;0,15;53,87;54,87;1,26;1,07
8;StudentAttendanceSystem;transition;1592;27;52;19;51;100;0,36;1;0;0,19;54,87;54,87;1,75;1,56
8;StudentAttendanceSystem;pair;1592;27;52;44;242;100;0,39;0,26;1,73;0,39;56,87;56,87;3,51;2,76
8;StudentAttendanceSystem;state;1593;26;46;11;60;100;0,37;0,48;0;0,11;57,87;57,87;1,09;0,96
8;StudentAttendanceSystem;transition;1593;26;46;15;45;100;0,41;0,87;0;0,19;57,87;57,87;1,65;1,47
8;StudentAttendanceSystem;pair;1593;26;46;41;219;100;0,33;0,21;1,34;0,32;59,87;59,87;2,96;2,2
8;StudentAttendanceSystem;state;1594;21;39;8;42;100;0,35;0,39;0;0,08;59,87;59,87;0,93;0,81
8;StudentAttendanceSystem;transition;1594;21;39;14;39;100;0,32;0,72;0;0,14;60,87;60,87;1,34;1,18
8;StudentAttendanceSystem;pair;1594;21;39;35;191;100;0,34;0,19;1,11;0,28;61,87;61,87;2,52;1,92
8;StudentAttendanceSystem;state;1595;26;53;11;62;100;0,4;0,53;0;0,21;62,87;62,87;1,26;1,14
8;StudentAttendanceSystem;transition;1595;26;53;17;53;100;0,5;1;0;0,2;63,87;63,87;1,9;1,71
8;StudentAttendanceSystem;pair;1595;26;53;45;267;100;0,39;0,27;1,88;0,43;64,87;64,87;3,75;2,98
8;StudentAttendanceSystem;state;1596;23;45;9;48;100;0,36;0,43;0;0,09;65,87;65,87;1;0,88
8;StudentAttendanceSystem;transition;1596;23;45;16;45;100;0,37;0,85;0;0,17;66,87;66,87;1,59;1,39
8;StudentAttendanceSystem;pair;1596;23;45;41;233;100;0,35;0,22;1,5;0,34;67,87;67,87;3,18;2,41
8;StudentAttendanceSystem;state;1597;23;41;9;47;100;0,34;0,45;0;0,09;68,87;68,87;1,01;0,89
8;StudentAttendanceSystem;transition;1597;23;41;15;40;100;0,32;0,8;0;0,17;68,87;69,87;1,45;1,29
8;StudentAttendanceSystem;pair;1597;23;41;40;208;100;0,37;0,19;1,23;0,34;70,87;70,87;2,77;2,13
8;StudentAttendanceSystem;state;1598;21;38;9;44;100;0,33;0,42;0;0,1;70,87;70,87;0,97;0,85
8;StudentAttendanceSystem;transition;1598;21;38;14;38;100;0,31;0,69;0;0,14;71,87;71,87;1,31;1,14
8;StudentAttendanceSystem;pair;1598;21;38;36;184;100;0,31;0,23;1,13;0,27;72,87;72,87;2,6;1,94
8;StudentAttendanceSystem;state;1599;24;46;10;55;100;0,37;0,46;0;0,11;73,87;73,87;1,07;0,94
8;StudentAttendanceSystem;transition;1599;24;46;16;46;100;0,34;0,89;0;0,17;74,87;74,87;1,58;1,4
8;StudentAttendanceSystem;pair;1599;24;46;41;221;100;0,4;0,21;1,31;0,38;75,87;75,87;3,02;2,3
8;StudentAttendanceSystem;state;1600;17;32;7;35;100;0,38;0,35;0;0,08;75,87;76,87;0,94;0,81
8;StudentAttendanceSystem;transition;1600;17;32;11;32;100;0,29;0,58;0;0,11;76,87;76,87;1,2;0,98
8;StudentAttendanceSystem;pair;1600;17;32;29;157;100;0,28;0,17;0,86;0,25;77,87;77,87;2,16;1,56
8;StudentAttendanceSystem;state;1601;24;45;10;56;100;0,39;0,47;0;0,1;78,87;78,87;1,1;0,96
8;StudentAttendanceSystem;transition;1601;24;45;14;44;100;0,35;0,9;0;0,18;78,87;79,87;1,61;1,43
8;StudentAttendanceSystem;pair;1601;24;45;42;246;100;0,38;0,22;1,53;0,4;80,87;80,87;3,24;2,53
8;StudentAttendanceSystem;state;1602;21;38;8;40;100;0,36;0,34;0;0,08;80,87;81,87;0,93;0,78
8;StudentAttendanceSystem;transition;1602;21;38;14;37;100;0,3;0,7;0;0,13;81,87;81,87;1,29;1,13
8;StudentAttendanceSystem;pair;1602;21;38;36;184;100;0,32;0,27;1,15;0,28;82,87;82,87;2,61;2,02
8;StudentAttendanceSystem;state;1603;21;40;9;50;100;0,34;0,43;0;0,09;83,87;83,87;0,98;0,86
8;StudentAttendanceSystem;transition;1603;21;40;13;40;100;0,32;0,74;0;0,16;84,87;84,87;1,4;1,21
8;StudentAttendanceSystem;pair;1603;21;40;35;199;100;0,31;0,18;1,17;0,29;85,87;85,87;2,56;1,95
8;StudentAttendanceSystem;state;1604;21;39;9;50;100;0,32;0,45;0;0,09;85,87;86,87;0,99;0,87
8;StudentAttendanceSystem;transition;1604;21;39;12;39;100;0,32;0,72;0;0,11;86,87;86,87;1,3;1,15
8;StudentAttendanceSystem;pair;1604;21;39;34;191;100;0,28;0,16;1,04;0,25;87,87;87,87;2,75;1,73
8;StudentAttendanceSystem;state;1605;21;39;9;50;100;0,41;0,45;0;0,09;88,87;88,87;1,07;0,95
8;StudentAttendanceSystem;transition;1605;21;39;12;39;100;0,32;0,72;0;0,14;89,87;89,87;1,34;1,18
8;StudentAttendanceSystem;pair;1605;21;39;33;187;100;0,34;0,17;1,07;0,28;90,87;90,87;2,49;1,86
8;StudentAttendanceSystem;state;1606;18;35;8;38;100;0,3;0,35;0;0,06;90,87;90,87;0,83;0,71
8;StudentAttendanceSystem;transition;1606;18;35;13;35;100;0,28;0,64;0;0,11;91,87;91,87;1,22;1,03
8;StudentAttendanceSystem;pair;1606;18;35;30;163;100;0,28;0,16;0,96;0,25;92,87;92,87;2,21;1,65
8;StudentAttendanceSystem;state;1607;19;30;7;35;100;0,34;0,31;0;0,06;93,87;93,87;0,84;0,72
8;StudentAttendanceSystem;transition;1607;19;30;11;29;100;0,25;0,61;0;0,11;93,87;93,87;1,12;0,97
8;StudentAttendanceSystem;pair;1607;19;30;23;108;100;0,26;0,11;0,59;0,16;94,87;94,87;1,61;1,13
8;StudentAttendanceSystem;state;1608;25;46;10;53;100;0,35;0,49;0;0,1;95,87;95,87;1,07;0,94
8;StudentAttendanceSystem;transition;1608;25;46;16;45;100;0,33;0,86;0;0,16;95,87;95,87;1,51;1,35
8;StudentAttendanceSystem;pair;1608;25;46;45;243;100;0,36;0,24;1,55;0,37;97,87;97,87;3,21;2,53
8;StudentAttendanceSystem;state;1609;25;47;10;51;100;0,38;0,43;0;0,12;97,87;98,87;1,05;0,92
8;StudentAttendanceSystem;transition;1609;25;47;18;46;100;0,4;0,89;0;0,18;98,87;98,87;1,65;1,48
8;StudentAttendanceSystem;pair;1609;25;47;40;216;100;0,37;0,21;1,38;0,36;99,87;100,87;3,09;2,32
8;StudentAttendanceSystem;state;1610;19;35;8;38;100;0,33;0,34;0;0,07;100,87;100,87;0,86;0,74
8;StudentAttendanceSystem;transition;1610;19;35;14;35;100;0,29;0,67;0;0,13;101,87;101,87;1,25;1,09
8;StudentAttendanceSystem;pair;1610;19;35;29;148;100;0,32;0,15;1,05;0,22;102,87;102,87;2,3;1,74
8;StudentAttendanceSystem;state;1611;30;60;13;73;100;0,43;0,57;0;0,2;103,87;103,87;1,35;1,21
8;StudentAttendanceSystem;transition;1611;30;60;20;59;100;0,42;1,17;0;0,24;103,87;104,87;2,04;1,83
8;StudentAttendanceSystem;pair;1611;30;60;52;304;100;0,42;0,32;2,26;0,52;105,87;106,87;4,42;3,52
8;StudentAttendanceSystem;state;1612;21;40;9;44;100;0,34;0,39;0;0,08;106,87;106,87;0,97;0,81
8;StudentAttendanceSystem;transition;1612;21;40;15;39;100;0,31;0,74;0;0,15;107,87;107,87;1,37;1,21
8;StudentAttendanceSystem;pair;1612;21;40;34;186;100;0,31;0,18;1,29;0,31;108,87;108,87;2,7;2,09
8;StudentAttendanceSystem;state;1613;23;44;10;50;100;0,36;0,43;0;0,09;109,87;109,87;1,01;0,88
8;StudentAttendanceSystem;transition;1613;23;44;16;44;100;0,37;0,78;0;0,19;109,87;109,87;1,52;1,34
8;StudentAttendanceSystem;pair;1613;23;44;42;225;100;0,33;0,2;1,39;0,34;110,87;111,87;2,95;2,26
8;StudentAttendanceSystem;state;1614;22;43;8;43;100;0,41;0,41;0;0,09;111,87;111,87;1,05;0,91
8;StudentAttendanceSystem;transition;1614;22;43;15;43;100;0,59;0,83;0;0,19;112,87;112,87;1,79;1,61
8;StudentAttendanceSystem;pair;1614;22;43;38;220;100;0,34;0,22;1,36;0,34;113,87;113,87;2,92;2,26
8;StudentAttendanceSystem;state;1615;29;57;12;67;100;0,43;0,59;0;0,14;114,87;114,87;1,29;1,16
8;StudentAttendanceSystem;transition;1615;29;57;20;56;100;0,46;1,07;0;0,2;115,87;115,87;1,93;1,73
8;StudentAttendanceSystem;pair;1615;29;57;52;296;100;0,39;0,3;2,33;0,49;116,87;117,87;4,4;3,51
8;StudentAttendanceSystem;state;1616;17;32;7;35;100;0,3;0,33;0;0,06;117,87;117,87;0,82;0,69
8;StudentAttendanceSystem;transition;1616;17;32;11;32;100;0,27;0,57;0;0,1;118,87;118,87;1,1;0,94
8;StudentAttendanceSystem;pair;1616;17;32;29;157;100;0,32;0,15;0,88;0,24;119,87;119,87;2,11;1,58
8;StudentAttendanceSystem;state;1617;20;34;7;36;100;0,33;0,35;0;0,09;119,87;120,87;0,88;0,76
8;StudentAttendanceSystem;transition;1617;20;34;11;33;100;0,28;0,64;0;0,11;120,87;120,87;1,18;1,03
8;StudentAttendanceSystem;pair;1617;20;34;32;168;100;0,28;0,14;1,04;0,25;121,87;121,87;2,27;1,71
8;StudentAttendanceSystem;state;1618;22;38;8;42;100;0,33;0,37;0;0,08;122,87;122,87;0,9;0,78
8;StudentAttendanceSystem;transition;1618;22;38;14;37;100;0,31;0,77;0;0,14;122,87;122,87;1,38;1,22
8;StudentAttendanceSystem;pair;1618;22;38;33;168;100;0,36;0,16;1,02;0,25;123,87;124,87;2,38;1,8
8;StudentAttendanceSystem;state;1619;20;35;8;39;100;0,29;0,34;0;0,08;124,87;124,87;0,84;0,72
8;StudentAttendanceSystem;transition;1619;20;35;13;34;100;0,31;0,65;0;0,12;125,87;125,87;1,25;1,08
8;StudentAttendanceSystem;pair;1619;20;35;28;145;100;0,29;0,15;0,94;0,22;126,87;126,87;2,14;1,6
8;StudentAttendanceSystem;state;1620;25;44;10;55;100;0,43;0,45;0;0,11;126,87;126,87;1,12;0,99
8;StudentAttendanceSystem;transition;1620;25;44;15;43;100;0,37;0,85;0;0,16;127,87;127,87;1,55;1,39
8;StudentAttendanceSystem;pair;1620;25;44;35;187;100;0,39;0,2;1,28;0,31;128,87;129,87;2,85;2,18
8;StudentAttendanceSystem;state;1621;24;45;9;48;100;0,36;0,43;0;0,11;129,87;129,87;1,03;0,9
8;StudentAttendanceSystem;transition;1621;24;45;16;44;100;0,34;1;0;0,2;130,87;130,87;1,71;1,54
8;StudentAttendanceSystem;pair;1621;24;45;45;245;100;0,39;0,21;1,57;0,34;131,87;131,87;3,27;2,51
8;StudentAttendanceSystem;state;1622;19;34;7;36;100;0,31;0,34;0;0,1;132,87;132,87;0,88;0,76
8;StudentAttendanceSystem;transition;1622;19;34;13;34;100;0,3;0,65;0;0,13;132,87;132,87;1,23;1,08
8;StudentAttendanceSystem;pair;1622;19;34;31;155;100;0,29;0,17;0,88;0,21;133,87;134,87;2,15;1,55
8;StudentAttendanceSystem;state;1623;21;36;8;41;100;0,3;0,37;0;0,08;134,87;134,87;0,89;0,76
8;StudentAttendanceSystem;transition;1623;21;36;13;35;100;0,28;0,77;0;0,13;135,87;135,87;1,35;1,17
8;StudentAttendanceSystem;pair;1623;21;36;28;148;100;0,3;0,16;0,88;0,23;136,87;136,87;2,13;1,56
8;StudentAttendanceSystem;state;1624;20;39;8;43;100;0,34;0,38;0;0,1;136,87;136,87;1;0,82
8;StudentAttendanceSystem;transition;1624;20;39;13;39;100;0,34;0,71;0;0,15;137,87;137,87;1,37;1,21
8;StudentAttendanceSystem;pair;1624;20;39;37;215;100;0,37;0,2;1,29;0,3;138,87;138,87;2,83;2,16
8;StudentAttendanceSystem;state;1625;24;43;9;48;100;0,38;0,42;0;0,09;139,87;139,87;1,02;0,89
8;StudentAttendanceSystem;transition;1625;24;43;15;42;100;0,33;0,91;0;0,26;140,87;140,87;1,69;1,51
8;StudentAttendanceSystem;pair;1625;24;43;36;200;100;0,35;0,21;1,33;0,33;141,87;141,87;2,95;2,22
8;StudentAttendanceSystem;state;1626;26;51;10;54;100;0,47;0,5;0;0,11;142,87;142,87;1,22;1,08
8;StudentAttendanceSystem;transition;1626;26;51;19;50;100;0,4;1,04;0;0,22;142,87;142,87;1,83;1,65
8;StudentAttendanceSystem;pair;1626;26;51;49;273;100;0,37;0,24;1,97;0,44;144,87;144,87;3,91;3,02
8;StudentAttendanceSystem;state;1627;25;44;10;55;100;0,39;0,47;0;0,1;145,87;145,87;1,1;0,96
8;StudentAttendanceSystem;transition;1627;25;44;15;43;100;0,35;1,03;0;0,18;145,87;146,87;1,75;1,57
8;StudentAttendanceSystem;pair;1627;25;44;36;191;100;0,35;0,22;1,28;0,28;147,87;147,87;2,9;2,13
8;StudentAttendanceSystem;state;1628;27;56;12;67;100;0,43;0,53;0;0,18;147,87;148,87;1,28;1,14
8;StudentAttendanceSystem;transition;1628;27;56;18;56;100;0,4;1,05;0;0,21;148,87;148,87;1,86;1,66
8;StudentAttendanceSystem;pair;1628;27;56;54;310;100;0,41;0,31;2,42;0,53;150,87;150,87;4,57;3,67
8;StudentAttendanceSystem;state;1629;18;34;7;37;100;0,34;0,42;0;0,07;151,87;151,87;0,96;0,82
8;StudentAttendanceSystem;transition;1629;18;34;11;34;100;0,29;0,65;0;0,11;151,87;151,87;1,21;1,06
8;StudentAttendanceSystem;pair;1629;18;34;35;189;100;0,31;0,16;1,06;0,31;152,87;153,87;2,48;1,84
8;StudentAttendanceSystem;state;1630;19;31;7;37;100;0,31;0,38;0;0,07;153,87;153,87;0,88;0,76
8;StudentAttendanceSystem;transition;1630;19;31;10;30;100;0,28;0,62;0;0,11;154,87;154,87;1,15;1,01
8;StudentAttendanceSystem;pair;1630;19;31;23;127;100;0,28;0,17;0,7;0,19;154,87;155,87;1,86;1,33
8;StudentAttendanceSystem;state;1631;19;33;7;37;100;0,29;0,34;0;0,07;155,87;155,87;0,81;0,69
8;StudentAttendanceSystem;transition;1631;19;33;11;33;100;0,27;0,61;0;0,1;156,87;156,87;1,13;0,99
8;StudentAttendanceSystem;pair;1631;19;33;31;159;100;0,29;0,14;0,88;0,24;157,87;157,87;2,07;1,55
8;StudentAttendanceSystem;state;1632;22;44;10;51;100;0,35;0,41;0;0,1;157,87;157,87;0,98;0,85
8;StudentAttendanceSystem;transition;1632;22;44;16;44;100;0,31;0,75;0;0,15;158,87;158,87;1,38;1,21
8;StudentAttendanceSystem;pair;1632;22;44;40;214;100;0,32;0,21;1,37;0,35;159,87;160,87;3,02;2,25
8;StudentAttendanceSystem;state;1633;22;41;9;46;100;0,32;0,36;0;0,09;160,87;160,87;0,94;0,77
8;StudentAttendanceSystem;transition;1633;22;41;15;40;100;0,27;0,79;0;0,13;161,87;161,87;1,34;1,19
8;StudentAttendanceSystem;pair;1633;22;41;36;202;100;0,32;0,13;0,9;0,26;162,87;162,87;2,12;1,61
8;StudentAttendanceSystem;state;1634;23;45;9;48;100;0,29;0,35;0;0,07;163,87;163,87;0,79;0,7
8;StudentAttendanceSystem;transition;1634;23;45;16;44;100;0,27;0,65;0;0,1;163,87;163,87;1,12;1,01
8;StudentAttendanceSystem;pair;1634;23;45;43;241;100;0,22;0,13;0,9;0,2;165,87;165,87;1,85;1,46
8;StudentAttendanceSystem;state;1635;21;36;9;46;100;0,2;0,22;0;0,04;165,87;165,87;0,53;0,46
8;StudentAttendanceSystem;transition;1635;21;36;12;35;100;0,24;0,4;0;0,07;166,87;166,87;0,8;0,71
8;StudentAttendanceSystem;pair;1635;21;36;30;161;100;0,18;0,11;0,55;0,13;167,87;167,87;1,29;0,97
8;StudentAttendanceSystem;state;1636;23;46;10;56;100;0,22;0,27;0;0,05;168,87;168,87;0,61;0,54
8;StudentAttendanceSystem;transition;1636;23;46;15;46;100;0,2;0,6;0;0,14;168,87;169,87;1,06;0,94
8;StudentAttendanceSystem;pair;1636;23;46;42;246;100;0,21;0,15;0,96;0,31;170,87;170,87;2,13;1,62
8;StudentAttendanceSystem;state;1637;27;50;11;61;100;0,32;0,44;0;0,1;171,87;171,87;0,97;0,86
8;StudentAttendanceSystem;transition;1637;27;50;17;49;100;0,39;0,76;0;0,17;171,87;172,87;1,46;1,31
8;StudentAttendanceSystem;pair;1637;27;50;41;229;100;0,35;0,21;1,12;0,36;173,87;173,87;2,65;2,04
8;StudentAttendanceSystem;state;1638;26;48;10;56;100;0,24;0,29;0;0,06;174,87;174,87;0,66;0,58
8;StudentAttendanceSystem;transition;1638;26;48;16;47;100;0,25;0,76;0;0,15;174,87;174,87;1,28;1,16
8;StudentAttendanceSystem;pair;1638;26;48;39;221;100;0,33;0,16;0,97;0,19;176,87;176,87;2,16;1,65
8;StudentAttendanceSystem;state;1639;23;41;9;49;100;0,2;0,23;0;0,05;176,87;176,87;0,55;0,48
8;StudentAttendanceSystem;transition;1639;23;41;14;40;100;0,22;0,6;0;0,12;177,87;177,87;1,07;0,95
8;StudentAttendanceSystem;pair;1639;23;41;33;187;100;0,3;0,13;0,87;0,19;178,87;178,87;1,96;1,48
8;StudentAttendanceSystem;state;1640;20;36;8;40;100;0,33;0,32;0;0,06;179,87;179,87;0,81;0,71
8;StudentAttendanceSystem;transition;1640;20;36;13;36;100;0,24;0,52;0;0,07;179,87;180,87;0,96;0,84
8;StudentAttendanceSystem;pair;1640;20;36;32;165;100;0,18;0,1;0,7;0,2;180,87;181,87;1,55;1,17
8;StudentAttendanceSystem;state;1641;24;43;9;48;100;0,32;0,37;0;0,07;181,87;181,87;0,86;0,76
8;StudentAttendanceSystem;transition;1641;24;43;15;42;100;0,28;0,66;0;0,14;182,87;182,87;1,21;1,08
8;StudentAttendanceSystem;pair;1641;24;43;36;200;100;0,32;0,18;0,93;0,26;183,87;183,87;2,31;1,69
8;StudentAttendanceSystem;state;1642;20;37;8;43;100;0,28;0,33;0;0,07;184,87;184,87;0,8;0,68
8;StudentAttendanceSystem;transition;1642;20;37;13;37;100;0,25;0,57;0;1,68;184,87;185,88;2,64;2,5
8;StudentAttendanceSystem;pair;1642;20;37;32;178;100;0,27;0,12;0,78;0,27;5,88;6,88;1,96;1,44
8;StudentAttendanceSystem;state;1643;28;53;12;64;100;0,35;0,45;0;0,1;6,88;6,88;1,01;0,9
8;StudentAttendanceSystem;transition;1643;28;53;19;52;100;0,31;0,78;0;0,18;7,88;7,88;1,4;1,27
8;StudentAttendanceSystem;pair;1643;28;53;43;239;100;0,32;0,23;1,26;0,32;8,88;9,88;2,83;2,13
8;StudentAttendanceSystem;state;1644;27;55;12;67;100;0,37;0,42;0;0,11;9,88;9,88;1,02;0,9
8;StudentAttendanceSystem;transition;1644;27;55;17;55;100;0,37;0,9;0;0,16;10,88;10,88;1,6;1,43
8;StudentAttendanceSystem;pair;1644;27;55;51;295;100;0,35;0,2;1,73;0,42;12,88;12,88;3,48;2,7
8;StudentAttendanceSystem;state;1645;18;32;8;40;100;0,29;0,34;0;0,06;13,88;13,88;0,81;0,69
8;StudentAttendanceSystem;transition;1645;18;32;11;32;100;0,26;0,52;0;0,09;13,88;13,88;1,03;0,88
8;StudentAttendanceSystem;pair;1645;18;32;30;155;100;0,24;0,14;0,69;0,2;14,88;14,88;1,83;1,28
8;StudentAttendanceSystem;state;1646;29;58;12;68;100;0,35;0,44;0;0,13;15,88;15,88;1,06;0,93
8;StudentAttendanceSystem;transition;1646;29;58;19;57;100;0,28;1,02;0;0,2;16,88;16,88;1,68;1,51
8;StudentAttendanceSystem;pair;1646;29;58;49;291;100;0,34;0,23;1,71;0,43;17,88;18,88;3,47;2,71
8;StudentAttendanceSystem;state;1647;22;38;9;50;100;0,33;0,33;0;0,08;18,88;18,88;0,85;0,74
8;StudentAttendanceSystem;transition;1647;22;38;12;37;100;0,28;0,61;0;0,14;19,88;19,88;1,19;1,03
8;StudentAttendanceSystem;pair;1647;22;38;30;164;100;0,29;0,16;0,79;0,21;20,88;20,88;1,99;1,46
8;StudentAttendanceSystem;state;1648;19;31;7;34;100;0,27;0,3;0;0,05;21,88;21,88;0,74;0,62
8;StudentAttendanceSystem;transition;1648;19;31;11;30;100;0,25;0,57;0;0,14;21,88;21,88;1,1;0,95
8;StudentAttendanceSystem;pair;1648;19;31;25;124;100;0,28;0,13;0,71;0,18;22,88;22,88;1,77;1,3
8;StudentAttendanceSystem;state;1649;21;37;8;43;100;0,31;0,4;0;0,07;23,88;23,88;0,88;0,78
8;StudentAttendanceSystem;transition;1649;21;37;12;36;100;0,3;0,76;0;0,13;23,88;23,88;1,34;1,19
8;StudentAttendanceSystem;pair;1649;21;37;30;171;100;0,32;0,16;0,93;0,25;24,88;24,88;2,23;1,66
8;StudentAttendanceSystem;state;1650;19;32;7;37;100;0,28;0,38;0;0,06;25,88;25,88;0,84;0,73
8;StudentAttendanceSystem;transition;1650;19;32;11;31;100;0,28;0,63;0;0,11;25,88;26,88;1,16;1,02
8;StudentAttendanceSystem;pair;1650;19;32;27;145;100;0,27;0,14;0,78;0,22;26,88;27,88;1,91;1,41
8;StudentAttendanceSystem;state;1651;25;45;10;55;100;0,41;0,45;0;0,09;27,88;27,88;1,07;0,95
8;StudentAttendanceSystem;transition;1651;25;45;15;44;100;0,3;0,93;0;0,16;28,88;28,88;1,56;1,39
8;StudentAttendanceSystem;pair;1651;25;45;41;221;100;0,35;0,2;1,42;0,33;29,88;29,88;2,99;2,3
8;StudentAttendanceSystem;state;1652;22;40;9;46;100;0,31;0,34;0;0,08;30,88;30,88;0,85;0,74
8;StudentAttendanceSystem;transition;1652;22;40;14;39;100;0,26;0,62;0;0,12;31,88;31,88;1,14;1
8;StudentAttendanceSystem;pair;1652;22;40;33;187;100;0,25;0,13;0,9;0,22;32,88;32,88;2,04;1,51
8;StudentAttendanceSystem;state;1653;24;47;11;62;100;0,31;0,39;0;0,11;32,88;32,88;0,93;0,81
8;StudentAttendanceSystem;transition;1653;24;47;14;47;100;0,38;0,72;0;0,15;33,88;33,88;1,41;1,25
8;StudentAttendanceSystem;pair;1653;24;47;44;256;100;0,34;0,16;1,25;0,37;34,88;35,88;2,78;2,14
8;StudentAttendanceSystem;state;1654;23;44;10;50;100;0,29;0,49;0;0,1;35,88;35,88;1,01;0,88
8;StudentAttendanceSystem;transition;1654;23;44;16;44;100;0,32;0,61;0;0,13;36,88;36,88;1,18;1,06
8;StudentAttendanceSystem;pair;1654;23;44;42;229;100;0,28;0,19;1,04;0,36;37,88;38,88;2,41;1,86
8;StudentAttendanceSystem;state;1655;27;52;12;68;100;0,32;0,41;0;0,12;38,88;38,88;0,95;0,85
8;StudentAttendanceSystem;transition;1655;27;52;16;51;100;0,36;0,83;0;0,16;39,88;39,88;1,5;1,34
8;StudentAttendanceSystem;pair;1655;27;52;48;280;100;0,34;0,18;1,28;0,35;40,88;41,88;2,76;2,16
8;StudentAttendanceSystem;state;1656;22;38;8;42;100;0,28;0,32;0;0,05;41,88;41,88;0,74;0,65
8;StudentAttendanceSystem;transition;1656;22;38;14;37;100;0,19;0,46;0;0,08;42,88;42,88;0,82;0,73
8;StudentAttendanceSystem;pair;1656;22;38;33;172;100;0,19;0,1;0,76;0,23;43,88;43,88;1,68;1,28
8;StudentAttendanceSystem;state;1657;22;42;9;45;100;0,28;0,31;0;0,05;44,88;44,88;0,73;0,64
8;StudentAttendanceSystem;transition;1657;22;42;15;42;100;0,19;0,57;0;0,1;44,88;44,88;0,99;0,87
8;StudentAttendanceSystem;pair;1657;22;42;42;226;100;0,22;0,13;1;0,3;45,88;46,88;2,12;1,64
8;StudentAttendanceSystem;state;1658;29;57;12;67;100;0,37;0,45;0;0,11;46,88;46,88;1,03;0,93
8;StudentAttendanceSystem;transition;1658;29;57;20;56;100;0,37;0,75;0;0,13;47,88;47,88;1,38;1,25
8;StudentAttendanceSystem;pair;1658;29;57;52;296;100;0,26;0,22;1,42;0,26;49,88;49,88;2,68;2,16
8;StudentAttendanceSystem;state;1659;18;28;6;31;100;0,24;0,25;0;0,04;50,88;50,88;0,62;0,53
8;StudentAttendanceSystem;transition;1659;18;28;9;27;100;0,2;0,49;0;0,1;50,88;50,88;0,91;0,79
8;StudentAttendanceSystem;pair;1659;18;28;26;125;100;0,18;0,07;0,45;0,1;51,88;51,88;1,09;0,8
8;StudentAttendanceSystem;state;1660;19;36;8;39;100;0,18;0,27;0;0,04;52,88;52,88;0,57;0,49
8;StudentAttendanceSystem;transition;1660;19;36;13;36;100;0,18;0,38;0;0,07;52,88;52,88;0,71;0,62
8;StudentAttendanceSystem;pair;1660;19;36;30;165;100;0,18;0,11;0,74;0,2;53,88;54,88;1,6;1,23
8;StudentAttendanceSystem;state;1661;24;42;10;56;100;0,2;0,24;0;0,1;54,88;54,88;0,61;0,54
8;StudentAttendanceSystem;transition;1661;24;42;14;41;100;0,28;0,59;0;0,09;55,88;55,88;1,06;0,96
8;StudentAttendanceSystem;pair;1661;24;42;32;174;100;0,19;0,11;0,68;0,15;56,88;56,88;1,51;1,14
8;StudentAttendanceSystem;state;1662;19;33;7;36;100;0,21;0,22;0;0,04;56,88;56,88;0,53;0,46
8;StudentAttendanceSystem;transition;1662;19;33;12;32;100;0,17;0,57;0;0,07;57,88;57,88;0,93;0,81
8;StudentAttendanceSystem;pair;1662;19;33;29;147;100;0,17;0,1;0,5;0,12;58,88;58,88;1,2;0,89
8;StudentAttendanceSystem;state;1663;22;42;8;43;100;0,2;0,25;0;0,04;59,88;59,88;0,56;0,49
8;StudentAttendanceSystem;transition;1663;22;42;14;42;100;0,19;0,47;0;0,09;59,88;59,88;0,84;0,74
8;StudentAttendanceSystem;pair;1663;22;42;36;210;100;0,21;0,12;0,73;0,17;60,88;61,88;1,62;1,23
8;StudentAttendanceSystem;state;1664;22;42;10;56;100;0,27;0,32;0;0,06;61,88;61,88;0,72;0,64
8;StudentAttendanceSystem;transition;1664;22;42;13;42;100;0,21;0,45;0;0,09;62,88;62,88;0,85;0,75
8;StudentAttendanceSystem;pair;1664;22;42;40;224;100;0,21;0,14;0,96;0,18;63,88;63,88;1,92;1,48
8;StudentAttendanceSystem;state;1665;22;43;8;43;100;0,22;0,3;0;0,08;64,88;64,88;0,73;0,61
8;StudentAttendanceSystem;transition;1665;22;43;15;43;100;0,25;0,49;0;0,1;65,88;65,88;0,96;0,84
8;StudentAttendanceSystem;pair;1665;22;43;39;221;100;0,23;0,13;0,78;0,18;66,88;66,88;1,72;1,33
8;StudentAttendanceSystem;state;1666;27;53;11;60;100;0,37;0,31;0;0,07;67,88;67,88;0,85;0,74
8;StudentAttendanceSystem;transition;1666;27;53;17;52;100;0,22;0,61;0;0,12;67,88;68,88;1,06;0,95
8;StudentAttendanceSystem;pair;1666;27;53;52;296;100;0,28;0,24;1,5;0,39;69,88;69,88;3,14;2,42
8;StudentAttendanceSystem;state;1667;22;43;8;43;100;0,24;0,24;0;0,04;70,88;70,88;0,61;0,53
8;StudentAttendanceSystem;transition;1667;22;43;15;43;100;0,25;0,62;0;0,13;71,88;71,88;1,13;0,99
8;StudentAttendanceSystem;pair;1667;22;43;39;225;100;0,28;0,16;0,81;0,19;72,88;72,88;1,92;1,43
8;StudentAttendanceSystem;state;1668;24;44;9;48;100;0,21;0,28;0;0,05;73,88;73,88;0,62;0,54
8;StudentAttendanceSystem;transition;1668;24;44;16;43;100;0,27;0,65;0;0,14;73,88;73,88;1,19;1,06
8;StudentAttendanceSystem;pair;1668;24;44;39;215;100;0,31;0,13;0,78;0,19;75,88;75,88;1,85;1,41
8;StudentAttendanceSystem;state;1669;22;38;9;46;100;0,19;0,23;0;0,04;75,88;75,88;0,56;0,46
8;StudentAttendanceSystem;transition;1669;22;38;14;37;100;0,18;0,43;0;0,13;76,88;76,88;0,84;0,74
8;StudentAttendanceSystem;pair;1669;22;38;27;146;100;0,19;0,14;0,67;0,18;77,88;77,88;1,58;1,18
8;StudentAttendanceSystem;state;1670;21;38;8;42;100;0,2;0,24;0;0,04;78,88;78,88;0,55;0,47
8;StudentAttendanceSystem;transition;1670;21;38;13;38;100;0,18;0,41;0;0,07;78,88;78,88;0,75;0,67
8;StudentAttendanceSystem;pair;1670;21;38;32;176;100;0,19;0,11;0,74;0,2;79,88;80,88;1,62;1,24
8;StudentAttendanceSystem;state;1671;19;38;8;41;100;0,19;0,22;0;0,05;80,88;80,88;0,53;0,45
8;StudentAttendanceSystem;transition;1671;19;38;13;38;100;0,18;0,61;0;0,08;81,88;81,88;1,01;0,88
8;StudentAttendanceSystem;pair;1671;19;38;36;204;100;0,19;0,11;0,7;0,19;82,88;82,88;1,56;1,19
8;StudentAttendanceSystem;state;1672;24;44;9;48;100;0,21;0,35;0;0,08;82,88;83,88;0,73;0,64
8;StudentAttendanceSystem;transition;1672;24;44;15;43;100;0,27;0,66;0;0,13;83,88;83,88;1,18;1,06
8;StudentAttendanceSystem;pair;1672;24;44;42;230;100;0,28;0,14;1,02;0,19;84,88;85,88;2,15;1,64
8;StudentAttendanceSystem;state;1673;25;44;10;55;100;0,22;0,29;0;0,06;85,88;85,88;0,64;0,57
8;StudentAttendanceSystem;transition;1673;25;44;14;43;100;0,22;0,5;0;0,09;86,88;86,88;0,89;0,8
8;StudentAttendanceSystem;pair;1673;25;44;38;206;100;0,23;0,13;0,84;0,17;87,88;87,88;1,82;1,37
8;StudentAttendanceSystem;state;1674;19;36;7;36;100;0,19;0,21;0;0,04;88,88;88,88;0,49;0,43
8;StudentAttendanceSystem;transition;1674;19;36;12;36;100;0,19;0,38;0;0,06;89,88;89,88;0,72;0,64
8;StudentAttendanceSystem;pair;1674;19;36;38;202;100;0,18;0,15;0,73;0,16;90,88;90,88;1,55;1,21
8;StudentAttendanceSystem;state;1675;20;34;7;36;100;0,27;0,2;0;0,03;90,88;90,88;0,58;0,51
8;StudentAttendanceSystem;transition;1675;20;34;11;33;100;0,17;0,57;0;0,07;91,88;91,88;0,93;0,81
8;StudentAttendanceSystem;pair;1675;20;34;32;168;100;0,18;0,09;0,6;0,14;92,88;92,88;1,33;1
8;StudentAttendanceSystem;state;1676;28;58;13;72;100;0,25;0,46;0;0,12;93,88;93,88;0,94;0,83
8;StudentAttendanceSystem;transition;1676;28;58;19;58;100;0,32;0,84;0;0,12;94,88;94,88;1,41;1,29
8;StudentAttendanceSystem;pair;1676;28;58;57;323;100;0,28;0,19;1,72;0,45;95,88;96,88;3,27;2,64
8;StudentAttendanceSystem;state;1677;24;48;11;59;100;0,33;0,3;0;0,06;96,88;96,88;0,78;0,69
8;StudentAttendanceSystem;transition;1677;24;48;16;48;100;0,21;0,63;0;0,1;97,88;97,88;1,04;0,94
8;StudentAttendanceSystem;pair;1677;24;48;42;244;100;0,22;0,18;0,96;0,21;98,88;99,88;2;1,56
8;StudentAttendanceSystem;state;1678;21;42;8;42;100;0,2;0,24;0;0,04;99,88;99,88;0,54;0,48
8;StudentAttendanceSystem;transition;1678;21;42;14;42;100;0,19;0,44;0;0,08;100,88;100,88;0,79;0,71
8;StudentAttendanceSystem;pair;1678;21;42;45;249;100;0,19;0,13;0,97;0,2;101,88;101,88;1,88;1,49
8;StudentAttendanceSystem;state;1679;24;44;9;49;100;0,22;0,25;0;0,05;102,88;102,88;0,58;0,51
8;StudentAttendanceSystem;transition;1679;24;44;15;43;100;0,21;0,89;0;0,17;102,88;103,88;1,43;1,27
8;StudentAttendanceSystem;pair;1679;24;44;41;228;100;0,32;0,15;1,01;0,19;104,88;104,88;2,18;1,68
8;StudentAttendanceSystem;state;1680;20;35;7;36;100;0,2;0,27;0;0,05;104,88;105,88;0,61;0,51
8;StudentAttendanceSystem;transition;1680;20;35;12;34;100;0,2;0,46;0;0,1;105,88;105,88;0,86;0,75
8;StudentAttendanceSystem;pair;1680;20;35;34;176;100;0,26;0,11;0,77;0,22;106,88;106,88;1,82;1,36
8;StudentAttendanceSystem;state;1681;19;35;7;36;100;0,25;0,28;0;0,05;107,88;107,88;0,65;0,57
8;StudentAttendanceSystem;transition;1681;19;35;11;35;100;0,24;0,5;0;0,09;107,88;107,88;0,95;0,83
8;StudentAttendanceSystem;pair;1681;19;35;35;191;100;0,29;0,12;0,79;0,23;108,88;109,88;1,91;1,42
8;StudentAttendanceSystem;state;1682;24;48;11;59;100;0,32;0,29;0;0,06;109,88;109,88;0,75;0,67
8;StudentAttendanceSystem;transition;1682;24;48;16;48;100;0,21;0,66;0;0,14;110,88;110,88;1,17;1,01
8;StudentAttendanceSystem;pair;1682;24;48;42;244;100;0,22;0,16;0,96;0,29;111,88;112,88;2,05;1,62
8;StudentAttendanceSystem;state;1683;23;41;9;48;100;0,2;0,24;0;0,07;112,88;112,88;0,6;0,51
8;StudentAttendanceSystem;transition;1683;23;41;13;40;100;0,19;0,49;0;0,11;113,88;113,88;0,93;0,8
8;StudentAttendanceSystem;pair;1683;23;41;37;197;100;0,21;0,12;0,72;0,24;114,88;114,88;1,72;1,3
8;StudentAttendanceSystem;state;1684;27;54;12;63;100;0,24;0,31;0;0,06;115,88;115,88;0,69;0,61
8;StudentAttendanceSystem;transition;1684;27;54;19;53;100;0,28;0,86;0;0,2;116,88;116,88;1,5;1,33
8;StudentAttendanceSystem;pair;1684;27;54;48;274;100;0,31;0,19;1,16;0,24;117,88;117,88;2,47;1,89
8;StudentAttendanceSystem;state;1685;20;37;8;39;100;0,25;0,21;0;0,04;118,88;118,88;0,57;0,5
8;StudentAttendanceSystem;transition;1685;20;37;15;37;100;0,18;0,46;0;0,08;119,88;119,88;0,84;0,73
8;StudentAttendanceSystem;pair;1685;20;37;33;165;100;0,19;0,11;0,62;0,22;120,88;120,88;1,56;1,14
8;StudentAttendanceSystem;state;1686;16;27;6;30;100;0,23;0,31;0;0,04;120,88;120,88;0,69;0,58
8;StudentAttendanceSystem;transition;1686;16;27;9;27;100;0,15;0,36;0;0,07;121,88;121,88;0,68;0,58
8;StudentAttendanceSystem;pair;1686;16;27;22;112;100;0,23;0,11;0,48;0,14;121,88;122,88;1,4;0,97
8;StudentAttendanceSystem;state;1687;23;41;9;45;100;0,3;0,33;0;0,07;122,88;122,88;0,81;0,7
8;StudentAttendanceSystem;transition;1687;23;41;16;40;100;0,3;0,7;0;0,14;123,88;123,88;1,3;1,15
8;StudentAttendanceSystem;pair;1687;23;41;34;177;100;0,28;0,15;0,99;0,2;124,88;124,88;2,15;1,62
8;StudentAttendanceSystem;state;1688;18;30;7;37;100;0,3;0,19;0;0,05;124,88;125,88;0,62;0,54
8;StudentAttendanceSystem;transition;1688;18;30;10;30;100;0,22;0,45;0;0,08;125,88;125,88;0,86;0,74
8;StudentAttendanceSystem;pair;1688;18;30;22;116;100;0,22;0,1;0,48;0,15;126,88;126,88;1,35;0,95
8;StudentAttendanceSystem;state;1689;27;53;12;68;100;0,32;0,44;0;0,12;127,88;127,88;1;0,89
8;StudentAttendanceSystem;transition;1689;27;53;17;52;100;0,31;0,81;0;0,18;127,88;128,88;1,44;1,3
8;StudentAttendanceSystem;pair;1689;27;53;51;295;100;0,28;0,17;1,35;0,53;129,88;129,88;2,97;2,33
8;StudentAttendanceSystem;state;1690;20;34;8;43;100;0,38;0,41;0;0,08;130,88;130,88;0,99;0,87
8;StudentAttendanceSystem;transition;1690;20;34;11;33;100;0,32;0,77;0;0,15;130,88;130,88;1,41;1,23
8;StudentAttendanceSystem;pair;1690;20;34;30;164;100;0,36;0,12;0,7;0,22;131,88;132,88;1,93;1,4
8;StudentAttendanceSystem;state;1691;26;53;11;61;100;0,24;0,3;0;0,07;132,88;132,88;0,68;0,61
8;StudentAttendanceSystem;transition;1691;26;53;19;53;100;0,31;0,81;0;0,13;133,88;133,88;1,39;1,25
8;StudentAttendanceSystem;pair;1691;26;53;51;283;100;0,23;0,18;1,19;0,27;134,88;135,88;2,34;1,87
8;StudentAttendanceSystem;state;1692;24;45;10;54;100;0,22;0,33;0;0,08;135,88;135,88;0,72;0,63
8;StudentAttendanceSystem;transition;1692;24;45;15;44;100;0,22;0,5;0;0,09;136,88;136,88;0,91;0,81
8;StudentAttendanceSystem;pair;1692;24;45;38;212;100;0,2;0,13;0,83;0,19;137,88;138,88;1,77;1,35
8;StudentAttendanceSystem;state;1693;22;40;8;42;100;0,27;0,37;0;0,05;138,88;138,88;0,78;0,69
8;StudentAttendanceSystem;transition;1693;22;40;13;39;100;0,18;0,45;0;0,08;139,88;139,88;0,8;0,72
8;StudentAttendanceSystem;pair;1693;22;40;39;215;100;0,18;0,15;1,26;0,19;140,88;140,88;2,19;1,78
8;StudentAttendanceSystem;state;1694;14;22;5;23;100;0,23;0,18;0;0,05;140,88;141,88;0,55;0,46
8;StudentAttendanceSystem;transition;1694;14;22;7;22;100;0,13;0,33;0;0,06;141,88;141,88;0,63;0,51
8;StudentAttendanceSystem;pair;1694;14;22;22;99;100;0,26;0,09;0,46;0,13;142,88;142,88;1,38;0,94
8;StudentAttendanceSystem;state;1695;20;35;7;37;100;0,27;0,33;0;0,06;142,88;142,88;0,75;0,65
8;StudentAttendanceSystem;transition;1695;20;35;12;34;100;0,31;0,63;0;0,09;143,88;143,88;1,17;1,03
8;StudentAttendanceSystem;pair;1695;20;35;35;179;100;0,27;0,11;0,81;0,35;144,88;144,88;2,06;1,54
8;StudentAttendanceSystem;state;1696;25;46;11;62;100;0,39;0,42;0;0,09;145,88;145,88;1;0,89
8;StudentAttendanceSystem;transition;1696;25;46;14;45;100;0,32;0,76;0;0,14;145,88;145,88;1,35;1,21
8;StudentAttendanceSystem;pair;1696;25;46;41;233;100;0,31;0,18;1,17;0,2;147,88;147,88;2,34;1,86
8;StudentAttendanceSystem;state;1697;19;35;8;40;100;0,27;0,3;0;0,06;147,88;147,88;0,74;0,63
8;StudentAttendanceSystem;transition;1697;19;35;12;35;100;0,27;0,53;0;0,1;148,88;148,88;1,09;0,91
8;StudentAttendanceSystem;pair;1697;19;35;30;165;100;0,27;0,11;0,71;0,13;149,88;149,88;1,65;1,23
8;StudentAttendanceSystem;state;1698;26;51;11;61;100;0,31;0,39;0;0,09;150,88;150,88;0,89;0,8
8;StudentAttendanceSystem;transition;1698;26;51;17;51;100;0,35;0,73;0;0,16;150,88;151,88;1,4;1,25
8;StudentAttendanceSystem;pair;1698;26;51;45;257;100;0,38;0,19;1,26;0,32;152,88;152,88;2,77;2,15
8;StudentAttendanceSystem;state;1699;26;53;11;62;100;0,33;0,49;0;0,1;153,88;153,88;1,06;0,92
8;StudentAttendanceSystem;transition;1699;26;53;17;53;100;0,41;0,8;0;0,16;154,88;154,88;1,52;1,37
8;StudentAttendanceSystem;pair;1699;26;53;45;263;100;0,3;0,26;1,51;0,41;155,88;155,88;3,18;2,48
8;StudentAttendanceSystem;state;1700;26;51;10;52;100;0,36;0,48;0;0,1;156,88;156,88;1,06;0,94
8;StudentAttendanceSystem;transition;1700;26;51;19;50;100;0,33;1,03;0;0,19;157,88;157,88;1,73;1,55
8;StudentAttendanceSystem;pair;1700;26;51;44;249;100;0,42;0,19;1,36;0,31;158,88;159,88;2,91;2,29
8;StudentAttendanceSystem;state;1701;19;35;8;43;100;0,28;0,3;0;0,06;159,88;159,88;0,73;0,63
8;StudentAttendanceSystem;transition;1701;19;35;11;35;100;0,23;0,79;0;0,09;160,88;160,88;1,25;1,11
8;StudentAttendanceSystem;pair;1701;19;35;34;176;100;0,27;0,12;0,83;0,44;161,88;161,88;2,18;1,66
8;StudentAttendanceSystem;state;1702;24;44;10;56;100;0,31;0,39;0;0,07;161,88;161,88;0,87;0,77
8;StudentAttendanceSystem;transition;1702;24;44;14;43;100;0,22;0,55;0;0,14;162,88;162,88;1,05;0,91
8;StudentAttendanceSystem;pair;1702;24;44;37;211;100;0,33;0,13;0,95;0,29;163,88;163,88;2,17;1,71
8;StudentAttendanceSystem;state;1703;22;43;9;45;100;0,28;0,32;0;0,06;164,88;164,88;0,77;0,66
8;StudentAttendanceSystem;transition;1703;22;43;17;43;100;0,26;0,73;0;0,13;165,88;165,88;1,25;1,12
8;StudentAttendanceSystem;pair;1703;22;43;39;207;100;0,29;0,15;0,94;0,25;166,88;166,88;2,16;1,63
8;StudentAttendanceSystem;state;1704;24;49;10;54;100;0,33;0,44;0;0,07;167,88;167,88;0,92;0,83
8;StudentAttendanceSystem;transition;1704;24;49;16;49;100;0,22;0,54;0;0,1;167,88;168,88;0,97;0,86
8;StudentAttendanceSystem;pair;1704;24;49;51;283;100;0,21;0,16;1,3;0,38;169,88;169,88;2,54;2,06
8;StudentAttendanceSystem;state;1705;18;32;7;37;100;0,27;0,23;0;0,04;170,88;170,88;0,61;0,53
8;StudentAttendanceSystem;transition;1705;18;32;10;32;100;0,17;0,36;0;0,06;170,88;170,88;0,66;0,58
8;StudentAttendanceSystem;pair;1705;18;32;27;153;100;0,18;0,09;0,48;0,2;171,88;171,88;1,29;0,95
8;StudentAttendanceSystem;state;1706;26;53;11;61;100;0,44;0,48;0;0,09;172,88;172,88;1,17;1,01
8;StudentAttendanceSystem;transition;1706;26;53;19;53;100;0,23;0,65;0;0,12;173,88;173,88;1,15;1
8;StudentAttendanceSystem;pair;1706;26;53;51;283;100;0,24;0,17;1,39;0,35;174,88;175,88;2,71;2,15
8;StudentAttendanceSystem;state;1707;24;44;9;49;100;0,31;0,34;0;0,07;175,88;175,88;0,83;0,72
8;StudentAttendanceSystem;transition;1707;24;44;15;43;100;0,29;0,7;0;0,13;176,88;176,88;1,26;1,12
8;StudentAttendanceSystem;pair;1707;24;44;42;230;100;0,35;0,16;1,2;0,28;177,88;177,88;2,56;1,99
8;StudentAttendanceSystem;state;1708;18;35;8;38;100;0,26;0,29;0;0,06;178,88;178,88;0,71;0,61
8;StudentAttendanceSystem;transition;1708;18;35;13;35;100;0,28;0,52;0;0,1;178,88;178,88;1,03;0,9
8;StudentAttendanceSystem;pair;1708;18;35;32;169;100;0,24;0,11;0,78;0,22;179,88;180,88;1,8;1,35
8;StudentAttendanceSystem;state;1709;18;33;7;36;100;0,25;0,28;0;0,08;180,88;180,88;0,72;0,61
8;StudentAttendanceSystem;transition;1709;18;33;11;33;100;0,28;0,48;0;0,08;181,88;181,88;0,96;0,84
8;StudentAttendanceSystem;pair;1709;18;33;29;159;100;0,23;0,1;0,71;0,19;182,88;182,88;1,71;1,23
8;StudentAttendanceSystem;state;1710;20;32;7;36;100;0,24;0,33;0;0,05;182,88;182,88;0,75;0,63
8;StudentAttendanceSystem;transition;1710;20;32;12;31;100;0,25;0,58;0;0,07;183,88;183,88;1;0,9
8;StudentAttendanceSystem;pair;1710;20;32;26;121;100;0,18;0,09;0,54;0,18;184,88;184,88;1,4;0,99
8;StudentAttendanceSystem;state;1711;24;45;10;56;100;0,29;0,37;0;0,1;184,88;184,88;0,86;0,77
8;StudentAttendanceSystem;transition;1711;24;45;15;44;100;2,91;0,78;0;0,16;5,89;5,89;4,08;3,85
8;StudentAttendanceSystem;pair;1711;24;45;40;226;100;0,23;0,15;1,06;0,31;6,89;7,89;2,36;1,74
8;StudentAttendanceSystem;state;1712;22;43;8;43;100;0,31;0,38;0;0,09;7,89;7,89;0,89;0,77
8;StudentAttendanceSystem;transition;1712;22;43;15;43;100;0,24;0,66;0;0,13;8,89;8,89;1,17;1,04
8;StudentAttendanceSystem;pair;1712;22;43;38;220;100;0,31;0,15;1,08;0,42;9,89;9,89;2,55;1,96
8;StudentAttendanceSystem;state;1713;25;47;10;51;100;0,35;0,36;0;0,07;10,89;10,89;0,88;0,79
8;StudentAttendanceSystem;transition;1713;25;47;18;46;100;0,33;0,81;0;0,16;11,89;11,89;1,45;1,3
8;StudentAttendanceSystem;pair;1713;25;47;40;220;100;0,32;0,18;1,13;0,32;12,89;12,89;2,56;1,95
8;StudentAttendanceSystem;state;1714;29;58;12;68;100;0,38;0,48;0;0,14;13,89;13,89;1,17;1
8;StudentAttendanceSystem;transition;1714;29;58;19;57;100;0,33;0,96;0;0,18;14,89;14,89;1,63;1,48
8;StudentAttendanceSystem;pair;1714;29;58;49;287;100;0,37;0,27;1,72;0,45;15,89;16,89;3,67;2,81
8;StudentAttendanceSystem;state;1715;24;44;10;51;100;0,36;0,41;0;0,12;16,89;16,89;1,02;0,89
8;StudentAttendanceSystem;transition;1715;24;44;15;43;100;0,49;0,73;0;0,13;17,89;17,89;1,53;1,35
8;StudentAttendanceSystem;pair;1715;24;44;39;207;100;0,35;0,16;1,05;0,27;18,89;18,89;2,42;1,82
8;StudentAttendanceSystem;state;1716;23;45;8;43;100;0,32;0,36;0;0,11;19,89;19,89;0,91;0,79
8;StudentAttendanceSystem;transition;1716;23;45;15;44;100;0,33;0,79;0;0,18;19,89;20,89;1,48;1,31
8;StudentAttendanceSystem;pair;1716;23;45;46;260;100;0,36;0,17;1,49;0,35;21,89;21,89;3,06;2,37
8;StudentAttendanceSystem;state;1717;19;33;7;37;100;0,31;0,34;0;0,06;22,89;22,89;0,81;0,71
8;StudentAttendanceSystem;transition;1717;19;33;12;32;100;0,27;0,58;0;0,11;22,89;22,89;1,09;0,95
8;StudentAttendanceSystem;pair;1717;19;33;28;144;100;0,31;0,14;0,85;0,22;23,89;23,89;2,09;1,52
8;StudentAttendanceSystem;state;1718;30;61;13;73;100;0,35;0,55;0;0,14;24,89;24,89;1,16;1,04
8;StudentAttendanceSystem;transition;1718;30;61;21;60;100;0,37;1,05;0;0,23;25,89;25,89;1,83;1,65
8;StudentAttendanceSystem;pair;1718;30;61;55;315;100;0,38;0,27;2,04;0,46;26,89;27,89;4,02;3,16
8;StudentAttendanceSystem;state;1719;18;30;7;37;100;0,28;0,28;0;0,06;27,89;27,89;0,73;0,61
8;StudentAttendanceSystem;transition;1719;18;30;10;30;100;0,34;0,62;0;0,15;28,89;28,89;1,27;1,11
8;StudentAttendanceSystem;pair;1719;18;30;22;116;100;0,27;0,09;0,55;0,18;29,89;29,89;1,58;1,09
8;StudentAttendanceSystem;state;1720;20;35;8;40;100;0,33;0,33;0;0,07;29,89;29,89;0,84;0,73
8;StudentAttendanceSystem;transition;1720;20;35;13;34;100;0,27;0,58;0;0,13;30,89;30,89;1,11;0,98
8;StudentAttendanceSystem;pair;1720;20;35;30;157;100;0,26;0,12;0,79;0,21;31,89;31,89;1,88;1,39
8;StudentAttendanceSystem;state;1721;29;58;12;68;100;0,37;0,47;0;0,14;32,89;32,89;1,11;0,97
8;StudentAttendanceSystem;transition;1721;29;58;19;57;100;0,33;1,02;0;0,24;33,89;33,89;1,78;1,6
8;StudentAttendanceSystem;pair;1721;29;58;48;285;100;0,4;0,3;1,9;0,45;34,89;35,89;3,86;3,05
8;StudentAttendanceSystem;state;1722;19;37;8;39;100;0,36;0,34;0;0,07;35,89;35,89;0,88;0,77
8;StudentAttendanceSystem;transition;1722;19;37;14;37;100;0,27;0,62;0;0,11;36,89;36,89;1,13;1,01
8;StudentAttendanceSystem;pair;1722;19;37;34;180;100;0,27;0,12;1,17;0,27;37,89;37,89;2,4;1,83
8;StudentAttendanceSystem;state;1723;26;50;10;56;100;0,37;0,43;0;0,11;37,89;38,89;1,03;0,91
8;StudentAttendanceSystem;transition;1723;26;50;18;49;100;0,32;0,89;0;0,22;38,89;38,89;1,63;1,44
8;StudentAttendanceSystem;pair;1723;26;50;45;247;100;0,35;0,17;1,39;0,37;40,89;40,89;2,91;2,29
8;StudentAttendanceSystem;state;1724;20;34;8;43;100;0,29;0,41;0;0,06;40,89;41,89;0,89;0,76
8;StudentAttendanceSystem;transition;1724;20;34;11;33;100;0,26;0,52;0;0,1;41,89;41,89;1;0,88
8;StudentAttendanceSystem;pair;1724;20;34;32;171;100;0,28;0,11;0,78;0,26;42,89;42,89;1,94;1,43
8;StudentAttendanceSystem;state;1725;23;46;10;56;100;0,39;0,41;0;0,09;43,89;43,89;1,03;0,89
8;StudentAttendanceSystem;transition;1725;23;46;15;46;100;0,37;0,72;0;0,15;43,89;44,89;1,41;1,25
8;StudentAttendanceSystem;pair;1725;23;46;43;249;100;0,34;0,16;1,32;0,33;45,89;45,89;2,89;2,15
8;StudentAttendanceSystem;state;1726;19;36;8;39;100;0,29;0,36;0;0,07;46,89;46,89;0,85;0,73
8;StudentAttendanceSystem;transition;1726;19;36;13;36;100;0,27;0,55;0;0,1;46,89;46,89;1,07;0,93
8;StudentAttendanceSystem;pair;1726;19;36;32;171;100;0,3;0,12;0,78;0,21;47,89;47,89;1,9;1,4
8;StudentAttendanceSystem;state;1727;17;29;7;34;100;0,38;0,33;0;0,06;48,89;48,89;0,87;0,77
8;StudentAttendanceSystem;transition;1727;17;29;10;29;100;0,25;0,45;0;0,08;48,89;48,89;0,91;0,78
8;StudentAttendanceSystem;pair;1727;17;29;23;118;100;0,28;0,09;0,46;0,14;49,89;49,89;1,39;0,97
8;StudentAttendanceSystem;state;1728;26;48;11;58;100;0,36;0,45;0;0,12;50,89;50,89;1,08;0,93
8;StudentAttendanceSystem;transition;1728;26;48;18;47;100;0,3;0,91;0;0,18;51,89;51,89;1,55;1,39
8;StudentAttendanceSystem;pair;1728;26;48;39;207;100;0,4;0,18;1,4;0,31;52,89;52,89;2,99;2,3
8;StudentAttendanceSystem;state;1729;22;40;9;47;100;0,29;0,34;0;0,1;53,89;53,89;0,82;0,73
8;StudentAttendanceSystem;transition;1729;22;40;13;40;100;0,3;0,67;0;0,19;53,89;53,89;1,31;1,15
8;StudentAttendanceSystem;pair;1729;22;40;38;208;100;0,31;0,14;1,01;0,26;54,89;55,89;2,3;1,72
8;StudentAttendanceSystem;state;1730;20;31;7;37;100;0,24;0,28;0;0,06;55,89;55,89;0,69;0,58
8;StudentAttendanceSystem;transition;1730;20;31;10;30;100;0,3;0,55;0;0,11;56,89;56,89;1,1;0,96
8;StudentAttendanceSystem;pair;1730;20;31;25;123;100;0,23;0,11;0,73;0,19;57,89;57,89;1,73;1,27
8;StudentAttendanceSystem;state;1731;28;54;12;66;100;0,41;0,6;0;0,13;57,89;57,89;1,28;1,14
8;StudentAttendanceSystem;transition;1731;28;54;19;53;100;0,42;1,1;0;0,22;58,89;58,89;1,92;1,73
8;StudentAttendanceSystem;pair;1731;28;54;54;292;100;0,42;0,31;2,08;0,47;60,89;60,89;4,11;3,27
8;StudentAttendanceSystem;state;1732;18;33;8;41;100;0,31;0,4;0;0,08;61,89;61,89;0,93;0,79
8;StudentAttendanceSystem;transition;1732;18;33;11;33;100;0,28;0,66;0;0,11;61,89;61,89;1,21;1,06
8;StudentAttendanceSystem;pair;1732;18;33;28;144;100;0,27;0,15;0,87;0,29;62,89;62,89;2,14;1,58
8;StudentAttendanceSystem;state;1733;21;41;9;44;100;0,33;0,38;0;0,09;63,89;63,89;0,92;0,79
8;StudentAttendanceSystem;transition;1733;21;41;16;41;100;0,32;0,75;0;0,16;63,89;63,89;1,39;1,23
8;StudentAttendanceSystem;pair;1733;21;41;37;199;100;0,33;0,19;1,41;0,32;64,89;65,89;3;2,25
8;StudentAttendanceSystem;state;1734;26;46;11;60;100;0,39;0,51;0;0,13;65,89;65,89;1,18;1,03
8;StudentAttendanceSystem;transition;1734;26;46;15;45;100;0,39;0,9;0;0,17;66,89;66,89;1,65;1,47
8;StudentAttendanceSystem;pair;1734;26;46;40;214;100;0,37;0,2;1,46;0,36;67,89;68,89;3,15;2,39
8;StudentAttendanceSystem;state;1735;23;45;8;43;100;0,37;0,43;0;0,08;68,89;68,89;1;0,88
8;StudentAttendanceSystem;transition;1735;23;45;15;44;100;0,34;0,92;0;0,17;69,89;69,89;1,61;1,44
8;StudentAttendanceSystem;pair;1735;23;45;46;260;100;0,35;0,22;1,73;0,47;70,89;70,89;3,52;2,78
8;StudentAttendanceSystem;state;1736;19;32;7;37;100;0,35;0,36;0;0,07;71,89;71,89;0,92;0,77
8;StudentAttendanceSystem;transition;1736;19;32;10;32;100;0,3;0,6;0;0,12;71,89;72,89;1,17;1,02
8;StudentAttendanceSystem;pair;1736;19;32;28;148;100;0,29;0,18;0,83;0,24;72,89;73,89;2,08;1,54
8;StudentAttendanceSystem;state;1737;27;54;12;67;100;0,41;0,53;0;0,13;73,89;73,89;1,19;1,07
8;StudentAttendanceSystem;transition;1737;27;54;16;54;100;0,39;1,08;0;0,2;74,89;74,89;1,85;1,67
8;StudentAttendanceSystem;pair;1737;27;54;48;284;100;0,44;0,31;1,99;0,47;75,89;76,89;4,08;3,2
8;StudentAttendanceSystem;state;1738;25;44;10;55;100;0,37;0,45;0;0,1;76,89;76,89;1,05;0,93
8;StudentAttendanceSystem;transition;1738;25;44;14;43;100;0,42;0,96;0;0,16;77,89;77,89;1,72;1,55
8;StudentAttendanceSystem;pair;1738;25;44;37;201;100;0,35;0,2;1,37;0,34;78,89;79,89;3,05;2,26
8;StudentAttendanceSystem;state;1739;26;50;11;56;100;0,41;0,52;0;0,11;79,89;79,89;1,19;1,04
8;StudentAttendanceSystem;transition;1739;26;50;19;49;100;0,41;1,02;0;0,21;80,89;80,89;1,83;1,64
8;StudentAttendanceSystem;pair;1739;26;50;50;268;100;0,4;0,26;1,83;0,43;81,89;82,89;3,7;2,93
8;StudentAttendanceSystem;state;1740;22;37;8;43;100;0,35;0,39;0;0,08;82,89;82,89;0,95;0,82
8;StudentAttendanceSystem;transition;1740;22;37;12;36;100;0,29;0,67;0;0,12;83,89;83,89;1,23;1,07
8;StudentAttendanceSystem;pair;1740;22;37;32;172;100;0,3;0,14;1,07;0,27;84,89;84,89;2,36;1,77
8;StudentAttendanceSystem;state;1741;23;42;9;46;100;0,33;0,47;0;0,1;84,89;85,89;1,03;0,91
8;StudentAttendanceSystem;transition;1741;23;42;16;41;100;0,32;0,76;0;0,15;85,89;85,89;1,42;1,23
8;StudentAttendanceSystem;pair;1741;23;42;39;203;100;0,32;0,17;1,2;0,27;86,89;87,89;2,63;1,96
8;StudentAttendanceSystem;state;1742;31;62;14;78;100;0,55;0,65;0;0,12;87,89;87,89;1,46;1,32
8;StudentAttendanceSystem;transition;1742;31;62;20;61;100;0,41;1,16;0;0,2;88,89;88,89;1,98;1,78
8;StudentAttendanceSystem;pair;1742;31;62;58;332;100;0,45;0,27;2,12;0,55;90,89;90,89;4,44;3,39
8;StudentAttendanceSystem;state;1743;21;40;9;48;100;0,4;0,38;0;0,08;91,89;91,89;0,99;0,86
8;StudentAttendanceSystem;transition;1743;21;40;13;40;100;0,33;0,69;0;0,14;91,89;92,89;1,32;1,16
8;StudentAttendanceSystem;pair;1743;21;40;34;188;100;0,28;0,18;0,9;0,23;93,89;93,89;2,16;1,59
8;StudentAttendanceSystem;state;1744;22;38;8;42;100;0,29;0,31;0;0,06;93,89;93,89;0,75;0,65
8;StudentAttendanceSystem;transition;1744;22;38;14;37;100;0,27;0,62;0;0,13;94,89;94,89;1,19;1,03
8;StudentAttendanceSystem;pair;1744;22;38;32;164;100;0,27;0,15;0,72;0,23;95,89;95,89;2,01;1,37
8;StudentAttendanceSystem;state;1745;23;42;9;47;100;0,31;0,43;0;0,09;96,89;96,89;0,95;0,84
8;StudentAttendanceSystem;transition;1745;23;42;15;41;100;0,34;0,81;0;0,12;96,89;96,89;1,41;1,27
8;StudentAttendanceSystem;pair;1745;23;42;36;198;100;0,24;0,16;0,86;0,26;97,89;98,89;2,01;1,52
8;StudentAttendanceSystem;state;1746;19;32;7;36;100;0,28;0,21;0;0,06;98,89;98,89;0,66;0,55
8;StudentAttendanceSystem;transition;1746;19;32;11;32;100;0,26;0,55;0;0,11;99,89;99,89;1,09;0,93
8;StudentAttendanceSystem;pair;1746;19;32;26;133;100;0,28;0,1;0,54;0,17;100,89;100,89;1,52;1,09
8;StudentAttendanceSystem;state;1747;22;40;9;50;100;0,29;0,36;0;0,08;100,89;100,89;0,85;0,73
8;StudentAttendanceSystem;transition;1747;22;40;13;39;100;0,37;0,76;0;0,15;101,89;101,89;1,5;1,28
8;StudentAttendanceSystem;pair;1747;22;40;38;214;100;0,29;0,18;1,04;0,26;102,89;102,89;2,36;1,77
8;StudentAttendanceSystem;state;1748;28;54;11;62;100;0,41;0,54;0;0,12;103,89;103,89;1,23;1,08
8;StudentAttendanceSystem;transition;1748;28;54;18;53;100;0,32;1,03;0;0,22;104,89;104,89;1,79;1,57
8;StudentAttendanceSystem;pair;1748;28;54;46;268;100;0,41;0,25;1,62;0,38;105,89;106,89;3,42;2,65
8;StudentAttendanceSystem;state;1749;19;32;7;37;100;0,29;0,33;0;0,06;106,89;106,89;0,79;0,67
8;StudentAttendanceSystem;transition;1749;19;32;11;31;100;0,29;0,61;0;0,1;107,89;107,89;1,13;0,99
8;StudentAttendanceSystem;pair;1749;19;32;27;145;100;0,24;0,13;0,8;0,16;108,89;108,89;1,8;1,34
8;StudentAttendanceSystem;state;1750;21;42;9;46;100;0,34;0,42;0;0,07;108,89;108,89;0,95;0,83
8;StudentAttendanceSystem;transition;1750;21;42;15;42;100;0,31;0,67;0;0,12;109,89;109,89;1,36;1,11
8;StudentAttendanceSystem;pair;1750;21;42;37;201;100;0,33;0,19;1,1;0,3;110,89;110,89;2,69;1,92
8;StudentAttendanceSystem;state;1751;22;41;9;47;100;0,34;0,36;0;0,08;111,89;111,89;0,91;0,78
8;StudentAttendanceSystem;transition;1751;22;41;14;41;100;0,31;0,64;0;0,13;112,89;112,89;1,25;1,08
8;StudentAttendanceSystem;pair;1751;22;41;41;223;100;0,35;0,18;1,48;0,37;113,89;113,89;3,11;2,38
8;StudentAttendanceSystem;state;1752;22;41;9;46;100;0,31;0,43;0;0,09;114,89;114,89;0,97;0,83
8;StudentAttendanceSystem;transition;1752;22;41;15;40;100;0,36;0,87;0;0,21;114,89;114,89;1,62;1,43
8;StudentAttendanceSystem;pair;1752;22;41;35;196;100;0,38;0,16;1,03;0,32;115,89;116,89;2,55;1,9
8;StudentAttendanceSystem;state;1753;25;47;10;54;100;0,47;0,49;0;0,08;116,89;116,89;1,16;1,04
8;StudentAttendanceSystem;transition;1753;25;47;15;46;100;0,38;0,88;0;0,17;117,89;117,89;1,6;1,43
8;StudentAttendanceSystem;pair;1753;25;47;45;249;100;0,39;0,18;1,23;0,39;118,89;119,89;2,91;2,2
8;StudentAttendanceSystem;state;1754;25;44;10;55;100;0,41;0,56;0;0,09;119,89;119,89;1,22;1,06
8;StudentAttendanceSystem;transition;1754;25;44;15;43;100;0,37;0,89;0;0,17;120,89;120,89;1,6;1,42
8;StudentAttendanceSystem;pair;1754;25;44;35;187;100;0,32;0,14;1,07;0,27;121,89;121,89;2,42;1,8
8;StudentAttendanceSystem;state;1755;26;50;10;54;100;0,39;0,45;0;0,09;122,89;122,89;1,05;0,92
8;StudentAttendanceSystem;transition;1755;26;50;17;49;100;0,39;0,86;0;0,26;123,89;123,89;1,67;1,5
8;StudentAttendanceSystem;pair;1755;26;50;49;281;100;0,41;0,24;1,7;0,39;124,89;124,89;3,49;2,74
8;StudentAttendanceSystem;state;1756;24;44;9;48;100;0,42;0,45;0;0,09;125,89;125,89;1,08;0,95
8;StudentAttendanceSystem;transition;1756;24;44;16;43;100;0,35;0,74;0;0,14;126,89;126,89;1,36;1,23
8;StudentAttendanceSystem;pair;1756;24;44;39;215;100;0,3;0,16;1,31;0,29;127,89;127,89;2,75;2,07
8;StudentAttendanceSystem;state;1757;25;49;11;57;100;0,39;0,49;0;0,1;128,89;128,89;1,19;0,98
8;StudentAttendanceSystem;transition;1757;25;49;18;48;100;0,39;0,86;0;0,2;128,89;129,89;1,64;1,44
8;StudentAttendanceSystem;pair;1757;25;49;44;238;100;0,34;0,24;1,68;0,34;130,89;130,89;3,32;2,6
8;StudentAttendanceSystem;state;1758;20;39;8;43;100;0,38;0,38;0;0,09;131,89;131,89;1,01;0,85
8;StudentAttendanceSystem;transition;1758;20;39;13;39;100;0,3;0,73;0;0,15;131,89;131,89;1,38;1,19
8;StudentAttendanceSystem;pair;1758;20;39;37;215;100;0,33;0,14;1,09;0,35;132,89;133,89;2,6;1,9
8;StudentAttendanceSystem;state;1759;28;56;11;62;100;0,43;0,5;0;0,11;133,89;133,89;1,19;1,05
8;StudentAttendanceSystem;transition;1759;28;56;20;55;100;0,44;1,17;0;0,24;134,89;134,89;2,02;1,85
8;StudentAttendanceSystem;pair;1759;28;56;52;294;100;0,47;0,29;1,93;0,42;136,89;136,89;3,92;3,11
8;StudentAttendanceSystem;state;1760;25;46;10;53;100;0,37;0,47;0;0,1;137,89;137,89;1,08;0,93
8;StudentAttendanceSystem;transition;1760;25;46;17;45;100;0,29;0,83;0;0,19;137,89;138,89;1,48;1,31
8;StudentAttendanceSystem;pair;1760;25;46;37;199;100;0,35;0,26;1,42;0,36;139,89;139,89;3,1;2,4
8;StudentAttendanceSystem;state;1761;20;35;8;40;100;0,32;0,44;0;0,08;139,89;139,89;0,96;0,84
8;StudentAttendanceSystem;transition;1761;20;35;12;35;100;0,32;0,61;0;0,11;140,89;140,89;1,26;1,03
8;StudentAttendanceSystem;pair;1761;20;35;30;157;100;0,26;0,14;0,9;0,24;141,89;141,89;2,13;1,54
8;StudentAttendanceSystem;state;1762;22;38;8;42;100;0,35;0,43;0;0,08;142,89;142,89;1;0,87
8;StudentAttendanceSystem;transition;1762;22;38;14;37;100;0,33;0,79;0;0,16;142,89;142,89;1,43;1,28
8;StudentAttendanceSystem;pair;1762;22;38;31;165;100;0,33;0,22;1,04;0,25;143,89;144,89;2,46;1,84
8;StudentAttendanceSystem;state;1763;24;44;9;48;100;0,34;0,42;0;0,1;144,89;144,89;0,98;0,85
8;StudentAttendanceSystem;transition;1763;24;44;16;43;100;0,34;0,96;0;0,22;145,89;145,89;1,71;1,52
8;StudentAttendanceSystem;pair;1763;24;44;39;215;100;0,36;0,25;1,4;0,4;146,89;146,89;3,11;2,4
8;StudentAttendanceSystem;state;1764;25;44;10;55;100;0,42;0,52;0;0,09;147,89;147,89;1,18;1,02
8;StudentAttendanceSystem;transition;1764;25;44;14;43;100;0,31;0,87;0;0,14;147,89;148,89;1,47;1,32
8;StudentAttendanceSystem;pair;1764;25;44;37;201;100;0,37;0,15;1,08;0,36;149,89;149,89;2,76;1,96
8;StudentAttendanceSystem;state;1765;19;35;8;43;100;0,33;0,4;0;0,06;149,89;149,89;0,9;0,79
8;StudentAttendanceSystem;transition;1765;19;35;11;35;100;0,27;0,56;0;0,13;150,89;150,89;1,09;0,96
8;StudentAttendanceSystem;pair;1765;19;35;34;190;100;0,28;0,16;0,87;0,24;151,89;151,89;2,15;1,55
8;StudentAttendanceSystem;state;1766;20;37;8;40;100;0,29;0,41;0;0,06;152,89;152,89;0,89;0,76
8;StudentAttendanceSystem;transition;1766;20;37;14;37;100;0,33;0,7;0;0,11;152,89;152,89;1,29;1,13
8;StudentAttendanceSystem;pair;1766;20;37;36;182;100;0,33;0,15;0,95;0,24;153,89;154,89;2,3;1,68
8;StudentAttendanceSystem;state;1767;23;45;10;50;100;0,32;0,37;0;0,08;154,89;154,89;0,9;0,77
8;StudentAttendanceSystem;transition;1767;23;45;17;45;100;0,32;0,87;0;0,13;155,89;155,89;1,48;1,33
8;StudentAttendanceSystem;pair;1767;23;45;46;244;100;0,24;0,17;1,28;0,33;156,89;156,89;2,61;2,01
8;StudentAttendanceSystem;state;1768;17;30;6;30;100;0,31;0,32;0;0,05;157,89;157,89;0,9;0,68
8;StudentAttendanceSystem;transition;1768;17;30;10;30;100;0,31;0,49;0;0,08;157,89;157,89;1,01;0,87
8;StudentAttendanceSystem;pair;1768;17;30;31;155;100;0,28;0,1;0,73;0,18;158,89;158,89;1,74;1,29
8;StudentAttendanceSystem;state;1769;25;48;9;49;100;0,34;0,46;0;0,09;159,89;159,89;1,03;0,89
8;StudentAttendanceSystem;transition;1769;25;48;17;47;100;0,31;0,84;0;0,16;160,89;160,89;1,47;1,31
8;StudentAttendanceSystem;pair;1769;25;48;43;245;100;0,31;0,22;1,56;0,34;161,89;161,89;3,25;2,44
8;StudentAttendanceSystem;state;1770;26;52;11;62;100;0,35;0,45;0;0,1;162,89;162,89;1,04;0,9
8;StudentAttendanceSystem;transition;1770;26;52;16;52;100;0,39;0,81;0;0,15;163,89;163,89;1,51;1,36
8;StudentAttendanceSystem;pair;1770;26;52;42;252;100;0,33;0,24;1,42;0,44;164,89;165,89;3,14;2,43
8;StudentAttendanceSystem;state;1771;23;46;10;54;100;0,38;0,43;0;0,1;165,89;165,89;1,06;0,92
8;StudentAttendanceSystem;transition;1771;23;46;15;46;100;0,48;0,8;0;0,16;166,89;166,89;1,64;1,44
8;StudentAttendanceSystem;pair;1771;23;46;42;240;100;0,3;0,21;1,09;0,3;167,89;167,89;2,65;1,89
8;StudentAttendanceSystem;state;1772;19;34;8;43;100;0,36;0,38;0;0,06;168,89;168,89;0,93;0,81
8;StudentAttendanceSystem;transition;1772;19;34;10;34;100;0,26;0,48;0;0,08;168,89;168,89;0,92;0,82
8;StudentAttendanceSystem;pair;1772;19;34;31;175;100;0,34;0,12;0,82;0,25;169,89;170,89;2,17;1,52
8;StudentAttendanceSystem;state;1773;18;31;8;40;100;0,29;0,29;0;0,07;170,89;170,89;0,77;0,65
8;StudentAttendanceSystem;transition;1773;18;31;10;31;100;0,29;0,54;0;0,11;171,89;171,89;1,1;0,94
8;StudentAttendanceSystem;pair;1773;18;31;26;137;100;0,29;0,12;0,67;0,18;171,89;172,89;1,92;1,27
8;StudentAttendanceSystem;state;1774;23;43;10;52;100;0,35;0,41;0;0,09;172,89;172,89;0,97;0,84
8;StudentAttendanceSystem;transition;1774;23;43;15;43;100;0,29;0,76;0;0,14;173,89;173,89;1,37;1,18
8;StudentAttendanceSystem;pair;1774;23;43;39;205;100;0,31;0,16;1,06;0,28;174,89;174,89;2,41;1,8
8;StudentAttendanceSystem;state;1775;27;54;12;67;100;0,52;0,48;0;0,14;175,89;175,89;1,28;1,13
8;StudentAttendanceSystem;transition;1775;27;54;16;54;100;0,39;0,92;0;0,18;176,89;176,89;1,7;1,49
8;StudentAttendanceSystem;pair;1775;27;54;48;284;100;0,37;0,28;1,74;0,38;177,89;178,89;3,52;2,77
8;StudentAttendanceSystem;state;1776;16;25;7;34;100;0,25;0,33;0;0,11;178,89;178,89;0,82;0,7
8;StudentAttendanceSystem;transition;1776;16;25;8;25;100;0,26;0,45;0;0,06;178,89;178,89;0,92;0,77
8;StudentAttendanceSystem;pair;1776;16;25;18;87;100;0,24;0,09;0,38;0,12;179,89;179,89;1,24;0,83
8;StudentAttendanceSystem;state;1777;15;24;5;24;100;0,24;0,29;0;0,04;180,89;180,89;0,73;0,57
8;StudentAttendanceSystem;transition;1777;15;24;8;24;100;0,2;0,4;0;0,07;180,89;180,89;0,81;0,67
8;StudentAttendanceSystem;pair;1777;15;24;24;108;100;0,2;0,07;0,46;0,13;181,89;181,89;1,26;0,85
8;StudentAttendanceSystem;state;1778;24;46;10;56;100;0,34;0,42;0;0,09;181,89;182,89;0,97;0,84
8;StudentAttendanceSystem;transition;1778;24;46;15;45;100;0,4;0,7;0;0,14;182,89;182,89;1,39;1,25
8;StudentAttendanceSystem;pair;1778;24;46;45;261;100;0,31;0,19;1,36;0,39;183,89;184,89;3,01;2,25
8;StudentAttendanceSystem;state;1779;19;34;8;40;100;0,31;0,32;0;0,07;184,89;184,89;0,83;0,7
8;StudentAttendanceSystem;transition;1779;19;34;13;34;100;2,98;0,7;0;0,13;5,91;5,91;4,05;3,81
8;StudentAttendanceSystem;pair;1779;19;34;26;137;100;0,34;0,14;0,86;0,19;6,91;6,91;2,1;1,53
8;StudentAttendanceSystem;state;1780;23;44;9;49;100;0,33;0,39;0;0,08;7,91;7,91;0,94;0,81
8;StudentAttendanceSystem;transition;1780;23;44;15;43;100;0,3;0,69;0;0,14;7,91;7,91;1,27;1,13
8;StudentAttendanceSystem;pair;1780;23;44;41;239;100;0,42;0,21;1,5;0,38;8,91;9,91;3,34;2,52
8;StudentAttendanceSystem;state;1781;25;45;10;53;100;0,4;0,4;0;0,1;9,91;9,91;1,06;0,9
8;StudentAttendanceSystem;transition;1781;25;45;15;44;100;0,34;0,88;0;0,2;10,91;10,91;1,62;1,42
8;StudentAttendanceSystem;pair;1781;25;45;42;232;100;0,41;0,24;1,42;0,37;11,91;12,91;3,27;2,44
8;StudentAttendanceSystem;state;1782;19;37;8;40;100;0,31;0,37;0;0,07;12,91;12,91;0,88;0,75
8;StudentAttendanceSystem;transition;1782;19;37;13;37;100;0,34;0,64;0;0,1;13,91;13,91;1,23;1,08
8;StudentAttendanceSystem;pair;1782;19;37;36;195;100;0,35;0,13;0,98;0,26;14,91;14,91;2,26;1,72
8;StudentAttendanceSystem;state;1783;21;39;8;42;100;0,37;0,36;0;0,08;14,91;15,91;0,93;0,81
8;StudentAttendanceSystem;transition;1783;21;39;14;38;100;0,31;0,68;0;0,16;15,91;15,91;1,33;1,15
8;StudentAttendanceSystem;pair;1783;21;39;35;189;100;0,39;0,16;1,12;0,25;16,91;17,91;2,49;1,92
8;StudentAttendanceSystem;state;1784;20;36;8;40;100;0,28;0,32;0;0,08;17,91;17,91;0,83;0,67
8;StudentAttendanceSystem;transition;1784;20;36;13;36;100;0,28;0,62;0;0,31;18,91;18,91;1,43;1,21
8;StudentAttendanceSystem;pair;1784;20;36;33;172;100;0,31;0,15;1,02;0,25;19,91;19,91;2,29;1,73
8;StudentAttendanceSystem;state;1785;23;43;10;52;100;0,39;0,49;0;0,08;19,91;19,91;1,09;0,96
8;StudentAttendanceSystem;transition;1785;23;43;16;43;100;0,39;0,75;0;0,15;20,91;20,91;1,49;1,29
8;StudentAttendanceSystem;pair;1785;23;43;35;180;100;0,33;0,16;0,96;0,23;21,91;21,91;2,29;1,68
8;StudentAttendanceSystem;state;1786;20;38;8;43;100;0,33;0,34;0;0,07;22,91;22,91;0,87;0,75
8;StudentAttendanceSystem;transition;1786;20;38;12;38;100;0,3;0,65;0;0,15;22,91;23,91;1,27;1,1
8;StudentAttendanceSystem;pair;1786;20;38;34;200;100;0,37;0,16;1,15;0,33;23,91;24,91;2,8;2,01
8;StudentAttendanceSystem;state;1787;20;35;8;41;100;0,38;0,36;0;0,09;24,91;24,91;1;0,83
8;StudentAttendanceSystem;transition;1787;20;35;12;35;100;0,31;0,9;0;0,13;25,91;25,91;1,53;1,34
8;StudentAttendanceSystem;pair;1787;20;35;33;169;100;0,33;0,13;1;0,31;26,91;26,91;2,42;1,78
8;StudentAttendanceSystem;state;1788;24;49;10;54;100;0,32;0,48;0;0,1;27,91;27,91;1,04;0,91
8;StudentAttendanceSystem;transition;1788;24;49;16;49;100;0,39;0,97;0;0,23;27,91;27,91;1,8;1,59
8;StudentAttendanceSystem;pair;1788;24;49;51;283;100;0,4;0,19;1,68;0,39;29,91;29,91;3,38;2,66
8;StudentAttendanceSystem;state;1789;27;53;12;65;100;0,43;0,52;0;0,12;30,91;30,91;1,24;1,07
8;StudentAttendanceSystem;transition;1789;27;53;18;52;100;0,43;0,98;0;0,19;31,91;31,91;1,78;1,59
8;StudentAttendanceSystem;pair;1789;27;53;46;268;100;0,39;0,28;1,72;0,44;32,91;32,91;3,7;2,84
8;StudentAttendanceSystem;state;1790;20;35;8;41;100;0,37;0,45;0;0,11;33,91;33,91;1,09;0,94
8;StudentAttendanceSystem;transition;1790;20;35;12;35;100;0,28;0,65;0;0,13;33,91;34,91;1,22;1,06
8;StudentAttendanceSystem;pair;1790;20;35;34;176;100;0,3;0,19;0,99;0,26;34,91;35,91;2,29;1,74
8;StudentAttendanceSystem;state;1791;24;50;10;52;100;0,34;0,45;0;0,1;35,91;35,91;1,04;0,9
8;StudentAttendanceSystem;transition;1791;24;50;17;50;100;0,33;0,88;0;0,18;36,91;36,91;1,58;1,4
8;StudentAttendanceSystem;pair;1791;24;50;50;280;100;0,33;0,25;1,9;0,5;37,91;38,91;3,79;2,98
8;StudentAttendanceSystem;state;1792;25;51;10;56;100;0,47;0,51;0;0,09;38,91;38,91;1,2;1,07
8;StudentAttendanceSystem;transition;1792;25;51;18;51;100;0,5;1,07;0;0,22;39,91;39,91;2;1,79
8;StudentAttendanceSystem;pair;1792;25;51;48;270;100;0,36;0,24;1,65;0,44;41,91;41,91;3,51;2,69
8;StudentAttendanceSystem;state;1793;20;38;8;41;100;0,35;0,37;0;0,09;41,91;41,91;0,95;0,81
8;StudentAttendanceSystem;transition;1793;20;38;14;38;100;0,33;0,73;0;0,15;42,91;42,91;1,4;1,21
8;StudentAttendanceSystem;pair;1793;20;38;34;184;100;0,36;0,15;0,97;0,25;43,91;43,91;2,4;1,73
8;StudentAttendanceSystem;state;1794;23;44;9;49;100;0,37;0,47;0;0,1;44,91;44,91;1,08;0,94
8;StudentAttendanceSystem;transition;1794;23;44;15;43;100;0,28;0,71;0;0,13;45,91;45,91;1,25;1,12
8;StudentAttendanceSystem;pair;1794;23;44;38;212;100;0,26;0,18;1,15;0,27;46,91;46,91;2,36;1,86
8;StudentAttendanceSystem;state;1795;20;40;8;43;100;0,44;0,38;0;0,06;46,91;47,91;1,03;0,88
8;StudentAttendanceSystem;transition;1795;20;40;13;40;100;0,27;0,63;0;0,12;47,91;47,91;1,22;1,02
8;StudentAttendanceSystem;pair;1795;20;40;42;236;100;0,25;0,15;1,28;0,31;48,91;49,91;2,56;1,99
8;StudentAttendanceSystem;state;1796;29;57;12;65;100;0,36;0,43;0;0,1;49,91;49,91;1;0,9
8;StudentAttendanceSystem;transition;1796;29;57;20;56;100;0,35;1,05;0;0,23;50,91;50,91;1,91;1,63
8;StudentAttendanceSystem;pair;1796;29;57;48;278;100;0,41;0,29;1,9;0,37;52,91;52,91;4,03;2,98
8;StudentAttendanceSystem;state;1797;17;30;6;30;100;0,35;0,3;0;0,06;52,91;53,91;0,88;0,71
8;StudentAttendanceSystem;transition;1797;17;30;10;30;100;0,27;0,57;0;0,08;53,91;53,91;1,09;0,93
8;StudentAttendanceSystem;pair;1797;17;30;32;159;100;0,27;0,14;0,87;0,24;54,91;54,91;2,14;1,52
8;StudentAttendanceSystem;state;1798;21;39;9;44;100;0,37;0,43;0;0,09;55,91;55,91;1,03;0,88
8;StudentAttendanceSystem;transition;1798;21;39;15;39;100;0,33;0,89;0;0,15;55,91;55,91;1,55;1,36
8;StudentAttendanceSystem;pair;1798;21;39;39;197;100;0,35;0,17;1,2;0,27;56,91;57,91;2,77;2
8;StudentAttendanceSystem;state;1799;24;44;10;52;100;0,33;0,36;0;0,09;57,91;57,91;0,91;0,79
8;StudentAttendanceSystem;transition;1799;24;44;16;43;100;0,3;0,68;0;0,16;58,91;58,91;1,31;1,15
8;StudentAttendanceSystem;pair;1799;24;44;34;193;100;0,32;0,18;0,99;0,25;59,91;59,91;2,31;1,74
8;StudentAttendanceSystem;state;1800;26;53;11;59;100;0,43;0,39;0;0,08;60,91;60,91;1,03;0,91
8;StudentAttendanceSystem;transition;1800;26;53;19;53;100;0,38;1,04;0;0,17;61,91;61,91;1,78;1,59
8;StudentAttendanceSystem;pair;1800;26;53;47;269;100;0,34;0,21;1,42;0,43;62,91;62,91;3,12;2,4
8;StudentAttendanceSystem;state;1801;22;39;9;44;100;0,33;0,37;0;0,12;63,91;63,91;0,96;0,81
8;StudentAttendanceSystem;transition;1801;22;39;15;38;100;0,29;0,64;0;0,14;64,91;64,91;1,22;1,07
8;StudentAttendanceSystem;pair;1801;22;39;31;157;100;0,3;0,12;0,9;0,2;65,91;65,91;1,99;1,51
8;StudentAttendanceSystem;state;1802;20;35;8;41;100;0,29;0,41;0;0,06;65,91;65,91;0,9;0,76
8;StudentAttendanceSystem;transition;1802;20;35;12;35;100;0,28;0,61;0;0,1;66,91;66,91;1,14;0,99
8;StudentAttendanceSystem;pair;1802;20;35;33;171;100;0,32;0,14;0,87;0,23;67,91;67,91;2,08;1,56
8;StudentAttendanceSystem;state;1803;24;45;9;48;100;0,33;0,48;0;0,11;68,91;68,91;1,04;0,92
8;StudentAttendanceSystem;transition;1803;24;45;17;44;100;0,41;0,96;0;0,15;68,91;68,91;1,66;1,52
8;StudentAttendanceSystem;pair;1803;24;45;42;226;100;0,31;0,15;1;0,28;70,91;70,91;2,26;1,73
8;StudentAttendanceSystem;state;1804;22;39;9;49;100;0,34;0,37;0;0,07;70,91;70,91;0,9;0,78
8;StudentAttendanceSystem;transition;1804;22;39;13;39;100;0,34;0,58;0;0,11;71,91;71,91;1,17;1,03
8;StudentAttendanceSystem;pair;1804;22;39;31;163;100;0,29;0,16;0,77;0,2;72,91;72,91;1,99;1,41
8;StudentAttendanceSystem;state;1805;21;34;8;40;100;0,25;0,31;0;0,06;73,91;73,91;0,7;0,61
8;StudentAttendanceSystem;transition;1805;21;34;12;33;100;0,32;0,62;0;0,11;73,91;73,91;1,2;1,05
8;StudentAttendanceSystem;pair;1805;21;34;26;128;100;0,28;0,13;0,59;0,19;74,91;74,91;1,66;1,19
8;StudentAttendanceSystem;state;1806;21;34;8;41;100;0,29;0,33;0;0,07;75,91;75,91;0,79;0,68
8;StudentAttendanceSystem;transition;1806;21;34;12;33;100;0,26;0,55;0;0,1;75,91;75,91;1,05;0,92
8;StudentAttendanceSystem;pair;1806;21;34;30;146;100;0,27;0,14;0,68;0,2;76,91;77,91;1,85;1,3
8;StudentAttendanceSystem;state;1807;24;48;11;62;100;0,34;0,43;0;0,11;77,91;77,91;1,01;0,88
8;StudentAttendanceSystem;transition;1807;24;48;15;48;100;0,35;0,85;0;0,18;78,91;78,91;1,56;1,39
8;StudentAttendanceSystem;pair;1807;24;48;47;271;100;0,36;0,28;1,5;0,43;79,91;80,91;3,29;2,57
8;StudentAttendanceSystem;state;1808;27;51;11;61;100;0,41;0,52;0;0,12;80,91;80,91;1,2;1,05
8;StudentAttendanceSystem;transition;1808;27;51;18;50;100;0,36;0,9;0;0,17;81,91;81,91;1,61;1,44
8;StudentAttendanceSystem;pair;1808;27;51;45;245;100;0,39;0,24;1,46;0,33;82,91;83,91;3,07;2,42
8;StudentAttendanceSystem;state;1809;17;27;6;31;100;0,45;0,25;0;0,04;83,91;83,91;0,85;0,74
8;StudentAttendanceSystem;transition;1809;17;27;9;27;100;0,25;0,53;0;0,07;84,91;84,91;0,98;0,85
8;StudentAttendanceSystem;pair;1809;17;27;24;116;100;0,26;0,08;0,47;0,16;84,91;84,91;1,42;0,97
8;StudentAttendanceSystem;state;1810;19;32;7;37;100;0,33;0,28;0;0,07;85,91;85,91;0,81;0,68
8;StudentAttendanceSystem;transition;1810;19;32;10;32;100;0,31;0,57;0;0,3;85,91;86,91;1,38;1,18
8;StudentAttendanceSystem;pair;1810;19;32;28;148;100;0,31;0,14;0,71;0,32;86,91;87,91;2,09;1,47
8;StudentAttendanceSystem;state;1811;22;42;10;56;100;0,39;0,37;0;0,08;87,91;87,91;0,96;0,84
8;StudentAttendanceSystem;transition;1811;22;42;13;42;100;0,3;0,65;0;0,13;88,91;88,91;1,23;1,08
8;StudentAttendanceSystem;pair;1811;22;42;39;221;100;0,38;0,17;1,14;0,35;89,91;89,91;2,67;2,03
8;StudentAttendanceSystem;state;1812;23;41;9;45;100;0,31;0,34;0;0,09;90,91;90,91;0,97;0,74
8;StudentAttendanceSystem;transition;1812;23;41;16;40;100;0,36;0,75;0;0,13;90,91;90,91;1,39;1,24
8;StudentAttendanceSystem;pair;1812;23;41;33;170;100;0,28;0,13;0,77;0,22;91,91;92,91;1,87;1,4
8;StudentAttendanceSystem;state;1813;23;43;9;45;100;0,42;0,43;0;0,07;92,91;92,91;1,04;0,92
8;StudentAttendanceSystem;transition;1813;23;43;15;42;100;0,33;0,78;0;0,16;93,91;93,91;1,45;1,27
8;StudentAttendanceSystem;pair;1813;23;43;40;219;100;0,31;0,16;1,24;0,29;94,91;94,91;2,6;2
8;StudentAttendanceSystem;state;1814;27;54;12;67;100;0,42;0,46;0;0,1;95,91;95,91;1,12;0,99
8;StudentAttendanceSystem;transition;1814;27;54;17;54;100;0,32;0,95;0;0,2;96,91;96,91;1,65;1,47
8;StudentAttendanceSystem;pair;1814;27;54;45;265;100;0,37;0,22;1,43;0,45;97,91;98,91;3,2;2,47
8;StudentAttendanceSystem;state;1815;21;38;8;43;100;0,32;0,37;0;0,08;98,91;98,91;0,9;0,77
8;StudentAttendanceSystem;transition;1815;21;38;13;37;100;0,32;0,7;0;0,12;99,91;99,91;1,31;1,14
8;StudentAttendanceSystem;pair;1815;21;38;34;192;100;0,32;0,16;1,08;0,26;100,91;100,91;2,46;1,82
8;StudentAttendanceSystem;state;1816;23;47;9;46;100;0,35;0,37;0;0,07;101,91;101,91;0,89;0,79
8;StudentAttendanceSystem;transition;1816;23;47;18;47;100;0,29;0,81;0;0,17;101,91;101,91;1,41;1,27
8;StudentAttendanceSystem;pair;1816;23;47;45;249;100;0,34;0,19;1,47;0,37;103,91;103,91;3,11;2,37
8;StudentAttendanceSystem;state;1817;24;46;9;49;100;0,35;0,41;0;0,09;103,91;104,91;0,98;0,85
8;StudentAttendanceSystem;transition;1817;24;46;15;45;100;0,32;0,77;0;0,15;104,91;104,91;1,4;1,24
8;StudentAttendanceSystem;pair;1817;24;46;45;247;100;0,35;0,17;1,19;0,31;105,91;106,91;2,71;2,02
8;StudentAttendanceSystem;state;1818;20;36;8;41;100;0,35;0,34;0;0,06;106,91;106,91;0,86;0,75
8;StudentAttendanceSystem;transition;1818;20;36;13;36;100;0,34;0,63;0;0,13;107,91;107,91;1,25;1,1
8;StudentAttendanceSystem;pair;1818;20;36;37;187;100;0,32;0,15;1,03;0,28;108,91;108,91;2,32;1,78
8;StudentAttendanceSystem;state;1819;25;50;12;65;100;0,35;0,45;0;0,11;109,91;109,91;1,03;0,91
8;StudentAttendanceSystem;transition;1819;25;50;16;50;100;0,36;0,83;0;0,15;109,91;110,91;1,51;1,34
8;StudentAttendanceSystem;pair;1819;25;50;46;266;100;0,43;0,21;1,39;0,36;111,91;111,91;3,21;2,38
8;StudentAttendanceSystem;state;1820;19;32;7;36;100;0,28;0,32;0;0,1;112,91;112,91;0,81;0,69
8;StudentAttendanceSystem;transition;1820;19;32;11;32;100;0,3;0,59;0;0,09;112,91;112,91;1,14;0,99
8;StudentAttendanceSystem;pair;1820;19;32;25;129;100;0,27;0,13;0,63;0,23;113,91;113,91;1,73;1,26
8;StudentAttendanceSystem;state;1821;21;35;8;43;100;0,3;0,4;0;0,07;114,91;114,91;0,9;0,77
8;StudentAttendanceSystem;transition;1821;21;35;12;34;100;0,32;0,64;0;0,11;114,91;114,91;1,21;1,07
8;StudentAttendanceSystem;pair;1821;21;35;26;140;100;0,28;0,1;0,64;0,17;115,91;116,91;1,65;1,19
8;StudentAttendanceSystem;state;1822;20;38;8;39;100;0,27;0,38;0;0,06;116,91;116,91;0,82;0,71
8;StudentAttendanceSystem;transition;1822;20;38;13;38;100;0,29;0,63;0;0,14;117,91;117,91;1,2;1,06
8;StudentAttendanceSystem;pair;1822;20;38;37;201;100;0,28;0,17;0,93;0,24;118,91;118,91;2,21;1,63
8;StudentAttendanceSystem;state;1823;18;33;7;36;100;0,26;0,28;0;0,05;118,91;118,91;0,67;0,58
8;StudentAttendanceSystem;transition;1823;18;33;11;33;100;0,24;0,48;0;0,09;119,91;119,91;0,91;0,8
8;StudentAttendanceSystem;pair;1823;18;33;29;159;100;0,24;0,13;0,77;0,22;120,91;120,91;1,82;1,35
8;StudentAttendanceSystem;state;1824;24;44;9;48;100;0,31;0,35;0;0,08;121,91;121,91;0,84;0,74
8;StudentAttendanceSystem;transition;1824;24;44;16;43;100;0,3;0,72;0;0,14;121,91;121,91;1,3;1,16
8;StudentAttendanceSystem;pair;1824;24;44;38;210;100;0,35;0,19;1,14;0,28;123,91;123,91;2,6;1,96
8;StudentAttendanceSystem;state;1825;26;49;10;56;100;0,4;0,44;0;0,09;123,91;123,91;1,05;0,93
8;StudentAttendanceSystem;transition;1825;26;49;17;48;100;0,38;0,91;0;0,16;124,91;124,91;1,61;1,45
8;StudentAttendanceSystem;pair;1825;26;49;42;236;100;0,35;0,22;1,26;0,32;125,91;126,91;2,93;2,15
8;StudentAttendanceSystem;state;1826;20;37;8;41;100;0,31;0,3;0;0,07;126,91;126,91;0,79;0,68
8;StudentAttendanceSystem;transition;1826;20;37;13;36;100;0,27;0,66;0;0,12;127,91;127,91;1,2;1,05
8;StudentAttendanceSystem;pair;1826;20;37;33;181;100;0,37;0,12;1,01;0,26;128,91;128,91;2,3;1,76
8;StudentAttendanceSystem;state;1827;22;43;9;45;100;0,31;0,39;0;0,07;129,91;129,91;0,9;0,78
8;StudentAttendanceSystem;transition;1827;22;43;17;43;100;0,33;1,04;0;0,15;129,91;130,91;1,79;1,52
8;StudentAttendanceSystem;pair;1827;22;43;40;212;100;0,32;0,17;1,05;0,35;131,91;131,91;2,5;1,88
8;StudentAttendanceSystem;state;1828;24;47;10;55;100;0,36;0,42;0;0,09;131,91;132,91;1;0,87
8;StudentAttendanceSystem;transition;1828;24;47;17;47;100;0,29;0,77;0;0,18;132,91;132,91;1,45;1,25
8;StudentAttendanceSystem;pair;1828;24;47;44;236;100;0,39;0,2;1,21;0,33;133,91;134,91;2,89;2,13
8;StudentAttendanceSystem;state;1829;26;52;11;61;100;0,41;0,48;0;0,13;134,91;134,91;1,15;1,02
8;StudentAttendanceSystem;transition;1829;26;52;18;52;100;0,37;0,92;0;0,17;135,91;135,91;1,65;1,47
8;StudentAttendanceSystem;pair;1829;26;52;48;268;100;0,42;0,29;1,96;0,36;137,91;137,91;3,88;3,02
8;StudentAttendanceSystem;state;1830;24;46;10;55;100;0,39;0,41;0;0,11;137,91;138,91;1,07;0,91
8;StudentAttendanceSystem;transition;1830;24;46;16;46;100;0,57;0,81;0;0,15;138,91;138,91;1,7;1,52
8;StudentAttendanceSystem;pair;1830;24;46;40;220;100;0,35;0,19;1,25;0,37;139,91;140,91;2,97;2,16
8;StudentAttendanceSystem;state;1831;29;58;12;65;100;0,43;0,44;0;0,11;140,91;140,91;1,1;0,98
8;StudentAttendanceSystem;transition;1831;29;58;21;57;100;0,42;1,06;0;0,24;141,91;141,91;1,94;1,72
8;StudentAttendanceSystem;pair;1831;29;58;51;293;100;0,41;0,25;2,2;0,45;143,91;143,91;4,15;3,31
8;StudentAttendanceSystem;state;1832;21;40;8;42;100;0,37;0,38;0;0,07;144,91;144,91;0,97;0,82
8;StudentAttendanceSystem;transition;1832;21;40;15;40;100;0,36;0,89;0;0,13;144,91;144,91;1,55;1,38
8;StudentAttendanceSystem;pair;1832;21;40;37;197;100;0,3;0,16;0,98;0,27;145,91;146,91;2,36;1,71
8;StudentAttendanceSystem;state;1833;19;32;7;37;100;0,38;0,45;0;0,07;146,91;146,91;1,05;0,9
8;StudentAttendanceSystem;transition;1833;19;32;11;31;100;0,5;0,72;0;0,13;147,91;147,91;1,52;1,35
8;StudentAttendanceSystem;pair;1833;19;32;26;136;100;0,33;0,15;0,84;0,23;148,91;148,91;2,13;1,55
8;StudentAttendanceSystem;state;1834;22;41;9;46;100;0,35;0,41;0;0,07;148,91;148,91;0,94;0,82
8;StudentAttendanceSystem;transition;1834;22;41;14;41;100;0,28;0,66;0;0,17;149,91;149,91;1,28;1,11
8;StudentAttendanceSystem;pair;1834;22;41;37;204;100;0,31;0,22;1,27;0,32;150,91;150,91;2,85;2,13
8;StudentAttendanceSystem;state;1835;20;36;8;43;100;0,49;0,38;0;0,07;151,91;151,91;1,07;0,94
8;StudentAttendanceSystem;transition;1835;20;36;12;36;100;0,3;0,6;0;0,11;151,91;152,91;1,15;1,02
8;StudentAttendanceSystem;pair;1835;20;36;29;163;100;0,28;0,11;0,64;0,33;152,91;153,91;1,83;1,37
8;StudentAttendanceSystem;state;1836;20;35;7;37;100;0,29;0,31;0;0,04;153,91;153,91;0,74;0,64
8;StudentAttendanceSystem;transition;1836;20;35;12;34;100;0,26;0,63;0;0,1;154,91;154,91;1,13;0,99
8;StudentAttendanceSystem;pair;1836;20;35;34;174;100;0,25;0,11;0,74;0,14;155,91;155,91;1,66;1,25
8;StudentAttendanceSystem;state;1837;28;55;11;62;100;0,35;0,4;0;0,09;155,91;156,91;0,95;0,84
8;StudentAttendanceSystem;transition;1837;28;55;19;54;100;0,37;1,05;0;0,24;156,91;156,91;1,86;1,66
8;StudentAttendanceSystem;pair;1837;28;55;49;283;100;0,33;0,24;1,46;0,41;158,91;158,91;3,21;2,45
8;StudentAttendanceSystem;state;1838;32;65;15;81;100;0,4;0,48;0;0,12;159,91;159,91;1,13;1
8;StudentAttendanceSystem;transition;1838;32;65;22;64;100;0,34;1,05;0;0,2;160,91;160,91;1,74;1,59
8;StudentAttendanceSystem;pair;1838;32;65;59;340;100;0,39;0,29;1,58;0,36;162,91;162,91;3,33;2,62
8;StudentAttendanceSystem;state;1839;27;55;12;67;100;0,35;0,5;0;0,12;163,91;163,91;1,11;0,97
8;StudentAttendanceSystem;transition;1839;27;55;18;55;100;0,33;0,87;0;0,2;164,91;164,91;1,57;1,39
8;StudentAttendanceSystem;pair;1839;27;55;48;280;100;0,36;0,2;1,65;0,47;165,91;165,91;3,42;2,67
8;StudentAttendanceSystem;state;1840;22;41;9;49;100;0,38;0,54;0;0,11;166,91;166,91;1,18;1,03
8;StudentAttendanceSystem;transition;1840;22;41;14;41;100;0,37;0,87;0;0,14;167,91;167,91;1,57;1,38
8;StudentAttendanceSystem;pair;1840;22;41;40;208;100;0,32;0,19;1,35;0,39;168,91;168,91;2,95;2,26
8;StudentAttendanceSystem;state;1841;18;31;7;37;100;0,32;0,34;0;0,07;168,91;168,91;0,86;0,73
8;StudentAttendanceSystem;transition;1841;18;31;11;31;100;0,28;0,62;0;0,12;169,91;169,91;1,18;1,01
8;StudentAttendanceSystem;pair;1841;18;31;25;131;100;0,29;0,18;0,74;0,26;170,91;170,91;2,1;1,47
8;StudentAttendanceSystem;state;1842;18;31;8;40;100;0,31;0,35;0;0,08;170,91;171,91;0,88;0,75
8;StudentAttendanceSystem;transition;1842;18;31;10;31;100;0,26;0,67;0;0,1;171,91;171,91;1,2;1,04
8;StudentAttendanceSystem;pair;1842;18;31;27;140;100;0,33;0,16;0,84;0,21;172,91;172,91;2,07;1,53
8;StudentAttendanceSystem;state;1843;26;50;10;52;100;0,36;0,58;0;0,11;173,91;173,91;1,2;1,05
8;StudentAttendanceSystem;transition;1843;26;50;18;49;100;0,45;1,03;0;0,21;173,91;174,91;1,9;1,68
8;StudentAttendanceSystem;pair;1843;26;50;44;250;100;0,39;0,31;1,86;0,43;175,91;175,91;3,83;2,99
8;StudentAttendanceSystem;state;1844;19;36;7;36;100;0,33;0,41;0;0,07;176,91;176,91;1,02;0,81
8;StudentAttendanceSystem;transition;1844;19;36;12;36;100;0,3;0,62;0;0,12;176,91;176,91;1,22;1,04
8;StudentAttendanceSystem;pair;1844;19;36;38;202;100;0,31;0,18;1,28;0,33;177,91;178,91;2,72;2,09
8;StudentAttendanceSystem;state;1845;25;45;10;55;100;0,38;0,47;0;0,11;178,91;178,91;1,11;0,96
8;StudentAttendanceSystem;transition;1845;25;45;16;44;100;0,35;1,12;0;0,28;179,91;179,91;1,96;1,75
8;StudentAttendanceSystem;pair;1845;25;45;37;197;100;0,37;0,2;1,28;0,38;180,91;180,91;3,12;2,23
8;StudentAttendanceSystem;state;1846;23;46;9;48;100;0,47;0,48;0;0,08;181,91;181,91;1,16;1,03
8;StudentAttendanceSystem;transition;1846;23;46;17;46;100;0,37;0,96;0;0,24;181,91;182,91;1,77;1,57
8;StudentAttendanceSystem;pair;1846;23;46;45;249;100;0,36;0,23;1,6;0,37;183,91;183,91;3,43;2,55
8;StudentAttendanceSystem;state;1847;21;36;8;41;100;0,36;0,42;0;0,09;184,91;184,91;1,03;0,87
8;StudentAttendanceSystem;transition;1847;21;36;13;35;100;0,33;0,76;0;0,14;184,91;184,91;1,41;1,24
8;StudentAttendanceSystem;pair;1847;21;36;29;151;100;2,89;0,16;0,97;0,22;5,93;5,93;5,15;4,25
8;StudentAttendanceSystem;state;1848;29;58;12;65;100;0,48;0,56;0;0,14;6,93;6,93;1,36;1,19
8;StudentAttendanceSystem;transition;1848;29;58;21;57;100;0,42;1,23;0;0,2;7,93;7,93;2,04;1,85
8;StudentAttendanceSystem;pair;1848;29;58;50;287;100;0,34;0,32;1,82;0,38;8,93;9,93;3,83;2,87
8;StudentAttendanceSystem;state;1849;20;35;8;41;100;0,31;0,3;0;0,06;9,93;9,93;0,78;0,67
8;StudentAttendanceSystem;transition;1849;20;35;12;35;100;0,29;0,62;0;0,13;10,93;10,93;1,21;1,03
8;StudentAttendanceSystem;pair;1849;20;35;34;172;100;0,33;0,15;0,75;0,21;11,93;11,93;1,94;1,44
8;StudentAttendanceSystem;state;1850;27;52;11;57;100;0,35;0,51;0;0,12;12,93;12,93;1,12;0,98
8;StudentAttendanceSystem;transition;1850;27;52;19;51;100;0,47;1,03;0;0,24;12,93;13,93;1,96;1,75
8;StudentAttendanceSystem;pair;1850;27;52;45;257;100;0,41;0,19;1,57;0,39;14,93;14,93;3,36;2,56
8;StudentAttendanceSystem;state;1851;25;49;11;59;100;0,46;0,48;0;0,12;15,93;15,93;1,2;1,06
8;StudentAttendanceSystem;transition;1851;25;49;17;48;100;0,36;0,91;0;0,17;16,93;16,93;1,63;1,44
8;StudentAttendanceSystem;pair;1851;25;49;48;274;100;0,32;0,23;1,89;0,37;17,93;17,93;3,74;2,81
8;StudentAttendanceSystem;state;1852;23;45;9;48;100;0,38;0,43;0;0,09;18,93;18,93;1,03;0,91
8;StudentAttendanceSystem;transition;1852;23;45;15;45;100;0,3;0,79;0;0,18;19,93;19,93;1,42;1,27
8;StudentAttendanceSystem;pair;1852;23;45;45;253;100;0,37;0,21;1,25;0,34;20,93;20,93;2,95;2,17
8;StudentAttendanceSystem;state;1853;26;52;11;62;100;0,48;0,45;0;0,1;21,93;21,93;1,18;1,03
8;StudentAttendanceSystem;transition;1853;26;52;16;52;100;0,4;0,98;0;0,19;22,93;22,93;1,76;1,57
8;StudentAttendanceSystem;pair;1853;26;52;41;247;100;0,37;0,31;1,49;0,36;23,93;23,93;3,31;2,54
8;StudentAttendanceSystem;state;1854;27;52;11;61;100;0,35;0,48;0;0,1;24,93;24,93;1,04;0,93
8;StudentAttendanceSystem;transition;1854;27;52;18;51;100;0,4;1,06;0;0,18;25,93;25,93;1,82;1,63
8;StudentAttendanceSystem;pair;1854;27;52;51;279;100;0,38;0,21;1,9;0,51;26,93;27,93;3,75;3
8;StudentAttendanceSystem;state;1855;22;43;8;43;100;0,4;0,43;0;0,09;27,93;27,93;1,06;0,92
8;StudentAttendanceSystem;transition;1855;22;43;15;42;100;0,37;0,85;0;0,17;28,93;28,93;1,56;1,38
8;StudentAttendanceSystem;pair;1855;22;43;40;228;100;0,34;0,15;1,18;0,32;29,93;29,93;2,66;2
8;StudentAttendanceSystem;state;1856;22;42;9;47;100;0,32;0,36;0;0,08;30,93;30,93;0,88;0,77
8;StudentAttendanceSystem;transition;1856;22;42;15;42;100;0,32;0,75;0;0,17;30,93;31,93;1,4;1,24
8;StudentAttendanceSystem;pair;1856;22;42;44;234;100;0,29;0,22;1,37;0,29;32,93;32,93;2,76;2,17
8;StudentAttendanceSystem;state;1857;26;53;11;61;100;0,43;0,47;0;0,11;33,93;33,93;1,13;1,01
8;StudentAttendanceSystem;transition;1857;26;53;18;53;100;0,39;0,96;0;0,19;33,93;33,93;1,71;1,53
8;StudentAttendanceSystem;pair;1857;26;53;54;302;100;0,38;0,26;2,04;0,39;35,93;35,93;3,84;3,07
8;StudentAttendanceSystem;state;1858;22;41;9;47;100;0,41;0,4;0;0,08;36,93;36,93;1;0,88
8;StudentAttendanceSystem;transition;1858;22;41;14;41;100;0,3;0,68;0;0,17;36,93;37,93;1,3;1,15
8;StudentAttendanceSystem;pair;1858;22;41;41;219;100;0,34;0,14;1,03;0,28;38,93;38,93;2,37;1,79
8;StudentAttendanceSystem;state;1859;27;55;12;63;100;0,35;0,51;0;0,11;39,93;39,93;1,1;0,96
8;StudentAttendanceSystem;transition;1859;27;55;20;54;100;0,33;0,82;0;0,18;39,93;39,93;1,49;1,33
8;StudentAttendanceSystem;pair;1859;27;55;51;285;100;0,37;0,21;2,27;0,39;41,93;41,93;4,03;3,25
8;StudentAttendanceSystem;state;1860;19;33;7;36;100;0,31;0,28;0;0,06;42,93;42,93;0,77;0,66
8;StudentAttendanceSystem;transition;1860;19;33;12;33;100;0,33;0,6;0;0,1;42,93;42,93;1,17;1,02
8;StudentAttendanceSystem;pair;1860;19;33;27;141;100;0,3;0,1;0,66;0,17;43,93;43,93;1,69;1,22
8;StudentAttendanceSystem;state;1861;23;46;9;46;100;0,37;0,61;0;0,09;44,93;44,93;1,2;1,06
8;StudentAttendanceSystem;transition;1861;23;46;17;45;100;0,3;0,77;0;0,18;45,93;45,93;1,43;1,25
8;StudentAttendanceSystem;pair;1861;23;46;41;232;100;0,32;0,22;1,69;0,33;46,93;46,93;3,32;2,55
8;StudentAttendanceSystem;state;1862;25;50;10;56;100;0,38;0,45;0;0,09;47,93;47,93;1,05;0,92
8;StudentAttendanceSystem;transition;1862;25;50;17;50;100;0,35;0,86;0;0,15;48,93;48,93;1,52;1,36
8;StudentAttendanceSystem;pair;1862;25;50;45;255;100;0,36;0,23;1,45;0,41;49,93;49,93;3,28;2,45
8;StudentAttendanceSystem;state;1863;17;29;6;30;100;0,26;0,28;0;0,05;50,93;50,93;0,73;0,59
8;StudentAttendanceSystem;transition;1863;17;29;9;29;100;0,25;0,49;0;0,08;50,93;50,93;0,97;0,82
8;StudentAttendanceSystem;pair;1863;17;29;28;144;100;0,25;0,16;0,64;0,18;51,93;51,93;1,74;1,23
8;StudentAttendanceSystem;state;1864;22;38;8;42;100;0,36;0,38;0;0,13;52,93;52,93;1;0,86
8;StudentAttendanceSystem;transition;1864;22;38;14;37;100;0,27;0,62;0;0,16;52,93;52,93;1,2;1,05
8;StudentAttendanceSystem;pair;1864;22;38;32;164;100;0,26;0,14;0,96;0,23;53,93;54,93;2,13;1,59
8;StudentAttendanceSystem;state;1865;23;45;9;48;100;0,37;0,36;0;0,09;54,93;54,93;0,98;0,81
8;StudentAttendanceSystem;transition;1865;23;45;16;45;100;0,33;0,73;0;0,15;55,93;55,93;1,38;1,2
8;StudentAttendanceSystem;pair;1865;23;45;42;234;100;0,38;0,2;1,39;0,39;56,93;56,93;3,15;2,37
8;StudentAttendanceSystem;state;1866;23;45;9;50;100;0,35;0,37;0;0,08;57,93;57,93;0,92;0,79
8;StudentAttendanceSystem;transition;1866;23;45;16;45;100;0,28;0,74;0;0,19;58,93;58,93;1,42;1,21
8;StudentAttendanceSystem;pair;1866;23;45;40;220;100;0,4;0,15;1,09;0,33;59,93;59,93;2,67;1,97
8;StudentAttendanceSystem;state;1867;30;59;13;73;100;0,46;0,54;0;0,14;60,93;60,93;1,29;1,14
8;StudentAttendanceSystem;transition;1867;30;59;19;58;100;0,36;0,96;0;0,23;61,93;61,93;1,73;1,55
8;StudentAttendanceSystem;pair;1867;30;59;49;289;100;0,46;0,23;1,73;0,43;62,93;63,93;3,72;2,85
8;StudentAttendanceSystem;state;1868;22;42;9;47;100;0,43;0,45;0;0,09;63,93;63,93;1,12;0,97
8;StudentAttendanceSystem;transition;1868;22;42;15;42;100;0,28;0,68;0;0,17;64,93;64,93;1,28;1,12
8;StudentAttendanceSystem;pair;1868;22;42;44;234;100;0,33;0,14;1,24;0,3;65,93;65,93;2,64;2,01
8;StudentAttendanceSystem;state;1869;26;54;11;59;100;0,38;0,44;0;0,1;66,93;66,93;1,05;0,92
8;StudentAttendanceSystem;transition;1869;26;54;20;54;100;0,35;1,04;0;0,17;67,93;67,93;1,73;1,56
8;StudentAttendanceSystem;pair;1869;26;54;50;280;100;0,38;0,28;1,51;0,46;68,93;69,93;3,47;2,64
8;StudentAttendanceSystem;state;1870;19;32;7;37;100;0,33;0,32;0;0,06;69,93;69,93;0,83;0,71
8;StudentAttendanceSystem;transition;1870;19;32;10;32;100;0,28;0,55;0;0,09;70,93;70,93;1,07;0,92
8;StudentAttendanceSystem;pair;1870;19;32;28;148;100;0,29;0,1;0,79;0,19;70,93;71,93;1,9;1,37
8;StudentAttendanceSystem;state;1871;21;41;9;50;100;0,31;0,37;0;0,08;71,93;71,93;0,87;0,75
8;StudentAttendanceSystem;transition;1871;21;41;13;41;100;0,29;0,69;0;0,12;72,93;72,93;1,24;1,09
8;StudentAttendanceSystem;pair;1871;21;41;41;237;100;0,36;0,15;1,03;0,33;73,93;73,93;2,47;1,87
8;StudentAttendanceSystem;state;1872;20;37;8;41;100;0,33;0,32;0;0,07;74,93;74,93;0,84;0,72
8;StudentAttendanceSystem;transition;1872;20;37;13;37;100;0,28;0,59;0;0,13;74,93;75,93;1,17;1
8;StudentAttendanceSystem;pair;1872;20;37;31;171;100;0,29;0,12;0,71;0,22;75,93;76,93;1,85;1,34
8;StudentAttendanceSystem;state;1873;19;32;7;37;100;0,33;0,34;0;0,06;76,93;76,93;0,84;0,72
8;StudentAttendanceSystem;transition;1873;19;32;11;31;100;0,3;0,63;0;0,1;77,93;77,93;1,18;1,03
8;StudentAttendanceSystem;pair;1873;19;32;28;149;100;0,28;0,1;0,59;0,18;78,93;78,93;1,73;1,15
8;StudentAttendanceSystem;state;1874;24;49;10;54;100;0,36;0,46;0;0,1;78,93;78,93;1,07;0,92
8;StudentAttendanceSystem;transition;1874;24;49;16;49;100;0,36;0,82;0;0,15;79,93;79,93;1,5;1,33
8;StudentAttendanceSystem;pair;1874;24;49;51;283;100;0,32;0,22;1,67;0,41;81,93;81,93;3,46;2,62
8;StudentAttendanceSystem;state;1875;22;39;8;42;100;0,37;0,3;0;0,06;81,93;81,93;0,9;0,73
8;StudentAttendanceSystem;transition;1875;22;39;15;38;100;0,32;0,73;0;0,15;82,93;82,93;1,37;1,19
8;StudentAttendanceSystem;pair;1875;22;39;35;179;100;0,29;0,12;0,92;0,23;83,93;83,93;2,12;1,57
8;StudentAttendanceSystem;state;1876;22;41;10;50;100;0,34;0,36;0;0,08;84,93;84,93;0,9;0,78
8;StudentAttendanceSystem;transition;1876;22;41;15;40;100;0,29;0,66;0;0,14;85,93;85,93;1,26;1,09
8;StudentAttendanceSystem;pair;1876;22;41;35;180;100;0,39;0,13;0,89;0,29;86,93;86,93;2,3;1,7
8;StudentAttendanceSystem;state;1877;23;45;10;50;100;0,33;0,37;0;0,09;86,93;86,93;0,91;0,78
8;StudentAttendanceSystem;transition;1877;23;45;17;45;100;0,4;0,71;0;0,15;87,93;87,93;1,43;1,27
8;StudentAttendanceSystem;pair;1877;23;45;46;244;100;0,29;0,15;1,29;0,38;88,93;89,93;2,78;2,11
8;StudentAttendanceSystem;state;1878;21;40;9;50;100;0,34;0,36;0;0,08;89,93;89,93;0,9;0,78
8;StudentAttendanceSystem;transition;1878;21;40;13;40;100;0,27;0,64;0;0,12;90,93;90,93;1,16;1,02
8;StudentAttendanceSystem;pair;1878;21;40;35;199;100;0,31;0,17;1,04;0,24;91,93;91,93;2,31;1,76
8;StudentAttendanceSystem;state;1879;21;39;9;50;100;0,34;0,34;0;0,08;92,93;92,93;0,89;0,76
8;StudentAttendanceSystem;transition;1879;21;39;12;39;100;0,37;0,7;0;0,4;92,93;92,93;1,68;1,46
8;StudentAttendanceSystem;pair;1879;21;39;33;187;100;0,33;0,13;0,79;0,24;93,93;94,93;2,03;1,49
8;StudentAttendanceSystem;state;1880;21;40;9;50;100;0,29;0,32;0;0,13;94,93;94,93;0,86;0,73
8;StudentAttendanceSystem;transition;1880;21;40;12;40;100;0,37;0,73;0;0,15;95,93;95,93;1,44;1,25
8;StudentAttendanceSystem;pair;1880;21;40;38;222;100;0,3;0,15;1,14;0,28;96,93;96,93;2,48;1,86
8;StudentAttendanceSystem;state;1881;17;27;6;31;100;0,39;0,26;0;0,05;97,93;97,93;0,82;0,71
8;StudentAttendanceSystem;transition;1881;17;27;9;27;100;0,25;0,49;0;0,08;97,93;97,93;1,01;0,83
8;StudentAttendanceSystem;pair;1881;17;27;25;120;100;0,29;0,09;0,48;0,16;98,93;98,93;1,59;1,03
8;StudentAttendanceSystem;state;1882;27;50;11;61;100;0,34;0,4;0;0,09;99,93;99,93;0,94;0,83
8;StudentAttendanceSystem;transition;1882;27;50;17;49;100;0,32;0,94;0;0,24;99,93;100,93;1,71;1,5
8;StudentAttendanceSystem;pair;1882;27;50;42;234;100;0,31;0,19;1,5;0,39;101,93;101,93;3,11;2,39
8;StudentAttendanceSystem;state;1883;24;45;10;56;100;0,35;0,4;0;0,09;102,93;102,93;0,96;0,84
8;StudentAttendanceSystem;transition;1883;24;45;14;44;100;0,3;0,77;0;0,16;102,93;102,93;1,39;1,22
8;StudentAttendanceSystem;pair;1883;24;45;42;246;100;0,34;0,23;1,15;0,32;104,93;104,93;2,74;2,04
8;StudentAttendanceSystem;state;1884;19;33;7;37;100;0,32;0,4;0;0,06;104,93;104,93;0,9;0,78
8;StudentAttendanceSystem;transition;1884;19;33;11;33;100;0,29;0,59;0;0,1;105,93;105,93;1,12;0,98
8;StudentAttendanceSystem;pair;1884;19;33;32;167;100;0,3;0,15;0,71;0,23;106,93;106,93;1,95;1,39
8;StudentAttendanceSystem;state;1885;21;39;8;42;100;0,31;0,48;0;0,07;107,93;107,93;0,99;0,86
8;StudentAttendanceSystem;transition;1885;21;39;14;38;100;0,28;0,66;0;0,15;107,93;107,93;1,24;1,08
8;StudentAttendanceSystem;pair;1885;21;39;36;194;100;0,34;0,16;1,11;0,3;108,93;109,93;2,63;1,9
8;StudentAttendanceSystem;state;1886;22;41;9;47;100;0,34;0,37;0;0,08;109,93;109,93;0,92;0,79
8;StudentAttendanceSystem;transition;1886;22;41;14;41;100;0,34;0,69;0;0,13;110,93;110,93;1,31;1,16
8;StudentAttendanceSystem;pair;1886;22;41;41;219;100;0,38;0,18;1,18;0,31;111,93;111,93;2,75;2,04
8;StudentAttendanceSystem;state;1887;22;39;9;49;100;0,35;0,34;0;0,08;112,93;112,93;0,88;0,77
8;StudentAttendanceSystem;transition;1887;22;39;13;39;100;0,32;0,62;0;0,11;112,93;112,93;1,22;1,05
8;StudentAttendanceSystem;pair;1887;22;39;32;167;100;0,29;0,16;0,85;0,23;113,93;114,93;2,12;1,53
8;StudentAttendanceSystem;state;1888;23;45;9;50;100;0,36;0,48;0;0,1;114,93;114,93;1,09;0,94
8;StudentAttendanceSystem;transition;1888;23;45;16;45;100;0,35;0,85;0;0,16;115,93;115,93;1,53;1,36
8;StudentAttendanceSystem;pair;1888;23;45;41;223;100;0,34;0,24;1,3;0,35;116,93;116,93;2,98;2,23
8;StudentAttendanceSystem;state;1889;23;41;9;46;100;0,38;0,46;0;0,12;117,93;117,93;1,12;0,95
8;StudentAttendanceSystem;transition;1889;23;41;15;40;100;0,31;0,73;0;0,15;118,93;118,93;1,37;1,19
8;StudentAttendanceSystem;pair;1889;23;41;38;198;100;0,45;0,17;1,2;0,3;119,93;119,93;2,8;2,13
8;StudentAttendanceSystem;state;1890;24;45;10;56;100;0,34;0,36;0;0,1;119,93;120,93;0,94;0,8
8;StudentAttendanceSystem;transition;1890;24;45;14;44;100;0,36;0,71;0;0,19;120,93;120,93;1,46;1,27
8;StudentAttendanceSystem;pair;1890;24;45;42;246;100;0,38;0,23;1,45;0,36;121,93;122,93;3,08;2,42
8;StudentAttendanceSystem;state;1891;21;40;9;46;100;0,33;0,35;0;0,08;122,93;122,93;0,89;0,76
8;StudentAttendanceSystem;transition;1891;21;40;15;40;100;0,33;0,7;0;0,16;123,93;123,93;1,38;1,19
8;StudentAttendanceSystem;pair;1891;21;40;34;186;100;0,31;0,18;1,3;0,27;124,93;124,93;2,7;2,05
8;StudentAttendanceSystem;state;1892;20;37;8;41;100;0,36;0,39;0;0,09;125,93;125,93;0,97;0,83
8;StudentAttendanceSystem;transition;1892;20;37;13;36;100;0,36;0,8;0;0,13;125,93;126,93;1,49;1,29
8;StudentAttendanceSystem;pair;1892;20;37;32;176;100;0,3;0,13;0,96;0,28;126,93;127,93;2,24;1,67
8;StudentAttendanceSystem;state;1893;26;52;11;61;100;0,45;0,45;0;0,14;127,93;127,93;1,18;1,04
8;StudentAttendanceSystem;transition;1893;26;52;18;52;100;0,38;0,88;0;0,19;128,93;128,93;1,65;1,45
8;StudentAttendanceSystem;pair;1893;26;52;48;268;100;0,34;0,25;1,44;0,36;129,93;130,93;3,12;2,4
8;StudentAttendanceSystem;state;1894;22;41;9;46;100;0,35;0,37;0;0,07;130,93;130,93;0,92;0,8
8;StudentAttendanceSystem;transition;1894;22;41;15;40;100;0,37;0,69;0;0,13;131,93;131,93;1,35;1,19
8;StudentAttendanceSystem;pair;1894;22;41;36;202;100;0,3;0,19;1,24;0,39;132,93;132,93;2,81;2,11
8;StudentAttendanceSystem;state;1895;23;43;10;53;100;0,45;0,41;0;0,08;133,93;133,93;1,06;0,94
8;StudentAttendanceSystem;transition;1895;23;43;15;42;100;0,34;0,82;0;0,17;134,93;134,93;1,5;1,32
8;StudentAttendanceSystem;pair;1895;23;43;39;218;100;0,34;0,19;1,41;0,35;135,93;135,93;3,04;2,28
8;StudentAttendanceSystem;state;1896;23;41;8;43;100;0,37;0,44;0;0,13;136,93;136,93;1,05;0,93
8;StudentAttendanceSystem;transition;1896;23;41;14;40;100;0,36;0,95;0;0,17;136,93;136,93;1,65;1,48
8;StudentAttendanceSystem;pair;1896;23;41;32;181;100;0,36;0,2;0,93;0,24;137,93;138,93;2,45;1,72
8;StudentAttendanceSystem;state;1897;25;50;10;56;100;0,25;0,31;0;0,1;138,93;138,93;0,75;0,66
8;StudentAttendanceSystem;transition;1897;25;50;17;50;100;0,33;0,84;0;0,16;139,93;139,93;1,49;1,32
8;StudentAttendanceSystem;pair;1897;25;50;45;259;100;0,32;0,21;1,4;0,34;140,93;141,93;3;2,26
8;StudentAttendanceSystem;state;1898;16;27;6;30;100;0,29;0,26;0;0,05;141,93;141,93;0,71;0,6
8;StudentAttendanceSystem;transition;1898;16;27;9;27;100;0,3;0,49;0;0,1;142,93;142,93;1,05;0,89
8;StudentAttendanceSystem;pair;1898;16;27;21;109;100;0,22;0,11;0,45;0,14;142,93;143,93;1,34;0,92
8;StudentAttendanceSystem;state;1899;23;44;11;59;100;0,32;0,41;0;0,13;143,93;143,93;0,99;0,86
8;StudentAttendanceSystem;transition;1899;23;44;14;44;100;0,34;0,75;0;0,15;144,93;144,93;1,42;1,23
8;StudentAttendanceSystem;pair;1899;23;44;39;219;100;0,34;0,18;1,3;0,31;145,93;145,93;2,89;2,13
8;StudentAttendanceSystem;state;1900;24;46;10;52;100;0,41;0,43;0;0,1;146,93;146,93;1,09;0,94
8;StudentAttendanceSystem;transition;1900;24;46;16;45;100;0,41;0,79;0;0,27;146,93;147,93;1,63;1,46
8;StudentAttendanceSystem;pair;1900;24;46;39;228;100;0,39;0,22;1,4;0,31;148,93;148,93;2,96;2,31
8;StudentAttendanceSystem;state;1901;26;49;11;58;100;0,35;0,31;0;0,06;149,93;149,93;0,81;0,72
8;StudentAttendanceSystem;transition;1901;26;49;19;48;100;0,23;0,78;0;0,16;149,93;150,93;1,31;1,17
8;StudentAttendanceSystem;pair;1901;26;49;43;223;100;0,3;0,19;1,29;0,28;151,93;151,93;2,67;2,06
8;StudentAttendanceSystem;state;1902;25;47;11;62;100;0,32;0,53;0;0,1;152,93;152,93;1,08;0,95
8;StudentAttendanceSystem;transition;1902;25;47;15;46;100;0,3;0,73;0;0,17;152,93;152,93;1,37;1,2
8;StudentAttendanceSystem;pair;1902;25;47;44;248;100;0,38;0,16;1,61;0,35;154,93;154,93;3,17;2,49
8;StudentAttendanceSystem;state;1903;22;40;9;46;100;0,35;0,37;0;0,09;154,93;155,93;0,97;0,82
8;StudentAttendanceSystem;transition;1903;22;40;14;39;100;0,29;0,61;0;0,15;155,93;155,93;1,18;1,04
8;StudentAttendanceSystem;pair;1903;22;40;33;187;100;0,35;0,13;0,91;0,23;156,93;157,93;2,22;1,62
8;StudentAttendanceSystem;state;1904;17;29;6;30;100;0,26;0,27;0;0,06;157,93;157,93;0,7;0,58
8;StudentAttendanceSystem;transition;1904;17;29;9;29;100;0,25;0,41;0;0,07;157,93;157,93;0,85;0,73
8;StudentAttendanceSystem;pair;1904;17;29;29;148;100;0,23;0,09;0,69;0,22;158,93;159,93;1,73;1,23
8;StudentAttendanceSystem;state;1905;24;45;10;56;100;0,3;0,36;0;0,1;159,93;159,93;0,87;0,76
8;StudentAttendanceSystem;transition;1905;24;45;15;44;100;0,3;0,74;0;0,15;160,93;160,93;1,33;1,19
8;StudentAttendanceSystem;pair;1905;24;45;39;223;100;0,44;0,18;1,07;0,31;161,93;161,93;2,61;2,01
8;StudentAttendanceSystem;state;1906;20;36;8;43;100;0,3;0,31;0;0,06;162,93;162,93;0,82;0,68
8;StudentAttendanceSystem;transition;1906;20;36;12;36;100;0,32;0,58;0;0,1;162,93;162,93;1,13;1
8;StudentAttendanceSystem;pair;1906;20;36;29;163;100;0,31;0,11;0,72;0,21;163,93;164,93;1,84;1,35
8;StudentAttendanceSystem;state;1907;21;40;9;50;100;0,29;0,37;0;0,09;164,93;164,93;0,89;0,75
8;StudentAttendanceSystem;transition;1907;21;40;12;40;100;0,29;0,64;0;0,13;165,93;165,93;1,21;1,06
8;StudentAttendanceSystem;pair;1907;21;40;38;222;100;0,4;0,14;1,12;0,31;166,93;166,93;2,61;1,97
8;StudentAttendanceSystem;state;1908;20;34;8;43;100;0,35;0,34;0;0,1;167,93;167,93;0,91;0,8
8;StudentAttendanceSystem;transition;1908;20;34;11;33;100;0,26;0,58;0;0,1;167,93;167,93;1,08;0,94
8;StudentAttendanceSystem;pair;1908;20;34;32;171;100;0,28;0,15;0,83;0,22;168,93;168,93;1,97;1,48
8;StudentAttendanceSystem;state;1909;22;42;8;43;100;0,31;0,34;0;0,07;169,93;169,93;0,83;0,72
8;StudentAttendanceSystem;transition;1909;22;42;14;42;100;0,31;0,61;0;0,12;170,93;170,93;1,17;1,04
8;StudentAttendanceSystem;pair;1909;22;42;36;210;100;0,32;0,14;0,97;0,27;171,93;171,93;2,27;1,69
8;StudentAttendanceSystem;state;1910;21;41;9;50;100;0,3;0,34;0;0,09;171,93;172,93;0,85;0,73
8;StudentAttendanceSystem;transition;1910;21;41;13;41;100;0,34;0,67;0;0,14;172,93;172,93;1,31;1,14
8;StudentAttendanceSystem;pair;1910;21;41;41;237;100;0,32;0,16;1,09;0,33;173,93;174,93;2,54;1,9
8;StudentAttendanceSystem;state;1911;20;40;8;42;100;0,31;0,36;0;0,07;174,93;174,93;0,86;0,74
8;StudentAttendanceSystem;transition;1911;20;40;14;40;100;0,27;0,68;0;0,16;175,93;175,93;1,27;1,11
8;StudentAttendanceSystem;pair;1911;20;40;39;217;100;0,36;0,23;1,34;0,39;176,93;176,93;3;2,32
8;StudentAttendanceSystem;state;1912;25;45;10;53;100;0,31;0,39;0;0,08;177,93;177,93;0,9;0,78
8;StudentAttendanceSystem;transition;1912;25;45;16;44;100;0,34;0,73;0;0,14;177,93;178,93;1,38;1,21
8;StudentAttendanceSystem;pair;1912;25;45;33;180;100;0,3;0,12;0,71;0,23;179,93;179,93;1,92;1,37
8;StudentAttendanceSystem;state;1913;20;34;8;41;100;0,34;0,31;0;0,06;179,93;179,93;0,81;0,7
8;StudentAttendanceSystem;transition;1913;20;34;11;34;100;0,28;0,5;0;0,09;180,93;180,93;1,01;0,88
8;StudentAttendanceSystem;pair;1913;20;34;31;161;100;0,27;0,11;0,65;0,19;181,93;181,93;1,68;1,21
8;StudentAttendanceSystem;state;1914;25;48;11;60;100;0,36;0,44;0;0,1;182,93;182,93;1,03;0,9
8;StudentAttendanceSystem;transition;1914;25;48;16;48;100;0,31;0,81;0;0,17;182,93;183,93;1,43;1,28
8;StudentAttendanceSystem;pair;1914;25;48;47;257;100;0,33;0,19;1,27;0,21;184,93;184,93;2,57;2
8;StudentAttendanceSystem;state;1915;23;48;10;52;100;0,3;3,24;0;0,08;185,99;5,99;3,78;3,62
8;StudentAttendanceSystem;transition;1915;23;48;17;48;100;0,31;0,74;0;0,15;5,99;5,99;1,37;1,2
8;StudentAttendanceSystem;pair;1915;23;48;44;248;100;0,31;0,32;1,49;0,43;7,99;7,99;3,3;2,56
8;StudentAttendanceSystem;state;1916;23;41;10;54;100;0,39;0,48;0;0,13;8,99;8,99;1,15;1
8;StudentAttendanceSystem;transition;1916;23;41;13;41;100;0,36;0,74;0;0,11;8,99;8,99;1,35;1,22
8;StudentAttendanceSystem;pair;1916;23;41;36;190;100;0,27;0,13;0,79;0,25;9,99;10,99;1,94;1,43
8;StudentAttendanceSystem;state;1917;20;32;8;40;100;0,26;0,27;0;0,06;10,99;10,99;0,7;0,58
8;StudentAttendanceSystem;transition;1917;20;32;12;31;100;0,22;0,51;0;0,09;11,99;11,99;0,94;0,82
8;StudentAttendanceSystem;pair;1917;20;32;20;96;100;0,23;0,12;0,41;0,15;11,99;11,99;1,34;0,91
8;StudentAttendanceSystem;state;1918;22;42;8;43;100;0,32;0,33;0;0,08;12,99;12,99;0,85;0,72
8;StudentAttendanceSystem;transition;1918;22;42;14;42;100;0,32;0,66;0;0,12;13,99;13,99;1,25;1,1
8;StudentAttendanceSystem;pair;1918;22;42;36;210;100;0,3;0,17;1,13;0,28;14,99;14,99;2,44;1,88
8;StudentAttendanceSystem;state;1919;26;51;10;54;100;0,36;0,41;0;0,1;15,99;15,99;0,99;0,87
8;StudentAttendanceSystem;transition;1919;26;51;19;50;100;0,32;0,85;0;0,23;15,99;16,99;1,62;1,41
8;StudentAttendanceSystem;pair;1919;26;51;49;273;100;0,35;0,19;1,47;0,37;17,99;17,99;3,07;2,38
8;StudentAttendanceSystem;state;1920;23;44;9;50;100;0,38;0,34;0;0,1;18,99;18,99;0,96;0,82
8;StudentAttendanceSystem;transition;1920;23;44;15;44;100;0,31;0,8;0;0,15;18,99;19,99;1,4;1,25
8;StudentAttendanceSystem;pair;1920;23;44;38;212;100;0,36;0,17;1,11;0,3;20,99;20,99;2,62;1,94
8;StudentAttendanceSystem;state;1921;24;47;10;55;100;0,39;0,42;0;0,1;20,99;21,99;1,01;0,91
8;StudentAttendanceSystem;transition;1921;24;47;17;47;100;0,31;0,79;0;0,23;21,99;21,99;1,53;1,33
8;StudentAttendanceSystem;pair;1921;24;47;44;236;100;0,4;0,19;1,09;0,35;22,99;23,99;2,66;2,03
8;StudentAttendanceSystem;state;1922;25;45;10;55;100;0,32;0,43;0;0,08;23,99;23,99;0,93;0,83
8;StudentAttendanceSystem;transition;1922;25;45;16;44;100;0,37;0,8;0;0,18;24,99;24,99;1,49;1,35
8;StudentAttendanceSystem;pair;1922;25;45;38;202;100;0,29;0,13;1,12;0,28;25,99;26,99;2,49;1,82
8;StudentAttendanceSystem;state;1923;20;39;9;47;100;0,3;0,32;0;0,07;26,99;26,99;0,79;0,69
8;StudentAttendanceSystem;transition;1923;20;39;13;39;100;0,26;0,56;0;0,11;27,99;27,99;1,05;0,92
8;StudentAttendanceSystem;pair;1923;20;39;35;191;100;0,32;0,16;0,92;0,25;28,99;28,99;2,18;1,64
8;StudentAttendanceSystem;state;1924;20;36;8;40;100;0,3;0,29;0;0,06;28,99;29,99;0,76;0,65
8;StudentAttendanceSystem;transition;1924;20;36;13;36;100;0,27;0,57;0;0,16;29,99;29,99;1,15;0,99
8;StudentAttendanceSystem;pair;1924;20;36;31;162;100;0,26;0,12;0,83;0,2;30,99;30,99;1,89;1,41
8;StudentAttendanceSystem;state;1925;24;42;10;56;100;0,33;0,35;0;0,08;31,99;31,99;0,88;0,77
8;StudentAttendanceSystem;transition;1925;24;42;14;41;100;0,31;0,79;0;0,14;31,99;32,99;1,41;1,24
8;StudentAttendanceSystem;pair;1925;24;42;33;178;100;0,29;0,17;1,1;0,24;33,99;33,99;2,34;1,8
8;StudentAttendanceSystem;state;1926;20;34;7;37;100;0,37;0,32;0;0,06;33,99;33,99;0,88;0,75
8;StudentAttendanceSystem;transition;1926;20;34;11;33;100;0,28;0,64;0;0,11;34,99;34,99;1,19;1,04
8;StudentAttendanceSystem;pair;1926;20;34;31;163;100;0,29;0,13;0,97;0,25;35,99;35,99;2,25;1,65
8;StudentAttendanceSystem;state;1927;22;37;8;42;100;0,34;0,38;0;0,09;35,99;36,99;0,94;0,81
8;StudentAttendanceSystem;transition;1927;22;37;13;36;100;0,3;0,75;0;0,13;36,99;36,99;1,36;1,18
8;StudentAttendanceSystem;pair;1927;22;37;29;153;100;0,36;0,14;0,9;0,23;37,99;37,99;2,22;1,62
8;StudentAttendanceSystem;state;1928;28;56;11;62;100;0,42;0,48;0;0,13;38,99;38,99;1,16;1,03
8;StudentAttendanceSystem;transition;1928;28;56;20;55;100;0,38;0,93;0;0,2;39,99;39,99;1,73;1,51
8;StudentAttendanceSystem;pair;1928;28;56;52;294;100;0,36;0,26;2,05;0,44;40,99;41,99;3,82;3,11
8;StudentAttendanceSystem;state;1929;26;48;11;60;100;0,36;0,38;0;0,09;41,99;41,99;0,93;0,82
8;StudentAttendanceSystem;transition;1929;26;48;17;47;100;0,29;0,78;0;0,11;42,99;42,99;1,29;1,18
8;StudentAttendanceSystem;pair;1929;26;48;47;245;100;0,22;0,14;1;0,28;43,99;44,99;2,09;1,64
8;StudentAttendanceSystem;state;1930;21;40;9;50;100;0,28;0,36;0;0,09;44,99;44,99;0,84;0,73
8;StudentAttendanceSystem;transition;1930;21;40;12;40;100;0,2;0,56;0;0,12;45,99;45,99;1;0,87
8;StudentAttendanceSystem;pair;1930;21;40;38;222;100;0,21;0,12;1,17;0,26;46,99;46,99;2,2;1,76
8;StudentAttendanceSystem;state;1931;21;33;8;41;100;0,25;0,2;0;0,04;47,99;47,99;0,57;0,5
8;StudentAttendanceSystem;transition;1931;21;33;11;32;100;0,16;0,38;0;0,07;47,99;47,99;0,69;0,61
8;StudentAttendanceSystem;pair;1931;21;33;27;135;100;0,18;0,09;0,45;0,11;48,99;48,99;1,12;0,82
8;StudentAttendanceSystem;state;1932;21;41;9;48;100;0,21;0,23;0;0,05;49,99;49,99;0,55;0,49
8;StudentAttendanceSystem;transition;1932;21;41;14;41;100;0,19;0,51;0;0,13;50,99;50,99;0,95;0,83
8;StudentAttendanceSystem;pair;1932;21;41;38;204;100;0,2;0,12;0,73;0,17;51,99;51,99;1,58;1,22
8;StudentAttendanceSystem;state;1933;21;38;8;42;100;0,2;0,22;0;0,04;51,99;51,99;0,52;0,46
8;StudentAttendanceSystem;transition;1933;21;38;13;37;100;0,18;0,48;0;0,08;52,99;52,99;0,84;0,74
8;StudentAttendanceSystem;pair;1933;21;38;33;183;100;0,19;0,11;0,65;0,15;53,99;53,99;1,45;1,1
8;StudentAttendanceSystem;state;1934;24;46;9;49;100;0,38;0,32;0;0,07;54,99;54,99;0,86;0,77
8;StudentAttendanceSystem;transition;1934;24;46;15;45;100;0,28;0,68;0;0,09;55,99;55,99;1,15;1,05
8;StudentAttendanceSystem;pair;1934;24;46;45;247;100;0,21;0,14;0,94;0,21;56,99;56,99;1,9;1,49
8;StudentAttendanceSystem;state;1935;21;43;9;45;100;0,32;0,32;0;0,08;57,99;57,99;0,84;0,72
8;StudentAttendanceSystem;transition;1935;21;43;16;43;100;0,41;0,89;0;0,19;57,99;58,99;1,66;1,48
8;StudentAttendanceSystem;pair;1935;21;43;41;227;100;0,2;0,19;0,99;0,27;59,99;59,99;2,24;1,66
8;StudentAttendanceSystem;state;1936;23;42;10;54;100;0,22;0,24;0;0,06;59,99;60,99;0,6;0,52
8;StudentAttendanceSystem;transition;1936;23;42;14;42;100;0,19;0,47;0;0,08;60,99;60,99;0,82;0,74
8;StudentAttendanceSystem;pair;1936;23;42;39;205;100;0,21;0,14;0,91;0,31;61,99;62,99;2,16;1,57
8;StudentAttendanceSystem;state;1937;23;43;9;50;100;0,29;0,25;0;0,05;62,99;62,99;0,67;0,59
8;StudentAttendanceSystem;transition;1937;23;43;14;43;100;0,2;0,51;0;0,13;63,99;63,99;0,97;0,84
8;StudentAttendanceSystem;pair;1937;23;43;34;194;100;0,32;0,14;0,98;0,3;64,99;64,99;2,38;1,74
8;StudentAttendanceSystem;state;1938;22;42;9;48;100;0,22;0,25;0;0,05;65,99;65,99;0,59;0,52
8;StudentAttendanceSystem;transition;1938;22;42;13;42;100;0,2;0,69;0;0,12;65,99;65,99;1,16;1,01
8;StudentAttendanceSystem;pair;1938;22;42;41;225;100;0,35;0,22;1,11;0,27;67,99;67,99;2,47;1,94
8;StudentAttendanceSystem;state;1939;26;52;11;59;100;0,36;0,42;0;0,1;67,99;67,99;1;0,89
8;StudentAttendanceSystem;transition;1939;26;52;18;52;100;0,37;0,93;0;0,19;68,99;68,99;1,66;1,49
8;StudentAttendanceSystem;pair;1939;26;52;44;254;100;0,38;0,27;1,74;0,42;70,99;70,99;3,62;2,81
8;StudentAttendanceSystem;state;1940;24;45;10;55;100;0,42;0,44;0;0,11;70,99;71,99;1,09;0,97
8;StudentAttendanceSystem;transition;1940;24;45;15;45;100;0,35;0,83;0;0,16;71,99;71,99;1,49;1,34
8;StudentAttendanceSystem;pair;1940;24;45;38;210;100;0,42;0,21;1,26;0,34;72,99;73,99;2,9;2,24
8;StudentAttendanceSystem;state;1941;30;60;13;72;100;0,44;0,64;0;0,14;73,99;73,99;1,34;1,22
8;StudentAttendanceSystem;transition;1941;30;60;21;59;100;0,44;1,19;0;0,25;74,99;74,99;2,05;1,88
8;StudentAttendanceSystem;pair;1941;30;60;61;339;100;0,44;0,37;2,58;0,57;76,99;76,99;4,89;3,96
8;StudentAttendanceSystem;state;1942;25;48;11;58;100;0,4;0,46;0;0,11;77,99;77,99;1,1;0,97
8;StudentAttendanceSystem;transition;1942;25;48;17;48;100;0,36;0,93;0;0,17;78,99;78,99;1,62;1,46
8;StudentAttendanceSystem;pair;1942;25;48;40;220;100;0,35;0,23;1,44;0,34;79,99;79,99;3,12;2,36
8;StudentAttendanceSystem;state;1943;20;31;7;36;100;0,29;0,37;0;0,08;80,99;80,99;0,86;0,74
8;StudentAttendanceSystem;transition;1943;20;31;11;30;100;0,26;0,61;0;0,11;80,99;80,99;1,12;0,98
8;StudentAttendanceSystem;pair;1943;20;31;23;110;100;0,28;0,12;0,63;0,17;81,99;81,99;1,66;1,2
8;StudentAttendanceSystem;state;1944;20;37;8;41;100;0,33;0,36;0;0,07;82,99;82,99;0,9;0,77
8;StudentAttendanceSystem;transition;1944;20;37;13;37;100;0,3;0,7;0;0,17;82,99;82,99;1,32;1,16
8;StudentAttendanceSystem;pair;1944;20;37;32;174;100;0,31;0,17;1;0,28;83,99;84,99;2,34;1,76
8;StudentAttendanceSystem;state;1945;22;42;9;45;100;0,34;0,38;0;0,09;84,99;84,99;0,92;0,81
8;StudentAttendanceSystem;transition;1945;22;42;16;41;100;0,32;0,81;0;0,16;85,99;85,99;1,47;1,29
8;StudentAttendanceSystem;pair;1945;22;42;38;204;100;0,36;0,19;1,36;0,36;86,99;86,99;2,92;2,27
8;StudentAttendanceSystem;state;1946;25;49;10;56;100;0,39;0,52;0;0,11;87,99;87,99;1,15;1,02
8;StudentAttendanceSystem;transition;1946;25;49;16;49;100;0,4;0,93;0;0,18;87,99;88,99;1,67;1,51
8;StudentAttendanceSystem;pair;1946;25;49;42;244;100;0,36;0,25;1,64;0,4;89,99;89,99;3,37;2,66
8;StudentAttendanceSystem;state;1947;19;35;8;43;100;0,32;0,37;0;0,07;90,99;90,99;0,87;0,76
8;StudentAttendanceSystem;transition;1947;19;35;11;35;100;0,3;0,72;0;0,12;90,99;90,99;1,27;1,13
8;StudentAttendanceSystem;pair;1947;19;35;34;190;100;0,3;0,16;1,08;0,29;91,99;91,99;2,41;1,82
8;StudentAttendanceSystem;state;1948;20;37;8;43;100;0,32;0,39;0;0,08;92,99;92,99;0,92;0,79
8;StudentAttendanceSystem;transition;1948;20;37;13;37;100;0,31;0,71;0;0,14;93,99;93,99;1,3;1,15
8;StudentAttendanceSystem;pair;1948;20;37;32;178;100;0,31;0,16;1,02;0,32;94,99;94,99;2,44;1,82
8;StudentAttendanceSystem;state;1949;21;37;8;40;100;0,32;0,35;0;0,07;94,99;94,99;0,84;0,73
8;StudentAttendanceSystem;transition;1949;21;37;13;36;100;0,31;0,68;0;0,13;95,99;95,99;1,26;1,12
8;StudentAttendanceSystem;pair;1949;21;37;33;173;100;0,3;0,21;1,08;0,26;96,99;96,99;2,42;1,86
8;StudentAttendanceSystem;state;1950;25;48;10;51;100;0,37;0,46;0;0,1;97,99;97,99;1,05;0,93
8;StudentAttendanceSystem;transition;1950;25;48;19;47;100;0,36;1,01;0;0,22;97,99;98,99;1,79;1,58
8;StudentAttendanceSystem;pair;1950;25;48;44;236;100;0,36;0,23;1,55;0,39;99,99;99,99;3,38;2,53
8;StudentAttendanceSystem;state;1951;24;44;9;48;100;0,35;0,41;0;0,09;100,99;100,99;0,95;0,85
8;StudentAttendanceSystem;transition;1951;24;44;16;43;100;0,32;0,85;0;0,17;100,99;100,99;1,5;1,35
8;StudentAttendanceSystem;pair;1951;24;44;39;211;100;0,4;0,2;1,36;0,34;102,99;102,99;2,93;2,3
8;StudentAttendanceSystem;state;1952;26;50;11;62;100;0,44;0,47;0;0,15;102,99;102,99;1,19;1,06
8;StudentAttendanceSystem;transition;1952;26;50;16;49;100;0,39;0,95;0;0,19;103,99;103,99;1,69;1,53
8;StudentAttendanceSystem;pair;1952;26;50;43;255;100;0,38;0,25;1,74;0,42;105,99;105,99;3,54;2,8
8;StudentAttendanceSystem;state;1953;18;33;7;36;100;0,3;0,38;0;0,06;105,99;105,99;0,86;0,74
8;StudentAttendanceSystem;transition;1953;18;33;11;33;100;0,33;0,61;0;0,11;106,99;106,99;1,2;1,06
8;StudentAttendanceSystem;pair;1953;18;33;29;159;100;0,28;0,15;0,9;0,25;107,99;107,99;2,11;1,58
8;StudentAttendanceSystem;state;1954;23;43;9;49;100;0,4;0,41;0;0,09;108,99;108,99;1,02;0,9
8;StudentAttendanceSystem;transition;1954;23;43;14;42;100;0,33;0,83;0;0,17;108,99;108,99;1,47;1,32
8;StudentAttendanceSystem;pair;1954;23;43;38;224;100;0,35;0,2;1,41;0,37;109,99;110,99;3,03;2,33
8;StudentAttendanceSystem;state;1955;21;41;9;46;100;0,36;0,4;0;0,08;110,99;110,99;0,96;0,84
8;StudentAttendanceSystem;transition;1955;21;41;14;41;100;0,34;0,79;0;0,15;111,99;111,99;1,44;1,28
8;StudentAttendanceSystem;pair;1955;21;41;37;213;100;0,32;0,21;1,32;0,32;112,99;112,99;2,8;2,17
8;StudentAttendanceSystem;state;1956;27;53;11;59;100;0,45;0,49;0;0,11;113,99;113,99;1,17;1,05
8;StudentAttendanceSystem;transition;1956;27;53;20;52;100;0,38;1,06;0;0,22;114,99;114,99;1,82;1,65
8;StudentAttendanceSystem;pair;1956;27;53;47;257;100;0,59;0,27;1,82;0,44;115,99;116,99;3,91;3,12
8;StudentAttendanceSystem;state;1957;21;35;8;43;100;0,38;0,43;0;0,11;116,99;116,99;1,05;0,92
8;StudentAttendanceSystem;transition;1957;21;35;12;34;100;0,29;0,72;0;0,13;117,99;117,99;1,28;1,14
8;StudentAttendanceSystem;pair;1957;21;35;26;140;100;0,29;0,15;0,88;0,22;118,99;118,99;2,11;1,54
8;StudentAttendanceSystem;state;1958;24;46;10;56;100;0,37;0,44;0;0,1;118,99;118,99;1,03;0,91
8;StudentAttendanceSystem;transition;1958;24;46;15;45;100;0,4;0,88;0;0,18;119,99;119,99;1,67;1,46
8;StudentAttendanceSystem;pair;1958;24;46;45;261;100;0,39;0,23;1,66;0,43;120,99;121,99;3,44;2,71
8;StudentAttendanceSystem;state;1959;19;32;7;36;100;0,3;0,32;0;0,07;121,99;121,99;0,8;0,69
8;StudentAttendanceSystem;transition;1959;19;32;11;31;100;0,26;0,64;0;0,11;122,99;122,99;1,15;1,02
8;StudentAttendanceSystem;pair;1959;19;32;26;136;100;0,27;0,14;0,78;0,21;123,99;123,99;1,99;1,4
8;StudentAttendanceSystem;state;1960;21;36;8;40;100;0,3;0,35;0;0,07;123,99;123,99;0,84;0,72
8;StudentAttendanceSystem;transition;1960;21;36;14;35;100;0,31;0,71;0;0,14;124,99;124,99;1,31;1,16
8;StudentAttendanceSystem;pair;1960;21;36;32;157;100;0,29;0,18;1,06;0,25;125,99;125,99;2,31;1,78
8;StudentAttendanceSystem;state;1961;28;57;12;63;100;0,42;0,62;0;0,13;126,99;126,99;1,29;1,17
8;StudentAttendanceSystem;transition;1961;28;57;20;56;100;0,43;1,12;0;0,24;126,99;127,99;1,96;1,79
8;StudentAttendanceSystem;pair;1961;28;57;57;317;100;0,45;0,3;2,53;0,6;128,99;129,99;4,74;3,88
8;StudentAttendanceSystem;state;1962;16;28;6;31;100;0,29;0,3;0;0,05;129,99;129,99;0,75;0,64
8;StudentAttendanceSystem;transition;1962;16;28;9;28;100;0,29;0,51;0;0,1;129,99;130,99;1,03;0,9
8;StudentAttendanceSystem;pair;1962;16;28;28;142;100;0,25;0,13;0,75;0,29;130,99;131,99;1,89;1,42
8;StudentAttendanceSystem;state;1963;20;32;7;37;100;0,28;0,38;0;0,07;131,99;131,99;0,84;0,73
8;StudentAttendanceSystem;transition;1963;20;32;11;31;100;0,27;0,62;0;0,12;132,99;132,99;1,13;1
8;StudentAttendanceSystem;pair;1963;20;32;29;140;100;0,56;0,14;0,79;0,22;132,99;133,99;2,21;1,7
8;StudentAttendanceSystem;state;1964;23;46;9;48;100;0,4;0,43;0;0,09;133,99;133,99;1,03;0,92
8;StudentAttendanceSystem;transition;1964;23;46;17;46;100;0,34;0,89;0;0,24;134,99;134,99;1,64;1,47
8;StudentAttendanceSystem;pair;1964;23;46;45;249;100;0,39;0,23;1,62;0,42;135,99;136,99;3,39;2,65
8;StudentAttendanceSystem;state;1965;22;39;9;50;100;0,41;0,39;0;0,1;136,99;136,99;1,06;0,9
8;StudentAttendanceSystem;transition;1965;22;39;12;38;100;0,37;0,77;0;0,17;137,99;137,99;1,47;1,31
8;StudentAttendanceSystem;pair;1965;22;39;35;199;100;0,32;0,18;1,3;0,32;138,99;138,99;2,74;2,12
8;StudentAttendanceSystem;state;1966;27;50;12;63;100;0,39;0,49;0;0,12;139,99;139,99;1,13;1,01
8;StudentAttendanceSystem;transition;1966;27;50;18;49;100;0,42;1,1;0;0,19;139,99;139,99;1,93;1,72
8;StudentAttendanceSystem;pair;1966;27;50;45;239;100;0,37;0,25;1,77;0,44;141,99;141,99;3,6;2,84
8;StudentAttendanceSystem;state;1967;22;44;8;43;100;0,38;0,42;0;0,08;142,99;142,99;1,01;0,89
8;StudentAttendanceSystem;transition;1967;22;44;16;44;100;0,34;0,9;0;0,17;142,99;142,99;1,56;1,4
8;StudentAttendanceSystem;pair;1967;22;44;42;236;100;0,36;0,21;1,48;0,37;143,99;144,99;3,09;2,41
8;StudentAttendanceSystem;state;1968;18;32;7;37;100;0,33;0,34;0;0,06;144,99;144,99;0,86;0,74
8;StudentAttendanceSystem;transition;1968;18;32;10;32;100;0,3;0,68;0;0,11;145,99;145,99;1,23;1,09
8;StudentAttendanceSystem;pair;1968;18;32;27;153;100;0,29;0,15;0,9;0,22;146,99;146,99;2,13;1,56
8;StudentAttendanceSystem;state;1969;21;39;8;42;100;0,33;0,38;0;0,08;146,99;146,99;0,91;0,79
8;StudentAttendanceSystem;transition;1969;21;39;14;39;100;0,32;0,8;0;0,19;147,99;147,99;1,45;1,3
8;StudentAttendanceSystem;pair;1969;21;39;34;184;100;0,32;0,18;1,19;0,31;148,99;148,99;2,7;2
8;StudentAttendanceSystem;state;1970;29;57;12;67;100;0,49;0,61;0;0,13;149,99;149,99;1,39;1,24
8;StudentAttendanceSystem;transition;1970;29;57;19;56;100;0,44;1,19;0;0,23;150,99;150,99;2,06;1,87
8;StudentAttendanceSystem;pair;1970;29;57;55;315;100;0,44;0,36;2,35;0,54;151,99;152,99;4,66;3,69
8;StudentAttendanceSystem;state;1971;24;45;10;56;100;0,42;0,45;0;0,12;152,99;153,99;1,14;0,99
8;StudentAttendanceSystem;transition;1971;24;45;15;44;100;0,36;0,92;0;0,23;153,99;153,99;1,67;1,5
8;StudentAttendanceSystem;pair;1971;24;45;40;226;100;0,39;0,22;1,42;0,37;154,99;155,99;3,17;2,41
8;StudentAttendanceSystem;state;1972;24;44;9;48;100;0,37;0,48;0;0,1;155,99;155,99;1,07;0,95
8;StudentAttendanceSystem;transition;1972;24;44;16;43;100;0,36;0,9;0;0,18;156,99;156,99;1,6;1,44
8;StudentAttendanceSystem;pair;1972;24;44;38;206;100;0,38;0,22;1,43;0,36;157,99;157,99;3,09;2,39
8;StudentAttendanceSystem;state;1973;21;36;8;43;100;0,37;0,36;0;0,08;158,99;158,99;0,94;0,81
8;StudentAttendanceSystem;transition;1973;21;36;13;35;100;0,31;0,83;0;0,15;159,99;159,99;1,45;1,29
8;StudentAttendanceSystem;pair;1973;21;36;29;155;100;0,34;0,16;0,96;0,26;159,99;160,99;2,31;1,73
8;StudentAttendanceSystem;state;1974;28;55;12;64;100;0,47;0,53;0;0,13;160,99;160,99;1,26;1,13
8;StudentAttendanceSystem;transition;1974;28;55;20;54;100;0,46;1,08;0;0,23;161,99;161,99;1,96;1,77
8;StudentAttendanceSystem;pair;1974;28;55;53;289;100;0,43;0,3;2,13;0,49;163,99;163,99;4,3;3,34
8;StudentAttendanceSystem;state;1975;27;53;12;68;100;0,45;0,54;0;0,14;164,99;164,99;1,28;1,12
8;StudentAttendanceSystem;transition;1975;27;53;17;52;100;0,42;1,04;0;0,23;164,99;165,99;1,88;1,7
8;StudentAttendanceSystem;pair;1975;27;53;51;295;100;0,44;0,29;2,12;0,58;166,99;166,99;4,3;3,42
8;StudentAttendanceSystem;state;1976;26;49;12;65;100;0,49;0,5;0;0,13;167,99;167,99;1,28;1,12
8;StudentAttendanceSystem;transition;1976;26;49;16;48;100;0,39;1,01;0;0,34;168,99;168,99;1,94;1,74
8;StudentAttendanceSystem;pair;1976;26;49;43;243;100;0,4;0,25;1,7;0,44;169,99;169,99;3,71;2,8
8;StudentAttendanceSystem;state;1977;24;48;10;53;100;0,43;0,46;0;0,11;170,99;170,99;1,14;0,99
8;StudentAttendanceSystem;transition;1977;24;48;17;48;100;0,39;0,98;0;0,19;171,99;171,99;1,74;1,56
8;StudentAttendanceSystem;pair;1977;24;48;51;281;100;0,41;0,25;1,89;0,47;172,99;172,99;3,82;3,02
8;StudentAttendanceSystem;state;1978;29;57;12;67;100;0,47;0,62;0;0,14;173,99;173,99;1,39;1,23
8;StudentAttendanceSystem;transition;1978;29;57;20;56;100;0,44;1,22;0;0,3;174,99;174,99;2,18;1,97
8;StudentAttendanceSystem;pair;1978;29;57;52;292;100;0,44;0,3;2,14;0,5;175,99;176,99;4,33;3,37
8;StudentAttendanceSystem;state;1979;22;43;8;43;100;0,38;0,39;0;0,08;176,99;176,99;0,97;0,85
8;StudentAttendanceSystem;transition;1979;22;43;15;42;100;0,35;0,83;0;0,17;177,99;177,99;1,51;1,35
8;StudentAttendanceSystem;pair;1979;22;43;40;228;100;0,36;0,21;1,41;0,41;178,99;179,99;3,16;2,39
8;StudentAttendanceSystem;state;1980;25;50;11;58;100;0,45;0,47;0;0,11;179,99;179,99;1,16;1,03
8;StudentAttendanceSystem;transition;1980;25;50;19;50;100;0,37;0,98;0;0,2;180,99;180,99;1,73;1,55
8;StudentAttendanceSystem;pair;1980;25;50;46;246;100;0,38;0,29;1,63;0,45;181,99;182,99;3,56;2,75
8;StudentAttendanceSystem;state;1981;23;41;9;47;100;0,35;0,4;0;0,12;182,99;182,99;0,99;0,87
8;StudentAttendanceSystem;transition;1981;23;41;15;40;100;0,32;0,89;0;0,18;183,99;183,99;1,55;1,39
8;StudentAttendanceSystem;pair;1981;23;41;41;211;100;0,38;0,19;1,4;0,33;184,99;184,99;3,08;2,31
8;StudentAttendanceSystem;state;1982;25;47;11;60;100;3,67;0,61;0;0,11;5,99;5,99;4,59;4,39
8;StudentAttendanceSystem;transition;1982;25;47;15;47;100;0,43;0,99;0;0,21;6,99;6,99;1,82;1,63
8;StudentAttendanceSystem;pair;1982;25;47;44;242;100;0,37;0,27;1,56;0,4;7,99;7,99;3,32;2,6
8;StudentAttendanceSystem;state;1983;22;43;9;46;100;0,35;0,41;0;0,09;8,99;8,99;0,97;0,84
8;StudentAttendanceSystem;transition;1983;22;43;16;43;100;0,31;0,83;0;0,16;8,99;8,99;1,46;1,3
8;StudentAttendanceSystem;pair;1983;22;43;42;227;100;0,32;0,2;1,44;0,37;10,99;10,99;2,97;2,32
8;StudentAttendanceSystem;state;1984;21;39;8;42;100;0,35;0,38;0;0,08;10,99;10,99;0,92;0,81
8;StudentAttendanceSystem;transition;1984;21;39;14;39;100;0,37;0,74;0;0,15;11,99;11,99;1,46;1,26
8;StudentAttendanceSystem;pair;1984;21;39;34;186;100;0,32;0,2;1,14;0,31;12,99;12,99;2,78;1,97
8;StudentAttendanceSystem;state;1985;20;37;8;41;100;0,35;0,37;0;0,08;13,99;13,99;0,92;0,8
8;StudentAttendanceSystem;transition;1985;20;37;13;37;100;0,31;0,73;0;0,13;13,99;13,99;1,32;1,17
8;StudentAttendanceSystem;pair;1985;20;37;32;174;100;0,3;0,17;1;0,28;14,99;15,99;2,41;1,75
8;StudentAttendanceSystem;state;1986;26;48;11;58;100;0,37;0,56;0;0,11;15,99;15,99;1,18;1,04
8;StudentAttendanceSystem;transition;1986;26;48;17;47;100;0,43;0,93;0;0,19;16,99;16,99;1,74;1,55
8;StudentAttendanceSystem;pair;1986;26;48;43;227;100;0,35;0,22;1,56;0,39;17,99;18,99;3,32;2,52
8;StudentAttendanceSystem;state;1987;23;43;10;52;100;0,35;0,41;0;0,1;18,99;18,99;1,05;0,86
8;StudentAttendanceSystem;transition;1987;23;43;15;42;100;0,34;0,84;0;0,19;19,99;19,99;1,55;1,37
8;StudentAttendanceSystem;pair;1987;23;43;40;210;100;0,33;0,2;1,38;0,35;20,99;20,99;2,88;2,25
8;StudentAttendanceSystem;state;1988;21;38;9;49;100;0,35;0,4;0;0,09;21,99;21,99;0,97;0,85
8;StudentAttendanceSystem;transition;1988;21;38;13;38;100;0,31;0,76;0;0,14;21,99;21,99;1,36;1,21
8;StudentAttendanceSystem;pair;1988;21;38;30;162;100;0,33;0,17;0,99;0,26;22,99;23,99;2,39;1,76
8;StudentAttendanceSystem;state;1989;26;51;11;62;100;0,41;0,52;0;0,12;23,99;23,99;1,17;1,05
8;StudentAttendanceSystem;transition;1989;26;51;17;50;100;0,43;1,12;0;0,21;24,99;24,99;1,95;1,77
8;StudentAttendanceSystem;pair;1989;26;51;46;270;100;0,43;0,26;1,95;0,45;25,99;26,99;3,88;3,09
8;StudentAttendanceSystem;state;1990;26;51;11;60;100;0,41;0,48;0;0,12;26,99;26,99;1,13;1,01
8;StudentAttendanceSystem;transition;1990;26;51;17;50;100;0,38;1,03;0;0,2;27,99;27,99;1,79;1,62
8;StudentAttendanceSystem;pair;1990;26;51;46;264;100;0,38;0,26;1,79;0,47;28,99;29,99;3,75;2,9
8;StudentAttendanceSystem;state;1991;21;39;8;42;100;0,4;0,37;0;0,08;29,99;29,99;0,98;0,85
8;StudentAttendanceSystem;transition;1991;21;39;14;39;100;0,32;0,71;0;0,15;30,99;30,99;1,32;1,18
8;StudentAttendanceSystem;pair;1991;21;39;35;187;100;0,34;0,22;1,12;0,28;31,99;31,99;2,57;1,97
8;StudentAttendanceSystem;state;1992;23;42;9;49;100;0,34;0,43;0;0,09;32,99;32,99;0,98;0,87
8;StudentAttendanceSystem;transition;1992;23;42;15;41;100;0,35;0,81;0;0,19;32,99;33,99;1,55;1,35
8;StudentAttendanceSystem;pair;1992;23;42;36;202;100;0,32;0,23;1,29;0,33;34,99;34,99;2,85;2,17
8;StudentAttendanceSystem;state;1993;23;40;9;47;100;0,45;0,42;0;0,09;34,99;34,99;1,08;0,96
8;StudentAttendanceSystem;transition;1993;23;40;14;39;100;0,36;0,79;0;0,16;35,99;35,99;1,46;1,31
8;StudentAttendanceSystem;pair;1993;23;40;38;200;100;0,35;0,17;1,26;0,32;36,99;36,99;2,76;2,1
8;StudentAttendanceSystem;state;1994;21;38;8;43;100;0,32;0,36;0;0,08;37,99;37,99;0,92;0,76
8;StudentAttendanceSystem;transition;1994;21;38;12;38;100;0,32;0,73;0;0,13;38,99;38,99;1,34;1,18
8;StudentAttendanceSystem;pair;1994;21;38;35;195;100;0,3;0,17;1,17;0,33;39,99;39,99;2,56;1,98
8;StudentAttendanceSystem;state;1995;25;47;10;53;100;0,37;0,44;0;0,1;39,99;39,99;1,03;0,92
8;StudentAttendanceSystem;transition;1995;25;47;17;46;100;0,36;0,96;0;0,23;40,99;40,99;1,72;1,56
8;StudentAttendanceSystem;pair;1995;25;47;48;258;100;0,35;0,22;1,7;0,42;41,99;42,99;3,52;2,69
8;StudentAttendanceSystem;state;1996;21;41;8;43;100;0,46;0,39;0;0,08;42,99;42,99;1,05;0,93
8;StudentAttendanceSystem;transition;1996;21;41;13;41;100;0,34;0,73;0;0,15;43,99;43,99;1,37;1,22
8;StudentAttendanceSystem;pair;1996;21;41;41;223;100;0,36;0,21;1,52;0,37;44,99;44,99;3,14;2,46
8;StudentAttendanceSystem;state;1997;22;39;8;43;100;0,35;0,39;0;0,08;45,99;45,99;0,94;0,82
8;StudentAttendanceSystem;transition;1997;22;39;14;38;100;0,33;0,88;0;0,16;46,99;46,99;1,53;1,37
8;StudentAttendanceSystem;pair;1997;22;39;38;198;100;0,32;0,18;1,29;0,32;47,99;47,99;2,75;2,11
8;StudentAttendanceSystem;state;1998;24;44;9;48;100;0,38;0,48;0;0,11;47,99;48,99;1,1;0,97
8;StudentAttendanceSystem;transition;1998;24;44;16;43;100;0,36;0,94;0;0,18;48,99;48,99;1,65;1,49
8;StudentAttendanceSystem;pair;1998;24;44;39;211;100;0,37;0,25;1,37;0,36;49,99;50,99;3,12;2,35
8;StudentAttendanceSystem;state;1999;17;32;7;35;100;0,31;0,37;0;0,1;50,99;50,99;0,91;0,79
8;StudentAttendanceSystem;transition;1999;17;32;11;32;100;0,28;0,65;0;0,11;51,99;51,99;1,19;1,05
8;StudentAttendanceSystem;pair;1999;17;32;29;157;100;0,27;0,15;0,88;0,24;52,99;52,99;2,07;1,54
8;StudentAttendanceSystem;state;2000;20;35;8;39;100;0,31;0,34;0;0,07;52,99;52,99;0,86;0,73
8;StudentAttendanceSystem;transition;2000;20;35;13;35;100;0,29;0,65;0;0,13;53,99;53,99;1,21;1,07
8;StudentAttendanceSystem;pair;2000;20;35;27;138;100;0,29;0,15;0,87;0,21;54,99;54,99;2,05;1,52
8;StudentAttendanceSystem;state;2001;19;35;8;43;100;0,31;0,36;0;0,07;54,99;54,99;0,86;0,75
8;StudentAttendanceSystem;transition;2001;19;35;11;35;100;0,29;0,65;0;0,11;55,99;55,99;1,2;1,06
8;StudentAttendanceSystem;pair;2001;19;35;34;190;100;0,33;0,17;1,03;0,29;56,99;56,99;2,43;1,83
8;StudentAttendanceSystem;state;2002;28;53;12;64;100;0,41;0,5;0;0,12;57,99;57,99;1,15;1,03
8;StudentAttendanceSystem;transition;2002;28;53;19;52;100;0,44;1,07;0;0,21;58,99;58,99;1,9;1,72
8;StudentAttendanceSystem;pair;2002;28;53;44;244;100;0,39;0,27;1,8;0,4;59,99;60,99;3,64;2,86
8;StudentAttendanceSystem;state;2003;22;42;10;56;100;0,37;0,42;0;0,14;60,99;60,99;1,06;0,93
8;StudentAttendanceSystem;transition;2003;22;42;13;42;100;0,37;0,81;0;0,15;61,99;61,99;1,49;1,32
8;StudentAttendanceSystem;pair;2003;22;42;40;224;100;0,34;0,2;1,53;0,4;62,99;62,99;3,13;2,47
8;StudentAttendanceSystem;state;2004;20;34;8;41;100;0,32;0,38;0;0,07;63,99;63,99;0,89;0,77
8;StudentAttendanceSystem;transition;2004;20;34;11;34;100;0,29;0,64;0;0,11;63,99;63,99;1,18;1,04
8;StudentAttendanceSystem;pair;2004;20;34;30;158;100;0,29;0,19;0,9;0,25;64,99;64,99;2,26;1,63
8;StudentAttendanceSystem;state;2005;23;42;9;47;100;0,37;0,4;0;0,08;65,99;65,99;0,96;0,84
8;StudentAttendanceSystem;transition;2005;23;42;15;41;100;0,32;0,88;0;0,17;65,99;66,99;1,54;1,37
8;StudentAttendanceSystem;pair;2005;23;42;35;195;100;0,33;0,18;1,21;0,32;67,99;67,99;2,72;2,04
8;StudentAttendanceSystem;state;2006;27;54;12;66;100;0,42;0,5;0;0,14;67,99;68,99;1,19;1,06
8;StudentAttendanceSystem;transition;2006;27;54;18;54;100;0,39;1,03;0;0,2;68,99;68,99;1,8;1,63
8;StudentAttendanceSystem;pair;2006;27;54;54;304;100;0,48;0,29;2,1;0,54;70,99;70,99;4,26;3,41
8;StudentAttendanceSystem;state;2007;29;58;12;67;100;0,54;0,54;0;0,14;71,99;71,99;1,35;1,22
8;StudentAttendanceSystem;transition;2007;29;58;21;57;100;0,42;1,19;0;0,28;72,99;72,99;2,08;1,89
8;StudentAttendanceSystem;pair;2007;29;58;55;307;100;0,43;0,32;2,19;0,54;73,99;74,99;4,39;3,48
8;StudentAttendanceSystem;state;2008;19;34;8;40;100;0,38;0,34;0;0,07;74,99;74,99;0,9;0,78
8;StudentAttendanceSystem;transition;2008;19;34;13;34;100;0,28;0,7;0;0,12;75,99;75,99;1,28;1,1
8;StudentAttendanceSystem;pair;2008;19;34;28;143;100;0,34;0,15;0,82;0,22;76,99;76,99;2,08;1,53
8;StudentAttendanceSystem;state;2009;22;40;8;42;100;0,33;0,38;0;0,08;76,99;76,99;0,89;0,78
8;StudentAttendanceSystem;transition;2009;22;40;13;39;100;0,32;0,79;0;0,14;77,99;77,99;1,41;1,26
8;StudentAttendanceSystem;pair;2009;22;40;39;215;100;0,33;0,19;1,3;0,35;78,99;79,99;2,85;2,17
8;StudentAttendanceSystem;state;2010;24;46;10;55;100;0,37;0,44;0;0,1;79,99;79,99;1,03;0,91
8;StudentAttendanceSystem;transition;2010;24;46;16;46;100;0,35;0,9;0;0,18;80,99;80,99;1,59;1,43
8;StudentAttendanceSystem;pair;2010;24;46;41;225;100;0,36;0,26;1,42;0,37;81,99;81,99;3,11;2,41
8;StudentAttendanceSystem;state;2011;25;47;11;62;100;0,42;0,51;0;0,15;82,99;82,99;1,25;1,07
8;StudentAttendanceSystem;transition;2011;25;47;15;46;100;0,38;1,03;0;0,21;83,99;83,99;1,78;1,61
8;StudentAttendanceSystem;pair;2011;25;47;43;245;100;0,36;0,23;1,77;0,42;84,99;84,99;3,53;2,78
8;StudentAttendanceSystem;state;2012;22;41;9;48;100;0,41;0,4;0;0,09;85,99;85,99;1,04;0,91
8;StudentAttendanceSystem;transition;2012;22;41;15;41;100;0,38;0,82;0;0,17;85,99;86,99;1,6;1,37
8;StudentAttendanceSystem;pair;2012;22;41;36;186;100;0,35;0,24;1,23;0,34;87,99;87,99;2,83;2,17
8;StudentAttendanceSystem;state;2013;18;31;7;35;100;0,3;0,32;0;0,06;87,99;87,99;0,8;0,68
8;StudentAttendanceSystem;transition;2013;18;31;11;31;100;0,26;0,6;0;0,11;88,99;88,99;1,11;0,98
8;StudentAttendanceSystem;pair;2013;18;31;25;127;100;0,28;0,13;1,05;0,2;89,99;89,99;2,16;1,66
8;StudentAttendanceSystem;state;2014;21;34;8;41;100;0,3;0,35;0;0,07;89,99;89,99;0,83;0,72
8;StudentAttendanceSystem;transition;2014;21;34;12;33;100;0,32;0,72;0;0,17;90,99;90,99;1,39;1,21
8;StudentAttendanceSystem;pair;2014;21;34;32;153;100;0,29;0,14;0,94;0,24;91,99;91,99;2,17;1,62
8;StudentAttendanceSystem;state;2015;26;50;10;54;100;0,39;0,47;0;0,14;92,99;92,99;1,12;0,99
8;StudentAttendanceSystem;transition;2015;26;50;17;49;100;0,38;0,98;0;0,2;92,99;92,99;1,72;1,55
8;StudentAttendanceSystem;pair;2015;26;50;49;277;100;0,45;0,26;1,94;0,45;94,99;94,99;3,86;3,1
8;StudentAttendanceSystem;state;2016;23;39;9;47;100;0,34;0,5;0;0,09;95,99;95,99;1,05;0,93
8;StudentAttendanceSystem;transition;2016;23;39;13;38;100;0,31;0,81;0;0,14;95,99;95,99;1,41;1,26
8;StudentAttendanceSystem;pair;2016;23;39;35;185;100;0,33;0,17;1,13;0,3;96,99;97,99;2,51;1,92
8;StudentAttendanceSystem;state;2017;15;26;6;29;100;0,26;0,32;0;0,05;97,99;97,99;0,74;0,63
8;StudentAttendanceSystem;transition;2017;15;26;9;26;100;0,24;0,53;0;0,09;97,99;98,99;0,98;0,85
8;StudentAttendanceSystem;pair;2017;15;26;22;110;100;0,24;0,11;0,62;0,18;98,99;98,99;1,61;1,15
8;StudentAttendanceSystem;state;2018;26;52;11;60;100;0,61;0,56;0;0,12;99,99;99,99;1,41;1,29
8;StudentAttendanceSystem;transition;2018;26;52;18;51;100;0,36;1,01;0;0,23;100,99;100,99;1,82;1,61
8;StudentAttendanceSystem;pair;2018;26;52;49;275;100;0,38;0,26;1,9;0,53;101,99;102,99;3,86;3,07
8;StudentAttendanceSystem;state;2019;18;30;7;34;100;0,32;0,31;0;0,06;102,99;102,99;0,8;0,69
8;StudentAttendanceSystem;transition;2019;18;30;11;30;100;0,28;0,59;0;0,1;103,99;103,99;1,1;0,96
8;StudentAttendanceSystem;pair;2019;18;30;25;118;100;0,26;0,13;0,74;0,22;103,99;104,99;1,83;1,36
8;StudentAttendanceSystem;state;2020;27;51;11;61;100;0,39;0,49;0;0,12;104,99;104,99;1,11;0,99
8;StudentAttendanceSystem;transition;2020;27;51;18;50;100;0,38;1,07;0;0,21;105,99;105,99;1,85;1,66
8;StudentAttendanceSystem;pair;2020;27;51;44;242;100;0,38;0,27;1,78;0,47;106,99;107,99;3,65;2,9
8;StudentAttendanceSystem;state;2021;22;42;9;45;100;0,35;0,43;0;0,09;107,99;107,99;0,98;0,86
8;StudentAttendanceSystem;transition;2021;22;42;16;41;100;0,31;0,83;0;0,16;108,99;108,99;1,46;1,3
8;StudentAttendanceSystem;pair;2021;22;42;37;199;100;0,33;0,21;1,28;0,33;109,99;109,99;2,85;2,15
8;StudentAttendanceSystem;state;2022;26;50;10;54;100;0,4;0,47;0;0,11;110,99;110,99;1,09;0,97
8;StudentAttendanceSystem;transition;2022;26;50;18;49;100;0,43;1,02;0;0,2;111,99;111,99;1,82;1,65
8;StudentAttendanceSystem;pair;2022;26;50;46;258;100;0,37;0,25;1,82;0,43;112,99;112,99;3,68;2,87
8;StudentAttendanceSystem;state;2023;24;43;10;50;100;0,38;0,41;0;0,1;113,99;113,99;1,01;0,89
8;StudentAttendanceSystem;transition;2023;24;43;16;42;100;0,34;0,94;0;0,17;114,99;114,99;1,61;1,45
8;StudentAttendanceSystem;pair;2023;24;43;39;205;100;0,33;0,19;1,3;0,32;115,99;115,99;2,78;2,14
8;StudentAttendanceSystem;state;2024;23;46;9;48;100;0,36;0,43;0;0,09;116,99;116,99;1;0,88
8;StudentAttendanceSystem;transition;2024;23;46;16;46;100;0,35;0,87;0;0,17;116,99;116,99;1,54;1,39
8;StudentAttendanceSystem;pair;2024;23;46;48;268;100;0,35;0,29;1,67;0,42;118,99;118,99;3,43;2,73
8;StudentAttendanceSystem;state;2025;19;33;7;36;100;0,3;0,33;0;0,06;118,99;118,99;0,79;0,69
8;StudentAttendanceSystem;transition;2025;19;33;12;33;100;0,32;0,64;0;0,12;119,99;119,99;1,23;1,09
8;StudentAttendanceSystem;pair;2025;19;33;29;148;100;0,28;0,16;0,82;0,23;120,99;120,99;2;1,49
8;StudentAttendanceSystem;state;2026;25;46;10;55;100;0,42;0,46;0;0,1;121,99;121,99;1,1;0,98
8;StudentAttendanceSystem;transition;2026;25;46;17;45;100;0,38;0,97;0;0,18;121,99;122,99;1,71;1,53
8;StudentAttendanceSystem;pair;2026;25;46;40;208;100;0,38;0,21;1,39;0,33;123,99;123,99;2,98;2,31
8;StudentAttendanceSystem;state;2027;22;40;9;50;100;0,36;0,39;0;0,09;123,99;123,99;0,95;0,84
8;StudentAttendanceSystem;transition;2027;22;40;13;39;100;0,4;0,78;0;0,15;124,99;124,99;1,49;1,33
8;StudentAttendanceSystem;pair;2027;22;40;38;214;100;0,33;0,19;1,31;0,4;125,99;126,99;2,87;2,22
8;StudentAttendanceSystem;state;2028;20;33;7;37;100;0,29;0,33;0;0,07;126,99;126,99;0,8;0,7
8;StudentAttendanceSystem;transition;2028;20;33;12;32;100;0,27;0,71;0;0,13;127,99;127,99;1,27;1,11
8;StudentAttendanceSystem;pair;2028;20;33;31;151;100;0,28;0,14;0,93;0,24;127,99;128,99;2,1;1,58
8;StudentAttendanceSystem;state;2029;23;41;9;46;100;0,32;0,38;0;0,08;128,99;128,99;0,9;0,79
8;StudentAttendanceSystem;transition;2029;23;41;15;40;100;0,36;0,84;0;0,17;129,99;129,99;1,55;1,37
8;StudentAttendanceSystem;pair;2029;23;41;37;193;100;0,35;0,33;1,3;0,31;130,99;130,99;2,91;2,29
8;StudentAttendanceSystem;state;2030;23;45;10;51;100;0,42;0,46;0;0,1;131,99;131,99;1,11;0,98
8;StudentAttendanceSystem;transition;2030;23;45;15;45;100;0,33;0,79;0;0,2;131,99;132,99;1,49;1,33
8;StudentAttendanceSystem;pair;2030;23;45;43;235;100;0,34;0,22;1,56;0,38;133,99;133,99;3,24;2,5
8;StudentAttendanceSystem;state;2031;22;39;8;42;100;0,35;0,38;0;0,09;133,99;134,99;0,94;0,82
8;StudentAttendanceSystem;transition;2031;22;39;15;38;100;0,37;0,85;0;0,16;134,99;134,99;1,54;1,38
8;StudentAttendanceSystem;pair;2031;22;39;34;176;100;0,32;0,18;1,1;0,32;135,99;135,99;2,52;1,92
8;StudentAttendanceSystem;state;2032;22;39;9;50;100;0,32;0,44;0;0,09;136,99;136,99;0,98;0,86
8;StudentAttendanceSystem;transition;2032;22;39;12;39;100;0,31;0,72;0;0,13;137,99;137,99;1,31;1,16
8;StudentAttendanceSystem;pair;2032;22;39;35;186;100;0,31;0,2;1,18;0,29;138,99;138,99;2,57;1,98
8;StudentAttendanceSystem;state;2033;21;35;8;43;100;0,31;0,35;0;0,08;138,99;138,99;0,86;0,74
8;StudentAttendanceSystem;transition;2033;21;35;12;34;100;0,3;0,74;0;0,14;139,99;139,99;1,34;1,19
8;StudentAttendanceSystem;pair;2033;21;35;26;140;100;0,29;0,15;1,03;0,23;140,99;140,99;2,21;1,69
8;StudentAttendanceSystem;state;2034;26;50;10;54;100;0,38;0,55;0;0,11;141,99;141,99;1,16;1,04
8;StudentAttendanceSystem;transition;2034;26;50;18;49;100;0,37;1,08;0;0,25;141,99;142,99;1,87;1,7
8;StudentAttendanceSystem;pair;2034;26;50;45;257;100;0,38;0,26;1,85;0,43;143,99;143,99;3,67;2,92
8;StudentAttendanceSystem;state;2035;19;32;7;37;100;0,3;0,45;0;0,07;144,99;144,99;0,94;0,82
8;StudentAttendanceSystem;transition;2035;19;32;11;31;100;0,33;0,63;0;0,11;144,99;144,99;1,21;1,07
8;StudentAttendanceSystem;pair;2035;19;32;26;136;100;0,28;0,14;0,78;0,21;145,99;145,99;1,92;1,4
8;StudentAttendanceSystem;state;2036;16;28;6;31;100;0,27;0,31;0;0,06;146,99;146,99;0,76;0,64
8;StudentAttendanceSystem;transition;2036;16;28;9;28;100;0,24;0,51;0;0,08;146,99;146,99;0,96;0,84
8;StudentAttendanceSystem;pair;2036;16;28;29;146;100;0,29;0,13;0,82;0,23;147,99;147,99;2;1,47
8;StudentAttendanceSystem;state;2037;24;43;9;48;100;0,35;0,43;0;0,1;148,99;148,99;0,99;0,88
8;StudentAttendanceSystem;transition;2037;24;43;15;42;100;0,34;0,84;0;0,18;148,99;149,99;1,51;1,36
8;StudentAttendanceSystem;pair;2037;24;43;36;200;100;0,34;0,2;1,26;0,32;150,99;150,99;2,82;2,12
8;StudentAttendanceSystem;state;2038;23;40;9;45;100;0,33;0,38;0;0,08;150,99;150,99;0,89;0,78
8;StudentAttendanceSystem;transition;2038;23;40;15;39;100;0,36;0,77;0;0,15;151,99;151,99;1,44;1,29
8;StudentAttendanceSystem;pair;2038;23;40;31;162;100;0,31;0,17;0,98;0,26;152,99;152,99;2,29;1,71
8;StudentAttendanceSystem;state;2039;21;34;8;39;100;0,31;0,33;0;0,07;153,99;153,99;0,82;0,71
8;StudentAttendanceSystem;transition;2039;21;34;13;33;100;0,27;0,71;0;0,13;153,99;153,99;1,25;1,11
8;StudentAttendanceSystem;pair;2039;21;34;22;109;100;0,29;0,14;0,69;0,17;154,99;154,99;1,81;1,29
8;StudentAttendanceSystem;state;2040;22;43;9;48;100;0,36;0,4;0;0,09;155,99;155,99;0,96;0,85
8;StudentAttendanceSystem;transition;2040;22;43;14;43;100;0,33;0,76;0;0,15;155,99;156,99;1,4;1,24
8;StudentAttendanceSystem;pair;2040;22;43;44;236;100;0,38;0,21;1,42;0,38;157,99;157,99;3,05;2,38
8;StudentAttendanceSystem;state;2041;26;50;10;54;100;0,38;0,52;0;0,1;158,99;158,99;1,13;1,01
8;StudentAttendanceSystem;transition;2041;26;50;18;49;100;0,37;1;0;0,21;158,99;159,99;1,74;1,58
8;StudentAttendanceSystem;pair;2041;26;50;46;258;100;0,37;0,26;1,84;0,43;160,99;160,99;3,64;2,9
8;StudentAttendanceSystem;state;2042;20;31;7;36;100;0,3;0,33;0;0,07;161,99;161,99;0,82;0,7
8;StudentAttendanceSystem;transition;2042;20;31;11;30;100;0,26;0,67;0;0,11;161,99;161,99;1,18;1,04
8;StudentAttendanceSystem;pair;2042;20;31;21;103;100;0,27;0,12;0,59;0,15;162,99;162,99;1,61;1,12
8;StudentAttendanceSystem;state;2043;21;38;8;39;100;0,5;0,47;0;0,07;163,99;163,99;1,16;1,04
8;StudentAttendanceSystem;transition;2043;21;38;14;37;100;0,3;0,7;0;0,13;163,99;163,99;1,27;1,13
8;StudentAttendanceSystem;pair;2043;21;38;37;189;100;0,3;0,17;1,15;0,35;164,99;165,99;2,54;1,96
8;StudentAttendanceSystem;state;2044;26;48;11;58;100;0,37;0,46;0;0,11;165,99;165,99;1,05;0,94
8;StudentAttendanceSystem;transition;2044;26;48;18;47;100;0,35;0,99;0;0,22;166,99;166,99;1,72;1,56
8;StudentAttendanceSystem;pair;2044;26;48;40;208;100;0,42;0,23;1,36;0,34;167,99;167,99;3,02;2,35
8;StudentAttendanceSystem;state;2045;24;43;9;50;100;0,36;0,5;0;0,09;168,99;168,99;1,07;0,95
8;StudentAttendanceSystem;transition;2045;24;43;15;42;100;0,34;0,86;0;0,17;169,99;169,99;1,5;1,36
8;StudentAttendanceSystem;pair;2045;24;43;35;185;100;0,33;0,19;1,19;0,24;170,99;170,99;2,67;1,95
8;StudentAttendanceSystem;state;2046;26;48;11;56;100;0,32;0,39;0;0,1;170,99;171,99;0,95;0,81
8;StudentAttendanceSystem;transition;2046;26;48;17;47;100;0,29;0,79;0;0,24;171,99;171,99;1,5;1,31
8;StudentAttendanceSystem;pair;2046;26;48;42;232;100;0,31;0,19;1,15;0,33;173,99;173,99;2,69;1,98
8;StudentAttendanceSystem;state;2047;23;42;9;47;100;0,34;0,36;0;0,1;173,99;173,99;0,92;0,79
8;StudentAttendanceSystem;transition;2047;23;42;15;41;100;0,32;0,64;0;0,13;174,99;174,99;1,22;1,09
8;StudentAttendanceSystem;pair;2047;23;42;36;198;100;0,26;0,18;0,94;0,28;175,99;175,99;2,31;1,65
8;StudentAttendanceSystem;state;2048;22;44;9;46;100;0,26;0,24;0;0,05;176,99;176,99;0,63;0,55
8;StudentAttendanceSystem;transition;2048;22;44;15;44;100;0,19;0,48;0;0,08;177,99;177,99;0,84;0,75
8;StudentAttendanceSystem;pair;2048;22;44;43;233;100;0,2;0,13;1,19;0,22;178,99;178,99;2,19;1,75
8;StudentAttendanceSystem;state;2049;23;39;9;47;100;0,3;0,34;0;0,08;179,99;179,99;0,83;0,72
8;StudentAttendanceSystem;transition;2049;23;39;13;38;100;0,26;0,6;0;0,15;179,99;179,99;1,24;1,02
8;StudentAttendanceSystem;pair;2049;23;39;35;185;100;0,3;0,12;0,81;0,25;180,99;181,99;1,97;1,47
8;StudentAttendanceSystem;state;2050;28;56;11;62;100;0,25;0,3;0;0,07;181,99;181,99;0,69;0,62
8;StudentAttendanceSystem;transition;2050;28;56;20;55;100;0,3;0,92;0;0,2;182,99;182,99;1,58;1,42
8;StudentAttendanceSystem;pair;2050;28;56;52;294;100;0,33;0,21;1,52;0,41;184,99;184,99;3,19;2,47
8;StudentAttendanceSystem;state;2051;27;53;12;66;100;0,34;3;0;0,09;186,06;6,06;3,57;3,44
8;StudentAttendanceSystem;transition;2051;27;53;17;53;100;0,34;0,78;0;0,16;6,06;7,06;1,45;1,28
8;StudentAttendanceSystem;pair;2051;27;53;51;289;100;0,35;0,2;1,54;0,37;8,06;8,06;3,14;2,47
8;StudentAttendanceSystem;state;2052;21;41;9;48;100;0,29;0,31;0;0,07;9,06;9,06;0,76;0,67
8;StudentAttendanceSystem;transition;2052;21;41;14;41;100;0,27;0,47;0;0,09;9,06;10,06;0,94;0,83
8;StudentAttendanceSystem;pair;2052;21;41;38;204;100;0,22;0,14;0,87;0,25;11,06;11,06;1,95;1,48
8;StudentAttendanceSystem;state;2053;24;44;9;48;100;0,31;0,36;0;0,08;11,06;11,06;0,85;0,75
8;StudentAttendanceSystem;transition;2053;24;44;16;43;100;0,28;0,69;0;0,15;12,06;12,06;1,25;1,12
8;StudentAttendanceSystem;pair;2053;24;44;39;211;100;0,33;0,18;1,24;0,32;13,06;14,06;2,71;2,07
8;StudentAttendanceSystem;state;2054;26;50;10;54;100;0,4;0,48;0;0,1;14,06;14,06;1,12;0,98
8;StudentAttendanceSystem;transition;2054;26;50;18;49;100;0,36;0,91;0;0,2;15,06;15,06;1,64;1,47
8;StudentAttendanceSystem;pair;2054;26;50;46;258;100;0,37;0,24;1,84;0,39;16,06;17,06;3,59;2,84
8;StudentAttendanceSystem;state;2055;27;55;11;58;100;0,4;0,49;0;0,15;17,06;17,06;1,15;1,04
8;StudentAttendanceSystem;transition;2055;27;55;19;54;100;0,42;1,01;0;0,26;18,06;18,06;1,86;1,69
8;StudentAttendanceSystem;pair;2055;27;55;54;304;100;0,36;0,29;2,28;0,45;20,06;20,06;4,15;3,38
8;StudentAttendanceSystem;state;2056;23;46;9;48;100;0,31;0,36;0;0,07;21,06;21,06;0,84;0,74
8;StudentAttendanceSystem;transition;2056;23;46;16;46;100;0,34;0,73;0;0,14;21,06;21,06;1,35;1,21
8;StudentAttendanceSystem;pair;2056;23;46;48;268;100;0,58;0,18;1,04;0,22;23,06;23,06;2,53;2,02
8;StudentAttendanceSystem;state;2057;30;59;13;72;100;0,26;0,34;0;0,08;24,06;24,06;0,76;0,68
8;StudentAttendanceSystem;transition;2057;30;59;20;58;100;0,24;0,69;0;0,13;25,06;25,06;1,16;1,06
8;StudentAttendanceSystem;pair;2057;30;59;58;324;100;0,24;0,19;1,69;0,43;26,06;27,06;3,18;2,55
8;StudentAttendanceSystem;state;2058;20;38;8;41;100;0,21;0,23;0;0,05;27,06;27,06;0,6;0,49
8;StudentAttendanceSystem;transition;2058;20;38;14;38;100;0,18;0,44;0;0,08;28,06;28,06;0,79;0,7
8;StudentAttendanceSystem;pair;2058;20;38;35;189;100;0,19;0,14;0,81;0,15;29,06;29,06;1,64;1,29
8;StudentAttendanceSystem;state;2059;18;28;7;35;100;0,16;0,18;0;0,03;30,06;30,06;0,44;0,38
8;StudentAttendanceSystem;transition;2059;18;28;9;28;100;0,14;0,3;0;0,05;30,06;30,06;0,57;0,49
8;StudentAttendanceSystem;pair;2059;18;28;25;118;100;0,15;0,08;0,38;0,09;31,06;31,06;0,96;0,7
8;StudentAttendanceSystem;state;2060;26;49;11;56;100;0,22;0,27;0;0,07;32,06;32,06;0,64;0,56
8;StudentAttendanceSystem;transition;2060;26;49;18;48;100;0,2;0,56;0;0,1;32,06;32,06;0,96;0,86
8;StudentAttendanceSystem;pair;2060;26;49;47;253;100;0,23;0,15;1,18;0,21;34,06;34,06;2,23;1,78
8;StudentAttendanceSystem;state;2061;22;39;9;50;100;0,21;0,24;0;0,06;35,06;35,06;0,59;0,51
8;StudentAttendanceSystem;transition;2061;22;39;12;38;100;0,19;0,44;0;0,07;35,06;35,06;0,79;0,7
8;StudentAttendanceSystem;pair;2061;22;39;35;199;100;0,2;0,12;0,82;0,25;36,06;37,06;1,76;1,39
8;StudentAttendanceSystem;state;2062;27;52;11;59;100;0,33;0,32;0;0,07;37,06;37,06;0,82;0,72
8;StudentAttendanceSystem;transition;2062;27;52;19;51;100;0,22;0,63;0;0,12;38,06;38,06;1,08;0,97
8;StudentAttendanceSystem;pair;2062;27;52;43;240;100;0,24;0,18;1,26;0,22;39,06;40,06;2,44;1,9
8;StudentAttendanceSystem;state;2063;29;57;12;67;100;0,26;0,31;0;0,08;40,06;40,06;0,72;0,65
8;StudentAttendanceSystem;transition;2063;29;57;20;56;100;0,25;0,67;0;0,13;41,06;41,06;1,15;1,04
8;StudentAttendanceSystem;pair;2063;29;57;52;292;100;0,28;0,2;1,37;0,25;43,06;43,06;2,72;2,11
8;StudentAttendanceSystem;state;2064;22;40;8;42;100;0,24;0,33;0;0,06;44,06;44,06;0,73;0,63
8;StudentAttendanceSystem;transition;2064;22;40;13;39;100;0,29;0,62;0;0,08;44,06;44,06;1,11;0,99
8;StudentAttendanceSystem;pair;2064;22;40;39;215;100;0,21;0,12;0,89;0,26;45,06;46,06;1,94;1,48
8;StudentAttendanceSystem;state;2065;21;35;8;41;100;0,19;0,24;0;0,09;46,06;46,06;0,6;0,53
8;StudentAttendanceSystem;transition;2065;21;35;13;34;100;0,24;0,62;0;0,1;47,06;47,06;1,08;0,96
8;StudentAttendanceSystem;pair;2065;21;35;33;161;100;0,25;0,12;0,72;0,2;48,06;48,06;1,72;1,29
8;StudentAttendanceSystem;state;2066;21;40;9;46;100;0,29;0,36;0;0,08;48,06;49,06;0,83;0,73
8;StudentAttendanceSystem;transition;2066;21;40;15;40;100;0,29;0,49;0;0,08;49,06;49,06;0,97;0,86
8;StudentAttendanceSystem;pair;2066;21;40;36;194;100;0,19;0,13;0,9;0,26;50,06;51,06;2,06;1,48
8;StudentAttendanceSystem;state;2067;25;50;11;58;100;0,37;0,39;0;0,09;51,06;51,06;0,95;0,85
8;StudentAttendanceSystem;transition;2067;25;50;18;50;100;0,32;0,76;0;0,11;52,06;52,06;1,32;1,19
8;StudentAttendanceSystem;pair;2067;25;50;49;265;100;0,23;0,17;1,24;0,33;53,06;54,06;2,5;1,98
8;StudentAttendanceSystem;state;2068;23;42;8;43;100;0,24;0,29;0;0,08;54,06;54,06;0,7;0,61
8;StudentAttendanceSystem;transition;2068;23;42;15;41;100;0,23;0,53;0;0,09;55,06;55,06;0,95;0,85
8;StudentAttendanceSystem;pair;2068;23;42;35;193;100;0,2;0,12;0,88;0,22;56,06;56,06;1,84;1,42
8;StudentAttendanceSystem;state;2069;25;48;9;49;100;0,23;0,4;0;0,1;57,06;57,06;0,84;0,73
8;StudentAttendanceSystem;transition;2069;25;48;17;47;100;0,23;0,6;0;0,16;57,06;58,06;1,11;0,99
8;StudentAttendanceSystem;pair;2069;25;48;43;245;100;0,33;0,16;1,04;0,32;59,06;59,06;2,46;1,85
8;StudentAttendanceSystem;state;2070;27;55;12;64;100;0,34;0,37;0;0,07;60,06;60,06;0,88;0,78
8;StudentAttendanceSystem;transition;2070;27;55;20;55;100;0,26;0,89;0;0,12;61,06;61,06;1,39;1,27
8;StudentAttendanceSystem;pair;2070;27;55;50;282;100;0,27;0,18;1,3;0,35;62,06;63,06;2,63;2,1
8;StudentAttendanceSystem;state;2071;20;32;7;36;100;0,25;0,27;0;0,05;63,06;63,06;0,67;0,57
8;StudentAttendanceSystem;transition;2071;20;32;12;31;100;0,22;0,4;0;0,07;64,06;64,06;0,78;0,69
8;StudentAttendanceSystem;pair;2071;20;32;26;125;100;0,16;0,1;0,55;0,2;64,06;65,06;1,42;1,01
8;StudentAttendanceSystem;state;2072;22;39;8;43;100;0,29;0,33;0;0,05;65,06;65,06;0,76;0,67
8;StudentAttendanceSystem;transition;2072;22;39;14;38;100;0,19;0,46;0;0,08;66,06;66,06;0,81;0,72
8;StudentAttendanceSystem;pair;2072;22;39;37;193;100;0,19;0,11;0,71;0,16;67,06;67,06;1,58;1,17
8;StudentAttendanceSystem;state;2073;27;52;11;61;100;0,26;0,46;0;0,09;68,06;68,06;0,94;0,82
8;StudentAttendanceSystem;transition;2073;27;52;18;51;100;0,27;0,63;0;0,12;68,06;69,06;1,14;1,03
8;StudentAttendanceSystem;pair;2073;27;52;51;279;100;0,23;0,19;1,47;0,33;70,06;70,06;2,83;2,22
8;StudentAttendanceSystem;state;2074;26;51;11;60;100;0,37;0,38;0;0,07;71,06;71,06;0,93;0,82
8;StudentAttendanceSystem;transition;2074;26;51;17;50;100;0,23;0,74;0;0,16;72,06;72,06;1,26;1,12
8;StudentAttendanceSystem;pair;2074;26;51;46;264;100;0,43;0,16;1,3;0,34;73,06;73,06;2,75;2,23
8;StudentAttendanceSystem;state;2075;23;43;10;54;100;0,33;0,4;0;0,09;74,06;74,06;0,97;0,83
8;StudentAttendanceSystem;transition;2075;23;43;15;43;100;0,23;0,51;0;0,09;75,06;75,06;0,95;0,83
8;StudentAttendanceSystem;pair;2075;23;43;43;221;100;0,29;0,16;0,99;0,3;76,06;76,06;2,33;1,74
8;StudentAttendanceSystem;state;2076;21;41;8;42;100;0,23;0,24;0;0,08;77,06;77,06;0,65;0,55
8;StudentAttendanceSystem;transition;2076;21;41;13;41;100;0,2;0,54;0;0,08;77,06;77,06;0,91;0,82
8;StudentAttendanceSystem;pair;2076;21;41;42;238;100;0,21;0,13;0,83;0,19;78,06;79,06;1,74;1,36
8;StudentAttendanceSystem;state;2077;23;44;9;50;100;0,31;0,35;0;0,07;79,06;79,06;0,84;0,73
8;StudentAttendanceSystem;transition;2077;23;44;15;44;100;0,3;0,69;0;0,13;80,06;80,06;1,26;1,12
8;StudentAttendanceSystem;pair;2077;23;44;38;208;100;0,28;0,15;0,91;0,22;81,06;82,06;2,17;1,56
8;StudentAttendanceSystem;state;2078;28;57;13;69;100;0,25;0,31;0;0,07;82,06;82,06;0,7;0,63
8;StudentAttendanceSystem;transition;2078;28;57;20;57;100;0,24;0,72;0;0,17;83,06;83,06;1,26;1,13
8;StudentAttendanceSystem;pair;2078;28;57;56;314;100;0,32;0,25;1,71;0,39;85,06;85,06;3,34;2,67
8;StudentAttendanceSystem;state;2079;25;44;10;55;100;0,37;0,36;0;0,08;86,06;86,06;0,96;0,81
8;StudentAttendanceSystem;transition;2079;25;44;15;43;100;0,3;0,68;0;0,13;86,06;86,06;1,24;1,11
8;StudentAttendanceSystem;pair;2079;25;44;34;184;100;0,28;0,14;0,89;0,24;87,06;88,06;2,08;1,55
8;StudentAttendanceSystem;state;2080;28;54;11;62;100;0,33;0,41;0;0,1;88,06;88,06;0,95;0,84
8;StudentAttendanceSystem;transition;2080;28;54;18;53;100;0,36;0,82;0;0,21;89,06;89,06;1,56;1,38
8;StudentAttendanceSystem;pair;2080;28;54;46;268;100;0,31;0,19;1,53;0,39;90,06;91,06;3,15;2,42
8;StudentAttendanceSystem;state;2081;22;43;8;43;100;0,31;0,29;0;0,05;91,06;91,06;0,73;0,64
8;StudentAttendanceSystem;transition;2081;22;43;15;43;100;0,31;0,7;0;0,13;92,06;92,06;1,27;1,14
8;StudentAttendanceSystem;pair;2081;22;43;39;225;100;0,27;0,14;1,07;0,32;93,06;94,06;2,41;1,8
8;StudentAttendanceSystem;state;2082;25;45;10;55;100;0,35;0,36;0;0,08;94,06;94,06;0,89;0,78
8;StudentAttendanceSystem;transition;2082;25;45;15;44;100;0,27;0,94;0;0,13;95,06;95,06;1,48;1,34
8;StudentAttendanceSystem;pair;2082;25;45;41;217;100;0,36;0,14;1,11;0,27;96,06;96,06;2,42;1,88
8;StudentAttendanceSystem;state;2083;24;43;9;50;100;0,37;0,36;0;0,08;97,06;97,06;0,92;0,81
8;StudentAttendanceSystem;transition;2083;24;43;15;42;100;0,34;0,67;0;0,15;98,06;98,06;1,32;1,17
8;StudentAttendanceSystem;pair;2083;24;43;36;193;100;0,34;0,15;0,9;0,27;99,06;99,06;2,28;1,66
8;StudentAttendanceSystem;state;2084;26;53;11;59;100;0,38;0,48;0;0,11;100,06;100,06;1,1;0,97
8;StudentAttendanceSystem;transition;2084;26;53;19;53;100;0,31;1,01;0;0,17;100,06;100,06;1,67;1,49
8;StudentAttendanceSystem;pair;2084;26;53;47;265;100;0,34;0,2;1,41;0,42;102,06;102,06;3,03;2,37
8;StudentAttendanceSystem;state;2085;22;43;8;43;100;0,38;0,37;0;0,08;103,06;103,06;0,96;0,84
8;StudentAttendanceSystem;transition;2085;22;43;15;43;100;0,27;0,68;0;0,13;103,06;103,06;1,2;1,08
8;StudentAttendanceSystem;pair;2085;22;43;39;221;100;0,36;0,16;1,03;0,29;105,06;105,06;2,42;1,84
8;StudentAttendanceSystem;state;2086;24;46;10;54;100;0,34;0,35;0;0,08;105,06;105,06;0,86;0,77
8;StudentAttendanceSystem;transition;2086;24;46;16;45;100;0,34;0,72;0;0,14;106,06;106,06;1,37;1,21
8;StudentAttendanceSystem;pair;2086;24;46;42;228;100;0,28;0,17;1,31;0,38;107,06;108,06;2,85;2,14
8;StudentAttendanceSystem;state;2087;24;47;10;53;100;0,32;0,38;0;0,08;108,06;108,06;0,88;0,77
8;StudentAttendanceSystem;transition;2087;24;47;17;47;100;0,28;0,68;0;0,14;109,06;109,06;1,22;1,1
8;StudentAttendanceSystem;pair;2087;24;47;40;222;100;0,28;0,2;1,01;0,2;110,06;111,06;2,24;1,7
8;StudentAttendanceSystem;state;2088;24;46;10;54;100;0,23;0,25;0;0,05;111,06;111,06;0,62;0,54
8;StudentAttendanceSystem;transition;2088;24;46;16;45;100;0,23;0,57;0;0,1;112,06;112,06;1;0,9
8;StudentAttendanceSystem;pair;2088;24;46;42;228;100;0,24;0,14;0,87;0,29;113,06;113,06;2,05;1,53
8;StudentAttendanceSystem;state;2089;18;32;7;33;100;0,25;0,26;0;0,04;114,06;114,06;0,63;0,55
8;StudentAttendanceSystem;transition;2089;18;32;11;32;100;0,21;0,46;0;0,12;114,06;114,06;0,92;0,79
8;StudentAttendanceSystem;pair;2089;18;32;30;153;100;0,21;0,09;0,64;0,18;115,06;115,06;1,47;1,11
8;StudentAttendanceSystem;state;2090;22;36;9;44;100;0,27;0,31;0;0,11;116,06;116,06;0,8;0,68
8;StudentAttendanceSystem;transition;2090;22;36;13;35;100;0,31;0,57;0;0,16;117,06;117,06;1,23;1,03
8;StudentAttendanceSystem;pair;2090;22;36;28;141;100;0,3;0,11;0,65;0,21;117,06;118,06;1,74;1,27
8;StudentAttendanceSystem;state;2091;24;46;10;55;100;0,33;0,47;0;0,08;118,06;118,06;1;0,88
8;StudentAttendanceSystem;transition;2091;24;46;15;46;100;0,34;0,76;0;0,15;119,06;119,06;1,44;1,25
8;StudentAttendanceSystem;pair;2091;24;46;44;240;100;0,29;0,16;1,04;0,29;120,06;121,06;2,31;1,78
8;StudentAttendanceSystem;state;2092;25;52;11;57;100;0,34;0,28;0;0,06;121,06;121,06;0,76;0,67
8;StudentAttendanceSystem;transition;2092;25;52;18;52;100;0,22;0,57;0;0,1;122,06;122,06;0,99;0,89
8;StudentAttendanceSystem;pair;2092;25;52;53;293;100;0,23;0,18;1,17;0,32;123,06;124,06;2,35;1,89
8;StudentAttendanceSystem;state;2093;22;38;8;43;100;0,19;0,22;0;0,04;124,06;124,06;0,51;0,45
8;StudentAttendanceSystem;transition;2093;22;38;13;37;100;0,17;0,53;0;0,13;125,06;125,06;0,96;0,84
8;StudentAttendanceSystem;pair;2093;22;38;35;187;100;0,31;0,12;0,84;0,24;126,06;126,06;2,11;1,51
8;StudentAttendanceSystem;state;2094;21;38;8;42;100;0,31;0,31;0;0,06;127,06;127,06;0,78;0,68
8;StudentAttendanceSystem;transition;2094;21;38;13;37;100;0,24;0,55;0;0,11;127,06;127,06;1,02;0,91
8;StudentAttendanceSystem;pair;2094;21;38;32;178;100;0,26;0,11;0,64;0,16;128,06;129,06;1,63;1,16
8;StudentAttendanceSystem;state;2095;28;56;11;62;100;0,33;0,41;0;0,1;129,06;129,06;0,95;0,84
8;StudentAttendanceSystem;transition;2095;28;56;20;55;100;0,31;0,88;0;0,13;130,06;130,06;1,43;1,32
8;StudentAttendanceSystem;pair;2095;28;56;52;294;100;0,24;0,18;1,21;0,25;132,06;132,06;2,36;1,88
8;StudentAttendanceSystem;state;2096;24;43;10;50;100;0,54;0,5;0;0,07;132,06;133,06;1,23;1,11
8;StudentAttendanceSystem;transition;2096;24;43;16;42;100;0,32;0,68;0;0,13;133,06;133,06;1,26;1,13
8;StudentAttendanceSystem;pair;2096;24;43;40;210;100;0,29;0,15;1,05;0,32;134,06;135,06;2,42;1,81
8;StudentAttendanceSystem;state;2097;26;50;10;54;100;0,25;0,28;0;0,06;135,06;135,06;0,65;0,58
8;StudentAttendanceSystem;transition;2097;26;50;17;49;100;0,4;0,6;0;0,11;136,06;136,06;1,22;1,11
8;StudentAttendanceSystem;pair;2097;26;50;49;281;100;0,22;0,16;1,21;0,25;137,06;138,06;2,33;1,85
8;StudentAttendanceSystem;state;2098;22;45;9;49;100;0,22;0,3;0;0,08;138,06;138,06;0,69;0,6
8;StudentAttendanceSystem;transition;2098;22;45;15;45;100;0,31;0,62;0;0,13;139,06;139,06;1,18;1,06
8;StudentAttendanceSystem;pair;2098;22;45;42;238;100;0,32;0,15;1,09;0,33;140,06;141,06;2,44;1,9
8;StudentAttendanceSystem;state;2099;23;44;9;50;100;0,29;0,36;0;0,09;141,06;141,06;0,85;0,74
8;StudentAttendanceSystem;transition;2099;23;44;15;44;100;0,38;0,76;0;0,13;142,06;142,06;1,44;1,28
8;StudentAttendanceSystem;pair;2099;23;44;37;207;100;0,34;0,19;1,25;0,39;143,06;143,06;2,86;2,17
8;StudentAttendanceSystem;state;2100;23;42;9;49;100;0,43;0,41;0;0,09;144,06;144,06;1,06;0,93
8;StudentAttendanceSystem;transition;2100;23;42;15;41;100;0,34;0,84;0;0,2;144,06;145,06;1,56;1,38
8;StudentAttendanceSystem;pair;2100;23;42;36;202;100;0,39;0,18;1,19;0,33;146,06;146,06;2,76;2,09
8;StudentAttendanceSystem;state;2101;22;40;9;47;100;0,39;0,36;0;0,09;146,06;146,06;0,95;0,83
8;StudentAttendanceSystem;transition;2101;22;40;13;40;100;0,34;0,63;0;0,13;147,06;147,06;1,26;1,1
8;StudentAttendanceSystem;pair;2101;22;40;38;208;100;0,28;0,15;0,95;0,26;148,06;148,06;2,18;1,64
8;StudentAttendanceSystem;state;2102;20;34;8;41;100;0,38;0,33;0;0,07;149,06;149,06;0,88;0,77
8;StudentAttendanceSystem;transition;2102;20;34;11;34;100;0,26;0,57;0;0,11;149,06;150,06;1,07;0,94
8;StudentAttendanceSystem;pair;2102;20;34;30;158;100;0,27;0,11;0,67;0,2;150,06;151,06;1,8;1,25
8;StudentAttendanceSystem;state;2103;27;50;11;61;100;0,35;0,38;0;0,1;151,06;151,06;0,94;0,83
8;StudentAttendanceSystem;transition;2103;27;50;17;49;100;0,4;0,92;0;0,17;152,06;152,06;1,68;1,5
8;StudentAttendanceSystem;pair;2103;27;50;42;234;100;0,43;0,25;1,54;0,42;153,06;154,06;3,49;2,64
8;StudentAttendanceSystem;state;2104;26;52;10;55;100;0,35;0,44;0;0,09;154,06;154,06;1,04;0,89
8;StudentAttendanceSystem;transition;2104;26;52;17;51;100;0,33;0,73;0;0,16;155,06;155,06;1,35;1,22
8;StudentAttendanceSystem;pair;2104;26;52;52;294;100;0,31;0,19;1,53;0,41;156,06;157,06;3,15;2,45
8;StudentAttendanceSystem;state;2105;24;49;11;57;100;0,4;0,53;0;0,11;157,06;158,06;1,26;1,04
8;StudentAttendanceSystem;transition;2105;24;49;17;49;100;0,3;0,75;0;0,16;158,06;158,06;1,36;1,21
8;StudentAttendanceSystem;pair;2105;24;49;44;250;100;0,32;0,19;1,22;0,33;160,06;160,06;2,65;2,06
8;StudentAttendanceSystem;state;2106;20;38;8;41;100;0,33;0,32;0;0,06;160,06;160,06;0,8;0,7
8;StudentAttendanceSystem;transition;2106;20;38;14;38;100;0,29;0,6;0;0,13;161,06;161,06;1,19;1,03
8;StudentAttendanceSystem;pair;2106;20;38;35;189;100;0,35;0,19;0,76;0,22;162,06;162,06;2,15;1,53
8;StudentAttendanceSystem;state;2107;27;54;11;60;100;0,33;0,38;0;0,08;163,06;163,06;0,88;0,8
8;StudentAttendanceSystem;transition;2107;27;54;18;53;100;0,33;0,95;0;0,12;164,06;164,06;1,53;1,39
8;StudentAttendanceSystem;pair;2107;27;54;55;307;100;0,26;0,18;1,59;0,42;165,06;166,06;3,1;2,45
8;StudentAttendanceSystem;state;2108;23;40;9;46;100;0,42;0,44;0;0,09;166,06;166,06;1,09;0,94
8;StudentAttendanceSystem;transition;2108;23;40;14;39;100;0,35;0,87;0;0,16;167,06;167,06;1,54;1,39
8;StudentAttendanceSystem;pair;2108;23;40;33;176;100;0,36;0,15;1,06;0,22;168,06;168,06;2,38;1,79
8;StudentAttendanceSystem;state;2109;27;54;12;64;100;0,3;0,41;0;0,11;169,06;169,06;0,94;0,82
8;StudentAttendanceSystem;transition;2109;27;54;19;54;100;0,33;0,76;0;0,18;170,06;170,06;1,41;1,27
8;StudentAttendanceSystem;pair;2109;27;54;47;267;100;0,32;0,23;1,31;0,27;171,06;171,06;2,74;2,12
8;StudentAttendanceSystem;state;2110;28;53;12;64;100;0,32;0,44;0;0,08;172,06;172,06;0,94;0,83
8;StudentAttendanceSystem;transition;2110;28;53;18;52;100;0,24;0,84;0;0,17;173,06;173,06;1,4;1,25
8;StudentAttendanceSystem;pair;2110;28;53;46;257;100;0,32;0,22;1,29;0,35;174,06;175,06;2,84;2,18
8;StudentAttendanceSystem;state;2111;29;56;12;67;100;0,36;0,43;0;0,1;175,06;175,06;1;0,89
8;StudentAttendanceSystem;transition;2111;29;56;19;55;100;0,34;0,9;0;0,19;176,06;176,06;1,6;1,44
8;StudentAttendanceSystem;pair;2111;29;56;49;281;100;0,4;0,21;1,42;0,38;178,06;178,06;3,16;2,4
8;StudentAttendanceSystem;state;2112;25;49;9;49;100;0,32;0,47;0;0,08;178,06;179,06;0,99;0,86
8;StudentAttendanceSystem;transition;2112;25;49;18;48;100;0,3;0,79;0;0,17;179,06;179,06;1,41;1,26
8;StudentAttendanceSystem;pair;2112;25;49;46;260;100;0,31;0,18;1,33;0,33;181,06;181,06;2,74;2,15
8;StudentAttendanceSystem;state;2113;22;38;8;42;100;0,29;0,35;0;0,06;182,06;182,06;0,81;0,7
8;StudentAttendanceSystem;transition;2113;22;38;14;37;100;0,27;0,61;0;0,13;182,06;182,06;1,13;1,01
8;StudentAttendanceSystem;pair;2113;22;38;32;168;100;0,3;0,13;0,97;0,21;183,06;183,06;2,2;1,61
8;StudentAttendanceSystem;state;2114;30;61;13;70;100;0,36;0,45;0;0,11;184,06;184,06;1,04;0,92
8;StudentAttendanceSystem;transition;2114;30;61;22;60;100;0,4;0,98;0;0,23;185,06;185,06;1,8;1,62
8;StudentAttendanceSystem;pair;2114;30;61;60;336;100;0,37;0,27;1,78;0,44;186,07;7,07;6,26;2,86
8;StudentAttendanceSystem;state;2115;28;52;12;66;100;0,34;0,41;0;0,1;8,07;8,07;0,95;0,84
8;StudentAttendanceSystem;transition;2115;28;52;17;51;100;0,3;0,76;0;0,16;9,07;9,07;1,37;1,22
8;StudentAttendanceSystem;pair;2115;28;52;48;266;100;0,34;0,22;1,31;0,23;10,07;10,07;2,69;2,1
8;StudentAttendanceSystem;state;2116;24;45;9;48;100;0,24;0,26;0;0,06;11,07;11,07;0,64;0,56
8;StudentAttendanceSystem;transition;2116;24;45;17;44;100;0,2;0,55;0;0,1;12,07;12,07;0,95;0,86
8;StudentAttendanceSystem;pair;2116;24;45;42;226;100;0,2;0,17;1,17;0,3;13,07;13,07;2,55;1,85
8;StudentAttendanceSystem;state;2117;25;49;9;49;100;0,34;0,4;0;0,08;14,07;14,07;0,93;0,82
8;StudentAttendanceSystem;transition;2117;25;49;18;48;100;0,33;0,87;0;0,18;14,07;15,07;1,58;1,38
8;StudentAttendanceSystem;pair;2117;25;49;46;260;100;0,35;0,22;1,51;0,37;16,07;16,07;3,21;2,45
8;StudentAttendanceSystem;state;2118;21;42;8;42;100;0,35;0,36;0;0,07;17,07;17,07;0,94;0,79
8;StudentAttendanceSystem;transition;2118;21;42;14;42;100;0,32;0,67;0;0,12;17,07;17,07;1,25;1,1
8;StudentAttendanceSystem;pair;2118;21;42;45;249;100;0,28;0,19;1,3;0,4;19,07;19,07;2,91;2,17
8;StudentAttendanceSystem;state;2119;25;46;10;53;100;0,35;0,43;0;0,15;20,07;20,07;1,07;0,94
8;StudentAttendanceSystem;transition;2119;25;46;16;45;100;0,35;0,87;0;0,16;20,07;20,07;1,56;1,38
8;StudentAttendanceSystem;pair;2119;25;46;45;243;100;0,35;0,2;1,42;0,35;22,07;22,07;2,93;2,31
8;StudentAttendanceSystem;state;2120;30;59;13;70;100;0,43;0,49;0;0,13;22,07;23,07;1,19;1,06
8;StudentAttendanceSystem;transition;2120;30;59;20;58;100;0,4;0,92;0;0,24;23,07;24,07;1,78;1,57
8;StudentAttendanceSystem;pair;2120;30;59;54;310;100;0,36;0,27;1,85;0,52;25,07;25,07;3,85;3
8;StudentAttendanceSystem;state;2121;23;40;9;47;100;0,32;0,38;0;0,09;26,07;26,07;0,94;0,79
8;StudentAttendanceSystem;transition;2121;23;40;14;39;100;0,29;0,73;0;0,13;27,07;27,07;1,29;1,14
8;StudentAttendanceSystem;pair;2121;23;40;38;196;100;0,29;0,13;0,93;0,26;28,07;28,07;2,23;1,61
8;StudentAttendanceSystem;state;2122;19;34;7;36;100;0,28;0,28;0;0,05;28,07;28,07;0,7;0,6
8;StudentAttendanceSystem;transition;2122;19;34;13;34;100;0,25;0,58;0;0,12;29,07;29,07;1,11;0,94
8;StudentAttendanceSystem;pair;2122;19;34;30;152;100;0,27;0,16;0,7;0,2;30,07;30,07;1,83;1,32
8;StudentAttendanceSystem;state;2123;21;37;8;41;100;0,29;0,35;0;0,08;31,07;31,07;0,85;0,72
8;StudentAttendanceSystem;transition;2123;21;37;14;36;100;0,31;0,65;0;0,12;31,07;31,07;1,22;1,09
8;StudentAttendanceSystem;pair;2123;21;37;33;170;100;0,31;0,11;0,73;0,22;32,07;33,07;1,85;1,37
8;StudentAttendanceSystem;state;2124;23;45;9;48;100;0,32;0,44;0;0,08;33,07;33,07;0,96;0,84
8;StudentAttendanceSystem;transition;2124;23;45;15;45;100;0,33;0,77;0;0,13;34,07;34,07;1,38;1,23
8;StudentAttendanceSystem;pair;2124;23;45;45;257;100;0,33;0,18;1,53;0,3;35,07;35,07;2,99;2,34
8;StudentAttendanceSystem;state;2125;24;43;9;49;100;0,33;0,35;0;0,08;36,07;36,07;0,89;0,76
8;StudentAttendanceSystem;transition;2125;24;43;14;42;100;0,3;0,77;0;0,21;37,07;37,07;1,45;1,28
8;StudentAttendanceSystem;pair;2125;24;43;38;213;100;0,3;0,17;1,29;0,28;38,07;38,07;2,65;2,04
8;StudentAttendanceSystem;state;2126;18;31;7;37;100;0,28;0,39;0;0,08;38,07;39,07;0,87;0,74
8;StudentAttendanceSystem;transition;2126;18;31;11;31;100;0,31;0,63;0;0,09;39,07;39,07;1,15;1,03
8;StudentAttendanceSystem;pair;2126;18;31;25;131;100;0,23;0,11;0,5;0,16;40,07;40,07;1,38;0,99
8;StudentAttendanceSystem;state;2127;21;40;9;44;100;0,32;0,38;0;0,07;41,07;41,07;0,88;0,77
8;StudentAttendanceSystem;transition;2127;21;40;15;39;100;0,25;0,58;0;0,11;41,07;41,07;1,05;0,94
8;StudentAttendanceSystem;pair;2127;21;40;34;185;100;0,33;0,13;0,83;0,24;42,07;43,07;2,02;1,53
8;StudentAttendanceSystem;state;2128;23;46;10;54;100;0,22;0,25;0;0,06;43,07;43,07;0,62;0,54
8;StudentAttendanceSystem;transition;2128;23;46;15;46;100;0,2;0,66;0;0,16;44,07;44,07;1,16;1,02
8;StudentAttendanceSystem;pair;2128;23;46;42;240;100;0,4;0,18;1,45;0,3;45,07;45,07;2,93;2,33
8;StudentAttendanceSystem;state;2129;28;55;11;62;100;0,35;0,3;0;0,07;46,07;46,07;0,8;0,72
8;StudentAttendanceSystem;transition;2129;28;55;19;54;100;0,26;1;0;0,2;47,07;47,07;1,67;1,47
8;StudentAttendanceSystem;pair;2129;28;55;49;279;100;0,37;0,21;1,66;0,39;48,07;49,07;3,32;2,63
8;StudentAttendanceSystem;state;2130;21;39;8;42;100;0,32;0,33;0;0,06;49,07;49,07;0,83;0,71
8;StudentAttendanceSystem;transition;2130;21;39;14;39;100;0,25;0,64;0;0,13;50,07;50,07;1,17;1,02
8;StudentAttendanceSystem;pair;2130;21;39;34;184;100;0,28;0,13;0,97;0,23;51,07;51,07;2,13;1,6
8;StudentAttendanceSystem;state;2131;19;33;7;37;100;0,27;0,43;0;0,06;52,07;52,07;0,91;0,76
8;StudentAttendanceSystem;transition;2131;19;33;11;33;100;0,24;0,49;0;0,09;52,07;52,07;0,94;0,82
8;StudentAttendanceSystem;pair;2131;19;33;30;156;100;0,29;0,13;0,68;0,21;53,07;53,07;1,84;1,3
8;StudentAttendanceSystem;state;2132;25;51;10;56;100;0,31;0,37;0;0,08;54,07;54,07;0,87;0,77
8;StudentAttendanceSystem;transition;2132;25;51;18;51;100;0,33;0,89;0;0,16;55,07;55,07;1,57;1,39
8;StudentAttendanceSystem;pair;2132;25;51;48;270;100;0,33;0,2;1,44;0,36;56,07;56,07;3;2,34
8;StudentAttendanceSystem;state;2133;27;54;11;57;100;0,4;0,41;0;0,1;57,07;57,07;1,03;0,91
8;StudentAttendanceSystem;transition;2133;27;54;21;53;100;0,36;0,97;0;0,19;58,07;58,07;1,72;1,52
8;StudentAttendanceSystem;pair;2133;27;54;51;283;100;0,73;0,38;2,76;0,39;59,07;60,07;5,31;4,26
8;StudentAttendanceSystem;state;2134;27;50;11;61;100;0,41;0,43;0;0,1;60,07;60,07;1,09;0,94
8;StudentAttendanceSystem;transition;2134;27;50;16;49;100;0,39;1,01;0;0,19;61,07;61,07;1,8;1,59
8;StudentAttendanceSystem;pair;2134;27;50;45;253;100;0,36;0,24;1,44;0,44;62,07;63,07;3,24;2,48
8;StudentAttendanceSystem;state;2135;26;52;11;59;100;0,39;0,41;0;0,1;63,07;63,07;1,02;0,9
8;StudentAttendanceSystem;transition;2135;26;52;18;52;100;0,34;0,85;0;0,16;64,07;64,07;1,51;1,35
8;StudentAttendanceSystem;pair;2135;26;52;45;257;100;0,42;0,26;1,32;0,35;66,07;66,07;3,16;2,35
8;StudentAttendanceSystem;state;2136;25;50;11;58;100;0,37;0,5;0;0,1;67,07;67,07;1,11;0,98
8;StudentAttendanceSystem;transition;2136;25;50;19;50;100;0,33;0,84;0;0,19;67,07;67,07;1,53;1,36
8;StudentAttendanceSystem;pair;2136;25;50;46;246;100;0,41;0,21;1,35;0,36;69,07;69,07;3,05;2,33
8;StudentAttendanceSystem;state;2137;20;35;8;41;100;0,28;0,32;0;0,07;69,07;70,07;0,78;0,67
8;StudentAttendanceSystem;transition;2137;20;35;12;35;100;0,26;0,62;0;0,12;70,07;70,07;1,14;1
8;StudentAttendanceSystem;pair;2137;20;35;34;176;100;0,29;0,17;0,8;0,2;71,07;71,07;1,94;1,47
8;StudentAttendanceSystem;state;2138;25;46;10;55;100;0,33;0,39;0;0,09;72,07;72,07;0,93;0,81
8;StudentAttendanceSystem;transition;2138;25;46;17;45;100;0,37;0,88;0;0,17;73,07;73,07;1,61;1,42
8;StudentAttendanceSystem;pair;2138;25;46;41;213;100;0,34;0,15;1,07;0,3;74,07;74,07;2,42;1,86
8;StudentAttendanceSystem;state;2139;25;46;10;53;100;0,33;0,4;0;0,08;75,07;75,07;0,91;0,81
8;StudentAttendanceSystem;transition;2139;25;46;16;45;100;0,29;0,76;0;0,18;75,07;76,07;1,39;1,23
8;StudentAttendanceSystem;pair;2139;25;46;45;247;100;0,33;0,2;1,29;0,43;77,07;77,07;2,9;2,24
8;StudentAttendanceSystem;state;2140;29;57;12;65;100;0,39;0,44;0;0,1;78,07;78,07;1,05;0,93
8;StudentAttendanceSystem;transition;2140;29;57;20;56;100;0,45;0,94;0;0,22;78,07;79,07;1,8;1,61
8;StudentAttendanceSystem;pair;2140;29;57;47;272;100;0,36;0,21;1,61;0,35;80,07;80,07;3,24;2,53
8;StudentAttendanceSystem;state;2141;25;45;10;55;100;0,41;0,42;0;0,09;81,07;81,07;1,03;0,91
8;StudentAttendanceSystem;transition;2141;25;45;16;44;100;0,32;0,83;0;0,16;82,07;82,07;1,47;1,31
8;StudentAttendanceSystem;pair;2141;25;45;38;198;100;0,35;0,17;0,97;0,26;83,07;83,07;2,34;1,75
8;StudentAttendanceSystem;state;2142;25;45;10;53;100;0,68;0,44;0;0,08;84,07;84,07;1,33;1,2
8;StudentAttendanceSystem;transition;2142;25;45;15;44;100;0,33;0,67;0;0,14;84,07;84,07;1,29;1,14
8;StudentAttendanceSystem;pair;2142;25;45;42;232;100;0,29;0,15;1,17;0,31;86,07;86,07;2,51;1,91
8;StudentAttendanceSystem;state;2143;21;39;8;42;100;0,32;0,32;0;0,07;86,07;86,07;0,84;0,72
8;StudentAttendanceSystem;transition;2143;21;39;14;39;100;0,32;0,62;0;0,12;87,07;87,07;1,22;1,06
8;StudentAttendanceSystem;pair;2143;21;39;36;191;100;0,29;0,18;1,13;0,34;88,07;88,07;2,64;1,94
8;StudentAttendanceSystem;state;2144;25;46;10;51;100;0,44;0,5;0;0,11;89,07;89,07;1,17;1,04
8;StudentAttendanceSystem;transition;2144;25;46;17;45;100;0,39;0,8;0;0,16;90,07;90,07;1,54;1,36
8;StudentAttendanceSystem;pair;2144;25;46;37;204;100;0,31;0,19;1,25;0,35;91,07;91,07;2,86;2,11
8;StudentAttendanceSystem;state;2145;22;43;8;43;100;0,38;0,43;0;0,08;92,07;92,07;1,02;0,9
8;StudentAttendanceSystem;transition;2145;22;43;15;43;100;0,32;0,8;0;0,24;92,07;92,07;1,56;1,37
8;StudentAttendanceSystem;pair;2145;22;43;39;225;100;0,37;0,19;1,27;0,31;94,07;94,07;2,78;2,13
8;StudentAttendanceSystem;state;2146;19;29;7;37;100;0,32;0,33;0;0,07;94,07;94,07;0,84;0,72
8;StudentAttendanceSystem;transition;2146;19;29;10;28;100;0,29;0,53;0;0,09;95,07;95,07;1,04;0,91
8;StudentAttendanceSystem;pair;2146;19;29;19;92;100;0,25;0,09;0,4;0,12;96,07;96,07;1,29;0,86
8;StudentAttendanceSystem;state;2147;23;47;9;49;100;0,38;0,38;0;0,08;96,07;96,07;0,99;0,85
8;StudentAttendanceSystem;transition;2147;23;47;15;47;100;0,37;0,71;0;0,14;97,07;97,07;1,37;1,22
8;StudentAttendanceSystem;pair;2147;23;47;48;270;100;0,31;0,18;1,37;0,36;98,07;99,07;2,8;2,22
8;StudentAttendanceSystem;state;2148;22;39;8;42;100;0,28;0,33;0;0,07;99,07;99,07;0,79;0,68
8;StudentAttendanceSystem;transition;2148;22;39;15;38;100;0,3;0,74;0;0,13;100,07;100,07;1,32;1,17
8;StudentAttendanceSystem;pair;2148;22;39;35;179;100;0,26;0,15;0,98;0,21;101,07;101,07;2,09;1,61
8;StudentAttendanceSystem;state;2149;21;36;8;41;100;0,33;0,39;0;0,07;102,07;102,07;0,89;0,79
8;StudentAttendanceSystem;transition;2149;21;36;13;35;100;0,26;0,43;0;0,08;102,07;102,07;0,86;0,77
8;StudentAttendanceSystem;pair;2149;21;36;28;145;100;0,21;0,1;0,57;0,18;103,07;103,07;1,43;1,06
8;StudentAttendanceSystem;state;2150;26;50;10;54;100;0,39;0,37;0;0,08;104,07;104,07;0,94;0,84
8;StudentAttendanceSystem;transition;2150;26;50;18;49;100;0,3;0,78;0;0,18;105,07;105,07;1,43;1,27
8;StudentAttendanceSystem;pair;2150;26;50;46;262;100;0,43;0,22;1,4;0,23;106,07;107,07;2,94;2,28
8;StudentAttendanceSystem;state;2151;24;48;10;53;100;0,34;0,39;0;0,08;107,07;107,07;0,93;0,81
8;StudentAttendanceSystem;transition;2151;24;48;18;48;100;0,31;0,87;0;0,11;108,07;108,07;1,44;1,29
8;StudentAttendanceSystem;pair;2151;24;48;43;233;100;0,23;0,19;1,37;0,32;109,07;109,07;2,68;2,11
8;StudentAttendanceSystem;state;2152;19;33;7;37;100;0,25;0,2;0;0,04;110,07;110,07;0,57;0,49
8;StudentAttendanceSystem;transition;2152;19;33;12;32;100;0,17;0,43;0;0,12;110,07;111,07;0,84;0,72
8;StudentAttendanceSystem;pair;2152;19;33;30;151;100;0,29;0,11;0,74;0,25;111,07;112,07;1,89;1,38
8;StudentAttendanceSystem;state;2153;21;37;9;50;100;0,21;0,33;0;0,07;112,07;112,07;0,72;0,61
8;StudentAttendanceSystem;transition;2153;21;37;12;37;100;0,34;0,66;0;0,13;113,07;113,07;1,31;1,13
8;StudentAttendanceSystem;pair;2153;21;37;28;150;100;0,32;0,13;0,79;0,26;114,07;114,07;2,07;1,51
8;StudentAttendanceSystem;state;2154;19;33;8;40;100;0,36;0,37;0;0,06;114,07;114,07;0,91;0,79
8;StudentAttendanceSystem;transition;2154;19;33;12;33;100;0,29;0,53;0;0,09;115,07;115,07;1,03;0,91
8;StudentAttendanceSystem;pair;2154;19;33;24;125;100;0,3;0,1;0,54;0,16;116,07;116,07;1,57;1,1
8;StudentAttendanceSystem;state;2155;28;55;12;64;100;0,38;0,47;0;0,12;116,07;117,07;1,09;0,97
8;StudentAttendanceSystem;transition;2155;28;55;21;54;100;0,33;0,98;0;0,18;117,07;117,07;1,64;1,49
8;StudentAttendanceSystem;pair;2155;28;55;50;270;100;0,38;0,23;1,93;0,52;119,07;119,07;3,81;3,06
8;StudentAttendanceSystem;state;2156;22;43;8;43;100;0,42;0,52;0;0,07;120,07;120,07;1,14;1,01
8;StudentAttendanceSystem;transition;2156;22;43;15;43;100;0,49;0,75;0;0,14;120,07;120,07;1,56;1,38
8;StudentAttendanceSystem;pair;2156;22;43;39;225;100;0,32;0,15;1,15;0,2;122,07;122,07;2,43;1,82
8;StudentAttendanceSystem;state;2157;24;48;10;54;100;0,38;0,42;0;0,09;122,07;122,07;1,04;0,89
8;StudentAttendanceSystem;transition;2157;24;48;15;48;100;0,35;0,85;0;0,16;123,07;123,07;1,6;1,36
8;StudentAttendanceSystem;pair;2157;24;48;48;272;100;0,35;0,29;1,34;0,37;124,07;125,07;3,12;2,35
8;StudentAttendanceSystem;state;2158;18;31;7;35;100;0,31;0,28;0;0,05;125,07;125,07;0,74;0,64
8;StudentAttendanceSystem;transition;2158;18;31;11;31;100;0,31;0,57;0;0,1;126,07;126,07;1,15;0,98
8;StudentAttendanceSystem;pair;2158;18;31;24;124;100;0,28;0,11;0,54;0,15;127,07;127,07;1,53;1,09
8;StudentAttendanceSystem;state;2159;30;61;13;70;100;0,49;0,52;0;0,1;127,07;128,07;1,22;1,11
8;StudentAttendanceSystem;transition;2159;30;61;23;60;100;0,29;1,02;0;0,24;128,07;129,07;1,83;1,56
8;StudentAttendanceSystem;pair;2159;30;61;57;317;100;0,4;0,31;1,82;0,48;130,07;131,07;3,97;3,01
8;StudentAttendanceSystem;state;2160;17;26;6;31;100;0,33;0,28;0;0,06;131,07;131,07;0,82;0,68
8;StudentAttendanceSystem;transition;2160;17;26;8;26;100;0,28;0,45;0;0,09;131,07;132,07;0,97;0,82
8;StudentAttendanceSystem;pair;2160;17;26;22;105;100;0,25;0,08;0,45;0,15;132,07;132,07;1,34;0,92
8;StudentAttendanceSystem;state;2161;29;56;12;67;100;0,4;0,47;0;0,11;133,07;133,07;1,1;0,97
8;StudentAttendanceSystem;transition;2161;29;56;19;55;100;0,37;0,92;0;0,21;134,07;134,07;1,67;1,5
8;StudentAttendanceSystem;pair;2161;29;56;49;281;100;0,47;0,27;1,64;0,38;135,07;136,07;3,52;2,77
8;StudentAttendanceSystem;state;2162;22;43;8;43;100;0,34;0,38;0;0,07;136,07;136,07;0,92;0,79
8;StudentAttendanceSystem;transition;2162;22;43;15;43;100;0,3;0,71;0;0,13;137,07;137,07;1,3;1,14
8;StudentAttendanceSystem;pair;2162;22;43;39;221;100;0,36;0,19;1,37;0,28;138,07;138,07;2,84;2,21
8;StudentAttendanceSystem;state;2163;23;41;9;46;100;0,29;0,33;0;0,08;139,07;139,07;0,8;0,71
8;StudentAttendanceSystem;transition;2163;23;41;15;40;100;0,26;0,64;0;0,16;140,07;140,07;1,2;1,07
8;StudentAttendanceSystem;pair;2163;23;41;36;188;100;0,29;0,15;0,9;0,3;141,07;141,07;2,27;1,64
8;StudentAttendanceSystem;state;2164;23;45;9;46;100;0,36;0,44;0;0,11;141,07;141,07;1,03;0,91
8;StudentAttendanceSystem;transition;2164;23;45;16;45;100;0,34;0,78;0;0,15;142,07;142,07;1,44;1,27
8;StudentAttendanceSystem;pair;2164;23;45;39;222;100;0,33;0,2;1,55;0,38;143,07;144,07;3,2;2,46
8;StudentAttendanceSystem;state;2165;23;45;9;48;100;0,52;0,46;0;0,09;144,07;144,07;1,21;1,06
8;StudentAttendanceSystem;transition;2165;23;45;16;45;100;0,34;0,96;0;0,18;145,07;145,07;1,67;1,49
8;StudentAttendanceSystem;pair;2165;23;45;42;234;100;0,38;0,22;1,48;0,42;146,07;146,07;3,24;2,51
8;StudentAttendanceSystem;state;2166;27;53;11;57;100;0,47;0,48;0;0,12;147,07;147,07;1,2;1,07
8;StudentAttendanceSystem;transition;2166;27;53;19;52;100;0,38;1,08;0;0,3;148,07;148,07;1,96;1,75
8;StudentAttendanceSystem;pair;2166;27;53;51;287;100;0,42;0,3;2,11;0,52;149,07;150,07;4,22;3,35
8;StudentAttendanceSystem;state;2167;19;33;7;37;100;0,32;0,35;0;0,06;150,07;150,07;0,87;0,73
8;StudentAttendanceSystem;transition;2167;19;33;11;33;100;0,31;0,64;0;0,12;151,07;151,07;1,23;1,07
8;StudentAttendanceSystem;pair;2167;19;33;32;167;100;0,31;0,14;0,98;0,25;152,07;152,07;2,41;1,69
8;StudentAttendanceSystem;state;2168;24;44;9;46;100;0,37;0,42;0;0,1;152,07;153,07;1,03;0,9
8;StudentAttendanceSystem;transition;2168;24;44;16;43;100;0,37;0,91;0;0,16;153,07;153,07;1,62;1,44
8;StudentAttendanceSystem;pair;2168;24;44;34;192;100;0,33;0,2;1,22;0,27;154,07;155,07;2,67;2,01
8;StudentAttendanceSystem;state;2169;26;52;10;52;100;0,36;0,41;0;0,1;155,07;155,07;0,99;0,87
8;StudentAttendanceSystem;transition;2169;26;52;20;51;100;0,34;0,96;0;0,2;156,07;156,07;1,67;1,5
8;StudentAttendanceSystem;pair;2169;26;52;48;270;100;0,41;0,22;1,51;0,42;157,07;158,07;3,31;2,56
8;StudentAttendanceSystem;state;2170;26;49;10;56;100;0,4;0,43;0;0,09;158,07;158,07;1,02;0,92
8;StudentAttendanceSystem;transition;2170;26;49;17;48;100;0,35;0,9;0;0,18;159,07;159,07;1,58;1,43
8;StudentAttendanceSystem;pair;2170;26;49;42;236;100;0,35;0,21;1,45;0,34;160,07;161,07;3,02;2,35
8;StudentAttendanceSystem;state;2171;18;28;7;35;100;0,29;0,32;0;0,05;161,07;161,07;0,78;0,66
8;StudentAttendanceSystem;transition;2171;18;28;9;28;100;0,24;0,5;0;0,11;162,07;162,07;0,97;0,85
8;StudentAttendanceSystem;pair;2171;18;28;24;114;100;0,23;0,1;0,49;0,1;163,07;163,07;1,28;0,92
8;StudentAttendanceSystem;state;2172;22;40;9;47;100;0,23;0,33;0;0,08;163,07;163,07;0,77;0,64
8;StudentAttendanceSystem;transition;2172;22;40;13;40;100;0,29;0,68;0;0,16;164,07;164,07;1,37;1,14
8;StudentAttendanceSystem;pair;2172;22;40;38;208;100;0,3;0,14;1,05;0,33;165,07;165,07;2,52;1,82
8;StudentAttendanceSystem;state;2173;25;47;9;49;100;0,45;0,47;0;0,11;166,07;166,07;1,16;1,03
8;StudentAttendanceSystem;transition;2173;25;47;16;46;100;0,35;0,87;0;0,23;167,07;167,07;1,63;1,45
8;StudentAttendanceSystem;pair;2173;25;47;40;234;100;0,38;0,22;1,58;0,42;168,07;168,07;3,36;2,61
8;StudentAttendanceSystem;state;2174;21;39;8;43;100;0,35;0,38;0;0,08;169,07;169,07;0,93;0,81
8;StudentAttendanceSystem;transition;2174;21;39;13;39;100;0,3;0,72;0;0,12;169,07;169,07;1,32;1,14
8;StudentAttendanceSystem;pair;2174;21;39;38;210;100;0,29;0,15;0,9;0,29;170,07;171,07;2,22;1,63
8;StudentAttendanceSystem;state;2175;17;27;6;31;100;0,29;0,27;0;0,05;171,07;171,07;0,74;0,61
8;StudentAttendanceSystem;transition;2175;17;27;9;27;100;0,21;0,42;0;0,06;172,07;172,07;0,8;0,7
8;StudentAttendanceSystem;pair;2175;17;27;23;109;100;0,22;0,08;0,44;0,16;172,07;173,07;1,29;0,9
8;StudentAttendanceSystem;state;2176;21;37;8;41;100;0,28;0,34;0;0,06;173,07;173,07;0,83;0,68
8;StudentAttendanceSystem;transition;2176;21;37;14;36;100;0,27;0,63;0;0,12;174,07;174,07;1,15;1,02
8;StudentAttendanceSystem;pair;2176;21;37;32;166;100;0,29;0,13;0,79;0,2;175,07;175,07;1,95;1,41
8;StudentAttendanceSystem;state;2177;20;35;8;41;100;0,35;0,3;0;0,06;175,07;175,07;0,8;0,7
8;StudentAttendanceSystem;transition;2177;20;35;12;35;100;0,25;0,57;0;0,1;176,07;176,07;1,05;0,92
8;StudentAttendanceSystem;pair;2177;20;35;34;176;100;0,25;0,12;0,73;0,24;177,07;177,07;1,8;1,33
8;StudentAttendanceSystem;state;2178;21;39;8;42;100;0,29;0,38;0;0,06;178,07;178,07;0,86;0,73
8;StudentAttendanceSystem;transition;2178;21;39;14;39;100;0,28;0,59;0;0,12;178,07;178,07;1,12;0,98
8;StudentAttendanceSystem;pair;2178;21;39;35;191;100;0,3;0,12;0,89;0,25;179,07;180,07;2,09;1,56
8;StudentAttendanceSystem;state;2179;20;32;7;37;100;0,25;0,29;0;0,06;180,07;180,07;0,7;0,59
8;StudentAttendanceSystem;transition;2179;20;32;11;31;100;0,23;0,55;0;0,12;181,07;181,07;1,05;0,9
8;StudentAttendanceSystem;pair;2179;20;32;28;138;100;0,26;0,15;0,71;0,2;181,07;182,07;1,86;1,32
8;StudentAttendanceSystem;state;2180;21;39;8;42;100;0,32;0,33;0;0,07;182,07;182,07;0,83;0,72
8;StudentAttendanceSystem;transition;2180;21;39;14;38;100;0,28;0,67;0;0,17;183,07;183,07;1,31;1,12
8;StudentAttendanceSystem;pair;2180;21;39;36;194;100;0,3;0,16;1,1;0,27;184,07;184,07;2,4;1,83
8;StudentAttendanceSystem;state;2181;27;52;11;61;100;0,4;0,57;0;0,12;185,07;185,07;1,28;1,09
8;StudentAttendanceSystem;transition;2181;27;52;18;51;100;0,4;3,94;0;0,22;186,15;6,15;4,79;4,56
8;StudentAttendanceSystem;pair;2181;27;52;51;279;100;0,45;0,27;2,16;0,48;7,15;7,15;4,21;3,36
8;StudentAttendanceSystem;state;2182;24;46;10;55;100;0,45;0,47;0;0,11;8,15;8,15;1,17;1,03
8;StudentAttendanceSystem;transition;2182;24;46;16;46;100;0,41;0,93;0;0,21;9,15;9,15;1,73;1,54
8;StudentAttendanceSystem;pair;2182;24;46;40;218;100;0,38;0,22;1,49;0,39;10,15;10,15;3,2;2,48
8;StudentAttendanceSystem;state;2183;25;48;10;54;100;0,36;0,54;0;0,12;11,15;11,15;1,15;1,01
8;StudentAttendanceSystem;transition;2183;25;48;16;47;100;0,38;1,01;0;0,24;11,15;12,15;1,79;1,63
8;StudentAttendanceSystem;pair;2183;25;48;48;260;100;0,38;0,25;1,9;0,47;13,15;13,15;3,78;3
8;StudentAttendanceSystem;state;2184;20;36;8;43;100;0,35;0,39;0;0,08;14,15;14,15;0,95;0,82
8;StudentAttendanceSystem;transition;2184;20;36;12;36;100;0,32;0,64;0;0,11;14,15;14,15;1,23;1,08
8;StudentAttendanceSystem;pair;2184;20;36;29;163;100;0,34;0,15;0,85;0,2;15,15;16,15;2,1;1,54
8;StudentAttendanceSystem;state;2185;26;53;11;61;100;0,38;0,43;0;0,11;16,15;16,15;1,04;0,92
8;StudentAttendanceSystem;transition;2185;26;53;19;53;100;0,37;1,23;0;0,19;17,15;17,15;1,95;1,78
8;StudentAttendanceSystem;pair;2185;26;53;51;283;100;0,37;0,27;1,83;0,37;18,15;19,15;3,55;2,84
8;StudentAttendanceSystem;state;2186;23;47;9;49;100;0,33;0,36;0;0,08;19,15;19,15;0,9;0,78
8;StudentAttendanceSystem;transition;2186;23;47;15;47;100;0,31;0,83;0;0,14;20,15;20,15;1,45;1,29
8;StudentAttendanceSystem;pair;2186;23;47;48;270;100;0,29;0,22;1,43;0,44;21,15;22,15;3,02;2,37
8;StudentAttendanceSystem;state;2187;21;39;9;47;100;0,31;0,32;0;0,07;22,15;22,15;0,81;0,7
8;StudentAttendanceSystem;transition;2187;21;39;14;39;100;0,25;0,61;0;0,12;23,15;23,15;1,12;0,98
8;StudentAttendanceSystem;pair;2187;21;39;33;173;100;0,26;0,14;0,9;0,22;24,15;24,15;1,99;1,52
8;StudentAttendanceSystem;state;2188;24;45;9;48;100;0,37;0,36;0;0,08;25,15;25,15;0,92;0,82
8;StudentAttendanceSystem;transition;2188;24;45;17;44;100;0,28;0,79;0;0,19;25,15;25,15;1,42;1,26
8;StudentAttendanceSystem;pair;2188;24;45;42;226;100;0,38;0,19;1,31;0,29;27,15;27,15;2,75;2,16
8;StudentAttendanceSystem;state;2189;26;50;10;56;100;0,35;0,42;0;0,12;27,15;28,15;1,12;0,89
8;StudentAttendanceSystem;transition;2189;26;50;18;49;100;0,33;0,89;0;0,18;28,15;28,15;1,56;1,4
8;StudentAttendanceSystem;pair;2189;26;50;44;244;100;0,35;0,22;1,46;0,32;30,15;30,15;3,01;2,36
8;StudentAttendanceSystem;state;2190;23;44;9;48;100;0,31;0,35;0;0,1;30,15;31,15;0,87;0,76
8;StudentAttendanceSystem;transition;2190;23;44;14;44;100;0,3;0,69;0;0,16;31,15;31,15;1,41;1,15
8;StudentAttendanceSystem;pair;2190;23;44;42;242;100;0,31;0,18;1,31;0,38;32,15;33,15;2,82;2,18
8;StudentAttendanceSystem;state;2191;28;55;11;62;100;0,44;0,46;0;0,11;33,15;33,15;1,13;1
8;StudentAttendanceSystem;transition;2191;28;55;19;54;100;0,38;0,99;0;0,22;34,15;34,15;1,75;1,58
8;StudentAttendanceSystem;pair;2191;28;55;49;283;100;0,38;0,3;2,11;0,48;36,15;36,15;4,05;3,28
8;StudentAttendanceSystem;state;2192;21;38;8;42;100;0,32;0,42;0;0,08;37,15;37,15;0,94;0,82
8;StudentAttendanceSystem;transition;2192;21;38;13;38;100;0,28;0,64;0;0,15;37,15;37,15;1,21;1,06
8;StudentAttendanceSystem;pair;2192;21;38;31;173;100;0,27;0,15;0,94;0,3;38,15;38,15;2,22;1,67
8;StudentAttendanceSystem;state;2193;21;38;8;42;100;0,29;0,32;0;0,08;39,15;39,15;0,79;0,68
8;StudentAttendanceSystem;transition;2193;21;38;13;38;100;0,27;0,63;0;0,12;40,15;40,15;1,15;1,02
8;StudentAttendanceSystem;pair;2193;21;38;32;176;100;0,27;0,16;1;0,22;41,15;41,15;2,21;1,65
8;StudentAttendanceSystem;state;2194;24;43;9;50;100;0,31;0,32;0;0,08;41,15;41,15;0,83;0,72
8;StudentAttendanceSystem;transition;2194;24;43;15;42;100;0,28;0,68;0;0,2;42,15;42,15;1,32;1,16
8;StudentAttendanceSystem;pair;2194;24;43;34;182;100;0,31;0,16;1,01;0,25;43,15;43,15;2,31;1,73
8;StudentAttendanceSystem;state;2195;27;55;12;64;100;0,53;0,55;0;0,11;44,15;44,15;1,36;1,18
8;StudentAttendanceSystem;transition;2195;27;55;20;55;100;0,44;1,12;0;0,24;45,15;45,15;2,01;1,79
8;StudentAttendanceSystem;pair;2195;27;55;50;278;100;0,44;0,3;2,05;0,48;46,15;47,15;4,3;3,27
8;StudentAttendanceSystem;state;2196;22;38;8;43;100;0,38;0,39;0;0,09;47,15;47,15;1,02;0,86
8;StudentAttendanceSystem;transition;2196;22;38;13;37;100;0,36;0,73;0;0,15;48,15;48,15;1,41;1,23
8;StudentAttendanceSystem;pair;2196;22;38;34;178;100;0,36;0,21;1,07;0,23;49,15;49,15;2,51;1,86
8;StudentAttendanceSystem;state;2197;24;48;10;54;100;0,38;0,44;0;0,09;50,15;50,15;1,05;0,91
8;StudentAttendanceSystem;transition;2197;24;48;15;48;100;0,38;0,78;0;0,16;50,15;50,15;1,5;1,32
8;StudentAttendanceSystem;pair;2197;24;48;48;272;100;0,35;0,22;1,67;0,45;52,15;52,15;3,43;2,68
8;StudentAttendanceSystem;state;2198;23;39;9;47;100;0,35;0,4;0;0,09;53,15;53,15;0,96;0,84
8;StudentAttendanceSystem;transition;2198;23;39;13;38;100;0,32;0,86;0;0,17;53,15;53,15;1,51;1,35
8;StudentAttendanceSystem;pair;2198;23;39;35;185;100;0,34;0,2;1,07;0,3;54,15;55,15;2,52;1,91
8;StudentAttendanceSystem;state;2199;26;47;11;58;100;0,46;0,45;0;0,1;55,15;55,15;1,16;1,01
8;StudentAttendanceSystem;transition;2199;26;47;16;46;100;0,33;0,85;0;0,17;56,15;56,15;1,52;1,36
8;StudentAttendanceSystem;pair;2199;26;47;39;211;100;0,38;0,19;1,41;0,54;57,15;57,15;3,23;2,52
8;StudentAttendanceSystem;state;2200;23;44;9;48;100;0,39;0,4;0;0,09;58,15;58,15;1,03;0,87
8;StudentAttendanceSystem;transition;2200;23;44;15;43;100;0,43;0,86;0;0,17;59,15;59,15;1,64;1,46
8;StudentAttendanceSystem;pair;2200;23;44;39;225;100;0,36;0,22;1,5;0,31;60,15;60,15;3,06;2,39
8;StudentAttendanceSystem;state;2201;22;43;9;48;100;0,36;0,42;0;0,09;61,15;61,15;1,01;0,87
8;StudentAttendanceSystem;transition;2201;22;43;14;43;100;0,37;0,7;0;0,13;61,15;61,15;1,38;1,2
8;StudentAttendanceSystem;pair;2201;22;43;44;236;100;0,38;0,18;1,17;0,3;62,15;63,15;2,72;2,03
8;StudentAttendanceSystem;state;2202;22;42;9;46;100;0,39;0,37;0;0,07;63,15;63,15;0,96;0,83
8;StudentAttendanceSystem;transition;2202;22;42;15;42;100;0,31;0,66;0;0,15;64,15;64,15;1,3;1,13
8;StudentAttendanceSystem;pair;2202;22;42;38;209;100;0,28;0,16;1,31;0,29;65,15;65,15;2,64;2,03
8;StudentAttendanceSystem;state;2203;24;48;10;51;100;0,38;0,46;0;0,11;66,15;66,15;1,1;0,95
8;StudentAttendanceSystem;transition;2203;24;48;18;48;100;0,41;0,94;0;0,16;67,15;67,15;1,7;1,52
8;StudentAttendanceSystem;pair;2203;24;48;45;251;100;0,32;0,17;1,3;0,36;68,15;68,15;2,76;2,15
8;StudentAttendanceSystem;state;2204;21;36;8;41;100;0,32;0,36;0;0,07;69,15;69,15;0,88;0,75
8;StudentAttendanceSystem;transition;2204;21;36;13;35;100;0,3;0,64;0;0,14;69,15;70,15;1,23;1,08
8;StudentAttendanceSystem;pair;2204;21;36;30;155;100;0,26;0,18;0,79;0,2;70,15;71,15;1,97;1,43
8;StudentAttendanceSystem;state;2205;26;48;11;60;100;0,42;0,44;0;0,12;71,15;71,15;1,12;0,98
8;StudentAttendanceSystem;transition;2205;26;48;17;47;100;0,43;0,88;0;0,2;72,15;72,15;1,74;1,51
8;StudentAttendanceSystem;pair;2205;26;48;47;245;100;0,36;0,18;1,24;0,36;73,15;74,15;2,76;2,13
8;StudentAttendanceSystem;state;2206;23;46;9;46;100;0,34;0,41;0;0,09;74,15;74,15;0,99;0,83
8;StudentAttendanceSystem;transition;2206;23;46;17;46;100;0,31;0,75;0;0,16;75,15;75,15;1,37;1,22
8;StudentAttendanceSystem;pair;2206;23;46;42;236;100;0,33;0,25;1,35;0,38;76,15;77,15;3,04;2,31
8;StudentAttendanceSystem;state;2207;24;45;9;46;100;0,33;0,38;0;0,08;77,15;77,15;0,92;0,79
8;StudentAttendanceSystem;transition;2207;24;45;17;44;100;0,33;0,82;0;0,18;78,15;78,15;1,51;1,33
8;StudentAttendanceSystem;pair;2207;24;45;37;207;100;0,33;0,18;1,17;0,28;79,15;79,15;2,55;1,96
8;StudentAttendanceSystem;state;2208;23;43;9;47;100;0,34;0,44;0;0,09;80,15;80,15;1,03;0,87
8;StudentAttendanceSystem;transition;2208;23;43;16;42;100;0,32;0,78;0;0,21;80,15;81,15;1,49;1,3
8;StudentAttendanceSystem;pair;2208;23;43;39;213;100;0,33;0,15;1,23;0,3;82,15;82,15;2,6;2,01
8;StudentAttendanceSystem;state;2209;27;51;11;61;100;0,38;0,4;0;0,11;82,15;83,15;1,02;0,89
8;StudentAttendanceSystem;transition;2209;27;51;18;50;100;0,35;1,13;0;0,19;83,15;83,15;1,89;1,66
8;StudentAttendanceSystem;pair;2209;27;51;45;245;100;0,4;0,22;1,48;0,42;85,15;85,15;3,31;2,52
8;StudentAttendanceSystem;state;2210;21;33;8;41;100;0,31;0,33;0;0,08;85,15;85,15;0,85;0,72
8;StudentAttendanceSystem;transition;2210;21;33;11;32;100;0,26;0,64;0;0,12;86,15;86,15;1,2;1,02
8;StudentAttendanceSystem;pair;2210;21;33;28;138;100;0,29;0,17;0,71;0,19;87,15;87,15;1,95;1,36
8;StudentAttendanceSystem;state;2211;22;42;8;43;100;0,4;0,4;0;0,09;88,15;88,15;1,03;0,89
8;StudentAttendanceSystem;transition;2211;22;42;14;42;100;0,32;0,85;0;0,14;88,15;88,15;1,49;1,32
8;StudentAttendanceSystem;pair;2211;22;42;35;205;100;0,34;0,2;1,27;0,39;89,15;90,15;2,92;2,2
8;StudentAttendanceSystem;state;2212;18;30;7;34;100;0,29;0,31;0;0,06;90,15;90,15;0,78;0,65
8;StudentAttendanceSystem;transition;2212;18;30;11;30;100;0,25;0,56;0;0,1;91,15;91,15;1,06;0,9
8;StudentAttendanceSystem;pair;2212;18;30;26;125;100;0,25;0,11;0,75;0,16;91,15;92,15;1,74;1,27
8;StudentAttendanceSystem;state;2213;25;50;10;56;100;0,52;0,46;0;0,12;92,15;92,15;1,25;1,1
8;StudentAttendanceSystem;transition;2213;25;50;17;50;100;0,4;1,18;0;0,22;93,15;93,15;1,98;1,79
8;StudentAttendanceSystem;pair;2213;25;50;45;259;100;0,42;0,26;1,6;0,36;94,15;95,15;3,47;2,64
8;StudentAttendanceSystem;state;2214;18;34;7;37;100;0,32;0,3;0;0,05;95,15;95,15;0,78;0,67
8;StudentAttendanceSystem;transition;2214;18;34;11;34;100;0,23;0,57;0;0,1;96,15;96,15;1,02;0,9
8;StudentAttendanceSystem;pair;2214;18;34;35;189;100;0,3;0,14;0,92;0,22;97,15;97,15;2,17;1,58
8;StudentAttendanceSystem;state;2215;22;38;8;43;100;0,25;0,32;0;0,08;97,15;98,15;0,76;0,65
8;StudentAttendanceSystem;transition;2215;22;38;13;37;100;0,27;0,7;0;0,12;98,15;98,15;1,24;1,08
8;StudentAttendanceSystem;pair;2215;22;38;34;182;100;0,31;0,14;0,88;0,22;99,15;99,15;2,07;1,55
8;StudentAttendanceSystem;state;2216;25;50;10;56;100;0,33;0,42;0;0,11;100,15;100,15;0,98;0,86
8;StudentAttendanceSystem;transition;2216;25;50;17;50;100;0,36;0,88;0;0,16;101,15;101,15;1,58;1,4
8;StudentAttendanceSystem;pair;2216;25;50;45;255;100;0,32;0,18;1,4;0,34;102,15;103,15;2,87;2,25
8;StudentAttendanceSystem;state;2217;22;38;8;43;100;0,3;0,35;0;0,09;103,15;103,15;0,87;0,74
8;StudentAttendanceSystem;transition;2217;22;38;13;37;100;0,32;0,74;0;0,18;104,15;104,15;1,43;1,24
8;StudentAttendanceSystem;pair;2217;22;38;34;182;100;0,4;0,15;0,98;0,23;105,15;105,15;2,64;1,75
8;StudentAttendanceSystem;state;2218;24;46;10;55;100;0,38;0,5;0;0,1;105,15;106,15;1,15;0,98
8;StudentAttendanceSystem;transition;2218;24;46;15;46;100;0,36;0,78;0;0,17;106,15;106,15;1,49;1,31
8;StudentAttendanceSystem;pair;2218;24;46;44;244;100;0,33;0,21;1,52;0,31;107,15;108,15;3,18;2,37
8;StudentAttendanceSystem;state;2219;27;51;11;61;100;0,35;0,43;0;0,1;108,15;108,15;1;0,88
8;StudentAttendanceSystem;transition;2219;27;51;18;50;100;0,36;1,03;0;0,16;109,15;109,15;1,71;1,55
8;StudentAttendanceSystem;pair;2219;27;51;45;249;100;0,37;0,22;1,38;0,45;111,15;111,15;3,19;2,42
8;StudentAttendanceSystem;state;2220;25;51;11;56;100;0,39;0,49;0;0,11;111,15;112,15;1,18;0,98
8;StudentAttendanceSystem;transition;2220;25;51;19;51;100;0,42;0,86;0;0,19;112,15;112,15;1,65;1,47
8;StudentAttendanceSystem;pair;2220;25;51;53;291;100;0,36;0,21;1,66;0,45;114,15;114,15;3,4;2,67
8;StudentAttendanceSystem;state;2221;20;36;8;41;100;0,32;0,34;0;0,07;115,15;115,15;0,86;0,73
8;StudentAttendanceSystem;transition;2221;20;36;13;36;100;0,26;0,56;0;0,1;115,15;115,15;1,06;0,92
8;StudentAttendanceSystem;pair;2221;20;36;37;187;100;0,29;0,13;0,83;0,24;116,15;117,15;2,17;1,49
8;StudentAttendanceSystem;state;2222;23;42;9;48;100;0,32;0,34;0;0,08;117,15;117,15;0,85;0,73
8;StudentAttendanceSystem;transition;2222;23;42;14;41;100;0,29;0,77;0;0,12;118,15;118,15;1,31;1,18
8;StudentAttendanceSystem;pair;2222;23;42;41;213;100;0,42;0,14;1,03;0,26;119,15;119,15;2,41;1,85
8;StudentAttendanceSystem;state;2223;24;47;9;48;100;0,34;0,39;0;0,08;120,15;120,15;0,91;0,81
8;StudentAttendanceSystem;transition;2223;24;47;16;46;100;0,38;0,72;0;0,14;120,15;120,15;1,42;1,25
8;StudentAttendanceSystem;pair;2223;24;47;49;273;100;0,29;0,23;1,34;0,26;122,15;122,15;2,65;2,13
8;StudentAttendanceSystem;state;2224;20;35;7;36;100;0,3;0,36;0;0,06;123,15;123,15;0,85;0,72
8;StudentAttendanceSystem;transition;2224;20;35;12;34;100;0,27;0,54;0;0,1;123,15;123,15;1,03;0,91
8;StudentAttendanceSystem;pair;2224;20;35;35;179;100;0,27;0,14;0,67;0,2;124,15;124,15;1,76;1,27
8;StudentAttendanceSystem;state;2225;26;50;10;56;100;0,33;0,28;0;0,06;125,15;125,15;0,76;0,67
8;StudentAttendanceSystem;transition;2225;26;50;18;49;100;0,22;0,82;0;0,18;126,15;126,15;1,35;1,21
8;StudentAttendanceSystem;pair;2225;26;50;45;247;100;0,28;0,16;1,29;0,34;127,15;128,15;2,59;2,07
8;StudentAttendanceSystem;state;2226;29;57;12;67;100;0,4;0,48;0;0,1;128,15;128,15;1,1;0,98
8;StudentAttendanceSystem;transition;2226;29;57;20;56;100;0,33;1,02;0;0,23;129,15;129,15;1,77;1,58
8;StudentAttendanceSystem;pair;2226;29;57;52;292;100;0,38;0,26;2,09;0,47;131,15;131,15;4,04;3,21
8;StudentAttendanceSystem;state;2227;21;43;8;40;100;0,35;0,45;0;0,08;131,15;131,15;1,03;0,88
8;StudentAttendanceSystem;transition;2227;21;43;15;43;100;0,32;0,8;0;0,15;132,15;132,15;1,43;1,26
8;StudentAttendanceSystem;pair;2227;21;43;45;249;100;0,34;0,22;1,51;0,37;133,15;134,15;3,2;2,44
8;StudentAttendanceSystem;state;2228;23;42;8;43;100;0,32;0,39;0;0,08;134,15;134,15;0,91;0,79
8;StudentAttendanceSystem;transition;2228;23;42;15;41;100;0,31;0,82;0;0,17;135,15;135,15;1,48;1,3
8;StudentAttendanceSystem;pair;2228;23;42;35;197;100;0,31;0,2;1,16;0,3;136,15;136,15;2,63;1,97
8;StudentAttendanceSystem;state;2229;23;43;8;43;100;0,33;0,39;0;0,08;137,15;137,15;0,91;0,79
8;StudentAttendanceSystem;transition;2229;23;43;16;42;100;0,34;0,87;0;0,17;138,15;138,15;1,54;1,38
8;StudentAttendanceSystem;pair;2229;23;43;39;213;100;0,31;0,17;1,29;0,37;139,15;139,15;2,75;2,14
8;StudentAttendanceSystem;state;2230;19;33;7;37;100;0,27;0,34;0;0,08;139,15;140,15;0,82;0,69
8;StudentAttendanceSystem;transition;2230;19;33;11;33;100;0,28;0,59;0;0,09;140,15;140,15;1,1;0,96
8;StudentAttendanceSystem;pair;2230;19;33;32;163;100;0,34;0,16;0,92;0,24;141,15;141,15;2,16;1,66
8;StudentAttendanceSystem;state;2231;21;38;9;44;100;0,3;0,34;0;0,09;142,15;142,15;0,87;0,73
8;StudentAttendanceSystem;transition;2231;21;38;14;38;100;0,3;0,68;0;0,14;142,15;142,15;1,3;1,12
8;StudentAttendanceSystem;pair;2231;21;38;36;186;100;0,3;0,16;1,01;0,24;143,15;144,15;2,28;1,71
8;StudentAttendanceSystem;state;2232;23;43;10;50;100;0,31;0,39;0;0,09;144,15;144,15;0,89;0,78
8;StudentAttendanceSystem;transition;2232;23;43;15;43;100;0,4;0,76;0;0,14;145,15;145,15;1,46;1,29
8;StudentAttendanceSystem;pair;2232;23;43;40;218;100;0,31;0,2;1,36;0,34;146,15;146,15;2,94;2,21
8;StudentAttendanceSystem;state;2233;29;58;12;67;100;0,48;0,5;0;0,12;147,15;147,15;1,25;1,1
8;StudentAttendanceSystem;transition;2233;29;58;21;57;100;0,47;1,23;0;0,23;148,15;148,15;2,17;1,93
8;StudentAttendanceSystem;pair;2233;29;58;55;307;100;0,4;0,32;2,27;0,49;149,15;150,15;4,44;3,48
8;StudentAttendanceSystem;state;2234;23;41;9;47;100;0,37;0,39;0;0,09;150,15;150,15;0,99;0,85
8;StudentAttendanceSystem;transition;2234;23;41;15;40;100;0,38;0,81;0;0,16;151,15;151,15;1,54;1,35
8;StudentAttendanceSystem;pair;2234;23;41;41;211;100;0,32;0,18;1,23;0,41;152,15;153,15;2,91;2,14
8;StudentAttendanceSystem;state;2235;22;42;9;47;100;0,35;0,43;0;0,09;153,15;153,15;0,99;0,87
8;StudentAttendanceSystem;transition;2235;22;42;15;42;100;0,33;0,81;0;0,16;154,15;154,15;1,47;1,3
8;StudentAttendanceSystem;pair;2235;22;42;44;234;100;0,33;0,19;1,39;0,35;155,15;155,15;3;2,26
8;StudentAttendanceSystem;state;2236;20;37;8;41;100;0,33;0,38;0;0,11;156,15;156,15;0,96;0,82
8;StudentAttendanceSystem;transition;2236;20;37;13;37;100;0,31;0,68;0;0,14;156,15;156,15;1,29;1,13
8;StudentAttendanceSystem;pair;2236;20;37;32;174;100;0,6;0,17;0,99;0,3;157,15;158,15;2,7;2,06
8;StudentAttendanceSystem;state;2237;25;48;10;54;100;0,39;0,45;0;0,09;158,15;158,15;1,07;0,92
8;StudentAttendanceSystem;transition;2237;25;48;16;47;100;0,36;0,85;0;0,19;159,15;159,15;1,65;1,41
8;StudentAttendanceSystem;pair;2237;25;48;48;260;100;0,33;0,19;1,35;0,34;160,15;161,15;2,9;2,21
8;StudentAttendanceSystem;state;2238;21;36;8;41;100;0,29;0,3;0;0,05;161,15;161,15;0,76;0,64
8;StudentAttendanceSystem;transition;2238;21;36;13;35;100;0,28;0,59;0;0,11;162,15;162,15;1,09;0,97
8;StudentAttendanceSystem;pair;2238;21;36;29;151;100;0,24;0,11;0,7;0,24;163,15;163,15;1,78;1,3
8;StudentAttendanceSystem;state;2239;23;44;9;50;100;0,31;0,4;0;0,08;163,15;163,15;0,89;0,78
8;StudentAttendanceSystem;transition;2239;23;44;15;44;100;0,3;0,62;0;0,12;164,15;164,15;1,15;1,04
8;StudentAttendanceSystem;pair;2239;23;44;38;208;100;0,28;0,21;1,22;0,27;165,15;166,15;2,6;1,98
8;StudentAttendanceSystem;state;2240;18;30;7;37;100;0,26;0,26;0;0,05;166,15;166,15;0,69;0,57
8;StudentAttendanceSystem;transition;2240;18;30;10;30;100;0,22;0,47;0;0,08;166,15;167,15;0,89;0,77
8;StudentAttendanceSystem;pair;2240;18;30;22;116;100;0,28;0,09;0,45;0,1;167,15;167,15;1,31;0,92
8;StudentAttendanceSystem;state;2241;27;51;11;61;100;0,23;0,28;0;0,06;168,15;168,15;0,64;0,58
8;StudentAttendanceSystem;transition;2241;27;51;18;50;100;0,3;0,78;0;0,15;169,15;169,15;1,36;1,23
8;StudentAttendanceSystem;pair;2241;27;51;44;244;100;0,44;0,17;1,04;0,32;170,15;171,15;2,57;1,97
8;StudentAttendanceSystem;state;2242;24;44;9;48;100;0,29;0,35;0;0,13;171,15;171,15;0,91;0,78
8;StudentAttendanceSystem;transition;2242;24;44;16;43;100;0,28;0,75;0;0,1;172,15;172,15;1,26;1,14
8;StudentAttendanceSystem;pair;2242;24;44;39;211;100;0,21;0,12;0,93;0,26;173,15;173,15;1,96;1,52
8;StudentAttendanceSystem;state;2243;21;39;8;43;100;0,29;0,33;0;0,06;174,15;174,15;0,8;0,69
8;StudentAttendanceSystem;transition;2243;21;39;13;39;100;0,25;0,57;0;0,08;174,15;174,15;1,01;0,9
8;StudentAttendanceSystem;pair;2243;21;39;38;206;100;0,2;0,11;0,81;0,28;175,15;176,15;1,82;1,4
8;StudentAttendanceSystem;state;2244;22;38;8;42;100;0,25;0,22;0;0,04;176,15;176,15;0,6;0,52
8;StudentAttendanceSystem;transition;2244;22;38;14;37;100;0,17;0,59;0;0,16;177,15;177,15;1,07;0,93
8;StudentAttendanceSystem;pair;2244;22;38;33;172;100;0,37;0,15;0,83;0,21;178,15;178,15;2,15;1,55
8;StudentAttendanceSystem;state;2245;24;48;9;46;100;0,34;0,41;0;0,1;179,15;179,15;0,98;0,84
8;StudentAttendanceSystem;transition;2245;24;48;17;47;100;0,31;0,82;0;0,18;179,15;179,15;1,46;1,31
8;StudentAttendanceSystem;pair;2245;24;48;48;270;100;0,33;0,21;1,61;0,43;181,15;181,15;3,26;2,59
8;StudentAttendanceSystem;state;2246;26;52;11;61;100;0,39;0,48;0;0,1;182,15;182,15;1,12;0,98
8;StudentAttendanceSystem;transition;2246;26;52;18;52;100;0,37;0,84;0;0,16;183,15;183,15;1,55;1,37
8;StudentAttendanceSystem;pair;2246;26;52;48;272;100;0,33;0,28;1,79;0,36;184,15;184,15;3,67;2,76
8;StudentAttendanceSystem;state;2247;26;47;11;58;100;0,48;0,4;0;0,11;185,15;185,15;1,15;0,99
8;StudentAttendanceSystem;transition;2247;26;47;17;46;100;0,3;3,78;0;0,16;186,15;6,15;4,47;4,25
8;StudentAttendanceSystem;pair;2247;26;47;36;192;100;0,37;0,18;1,2;0,28;7,15;7,15;2,73;2,03
8;StudentAttendanceSystem;state;2248;18;31;7;34;100;0,29;0,3;0;0,05;8,15;8,15;0,75;0,63
8;StudentAttendanceSystem;transition;2248;18;31;12;31;100;0,24;0,55;0;0,08;8,15;8,15;1,01;0,88
8;StudentAttendanceSystem;pair;2248;18;31;28;133;100;0,22;0,12;0,67;0,2;9,15;9,15;1,64;1,2
8;StudentAttendanceSystem;state;2249;29;59;12;65;100;0,34;0,53;0;0,13;10,15;10,15;1,12;1
8;StudentAttendanceSystem;transition;2249;29;59;22;58;100;0,42;1,34;0;0,24;11,15;11,15;2,22;2
8;StudentAttendanceSystem;pair;2249;29;59;54;304;100;0,36;0,26;1,89;0,44;12,15;13,15;3,8;2,96
8;StudentAttendanceSystem;state;2250;24;43;9;49;100;0,4;0,39;0;0,1;13,15;13,15;1,04;0,89
8;StudentAttendanceSystem;transition;2250;24;43;14;42;100;0,33;0,91;0;0,16;14,15;14,15;1,68;1,41
8;StudentAttendanceSystem;pair;2250;24;43;38;213;100;0,35;0,2;1,45;0,35;15,15;15,15;3,15;2,36
8;StudentAttendanceSystem;state;2251;29;57;12;67;100;0,48;0,55;0;0,14;16,15;16,15;1,3;1,16
8;StudentAttendanceSystem;transition;2251;29;57;20;56;100;0,43;1,23;0;0,31;17,15;17,15;2,17;1,96
8;StudentAttendanceSystem;pair;2251;29;57;52;292;100;0,49;0,32;2,23;0,55;18,15;19,15;4,58;3,59
8;StudentAttendanceSystem;state;2252;25;48;9;49;100;0,41;0,46;0;0,11;19,15;19,15;1,1;0,98
8;StudentAttendanceSystem;transition;2252;25;48;17;47;100;0,38;1,04;0;0,21;20,15;20,15;1,8;1,63
8;StudentAttendanceSystem;pair;2252;25;48;43;249;100;0,4;0,23;1,67;0,49;21,15;22,15;3,59;2,79
8;StudentAttendanceSystem;state;2253;24;43;10;50;100;0,36;0,41;0;0,1;22,15;22,15;1;0,87
8;StudentAttendanceSystem;transition;2253;24;43;16;42;100;0,35;0,88;0;0,17;23,15;23,15;1,57;1,41
8;StudentAttendanceSystem;pair;2253;24;43;39;201;100;0,39;0,21;1,29;0,33;24,15;24,15;2,89;2,21
8;StudentAttendanceSystem;state;2254;23;42;8;43;100;0,37;0,43;0;0,09;25,15;25,15;1,03;0,89
8;StudentAttendanceSystem;transition;2254;23;42;15;41;100;0,34;0,87;0;0,17;26,15;26,15;1,55;1,39
8;StudentAttendanceSystem;pair;2254;23;42;35;197;100;0,34;0,19;1,31;0,33;27,15;27,15;2,81;2,16
8;StudentAttendanceSystem;state;2255;24;44;9;49;100;0,35;0,42;0;0,09;28,15;28,15;0,98;0,86
8;StudentAttendanceSystem;transition;2255;24;44;15;43;100;0,33;0,85;0;0,2;28,15;28,15;1,58;1,38
8;StudentAttendanceSystem;pair;2255;24;44;41;228;100;0,36;0,21;1,39;0,37;29,15;30,15;3;2,32
8;StudentAttendanceSystem;state;2256;23;46;9;48;100;0,39;0,43;0;0,09;30,15;30,15;1,04;0,91
8;StudentAttendanceSystem;transition;2256;23;46;17;46;100;0,36;0,89;0;0,19;31,15;31,15;1,61;1,44
8;StudentAttendanceSystem;pair;2256;23;46;45;249;100;0,35;0,26;1,64;0,41;32,15;33,15;3,4;2,66
8;StudentAttendanceSystem;state;2257;25;46;10;53;100;0,38;0,52;0;0,1;33,15;33,15;1,15;1
8;StudentAttendanceSystem;transition;2257;25;46;17;45;100;0,35;1,05;0;0,2;34,15;34,15;1,78;1,6
8;StudentAttendanceSystem;pair;2257;25;46;36;190;100;0,37;0,23;1,49;0,33;35,15;35,15;3,11;2,42
8;StudentAttendanceSystem;state;2258;23;44;9;45;100;0,39;0,43;0;0,09;36,15;36,15;1,04;0,91
8;StudentAttendanceSystem;transition;2258;23;44;16;43;100;0,35;1,04;0;0,18;37,15;37,15;1,74;1,56
8;StudentAttendanceSystem;pair;2258;23;44;44;236;100;0,35;0,22;1,75;0,4;38,15;38,15;3,44;2,71
8;StudentAttendanceSystem;state;2259;23;42;8;43;100;0,36;0,43;0;0,1;39,15;39,15;1,01;0,89
8;StudentAttendanceSystem;transition;2259;23;42;15;41;100;0,34;0,86;0;0,17;39,15;39,15;1,53;1,38
8;StudentAttendanceSystem;pair;2259;23;42;35;193;100;0,39;0,2;1,3;0,32;40,15;41,15;2,89;2,21
8;StudentAttendanceSystem;state;2260;26;49;10;56;100;0,44;0,51;0;0,12;41,15;41,15;1,21;1,07
8;StudentAttendanceSystem;transition;2260;26;49;17;48;100;0,4;1,02;0;0,22;42,15;42,15;1,81;1,64
8;StudentAttendanceSystem;pair;2260;26;49;41;231;100;0,38;0,25;1,69;0,41;43,15;44,15;3,52;2,73
8;StudentAttendanceSystem;state;2261;27;55;12;64;100;0,44;0,58;0;0,15;44,15;44,15;1,31;1,16
8;StudentAttendanceSystem;transition;2261;27;55;19;55;100;0,43;1,07;0;0,21;45,15;45,15;1,91;1,71
8;StudentAttendanceSystem;pair;2261;27;55;53;297;100;0,4;0,3;2,22;0,5;47,15;47,15;4,28;3,42
8;StudentAttendanceSystem;state;2262;22;38;8;42;100;0,4;0,46;0;0,08;48,15;48,15;1,08;0,94
8;StudentAttendanceSystem;transition;2262;22;38;14;37;100;0,31;0,77;0;0,15;48,15;48,15;1,38;1,23
8;StudentAttendanceSystem;pair;2262;22;38;32;168;100;0,33;0,17;1,05;0,26;49,15;50,15;2,42;1,81
8;StudentAttendanceSystem;state;2263;22;42;8;40;100;0,34;0,39;0;0,08;50,15;50,15;0,93;0,81
8;StudentAttendanceSystem;transition;2263;22;42;15;41;100;0,32;0,81;0;0,19;51,15;51,15;1,48;1,32
8;StudentAttendanceSystem;pair;2263;22;42;40;217;100;0,33;0,2;1,36;0,35;52,15;52,15;2,9;2,24
8;StudentAttendanceSystem;state;2264;19;33;7;36;100;0,33;0,38;0;0,06;53,15;53,15;0,89;0,77
8;StudentAttendanceSystem;transition;2264;19;33;12;33;100;0,27;0,63;0;0,12;53,15;53,15;1,17;1,02
8;StudentAttendanceSystem;pair;2264;19;33;28;144;100;0,27;0,14;0,79;0,22;54,15;54,15;1,96;1,43
8;StudentAttendanceSystem;state;2265;29;57;12;67;100;0,46;0,53;0;0,13;55,15;55,15;1,26;1,12
8;StudentAttendanceSystem;transition;2265;29;57;20;56;100;0,48;1,17;0;0,31;56,15;56,15;2,17;1,96
8;StudentAttendanceSystem;pair;2265;29;57;52;296;100;0,45;0,29;2,12;0,52;57,15;58,15;4,3;3,38
8;StudentAttendanceSystem;state;2266;22;41;8;42;100;0,36;0,38;0;0,08;58,15;58,15;0,97;0,82
8;StudentAttendanceSystem;transition;2266;22;41;14;40;100;0,32;0,91;0;0,16;59,15;59,15;1,73;1,4
8;StudentAttendanceSystem;pair;2266;22;41;42;226;100;0,4;0,19;1,43;0,36;60,15;60,15;3,04;2,38
8;StudentAttendanceSystem;state;2267;24;43;9;48;100;0,38;0,4;0;0,09;61,15;61,15;1;0,87
8;StudentAttendanceSystem;transition;2267;24;43;15;42;100;0,32;0,86;0;0,18;62,15;62,15;1,53;1,36
8;StudentAttendanceSystem;pair;2267;24;43;36;200;100;0,34;0,2;1,32;0,31;63,15;63,15;2,87;2,18
8;StudentAttendanceSystem;state;2268;21;39;8;43;100;0,32;0,3;0;0,06;63,15;63,15;0,78;0,68
8;StudentAttendanceSystem;transition;2268;21;39;13;38;100;0,26;0,66;0;0,12;64,15;64,15;1,17;1,04
8;StudentAttendanceSystem;pair;2268;21;39;39;213;100;0,3;0,14;1,1;0,31;65,15;66,15;2,5;1,86
8;StudentAttendanceSystem;state;2269;23;44;9;48;100;0,44;0,37;0;0,07;66,15;66,15;1;0,88
8;StudentAttendanceSystem;transition;2269;23;44;15;44;100;0,35;0,76;0;0,19;67,15;67,15;1,48;1,3
8;StudentAttendanceSystem;pair;2269;23;44;38;218;100;0,3;0,15;1,19;0,3;68,15;68,15;2,55;1,94
8;StudentAttendanceSystem;state;2270;25;48;11;60;100;0,35;0,43;0;0,09;69,15;69,15;1;0,87
8;StudentAttendanceSystem;transition;2270;25;48;16;48;100;0,31;0,77;0;0,14;70,15;70,15;1,39;1,22
8;StudentAttendanceSystem;pair;2270;25;48;47;253;100;0,33;0,17;1,42;0,35;71,15;71,15;2,93;2,27
8;StudentAttendanceSystem;state;2271;20;35;8;41;100;0,34;0,27;0;0,06;72,15;72,15;0,79;0,66
8;StudentAttendanceSystem;transition;2271;20;35;12;35;100;0,25;0,52;0;0,12;72,15;72,15;1,01;0,89
8;StudentAttendanceSystem;pair;2271;20;35;35;176;100;0,31;0,15;0,71;0,22;73,15;74,15;1,91;1,39
8;StudentAttendanceSystem;state;2272;22;39;8;43;100;0,28;0,36;0;0,08;74,15;74,15;0,84;0,71
8;StudentAttendanceSystem;transition;2272;22;39;14;38;100;0,26;0,6;0;0,12;75,15;75,15;1,09;0,98
8;StudentAttendanceSystem;pair;2272;22;39;37;193;100;0,26;0,12;0,8;0,27;76,15;76,15;1,98;1,45
8;StudentAttendanceSystem;state;2273;21;34;8;41;100;0,22;0,21;0;0,04;76,15;77,15;0,56;0,47
8;StudentAttendanceSystem;transition;2273;21;34;12;33;100;0,17;0,4;0;0,07;77,15;77,15;0,72;0,64
8;StudentAttendanceSystem;pair;2273;21;34;30;150;100;0,17;0,09;0,52;0,21;78,15;78,15;1,39;0,99
8;StudentAttendanceSystem;state;2274;18;31;7;35;100;0,25;0,29;0;0,04;79,15;79,15;0,68;0,59
8;StudentAttendanceSystem;transition;2274;18;31;11;31;100;0,24;0,46;0;0,08;79,15;79,15;0,89;0,78
8;StudentAttendanceSystem;pair;2274;18;31;25;127;100;0,24;0,09;0,5;0,15;80,15;80,15;1,41;0,99
8;StudentAttendanceSystem;state;2275;28;54;12;64;100;0,25;0,32;0;0,07;81,15;81,15;0,74;0,64
8;StudentAttendanceSystem;transition;2275;28;54;19;53;100;0,24;0,65;0;0,12;82,15;82,15;1,11;1
8;StudentAttendanceSystem;pair;2275;28;54;49;272;100;0,23;0,2;1,45;0,24;83,15;84,15;2,61;2,12
8;StudentAttendanceSystem;state;2276;23;41;9;47;100;0,24;0,24;0;0,08;84,15;84,15;0,66;0,56
8;StudentAttendanceSystem;transition;2276;23;41;15;40;100;0,29;0,66;0;0,14;85,15;85,15;1,23;1,09
8;StudentAttendanceSystem;pair;2276;23;41;40;206;100;0,29;0,15;1,03;0,27;86,15;86,15;2,33;1,75
8;StudentAttendanceSystem;state;2277;26;49;10;54;100;0,34;0,39;0;0,08;87,15;87,15;0,92;0,81
8;StudentAttendanceSystem;transition;2277;26;49;17;48;100;0,31;1;0;0,18;87,15;88,15;1,68;1,49
8;StudentAttendanceSystem;pair;2277;26;49;43;247;100;0,35;0,18;1,18;0,32;89,15;89,15;2,65;2,04
8;StudentAttendanceSystem;state;2278;25;50;10;51;100;0,32;0,39;0;0,08;90,15;90,15;0,91;0,79
8;StudentAttendanceSystem;transition;2278;25;50;18;49;100;0,29;0,78;0;0,16;90,15;91,15;1,37;1,23
8;StudentAttendanceSystem;pair;2278;25;50;51;283;100;0,35;0,19;1,54;0,38;92,15;92,15;3,14;2,46
8;StudentAttendanceSystem;state;2279;22;40;9;49;100;0,33;0,32;0;0,07;93,15;93,15;0,81;0,71
8;StudentAttendanceSystem;transition;2279;22;40;13;40;100;0,29;0,56;0;0,09;93,15;94,15;1,05;0,94
8;StudentAttendanceSystem;pair;2279;22;40;37;197;100;0,19;0,14;0,93;0,24;95,15;95,15;1,93;1,51
8;StudentAttendanceSystem;state;2280;26;50;10;52;100;0,35;0,37;0;0,08;95,15;95,15;0,92;0,8
8;StudentAttendanceSystem;transition;2280;26;50;18;49;100;0,32;0,77;0;0,16;96,15;96,15;1,39;1,24
8;StudentAttendanceSystem;pair;2280;26;50;42;242;100;0,34;0,18;1,3;0,34;98,15;98,15;2,77;2,16
8;StudentAttendanceSystem;state;2281;24;50;11;57;100;0,33;0,36;0;0,08;98,15;98,15;0,88;0,76
8;StudentAttendanceSystem;transition;2281;24;50;18;50;100;0,33;0,8;0;0,15;99,15;99,15;1,44;1,28
8;StudentAttendanceSystem;pair;2281;24;50;47;261;100;0,39;0,19;1,41;0,39;101,15;101,15;3,05;2,37
8;StudentAttendanceSystem;state;2282;23;44;9;50;100;0,33;0,35;0;0,09;101,15;102,15;0,92;0,78
8;StudentAttendanceSystem;transition;2282;23;44;15;44;100;0,3;0,69;0;0,13;102,15;102,15;1,27;1,13
8;StudentAttendanceSystem;pair;2282;23;44;37;207;100;0,29;0,17;1,23;0,27;103,15;104,15;2,59;1,97
8;StudentAttendanceSystem;state;2283;26;51;12;63;100;0,38;0,39;0;0,1;104,15;104,15;0,99;0,87
8;StudentAttendanceSystem;transition;2283;26;51;18;51;100;0,33;0,84;0;0,15;105,15;105,15;1,5;1,33
8;StudentAttendanceSystem;pair;2283;26;51;49;267;100;0,33;0,23;1,75;0,4;106,15;107,15;3,48;2,71
8;StudentAttendanceSystem;state;2284;21;39;8;42;100;0,32;0,33;0;0,06;107,15;107,15;0,82;0,71
8;StudentAttendanceSystem;transition;2284;21;39;14;39;100;0,29;0,61;0;0,13;108,15;108,15;1,16;1,03
8;StudentAttendanceSystem;pair;2284;21;39;35;191;100;0,28;0,13;0,92;0,24;109,15;109,15;2,12;1,58
8;StudentAttendanceSystem;state;2285;25;45;10;53;100;0,34;0,35;0;0,07;110,15;110,15;0,86;0,76
8;StudentAttendanceSystem;transition;2285;25;45;15;44;100;0,28;0,66;0;0,13;111,15;111,15;1,19;1,07
8;StudentAttendanceSystem;pair;2285;25;45;42;232;100;0,35;0,15;1,08;0,3;112,15;112,15;2,61;1,87
8;StudentAttendanceSystem;state;2286;23;41;9;46;100;0,31;0,25;0;0,05;113,15;113,15;0,69;0,61
8;StudentAttendanceSystem;transition;2286;23;41;15;40;100;0,18;0,72;0;0,12;113,15;113,15;1,15;1,03
8;StudentAttendanceSystem;pair;2286;23;41;37;197;100;0,22;0,13;0,95;0,24;114,15;115,15;2,07;1,54
8;StudentAttendanceSystem;state;2287;30;60;13;70;100;0,37;0,44;0;0,12;115,15;115,15;1,08;0,93
8;StudentAttendanceSystem;transition;2287;30;60;21;59;100;0,34;0,79;0;0,19;116,15;116,15;1,45;1,32
8;StudentAttendanceSystem;pair;2287;30;60;57;321;100;0,34;0,22;1,91;0,28;118,15;118,15;3,42;2,75
8;StudentAttendanceSystem;state;2288;24;42;10;50;100;0,24;0,4;0;0,09;119,15;119,15;0,87;0,73
8;StudentAttendanceSystem;transition;2288;24;42;15;41;100;0,33;0,85;0;0,16;119,15;120,15;1,54;1,34
8;StudentAttendanceSystem;pair;2288;24;42;36;190;100;0,29;0,14;0,83;0,24;121,15;121,15;2,04;1,5
8;StudentAttendanceSystem;state;2289;20;39;9;47;100;0,33;0,34;0;0,07;121,15;121,15;0,84;0,74
8;StudentAttendanceSystem;transition;2289;20;39;13;39;100;0,27;0,62;0;0,12;122,15;122,15;1,17;1,01
8;StudentAttendanceSystem;pair;2289;20;39;35;191;100;0,3;0,16;0,95;0,3;123,15;123,15;2,26;1,71
8;StudentAttendanceSystem;state;2290;22;37;9;44;100;0,29;0,33;0;0,06;124,15;124,15;0,79;0,69
8;StudentAttendanceSystem;transition;2290;22;37;14;36;100;0,3;0,63;0;0,12;124,15;125,15;1,18;1,05
8;StudentAttendanceSystem;pair;2290;22;37;31;152;100;0,27;0,11;0,82;0,24;125,15;126,15;1,95;1,44
8;StudentAttendanceSystem;state;2291;18;29;7;34;100;0,27;0,26;0;0,05;126,15;126,15;0,68;0,58
8;StudentAttendanceSystem;transition;2291;18;29;10;29;100;0,2;0,52;0;0,07;127,15;127,15;0,9;0,79
8;StudentAttendanceSystem;pair;2291;18;29;23;110;100;0,21;0,09;0,52;0,14;127,15;128,15;1,33;0,96
8;StudentAttendanceSystem;state;2292;24;47;9;48;100;0,32;0,4;0;0,08;128,15;128,15;0,91;0,8
8;StudentAttendanceSystem;transition;2292;24;47;16;46;100;0,3;0,68;0;0,14;129,15;129,15;1,24;1,12
8;StudentAttendanceSystem;pair;2292;24;47;49;273;100;0,28;0,2;1,32;0,35;130,15;131,15;2,86;2,15
8;StudentAttendanceSystem;state;2293;29;56;12;67;100;0,27;0,31;0;0,07;131,15;131,15;0,72;0,64
8;StudentAttendanceSystem;transition;2293;29;56;19;55;100;0,4;0,9;0;0,18;132,15;132,15;1,64;1,48
8;StudentAttendanceSystem;pair;2293;29;56;49;281;100;0,33;0,25;1,77;0,26;133,15;134,15;3,36;2,6
8;StudentAttendanceSystem;state;2294;24;42;10;50;100;0,3;0,35;0;0,09;134,15;134,15;0,86;0,74
8;StudentAttendanceSystem;transition;2294;24;42;15;41;100;0,35;0,69;0;0,13;135,15;135,15;1,33;1,17
8;StudentAttendanceSystem;pair;2294;24;42;37;195;100;0,35;0,12;1,03;0,29;136,15;136,15;2,39;1,79
8;StudentAttendanceSystem;state;2295;22;40;9;44;100;0,32;0,32;0;0,08;137,15;137,15;0,85;0,73
8;StudentAttendanceSystem;transition;2295;22;40;16;39;100;0,34;0,7;0;0,13;138,15;138,15;1,33;1,17
8;StudentAttendanceSystem;pair;2295;22;40;34;172;100;0,22;0,16;0,79;0,22;139,15;139,15;1,94;1,39
8;StudentAttendanceSystem;state;2296;22;37;8;42;100;0,33;0,33;0;0,08;139,15;139,15;0,85;0,74
8;StudentAttendanceSystem;transition;2296;22;37;13;36;100;0,2;0,44;0;0,08;140,15;140,15;0,8;0,72
8;StudentAttendanceSystem;pair;2296;22;37;29;153;100;0,18;0,13;0,72;0,29;141,15;141,15;1,85;1,31
8;StudentAttendanceSystem;state;2297;19;31;8;38;100;0,28;0,29;0;0,06;142,15;142,15;0,76;0,63
8;StudentAttendanceSystem;transition;2297;19;31;11;31;100;0,27;0,47;0;0,09;142,15;142,15;0,96;0,83
8;StudentAttendanceSystem;pair;2297;19;31;24;117;100;0,26;0,11;0,58;0,16;143,15;143,15;1,62;1,11
8;StudentAttendanceSystem;state;2298;24;45;9;48;100;0,33;0,4;0;0,08;144,15;144,15;0,94;0,81
8;StudentAttendanceSystem;transition;2298;24;45;17;44;100;0,32;0,76;0;0,18;144,15;145,15;1,44;1,26
8;StudentAttendanceSystem;pair;2298;24;45;42;226;100;0,29;0,19;1,28;0,28;146,15;146,15;2,64;2,05
8;StudentAttendanceSystem;state;2299;21;43;9;45;100;0,37;0,35;0;0,07;146,15;147,15;0,92;0,78
8;StudentAttendanceSystem;transition;2299;21;43;16;43;100;0,34;0,67;0;0,18;147,15;147,15;1,34;1,19
8;StudentAttendanceSystem;pair;2299;21;43;41;227;100;0,28;0,15;1,12;0,29;148,15;149,15;2,4;1,83
8;StudentAttendanceSystem;state;2300;22;43;8;43;100;0,33;0,34;0;0,07;149,15;149,15;0,9;0,75
8;StudentAttendanceSystem;transition;2300;22;43;15;43;100;0,29;0,77;0;0,15;150,15;150,15;1,38;1,2
8;StudentAttendanceSystem;pair;2300;22;43;39;221;100;0,35;0,17;1,28;0,27;151,15;151,15;2,64;2,06
8;StudentAttendanceSystem;state;2301;23;44;9;50;100;0,34;0,34;0;0,07;152,15;152,15;0,86;0,75
8;StudentAttendanceSystem;transition;2301;23;44;15;44;100;0,28;0,64;0;0,23;153,15;153,15;1,35;1,15
8;StudentAttendanceSystem;pair;2301;23;44;38;208;100;0,35;0,19;1,07;0,26;154,15;154,15;2,52;1,86
8;StudentAttendanceSystem;state;2302;25;48;9;49;100;0,44;0,41;0;0,08;155,15;155,15;1,06;0,93
8;StudentAttendanceSystem;transition;2302;25;48;17;47;100;0,34;0,86;0;0,18;155,15;155,15;1,56;1,37
8;StudentAttendanceSystem;pair;2302;25;48;43;245;100;0,34;0,21;1,47;0,36;157,15;157,15;3;2,37
8;StudentAttendanceSystem;state;2303;25;47;10;51;100;0,33;0,4;0;0,09;157,15;158,15;0,97;0,82
8;StudentAttendanceSystem;transition;2303;25;47;18;46;100;0,3;0,91;0;0,15;158,15;158,15;1,53;1,36
8;StudentAttendanceSystem;pair;2303;25;47;41;221;100;0,37;0,16;1,16;0,29;160,15;160,15;2,59;1,97
8;StudentAttendanceSystem;state;2304;19;34;7;36;100;0,28;0,3;0;0,06;160,15;160,15;0,74;0,63
8;StudentAttendanceSystem;transition;2304;19;34;13;34;100;0,26;0,53;0;0,1;161,15;161,15;1,03;0,89
8;StudentAttendanceSystem;pair;2304;19;34;31;155;100;0,26;0,14;0,74;0,25;162,15;162,15;1,96;1,38
8;StudentAttendanceSystem;state;2305;19;33;7;37;100;0,28;0,29;0;0,08;162,15;163,15;0,76;0,65
8;StudentAttendanceSystem;transition;2305;19;33;11;33;100;0,27;0,57;0;0,09;163,15;163,15;1,11;0,94
8;StudentAttendanceSystem;pair;2305;19;33;30;156;100;0,27;0,17;0,8;0,2;164,15;164,15;1,91;1,43
8;StudentAttendanceSystem;state;2306;29;57;12;67;100;0,47;0,55;0;0,12;165,15;165,15;1,29;1,15
8;StudentAttendanceSystem;transition;2306;29;57;20;56;100;0,35;1,04;0;0,2;166,15;166,15;1,76;1,6
8;StudentAttendanceSystem;pair;2306;29;57;52;296;100;0,4;0,22;1,88;0,45;167,15;168,15;3,71;2,95
8;StudentAttendanceSystem;state;2307;21;40;8;43;100;0,32;0,43;0;0,07;168,15;168,15;0,96;0,82
8;StudentAttendanceSystem;transition;2307;21;40;14;40;100;0,3;0,76;0;0,12;169,15;169,15;1,33;1,18
8;StudentAttendanceSystem;pair;2307;21;40;41;221;100;0,27;0,15;1,06;0,31;170,15;170,15;2,4;1,79
8;StudentAttendanceSystem;state;2308;29;57;12;67;100;0,44;0,48;0;0,12;171,15;171,15;1,17;1,04
8;StudentAttendanceSystem;transition;2308;29;57;19;56;100;0,37;0,93;0;0,21;172,15;172,15;1,68;1,51
8;StudentAttendanceSystem;pair;2308;29;57;55;315;100;0,33;0,29;1,8;0,43;173,15;174,15;3,59;2,85
8;StudentAttendanceSystem;state;2309;27;55;12;66;100;0,35;0,51;0;0,1;174,15;174,15;1,1;0,96
8;StudentAttendanceSystem;transition;2309;27;55;19;55;100;0,37;0,88;0;0,2;175,15;175,15;1,63;1,44
8;StudentAttendanceSystem;pair;2309;27;55;57;315;100;0,35;0,29;1,88;0,43;177,15;177,15;3,8;2,95
8;StudentAttendanceSystem;state;2310;27;55;12;64;100;0,29;0,43;0;0,1;178,15;178,15;0,92;0,81
8;StudentAttendanceSystem;transition;2310;27;55;20;55;100;0,41;0,98;0;0,21;179,15;179,15;1,8;1,6
8;StudentAttendanceSystem;pair;2310;27;55;50;282;100;0,37;0,22;1,73;0,42;180,15;181,15;3,51;2,74
8;StudentAttendanceSystem;state;2311;29;56;12;67;100;0,56;0,51;0;0,12;181,15;181,15;1,36;1,19
8;StudentAttendanceSystem;transition;2311;29;56;18;55;100;0,38;1,1;0;0,21;182,15;182,15;1,89;1,69
8;StudentAttendanceSystem;pair;2311;29;56;52;300;100;0,37;0,21;1,85;0,55;183,15;184,15;3,9;2,99
8;StudentAttendanceSystem;state;2312;24;46;10;55;100;0,39;0,4;0;0,11;184,15;185,15;1,03;0,9
8;StudentAttendanceSystem;transition;2312;24;46;15;46;100;0,34;0,9;0;0,14;185,15;185,15;1,56;1,38
8;StudentAttendanceSystem;pair;2312;24;46;44;240;100;3,11;0,2;1,32;0,35;6,11;7,11;5,82;4,98
8;StudentAttendanceSystem;state;2313;18;30;7;37;100;0,31;0,32;0;0,08;7,11;7,11;0,84;0,71
8;StudentAttendanceSystem;transition;2313;18;30;10;30;100;0,24;0,47;0;0,08;8,11;8,11;0,91;0,79
8;StudentAttendanceSystem;pair;2313;18;30;22;116;100;0,22;0,09;0,61;0,15;9,11;9,11;1,47;1,07
8;StudentAttendanceSystem;state;2314;24;43;9;48;100;0,29;0,42;0;0,12;9,11;9,11;0,94;0,83
8;StudentAttendanceSystem;transition;2314;24;43;15;42;100;0,32;0,66;0;0,17;10,11;10,11;1,33;1,14
8;StudentAttendanceSystem;pair;2314;24;43;35;195;100;0,33;0,17;1,04;0,33;11,11;11,11;2,5;1,87
8;StudentAttendanceSystem;state;2315;22;39;9;46;100;0,38;0,31;0;0,08;12,11;12,11;0,88;0,77
8;StudentAttendanceSystem;transition;2315;22;39;15;38;100;0,3;0,69;0;0,18;12,11;13,11;1,42;1,17
8;StudentAttendanceSystem;pair;2315;22;39;32;167;100;0,3;0,14;0,85;0,28;14,11;14,11;2,11;1,57
8;StudentAttendanceSystem;state;2316;22;43;8;43;100;0,29;0,35;0;0,1;14,11;14,11;0,84;0,74
8;StudentAttendanceSystem;transition;2316;22;43;15;43;100;0,29;0,64;0;0,13;15,11;15,11;1,21;1,06
8;StudentAttendanceSystem;pair;2316;22;43;39;221;100;0,28;0,22;1,38;0,37;16,11;16,11;3;2,26
8;StudentAttendanceSystem;state;2317;24;44;9;48;100;0,38;0,41;0;0,1;17,11;17,11;1,01;0,88
8;StudentAttendanceSystem;transition;2317;24;44;16;43;100;0,33;0,87;0;0,2;18,11;18,11;1,58;1,4
8;StudentAttendanceSystem;pair;2317;24;44;38;208;100;0,34;0,19;1,34;0,3;19,11;19,11;2,83;2,18
8;StudentAttendanceSystem;state;2318;26;53;11;61;100;0,45;0,54;0;0,11;20,11;20,11;1,23;1,1
8;StudentAttendanceSystem;transition;2318;26;53;19;53;100;0,37;0,99;0;0,22;20,11;21,11;1,78;1,58
8;StudentAttendanceSystem;pair;2318;26;53;51;283;100;0,31;0,2;1,51;0,38;22,11;22,11;3,08;2,4
8;StudentAttendanceSystem;state;2319;23;44;9;50;100;0,36;0,32;0;0,08;23,11;23,11;0,87;0,76
8;StudentAttendanceSystem;transition;2319;23;44;15;44;100;0,28;0,74;0;0,15;24,11;24,11;1,31;1,17
8;StudentAttendanceSystem;pair;2319;23;44;38;212;100;0,3;0,18;1,02;0,31;25,11;25,11;2,36;1,8
8;StudentAttendanceSystem;state;2320;22;37;8;43;100;0,3;0,43;0;0,07;26,11;26,11;0,91;0,8
8;StudentAttendanceSystem;transition;2320;22;37;12;36;100;0,26;0,6;0;0,11;26,11;26,11;1,11;0,97
8;StudentAttendanceSystem;pair;2320;22;37;32;172;100;0,26;0,1;0,63;0,22;27,11;27,11;1,74;1,21
8;StudentAttendanceSystem;state;2321;27;52;11;61;100;0,34;0,5;0;0,13;28,11;28,11;1,07;0,96
8;StudentAttendanceSystem;transition;2321;27;52;19;51;100;0,32;0,83;0;0,12;29,11;29,11;1,39;1,26
8;StudentAttendanceSystem;pair;2321;27;52;48;260;100;0,25;0,19;1,41;0,35;30,11;31,11;2,86;2,2
8;StudentAttendanceSystem;state;2322;24;47;10;55;100;0,35;0,43;0;0,09;31,11;31,11;0,98;0,87
8;StudentAttendanceSystem;transition;2322;24;47;17;47;100;0,34;0,78;0;0,14;32,11;32,11;1,42;1,27
8;StudentAttendanceSystem;pair;2322;24;47;44;236;100;0,33;0,17;1,15;0,35;33,11;33,11;2,63;2
8;StudentAttendanceSystem;state;2323;24;48;10;51;100;0,32;0,35;0;0,11;34,11;34,11;0,9;0,79
8;StudentAttendanceSystem;transition;2323;24;48;18;47;100;0,34;0,78;0;0,15;35,11;35,11;1,42;1,27
8;StudentAttendanceSystem;pair;2323;24;48;45;251;100;0,3;0,2;1,31;0,36;36,11;36,11;2,77;2,17
8;StudentAttendanceSystem;state;2324;26;52;11;61;100;0,33;0,47;0;0,12;37,11;37,11;1,06;0,91
8;StudentAttendanceSystem;transition;2324;26;52;18;52;100;0,34;0,82;0;0,17;38,11;38,11;1,48;1,33
8;StudentAttendanceSystem;pair;2324;26;52;48;272;100;0,35;0,25;1,53;0,37;39,11;40,11;3,21;2,49
8;StudentAttendanceSystem;state;2325;30;59;13;72;100;0,37;0,54;0;0,11;40,11;40,11;1,2;1,01
8;StudentAttendanceSystem;transition;2325;30;59;20;58;100;0,39;0,99;0;0,19;41,11;41,11;1,75;1,58
8;StudentAttendanceSystem;pair;2325;30;59;58;324;100;0,42;0,2;1,92;0,53;43,11;43,11;3,76;3,07
8;StudentAttendanceSystem;state;2326;22;42;8;43;100;0,38;0,33;0;0,06;44,11;44,11;0,87;0,77
8;StudentAttendanceSystem;transition;2326;22;42;14;42;100;0,29;0,62;0;0,12;44,11;45,11;1,18;1,03
8;StudentAttendanceSystem;pair;2326;22;42;36;210;100;0,28;0,14;1,04;0,41;46,11;46,11;2,48;1,87
8;StudentAttendanceSystem;state;2327;26;50;10;54;100;0,39;0,31;0;0,07;46,11;46,11;0,85;0,76
8;StudentAttendanceSystem;transition;2327;26;50;17;49;100;0,23;0,81;0;0,17;47,11;47,11;1,38;1,21
8;StudentAttendanceSystem;pair;2327;26;50;49;277;100;0,43;0,23;1,83;0,42;49,11;49,11;3,65;2,9
8;StudentAttendanceSystem;state;2328;22;40;10;53;100;0,35;0,37;0;0,08;50,11;50,11;0,95;0,8
8;StudentAttendanceSystem;transition;2328;22;40;14;40;100;0,28;0,57;0;0,18;50,11;50,11;1,19;1,03
8;StudentAttendanceSystem;pair;2328;22;40;29;156;100;0,27;0,2;0,82;0,21;51,11;51,11;2,08;1,5
8;StudentAttendanceSystem;state;2329;21;39;8;42;100;0,34;0,31;0;0,07;52,11;52,11;0,82;0,72
8;StudentAttendanceSystem;transition;2329;21;39;14;39;100;0,31;0,67;0;0,16;53,11;53,11;1,32;1,14
8;StudentAttendanceSystem;pair;2329;21;39;35;191;100;0,29;0,16;0,95;0,23;54,11;54,11;2,18;1,63
8;StudentAttendanceSystem;state;2330;22;38;8;43;100;0,41;0,42;0;0,08;54,11;54,11;1,04;0,91
8;StudentAttendanceSystem;transition;2330;22;38;13;37;100;0,29;0,56;0;0,12;55,11;55,11;1,15;0,98
8;StudentAttendanceSystem;pair;2330;22;38;34;180;100;0,28;0,13;0,79;0,28;56,11;56,11;2,06;1,49
8;StudentAttendanceSystem;state;2331;24;45;9;46;100;0,32;0,33;0;0,06;57,11;57,11;0,81;0,71
8;StudentAttendanceSystem;transition;2331;24;45;17;44;100;0,32;0,76;0;0,15;57,11;58,11;1,39;1,22
8;StudentAttendanceSystem;pair;2331;24;45;37;203;100;0,3;0,18;1,09;0,26;59,11;59,11;2,48;1,83
8;StudentAttendanceSystem;state;2332;27;53;11;57;100;0,33;0,43;0;0,1;60,11;60,11;0,97;0,86
8;StudentAttendanceSystem;transition;2332;27;53;20;52;100;0,36;0,98;0;0,22;60,11;60,11;1,73;1,56
8;StudentAttendanceSystem;pair;2332;27;53;48;268;100;0,34;0,25;1,69;0,38;62,11;62,11;3,86;2,67
8;StudentAttendanceSystem;state;2333;25;45;10;53;100;0,32;0,38;0;0,08;63,11;63,11;0,9;0,78
8;StudentAttendanceSystem;transition;2333;25;45;15;44;100;0,35;0,73;0;0,15;63,11;64,11;1,4;1,23
8;StudentAttendanceSystem;pair;2333;25;45;42;232;100;0,26;0,16;1,18;0,27;65,11;65,11;2,38;1,87
8;StudentAttendanceSystem;state;2334;20;35;8;41;100;0,24;0,39;0;0,06;65,11;66,11;0,82;0,7
8;StudentAttendanceSystem;transition;2334;20;35;12;35;100;0,22;0,5;0;0,09;66,11;66,11;1,03;0,81
8;StudentAttendanceSystem;pair;2334;20;35;34;172;100;0,23;0,12;0,77;0,18;67,11;67,11;1,73;1,3
8;StudentAttendanceSystem;state;2335;19;32;7;36;100;0,25;0,24;0;0,04;68,11;68,11;0,62;0,53
8;StudentAttendanceSystem;transition;2335;19;32;11;32;100;0,19;0,46;0;0,08;68,11;68,11;0,83;0,73
8;StudentAttendanceSystem;pair;2335;19;32;25;129;100;0,22;0,11;0,55;0,14;69,11;69,11;1,39;1,01
8;StudentAttendanceSystem;state;2336;24;43;10;50;100;0,26;0,3;0;0,07;70,11;70,11;0,75;0,63
8;StudentAttendanceSystem;transition;2336;24;43;16;42;100;0,25;0,63;0;0,12;71,11;71,11;1,11;1
8;StudentAttendanceSystem;pair;2336;24;43;40;206;100;0,24;0,15;1,05;0,23;72,11;72,11;2,14;1,66
8;StudentAttendanceSystem;state;2337;25;50;10;56;100;0,31;0,38;0;0,08;73,11;73,11;0,9;0,77
8;StudentAttendanceSystem;transition;2337;25;50;17;50;100;0,29;0,82;0;0,14;73,11;73,11;1,4;1,26
8;StudentAttendanceSystem;pair;2337;25;50;45;259;100;0,29;0,24;1,47;0,38;75,11;75,11;3,02;2,38
8;StudentAttendanceSystem;state;2338;21;39;9;46;100;0,32;0,37;0;0,08;76,11;76,11;0,9;0,77
8;StudentAttendanceSystem;transition;2338;21;39;14;39;100;0,31;0,7;0;0,15;76,11;76,11;1,33;1,15
8;StudentAttendanceSystem;pair;2338;21;39;32;175;100;0,27;0,15;0,81;0,32;77,11;78,11;2,14;1,55
8;StudentAttendanceSystem;state;2339;28;54;12;64;100;0,4;0,35;0;0,07;78,11;78,11;0,93;0,82
8;StudentAttendanceSystem;transition;2339;28;54;20;53;100;0,32;1,09;0;0,2;79,11;79,11;1,86;1,61
8;StudentAttendanceSystem;pair;2339;28;54;47;255;100;0,39;0,28;1,67;0,42;80,11;81,11;3,61;2,75
8;StudentAttendanceSystem;state;2340;23;47;9;46;100;0,39;0,51;0;0,09;81,11;81,11;1,12;0,99
8;StudentAttendanceSystem;transition;2340;23;47;18;47;100;0,36;0,88;0;0,19;82,11;82,11;1,62;1,43
8;StudentAttendanceSystem;pair;2340;23;47;44;246;100;0,36;0,24;1,71;0,39;83,11;84,11;3,43;2,69
8;StudentAttendanceSystem;state;2341;26;52;12;63;100;0,4;0,49;0;0,11;84,11;84,11;1,13;1
8;StudentAttendanceSystem;transition;2341;26;52;19;52;100;0,38;0,98;0;0,19;85,11;85,11;1,74;1,55
8;StudentAttendanceSystem;pair;2341;26;52;52;278;100;0,39;0,25;2,06;0,46;86,11;87,11;4,07;3,16
8;StudentAttendanceSystem;state;2342;30;60;13;70;100;0,49;0,54;0;0,15;87,11;88,11;1,33;1,18
8;StudentAttendanceSystem;transition;2342;30;60;21;59;100;0,45;1,15;0;0,27;88,11;89,11;2,1;1,87
8;StudentAttendanceSystem;pair;2342;30;60;57;325;100;0,46;0,35;2,52;0,58;90,11;91,11;4,88;3,91
8;StudentAttendanceSystem;state;2343;19;33;7;36;100;0,37;0,32;0;0,07;91,11;91,11;0,92;0,75
8;StudentAttendanceSystem;transition;2343;19;33;12;33;100;0,29;0,61;0;0,12;92,11;92,11;1,18;1,01
8;StudentAttendanceSystem;pair;2343;19;33;27;137;100;0,27;0,14;0,72;0,18;92,11;93,11;1,85;1,31
8;StudentAttendanceSystem;state;2344;24;46;10;55;100;0,35;0,41;0;0,1;93,11;93,11;1;0,86
8;StudentAttendanceSystem;transition;2344;24;46;15;46;100;0,33;0,87;0;0,16;94,11;94,11;1,54;1,36
8;StudentAttendanceSystem;pair;2344;24;46;44;244;100;0,34;0,24;1,49;0,37;95,11;96,11;3,21;2,44
8;StudentAttendanceSystem;state;2345;25;48;11;58;100;0,4;0,48;0;0,1;96,11;96,11;1,13;0,98
8;StudentAttendanceSystem;transition;2345;25;48;16;48;100;0,35;0,93;0;0,15;97,11;97,11;1,61;1,44
8;StudentAttendanceSystem;pair;2345;25;48;43;239;100;0,35;0,22;1,52;0,32;98,11;98,11;3,14;2,4
8;StudentAttendanceSystem;state;2346;22;41;8;42;100;0,37;0,41;0;0,08;99,11;99,11;1;0,86
8;StudentAttendanceSystem;transition;2346;22;41;14;40;100;0,39;0,8;0;0,14;100,11;100,11;1,51;1,33
8;StudentAttendanceSystem;pair;2346;22;41;42;226;100;0,35;0,14;1,33;0,34;101,11;101,11;2,83;2,16
8;StudentAttendanceSystem;state;2347;24;47;10;53;100;0,33;0,45;0;0,11;102,11;102,11;1,05;0,9
8;StudentAttendanceSystem;transition;2347;24;47;16;47;100;0,35;0,79;0;0,17;102,11;102,11;1,5;1,32
8;StudentAttendanceSystem;pair;2347;24;47;48;270;100;0,34;0,17;1,54;0,38;104,11;104,11;3,12;2,43
8;StudentAttendanceSystem;state;2348;22;38;8;43;100;0,29;0,34;0;0,07;105,11;105,11;0,82;0,7
8;StudentAttendanceSystem;transition;2348;22;38;13;37;100;0,28;0,67;0;0,11;105,11;105,11;1,2;1,07
8;StudentAttendanceSystem;pair;2348;22;38;35;183;100;0,27;0,16;0,82;0,24;106,11;107,11;2,04;1,5
8;StudentAttendanceSystem;state;2349;24;44;9;48;100;0,36;0,36;0;0,09;107,11;107,11;1;0,82
8;StudentAttendanceSystem;transition;2349;24;44;16;43;100;0,32;0,8;0;0,16;108,11;108,11;1,46;1,28
8;StudentAttendanceSystem;pair;2349;24;44;39;215;100;0,3;0,14;1,26;0,36;109,11;109,11;2,74;2,06
8;StudentAttendanceSystem;state;2350;25;49;11;58;100;0,45;0,44;0;0,1;110,11;110,11;1,14;0,99
8;StudentAttendanceSystem;transition;2350;25;49;18;49;100;0,35;0,87;0;0,15;111,11;111,11;1,52;1,37
8;StudentAttendanceSystem;pair;2350;25;49;43;235;100;0,34;0,19;1,17;0,31;112,11;112,11;2,72;2,01
8;StudentAttendanceSystem;state;2351;21;37;8;41;100;0,32;0,38;0;0,09;113,11;113,11;0,94;0,79
8;StudentAttendanceSystem;transition;2351;21;37;14;36;100;0,31;0,89;0;0,15;113,11;113,11;1,51;1,34
8;StudentAttendanceSystem;pair;2351;21;37;31;163;100;0,35;0,16;0,99;0,26;114,11;115,11;2,46;1,75
8;StudentAttendanceSystem;state;2352;23;41;9;49;100;0,34;0,4;0;0,09;115,11;115,11;0,95;0,83
8;StudentAttendanceSystem;transition;2352;23;41;14;40;100;0,36;0,79;0;0,16;116,11;116,11;1,5;1,31
8;StudentAttendanceSystem;pair;2352;23;41;33;187;100;0,32;0,18;1,17;0,34;117,11;117,11;2,68;2,02
8;StudentAttendanceSystem;state;2353;22;38;8;43;100;0,35;0,37;0;0,08;118,11;118,11;0,92;0,8
8;StudentAttendanceSystem;transition;2353;22;38;13;37;100;0,31;0,68;0;0,13;118,11;118,11;1,27;1,11
8;StudentAttendanceSystem;pair;2353;22;38;34;178;100;0,28;0,12;0,97;0,25;119,11;120,11;2,17;1,63
8;StudentAttendanceSystem;state;2354;30;60;13;70;100;0,43;0,56;0;0,14;120,11;120,11;1,31;1,13
8;StudentAttendanceSystem;transition;2354;30;60;22;59;100;0,39;1,16;0;0,21;121,11;121,11;1,95;1,76
8;StudentAttendanceSystem;pair;2354;30;60;54;302;100;0,4;0,28;2,12;0,51;123,11;123,11;4,17;3,31
8;StudentAttendanceSystem;state;2355;30;59;13;70;100;0,46;0,55;0;0,13;124,11;124,11;1,27;1,15
8;StudentAttendanceSystem;transition;2355;30;59;21;58;100;0,33;1,02;0;0,22;125,11;125,11;1,75;1,56
8;StudentAttendanceSystem;pair;2355;30;59;51;291;100;0,4;0,22;1,78;0,49;126,11;127,11;3,73;2,89
8;StudentAttendanceSystem;state;2356;24;44;9;48;100;0,37;0,41;0;0,09;127,11;127,11;0,99;0,86
8;StudentAttendanceSystem;transition;2356;24;44;15;43;100;0,32;0,82;0;0,21;128,11;128,11;1,53;1,36
8;StudentAttendanceSystem;pair;2356;24;44;42;230;100;0,35;0,19;1,42;0,36;129,11;129,11;2,98;2,31
8;StudentAttendanceSystem;state;2357;29;57;12;67;100;0,49;0,53;0;0,13;130,11;130,11;1,29;1,15
8;StudentAttendanceSystem;transition;2357;29;57;19;56;100;0,43;1,11;0;0,21;131,11;131,11;1,93;1,74
8;StudentAttendanceSystem;pair;2357;29;57;55;311;100;0,39;0,38;2,17;0,45;132,11;133,11;4,17;3,39
8;StudentAttendanceSystem;state;2358;27;51;11;61;100;0,39;0,46;0;0,1;133,11;133,11;1,07;0,94
8;StudentAttendanceSystem;transition;2358;27;51;18;50;100;0,36;1;0;0,2;134,11;134,11;1,74;1,56
8;StudentAttendanceSystem;pair;2358;27;51;44;244;100;0,36;0,25;1,31;0,24;136,11;136,11;2,83;2,16
8;StudentAttendanceSystem;state;2359;20;35;8;41;100;0,27;0,28;0;0,06;136,11;136,11;0,7;0,61
8;StudentAttendanceSystem;transition;2359;20;35;12;35;100;0,25;0,64;0;0,1;137,11;137,11;1,14;0,98
8;StudentAttendanceSystem;pair;2359;20;35;35;176;100;0,25;0,16;0,86;0,23;138,11;138,11;2,04;1,5
8;StudentAttendanceSystem;state;2360;26;48;11;58;100;0,4;0,49;0;0,11;139,11;139,11;1,12;0,99
8;StudentAttendanceSystem;transition;2360;26;48;18;47;100;0,32;0,93;0;0,16;140,11;140,11;1,59;1,41
8;StudentAttendanceSystem;pair;2360;26;48;39;203;100;0,34;0,21;1,27;0,29;141,11;141,11;2,76;2,1
8;StudentAttendanceSystem;state;2361;24;44;9;48;100;0,38;0,39;0;0,1;142,11;142,11;1,02;0,87
8;StudentAttendanceSystem;transition;2361;24;44;15;43;100;0,38;0,95;0;0,18;142,11;142,11;1,69;1,52
8;StudentAttendanceSystem;pair;2361;24;44;42;230;100;0,45;0,22;1,35;0,29;144,11;144,11;3,03;2,31
8;StudentAttendanceSystem;state;2362;23;40;9;47;100;0,33;0,36;0;0,08;144,11;144,11;0,91;0,78
8;StudentAttendanceSystem;transition;2362;23;40;14;39;100;0,32;0,73;0;0,15;145,11;145,11;1,38;1,2
8;StudentAttendanceSystem;pair;2362;23;40;37;195;100;0,28;0,17;1,25;0,34;146,11;146,11;2,71;2,04
8;StudentAttendanceSystem;state;2363;24;45;9;48;100;0,47;0,47;0;0,09;147,11;147,11;1,2;1,04
8;StudentAttendanceSystem;transition;2363;24;45;17;44;100;0,4;0,92;0;0,16;148,11;148,11;1,64;1,47
8;StudentAttendanceSystem;pair;2363;24;45;41;221;100;0,32;0,17;1,23;0,34;149,11;149,11;2,68;2,06
8;StudentAttendanceSystem;state;2364;20;36;8;41;100;0,33;0,39;0;0,06;150,11;150,11;0,9;0,78
8;StudentAttendanceSystem;transition;2364;20;36;13;36;100;0,25;0,64;0;0,11;150,11;150,11;1,17;1,01
8;StudentAttendanceSystem;pair;2364;20;36;37;187;100;0,32;0,17;0,99;0,26;151,11;152,11;2,34;1,75
8;StudentAttendanceSystem;state;2365;24;47;10;51;100;0,33;0,43;0;0,09;152,11;152,11;0,96;0,85
8;StudentAttendanceSystem;transition;2365;24;47;17;47;100;0,3;0,83;0;0,16;153,11;153,11;1,46;1,3
8;StudentAttendanceSystem;pair;2365;24;47;40;228;100;0,3;0,2;1,3;0,3;154,11;154,11;2,74;2,09
8;StudentAttendanceSystem;state;2366;26;49;10;56;100;0,4;0,45;0;0,11;155,11;155,11;1,09;0,95
8;StudentAttendanceSystem;transition;2366;26;49;17;48;100;0,34;0,98;0;0,19;156,11;156,11;1,72;1,52
8;StudentAttendanceSystem;pair;2366;26;49;42;232;100;0,44;0,23;1,59;0,37;157,11;157,11;3,36;2,62
8;StudentAttendanceSystem;state;2367;23;39;9;47;100;0,44;0,4;0;0,08;158,11;158,11;1,06;0,93
8;StudentAttendanceSystem;transition;2367;23;39;13;38;100;0,31;0,72;0;0,13;159,11;159,11;1,35;1,16
8;StudentAttendanceSystem;pair;2367;23;39;34;180;100;0,33;0,15;1,1;0,27;160,11;160,11;2,43;1,85
8;StudentAttendanceSystem;state;2368;22;40;9;49;100;0,33;0,34;0;0,09;160,11;160,11;0,88;0,76
8;StudentAttendanceSystem;transition;2368;22;40;13;39;100;0,32;0,62;0;0,13;161,11;161,11;1,21;1,07
8;StudentAttendanceSystem;pair;2368;22;40;38;200;100;0,3;0,18;1,07;0,24;162,11;162,11;2,32;1,79
8;StudentAttendanceSystem;state;2369;23;43;10;52;100;0,33;0,4;0;0,08;163,11;163,11;0,93;0,81
8;StudentAttendanceSystem;transition;2369;23;43;15;43;100;0,36;0,62;0;0,12;164,11;164,11;1,24;1,1
8;StudentAttendanceSystem;pair;2369;23;43;39;203;100;0,26;0,14;0,91;0,24;165,11;165,11;2,08;1,55
8;StudentAttendanceSystem;state;2370;21;37;9;44;100;0,31;0,33;0;0,06;165,11;166,11;0,85;0,7
8;StudentAttendanceSystem;transition;2370;21;37;13;37;100;0,24;0,51;0;0,09;166,11;166,11;0,95;0,85
8;StudentAttendanceSystem;pair;2370;21;37;32;167;100;0,27;0,15;0,95;0,22;167,11;167,11;2,13;1,59
8;StudentAttendanceSystem;state;2371;21;39;9;46;100;0,22;0,33;0;0,07;168,11;168,11;0,75;0,62
8;StudentAttendanceSystem;transition;2371;21;39;14;39;100;0,25;0,56;0;0,13;168,11;169,11;1,05;0,94
8;StudentAttendanceSystem;pair;2371;21;39;31;172;100;0,27;0,13;0,82;0,27;169,11;170,11;2,05;1,48
8;StudentAttendanceSystem;state;2372;23;45;9;48;100;0,29;0,34;0;0,07;170,11;170,11;0,8;0,7
8;StudentAttendanceSystem;transition;2372;23;45;16;44;100;0,31;0,69;0;0,15;171,11;171,11;1,28;1,15
8;StudentAttendanceSystem;pair;2372;23;45;43;241;100;0,36;0,18;1,1;0,42;172,11;173,11;2,67;2,06
8;StudentAttendanceSystem;state;2373;23;42;8;43;100;0,29;0,37;0;0,1;173,11;173,11;0,89;0,77
8;StudentAttendanceSystem;transition;2373;23;42;15;41;100;0,29;0,71;0;0,13;174,11;174,11;1,28;1,14
8;StudentAttendanceSystem;pair;2373;23;42;35;196;100;0,3;0,17;0,99;0,29;175,11;175,11;2,32;1,75
8;StudentAttendanceSystem;state;2374;23;45;9;48;100;0,29;0,35;0;0,09;176,11;176,11;0,84;0,74
8;StudentAttendanceSystem;transition;2374;23;45;15;45;100;0,29;0,64;0;0,17;176,11;176,11;1,24;1,1
8;StudentAttendanceSystem;pair;2374;23;45;45;257;100;0,31;0,15;1,31;0,34;178,11;178,11;2,8;2,11
8;StudentAttendanceSystem;state;2375;23;42;8;43;100;0,33;0,34;0;0,08;178,11;179,11;0,89;0,76
8;StudentAttendanceSystem;transition;2375;23;42;15;41;100;0,34;0,82;0;0,15;179,11;179,11;1,48;1,31
8;StudentAttendanceSystem;pair;2375;23;42;36;198;100;0,33;0,17;1,17;0,32;180,11;181,11;2,6;1,99
8;StudentAttendanceSystem;state;2376;22;41;9;49;100;0,38;0,35;0;0,09;181,11;181,11;0,95;0,82
8;StudentAttendanceSystem;transition;2376;22;41;14;41;100;0,31;0,71;0;0,15;182,11;182,11;1,32;1,16
8;StudentAttendanceSystem;pair;2376;22;41;40;208;100;0,3;0,19;1,24;0,31;183,11;183,11;2,65;2,04
8;StudentAttendanceSystem;state;2377;24;46;9;48;100;0,37;0,41;0;0,09;184,11;184,11;1,01;0,88
8;StudentAttendanceSystem;transition;2377;24;46;15;45;100;0,32;0,86;0;0,17;184,11;185,11;1,52;1,35
8;StudentAttendanceSystem;pair;2377;24;46;46;262;100;0,33;0,25;4,56;0,37;186,29;6,29;6,19;5,5
8;StudentAttendanceSystem;state;2378;21;38;8;42;100;0,36;0,36;0;0,07;7,29;7,29;0,93;0,78
8;StudentAttendanceSystem;transition;2378;21;38;13;38;100;0,29;0,66;0;0,13;7,29;7,29;1,26;1,09
8;StudentAttendanceSystem;pair;2378;21;38;31;173;100;0,32;0,15;0,94;0,26;8,29;9,29;2,31;1,67
8;StudentAttendanceSystem;state;2379;27;54;12;66;100;0,38;0,46;0;0,12;9,29;9,29;1,08;0,96
8;StudentAttendanceSystem;transition;2379;27;54;18;54;100;0,37;1,03;0;0,2;10,29;10,29;1,79;1,6
8;StudentAttendanceSystem;pair;2379;27;54;54;304;100;0,37;0,23;1,78;0,42;11,29;12,29;3,59;2,8
8;StudentAttendanceSystem;state;2380;26;52;11;61;100;0,38;0,43;0;0,1;12,29;13,29;1,05;0,91
8;StudentAttendanceSystem;transition;2380;26;52;17;52;100;0,38;0,77;0;0,15;13,29;13,29;1,43;1,29
8;StudentAttendanceSystem;pair;2380;26;52;51;287;100;0,33;0,27;1,47;0,37;15,29;15,29;3,18;2,44
8;StudentAttendanceSystem;state;2381;30;59;13;72;100;0,4;0,54;0;0,15;16,29;16,29;1,25;1,08
8;StudentAttendanceSystem;transition;2381;30;59;20;58;100;0,39;0,99;0;0,2;17,29;17,29;1,75;1,58
8;StudentAttendanceSystem;pair;2381;30;59;58;328;100;0,4;0,24;2,11;0,52;18,29;19,29;4,05;3,27
8;StudentAttendanceSystem;state;2382;23;45;9;48;100;0,35;0,45;0;0,07;19,29;19,29;1,02;0,88
8;StudentAttendanceSystem;transition;2382;23;45;16;45;100;0,32;0,75;0;0,16;20,29;20,29;1,39;1,23
8;StudentAttendanceSystem;pair;2382;23;45;42;238;100;0,3;0,21;1,39;0,34;21,29;22,29;2,93;2,23
8;StudentAttendanceSystem;state;2383;25;50;10;56;100;0,34;0,41;0;0,1;22,29;22,29;0,96;0,84
8;StudentAttendanceSystem;transition;2383;25;50;17;50;100;0,32;0,75;0;0,21;23,29;23,29;1,45;1,28
8;StudentAttendanceSystem;pair;2383;25;50;45;255;100;0,33;0,22;1,27;0,35;24,29;25,29;2,83;2,17
8;StudentAttendanceSystem;state;2384;20;35;8;40;100;0,31;0,33;0;0,06;25,29;25,29;0,85;0,71
8;StudentAttendanceSystem;transition;2384;20;35;12;35;100;0,3;0,59;0;0,12;26,29;26,29;1,17;1,01
8;StudentAttendanceSystem;pair;2384;20;35;30;157;100;0,4;0,16;0,76;0,24;27,29;27,29;2,12;1,56
8;StudentAttendanceSystem;state;2385;21;35;8;43;100;0,3;0,33;0;0,08;27,29;27,29;0,84;0,7
8;StudentAttendanceSystem;transition;2385;21;35;12;34;100;0,33;0,67;0;0,11;28,29;28,29;1,25;1,11
8;StudentAttendanceSystem;pair;2385;21;35;25;134;100;0,26;0,11;0,74;0,18;29,29;29,29;1,77;1,28
8;StudentAttendanceSystem;state;2386;20;34;8;41;100;0,28;0,32;0;0,06;29,29;29,29;0,8;0,67
8;StudentAttendanceSystem;transition;2386;20;34;11;34;100;0,28;0,56;0;0,1;30,29;30,29;1,1;0,94
8;StudentAttendanceSystem;pair;2386;20;34;31;161;100;0,25;0,16;0,74;0,18;31,29;31,29;1,97;1,34
8;StudentAttendanceSystem;state;2387;25;45;10;55;100;0,36;0,41;0;0,1;32,29;32,29;1;0,87
8;StudentAttendanceSystem;transition;2387;25;45;16;44;100;0,32;0,85;0;0,19;32,29;33,29;1,52;1,35
8;StudentAttendanceSystem;pair;2387;25;45;39;202;100;0,35;0,15;1,13;0,34;34,29;34,29;2,63;1,97
8;StudentAttendanceSystem;state;2388;19;37;8;39;100;0,33;0,35;0;0,06;34,29;34,29;0,89;0,75
8;StudentAttendanceSystem;transition;2388;19;37;14;37;100;0,3;0,61;0;0,12;35,29;35,29;1,19;1,04
8;StudentAttendanceSystem;pair;2388;19;37;33;175;100;0,31;0,22;1,03;0,24;36,29;36,29;2,37;1,81
8;StudentAttendanceSystem;state;2389;26;50;10;54;100;0,39;0,45;0;0,11;37,29;37,29;1,07;0,95
8;StudentAttendanceSystem;transition;2389;26;50;18;49;100;0,32;0,93;0;0,19;38,29;38,29;1,62;1,44
8;StudentAttendanceSystem;pair;2389;26;50;45;257;100;0,36;0,18;1,69;0,38;39,29;39,29;3,4;2,6
8;StudentAttendanceSystem;state;2390;28;55;12;62;100;0,46;0,45;0;0,11;40,29;40,29;1,15;1,02
8;StudentAttendanceSystem;transition;2390;28;55;20;54;100;0,35;0,99;0;0,17;41,29;41,29;1,68;1,52
8;StudentAttendanceSystem;pair;2390;28;55;54;300;100;0,34;0,24;1,76;0,44;42,29;43,29;3,54;2,78
8;StudentAttendanceSystem;state;2391;19;32;7;37;100;0,36;0,33;0;0,06;43,29;43,29;0,87;0,75
8;StudentAttendanceSystem;transition;2391;19;32;10;32;100;0,26;0,54;0;0,09;44,29;44,29;1,04;0,9
8;StudentAttendanceSystem;pair;2391;19;32;28;148;100;0,33;0,13;0,71;0,19;45,29;45,29;1,87;1,35
8;StudentAttendanceSystem;state;2392;25;45;10;53;100;0,36;0,43;0;0,09;45,29;45,29;1,02;0,88
8;StudentAttendanceSystem;transition;2392;25;45;15;44;100;0,32;0,81;0;0,14;46,29;46,29;1,42;1,28
8;StudentAttendanceSystem;pair;2392;25;45;42;232;100;0,3;0,17;1,2;0,33;47,29;48,29;2,66;2,01
8;StudentAttendanceSystem;state;2393;22;37;8;42;100;0,3;0,33;0;0,07;48,29;48,29;0,8;0,69
8;StudentAttendanceSystem;transition;2393;22;37;13;36;100;0,27;0,62;0;0,13;49,29;49,29;1,16;1,01
8;StudentAttendanceSystem;pair;2393;22;37;30;157;100;0,35;0,17;1,06;0,27;50,29;50,29;2,49;1,85
8;StudentAttendanceSystem;state;2394;28;54;12;64;100;0,51;0,53;0;0,12;51,29;51,29;1,29;1,16
8;StudentAttendanceSystem;transition;2394;28;54;20;53;100;0,51;0,98;0;0,19;51,29;52,29;1,9;1,69
8;StudentAttendanceSystem;pair;2394;28;54;47;255;100;0,59;0,24;1,5;0,44;53,29;53,29;3,67;2,77
8;StudentAttendanceSystem;state;2395;27;56;12;64;100;0,4;0,45;0;0,11;54,29;54,29;1,09;0,96
8;StudentAttendanceSystem;transition;2395;27;56;20;56;100;0,37;0,9;0;0,17;55,29;55,29;1,61;1,43
8;StudentAttendanceSystem;pair;2395;27;56;56;312;100;0,36;0,25;1,93;0,53;56,29;57,29;3,84;3,08
8;StudentAttendanceSystem;state;2396;22;39;8;43;100;0,33;0,35;0;0,09;57,29;57,29;0,9;0,77
8;StudentAttendanceSystem;transition;2396;22;39;14;38;100;0,31;0,74;0;0,14;58,29;58,29;1,35;1,19
8;StudentAttendanceSystem;pair;2396;22;39;37;195;100;0,33;0,17;1,13;0,31;59,29;59,29;2,55;1,93
8;StudentAttendanceSystem;state;2397;25;45;10;55;100;0,36;0,5;0;0,1;60,29;60,29;1,15;0,96
8;StudentAttendanceSystem;transition;2397;25;45;15;44;100;0,36;0,84;0;0,18;60,29;61,29;1,56;1,38
8;StudentAttendanceSystem;pair;2397;25;45;40;216;100;0,33;0,22;1,46;0,31;62,29;62,29;3,06;2,33
8;StudentAttendanceSystem;state;2398;22;42;9;45;100;0,39;0,37;0;0,09;62,29;63,29;0,99;0,86
8;StudentAttendanceSystem;transition;2398;22;42;16;42;100;0,32;0,81;0;0,14;63,29;63,29;1,5;1,28
8;StudentAttendanceSystem;pair;2398;22;42;37;197;100;0,32;0,18;1,12;0,33;64,29;65,29;2,59;1,94
8;StudentAttendanceSystem;state;2399;29;58;12;67;100;0,46;0,59;0;0,16;65,29;65,29;1,36;1,21
8;StudentAttendanceSystem;transition;2399;29;58;21;57;100;0,43;1,19;0;0,29;66,29;66,29;2,11;1,9
8;StudentAttendanceSystem;pair;2399;29;58;55;307;100;0,43;0,35;2,18;0,49;68,29;68,29;4,4;3,44
8;StudentAttendanceSystem;state;2400;26;52;11;61;100;0,43;0,53;0;0,11;69,29;69,29;1,21;1,07
8;StudentAttendanceSystem;transition;2400;26;52;17;52;100;0,37;0,86;0;0,25;69,29;70,29;1,66;1,48
8;StudentAttendanceSystem;pair;2400;26;52;51;291;100;0,36;0,25;1,78;0,4;71,29;71,29;3,56;2,79
8;StudentAttendanceSystem;state;2401;24;45;9;48;100;0,42;0,38;0;0,08;72,29;72,29;1,03;0,89
8;StudentAttendanceSystem;transition;2401;24;45;16;44;100;0,31;0,85;0;0,2;73,29;73,29;1,56;1,36
8;StudentAttendanceSystem;pair;2401;24;45;45;245;100;0,36;0,19;1,58;0,38;74,29;74,29;3,15;2,5
8;StudentAttendanceSystem;state;2402;24;45;9;48;100;0,53;0,43;0;0,1;75,29;75,29;1,19;1,05
8;StudentAttendanceSystem;transition;2402;24;45;17;44;100;0,35;0,99;0;0,18;75,29;76,29;1,69;1,52
8;StudentAttendanceSystem;pair;2402;24;45;41;221;100;0,32;0,2;1,35;0,31;77,29;77,29;2,8;2,18
8;StudentAttendanceSystem;state;2403;21;38;8;42;100;0,33;0,33;0;0,07;77,29;78,29;0,87;0,73
8;StudentAttendanceSystem;transition;2403;21;38;13;38;100;0,34;0,67;0;0,11;78,29;78,29;1,26;1,12
8;StudentAttendanceSystem;pair;2403;21;38;32;176;100;0,29;0,15;0,97;0,23;79,29;79,29;2,2;1,65
8;StudentAttendanceSystem;state;2404;26;51;10;54;100;0,55;0,42;0;0,11;80,29;80,29;1,21;1,08
8;StudentAttendanceSystem;transition;2404;26;51;19;50;100;0,34;0,94;0;0,19;81,29;81,29;1,66;1,47
8;StudentAttendanceSystem;pair;2404;26;51;49;273;100;0,35;0,24;1,37;0,4;82,29;83,29;3,02;2,36
8;StudentAttendanceSystem;state;2405;21;39;8;43;100;0,32;0,34;0;0,08;83,29;83,29;0,85;0,73
8;StudentAttendanceSystem;transition;2405;21;39;13;39;100;0,32;0,6;0;0,11;84,29;84,29;1,17;1,03
8;StudentAttendanceSystem;pair;2405;21;39;38;206;100;0,26;0,13;0,87;0,24;85,29;85,29;1,96;1,49
8;StudentAttendanceSystem;state;2406;22;38;8;43;100;0,29;0,36;0;0,08;86,29;86,29;0,84;0,73
8;StudentAttendanceSystem;transition;2406;22;38;13;37;100;0,26;0,67;0;0,12;86,29;86,29;1,23;1,05
8;StudentAttendanceSystem;pair;2406;22;38;34;182;100;0,3;0,12;0,8;0,23;87,29;88,29;1,94;1,45
8;StudentAttendanceSystem;state;2407;26;52;11;61;100;0,37;0,47;0;0,11;88,29;88,29;1,1;0,95
8;StudentAttendanceSystem;transition;2407;26;52;18;52;100;0,35;1,02;0;0,19;89,29;89,29;1,73;1,56
8;StudentAttendanceSystem;pair;2407;26;52;48;272;100;0,35;0,18;1,15;0,24;90,29;91,29;2,48;1,92
8;StudentAttendanceSystem;state;2408;29;58;12;67;100;0,26;0,37;0;0,11;91,29;91,29;0,85;0,73
8;StudentAttendanceSystem;transition;2408;29;58;21;57;100;0,35;0,96;0;0,22;92,29;92,29;1,75;1,54
8;StudentAttendanceSystem;pair;2408;29;58;55;307;100;0,27;0,19;1,47;0,42;94,29;94,29;2,93;2,34
8;StudentAttendanceSystem;state;2409;24;45;10;55;100;0,26;0,27;0;0,05;95,29;95,29;0,66;0,59
8;StudentAttendanceSystem;transition;2409;24;45;15;45;100;0,24;0,7;0;0,14;95,29;96,29;1,23;1,08
8;StudentAttendanceSystem;pair;2409;24;45;37;205;100;0,28;0,2;1,01;0,21;97,29;97,29;2,32;1,7
8;StudentAttendanceSystem;state;2410;23;43;9;50;100;0,29;0,32;0;0,07;97,29;97,29;0,77;0,68
8;StudentAttendanceSystem;transition;2410;23;43;14;43;100;0,27;0,68;0;0,09;98,29;98,29;1,15;1,04
8;StudentAttendanceSystem;pair;2410;23;43;35;197;100;0,2;0,13;0,69;0,27;99,29;100,29;1,74;1,3
8;StudentAttendanceSystem;state;2411;27;52;11;61;100;0,34;0,39;0;0,09;100,29;100,29;0,92;0,82
8;StudentAttendanceSystem;transition;2411;27;52;19;51;100;0,38;0,79;0;0,17;101,29;101,29;1,49;1,34
8;StudentAttendanceSystem;pair;2411;27;52;47;257;100;0,26;0,17;1,07;0,39;102,29;103,29;2,42;1,88
8;StudentAttendanceSystem;state;2412;24;43;9;49;100;0,31;0,32;0;0,07;103,29;103,29;0,79;0,7
8;StudentAttendanceSystem;transition;2412;24;43;14;42;100;0,21;0,64;0;0,11;104,29;104,29;1,1;0,96
8;StudentAttendanceSystem;pair;2412;24;43;38;213;100;0,3;0,14;1,02;0,29;105,29;105,29;2,32;1,75
8;StudentAttendanceSystem;state;2413;26;50;10;54;100;0,33;0,31;0;0,08;106,29;106,29;0,82;0,72
8;StudentAttendanceSystem;transition;2413;26;50;17;49;100;0,33;0,84;0;0,16;107,29;107,29;1,49;1,33
8;StudentAttendanceSystem;pair;2413;26;50;49;277;100;0,36;0,19;1,39;0,35;108,29;108,29;2,9;2,29
8;StudentAttendanceSystem;state;2414;19;36;7;36;100;0,27;0,3;0;0,06;109,29;109,29;0,76;0,63
8;StudentAttendanceSystem;transition;2414;19;36;12;36;100;0,33;0,51;0;0,11;110,29;110,29;1,07;0,96
8;StudentAttendanceSystem;pair;2414;19;36;38;202;100;0,28;0,13;0,97;0,24;111,29;111,29;2,09;1,61
8;StudentAttendanceSystem;state;2415;24;45;10;55;100;0,34;0,34;0;0,11;111,29;111,29;0,92;0,79
8;StudentAttendanceSystem;transition;2415;24;45;14;45;100;0,34;0,74;0;0,13;112,29;112,29;1,36;1,21
8;StudentAttendanceSystem;pair;2415;24;45;41;229;100;0,29;0,17;1,07;0,29;113,29;114,29;2,44;1,83
8;StudentAttendanceSystem;state;2416;22;40;9;47;100;0,3;0,39;0;0,09;114,29;114,29;0,91;0,78
8;StudentAttendanceSystem;transition;2416;22;40;13;40;100;0,33;0,71;0;0,11;115,29;115,29;1,27;1,15
8;StudentAttendanceSystem;pair;2416;22;40;38;208;100;0,25;0,13;0,94;0,28;116,29;116,29;2,21;1,61
8;StudentAttendanceSystem;state;2417;22;41;8;42;100;0,32;0,35;0;0,07;117,29;117,29;0,85;0,74
8;StudentAttendanceSystem;transition;2417;22;41;14;40;100;0,28;0,74;0;0,12;117,29;117,29;1,3;1,14
8;StudentAttendanceSystem;pair;2417;22;41;42;226;100;0,31;0,16;1,25;0,34;119,29;119,29;2,65;2,06
8;StudentAttendanceSystem;state;2418;20;37;8;41;100;0,33;0,38;0;0,07;119,29;119,29;0,89;0,77
8;StudentAttendanceSystem;transition;2418;20;37;13;37;100;0,28;0,64;0;0,12;120,29;120,29;1,21;1,03
8;StudentAttendanceSystem;pair;2418;20;37;31;171;100;0,31;0,17;1,07;0,25;121,29;121,29;2,38;1,81
8;StudentAttendanceSystem;state;2419;20;32;7;37;100;0,27;0,34;0;0,06;122,29;122,29;0,77;0,67
8;StudentAttendanceSystem;transition;2419;20;32;11;31;100;0,25;0,61;0;0,15;122,29;122,29;1,14;1,01
8;StudentAttendanceSystem;pair;2419;20;32;27;133;100;0,27;0,22;0,73;0,2;123,29;123,29;1,95;1,42
8;StudentAttendanceSystem;state;2420;26;51;11;61;100;0,37;0,46;0;0,1;124,29;124,29;1,06;0,93
8;StudentAttendanceSystem;transition;2420;26;51;16;51;100;0,35;0,92;0;0,16;125,29;125,29;1,6;1,43
8;StudentAttendanceSystem;pair;2420;26;51;48;276;100;0,34;0,18;1,4;0,39;126,29;126,29;3,02;2,31
8;StudentAttendanceSystem;state;2421;31;63;14;75;100;0,45;0,51;0;0,13;127,29;127,29;1,23;1,09
8;StudentAttendanceSystem;transition;2421;31;63;23;62;100;0,42;1,14;0;0,47;128,29;128,29;2,36;2,03
8;StudentAttendanceSystem;pair;2421;31;63;63;349;100;0,42;0,27;1,98;0,54;130,29;130,29;4,14;3,21
8;StudentAttendanceSystem;state;2422;27;54;12;66;100;0,36;0,44;0;0,12;131,29;131,29;1,06;0,92
8;StudentAttendanceSystem;transition;2422;27;54;18;54;100;0,37;0,9;0;0,16;132,29;132,29;1,57;1,42
8;StudentAttendanceSystem;pair;2422;27;54;54;300;100;0,36;0,2;1,6;0,46;133,29;134,29;3,36;2,62
8;StudentAttendanceSystem;state;2423;27;51;11;61;100;0,26;0,29;0;0,1;134,29;134,29;0,73;0,64
8;StudentAttendanceSystem;transition;2423;27;51;18;50;100;0,35;0,86;0;0,16;135,29;135,29;1,51;1,37
8;StudentAttendanceSystem;pair;2423;27;51;45;245;100;0,3;0,23;1,48;0,37;136,29;137,29;3,04;2,38
8;StudentAttendanceSystem;state;2424;27;51;11;61;100;0,38;0,39;0;0,09;137,29;137,29;0,96;0,86
8;StudentAttendanceSystem;transition;2424;27;51;17;50;100;0,36;0,7;0;0,12;138,29;138,29;1,31;1,18
8;StudentAttendanceSystem;pair;2424;27;51;48;268;100;0,35;0,18;1,43;0,49;139,29;140,29;3,22;2,45
8;StudentAttendanceSystem;state;2425;26;51;10;54;100;0,36;0,43;0;0,1;140,29;140,29;1;0,89
8;StudentAttendanceSystem;transition;2425;26;51;19;50;100;0,37;0,93;0;0,18;141,29;141,29;1,66;1,48
8;StudentAttendanceSystem;pair;2425;26;51;49;273;100;0,33;0,18;1,36;0,35;143,29;143,29;2,84;2,21
8;StudentAttendanceSystem;state;2426;25;51;10;56;100;0,4;0,38;0;0,08;144,29;144,29;0,97;0,86
8;StudentAttendanceSystem;transition;2426;25;51;18;51;100;0,29;0,94;0;0,24;144,29;145,29;1,65;1,47
8;StudentAttendanceSystem;pair;2426;25;51;48;270;100;0,3;0,19;1,3;0,34;146,29;146,29;2,72;2,13
8;StudentAttendanceSystem;state;2427;24;46;10;55;100;0,3;0,37;0;0,11;147,29;147,29;0,91;0,78
8;StudentAttendanceSystem;transition;2427;24;46;16;46;100;0,33;0,76;0;0,11;147,29;148,29;1,33;1,2
8;StudentAttendanceSystem;pair;2427;24;46;41;225;100;0,28;0,18;1,05;0,27;149,29;149,29;2,25;1,78
8;StudentAttendanceSystem;state;2428;24;47;10;51;100;0,32;0,44;0;0,08;150,29;150,29;0,96;0,84
8;StudentAttendanceSystem;transition;2428;24;47;16;47;100;0,28;0,74;0;0,13;150,29;150,29;1,29;1,16
8;StudentAttendanceSystem;pair;2428;24;47;44;251;100;0,3;0,17;1,25;0,36;152,29;152,29;2,77;2,07
8;StudentAttendanceSystem;state;2429;28;58;13;69;100;0,35;0,46;0;0,1;152,29;153,29;1,02;0,9
8;StudentAttendanceSystem;transition;2429;28;58;21;58;100;0,32;0,83;0;0,21;153,29;154,29;1,52;1,35
8;StudentAttendanceSystem;pair;2429;28;58;59;325;100;0,43;0,22;1,78;0,55;155,29;156,29;3,69;2,97
8;StudentAttendanceSystem;state;2430;24;46;10;53;100;0,41;0,42;0;0,09;156,29;156,29;1,04;0,91
8;StudentAttendanceSystem;transition;2430;24;46;16;46;100;0,33;0,72;0;0,13;157,29;157,29;1,32;1,18
8;StudentAttendanceSystem;pair;2430;24;46;37;207;100;0,31;0,17;1,07;0,25;158,29;158,29;2,38;1,81
8;StudentAttendanceSystem;state;2431;21;39;8;42;100;0,28;0,34;0;0,07;159,29;159,29;0,79;0,68
8;StudentAttendanceSystem;transition;2431;21;39;14;38;100;0,28;0,6;0;0,11;159,29;159,29;1,16;0,99
8;StudentAttendanceSystem;pair;2431;21;39;35;189;100;0,31;0,14;0,81;0,24;160,29;161,29;1,92;1,5
8;StudentAttendanceSystem;state;2432;20;36;8;41;100;0,3;0,31;0;0,07;161,29;161,29;0,79;0,67
8;StudentAttendanceSystem;transition;2432;20;36;13;36;100;0,25;0,65;0;0,11;162,29;162,29;1,13;1,01
8;StudentAttendanceSystem;pair;2432;20;36;36;182;100;0,25;0,15;0,81;0,22;163,29;163,29;1,9;1,43
8;StudentAttendanceSystem;state;2433;24;48;10;51;100;0,37;0,39;0;0,08;164,29;164,29;0,98;0,84
8;StudentAttendanceSystem;transition;2433;24;48;18;48;100;0,29;0,71;0;0,15;164,29;164,29;1,26;1,14
8;StudentAttendanceSystem;pair;2433;24;48;44;244;100;0,23;0,15;1,1;0,33;166,29;166,29;2,38;1,8
8;StudentAttendanceSystem;state;2434;28;56;11;62;100;0,38;0,46;0;0,11;167,29;167,29;1,08;0,95
8;StudentAttendanceSystem;transition;2434;28;56;20;55;100;0,36;0,99;0;0,27;167,29;168,29;1,86;1,61
8;StudentAttendanceSystem;pair;2434;28;56;52;294;100;0,39;0,27;2,34;0,43;169,29;169,29;4,45;3,43
8;StudentAttendanceSystem;state;2435;25;48;9;49;100;0,4;0,44;0;0,13;170,29;170,29;1,12;0,97
8;StudentAttendanceSystem;transition;2435;25;48;17;47;100;0,39;0,96;0;0,18;171,29;171,29;1,72;1,54
8;StudentAttendanceSystem;pair;2435;25;48;41;238;100;0,4;0,2;1,49;0,37;172,29;172,29;3,12;2,46
8;StudentAttendanceSystem;state;2436;22;41;9;47;100;0,4;0,37;0;0,09;173,29;173,29;0,98;0,85
8;StudentAttendanceSystem;transition;2436;22;41;14;41;100;0,31;0,68;0;0,19;173,29;174,29;1,34;1,19
8;StudentAttendanceSystem;pair;2436;22;41;41;219;100;0,3;0,19;1,2;0,29;175,29;175,29;2,65;1,98
8;StudentAttendanceSystem;state;2437;22;42;9;45;100;0,33;0,36;0;0,08;175,29;175,29;0,9;0,78
8;StudentAttendanceSystem;transition;2437;22;42;16;42;100;0,34;0,74;0;0,14;176,29;176,29;1,39;1,22
8;StudentAttendanceSystem;pair;2437;22;42;37;201;100;0,36;0,19;1,25;0,36;177,29;178,29;2,82;2,15
8;StudentAttendanceSystem;state;2438;23;40;9;47;100;0,32;0,36;0;0,08;178,29;178,29;0,88;0,76
8;StudentAttendanceSystem;transition;2438;23;40;14;39;100;0,31;0,72;0;0,13;179,29;179,29;1,3;1,15
8;StudentAttendanceSystem;pair;2438;23;40;37;191;100;0,29;0,19;1,09;0,25;180,29;180,29;2,44;1,82
8;StudentAttendanceSystem;state;2439;27;51;11;61;100;0,38;0,43;0;0,11;181,29;181,29;1,05;0,92
8;StudentAttendanceSystem;transition;2439;27;51;17;50;100;0,47;0,93;0;0,21;181,29;182,29;1,81;1,61
8;StudentAttendanceSystem;pair;2439;27;51;48;268;100;0,4;0,24;1,88;0,41;183,29;183,29;3,71;2,94
8;StudentAttendanceSystem;state;2440;22;38;8;42;100;0,32;0,39;0;0,07;184,29;184,29;0,94;0,79
8;StudentAttendanceSystem;transition;2440;22;38;14;37;100;0,28;0,76;0;0,13;184,29;184,29;1,34;1,17
8;StudentAttendanceSystem;pair;2440;22;38;31;161;100;0,33;0,14;0,85;6,14;185,29;186,29;8,08;7,47
8;StudentAttendanceSystem;state;2441;24;47;10;55;100;0,48;0,54;0;0,09;6,16;6,16;1,3;1,11
8;StudentAttendanceSystem;transition;2441;24;47;16;47;100;0,36;1,12;0;0,18;7,16;7,16;1,86;1,66
8;StudentAttendanceSystem;pair;2441;24;47;47;255;100;0,37;0,25;1,59;0,44;8,16;9,16;3,44;2,65
8;StudentAttendanceSystem;state;2442;21;35;8;43;100;0,31;0,34;0;0,07;9,16;9,16;0,83;0,71
8;StudentAttendanceSystem;transition;2442;21;35;12;34;100;0,27;0,65;0;0,11;10,16;10,16;1,18;1,04
8;StudentAttendanceSystem;pair;2442;21;35;26;140;100;0,26;0,14;0,68;0,19;11,16;11,16;1,85;1,27
8;StudentAttendanceSystem;state;2443;21;39;8;42;100;0,34;0,37;0;0,07;11,16;11,16;0,91;0,78
8;StudentAttendanceSystem;transition;2443;21;39;14;39;100;0,28;0,81;0;0,12;12,16;12,16;1,37;1,22
8;StudentAttendanceSystem;pair;2443;21;39;34;186;100;0,32;0,17;0,92;0,23;13,16;13,16;2,21;1,63
8;StudentAttendanceSystem;state;2444;25;46;10;53;100;0,33;0,47;0;0,1;14,16;14,16;1,04;0,89
8;StudentAttendanceSystem;transition;2444;25;46;16;45;100;0,34;0,77;0;0,16;14,16;15,16;1,45;1,28
8;StudentAttendanceSystem;pair;2444;25;46;45;247;100;0,36;0,16;1,29;0,32;16,16;16,16;2,77;2,12
8;StudentAttendanceSystem;state;2445;29;56;12;67;100;0,38;0,45;0;0,14;17,16;17,16;1,08;0,97
8;StudentAttendanceSystem;transition;2445;29;56;19;55;100;0,38;1,1;0;0,21;18,16;18,16;1,89;1,69
8;StudentAttendanceSystem;pair;2445;29;56;49;281;100;0,38;0,26;2;0,45;19,16;19,16;3,93;3,09
8;StudentAttendanceSystem;state;2446;31;61;14;75;100;0,48;0,51;0;0,13;20,16;20,16;1,28;1,12
8;StudentAttendanceSystem;transition;2446;31;61;21;60;100;0,45;1,23;0;0,21;21,16;21,16;2,11;1,89
8;StudentAttendanceSystem;pair;2446;31;61;57;323;100;0,38;0,23;2,06;0,47;23,16;23,16;3,9;3,14
8;StudentAttendanceSystem;state;2447;22;41;9;45;100;0,35;0,37;0;0,09;24,16;24,16;0,95;0,81
8;StudentAttendanceSystem;transition;2447;22;41;15;41;100;0,31;0,75;0;0,14;24,16;24,16;1,4;1,2
8;StudentAttendanceSystem;pair;2447;22;41;33;181;100;0,31;0,15;1,02;0,26;25,16;26,16;2,4;1,74
8;StudentAttendanceSystem;state;2448;20;38;8;41;100;0,31;0,39;0;0,07;26,16;26,16;0,88;0,76
8;StudentAttendanceSystem;transition;2448;20;38;14;38;100;0,29;0,73;0;0,14;27,16;27,16;1,31;1,16
8;StudentAttendanceSystem;pair;2448;20;38;35;189;100;0,39;0,2;1,05;0,31;28,16;28,16;2,76;1,94
8;StudentAttendanceSystem;state;2449;24;44;9;49;100;0,33;0,39;0;0,09;29,16;29,16;0,91;0,8
8;StudentAttendanceSystem;transition;2449;24;44;15;43;100;0,29;0,86;0;0,16;29,16;29,16;1,49;1,31
8;StudentAttendanceSystem;pair;2449;24;44;41;228;100;0,32;0,25;1,14;0,32;31,16;31,16;2,64;2,04
8;StudentAttendanceSystem;state;2450;28;54;12;62;100;0,4;0,49;0;0,1;31,16;31,16;1,12;1
8;StudentAttendanceSystem;transition;2450;28;54;19;53;100;0,38;0,79;0;0,17;32,16;32,16;1,48;1,34
8;StudentAttendanceSystem;pair;2450;28;54;51;289;100;0,33;0,19;1,82;0,44;34,16;34,16;3,43;2,78
8;StudentAttendanceSystem;state;2451;21;40;9;44;100;0,38;0,39;0;0,07;35,16;35,16;0,97;0,84
8;StudentAttendanceSystem;transition;2451;21;40;15;40;100;0,33;0,77;0;0,12;35,16;35,16;1,39;1,22
8;StudentAttendanceSystem;pair;2451;21;40;33;179;100;0,32;0,13;0,85;0,26;36,16;37,16;2,14;1,55
8;StudentAttendanceSystem;state;2452;27;52;11;61;100;0,39;0,48;0;0,14;37,16;37,16;1,17;1
8;StudentAttendanceSystem;transition;2452;27;52;19;51;100;0,39;1,06;0;0,21;38,16;38,16;1,84;1,66
8;StudentAttendanceSystem;pair;2452;27;52;48;260;100;0,39;0,25;1,89;0,35;39,16;40,16;3,76;2,88
8;StudentAttendanceSystem;state;2453;28;55;11;62;100;0,47;0,45;0;0,11;40,16;40,16;1,16;1,02
8;StudentAttendanceSystem;transition;2453;28;55;19;54;100;0,35;0,97;0;0,21;41,16;41,16;1,71;1,53
8;StudentAttendanceSystem;pair;2453;28;55;49;283;100;0,36;0,25;1,57;0,43;43,16;43,16;3,35;2,62
8;StudentAttendanceSystem;state;2454;26;47;11;60;100;0,38;0,47;0;0,11;44,16;44,16;1,1;0,95
8;StudentAttendanceSystem;transition;2454;26;47;16;46;100;0,34;0,76;0;0,16;44,16;45,16;1,42;1,27
8;StudentAttendanceSystem;pair;2454;26;47;44;230;100;0,41;0,17;1,19;0,32;46,16;46,16;2,77;2,1
8;StudentAttendanceSystem;state;2455;18;34;7;36;100;0,27;0,32;0;0,06;46,16;47,16;0,76;0,64
8;StudentAttendanceSystem;transition;2455;18;34;12;34;100;0,25;0,52;0;0,09;47,16;47,16;1,01;0,87
8;StudentAttendanceSystem;pair;2455;18;34;32;170;100;0,3;0,13;0,79;0,21;48,16;48,16;2,09;1,44
8;StudentAttendanceSystem;state;2456;26;49;10;54;100;0,33;0,41;0;0,09;49,16;49,16;0,94;0,83
8;StudentAttendanceSystem;transition;2456;26;49;17;48;100;0,33;0,82;0;0,17;50,16;50,16;1,5;1,32
8;StudentAttendanceSystem;pair;2456;26;49;43;247;100;0,33;0,22;1,44;0,39;51,16;51,16;3,05;2,37
8;StudentAttendanceSystem;state;2457;20;34;8;41;100;0,3;0,31;0;0,06;52,16;52,16;0,77;0,67
8;StudentAttendanceSystem;transition;2457;20;34;11;34;100;0,31;0,56;0;0,07;52,16;52,16;1,06;0,94
8;StudentAttendanceSystem;pair;2457;20;34;32;165;100;0,2;0,11;0,87;0,25;53,16;54,16;1,94;1,43
8;StudentAttendanceSystem;state;2458;23;42;9;49;100;0,31;0,32;0;0,08;54,16;54,16;0,82;0,71
8;StudentAttendanceSystem;transition;2458;23;42;15;41;100;0,3;0,93;0;0,15;55,16;55,16;1,67;1,38
8;StudentAttendanceSystem;pair;2458;23;42;36;202;100;0,3;0,17;1,1;0,3;56,16;56,16;2,55;1,87
8;StudentAttendanceSystem;state;2459;25;45;10;55;100;0,46;0,52;0;0,15;57,16;57,16;1,33;1,13
8;StudentAttendanceSystem;transition;2459;25;45;16;44;100;0,44;0,92;0;0,18;57,16;58,16;1,73;1,54
8;StudentAttendanceSystem;pair;2459;25;45;39;202;100;0,45;0,19;0,96;0,3;59,16;59,16;2,58;1,9
8;StudentAttendanceSystem;state;2460;25;49;11;58;100;0,34;0,41;0;0,14;59,16;60,16;1,05;0,89
8;StudentAttendanceSystem;transition;2460;25;49;17;49;100;0,3;0,77;0;0,16;60,16;60,16;1,39;1,24
8;StudentAttendanceSystem;pair;2460;25;49;46;250;100;0,46;0,22;1,36;0,32;62,16;62,16;3,03;2,35
8;StudentAttendanceSystem;state;2461;19;32;7;37;100;0,27;0,31;0;0,05;62,16;62,16;0,72;0,63
8;StudentAttendanceSystem;transition;2461;19;32;10;32;100;0,29;0,47;0;0,08;63,16;63,16;0,98;0,85
8;StudentAttendanceSystem;pair;2461;19;32;29;152;100;0,25;0,12;0,82;0,23;64,16;64,16;1,91;1,42
8;StudentAttendanceSystem;state;2462;26;49;10;54;100;0,45;0,52;0;0,12;65,16;65,16;1,24;1,08
8;StudentAttendanceSystem;transition;2462;26;49;17;48;100;0,31;0,92;0;0,16;65,16;65,16;1,54;1,39
8;StudentAttendanceSystem;pair;2462;26;49;42;242;100;0,32;0,24;1,28;0,33;67,16;67,16;2,83;2,18
8;StudentAttendanceSystem;state;2463;25;49;9;49;100;0,38;0,38;0;0,07;68,16;68,16;0,95;0,84
8;StudentAttendanceSystem;transition;2463;25;49;18;48;100;0,3;0,86;0;0,19;68,16;68,16;1,53;1,34
8;StudentAttendanceSystem;pair;2463;25;49;46;260;100;0,3;0,22;1,4;0,37;70,16;70,16;2,97;2,29
8;StudentAttendanceSystem;state;2464;25;48;9;49;100;0,33;0,39;0;0,08;71,16;71,16;0,9;0,8
8;StudentAttendanceSystem;transition;2464;25;48;17;47;100;0,35;0,84;0;0,19;71,16;72,16;1,54;1,38
8;StudentAttendanceSystem;pair;2464;25;48;41;238;100;0,29;0,17;1,16;0,4;73,16;73,16;2,63;2,02
8;StudentAttendanceSystem;state;2465;23;45;9;48;100;0,37;0,44;0;0,08;74,16;74,16;1,02;0,89
8;StudentAttendanceSystem;transition;2465;23;45;15;45;100;0,33;0,75;0;0,13;74,16;74,16;1,36;1,21
8;StudentAttendanceSystem;pair;2465;23;45;45;253;100;0,3;0,19;1,19;0,33;76,16;76,16;2,65;2,01
8;StudentAttendanceSystem;state;2466;20;37;8;43;100;0,32;0,36;0;0,07;76,16;76,16;0,9;0,75
8;StudentAttendanceSystem;transition;2466;20;37;13;37;100;0,34;0,59;0;0,11;77,16;77,16;1,19;1,04
8;StudentAttendanceSystem;pair;2466;20;37;32;178;100;0,28;0,14;0,8;0,22;78,16;78,16;1,94;1,43
8;StudentAttendanceSystem;state;2467;22;38;8;43;100;0,34;0,37;0;0,08;79,16;79,16;0,91;0,8
8;StudentAttendanceSystem;transition;2467;22;38;13;37;100;0,25;0,66;0;0,12;79,16;79,16;1,18;1,04
8;StudentAttendanceSystem;pair;2467;22;38;35;187;100;0,28;0,15;0,88;0,25;80,16;81,16;2,19;1,55
8;StudentAttendanceSystem;state;2468;30;58;13;72;100;0,36;0,42;0;0,11;81,16;81,16;1;0,89
8;StudentAttendanceSystem;transition;2468;30;58;19;57;100;0,39;0,97;0;0,18;82,16;82,16;1,73;1,54
8;StudentAttendanceSystem;pair;2468;30;58;55;313;100;0,52;0,24;1,88;0,47;84,16;84,16;3,98;3,1
8;StudentAttendanceSystem;state;2469;23;40;9;45;100;0,3;0,31;0;0,07;85,16;85,16;0,8;0,68
8;StudentAttendanceSystem;transition;2469;23;40;15;39;100;0,3;0,62;0;0,15;85,16;86,16;1,22;1,07
8;StudentAttendanceSystem;pair;2469;23;40;30;159;100;0,28;0,15;0,73;0,2;86,16;87,16;1,91;1,36
8;StudentAttendanceSystem;state;2470;21;36;8;41;100;0,31;0,31;0;0,07;87,16;87,16;0,79;0,69
8;StudentAttendanceSystem;transition;2470;21;36;13;35;100;0,26;0,57;0;0,1;88,16;88,16;1,05;0,93
8;StudentAttendanceSystem;pair;2470;21;36;30;155;100;0,28;0,11;0,68;0,19;89,16;89,16;1,75;1,26
8;StudentAttendanceSystem;state;2471;20;34;8;41;100;0,26;0,28;0;0,05;89,16;89,16;0,68;0,59
8;StudentAttendanceSystem;transition;2471;20;34;11;34;100;0,29;0,59;0;0,09;90,16;90,16;1,11;0,97
8;StudentAttendanceSystem;pair;2471;20;34;32;165;100;0,24;0,12;0,7;0,23;91,16;91,16;1,81;1,29
8;StudentAttendanceSystem;state;2472;24;44;9;48;100;0,31;0,44;0;0,11;92,16;92,16;1,02;0,87
8;StudentAttendanceSystem;transition;2472;24;44;15;43;100;0,32;0,87;0;0,17;92,16;93,16;1,56;1,36
8;StudentAttendanceSystem;pair;2472;24;44;41;228;100;0,32;0,15;1,08;0,32;94,16;94,16;2,52;1,87
8;StudentAttendanceSystem;state;2473;27;50;11;61;100;0,37;0,44;0;0,11;95,16;95,16;1,07;0,91
8;StudentAttendanceSystem;transition;2473;27;50;16;49;100;0,33;0,88;0;0,2;95,16;95,16;1,6;1,4
8;StudentAttendanceSystem;pair;2473;27;50;45;253;100;0,35;0,23;1,38;0,34;97,16;97,16;2,98;2,3
8;StudentAttendanceSystem;state;2474;23;43;9;50;100;0,36;0,46;0;0,07;98,16;98,16;1,02;0,9
8;StudentAttendanceSystem;transition;2474;23;43;14;43;100;0,3;0,68;0;0,12;98,16;98,16;1,24;1,1
8;StudentAttendanceSystem;pair;2474;23;43;35;197;100;0,33;0,14;0,99;0,26;99,16;100,16;2,32;1,73
8;StudentAttendanceSystem;state;2475;23;40;9;47;100;0,28;0,36;0;0,08;100,16;100,16;0,84;0,72
8;StudentAttendanceSystem;transition;2475;23;40;14;39;100;0,29;0,67;0;0,12;101,16;101,16;1,21;1,08
8;StudentAttendanceSystem;pair;2475;23;40;38;196;100;0,29;0,15;0,97;0,27;102,16;102,16;2,34;1,67
8;StudentAttendanceSystem;state;2476;18;30;7;37;100;0,29;0,33;0;0,05;103,16;103,16;0,79;0,68
8;StudentAttendanceSystem;transition;2476;18;30;10;30;100;0,24;0,56;0;0,09;103,16;103,16;1,07;0,9
8;StudentAttendanceSystem;pair;2476;18;30;22;116;100;0,28;0,09;0,54;0,14;104,16;104,16;1,49;1,05
8;StudentAttendanceSystem;state;2477;24;47;10;51;100;0,3;0,43;0;0,09;105,16;105,16;0,94;0,82
8;StudentAttendanceSystem;transition;2477;24;47;17;47;100;0,34;0,89;0;0,15;105,16;105,16;1,53;1,37
8;StudentAttendanceSystem;pair;2477;24;47;42;236;100;0,38;0,16;1,09;0,33;107,16;107,16;2,61;1,96
8;StudentAttendanceSystem;state;2478;18;30;7;37;100;0,27;0,27;0;0,05;107,16;107,16;0,68;0,59
8;StudentAttendanceSystem;transition;2478;18;30;10;30;100;0,26;0,51;0;0,1;108,16;108,16;1;0,86
8;StudentAttendanceSystem;pair;2478;18;30;21;113;100;0,25;0,09;0,59;0,14;109,16;109,16;1,53;1,07
8;StudentAttendanceSystem;state;2479;22;42;9;45;100;0,3;0,4;0;0,07;109,16;109,16;0,9;0,77
8;StudentAttendanceSystem;transition;2479;22;42;16;42;100;0,35;0,69;0;0,13;110,16;110,16;1,31;1,17
8;StudentAttendanceSystem;pair;2479;22;42;36;192;100;0,27;0,26;1,06;0,24;111,16;111,16;2,45;1,83
8;StudentAttendanceSystem;state;2480;20;35;8;41;100;0,28;0,32;0;0,06;112,16;112,16;0,79;0,67
8;StudentAttendanceSystem;transition;2480;20;35;12;35;100;0,25;0,59;0;0,1;113,16;113,16;1,09;0,94
8;StudentAttendanceSystem;pair;2480;20;35;33;169;100;0,27;0,12;0,8;0,24;113,16;114,16;1,97;1,43
8;StudentAttendanceSystem;state;2481;23;41;9;49;100;0,38;0,38;0;0,08;114,16;114,16;0,99;0,84
8;StudentAttendanceSystem;transition;2481;23;41;14;40;100;0,28;0,76;0;0,16;115,16;115,16;1,42;1,2
8;StudentAttendanceSystem;pair;2481;23;41;33;187;100;0,31;0,18;1,34;0,3;116,16;116,16;2,77;2,13
8;StudentAttendanceSystem;state;2482;29;57;12;67;100;0,47;0,5;0;0,13;117,16;117,16;1,24;1,1
8;StudentAttendanceSystem;transition;2482;29;57;19;56;100;0,44;1,22;0;0,23;118,16;118,16;2,13;1,89
8;StudentAttendanceSystem;pair;2482;29;57;55;311;100;0,41;0,43;2,18;0,48;119,16;120,16;4,33;3,5
8;StudentAttendanceSystem;state;2483;25;47;9;49;100;0,41;0,48;0;0,11;120,16;120,16;1,21;1
8;StudentAttendanceSystem;transition;2483;25;47;16;46;100;0,42;0,97;0;0,15;121,16;121,16;1,71;1,55
8;StudentAttendanceSystem;pair;2483;25;47;40;234;100;0,44;0,21;1,22;0,32;122,16;123,16;2,93;2,19
8;StudentAttendanceSystem;state;2484;29;56;13;69;100;0,36;0,45;0;0,11;123,16;123,16;1,05;0,92
8;StudentAttendanceSystem;transition;2484;29;56;20;55;100;0,37;1,08;0;0,21;124,16;124,16;1,89;1,66
8;StudentAttendanceSystem;pair;2484;29;56;53;291;100;0,36;0,26;1,8;0,43;126,16;126,16;3,69;2,85
8;StudentAttendanceSystem;state;2485;27;54;12;66;100;0,43;0,75;0;0,12;127,16;127,16;1,45;1,3
8;StudentAttendanceSystem;transition;2485;27;54;18;54;100;0,39;0,9;0;0,21;127,16;128,16;1,71;1,51
8;StudentAttendanceSystem;pair;2485;27;54;54;300;100;0,36;0,23;1,71;0,38;129,16;129,16;3,32;2,67
8;StudentAttendanceSystem;state;2486;22;40;9;50;100;0,32;0,33;0;0,1;130,16;130,16;0,87;0,76
8;StudentAttendanceSystem;transition;2486;22;40;13;40;100;0,32;0,64;0;0,11;131,16;131,16;1,23;1,07
8;StudentAttendanceSystem;pair;2486;22;40;37;193;100;0,27;0,19;1,24;0,28;132,16;132,16;2,7;1,98
8;StudentAttendanceSystem;state;2487;25;49;11;60;100;0,4;0,49;0;0,15;132,16;133,16;1,18;1,04
8;StudentAttendanceSystem;transition;2487;25;49;17;49;100;0,32;0,84;0;0,2;133,16;133,16;1,55;1,36
8;StudentAttendanceSystem;pair;2487;25;49;50;268;100;0,35;0,21;1,85;0,48;135,16;135,16;3,64;2,89
8;StudentAttendanceSystem;state;2488;18;34;7;37;100;0,38;0,38;0;0,08;135,16;135,16;0,98;0,84
8;StudentAttendanceSystem;transition;2488;18;34;11;34;100;0,34;0,76;0;0,13;136,16;136,16;1,43;1,22
8;StudentAttendanceSystem;pair;2488;18;34;35;189;100;0,34;0,18;1,11;0,32;137,16;137,16;2,59;1,95
8;StudentAttendanceSystem;state;2489;29;58;12;65;100;0,47;0,47;0;0,11;138,16;138,16;1,18;1,05
8;StudentAttendanceSystem;transition;2489;29;58;21;57;100;0,4;0,98;0;0,23;139,16;139,16;1,81;1,61
8;StudentAttendanceSystem;pair;2489;29;58;51;289;100;0,45;0,24;1,72;0,45;140,16;141,16;3,67;2,85
8;StudentAttendanceSystem;state;2490;22;41;9;47;100;0,42;0,4;0;0,08;141,16;141,16;1,04;0,89
8;StudentAttendanceSystem;transition;2490;22;41;14;41;100;0,32;0,64;0;0,14;142,16;142,16;1,27;1,11
8;StudentAttendanceSystem;pair;2490;22;41;41;219;100;0,29;0,25;1,34;0,3;143,16;143,16;2,86;2,18
8;StudentAttendanceSystem;state;2491;26;51;11;61;100;0,41;0,52;0;0,11;144,16;144,16;1,19;1,04
8;StudentAttendanceSystem;transition;2491;26;51;17;51;100;0,37;0,98;0;0,17;145,16;145,16;1,7;1,51
8;StudentAttendanceSystem;pair;2491;26;51;45;257;100;0,39;0,2;1,44;0,32;146,16;147,16;3,07;2,36
8;StudentAttendanceSystem;state;2492;23;41;8;43;100;0,32;0,35;0;0,07;147,16;147,16;0,85;0,74
8;StudentAttendanceSystem;transition;2492;23;41;14;40;100;0,24;0,68;0;0,13;148,16;148,16;1,17;1,06
8;StudentAttendanceSystem;pair;2492;23;41;32;181;100;0,25;0,14;0,98;0,23;149,16;149,16;2,09;1,6
8;StudentAttendanceSystem;state;2493;21;35;8;43;100;0,27;0,3;0;0,06;149,16;149,16;0,73;0,63
8;StudentAttendanceSystem;transition;2493;21;35;12;34;100;0,29;0,55;0;0,07;150,16;150,16;1,01;0,91
8;StudentAttendanceSystem;pair;2493;21;35;26;140;100;0,24;0,13;0,58;0,2;151,16;151,16;1,65;1,15
8;StudentAttendanceSystem;state;2494;28;54;12;66;100;0,35;0,42;0;0,13;152,16;152,16;1,04;0,9
8;StudentAttendanceSystem;transition;2494;28;54;19;53;100;0,36;1,01;0;0,19;153,16;153,16;1,76;1,56
8;StudentAttendanceSystem;pair;2494;28;54;54;292;100;0,39;0,19;1,67;0,44;154,16;155,16;3,37;2,69
8;StudentAttendanceSystem;state;2495;24;48;10;53;100;0,35;0,4;0;0,08;155,16;155,16;0,95;0,84
8;StudentAttendanceSystem;transition;2495;24;48;17;48;100;0,35;0,85;0;0,2;156,16;156,16;1,56;1,4
8;StudentAttendanceSystem;pair;2495;24;48;51;281;100;0,35;0,19;1,49;0,42;157,16;158,16;3,17;2,44
8;StudentAttendanceSystem;state;2496;27;49;12;63;100;0,37;0,41;0;0,11;158,16;158,16;1,03;0,89
8;StudentAttendanceSystem;transition;2496;27;49;17;48;100;0,32;0,8;0;0,16;159,16;159,16;1,45;1,28
8;StudentAttendanceSystem;pair;2496;27;49;42;224;100;0,35;0,17;1,2;0,33;160,16;161,16;2,64;2,04
8;StudentAttendanceSystem;state;2497;22;41;9;45;100;0,31;0,38;0;0,11;161,16;161,16;0,99;0,8
8;StudentAttendanceSystem;transition;2497;22;41;14;41;100;0,54;0,65;0;0,12;162,16;162,16;1,47;1,32
8;StudentAttendanceSystem;pair;2497;22;41;38;207;100;0,32;0,14;1,15;0,3;163,16;163,16;2,5;1,89
8;StudentAttendanceSystem;state;2498;27;51;11;61;100;0,41;0,47;0;0,13;164,16;164,16;1,15;1
8;StudentAttendanceSystem;transition;2498;27;51;18;50;100;0,37;0,97;0;0,21;165,16;165,16;1,76;1,56
8;StudentAttendanceSystem;pair;2498;27;51;45;249;100;0,34;0,22;1,55;0,4;166,16;166,16;3,34;2,51
8;StudentAttendanceSystem;state;2499;24;45;9;48;100;0,45;0,42;0;0,1;167,16;167,16;1,13;0,97
8;StudentAttendanceSystem;transition;2499;24;45;16;44;100;0,32;0,77;0;0,22;167,16;168,16;1,54;1,32
8;StudentAttendanceSystem;pair;2499;24;45;45;245;100;0,4;0,19;1,36;0,33;169,16;169,16;2,89;2,27
8;StudentAttendanceSystem;state;2500;24;47;10;53;100;0,45;0,42;0;0,12;170,16;170,16;1,13;0,99
8;StudentAttendanceSystem;transition;2500;24;47;16;47;100;0,33;0,75;0;0,14;170,16;170,16;1,38;1,22
8;StudentAttendanceSystem;pair;2500;24;47;48;266;100;0,32;0,18;1,57;0,33;172,16;172,16;3,11;2,4
8;StudentAttendanceSystem;state;2501;25;49;11;58;100;0,34;0,43;0;0,09;173,16;173,16;0,98;0,85
8;StudentAttendanceSystem;transition;2501;25;49;17;49;100;0,37;1,02;0;0,18;173,16;174,16;1,76;1,57
8;StudentAttendanceSystem;pair;2501;25;49;46;254;100;0,34;0,28;1,38;0,39;175,16;175,16;3,11;2,39
8;StudentAttendanceSystem;state;2502;27;54;11;57;100;0,39;0,47;0;0,11;176,16;176,16;1,1;0,96
8;StudentAttendanceSystem;transition;2502;27;54;20;53;100;0,34;1;0;0,2;177,16;177,16;1,72;1,54
8;StudentAttendanceSystem;pair;2502;27;54;54;302;100;0,25;0,22;1,86;0,42;178,16;179,16;3,38;2,75
8;StudentAttendanceSystem;state;2503;26;50;10;54;100;0,4;0,38;0;0,09;179,16;179,16;0,97;0,86
8;StudentAttendanceSystem;transition;2503;26;50;17;49;100;0,31;0,86;0;0,17;180,16;180,16;1,5;1,34
8;StudentAttendanceSystem;pair;2503;26;50;49;281;100;0,34;0,33;1,75;0,44;181,16;182,16;3,59;2,86
8;StudentAttendanceSystem;state;2504;19;33;7;36;100;0,33;0,31;0;0,06;182,16;182,16;0,86;0,71
8;StudentAttendanceSystem;transition;2504;19;33;12;33;100;0,27;0,69;0;0,14;183,16;183,16;1,27;1,1
8;StudentAttendanceSystem;pair;2504;19;33;29;144;100;0,32;0,18;0,9;0,18;184,16;184,16;2,26;1,58
8;StudentAttendanceSystem;state;2505;25;46;10;53;100;0,42;0,52;0;0,1;184,16;184,16;1,2;1,04
8;StudentAttendanceSystem;transition;2505;25;46;16;45;100;0,42;0,91;0;0,16;185,16;185,16;1,64;1,49
8;StudentAttendanceSystem;pair;2505;25;46;45;247;100;0,39;0,2;1,38;0,34;186,19;7,19;5,47;2,31
8;StudentAttendanceSystem;state;2506;25;50;10;56;100;0,39;0,46;0;0,1;7,19;7,19;1,1;0,94
8;StudentAttendanceSystem;transition;2506;25;50;17;50;100;0,38;0,84;0;0,15;8,19;8,19;1,53;1,37
8;StudentAttendanceSystem;pair;2506;25;50;45;255;100;0,39;0,21;1,42;0,35;9,19;10,19;3,26;2,38
8;StudentAttendanceSystem;state;2507;24;47;10;53;100;0,41;0,37;0;0,12;10,19;10,19;1,01;0,89
8;StudentAttendanceSystem;transition;2507;24;47;16;47;100;0,33;0,73;0;0,17;11,19;11,19;1,38;1,23
8;StudentAttendanceSystem;pair;2507;24;47;48;270;100;0,3;0,2;1,43;0,36;12,19;13,19;2,97;2,29
8;StudentAttendanceSystem;state;2508;27;52;11;59;100;0,34;0,42;0;0,11;13,19;13,19;1;0,87
8;StudentAttendanceSystem;transition;2508;27;52;18;51;100;0,35;1,01;0;0,17;14,19;14,19;1,69;1,53
8;StudentAttendanceSystem;pair;2508;27;52;52;290;100;0,38;0,19;1,54;0,5;16,19;16,19;3,32;2,61
8;StudentAttendanceSystem;state;2509;31;62;14;75;100;0,41;0,54;0;0,13;17,19;17,19;1,19;1,09
8;StudentAttendanceSystem;transition;2509;31;62;22;61;100;0,38;1,12;0;0,23;18,19;18,19;1,92;1,74
8;StudentAttendanceSystem;pair;2509;31;62;60;334;100;0,43;0,31;2,34;0,52;19,19;20,19;4,39;3,59
8;StudentAttendanceSystem;state;2510;24;46;10;53;100;0,34;0,42;0;0,08;20,19;20,19;0,96;0,84
8;StudentAttendanceSystem;transition;2510;24;46;15;46;100;0,36;0,76;0;0,13;21,19;21,19;1,41;1,25
8;StudentAttendanceSystem;pair;2510;24;46;45;255;100;0,3;0,22;1,27;0,36;22,19;23,19;2,94;2,15
8;StudentAttendanceSystem;state;2511;28;52;12;66;100;0,38;0,46;0;0,11;23,19;23,19;1,07;0,95
8;StudentAttendanceSystem;transition;2511;28;52;17;51;100;0,39;0,8;0;0,17;24,19;24,19;1,55;1,36
8;StudentAttendanceSystem;pair;2511;28;52;48;266;100;0,38;0,21;1,6;0,39;26,19;26,19;3,26;2,58
8;StudentAttendanceSystem;state;2512;26;49;10;54;100;0,37;0,45;0;0,08;27,19;27,19;1,03;0,9
8;StudentAttendanceSystem;transition;2512;26;49;17;48;100;0,39;0,86;0;0,16;27,19;27,19;1,6;1,4
8;StudentAttendanceSystem;pair;2512;26;49;42;242;100;0,38;0,18;1,32;0,37;29,19;29,19;2,92;2,25
8;StudentAttendanceSystem;state;2513;25;48;11;60;100;0,34;0,45;0;0,1;30,19;30,19;1,03;0,89
8;StudentAttendanceSystem;transition;2513;25;48;16;48;100;0,33;0,84;0;0,14;30,19;30,19;1,46;1,3
8;StudentAttendanceSystem;pair;2513;25;48;47;253;100;0,34;0,23;1,33;0,35;32,19;32,19;2,87;2,24
8;StudentAttendanceSystem;state;2514;30;58;13;72;100;0,37;0,48;0;0,12;33,19;33,19;1,08;0,97
8;StudentAttendanceSystem;transition;2514;30;58;19;57;100;0,41;1,01;0;0,2;33,19;34,19;1,78;1,62
8;StudentAttendanceSystem;pair;2514;30;58;55;313;100;0,36;0,27;2,04;0,57;35,19;36,19;4,1;3,24
8;StudentAttendanceSystem;state;2515;27;54;12;66;100;0,39;0,43;0;0,13;36,19;36,19;1,08;0,95
8;StudentAttendanceSystem;transition;2515;27;54;18;54;100;0,34;0,91;0;0,2;37,19;37,19;1,61;1,44
8;StudentAttendanceSystem;pair;2515;27;54;54;304;100;0,36;0,24;1,74;0,43;38,19;39,19;3,54;2,77
8;StudentAttendanceSystem;state;2516;27;51;11;61;100;0,38;0,45;0;0,12;39,19;40,19;1,08;0,94
8;StudentAttendanceSystem;transition;2516;27;51;18;50;100;0,37;0,99;0;0,17;40,19;40,19;1,72;1,54
8;StudentAttendanceSystem;pair;2516;27;51;45;245;100;0,37;0,23;1,63;0,35;42,19;42,19;3,42;2,58
8;StudentAttendanceSystem;state;2517;24;45;11;57;100;0,38;0,42;0;0,11;42,19;43,19;1,06;0,91
8;StudentAttendanceSystem;transition;2517;24;45;16;45;100;0,33;0,79;0;0,18;43,19;43,19;1,52;1,3
8;StudentAttendanceSystem;pair;2517;24;45;42;216;100;0,36;0,19;1,32;0,31;44,19;45,19;2,89;2,17
8;StudentAttendanceSystem;state;2518;24;47;10;53;100;0,37;0,43;0;0,11;45,19;45,19;1,08;0,92
8;StudentAttendanceSystem;transition;2518;24;47;17;47;100;0,37;0,82;0;0,19;46,19;46,19;1,56;1,38
8;StudentAttendanceSystem;pair;2518;24;47;40;218;100;0,34;0,25;1,42;0,33;47,19;48,19;3,09;2,34
8;StudentAttendanceSystem;state;2519;25;51;10;56;100;0,41;0,43;0;0,13;48,19;48,19;1,12;0,97
8;StudentAttendanceSystem;transition;2519;25;51;18;51;100;0,4;0,89;0;0,18;49,19;49,19;1,66;1,46
8;StudentAttendanceSystem;pair;2519;25;51;48;270;100;0,38;0,26;1,76;0,39;50,19;51,19;3,57;2,79
8;StudentAttendanceSystem;state;2520;23;43;9;50;100;0,49;0,43;0;0,1;51,19;51,19;1,26;1,02
8;StudentAttendanceSystem;transition;2520;23;43;14;43;100;0,32;0,74;0;0,13;52,19;52,19;1,37;1,19
8;StudentAttendanceSystem;pair;2520;23;43;35;197;100;0,32;0,19;1,11;0,29;53,19;53,19;2,6;1,91
8;StudentAttendanceSystem;state;2521;22;39;8;43;100;0,31;0,36;0;0,07;54,19;54,19;0,87;0,74
8;StudentAttendanceSystem;transition;2521;22;39;14;38;100;0,26;0,63;0;0,16;54,19;54,19;1,21;1,06
8;StudentAttendanceSystem;pair;2521;22;39;38;198;100;0,29;0,15;0,84;0,24;55,19;56,19;2,11;1,52
8;StudentAttendanceSystem;state;2522;28;56;13;69;100;0,35;0,49;0;0,11;56,19;56,19;1,08;0,95
8;StudentAttendanceSystem;transition;2522;28;56;19;56;100;0,43;0,73;0;0,18;57,19;57,19;1,51;1,34
8;StudentAttendanceSystem;pair;2522;28;56;53;299;100;0,36;0,22;1,66;0,46;59,19;59,19;3,57;2,71
8;StudentAttendanceSystem;state;2523;24;45;9;46;100;0,34;0,39;0;0,08;60,19;60,19;0,95;0,81
8;StudentAttendanceSystem;transition;2523;24;45;17;44;100;0,31;0,68;0;0,25;60,19;61,19;1,39;1,25
8;StudentAttendanceSystem;pair;2523;24;45;39;215;100;0,33;0,19;1,04;0,3;62,19;62,19;2,46;1,86
8;StudentAttendanceSystem;state;2524;21;40;8;42;100;0,28;0,35;0;0,08;62,19;62,19;0,81;0,72
8;StudentAttendanceSystem;transition;2524;21;40;14;40;100;0,27;0,65;0;0,12;63,19;63,19;1,18;1,05
8;StudentAttendanceSystem;pair;2524;21;40;41;221;100;0,29;0,16;0,98;0,36;64,19;65,19;2,4;1,79
8;StudentAttendanceSystem;state;2525;25;49;11;58;100;0,37;0,42;0;0,09;65,19;65,19;1;0,88
8;StudentAttendanceSystem;transition;2525;25;49;18;49;100;0,33;0,95;0;0,2;66,19;66,19;1,66;1,47
8;StudentAttendanceSystem;pair;2525;25;49;43;231;100;0,42;0,23;1,19;0,3;67,19;68,19;2,97;2,14
8;StudentAttendanceSystem;state;2526;28;54;11;62;100;0,38;0,54;0;0,09;68,19;68,19;1,14;1,01
8;StudentAttendanceSystem;transition;2526;28;54;18;53;100;0,32;0,87;0;0,18;69,19;69,19;1,53;1,36
8;StudentAttendanceSystem;pair;2526;28;54;46;268;100;0,32;0,21;1,4;0,41;70,19;71,19;3,19;2,33
8;StudentAttendanceSystem;state;2527;25;47;9;49;100;0,43;0,42;0;0,11;71,19;71,19;1,12;0,96
8;StudentAttendanceSystem;transition;2527;25;47;16;46;100;0,41;0,89;0;0,3;72,19;72,19;1,85;1,6
8;StudentAttendanceSystem;pair;2527;25;47;38;223;100;0,35;0,17;1,07;0,37;73,19;74,19;2,6;1,96
8;StudentAttendanceSystem;state;2528;24;44;9;48;100;0,35;0,37;0;0,09;74,19;74,19;0,95;0,82
8;StudentAttendanceSystem;transition;2528;24;44;16;43;100;0,31;0,79;0;0,16;75,19;75,19;1,45;1,26
8;StudentAttendanceSystem;pair;2528;24;44;39;215;100;0,32;0,22;1,38;0,3;76,19;76,19;2,93;2,22
8;StudentAttendanceSystem;state;2529;25;49;9;49;100;0,39;0,45;0;0,09;77,19;77,19;1,13;0,94
8;StudentAttendanceSystem;transition;2529;25;49;18;48;100;0,36;0,8;0;0,17;78,19;78,19;1,5;1,33
8;StudentAttendanceSystem;pair;2529;25;49;46;260;100;0,33;0,21;1,54;0,37;79,19;79,19;3,1;2,45
8;StudentAttendanceSystem;state;2530;22;38;8;42;100;0,3;0,3;0;0,06;80,19;80,19;0,76;0,66
8;StudentAttendanceSystem;transition;2530;22;38;14;37;100;0,25;0,67;0;0,12;81,19;81,19;1,17;1,04
8;StudentAttendanceSystem;pair;2530;22;38;31;165;100;0,33;0,15;0,94;0,24;82,19;82,19;2,24;1,67
8;StudentAttendanceSystem;state;2531;27;51;11;59;100;0,46;0,55;0;0,12;82,19;82,19;1,3;1,13
8;StudentAttendanceSystem;transition;2531;27;51;17;50;100;0,43;0,82;0;0,18;83,19;83,19;1,64;1,43
8;StudentAttendanceSystem;pair;2531;27;51;49;279;100;0,37;0,22;1,77;0,38;85,19;85,19;3,54;2,73
8;StudentAttendanceSystem;state;2532;21;39;8;42;100;0,39;0,45;0;0,1;86,19;86,19;1,16;0,94
8;StudentAttendanceSystem;transition;2532;21;39;14;39;100;0,33;0,72;0;0,12;86,19;86,19;1,35;1,17
8;StudentAttendanceSystem;pair;2532;21;39;34;186;100;0,31;0,13;0,99;0,59;87,19;88,19;2,66;2,02
8;StudentAttendanceSystem;state;2533;28;55;11;62;100;0,44;0,47;0;0,11;88,19;88,19;1,16;1,03
8;StudentAttendanceSystem;transition;2533;28;55;19;54;100;0,41;1,18;0;0,21;89,19;89,19;1,98;1,8
8;StudentAttendanceSystem;pair;2533;28;55;49;279;100;0,4;0,3;1,86;0,42;90,19;91,19;3,83;2,99
8;StudentAttendanceSystem;state;2534;25;49;10;56;100;0,4;0,46;0;0,1;91,19;91,19;1,09;0,97
8;StudentAttendanceSystem;transition;2534;25;49;16;49;100;0,39;0,78;0;0,19;92,19;92,19;1,57;1,36
8;StudentAttendanceSystem;pair;2534;25;49;42;244;100;0,38;0,23;1,3;0,34;93,19;94,19;2,97;2,26
8;StudentAttendanceSystem;state;2535;23;44;9;48;100;0,41;0,36;0;0,08;94,19;94,19;0,97;0,85
8;StudentAttendanceSystem;transition;2535;23;44;15;44;100;0,32;0,79;0;0,17;95,19;95,19;1,46;1,28
8;StudentAttendanceSystem;pair;2535;23;44;39;223;100;0,34;0,18;1,15;0,3;96,19;97,19;2,59;1,97
8;StudentAttendanceSystem;state;2536;24;47;10;53;100;0,4;0,5;0;0,11;97,19;97,19;1,17;1,01
8;StudentAttendanceSystem;transition;2536;24;47;16;47;100;0,42;0,94;0;0,18;98,19;98,19;1,73;1,55
8;StudentAttendanceSystem;pair;2536;24;47;48;266;100;0,42;0,23;1,86;0,41;99,19;99,19;3,75;2,92
8;StudentAttendanceSystem;state;2537;25;47;10;51;100;0,38;0,43;0;0,1;100,19;100,19;1,04;0,92
8;StudentAttendanceSystem;transition;2537;25;47;18;46;100;0,42;1,01;0;0,17;101,19;101,19;1,78;1,6
8;StudentAttendanceSystem;pair;2537;25;47;40;219;100;0,36;0,22;1,57;0,33;102,19;102,19;3,21;2,47
8;StudentAttendanceSystem;state;2538;23;41;8;43;100;0,38;0,39;0;0,08;103,19;103,19;0,97;0,84
8;StudentAttendanceSystem;transition;2538;23;41;14;40;100;0,32;0,67;0;0,13;103,19;104,19;1,3;1,13
8;StudentAttendanceSystem;pair;2538;23;41;33;187;100;0,31;0,22;1,1;0,25;105,19;105,19;2,51;1,89
8;StudentAttendanceSystem;state;2539;23;43;8;43;100;0,45;0,45;0;0,08;105,19;105,19;1,11;0,97
8;StudentAttendanceSystem;transition;2539;23;43;16;42;100;0,36;0,88;0;0,16;106,19;106,19;1,62;1,41
8;StudentAttendanceSystem;pair;2539;23;43;39;213;100;0,35;0,18;1,26;0,38;107,19;108,19;2,87;2,18
8;StudentAttendanceSystem;state;2540;29;56;12;67;100;0,37;0,53;0;0,16;108,19;108,19;1,19;1,06
8;StudentAttendanceSystem;transition;2540;29;56;18;55;100;0,36;0,98;0;0,22;109,19;109,19;1,74;1,55
8;StudentAttendanceSystem;pair;2540;29;56;52;300;100;0,34;0,21;1,8;0,48;111,19;111,19;3,68;2,83
8;StudentAttendanceSystem;state;2541;27;55;12;64;100;0,39;0,46;0;0,11;112,19;112,19;1,11;0,96
8;StudentAttendanceSystem;transition;2541;27;55;19;55;100;0,39;0,87;0;0,28;112,19;113,19;1,73;1,54
8;StudentAttendanceSystem;pair;2541;27;55;54;304;100;0,36;0,26;1,84;0,41;114,19;114,19;3,69;2,87
8;StudentAttendanceSystem;state;2542;29;55;13;69;100;0,48;0,49;0;0,13;115,19;115,19;1,27;1,1
8;StudentAttendanceSystem;transition;2542;29;55;19;54;100;0,37;0,99;0;0,2;116,19;116,19;1,76;1,56
8;StudentAttendanceSystem;pair;2542;29;55;50;276;100;0,4;0,27;1,59;0,37;117,19;118,19;3,47;2,63
8;StudentAttendanceSystem;state;2543;24;42;10;56;100;0,41;0,38;0;0,09;118,19;118,19;1,03;0,88
8;StudentAttendanceSystem;transition;2543;24;42;14;41;100;0,33;0,74;0;0,15;119,19;119,19;1,41;1,22
8;StudentAttendanceSystem;pair;2543;24;42;31;171;100;0,32;0,2;1,1;0,27;120,19;120,19;2,5;1,89
8;StudentAttendanceSystem;state;2544;30;59;13;72;100;0,47;0,55;0;0,14;121,19;121,19;1,28;1,16
8;StudentAttendanceSystem;transition;2544;30;59;20;58;100;0,42;1,31;0;0,24;122,19;122,19;2,16;1,97
8;StudentAttendanceSystem;pair;2544;30;59;58;328;100;0,44;0,35;2,65;0,56;123,19;124,19;4,97;4
8;StudentAttendanceSystem;state;2545;24;49;10;51;100;0,45;0,58;0;0,08;124,19;124,19;1,25;1,11
8;StudentAttendanceSystem;transition;2545;24;49;18;49;100;0,38;1;0;0,19;125,19;125,19;1,76;1,57
8;StudentAttendanceSystem;pair;2545;24;49;51;281;100;0,41;0,26;2,09;0,47;127,19;127,19;3,99;3,23
8;StudentAttendanceSystem;state;2546;26;48;10;56;100;0,45;0,54;0;0,11;128,19;128,19;1,24;1,1
8;StudentAttendanceSystem;transition;2546;26;48;16;47;100;0,37;0,98;0;0,24;128,19;128,19;1,77;1,59
8;StudentAttendanceSystem;pair;2546;26;48;39;221;100;0,41;0,25;1,58;0,38;130,19;130,19;3,32;2,62
8;StudentAttendanceSystem;state;2547;27;53;12;66;100;0,46;0,5;0;0,14;130,19;131,19;1,29;1,1
8;StudentAttendanceSystem;transition;2547;27;53;17;53;100;0,41;1,03;0;0,21;131,19;131,19;1,86;1,65
8;StudentAttendanceSystem;pair;2547;27;53;51;289;100;0,42;0,29;2,14;0,46;133,19;133,19;4,2;3,31
8;StudentAttendanceSystem;state;2548;18;32;7;35;100;0,48;0,37;0;0,09;134,19;134,19;1,14;0,94
8;StudentAttendanceSystem;transition;2548;18;32;12;32;100;0,34;0,65;0;0,12;134,19;134,19;1,27;1,11
8;StudentAttendanceSystem;pair;2548;18;32;28;142;100;0,28;0,14;0,79;0,23;135,19;135,19;2,02;1,44
8;StudentAttendanceSystem;state;2549;21;38;8;43;100;0,33;0,37;0;0,08;136,19;136,19;0,93;0,79
8;StudentAttendanceSystem;transition;2549;21;38;12;38;100;0,29;0,64;0;0,12;136,19;136,19;1,19;1,05
8;StudentAttendanceSystem;pair;2549;21;38;35;195;100;0,3;0,18;1,07;0,27;137,19;138,19;2,45;1,82
8;StudentAttendanceSystem;state;2550;26;51;11;61;100;0,37;0,44;0;0,1;138,19;138,19;1,04;0,91
8;StudentAttendanceSystem;transition;2550;26;51;17;51;100;0,46;0,97;0;0,19;139,19;139,19;1,78;1,62
8;StudentAttendanceSystem;pair;2550;26;51;45;257;100;0,38;0,26;1,83;0,44;140,19;141,19;3,7;2,92
8;StudentAttendanceSystem;state;2551;28;54;12;64;100;0,44;0,43;0;0,11;141,19;141,19;1,12;0,97
8;StudentAttendanceSystem;transition;2551;28;54;19;53;100;0,38;1,08;0;0,19;142,19;142,19;1,85;1,64
8;StudentAttendanceSystem;pair;2551;28;54;50;274;100;0,46;0,26;1,86;0,4;144,19;144,19;3,75;2,96
8;StudentAttendanceSystem;state;2552;24;46;10;55;100;0,35;0,45;0;0,09;145,19;145,19;1,02;0,88
8;StudentAttendanceSystem;transition;2552;24;46;15;46;100;0,32;0,77;0;0,16;145,19;145,19;1,46;1,26
8;StudentAttendanceSystem;pair;2552;24;46;44;244;100;0,34;0,18;1,37;0,31;147,19;147,19;2,86;2,2
8;StudentAttendanceSystem;state;2553;27;52;11;57;100;0,47;0,43;0;0,1;147,19;148,19;1,18;1
8;StudentAttendanceSystem;transition;2553;27;52;18;51;100;0,35;0,85;0;0,17;148,19;148,19;1,52;1,37
8;StudentAttendanceSystem;pair;2553;27;52;50;282;100;0,34;0,21;1,72;0,38;150,19;150,19;3,33;2,65
8;StudentAttendanceSystem;state;2554;25;47;10;53;100;0,35;0,42;0;0,08;151,19;151,19;0,97;0,84
8;StudentAttendanceSystem;transition;2554;25;47;17;46;100;0,35;0,76;0;0,16;151,19;152,19;1,44;1,27
8;StudentAttendanceSystem;pair;2554;25;47;48;258;100;0,3;0,16;1,29;0,33;153,19;153,19;2,68;2,07
8;StudentAttendanceSystem;state;2555;25;47;10;51;100;0,32;0,38;0;0,08;154,19;154,19;0,89;0,77
8;StudentAttendanceSystem;transition;2555;25;47;17;46;100;0,32;0,82;0;0,14;154,19;155,19;1,45;1,29
8;StudentAttendanceSystem;pair;2555;25;47;43;234;100;0,38;0,18;1,15;0,29;156,19;156,19;2,59;1,99
8;StudentAttendanceSystem;state;2556;26;49;10;54;100;0,33;0,4;0;0,09;157,19;157,19;0,96;0,82
8;StudentAttendanceSystem;transition;2556;26;49;17;48;100;0,39;0,97;0;0,21;157,19;158,19;1,77;1,56
8;StudentAttendanceSystem;pair;2556;26;49;43;247;100;0,36;0,22;1,28;0,38;159,19;159,19;2,96;2,24
8;StudentAttendanceSystem;state;2557;25;45;10;55;100;0,35;0,49;0;0,11;160,19;160,19;1,1;0,95
8;StudentAttendanceSystem;transition;2557;25;45;15;44;100;0,35;0,73;0;0,15;160,19;161,19;1,39;1,24
8;StudentAttendanceSystem;pair;2557;25;45;41;217;100;0,32;0,18;1,18;0,3;162,19;162,19;2,6;1,97
8;StudentAttendanceSystem;state;2558;23;45;9;48;100;0,33;0,36;0;0,07;162,19;162,19;0,87;0,76
8;StudentAttendanceSystem;transition;2558;23;45;15;45;100;0,41;1,14;0;0,13;163,19;163,19;1,88;1,68
8;StudentAttendanceSystem;pair;2558;23;45;45;253;100;0,28;0,19;1,25;0,33;164,19;165,19;2,7;2,06
8;StudentAttendanceSystem;state;2559;26;50;10;54;100;0,38;0,45;0;0,09;165,19;165,19;1,07;0,92
8;StudentAttendanceSystem;transition;2559;26;50;18;49;100;0,37;0,93;0;0,18;166,19;166,19;1,68;1,48
8;StudentAttendanceSystem;pair;2559;26;50;46;258;100;0,37;0,25;1,79;0,42;168,19;168,19;3,71;2,83
8;StudentAttendanceSystem;state;2560;19;32;7;36;100;0,35;0,37;0;0,07;168,19;168,19;0,97;0,79
8;StudentAttendanceSystem;transition;2560;19;32;11;32;100;0,32;0,81;0;0,12;169,19;169,19;1,42;1,25
8;StudentAttendanceSystem;pair;2560;19;32;25;129;100;0,27;0,14;0,74;0,25;170,19;170,19;1,95;1,4
8;StudentAttendanceSystem;state;2561;25;46;10;51;100;0,36;0,39;0;0,08;170,19;171,19;0,95;0,83
8;StudentAttendanceSystem;transition;2561;25;46;16;45;100;0,29;0,81;0;0,16;171,19;171,19;1,44;1,26
8;StudentAttendanceSystem;pair;2561;25;46;42;232;100;0,36;0,21;1,26;0,34;172,19;173,19;3,11;2,17
8;StudentAttendanceSystem;state;2562;22;41;9;47;100;0,42;0,45;0;0,09;173,19;173,19;1,11;0,96
8;StudentAttendanceSystem;transition;2562;22;41;14;41;100;0,35;0,81;0;0,18;174,19;174,19;1,51;1,34
8;StudentAttendanceSystem;pair;2562;22;41;41;219;100;0,34;0,21;1,28;0,34;175,19;175,19;2,83;2,17
8;StudentAttendanceSystem;state;2563;28;55;12;64;100;0,46;0,51;0;0,17;176,19;176,19;1,34;1,15
8;StudentAttendanceSystem;transition;2563;28;55;21;54;100;0,41;1,23;0;0,22;177,19;177,19;2,09;1,86
8;StudentAttendanceSystem;pair;2563;28;55;50;270;100;0,37;0,27;1,66;0,42;178,19;179,19;3,46;2,72
8;StudentAttendanceSystem;state;2564;24;43;9;48;100;0,35;0,4;0;0,09;179,19;179,19;0,98;0,84
8;StudentAttendanceSystem;transition;2564;24;43;15;42;100;0,39;0,83;0;0,17;180,19;180,19;1,58;1,4
8;StudentAttendanceSystem;pair;2564;24;43;35;195;100;0,33;0,17;1,17;0,34;181,19;181,19;2,73;2,01
8;StudentAttendanceSystem;state;2565;25;50;11;56;100;0,43;0,48;0;0,1;182,19;182,19;1,15;1,01
8;StudentAttendanceSystem;transition;2565;25;50;18;50;100;0,35;1,12;0;0,2;183,19;183,19;1,88;1,67
8;StudentAttendanceSystem;pair;2565;25;50;50;276;100;0,37;0,25;1,84;0,45;184,19;185,19;3,68;2,91
8;StudentAttendanceSystem;state;2566;25;49;11;60;100;0,39;0,42;0;0,11;185,19;185,19;1,04;0,91
8;StudentAttendanceSystem;transition;2566;25;49;17;49;100;0,35;4,84;0;0,19;186,24;6,24;5,59;5,37
8;StudentAttendanceSystem;pair;2566;25;49;50;268;100;0,4;0,2;1,43;0,34;7,24;8,24;3,03;2,37
8;StudentAttendanceSystem;state;2567;23;44;9;50;100;0,33;0,44;0;0,09;8,24;8,24;1;0,87
8;StudentAttendanceSystem;transition;2567;23;44;15;44;100;0,32;0,78;0;0,13;9,24;9,24;1,39;1,23
8;StudentAttendanceSystem;pair;2567;23;44;38;208;100;0,35;0,22;1,32;0,32;10,24;10,24;2,91;2,21
8;StudentAttendanceSystem;state;2568;30;60;13;72;100;0,44;0,46;0;0,13;11,24;11,24;1,15;1,03
8;StudentAttendanceSystem;transition;2568;30;60;21;59;100;0,42;1,03;0;0,21;12,24;12,24;1,83;1,66
8;StudentAttendanceSystem;pair;2568;30;60;61;339;100;0,37;0,24;2,02;0,48;14,24;14,24;3,94;3,11
8;StudentAttendanceSystem;state;2569;26;52;11;61;100;0,37;0,45;0;0,13;15,24;15,24;1,08;0,94
8;StudentAttendanceSystem;transition;2569;26;52;18;52;100;0,46;1;0;0,21;15,24;16,24;1,88;1,66
8;StudentAttendanceSystem;pair;2569;26;52;48;272;100;0,43;0,27;1,75;0,45;17,24;17,24;3,61;2,9
8;StudentAttendanceSystem;state;2570;29;56;12;67;100;0,38;0,51;0;0,11;18,24;18,24;1,15;1,01
8;StudentAttendanceSystem;transition;2570;29;56;19;55;100;0,4;0,93;0;0,28;19,24;19,24;1,8;1,62
8;StudentAttendanceSystem;pair;2570;29;56;49;281;100;0,37;0,32;1,99;0,46;20,24;21,24;3,95;3,15
8;StudentAttendanceSystem;state;2571;24;44;9;48;100;0,31;0,37;0;0,08;21,24;21,24;0,88;0,77
8;StudentAttendanceSystem;transition;2571;24;44;16;43;100;0,36;0,83;0;0,18;22,24;22,24;1,55;1,37
8;StudentAttendanceSystem;pair;2571;24;44;39;211;100;0,35;0,16;1,12;0,3;23,24;23,24;2,5;1,93
8;StudentAttendanceSystem;state;2572;27;54;12;64;100;0,4;0,5;0;0,12;24,24;24,24;1,18;1,02
8;StudentAttendanceSystem;transition;2572;27;54;18;54;100;0,35;0,85;0;0,17;25,24;25,24;1,54;1,37
8;StudentAttendanceSystem;pair;2572;27;54;51;289;100;0,41;0,2;1,69;0,39;26,24;27,24;3,39;2,69
8;StudentAttendanceSystem;state;2573;25;48;9;49;100;0,34;0,38;0;0,09;27,24;27,24;0,95;0,81
8;StudentAttendanceSystem;transition;2573;25;48;17;47;100;0,23;0,83;0;0,15;28,24;28,24;1,36;1,21
8;StudentAttendanceSystem;pair;2573;25;48;43;245;100;0,34;0,21;1,66;0,4;29,24;30,24;3,23;2,61
8;StudentAttendanceSystem;state;2574;29;57;12;67;100;0,35;0,46;0;0,1;30,24;30,24;1,02;0,91
8;StudentAttendanceSystem;transition;2574;29;57;20;56;100;0,32;0,92;0;0,2;31,24;31,24;1,6;1,44
8;StudentAttendanceSystem;pair;2574;29;57;52;292;100;0,39;0,28;1,66;0,45;33,24;33,24;3,57;2,79
8;StudentAttendanceSystem;state;2575;24;46;10;55;100;0,37;0,41;0;0,11;34,24;34,24;1,04;0,89
8;StudentAttendanceSystem;transition;2575;24;46;15;46;100;0,32;0,76;0;0,17;34,24;34,24;1,43;1,25
8;StudentAttendanceSystem;pair;2575;24;46;44;240;100;0,39;0,2;1,42;0,32;35,24;36,24;3;2,33
8;StudentAttendanceSystem;state;2576;25;48;10;51;100;0,36;0,37;0;0,08;36,24;36,24;0,92;0,81
8;StudentAttendanceSystem;transition;2576;25;48;18;47;100;0,35;0,93;0;0,17;37,24;37,24;1,64;1,45
8;StudentAttendanceSystem;pair;2576;25;48;46;249;100;0,33;0,28;1,49;0,32;38,24;39,24;3,11;2,41
8;StudentAttendanceSystem;state;2577;27;52;11;59;100;0,34;0,43;0;0,1;39,24;39,24;0,97;0,86
8;StudentAttendanceSystem;transition;2577;27;52;18;51;100;0,37;0,93;0;0,16;40,24;40,24;1,64;1,47
8;StudentAttendanceSystem;pair;2577;27;52;52;294;100;0,39;0,24;1,58;0,42;42,24;42,24;3,41;2,63
8;StudentAttendanceSystem;state;2578;26;51;11;61;100;0,37;0,41;0;0,12;43,24;43,24;1,04;0,9
8;StudentAttendanceSystem;transition;2578;26;51;17;51;100;0,32;0,75;0;0,18;43,24;44,24;1,39;1,26
8;StudentAttendanceSystem;pair;2578;26;51;45;257;100;0,32;0,21;1,5;0,36;45,24;45,24;3,1;2,4
8;StudentAttendanceSystem;state;2579;23;42;8;43;100;0,36;0,43;0;0,06;46,24;46,24;0,98;0,86
8;StudentAttendanceSystem;transition;2579;23;42;15;41;100;0,32;0,97;0;0,18;46,24;47,24;1,66;1,46
8;StudentAttendanceSystem;pair;2579;23;42;35;197;100;0,36;0,19;1,18;0,35;48,24;48,24;2,79;2,07
8;StudentAttendanceSystem;state;2580;19;34;7;37;100;0,37;0,39;0;0,08;48,24;48,24;0,98;0,84
8;StudentAttendanceSystem;transition;2580;19;34;12;34;100;0,34;0,78;0;0,12;49,24;49,24;1,39;1,24
8;StudentAttendanceSystem;pair;2580;19;34;34;174;100;0,47;0,18;0,98;0,22;50,24;50,24;2,48;1,85
8;StudentAttendanceSystem;state;2581;28;53;12;66;100;0,37;0,41;0;0,11;51,24;51,24;1,01;0,89
8;StudentAttendanceSystem;transition;2581;28;53;18;52;100;0,35;0,91;0;0,17;51,24;52,24;1,65;1,43
8;StudentAttendanceSystem;pair;2581;28;53;51;277;100;0,34;0,2;1,49;0,39;53,24;53,24;3,15;2,41
8;StudentAttendanceSystem;state;2582;22;38;8;43;100;0,29;0,22;0;0,05;54,24;54,24;0,64;0,56
8;StudentAttendanceSystem;transition;2582;22;38;13;37;100;0,19;0,54;0;0,14;54,24;55,24;1;0,87
8;StudentAttendanceSystem;pair;2582;22;38;35;183;100;0,2;0,14;0,98;0,25;56,24;56,24;2;1,57
8;StudentAttendanceSystem;state;2583;29;57;12;67;100;0,38;0,44;0;0,1;56,24;56,24;1,04;0,93
8;StudentAttendanceSystem;transition;2583;29;57;19;56;100;0,35;0,95;0;0,2;57,24;57,24;1,68;1,5
8;StudentAttendanceSystem;pair;2583;29;57;55;315;100;0,38;0,22;1,62;0,44;59,24;59,24;3,36;2,66
8;StudentAttendanceSystem;state;2584;22;43;8;43;100;0,34;0,35;0;0,06;60,24;60,24;0,86;0,75
8;StudentAttendanceSystem;transition;2584;22;43;15;43;100;0,22;0,73;0;0,18;60,24;61,24;1,31;1,13
8;StudentAttendanceSystem;pair;2584;22;43;39;221;100;0,33;0,15;1,22;0,37;62,24;62,24;2,73;2,07
8;StudentAttendanceSystem;state;2585;24;48;10;51;100;0,34;0,43;0;0,09;63,24;63,24;0,99;0,87
8;StudentAttendanceSystem;transition;2585;24;48;17;48;100;0,33;0,89;0;0,17;63,24;63,24;1,58;1,38
8;StudentAttendanceSystem;pair;2585;24;48;47;262;100;0,34;0,21;1,29;0,42;65,24;65,24;2,97;2,26
8;StudentAttendanceSystem;state;2586;23;46;9;48;100;0,32;0,34;0;0,09;65,24;66,24;0,87;0,76
8;StudentAttendanceSystem;transition;2586;23;46;16;46;100;0,35;0,76;0;0,15;66,24;66,24;1,42;1,26
8;StudentAttendanceSystem;pair;2586;23;46;48;268;100;0,32;0,2;1,56;0,36;68,24;68,24;3,05;2,45
8;StudentAttendanceSystem;state;2587;25;47;10;51;100;0,31;0,37;0;0,09;68,24;69,24;0,87;0,77
8;StudentAttendanceSystem;transition;2587;25;47;17;46;100;0,31;0,79;0;0,17;69,24;69,24;1,43;1,28
8;StudentAttendanceSystem;pair;2587;25;47;45;247;100;0,35;0,17;1,34;0,31;71,24;71,24;2,78;2,18
8;StudentAttendanceSystem;state;2588;29;56;13;69;100;0,34;0,44;0;0,13;71,24;72,24;1,04;0,92
8;StudentAttendanceSystem;transition;2588;29;56;20;55;100;0,38;0,84;0;0,17;72,24;72,24;1,54;1,39
8;StudentAttendanceSystem;pair;2588;29;56;53;287;100;0,35;0,25;1,64;0,37;74,24;74,24;3,28;2,61
8;StudentAttendanceSystem;state;2589;25;47;11;60;100;0,48;0,42;0;0,09;75,24;75,24;1,14;1
8;StudentAttendanceSystem;transition;2589;25;47;15;47;100;0,38;0,75;0;0,13;76,24;76,24;1,4;1,26
8;StudentAttendanceSystem;pair;2589;25;47;44;242;100;0,33;0,2;1,16;0,33;77,24;77,24;2,65;2,02
8;StudentAttendanceSystem;state;2590;24;45;9;48;100;0,3;0,37;0;0,08;78,24;78,24;0,86;0,76
8;StudentAttendanceSystem;transition;2590;24;45;16;44;100;0,3;0,8;0;0,21;78,24;79,24;1,54;1,31
8;StudentAttendanceSystem;pair;2590;24;45;45;245;100;0,31;0,16;1,3;0,41;80,24;80,24;2,8;2,18
8;StudentAttendanceSystem;state;2591;22;40;9;47;100;0,37;0,35;0;0,08;81,24;81,24;0,93;0,8
8;StudentAttendanceSystem;transition;2591;22;40;13;40;100;0,3;0,63;0;0,12;81,24;81,24;1,2;1,05
8;StudentAttendanceSystem;pair;2591;22;40;38;208;100;0,34;0,16;1,06;0,29;82,24;83,24;2,47;1,84
8;StudentAttendanceSystem;state;2592;26;51;11;61;100;0,34;0,4;0;0,1;83,24;83,24;0,95;0,84
8;StudentAttendanceSystem;transition;2592;26;51;17;51;100;0,36;0,78;0;0,22;84,24;84,24;1,52;1,36
8;StudentAttendanceSystem;pair;2592;26;51;45;257;100;0,32;0,18;1,25;0,42;85,24;86,24;2,9;2,17
8;StudentAttendanceSystem;state;2593;25;48;11;60;100;0,46;0,38;0;0,1;86,24;86,24;1,06;0,94
8;StudentAttendanceSystem;transition;2593;25;48;16;48;100;0,34;0,81;0;0,18;87,24;87,24;1,47;1,32
8;StudentAttendanceSystem;pair;2593;25;48;47;253;100;0,38;0,17;1,32;0,34;88,24;89,24;2,91;2,2
8;StudentAttendanceSystem;state;2594;23;44;9;48;100;0,34;0,37;0;0,08;89,24;89,24;0,92;0,79
8;StudentAttendanceSystem;transition;2594;23;44;15;44;100;0,3;0,78;0;0,15;90,24;90,24;1,39;1,23
8;StudentAttendanceSystem;pair;2594;23;44;39;223;100;0,35;0,16;1,08;0,39;91,24;91,24;2,62;1,97
8;StudentAttendanceSystem;state;2595;24;44;9;48;100;0,44;0,46;0;0,1;92,24;92,24;1,13;1
8;StudentAttendanceSystem;transition;2595;24;44;15;43;100;0,39;1,01;0;0,13;93,24;93,24;1,69;1,53
8;StudentAttendanceSystem;pair;2595;24;44;41;228;100;0,35;0,17;1,26;0,32;94,24;94,24;2,78;2,11
8;StudentAttendanceSystem;state;2596;28;54;12;66;100;0,42;0,57;0;0,12;95,24;95,24;1,26;1,11
8;StudentAttendanceSystem;transition;2596;28;54;19;53;100;0,38;1,11;0;0,19;96,24;96,24;1,91;1,68
8;StudentAttendanceSystem;pair;2596;28;54;54;292;100;0,38;0,27;1,99;0,42;97,24;98,24;3,86;3,05
8;StudentAttendanceSystem;state;2597;29;57;12;67;100;0,39;0,53;0;0,13;98,24;98,24;1,21;1,05
8;StudentAttendanceSystem;transition;2597;29;57;19;56;100;0,35;1,03;0;0,22;99,24;99,24;1,8;1,6
8;StudentAttendanceSystem;pair;2597;29;57;55;311;100;0,4;0,3;2,32;0,5;101,24;101,24;4,37;3,52
8;StudentAttendanceSystem;state;2598;24;46;10;53;100;0,35;0,5;0;0,09;102,24;102,24;1,1;0,95
8;StudentAttendanceSystem;transition;2598;24;46;15;46;100;0,38;0,78;0;0,15;102,24;102,24;1,48;1,3
8;StudentAttendanceSystem;pair;2598;24;46;45;255;100;0,35;0,21;1,5;0,36;104,24;104,24;3,1;2,42
8;StudentAttendanceSystem;state;2599;24;43;9;48;100;0,36;0,43;0;0,11;104,24;105,24;1,03;0,9
8;StudentAttendanceSystem;transition;2599;24;43;15;42;100;0,35;0,88;0;0,16;105,24;105,24;1,54;1,38
8;StudentAttendanceSystem;pair;2599;24;43;35;195;100;0,38;0,19;1,1;0,28;106,24;107,24;2,58;1,96
8;StudentAttendanceSystem;state;2600;25;46;10;55;100;0,36;0,41;0;0,09;107,24;107,24;0,99;0,86
8;StudentAttendanceSystem;transition;2600;25;46;16;45;100;0,33;0,83;0;0,15;108,24;108,24;1,48;1,31
8;StudentAttendanceSystem;pair;2600;25;46;44;232;100;0,33;0,23;1,41;0,34;109,24;109,24;3,03;2,31
8;StudentAttendanceSystem;state;2601;27;52;11;57;100;0,41;0,51;0;0,11;110,24;110,24;1,17;1,03
8;StudentAttendanceSystem;transition;2601;27;52;19;51;100;0,37;0,96;0;0,18;111,24;111,24;1,71;1,52
8;StudentAttendanceSystem;pair;2601;27;52;43;246;100;0,36;0,26;1,62;0,38;112,24;113,24;3,38;2,62
8;StudentAttendanceSystem;state;2602;23;40;9;47;100;0,32;0,36;0;0,08;113,24;113,24;0,91;0,77
8;StudentAttendanceSystem;transition;2602;23;40;14;39;100;0,36;0,81;0;0,15;114,24;114,24;1,5;1,32
8;StudentAttendanceSystem;pair;2602;23;40;38;196;100;0,35;0,18;1,17;0,29;115,24;115,24;2,64;1,99
8;StudentAttendanceSystem;state;2603;25;47;9;49;100;0,35;0,4;0;0,09;116,24;116,24;0,96;0,84
8;StudentAttendanceSystem;transition;2603;25;47;16;46;100;0,33;0,9;0;0,21;116,24;117,24;1,64;1,44
8;StudentAttendanceSystem;pair;2603;25;47;38;223;100;0,34;0,21;1,32;0,31;118,24;118,24;3,04;2,18
8;StudentAttendanceSystem;state;2604;25;48;11;60;100;0,39;0,51;0;0,11;119,24;119,24;1,19;1,02
8;StudentAttendanceSystem;transition;2604;25;48;16;48;100;0,37;0,92;0;0,17;119,24;119,24;1,65;1,46
8;StudentAttendanceSystem;pair;2604;25;48;47;257;100;0,38;0,22;1,65;0,42;121,24;121,24;3,42;2,66
8;StudentAttendanceSystem;state;2605;25;49;10;56;100;0,38;0,44;0;0,15;121,24;122,24;1,15;0,97
8;StudentAttendanceSystem;transition;2605;25;49;16;49;100;0,36;0,86;0;0,18;122,24;122,24;1,6;1,4
8;StudentAttendanceSystem;pair;2605;25;49;42;244;100;0,37;0,23;1,66;0,32;124,24;124,24;3,27;2,58
8;StudentAttendanceSystem;state;2606;24;45;9;48;100;0,37;0,36;0;0,11;124,24;125,24;0,99;0,85
8;StudentAttendanceSystem;transition;2606;24;45;16;44;100;0,37;0,83;0;0,15;125,24;125,24;1,51;1,35
8;StudentAttendanceSystem;pair;2606;24;45;45;245;100;0,36;0,16;1,39;0,35;126,24;127,24;3,02;2,25
8;StudentAttendanceSystem;state;2607;23;45;9;48;100;0,31;0,34;0;0,08;127,24;127,24;0,84;0,73
8;StudentAttendanceSystem;transition;2607;23;45;16;45;100;0,34;0,66;0;0,14;128,24;128,24;1,26;1,13
8;StudentAttendanceSystem;pair;2607;23;45;42;238;100;0,28;0,16;1,08;0,35;129,24;130,24;2,52;1,88
8;StudentAttendanceSystem;state;2608;21;40;8;42;100;0,4;0,34;0;0,06;130,24;130,24;0,92;0,81
8;StudentAttendanceSystem;transition;2608;21;40;14;40;100;0,32;0,7;0;0,16;131,24;131,24;1,34;1,17
8;StudentAttendanceSystem;pair;2608;21;40;41;221;100;0,34;0,19;1,21;0,33;132,24;132,24;2,75;2,08
8;StudentAttendanceSystem;state;2609;26;51;10;52;100;0,41;0,5;0;0,11;133,24;133,24;1,18;1,02
8;StudentAttendanceSystem;transition;2609;26;51;19;50;100;0,33;0,91;0;0,19;134,24;134,24;1,62;1,42
8;StudentAttendanceSystem;pair;2609;26;51;47;265;100;0,37;0,23;1,59;0,42;135,24;135,24;3,33;2,61
8;StudentAttendanceSystem;state;2610;21;39;8;43;100;0,36;0,35;0;0,08;136,24;136,24;0,91;0,79
8;StudentAttendanceSystem;transition;2610;21;39;13;39;100;0,36;0,66;0;0,13;137,24;137,24;1,32;1,15
8;StudentAttendanceSystem;pair;2610;21;39;38;206;100;0,31;0,15;1,06;0,25;138,24;138,24;2,34;1,77
8;StudentAttendanceSystem;state;2611;27;55;12;66;100;0,35;0,45;0;0,12;138,24;139,24;1,05;0,92
8;StudentAttendanceSystem;transition;2611;27;55;19;55;100;0,35;1,09;0;0,26;139,24;139,24;1,9;1,7
8;StudentAttendanceSystem;pair;2611;27;55;57;315;100;0,4;0,27;1,79;0,51;141,24;141,24;3,86;2,97
8;StudentAttendanceSystem;state;2612;25;46;10;53;100;0,38;0,39;0;0,1;142,24;142,24;1;0,87
8;StudentAttendanceSystem;transition;2612;25;46;16;45;100;0,4;1,06;0;0,2;143,24;143,24;1,83;1,65
8;StudentAttendanceSystem;pair;2612;25;46;45;243;100;0,4;0,22;1,36;0,34;144,24;144,24;3;2,32
8;StudentAttendanceSystem;state;2613;25;46;10;51;100;0,4;0,53;0;0,11;145,24;145,24;1,18;1,04
8;StudentAttendanceSystem;transition;2613;25;46;17;45;100;0,38;0,99;0;0,19;146,24;146,24;1,75;1,57
8;StudentAttendanceSystem;pair;2613;25;46;37;205;100;0,42;0,19;1,26;0,3;147,24;147,24;2,82;2,18
8;StudentAttendanceSystem;state;2614;27;51;11;61;100;0,55;0,44;0;0,1;148,24;148,24;1,21;1,08
8;StudentAttendanceSystem;transition;2614;27;51;17;50;100;0,36;0,96;0;0,21;148,24;149,24;1,72;1,53
8;StudentAttendanceSystem;pair;2614;27;51;48;264;100;0,55;0,27;1,68;0,37;150,24;150,24;3,61;2,86
8;StudentAttendanceSystem;state;2615;28;54;11;62;100;0,49;0,55;0;0,14;151,24;151,24;1,35;1,18
8;StudentAttendanceSystem;transition;2615;28;54;18;53;100;0,43;1,06;0;0,22;152,24;152,24;1,96;1,71
8;StudentAttendanceSystem;pair;2615;28;54;46;268;100;0,58;0,26;1,95;0,37;153,24;153,24;3,96;3,15
8;StudentAttendanceSystem;state;2616;26;48;10;56;100;0,45;0,46;0;0,11;154,24;154,24;1,17;1,02
8;StudentAttendanceSystem;transition;2616;26;48;16;47;100;0,33;0,82;0;0,18;155,24;155,24;1,49;1,32
8;StudentAttendanceSystem;pair;2616;26;48;39;221;100;0,33;0,21;1,35;0,39;156,24;156,24;3,05;2,29
8;StudentAttendanceSystem;state;2617;22;44;8;43;100;0,48;0,43;0;0,07;157,24;157,24;1,11;0,98
8;StudentAttendanceSystem;transition;2617;22;44;16;44;100;0,35;0,74;0;0,16;158,24;158,24;1,41;1,25
8;StudentAttendanceSystem;pair;2617;22;44;42;236;100;0,33;0,17;1,25;0,31;159,24;159,24;2,68;2,06
8;StudentAttendanceSystem;state;2618;23;45;9;50;100;0,36;0,4;0;0,08;160,24;160,24;0,96;0,84
8;StudentAttendanceSystem;transition;2618;23;45;16;45;100;0,3;0,79;0;0,14;160,24;160,24;1,38;1,23
8;StudentAttendanceSystem;pair;2618;23;45;41;223;100;0,33;0,18;1,05;0,33;162,24;162,24;2,46;1,89
8;StudentAttendanceSystem;state;2619;21;39;8;43;100;0,33;0,45;0;0,07;162,24;162,24;0,97;0,85
8;StudentAttendanceSystem;transition;2619;21;39;13;39;100;0,31;0,62;0;0,14;163,24;163,24;1,22;1,07
8;StudentAttendanceSystem;pair;2619;21;39;38;206;100;0,31;0,17;1,02;0,27;164,24;164,24;2,36;1,78
8;StudentAttendanceSystem;state;2620;25;47;10;53;100;0,37;0,39;0;0,09;165,24;165,24;0,98;0,84
8;StudentAttendanceSystem;transition;2620;25;47;17;46;100;0,34;0,89;0;0,17;166,24;166,24;1,62;1,41
8;StudentAttendanceSystem;pair;2620;25;47;48;258;100;0,38;0,19;1,64;0,37;167,24;167,24;3,3;2,59
8;StudentAttendanceSystem;state;2621;21;39;8;42;100;0,35;0,37;0;0,09;168,24;168,24;0,95;0,81
8;StudentAttendanceSystem;transition;2621;21;39;14;39;100;0,29;0,61;0;0,13;169,24;169,24;1,19;1,03
8;StudentAttendanceSystem;pair;2621;21;39;36;191;100;0,3;0,16;1,1;0,24;170,24;170,24;2,37;1,8
8;StudentAttendanceSystem;state;2622;27;53;12;66;100;0,45;0,44;0;0,14;170,24;171,24;1,18;1,04
8;StudentAttendanceSystem;transition;2622;27;53;17;53;100;0,42;1,03;0;0,18;171,24;171,24;1,83;1,63
8;StudentAttendanceSystem;pair;2622;27;53;51;289;100;0,37;0,24;1,85;0,42;173,24;173,24;3,76;2,89
8;StudentAttendanceSystem;state;2623;21;40;8;42;100;0,36;0,4;0;0,08;174,24;174,24;0,97;0,83
8;StudentAttendanceSystem;transition;2623;21;40;14;40;100;0,32;0,69;0;0,19;174,24;174,24;1,39;1,21
8;StudentAttendanceSystem;pair;2623;21;40;41;221;100;0,31;0,15;1,31;0,32;175,24;176,24;2,74;2,1
8;StudentAttendanceSystem;state;2624;25;48;11;60;100;0,44;0,45;0;0,11;176,24;176,24;1,27;1,01
8;StudentAttendanceSystem;transition;2624;25;48;16;48;100;0,35;0,81;0;0,17;177,24;177,24;1,5;1,33
8;StudentAttendanceSystem;pair;2624;25;48;47;257;100;0,31;0,18;1,36;0,35;178,24;179,24;2,96;2,2
8;StudentAttendanceSystem;state;2625;26;49;10;54;100;0,38;0,41;0;0,11;179,24;179,24;1,07;0,9
8;StudentAttendanceSystem;transition;2625;26;49;16;48;100;0,34;0,84;0;0,16;180,24;180,24;1,48;1,33
8;StudentAttendanceSystem;pair;2625;26;49;46;266;100;0,31;0,21;1,32;0,33;181,24;182,24;2,82;2,16
8;StudentAttendanceSystem;state;2626;26;49;10;54;100;0,43;0,43;0;0,09;182,24;182,24;1,09;0,95
8;StudentAttendanceSystem;transition;2626;26;49;16;48;100;0,41;0,98;0;0,17;183,24;183,24;1,73;1,56
8;StudentAttendanceSystem;pair;2626;26;49;46;266;100;0,34;0,18;1,52;0,38;185,24;185,24;3,13;2,42
8;StudentAttendanceSystem;state;2627;23;44;10;50;100;0,43;0,47;0;0,1;185,24;186,24;3,39;1
8;StudentAttendanceSystem;transition;2627;23;44;16;44;100;0,36;0,96;0;0,14;6,2;6,2;1,67;1,46
8;StudentAttendanceSystem;pair;2627;23;44;43;229;100;0,3;0,18;1,36;0,31;7,2;8,2;2,83;2,15
8;StudentAttendanceSystem;state;2628;24;47;10;53;100;0,39;0,45;0;0,09;8,2;8,2;1,1;0,93
8;StudentAttendanceSystem;transition;2628;24;47;16;47;100;0,33;0,82;0;0,16;9,2;9,2;1,48;1,31
8;StudentAttendanceSystem;pair;2628;24;47;48;270;100;0,33;0,21;1,33;0,36;10,2;11,2;2,86;2,23
8;StudentAttendanceSystem;state;2629;21;38;8;43;100;0,3;0,33;0;0,05;11,2;11,2;0,77;0,68
8;StudentAttendanceSystem;transition;2629;21;38;12;38;100;0,18;0,49;0;0,12;12,2;12,2;0,92;0,8
8;StudentAttendanceSystem;pair;2629;21;38;35;195;100;0,3;0,15;1,05;0,29;13,2;13,2;2,36;1,78
8;StudentAttendanceSystem;state;2630;26;49;11;56;100;0,24;0,32;0;0,08;14,2;14,2;0,79;0,64
8;StudentAttendanceSystem;transition;2630;26;49;18;48;100;0,24;0,79;0;0,21;14,2;15,2;1,39;1,23
8;StudentAttendanceSystem;pair;2630;26;49;47;253;100;0,32;0,16;1,13;0,25;16,2;16,2;2,35;1,86
8;StudentAttendanceSystem;state;2631;24;43;9;48;100;0,34;0,43;0;0,08;17,2;17,2;0,95;0,84
8;StudentAttendanceSystem;transition;2631;24;43;14;42;100;0,28;0,67;0;0,15;17,2;18,2;1,26;1,1
8;StudentAttendanceSystem;pair;2631;24;43;38;213;100;0,28;0,14;1,02;0,27;19,2;19,2;2,31;1,71
8;StudentAttendanceSystem;state;2632;25;47;10;53;100;0,36;0,39;0;0,08;19,2;19,2;0,94;0,82
8;StudentAttendanceSystem;transition;2632;25;47;17;46;100;0,26;0,82;0;0,15;20,2;20,2;1,37;1,24
8;StudentAttendanceSystem;pair;2632;25;47;48;258;100;0,32;0,18;1,45;0,25;22,2;22,2;2,79;2,2
8;StudentAttendanceSystem;state;2633;21;38;8;43;100;0,31;0,33;0;0,07;22,2;22,2;0,81;0,7
8;StudentAttendanceSystem;transition;2633;21;38;12;38;100;0,3;0,47;0;0,1;23,2;23,2;1;0,86
8;StudentAttendanceSystem;pair;2633;21;38;35;195;100;0,25;0,13;0,79;0,26;24,2;24,2;1,97;1,44
8;StudentAttendanceSystem;state;2634;25;49;11;56;100;0,35;0,42;0;0,09;25,2;25,2;0,96;0,86
8;StudentAttendanceSystem;transition;2634;25;49;17;49;100;0,31;0,68;0;0,1;26,2;26,2;1,21;1,09
8;StudentAttendanceSystem;pair;2634;25;49;48;268;100;0,22;0,2;1,52;0,24;27,2;27,2;2,79;2,18
8;StudentAttendanceSystem;state;2635;28;53;12;66;100;0,26;0,3;0;0,07;28,2;28,2;0,7;0,63
8;StudentAttendanceSystem;transition;2635;28;53;18;52;100;0,23;0,67;0;0,17;29,2;29,2;1,29;1,07
8;StudentAttendanceSystem;pair;2635;28;53;51;277;100;0,25;0,18;1,26;0,24;30,2;31,2;2,39;1,93
8;StudentAttendanceSystem;state;2636;22;42;9;45;100;0,25;0,42;0;0,1;31,2;31,2;0,9;0,77
8;StudentAttendanceSystem;transition;2636;22;42;15;42;100;0,31;0,73;0;0,13;32,2;32,2;1,35;1,17
8;StudentAttendanceSystem;pair;2636;22;42;40;216;100;0,32;0,16;0,99;0,32;33,2;33,2;2,42;1,79
8;StudentAttendanceSystem;state;2637;24;46;10;55;100;0,33;0,26;0;0,06;34,2;34,2;0,73;0,65
8;StudentAttendanceSystem;transition;2637;24;46;16;46;100;0,24;0,82;0;0,14;35,2;35,2;1,32;1,19
8;StudentAttendanceSystem;pair;2637;24;46;40;220;100;0,3;0,15;1,16;0,34;36,2;36,2;2,5;1,95
8;StudentAttendanceSystem;state;2638;27;50;11;61;100;0,32;0,39;0;0,09;37,2;37,2;0,91;0,81
8;StudentAttendanceSystem;transition;2638;27;50;16;49;100;0,32;0,89;0;0,19;37,2;38,2;1,58;1,4
8;StudentAttendanceSystem;pair;2638;27;50;45;253;100;0,32;0,2;1,5;0,33;39,2;39,2;3,01;2,34
8;StudentAttendanceSystem;state;2639;25;46;10;53;100;0,32;0,38;0;0,08;40,2;40,2;0,9;0,77
8;StudentAttendanceSystem;transition;2639;25;46;16;45;100;0,33;0,69;0;0,14;40,2;41,2;1,28;1,15
8;StudentAttendanceSystem;pair;2639;25;46;45;243;100;0,32;0,18;1,42;0,4;42,2;42,2;3,07;2,32
8;StudentAttendanceSystem;state;2640;26;48;11;56;100;0,34;0,38;0;0,13;43,2;43,2;0,95;0,84
8;StudentAttendanceSystem;transition;2640;26;48;17;47;100;0,37;0,83;0;0,16;43,2;44,2;1,52;1,36
8;StudentAttendanceSystem;pair;2640;26;48;43;236;100;0,31;0,19;1,31;0,33;45,2;45,2;2,79;2,14
8;StudentAttendanceSystem;state;2641;27;51;11;59;100;0,43;0,43;0;0,09;46,2;46,2;1,08;0,95
8;StudentAttendanceSystem;transition;2641;27;51;17;50;100;0,35;0,92;0;0,22;46,2;47,2;1,73;1,49
8;StudentAttendanceSystem;pair;2641;27;51;49;279;100;0,39;0,22;1,53;0,43;48,2;48,2;3,46;2,58
8;StudentAttendanceSystem;state;2642;27;53;11;57;100;0,37;0,47;0;0,11;49,2;49,2;1,06;0,94
8;StudentAttendanceSystem;transition;2642;27;53;19;52;100;0,36;0,95;0;0,22;50,2;50,2;1,75;1,52
8;StudentAttendanceSystem;pair;2642;27;53;53;297;100;0,37;0,19;2,02;0,4;51,2;52,2;3,7;2,98
8;StudentAttendanceSystem;state;2643;27;51;11;59;100;0,35;0,52;0;0,1;52,2;52,2;1,09;0,96
8;StudentAttendanceSystem;transition;2643;27;51;17;50;100;0,33;0,81;0;0,17;53,2;53,2;1,48;1,31
8;StudentAttendanceSystem;pair;2643;27;51;49;279;100;0,31;0,21;1,5;0,44;54,2;55,2;3,15;2,45
8;StudentAttendanceSystem;state;2644;28;53;12;66;100;0,38;0,45;0;0,12;55,2;56,2;1,07;0,95
8;StudentAttendanceSystem;transition;2644;28;53;18;52;100;0,38;0,95;0;0,18;56,2;56,2;1,69;1,51
8;StudentAttendanceSystem;pair;2644;28;53;51;281;100;0,38;0,19;1,63;0,45;58,2;58,2;3,3;2,66
8;StudentAttendanceSystem;state;2645;26;51;11;61;100;0,39;0,44;0;0,12;59,2;59,2;1,07;0,94
8;StudentAttendanceSystem;transition;2645;26;51;16;51;100;0,33;0,9;0;0,19;59,2;60,2;1,69;1,42
8;StudentAttendanceSystem;pair;2645;26;51;48;276;100;0,37;0,23;1,61;0,41;61,2;61,2;3,38;2,62
8;StudentAttendanceSystem;state;2646;27;51;11;61;100;0,37;0,47;0;0,1;62,2;62,2;1,05;0,93
8;StudentAttendanceSystem;transition;2646;27;51;17;50;100;0,35;0,78;0;0,23;63,2;63,2;1,53;1,36
8;StudentAttendanceSystem;pair;2646;27;51;48;264;100;0,32;0,24;1,42;0,35;64,2;65,2;3,05;2,34
8;StudentAttendanceSystem;state;2647;24;44;9;48;100;0,33;0,33;0;0,07;65,2;65,2;0,83;0,74
8;StudentAttendanceSystem;transition;2647;24;44;16;43;100;0,27;0,53;0;0,09;66,2;66,2;0,99;0,89
8;StudentAttendanceSystem;pair;2647;24;44;38;206;100;0,33;0,14;0,92;0,17;67,2;67,2;2,06;1,57
8;StudentAttendanceSystem;state;2648;24;44;9;48;100;0,33;0,45;0;0,09;68,2;68,2;1;0,87
8;StudentAttendanceSystem;transition;2648;24;44;15;43;100;0,28;0,66;0;0,14;68,2;69,2;1,2;1,09
8;StudentAttendanceSystem;pair;2648;24;44;41;228;100;0,32;0,16;1,01;0,29;70,2;70,2;2,45;1,77
8;StudentAttendanceSystem;state;2649;27;52;11;59;100;0,33;0,46;0;0,09;71,2;71,2;0,99;0,88
8;StudentAttendanceSystem;transition;2649;27;52;18;51;100;0,34;0,79;0;0,19;71,2;71,2;1,5;1,33
8;StudentAttendanceSystem;pair;2649;27;52;52;290;100;0,36;0,29;1,72;0,44;73,2;73,2;3,63;2,81
8;StudentAttendanceSystem;state;2650;24;43;9;48;100;0,31;0,38;0;0,07;74,2;74,2;0,91;0,77
8;StudentAttendanceSystem;transition;2650;24;43;14;42;100;0,33;0,77;0;0,14;74,2;75,2;1,43;1,24
8;StudentAttendanceSystem;pair;2650;24;43;38;213;100;0,28;0,15;1,12;0,32;76,2;76,2;2,45;1,87
8;StudentAttendanceSystem;state;2651;24;45;10;55;100;0,4;0,35;0;0,07;76,2;77,2;0,94;0,82
8;StudentAttendanceSystem;transition;2651;24;45;14;45;100;0,29;0,74;0;0,13;77,2;77,2;1,31;1,17
8;StudentAttendanceSystem;pair;2651;24;45;41;229;100;0,41;0,18;1,22;0,29;78,2;79,2;2,73;2,1
8;StudentAttendanceSystem;state;2652;28;53;12;66;100;0,34;0,45;0;0,12;79,2;79,2;1,05;0,91
8;StudentAttendanceSystem;transition;2652;28;53;18;52;100;0,43;0,86;0;0,21;80,2;80,2;1,69;1,5
8;StudentAttendanceSystem;pair;2652;28;53;51;281;100;0,41;0,23;1,61;0,44;82,2;82,2;3,52;2,7
8;StudentAttendanceSystem;state;2653;23;43;8;43;100;0,32;0,33;0;0,09;82,2;83,2;0,86;0,74
8;StudentAttendanceSystem;transition;2653;23;43;16;42;100;0,3;0,75;0;0,1;83,2;83,2;1,3;1,15
8;StudentAttendanceSystem;pair;2653;23;43;38;208;100;0,23;0,14;1,02;0,32;84,2;85,2;2,3;1,71
8;StudentAttendanceSystem;state;2654;23;44;9;48;100;0,34;0,4;0;0,08;85,2;85,2;0,96;0,83
8;StudentAttendanceSystem;transition;2654;23;44;14;44;100;0,32;0,77;0;0,16;86,2;86,2;1,39;1,24
8;StudentAttendanceSystem;pair;2654;23;44;42;242;100;0,31;0,18;1,23;0,36;87,2;87,2;2,76;2,09
8;StudentAttendanceSystem;state;2655;28;57;13;69;100;0,46;0,49;0;0,16;88,2;88,2;1,33;1,11
8;StudentAttendanceSystem;transition;2655;28;57;20;57;100;0,34;0,91;0;0,21;89,2;89,2;1,64;1,46
8;StudentAttendanceSystem;pair;2655;28;57;56;310;100;0,42;0,27;2,24;0,43;90,2;91,2;4,22;3,35
8;StudentAttendanceSystem;state;2656;22;41;9;47;100;0,36;0,39;0;0,08;91,2;91,2;0,97;0,83
8;StudentAttendanceSystem;transition;2656;22;41;14;41;100;0,29;0,66;0;0,12;92,2;92,2;1,23;1,07
8;StudentAttendanceSystem;pair;2656;22;41;41;223;100;0,29;0,16;1,14;0,3;93,2;94,2;2,55;1,89
8;StudentAttendanceSystem;state;2657;26;52;11;61;100;0,38;0,41;0;0,1;94,2;94,2;1,01;0,89
8;StudentAttendanceSystem;transition;2657;26;52;17;52;100;0,34;0,83;0;0,18;95,2;95,2;1,52;1,35
8;StudentAttendanceSystem;pair;2657;26;52;51;287;100;0,38;0,27;1,61;0,36;96,2;97,2;3,39;2,62
8;StudentAttendanceSystem;state;2658;26;51;12;63;100;0,29;0,28;0;0,06;97,2;97,2;0,72;0,64
8;StudentAttendanceSystem;transition;2658;26;51;18;51;100;0,23;0,74;0;0,15;98,2;98,2;1,26;1,12
8;StudentAttendanceSystem;pair;2658;26;51;49;263;100;0,38;0,19;1,48;0,34;100,2;100,2;3,09;2,39
8;StudentAttendanceSystem;state;2659;28;55;11;62;100;0,34;0,44;0;0,1;101,2;101,2;0,98;0,88
8;StudentAttendanceSystem;transition;2659;28;55;19;54;100;0,37;0,93;0;0,21;101,2;102,2;1,67;1,51
8;StudentAttendanceSystem;pair;2659;28;55;49;279;100;0,37;0,25;1,41;0,4;103,2;103,2;3,18;2,43
8;StudentAttendanceSystem;state;2660;24;45;10;55;100;0,32;0,26;0;0,06;104,2;104,2;0,73;0,63
8;StudentAttendanceSystem;transition;2660;24;45;14;45;100;0,21;0,56;0;0,12;105,2;105,2;1,01;0,89
8;StudentAttendanceSystem;pair;2660;24;45;41;229;100;0,28;0,16;1,26;0,3;106,2;106,2;2,6;2
8;StudentAttendanceSystem;state;2661;25;46;10;53;100;0,31;0,37;0;0,08;107,2;107,2;0,87;0,76
8;StudentAttendanceSystem;transition;2661;25;46;16;45;100;0,34;0,72;0;0,17;107,2;107,2;1,41;1,23
8;StudentAttendanceSystem;pair;2661;25;46;45;247;100;0,34;0,2;1,35;0,32;109,2;109,2;2,85;2,21
8;StudentAttendanceSystem;state;2662;27;52;11;59;100;0,42;0,53;0;0,1;110,2;110,2;1,19;1,05
8;StudentAttendanceSystem;transition;2662;27;52;18;51;100;0,37;0,84;0;0,16;110,2;110,2;1,53;1,37
8;StudentAttendanceSystem;pair;2662;27;52;52;290;100;0,36;0,19;1,66;0,38;112,2;112,2;3,36;2,6
8;StudentAttendanceSystem;state;2663;29;56;12;67;100;0,43;0,46;0;0,11;113,2;113,2;1,13;1
8;StudentAttendanceSystem;transition;2663;29;56;18;55;100;0,38;0,98;0;0,22;114,2;114,2;1,76;1,58
8;StudentAttendanceSystem;pair;2663;29;56;52;300;100;0,39;0,24;1,44;0,39;115,2;116,2;3,14;2,47
8;StudentAttendanceSystem;state;2664;26;49;10;54;100;0,34;0,4;0;0,1;116,2;116,2;0,97;0,83
8;StudentAttendanceSystem;transition;2664;26;49;16;48;100;0,39;0,96;0;0,18;117,2;117,2;1,71;1,53
8;StudentAttendanceSystem;pair;2664;26;49;46;266;100;0,37;0,24;1,59;0,35;118,2;119,2;3,27;2,55
