RunID;SPL Name;Coverage Type;Product Index;FTS States;FTS Transitions;Test Cases;Total Test Actions;Coverage(%);Projection Time(ms);Test Generation Time(ms);Transformation Time(ms);Test Execution Time(ms);Test Generation Peak Memory(MB);Test Execution Peak Memory(MB);Wall Clock Time(ms);Segment Sum Time(ms)
4;StudentAttendanceSystem;state;1;21;39;8;42;100;9,83;9,55;0;4,12;15,32;15,32;27,82;23,51
4;StudentAttendanceSystem;transition;1;21;39;14;38;100;4,55;18;0;1,77;16,32;16,32;27,33;24,32
4;StudentAttendanceSystem;pair;1;21;39;36;194;100;3,14;4,55;12,44;3,86;17,32;18,32;32,96;23,99
4;StudentAttendanceSystem;state;2;26;48;11;58;100;2,44;3,05;0;0,94;18,32;18,32;8,63;6,43
4;StudentAttendanceSystem;transition;2;26;48;18;47;100;1,81;5,71;0;1,17;19,32;19,32;10,73;8,68
4;StudentAttendanceSystem;pair;2;26;48;40;212;100;1,59;0,87;7,21;2,21;20,32;21,32;16,72;11,89
4;StudentAttendanceSystem;state;3;31;62;14;76;100;1,52;2,33;0;0,65;22,32;22,32;6,38;4,5
4;StudentAttendanceSystem;transition;3;31;62;21;61;100;1,67;4,38;0;0,72;23,32;23,32;8,87;6,76
4;StudentAttendanceSystem;pair;3;31;62;50;293;100;1,5;0,88;20,29;2,07;26,48;6,48;30,58;24,74
4;StudentAttendanceSystem;state;4;22;40;9;49;100;1,35;1,59;0;0,29;6,48;7,48;4,87;3,23
4;StudentAttendanceSystem;transition;4;22;40;13;39;100;1,2;3,1;0;0,39;7,48;7,48;5,84;4,69
4;StudentAttendanceSystem;pair;4;22;40;38;214;100;1,03;0,68;5,09;1,01;8,48;9,48;10,86;7,8
4;StudentAttendanceSystem;state;5;30;60;13;73;100;1,27;1,63;0;0,38;10,48;10,48;4,13;3,29
4;StudentAttendanceSystem;transition;5;30;60;20;59;100;1,57;3,47;0;0,58;11,48;11,48;6,84;5,62
4;StudentAttendanceSystem;pair;5;30;60;52;300;100;1,16;1,29;6,4;1,06;13,48;13,48;13,65;9,91
4;StudentAttendanceSystem;state;6;25;51;11;60;100;1,17;1,69;0;0,24;14,48;14,48;3,99;3,1
4;StudentAttendanceSystem;transition;6;25;51;15;51;100;1,14;2,7;0;0,37;14,48;15,48;5,28;4,21
4;StudentAttendanceSystem;pair;6;25;51;48;280;100;1,33;0,81;5,2;1,21;16,48;17,48;12,09;8,55
4;StudentAttendanceSystem;state;7;11;17;4;17;100;0,67;0,66;0;0,08;17,48;17,48;2,08;1,41
4;StudentAttendanceSystem;transition;7;11;17;5;17;100;0,71;1,04;0;0,09;17,48;17,48;2,59;1,84
4;StudentAttendanceSystem;pair;7;11;17;16;66;100;0,6;0,23;1,24;0,21;18,48;18,48;3,77;2,29
4;StudentAttendanceSystem;state;8;30;60;13;70;100;1,23;1,53;0;0,28;19,48;19,48;3,81;3,04
4;StudentAttendanceSystem;transition;8;30;60;22;59;100;1,19;3,1;0;0,5;20,48;20,48;5,82;4,79
4;StudentAttendanceSystem;pair;8;30;60;54;306;100;1,15;0,84;5,2;0,99;21,48;22,48;11,49;8,19
4;StudentAttendanceSystem;state;9;18;33;7;36;100;0,82;0,94;0;0,13;23,48;23,48;2,54;1,89
4;StudentAttendanceSystem;transition;9;18;33;11;33;100;0,78;1,9;0;0,2;23,48;23,48;3,59;2,88
4;StudentAttendanceSystem;pair;9;18;33;29;159;100;0,88;0,52;2,64;0,56;24,48;24,48;7,41;4,61
4;StudentAttendanceSystem;state;10;13;21;6;25;100;0,79;0,7;0;0,41;25,48;25,48;2,53;1,89
4;StudentAttendanceSystem;transition;10;13;21;7;21;100;0,73;1,22;0;0,1;25,48;25,48;2,63;2,05
4;StudentAttendanceSystem;pair;10;13;21;18;77;100;0,69;0,25;1,29;0,26;26,48;26,48;4,1;2,48
4;StudentAttendanceSystem;state;11;22;38;9;50;100;0,78;1,01;0;0,18;27,48;27,48;2,74;1,97
4;StudentAttendanceSystem;transition;11;22;38;12;37;100;0,75;1,79;0;0,35;27,48;27,48;3,66;2,89
4;StudentAttendanceSystem;pair;11;22;38;31;168;100;0,82;0,54;2,78;0,59;28,48;29,48;7,65;4,73
4;StudentAttendanceSystem;state;12;24;44;10;56;100;0,91;1,37;0;0,26;29,48;29,48;3,26;2,55
4;StudentAttendanceSystem;transition;12;24;44;14;43;100;0,98;2,41;0;0,3;30,48;30,48;4,5;3,69
4;StudentAttendanceSystem;pair;12;24;44;37;211;100;0,89;0,66;4,4;0,97;31,48;32,48;10,3;6,92
4;StudentAttendanceSystem;state;13;22;42;10;50;100;1,07;1,71;0;0,15;32,48;32,48;3,48;2,93
4;StudentAttendanceSystem;transition;13;22;42;16;42;100;1,06;2,74;0;0,42;33,48;33,48;5,25;4,22
4;StudentAttendanceSystem;pair;13;22;42;35;182;100;1,05;0,6;3,25;0,8;34,48;34,48;9,37;5,69
4;StudentAttendanceSystem;state;14;20;41;9;44;100;1,08;1,55;0;0,19;35,48;35,48;3,54;2,83
4;StudentAttendanceSystem;transition;14;20;41;15;41;100;1,08;2,68;0;0,43;36,48;36,48;5,08;4,19
4;StudentAttendanceSystem;pair;14;20;41;39;217;100;0,91;0,54;4,25;0,87;37,48;37,48;10,46;6,57
4;StudentAttendanceSystem;state;15;22;43;9;45;100;1,1;1,4;0;0,22;38,48;38,48;3,74;2,73
4;StudentAttendanceSystem;transition;15;22;43;16;43;100;1,14;2,89;0;0,41;38,48;39,48;5,6;4,45
4;StudentAttendanceSystem;pair;15;22;43;43;231;100;1,11;0,88;4,05;0,95;40,48;40,48;10,53;6,98
4;StudentAttendanceSystem;state;16;27;54;12;67;100;1,25;1,61;0;0,29;41,48;41,48;3,9;3,15
4;StudentAttendanceSystem;transition;16;27;54;17;54;100;1,14;3,26;0;0,52;42,48;42,48;6,04;4,93
4;StudentAttendanceSystem;pair;16;27;54;45;265;100;1,21;0,85;4,97;1,09;43,48;44,48;11,83;8,11
4;StudentAttendanceSystem;state;17;27;54;12;68;100;1,19;1,48;0;0,31;44,48;44,48;3,8;2,97
4;StudentAttendanceSystem;transition;17;27;54;17;53;100;1,32;3,65;0;0,49;45,48;45,48;6,46;5,46
4;StudentAttendanceSystem;pair;17;27;54;47;281;100;1,04;0,85;5,3;1,13;47,48;47,48;12,45;8,32
4;StudentAttendanceSystem;state;18;12;19;5;22;100;0,93;0,81;0;0,1;48,48;48,48;2,48;1,84
4;StudentAttendanceSystem;transition;18;12;19;6;19;100;0,75;1,32;0;0,18;48,48;48,48;2,98;2,24
4;StudentAttendanceSystem;pair;18;12;19;21;86;100;0,67;0,3;1,44;0,35;49,48;49,48;4,52;2,76
4;StudentAttendanceSystem;state;19;27;54;12;68;100;1,08;1,53;0;0,29;49,48;50,48;3,72;2,9
4;StudentAttendanceSystem;transition;19;27;54;17;53;100;1,09;3,18;0;0,57;50,48;51,48;5,92;4,84
4;StudentAttendanceSystem;pair;19;27;54;46;278;100;1,08;0,82;5,9;1,29;52,48;53,48;12,89;9,09
4;StudentAttendanceSystem;state;20;22;38;8;42;100;0,95;1,26;0;0,23;53,48;53,48;3,1;2,43
4;StudentAttendanceSystem;transition;20;22;38;14;37;100;0,75;2,3;0;0,32;54,48;54,48;4,09;3,37
4;StudentAttendanceSystem;pair;20;22;38;33;168;100;0,85;0,55;3,21;0,69;55,48;55,48;7,66;5,3
4;StudentAttendanceSystem;state;21;18;31;7;35;100;0,72;0,9;0;0,21;55,48;56,48;2,43;1,82
4;StudentAttendanceSystem;transition;21;18;31;11;31;100;0,66;1,81;0;0,3;56,48;56,48;3,53;2,77
4;StudentAttendanceSystem;pair;21;18;31;25;127;100;0,69;0,37;2,25;0,55;57,48;57,48;5,97;3,85
4;StudentAttendanceSystem;state;22;27;51;11;59;100;0,92;13,57;0;0,17;58,48;5,39;15,34;14,65
4;StudentAttendanceSystem;transition;22;27;51;18;50;100;0,59;1,68;0;0,32;6,39;6,39;3,12;2,59
4;StudentAttendanceSystem;pair;22;27;51;40;226;100;0,54;0,7;4,46;0,66;7,39;8,39;8,77;6,35
4;StudentAttendanceSystem;state;23;19;34;8;38;100;0,86;0,68;0;0,17;8,39;8,39;2,16;1,71
4;StudentAttendanceSystem;transition;23;19;34;13;34;100;0,47;1,54;0;0,23;9,39;9,39;2,77;2,24
4;StudentAttendanceSystem;pair;23;19;34;26;133;100;0,52;0,41;1,97;0,41;10,39;10,39;5,24;3,31
4;StudentAttendanceSystem;state;24;27;55;11;61;100;0,72;0,96;0;0,3;10,39;10,39;2,49;1,98
4;StudentAttendanceSystem;transition;24;27;55;17;54;100;0,65;2,13;0;0,42;11,39;11,39;3,89;3,2
4;StudentAttendanceSystem;pair;24;27;55;52;302;100;0,66;0,6;5,15;0,97;13,39;14,39;9,97;7,38
4;StudentAttendanceSystem;state;25;13;22;6;25;100;0,43;0,49;0;0,09;14,39;14,39;1,42;1,01
4;StudentAttendanceSystem;transition;25;13;22;8;22;100;0,35;0,81;0;0,13;14,39;14,39;1,84;1,29
4;StudentAttendanceSystem;pair;25;13;22;21;87;100;0,37;0,17;0,92;0,23;15,39;15,39;2,68;1,69
4;StudentAttendanceSystem;state;26;12;19;5;22;100;0,38;0,52;0;0,15;16,39;16,39;1,48;1,05
4;StudentAttendanceSystem;transition;26;12;19;6;19;100;0,4;0,78;0;0,11;16,39;16,39;1,76;1,28
4;StudentAttendanceSystem;pair;26;12;19;20;82;100;0,37;0,24;1,02;0,24;17,39;17,39;2,92;1,87
4;StudentAttendanceSystem;state;27;23;46;10;54;100;0,64;0,78;0;0,15;17,39;17,39;2,07;1,58
4;StudentAttendanceSystem;transition;27;23;46;15;46;100;0,59;1,64;0;0,26;18,39;18,39;3,07;2,5
4;StudentAttendanceSystem;pair;27;23;46;42;240;100;0,55;0,41;3,11;0,66;19,39;20,39;6,76;4,74
4;StudentAttendanceSystem;state;28;26;53;11;62;100;0,67;0,92;0;0,19;20,39;20,39;2,36;1,79
4;StudentAttendanceSystem;transition;28;26;53;17;53;100;0,6;2,03;0;0,3;21,39;21,39;3,48;2,93
4;StudentAttendanceSystem;pair;28;26;53;44;262;100;0,62;0,5;3,45;0,68;23,39;23,39;7,58;5,25
4;StudentAttendanceSystem;state;29;22;39;9;49;100;0,58;0,81;0;0,2;23,39;24,39;2,09;1,59
4;StudentAttendanceSystem;transition;29;22;39;12;38;100;0,56;1,52;0;0,22;24,39;24,39;2,93;2,3
4;StudentAttendanceSystem;pair;29;22;39;35;199;100;0,5;0,32;2,56;0,53;25,39;26,39;5,81;3,9
4;StudentAttendanceSystem;state;30;25;51;12;68;100;0,61;0,84;0;0,19;26,39;26,39;2,13;1,64
4;StudentAttendanceSystem;transition;30;25;51;15;51;100;0,58;2,13;0;0,3;27,39;27,39;3,69;3,01
4;StudentAttendanceSystem;pair;30;25;51;47;279;100;0,63;0,7;4,19;0,65;28,39;29,39;9,24;6,17
4;StudentAttendanceSystem;state;31;27;56;12;64;100;0,69;0,97;0;0,2;29,39;30,39;2,4;1,86
4;StudentAttendanceSystem;transition;31;27;56;21;56;100;0,65;2,44;0;0,35;30,39;31,39;4,12;3,44
4;StudentAttendanceSystem;pair;31;27;56;53;293;100;0,66;0,72;4,24;1,03;32,39;33,39;9,24;6,65
4;StudentAttendanceSystem;state;32;12;18;5;22;100;0,42;0,66;0;0,07;33,39;33,39;1,53;1,15
4;StudentAttendanceSystem;transition;32;12;18;5;18;100;0,38;0,72;0;0,08;33,39;33,39;1,6;1,17
4;StudentAttendanceSystem;pair;32;12;18;16;68;100;0,39;0,2;1,15;0,16;34,39;34,39;3,09;1,9
4;StudentAttendanceSystem;state;33;17;30;7;34;100;0,51;0,51;0;0,16;34,39;34,39;1,5;1,17
4;StudentAttendanceSystem;transition;33;17;30;11;30;100;0,46;1,29;0;0,16;35,39;35,39;2,36;1,92
4;StudentAttendanceSystem;pair;33;17;30;25;130;100;0,38;0,38;2,05;0,35;36,39;36,39;4,79;3,16
4;StudentAttendanceSystem;state;34;23;46;9;46;100;0,48;0,74;0;0,15;37,39;37,39;1,71;1,37
4;StudentAttendanceSystem;transition;34;23;46;17;46;100;0,56;1,65;0;0,25;37,39;37,39;2,87;2,46
4;StudentAttendanceSystem;pair;34;23;46;43;241;100;0,58;0,48;4,02;0,57;39,39;39,39;7,48;5,65
4;StudentAttendanceSystem;state;35;19;37;8;40;100;0,5;0,71;0;0,1;39,39;40,39;1,7;1,32
4;StudentAttendanceSystem;transition;35;19;37;13;37;100;0,4;1,38;0;0,23;40,39;40,39;2,42;2
4;StudentAttendanceSystem;pair;35;19;37;37;199;100;0,4;0,5;2,75;0,58;41,39;42,39;5,65;4,23
4;StudentAttendanceSystem;state;36;24;48;11;62;100;0,5;0,7;0;0,19;42,39;42,39;1,73;1,39
4;StudentAttendanceSystem;transition;36;24;48;14;48;100;0,48;1,79;0;0,22;43,39;43,39;2,93;2,49
4;StudentAttendanceSystem;pair;36;24;48;40;242;100;0,52;0,46;2,93;0,58;44,39;45,39;5,9;4,49
4;StudentAttendanceSystem;state;37;22;39;8;42;100;0,52;0,64;0;0,12;45,39;45,39;1,61;1,28
4;StudentAttendanceSystem;transition;37;22;39;15;38;100;0,44;1,48;0;0,28;46,39;46,39;2,61;2,2
4;StudentAttendanceSystem;pair;37;22;39;35;179;100;0,42;0,33;2,1;0,4;47,39;47,39;4,43;3,24
4;StudentAttendanceSystem;state;38;19;34;8;38;100;0,42;0,54;0;0,1;48,39;48,39;1,43;1,06
4;StudentAttendanceSystem;transition;38;19;34;13;34;100;0,42;1,15;0;0,17;48,39;48,39;2,11;1,74
4;StudentAttendanceSystem;pair;38;19;34;28;139;100;0,41;0,34;1,8;0,34;49,39;49,39;4,03;2,89
4;StudentAttendanceSystem;state;39;21;37;8;41;100;0,45;0,58;0;0,1;50,39;50,39;1,43;1,13
4;StudentAttendanceSystem;transition;39;21;37;14;36;100;0,59;1,29;0;0,18;51,39;51,39;2,46;2,06
4;StudentAttendanceSystem;pair;39;21;37;32;164;100;0,4;0,47;2,15;0,33;52,39;52,39;4,73;3,35
4;StudentAttendanceSystem;state;40;29;57;13;69;100;0,71;0,95;0;0,22;52,39;53,39;2,32;1,88
4;StudentAttendanceSystem;transition;40;29;57;21;56;100;0,53;2,43;0;0,32;53,39;53,39;3,95;3,29
4;StudentAttendanceSystem;pair;40;29;57;56;302;100;0,57;0,7;4,78;0,66;55,39;56,39;8,55;6,71
4;StudentAttendanceSystem;state;41;26;49;11;56;100;0,52;0,83;0;0,15;56,39;56,39;1,85;1,5
4;StudentAttendanceSystem;transition;41;26;49;18;48;100;0,47;1,9;0;0,27;57,39;57,39;3,12;2,65
4;StudentAttendanceSystem;pair;41;26;49;46;251;100;0,52;0,57;3,8;0,75;58,39;59,39;7,29;5,63
4;StudentAttendanceSystem;state;42;20;34;8;43;100;0,64;0,85;0;0,14;59,39;59,39;2;1,63
4;StudentAttendanceSystem;transition;42;20;34;11;33;100;0,64;1,67;0;0,2;60,39;60,39;2,89;2,51
4;StudentAttendanceSystem;pair;42;20;34;30;164;100;0,61;0,36;2,26;0,47;61,39;61,39;5,16;3,7
4;StudentAttendanceSystem;state;43;22;41;9;47;100;0,63;0,83;0;0,18;62,39;62,39;2,01;1,64
4;StudentAttendanceSystem;transition;43;22;41;14;41;100;0,7;1,77;0;0,27;62,39;62,39;3,29;2,74
4;StudentAttendanceSystem;pair;43;22;41;41;223;100;0,69;0,37;3,77;0,61;64,39;64,39;6,97;5,44
4;StudentAttendanceSystem;state;44;28;57;13;72;100;0,94;1,11;0;0,24;64,39;65,39;2,69;2,28
4;StudentAttendanceSystem;transition;44;28;57;18;57;100;0,83;2,44;0;0,37;65,39;65,39;4,19;3,64
4;StudentAttendanceSystem;pair;44;28;57;54;312;100;0,81;0,73;5,29;0,92;67,39;68,39;10;7,74
4;StudentAttendanceSystem;state;45;12;18;5;22;100;0,5;0,62;0;0,15;68,39;68,39;1,75;1,28
4;StudentAttendanceSystem;transition;45;12;18;5;18;100;0,61;0,89;0;0,13;68,39;68,39;1,97;1,63
4;StudentAttendanceSystem;pair;45;12;18;18;75;100;0,45;0,19;0,99;0,19;69,39;69,39;2,84;1,82
4;StudentAttendanceSystem;state;46;28;58;13;69;100;0,8;1,29;0;0,23;70,39;70,39;2,75;2,32
4;StudentAttendanceSystem;transition;46;28;58;20;57;100;0,74;2,8;0;0,5;70,39;71,39;4,72;4,04
4;StudentAttendanceSystem;pair;46;28;58;51;293;100;0,93;0,96;5,16;0,84;72,39;73,39;9,59;7,89
4;StudentAttendanceSystem;state;47;18;33;7;37;100;0,52;0,77;0;0,15;73,39;73,39;1,82;1,43
4;StudentAttendanceSystem;transition;47;18;33;11;33;100;0,57;1,76;0;0,19;74,39;74,39;2,96;2,52
4;StudentAttendanceSystem;pair;47;18;33;31;172;100;0,6;0,47;3,04;0,49;75,39;75,39;6,1;4,6
4;StudentAttendanceSystem;state;48;19;35;8;42;100;0,61;0,89;0;0,13;75,39;75,39;1,96;1,62
4;StudentAttendanceSystem;transition;48;19;35;12;35;100;0,63;1,58;0;0,29;76,39;76,39;2,95;2,5
4;StudentAttendanceSystem;pair;48;19;35;31;157;100;0,67;0,42;3,05;0,46;77,39;77,39;6,31;4,59
4;StudentAttendanceSystem;state;49;19;36;7;36;100;0,62;0,84;0;0,09;78,39;78,39;1,87;1,55
4;StudentAttendanceSystem;transition;49;19;36;12;36;100;0,57;1,62;0;0,23;78,39;78,39;2,81;2,42
4;StudentAttendanceSystem;pair;49;19;36;38;202;100;0,59;0,54;3,5;0,57;79,39;80,39;6,88;5,2
4;StudentAttendanceSystem;state;50;19;32;7;37;100;0,58;0,74;0;0,11;80,39;80,39;1,79;1,43
4;StudentAttendanceSystem;transition;50;19;32;11;31;100;0,55;1,71;0;0,25;81,39;81,39;2,98;2,5
4;StudentAttendanceSystem;pair;50;19;32;26;136;100;0,54;0,36;1,9;0,37;82,39;82,39;4,46;3,17
4;StudentAttendanceSystem;state;51;25;49;9;49;100;0,68;0,92;0;0,15;82,39;82,39;2,07;1,75
4;StudentAttendanceSystem;transition;51;25;49;18;48;100;0,74;2,52;0;0,32;83,39;83,39;4,11;3,57
4;StudentAttendanceSystem;pair;51;25;49;46;260;100;0,75;0,6;4,33;0,81;85,39;85,39;8,36;6,49
4;StudentAttendanceSystem;state;52;24;49;11;59;100;0,74;1,08;0;0,31;86,39;86,39;2,51;2,14
4;StudentAttendanceSystem;transition;52;24;49;17;49;100;0,74;2,28;0;0,36;86,39;86,39;3,86;3,37
4;StudentAttendanceSystem;pair;52;24;49;45;259;100;0,93;0,62;4,45;0,83;88,39;88,39;8,87;6,82
4;StudentAttendanceSystem;state;53;19;33;8;44;100;0,63;0,93;0;0,11;89,39;89,39;2,02;1,68
4;StudentAttendanceSystem;transition;53;19;33;10;33;100;0,62;1,29;0;0,18;89,39;89,39;2,49;2,09
4;StudentAttendanceSystem;pair;53;19;33;27;144;100;0,68;0,38;2;0,41;90,39;90,39;4,94;3,48
4;StudentAttendanceSystem;state;54;12;18;5;22;100;0,48;0,61;0;0,07;91,39;91,39;1,46;1,16
4;StudentAttendanceSystem;transition;54;12;18;5;18;100;0,41;0,88;0;0,07;91,39;91,39;1,65;1,35
4;StudentAttendanceSystem;pair;54;12;18;16;68;100;0,41;0,26;0,93;0,17;92,39;92,39;2,67;1,77
4;StudentAttendanceSystem;state;55;27;52;11;59;100;0,74;1,09;0;0,17;92,39;92,39;2,38;2,01
4;StudentAttendanceSystem;transition;55;27;52;18;51;100;0,86;2,25;0;0,33;93,39;93,39;4;3,45
4;StudentAttendanceSystem;pair;55;27;52;52;294;100;0,83;0,78;4,62;0,79;95,39;95,39;9,46;7,02
4;StudentAttendanceSystem;state;56;23;45;10;56;100;0,81;0,97;0;0,17;96,39;96,39;2,46;1,96
4;StudentAttendanceSystem;transition;56;23;45;14;45;100;0,8;1,56;0;0,35;96,39;97,39;3,22;2,71
4;StudentAttendanceSystem;pair;56;23;45;40;234;100;0,67;0,57;3,54;0,57;98,39;98,39;7,26;5,35
4;StudentAttendanceSystem;state;57;24;47;10;51;100;0,7;0,98;0;0,16;99,39;99,39;2,27;1,84
4;StudentAttendanceSystem;transition;57;24;47;17;46;100;0,66;1,87;0;0,32;99,39;100,39;3,32;2,85
4;StudentAttendanceSystem;pair;57;24;47;42;240;100;0,66;0,67;3,53;0,66;101,39;101,39;7,48;5,52
4;StudentAttendanceSystem;state;58;25;46;10;53;100;0,79;0,98;0;0,15;102,39;102,39;2,35;1,91
4;StudentAttendanceSystem;transition;58;25;46;16;45;100;0,78;1,97;0;0,31;102,39;103,39;3,56;3,06
4;StudentAttendanceSystem;pair;58;25;46;45;243;100;0,69;0,6;5,91;0,43;104,53;5,53;9,37;7,64
4;StudentAttendanceSystem;state;59;27;56;12;67;100;0,57;0,89;0;0,15;6,53;6,53;1,94;1,6
4;StudentAttendanceSystem;transition;59;27;56;19;56;100;0,6;1,82;0;0,27;7,53;7,53;3,16;2,7
4;StudentAttendanceSystem;pair;59;27;56;51;291;100;0,62;0,55;3,6;0,54;8,53;9,53;6,96;5,3
4;StudentAttendanceSystem;state;60;17;29;7;37;100;0,41;0,57;0;0,08;9,53;9,53;1,4;1,06
4;StudentAttendanceSystem;transition;60;17;29;9;29;100;0,37;0,84;0;0,13;10,53;10,53;1,71;1,34
4;StudentAttendanceSystem;pair;60;17;29;27;143;100;0,42;0,3;1,45;0,32;11,53;11,53;3,49;2,49
4;StudentAttendanceSystem;state;61;31;62;14;75;100;0,68;0,9;0;0,16;11,53;11,53;2,03;1,74
4;StudentAttendanceSystem;transition;61;31;62;22;61;100;0,6;2;0;0,33;12,53;12,53;3,44;2,93
4;StudentAttendanceSystem;pair;61;31;62;60;338;100;0,6;0,59;4,42;0,61;14,53;15,53;8,11;6,22
4;StudentAttendanceSystem;state;62;19;35;8;38;100;0,45;0,79;0;0,09;15,53;15,53;1,66;1,33
4;StudentAttendanceSystem;transition;62;19;35;14;35;100;0,52;1,14;0;0,16;16,53;16,53;2,19;1,83
4;StudentAttendanceSystem;pair;62;19;35;31;154;100;0,45;0,43;1,67;0,27;17,53;17,53;3,96;2,83
4;StudentAttendanceSystem;state;63;19;33;7;37;100;0,54;0,59;0;0,07;17,53;18,53;1,49;1,2
4;StudentAttendanceSystem;transition;63;19;33;12;32;100;0,42;0,97;0;0,13;18,53;18,53;1,83;1,52
4;StudentAttendanceSystem;pair;63;19;33;29;147;100;0,47;0,4;1,54;0,24;19,53;19,53;3,68;2,64
4;StudentAttendanceSystem;state;64;19;31;8;40;100;0,48;0,59;0;0,08;20,53;20,53;1,44;1,15
4;StudentAttendanceSystem;transition;64;19;31;11;30;100;0,4;1,19;0;0,14;20,53;20,53;2,03;1,73
4;StudentAttendanceSystem;pair;64;19;31;24;120;100;0,42;0,26;1,3;0,19;21,53;21,53;3,5;2,16
4;StudentAttendanceSystem;state;65;16;27;6;30;100;0,4;0,44;0;0,07;22,53;22,53;1,23;0,91
4;StudentAttendanceSystem;transition;65;16;27;9;27;100;0,4;0,86;0;0,1;22,53;22,53;1,68;1,36
4;StudentAttendanceSystem;pair;65;16;27;22;112;100;0,39;0,31;1,15;0,18;23,53;23,53;2,9;2,03
4;StudentAttendanceSystem;state;66;24;45;9;48;100;0,59;0,82;0;0,1;24,53;24,53;1,82;1,51
4;StudentAttendanceSystem;transition;66;24;45;17;44;100;0,54;1,38;0;0,25;24,53;25,53;2,72;2,17
4;StudentAttendanceSystem;pair;66;24;45;42;226;100;0,52;0,55;2,62;0,48;26,53;26,53;5,63;4,17
4;StudentAttendanceSystem;state;67;19;33;7;37;100;0,44;0,61;0;0,09;27,53;27,53;1,44;1,14
4;StudentAttendanceSystem;transition;67;19;33;11;33;100;0,46;1,12;0;0,15;27,53;27,53;2,05;1,73
4;StudentAttendanceSystem;pair;67;19;33;32;163;100;0,42;0,41;1,74;0,27;28,53;28,53;3,98;2,85
4;StudentAttendanceSystem;state;68;17;26;6;31;100;0,42;0,45;0;0,07;29,53;29,53;1,18;0,94
4;StudentAttendanceSystem;transition;68;17;26;9;25;100;0,38;0,83;0;0,11;29,53;29,53;1,61;1,32
4;StudentAttendanceSystem;pair;68;17;26;20;98;100;0,37;0,27;1,04;0,15;30,53;30,53;2,62;1,82
4;StudentAttendanceSystem;state;69;30;61;13;73;100;0,55;0,91;0;0,15;31,53;31,53;1,86;1,61
4;StudentAttendanceSystem;transition;69;30;61;21;60;100;0,55;1,84;0;0,35;32,53;32,53;3,15;2,74
4;StudentAttendanceSystem;pair;69;30;61;55;315;100;0,59;0,67;3,8;0,54;34,53;34,53;7,35;5,6
4;StudentAttendanceSystem;state;70;18;29;7;34;100;0,39;0,55;0;0,07;34,53;34,53;1,29;1,01
4;StudentAttendanceSystem;transition;70;18;29;11;28;100;0,37;0,97;0;0,16;35,53;35,53;1,82;1,5
4;StudentAttendanceSystem;pair;70;18;29;19;92;100;0,36;0,23;0,92;0,16;36,53;36,53;2,52;1,67
4;StudentAttendanceSystem;state;71;12;19;5;22;100;0,35;0,39;0;0,05;36,53;36,53;1,06;0,79
4;StudentAttendanceSystem;transition;71;12;19;6;19;100;0,32;0,61;0;0,07;37,53;37,53;1,24;0,99
4;StudentAttendanceSystem;pair;71;12;19;18;74;100;0,29;0,17;0,63;0,11;37,53;37,53;1,87;1,2
4;StudentAttendanceSystem;state;72;24;45;10;56;100;0,53;0,66;0;0,12;38,53;38,53;1,59;1,31
4;StudentAttendanceSystem;transition;72;24;45;15;44;100;0,5;1,34;0;0,2;39,53;39,53;2,4;2,05
4;StudentAttendanceSystem;pair;72;24;45;40;226;100;0,53;0,48;2,31;0,38;40,53;40,53;5,04;3,7
4;StudentAttendanceSystem;state;73;18;32;7;35;100;0,46;0,52;0;0,09;41,53;41,53;1,39;1,07
4;StudentAttendanceSystem;transition;73;18;32;12;32;100;0,56;0,96;0;0,15;41,53;41,53;2,07;1,67
4;StudentAttendanceSystem;pair;73;18;32;28;142;100;0,38;0,37;1,27;0,23;42,53;42,53;3,82;2,25
4;StudentAttendanceSystem;state;74;27;53;11;59;100;0,59;0,75;0;0,14;43,53;43,53;1,78;1,48
4;StudentAttendanceSystem;transition;74;27;53;20;52;100;0,67;1,73;0;0,29;44,53;44,53;3,18;2,69
4;StudentAttendanceSystem;pair;74;27;53;47;257;100;0,52;0,5;2,86;0,49;45,53;46,53;5,97;4,37
4;StudentAttendanceSystem;state;75;17;30;7;33;100;0,37;0,43;0;0,07;46,53;46,53;1,1;0,87
4;StudentAttendanceSystem;transition;75;17;30;11;30;100;0,38;0,92;0;0,12;47,53;47,53;1,76;1,42
4;StudentAttendanceSystem;pair;75;17;30;23;118;100;0,41;0,27;1,08;0,25;48,53;48,53;2,89;2,01
4;StudentAttendanceSystem;state;76;19;33;7;37;100;0,4;0,55;0;0,08;48,53;48,53;1,27;1,02
4;StudentAttendanceSystem;transition;76;19;33;11;33;100;0,45;0,98;0;0,15;49,53;49,53;1,89;1,57
4;StudentAttendanceSystem;pair;76;19;33;31;163;100;0,38;0,29;1,33;0,29;50,53;50,53;3,32;2,29
4;StudentAttendanceSystem;state;77;19;35;8;43;100;0,38;0,67;0;0,1;50,53;51,53;1,43;1,15
4;StudentAttendanceSystem;transition;77;19;35;11;35;100;0,44;0,93;0;0,12;51,53;51,53;1,88;1,49
4;StudentAttendanceSystem;pair;77;19;35;34;176;100;0,4;0,5;1,95;0,34;52,53;52,53;4,44;3,18
4;StudentAttendanceSystem;state;78;26;47;11;60;100;0,54;0,79;0;0,13;53,53;53,53;1,92;1,46
4;StudentAttendanceSystem;transition;78;26;47;16;46;100;0,49;1,46;0;0,19;54,53;54,53;2,51;2,14
4;StudentAttendanceSystem;pair;78;26;47;43;229;100;0,54;0,39;2,38;0,45;55,53;55,53;5,16;3,76
4;StudentAttendanceSystem;state;79;21;40;9;48;100;0,5;0,66;0;0,09;56,53;56,53;1,51;1,25
4;StudentAttendanceSystem;transition;79;21;40;13;40;100;0,41;0,98;0;0,15;56,53;57,53;1,84;1,53
4;StudentAttendanceSystem;pair;79;21;40;35;193;100;0,42;0,37;2,07;0,3;58,53;58,53;4,95;3,16
4;StudentAttendanceSystem;state;80;28;56;12;66;100;0,42;0,59;0;0,14;58,53;59,53;1,45;1,15
4;StudentAttendanceSystem;transition;80;28;56;17;55;100;0,5;1,83;0;0,34;59,53;59,53;3,19;2,67
4;StudentAttendanceSystem;pair;80;28;56;52;304;100;0,55;0,74;3,11;0,53;61,53;61,53;6,69;4,93
4;StudentAttendanceSystem;state;81;11;17;4;17;100;0,31;0,38;0;0,03;62,53;62,53;0,9;0,72
4;StudentAttendanceSystem;transition;81;11;17;5;17;100;0,21;0,55;0;0,05;62,53;62,53;1,06;0,81
4;StudentAttendanceSystem;pair;81;11;17;18;73;100;0,29;0,25;0,54;0,17;63,53;63,53;1,92;1,25
4;StudentAttendanceSystem;state;82;17;26;6;31;100;0,33;0,4;0;0,06;63,53;63,53;1,01;0,79
4;StudentAttendanceSystem;transition;82;17;26;9;25;100;0,31;0,71;0;0,1;64,53;64,53;1,41;1,12
4;StudentAttendanceSystem;pair;82;17;26;18;86;100;0,32;0,32;0,56;0,1;64,53;65,53;1,89;1,3
4;StudentAttendanceSystem;state;83;31;64;14;76;100;0,54;0,81;0;0,17;65,53;65,53;1,78;1,52
4;StudentAttendanceSystem;transition;83;31;64;23;63;100;0,57;1,94;0;0,34;66,53;66,53;3,29;2,85
4;StudentAttendanceSystem;pair;83;31;64;57;325;100;0,57;0,8;3,48;0,57;68,53;69,53;7,65;5,42
4;StudentAttendanceSystem;state;84;21;39;9;47;100;0,39;0,4;0;0,06;69,53;69,53;1,02;0,85
4;StudentAttendanceSystem;transition;84;21;39;14;39;100;0,26;0,76;0;0,17;70,53;70,53;1,52;1,2
4;StudentAttendanceSystem;pair;84;21;39;34;176;100;0,43;0,45;1,2;0,24;71,53;71,53;3,14;2,32
4;StudentAttendanceSystem;state;85;19;32;7;36;100;0,37;0,51;0;0,09;71,53;72,53;1,23;0,97
4;StudentAttendanceSystem;transition;85;19;32;11;32;100;0,4;0,82;0;0,11;72,53;72,53;1,66;1,34
4;StudentAttendanceSystem;pair;85;19;32;25;129;100;0,37;0,38;1,07;0,22;73,53;73,53;2,8;2,02
4;StudentAttendanceSystem;state;86;23;41;9;45;100;0,48;0,5;0;0,12;74,53;74,53;1,39;1,1
4;StudentAttendanceSystem;transition;86;23;41;16;40;100;0,42;1,11;0;0,2;74,53;74,53;2,06;1,72
4;StudentAttendanceSystem;pair;86;23;41;33;174;100;0,48;0,33;1,17;0,34;75,53;76,53;3,42;2,32
4;StudentAttendanceSystem;state;87;21;42;9;46;100;0,48;0,54;0;0,07;76,53;76,53;1,28;1,08
4;StudentAttendanceSystem;transition;87;21;42;15;42;100;0,28;0,79;0;0,17;77,53;77,53;1,52;1,24
4;StudentAttendanceSystem;pair;87;21;42;40;228;100;0,43;0,67;1,95;0,31;78,53;79,53;4,66;3,37
4;StudentAttendanceSystem;state;88;19;33;8;44;100;0,32;0,71;0;0,08;79,53;79,53;1,34;1,1
4;StudentAttendanceSystem;transition;88;19;33;10;33;100;0,37;0,85;0;0,15;80,53;80,53;1,69;1,37
4;StudentAttendanceSystem;pair;88;19;33;25;137;100;0,38;0,39;1,17;0,22;80,53;81,53;3,29;2,16
4;StudentAttendanceSystem;state;89;20;36;8;41;100;0,39;0,56;0;0,09;81,53;81,53;1,3;1,03
4;StudentAttendanceSystem;transition;89;20;36;13;35;100;0,47;0,9;0;0,13;82,53;82,53;1,84;1,51
4;StudentAttendanceSystem;pair;89;20;36;33;171;100;0,39;0,43;1,65;0,3;83,53;83,53;4;2,77
4;StudentAttendanceSystem;state;90;25;53;12;63;100;0,63;0,89;0;0,16;84,53;84,53;1,97;1,68
4;StudentAttendanceSystem;transition;90;25;53;18;53;100;0,51;1,42;0;0,27;84,53;85,53;2,52;2,2
4;StudentAttendanceSystem;pair;90;25;53;47;269;100;0,64;0,64;2,94;0,48;86,53;86,53;6,06;4,7
4;StudentAttendanceSystem;state;91;21;39;9;45;100;0,47;0,59;0;0,09;87,53;87,53;1,37;1,14
4;StudentAttendanceSystem;transition;91;21;39;13;39;100;0,43;1,04;0;0,19;87,53;88,53;2,02;1,66
4;StudentAttendanceSystem;pair;91;21;39;35;183;100;0,47;0,38;1,84;0,31;89,53;89,53;4,13;3
4;StudentAttendanceSystem;state;92;21;38;8;43;100;0,42;0,58;0;0,1;89,53;89,53;1,34;1,1
4;StudentAttendanceSystem;transition;92;21;38;13;37;100;0,47;1,19;0;0,17;90,53;90,53;2,12;1,82
4;StudentAttendanceSystem;pair;92;21;38;34;192;100;0,44;0,49;1,73;0,3;91,53;91,53;4,05;2,96
4;StudentAttendanceSystem;state;93;25;47;9;49;100;0,5;0,71;0;0,14;92,53;92,53;1,63;1,35
4;StudentAttendanceSystem;transition;93;25;47;16;46;100;0,49;1,24;0;0,18;93,53;93,53;2,21;1,91
4;StudentAttendanceSystem;pair;93;25;47;39;228;100;0,48;0,6;2,05;0,37;94,53;94,53;4,59;3,49
4;StudentAttendanceSystem;state;94;17;31;7;33;100;0,38;0,53;0;0,06;95,53;95,53;1,18;0,98
4;StudentAttendanceSystem;transition;94;17;31;12;31;100;0,36;0,85;0;0,14;95,53;95,53;1,65;1,35
4;StudentAttendanceSystem;pair;94;17;31;27;133;100;0,39;0,28;1,16;0,21;96,53;96,53;2,79;2,04
4;StudentAttendanceSystem;state;95;22;38;9;50;100;0,47;0,56;0;0,1;97,53;97,53;1,33;1,12
4;StudentAttendanceSystem;transition;95;22;38;12;37;100;0,42;0,95;0;0,15;97,53;98,53;1,79;1,52
4;StudentAttendanceSystem;pair;95;22;38;31;168;100;0,44;0,33;1,42;0,28;99,53;99,53;3,43;2,47
4;StudentAttendanceSystem;state;96;18;28;7;34;100;0,44;0,5;0;0,06;99,53;99,53;1,19;0,99
4;StudentAttendanceSystem;transition;96;18;28;10;27;100;0,32;1,29;0;0,1;100,53;100,53;1,95;1,71
4;StudentAttendanceSystem;pair;96;18;28;17;83;100;0,37;0,32;0,88;0,14;100,53;101,53;2,5;1,71
4;StudentAttendanceSystem;state;97;24;47;10;52;100;0,47;0,68;0;0,1;101,53;101,53;1,44;1,25
4;StudentAttendanceSystem;transition;97;24;47;17;46;100;0,44;1,2;0;0,18;102,53;102,53;2,14;1,82
4;StudentAttendanceSystem;pair;97;24;47;41;225;100;0,44;0,47;2,29;0,36;103,53;104,53;4,73;3,56
4;StudentAttendanceSystem;state;98;22;38;8;43;100;0,45;0,57;0;0,07;104,53;104,53;1,29;1,09
4;StudentAttendanceSystem;transition;98;22;38;13;37;100;0,48;1,2;0;0,15;105,53;105,53;2,05;1,83
4;StudentAttendanceSystem;pair;98;22;38;35;183;100;0,43;0,47;2,32;0,43;106,53;106,53;5,03;3,65
4;StudentAttendanceSystem;state;99;12;20;5;20;100;0,43;0,56;0;0,05;106,53;106,53;1,28;1,04
4;StudentAttendanceSystem;transition;99;12;20;7;20;100;0,48;0,76;0;0,08;107,53;107,53;1,69;1,32
4;StudentAttendanceSystem;pair;99;12;20;18;75;100;0,39;0,28;0,78;0,2;107,53;108,53;2,48;1,64
4;StudentAttendanceSystem;state;100;20;37;8;41;100;0,59;0,8;0;0,11;108,53;108,53;1,75;1,5
4;StudentAttendanceSystem;transition;100;20;37;13;36;100;0,51;1,26;0;0,27;109,53;109,53;2,38;2,04
4;StudentAttendanceSystem;pair;100;20;37;33;181;100;0,53;0,52;2,39;0,51;110,53;110,53;5,29;3,95
4;StudentAttendanceSystem;state;101;22;39;9;44;100;0,62;0,84;0;0,12;110,53;110,53;1,92;1,59
4;StudentAttendanceSystem;transition;101;22;39;15;38;100;0,63;1,52;0;0,24;111,53;111,53;2,9;2,39
4;StudentAttendanceSystem;pair;101;22;39;31;160;100;0,63;0,58;1,99;0,39;112,53;112,53;5,21;3,6
4;StudentAttendanceSystem;state;102;27;55;12;66;100;0,73;1,05;0;0,26;113,53;113,53;2,41;2,05
4;StudentAttendanceSystem;transition;102;27;55;18;54;100;0,71;1,91;0;0,32;114,53;114,53;3,34;2,93
4;StudentAttendanceSystem;pair;102;27;55;49;283;100;0,77;0,52;3,18;0,74;116,53;116,53;7,35;5,22
4;StudentAttendanceSystem;state;103;24;49;11;60;100;0,82;1,05;0;0,16;117,53;117,53;2,35;2,03
4;StudentAttendanceSystem;transition;103;24;49;15;49;100;0,64;1,57;0;0,24;117,53;118,53;3;2,45
4;StudentAttendanceSystem;pair;103;24;49;41;243;100;0,61;0,78;2,67;0,74;119,53;119,53;6,52;4,8
4;StudentAttendanceSystem;state;104;22;43;8;43;100;0,63;0,78;0;0,13;120,53;120,53;1,87;1,54
4;StudentAttendanceSystem;transition;104;22;43;15;42;100;0,61;1,58;0;0,26;120,53;121,53;2,86;2,45
4;StudentAttendanceSystem;pair;104;22;43;40;228;100;0,61;0,38;2,6;0,61;122,53;122,53;5,65;4,2
4;StudentAttendanceSystem;state;105;16;27;6;30;100;0,53;0,68;0;0,09;122,53;122,53;1,55;1,29
4;StudentAttendanceSystem;transition;105;16;27;9;27;100;0,47;0,95;0;0,14;123,53;123,53;1,88;1,56
4;StudentAttendanceSystem;pair;105;16;27;22;112;100;0,51;0,2;1,44;0,27;124,53;124,53;3,53;2,42
4;StudentAttendanceSystem;state;106;11;17;4;17;100;0,51;0,51;0;0,04;124,53;124,53;1,37;1,06
4;StudentAttendanceSystem;transition;106;11;17;5;17;100;0,47;0,69;0;0,07;125,53;125,53;1,6;1,23
4;StudentAttendanceSystem;pair;106;11;17;17;69;100;0,39;0,15;0,79;0,17;125,53;125,53;2,45;1,5
4;StudentAttendanceSystem;state;107;21;35;8;39;100;0,59;0,86;0;0,13;126,53;126,53;1,83;1,58
4;StudentAttendanceSystem;transition;107;21;35;14;34;100;0,57;1,33;0;0,2;126,53;127,53;2,42;2,1
4;StudentAttendanceSystem;pair;107;21;35;25;124;100;0,52;0,29;1,51;0,33;127,53;128,53;3,69;2,66
4;StudentAttendanceSystem;state;108;19;34;8;43;100;0,57;0,95;0;0,14;128,53;128,53;1,96;1,67
4;StudentAttendanceSystem;transition;108;19;34;11;34;100;0,55;1,03;0;0,13;129,53;129,53;1,91;1,7
4;StudentAttendanceSystem;pair;108;19;34;29;155;100;0,58;0,37;1,55;0,37;130,53;130,53;3,97;2,88
4;StudentAttendanceSystem;state;109;20;33;8;43;100;0,62;1,07;0;0,12;130,53;130,53;2,12;1,8
4;StudentAttendanceSystem;transition;109;20;33;10;32;100;0,63;1,23;0;0,2;131,53;131,53;2,37;2,07
4;StudentAttendanceSystem;pair;109;20;33;28;152;100;0,61;0,26;1,91;0,33;132,53;132,53;4,28;3,11
4;StudentAttendanceSystem;state;110;18;28;7;37;100;0,56;0,59;0;0,11;132,53;132,53;1,51;1,26
4;StudentAttendanceSystem;transition;110;18;28;9;27;100;0,51;1,1;0;0,16;133,53;133,53;2,07;1,76
4;StudentAttendanceSystem;pair;110;18;28;24;120;100;0,55;0,21;1,28;0,27;134,53;134,53;3,29;2,31
4;StudentAttendanceSystem;state;111;23;41;9;48;100;0,65;0,77;0;0,16;134,53;135,53;2,08;1,57
4;StudentAttendanceSystem;transition;111;23;41;13;40;100;0,64;1,55;0;0,25;135,53;135,53;2,79;2,44
4;StudentAttendanceSystem;pair;111;23;41;38;202;100;0,69;0,31;2,45;0,47;136,53;137,53;5,25;3,92
4;StudentAttendanceSystem;state;112;22;39;9;49;100;0,63;0,8;0;0,15;137,53;137,53;2,01;1,58
4;StudentAttendanceSystem;transition;112;22;39;13;38;100;0,73;1,6;0;0,25;138,53;138,53;2,92;2,59
4;StudentAttendanceSystem;pair;112;22;39;32;176;100;0,63;0,35;1,98;0,49;139,53;139,53;4,77;3,46
4;StudentAttendanceSystem;state;113;22;38;9;44;100;0,61;0,83;0;0,13;140,53;140,53;1,86;1,57
4;StudentAttendanceSystem;transition;113;22;38;15;37;100;0,61;1,52;0;0,23;140,53;140,53;2,68;2,36
4;StudentAttendanceSystem;pair;113;22;38;36;174;100;0,65;0,27;1,7;0,48;141,53;142,53;4,35;3,1
4;StudentAttendanceSystem;state;114;19;33;7;36;100;0,6;0,74;0;0,09;142,53;142,53;1,64;1,43
4;StudentAttendanceSystem;transition;114;19;33;12;33;100;0,51;1,17;0;0,2;143,53;143,53;2,14;1,87
4;StudentAttendanceSystem;pair;114;19;33;27;137;100;0,54;0,28;1,31;0,28;144,53;144,53;3,46;2,41
4;StudentAttendanceSystem;state;115;21;39;9;50;100;0,64;0,8;0;0,14;144,53;144,53;1,87;1,57
4;StudentAttendanceSystem;transition;115;21;39;12;39;100;0,66;1,44;0;0,21;145,53;145,53;2,73;2,32
4;StudentAttendanceSystem;pair;115;21;39;34;191;100;0,63;0,41;2,11;0,46;146,53;146,53;5,31;3,61
4;StudentAttendanceSystem;state;116;22;40;9;48;100;0,74;0,96;0;0,13;147,53;147,53;2,11;1,82
4;StudentAttendanceSystem;transition;116;22;40;14;40;100;0,66;1,42;0;0,23;147,53;148,53;2,64;2,31
4;StudentAttendanceSystem;pair;116;22;40;35;182;100;0,61;0,46;1,74;0,44;149,53;149,53;4,48;3,25
4;StudentAttendanceSystem;state;117;26;51;11;61;100;0,76;1,02;0;0,17;149,53;149,53;2,24;1,95
4;StudentAttendanceSystem;transition;117;26;51;17;51;100;0,52;1,31;0;0,19;5,42;5,42;2,35;2,02
4;StudentAttendanceSystem;pair;117;26;51;45;257;100;0,55;0,34;2,74;0,42;7,42;7,42;5,19;4,06
4;StudentAttendanceSystem;state;118;24;50;11;60;100;0,54;0,72;0;0,13;8,42;8,42;1,6;1,39
4;StudentAttendanceSystem;transition;118;24;50;16;50;100;0,51;1,19;0;0,18;8,42;8,42;2,13;1,88
4;StudentAttendanceSystem;pair;118;24;50;45;259;100;0,54;0,43;2,17;0,46;10,42;10,42;4,67;3,61
4;StudentAttendanceSystem;state;119;27;55;12;66;100;0,61;0,72;0;0,13;11,42;11,42;1,71;1,46
4;StudentAttendanceSystem;transition;119;27;55;18;54;100;0,49;1,39;0;0,24;12,42;12,42;2,43;2,12
4;StudentAttendanceSystem;pair;119;27;55;49;283;100;0,5;0,39;2,69;0,47;13,42;14,42;5,15;4,05
4;StudentAttendanceSystem;state;120;16;28;6;30;100;0,45;0,4;0;0,05;14,42;14,42;1,07;0,91
4;StudentAttendanceSystem;transition;120;16;28;10;28;100;0,32;0,81;0;0,09;15,42;15,42;1,43;1,22
4;StudentAttendanceSystem;pair;120;16;28;25;123;100;0,36;0,19;0,88;0,22;15,42;16,42;2,38;1,65
4;StudentAttendanceSystem;state;121;24;44;9;50;100;0,45;0,58;0;0,11;16,42;16,42;1,35;1,14
4;StudentAttendanceSystem;transition;121;24;44;16;43;100;0,44;1,25;0;0,23;17,42;17,42;2,18;1,92
4;StudentAttendanceSystem;pair;121;24;44;37;195;100;0,43;0,26;1,62;0,35;18,42;18,42;3,69;2,66
4;StudentAttendanceSystem;state;122;26;52;11;61;100;0,55;0,68;0;0,14;19,42;19,42;1,58;1,36
4;StudentAttendanceSystem;transition;122;26;52;18;52;100;0,53;1,38;0;0,22;20,42;20,42;2,41;2,13
4;StudentAttendanceSystem;pair;122;26;52;48;268;100;0,48;0,36;2,24;0,46;21,42;22,42;4,66;3,54
4;StudentAttendanceSystem;state;123;19;30;7;35;100;0,48;0,44;0;0,07;22,42;22,42;1,17;0,99
4;StudentAttendanceSystem;transition;123;19;30;11;29;100;0,34;0,96;0;0,13;23,42;23,42;1,64;1,42
4;StudentAttendanceSystem;pair;123;19;30;21;101;100;0,41;0,16;1,22;0,24;23,42;24,42;2,71;2,02
4;StudentAttendanceSystem;state;124;30;58;13;72;100;0,68;0,99;0;0,17;24,42;24,42;2,07;1,85
4;StudentAttendanceSystem;transition;124;30;58;19;57;100;0,56;1,28;0;0,26;25,42;25,42;2,51;2,11
4;StudentAttendanceSystem;pair;124;30;58;55;313;100;0,57;0,36;2,27;0,36;27,42;27,42;4,66;3,56
4;StudentAttendanceSystem;state;125;24;48;10;51;100;0,32;0,4;0;0,11;28,42;28,42;0,98;0,83
4;StudentAttendanceSystem;transition;125;24;48;18;48;100;0,44;1,13;0;0,19;28,42;29,42;1,98;1,76
4;StudentAttendanceSystem;pair;125;24;48;43;243;100;0,44;0,35;2,05;0,31;30,42;30,42;4,13;3,16
4;StudentAttendanceSystem;state;126;22;38;9;50;100;0,39;0,67;0;0,1;31,42;31,42;1,34;1,16
4;StudentAttendanceSystem;transition;126;22;38;12;37;100;0,39;1,12;0;0,16;31,42;31,42;1,89;1,68
4;StudentAttendanceSystem;pair;126;22;38;30;164;100;0,41;0,23;1,31;0,31;32,42;33,42;3,09;2,26
4;StudentAttendanceSystem;state;127;23;43;9;50;100;0,5;0,63;0;0,09;33,42;33,42;1,42;1,23
4;StudentAttendanceSystem;transition;127;23;43;14;43;100;0,36;1,05;0;0,15;34,42;34,42;1,78;1,55
4;StudentAttendanceSystem;pair;127;23;43;35;197;100;0,5;0,28;1,62;0,33;35,42;35,42;3,68;2,73
4;StudentAttendanceSystem;state;128;21;41;8;43;100;0,46;0,6;0;0,1;36,42;36,42;1,34;1,16
4;StudentAttendanceSystem;transition;128;21;41;13;41;100;0,42;1,02;0;0,18;36,42;37,42;1,9;1,63
4;StudentAttendanceSystem;pair;128;21;41;41;223;100;0,56;0,29;1,85;0,44;38,42;38,42;4,09;3,14
4;StudentAttendanceSystem;state;129;20;37;8;42;100;0,4;0,61;0;0,09;38,42;39,42;1,29;1,1
4;StudentAttendanceSystem;transition;129;20;37;12;37;100;0,45;0,9;0;0,12;39,42;39,42;1,72;1,47
4;StudentAttendanceSystem;pair;129;20;37;37;189;100;0,45;0,27;1,33;0,32;40,42;40,42;3,28;2,38
4;StudentAttendanceSystem;state;130;17;30;7;33;100;0,35;0,45;0;0,06;41,42;41,42;1,05;0,86
4;StudentAttendanceSystem;transition;130;17;30;11;30;100;0,37;0,73;0;0,13;41,42;42,42;1,44;1,23
4;StudentAttendanceSystem;pair;130;17;30;24;121;100;0,39;0,18;0,91;0,21;42,42;42,42;2,4;1,69
4;StudentAttendanceSystem;state;131;25;45;10;55;100;0,47;0,65;0;0,17;43,42;43,42;1,46;1,28
4;StudentAttendanceSystem;transition;131;25;45;16;44;100;0,46;1,33;0;0,18;44,42;44,42;2,21;1,97
4;StudentAttendanceSystem;pair;131;25;45;37;197;100;0,47;0,32;1,42;0,32;45,42;45,42;3,51;2,53
4;StudentAttendanceSystem;state;132;25;51;12;68;100;0,57;0,75;0;0,15;46,42;46,42;1,69;1,47
4;StudentAttendanceSystem;transition;132;25;51;15;51;100;0,55;1,21;0;0,17;47,42;47,42;2,17;1,93
4;StudentAttendanceSystem;pair;132;25;51;47;279;100;0,51;0,37;2,27;0,49;48,42;49,42;4,73;3,63
4;StudentAttendanceSystem;state;133;17;26;6;31;100;0,36;0,5;0;0,07;49,42;49,42;1,14;0,93
4;StudentAttendanceSystem;transition;133;17;26;8;26;100;0,39;0,68;0;0,07;49,42;49,42;1,34;1,14
4;StudentAttendanceSystem;pair;133;17;26;21;101;100;0,38;0,13;0,89;0,2;50,42;50,42;2,46;1,59
4;StudentAttendanceSystem;state;134;29;59;12;68;100;0,77;0,83;0;0,13;51,42;51,42;1,95;1,74
4;StudentAttendanceSystem;transition;134;29;59;20;58;100;0,52;1,52;0;0,23;52,42;52,42;2,55;2,27
4;StudentAttendanceSystem;pair;134;29;59;52;302;100;0,54;0,45;3,09;0,55;53,42;54,42;5,87;4,63
4;StudentAttendanceSystem;state;135;27;55;12;67;100;0,56;0,82;0;0,16;55,42;55,42;1,75;1,54
4;StudentAttendanceSystem;transition;135;27;55;18;55;100;0,51;1,35;0;0,23;55,42;55,42;2,42;2,1
4;StudentAttendanceSystem;pair;135;27;55;48;276;100;0,51;0,39;2,48;0,46;57,42;57,42;5,11;3,85
4;StudentAttendanceSystem;state;136;28;53;12;66;100;0,61;0,79;0;0,12;58,42;58,42;1,72;1,51
4;StudentAttendanceSystem;transition;136;28;53;18;52;100;0,53;1,37;0;0,19;59,42;59,42;2,34;2,1
4;StudentAttendanceSystem;pair;136;28;53;51;277;100;0,5;0,35;2,13;0,49;60,42;61,42;4,42;3,46
4;StudentAttendanceSystem;state;137;22;44;10;51;100;0,42;0,57;0;0,1;61,42;62,42;1,25;1,09
4;StudentAttendanceSystem;transition;137;22;44;16;44;100;0,41;1;0;0,18;62,42;62,42;1,82;1,59
4;StudentAttendanceSystem;pair;137;22;44;40;214;100;0,45;0,28;1,87;0,35;63,42;64,42;4,13;2,95
4;StudentAttendanceSystem;state;138;18;33;7;37;100;0,42;0,63;0;0,07;64,42;64,42;1,37;1,12
4;StudentAttendanceSystem;transition;138;18;33;11;33;100;0,42;0,92;0;0,12;65,42;65,42;1,74;1,46
4;StudentAttendanceSystem;pair;138;18;33;31;172;100;0,41;0,2;1,23;0,29;66,42;66,42;2,91;2,13
4;StudentAttendanceSystem;state;139;26;52;11;61;100;0,52;0,75;0;0,13;67,42;67,42;1,58;1,4
4;StudentAttendanceSystem;transition;139;26;52;18;52;100;0,55;1,27;0;0,22;67,42;68,42;2,31;2,04
4;StudentAttendanceSystem;pair;139;26;52;48;268;100;0,55;0,33;2,16;0,46;69,42;69,42;4,7;3,5
4;StudentAttendanceSystem;state;140;24;43;9;50;100;0,52;0,57;0;0,1;70,42;70,42;1,39;1,19
4;StudentAttendanceSystem;transition;140;24;43;15;42;100;0,45;1,13;0;0,42;71,42;71,42;2,28;2
4;StudentAttendanceSystem;pair;140;24;43;35;189;100;0,41;0,26;1,42;0,28;72,42;72,42;3,35;2,36
4;StudentAttendanceSystem;state;141;21;39;8;42;100;0,41;0,59;0;0,1;72,42;73,42;1,28;1,09
4;StudentAttendanceSystem;transition;141;21;39;14;38;100;0,41;0,99;0;0,15;73,42;73,42;1,79;1,55
4;StudentAttendanceSystem;pair;141;21;39;36;194;100;0,39;0,25;1,56;0,37;74,42;75,42;3,48;2,56
4;StudentAttendanceSystem;state;142;15;26;6;29;100;0,37;0,42;0;0,06;75,42;75,42;1,02;0,85
4;StudentAttendanceSystem;transition;142;15;26;9;26;100;0,31;0,68;0;0,11;75,42;76,42;1,32;1,1
4;StudentAttendanceSystem;pair;142;15;26;22;110;100;0,32;0,24;0,78;0,15;76,42;76,42;2,17;1,49
4;StudentAttendanceSystem;state;143;15;26;6;29;100;0,34;0,45;0;0,08;77,42;77,42;1,04;0,86
4;StudentAttendanceSystem;transition;143;15;26;9;26;100;0,32;0,63;0;0,08;77,42;77,42;1,23;1,03
4;StudentAttendanceSystem;pair;143;15;26;21;107;100;0,32;0,16;0,75;0,15;78,42;78,42;2,02;1,38
4;StudentAttendanceSystem;state;144;20;36;8;43;100;0,39;0,5;0;0,08;79,42;79,42;1,13;0,97
4;StudentAttendanceSystem;transition;144;20;36;12;36;100;0,38;0,93;0;0,13;79,42;79,42;1,66;1,45
4;StudentAttendanceSystem;pair;144;20;36;29;163;100;0,49;0,2;1,21;0,32;80,42;81,42;3,01;2,23
4;StudentAttendanceSystem;state;145;25;45;10;55;100;0,48;0,73;0;0,11;81,42;81,42;1,51;1,32
4;StudentAttendanceSystem;transition;145;25;45;16;44;100;0,45;1,22;0;0,19;82,42;82,42;2,13;1,86
4;StudentAttendanceSystem;pair;145;25;45;38;202;100;0,45;0,31;1,6;0,32;83,42;83,42;3,71;2,68
4;StudentAttendanceSystem;state;146;19;35;8;43;100;0,43;0,5;0;0,07;84,42;84,42;1,19;1
4;StudentAttendanceSystem;transition;146;19;35;11;35;100;0,36;0,92;0;0,13;84,42;85,42;1,72;1,41
4;StudentAttendanceSystem;pair;146;19;35;34;190;100;0,36;0,24;1,54;0,27;86,42;86,42;3,24;2,41
4;StudentAttendanceSystem;state;147;25;47;10;53;100;0,47;0,6;0;0,13;86,42;86,42;1,39;1,19
4;StudentAttendanceSystem;transition;147;25;47;17;46;100;0,45;1,23;0;0,23;87,42;87,42;2,18;1,91
4;StudentAttendanceSystem;pair;147;25;47;48;258;100;0,42;0,31;2,12;0,42;89,42;89,42;4,35;3,28
4;StudentAttendanceSystem;state;148;25;52;12;63;100;0,52;0,65;0;0,14;89,42;90,42;1,52;1,31
4;StudentAttendanceSystem;transition;148;25;52;17;52;100;0,46;1,22;0;0,18;90,42;90,42;2,13;1,86
4;StudentAttendanceSystem;pair;148;25;52;43;253;100;0,47;0,32;1,95;0,46;92,42;92,42;4,31;3,2
4;StudentAttendanceSystem;state;149;26;52;11;61;100;0,55;0,84;0;0,14;93,42;93,42;1,73;1,53
4;StudentAttendanceSystem;transition;149;26;52;18;52;100;0,49;1,33;0;0,21;93,42;94,42;2,29;2,02
4;StudentAttendanceSystem;pair;149;26;52;48;268;100;0,53;0,35;2,11;0,47;95,42;95,42;4,58;3,46
4;StudentAttendanceSystem;state;150;27;55;12;66;100;0,53;0,74;0;0,13;96,42;96,42;1,61;1,4
4;StudentAttendanceSystem;transition;150;27;55;18;54;100;0,61;1,37;0;0,21;97,42;97,42;2,45;2,18
4;StudentAttendanceSystem;pair;150;27;55;49;283;100;0,46;0,43;2,45;0,48;98,42;99,42;5,02;3,82
4;StudentAttendanceSystem;state;151;26;53;11;59;100;0,51;0,66;0;0,11;99,42;99,42;1,47;1,28
4;StudentAttendanceSystem;transition;151;26;53;19;53;100;0,47;1,44;0;0,19;100,42;100,42;2,34;2,11
4;StudentAttendanceSystem;pair;151;26;53;47;265;100;0,56;0,4;2,16;0,4;102,42;102,42;4,47;3,51
4;StudentAttendanceSystem;state;152;26;52;10;52;100;0,55;0,66;0;0,11;103,42;103,42;1,53;1,32
4;StudentAttendanceSystem;transition;152;26;52;20;51;100;0,51;1,31;0;0,22;103,42;104,42;2,31;2,04
4;StudentAttendanceSystem;pair;152;26;52;47;264;100;0,46;0,37;2,47;0,63;105,42;105,42;5,26;3,92
4;StudentAttendanceSystem;state;153;22;39;9;44;100;0,47;0,62;0;0,08;106,42;106,42;1,41;1,17
4;StudentAttendanceSystem;transition;153;22;39;15;38;100;0,38;1,19;0;0,14;107,42;107,42;1,95;1,71
4;StudentAttendanceSystem;pair;153;22;39;30;157;100;0,47;0,22;1,15;0,16;108,42;108,42;2,75;2,01
4;StudentAttendanceSystem;state;154;31;64;14;76;100;0,36;0,56;0;0,16;108,42;109,42;1,24;1,08
4;StudentAttendanceSystem;transition;154;31;64;23;63;100;0,65;1,74;0;0,27;109,42;110,42;2,98;2,67
4;StudentAttendanceSystem;pair;154;31;64;57;325;100;0,63;0,5;3,39;0,44;111,42;112,42;6,2;4,96
4;StudentAttendanceSystem;state;155;26;50;10;54;100;0,34;0,42;0;0,07;112,42;112,42;0,96;0,83
4;StudentAttendanceSystem;transition;155;26;50;18;49;100;0,32;1,08;0;0,14;113,42;113,42;1,72;1,54
4;StudentAttendanceSystem;pair;155;26;50;46;262;100;0,31;0,27;2,2;0,4;115,42;115,42;4,05;3,19
4;StudentAttendanceSystem;state;156;26;52;11;60;100;0,65;0,71;0;0,13;116,42;116,42;1,71;1,49
4;StudentAttendanceSystem;transition;156;26;52;18;51;100;0,5;1,63;0;0,22;116,42;116,42;2,7;2,35
4;StudentAttendanceSystem;pair;156;26;52;49;275;100;0,49;0,36;2,61;0,53;118,42;118,42;5,14;3,99
4;StudentAttendanceSystem;state;157;17;27;6;31;100;0,37;0,42;0;0,06;119,42;119,42;1,02;0,85
4;StudentAttendanceSystem;transition;157;17;27;10;26;100;0,39;0,79;0;0,11;119,42;119,42;1,49;1,28
4;StudentAttendanceSystem;pair;157;17;27;22;100;100;0,36;0,17;0,81;0,15;120,42;120,42;2,15;1,49
4;StudentAttendanceSystem;state;158;27;53;11;57;100;0,49;0,71;0;0,15;121,42;121,42;1,55;1,35
4;StudentAttendanceSystem;transition;158;27;53;20;52;100;0,53;1,52;0;0,25;122,42;122,42;2,58;2,3
4;StudentAttendanceSystem;pair;158;27;53;48;268;100;0,52;0,44;2,41;0,45;123,42;124,42;5,02;3,82
4;StudentAttendanceSystem;state;159;27;56;12;67;100;0,54;0,75;0;0,14;124,42;124,42;1,63;1,44
4;StudentAttendanceSystem;transition;159;27;56;19;56;100;0,55;1,52;0;0,25;125,42;125,42;2,6;2,32
4;StudentAttendanceSystem;pair;159;27;56;51;291;100;0,52;0,37;2,48;0,56;127,42;127,42;5,17;3,93
4;StudentAttendanceSystem;state;160;23;42;9;46;100;0,4;0,58;0;0,1;127,42;128,42;1,28;1,09
4;StudentAttendanceSystem;transition;160;23;42;16;41;100;0,43;1,12;0;0,18;128,42;128,42;2,01;1,72
4;StudentAttendanceSystem;pair;160;23;42;40;208;100;0,41;0,57;2,2;0,3;129,42;130,42;4,33;3,48
4;StudentAttendanceSystem;state;161;19;36;8;40;100;0,43;0,54;0;0,08;130,42;130,42;1,25;1,04
4;StudentAttendanceSystem;transition;161;19;36;13;36;100;0,38;0,97;0;0,12;131,42;131,42;1,7;1,47
4;StudentAttendanceSystem;pair;161;19;36;33;180;100;0,4;0,22;1,26;0,26;132,42;132,42;2,99;2,14
4;StudentAttendanceSystem;state;162;24;46;10;55;100;0,51;0,63;0;0,11;133,42;133,42;1,5;1,25
4;StudentAttendanceSystem;transition;162;24;46;16;46;100;0,48;1,12;0;0,2;133,42;134,42;2,1;1,8
4;StudentAttendanceSystem;pair;162;24;46;41;225;100;0,5;0,33;1,73;0,43;135,42;135,42;4,03;2,99
4;StudentAttendanceSystem;state;163;25;52;11;60;100;0,48;0,7;0;0,12;136,42;136,42;1,5;1,29
4;StudentAttendanceSystem;transition;163;25;52;16;52;100;0,45;1,09;0;0,18;136,42;136,42;1,96;1,72
4;StudentAttendanceSystem;pair;163;25;52;51;291;100;0,46;0,34;2,4;0,52;138,42;138,42;4,98;3,71
4;StudentAttendanceSystem;state;164;23;45;9;50;100;0,47;0,55;0;0,08;139,42;139,42;1,26;1,1
4;StudentAttendanceSystem;transition;164;23;45;16;45;100;0,42;1,08;0;0,18;140,42;140,42;1,91;1,68
4;StudentAttendanceSystem;pair;164;23;45;41;223;100;0,44;0,27;1,59;0,37;141,42;141,42;3,57;2,67
4;StudentAttendanceSystem;state;165;26;51;11;60;100;0,33;0,44;0;0,07;142,42;142,42;0,95;0,84
4;StudentAttendanceSystem;transition;165;26;51;17;50;100;0,38;1,38;0;0,21;143,42;143,42;2,25;1,97
4;StudentAttendanceSystem;pair;165;26;51;46;264;100;0,48;0,31;2,03;0,41;144,42;144,42;4,3;3,23
4;StudentAttendanceSystem;state;166;20;39;8;43;100;0,42;0,51;0;0,09;145,42;145,42;1,18;1,01
4;StudentAttendanceSystem;transition;166;20;39;13;39;100;0,47;1,03;0;0,21;146,42;146,42;2,04;1,71
4;StudentAttendanceSystem;pair;166;20;39;37;215;100;0,28;0,26;2;0,31;147,42;147,42;3,8;2,85
4;StudentAttendanceSystem;state;167;23;45;9;48;100;0,46;0,58;0;0,07;148,42;148,42;1,28;1,11
4;StudentAttendanceSystem;transition;167;23;45;16;45;100;0,41;1,12;0;0,17;148,42;148,42;1,94;1,71
4;StudentAttendanceSystem;pair;167;23;45;42;238;100;0,45;0,28;1,77;0,4;150,42;150,42;3,89;2,91
4;StudentAttendanceSystem;state;168;26;52;11;62;100;0,33;0,61;0;0,18;151,42;151,42;1,3;1,12
4;StudentAttendanceSystem;transition;168;26;52;16;52;100;0,46;1,78;0;0,27;151,42;151,42;2,85;2,51
4;StudentAttendanceSystem;pair;168;26;52;42;252;100;0,52;0,51;2,7;0,64;153,42;153,42;5,73;4,37
4;StudentAttendanceSystem;state;169;18;32;7;37;100;0,6;3,3;0;0,06;154,42;5,41;4,39;3,96
4;StudentAttendanceSystem;transition;169;18;32;10;32;100;0,42;0,84;0;0,12;5,41;5,41;1,63;1,39
4;StudentAttendanceSystem;pair;169;18;32;27;153;100;0,38;0,34;1,09;0,22;6,41;6,41;2,88;2,04
4;StudentAttendanceSystem;state;170;22;39;9;48;100;0,45;0,52;0;0,08;7,41;7,41;1,24;1,05
4;StudentAttendanceSystem;transition;170;22;39;13;38;100;0,4;0,94;0;0,11;7,41;8,41;1,62;1,45
4;StudentAttendanceSystem;pair;170;22;39;31;167;100;0,39;0,23;1,2;0,28;9,41;9,41;2,94;2,1
4;StudentAttendanceSystem;state;171;22;42;9;46;100;0,43;0,56;0;0,09;9,41;9,41;1,26;1,08
4;StudentAttendanceSystem;transition;171;22;42;15;41;100;0,39;0,93;0;0,17;10,41;10,41;1,73;1,49
4;StudentAttendanceSystem;pair;171;22;42;40;217;100;0,36;0,28;1,67;0,33;11,41;12,41;3,51;2,64
4;StudentAttendanceSystem;state;172;25;50;10;56;100;0,6;0,62;0;0,11;12,41;12,41;1,52;1,34
4;StudentAttendanceSystem;transition;172;25;50;17;50;100;0,83;1,15;0;0,18;13,41;13,41;2,42;2,15
4;StudentAttendanceSystem;pair;172;25;50;45;259;100;0,47;0,54;2,46;0,56;14,41;15,41;5,36;4,03
4;StudentAttendanceSystem;state;173;20;36;8;43;100;0,44;0,65;0;0,09;15,41;15,41;1,37;1,18
4;StudentAttendanceSystem;transition;173;20;36;12;36;100;0,4;0,88;0;0,11;16,41;16,41;1,61;1,39
4;StudentAttendanceSystem;pair;173;20;36;29;163;100;0,4;0,21;1,14;0,27;17,41;17,41;2,77;2,02
4;StudentAttendanceSystem;state;174;21;38;8;43;100;0,36;0,55;0;0,1;17,41;18,41;1,17;1,01
4;StudentAttendanceSystem;transition;174;21;38;12;38;100;0,34;0,84;0;0,12;18,41;18,41;1,49;1,3
4;StudentAttendanceSystem;pair;174;21;38;35;195;100;0,37;0,23;1,38;0,28;19,41;20,41;3,07;2,27
4;StudentAttendanceSystem;state;175;23;43;8;43;100;0,6;0,75;0;0,08;20,41;20,41;1,61;1,43
4;StudentAttendanceSystem;transition;175;23;43;16;42;100;0,4;1,06;0;0,16;21,41;21,41;1,8;1,62
4;StudentAttendanceSystem;pair;175;23;43;39;213;100;0,43;0,26;1,68;0,31;22,41;22,41;3,58;2,68
4;StudentAttendanceSystem;state;176;22;40;9;49;100;0,58;0,64;0;0,09;23,41;23,41;1,49;1,31
4;StudentAttendanceSystem;transition;176;22;40;13;39;100;0,39;1,02;0;0,15;23,41;24,41;1,79;1,55
4;StudentAttendanceSystem;pair;176;22;40;38;200;100;0,4;0,23;1,4;0,33;25,41;25,41;3,2;2,35
4;StudentAttendanceSystem;state;177;17;28;7;37;100;0,41;0,52;0;0,05;25,41;25,41;1,13;0,97
4;StudentAttendanceSystem;transition;177;17;28;8;28;100;0,4;0,69;0;0,11;26,41;26,41;1,42;1,2
4;StudentAttendanceSystem;pair;177;17;28;25;132;100;0,49;0,15;0,84;0,18;27,41;27,41;2,61;1,66
4;StudentAttendanceSystem;state;178;29;57;12;68;100;0,52;0,71;0;0,14;27,41;28,41;1,64;1,37
4;StudentAttendanceSystem;transition;178;29;57;18;56;100;0,52;1,59;0;0,29;28,41;29,41;2,71;2,4
4;StudentAttendanceSystem;pair;178;29;57;45;270;100;0,48;0,39;2,48;0,57;30,41;30,41;5,13;3,92
4;StudentAttendanceSystem;state;179;20;40;8;42;100;0,48;0,58;0;0,09;31,41;31,41;1,35;1,15
4;StudentAttendanceSystem;transition;179;20;40;14;40;100;0,47;0,96;0;0,18;31,41;32,41;1,83;1,6
4;StudentAttendanceSystem;pair;179;20;40;39;217;100;0,46;0,24;1,59;0,38;33,41;33,41;3,56;2,67
4;StudentAttendanceSystem;state;180;23;45;9;46;100;0,51;0,66;0;0,12;33,41;34,41;1,54;1,29
4;StudentAttendanceSystem;transition;180;23;45;16;45;100;0,45;1,2;0;0,21;34,41;34,41;2,15;1,86
4;StudentAttendanceSystem;pair;180;23;45;38;217;100;0,44;0,27;1,62;0,38;35,41;36,41;3,79;2,71
4;StudentAttendanceSystem;state;181;19;32;7;37;100;0,4;0,55;0;0,08;36,41;36,41;1,24;1,04
4;StudentAttendanceSystem;transition;181;19;32;11;31;100;0,48;1,04;0;0,16;37,41;37,41;1,94;1,68
4;StudentAttendanceSystem;pair;181;19;32;28;149;100;0,38;0,22;1,11;0,26;38,41;38,41;2,72;1,97
4;StudentAttendanceSystem;state;182;24;45;10;56;100;0,48;0,6;0;0,11;39,41;39,41;1,38;1,19
4;StudentAttendanceSystem;transition;182;24;45;15;44;100;0,48;1,06;0;0,17;39,41;39,41;1,94;1,72
4;StudentAttendanceSystem;pair;182;24;45;40;226;100;0,59;0,26;1,88;0,38;41,41;41,41;4,12;3,11
4;StudentAttendanceSystem;state;183;19;35;8;42;100;0,41;0,47;0;0,07;41,41;41,41;1,1;0,95
4;StudentAttendanceSystem;transition;183;19;35;12;35;100;0,56;0,84;0;0,12;42,41;42,41;1,77;1,53
4;StudentAttendanceSystem;pair;183;19;35;32;161;100;0,37;0,22;1,59;0,25;43,41;43,41;3,21;2,43
4;StudentAttendanceSystem;state;184;22;42;9;48;100;0,43;0,6;0;0,1;44,41;44,41;1,32;1,13
4;StudentAttendanceSystem;transition;184;22;42;13;42;100;0,46;1,15;0;0,16;44,41;44,41;2;1,78
4;StudentAttendanceSystem;pair;184;22;42;41;225;100;0,41;0,37;1,84;0,32;46,41;46,41;3,74;2,93
4;StudentAttendanceSystem;state;185;23;42;8;43;100;0,41;0,66;0;0,08;46,41;46,41;1,32;1,14
4;StudentAttendanceSystem;transition;185;23;42;15;41;100;0,43;1,01;0;0,16;47,41;47,41;1,8;1,6
4;StudentAttendanceSystem;pair;185;23;42;35;196;100;0,39;0,23;1,51;0,32;48,41;49,41;3,26;2,45
4;StudentAttendanceSystem;state;186;21;39;8;42;100;0,38;0,46;0;0,07;49,41;49,41;1,05;0,91
4;StudentAttendanceSystem;transition;186;21;39;14;39;100;0,34;0,95;0;0,14;50,41;50,41;1,63;1,43
4;StudentAttendanceSystem;pair;186;21;39;35;191;100;0,38;0,24;1,49;0,32;51,41;51,41;3,28;2,43
4;StudentAttendanceSystem;state;187;19;33;8;40;100;0,35;0,47;0;0,07;52,41;52,41;1,06;0,88
4;StudentAttendanceSystem;transition;187;19;33;12;33;100;0,34;0,85;0;0,11;52,41;52,41;1,52;1,3
4;StudentAttendanceSystem;pair;187;19;33;23;122;100;0,35;0,17;0,91;0,19;53,41;53,41;2,26;1,62
4;StudentAttendanceSystem;state;188;28;56;13;71;100;0,5;0,68;0;0,16;54,41;54,41;1,51;1,34
4;StudentAttendanceSystem;transition;188;28;56;18;55;100;0,48;1,41;0;0,21;55,41;55,41;2,37;2,1
4;StudentAttendanceSystem;pair;188;28;56;45;270;100;0,51;0,38;2,17;0,46;56,41;57,41;4,82;3,52
4;StudentAttendanceSystem;state;189;20;40;8;43;100;0,45;0,48;0;0,08;57,41;57,41;1,19;1,02
4;StudentAttendanceSystem;transition;189;20;40;13;40;100;0,39;0,75;0;0,1;58,41;58,41;1,42;1,24
4;StudentAttendanceSystem;pair;189;20;40;42;236;100;0,4;0,25;1,88;0,34;59,41;59,41;3,82;2,87
4;StudentAttendanceSystem;state;190;20;39;8;42;100;0,51;0,51;0;0,07;60,41;60,41;1,27;1,1
4;StudentAttendanceSystem;transition;190;20;39;13;39;100;0,36;1,02;0;0,13;60,41;60,41;1,74;1,51
4;StudentAttendanceSystem;pair;190;20;39;36;206;100;0,4;0,3;1,48;0,3;62,41;62,41;3,32;2,48
4;StudentAttendanceSystem;state;191;25;48;10;51;100;0,48;0,57;0;0,12;62,41;62,41;1,36;1,17
4;StudentAttendanceSystem;transition;191;25;48;19;47;100;0,41;1,16;0;0,19;63,41;63,41;1,99;1,76
4;StudentAttendanceSystem;pair;191;25;48;44;236;100;0,41;0,27;1,89;0,35;65,41;65,41;3,89;2,92
4;StudentAttendanceSystem;state;192;17;26;6;31;100;0,38;0,39;0;0,06;65,41;65,41;1,04;0,83
4;StudentAttendanceSystem;transition;192;17;26;9;25;100;0,32;0,64;0;0,09;66,41;66,41;1,24;1,04
4;StudentAttendanceSystem;pair;192;17;26;19;89;100;0,28;0,13;0,57;0,13;67,41;67,41;1,65;1,11
4;StudentAttendanceSystem;state;193;27;54;12;67;100;0,49;0,61;0;0,12;67,41;67,41;1,4;1,22
4;StudentAttendanceSystem;transition;193;27;54;17;54;100;0,48;1,2;0;0,2;68,41;68,41;2,2;1,87
4;StudentAttendanceSystem;pair;193;27;54;44;260;100;0,52;0,3;2,24;0,43;69,41;70,41;4,72;3,49
4;StudentAttendanceSystem;state;194;28;56;13;74;100;0,57;0,73;0;0,16;70,41;71,41;1,68;1,46
4;StudentAttendanceSystem;transition;194;28;56;17;55;100;0,47;1,34;0;0,21;71,41;71,41;2,26;2,02
4;StudentAttendanceSystem;pair;194;28;56;51;303;100;0,57;0,41;2,54;0,48;73,41;73,41;5,22;4,01
4;StudentAttendanceSystem;state;195;22;44;8;43;100;0,47;0,55;0;0,09;74,41;74,41;1,32;1,12
4;StudentAttendanceSystem;transition;195;22;44;16;44;100;0,41;1,17;0;0,19;75,41;75,41;2,04;1,78
4;StudentAttendanceSystem;pair;195;22;44;42;236;100;0,48;0,32;2,13;0,35;76,41;76,41;4,24;3,28
4;StudentAttendanceSystem;state;196;20;36;9;49;100;0,42;0,5;0;0,08;77,41;77,41;1,19;1
4;StudentAttendanceSystem;transition;196;20;36;11;36;100;0,41;1,09;0;0,14;77,41;77,41;1,89;1,64
4;StudentAttendanceSystem;pair;196;20;36;33;177;100;0,46;0,28;1,31;0,3;78,41;79,41;3,22;2,35
4;StudentAttendanceSystem;state;197;22;37;8;42;100;0,46;0,48;0;0,11;79,41;79,41;1,23;1,05
4;StudentAttendanceSystem;transition;197;22;37;13;36;100;0,4;0,96;0;0,13;80,41;80,41;1,73;1,5
4;StudentAttendanceSystem;pair;197;22;37;29;153;100;0,36;0,26;1,11;0,23;81,41;81,41;2,65;1,97
4;StudentAttendanceSystem;state;198;24;46;10;54;100;0,43;0,75;0;0,1;81,41;82,41;1,47;1,28
4;StudentAttendanceSystem;transition;198;24;46;16;45;100;0,42;1,22;0;0,2;82,41;82,41;2,1;1,84
4;StudentAttendanceSystem;pair;198;24;46;42;228;100;0,46;0,26;1,89;0,35;84,41;84,41;3,85;2,96
4;StudentAttendanceSystem;state;199;27;52;11;61;100;0,55;0,7;0;0,12;84,41;85,41;1,57;1,37
4;StudentAttendanceSystem;transition;199;27;52;19;51;100;0,49;1,34;0;0,21;85,41;85,41;2,39;2,04
4;StudentAttendanceSystem;pair;199;27;52;48;260;100;0,5;0,35;2,49;0,48;87,41;87,41;4,89;3,81
4;StudentAttendanceSystem;state;200;19;32;7;37;100;0,39;0,52;0;0,06;88,41;88,41;1,19;0,98
4;StudentAttendanceSystem;transition;200;19;32;11;31;100;0,36;0,85;0;0,11;88,41;88,41;1,55;1,33
4;StudentAttendanceSystem;pair;200;19;32;26;139;100;0,35;0,17;0,92;0,2;89,41;89,41;2,32;1,64
4;StudentAttendanceSystem;state;201;23;43;10;54;100;0,46;0,54;0;0,09;90,41;90,41;1,25;1,09
4;StudentAttendanceSystem;transition;201;23;43;15;43;100;0,42;1,01;0;0,14;91,41;91,41;1,79;1,58
4;StudentAttendanceSystem;pair;201;23;43;43;221;100;0,39;0,29;1,62;0,38;92,41;92,41;3,48;2,66
4;StudentAttendanceSystem;state;202;19;30;8;40;100;0,33;0,4;0;0,08;93,41;93,41;1;0,81
4;StudentAttendanceSystem;transition;202;19;30;10;29;100;0,42;0,92;0;0,09;93,41;93,41;1,65;1,43
4;StudentAttendanceSystem;pair;202;19;30;21;105;100;0,31;0,15;0,68;0,18;94,41;94,41;2,05;1,32
4;StudentAttendanceSystem;state;203;24;47;10;52;100;0,45;0,6;0;0,12;95,41;95,41;1,37;1,17
4;StudentAttendanceSystem;transition;203;24;47;17;46;100;0,45;1,14;0;0,19;95,41;95,41;2,03;1,79
4;StudentAttendanceSystem;pair;203;24;47;42;243;100;0,47;0,29;1,9;0,36;97,41;97,41;3,94;3,02
4;StudentAttendanceSystem;state;204;21;39;9;47;100;0,27;0,31;0;0,06;97,41;98,41;0,76;0,64
4;StudentAttendanceSystem;transition;204;21;39;14;39;100;0,36;0,93;0;0,14;98,41;98,41;1,65;1,42
4;StudentAttendanceSystem;pair;204;21;39;35;180;100;0,37;0,23;1,22;0,21;99,41;100,41;2,78;2,04
4;StudentAttendanceSystem;state;205;22;37;9;44;100;0,39;0,46;0;0,09;100,41;100,41;1,11;0,94
4;StudentAttendanceSystem;transition;205;22;37;14;36;100;0,36;1,23;0;0,13;101,41;101,41;1,94;1,73
4;StudentAttendanceSystem;pair;205;22;37;31;156;100;0,37;0,2;1,1;0,24;102,41;102,41;2,71;1,92
4;StudentAttendanceSystem;state;206;26;47;11;58;100;0,46;0,61;0;0,11;102,41;102,41;1,35;1,18
4;StudentAttendanceSystem;transition;206;26;47;17;46;100;0,38;0,79;0;0,19;103,41;103,41;1,57;1,36
4;StudentAttendanceSystem;pair;206;26;47;37;197;100;0,48;0,25;1,58;0,32;104,41;105,41;3,52;2,63
4;StudentAttendanceSystem;state;207;22;39;9;48;100;0,26;0,31;0;0,06;105,41;105,41;0,74;0,63
4;StudentAttendanceSystem;transition;207;22;39;13;38;100;0,37;0,99;0;0,13;106,41;106,41;1,69;1,49
4;StudentAttendanceSystem;pair;207;22;39;33;174;100;0,38;0,24;1,21;0,27;107,41;107,41;2,89;2,11
4;StudentAttendanceSystem;state;208;23;40;9;46;100;0,41;0,58;0;0,09;108,41;108,41;1,28;1,09
4;StudentAttendanceSystem;transition;208;23;40;14;39;100;0,51;0,95;0;0,14;108,41;108,41;1,82;1,6
4;StudentAttendanceSystem;pair;208;23;40;33;178;100;0,39;0,23;1,25;0,28;109,41;110,41;3,06;2,15
4;StudentAttendanceSystem;state;209;23;42;10;53;100;0,44;0,58;0;0,09;110,41;110,41;1,29;1,11
4;StudentAttendanceSystem;transition;209;23;42;15;41;100;0,4;0,96;0;0,22;111,41;111,41;1,88;1,58
4;StudentAttendanceSystem;pair;209;23;42;36;191;100;0,54;0,43;1,49;0,29;112,41;112,41;3,83;2,76
4;StudentAttendanceSystem;state;210;24;44;9;50;100;0,49;0,53;0;0,11;113,41;113,41;1,33;1,12
4;StudentAttendanceSystem;transition;210;24;44;16;43;100;0,41;1,14;0;0,18;114,41;114,41;1,95;1,73
4;StudentAttendanceSystem;pair;210;24;44;38;200;100;0,4;0,27;1,65;0,37;115,41;115,41;3,6;2,69
4;StudentAttendanceSystem;state;211;20;40;8;42;100;0,4;0,59;0;0,08;116,41;116,41;1,28;1,07
4;StudentAttendanceSystem;transition;211;20;40;14;40;100;0,43;0,97;0;0,18;116,41;116,41;1,81;1,58
4;StudentAttendanceSystem;pair;211;20;40;39;217;100;0,4;0,26;1,69;0,36;117,41;118,41;3,59;2,71
4;StudentAttendanceSystem;state;212;20;39;8;42;100;0,38;0,47;0;0,08;118,41;118,41;1,17;0,93
4;StudentAttendanceSystem;transition;212;20;39;13;39;100;0,37;0,89;0;0,16;119,41;119,41;1,64;1,43
4;StudentAttendanceSystem;pair;212;20;39;36;206;100;0,42;0,24;1,68;0,34;120,41;120,41;3,53;2,68
4;StudentAttendanceSystem;state;213;23;46;10;56;100;0,49;0,55;0;0,11;121,41;121,41;1,34;1,15
4;StudentAttendanceSystem;transition;213;23;46;15;46;100;0,46;1,22;0;0,19;122,41;122,41;2,16;1,87
4;StudentAttendanceSystem;pair;213;23;46;43;249;100;0,43;0,3;1,92;0,41;123,41;123,41;4,02;3,05
4;StudentAttendanceSystem;state;214;21;36;8;39;100;0,37;0,48;0;0,08;124,41;124,41;1,14;0,94
4;StudentAttendanceSystem;transition;214;21;36;15;35;100;0,36;0,95;0;0,18;124,41;124,41;1,73;1,5
4;StudentAttendanceSystem;pair;214;21;36;29;138;100;0,39;0,23;1,19;0,27;125,41;126,41;2,82;2,07
4;StudentAttendanceSystem;state;215;30;62;13;71;100;0,58;0,76;0;0,15;126,41;126,41;1,69;1,5
4;StudentAttendanceSystem;transition;215;30;62;22;61;100;0,51;1,49;0;0,28;127,41;127,41;2,68;2,28
4;StudentAttendanceSystem;pair;215;30;62;54;312;100;0,52;0,39;2,68;0,61;129,41;129,41;5,39;4,2
4;StudentAttendanceSystem;state;216;21;38;9;49;100;0,52;0,61;0;0,1;130,41;130,41;1,45;1,23
4;StudentAttendanceSystem;transition;216;21;38;13;38;100;0,37;0,83;0;0,13;130,41;130,41;1,55;1,33
4;StudentAttendanceSystem;pair;216;21;38;32;169;100;0,37;0,2;1,07;0,25;131,41;132,41;2,7;1,89
4;StudentAttendanceSystem;state;217;22;40;9;48;100;0,37;0,6;0;0,09;132,41;132,41;1,22;1,06
4;StudentAttendanceSystem;transition;217;22;40;14;39;100;0,39;0,97;0;0,14;133,41;133,41;1,7;1,5
4;StudentAttendanceSystem;pair;217;22;40;36;185;100;0,27;0,25;1,36;0,29;134,41;134,41;2,85;2,16
4;StudentAttendanceSystem;state;218;25;52;12;63;100;0,48;0,64;0;0,12;135,41;135,41;1,45;1,24
4;StudentAttendanceSystem;transition;218;25;52;17;52;100;0,49;1,19;0;0,21;136,41;136,41;2,12;1,88
4;StudentAttendanceSystem;pair;218;25;52;44;258;100;0,47;0,35;2,3;0,43;137,41;137,41;4,72;3,56
4;StudentAttendanceSystem;state;219;24;49;11;59;100;0,51;0,57;0;0,11;138,41;138,41;1,44;1,2
4;StudentAttendanceSystem;transition;219;24;49;17;49;100;0,45;1,16;0;0,19;139,41;139,41;2,05;1,8
4;StudentAttendanceSystem;pair;219;24;49;45;259;100;0,43;0,41;2,09;0,4;140,41;141,41;4,32;3,33
4;StudentAttendanceSystem;state;220;20;36;9;49;100;0,41;0,56;0;0,1;141,41;141,41;1,25;1,07
4;StudentAttendanceSystem;transition;220;20;36;11;36;100;0,38;0,99;0;0,12;142,41;142,41;1,69;1,49
4;StudentAttendanceSystem;pair;220;20;36;32;174;100;0,39;0,27;1,27;0,29;143,41;143,41;3,18;2,22
4;StudentAttendanceSystem;state;221;30;59;13;70;100;0,55;0,73;0;0,16;143,41;144,41;1,62;1,43
4;StudentAttendanceSystem;transition;221;30;59;21;58;100;0,51;1,48;0;0,27;144,41;145,41;2,53;2,27
4;StudentAttendanceSystem;pair;221;30;59;51;291;100;0,53;0,46;2,85;0,59;146,41;147,41;5,53;4,43
4;StudentAttendanceSystem;state;222;20;37;8;42;100;0,42;0,51;0;0,09;147,41;147,41;1,2;1,01
4;StudentAttendanceSystem;transition;222;20;37;12;37;100;0,38;0,9;0;0,14;148,41;148,41;1,62;1,42
4;StudentAttendanceSystem;pair;222;20;37;37;189;100;0,41;0,25;1,51;0,33;149,41;149,41;3,3;2,5
4;StudentAttendanceSystem;state;223;27;55;12;65;100;0,55;0,69;0;0,15;149,41;150,41;1,6;1,4
4;StudentAttendanceSystem;transition;223;27;55;18;55;100;0,54;1,2;0;0,19;150,41;150,41;2,17;1,93
4;StudentAttendanceSystem;pair;223;27;55;44;260;100;0,48;0,5;2,47;0,45;152,41;152,41;4,91;3,9
4;StudentAttendanceSystem;state;224;26;49;10;56;100;0,46;0,62;0;0,11;153,41;153,41;1,36;1,19
4;StudentAttendanceSystem;transition;224;26;49;17;48;100;0,42;3,43;0;0,17;154,48;5,48;4,25;4,03
4;StudentAttendanceSystem;pair;224;26;49;41;229;100;0,49;0,28;1,8;0,37;6,48;6,48;3,94;2,93
4;StudentAttendanceSystem;state;225;24;51;11;58;100;0,45;0,64;0;0,11;7,48;7,48;1,37;1,19
4;StudentAttendanceSystem;transition;225;24;51;17;51;100;0,52;1,26;0;0,19;8,48;8,48;2,22;1,98
4;StudentAttendanceSystem;pair;225;24;51;44;256;100;0,43;0,33;2,09;0,39;9,48;9,48;4,23;3,24
4;StudentAttendanceSystem;state;226;26;51;11;60;100;0,51;0,57;0;0,12;10,48;10,48;1,4;1,21
4;StudentAttendanceSystem;transition;226;26;51;17;50;100;0,52;1,21;0;0,19;11,48;11,48;2,2;1,92
4;StudentAttendanceSystem;pair;226;26;51;46;264;100;0,45;0,36;2,73;0,52;12,48;13,48;5,13;4,06
4;StudentAttendanceSystem;state;227;20;34;7;37;100;0,42;0,53;0;0,06;13,48;13,48;1,18;1,02
4;StudentAttendanceSystem;transition;227;20;34;11;33;100;0,38;0,86;0;0,11;14,48;14,48;1,54;1,35
4;StudentAttendanceSystem;pair;227;20;34;31;163;100;0,38;0,22;1,19;0,25;15,48;15,48;2,8;2,04
4;StudentAttendanceSystem;state;228;23;40;9;47;100;0,45;0,51;0;0,08;15,48;15,48;1,2;1,05
4;StudentAttendanceSystem;transition;228;23;40;14;39;100;0,43;1,06;0;0,18;16,48;16,48;1,91;1,67
4;StudentAttendanceSystem;pair;228;23;40;37;193;100;0,4;0,3;1,25;0,37;17,48;17,48;3,38;2,31
4;StudentAttendanceSystem;state;229;25;47;10;51;100;0,46;0,59;0;0,1;18,48;18,48;1,31;1,15
4;StudentAttendanceSystem;transition;229;25;47;18;46;100;0,43;1,24;0;0,18;19,48;19,48;2,07;1,85
4;StudentAttendanceSystem;pair;229;25;47;41;221;100;0,46;0,31;1,64;0,35;20,48;20,48;3,56;2,76
4;StudentAttendanceSystem;state;230;28;57;13;72;100;0,5;0,67;0;0,13;21,48;21,48;1,44;1,29
4;StudentAttendanceSystem;transition;230;28;57;18;57;100;0,47;1,45;0;0,21;22,48;22,48;2,4;2,13
4;StudentAttendanceSystem;pair;230;28;57;54;312;100;0,5;0,44;2,22;0,46;23,48;24,48;4,79;3,62
4;StudentAttendanceSystem;state;231;21;38;8;43;100;0,48;0,56;0;0,07;24,48;25,48;1,31;1,11
4;StudentAttendanceSystem;transition;231;21;38;13;37;100;0,38;0,94;0;0,16;25,48;25,48;1,67;1,48
4;StudentAttendanceSystem;pair;231;21;38;34;192;100;0,45;0,26;1,45;0,31;26,48;27,48;3,38;2,47
4;StudentAttendanceSystem;state;232;25;47;10;53;100;0,54;0,61;0;0,12;27,48;27,48;1,46;1,26
4;StudentAttendanceSystem;transition;232;25;47;18;46;100;0,52;1,24;0;0,24;28,48;28,48;2,24;1,99
4;StudentAttendanceSystem;pair;232;25;47;39;205;100;0,48;0,28;2,18;0,42;29,48;29,48;4,3;3,37
4;StudentAttendanceSystem;state;233;24;48;11;62;100;0,51;0,6;0;0,12;30,48;30,48;1,42;1,23
4;StudentAttendanceSystem;transition;233;24;48;14;48;100;0,45;1,05;0;0,23;31,48;31,48;2,05;1,74
4;StudentAttendanceSystem;pair;233;24;48;40;242;100;0,42;0,31;1,78;0,44;32,48;32,48;3,93;2,96
4;StudentAttendanceSystem;state;234;28;57;13;71;100;0,54;0,79;0;0,13;33,48;33,48;1,66;1,45
4;StudentAttendanceSystem;transition;234;28;57;19;56;100;0,52;1,37;0;0,28;34,48;34,48;2,43;2,17
4;StudentAttendanceSystem;pair;234;28;57;48;285;100;0,54;0,48;2,64;0,46;35,48;36,48;5,51;4,12
4;StudentAttendanceSystem;state;235;18;33;7;36;100;0,37;0,48;0;0,07;36,48;36,48;1,09;0,92
4;StudentAttendanceSystem;transition;235;18;33;11;33;100;0,32;0,85;0;0,11;37,48;37,48;1,49;1,28
4;StudentAttendanceSystem;pair;235;18;33;28;156;100;0,33;0,2;1,24;0,24;38,48;38,48;2,82;2,01
4;StudentAttendanceSystem;state;236;22;37;8;42;100;0,39;0,49;0;0,09;38,48;38,48;1,15;0,97
4;StudentAttendanceSystem;transition;236;22;37;13;36;100;0,36;0,92;0;0,14;39,48;39,48;1,63;1,42
4;StudentAttendanceSystem;pair;236;22;37;28;150;100;0,37;0,22;1,07;0,27;40,48;40,48;2,76;1,93
4;StudentAttendanceSystem;state;237;31;63;14;78;100;0,55;0,72;0;0,2;41,48;41,48;1,66;1,47
4;StudentAttendanceSystem;transition;237;31;63;21;62;100;0,55;1,49;0;0,24;42,48;42,48;2,56;2,28
4;StudentAttendanceSystem;pair;237;31;63;61;347;100;0,5;0,43;3,22;0,56;44,48;44,48;6,14;4,71
4;StudentAttendanceSystem;state;238;27;55;12;66;100;0,53;0,71;0;0,18;45,48;45,48;1,62;1,42
4;StudentAttendanceSystem;transition;238;27;55;19;55;100;0,55;1,36;0;0,2;46,48;46,48;2,44;2,11
4;StudentAttendanceSystem;pair;238;27;55;57;315;100;0,6;0,36;2,77;0,51;47,48;48,48;5,53;4,25
4;StudentAttendanceSystem;state;239;27;55;12;67;100;0,51;0,65;0;0,13;48,48;48,48;1,5;1,29
4;StudentAttendanceSystem;transition;239;27;55;18;55;100;0,57;1,66;0;0,25;49,48;49,48;2,76;2,48
4;StudentAttendanceSystem;pair;239;27;55;47;275;100;0,55;0,47;2,55;0,5;51,48;51,48;5,23;4,06
4;StudentAttendanceSystem;state;240;18;30;7;35;100;0,4;0,46;0;0,06;52,48;52,48;1,08;0,92
4;StudentAttendanceSystem;transition;240;18;30;11;30;100;0,38;0,84;0;0,12;52,48;52,48;1,56;1,34
4;StudentAttendanceSystem;pair;240;18;30;29;137;100;0,4;0,21;0,94;0,24;53,48;53,48;2,67;1,8
4;StudentAttendanceSystem;state;241;24;44;10;56;100;0,43;0,63;0;0,11;54,48;54,48;1,35;1,17
4;StudentAttendanceSystem;transition;241;24;44;14;43;100;0,43;0,97;0;33,07;54,48;55,48;34,75;34,47
4;StudentAttendanceSystem;pair;241;24;44;36;208;100;0,43;0,31;1,19;0,29;56,48;56,48;2,97;2,22
4;StudentAttendanceSystem;state;242;19;31;7;37;100;0,33;0,43;0;0,05;56,48;56,48;0,98;0,81
4;StudentAttendanceSystem;transition;242;19;31;10;30;100;0,32;0,72;0;0,09;57,48;57,48;1,31;1,13
4;StudentAttendanceSystem;pair;242;19;31;23;124;100;0,3;0,17;0,73;0,16;58,48;58,48;1,9;1,35
4;StudentAttendanceSystem;state;243;22;43;8;43;100;0,4;0,44;0;0,1;59,48;59,48;1,08;0,93
4;StudentAttendanceSystem;transition;243;22;43;15;42;100;0,33;0,93;0;0,16;59,48;59,48;1,7;1,43
4;StudentAttendanceSystem;pair;243;22;43;40;228;100;0,55;0,25;1,44;0,34;60,48;61,48;3,42;2,58
4;StudentAttendanceSystem;state;244;27;54;12;66;100;0,42;0,57;0;0,11;61,48;61,48;1,23;1,1
4;StudentAttendanceSystem;transition;244;27;54;17;53;100;0,42;1,16;0;0,17;62,48;62,48;1,94;1,75
4;StudentAttendanceSystem;pair;244;27;54;46;272;100;0,46;0,34;2,04;0,39;64,48;64,48;4,11;3,23
4;StudentAttendanceSystem;state;245;22;43;8;43;100;0,43;0,47;0;0,07;65,48;65,48;1,12;0,97
4;StudentAttendanceSystem;transition;245;22;43;15;42;100;0,34;0,9;0;0,15;65,48;65,48;1,59;1,39
4;StudentAttendanceSystem;pair;245;22;43;40;228;100;0,34;0,22;1,54;0,33;67,48;67,48;3,19;2,43
4;StudentAttendanceSystem;state;246;26;52;11;61;100;0,42;0,55;0;0,12;67,48;68,48;1,25;1,09
4;StudentAttendanceSystem;transition;246;26;52;17;52;100;0,45;0,94;0;0,15;68,48;68,48;1,77;1,54
4;StudentAttendanceSystem;pair;246;26;52;51;287;100;0,48;0,34;2,5;0,49;70,48;70,48;4,81;3,81
4;StudentAttendanceSystem;state;247;24;42;10;56;100;0,41;0,5;0;0,09;71,48;71,48;1,18;1
4;StudentAttendanceSystem;transition;247;24;42;14;41;100;0,36;0,79;0;0,16;71,48;72,48;1,5;1,31
4;StudentAttendanceSystem;pair;247;24;42;33;178;100;0,36;0,19;1,19;0,22;73,48;73,48;2,62;1,96
4;StudentAttendanceSystem;state;248;27;55;12;67;100;0,41;0,69;0;0,11;73,48;74,48;1,39;1,21
4;StudentAttendanceSystem;transition;248;27;55;18;55;100;0,4;1,13;0;0,18;74,48;74,48;1,92;1,71
4;StudentAttendanceSystem;pair;248;27;55;48;276;100;0,45;0,35;1,94;0,42;76,48;76,48;4,15;3,16
4;StudentAttendanceSystem;state;249;21;41;9;46;100;0,41;0,46;0;0,07;77,48;77,48;1,11;0,94
4;StudentAttendanceSystem;transition;249;21;41;14;41;100;0,36;0,84;0;0,14;77,48;77,48;1,56;1,35
4;StudentAttendanceSystem;pair;249;21;41;38;216;100;0,35;0,24;1,35;0,28;79,48;79,48;3,03;2,22
4;StudentAttendanceSystem;state;250;19;34;8;43;100;0,35;0,41;0;0,06;79,48;79,48;0,96;0,82
4;StudentAttendanceSystem;transition;250;19;34;10;34;100;0,38;0,64;0;0,11;80,48;80,48;1,34;1,13
4;StudentAttendanceSystem;pair;250;19;34;31;175;100;0,39;0,18;1,07;0,22;81,48;81,48;2,58;1,86
4;StudentAttendanceSystem;state;251;30;60;13;73;100;0,46;0,68;0;0,15;82,48;82,48;1,45;1,29
4;StudentAttendanceSystem;transition;251;30;60;19;59;100;0,47;1,34;0;0,21;83,48;83,48;2,29;2,02
4;StudentAttendanceSystem;pair;251;30;60;54;317;100;0,45;0,36;2,25;0,49;84,48;85,48;4,55;3,55
4;StudentAttendanceSystem;state;252;24;50;10;55;100;0,47;0,52;0;0,09;85,48;85,48;1,22;1,07
4;StudentAttendanceSystem;transition;252;24;50;15;50;100;0,39;0,91;0;0,16;86,48;86,48;1,68;1,47
4;StudentAttendanceSystem;pair;252;24;50;48;278;100;0,38;0,29;2,38;0,45;88,48;88,48;4,39;3,5
4;StudentAttendanceSystem;state;253;21;38;9;47;100;0,38;0,48;0;0,08;89,48;89,48;1,11;0,94
4;StudentAttendanceSystem;transition;253;21;38;13;37;100;0,37;0,91;0;0,12;89,48;89,48;1,59;1,39
4;StudentAttendanceSystem;pair;253;21;38;33;172;100;0,38;0,21;1,24;0,26;90,48;91,48;2,8;2,09
4;StudentAttendanceSystem;state;254;19;35;7;36;100;0,33;0,39;0;0,05;91,48;91,48;0,94;0,77
4;StudentAttendanceSystem;transition;254;19;35;11;35;100;0,36;0,7;0;0,09;92,48;92,48;1,33;1,15
4;StudentAttendanceSystem;pair;254;19;35;35;191;100;0,32;0,21;1,26;0,23;93,48;93,48;2,66;2,02
4;StudentAttendanceSystem;state;255;22;40;9;49;100;0,39;0,46;0;0,08;93,48;93,48;1,08;0,93
4;StudentAttendanceSystem;transition;255;22;40;14;40;100;0,34;0,81;0;0,13;94,48;94,48;1,47;1,28
4;StudentAttendanceSystem;pair;255;22;40;35;178;100;0,34;0,19;1,16;0,23;95,48;95,48;2,66;1,92
4;StudentAttendanceSystem;state;256;31;61;14;78;100;0,5;0,68;0;0,14;96,48;96,48;1,5;1,32
4;StudentAttendanceSystem;transition;256;31;61;19;60;100;0,46;1,25;0;0,23;97,48;97,48;2,16;1,93
4;StudentAttendanceSystem;pair;256;31;61;55;321;100;0,45;0,34;2,78;0,6;99,48;99,48;5,24;4,17
4;StudentAttendanceSystem;state;257;21;37;9;46;100;0,36;0,5;0;0,08;100,48;100,48;1,1;0,93
4;StudentAttendanceSystem;transition;257;21;37;13;36;100;0,34;0,73;0;0,13;100,48;101,48;1,37;1,2
4;StudentAttendanceSystem;pair;257;21;37;33;177;100;0,36;0,2;1,08;0,88;101,48;102,48;3,26;2,52
4;StudentAttendanceSystem;state;258;29;58;12;67;100;0,64;0,81;0;0,14;102,48;102,48;1,8;1,59
4;StudentAttendanceSystem;transition;258;29;58;20;57;100;0,62;1,5;0;0,23;103,48;103,48;2,64;2,35
4;StudentAttendanceSystem;pair;258;29;58;58;326;100;0,55;0,43;3,07;0,66;105,48;105,48;5,88;4,7
4;StudentAttendanceSystem;state;259;19;30;7;37;100;0,38;0,5;0;0,07;106,48;106,48;1,12;0,95
4;StudentAttendanceSystem;transition;259;19;30;11;29;100;0,38;0,79;0;0,13;106,48;107,48;1,59;1,3
4;StudentAttendanceSystem;pair;259;19;30;22;108;100;0,34;0,15;0,82;0,19;107,48;107,48;2,18;1,5
4;StudentAttendanceSystem;state;260;20;36;8;42;100;0,4;0,61;0;0,08;108,48;108,48;1,3;1,09
4;StudentAttendanceSystem;transition;260;20;36;11;36;100;0,38;0,9;0;0,14;108,48;109,48;1,67;1,41
4;StudentAttendanceSystem;pair;260;20;36;34;178;100;0,42;0,2;1,37;0,28;110,48;110,48;3,15;2,27
4;StudentAttendanceSystem;state;261;20;38;9;46;100;0,5;0,52;0;0,09;110,48;110,48;1,32;1,11
4;StudentAttendanceSystem;transition;261;20;38;13;38;100;0,43;0,86;0;0,13;111,48;111,48;1,65;1,42
4;StudentAttendanceSystem;pair;261;20;38;37;203;100;0,4;0,23;1,63;0,29;112,48;112,48;3,36;2,54
4;StudentAttendanceSystem;state;262;22;44;9;45;100;0,51;0,53;0;0,08;113,48;113,48;1,3;1,12
4;StudentAttendanceSystem;transition;262;22;44;15;44;100;0,41;0,95;0;0,16;114,48;114,48;1,81;1,52
4;StudentAttendanceSystem;pair;262;22;44;45;251;100;0,4;0,3;2,08;0,41;115,48;115,48;4,17;3,19
4;StudentAttendanceSystem;state;263;26;50;10;56;100;0,51;0,65;0;0,12;116,48;116,48;1,5;1,28
4;StudentAttendanceSystem;transition;263;26;50;18;49;100;0,47;1,39;0;0,21;117,48;117,48;2,33;2,07
4;StudentAttendanceSystem;pair;263;26;50;45;247;100;0,47;0,35;1,99;0,44;118,48;118,48;4,27;3,25
4;StudentAttendanceSystem;state;264;18;31;7;36;100;0,4;0,43;0;0,06;119,48;119,48;1,09;0,9
4;StudentAttendanceSystem;transition;264;18;31;11;30;100;0,34;0,75;0;0,11;119,48;119,48;1,42;1,21
4;StudentAttendanceSystem;pair;264;18;31;26;134;100;0,32;0,17;1,02;0,19;120,48;120,48;2,46;1,71
4;StudentAttendanceSystem;state;265;19;33;7;37;100;0,41;0,45;0;0,07;121,48;121,48;1,09;0,92
4;StudentAttendanceSystem;transition;265;19;33;11;33;100;0,34;0,81;0;0,1;121,48;122,48;1,46;1,26
4;StudentAttendanceSystem;pair;265;19;33;31;159;100;0,36;0,19;1,03;0,3;122,48;123,48;2,64;1,88
4;StudentAttendanceSystem;state;266;27;57;12;65;100;0,57;0,7;0;0,13;123,48;123,48;1,61;1,4
4;StudentAttendanceSystem;transition;266;27;57;20;57;100;0,56;1,34;0;0,19;124,48;124,48;2,34;2,09
4;StudentAttendanceSystem;pair;266;27;57;50;288;100;0,5;0,37;2,54;0,45;126,48;126,48;4,94;3,86
4;StudentAttendanceSystem;state;267;25;47;10;54;100;0,54;0,61;0;0,11;127,48;127,48;1,45;1,26
4;StudentAttendanceSystem;transition;267;25;47;15;46;100;0,44;1,19;0;0,21;127,48;128,48;2,08;1,84
4;StudentAttendanceSystem;pair;267;25;47;45;249;100;0,44;0,27;1,81;0,42;129,48;129,48;3,81;2,94
4;StudentAttendanceSystem;state;268;18;30;7;34;100;0,36;0,4;0;0,05;130,48;130,48;0,95;0,81
4;StudentAttendanceSystem;transition;268;18;30;12;29;100;0,3;0,69;0;0,12;130,48;130,48;1,27;1,11
4;StudentAttendanceSystem;pair;268;18;30;23;106;100;0,3;0,15;0,71;0,16;131,48;131,48;1,9;1,31
4;StudentAttendanceSystem;state;269;26;49;10;56;100;0,45;0,68;0;0,11;132,48;132,48;1,41;1,24
4;StudentAttendanceSystem;transition;269;26;49;17;48;100;0,64;1,1;0;0,19;132,48;133,48;2,15;1,93
4;StudentAttendanceSystem;pair;269;26;49;42;232;100;0,42;0,29;1,78;0,38;134,48;134,48;3,76;2,87
4;StudentAttendanceSystem;state;270;18;33;7;37;100;0,38;0,49;0;0,08;135,48;135,48;1,1;0,95
4;StudentAttendanceSystem;transition;270;18;33;11;33;100;0,41;0,77;0;0,11;135,48;135,48;1,47;1,29
4;StudentAttendanceSystem;pair;270;18;33;30;168;100;0,36;0,19;1,01;0,24;136,48;136,48;2,49;1,8
4;StudentAttendanceSystem;state;271;20;37;8;41;100;0,38;0,49;0;0,08;137,48;137,48;1,11;0,95
4;StudentAttendanceSystem;transition;271;20;37;13;36;100;0,39;0,89;0;0,17;138,48;138,48;1,7;1,45
4;StudentAttendanceSystem;pair;271;20;37;33;181;100;0,38;0,26;1,58;0,41;139,48;139,48;3,52;2,62
4;StudentAttendanceSystem;state;272;25;50;12;68;100;0,59;0,71;0;0,14;139,48;139,48;1,64;1,44
4;StudentAttendanceSystem;transition;272;25;50;14;50;100;0,46;1,12;0;0,21;140,48;140,48;2,06;1,8
4;StudentAttendanceSystem;pair;272;25;50;44;264;100;0,56;0,33;2,31;0,46;142,48;142,48;4,74;3,66
4;StudentAttendanceSystem;state;273;23;48;10;55;100;0,58;0,7;0;0,13;142,48;143,48;1,62;1,41
4;StudentAttendanceSystem;transition;273;23;48;15;48;100;0,44;1,1;0;0,16;143,48;143,48;1,91;1,7
4;StudentAttendanceSystem;pair;273;23;48;42;246;100;0,48;0,32;1,74;0,39;145,48;145,48;3,98;2,93
4;StudentAttendanceSystem;state;274;22;38;8;42;100;0,5;0,57;0;0,08;145,48;145,48;1,33;1,15
4;StudentAttendanceSystem;transition;274;22;38;14;37;100;0,4;1,06;0;0,17;146,48;146,48;1,85;1,63
4;StudentAttendanceSystem;pair;274;22;38;33;168;100;0,4;0,25;1,46;0,32;147,48;147,48;3,33;2,44
4;StudentAttendanceSystem;state;275;21;40;8;42;100;0,46;0,58;0;0,09;148,48;148,48;1,32;1,13
4;StudentAttendanceSystem;transition;275;21;40;15;40;100;0,47;1,09;0;0,18;149,48;149,48;2,02;1,74
4;StudentAttendanceSystem;pair;275;21;40;38;202;100;0,42;0,26;1,65;0,38;150,48;150,48;3,64;2,71
4;StudentAttendanceSystem;state;276;22;39;9;49;100;0,44;0,52;0;0,12;150,48;151,48;1,31;1,08
4;StudentAttendanceSystem;transition;276;22;39;12;38;100;0,44;0,99;0;0,18;151,48;151,48;1,83;1,61
4;StudentAttendanceSystem;pair;276;22;39;34;196;100;0,44;0,26;1,56;0,36;152,48;153,48;3,5;2,62
4;StudentAttendanceSystem;state;277;22;39;9;46;100;0,43;0,5;0;0,09;153,48;153,48;1,19;1,02
4;StudentAttendanceSystem;transition;277;22;39;15;38;100;0,41;3,38;0;0,14;154,48;5,42;4,36;3,93
4;StudentAttendanceSystem;pair;277;22;39;31;164;100;0,44;0,25;1,4;0,3;6,42;6,42;3,25;2,39
4;StudentAttendanceSystem;state;278;21;39;9;50;100;0,45;0,57;0;0,13;6,42;7,42;1,41;1,15
4;StudentAttendanceSystem;transition;278;21;39;12;39;100;0,48;0,95;0;0,14;7,42;7,42;1,81;1,58
4;StudentAttendanceSystem;pair;278;21;39;32;184;100;0,47;0,27;1,39;0,33;8,42;9,42;3,4;2,46
4;StudentAttendanceSystem;state;279;16;27;6;31;100;0,43;0,43;0;0,06;9,42;9,42;1,11;0,92
4;StudentAttendanceSystem;transition;279;16;27;9;27;100;0,34;0,75;0;0,15;9,42;10,42;1,45;1,24
4;StudentAttendanceSystem;pair;279;16;27;23;121;100;0,38;0,18;0,88;0,19;10,42;10,42;2,26;1,62
4;StudentAttendanceSystem;state;280;20;36;8;41;100;0,42;0,49;0;0,09;11,42;11,42;1,2;1
4;StudentAttendanceSystem;transition;280;20;36;13;36;100;0,39;0,89;0;0,14;12,42;12,42;1,65;1,42
4;StudentAttendanceSystem;pair;280;20;36;36;182;100;0,39;0,25;1,45;0,28;13,42;13,42;3,4;2,36
4;StudentAttendanceSystem;state;281;26;51;10;52;100;0,48;0,64;0;0,11;13,42;13,42;1,41;1,23
4;StudentAttendanceSystem;transition;281;26;51;19;50;100;0,51;1,29;0;0,23;14,42;14,42;2,36;2,04
4;StudentAttendanceSystem;pair;281;26;51;45;255;100;0,49;0,34;2,49;0,41;16,42;16,42;4,78;3,73
4;StudentAttendanceSystem;state;282;24;47;10;53;100;0,48;0,65;0;0,1;17,42;17,42;1,44;1,24
4;StudentAttendanceSystem;transition;282;24;47;17;47;100;0,42;1,2;0;0,18;17,42;17,42;2,03;1,8
4;StudentAttendanceSystem;pair;282;24;47;40;218;100;0,43;0,28;1,66;0,43;19,42;19,42;3,7;2,8
4;StudentAttendanceSystem;state;283;26;53;11;61;100;0,48;0,63;0;0,13;19,42;20,42;1,39;1,24
4;StudentAttendanceSystem;transition;283;26;53;19;53;100;0,44;1,21;0;0,2;20,42;20,42;2,07;1,86
4;StudentAttendanceSystem;pair;283;26;53;51;283;100;0,46;0,36;2,34;0,54;22,42;22,42;4,71;3,69
4;StudentAttendanceSystem;state;284;24;48;11;62;100;0,47;0,57;0;0,14;23,42;23,42;1,35;1,18
4;StudentAttendanceSystem;transition;284;24;48;14;48;100;0,44;1,01;0;0,18;24,42;24,42;1,87;1,64
4;StudentAttendanceSystem;pair;284;24;48;40;242;100;0,41;0,28;1,84;0,39;25,42;25,42;3,89;2,92
4;StudentAttendanceSystem;state;285;23;44;9;49;100;0,5;0,56;0;0,12;26,42;26,42;1,37;1,18
4;StudentAttendanceSystem;transition;285;23;44;15;43;100;0,38;0,97;0;0,18;26,42;27,42;1,75;1,54
4;StudentAttendanceSystem;pair;285;23;44;41;239;100;0,4;0,26;1,85;0,41;28,42;28,42;3,89;2,91
4;StudentAttendanceSystem;state;286;28;57;12;66;100;0,54;0,78;0;0,15;29,42;29,42;1,66;1,46
4;StudentAttendanceSystem;transition;286;28;57;18;56;100;0,48;1,3;0;0,27;29,42;30,42;2,34;2,05
4;StudentAttendanceSystem;pair;286;28;57;55;315;100;0,54;0,43;2,96;0,52;31,42;32,42;5,72;4,45
4;StudentAttendanceSystem;state;287;20;41;9;44;100;0,44;0,53;0;0,09;32,42;32,42;1,25;1,06
4;StudentAttendanceSystem;transition;287;20;41;15;41;100;0,42;0,94;0;0,16;33,42;33,42;1,74;1,52
4;StudentAttendanceSystem;pair;287;20;41;38;214;100;0,4;0,26;1,74;0,32;34,42;34,42;3,7;2,72
4;StudentAttendanceSystem;state;288;28;56;13;74;100;0,55;0,75;0;0,16;35,42;35,42;1,66;1,45
4;StudentAttendanceSystem;transition;288;28;56;17;55;100;0,53;1,34;0;0,23;36,42;36,42;2,41;2,1
4;StudentAttendanceSystem;pair;288;28;56;51;303;100;0,52;0,44;2,95;0,48;37,42;38,42;5,77;4,4
4;StudentAttendanceSystem;state;289;27;51;11;61;100;0,55;0,61;0;0,13;38,42;38,42;1,49;1,29
4;StudentAttendanceSystem;transition;289;27;51;18;50;100;0,53;1,3;0;0,21;39,42;39,42;2,29;2,03
4;StudentAttendanceSystem;pair;289;27;51;45;249;100;0,52;0,35;2,15;0,43;41,42;41,42;4,58;3,46
4;StudentAttendanceSystem;state;290;23;43;9;47;100;0,48;0,56;0;0,09;42,42;42,42;1,39;1,14
4;StudentAttendanceSystem;transition;290;23;43;16;42;100;0,44;1,09;0;0,21;42,42;42,42;2;1,74
4;StudentAttendanceSystem;pair;290;23;43;39;213;100;0,43;0,24;1,73;0,35;43,42;44,42;3,7;2,76
4;StudentAttendanceSystem;state;291;24;44;9;48;100;0,44;0,55;0;0,1;44,42;44,42;1,28;1,09
4;StudentAttendanceSystem;transition;291;24;44;16;43;100;0,43;1,13;0;0,3;45,42;45,42;2,11;1,86
4;StudentAttendanceSystem;pair;291;24;44;38;210;100;0,43;0,29;1,74;0,38;46,42;47,42;3,76;2,83
4;StudentAttendanceSystem;state;292;20;37;9;46;100;0,43;0,51;0;0,12;47,42;47,42;1,3;1,06
4;StudentAttendanceSystem;transition;292;20;37;12;37;100;0,43;0,92;0;0,11;48,42;48,42;1,68;1,46
4;StudentAttendanceSystem;pair;292;20;37;34;188;100;0,39;0,23;1,79;0,31;49,42;49,42;3,61;2,73
4;StudentAttendanceSystem;state;293;22;37;8;43;100;0,4;0,54;0;0,1;49,42;50,42;1,23;1,04
4;StudentAttendanceSystem;transition;293;22;37;12;36;100;0,39;0,91;0;0,15;50,42;50,42;1,72;1,46
4;StudentAttendanceSystem;pair;293;22;37;32;172;100;0,4;0,24;1,43;0,23;51,42;51,42;3,09;2,3
4;StudentAttendanceSystem;state;294;31;64;14;76;100;0,66;0,77;0;0,17;52,42;52,42;1,81;1,6
4;StudentAttendanceSystem;transition;294;31;64;22;63;100;0,54;1,85;0;0,3;53,42;53,42;3,05;2,69
4;StudentAttendanceSystem;pair;294;31;64;59;338;100;0,59;0,49;3,13;0,63;55,42;55,42;6,31;4,83
4;StudentAttendanceSystem;state;295;25;45;10;55;100;0,51;0,69;0;0,1;56,42;56,42;1,51;1,29
4;StudentAttendanceSystem;transition;295;25;45;16;44;100;0,43;1,13;0;0,18;57,42;57,42;1,96;1,74
4;StudentAttendanceSystem;pair;295;25;45;38;202;100;0,46;0,24;1,69;0,31;58,42;58,42;3,6;2,7
4;StudentAttendanceSystem;state;296;23;44;9;49;100;0,62;0,61;0;0,1;59,42;59,42;1,53;1,33
4;StudentAttendanceSystem;transition;296;23;44;15;43;100;0,46;1,09;0;0,2;59,42;59,42;2,02;1,76
4;StudentAttendanceSystem;pair;296;23;44;39;215;100;0,57;0,27;1,71;0,36;61,42;61,42;3,85;2,91
4;StudentAttendanceSystem;state;297;17;26;6;31;100;0,34;0,37;0;0,05;61,42;61,42;0,9;0,76
4;StudentAttendanceSystem;transition;297;17;26;9;25;100;0,35;0,65;0;0,09;62,42;62,42;1,25;1,09
4;StudentAttendanceSystem;pair;297;17;26;18;86;100;0,29;0,12;0,58;0,16;63,42;63,42;1,71;1,16
4;StudentAttendanceSystem;state;298;29;59;14;77;100;0,53;0,78;0;0,16;63,42;63,42;1,7;1,47
4;StudentAttendanceSystem;transition;298;29;59;19;58;100;0,55;1,55;0;0,3;64,42;64,42;2,68;2,39
4;StudentAttendanceSystem;pair;298;29;59;52;307;100;0,53;0,48;2,94;0,55;66,42;66,42;5,77;4,5
4;StudentAttendanceSystem;state;299;21;41;9;48;100;0,45;0,42;0;0,07;67,42;67,42;1,07;0,94
4;StudentAttendanceSystem;transition;299;21;41;14;41;100;0,33;0,98;0;0,17;67,42;68,42;1,71;1,48
4;StudentAttendanceSystem;pair;299;21;41;38;204;100;0,45;0,31;1,71;0,36;69,42;69,42;3,67;2,82
4;StudentAttendanceSystem;state;300;19;33;7;37;100;0,37;0,42;0;0,08;69,42;69,42;1,02;0,87
4;StudentAttendanceSystem;transition;300;19;33;12;32;100;0,43;0,79;0;0,18;70,42;70,42;1,64;1,39
4;StudentAttendanceSystem;pair;300;19;33;29;147;100;0,46;0,18;1,26;0,25;71,42;71,42;2,93;2,15
4;StudentAttendanceSystem;state;301;23;48;10;55;100;0,44;0,61;0;0,1;72,42;72,42;1,35;1,16
4;StudentAttendanceSystem;transition;301;23;48;15;48;100;0,47;1,21;0;0,2;72,42;72,42;2,14;1,88
4;StudentAttendanceSystem;pair;301;23;48;42;246;100;0,48;0,4;1,97;0,39;74,42;74,42;4,26;3,25
4;StudentAttendanceSystem;state;302;23;46;9;46;100;0,57;0,64;0;0,1;75,42;75,42;1,5;1,31
4;StudentAttendanceSystem;transition;302;23;46;17;46;100;0,44;1,08;0;0,19;75,42;75,42;1,96;1,72
4;StudentAttendanceSystem;pair;302;23;46;42;234;100;0,5;0,33;2,05;0,39;77,42;77,42;4,19;3,27
4;StudentAttendanceSystem;state;303;22;40;9;49;100;0,42;0,49;0;0,09;77,42;77,42;1,18;1,01
4;StudentAttendanceSystem;transition;303;22;40;13;39;100;0,36;0,92;0;0,2;78,42;78,42;1,71;1,48
4;StudentAttendanceSystem;pair;303;22;40;38;200;100;0,4;0,25;1,51;0,33;79,42;80,42;3,4;2,5
4;StudentAttendanceSystem;state;304;22;43;9;48;100;0,43;0,55;0;0,1;80,42;80,42;1,25;1,08
4;StudentAttendanceSystem;transition;304;22;43;14;43;100;0,41;0,98;0;0,17;81,42;81,42;1,82;1,56
4;StudentAttendanceSystem;pair;304;22;43;44;236;100;0,45;0,32;2,03;0,36;82,42;82,42;4,1;3,16
4;StudentAttendanceSystem;state;305;24;50;11;60;100;0,49;0,6;0;0,12;83,42;83,42;1,47;1,2
4;StudentAttendanceSystem;transition;305;24;50;16;50;100;0,52;1,21;0;0,2;84,42;84,42;2,19;1,92
4;StudentAttendanceSystem;pair;305;24;50;45;259;100;0,48;0,35;2,26;0,45;85,42;85,42;4,56;3,54
4;StudentAttendanceSystem;state;306;21;38;9;47;100;0,43;0,53;0;0,11;86,42;86,42;1,31;1,07
4;StudentAttendanceSystem;transition;306;21;38;13;37;100;0,38;0,85;0;0,13;87,42;87,42;1,56;1,37
4;StudentAttendanceSystem;pair;306;21;38;31;165;100;0,4;0,21;1,08;0,23;88,42;88,42;2,54;1,91
4;StudentAttendanceSystem;state;307;17;31;7;34;100;0,33;0,39;0;0,07;88,42;88,42;0,94;0,79
4;StudentAttendanceSystem;transition;307;17;31;11;31;100;0,4;0,75;0;0,09;89,42;89,42;1,46;1,24
4;StudentAttendanceSystem;pair;307;17;31;31;154;100;0,42;0,19;1,25;0,25;90,42;90,42;2,97;2,11
4;StudentAttendanceSystem;state;308;22;40;9;48;100;0,44;0,54;0;0,1;90,42;91,42;1,25;1,08
4;StudentAttendanceSystem;transition;308;22;40;14;39;100;0,38;0,98;0;0,14;91,42;91,42;1,71;1,5
4;StudentAttendanceSystem;pair;308;22;40;34;178;100;0,43;0,23;1,45;0,28;92,42;93,42;3,23;2,39
4;StudentAttendanceSystem;state;309;24;48;11;62;100;0,47;0,57;0;0,11;93,42;93,42;1,34;1,14
4;StudentAttendanceSystem;transition;309;24;48;14;48;100;0,44;1,11;0;0,19;94,42;94,42;1,98;1,73
4;StudentAttendanceSystem;pair;309;24;48;40;242;100;0,47;0,43;2,12;0,49;95,42;95,42;4,52;3,51
4;StudentAttendanceSystem;state;310;26;52;11;61;100;0,68;0,63;0;0,12;96,42;96,42;1,62;1,43
4;StudentAttendanceSystem;transition;310;26;52;18;52;100;0,45;1,35;0;0,33;97,42;97,42;2,47;2,13
4;StudentAttendanceSystem;pair;310;26;52;48;272;100;0,48;0,39;2,48;0,47;98,42;99,42;4,99;3,82
4;StudentAttendanceSystem;state;311;27;53;12;68;100;0,55;0,72;0;0,15;99,42;99,42;1,59;1,42
4;StudentAttendanceSystem;transition;311;27;53;16;52;100;0,53;1,19;0;0,21;100,42;100,42;2,18;1,93
4;StudentAttendanceSystem;pair;311;27;53;44;266;100;0,48;0,34;2,29;0,51;102,42;102,42;4,73;3,62
4;StudentAttendanceSystem;state;312;23;46;9;48;100;0,52;0,63;0;0,1;102,42;103,42;1,47;1,26
4;StudentAttendanceSystem;transition;312;23;46;17;46;100;0,49;1,2;0;0,21;103,42;103,42;2,15;1,9
4;StudentAttendanceSystem;pair;312;23;46;45;249;100;0,43;0,28;1,85;0,43;105,42;105,42;3,89;2,99
4;StudentAttendanceSystem;state;313;21;36;8;43;100;0,42;0,54;0;0,09;105,42;105,42;1,26;1,05
4;StudentAttendanceSystem;transition;313;21;36;13;35;100;0,44;0,93;0;0,15;106,42;106,42;1,74;1,52
4;StudentAttendanceSystem;pair;313;21;36;28;149;100;0,43;0,25;1,27;0,28;107,42;107,42;2,99;2,22
4;StudentAttendanceSystem;state;314;20;36;8;39;100;0,36;0,51;0;0,07;108,42;108,42;1,16;0,95
4;StudentAttendanceSystem;transition;314;20;36;14;35;100;0,34;0,89;0;0,14;108,42;108,42;1,58;1,36
4;StudentAttendanceSystem;pair;314;20;36;30;153;100;0,37;0,2;1,15;0,26;109,42;110,42;2,71;1,98
4;StudentAttendanceSystem;state;315;24;46;10;52;100;0,48;0,69;0;0,1;110,42;110,42;1,44;1,27
4;StudentAttendanceSystem;transition;315;24;46;16;45;100;0,45;1,36;0;0,22;111,42;111,42;2,28;2,03
4;StudentAttendanceSystem;pair;315;24;46;41;237;100;0,45;0,33;2,08;0,43;112,42;112,42;4,26;3,28
4;StudentAttendanceSystem;state;316;22;42;9;45;100;0,42;0,51;0;0,08;113,42;113,42;1,19;1,01
4;StudentAttendanceSystem;transition;316;22;42;16;42;100;0,43;0,99;0;0,19;114,42;114,42;1,84;1,6
4;StudentAttendanceSystem;pair;316;22;42;36;196;100;0,38;0,23;1,72;0,34;115,42;115,42;3,55;2,68
4;StudentAttendanceSystem;state;317;16;28;6;30;100;0,34;0,44;0;0,06;116,42;116,42;1,01;0,83
4;StudentAttendanceSystem;transition;317;16;28;10;28;100;0,32;0,71;0;0,1;116,42;116,42;1,34;1,13
4;StudentAttendanceSystem;pair;317;16;28;25;123;100;0,3;0,2;0,82;0,18;117,42;117,42;2,14;1,5
4;StudentAttendanceSystem;state;318;26;53;11;62;100;0,45;0,76;0;0,12;118,42;118,42;1,55;1,34
4;StudentAttendanceSystem;transition;318;26;53;17;53;100;0,48;1,16;0;0,21;118,42;119,42;2,09;1,85
4;StudentAttendanceSystem;pair;318;26;53;45;263;100;0,49;0,36;2,28;0,53;120,42;120,42;4,69;3,65
4;StudentAttendanceSystem;state;319;24;49;11;62;100;0,49;0,66;0;0,11;121,42;121,42;1,46;1,27
4;StudentAttendanceSystem;transition;319;24;49;15;49;100;0,5;1,41;0;0,19;122,42;122,42;2,34;2,09
4;StudentAttendanceSystem;pair;319;24;49;43;257;100;0,43;0,32;1,97;0,41;123,42;123,42;4,17;3,13
4;StudentAttendanceSystem;state;320;22;39;8;43;100;0,46;0,58;0;0,1;124,42;124,42;1,31;1,14
4;StudentAttendanceSystem;transition;320;22;39;14;38;100;0,38;0,99;0;0,17;124,42;125,42;1,77;1,53
4;StudentAttendanceSystem;pair;320;22;39;38;198;100;0,35;0,24;1,44;0,37;126,42;126,42;3,2;2,39
4;StudentAttendanceSystem;state;321;26;51;11;60;100;0,52;0,84;0;0,12;126,42;126,42;1,66;1,48
4;StudentAttendanceSystem;transition;321;26;51;17;50;100;0,45;1,13;0;0,51;127,42;127,42;2,36;2,09
4;StudentAttendanceSystem;pair;321;26;51;46;264;100;0,47;0,36;2,16;0,43;129,42;129,42;4,46;3,42
4;StudentAttendanceSystem;state;322;18;33;7;36;100;0,41;0,39;0;0,08;129,42;130,42;1,06;0,88
4;StudentAttendanceSystem;transition;322;18;33;11;33;100;0,31;0,71;0;0,11;130,42;130,42;1,35;1,13
4;StudentAttendanceSystem;pair;322;18;33;29;159;100;0,31;0,23;1,03;0,23;131,42;131,42;2,49;1,81
4;StudentAttendanceSystem;state;323;24;47;10;55;100;0,53;0,57;0;0,1;132,42;132,42;1,39;1,2
4;StudentAttendanceSystem;transition;323;24;47;17;47;100;0,51;1,03;0;0,18;132,42;133,42;1,99;1,72
4;StudentAttendanceSystem;pair;323;24;47;44;236;100;0,46;0,27;2,86;0,39;134,42;134,42;5,08;3,99
4;StudentAttendanceSystem;state;324;18;29;6;31;100;0,36;0,4;0;0,06;135,42;135,42;1,02;0,82
4;StudentAttendanceSystem;transition;324;18;29;10;28;100;0,33;0,64;0;0,11;135,42;135,42;1,3;1,09
4;StudentAttendanceSystem;pair;324;18;29;27;129;100;0,29;0,16;0,94;0,2;136,42;136,42;2,3;1,59
4;StudentAttendanceSystem;state;325;20;35;8;40;100;0,36;0,45;0;0,12;137,42;137,42;1,13;0,93
4;StudentAttendanceSystem;transition;325;20;35;13;34;100;0,35;0,8;0;0,15;137,42;137,42;1,55;1,3
4;StudentAttendanceSystem;pair;325;20;35;27;142;100;0,35;0,2;1,02;0,22;138,42;138,42;2,5;1,79
4;StudentAttendanceSystem;state;326;23;43;10;52;100;0,41;0,5;0;0,1;139,42;139,42;1,18;1,01
4;StudentAttendanceSystem;transition;326;23;43;16;43;100;0,39;1,05;0;0,2;140,42;140,42;1,87;1,64
4;StudentAttendanceSystem;pair;326;23;43;35;184;100;0,4;0,24;1,28;0,27;141,42;141,42;3,04;2,2
4;StudentAttendanceSystem;state;327;20;37;8;43;100;0,4;0,43;0;0,08;141,42;141,42;1,06;0,9
4;StudentAttendanceSystem;transition;327;20;37;13;37;100;0,33;0,81;0;0,14;142,42;142,42;1,5;1,28
4;StudentAttendanceSystem;pair;327;20;37;32;178;100;0,33;0,21;1,2;0,33;143,42;143,42;2,85;2,07
4;StudentAttendanceSystem;state;328;18;32;7;37;100;0,42;0,47;0;0,06;144,42;144,42;1,11;0,95
4;StudentAttendanceSystem;transition;328;18;32;10;32;100;0,37;0,79;0;0,11;144,42;144,42;1,48;1,27
4;StudentAttendanceSystem;pair;328;18;32;27;153;100;0,36;0,18;0,98;0,24;145,42;146,42;2,56;1,76
4;StudentAttendanceSystem;state;329;28;56;12;62;100;0,49;0,6;0;0,13;146,42;146,42;1,44;1,22
4;StudentAttendanceSystem;transition;329;28;56;21;55;100;0,54;1,35;0;0,24;147,42;147,42;2,41;2,14
4;StudentAttendanceSystem;pair;329;28;56;57;315;100;0,54;0,46;2,82;0,51;149,42;149,42;5,61;4,33
4;StudentAttendanceSystem;state;330;27;54;12;68;100;0,51;0,69;0;0,13;150,42;150,42;1,55;1,33
4;StudentAttendanceSystem;transition;330;27;54;17;53;100;0,48;1,25;0;0,22;150,42;151,42;2,26;1,95
4;StudentAttendanceSystem;pair;330;27;54;47;281;100;0,56;0,36;2,16;0,5;152,42;152,42;4,66;3,59
4;StudentAttendanceSystem;state;331;22;40;9;48;100;0,46;0,46;0;0,07;153,42;153,42;1,15;1
4;StudentAttendanceSystem;transition;331;22;40;14;40;100;0,41;3,3;0;0,13;154,46;5,46;4,09;3,84
4;StudentAttendanceSystem;pair;331;22;40;33;175;100;0,48;0,24;1,3;0,3;6,46;6,46;3,23;2,32
4;StudentAttendanceSystem;state;332;27;54;12;66;100;0,48;0,59;0;0,14;6,46;7,46;1,38;1,21
4;StudentAttendanceSystem;transition;332;27;54;17;53;100;0,46;1,22;0;0,26;7,46;7,46;2,2;1,94
4;StudentAttendanceSystem;pair;332;27;54;45;267;100;0,51;0,5;2,2;0,46;9,46;9,46;4,72;3,67
4;StudentAttendanceSystem;state;333;27;53;12;68;100;0,5;0,76;0;0,18;10,46;10,46;1,62;1,44
4;StudentAttendanceSystem;transition;333;27;53;16;52;100;0,43;1,22;0;0,21;11,46;11,46;2,13;1,86
4;StudentAttendanceSystem;pair;333;27;53;44;266;100;0,47;0,39;1,79;0,28;12,46;12,46;3,78;2,94
4;StudentAttendanceSystem;state;334;24;44;9;50;100;0,3;0,33;0;0,06;13,46;13,46;0,79;0,69
4;StudentAttendanceSystem;transition;334;24;44;16;43;100;0,47;1,08;0;0,17;14,46;14,46;1,98;1,71
4;StudentAttendanceSystem;pair;334;24;44;37;195;100;0,46;0,25;1,32;0,29;15,46;15,46;3,21;2,33
4;StudentAttendanceSystem;state;335;18;31;7;37;100;0,36;0,27;0;0,04;16,46;16,46;0,78;0,67
4;StudentAttendanceSystem;transition;335;18;31;11;31;100;0,24;0,69;0;0,09;16,46;16,46;1,26;1,02
4;StudentAttendanceSystem;pair;335;18;31;24;128;100;0,41;0,17;0,85;0,2;17,46;17,46;2,35;1,62
4;StudentAttendanceSystem;state;336;24;44;11;57;100;0,48;0,57;0;0,09;18,46;18,46;1,31;1,14
4;StudentAttendanceSystem;transition;336;24;44;15;44;100;0,42;0,93;0;0,17;18,46;18,46;1,75;1,52
4;StudentAttendanceSystem;pair;336;24;44;38;200;100;0,4;0,25;1,58;0,32;20,46;20,46;3,41;2,54
4;StudentAttendanceSystem;state;337;23;42;10;54;100;0,44;0,58;0;0,11;20,46;20,46;1,31;1,13
4;StudentAttendanceSystem;transition;337;23;42;14;42;100;0,46;1,06;0;0,17;21,46;21,46;1,91;1,69
4;StudentAttendanceSystem;pair;337;23;42;40;206;100;0,46;0,3;1,63;0,38;22,46;23,46;3,63;2,76
4;StudentAttendanceSystem;state;338;22;38;8;42;100;0,45;0,51;0;0,1;23,46;23,46;1,23;1,05
4;StudentAttendanceSystem;transition;338;22;38;14;37;100;0,4;1,02;0;0,17;24,46;24,46;1,81;1,59
4;StudentAttendanceSystem;pair;338;22;38;33;172;100;0,45;0,28;1,37;0,34;25,46;25,46;3,3;2,44
4;StudentAttendanceSystem;state;339;16;27;6;31;100;0,37;0,4;0;0,08;25,46;25,46;1,02;0,86
4;StudentAttendanceSystem;transition;339;16;27;9;27;100;0,4;0,7;0;0,11;26,46;26,46;1,41;1,21
4;StudentAttendanceSystem;pair;339;16;27;24;125;100;0,3;0,14;0,77;0,18;27,46;27,46;1,99;1,39
4;StudentAttendanceSystem;state;340;16;28;6;31;100;0,31;0,37;0;0,05;27,46;27,46;0,88;0,73
4;StudentAttendanceSystem;transition;340;16;28;9;28;100;0,3;0,59;0;0,08;28,46;28,46;1,18;0,98
4;StudentAttendanceSystem;pair;340;16;28;28;142;100;0,32;0,15;0,88;0,2;29,46;29,46;2,11;1,55
4;StudentAttendanceSystem;state;341;25;45;10;55;100;0,5;0,62;0;0,12;29,46;29,46;1,46;1,24
4;StudentAttendanceSystem;transition;341;25;45;16;44;100;0,46;1,14;0;0,19;30,46;30,46;2,01;1,78
4;StudentAttendanceSystem;pair;341;25;45;38;198;100;0,41;0,26;1,61;0,39;31,46;32,46;3,65;2,67
4;StudentAttendanceSystem;state;342;19;33;7;36;100;0,36;0,41;0;0,08;32,46;32,46;1,03;0,85
4;StudentAttendanceSystem;transition;342;19;33;12;33;100;0,4;0,86;0;0,15;33,46;33,46;1,63;1,41
4;StudentAttendanceSystem;pair;342;19;33;27;141;100;0,4;0,2;1,12;0,25;34,46;34,46;2,76;1,98
4;StudentAttendanceSystem;state;343;26;50;11;62;100;0,48;0,65;0;0,12;34,46;34,46;1,44;1,25
4;StudentAttendanceSystem;transition;343;26;50;16;49;100;0,66;1,18;0;0,25;35,46;35,46;2,36;2,09
4;StudentAttendanceSystem;pair;343;26;50;44;258;100;0,57;0,39;1,9;0,43;36,46;37,46;4,5;3,3
4;StudentAttendanceSystem;state;344;20;36;8;41;100;0,46;0,46;0;0,09;37,46;37,46;1,2;1,01
4;StudentAttendanceSystem;transition;344;20;36;13;36;100;0,36;0,83;0;0,22;38,46;38,46;1,63;1,4
4;StudentAttendanceSystem;pair;344;20;36;36;184;100;0,36;0,21;1,16;0,35;39,46;39,46;2,92;2,09
4;StudentAttendanceSystem;state;345;28;57;12;66;100;0,56;0,72;0;0,15;40,46;40,46;1,61;1,42
4;StudentAttendanceSystem;transition;345;28;57;18;56;100;0,45;1,27;0;0,23;41,46;41,46;2,23;1,96
4;StudentAttendanceSystem;pair;345;28;57;55;315;100;0,48;0,36;2,61;0,59;42,46;43,46;5,13;4,04
4;StudentAttendanceSystem;state;346;23;41;10;56;100;0,46;0,51;0;0,09;43,46;43,46;1,22;1,06
4;StudentAttendanceSystem;transition;346;23;41;13;40;100;0,43;0,88;0;0,14;44,46;44,46;1,65;1,45
4;StudentAttendanceSystem;pair;346;23;41;37;201;100;0,44;0,27;1,45;0,31;45,46;45,46;3,33;2,46
4;StudentAttendanceSystem;state;347;24;49;11;62;100;0,55;0,63;0;0,1;46,46;46,46;1,46;1,29
4;StudentAttendanceSystem;transition;347;24;49;15;49;100;0,43;1,11;0;0,18;47,46;47,46;1,95;1,72
4;StudentAttendanceSystem;pair;347;24;49;43;257;100;0,47;0,35;1,82;0,42;48,46;49,46;4,03;3,06
4;StudentAttendanceSystem;state;348;23;44;9;50;100;0,53;0,55;0;0,1;49,46;49,46;1,36;1,18
4;StudentAttendanceSystem;transition;348;23;44;15;44;100;0,44;1,1;0;0,16;50,46;50,46;1,93;1,7
4;StudentAttendanceSystem;pair;348;23;44;38;208;100;0,44;0,29;1,44;0,34;51,46;51,46;3,47;2,51
4;StudentAttendanceSystem;state;349;22;43;9;45;100;0,48;0,54;0;0,08;52,46;52,46;1,26;1,1
4;StudentAttendanceSystem;transition;349;22;43;17;43;100;0,38;0,92;0;0,19;52,46;52,46;1,67;1,48
4;StudentAttendanceSystem;pair;349;22;43;40;212;100;0,34;0,26;1,47;0,35;54,46;54,46;3,25;2,41
4;StudentAttendanceSystem;state;350;25;50;10;56;100;0,51;0,54;0;0,11;54,46;55,46;1,36;1,17
4;StudentAttendanceSystem;transition;350;25;50;17;50;100;0,46;1,02;0;0,19;55,46;55,46;1,9;1,67
4;StudentAttendanceSystem;pair;350;25;50;45;259;100;0,5;0,34;2,12;0,46;57,46;57,46;4,47;3,42
4;StudentAttendanceSystem;state;351;23;45;9;48;100;0,47;0,81;0;0,09;58,46;58,46;1,56;1,37
4;StudentAttendanceSystem;transition;351;23;45;16;45;100;0,46;1;0;0,16;58,46;58,46;1,85;1,61
4;StudentAttendanceSystem;pair;351;23;45;42;234;100;0,46;0,26;1,55;0,34;59,46;60,46;3,41;2,62
4;StudentAttendanceSystem;state;352;30;62;13;71;100;0,5;0,76;0;0,2;60,46;61,46;1,67;1,46
4;StudentAttendanceSystem;transition;352;30;62;22;61;100;0,5;1,35;0;0,28;61,46;62,46;2,41;2,13
4;StudentAttendanceSystem;pair;352;30;62;53;306;100;0,48;0,39;2,07;0,34;63,46;64,46;4,37;3,28
4;StudentAttendanceSystem;state;353;26;52;11;61;100;0,5;0,58;0;0,12;64,46;64,46;1,37;1,2
4;StudentAttendanceSystem;transition;353;26;52;18;52;100;0,44;1,29;0;0,22;65,46;65,46;2,17;1,95
4;StudentAttendanceSystem;pair;353;26;52;48;268;100;0,47;0,38;2,04;0,4;66,46;67,46;4,2;3,29
4;StudentAttendanceSystem;state;354;25;46;10;51;100;0,45;0,51;0;0,11;67,46;67,46;1,24;1,07
4;StudentAttendanceSystem;transition;354;25;46;17;45;100;0,41;1,1;0;0,17;68,46;68,46;1,89;1,68
4;StudentAttendanceSystem;pair;354;25;46;38;210;100;0,44;0,25;1,49;0,33;69,46;70,46;3,33;2,51
4;StudentAttendanceSystem;state;355;31;63;14;76;100;0,49;0,65;0;0,15;70,46;70,46;1,49;1,29
4;StudentAttendanceSystem;transition;355;31;63;22;62;100;0,57;1,5;0;0,25;71,46;71,46;2,57;2,32
4;StudentAttendanceSystem;pair;355;31;63;54;310;100;0,44;0,43;2,46;0,58;73,46;73,46;5,04;3,91
4;StudentAttendanceSystem;state;356;22;41;9;49;100;0,51;0,56;0;0,1;74,46;74,46;1,37;1,17
4;StudentAttendanceSystem;transition;356;22;41;14;41;100;0,41;0,93;0;0,17;74,46;75,46;1,74;1,51
4;StudentAttendanceSystem;pair;356;22;41;40;208;100;0,4;0,24;1,37;0,29;76,46;76,46;3,1;2,31
4;StudentAttendanceSystem;state;357;26;47;11;60;100;0,3;0,48;0;0,13;77,46;77,46;1,11;0,91
4;StudentAttendanceSystem;transition;357;26;47;16;46;100;0,48;1,25;0;0,16;77,46;77,46;2,12;1,89
4;StudentAttendanceSystem;pair;357;26;47;44;230;100;0,46;0,27;1,76;0,34;79,46;79,46;3,76;2,82
4;StudentAttendanceSystem;state;358;17;27;6;31;100;0,38;0,34;0;0,06;79,46;79,46;0,95;0,78
4;StudentAttendanceSystem;transition;358;17;27;10;26;100;0,29;0,61;0;0,09;80,46;80,46;1,21;1
4;StudentAttendanceSystem;pair;358;17;27;21;97;100;0,3;0,15;0,69;0,14;81,46;81,46;1,8;1,28
4;StudentAttendanceSystem;state;359;24;49;11;62;100;0,45;0,78;0;0,11;81,46;81,46;1,56;1,34
4;StudentAttendanceSystem;transition;359;24;49;15;49;100;0,47;1,03;0;0,2;82,46;82,46;2,09;1,7
4;StudentAttendanceSystem;pair;359;24;49;43;257;100;0,42;0,38;2,24;0,43;83,46;84,46;4,58;3,47
4;StudentAttendanceSystem;state;360;21;38;9;47;100;0,44;0,52;0;0,08;84,46;84,46;1,21;1,04
4;StudentAttendanceSystem;transition;360;21;38;13;37;100;0,33;0,88;0;0,13;85,46;85,46;1,58;1,34
4;StudentAttendanceSystem;pair;360;21;38;31;165;100;0,38;0,23;1,27;0,31;86,46;86,46;3,06;2,19
4;StudentAttendanceSystem;state;361;26;50;10;54;100;0,5;0,64;0;0,12;87,46;87,46;1,42;1,26
4;StudentAttendanceSystem;transition;361;26;50;18;49;100;0,42;1,21;0;0,21;87,46;88,46;2,09;1,84
4;StudentAttendanceSystem;pair;361;26;50;46;258;100;0,44;0,31;2,21;0,42;89,46;89,46;4,46;3,39
4;StudentAttendanceSystem;state;362;28;58;13;69;100;0,57;0,8;0;0,13;90,46;90,46;1,72;1,51
4;StudentAttendanceSystem;transition;362;28;58;20;57;100;0,46;1,29;0;0,26;91,46;91,46;2,28;2,01
4;StudentAttendanceSystem;pair;362;28;58;51;293;100;0,53;0,42;2,72;0,52;92,46;93,46;5,34;4,2
4;StudentAttendanceSystem;state;363;27;55;12;67;100;0,58;0,64;0;0,14;93,46;93,46;1,54;1,35
4;StudentAttendanceSystem;transition;363;27;55;17;55;100;0,47;1,32;0;0,22;94,46;94,46;2,28;2,01
4;StudentAttendanceSystem;pair;363;27;55;51;299;100;0,48;0,37;2,31;0,46;96,46;96,46;4,73;3,62
4;StudentAttendanceSystem;state;364;23;41;10;53;100;0,47;0,61;0;0,14;97,46;97,46;1,47;1,21
4;StudentAttendanceSystem;transition;364;23;41;14;40;100;0,54;0,96;0;0,16;97,46;98,46;1,86;1,66
4;StudentAttendanceSystem;pair;364;23;41;32;173;100;0,42;0,24;1,36;0,28;98,46;99,46;3,22;2,3
4;StudentAttendanceSystem;state;365;26;52;11;60;100;0,47;0,57;0;0,13;99,46;99,46;1,35;1,18
4;StudentAttendanceSystem;transition;365;26;52;18;51;100;0,48;1,15;0;0,21;100,46;100,46;2,12;1,85
4;StudentAttendanceSystem;pair;365;26;52;49;275;100;0,46;0,24;2,16;0,49;102,46;102,46;4,23;3,35
4;StudentAttendanceSystem;state;366;18;28;7;37;100;0,37;0,42;0;0,06;102,46;102,46;1,01;0,86
4;StudentAttendanceSystem;transition;366;18;28;9;27;100;0,34;0,69;0;0,11;103,46;103,46;1,39;1,14
4;StudentAttendanceSystem;pair;366;18;28;22;111;100;0,34;0,14;0,55;0,11;104,46;104,46;1,62;1,13
4;StudentAttendanceSystem;state;367;17;27;6;32;100;0,25;0,22;0;0,07;104,46;104,46;0,65;0,54
4;StudentAttendanceSystem;transition;367;17;27;9;26;100;0,31;0,59;0;0,08;105,46;105,46;1,15;0,99
4;StudentAttendanceSystem;pair;367;17;27;26;123;100;0,33;0,15;0,74;0,19;106,46;106,46;1,96;1,41
4;StudentAttendanceSystem;state;368;17;28;7;37;100;0,35;0,37;0;0,05;106,46;106,46;0,9;0,77
4;StudentAttendanceSystem;transition;368;17;28;8;28;100;0,3;0,64;0;0,08;107,46;107,46;1,16;1,01
4;StudentAttendanceSystem;pair;368;17;28;25;132;100;0,35;0,14;0,81;0,19;108,46;108,46;2,23;1,49
4;StudentAttendanceSystem;state;369;21;38;8;42;100;0,35;0,45;0;0,07;108,46;108,46;1,01;0,87
4;StudentAttendanceSystem;transition;369;21;38;13;37;100;0,35;0,87;0;0,14;109,46;109,46;1,55;1,36
4;StudentAttendanceSystem;pair;369;21;38;33;183;100;0,36;0,2;1,19;0,3;110,46;110,46;2,9;2,05
4;StudentAttendanceSystem;state;370;23;46;10;56;100;0,43;0,56;0;0,1;111,46;111,46;1,26;1,1
4;StudentAttendanceSystem;transition;370;23;46;15;46;100;0,43;0,98;0;0,22;111,46;112,46;1,92;1,62
4;StudentAttendanceSystem;pair;370;23;46;43;249;100;0,43;0,26;1,4;0,4;113,46;113,46;3,44;2,49
4;StudentAttendanceSystem;state;371;18;27;7;37;100;0,34;0,4;0;0,08;113,46;114,46;1,03;0,83
4;StudentAttendanceSystem;transition;371;18;27;8;26;100;0,41;0,71;0;0,08;114,46;114,46;1,4;1,2
4;StudentAttendanceSystem;pair;371;18;27;21;105;100;0,3;0,15;0,6;0,1;115,46;115,46;1,72;1,15
4;StudentAttendanceSystem;state;372;18;33;7;37;100;0,35;0,42;0;0,06;115,46;115,46;0,99;0,84
4;StudentAttendanceSystem;transition;372;18;33;11;33;100;0,35;0,71;0;0,11;116,46;116,46;1,38;1,18
4;StudentAttendanceSystem;pair;372;18;33;29;165;100;0,39;0,19;0,97;0,27;117,46;117,46;2,53;1,82
4;StudentAttendanceSystem;state;373;15;23;6;31;100;0,3;0,32;0;0,07;118,46;118,46;0,87;0,69
4;StudentAttendanceSystem;transition;373;15;23;7;23;100;0,33;0,51;0;0,08;118,46;118,46;1,17;0,92
4;StudentAttendanceSystem;pair;373;15;23;19;93;100;0,26;0,11;0,53;0,12;119,46;119,46;1,57;1,03
4;StudentAttendanceSystem;state;374;20;32;7;36;100;0,33;0,69;0;0,05;119,46;119,46;1,23;1,07
4;StudentAttendanceSystem;transition;374;20;32;12;31;100;0,28;0,51;0;0,08;120,46;120,46;0,99;0,87
4;StudentAttendanceSystem;pair;374;20;32;25;121;100;0,32;0,15;0,72;0,17;121,46;121,46;1,98;1,37
4;StudentAttendanceSystem;state;375;21;38;8;43;100;0,38;0,63;0;0,06;121,46;121,46;1,23;1,08
4;StudentAttendanceSystem;transition;375;21;38;13;37;100;0,35;0,87;0;0,14;122,46;122,46;1,57;1,37
4;StudentAttendanceSystem;pair;375;21;38;34;192;100;0,94;0,24;1,41;0,35;123,46;123,46;3,79;2,93
4;StudentAttendanceSystem;state;376;19;34;7;37;100;0,45;0,5;0;0,08;124,46;124,46;1,2;1,04
4;StudentAttendanceSystem;transition;376;19;34;12;34;100;0,45;0,81;0;0,13;124,46;124,46;1,59;1,39
4;StudentAttendanceSystem;pair;376;19;34;33;169;100;0,38;0,19;1,06;0,23;125,46;126,46;2,53;1,85
4;StudentAttendanceSystem;state;377;31;62;14;76;100;0,39;0,45;0;0,16;126,46;126,46;1,13;0,99
4;StudentAttendanceSystem;transition;377;31;62;20;61;100;0,49;1,29;0;0,16;127,46;127,46;2,15;1,94
4;StudentAttendanceSystem;pair;377;31;62;55;321;100;0,37;0,36;2,34;0,35;129,46;129,46;4,21;3,43
4;StudentAttendanceSystem;state;378;20;37;8;43;100;0,26;0,39;0;0,09;130,46;130,46;0,93;0,74
4;StudentAttendanceSystem;transition;378;20;37;13;37;100;0,35;0,75;0;0,14;130,46;131,46;1,43;1,25
4;StudentAttendanceSystem;pair;378;20;37;32;178;100;0,27;0,2;0,79;0,17;131,46;132,46;1,9;1,43
4;StudentAttendanceSystem;state;379;24;50;11;60;100;0,39;0,62;0;0,1;132,46;132,46;1,25;1,11
4;StudentAttendanceSystem;transition;379;24;50;16;50;100;0,46;0,73;0;0,16;133,46;133,46;1,55;1,35
4;StudentAttendanceSystem;pair;379;24;50;45;259;100;0,28;0,22;1,69;0,47;134,46;135,46;3,49;2,67
4;StudentAttendanceSystem;state;380;18;31;7;35;100;0,33;0,41;0;0,06;135,46;135,46;0,95;0,8
4;StudentAttendanceSystem;transition;380;18;31;11;30;100;0,33;0,68;0;0,11;136,46;136,46;1,3;1,12
4;StudentAttendanceSystem;pair;380;18;31;25;128;100;0,34;0,19;0,9;0,21;137,46;137,46;2,3;1,64
4;StudentAttendanceSystem;state;381;27;51;11;61;100;0,49;0,63;0;0,14;137,46;137,46;1,49;1,26
4;StudentAttendanceSystem;transition;381;27;51;17;50;100;0,49;1,26;0;0,25;138,46;138,46;2,29;1,99
4;StudentAttendanceSystem;pair;381;27;51;48;264;100;0,54;0,3;1,82;0,5;140,46;140,46;4,18;3,16
4;StudentAttendanceSystem;state;382;22;42;9;47;100;0,43;0,52;0;0,14;140,46;141,46;1,25;1,09
4;StudentAttendanceSystem;transition;382;22;42;15;42;100;0,4;0,87;0;0,18;141,46;141,46;1,64;1,45
4;StudentAttendanceSystem;pair;382;22;42;44;234;100;0,39;0,22;1,53;0,43;142,46;143,46;3,41;2,56
4;StudentAttendanceSystem;state;383;22;39;9;49;100;0,4;0,5;0;0,09;143,46;143,46;1,14;0,99
4;StudentAttendanceSystem;transition;383;22;39;13;38;100;0,4;0,88;0;0,14;144,46;144,46;1,6;1,41
4;StudentAttendanceSystem;pair;383;22;39;33;179;100;0,43;0,21;1,22;0,29;145,46;145,46;3,01;2,16
4;StudentAttendanceSystem;state;384;23;45;9;48;100;0,42;0,54;0;0,09;146,46;146,46;1,24;1,05
4;StudentAttendanceSystem;transition;384;23;45;16;45;100;0,42;1,42;0;0,22;146,46;146,46;2,33;2,07
4;StudentAttendanceSystem;pair;384;23;45;42;234;100;0,53;0,26;1,59;0,34;148,46;148,46;3,69;2,73
4;StudentAttendanceSystem;state;385;19;34;8;43;100;0,38;0,45;0;0,12;148,46;148,46;1,12;0,94
4;StudentAttendanceSystem;transition;385;19;34;11;34;100;0,36;0,73;0;0,13;149,46;149,46;1,41;1,23
4;StudentAttendanceSystem;pair;385;19;34;30;159;100;0,42;0,22;0,96;0,22;150,46;150,46;2,53;1,82
4;StudentAttendanceSystem;state;386;23;42;8;43;100;0,62;0,63;0;0,13;151,46;151,46;1,59;1,38
4;StudentAttendanceSystem;transition;386;23;42;15;41;100;0,4;0,94;0;0,16;151,46;152,46;1,74;1,51
4;StudentAttendanceSystem;pair;386;23;42;36;198;100;0,4;0,22;1,27;0,32;153,46;153,46;2,94;2,2
4;StudentAttendanceSystem;state;387;21;38;8;43;100;0,39;0,45;0;0,07;153,46;153,46;1,06;0,91
4;StudentAttendanceSystem;transition;387;21;38;13;37;100;2,63;0,94;0;0,15;5,43;5,43;4,01;3,72
4;StudentAttendanceSystem;pair;387;21;38;34;192;100;0,37;0,22;1,16;0,27;6,43;6,43;2,75;2,02
4;StudentAttendanceSystem;state;388;22;45;9;45;100;0,59;0,59;0;0,13;7,43;7,43;1,5;1,31
4;StudentAttendanceSystem;transition;388;22;45;16;45;100;0,54;1,07;0;0,23;7,43;8,43;2,09;1,83
4;StudentAttendanceSystem;pair;388;22;45;47;259;100;0,49;0,36;1,86;0,41;9,43;9,43;4,1;3,13
4;StudentAttendanceSystem;state;389;19;35;7;36;100;0,36;0,42;0;0,06;10,43;10,43;0,98;0,85
4;StudentAttendanceSystem;transition;389;19;35;11;35;100;0,22;0,56;0;0,08;10,43;10,43;0,99;0,86
4;StudentAttendanceSystem;pair;389;19;35;35;191;100;0,23;0,14;0,83;0,26;11,43;12,43;1,92;1,46
4;StudentAttendanceSystem;state;390;30;59;13;73;100;0,55;0,63;0;0,13;12,43;12,43;1,46;1,32
4;StudentAttendanceSystem;transition;390;30;59;19;58;100;0,44;1,07;0;0,21;13,43;13,43;1,94;1,72
4;StudentAttendanceSystem;pair;390;30;59;49;289;100;0,47;0,26;1,88;0,44;15,43;15,43;4,01;3,05
4;StudentAttendanceSystem;state;391;18;34;7;36;100;0,48;0,5;0;0,06;16,43;16,43;1,21;1,04
4;StudentAttendanceSystem;transition;391;18;34;12;34;100;0,26;0,47;0;0,08;16,43;16,43;0,94;0,81
4;StudentAttendanceSystem;pair;391;18;34;31;167;100;0,23;0,13;0,7;0,2;17,43;17,43;1,7;1,26
4;StudentAttendanceSystem;state;392;19;32;7;34;100;0,23;0,24;0;0,04;18,43;18,43;0,59;0,5
4;StudentAttendanceSystem;transition;392;19;32;12;31;100;0,2;0,45;0;0,07;18,43;18,43;0,82;0,72
4;StudentAttendanceSystem;pair;392;19;32;29;138;100;0,21;0,12;0,59;0,13;19,43;19,43;1,45;1,05
4;StudentAttendanceSystem;state;393;22;43;10;51;100;0,36;0,42;0;0,06;20,43;20,43;0,94;0,84
4;StudentAttendanceSystem;transition;393;22;43;15;43;100;0,41;0,94;0;0,14;21,43;21,43;1,7;1,49
4;StudentAttendanceSystem;pair;393;22;43;37;203;100;0,26;0,17;1,03;0,29;22,43;22,43;2,35;1,75
4;StudentAttendanceSystem;state;394;18;34;7;36;100;0,35;0,41;0;0,06;22,43;23,43;1,01;0,82
4;StudentAttendanceSystem;transition;394;18;34;12;34;100;0,32;0,68;0;0,13;23,43;23,43;1,33;1,13
4;StudentAttendanceSystem;pair;394;18;34;31;167;100;0,39;0,18;1,05;0,16;24,43;24,43;2,43;1,79
4;StudentAttendanceSystem;state;395;24;49;11;60;100;0,45;0,59;0;0,11;25,43;25,43;1,33;1,15
4;StudentAttendanceSystem;transition;395;24;49;15;49;100;0,46;1,04;0;0,23;26,43;26,43;1,97;1,73
4;StudentAttendanceSystem;pair;395;24;49;42;248;100;0,46;0,34;1,88;0,29;27,43;27,43;3,84;2,97
4;StudentAttendanceSystem;state;396;21;38;9;44;100;0,47;0,52;0;0,09;28,43;28,43;1,27;1,08
4;StudentAttendanceSystem;transition;396;21;38;14;38;100;0,45;0,86;0;0,15;28,43;28,43;1,7;1,46
4;StudentAttendanceSystem;pair;396;21;38;36;182;100;0,42;0,19;1,24;0,28;29,43;30,43;2,92;2,14
4;StudentAttendanceSystem;state;397;24;44;10;50;100;0,42;0,57;0;0,21;30,43;30,43;1,44;1,2
4;StudentAttendanceSystem;transition;397;24;44;17;43;100;0,43;0,84;0;0,12;31,43;31,43;1,55;1,38
4;StudentAttendanceSystem;pair;397;24;44;42;216;100;0,46;0,26;1,93;0,36;32,43;33,43;3,93;3,01
4;StudentAttendanceSystem;state;398;17;29;6;30;100;0,42;0,42;0;0,06;33,43;33,43;1,12;0,91
4;StudentAttendanceSystem;transition;398;17;29;9;29;100;0,33;0,61;0;0,09;33,43;33,43;1,22;1,02
4;StudentAttendanceSystem;pair;398;17;29;28;144;100;0,32;0,18;0,9;0,21;34,43;35,43;2,36;1,61
4;StudentAttendanceSystem;state;399;20;39;8;39;100;0,41;0,47;0;0,08;35,43;35,43;1,1;0,95
4;StudentAttendanceSystem;transition;399;20;39;14;39;100;0,38;0,81;0;0,14;36,43;36,43;1,6;1,32
4;StudentAttendanceSystem;pair;399;20;39;40;212;100;0,35;0,23;1,57;0,35;37,43;37,43;3,35;2,49
4;StudentAttendanceSystem;state;400;21;41;8;43;100;0,4;0,54;0;0,09;37,43;38,43;1,21;1,03
4;StudentAttendanceSystem;transition;400;21;41;13;41;100;0,4;0,88;0;0,14;38,43;38,43;1,63;1,43
4;StudentAttendanceSystem;pair;400;21;41;41;223;100;0,4;0,26;1,55;0,38;39,43;40,43;3,45;2,6
4;StudentAttendanceSystem;state;401;23;42;10;51;100;0,41;0,5;0;0,1;40,43;40,43;1,17;1,02
4;StudentAttendanceSystem;transition;401;23;42;15;41;100;0,42;0,95;0;0,16;41,43;41,43;1,74;1,53
4;StudentAttendanceSystem;pair;401;23;42;33;176;100;0,43;0,25;1,35;0,28;42,43;42,43;3,09;2,31
4;StudentAttendanceSystem;state;402;28;58;13;70;100;0,71;0,69;0;0,15;43,43;43,43;1,71;1,55
4;StudentAttendanceSystem;transition;402;28;58;20;58;100;0,49;1,34;0;0,24;44,43;44,43;2,31;2,07
4;StudentAttendanceSystem;pair;402;28;58;49;285;100;0,51;0,44;2,41;0,48;45,43;46,43;4,92;3,85
4;StudentAttendanceSystem;state;403;31;61;14;78;100;0,51;0,68;0;0,15;46,43;46,43;1,52;1,35
4;StudentAttendanceSystem;transition;403;31;61;19;60;100;0,55;1,36;0;0,24;47,43;47,43;2,39;2,15
4;StudentAttendanceSystem;pair;403;31;61;55;321;100;0,52;0,37;2,44;0,54;49,43;49,43;5,09;3,87
4;StudentAttendanceSystem;state;404;20;36;8;40;100;0,41;0,51;0;0,08;50,43;50,43;1,14;1
4;StudentAttendanceSystem;transition;404;20;36;13;35;100;0,39;0,8;0;0,14;50,43;51,43;1,58;1,34
4;StudentAttendanceSystem;pair;404;20;36;34;176;100;0,39;0,24;1,25;0,25;51,43;52,43;2,82;2,13
4;StudentAttendanceSystem;state;405;21;42;8;42;100;0,4;0,46;0;0,12;52,43;52,43;1,13;0,97
4;StudentAttendanceSystem;transition;405;21;42;14;42;100;0,38;0,82;0;0,18;53,43;53,43;1,57;1,38
4;StudentAttendanceSystem;pair;405;21;42;45;249;100;0,4;0,23;1,65;0,36;54,43;55,43;3,49;2,64
4;StudentAttendanceSystem;state;406;21;40;8;42;100;0,41;0,48;0;0,08;55,43;55,43;1,13;0,98
4;StudentAttendanceSystem;transition;406;21;40;15;40;100;0,37;0,95;0;0,15;56,43;56,43;1,91;1,47
4;StudentAttendanceSystem;pair;406;21;40;37;199;100;0,38;0,21;1,37;0,29;57,43;57,43;3,24;2,25
4;StudentAttendanceSystem;state;407;21;39;8;42;100;0,37;0,42;0;0,09;57,43;58,43;1,05;0,89
4;StudentAttendanceSystem;transition;407;21;39;14;39;100;0,38;0,55;0;0,09;58,43;58,43;1,16;1,02
4;StudentAttendanceSystem;pair;407;21;39;36;191;100;0,23;0,15;0,85;0,18;59,43;59,43;1,89;1,41
4;StudentAttendanceSystem;state;408;18;31;7;37;100;0,26;0,25;0;0,04;60,43;60,43;0,65;0,55
4;StudentAttendanceSystem;transition;408;18;31;11;31;100;0,21;0,45;0;0,08;60,43;61,43;0,85;0,74
4;StudentAttendanceSystem;pair;408;18;31;26;135;100;0,21;0,16;0,7;0,2;61,43;62,43;1,73;1,27
4;StudentAttendanceSystem;state;409;23;43;9;47;100;0,4;0,31;0;0,05;62,43;62,43;0,87;0,77
4;StudentAttendanceSystem;transition;409;23;43;16;42;100;0,24;0,75;0;0,11;63,43;63,43;1,24;1,11
4;StudentAttendanceSystem;pair;409;23;43;38;210;100;0,25;0,17;1,24;0,33;64,43;64,43;2,73;1,99
4;StudentAttendanceSystem;state;410;22;43;8;43;100;0,39;0,44;0;0,06;65,43;65,43;1,01;0,88
4;StudentAttendanceSystem;transition;410;22;43;15;42;100;0,43;0,91;0;0,19;65,43;66,43;1,75;1,53
4;StudentAttendanceSystem;pair;410;22;43;40;228;100;0,64;0,28;1,59;0,34;67,43;67,43;3,66;2,85
4;StudentAttendanceSystem;state;411;17;29;7;37;100;0,33;0,37;0;0,06;67,43;67,43;0,89;0,76
4;StudentAttendanceSystem;transition;411;17;29;9;29;100;0,33;0,61;0;0,09;68,43;68,43;1,2;1,03
4;StudentAttendanceSystem;pair;411;17;29;28;147;100;0,36;0,14;0,81;0,23;69,43;69,43;2,18;1,54
4;StudentAttendanceSystem;state;412;25;47;10;53;100;0,43;0,54;0;0,09;70,43;70,43;1,21;1,06
4;StudentAttendanceSystem;transition;412;25;47;17;46;100;0,48;1,01;0;0,17;70,43;70,43;1,86;1,66
4;StudentAttendanceSystem;pair;412;25;47;48;258;100;0,44;0,26;2,14;0,45;72,43;72,43;4,34;3,29
4;StudentAttendanceSystem;state;413;23;44;9;49;100;0,51;0,59;0;0,12;73,43;73,43;1,4;1,23
4;StudentAttendanceSystem;transition;413;23;44;15;43;100;0,44;1,01;0;0,19;73,43;73,43;1,9;1,63
4;StudentAttendanceSystem;pair;413;23;44;41;239;100;0,5;0,3;1,77;0,42;75,43;75,43;3,93;2,99
4;StudentAttendanceSystem;state;414;18;31;7;36;100;0,37;0,44;0;0,08;75,43;75,43;1,05;0,88
4;StudentAttendanceSystem;transition;414;18;31;11;30;100;0,35;0,74;0;0,13;76,43;76,43;1,41;1,22
4;StudentAttendanceSystem;pair;414;18;31;26;134;100;0,35;0,17;0,83;0,24;77,43;77,43;2,28;1,6
4;StudentAttendanceSystem;state;415;19;31;7;35;100;0,39;0,41;0;0,06;77,43;77,43;1,01;0,86
4;StudentAttendanceSystem;transition;415;19;31;12;30;100;0,4;0,81;0;0,13;78,43;78,43;1,6;1,35
4;StudentAttendanceSystem;pair;415;19;31;24;116;100;0,36;0,15;0,71;0,2;79,43;79,43;2,09;1,41
4;StudentAttendanceSystem;state;416;17;25;6;31;100;0,3;0,38;0;0,06;79,43;79,43;0,91;0,74
4;StudentAttendanceSystem;transition;416;17;25;8;24;100;0,38;0,74;0;0,1;80,43;80,43;1,42;1,22
4;StudentAttendanceSystem;pair;416;17;25;16;80;100;0,36;0,14;0,59;0,14;81,43;81,43;1,85;1,23
4;StudentAttendanceSystem;state;417;24;50;10;55;100;0,52;0,72;0;0,13;81,43;81,43;1,56;1,37
4;StudentAttendanceSystem;transition;417;24;50;15;50;100;0,52;1,22;0;0,22;82,43;82,43;2,22;1,96
4;StudentAttendanceSystem;pair;417;24;50;48;278;100;0,53;0,48;2,48;0,48;83,43;84,43;5,18;3,97
4;StudentAttendanceSystem;state;418;26;51;10;52;100;0,6;0,74;0;0,13;84,43;84,43;1,68;1,47
4;StudentAttendanceSystem;transition;418;26;51;19;50;100;0,61;1,51;0;0,26;85,43;85,43;2,69;2,38
4;StudentAttendanceSystem;pair;418;26;51;45;257;100;0,58;0,37;2;0,46;87,43;87,43;4,55;3,39
4;StudentAttendanceSystem;state;419;23;40;10;56;100;0,61;0,61;0;0,1;87,43;87,43;1,52;1,31
4;StudentAttendanceSystem;transition;419;23;40;12;39;100;0,42;0,97;0;0,17;88,43;88,43;1,81;1,56
4;StudentAttendanceSystem;pair;419;23;40;33;183;100;0,48;0,29;1,37;0,35;89,43;89,43;4,05;2,5
4;StudentAttendanceSystem;state;420;22;40;9;49;100;0,43;0,5;0;0,11;90,43;90,43;1,25;1,04
4;StudentAttendanceSystem;transition;420;22;40;13;39;100;0,45;0,9;0;0,17;91,43;91,43;1,76;1,52
4;StudentAttendanceSystem;pair;420;22;40;37;211;100;0,42;0,23;1,78;0,38;92,43;92,43;3,66;2,82
4;StudentAttendanceSystem;state;421;28;55;11;62;100;0,56;0,69;0;0,12;93,43;93,43;1,62;1,37
4;StudentAttendanceSystem;transition;421;28;55;19;54;100;0,55;1,35;0;0,26;93,43;94,43;2,43;2,16
4;StudentAttendanceSystem;pair;421;28;55;49;279;100;0,48;0,35;2,47;0,44;95,43;95,43;4,81;3,74
4;StudentAttendanceSystem;state;422;26;53;11;61;100;0,52;0,6;0;0,13;96,43;96,43;1,45;1,25
4;StudentAttendanceSystem;transition;422;26;53;17;52;100;0,5;1,3;0;0,2;97,43;97,43;2,25;1,99
4;StudentAttendanceSystem;pair;422;26;53;46;270;100;0,55;0,33;2,13;0,49;98,43;99,43;4,71;3,5
4;StudentAttendanceSystem;state;423;20;37;9;46;100;0,42;0,54;0;0,08;99,43;99,43;1,22;1,04
4;StudentAttendanceSystem;transition;423;20;37;13;37;100;0,42;0,94;0;0,15;100,43;100,43;1,72;1,5
4;StudentAttendanceSystem;pair;423;20;37;31;164;100;0,41;0,23;1,22;0,3;101,43;101,43;3;2,16
4;StudentAttendanceSystem;state;424;28;57;13;71;100;0,71;0,82;0;0,16;102,43;102,43;1,9;1,69
4;StudentAttendanceSystem;transition;424;28;57;19;56;100;0,56;1,51;0;0,3;102,43;103,43;2,7;2,37
4;StudentAttendanceSystem;pair;424;28;57;49;291;100;0,6;0,43;3,08;0,59;104,43;104,43;6,47;4,7
4;StudentAttendanceSystem;state;425;18;32;7;37;100;0,52;0,58;0;0,08;105,43;105,43;1,38;1,17
4;StudentAttendanceSystem;transition;425;18;32;10;32;100;0,35;0,7;0;0,12;105,43;105,43;1,38;1,18
4;StudentAttendanceSystem;pair;425;18;32;27;153;100;0,43;0,2;1,08;0,28;106,43;107,43;2,81;1,99
4;StudentAttendanceSystem;state;426;20;35;7;37;100;0,46;0,53;0;0,08;107,43;107,43;1,26;1,08
4;StudentAttendanceSystem;transition;426;20;35;12;34;100;0,44;0,97;0;0,12;108,43;108,43;1,78;1,53
4;StudentAttendanceSystem;pair;426;20;35;34;174;100;0,36;0,18;1,05;0,29;109,43;109,43;2,62;1,88
4;StudentAttendanceSystem;state;427;22;40;9;44;100;0,41;0,52;0;0,1;109,43;109,43;1,21;1,03
4;StudentAttendanceSystem;transition;427;22;40;16;39;100;0,43;0,93;0;0,15;110,43;110,43;1,73;1,51
4;StudentAttendanceSystem;pair;427;22;40;35;178;100;0,41;0,24;1,27;0,28;111,43;111,43;2,95;2,2
4;StudentAttendanceSystem;state;428;23;44;9;50;100;0,46;0,53;0;0,1;112,43;112,43;1,27;1,09
4;StudentAttendanceSystem;transition;428;23;44;15;44;100;0,44;1,07;0;0,19;113,43;113,43;1,94;1,7
4;StudentAttendanceSystem;pair;428;23;44;38;212;100;0,47;0,31;1,65;0,39;114,43;114,43;3,77;2,81
4;StudentAttendanceSystem;state;429;25;46;10;53;100;0,45;0,58;0;0,13;115,43;115,43;1,35;1,17
4;StudentAttendanceSystem;transition;429;25;46;17;45;100;0,41;1,06;0;0,19;115,43;115,43;1,88;1,67
4;StudentAttendanceSystem;pair;429;25;46;35;188;100;0,44;0,28;1,39;0,3;116,43;117,43;3,27;2,42
4;StudentAttendanceSystem;state;430;21;40;8;42;100;0,41;0,48;0;0,09;117,43;117,43;1,16;0,98
4;StudentAttendanceSystem;transition;430;21;40;15;40;100;0,41;0,94;0;0,21;118,43;118,43;1,77;1,56
4;StudentAttendanceSystem;pair;430;21;40;38;202;100;0,45;0,24;1,44;0,32;119,43;119,43;3,27;2,45
4;StudentAttendanceSystem;state;431;28;57;13;72;100;0,54;0,67;0;0,15;120,43;120,43;1,55;1,35
4;StudentAttendanceSystem;transition;431;28;57;18;57;100;0,47;1,29;0;0,21;121,43;121,43;2,23;1,96
4;StudentAttendanceSystem;pair;431;28;57;54;308;100;0,54;0,42;2,42;0,55;122,43;123,43;5,07;3,92
4;StudentAttendanceSystem;state;432;30;61;13;73;100;0,63;0,73;0;0,2;123,43;124,43;1,77;1,56
4;StudentAttendanceSystem;transition;432;30;61;20;60;100;0,59;1,44;0;0,26;124,43;125,43;2,61;2,29
4;StudentAttendanceSystem;pair;432;30;61;58;334;100;0,57;0,42;3,28;0,57;126,43;127,43;6,28;4,86
4;StudentAttendanceSystem;state;433;24;44;9;50;100;0,45;0,61;0;0,09;128,43;128,43;1,35;1,15
4;StudentAttendanceSystem;transition;433;24;44;16;43;100;0,43;1,02;0;0,16;128,43;128,43;1,85;1,61
4;StudentAttendanceSystem;pair;433;24;44;38;200;100;0,4;0,24;1,47;0,31;129,43;130,43;3,34;2,43
4;StudentAttendanceSystem;state;434;19;35;7;36;100;0,42;0,51;0;0,07;130,43;130,43;1,2;0,99
4;StudentAttendanceSystem;transition;434;19;35;11;35;100;0,38;0,85;0;0,12;131,43;131,43;1,59;1,36
4;StudentAttendanceSystem;pair;434;19;35;35;191;100;0,39;0,23;1,18;0,27;132,43;132,43;2,93;2,06
4;StudentAttendanceSystem;state;435;23;43;10;52;100;0,41;0,49;0;0,11;133,43;133,43;1,17;1,01
4;StudentAttendanceSystem;transition;435;23;43;15;42;100;0,47;0,96;0;0,17;133,43;133,43;1,79;1,59
4;StudentAttendanceSystem;pair;435;23;43;39;218;100;0,42;0,28;1,49;0,37;134,43;135,43;3,69;2,56
4;StudentAttendanceSystem;state;436;23;45;11;59;100;0,48;0,66;0;0,1;135,43;135,43;1,42;1,23
4;StudentAttendanceSystem;transition;436;23;45;15;45;100;0,47;1,02;0;0,18;136,43;136,43;1,92;1,67
4;StudentAttendanceSystem;pair;436;23;45;42;234;100;0,49;0,34;1,88;0,46;137,43;138,43;4,28;3,16
4;StudentAttendanceSystem;state;437;28;58;13;70;100;0,55;0,65;0;0,14;138,43;138,43;1,52;1,34
4;StudentAttendanceSystem;transition;437;28;58;20;58;100;0,5;1,31;0;0,22;139,43;139,43;2,28;2,03
4;StudentAttendanceSystem;pair;437;28;58;50;286;100;0,49;0,37;2,44;0,5;141,43;141,43;5,07;3,81
4;StudentAttendanceSystem;state;438;19;29;7;37;100;0,41;0,45;0;0,08;142,43;142,43;1,11;0,94
4;StudentAttendanceSystem;transition;438;19;29;10;28;100;0,35;0,73;0;0,12;142,43;142,43;1,48;1,21
4;StudentAttendanceSystem;pair;438;19;29;18;88;100;0,34;0,16;0,64;0,15;143,43;143,43;1,92;1,28
4;StudentAttendanceSystem;state;439;16;27;6;31;100;0,38;0,39;0;0,06;143,43;143,43;0,97;0,82
4;StudentAttendanceSystem;transition;439;16;27;9;27;100;0,38;0,64;0;0,09;144,43;144,43;1,28;1,11
4;StudentAttendanceSystem;pair;439;16;27;23;121;100;0,35;0,15;0,77;0,18;145,43;145,43;2,12;1,45
4;StudentAttendanceSystem;state;440;17;30;6;30;100;0,33;0,43;0;0,06;145,43;145,43;0,99;0,83
4;StudentAttendanceSystem;transition;440;17;30;10;30;100;0,31;0,83;0;0,09;146,43;146,43;1,43;1,23
4;StudentAttendanceSystem;pair;440;17;30;32;159;100;0,34;0,17;1,01;0,28;147,43;147,43;2,51;1,79
4;StudentAttendanceSystem;state;441;19;31;7;37;100;0,45;0,5;0;0,08;147,43;147,43;1,22;1,03
4;StudentAttendanceSystem;transition;441;19;31;10;30;100;0,45;0,91;0;0,13;148,43;148,43;1,7;1,49
4;StudentAttendanceSystem;pair;441;19;31;24;130;100;0,41;0,19;0,86;0,21;149,43;149,43;2,44;1,68
4;StudentAttendanceSystem;state;442;19;34;8;42;100;0,39;0,42;0;0,06;149,43;149,43;1,01;0,87
4;StudentAttendanceSystem;transition;442;19;34;11;34;100;0,42;0,79;0;0,12;150,43;150,43;1,53;1,33
4;StudentAttendanceSystem;pair;442;19;34;28;146;100;0,36;0,19;0,88;0,23;151,43;151,43;2,37;1,67
4;StudentAttendanceSystem;state;443;26;53;11;61;100;0,5;0,71;0;0,12;152,43;152,43;1,51;1,34
4;StudentAttendanceSystem;transition;443;26;53;17;52;100;0,45;1,11;0;0,2;152,43;153,43;1,98;1,76
4;StudentAttendanceSystem;pair;443;26;53;46;270;100;0,47;0,31;5;0,43;154,59;5,59;7,55;6,21
4;StudentAttendanceSystem;state;444;28;58;13;72;100;0,57;0,71;0;0,13;6,59;6,59;1,6;1,41
4;StudentAttendanceSystem;transition;444;28;58;19;58;100;0,52;1,33;0;0,24;7,59;7,59;2,36;2,1
4;StudentAttendanceSystem;pair;444;28;58;57;323;100;0,57;0,47;2,58;0,59;8,59;9,59;5,44;4,2
4;StudentAttendanceSystem;state;445;31;63;14;78;100;0,62;0,78;0;0,14;10,59;10,59;1,76;1,55
4;StudentAttendanceSystem;transition;445;31;63;21;62;100;0,52;1,52;0;0,26;11,59;11,59;2,61;2,3
4;StudentAttendanceSystem;pair;445;31;63;61;347;100;0,52;0,37;3,12;0,61;12,59;13,59;5,85;4,62
4;StudentAttendanceSystem;state;446;24;43;9;50;100;0,45;0,56;0;0,09;13,59;13,59;1,28;1,1
4;StudentAttendanceSystem;transition;446;24;43;15;42;100;0,44;0,94;0;0,18;14,59;14,59;1,75;1,55
4;StudentAttendanceSystem;pair;446;24;43;36;193;100;0,39;0,34;1,26;0,2;15,59;16,59;2,95;2,2
4;StudentAttendanceSystem;state;447;28;59;13;70;100;0,34;0,7;0;0,15;16,59;16,59;1,39;1,19
4;StudentAttendanceSystem;transition;447;28;59;21;59;100;0,5;1,35;0;0,22;17,59;17,59;2,29;2,07
4;StudentAttendanceSystem;pair;447;28;59;53;301;100;0,47;0,34;2,2;0,54;19,59;19,59;4,71;3,55
4;StudentAttendanceSystem;state;448;19;32;8;38;100;0,38;0,47;0;0,09;19,59;20,59;1,14;0,94
4;StudentAttendanceSystem;transition;448;19;32;12;32;100;0,33;0,7;0;0,1;20,59;20,59;1,29;1,13
4;StudentAttendanceSystem;pair;448;19;32;27;132;100;0,39;0,17;0,92;0,22;21,59;21,59;2,34;1,69
4;StudentAttendanceSystem;state;449;20;32;7;37;100;0,44;0,44;0;0,06;22,59;22,59;1,1;0,94
4;StudentAttendanceSystem;transition;449;20;32;11;31;100;0,31;0,85;0;0,13;22,59;22,59;1,51;1,3
4;StudentAttendanceSystem;pair;449;20;32;28;140;100;0,38;0,18;0,9;0,21;23,59;23,59;2,36;1,66
4;StudentAttendanceSystem;state;450;21;42;9;45;100;0,47;0,51;0;0,1;24,59;24,59;1,24;1,07
4;StudentAttendanceSystem;transition;450;21;42;15;42;100;0,38;0,91;0;0,15;24,59;24,59;1,62;1,43
4;StudentAttendanceSystem;pair;450;21;42;39;219;100;0,43;0,29;1,56;0,33;26,59;26,59;3,44;2,6
4;StudentAttendanceSystem;state;451;27;53;11;59;100;0,53;0,7;0;0,13;26,59;27,59;1,54;1,35
4;StudentAttendanceSystem;transition;451;27;53;19;52;100;0,54;1,23;0;0,22;27,59;27,59;2,25;1,99
4;StudentAttendanceSystem;pair;451;27;53;55;305;100;0,55;0,39;2,28;0,55;29,59;29,59;4,87;3,77
4;StudentAttendanceSystem;state;452;24;43;9;50;100;0,45;0,66;0;0,1;30,59;30,59;1,41;1,2
4;StudentAttendanceSystem;transition;452;24;43;15;42;100;0,49;1,04;0;0,29;31,59;31,59;2,13;1,82
4;StudentAttendanceSystem;pair;452;24;43;34;186;100;0,49;0,37;1,43;0,38;32,59;32,59;3,59;2,67
4;StudentAttendanceSystem;state;453;24;46;10;55;100;0,55;0,66;0;0,14;32,59;33,59;1,56;1,36
4;StudentAttendanceSystem;transition;453;24;46;16;46;100;0,55;1,02;0;0,19;33,59;33,59;2,03;1,76
4;StudentAttendanceSystem;pair;453;24;46;41;225;100;0,42;0,27;1,51;0,35;34,59;35,59;3,51;2,56
4;StudentAttendanceSystem;state;454;21;38;8;42;100;0,43;0,57;0;0,1;35,59;35,59;1,28;1,09
4;StudentAttendanceSystem;transition;454;21;38;13;38;100;0,42;0,87;0;0,15;36,59;36,59;1,66;1,44
4;StudentAttendanceSystem;pair;454;21;38;32;176;100;0,5;0,22;1,25;0,29;37,59;37,59;3,11;2,25
4;StudentAttendanceSystem;state;455;21;40;8;43;100;0,4;0,55;0;0,08;38,59;38,59;1,26;1,04
4;StudentAttendanceSystem;transition;455;21;40;14;40;100;0,4;0,88;0;0,18;38,59;38,59;1,69;1,46
4;StudentAttendanceSystem;pair;455;21;40;41;221;100;0,49;0,24;1,56;0,32;39,59;40,59;3,51;2,61
4;StudentAttendanceSystem;state;456;16;27;6;27;100;0,32;0,35;0;0,05;40,59;40,59;0,89;0,72
4;StudentAttendanceSystem;transition;456;16;27;10;27;100;0,37;0,57;0;0,1;41,59;41,59;1,23;1,04
4;StudentAttendanceSystem;pair;456;16;27;25;114;100;0,3;0,14;0,81;0,2;41,59;42,59;2,09;1,45
4;StudentAttendanceSystem;state;457;21;39;9;50;100;0,43;0,51;0;0,08;42,59;42,59;1,19;1,03
4;StudentAttendanceSystem;transition;457;21;39;12;39;100;0,41;0,86;0;0,14;43,59;43,59;1,62;1,41
4;StudentAttendanceSystem;pair;457;21;39;33;187;100;0,43;0,24;1,26;0,3;44,59;44,59;3,11;2,23
4;StudentAttendanceSystem;state;458;23;45;9;48;100;0,44;0,57;0;0,09;45,59;45,59;1,27;1,1
4;StudentAttendanceSystem;transition;458;23;45;16;44;100;0,44;0,95;0;0,18;45,59;45,59;1,77;1,57
4;StudentAttendanceSystem;pair;458;23;45;43;241;100;0,41;0,25;1,74;0,36;47,59;47,59;3,62;2,75
4;StudentAttendanceSystem;state;459;26;53;11;59;100;0,5;0,59;0;0,12;48,59;48,59;1,41;1,2
4;StudentAttendanceSystem;transition;459;26;53;19;53;100;0,46;1,21;0;0,29;48,59;48,59;2,24;1,96
4;StudentAttendanceSystem;pair;459;26;53;48;272;100;0,52;0,34;2,24;0,47;50,59;50,59;4,49;3,57
4;StudentAttendanceSystem;state;460;20;37;8;43;100;0,47;0,45;0;0,09;51,59;51,59;1,16;1,01
4;StudentAttendanceSystem;transition;460;20;37;13;37;100;0,34;0,77;0;0,13;51,59;51,59;1,41;1,25
4;StudentAttendanceSystem;pair;460;20;37;32;178;100;0,36;0,21;1,24;0,19;52,59;53,59;2,92;2
4;StudentAttendanceSystem;state;461;26;50;10;56;100;0,45;0,58;0;0,13;53,59;53,59;1,33;1,16
4;StudentAttendanceSystem;transition;461;26;50;18;49;100;0,42;1,21;0;0,19;54,59;54,59;2,04;1,82
4;StudentAttendanceSystem;pair;461;26;50;45;247;100;0,46;0,49;1,77;0,43;55,59;56,59;4,25;3,15
4;StudentAttendanceSystem;state;462;22;39;9;49;100;0,55;0,6;0;0,08;56,59;56,59;1,42;1,23
4;StudentAttendanceSystem;transition;462;22;39;13;38;100;0,52;0,95;0;0,16;57,59;57,59;1,86;1,63
4;StudentAttendanceSystem;pair;462;22;39;33;179;100;0,38;0,21;1,14;0,25;58,59;58,59;2,69;1,98
4;StudentAttendanceSystem;state;463;24;48;11;62;100;0,4;0,55;0;0,13;59,59;59,59;1,24;1,07
4;StudentAttendanceSystem;transition;463;24;48;14;48;100;0,46;1,01;0;0,18;59,59;60,59;1,93;1,65
4;StudentAttendanceSystem;pair;463;24;48;39;239;100;0,44;0,29;1,76;0,34;61,59;61,59;3,68;2,83
4;StudentAttendanceSystem;state;464;18;29;7;35;100;0,34;0,4;0;0,09;61,59;62,59;1,01;0,83
4;StudentAttendanceSystem;transition;464;18;29;10;29;100;0,38;0,76;0;0,13;62,59;62,59;1,52;1,27
4;StudentAttendanceSystem;pair;464;18;29;27;129;100;0,31;0,16;0,82;0,22;63,59;63,59;2,14;1,51
4;StudentAttendanceSystem;state;465;20;37;8;40;100;0,33;0,54;0;0,09;63,59;64,59;1,19;0,95
4;StudentAttendanceSystem;transition;465;20;37;14;37;100;0,33;0,79;0;0,12;64,59;64,59;1,43;1,24
4;StudentAttendanceSystem;pair;465;20;37;36;184;100;0,33;0,22;1,35;0,28;65,59;65,59;2,96;2,18
4;StudentAttendanceSystem;state;466;16;26;6;31;100;0,4;0,36;0;0,07;66,59;66,59;0,97;0,83
4;StudentAttendanceSystem;transition;466;16;26;8;26;100;0,33;0,6;0;0,09;66,59;66,59;1,22;1,02
4;StudentAttendanceSystem;pair;466;16;26;20;106;100;0,37;0,2;0,73;0,18;67,59;67,59;2,14;1,48
4;StudentAttendanceSystem;state;467;28;58;13;70;100;0,57;1,04;0;0,27;68,59;68,59;2,22;1,88
4;StudentAttendanceSystem;transition;467;28;58;20;58;100;0,53;1,27;0;0,23;69,59;69,59;2,29;2,04
4;StudentAttendanceSystem;pair;467;28;58;50;290;100;0,49;0,39;2,31;0,5;70,59;71,59;4,78;3,69
4;StudentAttendanceSystem;state;468;24;46;10;56;100;0,49;0,67;0;0,11;71,59;71,59;1,47;1,27
4;StudentAttendanceSystem;transition;468;24;46;15;45;100;0,47;1,13;0;0,18;72,59;72,59;2,02;1,77
4;StudentAttendanceSystem;pair;468;24;46;45;261;100;0,4;0,3;1,93;0,44;73,59;74,59;4,03;3,06
4;StudentAttendanceSystem;state;469;21;35;8;43;100;0,39;0,48;0;0,07;74,59;74,59;1,11;0,94
4;StudentAttendanceSystem;transition;469;21;35;12;34;100;0,36;0,94;0;0,12;75,59;75,59;1,66;1,42
4;StudentAttendanceSystem;pair;469;21;35;25;137;100;0,42;0,19;0,91;0,22;76,59;76,59;2,43;1,74
4;StudentAttendanceSystem;state;470;26;53;13;71;100;0,44;0,67;0;0,13;76,59;77,59;1,44;1,23
4;StudentAttendanceSystem;transition;470;26;53;16;53;100;0,46;1,06;0;0,2;77,59;77,59;1,98;1,72
4;StudentAttendanceSystem;pair;470;26;53;47;277;100;0,49;0,43;2,06;0,6;79,59;79,59;4,68;3,58
4;StudentAttendanceSystem;state;471;26;47;11;60;100;0,43;0,55;0;0,12;80,59;80,59;1,29;1,1
4;StudentAttendanceSystem;transition;471;26;47;16;46;100;0,49;1,03;0;0,2;80,59;81,59;1,94;1,72
4;StudentAttendanceSystem;pair;471;26;47;43;229;100;0,54;0,31;1,89;0,43;82,59;82,59;4,28;3,17
4;StudentAttendanceSystem;state;472;29;57;12;67;100;0,48;0,66;0;0,15;83,59;83,59;1,54;1,29
4;StudentAttendanceSystem;transition;472;29;57;20;56;100;0,51;1,34;0;0,27;83,59;84,59;2,36;2,12
4;StudentAttendanceSystem;pair;472;29;57;52;296;100;0,49;0,41;2,79;0,51;85,59;86,59;5,45;4,21
4;StudentAttendanceSystem;state;473;22;38;9;50;100;0,37;0,53;0;0,09;86,59;86,59;1,17;1
4;StudentAttendanceSystem;transition;473;22;38;12;37;100;0,41;0,86;0;0,14;87,59;87,59;1,6;1,41
4;StudentAttendanceSystem;pair;473;22;38;29;161;100;0,38;0,19;0,97;0,27;88,59;88,59;2,52;1,81
4;StudentAttendanceSystem;state;474;22;39;9;49;100;0,39;0,49;0;0,1;88,59;88,59;1,13;0,98
4;StudentAttendanceSystem;transition;474;22;39;13;38;100;0,38;0,88;0;0,15;89,59;89,59;1,61;1,42
4;StudentAttendanceSystem;pair;474;22;39;34;183;100;0,4;0,2;1,21;0,3;90,59;90,59;2,94;2,11
4;StudentAttendanceSystem;state;475;24;45;10;54;100;0,44;0,56;0;0,12;91,59;91,59;1,31;1,12
4;StudentAttendanceSystem;transition;475;24;45;15;44;100;0,41;1,11;0;0,21;92,59;92,59;1,99;1,73
4;StudentAttendanceSystem;pair;475;24;45;39;217;100;0,4;0,32;1,79;0,4;93,59;93,59;3,8;2,91
4;StudentAttendanceSystem;state;476;23;44;10;52;100;0,43;0,58;0;0,11;94,59;94,59;1,33;1,13
4;StudentAttendanceSystem;transition;476;23;44;16;44;100;0,37;0,97;0;0,18;94,59;94,59;1,74;1,52
4;StudentAttendanceSystem;pair;476;23;44;42;218;100;0,46;0,48;2,31;0,61;96,59;96,59;5,1;3,86
4;StudentAttendanceSystem;state;477;19;34;7;36;100;0,5;0,57;0;0,1;96,59;96,59;1,41;1,17
4;StudentAttendanceSystem;transition;477;19;34;13;34;100;0,47;1,16;0;0,26;97,59;97,59;2,2;1,89
4;StudentAttendanceSystem;pair;477;19;34;32;159;100;0,41;0,3;1,64;0,47;98,59;98,59;3,81;2,82
4;StudentAttendanceSystem;state;478;30;60;13;72;100;0,75;1,01;0;0,14;99,59;99,59;2,09;1,89
4;StudentAttendanceSystem;transition;478;30;60;21;59;100;0,79;1,54;0;0,31;100,59;100,59;2,92;2,64
4;StudentAttendanceSystem;pair;478;30;60;61;339;100;0,53;0,45;3,22;0,71;101,59;102,59;6,13;4,91
4;StudentAttendanceSystem;state;479;20;34;8;43;100;0,39;0,46;0;0,11;102,59;102,59;1,14;0,96
4;StudentAttendanceSystem;transition;479;20;34;11;33;100;0,38;0,88;0;0,14;103,59;103,59;1,64;1,4
4;StudentAttendanceSystem;pair;479;20;34;30;161;100;0,38;0,2;1,17;0,29;104,59;104,59;2,76;2,04
4;StudentAttendanceSystem;state;480;32;64;15;81;100;0,55;0,83;0;0,16;105,59;105,59;1,79;1,54
4;StudentAttendanceSystem;transition;480;32;64;21;63;100;0,56;1,62;0;0,28;106,59;106,59;2,74;2,46
4;StudentAttendanceSystem;pair;480;32;64;56;325;100;0,59;0,51;3,05;0,71;107,59;108,59;6,19;4,86
4;StudentAttendanceSystem;state;481;24;44;9;49;100;0,47;0,54;0;0,1;108,59;108,59;1,3;1,11
4;StudentAttendanceSystem;transition;481;24;44;15;43;100;0,45;0,99;0;0,2;109,59;109,59;1,9;1,64
4;StudentAttendanceSystem;pair;481;24;44;42;230;100;0,42;0,31;1,8;0,45;110,59;111,59;3,87;2,97
4;StudentAttendanceSystem;state;482;21;39;8;42;100;0,41;0,5;0;0,09;111,59;111,59;1,16;1
4;StudentAttendanceSystem;transition;482;21;39;14;39;100;0,41;0,88;0;0,17;112,59;112,59;1,67;1,46
4;StudentAttendanceSystem;pair;482;21;39;35;187;100;0,41;0,22;1,53;0,31;113,59;113,59;3,26;2,48
4;StudentAttendanceSystem;state;483;26;54;13;71;100;0,53;0,67;0;0,14;114,59;114,59;1,53;1,35
4;StudentAttendanceSystem;transition;483;26;54;17;54;100;0,47;1,25;0;0,23;115,59;115,59;2,21;1,95
4;StudentAttendanceSystem;pair;483;26;54;50;292;100;0,52;0,39;2,63;0,58;116,59;116,59;5,14;4,11
4;StudentAttendanceSystem;state;484;24;47;10;51;100;0,45;0,58;0;0,11;117,59;117,59;1,37;1,15
4;StudentAttendanceSystem;transition;484;24;47;17;46;100;0,42;1,15;0;0,19;118,59;118,59;1,97;1,75
4;StudentAttendanceSystem;pair;484;24;47;40;229;100;0,4;0,44;1,93;0,37;119,59;119,59;4,01;3,14
4;StudentAttendanceSystem;state;485;20;36;8;39;100;0,36;0,4;0;0,09;120,59;120,59;0,98;0,85
4;StudentAttendanceSystem;transition;485;20;36;14;36;100;0,34;0,83;0;0,14;120,59;121,59;1,54;1,31
4;StudentAttendanceSystem;pair;485;20;36;29;150;100;0,37;0,2;0,94;0,29;121,59;122,59;2,52;1,79
4;StudentAttendanceSystem;state;486;17;29;7;37;100;0,32;0,38;0;0,07;122,59;122,59;0,93;0,78
4;StudentAttendanceSystem;transition;486;17;29;9;29;100;0,3;0,69;0;0,1;123,59;123,59;1,37;1,09
4;StudentAttendanceSystem;pair;486;17;29;26;140;100;0,35;0,23;0,77;0,24;123,59;124,59;2,32;1,58
4;StudentAttendanceSystem;state;487;25;50;10;56;100;0,55;0,67;0;0,1;124,59;124,59;1,49;1,32
4;StudentAttendanceSystem;transition;487;25;50;17;50;100;0,61;1,22;0;0,19;125,59;125,59;2,29;2,03
4;StudentAttendanceSystem;pair;487;25;50;45;259;100;0,44;0,37;2,01;0,43;126,59;127,59;4,2;3,25
4;StudentAttendanceSystem;state;488;25;49;10;52;100;0,47;0,53;0;0,1;127,59;127,59;1,3;1,1
4;StudentAttendanceSystem;transition;488;25;49;17;48;100;0,43;1,15;0;0,18;128,59;128,59;2;1,77
4;StudentAttendanceSystem;pair;488;25;49;47;257;100;0,41;0,36;1,98;0,44;129,59;130,59;4,18;3,19
4;StudentAttendanceSystem;state;489;25;50;12;68;100;0,44;0,6;0;0,11;130,59;130,59;1,32;1,16
4;StudentAttendanceSystem;transition;489;25;50;14;50;100;0,43;0,96;0;0,17;131,59;131,59;1,76;1,55
4;StudentAttendanceSystem;pair;489;25;50;44;264;100;0,39;0,3;1,87;0,39;132,59;133,59;3,92;2,96
4;StudentAttendanceSystem;state;490;26;50;12;63;100;0,3;0,51;0;0,12;133,59;133,59;1,1;0,94
4;StudentAttendanceSystem;transition;490;26;50;17;50;100;0,44;1,06;0;0,16;134,59;134,59;1,87;1,67
4;StudentAttendanceSystem;pair;490;26;50;46;252;100;0,44;0,34;1,62;0,39;136,59;136,59;4,16;2,78
4;StudentAttendanceSystem;state;491;16;25;6;30;100;0,3;0,32;0;0,05;136,59;136,59;0,82;0,66
4;StudentAttendanceSystem;transition;491;16;25;9;24;100;0,31;0,59;0;0,08;137,59;137,59;1,13;0,98
4;StudentAttendanceSystem;pair;491;16;25;19;87;100;0,28;0,18;0,51;0,13;138,59;138,59;1,63;1,1
4;StudentAttendanceSystem;state;492;23;44;9;45;100;0,36;0,48;0;0,11;138,59;138,59;1,1;0,95
4;StudentAttendanceSystem;transition;492;23;44;16;43;100;0,32;0,91;0;0,17;139,59;139,59;1,63;1,4
4;StudentAttendanceSystem;pair;492;23;44;44;236;100;0,36;0,29;1,73;0,37;140,59;140,59;3,59;2,75
4;StudentAttendanceSystem;state;493;21;38;8;43;100;0,4;0,42;0;0,08;141,59;141,59;1,07;0,9
4;StudentAttendanceSystem;transition;493;21;38;13;37;100;0,37;0,96;0;0,16;142,59;142,59;1,8;1,49
4;StudentAttendanceSystem;pair;493;21;38;34;192;100;0,36;0,23;1,27;0,32;143,59;143,59;2,96;2,19
4;StudentAttendanceSystem;state;494;25;46;10;55;100;0,44;0,52;0;0,08;143,59;144,59;1,16;1,04
4;StudentAttendanceSystem;transition;494;25;46;16;45;100;0,27;1,14;0;0,16;144,59;144,59;1,76;1,57
4;StudentAttendanceSystem;pair;494;25;46;44;232;100;0,47;0,3;1,83;0,42;145,59;146,59;4,06;3,03
4;StudentAttendanceSystem;state;495;21;40;8;42;100;0,39;0,45;0;0,07;146,59;146,59;1,07;0,91
4;StudentAttendanceSystem;transition;495;21;40;15;40;100;0,42;0,85;0;0,18;147,59;147,59;1,67;1,45
4;StudentAttendanceSystem;pair;495;21;40;38;202;100;0,38;0,27;1,32;0,3;148,59;148,59;3,05;2,27
4;StudentAttendanceSystem;state;496;24;45;9;48;100;0,37;0,46;0;0,09;149,59;149,59;1,12;0,92
4;StudentAttendanceSystem;transition;496;24;45;17;44;100;0,38;1,04;0;0,2;150,59;150,59;1,83;1,63
4;StudentAttendanceSystem;pair;496;24;45;41;223;100;0,38;0,27;1,58;0,32;151,59;151,59;3,34;2,56
4;StudentAttendanceSystem;state;497;22;38;8;42;100;0,35;0,43;0;0,08;152,59;152,59;1,01;0,86
4;StudentAttendanceSystem;transition;497;22;38;14;37;100;0,31;0,79;0;0,18;152,59;152,59;1,47;1,28
4;StudentAttendanceSystem;pair;497;22;38;31;161;100;0,35;0,18;0,99;2,67;153,59;154,59;5;4,19
4;StudentAttendanceSystem;state;498;27;55;11;61;100;0,49;0,61;0;0,11;5,46;5,46;1,39;1,21
4;StudentAttendanceSystem;transition;498;27;55;17;54;100;0,51;1,15;0;0,22;6,46;6,46;2,11;1,88
4;StudentAttendanceSystem;pair;498;27;55;52;302;100;0,48;0,36;2,5;0,48;7,46;8,46;4,9;3,82
4;StudentAttendanceSystem;state;499;20;33;7;37;100;0,38;0,48;0;0,07;8,46;8,46;1,08;0,92
4;StudentAttendanceSystem;transition;499;20;33;12;32;100;0,35;0,87;0;0,14;9,46;9,46;1,53;1,36
4;StudentAttendanceSystem;pair;499;20;33;32;155;100;0,35;0,2;1,06;0,28;10,46;10,46;2,6;1,89
4;StudentAttendanceSystem;state;500;22;41;9;45;100;0,42;0,47;0;0,09;11,46;11,46;1,14;0,98
4;StudentAttendanceSystem;transition;500;22;41;15;41;100;0,37;0,94;0;0,17;11,46;11,46;1,69;1,48
4;StudentAttendanceSystem;pair;500;22;41;33;182;100;0,4;0,26;1,2;0,34;12,46;13,46;2,93;2,21
4;StudentAttendanceSystem;state;501;19;33;7;36;100;0,4;0,43;0;0,08;13,46;13,46;1,06;0,91
4;StudentAttendanceSystem;transition;501;19;33;12;33;100;0,37;0,81;0;0,16;14,46;14,46;1,53;1,34
4;StudentAttendanceSystem;pair;501;19;33;28;140;100;0,33;0,18;0,87;0,2;15,46;15,46;2,46;1,58
4;StudentAttendanceSystem;state;502;19;32;7;36;100;0,33;0,38;0;0,07;15,46;15,46;0,94;0,78
4;StudentAttendanceSystem;transition;502;19;32;11;31;100;0,35;0,71;0;0,11;16,46;16,46;1,36;1,18
4;StudentAttendanceSystem;pair;502;19;32;26;136;100;0,65;0,55;0,87;0,21;17,46;17,46;3,03;2,28
4;StudentAttendanceSystem;state;503;20;39;8;42;100;0,49;0,46;0;0,08;17,46;17,46;1,19;1,03
4;StudentAttendanceSystem;transition;503;20;39;13;39;100;0,44;0,78;0;0,14;18,46;18,46;1,61;1,36
4;StudentAttendanceSystem;pair;503;20;39;36;206;100;0,33;0,24;1,42;0,32;19,46;19,46;3,07;2,31
4;StudentAttendanceSystem;state;504;17;32;7;35;100;0,34;0,37;0;0,07;20,46;20,46;0,93;0,78
4;StudentAttendanceSystem;transition;504;17;32;11;32;100;0,39;0,63;0;0,11;20,46;20,46;1,31;1,13
4;StudentAttendanceSystem;pair;504;17;32;29;157;100;0,33;0,17;1;0,3;21,46;22,46;2,54;1,81
4;StudentAttendanceSystem;state;505;18;29;6;31;100;0,33;0,37;0;0,05;22,46;22,46;0,87;0,74
4;StudentAttendanceSystem;transition;505;18;29;10;28;100;0,31;0,61;0;0,11;22,46;23,46;1,21;1,03
4;StudentAttendanceSystem;pair;505;18;29;29;136;100;0,33;0,16;0,93;0,19;23,46;23,46;2,19;1,61
4;StudentAttendanceSystem;state;506;25;46;10;55;100;0,45;0,55;0;0,11;24,46;24,46;1,28;1,11
4;StudentAttendanceSystem;transition;506;25;46;17;45;100;0,38;1,21;0;0,19;25,46;25,46;2,06;1,78
4;StudentAttendanceSystem;pair;506;25;46;40;208;100;0,89;0,32;1,75;0,42;26,46;26,46;4,22;3,37
4;StudentAttendanceSystem;state;507;22;40;9;47;100;0,48;0,56;0;0,11;27,46;27,46;1,34;1,16
4;StudentAttendanceSystem;transition;507;22;40;13;40;100;0,41;0,9;0;0,15;27,46;28,46;1,7;1,46
4;StudentAttendanceSystem;pair;507;22;40;38;208;100;0,51;0,24;1,41;0,3;29,46;29,46;3,45;2,45
4;StudentAttendanceSystem;state;508;16;26;6;31;100;0,31;0,42;0;0,06;29,46;29,46;0,93;0,78
4;StudentAttendanceSystem;transition;508;16;26;8;26;100;0,3;0,71;0;0,1;30,46;30,46;1,32;1,11
4;StudentAttendanceSystem;pair;508;16;26;20;106;100;0,32;0,13;0,62;0,16;30,46;31,46;2,05;1,23
4;StudentAttendanceSystem;state;509;20;33;8;40;100;0,32;0,47;0;0,09;31,46;31,46;1,03;0,88
4;StudentAttendanceSystem;transition;509;20;33;13;32;100;0,33;0,86;0;0,15;32,46;32,46;1,54;1,35
4;StudentAttendanceSystem;pair;509;20;33;23;111;100;0,31;0,2;0,74;0,19;32,46;33,46;2,33;1,44
4;StudentAttendanceSystem;state;510;22;39;9;50;100;0,39;0,53;0;0,1;33,46;33,46;1,2;1,02
4;StudentAttendanceSystem;transition;510;22;39;12;39;100;0,37;0,95;0;0,12;34,46;34,46;1,68;1,44
4;StudentAttendanceSystem;pair;510;22;39;34;182;100;0,34;0,22;1,27;0,28;35,46;35,46;2,91;2,11
4;StudentAttendanceSystem;state;511;30;61;13;71;100;0,53;0,69;0;0,14;36,46;36,46;1,52;1,35
4;StudentAttendanceSystem;transition;511;30;61;21;60;100;0,58;1,46;0;0,26;37,46;37,46;2,54;2,3
4;StudentAttendanceSystem;pair;511;30;61;51;297;100;0,48;0,43;2,65;0,54;38,46;39,46;5,14;4,1
4;StudentAttendanceSystem;state;512;23;42;9;45;100;0,38;0,45;0;0,1;39,46;39,46;1,07;0,92
4;StudentAttendanceSystem;transition;512;23;42;17;41;100;0,41;0,98;0;0,16;40,46;40,46;1,73;1,54
4;StudentAttendanceSystem;pair;512;23;42;36;184;100;0,41;0,27;1,3;0,28;41,46;41,46;3,12;2,25
4;StudentAttendanceSystem;state;513;19;34;7;36;100;0,37;0,38;0;0,06;42,46;42,46;0,92;0,81
4;StudentAttendanceSystem;transition;513;19;34;13;34;100;0,37;0,86;0;0,14;42,46;42,46;1,57;1,37
4;StudentAttendanceSystem;pair;513;19;34;32;159;100;0,42;0,21;0,92;0,3;43,46;44,46;2,5;1,84
4;StudentAttendanceSystem;state;514;25;48;11;57;100;0,46;0,61;0;0,12;44,46;44,46;1,33;1,19
4;StudentAttendanceSystem;transition;514;25;48;17;47;100;0,46;1,05;0;0,18;45,46;45,46;1,89;1,69
4;StudentAttendanceSystem;pair;514;25;48;40;222;100;0,47;0,3;1,78;0,38;46,46;46,46;3,86;2,94
4;StudentAttendanceSystem;state;515;19;32;7;37;100;0,35;0,44;0;0,07;47,46;47,46;1,02;0,86
4;StudentAttendanceSystem;transition;515;19;32;10;32;100;0,45;0,76;0;0,1;47,46;47,46;1,48;1,3
4;StudentAttendanceSystem;pair;515;19;32;28;148;100;0,31;0,18;0,92;0,23;48,46;49,46;2,29;1,64
4;StudentAttendanceSystem;state;516;22;38;9;46;100;0,35;0,43;0;0,08;49,46;49,46;0,98;0,85
4;StudentAttendanceSystem;transition;516;22;38;14;37;100;0,33;0,86;0;0,13;50,46;50,46;1,49;1,33
4;StudentAttendanceSystem;pair;516;22;38;28;149;100;0,39;0,19;0,93;0,26;51,46;51,46;2,44;1,76
4;StudentAttendanceSystem;state;517;24;49;11;62;100;0,43;0,54;0;0,1;51,46;51,46;1,2;1,07
4;StudentAttendanceSystem;transition;517;24;49;15;49;100;0,45;1,05;0;0,17;52,46;52,46;1,87;1,67
4;StudentAttendanceSystem;pair;517;24;49;43;257;100;0,4;0,3;1,62;0,39;53,46;54,46;3,64;2,71
4;StudentAttendanceSystem;state;518;25;53;12;63;100;0,47;0,57;0;0,14;54,46;54,46;1,33;1,17
4;StudentAttendanceSystem;transition;518;25;53;18;53;100;0,44;1,15;0;0,18;55,46;55,46;2,06;1,77
4;StudentAttendanceSystem;pair;518;25;53;47;269;100;0,47;0,34;2,09;0,5;57,46;57,46;4,33;3,39
4;StudentAttendanceSystem;state;519;19;33;7;37;100;0,36;0,54;0;0,07;58,46;58,46;1,14;0,97
4;StudentAttendanceSystem;transition;519;19;33;12;32;100;0,34;0,81;0;0,12;58,46;58,46;1,46;1,27
4;StudentAttendanceSystem;pair;519;19;33;30;151;100;0,33;0,17;1,01;0,24;59,46;59,46;2,44;1,75
4;StudentAttendanceSystem;state;520;27;56;12;67;100;0,58;0,64;0;0,17;60,46;60,46;1,6;1,4
4;StudentAttendanceSystem;transition;520;27;56;18;56;100;0,48;1,18;0;0,2;61,46;61,46;2,07;1,86
4;StudentAttendanceSystem;pair;520;27;56;54;310;100;0,43;0,36;2,31;0,49;62,46;63,46;4,6;3,6
4;StudentAttendanceSystem;state;521;20;33;8;43;100;0,35;0,43;0;0,07;63,46;63,46;0,98;0,85
4;StudentAttendanceSystem;transition;521;20;33;10;32;100;0,33;0,72;0;0,1;64,46;64,46;1,29;1,16
4;StudentAttendanceSystem;pair;521;20;33;29;156;100;0,36;0,17;0,94;0,23;65,46;65,46;2,33;1,69
4;StudentAttendanceSystem;state;522;16;28;6;30;100;0,3;0,35;0;0,05;65,46;65,46;0,82;0,7
4;StudentAttendanceSystem;transition;522;16;28;10;28;100;0,29;0,57;0;0,1;66,46;66,46;1,12;0,96
4;StudentAttendanceSystem;pair;522;16;28;26;127;100;0,28;0,17;0,71;0,23;67,46;67,46;1,99;1,39
4;StudentAttendanceSystem;state;523;26;53;11;61;100;0,44;0,59;0;0,14;67,46;67,46;1,34;1,17
4;StudentAttendanceSystem;transition;523;26;53;18;53;100;0,46;1,2;0;0,19;68,46;68,46;2,09;1,85
4;StudentAttendanceSystem;pair;523;26;53;54;302;100;0,46;0,32;2,5;0,46;70,46;70,46;4,77;3,74
4;StudentAttendanceSystem;state;524;26;52;11;60;100;0,44;0,53;0;0,08;71,46;71,46;1,16;1,05
4;StudentAttendanceSystem;transition;524;26;52;18;51;100;0,28;0,84;0;0,17;72,46;72,46;1,44;1,29
4;StudentAttendanceSystem;pair;524;26;52;49;275;100;0,48;0,31;1,71;0,46;73,46;73,46;3,78;2,96
4;StudentAttendanceSystem;state;525;24;45;10;55;100;0,46;0,55;0;0,09;74,46;74,46;1,24;1,1
4;StudentAttendanceSystem;transition;525;24;45;15;45;100;0,44;0,99;0;0,19;75,46;75,46;1,81;1,62
4;StudentAttendanceSystem;pair;525;24;45;37;205;100;0,41;0,31;1,66;0,38;76,46;76,46;3,66;2,76
4;StudentAttendanceSystem;state;526;19;34;7;37;100;0,38;0,52;0;0,08;77,46;77,46;1,13;0,98
4;StudentAttendanceSystem;transition;526;19;34;12;34;100;0,37;0,79;0;0,12;77,46;77,46;1,52;1,28
4;StudentAttendanceSystem;pair;526;19;34;33;171;100;0,3;0,2;1,26;0,26;78,46;78,46;3,02;2,02
4;StudentAttendanceSystem;state;527;21;38;8;42;100;0,42;0,48;0;0,09;79,46;79,46;1,2;0,99
4;StudentAttendanceSystem;transition;527;21;38;13;37;100;0,34;0,99;0;0,14;79,46;80,46;1,68;1,47
4;StudentAttendanceSystem;pair;527;21;38;33;183;100;0,41;0,26;1,39;0,28;81,46;81,46;3,2;2,35
4;StudentAttendanceSystem;state;528;23;43;9;50;100;0,42;0,56;0;0,09;81,46;81,46;1,22;1,07
4;StudentAttendanceSystem;transition;528;23;43;14;43;100;0,41;1,08;0;0,19;82,46;82,46;1,88;1,68
4;StudentAttendanceSystem;pair;528;23;43;35;197;100;0,39;0,3;1,43;0,38;83,46;83,46;3,42;2,51
4;StudentAttendanceSystem;state;529;24;45;10;55;100;0,5;0,54;0;0,12;84,46;84,46;1,31;1,16
4;StudentAttendanceSystem;transition;529;24;45;15;45;100;0,45;1,03;0;0,17;85,46;85,46;1,86;1,65
4;StudentAttendanceSystem;pair;529;24;45;38;210;100;0,47;0,24;1,44;0,35;86,46;86,46;3,41;2,51
4;StudentAttendanceSystem;state;530;25;45;10;55;100;0,45;0,59;0;0,1;87,46;87,46;1,28;1,15
4;StudentAttendanceSystem;transition;530;25;45;16;44;100;0,41;1,08;0;0,21;87,46;88,46;1,88;1,7
4;StudentAttendanceSystem;pair;530;25;45;37;195;100;0,43;0,32;1,32;0,32;89,46;89,46;3,2;2,38
4;StudentAttendanceSystem;state;531;28;55;11;62;100;0,51;0,58;0;0,13;89,46;90,46;1,39;1,22
4;StudentAttendanceSystem;transition;531;28;55;19;54;100;0,55;1,33;0;0,25;90,46;90,46;2,35;2,12
4;StudentAttendanceSystem;pair;531;28;55;49;283;100;0,48;0,71;2,19;0,47;92,46;92,46;4,91;3,85
4;StudentAttendanceSystem;state;532;19;33;7;36;100;0,44;0,43;0;0,06;93,46;93,46;1,07;0,93
4;StudentAttendanceSystem;transition;532;19;33;12;32;100;0,33;0,87;0;0,13;93,46;93,46;1,5;1,33
4;StudentAttendanceSystem;pair;532;19;33;29;147;100;0,4;0,21;0,93;0,2;94,46;94,46;2,51;1,74
4;StudentAttendanceSystem;state;533;31;63;14;76;100;0,47;0,76;0;0,15;95,46;95,46;1,56;1,38
4;StudentAttendanceSystem;transition;533;31;63;22;62;100;0,56;1,5;0;0,26;96,46;96,46;2,59;2,32
4;StudentAttendanceSystem;pair;533;31;63;53;308;100;0,49;0,38;2,56;0,42;98,46;98,46;4,84;3,85
4;StudentAttendanceSystem;state;534;22;43;10;53;100;0,32;0,51;0;0,08;99,46;99,46;1,04;0,91
4;StudentAttendanceSystem;transition;534;22;43;15;43;100;0,29;0,74;0;0,12;99,46;99,46;1,28;1,15
4;StudentAttendanceSystem;pair;534;22;43;38;212;100;0,31;0,22;1,39;0,29;101,46;101,46;2,84;2,21
4;StudentAttendanceSystem;state;535;24;48;10;53;100;0,51;0,62;0;0,1;101,46;101,46;1,38;1,23
4;StudentAttendanceSystem;transition;535;24;48;17;48;100;0,41;1,11;0;0,2;102,46;102,46;1,94;1,72
4;StudentAttendanceSystem;pair;535;24;48;51;281;100;0,43;0,29;2,14;0,45;104,46;104,46;4,37;3,31
4;StudentAttendanceSystem;state;536;27;55;12;67;100;0,51;0,64;0;0,15;105,46;105,46;1,52;1,3
4;StudentAttendanceSystem;transition;536;27;55;18;55;100;0,53;1,24;0;0,27;105,46;105,46;2,28;2,04
4;StudentAttendanceSystem;pair;536;27;55;48;280;100;0,5;0,41;2,48;0,48;107,46;107,46;4,88;3,88
4;StudentAttendanceSystem;state;537;18;29;7;35;100;0,34;0,59;0;0,08;108,46;108,46;1,22;1
4;StudentAttendanceSystem;transition;537;18;29;10;29;100;0,41;0,73;0;0,1;108,46;108,46;1,44;1,25
4;StudentAttendanceSystem;pair;537;18;29;26;126;100;0,28;0,18;0,69;0,18;109,46;109,46;1,92;1,33
4;StudentAttendanceSystem;state;538;19;34;8;43;100;0,33;0,41;0;0,07;110,46;110,46;0,94;0,82
4;StudentAttendanceSystem;transition;538;19;34;10;34;100;0,34;0,71;0;0,12;110,46;110,46;1,35;1,17
4;StudentAttendanceSystem;pair;538;19;34;30;172;100;0,37;0,22;1,21;0,25;111,46;111,46;2,82;2,06
4;StudentAttendanceSystem;state;539;16;27;6;30;100;0,31;0,42;0;0,05;112,46;112,46;0,95;0,78
4;StudentAttendanceSystem;transition;539;16;27;9;27;100;0,32;0,57;0;0,09;112,46;112,46;1,14;0,99
4;StudentAttendanceSystem;pair;539;16;27;22;112;100;0,27;0,15;0,62;0,18;113,46;113,46;1,79;1,22
4;StudentAttendanceSystem;state;540;18;28;6;31;100;0,3;0,38;0;0,06;114,46;114,46;0,86;0,73
4;StudentAttendanceSystem;transition;540;18;28;9;27;100;0,3;0,68;0;0,1;114,46;114,46;1,24;1,08
4;StudentAttendanceSystem;pair;540;18;28;25;121;100;0,36;0,15;0,76;0,18;115,46;115,46;2,08;1,45
4;StudentAttendanceSystem;state;541;22;41;9;45;100;0,42;0,54;0;0,1;116,46;116,46;1,21;1,06
4;StudentAttendanceSystem;transition;541;22;41;15;40;100;0,39;0,92;0;0,17;116,46;116,46;1,74;1,48
4;StudentAttendanceSystem;pair;541;22;41;34;187;100;0,37;0,24;1,27;0,33;117,46;118,46;3,1;2,2
4;StudentAttendanceSystem;state;542;25;47;10;54;100;0,44;0,56;0;0,12;118,46;118,46;1,28;1,11
4;StudentAttendanceSystem;transition;542;25;47;15;46;100;0,57;1,08;0;0,21;119,46;119,46;2,12;1,87
4;StudentAttendanceSystem;pair;542;25;47;45;249;100;0,47;0,28;1,79;0,46;120,46;121,46;3,88;2,99
4;StudentAttendanceSystem;state;543;27;55;12;66;100;0,53;0,63;0;0,12;121,46;121,46;1,45;1,28
4;StudentAttendanceSystem;transition;543;27;55;18;54;100;0,49;1,21;0;0,31;122,46;122,46;2,33;2,01
4;StudentAttendanceSystem;pair;543;27;55;49;283;100;0,46;0,37;2,14;0,44;124,46;124,46;4,8;3,41
4;StudentAttendanceSystem;state;544;27;54;12;66;100;0,45;0,6;0;0,11;125,46;125,46;1,31;1,16
4;StudentAttendanceSystem;transition;544;27;54;17;53;100;0,48;1,11;0;0,22;125,46;126,46;2,06;1,81
4;StudentAttendanceSystem;pair;544;27;54;46;272;100;0,5;0,33;1,92;0,43;127,46;127,46;4,22;3,18
4;StudentAttendanceSystem;state;545;17;32;7;35;100;0,37;0,42;0;0,08;128,46;128,46;1,05;0,87
4;StudentAttendanceSystem;transition;545;17;32;11;32;100;0,33;0,66;0;0,12;128,46;128,46;1,35;1,11
4;StudentAttendanceSystem;pair;545;17;32;28;154;100;0,41;0,18;0,89;0,3;129,46;129,46;2,47;1,78
4;StudentAttendanceSystem;state;546;26;54;11;62;100;0,46;0,6;0;0,14;130,46;130,46;1,38;1,2
4;StudentAttendanceSystem;transition;546;26;54;18;54;100;0,48;1,2;0;0,2;131,46;131,46;2,13;1,88
4;StudentAttendanceSystem;pair;546;26;54;48;278;100;0,42;0,36;1,95;0,44;132,46;133,46;4,17;3,18
4;StudentAttendanceSystem;state;547;18;33;7;37;100;0,34;0,38;0;0,06;133,46;133,46;0,9;0,78
4;StudentAttendanceSystem;transition;547;18;33;11;33;100;0,33;0,74;0;0,11;134,46;134,46;1,33;1,18
4;StudentAttendanceSystem;pair;547;18;33;29;165;100;0,36;0,17;0,94;0,22;135,46;135,46;2,31;1,69
4;StudentAttendanceSystem;state;548;19;32;7;37;100;0,33;0,37;0;0,06;135,46;135,46;0,88;0,77
4;StudentAttendanceSystem;transition;548;19;32;11;31;100;0,34;0,72;0;0,11;136,46;136,46;1,32;1,17
4;StudentAttendanceSystem;pair;548;19;32;28;149;100;0,31;0,16;0,94;0,26;137,46;137,46;2,28;1,67
4;StudentAttendanceSystem;state;549;23;44;9;50;100;0,4;0,51;0;0,11;138,46;138,46;1,16;1,02
4;StudentAttendanceSystem;transition;549;23;44;15;44;100;0,36;1,05;0;0,15;138,46;138,46;1,72;1,55
4;StudentAttendanceSystem;pair;549;23;44;37;205;100;0,39;0,25;1;0,29;139,46;140,46;2,65;1,93
4;StudentAttendanceSystem;state;550;19;31;7;37;100;0,33;0,4;0;0,07;140,46;140,46;0,93;0,8
4;StudentAttendanceSystem;transition;550;19;31;10;30;100;0,33;0,7;0;0,13;141,46;141,46;1,31;1,16
4;StudentAttendanceSystem;pair;550;19;31;25;134;100;0,34;0,15;0,64;0,13;142,46;142,46;1,78;1,27
4;StudentAttendanceSystem;state;551;18;31;7;36;100;0,24;0,33;0;0,04;142,46;142,46;0,69;0,61
4;StudentAttendanceSystem;transition;551;18;31;11;30;100;0,19;0,56;0;0,14;143,46;143,46;1,12;0,89
4;StudentAttendanceSystem;pair;551;18;31;26;134;100;0,29;0,16;0,82;0,19;144,46;144,46;2,04;1,46
4;StudentAttendanceSystem;state;552;27;55;12;65;100;0,43;0,62;0;0,15;144,46;145,46;1,33;1,19
4;StudentAttendanceSystem;transition;552;27;55;18;55;100;0,46;1,14;0;0,2;145,46;145,46;2,03;1,8
4;StudentAttendanceSystem;pair;552;27;55;46;268;100;0,5;0,32;1,83;0,48;147,46;147,46;4,17;3,13
4;StudentAttendanceSystem;state;553;26;48;11;58;100;0,44;0,58;0;0,13;148,46;148,46;1,28;1,15
4;StudentAttendanceSystem;transition;553;26;48;17;47;100;0,38;0,98;0;0,19;148,46;149,46;1,74;1,56
4;StudentAttendanceSystem;pair;553;26;48;42;226;100;0,43;0,23;1,54;0,35;150,46;150,46;3,32;2,55
4;StudentAttendanceSystem;state;554;26;53;11;61;100;0,44;0,64;0;0,11;151,46;151,46;1,33;1,19
4;StudentAttendanceSystem;transition;554;26;53;17;52;100;0,41;1,33;0;0,28;151,46;152,46;2,25;2,02
4;StudentAttendanceSystem;pair;554;26;53;46;270;100;0,55;0,43;2,33;0,46;153,46;153,46;4,84;3,78
4;StudentAttendanceSystem;state;555;29;57;12;67;100;3,28;0,86;0;0,13;5,47;5,47;4,46;4,27
4;StudentAttendanceSystem;transition;555;29;57;20;56;100;0,54;1,34;0;0,23;6,47;6,47;2,39;2,12
4;StudentAttendanceSystem;pair;555;29;57;52;292;100;0,55;0,72;2,24;0,49;7,47;8,47;5,13;4
4;StudentAttendanceSystem;state;556;28;56;12;66;100;0,51;0,6;0;0,12;8,47;8,47;1,39;1,23
4;StudentAttendanceSystem;transition;556;28;56;17;55;100;0,45;1,12;0;0,19;9,47;9,47;1,96;1,76
4;StudentAttendanceSystem;pair;556;28;56;52;304;100;0,43;0,34;2,31;0,48;11,47;11,47;4,54;3,55
4;StudentAttendanceSystem;state;557;22;39;9;48;100;0,43;0,56;0;0,11;12,47;12,47;1,26;1,09
4;StudentAttendanceSystem;transition;557;22;39;13;38;100;0,4;0,88;0;0,13;12,47;12,47;1,59;1,41
4;StudentAttendanceSystem;pair;557;22;39;33;174;100;0,4;0,2;1,11;0,31;13,47;14,47;2,8;2,01
4;StudentAttendanceSystem;state;558;25;45;10;53;100;0,41;0,55;0;0,1;14,47;14,47;1,26;1,06
4;StudentAttendanceSystem;transition;558;25;45;16;44;100;0,43;1,11;0;0,18;15,47;15,47;1,92;1,72
4;StudentAttendanceSystem;pair;558;25;45;34;183;100;0,42;0,24;1,28;0,28;16,47;16,47;2,96;2,22
4;StudentAttendanceSystem;state;559;18;29;6;31;100;0,34;0,36;0;0,05;17,47;17,47;0,91;0,75
4;StudentAttendanceSystem;transition;559;18;29;10;28;100;0,29;0,73;0;0,09;17,47;17,47;1,26;1,11
4;StudentAttendanceSystem;pair;559;18;29;28;132;100;0,34;0,16;0,79;0,22;18,47;18,47;2,09;1,51
4;StudentAttendanceSystem;state;560;17;25;6;31;100;0,35;0,38;0;0,06;19,47;19,47;0,92;0,79
4;StudentAttendanceSystem;transition;560;17;25;8;24;100;0,27;0,62;0;0,09;19,47;19,47;1,16;0,98
4;StudentAttendanceSystem;pair;560;17;25;17;81;100;0,3;0,14;0,49;0,12;20,47;20,47;1,79;1,05
4;StudentAttendanceSystem;state;561;17;28;7;37;100;0,33;0,37;0;0,06;20,47;20,47;0,9;0,77
4;StudentAttendanceSystem;transition;561;17;28;8;28;100;0,48;0,69;0;0,08;21,47;21,47;1,42;1,24
4;StudentAttendanceSystem;pair;561;17;28;24;128;100;0,31;0,2;0,74;0,23;22,47;22,47;2,1;1,48
4;StudentAttendanceSystem;state;562;19;36;8;40;100;0,36;0,42;0;0,08;22,47;22,47;1;0,86
4;StudentAttendanceSystem;transition;562;19;36;13;36;100;0,41;0,92;0;0,13;23,47;23,47;1,65;1,47
4;StudentAttendanceSystem;pair;562;19;36;33;180;100;0,34;0,21;1,04;0,3;24,47;24,47;2,54;1,89
4;StudentAttendanceSystem;state;563;15;22;6;31;100;0,33;0,42;0;0,05;25,47;25,47;0,93;0,8
4;StudentAttendanceSystem;transition;563;15;22;6;22;100;0,26;0,55;0;0,07;25,47;25,47;1,02;0,88
4;StudentAttendanceSystem;pair;563;15;22;16;78;100;0,29;0,12;0,39;0,11;26,47;26,47;1,48;0,9
4;StudentAttendanceSystem;state;564;23;42;8;43;100;0,38;0,52;0;0,08;26,47;26,47;1,1;0,98
4;StudentAttendanceSystem;transition;564;23;42;15;41;100;0,37;1,03;0;0,17;27,47;27,47;1,8;1,57
4;StudentAttendanceSystem;pair;564;23;42;36;198;100;0,39;0,26;1,83;0,31;28,47;28,47;3,64;2,79
4;StudentAttendanceSystem;state;565;24;43;9;50;100;0,47;0,64;0;0,12;29,47;29,47;1,41;1,23
4;StudentAttendanceSystem;transition;565;24;43;15;42;100;0,37;0,96;0;0,16;30,47;30,47;1,72;1,5
4;StudentAttendanceSystem;pair;565;24;43;35;185;100;0,38;0,24;1,26;0,28;31,47;31,47;2,83;2,16
4;StudentAttendanceSystem;state;566;20;37;8;43;100;0,42;0,47;0;0,07;32,47;32,47;1,1;0,97
4;StudentAttendanceSystem;transition;566;20;37;13;37;100;0,36;0,85;0;0,16;32,47;32,47;1,58;1,36
4;StudentAttendanceSystem;pair;566;20;37;32;178;100;0,37;0,22;1,3;0,29;33,47;33,47;2,91;2,18
4;StudentAttendanceSystem;state;567;15;23;5;24;100;0,35;0,32;0;0,05;34,47;34,47;0,86;0,72
4;StudentAttendanceSystem;transition;567;15;23;7;23;100;0,28;0,48;0;0,06;34,47;34,47;1;0,82
4;StudentAttendanceSystem;pair;567;15;23;22;101;100;0,26;0,12;0,6;0,16;35,47;35,47;1,63;1,14
4;StudentAttendanceSystem;state;568;28;53;12;66;100;0,5;0,62;0;0,12;36,47;36,47;1,4;1,25
4;StudentAttendanceSystem;transition;568;28;53;18;52;100;0,52;1,25;0;0,22;36,47;37,47;2,21;1,99
4;StudentAttendanceSystem;pair;568;28;53;51;281;100;0,49;0,3;2,06;0,57;38,47;38,47;4,38;3,42
4;StudentAttendanceSystem;state;569;21;35;8;43;100;0,46;0,44;0;0,11;39,47;39,47;1,16;1,01
4;StudentAttendanceSystem;transition;569;21;35;12;34;100;0,35;0,79;0;0,14;39,47;40,47;1,44;1,27
4;StudentAttendanceSystem;pair;569;21;35;26;140;100;0,31;0,19;0,89;0,27;40,47;41,47;2,27;1,66
4;StudentAttendanceSystem;state;570;27;55;12;67;100;0,48;0,64;0;0,14;41,47;41,47;1,41;1,26
4;StudentAttendanceSystem;transition;570;27;55;18;55;100;0,45;1,24;0;0,28;42,47;42,47;2,29;1,98
4;StudentAttendanceSystem;pair;570;27;55;48;276;100;0,4;0,36;2,69;0,52;43,47;44,47;4,87;3,98
4;StudentAttendanceSystem;state;571;23;43;10;54;100;0,47;0,53;0;0,11;44,47;44,47;1,25;1,11
4;StudentAttendanceSystem;transition;571;23;43;15;43;100;0,41;1,01;0;0,18;45,47;45,47;1,79;1,6
4;StudentAttendanceSystem;pair;571;23;43;43;221;100;0,4;0,3;1,48;0,32;46,47;47,47;3,26;2,51
4;StudentAttendanceSystem;state;572;20;34;8;40;100;0,41;0,46;0;0,07;47,47;47,47;1,07;0,94
4;StudentAttendanceSystem;transition;572;20;34;12;33;100;0,32;0,71;0;0,11;48,47;48,47;1,3;1,14
4;StudentAttendanceSystem;pair;572;20;34;26;139;100;0,34;0,16;0,96;0,2;49,47;49,47;2,29;1,66
4;StudentAttendanceSystem;state;573;18;31;7;37;100;0,32;0,38;0;0,06;49,47;49,47;0,89;0,76
4;StudentAttendanceSystem;transition;573;18;31;11;31;100;0,33;0,81;0;0,11;50,47;50,47;1,44;1,26
4;StudentAttendanceSystem;pair;573;18;31;25;131;100;0,31;0,15;0,83;0,21;51,47;51,47;2,02;1,49
4;StudentAttendanceSystem;state;574;23;47;10;54;100;0,4;0,51;0;0,09;51,47;51,47;1,12;1
4;StudentAttendanceSystem;transition;574;23;47;16;47;100;0,42;1;0;0,23;52,47;52,47;1,86;1,65
4;StudentAttendanceSystem;pair;574;23;47;45;251;100;0,47;0,34;2;0,46;53,47;54,47;4,19;3,27
4;StudentAttendanceSystem;state;575;21;40;8;42;100;0,42;0,53;0;0,08;54,47;54,47;1,19;1,04
4;StudentAttendanceSystem;transition;575;21;40;15;40;100;0,44;0,92;0;0,21;55,47;55,47;1,76;1,57
4;StudentAttendanceSystem;pair;575;21;40;37;197;100;0,4;0,26;1,51;0,35;56,47;56,47;3,34;2,53
4;StudentAttendanceSystem;state;576;19;33;7;37;100;0,42;0,42;0;0,07;57,47;57,47;1,04;0,91
4;StudentAttendanceSystem;transition;576;19;33;11;32;100;0,33;0,75;0;0,13;57,47;57,47;1,38;1,21
4;StudentAttendanceSystem;pair;576;19;33;31;163;100;0,39;0,2;1,21;0,32;58,47;58,47;2,78;2,12
4;StudentAttendanceSystem;state;577;24;44;10;56;100;0,43;0,51;0;0,1;59,47;59,47;1,18;1,04
4;StudentAttendanceSystem;transition;577;24;44;14;43;100;0,44;1,06;0;0,15;60,47;60,47;1,84;1,66
4;StudentAttendanceSystem;pair;577;24;44;37;211;100;0,41;0,27;1,68;0,34;61,47;61,47;3,53;2,71
4;StudentAttendanceSystem;state;578;19;29;7;37;100;0,35;0,44;0;0,08;62,47;62,47;1,02;0,87
4;StudentAttendanceSystem;transition;578;19;29;10;28;100;0,29;0,69;0;0,11;62,47;62,47;1,25;1,09
4;StudentAttendanceSystem;pair;578;19;29;17;85;100;0,31;0,13;0,53;0,18;63,47;63,47;1,72;1,15
4;StudentAttendanceSystem;state;579;26;53;11;62;100;0,52;0,58;0;0,14;64,47;64,47;1,42;1,24
4;StudentAttendanceSystem;transition;579;26;53;17;53;100;0,48;1,13;0;0,24;64,47;64,47;2,06;1,85
4;StudentAttendanceSystem;pair;579;26;53;44;262;100;0,46;0,37;2,2;0,47;66,47;66,47;4,47;3,51
4;StudentAttendanceSystem;state;580;25;52;11;60;100;0,47;0,58;0;0,16;67,47;67,47;1,37;1,21
4;StudentAttendanceSystem;transition;580;25;52;16;52;100;0,44;1,19;0;0,24;67,47;68,47;2,09;1,86
4;StudentAttendanceSystem;pair;580;25;52;51;291;100;0,56;0,46;2,64;0,45;69,47;69,47;5,12;4,11
4;StudentAttendanceSystem;state;581;22;41;10;56;100;0,51;0,47;0;0,1;70,47;70,47;1,23;1,08
4;StudentAttendanceSystem;transition;581;22;41;12;41;100;0,42;0,88;0;0,14;70,47;71,47;1,64;1,44
4;StudentAttendanceSystem;pair;581;22;41;37;209;100;0,41;0,29;1,52;0,32;72,47;72,47;3,36;2,54
4;StudentAttendanceSystem;state;582;22;40;9;50;100;0,44;0,5;0;0,08;72,47;72,47;1,18;1,03
4;StudentAttendanceSystem;transition;582;22;40;13;40;100;0,41;0,89;0;0,17;73,47;73,47;1,7;1,47
4;StudentAttendanceSystem;pair;582;22;40;37;193;100;0,36;0,29;1,18;0,27;74,47;74,47;2,76;2,1
4;StudentAttendanceSystem;state;583;20;38;8;41;100;0,4;0,41;0;0,07;75,47;75,47;0,99;0,87
4;StudentAttendanceSystem;transition;583;20;38;14;38;100;0,33;0,81;0;0,14;75,47;76,47;1,46;1,28
4;StudentAttendanceSystem;pair;583;20;38;35;189;100;0,34;0,2;1,3;0,27;77,47;77,47;2,75;2,1
4;StudentAttendanceSystem;state;584;21;38;9;49;100;0,37;0,52;0;0,09;77,47;77,47;1,12;0,99
4;StudentAttendanceSystem;transition;584;21;38;13;38;100;0,37;0,84;0;0,13;78,47;78,47;1,52;1,34
4;StudentAttendanceSystem;pair;584;21;38;31;165;100;0,34;0,22;1,08;0,26;79,47;79,47;2,53;1,9
4;StudentAttendanceSystem;state;585;26;53;11;62;100;0,46;0,6;0;0,13;80,47;80,47;1,35;1,19
4;StudentAttendanceSystem;transition;585;26;53;17;53;100;0,43;1,12;0;0,2;81,47;81,47;1,96;1,74
4;StudentAttendanceSystem;pair;585;26;53;45;263;100;0,42;0,3;1,48;0,34;82,47;82,47;3,35;2,54
4;StudentAttendanceSystem;state;586;27;55;12;66;100;0,32;0,53;0;0,12;83,47;83,47;1,09;0,97
4;StudentAttendanceSystem;transition;586;27;55;18;54;100;0,48;1,02;0;0,23;84,47;84,47;1,94;1,73
4;StudentAttendanceSystem;pair;586;27;55;49;283;100;0,48;0,32;2,23;0,51;85,47;86,47;4,47;3,54
4;StudentAttendanceSystem;state;587;17;29;7;34;100;0,37;0,38;0;0,07;86,47;86,47;0,97;0,81
4;StudentAttendanceSystem;transition;587;17;29;10;29;100;0,33;0,73;0;0,09;87,47;87,47;1,3;1,15
4;StudentAttendanceSystem;pair;587;17;29;22;115;100;0,31;0,19;0,63;0,16;87,47;88,47;1,84;1,29
4;StudentAttendanceSystem;state;588;22;42;10;53;100;0,4;0,48;0;0,08;88,47;88,47;1,09;0,96
4;StudentAttendanceSystem;transition;588;22;42;14;42;100;0,36;0,86;0;0,2;89,47;89,47;1,62;1,42
4;StudentAttendanceSystem;pair;588;22;42;35;197;100;0,38;0,24;1,25;0,36;90,47;90,47;2,95;2,23
4;StudentAttendanceSystem;state;589;27;57;12;65;100;0,5;0,63;0;0,12;91,47;91,47;1,41;1,25
4;StudentAttendanceSystem;transition;589;27;57;20;57;100;0,47;1,26;0;0,22;92,47;92,47;2,2;1,95
4;StudentAttendanceSystem;pair;589;27;57;50;288;100;0,53;0,39;2,29;0,62;93,47;94,47;4,81;3,83
4;StudentAttendanceSystem;state;590;22;38;8;42;100;0,44;0,45;0;0,09;94,47;94,47;1,14;0,98
4;StudentAttendanceSystem;transition;590;22;38;14;37;100;0,45;0,95;0;0,16;95,47;95,47;1,76;1,56
4;StudentAttendanceSystem;pair;590;22;38;31;165;100;0,42;0,19;1,17;0,27;96,47;96,47;2,79;2,04
4;StudentAttendanceSystem;state;591;26;52;10;55;100;0,5;0,57;0;0,12;97,47;97,47;1,33;1,19
4;StudentAttendanceSystem;transition;591;26;52;17;51;100;0,41;1,1;0;0,2;97,47;97,47;1,93;1,72
4;StudentAttendanceSystem;pair;591;26;52;52;294;100;0,54;0,38;2,33;0,49;99,47;99,47;4,7;3,74
4;StudentAttendanceSystem;state;592;20;39;8;42;100;0,39;0,48;0;0,08;100,47;100,47;1,09;0,95
4;StudentAttendanceSystem;transition;592;20;39;13;39;100;0,31;1,01;0;0,16;100,47;100,47;1,74;1,48
4;StudentAttendanceSystem;pair;592;20;39;36;206;100;0,41;0,27;1,23;0,33;101,47;102,47;3,01;2,24
4;StudentAttendanceSystem;state;593;22;39;8;42;100;0,37;0,51;0;0,07;102,47;102,47;1,13;0,96
4;StudentAttendanceSystem;transition;593;22;39;15;38;100;0,49;0,98;0;0,17;103,47;103,47;1,85;1,65
4;StudentAttendanceSystem;pair;593;22;39;36;183;100;0,36;0,24;1,26;0,34;104,47;104,47;2,85;2,2
4;StudentAttendanceSystem;state;594;24;43;9;50;100;0,46;0,64;0;0,15;105,47;105,47;1,47;1,25
4;StudentAttendanceSystem;transition;594;24;43;15;42;100;0,47;1,04;0;0,19;105,47;106,47;1,89;1,7
4;StudentAttendanceSystem;pair;594;24;43;36;189;100;0,39;0,25;1,37;0,34;107,47;107,47;3,25;2,34
4;StudentAttendanceSystem;state;595;20;36;8;43;100;0,47;0,5;0;0,07;107,47;107,47;1,18;1,04
4;StudentAttendanceSystem;transition;595;20;36;12;36;100;0,38;0,78;0;0,14;108,47;108,47;1,49;1,3
4;StudentAttendanceSystem;pair;595;20;36;29;163;100;0,38;0,19;1,05;0,27;109,47;109,47;2,6;1,91
4;StudentAttendanceSystem;state;596;20;35;9;50;100;0,38;0,43;0;0,08;110,47;110,47;1,02;0,89
4;StudentAttendanceSystem;transition;596;20;35;10;35;100;0,37;0,75;0;0,11;110,47;110,47;1,39;1,22
4;StudentAttendanceSystem;pair;596;20;35;31;166;100;0,34;0,19;1,05;0,24;111,47;111,47;2,42;1,83
4;StudentAttendanceSystem;state;597;19;34;8;39;100;0,42;0,37;0;0,07;112,47;112,47;0,98;0,86
4;StudentAttendanceSystem;transition;597;19;34;13;33;100;0,29;0,7;0;0,13;112,47;113,47;1,29;1,13
4;StudentAttendanceSystem;pair;597;19;34;27;140;100;0,31;0,19;0,93;0,27;113,47;114,47;2,26;1,69
4;StudentAttendanceSystem;state;598;24;42;10;56;100;0,39;0,5;0;0,14;114,47;114,47;1,18;1,03
4;StudentAttendanceSystem;transition;598;24;42;14;41;100;0,43;1;0;0,15;115,47;115,47;1,76;1,58
4;StudentAttendanceSystem;pair;598;24;42;32;174;100;0,36;0,26;1,14;0,3;116,47;116,47;2,72;2,06
4;StudentAttendanceSystem;state;599;27;51;12;63;100;0,5;0,68;0;0,15;117,47;117,47;1,51;1,33
4;StudentAttendanceSystem;transition;599;27;51;19;50;100;0,47;1,16;0;0,24;117,47;118,47;2,1;1,87
4;StudentAttendanceSystem;pair;599;27;51;49;255;100;0,44;0,31;1,99;0,52;119,47;119,47;4,13;3,25
4;StudentAttendanceSystem;state;600;19;32;7;37;100;0,37;0,45;0;0,09;120,47;120,47;1,07;0,91
4;StudentAttendanceSystem;transition;600;19;32;11;31;100;0,33;0,81;0;0,13;120,47;120,47;1,47;1,27
4;StudentAttendanceSystem;pair;600;19;32;26;136;100;0,37;0,2;0,9;0,22;121,47;121,47;2,37;1,69
4;StudentAttendanceSystem;state;601;27;56;12;64;100;0,46;0,62;0;0,13;122,47;122,47;1,36;1,2
4;StudentAttendanceSystem;transition;601;27;56;19;55;100;0,44;1,28;0;0,47;123,47;123,47;2,44;2,18
4;StudentAttendanceSystem;pair;601;27;56;47;274;100;0,47;0,38;2,21;0,48;124,47;125,47;4,4;3,54
4;StudentAttendanceSystem;state;602;25;45;10;55;100;0,5;0,57;0;0,09;125,47;125,47;1,31;1,16
4;StudentAttendanceSystem;transition;602;25;45;15;44;100;0,41;1,13;0;0,22;126,47;126,47;1,98;1,76
4;StudentAttendanceSystem;pair;602;25;45;41;217;100;0,43;0,35;1,7;0,31;127,47;127,47;3,66;2,79
4;StudentAttendanceSystem;state;603;23;45;8;43;100;0,43;0,54;0;0,08;128,47;128,47;1,22;1,06
4;StudentAttendanceSystem;transition;603;23;45;15;44;100;0,44;1,11;0;0,16;129,47;129,47;1,9;1,71
4;StudentAttendanceSystem;pair;603;23;45;46;260;100;0,4;0,26;1,91;0,46;130,47;130,47;3,87;3,03
4;StudentAttendanceSystem;state;604;21;39;8;43;100;0,47;0,48;0;0,08;131,47;131,47;1,17;1,03
4;StudentAttendanceSystem;transition;604;21;39;13;39;100;0,38;0,87;0;0,16;131,47;132,47;1,6;1,41
4;StudentAttendanceSystem;pair;604;21;39;38;210;100;0,36;0,22;1,4;0,35;133,47;133,47;2,98;2,33
4;StudentAttendanceSystem;state;605;21;41;9;48;100;0,42;0,47;0;0,08;133,47;133,47;1,11;0,97
4;StudentAttendanceSystem;transition;605;21;41;14;41;100;0,4;0,88;0;0,14;134,47;134,47;1,61;1,42
4;StudentAttendanceSystem;pair;605;21;41;38;204;100;0,38;0,27;1,26;0,35;135,47;135,47;3,01;2,26
4;StudentAttendanceSystem;state;606;18;35;8;38;100;0,41;0,4;0;0,07;136,47;136,47;1,02;0,89
4;StudentAttendanceSystem;transition;606;18;35;13;35;100;0,35;0,74;0;0,14;136,47;137,47;1,43;1,23
4;StudentAttendanceSystem;pair;606;18;35;32;169;100;0,4;0,2;1,05;0,25;137,47;138,47;2,48;1,89
4;StudentAttendanceSystem;state;607;25;52;11;60;100;0,43;0,7;0;0,11;138,47;138,47;1,4;1,24
4;StudentAttendanceSystem;transition;607;25;52;16;52;100;0,44;1,07;0;0,19;139,47;139,47;1,91;1,7
4;StudentAttendanceSystem;pair;607;25;52;51;291;100;0,46;0,39;2,2;0,51;141,47;141,47;4,47;3,56
4;StudentAttendanceSystem;state;608;21;38;9;48;100;0,4;0,44;0;0,11;141,47;141,47;1,1;0,94
4;StudentAttendanceSystem;transition;608;21;38;13;38;100;0,39;0,83;0;0,12;142,47;142,47;1,56;1,34
4;StudentAttendanceSystem;pair;608;21;38;30;158;100;0,33;0,24;1,08;0,24;143,47;143,47;2,59;1,88
4;StudentAttendanceSystem;state;609;16;26;6;31;100;0,31;0,39;0;0,06;144,47;144,47;0,9;0,77
4;StudentAttendanceSystem;transition;609;16;26;8;26;100;0,32;0,59;0;0,09;144,47;144,47;1,18;1
4;StudentAttendanceSystem;pair;609;16;26;20;106;100;0,29;0,15;0,7;0,18;145,47;145,47;1,85;1,32
4;StudentAttendanceSystem;state;610;24;46;9;46;100;0,38;0,58;0;0,1;146,47;146,47;1,2;1,05
4;StudentAttendanceSystem;transition;610;24;46;18;45;100;0,4;1,06;0;0,21;146,47;146,47;1,88;1,67
4;StudentAttendanceSystem;pair;610;24;46;40;218;100;0,4;0,31;1,64;0,39;148,47;148,47;3,57;2,75
4;StudentAttendanceSystem;state;611;22;41;10;56;100;0,42;0,49;0;0,14;148,47;148,47;1,22;1,05
4;StudentAttendanceSystem;transition;611;22;41;12;41;100;0,41;0,87;0;0,14;149,47;149,47;1,6;1,42
4;StudentAttendanceSystem;pair;611;22;41;37;209;100;0,42;0,24;1,49;0,31;150,47;150,47;3,21;2,46
4;StudentAttendanceSystem;state;612;26;48;11;60;100;0,54;0,65;0;0,11;151,47;151,47;1,46;1,3
4;StudentAttendanceSystem;transition;612;26;48;17;47;100;0,44;1,16;0;0,17;152,47;152,47;2,01;1,77
4;StudentAttendanceSystem;pair;612;26;48;47;245;100;0,44;0,27;1,55;0,24;153,47;153,47;3,14;2,51
4;StudentAttendanceSystem;state;613;16;28;6;30;100;0,38;0,42;0;0,07;5,45;5,45;1,03;0,86
4;StudentAttendanceSystem;transition;613;16;28;10;28;100;0,31;0,67;0;0,11;5,45;5,45;1,27;1,09
4;StudentAttendanceSystem;pair;613;16;28;24;120;100;0,33;0,18;0,82;0,21;6,45;6,45;2,08;1,53
4;StudentAttendanceSystem;state;614;24;42;10;56;100;0,49;0,55;0;0,12;7,45;7,45;1,3;1,16
4;StudentAttendanceSystem;transition;614;24;42;14;41;100;0,43;1;0;0,2;8,45;8,45;1,82;1,63
4;StudentAttendanceSystem;pair;614;24;42;32;174;100;0,4;0,26;1,35;0,32;9,45;9,45;3,07;2,34
4;StudentAttendanceSystem;state;615;24;46;10;55;100;0,48;0,55;0;0,12;9,45;9,45;1,29;1,15
4;StudentAttendanceSystem;transition;615;24;46;16;46;100;0,45;1,15;0;0,2;10,45;10,45;2;1,8
4;StudentAttendanceSystem;pair;615;24;46;41;221;100;0,44;0,31;1,7;0,42;11,45;12,45;3,74;2,86
4;StudentAttendanceSystem;state;616;20;36;8;39;100;0,37;0,52;0;0,08;12,45;12,45;1,1;0,97
4;StudentAttendanceSystem;transition;616;20;36;14;36;100;0,34;1,06;0;0,15;13,45;13,45;1,73;1,56
4;StudentAttendanceSystem;pair;616;20;36;29;146;100;0,35;0,23;1,07;0,26;14,45;14,45;2,55;1,91
4;StudentAttendanceSystem;state;617;20;36;8;42;100;0,36;0,5;0;0,09;14,45;14,45;1,12;0,95
4;StudentAttendanceSystem;transition;617;20;36;11;36;100;0,36;0,79;0;0,14;15,45;15,45;1,47;1,3
4;StudentAttendanceSystem;pair;617;20;36;33;173;100;0,39;0,25;1,28;0,31;16,45;16,45;2,9;2,24
4;StudentAttendanceSystem;state;618;21;37;8;41;100;0,37;0,49;0;0,09;17,45;17,45;1,08;0,95
4;StudentAttendanceSystem;transition;618;21;37;14;36;100;0,35;0,92;0;0,17;17,45;17,45;1,61;1,44
4;StudentAttendanceSystem;pair;618;21;37;32;166;100;0,37;0,23;1,3;0,31;18,45;19,45;2,88;2,21
4;StudentAttendanceSystem;state;619;23;46;10;56;100;0,44;0,66;0;0,12;19,45;19,45;1,38;1,23
4;StudentAttendanceSystem;transition;619;23;46;15;46;100;0,42;1,1;0;0,2;20,45;20,45;1,92;1,72
4;StudentAttendanceSystem;pair;619;23;46;43;249;100;0,44;0,36;1,93;0,46;21,45;21,45;4,03;3,18
4;StudentAttendanceSystem;state;620;23;41;8;43;100;0,43;0,53;0;0,09;22,45;22,45;1,2;1,06
4;StudentAttendanceSystem;transition;620;23;41;14;40;100;0,4;1,03;0;0,19;23,45;23,45;1,8;1,61
4;StudentAttendanceSystem;pair;620;23;41;32;181;100;0,4;0,27;1,38;0,36;24,45;24,45;3,15;2,41
4;StudentAttendanceSystem;state;621;22;40;9;46;100;0,41;0,49;0;0,1;24,45;24,45;1,13;1
4;StudentAttendanceSystem;transition;621;22;40;14;39;100;0,4;0,96;0;0,21;25,45;25,45;1,76;1,58
4;StudentAttendanceSystem;pair;621;22;40;32;181;100;0,44;0,26;1,32;0,33;26,45;26,45;3,14;2,35
4;StudentAttendanceSystem;state;622;26;52;11;61;100;0,51;0,64;0;0,13;27,45;27,45;1,43;1,28
4;StudentAttendanceSystem;transition;622;26;52;17;52;100;0,47;1,27;0;0,23;28,45;28,45;2,18;1,97
4;StudentAttendanceSystem;pair;622;26;52;51;291;100;0,48;0,4;2,59;0,59;29,45;30,45;5,02;4,06
4;StudentAttendanceSystem;state;623;26;49;10;56;100;0,59;0,61;0;0,12;30,45;30,45;1,47;1,31
4;StudentAttendanceSystem;transition;623;26;49;17;48;100;0,48;1,25;0;0,23;31,45;31,45;2,19;1,96
4;StudentAttendanceSystem;pair;623;26;49;42;236;100;0,46;0,38;2;0,47;32,45;33,45;4,2;3,3
4;StudentAttendanceSystem;state;624;26;53;11;61;100;0,48;0,65;0;0,14;33,45;33,45;1,43;1,28
4;StudentAttendanceSystem;transition;624;26;53;17;52;100;0,46;1,37;0;0,25;34,45;34,45;2,3;2,08
4;StudentAttendanceSystem;pair;624;26;53;46;270;100;0,47;0,51;2,42;0,54;35,45;36,45;4,88;3,94
4;StudentAttendanceSystem;state;625;24;47;10;55;100;0,46;0,59;0;0,14;36,45;36,45;1,49;1,19
4;StudentAttendanceSystem;transition;625;24;47;16;47;100;0,46;1,12;0;0,2;37,45;37,45;2,01;1,78
4;StudentAttendanceSystem;pair;625;24;47;47;255;100;0,44;0,34;1,98;0,51;38,45;39,45;4,2;3,26
4;StudentAttendanceSystem;state;626;28;55;12;62;100;0,53;0,7;0;0,15;39,45;39,45;1,65;1,38
4;StudentAttendanceSystem;transition;626;28;55;20;54;100;0,52;1,45;0;0,25;40,45;40,45;2,52;2,22
4;StudentAttendanceSystem;pair;626;28;55;54;304;100;0,57;0,42;2,85;0,58;42,45;42,45;5,56;4,43
4;StudentAttendanceSystem;state;627;27;51;11;61;100;0,51;0,64;0;0,13;43,45;43,45;1,44;1,28
4;StudentAttendanceSystem;transition;627;27;51;17;50;100;0,53;1,32;0;0,24;44,45;44,45;2,29;2,09
4;StudentAttendanceSystem;pair;627;27;51;48;268;100;0,48;0,38;2,48;0,54;45,45;45,45;4,87;3,88
4;StudentAttendanceSystem;state;628;24;48;10;51;100;0,52;0,57;0;0,12;46,45;46,45;1,36;1,2
4;StudentAttendanceSystem;transition;628;24;48;18;47;100;0,44;1,22;0;0,23;47,45;47,45;2,07;1,88
4;StudentAttendanceSystem;pair;628;24;48;45;251;100;0,45;0,36;2,2;0,52;48,45;48,45;4,39;3,53
4;StudentAttendanceSystem;state;629;22;45;9;49;100;0,47;0,58;0;0,11;49,45;49,45;1,32;1,16
4;StudentAttendanceSystem;transition;629;22;45;15;45;100;0,46;1,1;0;0,2;50,45;50,45;1,93;1,75
4;StudentAttendanceSystem;pair;629;22;45;42;238;100;0,42;0,5;1,88;0,45;51,45;51,45;4,1;3,25
4;StudentAttendanceSystem;state;630;25;50;11;56;100;0,51;0,71;0;0,13;52,45;52,45;1,5;1,34
4;StudentAttendanceSystem;transition;630;25;50;18;50;100;0,48;1,32;0;0,22;53,45;53,45;2,22;2,02
4;StudentAttendanceSystem;pair;630;25;50;51;283;100;0,56;0,43;2,49;0,53;54,45;54,45;5;4
4;StudentAttendanceSystem;state;631;24;45;10;50;100;0,45;0,69;0;0,11;55,45;55,45;1,43;1,25
4;StudentAttendanceSystem;transition;631;24;45;17;44;100;0,44;1,17;0;0,21;56,45;56,45;2;1,82
4;StudentAttendanceSystem;pair;631;24;45;38;208;100;0,4;0,3;1,74;0,4;57,45;57,45;3,61;2,83
4;StudentAttendanceSystem;state;632;21;38;8;43;100;0,39;0,55;0;0,09;58,45;58,45;1,17;1,03
4;StudentAttendanceSystem;transition;632;21;38;13;37;100;0,38;0,98;0;0,17;58,45;58,45;1,73;1,54
4;StudentAttendanceSystem;pair;632;21;38;34;192;100;0,38;0,25;1,42;0,37;59,45;60,45;3,13;2,42
4;StudentAttendanceSystem;state;633;22;38;8;43;100;0,41;0,55;0;0,09;60,45;60,45;1,2;1,06
4;StudentAttendanceSystem;transition;633;22;38;13;37;100;0,37;0,98;0;0,17;61,45;61,45;1,69;1,52
4;StudentAttendanceSystem;pair;633;22;38;35;187;100;0,37;0,31;1,71;0,38;62,45;62,45;3,63;2,76
4;StudentAttendanceSystem;state;634;21;37;8;41;100;0,39;0,54;0;0,09;63,45;63,45;1,17;1,02
4;StudentAttendanceSystem;transition;634;21;37;14;36;100;0,4;0,93;0;0,17;63,45;63,45;1,67;1,5
4;StudentAttendanceSystem;pair;634;21;37;32;166;100;0,45;0,23;1,23;0,34;64,45;64,45;2,97;2,26
4;StudentAttendanceSystem;state;635;23;40;9;47;100;0,42;0,56;0;0,1;65,45;65,45;1,23;1,08
4;StudentAttendanceSystem;transition;635;23;40;14;39;100;0,39;1;0;0,17;66,45;66,45;1,73;1,57
4;StudentAttendanceSystem;pair;635;23;40;37;191;100;0,39;0,3;1,51;0,37;67,45;67,45;3,29;2,57
4;StudentAttendanceSystem;state;636;23;41;9;45;100;0,4;0,49;0;0,1;67,45;67,45;1,12;0,99
4;StudentAttendanceSystem;transition;636;23;41;16;40;100;0,39;1,04;0;0,19;68,45;68,45;1,78;1,61
4;StudentAttendanceSystem;pair;636;23;41;34;177;100;0,4;0,26;1,41;0,33;69,45;69,45;3,17;2,41
4;StudentAttendanceSystem;state;637;18;32;7;37;100;0,39;0,46;0;0,08;70,45;70,45;1,06;0,92
4;StudentAttendanceSystem;transition;637;18;32;10;32;100;0,35;0,75;0;0,18;70,45;71,45;1,44;1,28
4;StudentAttendanceSystem;pair;637;18;32;27;153;100;0,42;0,21;1,03;0,28;71,45;72,45;2,58;1,95
4;StudentAttendanceSystem;state;638;27;54;12;68;100;0,49;0,65;0;0,18;72,45;72,45;1,46;1,31
4;StudentAttendanceSystem;transition;638;27;54;17;53;100;0,48;1,34;0;0,26;73,45;73,45;2,26;2,08
4;StudentAttendanceSystem;pair;638;27;54;47;281;100;0,49;0,44;2,39;0,55;74,45;75,45;4,88;3,87
4;StudentAttendanceSystem;state;639;19;35;8;43;100;0,4;0,49;0;0,09;75,45;75,45;1,12;0,98
4;StudentAttendanceSystem;transition;639;19;35;11;35;100;0,37;0,88;0;0,17;76,45;76,45;1,58;1,42
4;StudentAttendanceSystem;pair;639;19;35;33;187;100;0,36;0,23;1,34;0,35;77,45;77,45;2,95;2,28
4;StudentAttendanceSystem;state;640;24;47;10;55;100;0,51;0,59;0;0,12;78,45;78,45;1,37;1,22
4;StudentAttendanceSystem;transition;640;24;47;17;47;100;0,49;1,26;0;0,23;78,45;79,45;2,17;1,97
4;StudentAttendanceSystem;pair;640;24;47;43;233;100;0,44;0,33;1,84;0,46;80,45;80,45;3,88;3,05
4;StudentAttendanceSystem;state;641;25;45;10;55;100;0,44;0,58;0;0,12;81,45;81,45;1,3;1,15
4;StudentAttendanceSystem;transition;641;25;45;16;44;100;0,45;1,13;0;0,2;81,45;81,45;1,98;1,78
4;StudentAttendanceSystem;pair;641;25;45;37;195;100;0,5;0,29;1,56;0,36;82,45;83,45;3,51;2,71
4;StudentAttendanceSystem;state;642;20;33;8;43;100;0,37;0,5;0;0,09;83,45;83,45;1,11;0,96
4;StudentAttendanceSystem;transition;642;20;33;10;32;100;0,35;0,83;0;0,13;84,45;84,45;1,47;1,31
4;StudentAttendanceSystem;pair;642;20;33;27;146;100;0,4;0,21;1,02;0,24;85,45;85,45;2,51;1,88
4;StudentAttendanceSystem;state;643;21;35;8;41;100;0,39;0,45;0;0,09;85,45;85,45;1,06;0,93
4;StudentAttendanceSystem;transition;643;21;35;13;34;100;0,36;0,94;0;0,16;86,45;86,45;1,62;1,46
4;StudentAttendanceSystem;pair;643;21;35;35;168;100;0,35;0,23;1,3;0,31;87,45;87,45;2,86;2,2
4;StudentAttendanceSystem;state;644;20;37;8;41;100;0,39;0,47;0;0,09;88,45;88,45;1,08;0,94
4;StudentAttendanceSystem;transition;644;20;37;13;37;100;0,36;0,9;0;0,15;88,45;88,45;1,58;1,41
4;StudentAttendanceSystem;pair;644;20;37;32;174;100;0,39;0,25;1,25;0,35;89,45;90,45;2,96;2,23
4;StudentAttendanceSystem;state;645;23;42;8;43;100;0,43;0,52;0;0,1;90,45;90,45;1,18;1,04
4;StudentAttendanceSystem;transition;645;23;42;15;41;100;0,38;1,08;0;0,2;91,45;91,45;1,83;1,66
4;StudentAttendanceSystem;pair;645;23;42;35;196;100;0,45;0,28;1,55;0,41;92,45;92,45;3,45;2,69
4;StudentAttendanceSystem;state;646;28;57;13;72;100;0,56;0,8;0;0,16;93,45;93,45;1,68;1,52
4;StudentAttendanceSystem;transition;646;28;57;18;57;100;0,53;1,35;0;0,25;94,45;94,45;2,33;2,13
4;StudentAttendanceSystem;pair;646;28;57;54;308;100;0,51;0,45;2,82;0,58;95,45;96,45;5,44;4,37
4;StudentAttendanceSystem;state;647;19;36;7;36;100;0,4;0,45;0;0,08;96,45;96,45;1,07;0,93
4;StudentAttendanceSystem;transition;647;19;36;12;36;100;0,36;0,87;0;0,14;97,45;97,45;1,53;1,37
4;StudentAttendanceSystem;pair;647;19;36;38;202;100;0,38;0,32;1,55;0,41;98,45;98,45;3,38;2,65
4;StudentAttendanceSystem;state;648;27;55;12;67;100;0,52;0,72;0;0,15;99,45;99,45;1,56;1,39
4;StudentAttendanceSystem;transition;648;27;55;18;55;100;0,51;1,3;0;0,2;99,45;100,45;2,21;2,02
4;StudentAttendanceSystem;pair;648;27;55;48;276;100;0,38;0,38;2,36;0,43;101,45;101,45;4,43;3,55
4;StudentAttendanceSystem;state;649;23;46;10;56;100;0,54;0,54;0;0,17;102,45;102,45;1,43;1,25
4;StudentAttendanceSystem;transition;649;23;46;15;46;100;0,48;1,06;0;0,19;103,45;103,45;1,93;1,72
4;StudentAttendanceSystem;pair;649;23;46;43;249;100;0,43;0,27;1,68;0,4;104,45;104,45;3,56;2,78
4;StudentAttendanceSystem;state;650;21;41;9;48;100;0,43;0,54;0;0,1;105,45;105,45;1,22;1,07
4;StudentAttendanceSystem;transition;650;21;41;14;41;100;0,39;0,95;0;0,17;105,45;105,45;1,69;1,51
4;StudentAttendanceSystem;pair;650;21;41;38;204;100;0,38;0,29;1,44;0,35;106,45;107,45;3,28;2,46
4;StudentAttendanceSystem;state;651;27;54;11;60;100;0,47;0,6;0;0,14;107,45;107,45;1,43;1,21
4;StudentAttendanceSystem;transition;651;27;54;18;53;100;0,48;1,2;0;0,26;108,45;108,45;2,15;1,93
4;StudentAttendanceSystem;pair;651;27;54;55;307;100;0,45;0,37;2,66;0,56;110,45;110,45;5,01;4,04
4;StudentAttendanceSystem;state;652;26;53;11;61;100;0,47;0,62;0;0,13;111,45;111,45;1,4;1,22
4;StudentAttendanceSystem;transition;652;26;53;18;53;100;0,5;1,28;0;0,24;111,45;112,45;2,25;2,02
4;StudentAttendanceSystem;pair;652;26;53;54;302;100;0,5;0,42;2,66;0,54;113,45;113,45;5,13;4,13
4;StudentAttendanceSystem;state;653;23;43;8;43;100;0,4;0,51;0;0,09;114,45;114,45;1,15;1
4;StudentAttendanceSystem;transition;653;23;43;16;42;100;0,35;1,12;0;0,28;115,45;115,45;1,96;1,75
4;StudentAttendanceSystem;pair;653;23;43;39;213;100;0,41;0,28;1,6;0,39;116,45;116,45;3,42;2,68
4;StudentAttendanceSystem;state;654;20;33;8;43;100;0,35;0,44;0;0,08;117,45;117,45;0,99;0,86
4;StudentAttendanceSystem;transition;654;20;33;10;32;100;0,37;0,76;0;0,12;117,45;117,45;1,4;1,26
4;StudentAttendanceSystem;pair;654;20;33;28;152;100;0,37;0,2;1,03;0,26;118,45;118,45;2,49;1,86
4;StudentAttendanceSystem;state;655;17;27;6;32;100;0,32;0,33;0;0,05;119,45;119,45;0,81;0,7
4;StudentAttendanceSystem;transition;655;17;27;9;26;100;0,25;0,7;0;0,09;119,45;119,45;1,19;1,04
4;StudentAttendanceSystem;pair;655;17;27;24;116;100;0,31;0,14;0,71;0,18;120,45;120,45;1,86;1,34
4;StudentAttendanceSystem;state;656;24;44;9;48;100;0,38;0,5;0;0,1;121,45;121,45;1,14;0,98
4;StudentAttendanceSystem;transition;656;24;44;16;43;100;0,42;1,05;0;0,2;121,45;122,45;1,86;1,66
4;StudentAttendanceSystem;pair;656;24;44;39;211;100;0,4;0,29;1,53;0,39;123,45;123,45;3,37;2,62
4;StudentAttendanceSystem;state;657;22;38;8;42;100;0,35;0,48;0;0,09;123,45;123,45;1,07;0,91
4;StudentAttendanceSystem;transition;657;22;38;14;37;100;0,4;0,87;0;0,15;124,45;124,45;1,59;1,42
4;StudentAttendanceSystem;pair;657;22;38;32;168;100;0,34;0,33;1,22;0,3;125,45;125,45;2,94;2,2
4;StudentAttendanceSystem;state;658;29;58;14;77;100;0,65;0,75;0;0,17;126,45;126,45;1,75;1,56
4;StudentAttendanceSystem;transition;658;29;58;18;57;100;0,55;1,43;0;0,24;127,45;127,45;2,44;2,22
4;StudentAttendanceSystem;pair;658;29;58;49;292;100;0,53;0,48;2,64;0,56;128,45;129,45;5,32;4,21
4;StudentAttendanceSystem;state;659;20;37;8;39;100;0,39;0,46;0;0,08;129,45;129,45;1,1;0,94
4;StudentAttendanceSystem;transition;659;20;37;15;37;100;0,37;0,9;0;0,16;130,45;130,45;1,63;1,44
4;StudentAttendanceSystem;pair;659;20;37;32;161;100;0,32;0,25;1,23;0,24;131,45;131,45;2,8;2,04
4;StudentAttendanceSystem;state;660;22;37;8;43;100;0,4;0,51;0;0,09;132,45;132,45;1,14;1
4;StudentAttendanceSystem;transition;660;22;37;12;36;100;0,35;0,86;0;0,15;132,45;132,45;1,53;1,36
4;StudentAttendanceSystem;pair;660;22;37;33;176;100;0,37;0,2;1,16;0,26;133,45;133,45;2,65;1,99
4;StudentAttendanceSystem;state;661;24;46;9;49;100;0,43;0,49;0;0,1;134,45;134,45;1,17;1,03
4;StudentAttendanceSystem;transition;661;24;46;15;45;100;0,38;0,98;0;0,18;135,45;135,45;1,72;1,54
4;StudentAttendanceSystem;pair;661;24;46;45;247;100;0,39;0,29;1,94;0,49;136,45;136,45;3,98;3,11
4;StudentAttendanceSystem;state;662;25;53;11;58;100;0,47;0,54;0;0,11;137,45;137,45;1,28;1,12
4;StudentAttendanceSystem;transition;662;25;53;17;53;100;0,42;1,15;0;0,17;138,45;138,45;1,95;1,74
4;StudentAttendanceSystem;pair;662;25;53;50;288;100;0,43;0,38;2,21;0,46;139,45;140,45;4,36;3,49
4;StudentAttendanceSystem;state;663;20;38;8;43;100;0,4;0,46;0;0,09;140,45;140,45;1,11;0,95
4;StudentAttendanceSystem;transition;663;20;38;12;38;100;0,41;0,84;0;0,17;141,45;141,45;1,59;1,42
4;StudentAttendanceSystem;pair;663;20;38;34;200;100;0,36;0,24;1,41;0,33;142,45;142,45;3,06;2,34
4;StudentAttendanceSystem;state;664;25;49;11;57;100;0,51;0,61;0;0,12;143,45;143,45;1,38;1,24
4;StudentAttendanceSystem;transition;664;25;49;18;48;100;0,45;1,18;0;0,21;143,45;143,45;2,05;1,84
4;StudentAttendanceSystem;pair;664;25;49;44;238;100;0,45;0,37;2,07;0,39;145,45;145,45;4,14;3,27
4;StudentAttendanceSystem;state;665;25;52;12;65;100;0,45;0,59;0;0,14;146,45;146,45;1,35;1,17
4;StudentAttendanceSystem;transition;665;25;52;17;52;100;0,46;1,04;0;0,22;146,45;147,45;1,92;1,73
4;StudentAttendanceSystem;pair;665;25;52;45;267;100;0,41;0,36;2,11;0,48;148,45;148,45;4,26;3,36
4;StudentAttendanceSystem;state;666;26;48;10;56;100;0,46;0,55;0;0,11;149,45;149,45;1,29;1,12
4;StudentAttendanceSystem;transition;666;26;48;16;47;100;0,45;1,18;0;0,2;150,45;150,45;2,2;1,82
4;StudentAttendanceSystem;pair;666;26;48;38;216;100;0,4;0,31;1,49;0,4;151,45;151,45;3,47;2,6
4;StudentAttendanceSystem;state;667;17;29;7;37;100;0,36;0,37;0;0,07;151,45;152,45;0,97;0,81
4;StudentAttendanceSystem;transition;667;17;29;9;29;100;0,31;0,63;0;0,1;152,45;152,45;1,19;1,04
4;StudentAttendanceSystem;pair;667;17;29;27;143;100;0,34;0,18;0,82;0,2;153,45;153,45;2,09;1,53
4;StudentAttendanceSystem;state;668;18;33;7;36;100;0,38;4,01;0;0,06;154,49;5,49;4,63;4,46
4;StudentAttendanceSystem;transition;668;18;33;11;33;100;0,37;0,86;0;0,11;5,49;5,49;1,54;1,34
4;StudentAttendanceSystem;pair;668;18;33;29;159;100;0,36;0,19;0,98;0,22;6,49;6,49;2,44;1,75
4;StudentAttendanceSystem;state;669;23;42;10;54;100;0,41;0,47;0;0,12;7,49;7,49;1,16;1
4;StudentAttendanceSystem;transition;669;23;42;14;42;100;0,38;0,85;0;0,14;7,49;8,49;1,56;1,36
4;StudentAttendanceSystem;pair;669;23;42;40;206;100;0,25;0,18;1,36;0,34;9,49;9,49;2,74;2,14
4;StudentAttendanceSystem;state;670;19;37;8;39;100;0,46;0,57;0;0,11;9,49;9,49;1,34;1,14
4;StudentAttendanceSystem;transition;670;19;37;14;37;100;0,38;0,84;0;0,13;10,49;10,49;1,52;1,35
4;StudentAttendanceSystem;pair;670;19;37;34;180;100;0,33;0,2;1,28;0,29;11,49;11,49;2,74;2,1
4;StudentAttendanceSystem;state;671;19;31;7;37;100;0,4;0,49;0;0,07;12,49;12,49;1,12;0,96
4;StudentAttendanceSystem;transition;671;19;31;10;30;100;0,3;0,71;0;0,11;12,49;12,49;1,32;1,13
4;StudentAttendanceSystem;pair;671;19;31;24;130;100;0,32;0,22;0,9;0,21;13,49;13,49;2,23;1,65
4;StudentAttendanceSystem;state;672;23;44;9;50;100;0,47;0,59;0;0,11;14,49;14,49;1,35;1,17
4;StudentAttendanceSystem;transition;672;23;44;15;44;100;0,41;1,04;0;0,19;14,49;15,49;1,85;1,65
4;StudentAttendanceSystem;pair;672;23;44;38;212;100;0,4;0,27;1,4;0,38;16,49;16,49;3,26;2,45
4;StudentAttendanceSystem;state;673;25;49;10;56;100;0,5;0,63;0;0,1;16,49;17,49;1,39;1,23
4;StudentAttendanceSystem;transition;673;25;49;16;49;100;0,42;1,05;0;0,19;17,49;17,49;1,85;1,66
4;StudentAttendanceSystem;pair;673;25;49;42;244;100;0,47;0,29;1,81;0,38;19,49;19,49;3,73;2,95
4;StudentAttendanceSystem;state;674;23;40;10;56;100;0,47;0,46;0;0,1;19,49;20,49;1,24;1,03
4;StudentAttendanceSystem;transition;674;23;40;12;39;100;0,39;0,87;0;0,15;20,49;20,49;1,6;1,41
4;StudentAttendanceSystem;pair;674;23;40;35;190;100;0,42;0,21;1,23;0,27;21,49;21,49;2,84;2,13
4;StudentAttendanceSystem;state;675;14;22;5;23;100;0,27;0,3;0;0,03;22,49;22,49;0,72;0,6
4;StudentAttendanceSystem;transition;675;14;22;7;22;100;0,26;0,44;0;0,06;22,49;22,49;0,94;0,76
4;StudentAttendanceSystem;pair;675;14;22;20;92;100;0,26;0,11;0,54;0,13;23,49;23,49;1,5;1,04
4;StudentAttendanceSystem;state;676;25;46;10;51;100;0,45;0,52;0;0,1;24,49;24,49;1,21;1,08
4;StudentAttendanceSystem;transition;676;25;46;16;45;100;0,37;1,07;0;0,21;24,49;24,49;1,88;1,65
4;StudentAttendanceSystem;pair;676;25;46;40;225;100;0,43;0,27;1,55;0,33;26,49;26,49;3,32;2,59
4;StudentAttendanceSystem;state;677;24;45;9;46;100;0,28;0,43;0;0,1;26,49;26,49;0,95;0,82
4;StudentAttendanceSystem;transition;677;24;45;17;44;100;0,47;1,09;0;0,16;27,49;27,49;1,9;1,72
4;StudentAttendanceSystem;pair;677;24;45;37;202;100;0,43;0,31;1,32;0,33;28,49;29,49;3,34;2,39
4;StudentAttendanceSystem;state;678;22;39;9;49;100;0,36;0,51;0;0,09;29,49;29,49;1,12;0,96
4;StudentAttendanceSystem;transition;678;22;39;13;38;100;0,36;0,83;0;0,13;30,49;30,49;1,48;1,32
4;StudentAttendanceSystem;pair;678;22;39;32;176;100;0,71;0,19;1,28;0,28;31,49;31,49;3,12;2,47
4;StudentAttendanceSystem;state;679;28;56;13;74;100;0,47;0,85;0;0,14;32,49;32,49;1,64;1,46
4;StudentAttendanceSystem;transition;679;28;56;17;55;100;0,53;1,14;0;0,23;32,49;33,49;2,14;1,91
4;StudentAttendanceSystem;pair;679;28;56;51;303;100;0,53;0,4;2,25;0,62;34,49;34,49;4,83;3,8
4;StudentAttendanceSystem;state;680;24;46;10;54;100;0,52;0,57;0;0,14;35,49;35,49;1,41;1,22
4;StudentAttendanceSystem;transition;680;24;46;16;45;100;0,51;1,1;0;0,17;36,49;36,49;1,98;1,78
4;StudentAttendanceSystem;pair;680;24;46;42;228;100;0,4;0,31;1,68;0,4;37,49;37,49;3,6;2,8
4;StudentAttendanceSystem;state;681;19;30;7;37;100;0,32;0,36;0;0,08;38,49;38,49;0,94;0,77
4;StudentAttendanceSystem;transition;681;19;30;11;29;100;0,31;0,78;0;0,13;38,49;38,49;1,38;1,22
4;StudentAttendanceSystem;pair;681;19;30;22;106;100;0,3;0,14;0,61;0,17;39,49;39,49;1,74;1,22
4;StudentAttendanceSystem;state;682;23;45;9;48;100;0,45;0,52;0;0,1;40,49;40,49;1,23;1,06
4;StudentAttendanceSystem;transition;682;23;45;16;44;100;0,41;1,07;0;0,19;40,49;41,49;1,88;1,67
4;StudentAttendanceSystem;pair;682;23;45;43;241;100;0,36;0,35;1,49;0,42;42,49;42,49;3,37;2,62
4;StudentAttendanceSystem;state;683;29;58;12;68;100;0,54;0,78;0;0,14;43,49;43,49;1,63;1,46
4;StudentAttendanceSystem;transition;683;29;58;19;57;100;0,56;1,42;0;0,31;44,49;44,49;2,55;2,29
4;StudentAttendanceSystem;pair;683;29;58;48;285;100;0,55;0,34;2,12;0,5;45,49;46,49;4,47;3,51
4;StudentAttendanceSystem;state;684;16;29;7;32;100;0,36;0,37;0;0,07;46,49;46,49;0,94;0,8
4;StudentAttendanceSystem;transition;684;16;29;11;29;100;0,3;0,6;0;0,1;46,49;46,49;1,16;1
4;StudentAttendanceSystem;pair;684;16;29;23;116;100;0,31;0,2;0,7;0,17;47,49;47,49;1,98;1,37
4;StudentAttendanceSystem;state;685;25;46;11;62;100;0,45;0,59;0;0,1;48,49;48,49;1,29;1,15
4;StudentAttendanceSystem;transition;685;25;46;14;45;100;0,39;1,04;0;0,19;49,49;49,49;1,89;1,61
4;StudentAttendanceSystem;pair;685;25;46;41;233;100;0,46;0,29;1,5;0,36;50,49;50,49;3,53;2,62
4;StudentAttendanceSystem;state;686;25;46;10;53;100;0,46;0,64;0;0,1;51,49;51,49;1,4;1,2
4;StudentAttendanceSystem;transition;686;25;46;16;45;100;0,44;1,11;0;0,17;52,49;52,49;1,96;1,72
4;StudentAttendanceSystem;pair;686;25;46;45;247;100;0,46;0,29;1,84;0,42;53,49;53,49;3,81;3
4;StudentAttendanceSystem;state;687;20;33;7;36;100;0,4;0,45;0;0,08;54,49;54,49;1,1;0,92
4;StudentAttendanceSystem;transition;687;20;33;13;32;100;0,34;0,8;0;0,15;54,49;54,49;1,51;1,3
4;StudentAttendanceSystem;pair;687;20;33;28;132;100;0,35;0,45;0,97;0,24;55,49;55,49;2,64;2,01
4;StudentAttendanceSystem;state;688;16;28;6;31;100;0,34;0,41;0;0,05;56,49;56,49;0,95;0,8
4;StudentAttendanceSystem;transition;688;16;28;9;28;100;0,31;0,59;0;0,11;56,49;56,49;1,18;1
4;StudentAttendanceSystem;pair;688;16;28;27;139;100;0,33;0,19;0,91;0,22;57,49;57,49;2,31;1,66
4;StudentAttendanceSystem;state;689;27;54;12;67;100;0,46;0,63;0;0,12;58,49;58,49;1,39;1,21
4;StudentAttendanceSystem;transition;689;27;54;17;54;100;0,44;1,15;0;0,2;59,49;59,49;2,1;1,78
4;StudentAttendanceSystem;pair;689;27;54;45;265;100;0,47;0,31;1,95;0,42;60,49;60,49;4,07;3,16
4;StudentAttendanceSystem;state;690;28;57;13;69;100;0,53;0,71;0;0,14;61,49;61,49;1,57;1,38
4;StudentAttendanceSystem;transition;690;28;57;19;56;100;0,44;1,18;0;0,22;62,49;62,49;2,07;1,84
4;StudentAttendanceSystem;pair;690;28;57;47;276;100;0,46;0,44;2,29;0,44;63,49;64,49;5,06;3,64
4;StudentAttendanceSystem;state;691;23;46;9;48;100;0,44;0,49;0;0,09;64,49;64,49;1,18;1,02
4;StudentAttendanceSystem;transition;691;23;46;17;46;100;0,42;1,08;0;0,22;65,49;65,49;1,93;1,72
4;StudentAttendanceSystem;pair;691;23;46;45;249;100;0,45;0,29;1,49;0,43;66,49;67,49;3,53;2,66
4;StudentAttendanceSystem;state;692;22;41;8;42;100;0,49;0,51;0;0,08;67,49;67,49;1,24;1,08
4;StudentAttendanceSystem;transition;692;22;41;14;40;100;0,39;1,02;0;0,19;68,49;68,49;1,81;1,59
4;StudentAttendanceSystem;pair;692;22;41;42;226;100;0,42;0,26;1,53;0,41;69,49;69,49;3,38;2,61
4;StudentAttendanceSystem;state;693;23;42;10;53;100;0,43;0,53;0;0,09;70,49;70,49;1,21;1,05
4;StudentAttendanceSystem;transition;693;23;42;15;41;100;0,4;0,95;0;0,16;71,49;71,49;1,73;1,51
4;StudentAttendanceSystem;pair;693;23;42;35;188;100;0,4;0,3;1,26;0,29;72,49;72,49;2,97;2,25
4;StudentAttendanceSystem;state;694;18;31;7;36;100;0,34;0,39;0;0,06;72,49;72,49;0,94;0,79
4;StudentAttendanceSystem;transition;694;18;31;11;30;100;0,32;0,71;0;0,11;73,49;73,49;1,31;1,14
4;StudentAttendanceSystem;pair;694;18;31;25;131;100;0,3;0,17;0,81;0,19;74,49;74,49;2,08;1,48
4;StudentAttendanceSystem;state;695;15;23;5;24;100;0,29;0,3;0;0,04;74,49;74,49;0,74;0,63
4;StudentAttendanceSystem;transition;695;15;23;7;23;100;0,29;0,51;0;0,06;75,49;75,49;1,02;0,86
4;StudentAttendanceSystem;pair;695;15;23;21;97;100;0,34;0,12;0,62;0,14;75,49;76,49;1,72;1,22
4;StudentAttendanceSystem;state;696;26;50;11;62;100;0,44;0,64;0;0,12;76,49;76,49;1,35;1,19
4;StudentAttendanceSystem;transition;696;26;50;16;49;100;0,44;1,07;0;0,21;77,49;77,49;2;1,72
4;StudentAttendanceSystem;pair;696;26;50;44;258;100;0,47;0,32;1,94;0,45;78,49;79,49;4,08;3,17
4;StudentAttendanceSystem;state;697;22;40;9;49;100;0,39;0,57;0;0,09;79,49;79,49;1,23;1,06
4;StudentAttendanceSystem;transition;697;22;40;13;40;100;0,35;0,87;0;0,17;80,49;80,49;1,6;1,4
4;StudentAttendanceSystem;pair;697;22;40;36;192;100;0,41;0,22;1,25;0,31;81,49;81,49;2,9;2,19
4;StudentAttendanceSystem;state;698;18;30;7;35;100;0,38;0,36;0;0,07;82,49;82,49;1,01;0,81
4;StudentAttendanceSystem;transition;698;18;30;11;29;100;0,31;0,67;0;0,1;82,49;82,49;1,24;1,08
4;StudentAttendanceSystem;pair;698;18;30;26;125;100;0,36;0,16;0,76;0,21;83,49;83,49;2,04;1,49
4;StudentAttendanceSystem;state;699;20;36;8;43;100;0,36;0,47;0;0,09;84,49;84,49;1,11;0,92
4;StudentAttendanceSystem;transition;699;20;36;12;36;100;0,32;0,76;0;0,12;84,49;84,49;1,37;1,2
4;StudentAttendanceSystem;pair;699;20;36;28;160;100;0,32;0,29;0,94;0,23;85,49;85,49;2,6;1,79
4;StudentAttendanceSystem;state;700;27;55;12;67;100;0,48;0,59;0;0,13;86,49;86,49;1,44;1,21
4;StudentAttendanceSystem;transition;700;27;55;18;55;100;0,46;1,76;0;0,23;87,49;87,49;2,76;2,46
4;StudentAttendanceSystem;pair;700;27;55;48;276;100;0,47;0,33;2,03;0,46;88,49;89,49;4,32;3,29
4;StudentAttendanceSystem;state;701;26;53;11;61;100;0,49;0,58;0;0,14;89,49;89,49;1,39;1,2
4;StudentAttendanceSystem;transition;701;26;53;17;52;100;0,47;1,13;0;0,24;90,49;90,49;2,04;1,83
4;StudentAttendanceSystem;pair;701;26;53;46;270;100;0,43;0,3;2,15;0,43;91,49;92,49;4,33;3,32
4;StudentAttendanceSystem;state;702;15;24;5;24;100;0,33;0,39;0;0,05;92,49;92,49;0,92;0,77
4;StudentAttendanceSystem;transition;702;15;24;8;24;100;0,26;0,62;0;0,07;93,49;93,49;1,14;0,95
4;StudentAttendanceSystem;pair;702;15;24;25;112;100;0,33;0,12;0,72;0,17;93,49;94,49;1,82;1,33
4;StudentAttendanceSystem;state;703;27;54;12;63;100;0,45;0,69;0;0,12;94,49;94,49;1,43;1,26
4;StudentAttendanceSystem;transition;703;27;54;19;53;100;0,48;1,15;0;0,24;95,49;95,49;2,11;1,87
4;StudentAttendanceSystem;pair;703;27;54;48;274;100;0,41;0,31;1,96;0,46;97,49;97,49;4,05;3,15
4;StudentAttendanceSystem;state;704;24;46;10;55;100;0,42;0,47;0;0,11;97,49;97,49;1,16;0,99
4;StudentAttendanceSystem;transition;704;24;46;16;46;100;0,42;1,04;0;0,2;98,49;98,49;1,88;1,65
4;StudentAttendanceSystem;pair;704;24;46;41;221;100;0,43;0,24;1,42;0,33;99,49;100,49;3,26;2,41
4;StudentAttendanceSystem;state;705;27;52;11;59;100;0,45;0,56;0;0,12;100,49;100,49;1,29;1,13
4;StudentAttendanceSystem;transition;705;27;52;19;51;100;0,52;1,37;0;0,27;101,49;101,49;2,37;2,16
4;StudentAttendanceSystem;pair;705;27;52;43;241;100;0,43;0,29;1,67;0,38;102,49;103,49;3,67;2,78
4;StudentAttendanceSystem;state;706;27;53;12;68;100;0,46;0,56;0;0,12;103,49;103,49;1,31;1,14
4;StudentAttendanceSystem;transition;706;27;53;16;52;100;0,48;1,08;0;0,2;104,49;104,49;1,98;1,76
4;StudentAttendanceSystem;pair;706;27;53;44;266;100;0,47;0,3;1,89;0,45;106,49;106,49;4,06;3,11
4;StudentAttendanceSystem;state;707;25;48;11;58;100;0,45;0,58;0;0,1;107,49;107,49;1,3;1,14
4;StudentAttendanceSystem;transition;707;25;48;17;48;100;0,6;1,03;0;0,19;107,49;107,49;2,03;1,82
4;StudentAttendanceSystem;pair;707;25;48;39;215;100;0,43;0,23;1,58;0,38;109,49;109,49;3,44;2,62
4;StudentAttendanceSystem;state;708;21;35;8;40;100;0,36;0,41;0;0,09;109,49;109,49;1,01;0,85
4;StudentAttendanceSystem;transition;708;21;35;13;34;100;0,34;0,77;0;0,14;110,49;110,49;1,43;1,24
4;StudentAttendanceSystem;pair;708;21;35;29;142;100;0,34;0,17;1,08;0,24;111,49;111,49;2,44;1,83
4;StudentAttendanceSystem;state;709;21;38;9;48;100;0,42;0,49;0;0,08;111,49;112,49;1,17;1
4;StudentAttendanceSystem;transition;709;21;38;13;38;100;0,34;0,83;0;0,13;112,49;112,49;1,48;1,29
4;StudentAttendanceSystem;pair;709;21;38;32;165;100;0,33;0,34;1,11;0,23;113,49;113,49;2,68;2,01
4;StudentAttendanceSystem;state;710;22;40;9;49;100;0,5;0,45;0;0,1;114,49;114,49;1,22;1,05
4;StudentAttendanceSystem;transition;710;22;40;13;40;100;0,36;0,93;0;0,15;115,49;115,49;1,68;1,44
4;StudentAttendanceSystem;pair;710;22;40;36;192;100;0,42;0,24;1,25;0,29;116,49;116,49;2,97;2,19
4;StudentAttendanceSystem;state;711;18;33;7;36;100;0,32;0,39;0;0,07;116,49;116,49;0,94;0,79
4;StudentAttendanceSystem;transition;711;18;33;11;33;100;0,43;0,64;0;0,11;117,49;117,49;1,35;1,18
4;StudentAttendanceSystem;pair;711;18;33;29;159;100;0,33;0,17;1,2;0,27;118,49;118,49;2,57;1,98
4;StudentAttendanceSystem;state;712;26;51;10;54;100;0,45;0,6;0;0,1;119,49;119,49;1,31;1,15
4;StudentAttendanceSystem;transition;712;26;51;18;50;100;0,46;1,17;0;0,25;119,49;119,49;2,14;1,88
4;StudentAttendanceSystem;pair;712;26;51;52;292;100;0,45;0,31;2,14;0,46;121,49;121,49;4,24;3,35
4;StudentAttendanceSystem;state;713;24;43;9;50;100;0,44;0,71;0;0,13;122,49;122,49;1,43;1,28
4;StudentAttendanceSystem;transition;713;24;43;15;42;100;0,42;1,02;0;0,18;122,49;123,49;1,83;1,62
4;StudentAttendanceSystem;pair;713;24;43;34;186;100;0,38;0,22;1,22;0,28;124,49;124,49;2,83;2,11
4;StudentAttendanceSystem;state;714;25;47;10;51;100;0,43;0,48;0;0,08;124,49;124,49;1,12;0,99
4;StudentAttendanceSystem;transition;714;25;47;17;46;100;0,4;1,07;0;0,19;125,49;125,49;1,85;1,65
4;StudentAttendanceSystem;pair;714;25;47;44;243;100;0,5;0,23;1,82;0,37;126,49;127,49;3,81;2,92
4;StudentAttendanceSystem;state;715;27;56;12;64;100;0,53;0,6;0;0,15;127,49;127,49;1,44;1,28
4;StudentAttendanceSystem;transition;715;27;56;21;56;100;0,46;1,23;0;0,22;128,49;128,49;2,13;1,91
4;StudentAttendanceSystem;pair;715;27;56;53;293;100;0,49;0,35;2,21;0,47;130,49;130,49;4,46;3,52
4;StudentAttendanceSystem;state;716;24;50;11;60;100;0,43;0,55;0;0,11;131,49;131,49;1,25;1,09
4;StudentAttendanceSystem;transition;716;24;50;16;50;100;0,48;0,98;0;0,17;132,49;132,49;1,91;1,63
4;StudentAttendanceSystem;pair;716;24;50;45;259;100;0,41;0,36;1,83;0,42;133,49;133,49;3,89;3,02
4;StudentAttendanceSystem;state;717;18;33;8;41;100;0,34;0,37;0;0,07;134,49;134,49;0,93;0,78
4;StudentAttendanceSystem;transition;717;18;33;11;33;100;0,28;0,66;0;0,1;134,49;134,49;1,21;1,05
4;StudentAttendanceSystem;pair;717;18;33;29;148;100;0,29;0,2;0,92;0,19;135,49;135,49;2,15;1,6
4;StudentAttendanceSystem;state;718;25;51;12;65;100;0,53;0,56;0;0,11;136,49;136,49;1,46;1,2
4;StudentAttendanceSystem;transition;718;25;51;16;51;100;0,44;1,06;0;0,22;137,49;137,49;1,97;1,72
4;StudentAttendanceSystem;pair;718;25;51;43;255;100;0,46;0,27;2,14;0,43;138,49;138,49;4,17;3,3
4;StudentAttendanceSystem;state;719;19;33;8;38;100;0,35;0,39;0;0,07;139,49;139,49;0,98;0,82
4;StudentAttendanceSystem;transition;719;19;33;13;33;100;0,32;0,79;0;0,15;139,49;140,49;1,45;1,26
4;StudentAttendanceSystem;pair;719;19;33;31;146;100;0,41;0,21;0,96;0,25;140,49;141,49;2,49;1,82
4;StudentAttendanceSystem;state;720;26;51;11;62;100;0,42;0,69;0;0,13;141,49;141,49;1,42;1,24
4;StudentAttendanceSystem;transition;720;26;51;17;50;100;0,47;1,13;0;0,21;142,49;142,49;2,01;1,81
4;StudentAttendanceSystem;pair;720;26;51;47;273;100;0,43;0,36;2,03;0,5;143,49;144,49;4,29;3,31
4;StudentAttendanceSystem;state;721;21;40;8;42;100;0,44;0,58;0;0,1;144,49;144,49;1,29;1,11
4;StudentAttendanceSystem;transition;721;21;40;15;40;100;0,44;0,91;0;0,17;145,49;145,49;1,74;1,51
4;StudentAttendanceSystem;pair;721;21;40;38;202;100;0,38;0,2;1,58;0,32;146,49;146,49;3,29;2,48
4;StudentAttendanceSystem;state;722;31;63;14;78;100;0,59;0,86;0;0,2;147,49;147,49;1,93;1,65
4;StudentAttendanceSystem;transition;722;31;63;21;62;100;0,53;1,32;0;0,2;148,49;148,49;2,24;2,05
4;StudentAttendanceSystem;pair;722;31;63;61;347;100;0,63;0,47;2,72;0,57;150,49;150,49;5,62;4,39
4;StudentAttendanceSystem;state;723;21;40;9;48;100;0,38;0,45;0;0,1;151,49;151,49;1,07;0,93
4;StudentAttendanceSystem;transition;723;21;40;13;40;100;0,26;0,53;0;0,13;151,49;151,49;1,04;0,91
4;StudentAttendanceSystem;pair;723;21;40;35;193;100;0,37;0,23;1,25;0,38;152,49;153,49;2,88;2,22
4;StudentAttendanceSystem;state;724;27;54;12;68;100;0,48;0,56;0;0,13;153,49;153,49;1,33;1,17
4;StudentAttendanceSystem;transition;724;27;54;17;53;100;3,41;1,22;0;0,21;5,53;5,53;5,11;4,85
4;StudentAttendanceSystem;pair;724;27;54;47;281;100;0,63;0,34;2,32;0,47;6,53;7,53;4,8;3,75
4;StudentAttendanceSystem;state;725;22;40;9;50;100;0,43;0,36;0;0,06;7,53;7,53;0,96;0,85
4;StudentAttendanceSystem;transition;725;22;40;13;39;100;0,29;0,67;0;0,17;8,53;8,53;1,31;1,13
4;StudentAttendanceSystem;pair;725;22;40;38;214;100;0,4;0,2;1,33;0,38;9,53;10,53;3,04;2,3
4;StudentAttendanceSystem;state;726;23;40;9;45;100;0,38;0,5;0;0,08;10,53;10,53;1,08;0,95
4;StudentAttendanceSystem;transition;726;23;40;15;39;100;0,24;0,74;0;0,14;11,53;11,53;1,27;1,12
4;StudentAttendanceSystem;pair;726;23;40;30;159;100;0,43;0,19;1,19;0,27;12,53;12,53;2,82;2,09
4;StudentAttendanceSystem;state;727;28;57;13;69;100;0,47;0,67;0;0,16;13,53;13,53;1,45;1,31
4;StudentAttendanceSystem;transition;727;28;57;19;56;100;0,46;1,22;0;0,26;13,53;14,53;2,17;1,95
4;StudentAttendanceSystem;pair;727;28;57;47;277;100;0,5;0,31;2,92;0,46;15,53;15,53;5,08;4,19
4;StudentAttendanceSystem;state;728;23;48;10;55;100;0,47;0,49;0;0,09;16,53;16,53;1,19;1,05
4;StudentAttendanceSystem;transition;728;23;48;15;48;100;0,47;0,93;0;0,16;17,53;17,53;1,73;1,56
4;StudentAttendanceSystem;pair;728;23;48;42;246;100;0,4;0,25;1,57;0,25;18,53;18,53;3,15;2,48
4;StudentAttendanceSystem;state;729;24;45;10;54;100;0,33;0,52;0;0,15;19,53;19,53;1,17;1
4;StudentAttendanceSystem;transition;729;24;45;15;44;100;0,43;1,07;0;0,17;19,53;20,53;1,87;1,68
4;StudentAttendanceSystem;pair;729;24;45;39;217;100;0,42;0,24;1,61;0,35;21,53;21,53;3,4;2,62
4;StudentAttendanceSystem;state;730;20;31;7;37;100;0,34;0,37;0;0,08;21,53;21,53;0,94;0,79
4;StudentAttendanceSystem;transition;730;20;31;10;30;100;0,34;0,72;0;0,12;22,53;22,53;1,34;1,18
4;StudentAttendanceSystem;pair;730;20;31;25;125;100;0,31;0,16;0,78;0,18;23,53;23,53;2,01;1,43
4;StudentAttendanceSystem;state;731;29;58;12;67;100;1,34;0,6;0;0,15;24,53;24,53;2,25;2,1
4;StudentAttendanceSystem;transition;731;29;58;21;57;100;0,45;1,23;0;0,26;24,53;25,53;2,14;1,94
4;StudentAttendanceSystem;pair;731;29;58;55;307;100;0,5;0,37;2,65;0,62;26,53;27,53;5,22;4,14
4;StudentAttendanceSystem;state;732;23;43;9;45;100;0,39;0,43;0;0,07;27,53;27,53;1,03;0,89
4;StudentAttendanceSystem;transition;732;23;43;15;42;100;0,35;0,95;0;0,16;28,53;28,53;1,65;1,46
4;StudentAttendanceSystem;pair;732;23;43;40;219;100;0,41;0,25;1,84;0,43;29,53;29,53;3,81;2,93
4;StudentAttendanceSystem;state;733;20;35;8;39;100;0,43;0,57;0;0,08;30,53;30,53;1,24;1,07
4;StudentAttendanceSystem;transition;733;20;35;13;35;100;0,34;0,87;0;0,15;30,53;30,53;1,54;1,37
4;StudentAttendanceSystem;pair;733;20;35;26;135;100;0,39;0,19;1,01;0,2;31,53;31,53;2,41;1,79
4;StudentAttendanceSystem;state;734;24;44;11;59;100;0,44;0,67;0;0,18;32,53;32,53;1,64;1,28
4;StudentAttendanceSystem;transition;734;24;44;15;43;100;0,41;1,05;0;0,2;33,53;33,53;1,85;1,66
4;StudentAttendanceSystem;pair;734;24;44;38;205;100;0,39;0,21;1,75;0,32;34,53;34,53;3,42;2,67
4;StudentAttendanceSystem;state;735;22;37;8;42;100;0,4;0,53;0;0,08;35,53;35,53;1,16;1,01
4;StudentAttendanceSystem;transition;735;22;37;13;36;100;0,39;0,93;0;0,15;35,53;35,53;1,7;1,47
4;StudentAttendanceSystem;pair;735;22;37;29;153;100;0,35;0,21;0,97;0,22;36,53;36,53;2,42;1,74
4;StudentAttendanceSystem;state;736;20;35;7;36;100;0,42;0,44;0;0,07;37,53;37,53;1,07;0,93
4;StudentAttendanceSystem;transition;736;20;35;12;34;100;0,31;0,72;0;0,21;37,53;37,53;1,42;1,24
4;StudentAttendanceSystem;pair;736;20;35;35;179;100;0,32;0,17;1,13;0,26;38,53;39,53;2,49;1,88
4;StudentAttendanceSystem;state;737;22;37;8;43;100;0,38;0,47;0;0,08;39,53;39,53;1,1;0,93
4;StudentAttendanceSystem;transition;737;22;37;12;36;100;0,39;0,79;0;0,15;40,53;40,53;1,52;1,33
4;StudentAttendanceSystem;pair;737;22;37;32;172;100;0,37;0,19;1,22;0,31;41,53;41,53;2,82;2,09
4;StudentAttendanceSystem;state;738;25;49;11;58;100;0,5;0,56;0;0,11;42,53;42,53;1,33;1,17
4;StudentAttendanceSystem;transition;738;25;49;18;49;100;0,39;1,06;0;0,18;42,53;42,53;1,86;1,63
4;StudentAttendanceSystem;pair;738;25;49;43;231;100;0,64;0,28;1,75;0,35;44,53;44,53;3,89;3,02
4;StudentAttendanceSystem;state;739;20;39;9;47;100;0,4;0,61;0;0,1;44,53;45,53;1,29;1,11
4;StudentAttendanceSystem;transition;739;20;39;13;39;100;0,36;0,79;0;0,18;45,53;45,53;1,49;1,32
4;StudentAttendanceSystem;pair;739;20;39;35;191;100;0,35;0,22;1,39;0,31;46,53;46,53;2,97;2,27
4;StudentAttendanceSystem;state;740;17;28;6;31;100;0,38;0,34;0;0,06;47,53;47,53;0,92;0,77
4;StudentAttendanceSystem;transition;740;17;28;10;28;100;0,3;0,65;0;0,1;47,53;47,53;1,23;1,05
4;StudentAttendanceSystem;pair;740;17;28;27;127;100;0,32;0,13;0,69;0,23;48,53;48,53;1,87;1,37
4;StudentAttendanceSystem;state;741;22;40;9;48;100;0,37;0,46;0;0,08;49,53;49,53;1,06;0,91
4;StudentAttendanceSystem;transition;741;22;40;14;39;100;0,37;0,82;0;0,13;50,53;50,53;1,55;1,32
4;StudentAttendanceSystem;pair;741;22;40;36;185;100;0,32;0,2;1,2;0,55;51,53;51,53;3,26;2,27
4;StudentAttendanceSystem;state;742;20;38;9;46;100;0,42;0,49;0;0,08;51,53;51,53;1,15;0,99
4;StudentAttendanceSystem;transition;742;20;38;13;38;100;0,39;0,78;0;0,13;52,53;52,53;1,49;1,3
4;StudentAttendanceSystem;pair;742;20;38;36;199;100;0,34;0,28;1,26;0,32;53,53;53,53;2,83;2,2
4;StudentAttendanceSystem;state;743;24;47;10;53;100;0,57;0,57;0;0,12;54,53;54,53;1,43;1,25
4;StudentAttendanceSystem;transition;743;24;47;17;47;100;0,42;1,19;0;0,18;55,53;55,53;2;1,79
4;StudentAttendanceSystem;pair;743;24;47;39;217;100;0,44;0,29;1,71;0,4;56,53;56,53;3,78;2,84
4;StudentAttendanceSystem;state;744;31;63;14;76;100;0,7;0,7;0;0,15;57,53;57,53;1,73;1,55
4;StudentAttendanceSystem;transition;744;31;63;22;62;100;0,53;1,49;0;0,26;58,53;58,53;2,57;2,28
4;StudentAttendanceSystem;pair;744;31;63;53;309;100;0,53;0,4;2,82;0,56;59,53;60,53;5,36;4,31
4;StudentAttendanceSystem;state;745;20;38;8;41;100;0,39;0,41;0;0,08;60,53;60,53;1,04;0,88
4;StudentAttendanceSystem;transition;745;20;38;14;38;100;0,39;0,85;0;0,16;61,53;61,53;1,61;1,4
4;StudentAttendanceSystem;pair;745;20;38;35;189;100;0,37;0,28;1,26;0,27;62,53;62,53;2,9;2,18
4;StudentAttendanceSystem;state;746;19;32;7;36;100;0,44;0,48;0;0,06;63,53;63,53;1,12;0,98
4;StudentAttendanceSystem;transition;746;19;32;11;32;100;0,37;0,7;0;0,12;63,53;63,53;1,36;1,18
4;StudentAttendanceSystem;pair;746;19;32;24;126;100;0,56;0,14;0,74;0,22;64,53;64,53;2,27;1,66
4;StudentAttendanceSystem;state;747;23;41;9;47;100;0,42;0,44;0;0,08;65,53;65,53;1,09;0,94
4;StudentAttendanceSystem;transition;747;23;41;15;40;100;0,43;1,17;0;0,18;65,53;66,53;1,98;1,78
4;StudentAttendanceSystem;pair;747;23;41;40;206;100;0,37;0,26;1,35;0,3;67,53;67,53;3,02;2,28
4;StudentAttendanceSystem;state;748;28;56;13;71;100;0,44;0,6;0;0,26;67,53;68,53;1,49;1,29
4;StudentAttendanceSystem;transition;748;28;56;18;55;100;0,42;1,21;0;0,2;68,53;68,53;2,04;1,82
4;StudentAttendanceSystem;pair;748;28;56;46;276;100;0,47;0,31;2,11;0,42;70,53;70,53;4,32;3,31
4;StudentAttendanceSystem;state;749;30;60;13;73;100;0,57;0,61;0;0,13;71,53;71,53;1,5;1,31
4;StudentAttendanceSystem;transition;749;30;60;20;59;100;0,53;1,34;0;0,27;72,53;72,53;2,45;2,14
4;StudentAttendanceSystem;pair;749;30;60;52;300;100;0,47;0,33;2,32;0,48;73,53;74,53;4,55;3,59
4;StudentAttendanceSystem;state;750;29;58;12;68;100;0,51;0,58;0;0,13;74,53;74,53;1,38;1,21
4;StudentAttendanceSystem;transition;750;29;58;19;57;100;0,47;1,82;0;0,24;75,53;75,53;2,79;2,53
4;StudentAttendanceSystem;pair;750;29;58;49;287;100;0,49;0,31;2,28;0,46;77,53;77,53;4,5;3,54
4;StudentAttendanceSystem;state;751;19;32;7;37;100;0,46;0,48;0;0,06;78,53;78,53;1,21;1
4;StudentAttendanceSystem;transition;751;19;32;11;31;100;0,35;0,71;0;0,16;78,53;78,53;1,39;1,21
4;StudentAttendanceSystem;pair;751;19;32;25;133;100;0,39;0,16;0,81;0,22;79,53;79,53;2,16;1,59
4;StudentAttendanceSystem;state;752;20;36;8;43;100;0,37;0,39;0;0,08;80,53;80,53;0,99;0,85
4;StudentAttendanceSystem;transition;752;20;36;12;36;100;0,35;0,76;0;0,19;80,53;80,53;1,48;1,3
4;StudentAttendanceSystem;pair;752;20;36;29;163;100;0,36;0,16;0,92;0,29;81,53;82,53;2,39;1,73
4;StudentAttendanceSystem;state;753;25;52;12;65;100;0,44;0,58;0;0,11;82,53;82,53;1,27;1,13
4;StudentAttendanceSystem;transition;753;25;52;17;52;100;0,47;1,1;0;0,2;83,53;83,53;1,97;1,76
4;StudentAttendanceSystem;pair;753;25;52;46;270;100;0,47;0,29;2,08;0,51;84,53;85,53;4,3;3,35
4;StudentAttendanceSystem;state;754;23;48;10;52;100;0,44;0,52;0;0,1;85,53;85,53;1,23;1,07
4;StudentAttendanceSystem;transition;754;23;48;17;48;100;0,46;1,03;0;0,23;86,53;86,53;1,92;1,72
4;StudentAttendanceSystem;pair;754;23;48;44;248;100;0,42;0,31;1,92;0,48;87,53;88,53;3,96;3,13
4;StudentAttendanceSystem;state;755;21;39;8;43;100;0,38;0,44;0;0,09;88,53;88,53;1,06;0,91
4;StudentAttendanceSystem;transition;755;21;39;13;38;100;0,37;0,91;0;0,15;89,53;89,53;1,66;1,43
4;StudentAttendanceSystem;pair;755;21;39;39;213;100;0,45;0,21;2,03;0,31;90,53;90,53;3,76;3
4;StudentAttendanceSystem;state;756;30;61;13;71;100;0,5;0,66;0;0,14;91,53;91,53;1,48;1,3
4;StudentAttendanceSystem;transition;756;30;61;21;60;100;0,55;1,42;0;0,29;92,53;92,53;2,48;2,26
4;StudentAttendanceSystem;pair;756;30;61;50;296;100;0,54;0,35;2,35;0,51;93,53;94,53;4,79;3,75
4;StudentAttendanceSystem;state;757;19;33;7;37;100;0,39;0,46;0;0,07;94,53;94,53;1,08;0,92
4;StudentAttendanceSystem;transition;757;19;33;11;33;100;0,41;0,72;0;0,12;95,53;95,53;1,43;1,25
4;StudentAttendanceSystem;pair;757;19;33;31;163;100;0,35;0,15;0,96;0,23;96,53;96,53;2,31;1,68
4;StudentAttendanceSystem;state;758;22;45;9;49;100;0,41;0,47;0;0,09;96,53;97,53;1,13;0,98
4;StudentAttendanceSystem;transition;758;22;45;15;45;100;0,39;1,02;0;0,15;97,53;97,53;1,73;1,56
4;StudentAttendanceSystem;pair;758;22;45;42;238;100;0,38;0,23;1,52;0,35;98,53;99,53;3,27;2,47
4;StudentAttendanceSystem;state;759;23;47;10;54;100;0,43;0,48;0;0,11;99,53;99,53;1,18;1,02
4;StudentAttendanceSystem;transition;759;23;47;16;47;100;0,43;1,01;0;0,19;100,53;100,53;1,83;1,63
4;StudentAttendanceSystem;pair;759;23;47;45;251;100;0,45;0,27;1,83;0,45;101,53;102,53;3,83;3
4;StudentAttendanceSystem;state;760;15;26;6;29;100;0,38;0,36;0;0,06;102,53;102,53;0,98;0,8
4;StudentAttendanceSystem;transition;760;15;26;9;26;100;0,29;0,64;0;0,1;103,53;103,53;1,22;1,03
4;StudentAttendanceSystem;pair;760;15;26;22;110;100;0,28;0,14;0,77;0,18;103,53;103,53;1,9;1,36
4;StudentAttendanceSystem;state;761;28;56;12;66;100;0,53;0,66;0;0,16;104,53;104,53;1,53;1,35
4;StudentAttendanceSystem;transition;761;28;56;17;55;100;0,5;1,48;0;0,25;105,53;105,53;2,46;2,22
4;StudentAttendanceSystem;pair;761;28;56;52;304;100;0,53;0,42;2,99;0,57;106,53;107,53;5,59;4,51
4;StudentAttendanceSystem;state;762;25;45;10;55;100;0,46;0,58;0;0,12;107,53;107,53;1,38;1,16
4;StudentAttendanceSystem;transition;762;25;45;16;44;100;0,47;1,16;0;0,2;108,53;108,53;2,04;1,83
4;StudentAttendanceSystem;pair;762;25;45;37;197;100;0,43;0,25;1,55;0,38;109,53;110,53;3,77;2,61
4;StudentAttendanceSystem;state;763;24;44;10;56;100;0,47;0,57;0;0,11;110,53;110,53;1,31;1,15
4;StudentAttendanceSystem;transition;763;24;44;14;43;100;0,49;1,16;0;0,19;111,53;111,53;2,04;1,84
4;StudentAttendanceSystem;pair;763;24;44;37;211;100;0,43;0,25;1,66;0,38;112,53;112,53;3,66;2,72
4;StudentAttendanceSystem;state;764;27;54;11;60;100;0,57;0,64;0;0,13;113,53;113,53;1,52;1,34
4;StudentAttendanceSystem;transition;764;27;54;18;53;100;0,53;1,3;0;0,25;114,53;114,53;2,31;2,08
4;StudentAttendanceSystem;pair;764;27;54;55;307;100;0,47;0,35;2,86;0,63;115,53;116,53;5,3;4,3
4;StudentAttendanceSystem;state;765;20;37;8;41;100;0,46;0,47;0;0,08;116,53;116,53;1,17;1,01
4;StudentAttendanceSystem;transition;765;20;37;13;36;100;0,34;0,94;0;0,16;117,53;117,53;1,63;1,44
4;StudentAttendanceSystem;pair;765;20;37;33;181;100;0,38;0,23;1,36;0,33;118,53;118,53;2,99;2,31
4;StudentAttendanceSystem;state;766;24;45;10;54;100;0,49;0,58;0;0,11;119,53;119,53;1,32;1,17
4;StudentAttendanceSystem;transition;766;24;45;15;44;100;0,43;1,03;0;0,19;119,53;119,53;1,85;1,65
4;StudentAttendanceSystem;pair;766;24;45;39;217;100;0,49;0,27;1,73;0,41;120,53;121,53;3,74;2,9
4;StudentAttendanceSystem;state;767;23;45;9;48;100;0,52;0,53;0;0,1;121,53;121,53;1,31;1,15
4;StudentAttendanceSystem;transition;767;23;45;15;45;100;0,49;1,07;0;0,2;122,53;122,53;1,96;1,76
4;StudentAttendanceSystem;pair;767;23;45;45;257;100;0,51;0,28;2,03;0,51;123,53;124,53;4,29;3,33
4;StudentAttendanceSystem;state;768;30;60;13;73;100;0,5;0,6;0;0,15;124,53;124,53;1,39;1,25
4;StudentAttendanceSystem;transition;768;30;60;19;59;100;0,47;1,08;0;0,21;125,53;125,53;1,96;1,77
4;StudentAttendanceSystem;pair;768;30;60;55;319;100;0,63;0,42;2,52;0,5;127,53;127,53;5,12;4,07
4;StudentAttendanceSystem;state;769;20;38;8;39;100;0,4;0,39;0;0,09;128,53;128,53;1,05;0,89
4;StudentAttendanceSystem;transition;769;20;38;13;38;100;0,37;0,84;0;0,15;128,53;128,53;1,55;1,36
4;StudentAttendanceSystem;pair;769;20;38;36;197;100;0,47;0,19;1,4;0,36;129,53;130,53;3,37;2,41
4;StudentAttendanceSystem;state;770;27;55;12;67;100;0,46;0,61;0;0,13;130,53;130,53;1,39;1,2
4;StudentAttendanceSystem;transition;770;27;55;18;55;100;0,47;1,25;0;0,23;131,53;131,53;2,19;1,95
4;StudentAttendanceSystem;pair;770;27;55;48;280;100;0,46;0,3;2,09;0,46;133,53;133,53;5,57;3,32
4;StudentAttendanceSystem;state;771;17;27;6;31;100;0,34;0,38;0;0,06;133,53;133,53;0,99;0,78
4;StudentAttendanceSystem;transition;771;17;27;9;27;100;0,32;0,61;0;0,1;134,53;134,53;1,27;1,03
4;StudentAttendanceSystem;pair;771;17;27;24;112;100;0,3;0,12;0,78;0,16;135,53;135,53;1,86;1,37
4;StudentAttendanceSystem;state;772;26;47;11;60;100;0,53;0,53;0;0,1;135,53;135,53;1,31;1,17
4;StudentAttendanceSystem;transition;772;26;47;16;46;100;0,47;1,12;0;0,16;136,53;136,53;1,94;1,75
4;StudentAttendanceSystem;pair;772;26;47;44;234;100;0,45;0,22;1,66;0,35;137,53;138,53;3,53;2,68
4;StudentAttendanceSystem;state;773;25;50;10;56;100;0,51;0,52;0;0,11;138,53;138,53;1,32;1,14
4;StudentAttendanceSystem;transition;773;25;50;17;50;100;0,48;1,11;0;0,21;139,53;139,53;2,01;1,8
4;StudentAttendanceSystem;pair;773;25;50;45;255;100;0,39;0,28;1,84;0,41;140,53;141,53;3,85;2,92
4;StudentAttendanceSystem;state;774;28;56;13;71;100;0,68;0,65;0;0,15;141,53;141,53;1,68;1,49
4;StudentAttendanceSystem;transition;774;28;56;19;55;100;0,51;1,15;0;0,22;142,53;142,53;2,11;1,89
4;StudentAttendanceSystem;pair;774;28;56;53;305;100;0,55;0,34;2,31;0,61;144,53;144,53;4,77;3,8
4;StudentAttendanceSystem;state;775;25;48;9;49;100;0,46;0,49;0;0,1;145,53;145,53;1,21;1,05
4;StudentAttendanceSystem;transition;775;25;48;17;47;100;0,39;1,07;0;0,21;146,53;146,53;1,92;1,67
4;StudentAttendanceSystem;pair;775;25;48;43;245;100;0,43;0,29;1,77;0,5;147,53;147,53;3,81;2,99
4;StudentAttendanceSystem;state;776;22;40;9;49;100;0,4;0,49;0;0,1;148,53;148,53;1,16;0,99
4;StudentAttendanceSystem;transition;776;22;40;13;39;100;0,4;0,86;0;0,15;148,53;148,53;1,61;1,41
4;StudentAttendanceSystem;pair;776;22;40;38;214;100;0,46;0,25;1,33;0,31;150,53;150,53;3,44;2,35
4;StudentAttendanceSystem;state;777;27;53;12;68;100;0,48;0,54;0;0,13;150,53;150,53;1,32;1,14
4;StudentAttendanceSystem;transition;777;27;53;16;52;100;0,54;1,06;0;0,2;151,53;151,53;1,98;1,79
4;StudentAttendanceSystem;pair;777;27;53;44;266;100;0,47;0,27;2,05;0,44;153,53;153,53;4,04;3,22
4;StudentAttendanceSystem;state;778;24;49;11;62;100;0,44;3,67;0;0,11;154,54;5,54;4,41;4,22
4;StudentAttendanceSystem;transition;778;24;49;15;49;100;0,54;1,01;0;0,21;5,54;5,54;2,21;1,76
4;StudentAttendanceSystem;pair;778;24;49;42;254;100;0,46;0,32;1,92;0,45;7,54;7,54;4,14;3,16
4;StudentAttendanceSystem;state;779;25;46;10;55;100;0,42;0,47;0;0,11;8,54;8,54;1,19;1
4;StudentAttendanceSystem;transition;779;25;46;17;45;100;0,52;1,04;0;0,17;8,54;8,54;1,92;1,73
4;StudentAttendanceSystem;pair;779;25;46;40;208;100;0,43;0,22;1,31;0,31;9,54;10,54;3,03;2,27
4;StudentAttendanceSystem;state;780;25;46;10;55;100;0,46;0,59;0;0,1;10,54;10,54;1,32;1,16
4;StudentAttendanceSystem;transition;780;25;46;17;45;100;0,47;1,05;0;0,18;11,54;11,54;1,89;1,7
4;StudentAttendanceSystem;pair;780;25;46;41;213;100;0,43;0,25;1,5;0,39;12,54;13,54;3,39;2,57
4;StudentAttendanceSystem;state;781;23;41;9;47;100;0,39;0,49;0;0,09;13,54;13,54;1,14;0,98
4;StudentAttendanceSystem;transition;781;23;41;15;40;100;0,39;0,9;0;0,16;14,54;14,54;1,63;1,45
4;StudentAttendanceSystem;pair;781;23;41;41;211;100;0,42;0,19;1,52;0,32;15,54;15,54;3,22;2,45
4;StudentAttendanceSystem;state;782;30;61;13;73;100;0,51;0,64;0;0,16;16,54;16,54;1,59;1,31
4;StudentAttendanceSystem;transition;782;30;61;21;60;100;0,49;1,33;0;0,26;17,54;17,54;2,31;2,09
4;StudentAttendanceSystem;pair;782;30;61;55;315;100;0,52;0,36;2,39;0,47;18,54;19,54;4,76;3,73
4;StudentAttendanceSystem;state;783;26;52;11;60;100;0,56;0,57;0;0,11;19,54;20,54;1,7;1,24
4;StudentAttendanceSystem;transition;783;26;52;18;51;100;0,42;1,15;0;0,2;20,54;20,54;1,96;1,77
4;StudentAttendanceSystem;pair;783;26;52;49;275;100;0,49;0,28;2,13;0,5;22,54;22,54;4,25;3,39
4;StudentAttendanceSystem;state;784;25;47;11;59;100;0,55;0,55;0;0,1;23,54;23,54;1,37;1,19
4;StudentAttendanceSystem;transition;784;25;47;16;46;100;0,44;1,05;0;0,17;23,54;24,54;1,89;1,66
4;StudentAttendanceSystem;pair;784;25;47;39;221;100;0,42;0,28;1,35;0,33;25,54;25,54;3,13;2,37
4;StudentAttendanceSystem;state;785;26;53;11;58;100;0,42;0,6;0;0,11;26,54;26,54;1,33;1,13
4;StudentAttendanceSystem;transition;785;26;53;19;52;100;0,45;1,06;0;0,25;26,54;26,54;1,96;1,76
4;StudentAttendanceSystem;pair;785;26;53;48;272;100;0,44;0,27;2,05;0,49;28,54;28,54;4,1;3,24
4;StudentAttendanceSystem;state;786;25;51;12;68;100;0,34;0,41;0;0,08;29,54;29,54;0,94;0,84
4;StudentAttendanceSystem;transition;786;25;51;15;51;100;0,27;0,71;0;0,11;30,54;30,54;1,22;1,1
4;StudentAttendanceSystem;pair;786;25;51;47;279;100;0,42;0,27;2,08;0,41;31,54;31,54;4,03;3,18
4;StudentAttendanceSystem;state;787;24;50;11;60;100;0,52;0,53;0;0,1;32,54;32,54;1,29;1,15
4;StudentAttendanceSystem;transition;787;24;50;16;50;100;0,39;0,88;0;0,19;33,54;33,54;1,65;1,46
4;StudentAttendanceSystem;pair;787;24;50;45;259;100;0,27;0,27;1,46;0,26;34,54;34,54;2,81;2,26
4;StudentAttendanceSystem;state;788;17;31;7;34;100;0,22;0,44;0;0,04;35,54;35,54;0,8;0,7
4;StudentAttendanceSystem;transition;788;17;31;11;31;100;0,19;0,43;0;0,06;35,54;35,54;0,77;0,68
4;StudentAttendanceSystem;pair;788;17;31;31;154;100;0,23;0,11;0,65;0,14;36,54;36,54;1,52;1,13
4;StudentAttendanceSystem;state;789;19;31;7;37;100;0,27;0,4;0;0,06;37,54;37,54;0,85;0,73
4;StudentAttendanceSystem;transition;789;19;31;10;30;100;0,34;0,63;0;0,13;37,54;38,54;1,26;1,1
4;StudentAttendanceSystem;pair;789;19;31;24;130;100;0,33;0,13;0,78;0,25;38,54;39,54;2,04;1,49
4;StudentAttendanceSystem;state;790;24;44;9;48;100;0,39;0,5;0;0,09;39,54;39,54;1,13;0,98
4;StudentAttendanceSystem;transition;790;24;44;16;43;100;0,31;0,72;0;0,12;40,54;40,54;1,27;1,14
4;StudentAttendanceSystem;pair;790;24;44;38;210;100;0,38;0,2;1,36;0,29;41,54;41,54;2,95;2,23
4;StudentAttendanceSystem;state;791;26;52;11;62;100;0,43;0,51;0;0,12;42,54;42,54;1,24;1,06
4;StudentAttendanceSystem;transition;791;26;52;16;52;100;0,4;1,02;0;0,22;43,54;43,54;1,84;1,64
4;StudentAttendanceSystem;pair;791;26;52;41;247;100;0,4;0,26;1,56;0,37;44,54;44,54;3,42;2,6
4;StudentAttendanceSystem;state;792;26;50;10;56;100;0,46;0,54;0;0,11;45,54;45,54;1,3;1,1
4;StudentAttendanceSystem;transition;792;26;50;18;49;100;0,44;1,13;0;0,2;46,54;46,54;1,94;1,76
4;StudentAttendanceSystem;pair;792;26;50;45;247;100;0,51;0,26;1,95;0,39;47,54;47,54;3,91;3,1
4;StudentAttendanceSystem;state;793;24;44;9;48;100;0,43;0,53;0;0,09;48,54;48,54;1,21;1,05
4;StudentAttendanceSystem;transition;793;24;44;16;43;100;0,37;1,07;0;0,19;49,54;49,54;1,84;1,63
4;StudentAttendanceSystem;pair;793;24;44;39;215;100;0,4;0,2;1,15;0,34;50,54;50,54;2,85;2,09
4;StudentAttendanceSystem;state;794;16;25;6;30;100;0,3;0,3;0;0,07;50,54;51,54;0,94;0,67
4;StudentAttendanceSystem;transition;794;16;25;9;24;100;0,31;0,57;0;0,09;51,54;51,54;1,14;0,97
4;StudentAttendanceSystem;pair;794;16;25;18;84;100;0,27;0,13;0,6;0,14;52,54;52,54;1,89;1,15
4;StudentAttendanceSystem;state;795;19;31;7;37;100;0,29;0,41;0;0,08;52,54;52,54;0,93;0,78
4;StudentAttendanceSystem;transition;795;19;31;10;30;100;0,31;0,76;0;0,13;53,54;53,54;1,39;1,21
4;StudentAttendanceSystem;pair;795;19;31;24;130;100;0,37;0,15;0,78;0,22;54,54;54,54;2,11;1,52
4;StudentAttendanceSystem;state;796;19;30;7;37;100;0,34;0,35;0;0,07;54,54;54,54;0,91;0,76
4;StudentAttendanceSystem;transition;796;19;30;11;29;100;0,31;0,78;0;0,11;55,54;55,54;1,37;1,2
4;StudentAttendanceSystem;pair;796;19;30;21;102;100;0,31;0,13;0,72;0,16;56,54;56,54;1,85;1,32
4;StudentAttendanceSystem;state;797;17;29;6;30;100;0,36;0,33;0;0,09;56,54;56,54;0,93;0,77
4;StudentAttendanceSystem;transition;797;17;29;9;29;100;0,29;0,64;0;0,1;57,54;57,54;1,2;1,03
4;StudentAttendanceSystem;pair;797;17;29;27;141;100;0,33;0,23;0,79;0,19;57,54;58,54;2,11;1,54
4;StudentAttendanceSystem;state;798;20;36;9;47;100;0,34;0,48;0;0,09;58,54;58,54;1,06;0,91
4;StudentAttendanceSystem;transition;798;20;36;12;36;100;0,39;0,78;0;0,11;59,54;59,54;1,43;1,28
4;StudentAttendanceSystem;pair;798;20;36;28;149;100;0,33;0,18;0,93;0,21;60,54;60,54;2,23;1,65
4;StudentAttendanceSystem;state;799;30;61;13;73;100;0,51;0,73;0;0,14;61,54;61,54;1,54;1,38
4;StudentAttendanceSystem;transition;799;30;61;21;60;100;0,53;1,35;0;0,26;61,54;62,54;2,36;2,13
4;StudentAttendanceSystem;pair;799;30;61;55;315;100;0,49;0,33;2,22;0,41;63,54;64,54;4,36;3,45
4;StudentAttendanceSystem;state;800;30;60;13;73;100;0,34;0,46;0;0,1;64,54;64,54;1,05;0,9
4;StudentAttendanceSystem;transition;800;30;60;20;59;100;0,36;1,05;0;0,23;65,54;65,54;1,83;1,64
4;StudentAttendanceSystem;pair;800;30;60;52;304;100;0,5;0,31;2,33;0,37;67,54;67,54;4,53;3,5
4;StudentAttendanceSystem;state;801;20;32;7;37;100;0,26;0,75;0;0,08;68,54;68,54;1,27;1,09
4;StudentAttendanceSystem;transition;801;20;32;11;31;100;0,22;0,47;0;0,08;68,54;68,54;0,88;0,77
4;StudentAttendanceSystem;pair;801;20;32;26;131;100;0,33;0,15;0,77;0,16;69,54;69,54;2,09;1,42
4;StudentAttendanceSystem;state;802;27;54;12;66;100;0,34;0,38;0;0,07;70,54;70,54;0,9;0,8
4;StudentAttendanceSystem;transition;802;27;54;18;54;100;0,36;1,22;0;0,19;71,54;71,54;1,98;1,77
4;StudentAttendanceSystem;pair;802;27;54;54;300;100;0,43;0,29;1,66;0,31;72,54;73,54;3,46;2,68
4;StudentAttendanceSystem;state;803;24;49;11;60;100;0,28;0,48;0;0,1;73,54;73,54;1,01;0,86
4;StudentAttendanceSystem;transition;803;24;49;15;49;100;0,39;1,04;0;0,22;74,54;74,54;1,85;1,65
4;StudentAttendanceSystem;pair;803;24;49;42;248;100;0,45;0,29;1,8;0,39;75,54;76,54;3,75;2,92
4;StudentAttendanceSystem;state;804;21;38;9;47;100;0,38;0,42;0;0,09;76,54;76,54;1,07;0,89
4;StudentAttendanceSystem;transition;804;21;38;13;37;100;0,37;0,95;0;0,17;77,54;77,54;1,7;1,49
4;StudentAttendanceSystem;pair;804;21;38;32;168;100;0,43;0,2;1,21;0,34;78,54;78,54;2,94;2,18
4;StudentAttendanceSystem;state;805;24;46;9;46;100;0,48;0,48;0;0,09;78,54;78,54;1,19;1,05
4;StudentAttendanceSystem;transition;805;24;46;18;45;100;0,39;1,05;0;0,18;79,54;79,54;1,81;1,63
4;StudentAttendanceSystem;pair;805;24;46;41;223;100;0,42;0,22;1,45;0,36;80,54;81,54;3,24;2,45
4;StudentAttendanceSystem;state;806;16;28;6;31;100;0,3;0,33;0;0,05;81,54;81,54;0,81;0,68
4;StudentAttendanceSystem;transition;806;16;28;9;28;100;0,36;0,43;0;0,06;82,54;82,54;0,98;0,85
4;StudentAttendanceSystem;pair;806;16;28;27;139;100;0,18;0,1;0,54;0,13;82,54;83,54;1,31;0,96
4;StudentAttendanceSystem;state;807;20;36;9;49;100;0,23;0,27;0;0,05;83,54;83,54;0,64;0,55
4;StudentAttendanceSystem;transition;807;20;36;11;36;100;0,21;0,56;0;0,11;84,54;84,54;1,03;0,87
4;StudentAttendanceSystem;pair;807;20;36;34;181;100;0,32;0,13;0,92;0,32;85,54;85,54;2,23;1,68
4;StudentAttendanceSystem;state;808;28;58;12;64;100;0,48;0,63;0;0,16;86,54;86,54;1,42;1,26
4;StudentAttendanceSystem;transition;808;28;58;19;57;100;0,55;1,36;0;0,25;86,54;87,54;2,37;2,16
4;StudentAttendanceSystem;pair;808;28;58;53;306;100;0,47;0,25;2,21;0,46;88,54;89,54;4,32;3,38
4;StudentAttendanceSystem;state;809;20;33;8;38;100;0,37;0,39;0;0,08;89,54;89,54;1;0,84
4;StudentAttendanceSystem;transition;809;20;33;13;32;100;0,32;0,73;0;0,11;90,54;90,54;1,35;1,17
4;StudentAttendanceSystem;pair;809;20;33;23;110;100;0,31;0,14;0,64;0,16;90,54;91,54;1,78;1,25
4;StudentAttendanceSystem;state;810;25;51;12;65;100;0,44;0,57;0;0,14;91,54;91,54;1,32;1,15
4;StudentAttendanceSystem;transition;810;25;51;16;51;100;0,47;1,12;0;0,21;92,54;92,54;2,03;1,8
4;StudentAttendanceSystem;pair;810;25;51;42;252;100;0,45;0,28;1,75;0,44;93,54;94,54;3,75;2,92
4;StudentAttendanceSystem;state;811;23;42;10;53;100;0,44;0,47;0;0,11;94,54;94,54;1,16;1,01
4;StudentAttendanceSystem;transition;811;23;42;14;41;100;0,42;0,85;0;0,14;95,54;95,54;1,57;1,41
4;StudentAttendanceSystem;pair;811;23;42;36;203;100;0,4;0,18;1,39;0,35;96,54;96,54;2,89;2,33
4;StudentAttendanceSystem;state;812;20;35;8;40;100;0,4;0,47;0;0,09;97,54;97,54;1,13;0,97
4;StudentAttendanceSystem;transition;812;20;35;13;34;100;0,37;0,83;0;0,13;97,54;97,54;1,52;1,34
4;StudentAttendanceSystem;pair;812;20;35;29;154;100;0,4;0,17;0,99;0,22;98,54;98,54;2,38;1,78
4;StudentAttendanceSystem;state;813;22;40;9;50;100;0,47;0,47;0;0,08;99,54;99,54;1,15;1,02
4;StudentAttendanceSystem;transition;813;22;40;13;40;100;0,43;0,86;0;0,14;100,54;100,54;1,6;1,43
4;StudentAttendanceSystem;pair;813;22;40;37;193;100;0,39;0,19;1,1;0,36;101,54;101,54;2,81;2,04
4;StudentAttendanceSystem;state;814;18;33;7;36;100;0,45;0,43;0;0,06;101,54;101,54;1,08;0,94
4;StudentAttendanceSystem;transition;814;18;33;11;33;100;0,37;0,97;0;0,14;102,54;102,54;1,73;1,49
4;StudentAttendanceSystem;pair;814;18;33;28;156;100;0,39;0,15;2,17;0,23;103,54;103,54;3,63;2,93
4;StudentAttendanceSystem;state;815;21;42;9;46;100;0,38;0,45;0;0,08;104,54;104,54;1,05;0,91
4;StudentAttendanceSystem;transition;815;21;42;15;42;100;0,39;0,84;0;0,13;104,54;104,54;1,53;1,36
4;StudentAttendanceSystem;pair;815;21;42;37;201;100;0,39;0,2;1,19;0,22;105,54;106,54;2,77;1,99
4;StudentAttendanceSystem;state;816;25;48;10;51;100;0,46;0,33;0;0,06;106,54;106,54;0,96;0,86
4;StudentAttendanceSystem;transition;816;25;48;19;47;100;0,26;1,07;0;0,21;107,54;107,54;1,71;1,53
4;StudentAttendanceSystem;pair;816;25;48;43;231;100;0,45;0,22;1,58;0,35;108,54;109,54;3,38;2,6
4;StudentAttendanceSystem;state;817;23;47;10;54;100;0,52;0,48;0;0,09;109,54;109,54;1,24;1,09
4;StudentAttendanceSystem;transition;817;23;47;16;47;100;0,4;0,96;0;0,16;110,54;110,54;1,68;1,52
4;StudentAttendanceSystem;pair;817;23;47;45;251;100;0,42;0,25;1,52;0,38;111,54;112,54;3,35;2,57
4;StudentAttendanceSystem;state;818;18;29;7;35;100;0,31;0,34;0;0,05;112,54;112,54;0,84;0,71
4;StudentAttendanceSystem;transition;818;18;29;10;29;100;0,22;0,41;0;0,06;112,54;113,54;0,81;0,69
4;StudentAttendanceSystem;pair;818;18;29;28;133;100;0,18;0,09;0,52;0,13;113,54;114,54;1,27;0,94
4;StudentAttendanceSystem;state;819;19;33;7;37;100;0,21;0,23;0;0,04;114,54;114,54;0,57;0,48
4;StudentAttendanceSystem;transition;819;19;33;12;32;100;0,2;0,48;0;0,12;115,54;115,54;0,91;0,8
4;StudentAttendanceSystem;pair;819;19;33;28;144;100;0,31;0,15;0,81;0,14;115,54;116,54;1,92;1,42
4;StudentAttendanceSystem;state;820;20;32;7;37;100;0,3;0,36;0;0,05;116,54;116,54;0,83;0,71
4;StudentAttendanceSystem;transition;820;20;32;11;31;100;0,3;0,62;0;0,08;117,54;117,54;1,12;0,99
4;StudentAttendanceSystem;pair;820;20;32;28;136;100;0,2;0,1;0,56;0,13;118,54;118,54;1,34;1
4;StudentAttendanceSystem;state;821;23;44;9;48;100;0,31;0,3;0;0,05;118,54;118,54;0,75;0,66
4;StudentAttendanceSystem;transition;821;23;44;15;43;100;0,41;0,82;0;0,11;119,54;119,54;1,47;1,34
4;StudentAttendanceSystem;pair;821;23;44;39;225;100;0,25;0,18;1,31;0,45;120,54;121,54;2,73;2,19
4;StudentAttendanceSystem;state;822;19;34;8;43;100;0,39;0,39;0;0,07;121,54;121,54;0,97;0,85
4;StudentAttendanceSystem;transition;822;19;34;10;34;100;0,22;0,46;0;0,1;122,54;122,54;0,89;0,78
4;StudentAttendanceSystem;pair;822;19;34;32;179;100;0,35;0,17;0,97;0,24;123,54;123,54;2,38;1,74
4;StudentAttendanceSystem;state;823;27;53;12;68;100;0,46;0,55;0;0,08;123,54;123,54;1,24;1,1
4;StudentAttendanceSystem;transition;823;27;53;17;52;100;0,33;0,88;0;0,19;124,54;124,54;1,56;1,4
4;StudentAttendanceSystem;pair;823;27;53;51;295;100;0,48;0,36;1,75;0,43;126,54;126,54;3,86;3,03
4;StudentAttendanceSystem;state;824;17;26;6;31;100;0,32;0,32;0;0,07;126,54;127,54;0,85;0,71
4;StudentAttendanceSystem;transition;824;17;26;9;25;100;0,24;0,4;0;0,06;127,54;127,54;0,84;0,7
4;StudentAttendanceSystem;pair;824;17;26;18;89;100;0,24;0,08;0,51;0,13;128,54;128,54;1,53;0,96
4;StudentAttendanceSystem;state;825;18;32;7;37;100;0,34;0,39;0;0,06;128,54;128,54;0,94;0,79
4;StudentAttendanceSystem;transition;825;18;32;10;32;100;0,31;0,76;0;0,11;129,54;129,54;1,38;1,17
4;StudentAttendanceSystem;pair;825;18;32;27;153;100;0,31;0,15;0,81;0,21;130,54;130,54;2,12;1,47
4;StudentAttendanceSystem;state;826;27;53;11;60;100;0,3;0,46;0;0,09;130,54;131,54;0,95;0,85
4;StudentAttendanceSystem;transition;826;27;53;17;52;100;0,37;1,08;0;0,18;131,54;131,54;1,82;1,62
4;StudentAttendanceSystem;pair;826;27;53;52;296;100;0,46;0,22;2,06;0,51;133,54;133,54;4,11;3,25
4;StudentAttendanceSystem;state;827;24;46;9;48;100;0,39;0,51;0;0,09;134,54;134,54;1,18;0,99
4;StudentAttendanceSystem;transition;827;24;46;15;45;100;0,37;0,96;0;0,19;134,54;135,54;1,69;1,52
4;StudentAttendanceSystem;pair;827;24;46;46;262;100;0,42;0,25;1,89;0,44;136,54;136,54;3,74;3
4;StudentAttendanceSystem;state;828;22;44;8;43;100;0,38;0,46;0;0,08;137,54;137,54;1,15;0,92
4;StudentAttendanceSystem;transition;828;22;44;16;44;100;0,44;0,92;0;0,16;137,54;137,54;1,71;1,53
4;StudentAttendanceSystem;pair;828;22;44;42;236;100;0,27;0,16;1,53;0,23;139,54;139,54;2,73;2,2
4;StudentAttendanceSystem;state;829;22;42;10;53;100;0,26;0,29;0;0,07;139,54;140,54;0,71;0,61
4;StudentAttendanceSystem;transition;829;22;42;14;42;100;0,38;0,84;0;0,14;140,54;140,54;1,55;1,36
4;StudentAttendanceSystem;pair;829;22;42;35;197;100;0,34;0,21;1,31;0,31;141,54;142,54;2,97;2,18
4;StudentAttendanceSystem;state;830;28;57;12;66;100;0,43;0,67;0;0,12;142,54;142,54;1,38;1,22
4;StudentAttendanceSystem;transition;830;28;57;18;56;100;0,46;1,26;0;0,25;143,54;143,54;2,2;1,97
4;StudentAttendanceSystem;pair;830;28;57;55;315;100;0,45;0,35;2,52;0,39;145,54;145,54;4,66;3,72
4;StudentAttendanceSystem;state;831;23;45;10;56;100;0,45;0,51;0;0,09;146,54;146,54;1,2;1,04
4;StudentAttendanceSystem;transition;831;23;45;14;45;100;0,44;1,1;0;0,17;146,54;146,54;1,91;1,71
4;StudentAttendanceSystem;pair;831;23;45;40;234;100;0,41;0,24;1,52;0,34;147,54;148,54;3,37;2,51
4;StudentAttendanceSystem;state;832;20;39;8;43;100;0,42;0,49;0;0,07;148,54;148,54;1,18;0,98
4;StudentAttendanceSystem;transition;832;20;39;13;39;100;0,38;0,87;0;0,14;149,54;149,54;1,56;1,39
4;StudentAttendanceSystem;pair;832;20;39;37;215;100;0,37;0,2;1,47;0,35;150,54;150,54;3,14;2,4
4;StudentAttendanceSystem;state;833;24;46;9;48;100;0,46;0,49;0;0,09;151,54;151,54;1,18;1,03
4;StudentAttendanceSystem;transition;833;24;46;15;45;100;0,39;0,95;0;0,12;152,54;152,54;1,61;1,46
4;StudentAttendanceSystem;pair;833;24;46;46;262;100;0,39;0,23;1,96;0,44;153,54;153,54;3,82;3,03
4;StudentAttendanceSystem;state;834;22;40;9;48;100;2,28;0,62;0;0,1;5,54;5,54;3,19;3
4;StudentAttendanceSystem;transition;834;22;40;14;39;100;0,38;0,86;0;0,16;5,54;6,54;1,6;1,41
4;StudentAttendanceSystem;pair;834;22;40;34;178;100;0,42;0,2;1,2;0,26;7,54;7,54;2,76;2,08
4;StudentAttendanceSystem;state;835;27;55;12;67;100;0,45;0,6;0;0,12;7,54;7,54;1,33;1,17
4;StudentAttendanceSystem;transition;835;27;55;17;55;100;0,51;1,08;0;0,18;8,54;8,54;1,98;1,77
4;StudentAttendanceSystem;pair;835;27;55;51;295;100;0,47;0,3;2,25;0,47;10,54;10,54;4,48;3,49
4;StudentAttendanceSystem;state;836;20;37;8;41;100;0,36;0,49;0;0,07;11,54;11,54;1,08;0,92
4;StudentAttendanceSystem;transition;836;20;37;13;36;100;0,36;0,77;0;0,19;11,54;11,54;1,47;1,32
4;StudentAttendanceSystem;pair;836;20;37;32;176;100;0,39;0,18;1,17;0,29;12,54;13,54;2,76;2,04
4;StudentAttendanceSystem;state;837;30;60;13;73;100;0,46;0,65;0;0,14;13,54;13,54;1,41;1,25
4;StudentAttendanceSystem;transition;837;30;60;20;59;100;0,51;1,39;0;0,24;14,54;14,54;2,42;2,14
4;StudentAttendanceSystem;pair;837;30;60;51;299;100;0,46;0,32;2,49;0,5;16,54;16,54;4,81;3,78
4;StudentAttendanceSystem;state;838;24;48;10;51;100;0,43;0,52;0;0,1;17,54;17,54;1,22;1,05
4;StudentAttendanceSystem;transition;838;24;48;18;48;100;0,47;0,99;0;0,17;17,54;17,54;1,83;1,63
4;StudentAttendanceSystem;pair;838;24;48;44;244;100;0,48;0,25;1,66;0,44;19,54;19,54;3,67;2,83
4;StudentAttendanceSystem;state;839;27;53;12;68;100;0,48;0,55;0;0,11;20,54;20,54;1,28;1,15
4;StudentAttendanceSystem;transition;839;27;53;16;52;100;0,54;1,16;0;0,19;20,54;20,54;2,09;1,88
4;StudentAttendanceSystem;pair;839;27;53;44;266;100;0,45;0,29;1,87;0,42;22,54;22,54;3,84;3,03
4;StudentAttendanceSystem;state;840;18;34;7;36;100;0,41;0,45;0;0,06;23,54;23,54;1,1;0,92
4;StudentAttendanceSystem;transition;840;18;34;12;34;100;0,34;0,78;0;0,13;23,54;23,54;1,43;1,26
4;StudentAttendanceSystem;pair;840;18;34;32;170;100;0,36;0,17;1,22;0,28;24,54;24,54;2,7;2,02
4;StudentAttendanceSystem;state;841;31;62;14;78;100;0,56;0,73;0;0,16;25,54;25,54;1,64;1,44
4;StudentAttendanceSystem;transition;841;31;62;20;61;100;0,51;1,26;0;0,23;26,54;26,54;2,19;2
4;StudentAttendanceSystem;pair;841;31;62;58;332;100;0,48;0,33;2,41;0,54;28,54;28,54;4,78;3,76
4;StudentAttendanceSystem;state;842;22;39;9;49;100;0,39;0,46;0;0,1;29,54;29,54;1,1;0,94
4;StudentAttendanceSystem;transition;842;22;39;13;38;100;0,38;0,94;0;0,14;29,54;29,54;1,69;1,45
4;StudentAttendanceSystem;pair;842;22;39;34;183;100;0,37;0,17;1,13;0,29;30,54;31,54;2,66;1,97
4;StudentAttendanceSystem;state;843;27;55;12;67;100;0,47;0,58;0;0,11;31,54;31,54;1,31;1,16
4;StudentAttendanceSystem;transition;843;27;55;18;55;100;0,45;1,09;0;0,22;32,54;32,54;1,98;1,76
4;StudentAttendanceSystem;pair;843;27;55;48;280;100;0,42;0,28;1,95;0,48;34,54;34,54;4,12;3,14
4;StudentAttendanceSystem;state;844;21;39;8;43;100;0,46;0,43;0;0,09;34,54;34,54;1,13;0,98
4;StudentAttendanceSystem;transition;844;21;39;13;39;100;0,52;0,83;0;0,14;35,54;35,54;1,69;1,49
4;StudentAttendanceSystem;pair;844;21;39;38;210;100;0,38;0,18;1,29;0,32;36,54;36,54;2,89;2,16
4;StudentAttendanceSystem;state;845;25;46;10;53;100;0,46;0,49;0;0,09;37,54;37,54;1,17;1,04
4;StudentAttendanceSystem;transition;845;25;46;16;45;100;0,38;0,97;0;0,16;38,54;38,54;1,7;1,51
4;StudentAttendanceSystem;pair;845;25;46;45;243;100;0,44;0,22;1,35;0,36;39,54;39,54;3,18;2,37
4;StudentAttendanceSystem;state;846;24;47;10;53;100;0,45;0,55;0;0,09;40,54;40,54;1,23;1,1
4;StudentAttendanceSystem;transition;846;24;47;16;47;100;0,42;1,01;0;0,17;41,54;41,54;1,86;1,6
4;StudentAttendanceSystem;pair;846;24;47;48;266;100;0,42;0,24;1,81;0,46;42,54;42,54;3,74;2,93
4;StudentAttendanceSystem;state;847;29;57;12;68;100;0,57;0,62;0;0,14;43,54;43,54;1,48;1,33
4;StudentAttendanceSystem;transition;847;29;57;18;56;100;0,46;1,21;0;0,24;44,54;44,54;2,18;1,92
4;StudentAttendanceSystem;pair;847;29;57;45;270;100;0,51;0,39;2,21;0,5;45,54;46,54;4,77;3,61
4;StudentAttendanceSystem;state;848;15;23;6;31;100;0,33;0,33;0;0,06;46,54;46,54;0,87;0,72
4;StudentAttendanceSystem;transition;848;15;23;7;23;100;0,27;0,66;0;0,07;47,54;47,54;1,17;1
4;StudentAttendanceSystem;pair;848;15;23;20;96;100;0,35;0,1;0,6;0,14;47,54;47,54;1,67;1,18
4;StudentAttendanceSystem;state;849;29;59;12;68;100;0,54;0,63;0;0,13;48,54;48,54;1,47;1,31
4;StudentAttendanceSystem;transition;849;29;59;20;58;100;0,48;1,46;0;0,26;49,54;49,54;2,43;2,19
4;StudentAttendanceSystem;pair;849;29;59;52;302;100;0,51;0,45;2,78;0,79;50,54;51,54;5,6;4,53
4;StudentAttendanceSystem;state;850;22;39;9;48;100;0,49;0,49;0;0,09;51,54;51,54;1,22;1,06
4;StudentAttendanceSystem;transition;850;22;39;13;38;100;0,39;0,8;0;0,14;52,54;52,54;1,51;1,33
4;StudentAttendanceSystem;pair;850;22;39;31;167;100;0,36;0,19;1,11;0,23;53,54;53,54;2,66;1,89
4;StudentAttendanceSystem;state;851;24;47;10;55;100;0,42;0,56;0;0,1;54,54;54,54;1,24;1,08
4;StudentAttendanceSystem;transition;851;24;47;17;47;100;0,45;1,1;0;0,19;55,54;55,54;1,94;1,73
4;StudentAttendanceSystem;pair;851;24;47;44;236;100;0,45;0,24;1,62;0,36;56,54;56,54;3,44;2,67
4;StudentAttendanceSystem;state;852;23;39;9;47;100;0,36;0,45;0;0,09;57,54;57,54;1,04;0,9
4;StudentAttendanceSystem;transition;852;23;39;13;38;100;0,37;0,87;0;0,13;57,54;57,54;1,54;1,37
4;StudentAttendanceSystem;pair;852;23;39;34;180;100;0,45;0,19;1,08;0,32;58,54;59,54;2,67;2,03
4;StudentAttendanceSystem;state;853;23;43;10;51;100;0,36;0,52;0;0,13;59,54;59,54;1,17;1,01
4;StudentAttendanceSystem;transition;853;23;43;16;42;100;0,38;1,04;0;0,2;60,54;60,54;1,82;1,62
4;StudentAttendanceSystem;pair;853;23;43;37;191;100;0,56;0,26;1,39;0,29;61,54;61,54;3,29;2,5
4;StudentAttendanceSystem;state;854;19;32;8;38;100;0,31;0,41;0;0,07;62,54;62,54;0,92;0,79
4;StudentAttendanceSystem;transition;854;19;32;12;32;100;0,28;0,68;0;0,1;62,54;62,54;1,24;1,07
4;StudentAttendanceSystem;pair;854;19;32;27;128;100;0,29;0,14;0,78;0,22;63,54;63,54;2,01;1,43
4;StudentAttendanceSystem;state;855;22;45;9;49;100;0,37;0,48;0;0,08;64,54;64,54;1,05;0,93
4;StudentAttendanceSystem;transition;855;22;45;15;45;100;0,39;0,84;0;0,12;64,54;65,54;1,49;1,35
4;StudentAttendanceSystem;pair;855;22;45;42;238;100;0,35;0,21;1,07;0,24;66,54;66,54;2,36;1,86
4;StudentAttendanceSystem;state;856;27;54;12;67;100;0,42;0,6;0;0,08;67,54;67,54;1,27;1,1
4;StudentAttendanceSystem;transition;856;27;54;17;54;100;0,29;0,76;0;0,14;67,54;68,54;1,31;1,19
4;StudentAttendanceSystem;pair;856;27;54;44;260;100;0,28;0,33;1,82;0,4;69,54;69,54;3,67;2,84
4;StudentAttendanceSystem;state;857;20;39;9;47;100;0,35;0,45;0;0,09;70,54;70,54;1,07;0,88
4;StudentAttendanceSystem;transition;857;20;39;13;39;100;0,33;0,69;0;0,14;70,54;70,54;1,44;1,16
4;StudentAttendanceSystem;pair;857;20;39;34;188;100;0,41;0,2;1,19;0,38;71,54;72,54;2,9;2,19
4;StudentAttendanceSystem;state;858;25;48;9;49;100;0,4;0,87;0;0,1;72,54;72,54;1,5;1,36
4;StudentAttendanceSystem;transition;858;25;48;17;47;100;0,47;1,1;0;0,25;73,54;73,54;2,02;1,83
4;StudentAttendanceSystem;pair;858;25;48;43;245;100;0,28;0,22;1,78;0,33;74,54;75,54;3,2;2,61
4;StudentAttendanceSystem;state;859;26;49;10;56;100;0,39;0,52;0;0,1;75,54;75,54;1,15;1,02
4;StudentAttendanceSystem;transition;859;26;49;17;48;100;0,4;1,11;0;0,16;76,54;76,54;1,84;1,68
4;StudentAttendanceSystem;pair;859;26;49;42;232;100;0,36;0,21;1,39;0,23;77,54;78,54;2,9;2,19
4;StudentAttendanceSystem;state;860;27;53;11;59;100;0,28;0,52;0;0,09;78,54;78,54;1,02;0,89
4;StudentAttendanceSystem;transition;860;27;53;19;52;100;0,42;1,03;0;0,18;79,54;79,54;1,79;1,63
4;StudentAttendanceSystem;pair;860;27;53;55;305;100;0,32;0,26;2;0,4;81,54;81,54;3,86;2,97
4;StudentAttendanceSystem;state;861;23;42;10;54;100;0,36;0,4;0;0,1;81,54;82,54;0,99;0,87
4;StudentAttendanceSystem;transition;861;23;42;14;42;100;0,33;0,79;0;0,19;82,54;82,54;1,47;1,31
4;StudentAttendanceSystem;pair;861;23;42;39;205;100;0,33;0,21;1,27;0,31;83,54;84,54;2,87;2,12
4;StudentAttendanceSystem;state;862;27;55;12;66;100;0,43;0,52;0;0,11;84,54;84,54;1,23;1,06
4;StudentAttendanceSystem;transition;862;27;55;18;54;100;0,39;1,01;0;0,21;85,54;85,54;1,81;1,61
4;StudentAttendanceSystem;pair;862;27;55;49;283;100;0,47;0,25;1,79;0,37;87,54;87,54;3,65;2,88
4;StudentAttendanceSystem;state;863;23;44;9;48;100;0,43;0,4;0;0,06;87,54;87,54;1;0,89
4;StudentAttendanceSystem;transition;863;23;44;14;44;100;0,32;0,71;0;0,09;88,54;88,54;1,22;1,11
4;StudentAttendanceSystem;pair;863;23;44;42;242;100;0,32;0,14;0,98;0,3;89,54;90,54;2,34;1,75
4;StudentAttendanceSystem;state;864;17;30;6;30;100;0,29;0,3;0;0,04;90,54;90,54;0,73;0,63
4;StudentAttendanceSystem;transition;864;17;30;10;30;100;0,25;0,54;0;0,08;91,54;91,54;0,99;0,86
4;StudentAttendanceSystem;pair;864;17;30;30;152;100;0,27;0,12;0,86;0,18;92,54;92,54;1,91;1,43
4;StudentAttendanceSystem;state;865;20;40;8;42;100;0,31;0,45;0;0,06;92,54;92,54;0,93;0,82
4;StudentAttendanceSystem;transition;865;20;40;14;40;100;0,2;0,46;0;0,09;93,54;93,54;0,87;0,75
4;StudentAttendanceSystem;pair;865;20;40;39;217;100;0,3;0,18;1,29;0,3;94,54;94,54;2,82;2,07
4;StudentAttendanceSystem;state;866;21;37;9;44;100;0,33;0,38;0;0,07;95,54;95,54;0,91;0,78
4;StudentAttendanceSystem;transition;866;21;37;13;37;100;0,3;0,64;0;0,09;95,54;96,54;1,14;1,03
4;StudentAttendanceSystem;pair;866;21;37;31;162;100;0,2;0,11;0,79;0,22;96,54;97,54;1,76;1,31
4;StudentAttendanceSystem;state;867;24;48;11;62;100;0,35;0,43;0;0,08;97,54;97,54;0,97;0,87
4;StudentAttendanceSystem;transition;867;24;48;15;48;100;0,36;0,8;0;0,14;98,54;98,54;1,42;1,29
4;StudentAttendanceSystem;pair;867;24;48;47;271;100;0,33;0,22;1,16;0,35;99,54;100,54;2,76;2,06
4;StudentAttendanceSystem;state;868;18;32;7;37;100;0,28;0,32;0;0,05;100,54;100,54;0,75;0,65
4;StudentAttendanceSystem;transition;868;18;32;10;32;100;0,26;0,64;0;0,09;101,54;101,54;1,12;0,99
4;StudentAttendanceSystem;pair;868;18;32;27;153;100;0,28;0,13;0,76;0,18;102,54;102,54;1,9;1,36
4;StudentAttendanceSystem;state;869;17;29;7;37;100;0,27;0,31;0;0,04;102,54;102,54;0,72;0,62
4;StudentAttendanceSystem;transition;869;17;29;9;29;100;0,25;0,66;0;0,07;103,54;103,54;1,11;0,98
4;StudentAttendanceSystem;pair;869;17;29;28;147;100;0,26;0,09;0,78;0,16;104,54;104,54;1,81;1,29
4;StudentAttendanceSystem;state;870;24;43;9;48;100;0,36;0,39;0;0,09;104,54;104,54;0,98;0,84
4;StudentAttendanceSystem;transition;870;24;43;14;42;100;0,34;0,9;0;0,14;105,54;105,54;1,54;1,37
4;StudentAttendanceSystem;pair;870;24;43;38;213;100;0,32;0,17;1,16;0,34;106,54;106,54;2,74;2
4;StudentAttendanceSystem;state;871;21;37;9;50;100;0,37;0,37;0;0,08;107,54;107,54;0,96;0,82
4;StudentAttendanceSystem;transition;871;21;37;12;37;100;0,35;0,75;0;0,12;108,54;108,54;1,37;1,21
4;StudentAttendanceSystem;pair;871;21;37;27;147;100;0,29;0,14;0,84;0,21;109,54;109,54;2,04;1,47
4;StudentAttendanceSystem;state;872;18;34;7;36;100;0,32;0,34;0;0,06;109,54;109,54;0,85;0,73
4;StudentAttendanceSystem;transition;872;18;34;12;34;100;0,27;0,68;0;0,11;110,54;110,54;1,22;1,07
4;StudentAttendanceSystem;pair;872;18;34;32;170;100;0,3;0,16;0,97;0,25;111,54;111,54;2,25;1,67
4;StudentAttendanceSystem;state;873;18;28;6;31;100;0,26;0,29;0;0,05;111,54;111,54;0,71;0,59
4;StudentAttendanceSystem;transition;873;18;28;9;27;100;0,29;0,61;0;0,08;112,54;112,54;1,13;0,98
4;StudentAttendanceSystem;pair;873;18;28;24;118;100;0,27;0,12;0,75;0,17;113,54;113,54;1,77;1,3
4;StudentAttendanceSystem;state;874;18;31;7;35;100;0,27;0,28;0;0,08;113,54;113,54;0,74;0,63
4;StudentAttendanceSystem;transition;874;18;31;11;31;100;0,27;0,56;0;0,1;114,54;114,54;1,08;0,93
4;StudentAttendanceSystem;pair;874;18;31;25;127;100;0,26;0,14;0,78;0,18;115,54;115,54;1,84;1,36
4;StudentAttendanceSystem;state;875;15;24;5;24;100;0,24;0,29;0;0,04;115,54;115,54;0,68;0,57
4;StudentAttendanceSystem;transition;875;15;24;8;24;100;0,23;0,48;0;0,06;116,54;116,54;0,9;0,77
4;StudentAttendanceSystem;pair;875;15;24;23;105;100;0,18;0,09;0,66;0,13;116,54;117,54;1,45;1,07
4;StudentAttendanceSystem;state;876;19;31;7;35;100;0,25;0,29;0;0,08;117,54;117,54;0,75;0,62
4;StudentAttendanceSystem;transition;876;19;31;12;30;100;0,24;0,65;0;0,12;118,54;118,54;1,19;1
4;StudentAttendanceSystem;pair;876;19;31;26;123;100;0,26;0,12;0,67;0,2;118,54;119,54;1,72;1,24
4;StudentAttendanceSystem;state;877;20;40;8;42;100;0,31;0,39;0;0,07;119,54;119,54;0,89;0,77
4;StudentAttendanceSystem;transition;877;20;40;14;40;100;0,32;0,78;0;0,14;120,54;120,54;1,4;1,24
4;StudentAttendanceSystem;pair;877;20;40;39;217;100;0,35;0,16;1,22;0,34;121,54;121,54;2,72;2,07
4;StudentAttendanceSystem;state;878;25;48;9;49;100;0,37;0,48;0;0,09;122,54;122,54;1,06;0,93
4;StudentAttendanceSystem;transition;878;25;48;17;47;100;0,38;1,04;0;0,22;122,54;123,54;1,82;1,65
4;StudentAttendanceSystem;pair;878;25;48;43;249;100;0,41;0,21;1,57;0,39;124,54;124,54;3,27;2,58
4;StudentAttendanceSystem;state;879;30;59;13;72;100;0,43;0,5;0;0,14;125,54;125,54;1,21;1,06
4;StudentAttendanceSystem;transition;879;30;59;20;58;100;0,47;1,2;0;0,21;126,54;126,54;2,08;1,88
4;StudentAttendanceSystem;pair;879;30;59;58;328;100;0,47;0,3;2,54;0,39;127,54;128,54;4,58;3,7
4;StudentAttendanceSystem;state;880;26;53;11;62;100;0,32;0,31;0;0,06;128,54;128,54;0,77;0,69
4;StudentAttendanceSystem;transition;880;26;53;17;53;100;0,26;0,67;0;0,11;129,54;129,54;1,15;1,04
4;StudentAttendanceSystem;pair;880;26;53;45;267;100;0,26;0,34;1,49;0,36;131,54;131,54;3,07;2,45
4;StudentAttendanceSystem;state;881;17;27;6;32;100;0,25;0,32;0;0,05;131,54;131,54;0,76;0,62
4;StudentAttendanceSystem;transition;881;17;27;9;26;100;0,27;0,57;0;0,08;132,54;132,54;1,06;0,92
4;StudentAttendanceSystem;pair;881;17;27;25;119;100;0,24;0,1;0,69;0,14;133,54;133,54;1,62;1,17
4;StudentAttendanceSystem;state;882;18;34;7;37;100;0,31;0,32;0;0,05;133,54;133,54;0,78;0,67
4;StudentAttendanceSystem;transition;882;18;34;11;34;100;0,26;0,65;0;0,09;134,54;134,54;1,14;0,99
4;StudentAttendanceSystem;pair;882;18;34;35;189;100;0,3;0,14;1,11;0,23;135,54;135,54;2,29;1,78
4;StudentAttendanceSystem;state;883;22;39;9;48;100;0,31;0,45;0;0,08;136,54;136,54;0,96;0,84
4;StudentAttendanceSystem;transition;883;22;39;13;38;100;0,35;0,72;0;0,14;136,54;136,54;1,34;1,21
4;StudentAttendanceSystem;pair;883;22;39;32;170;100;0,35;0,15;0,91;0,32;137,54;138,54;2,36;1,73
4;StudentAttendanceSystem;state;884;24;45;9;48;100;0,35;0,45;0;0,08;138,54;138,54;1,01;0,88
4;StudentAttendanceSystem;transition;884;24;45;16;44;100;0,35;0,87;0;0,14;139,54;139,54;1,5;1,36
4;StudentAttendanceSystem;pair;884;24;45;45;245;100;0,37;0,19;1,4;0,35;140,54;140,54;3,01;2,31
4;StudentAttendanceSystem;state;885;21;38;8;42;100;0,42;0,42;0;0,05;141,54;141,54;1,02;0,89
4;StudentAttendanceSystem;transition;885;21;38;13;38;100;0,28;0,7;0;0,13;141,54;142,54;1,27;1,11
4;StudentAttendanceSystem;pair;885;21;38;32;176;100;0,31;0,38;0,96;0,22;142,54;143,54;2,42;1,87
4;StudentAttendanceSystem;state;886;21;35;8;39;100;0,19;0,21;0;0,04;143,54;143,54;0,51;0,44
4;StudentAttendanceSystem;transition;886;21;35;14;34;100;0,17;0,45;0;0,07;144,54;144,54;0,78;0,69
4;StudentAttendanceSystem;pair;886;21;35;25;120;100;0,18;0,1;0,47;0,11;145,54;145,54;1,21;0,86
4;StudentAttendanceSystem;state;887;25;47;10;51;100;0,23;0,48;0;0,06;145,54;145,54;0,86;0,77
4;StudentAttendanceSystem;transition;887;25;47;17;46;100;0,24;0,57;0;0,1;146,54;146,54;1;0,91
4;StudentAttendanceSystem;pair;887;25;47;42;230;100;0,22;0,15;0,95;0,2;147,54;148,54;1,98;1,52
4;StudentAttendanceSystem;state;888;26;49;10;56;100;0,39;0,47;0;0,1;148,54;148,54;1,09;0,96
4;StudentAttendanceSystem;transition;888;26;49;17;48;100;0,4;1,11;0;0,2;149,54;149,54;1,9;1,7
4;StudentAttendanceSystem;pair;888;26;49;42;236;100;0,4;0,29;1,75;0,38;150,54;151,54;3,68;2,81
4;StudentAttendanceSystem;state;889;23;47;10;54;100;0,41;0,5;0;0,1;151,54;151,54;1,15;1,01
4;StudentAttendanceSystem;transition;889;23;47;16;47;100;0,38;0,9;0;0,18;152,54;152,54;1,64;1,46
4;StudentAttendanceSystem;pair;889;23;47;45;251;100;0,38;0,27;1,72;2,21;153,54;154,56;5,54;4,58
4;StudentAttendanceSystem;state;890;19;33;7;38;100;0,34;0,38;0;0,07;5,56;5,56;0,93;0,79
4;StudentAttendanceSystem;transition;890;19;33;11;32;100;0,3;0,83;0;0,12;6,56;6,56;1,42;1,25
4;StudentAttendanceSystem;pair;890;19;33;31;161;100;0,29;0,18;0,85;0,22;7,56;7,56;2,13;1,54
4;StudentAttendanceSystem;state;891;18;31;7;35;100;0,31;0,42;0;0,07;7,56;7,56;0,94;0,8
4;StudentAttendanceSystem;transition;891;18;31;11;31;100;0,3;0,68;0;0,13;8,56;8,56;1,28;1,12
4;StudentAttendanceSystem;pair;891;18;31;26;131;100;0,31;0,15;0,79;0,19;9,56;9,56;1,98;1,44
4;StudentAttendanceSystem;state;892;24;44;10;50;100;0,39;0,46;0;0,15;9,56;9,56;1,15;1
4;StudentAttendanceSystem;transition;892;24;44;17;43;100;0,38;0,98;0;0,21;10,56;10,56;1,76;1,56
4;StudentAttendanceSystem;pair;892;24;44;43;221;100;0,39;0,22;1,52;0,34;11,56;12,56;3,24;2,48
4;StudentAttendanceSystem;state;893;22;41;8;42;100;0,38;0,58;0;0,08;12,56;12,56;1,22;1,03
4;StudentAttendanceSystem;transition;893;22;41;14;40;100;0,36;0,91;0;0,16;13,56;13,56;1,6;1,43
4;StudentAttendanceSystem;pair;893;22;41;42;226;100;0,33;0,19;1,61;0,39;14,56;14,56;3,22;2,52
4;StudentAttendanceSystem;state;894;21;38;9;47;100;0,38;0,39;0;0,07;15,56;15,56;1;0,85
4;StudentAttendanceSystem;transition;894;21;38;13;37;100;0,36;0,63;0;0,08;15,56;15,56;1,19;1,07
4;StudentAttendanceSystem;pair;894;21;38;32;168;100;0,29;0,19;1,05;0,27;16,56;17,56;2,41;1,8
4;StudentAttendanceSystem;state;895;20;38;8;43;100;0,35;0,42;0;0,08;17,56;17,56;0,98;0,85
4;StudentAttendanceSystem;transition;895;20;38;12;38;100;0,29;0,72;0;0,12;18,56;18,56;1,3;1,14
4;StudentAttendanceSystem;pair;895;20;38;34;200;100;0,34;0,2;1,37;0,32;19,56;19,56;2,87;2,22
4;StudentAttendanceSystem;state;896;30;60;13;73;100;0,44;0,41;0;0,09;20,56;20,56;1,03;0,93
4;StudentAttendanceSystem;transition;896;30;60;20;59;100;0,43;1,02;0;0,2;21,56;21,56;1,82;1,65
4;StudentAttendanceSystem;pair;896;30;60;52;300;100;0,52;0,32;2,47;0,54;22,56;23,56;4,74;3,85
4;StudentAttendanceSystem;state;897;26;51;10;54;100;0,45;0,52;0;0,1;23,56;23,56;1,21;1,07
4;StudentAttendanceSystem;transition;897;26;51;19;50;100;0,45;1,12;0;0,24;24,56;24,56;2,01;1,81
4;StudentAttendanceSystem;pair;897;26;51;49;273;100;0,43;0,29;2,07;0,48;25,56;26,56;4,14;3,27
4;StudentAttendanceSystem;state;898;26;54;11;62;100;0,46;0,51;0;0,12;26,56;27,56;1,24;1,1
4;StudentAttendanceSystem;transition;898;26;54;18;54;100;0,4;1;0;0,16;27,56;27,56;1,74;1,56
4;StudentAttendanceSystem;pair;898;26;54;48;278;100;0,28;0,25;1,63;0,36;29,56;29,56;3,12;2,53
4;StudentAttendanceSystem;state;899;21;41;8;42;100;0,36;0,38;0;0,06;30,56;30,56;0,93;0,8
4;StudentAttendanceSystem;transition;899;21;41;13;41;100;0,32;0,47;0;0,08;30,56;30,56;0,97;0,87
4;StudentAttendanceSystem;pair;899;21;41;42;238;100;0,23;0,16;1,26;0,31;31,56;32,56;2,6;1,96
4;StudentAttendanceSystem;state;900;20;37;8;42;100;0,3;0,36;0;0,07;32,56;32,56;0,85;0,73
4;StudentAttendanceSystem;transition;900;20;37;12;37;100;0,34;0,66;0;0,12;33,56;33,56;1,28;1,12
4;StudentAttendanceSystem;pair;900;20;37;37;189;100;0,33;0,19;1,22;0,33;34,56;34,56;3,15;2,07
4;StudentAttendanceSystem;state;901;22;43;10;53;100;0,38;0,49;0;0,1;35,56;35,56;1,11;0,97
4;StudentAttendanceSystem;transition;901;22;43;14;43;100;0,37;0,94;0;0,15;35,56;35,56;1,66;1,46
4;StudentAttendanceSystem;pair;901;22;43;41;234;100;0,49;0,24;2,05;0,32;37,56;37,56;3,83;3,09
4;StudentAttendanceSystem;state;902;27;53;11;59;100;0,3;0,35;0;0,08;37,56;38,56;1,04;0,73
4;StudentAttendanceSystem;transition;902;27;53;19;52;100;0,25;0,76;0;0,12;38,56;38,56;1,27;1,14
4;StudentAttendanceSystem;pair;902;27;53;55;305;100;0,41;0,26;1,87;0,27;40,56;40,56;3,54;2,81
4;StudentAttendanceSystem;state;903;24;47;10;52;100;0,44;0,53;0;0,08;41,56;41,56;1,18;1,05
4;StudentAttendanceSystem;transition;903;24;47;17;46;100;0,35;0,86;0;0,18;42,56;42,56;1,53;1,38
4;StudentAttendanceSystem;pair;903;24;47;41;225;100;0,39;0,19;1,78;0,37;43,56;43,56;3,5;2,73
4;StudentAttendanceSystem;state;904;23;45;10;56;100;0,44;0,48;0;0,09;44,56;44,56;1,14;1,01
4;StudentAttendanceSystem;transition;904;23;45;14;45;100;0,38;0,88;0;0,14;44,56;44,56;1,55;1,4
4;StudentAttendanceSystem;pair;904;23;45;39;231;100;0,39;0,21;1,01;0,23;46,56;46,56;2,45;1,84
4;StudentAttendanceSystem;state;905;30;61;13;70;100;0,33;0,46;0;0,09;47,56;47,56;1;0,88
4;StudentAttendanceSystem;transition;905;30;61;23;60;100;0,31;0,97;0;0,19;47,56;48,56;1,61;1,47
4;StudentAttendanceSystem;pair;905;30;61;57;317;100;0,32;0,25;2,13;0,55;49,56;50,56;4,03;3,25
4;StudentAttendanceSystem;state;906;26;52;11;61;100;0,31;0,43;0;0,11;50,56;50,56;0,99;0,85
4;StudentAttendanceSystem;transition;906;26;52;18;52;100;0,45;1,2;0;0,21;51,56;51,56;2,06;1,85
4;StudentAttendanceSystem;pair;906;26;52;48;272;100;0,43;0,3;1,84;0,48;52,56;53,56;4,03;3,05
4;StudentAttendanceSystem;state;907;21;38;8;42;100;0,39;0,39;0;0,08;53,56;53,56;1,01;0,86
4;StudentAttendanceSystem;transition;907;21;38;13;37;100;0,4;0,78;0;0,13;54,56;54,56;1,46;1,31
4;StudentAttendanceSystem;pair;907;21;38;32;178;100;0,34;0,17;1,1;0,44;55,56;55,56;2,72;2,05
4;StudentAttendanceSystem;state;908;18;32;7;37;100;0,37;0,45;0;0,07;56,56;56,56;1,03;0,9
4;StudentAttendanceSystem;transition;908;18;32;10;32;100;0,35;0,7;0;0,1;56,56;56,56;1,29;1,15
4;StudentAttendanceSystem;pair;908;18;32;27;153;100;0,35;0,14;0,79;0,21;57,56;57,56;2,12;1,5
4;StudentAttendanceSystem;state;909;22;42;9;46;100;0,4;0,43;0;0,08;58,56;58,56;1,05;0,91
4;StudentAttendanceSystem;transition;909;22;42;15;42;100;0,35;0,84;0;0,15;58,56;59,56;1,49;1,34
4;StudentAttendanceSystem;pair;909;22;42;40;219;100;0,36;0,26;1,33;1,98;60,56;60,56;4,76;3,93
4;StudentAttendanceSystem;state;910;23;43;9;49;100;0,42;0,52;0;0,12;60,56;61,56;1,22;1,06
4;StudentAttendanceSystem;transition;910;23;43;14;42;100;0,44;0,93;0;0,17;61,56;61,56;1,74;1,53
4;StudentAttendanceSystem;pair;910;23;43;38;224;100;0,4;0,17;1,47;0,34;62,56;63,56;3,13;2,37
4;StudentAttendanceSystem;state;911;19;34;8;43;100;0,37;0,43;0;0,08;63,56;63,56;1,11;0,88
4;StudentAttendanceSystem;transition;911;19;34;10;34;100;0,36;0,78;0;0,13;64,56;64,56;1,45;1,26
4;StudentAttendanceSystem;pair;911;19;34;31;175;100;0,35;0,16;1,06;0,27;65,56;65,56;2,52;1,84
4;StudentAttendanceSystem;state;912;24;46;9;46;100;0,43;0,5;0;0,09;65,56;65,56;1,15;1,02
4;StudentAttendanceSystem;transition;912;24;46;18;45;100;0,38;1,06;0;0,19;66,56;66,56;1,85;1,63
4;StudentAttendanceSystem;pair;912;24;46;40;217;100;0,42;0,28;1,5;0,36;67,56;68,56;3,43;2,56
4;StudentAttendanceSystem;state;913;26;53;11;62;100;0,43;0,53;0;0,12;68,56;68,56;1,26;1,09
4;StudentAttendanceSystem;transition;913;26;53;17;53;100;0,47;1,21;0;0,23;69,56;69,56;2,08;1,9
4;StudentAttendanceSystem;pair;913;26;53;45;267;100;0,47;0,33;2,31;0,55;71,56;71,56;4,74;3,66
4;StudentAttendanceSystem;state;914;19;38;8;41;100;0,39;0,46;0;0,08;71,56;71,56;1,06;0,93
4;StudentAttendanceSystem;transition;914;19;38;13;38;100;0,37;0,78;0;0,14;72,56;72,56;1,51;1,29
4;StudentAttendanceSystem;pair;914;19;38;36;204;100;0,38;0,21;1,34;0,29;73,56;73,56;2,87;2,22
4;StudentAttendanceSystem;state;915;27;54;12;68;100;0,62;0,65;0;0,13;74,56;74,56;1,55;1,4
4;StudentAttendanceSystem;transition;915;27;54;17;53;100;0,49;1,21;0;0,2;75,56;75,56;2,08;1,89
4;StudentAttendanceSystem;pair;915;27;54;47;281;100;0,45;0,3;2,06;0,45;76,56;77,56;4,11;3,27
4;StudentAttendanceSystem;state;916;21;38;9;44;100;0,36;0,41;0;0,07;77,56;77,56;0,96;0,84
4;StudentAttendanceSystem;transition;916;21;38;14;38;100;0,4;1,05;0;0,13;78,56;78,56;1,77;1,58
4;StudentAttendanceSystem;pair;916;21;38;35;177;100;0,36;0,19;1,01;0,2;79,56;79,56;2,41;1,76
4;StudentAttendanceSystem;state;917;18;33;7;37;100;0,3;0,37;0;0,07;79,56;80,56;0,85;0,74
4;StudentAttendanceSystem;transition;917;18;33;11;33;100;0,33;0,68;0;0,08;80,56;80,56;1,2;1,08
4;StudentAttendanceSystem;pair;917;18;33;30;168;100;0,22;0,16;0,76;0,15;81,56;81,56;1,7;1,29
4;StudentAttendanceSystem;state;918;27;55;12;67;100;0,44;0,56;0;0,11;82,56;82,56;1,23;1,11
4;StudentAttendanceSystem;transition;918;27;55;17;55;100;0,42;0,8;0;0,19;83,56;83,56;1,6;1,42
4;StudentAttendanceSystem;pair;918;27;55;51;299;100;0,44;0,23;1,89;0,51;84,56;85,56;3,93;3,08
4;StudentAttendanceSystem;state;919;23;42;9;45;100;0,48;0,65;0;0,11;85,56;85,56;1,41;1,24
4;StudentAttendanceSystem;transition;919;23;42;17;41;100;0,5;1,07;0;0,16;86,56;86,56;1,9;1,72
4;StudentAttendanceSystem;pair;919;23;42;37;189;100;0,4;0,18;1,21;0,3;87,56;87,56;2,81;2,1
4;StudentAttendanceSystem;state;920;25;47;11;62;100;0,41;0,53;0;0,12;88,56;88,56;1,22;1,06
4;StudentAttendanceSystem;transition;920;25;47;15;46;100;0,41;1,03;0;0,21;88,56;89,56;1,83;1,65
4;StudentAttendanceSystem;pair;920;25;47;44;248;100;0,44;0,17;1,44;0,4;90,56;90,56;3,09;2,45
4;StudentAttendanceSystem;state;921;18;29;7;35;100;0,33;0,38;0;0,06;91,56;91,56;0,91;0,77
4;StudentAttendanceSystem;transition;921;18;29;10;29;100;0,26;0,6;0;0,12;91,56;91,56;1,16;0,98
4;StudentAttendanceSystem;pair;921;18;29;28;129;100;0,32;0,12;0,71;0,26;92,56;92,56;2,04;1,41
4;StudentAttendanceSystem;state;922;27;50;11;61;100;0,42;0,57;0;0,12;93,56;93,56;1,26;1,11
4;StudentAttendanceSystem;transition;922;27;50;17;49;100;0,5;1,17;0;0,22;93,56;94,56;2,11;1,88
4;StudentAttendanceSystem;pair;922;27;50;41;229;100;0,41;0,25;1,72;0,37;95,56;95,56;3,5;2,75
4;StudentAttendanceSystem;state;923;25;49;10;56;100;0,4;0,48;0;0,11;96,56;96,56;1,14;0,99
4;StudentAttendanceSystem;transition;923;25;49;16;49;100;0,42;1,13;0;0,19;96,56;97,56;1,93;1,73
4;StudentAttendanceSystem;pair;923;25;49;42;244;100;0,48;0,2;1,21;0,37;98,56;98,56;3,01;2,26
4;StudentAttendanceSystem;state;924;24;49;10;51;100;0,4;0,51;0;0,09;99,56;99,56;1,14;1
4;StudentAttendanceSystem;transition;924;24;49;19;49;100;0,41;1,14;0;0,26;99,56;99,56;2;1,81
4;StudentAttendanceSystem;pair;924;24;49;47;259;100;0,41;0,26;1,72;0,46;101,56;101,56;3,63;2,84
4;StudentAttendanceSystem;state;925;24;50;10;55;100;0,42;0,48;0;0,12;102,56;102,56;1,19;1,03
4;StudentAttendanceSystem;transition;925;24;50;15;50;100;0,38;0,93;0;0,19;102,56;103,56;1,7;1,5
4;StudentAttendanceSystem;pair;925;24;50;48;278;100;0,49;0,34;2,12;0,5;104,56;104,56;4,27;3,44
4;StudentAttendanceSystem;state;926;23;42;9;48;100;0,41;0,48;0;0,1;105,56;105,56;1,17;0,99
4;StudentAttendanceSystem;transition;926;23;42;14;41;100;0,34;0,86;0;0,15;105,56;105,56;1,55;1,35
4;StudentAttendanceSystem;pair;926;23;42;41;213;100;0,4;0,22;1,49;0,31;107,56;107,56;3,16;2,43
4;StudentAttendanceSystem;state;927;24;49;11;60;100;0,46;0,54;0;0,11;107,56;107,56;1,26;1,11
4;StudentAttendanceSystem;transition;927;24;49;15;49;100;0,41;1,03;0;0,17;108,56;108,56;1,81;1,62
4;StudentAttendanceSystem;pair;927;24;49;41;243;100;0,38;0,36;1,81;0,4;109,56;110,56;3,83;2,95
4;StudentAttendanceSystem;state;928;19;34;8;39;100;0,36;0,39;0;0,07;110,56;110,56;0,96;0,82
4;StudentAttendanceSystem;transition;928;19;34;13;33;100;0,3;0,7;0;0,14;111,56;111,56;1,33;1,14
4;StudentAttendanceSystem;pair;928;19;34;29;146;100;0,31;0,15;0,95;0,28;112,56;112,56;2,32;1,68
4;StudentAttendanceSystem;state;929;27;56;12;64;100;0,42;0,6;0;0,13;113,56;113,56;1,3;1,15
4;StudentAttendanceSystem;transition;929;27;56;19;55;100;0,42;1,11;0;0,23;113,56;114,56;2,02;1,76
4;StudentAttendanceSystem;pair;929;27;56;48;280;100;0,41;0,34;2,38;0,42;115,56;115,56;4,42;3,55
4;StudentAttendanceSystem;state;930;20;33;8;43;100;0,4;0,39;0;0,07;116,56;116,56;1;0,86
4;StudentAttendanceSystem;transition;930;20;33;10;32;100;0,36;0,71;0;0,1;116,56;116,56;1,35;1,18
4;StudentAttendanceSystem;pair;930;20;33;28;152;100;0,34;0,17;1,02;0,24;117,56;118,56;2,39;1,76
4;StudentAttendanceSystem;state;931;27;52;12;68;100;0,54;0,63;0;0,12;118,56;118,56;1,45;1,3
4;StudentAttendanceSystem;transition;931;27;52;16;51;100;0,42;1,06;0;0,19;119,56;119,56;1,86;1,67
4;StudentAttendanceSystem;pair;931;27;52;48;280;100;0,41;0,31;1,95;0,44;120,56;121,56;3,95;3,11
4;StudentAttendanceSystem;state;932;24;51;11;58;100;0,43;0,51;0;0,09;121,56;121,56;1,18;1,03
4;StudentAttendanceSystem;transition;932;24;51;17;51;100;0,41;0,97;0;0,24;122,56;122,56;1,84;1,62
4;StudentAttendanceSystem;pair;932;24;51;44;256;100;0,52;0,37;2,26;0,43;123,56;124,56;4,57;3,57
4;StudentAttendanceSystem;state;933;23;41;8;43;100;0,27;0,41;0;0,08;124,56;124,56;0,88;0,75
4;StudentAttendanceSystem;transition;933;23;41;14;40;100;0,39;0,86;0;0,11;125,56;125,56;1,55;1,36
4;StudentAttendanceSystem;pair;933;23;41;33;187;100;0,24;0,16;1,15;0,36;126,56;126,56;2,48;1,91
4;StudentAttendanceSystem;state;934;18;28;7;37;100;0,34;0,41;0;0,07;127,56;127,56;0,95;0,82
4;StudentAttendanceSystem;transition;934;18;28;9;27;100;0,3;0,61;0;0,08;127,56;127,56;1,12;0,99
4;StudentAttendanceSystem;pair;934;18;28;24;118;100;0,38;0,14;0,81;0,19;128,56;128,56;2,11;1,52
4;StudentAttendanceSystem;state;935;22;41;9;48;100;0,4;0,5;0;0,08;129,56;129,56;1,13;0,98
4;StudentAttendanceSystem;transition;935;22;41;15;41;100;0,34;0,85;0;0,14;129,56;129,56;1,55;1,33
4;StudentAttendanceSystem;pair;935;22;41;37;189;100;0,38;0,18;1,13;0,29;130,56;131,56;2,71;1,98
4;StudentAttendanceSystem;state;936;23;44;9;49;100;0,38;0,47;0;0,08;131,56;131,56;1,04;0,93
4;StudentAttendanceSystem;transition;936;23;44;15;43;100;0,41;0,93;0;0,17;132,56;132,56;1,71;1,51
4;StudentAttendanceSystem;pair;936;23;44;39;215;100;0,38;0,23;1,34;0,32;133,56;133,56;2,99;2,26
4;StudentAttendanceSystem;state;937;26;49;10;56;100;0,42;0,49;0;0,09;134,56;134,56;1,17;1
4;StudentAttendanceSystem;transition;937;26;49;17;48;100;0,49;1,05;0;0,18;135,56;135,56;1,91;1,71
4;StudentAttendanceSystem;pair;937;26;49;41;231;100;0,42;0,24;1,58;0,39;136,56;136,56;3,38;2,62
4;StudentAttendanceSystem;state;938;25;51;11;60;100;0,42;0,48;0;0,12;137,56;137,56;1,17;1,02
4;StudentAttendanceSystem;transition;938;25;51;15;51;100;0,4;0,68;0;0,11;138,56;138,56;1,32;1,19
4;StudentAttendanceSystem;pair;938;25;51;48;280;100;0,27;0,27;1,95;0,45;139,56;140,56;3,71;2,94
4;StudentAttendanceSystem;state;939;28;55;11;62;100;0,48;0,43;0;0,09;140,56;140,56;1,1;0,99
4;StudentAttendanceSystem;transition;939;28;55;19;54;100;0,3;0,85;0;0,24;141,56;141,56;1,58;1,39
4;StudentAttendanceSystem;pair;939;28;55;49;279;100;0,45;0,28;1,61;0,43;143,56;143,56;3,65;2,77
4;StudentAttendanceSystem;state;940;27;54;12;66;100;0,35;0,54;0;0,13;143,56;144,56;1,16;1,02
4;StudentAttendanceSystem;transition;940;27;54;17;53;100;0,42;1,07;0;0,19;144,56;144,56;1,87;1,67
4;StudentAttendanceSystem;pair;940;27;54;45;267;100;0,48;0,23;1,51;0,29;146,56;146,56;3,14;2,5
4;StudentAttendanceSystem;state;941;21;38;8;42;100;0,24;0,41;0;0,07;147,56;147,56;0,87;0,72
4;StudentAttendanceSystem;transition;941;21;38;13;37;100;0,31;0,75;0;0,13;147,56;147,56;1,36;1,19
4;StudentAttendanceSystem;pair;941;21;38;33;183;100;0,25;0,13;0,83;0,28;148,56;149,56;1,92;1,5
4;StudentAttendanceSystem;state;942;20;37;9;46;100;0,23;0,25;0;0,05;149,56;149,56;0,63;0,53
4;StudentAttendanceSystem;transition;942;20;37;12;37;100;0,21;0,87;0;0,11;150,56;150,56;1,34;1,19
4;StudentAttendanceSystem;pair;942;20;37;32;181;100;0,35;0,3;1;0,17;151,56;151,56;2,33;1,82
4;StudentAttendanceSystem;state;943;25;47;10;53;100;0,28;0,35;0;0,06;151,56;151,56;0,78;0,69
4;StudentAttendanceSystem;transition;943;25;47;18;46;100;0,29;0,69;0;0,16;152,56;152,56;1,28;1,14
4;StudentAttendanceSystem;pair;943;25;47;40;210;100;0,38;0,21;1,33;0,3;153,56;5,57;5,24;2,23
4;StudentAttendanceSystem;state;944;19;36;8;39;100;0,35;0,4;0;0,08;5,57;5,57;0,98;0,83
4;StudentAttendanceSystem;transition;944;19;36;13;36;100;0,22;0,56;0;0,11;6,57;6,57;1,02;0,88
4;StudentAttendanceSystem;pair;944;19;36;32;171;100;0,34;0,17;1,02;0,27;7,57;7,57;2,45;1,8
4;StudentAttendanceSystem;state;945;30;59;13;73;100;0,44;0,66;0;0,1;8,57;8,57;1,38;1,2
4;StudentAttendanceSystem;transition;945;30;59;19;58;100;0,47;1,16;0;0,21;9,57;9,57;2,03;1,84
4;StudentAttendanceSystem;pair;945;30;59;49;289;100;0,45;0,3;2,22;0,36;10,57;11,57;4,19;3,34
4;StudentAttendanceSystem;state;946;28;57;13;72;100;0,46;0,61;0;0,13;11,57;11,57;1,34;1,2
4;StudentAttendanceSystem;transition;946;28;57;18;57;100;0,47;1,16;0;0,22;12,57;12,57;2,05;1,85
4;StudentAttendanceSystem;pair;946;28;57;54;308;100;0,44;0,34;2,56;0,5;14,57;14,57;4,75;3,84
4;StudentAttendanceSystem;state;947;18;30;7;35;100;0,31;0,38;0;0,06;14,57;14,57;0,91;0,75
4;StudentAttendanceSystem;transition;947;18;30;11;30;100;0,31;0,66;0;0,07;15,57;15,57;1,19;1,05
4;StudentAttendanceSystem;pair;947;18;30;31;144;100;0,2;0,1;0,88;0,19;16,57;16,57;1,77;1,37
4;StudentAttendanceSystem;state;948;18;33;7;37;100;0,32;0,35;0;0,08;16,57;17,57;0,89;0,75
4;StudentAttendanceSystem;transition;948;18;33;11;33;100;0,31;0,74;0;0,11;17,57;17,57;1,34;1,17
4;StudentAttendanceSystem;pair;948;18;33;31;172;100;0,32;0,17;1,01;0,24;18,57;18,57;2,33;1,73
4;StudentAttendanceSystem;state;949;26;50;11;57;100;0,43;0,49;0;0,1;19,57;19,57;1,16;1,01
4;StudentAttendanceSystem;transition;949;26;50;17;49;100;0,28;0,7;0;0,12;20,57;20,57;1,21;1,09
4;StudentAttendanceSystem;pair;949;26;50;47;259;100;0,3;0,2;1,7;0,44;21,57;21,57;3,28;2,64
4;StudentAttendanceSystem;state;950;18;34;7;36;100;0,38;0,38;0;0,06;22,57;22,57;0,93;0,81
4;StudentAttendanceSystem;transition;950;18;34;12;34;100;0,31;0,69;0;0,15;22,57;22,57;1,31;1,15
4;StudentAttendanceSystem;pair;950;18;34;32;170;100;0,45;0,21;1,25;0,26;23,57;24,57;2,88;2,16
4;StudentAttendanceSystem;state;951;28;55;13;74;100;0,45;0,58;0;0,13;24,57;24,57;1,29;1,16
4;StudentAttendanceSystem;transition;951;28;55;16;54;100;0,45;1,14;0;0,2;25,57;25,57;2;1,8
4;StudentAttendanceSystem;pair;951;28;55;48;288;100;0,5;0,3;2,28;0,51;26,57;27,57;4,58;3,58
4;StudentAttendanceSystem;state;952;29;59;12;68;100;0,52;0,74;0;0,14;27,57;28,57;1,54;1,4
4;StudentAttendanceSystem;transition;952;29;59;20;58;100;0,5;1,38;0;0,24;28,57;29,57;2,33;2,12
4;StudentAttendanceSystem;pair;952;29;59;52;302;100;0,45;0,32;2,56;0,48;30,57;30,57;4,74;3,81
4;StudentAttendanceSystem;state;953;23;45;9;48;100;0,44;0,5;0;0,08;31,57;31,57;1,16;1,02
4;StudentAttendanceSystem;transition;953;23;45;16;45;100;0,41;0,98;0;0,17;32,57;32,57;1,76;1,56
4;StudentAttendanceSystem;pair;953;23;45;42;234;100;0,38;0,3;1,75;0,35;33,57;33,57;3,51;2,78
4;StudentAttendanceSystem;state;954;25;50;10;55;100;0,41;0,51;0;0,15;34,57;34,57;1,23;1,07
4;StudentAttendanceSystem;transition;954;25;50;17;49;100;0,41;1,03;0;0,19;35,57;35,57;1,81;1,63
4;StudentAttendanceSystem;pair;954;25;50;46;262;100;0,4;0,26;1,98;0,44;36,57;36,57;3,87;3,07
4;StudentAttendanceSystem;state;955;24;49;11;62;100;0,42;0,49;0;0,09;37,57;37,57;1,12;1,01
4;StudentAttendanceSystem;transition;955;24;49;15;49;100;0,42;0,99;0;0,17;38,57;38,57;1,83;1,58
4;StudentAttendanceSystem;pair;955;24;49;43;257;100;0,38;0,26;1,69;0,38;39,57;39,57;3,52;2,72
4;StudentAttendanceSystem;state;956;30;59;13;72;100;0,52;0,6;0;0,12;40,57;40,57;1,36;1,23
4;StudentAttendanceSystem;transition;956;30;59;20;58;100;0,45;1,35;0;0,24;41,57;41,57;2,27;2,04
4;StudentAttendanceSystem;pair;956;30;59;58;324;100;0,53;0,27;2,46;0,54;42,57;43,57;4,63;3,8
4;StudentAttendanceSystem;state;957;31;62;14;78;100;0,53;0,44;0;0,1;44,57;44,57;1,18;1,07
4;StudentAttendanceSystem;transition;957;31;62;20;61;100;0,34;0,91;0;0,27;44,57;45,57;1,73;1,52
4;StudentAttendanceSystem;pair;957;31;62;58;336;100;0,5;0,38;3,05;0,59;46,57;47,57;5,85;4,53
4;StudentAttendanceSystem;state;958;22;39;9;48;100;0,41;0,52;0;0,12;47,57;47,57;1,22;1,05
4;StudentAttendanceSystem;transition;958;22;39;13;38;100;0,36;0,84;0;0,14;48,57;48,57;1,57;1,34
4;StudentAttendanceSystem;pair;958;22;39;32;170;100;0,28;0,19;1,05;0,27;49,57;49,57;2,49;1,79
4;StudentAttendanceSystem;state;959;19;35;7;36;100;0,33;0,37;0;0,11;50,57;50,57;0,93;0,81
4;StudentAttendanceSystem;transition;959;19;35;11;35;100;0,32;0,82;0;0,11;50,57;50,57;1,44;1,25
4;StudentAttendanceSystem;pair;959;19;35;35;191;100;0,34;0,23;1,19;0,27;51,57;51,57;2,74;2,03
4;StudentAttendanceSystem;state;960;21;36;8;41;100;0,39;0,41;0;0,08;52,57;52,57;1,03;0,88
4;StudentAttendanceSystem;transition;960;21;36;13;35;100;0,37;0,86;0;0,16;52,57;53,57;1,65;1,39
4;StudentAttendanceSystem;pair;960;21;36;28;145;100;0,34;0,16;0,84;0,21;53,57;54,57;2,24;1,54
4;StudentAttendanceSystem;state;961;28;52;12;66;100;0,43;0,58;0;0,11;54,57;54,57;1,25;1,12
4;StudentAttendanceSystem;transition;961;28;52;17;51;100;0,45;1,09;0;0,18;55,57;55,57;1,91;1,73
4;StudentAttendanceSystem;pair;961;28;52;48;266;100;0,42;0,26;1,8;0,39;56,57;57,57;3,7;2,87
4;StudentAttendanceSystem;state;962;26;51;10;54;100;0,37;0,52;0;0,09;57,57;57,57;1,11;0,98
4;StudentAttendanceSystem;transition;962;26;51;19;50;100;0,42;1,2;0;0,21;58,57;58,57;2,04;1,83
4;StudentAttendanceSystem;pair;962;26;51;49;273;100;0,52;0,38;2,54;0,49;60,57;60,57;5,02;3,93
4;StudentAttendanceSystem;state;963;19;35;8;43;100;0,34;0,4;0;0,07;60,57;61,57;0,95;0,81
4;StudentAttendanceSystem;transition;963;19;35;11;35;100;0,29;0,48;0;0,1;61,57;61,57;1;0,87
4;StudentAttendanceSystem;pair;963;19;35;34;190;100;0,34;0,19;1,02;0,26;62,57;62,57;2,43;1,81
4;StudentAttendanceSystem;state;964;26;52;10;55;100;0,43;0,34;0;0,06;63,57;63,57;0,93;0,84
4;StudentAttendanceSystem;transition;964;26;52;17;51;100;0,27;0,82;0;0,22;64,57;64,57;1,56;1,31
4;StudentAttendanceSystem;pair;964;26;52;52;294;100;0,44;0,3;2,2;0,58;65,57;66,57;4,46;3,53
4;StudentAttendanceSystem;state;965;28;59;13;70;100;0,46;0,79;0;0,17;66,57;66,57;1,6;1,43
4;StudentAttendanceSystem;transition;965;28;59;21;59;100;0,65;1,34;0;0,21;67,57;67,57;2,41;2,2
4;StudentAttendanceSystem;pair;965;28;59;53;301;100;0,59;0,39;1,76;0,42;69,57;69,57;3,94;3,16
4;StudentAttendanceSystem;state;966;21;40;9;48;100;0,36;0,43;0;0,07;70,57;70,57;0,98;0,87
4;StudentAttendanceSystem;transition;966;21;40;13;40;100;0,38;0,76;0;0,12;70,57;70,57;1,41;1,26
4;StudentAttendanceSystem;pair;966;21;40;34;188;100;0,36;0,19;1,17;0,35;71,57;72,57;2,75;2,07
4;StudentAttendanceSystem;state;967;21;40;9;48;100;0,25;0,29;0;0,06;72,57;72,57;0,7;0,6
4;StudentAttendanceSystem;transition;967;21;40;13;40;100;0,39;0,82;0;0,13;73,57;73,57;1,52;1,33
4;StudentAttendanceSystem;pair;967;21;40;35;193;100;0,35;0,19;1,19;0,28;74,57;74,57;2,68;2
4;StudentAttendanceSystem;state;968;22;45;9;49;100;0,4;0,51;0;0,09;75,57;75,57;1,12;1
4;StudentAttendanceSystem;transition;968;22;45;15;45;100;0,37;0,97;0;0,16;75,57;75,57;1,66;1,49
4;StudentAttendanceSystem;pair;968;22;45;42;238;100;0,48;0,22;1,48;0,36;77,57;77,57;3,25;2,55
4;StudentAttendanceSystem;state;969;26;51;11;62;100;0,41;0,53;0;0,13;77,57;78,57;1,2;1,06
4;StudentAttendanceSystem;transition;969;26;51;17;50;100;0,4;0,91;0;0,2;78,57;78,57;1,68;1,51
4;StudentAttendanceSystem;pair;969;26;51;47;273;100;0,47;0,27;1,89;0,43;80,57;80,57;3,92;3,06
4;StudentAttendanceSystem;state;970;22;39;9;50;100;0,4;0,44;0;0,08;81,57;81,57;1,05;0,92
4;StudentAttendanceSystem;transition;970;22;39;12;39;100;0,35;0,68;0;0,16;81,57;81,57;1,32;1,19
4;StudentAttendanceSystem;pair;970;22;39;33;179;100;0,26;0,23;0,94;0,17;82,57;83,57;2,17;1,59
4;StudentAttendanceSystem;state;971;16;25;6;30;100;0,18;0,25;0;0,05;83,57;83,57;0,59;0,48
4;StudentAttendanceSystem;transition;971;16;25;9;24;100;0,25;0,58;0;0,08;83,57;83,57;1,06;0,91
4;StudentAttendanceSystem;pair;971;16;25;18;84;100;0,29;0,1;0,48;0,11;84,57;84,57;1,42;0,98
4;StudentAttendanceSystem;state;972;23;45;9;48;100;0,38;0,47;0;0,08;85,57;85,57;1,05;0,92
4;StudentAttendanceSystem;transition;972;23;45;16;44;100;0,36;0,99;0;0,16;85,57;85,57;1,7;1,51
4;StudentAttendanceSystem;pair;972;23;45;43;241;100;0,4;0,21;1,83;0,39;87,57;87,57;3,57;2,84
4;StudentAttendanceSystem;state;973;23;40;10;56;100;0,39;0,31;0;0,06;87,57;88,57;0,86;0,76
4;StudentAttendanceSystem;transition;973;23;40;12;39;100;0,23;0,61;0;0,12;88,57;88,57;1,1;0,97
4;StudentAttendanceSystem;pair;973;23;40;34;186;100;0,4;0,17;1,09;0,29;89,57;90,57;2,63;1,95
4;StudentAttendanceSystem;state;974;23;46;10;54;100;0,39;0,6;0;0,09;90,57;90,57;1,22;1,08
4;StudentAttendanceSystem;transition;974;23;46;15;46;100;0,42;0,93;0;0,15;91,57;91,57;1,66;1,5
4;StudentAttendanceSystem;pair;974;23;46;42;240;100;0,4;0,23;1,52;0,35;92,57;92,57;3,19;2,5
4;StudentAttendanceSystem;state;975;17;27;6;31;100;0,35;0,24;0;0,03;93,57;93,57;0,72;0,62
4;StudentAttendanceSystem;transition;975;17;27;10;26;100;0,21;0,64;0;0,09;93,57;93,57;1,09;0,94
4;StudentAttendanceSystem;pair;975;17;27;23;104;100;0,29;0,13;0,56;0,14;94,57;94,57;1,58;1,12
4;StudentAttendanceSystem;state;976;18;32;8;40;100;0,35;0,28;0;0,04;95,57;95,57;0,76;0,66
4;StudentAttendanceSystem;transition;976;18;32;11;32;100;0,24;0,43;0;0,06;95,57;95,57;0,83;0,74
4;StudentAttendanceSystem;pair;976;18;32;30;155;100;0,2;0,11;0,88;0,21;96,57;96,57;1,84;1,4
4;StudentAttendanceSystem;state;977;29;58;12;68;100;0,53;0,6;0;0,14;97,57;97,57;1,41;1,28
4;StudentAttendanceSystem;transition;977;29;58;19;57;100;0,45;1,43;0;0,21;98,57;98,57;2,27;2,09
4;StudentAttendanceSystem;pair;977;29;58;49;287;100;0,48;0,37;2,25;0,49;99,57;100,57;4,46;3,58
4;StudentAttendanceSystem;state;978;21;36;9;46;100;0,35;0,4;0;0,07;100,57;100,57;0,93;0,82
4;StudentAttendanceSystem;transition;978;21;36;12;35;100;0,32;0,77;0;0,11;101,57;101,57;1,34;1,2
4;StudentAttendanceSystem;pair;978;21;36;31;164;100;0,44;0,17;0,96;0,27;102,57;102,57;2,46;1,84
4;StudentAttendanceSystem;state;979;19;38;8;41;100;0,42;0,42;0;0,07;102,57;103,57;1,05;0,9
4;StudentAttendanceSystem;transition;979;19;38;13;38;100;0,33;0,72;0;0,09;103,57;103,57;1,26;1,14
4;StudentAttendanceSystem;pair;979;19;38;36;204;100;0,24;0,16;1,17;0,29;104,57;104,57;2,44;1,86
4;StudentAttendanceSystem;state;980;23;44;9;49;100;0,41;0,47;0;0,09;105,57;105,57;1,1;0,96
4;StudentAttendanceSystem;transition;980;23;44;15;43;100;0,39;1,06;0;0,18;106,57;106,57;1,81;1,62
4;StudentAttendanceSystem;pair;980;23;44;41;239;100;0,38;0,22;1,53;0,35;107,57;107,57;3,24;2,48
4;StudentAttendanceSystem;state;981;29;59;12;68;100;0,47;0,57;0;0,12;108,57;108,57;1,28;1,16
4;StudentAttendanceSystem;transition;981;29;59;20;58;100;0,32;0,91;0;0,16;109,57;109,57;1,51;1,38
4;StudentAttendanceSystem;pair;981;29;59;52;302;100;0,31;0,26;2,13;0,49;110,57;111,57;4,03;3,19
4;StudentAttendanceSystem;state;982;26;48;10;56;100;0,46;0,5;0;0,09;111,57;111,57;1,17;1,05
4;StudentAttendanceSystem;transition;982;26;48;16;47;100;0,48;0,98;0;0,2;112,57;112,57;1,81;1,65
4;StudentAttendanceSystem;pair;982;26;48;38;216;100;0,41;0,28;1,41;0,35;113,57;114,57;3,3;2,45
4;StudentAttendanceSystem;state;983;24;43;11;59;100;0,4;0,51;0;0,09;114,57;114,57;1,14;1,01
4;StudentAttendanceSystem;transition;983;24;43;14;42;100;0,37;0,88;0;0,15;115,57;115,57;1,57;1,4
4;StudentAttendanceSystem;pair;983;24;43;35;190;100;0,41;0,22;1,18;0,28;116,57;116,57;2,81;2,08
4;StudentAttendanceSystem;state;984;21;37;8;43;100;0,39;0,4;0;0,07;117,57;117,57;0,99;0,86
4;StudentAttendanceSystem;transition;984;21;37;12;36;100;0,33;0,74;0;0,12;117,57;117,57;1,34;1,19
4;StudentAttendanceSystem;pair;984;21;37;31;177;100;0,34;0,16;1,04;0,3;118,57;119,57;2,48;1,85
4;StudentAttendanceSystem;state;985;23;41;9;45;100;0,37;0,44;0;0,07;119,57;119,57;1,01;0,89
4;StudentAttendanceSystem;transition;985;23;41;16;40;100;0,27;0,68;0;0,16;120,57;120,57;1,28;1,11
4;StudentAttendanceSystem;pair;985;23;41;33;170;100;0,36;0,2;1,17;0,28;121,57;121,57;2,77;2,02
4;StudentAttendanceSystem;state;986;21;36;8;43;100;0,37;0,42;0;0,07;122,57;122,57;0,97;0,86
4;StudentAttendanceSystem;transition;986;21;36;13;35;100;0,33;0,82;0;0,13;122,57;122,57;1,44;1,28
4;StudentAttendanceSystem;pair;986;21;36;29;155;100;0,35;0,17;1,02;0,2;123,57;123,57;2,36;1,74
4;StudentAttendanceSystem;state;987;27;56;12;67;100;0,49;0,59;0;0,12;124,57;124,57;1,37;1,21
4;StudentAttendanceSystem;transition;987;27;56;19;56;100;0,47;1,25;0;0,21;125,57;125,57;2,12;1,93
4;StudentAttendanceSystem;pair;987;27;56;51;291;100;0,72;0,37;2,25;0,54;126,57;127,57;4,82;3,88
4;StudentAttendanceSystem;state;988;20;37;8;41;100;0,38;0,44;0;0,07;127,57;127,57;1,03;0,89
4;StudentAttendanceSystem;transition;988;20;37;13;36;100;0,39;0,79;0;0,13;128,57;128,57;1,47;1,31
4;StudentAttendanceSystem;pair;988;20;37;33;181;100;0,37;0,18;1,19;0,26;129,57;129,57;2,68;2,01
4;StudentAttendanceSystem;state;989;18;27;7;37;100;0,29;0,39;0;0,06;130,57;130,57;0,88;0,74
4;StudentAttendanceSystem;transition;989;18;27;8;26;100;0,31;0,64;0;0,08;130,57;130,57;1,17;1,04
4;StudentAttendanceSystem;pair;989;18;27;19;96;100;0,29;0,11;0,55;0,09;131,57;131,57;1,53;1,04
4;StudentAttendanceSystem;state;990;19;34;7;36;100;0,22;0,3;0;0,08;131,57;131,57;0,71;0,6
4;StudentAttendanceSystem;transition;990;19;34;13;34;100;0,34;0,65;0;0,11;132,57;132,57;1,25;1,1
4;StudentAttendanceSystem;pair;990;19;34;30;152;100;0,41;0,2;0,9;0,27;133,57;133,57;2,41;1,78
4;StudentAttendanceSystem;state;991;31;62;14;78;100;0,48;0,66;0;0,15;134,57;134,57;1,43;1,3
4;StudentAttendanceSystem;transition;991;31;62;20;61;100;0,57;1,32;0;0,24;135,57;135,57;2,4;2,14
4;StudentAttendanceSystem;pair;991;31;62;58;336;100;0,46;0,4;2,61;0,51;136,57;137,57;5,04;3,98
4;StudentAttendanceSystem;state;992;22;41;9;47;100;0,43;0,48;0;0,11;137,57;137,57;1,17;1,02
4;StudentAttendanceSystem;transition;992;22;41;14;41;100;0,38;0,88;0;0,2;138,57;138,57;1,71;1,46
4;StudentAttendanceSystem;pair;992;22;41;41;223;100;0,43;0,3;1,62;0,41;139,57;140,57;3,61;2,76
4;StudentAttendanceSystem;state;993;24;43;9;50;100;0,46;0,61;0;0,1;140,57;140,57;1,38;1,17
4;StudentAttendanceSystem;transition;993;24;43;15;42;100;0,44;1,02;0;0,19;141,57;141,57;1,84;1,65
4;StudentAttendanceSystem;pair;993;24;43;34;182;100;0,39;0,21;1,42;0,3;142,57;142,57;3,09;2,32
4;StudentAttendanceSystem;state;994;27;53;12;68;100;0,44;0,58;0;0,14;143,57;143,57;1,3;1,15
4;StudentAttendanceSystem;transition;994;27;53;16;52;100;0,49;1,19;0;0,2;144,57;144,57;2,1;1,88
4;StudentAttendanceSystem;pair;994;27;53;43;263;100;0,45;0,27;2,17;0,43;145,57;145,57;4,3;3,32
4;StudentAttendanceSystem;state;995;20;37;8;41;100;0,39;0,46;0;0,08;146,57;146,57;1,08;0,93
4;StudentAttendanceSystem;transition;995;20;37;13;36;100;0,37;0,81;0;0,15;146,57;147,57;1,52;1,33
4;StudentAttendanceSystem;pair;995;20;37;33;181;100;0,36;0,19;1,25;0,26;147,57;148,57;2,76;2,07
4;StudentAttendanceSystem;state;996;23;41;9;45;100;0,4;0,45;0;0,08;148,57;148,57;1,07;0,93
4;StudentAttendanceSystem;transition;996;23;41;16;40;100;0,34;0,8;0;0,16;149,57;149,57;1,57;1,3
4;StudentAttendanceSystem;pair;996;23;41;33;170;100;0,3;0,14;1,01;0,27;150,57;150,57;2,24;1,73
4;StudentAttendanceSystem;state;997;21;39;8;42;100;0,37;0,46;0;0,07;151,57;151,57;1,06;0,9
4;StudentAttendanceSystem;transition;997;21;39;14;38;100;0,39;0,99;0;0,15;151,57;151,57;1,7;1,53
4;StudentAttendanceSystem;pair;997;21;39;35;191;100;0,4;0,18;1,18;0,31;152,57;153,57;2,72;2,07
4;StudentAttendanceSystem;state;998;21;37;8;41;100;0,37;0,42;0;0,07;153,57;153,57;0,99;0,85
4;StudentAttendanceSystem;transition;998;21;37;14;36;100;0,35;2,35;0;0,15;154,58;5,58;3,07;2,86
4;StudentAttendanceSystem;pair;998;21;37;30;157;100;0,39;0,17;1,02;0,27;6,58;6,58;2,58;1,85
4;StudentAttendanceSystem;state;999;22;43;10;53;100;0,42;0,89;0;0,12;6,58;7,58;1,58;1,43
4;StudentAttendanceSystem;transition;999;22;43;15;43;100;0,4;0,87;0;0,18;7,58;7,58;1,64;1,45
4;StudentAttendanceSystem;pair;999;22;43;38;212;100;0,46;0,21;1,33;0,32;8,58;9,58;3,07;2,32
4;StudentAttendanceSystem;state;1000;19;33;7;36;100;0,36;0,37;0;0,05;9,58;9,58;0,9;0,78
4;StudentAttendanceSystem;transition;1000;19;33;12;33;100;0,3;0,73;0;0,11;10,58;10,58;1,34;1,14
4;StudentAttendanceSystem;pair;1000;19;33;29;144;100;0,32;0,14;0,81;0,24;11,58;11,58;2,09;1,51
4;StudentAttendanceSystem;state;1001;21;40;9;44;100;0,34;0,4;0;0,08;11,58;11,58;0,98;0,81
4;StudentAttendanceSystem;transition;1001;21;40;15;39;100;0,34;0,56;0;0,1;12,58;12,58;1,15;1
4;StudentAttendanceSystem;pair;1001;21;40;35;191;100;0,22;0,14;1,12;0,27;13,58;13,58;2,24;1,74
4;StudentAttendanceSystem;state;1002;24;45;11;57;100;0,27;0,31;0;0,06;14,58;14,58;0,73;0,65
4;StudentAttendanceSystem;transition;1002;24;45;16;45;100;0,24;0,61;0;0,1;15,58;15,58;1,07;0,95
4;StudentAttendanceSystem;pair;1002;24;45;41;215;100;0,28;0,18;0,98;0,27;16,58;16,58;2,21;1,71
4;StudentAttendanceSystem;state;1003;24;47;11;62;100;0,32;0,4;0;0,07;17,58;17,58;0,9;0,8
4;StudentAttendanceSystem;transition;1003;24;47;14;47;100;0,31;0,63;0;0,1;17,58;17,58;1,16;1,05
4;StudentAttendanceSystem;pair;1003;24;47;44;256;100;0,27;0,18;1,34;0,25;19,58;19,58;2,63;2,05
4;StudentAttendanceSystem;state;1004;22;39;9;49;100;0,42;0,42;0;0,07;19,58;19,58;1,04;0,92
4;StudentAttendanceSystem;transition;1004;22;39;12;38;100;0,36;0,8;0;0,14;20,58;20,58;1,46;1,29
4;StudentAttendanceSystem;pair;1004;22;39;35;199;100;0,38;0,21;1,29;0,29;21,58;21,58;2,92;2,16
4;StudentAttendanceSystem;state;1005;26;49;10;56;100;0,44;0,48;0;0,11;22,58;22,58;1,17;1,03
4;StudentAttendanceSystem;transition;1005;26;49;17;48;100;0,38;1,05;0;0,19;23,58;23,58;1,81;1,62
4;StudentAttendanceSystem;pair;1005;26;49;42;232;100;0,4;0,22;1,54;0,33;24,58;24,58;3,38;2,49
4;StudentAttendanceSystem;state;1006;21;38;8;43;100;0,37;0,42;0;0,08;25,58;25,58;1;0,86
4;StudentAttendanceSystem;transition;1006;21;38;13;37;100;0,34;0,86;0;0,15;26,58;26,58;1,53;1,35
4;StudentAttendanceSystem;pair;1006;21;38;34;192;100;0,4;0,22;1,34;0,29;27,58;27,58;2,92;2,24
4;StudentAttendanceSystem;state;1007;21;38;8;42;100;0,54;0,57;0;0,08;27,58;27,58;1,36;1,19
4;StudentAttendanceSystem;transition;1007;21;38;13;37;100;0,32;0,78;0;0,13;28,58;28,58;1,38;1,22
4;StudentAttendanceSystem;pair;1007;21;38;33;183;100;0,31;0,32;1,84;0,36;29,58;29,58;3,49;2,83
4;StudentAttendanceSystem;state;1008;30;60;13;73;100;0,55;0,65;0;0,17;30,58;30,58;1,53;1,36
4;StudentAttendanceSystem;transition;1008;30;60;20;59;100;0,52;1,53;0;0,28;31,58;31,58;2,54;2,32
4;StudentAttendanceSystem;pair;1008;30;60;51;299;100;0,54;0,4;2,39;0,47;32,58;33,58;4,75;3,8
4;StudentAttendanceSystem;state;1009;26;52;11;62;100;0,43;0,48;0;0,12;33,58;33,58;1,18;1,03
4;StudentAttendanceSystem;transition;1009;26;52;16;52;100;0,4;1,06;0;0,18;34,58;34,58;1,89;1,65
4;StudentAttendanceSystem;pair;1009;26;52;42;252;100;0,44;0,3;1,71;0,26;36,58;36,58;3,47;2,72
4;StudentAttendanceSystem;state;1010;25;50;10;55;100;0,3;0,35;0;0,08;36,58;37,58;0,82;0,73
4;StudentAttendanceSystem;transition;1010;25;50;17;49;100;0,26;0,7;0;0,2;37,58;37,58;1,28;1,16
4;StudentAttendanceSystem;pair;1010;25;50;46;262;100;0,36;0,2;1,95;0,42;39,58;39,58;3,57;2,93
4;StudentAttendanceSystem;state;1011;21;41;9;50;100;0,27;0,3;0;0,05;40,58;40,58;0,71;0,63
4;StudentAttendanceSystem;transition;1011;21;41;13;41;100;0,23;0,86;0;0,17;40,58;40,58;1,43;1,27
4;StudentAttendanceSystem;pair;1011;21;41;41;237;100;0,27;0,15;1,04;0,23;41,58;42,58;2,17;1,68
4;StudentAttendanceSystem;state;1012;30;61;13;73;100;0,33;0,4;0;0,09;42,58;42,58;0,9;0,81
4;StudentAttendanceSystem;transition;1012;30;61;20;60;100;0,35;1,08;0;0,25;43,58;43,58;1,86;1,68
4;StudentAttendanceSystem;pair;1012;30;61;58;334;100;0,47;0,26;1,91;0,63;45,58;45,58;4,11;3,28
4;StudentAttendanceSystem;state;1013;23;41;10;56;100;0,43;0,47;0;0,12;46,58;46,58;1,18;1,02
4;StudentAttendanceSystem;transition;1013;23;41;13;40;100;0,38;0,92;0;0,18;47,58;47,58;1,68;1,48
4;StudentAttendanceSystem;pair;1013;23;41;36;195;100;0,5;0,18;1,36;0,33;48,58;48,58;3,14;2,37
4;StudentAttendanceSystem;state;1014;23;44;9;48;100;0,4;0,54;0;0,08;49,58;49,58;1,16;1,01
4;StudentAttendanceSystem;transition;1014;23;44;15;43;100;0,38;0,92;0;0,16;49,58;49,58;1,62;1,46
4;StudentAttendanceSystem;pair;1014;23;44;40;230;100;0,4;0,25;1,92;0,4;50,58;51,58;3,75;2,97
4;StudentAttendanceSystem;state;1015;21;38;10;53;100;0,33;0,41;0;0,1;51,58;51,58;0,99;0,84
4;StudentAttendanceSystem;transition;1015;21;38;12;38;100;0,39;0,72;0;0,11;52,58;52,58;1,38;1,21
4;StudentAttendanceSystem;pair;1015;21;38;32;171;100;0,29;0,13;0,74;0,16;53,58;53,58;1,77;1,32
4;StudentAttendanceSystem;state;1016;19;33;7;38;100;0,32;0,42;0;0,06;54,58;54,58;0,9;0,79
4;StudentAttendanceSystem;transition;1016;19;33;11;32;100;0,28;0,54;0;0,1;54,58;54,58;1,06;0,92
4;StudentAttendanceSystem;pair;1016;19;33;32;166;100;0,33;0,11;0,84;0,23;55,58;55,58;2,1;1,51
4;StudentAttendanceSystem;state;1017;20;39;9;47;100;0,25;0,35;0;0,09;56,58;56,58;0,8;0,69
4;StudentAttendanceSystem;transition;1017;20;39;13;39;100;0,26;0,72;0;0,15;56,58;57,58;1,3;1,13
4;StudentAttendanceSystem;pair;1017;20;39;35;191;100;0,35;0,2;1,16;0,19;58,58;58,58;2,63;1,9
4;StudentAttendanceSystem;state;1018;21;38;8;42;100;0,44;0,44;0;0,09;58,58;58,58;1,12;0,97
4;StudentAttendanceSystem;transition;1018;21;38;13;38;100;0,36;0,88;0;0,17;59,58;59,58;1,61;1,4
4;StudentAttendanceSystem;pair;1018;21;38;32;176;100;0,35;0,17;1,08;0,26;60,58;60,58;2,47;1,85
4;StudentAttendanceSystem;state;1019;23;45;9;50;100;0,39;0,48;0;0,09;61,58;61,58;1,09;0,97
4;StudentAttendanceSystem;transition;1019;23;45;16;45;100;0,26;0,95;0;0,18;61,58;62,58;1,54;1,38
4;StudentAttendanceSystem;pair;1019;23;45;41;223;100;0,41;0,29;1,42;0,36;63,58;63,58;3,27;2,48
4;StudentAttendanceSystem;state;1020;19;30;7;35;100;0,31;0,38;0;0,06;63,58;63,58;0,87;0,75
4;StudentAttendanceSystem;transition;1020;19;30;11;29;100;0,33;0,64;0;0,1;64,58;64,58;1,2;1,07
4;StudentAttendanceSystem;pair;1020;19;30;22;104;100;0,29;0,12;0,58;0,1;65,58;65,58;1,52;1,09
4;StudentAttendanceSystem;state;1021;29;59;13;69;100;0,31;0,45;0;0,1;65,58;66,58;0,98;0,86
4;StudentAttendanceSystem;transition;1021;29;59;19;58;100;0,42;1,17;0;0,15;66,58;66,58;1,92;1,74
4;StudentAttendanceSystem;pair;1021;29;59;53;308;100;0,46;0,33;2,16;0,43;68,58;68,58;4,16;3,39
4;StudentAttendanceSystem;state;1022;25;44;10;55;100;0,41;0,55;0;0,08;69,58;69,58;1,18;1,03
4;StudentAttendanceSystem;transition;1022;25;44;15;43;100;0,35;0,81;0;0,11;70,58;70,58;1,42;1,28
4;StudentAttendanceSystem;pair;1022;25;44;36;191;100;0,26;0,15;0,9;0,31;71,58;71,58;2,18;1,62
4;StudentAttendanceSystem;state;1023;17;27;6;31;100;0,2;0,3;0;0,07;71,58;72,58;0,71;0,57
4;StudentAttendanceSystem;transition;1023;17;27;9;27;100;0,3;0,54;0;0,08;72,58;72,58;1,11;0,92
4;StudentAttendanceSystem;pair;1023;17;27;23;113;100;0,28;0,11;0,62;0,11;73,58;73,58;1,65;1,12
4;StudentAttendanceSystem;state;1024;21;39;8;42;100;0,25;0,3;0;0,07;73,58;73,58;0,71;0,62
4;StudentAttendanceSystem;transition;1024;21;39;14;38;100;0,36;0,87;0;0,14;74,58;74,58;1,56;1,37
4;StudentAttendanceSystem;pair;1024;21;39;36;194;100;0,31;0,21;1,23;0,31;75,58;75,58;2,7;2,07
4;StudentAttendanceSystem;state;1025;24;48;11;62;100;0,47;0,49;0;0,1;76,58;76,58;1,2;1,06
4;StudentAttendanceSystem;transition;1025;24;48;14;48;100;0,42;0,99;0;0,17;77,58;77,58;1,77;1,58
4;StudentAttendanceSystem;pair;1025;24;48;40;242;100;0,39;0,28;1,7;0,37;78,58;78,58;3,54;2,74
4;StudentAttendanceSystem;state;1026;29;58;12;68;100;0,66;0,67;0;0,16;79,58;79,58;1,66;1,48
4;StudentAttendanceSystem;transition;1026;29;58;19;57;100;0,5;1,38;0;0,28;80,58;80,58;2,38;2,16
4;StudentAttendanceSystem;pair;1026;29;58;48;286;100;0,51;0,37;2,12;0,48;81,58;82,58;4,4;3,48
4;StudentAttendanceSystem;state;1027;21;39;8;42;100;0,39;0,44;0;0,08;82,58;82,58;1,06;0,91
4;StudentAttendanceSystem;transition;1027;21;39;14;39;100;0,36;0,77;0;0,13;83,58;83,58;1,48;1,27
4;StudentAttendanceSystem;pair;1027;21;39;35;187;100;0,38;0,18;1,24;0,28;84,58;84,58;2,74;2,08
4;StudentAttendanceSystem;state;1028;27;56;12;67;100;0,49;0,66;0;0,15;85,58;85,58;1,47;1,3
4;StudentAttendanceSystem;transition;1028;27;56;19;56;100;0,46;1,26;0;0,21;86,58;86,58;2,13;1,93
4;StudentAttendanceSystem;pair;1028;27;56;51;291;100;0,46;0,33;2,32;0,44;87,58;88,58;4,48;3,54
4;StudentAttendanceSystem;state;1029;22;40;8;42;100;0,42;0,43;0;0,09;88,58;88,58;1,08;0,93
4;StudentAttendanceSystem;transition;1029;22;40;13;39;100;0,36;0,89;0;0,14;89,58;89,58;1,57;1,39
4;StudentAttendanceSystem;pair;1029;22;40;39;215;100;0,33;0,21;1,64;0,33;90,58;90,58;3,22;2,51
4;StudentAttendanceSystem;state;1030;18;34;7;36;100;0,34;0,39;0;0,07;91,58;91,58;0,94;0,8
4;StudentAttendanceSystem;transition;1030;18;34;12;34;100;0,35;0,69;0;0,12;91,58;91,58;1,33;1,16
4;StudentAttendanceSystem;pair;1030;18;34;32;170;100;0,31;0,18;1,12;0,25;92,58;92,58;2,52;1,86
4;StudentAttendanceSystem;state;1031;18;33;7;37;100;0,37;0,4;0;0,07;93,58;93,58;0,97;0,84
4;StudentAttendanceSystem;transition;1031;18;33;11;33;100;0,35;0,73;0;0,11;93,58;93,58;1,35;1,19
4;StudentAttendanceSystem;pair;1031;18;33;30;168;100;0,36;0,15;0,89;0,24;94,58;95,58;2,24;1,65
4;StudentAttendanceSystem;state;1032;20;38;8;43;100;0,39;0,43;0;0,07;95,58;95,58;1,01;0,89
4;StudentAttendanceSystem;transition;1032;20;38;12;38;100;0,36;1,04;0;0,14;96,58;96,58;1,73;1,54
4;StudentAttendanceSystem;pair;1032;20;38;34;200;100;0,38;0,2;1,2;0,34;97,58;97,58;2,79;2,12
4;StudentAttendanceSystem;state;1033;21;38;9;47;100;0,4;0,42;0;0,11;97,58;98,58;1,06;0,92
4;StudentAttendanceSystem;transition;1033;21;38;13;37;100;0,35;0,85;0;0,13;98,58;98,58;1,52;1,33
4;StudentAttendanceSystem;pair;1033;21;38;33;172;100;0,33;0,18;1,15;0,26;99,58;99,58;2,55;1,91
4;StudentAttendanceSystem;state;1034;21;41;8;40;100;0,44;0,46;0;0,09;100,58;100,58;1,13;0,98
4;StudentAttendanceSystem;transition;1034;21;41;16;41;100;0,35;0,97;0;0,16;101,58;101,58;1,69;1,49
4;StudentAttendanceSystem;pair;1034;21;41;36;194;100;0,4;0,29;1,22;0,31;102,58;102,58;2,92;2,22
4;StudentAttendanceSystem;state;1035;20;36;8;42;100;0,38;0,4;0;0,08;102,58;102,58;1,01;0,86
4;StudentAttendanceSystem;transition;1035;20;36;11;36;100;0,38;0,78;0;0,1;103,58;103,58;1,42;1,25
4;StudentAttendanceSystem;pair;1035;20;36;33;173;100;0,35;0,25;1,07;0,33;104,58;104,58;2,67;2
4;StudentAttendanceSystem;state;1036;27;54;12;66;100;0,46;0,55;0;0,12;105,58;105,58;1,27;1,13
4;StudentAttendanceSystem;transition;1036;27;54;17;53;100;0,45;1,12;0;0,19;106,58;106,58;1,93;1,76
4;StudentAttendanceSystem;pair;1036;27;54;46;272;100;0,42;0,32;1,97;0,46;107,58;108,58;3,95;3,17
4;StudentAttendanceSystem;state;1037;16;26;6;31;100;0,3;0,34;0;0,05;108,58;108,58;0,82;0,69
4;StudentAttendanceSystem;transition;1037;16;26;8;26;100;0,28;0,57;0;0,07;108,58;108,58;1,1;0,93
4;StudentAttendanceSystem;pair;1037;16;26;19;103;100;0,36;0,11;0,56;0,14;109,58;109,58;1,65;1,17
4;StudentAttendanceSystem;state;1038;18;32;7;35;100;0,33;0,37;0;0,06;110,58;110,58;0,89;0,76
4;StudentAttendanceSystem;transition;1038;18;32;12;32;100;0,22;0,54;0;0,11;110,58;110,58;0,99;0,86
4;StudentAttendanceSystem;pair;1038;18;32;27;139;100;0,34;0,14;0,76;0,21;111,58;111,58;2,03;1,45
4;StudentAttendanceSystem;state;1039;20;39;8;43;100;0,31;0,42;0;0,08;112,58;112,58;0,92;0,8
4;StudentAttendanceSystem;transition;1039;20;39;13;39;100;0,41;0,82;0;0,13;112,58;113,58;1,54;1,36
4;StudentAttendanceSystem;pair;1039;20;39;37;215;100;0,37;0,19;1,25;0,3;114,58;114,58;2,81;2,12
4;StudentAttendanceSystem;state;1040;22;40;9;48;100;0,35;0,45;0;0,08;114,58;114,58;1;0,88
4;StudentAttendanceSystem;transition;1040;22;40;14;39;100;0,45;0,85;0;0,13;115,58;115,58;1,59;1,43
4;StudentAttendanceSystem;pair;1040;22;40;35;181;100;0,39;0,19;1,09;0,26;116,58;116,58;2,56;1,93
4;StudentAttendanceSystem;state;1041;26;49;11;58;100;0,54;0,59;0;0,1;117,58;117,58;1,4;1,22
4;StudentAttendanceSystem;transition;1041;26;49;18;48;100;0,4;1,18;0;0,17;118,58;118,58;1,93;1,76
4;StudentAttendanceSystem;pair;1041;26;49;46;242;100;0,43;0,28;1,71;0,37;119,58;119,58;3,59;2,79
4;StudentAttendanceSystem;state;1042;26;53;11;62;100;0,48;0,55;0;0,13;120,58;120,58;1,29;1,15
4;StudentAttendanceSystem;transition;1042;26;53;17;53;100;0,47;1,15;0;0,19;121,58;121,58;2,01;1,82
4;StudentAttendanceSystem;pair;1042;26;53;45;267;100;0,43;0,28;1,76;0,45;122,58;123,58;3,72;2,92
4;StudentAttendanceSystem;state;1043;23;43;9;49;100;0,38;0,46;0;0,08;123,58;123,58;1,05;0,92
4;StudentAttendanceSystem;transition;1043;23;43;14;42;100;0,36;0,91;0;0,16;124,58;124,58;1,59;1,43
4;StudentAttendanceSystem;pair;1043;23;43;38;224;100;0,39;0,2;1,39;0,37;125,58;125,58;3,05;2,35
4;StudentAttendanceSystem;state;1044;21;40;8;42;100;0,37;0,42;0;0,07;126,58;126,58;0,98;0,86
4;StudentAttendanceSystem;transition;1044;21;40;15;40;100;0,24;0,77;0;0,16;126,58;127,58;1,32;1,16
4;StudentAttendanceSystem;pair;1044;21;40;38;202;100;0,35;0,15;1,1;0,3;128,58;128,58;2,48;1,89
4;StudentAttendanceSystem;state;1045;21;35;8;43;100;0,24;0,29;0;0,07;128,58;128,58;0,71;0,6
4;StudentAttendanceSystem;transition;1045;21;35;12;34;100;0,35;0,79;0;0,13;129,58;129,58;1,44;1,27
4;StudentAttendanceSystem;pair;1045;21;35;26;140;100;0,35;0,17;0,87;0,21;130,58;130,58;2,17;1,6
4;StudentAttendanceSystem;state;1046;22;38;8;42;100;0,38;0,52;0;0,07;131,58;131,58;1,09;0,97
4;StudentAttendanceSystem;transition;1046;22;38;14;37;100;0,36;0,87;0;0,12;131,58;131,58;1,51;1,34
4;StudentAttendanceSystem;pair;1046;22;38;32;164;100;0,45;0,2;1;0,23;132,58;132,58;2,52;1,89
4;StudentAttendanceSystem;state;1047;22;43;10;51;100;0,44;1,01;0;0,09;133,58;133,58;1,68;1,54
4;StudentAttendanceSystem;transition;1047;22;43;15;43;100;0,39;0,92;0;0,15;134,58;134,58;1,65;1,46
4;StudentAttendanceSystem;pair;1047;22;43;36;198;100;0,37;0,21;1,23;0,35;135,58;135,58;2,88;2,16
4;StudentAttendanceSystem;state;1048;24;49;11;60;100;0,43;0,57;0;0,13;136,58;136,58;1,3;1,14
4;StudentAttendanceSystem;transition;1048;24;49;15;49;100;0,4;0,99;0;0,16;136,58;136,58;1,74;1,56
4;StudentAttendanceSystem;pair;1048;24;49;42;248;100;0,48;0,27;1,68;0,38;138,58;138,58;3,57;2,82
4;StudentAttendanceSystem;state;1049;22;41;9;48;100;0,5;0,48;0;0,09;138,58;139,58;1,21;1,07
4;StudentAttendanceSystem;transition;1049;22;41;15;41;100;0,36;0,95;0;0,14;139,58;139,58;1,62;1,45
4;StudentAttendanceSystem;pair;1049;22;41;38;193;100;0,35;0,18;1,13;0,3;140,58;141,58;2,62;1,97
4;StudentAttendanceSystem;state;1050;19;33;7;36;100;0,4;0,38;0;0,06;141,58;141,58;0,97;0,84
4;StudentAttendanceSystem;transition;1050;19;33;12;32;100;0,3;0,82;0;0,13;142,58;142,58;1,42;1,25
4;StudentAttendanceSystem;pair;1050;19;33;28;144;100;0,35;0,15;0,74;0,14;142,58;143,58;1,9;1,38
4;StudentAttendanceSystem;state;1051;23;45;9;48;100;0,26;0,3;0;0,05;143,58;143,58;0,7;0,62
4;StudentAttendanceSystem;transition;1051;23;45;16;45;100;0,24;0,83;0;0,16;144,58;144,58;1,44;1,24
4;StudentAttendanceSystem;pair;1051;23;45;42;238;100;0,44;0,23;1,44;0,4;145,58;146,58;3,35;2,52
4;StudentAttendanceSystem;state;1052;23;45;10;56;100;0,42;0,49;0;0,1;146,58;146,58;1,15;1,01
4;StudentAttendanceSystem;transition;1052;23;45;14;45;100;0,47;0,65;0;0,1;147,58;147,58;1,36;1,22
4;StudentAttendanceSystem;pair;1052;23;45;40;234;100;0,26;0,17;1,15;0,4;148,58;148,58;2,52;1,97
4;StudentAttendanceSystem;state;1053;26;52;11;61;100;0,46;0,55;0;0,12;149,58;149,58;1,32;1,13
4;StudentAttendanceSystem;transition;1053;26;52;17;52;100;0,44;1,08;0;0,18;150,58;150,58;1,87;1,7
4;StudentAttendanceSystem;pair;1053;26;52;51;291;100;0,42;0,29;1,82;0,46;151,58;152,58;3,86;2,99
4;StudentAttendanceSystem;state;1054;25;50;10;55;100;0,42;0,55;0;0,09;152,58;152,58;1,19;1,05
4;StudentAttendanceSystem;transition;1054;25;50;17;49;100;0,39;1,27;0;0,13;153,58;153,58;1,93;1,78
4;StudentAttendanceSystem;pair;1054;25;50;46;262;100;0,29;2,05;1,91;0,42;154,66;6,66;5,49;4,66
4;StudentAttendanceSystem;state;1055;25;50;10;55;100;0,43;0,62;0;0,13;6,66;6,66;1,33;1,17
4;StudentAttendanceSystem;transition;1055;25;50;17;49;100;0,52;1,05;0;0,14;7,66;7,66;1,88;1,71
4;StudentAttendanceSystem;pair;1055;25;50;46;262;100;0,45;0,26;2,26;0,44;8,66;9,66;4,28;3,41
4;StudentAttendanceSystem;state;1056;21;34;8;41;100;0,35;0,39;0;0,07;9,66;9,66;0,97;0,82
4;StudentAttendanceSystem;transition;1056;21;34;12;33;100;0,41;0,8;0;0,12;10,66;10,66;1,5;1,33
4;StudentAttendanceSystem;pair;1056;21;34;32;157;100;0,35;0,17;0,7;0,22;11,66;11,66;2,03;1,44
4;StudentAttendanceSystem;state;1057;17;26;6;31;100;0,31;0,28;0;0,06;11,66;11,66;0,78;0,65
4;StudentAttendanceSystem;transition;1057;17;26;8;26;100;0,29;0,49;0;0,05;12,66;12,66;0,92;0,83
4;StudentAttendanceSystem;pair;1057;17;26;21;101;100;0,29;0,11;0,54;0,2;13,66;13,66;1,69;1,14
4;StudentAttendanceSystem;state;1058;18;33;8;41;100;0,37;0,4;0;0,08;13,66;13,66;0,98;0,84
4;StudentAttendanceSystem;transition;1058;18;33;11;33;100;0,33;0,68;0;0,15;14,66;14,66;1,35;1,16
4;StudentAttendanceSystem;pair;1058;18;33;27;141;100;0,32;0,14;0,83;0,24;15,66;15,66;2,08;1,53
4;StudentAttendanceSystem;state;1059;20;40;8;42;100;0,36;0,43;0;0,07;15,66;15,66;1;0,87
4;StudentAttendanceSystem;transition;1059;20;40;14;40;100;0,42;0,91;0;0,17;16,66;16,66;1,67;1,5
4;StudentAttendanceSystem;pair;1059;20;40;39;217;100;0,42;0,2;1,24;0,31;17,66;17,66;2,84;2,17
4;StudentAttendanceSystem;state;1060;28;56;13;72;100;0,5;0,5;0;0,09;18,66;18,66;1,19;1,09
4;StudentAttendanceSystem;transition;1060;28;56;17;56;100;0,28;0,77;0;0,12;19,66;19,66;1,29;1,17
4;StudentAttendanceSystem;pair;1060;28;56;51;297;100;0,29;0,25;1,8;0,3;20,66;21,66;3,36;2,65
4;StudentAttendanceSystem;state;1061;24;45;10;55;100;0,27;0,3;0;0,06;21,66;21,66;0,71;0,64
4;StudentAttendanceSystem;transition;1061;24;45;15;45;100;0,26;0,61;0;0,1;22,66;22,66;1,08;0,97
4;StudentAttendanceSystem;pair;1061;24;45;38;210;100;0,25;0,16;0,92;0,21;23,66;24,66;2,06;1,54
4;StudentAttendanceSystem;state;1062;20;36;8;39;100;0,27;0,44;0;0,08;24,66;24,66;0,93;0,79
4;StudentAttendanceSystem;transition;1062;20;36;14;36;100;0,32;0,78;0;0,09;25,66;25,66;1,31;1,19
4;StudentAttendanceSystem;pair;1062;20;36;30;153;100;0,29;0,16;0,86;0,25;26,66;26,66;2,18;1,57
4;StudentAttendanceSystem;state;1063;16;29;7;32;100;0,31;0,33;0;0,05;26,66;26,66;0,8;0,69
4;StudentAttendanceSystem;transition;1063;16;29;11;29;100;0,29;0,58;0;0,09;27,66;27,66;1,08;0,96
4;StudentAttendanceSystem;pair;1063;16;29;25;122;100;0,28;0,13;0,67;0,17;27,66;28,66;1,74;1,23
4;StudentAttendanceSystem;state;1064;19;34;8;42;100;0,32;0,38;0;0,08;28,66;28,66;0,88;0,78
4;StudentAttendanceSystem;transition;1064;19;34;11;34;100;0,2;0,48;0;0,07;29,66;29,66;0,85;0,75
4;StudentAttendanceSystem;pair;1064;19;34;27;143;100;0,39;0,15;0,81;0,2;30,66;30,66;2,08;1,54
4;StudentAttendanceSystem;state;1065;22;42;9;45;100;0,36;0,33;0;0,05;30,66;30,66;0,83;0,74
4;StudentAttendanceSystem;transition;1065;22;42;16;41;100;0,29;0,57;0;0,11;31,66;31,66;1,07;0,96
4;StudentAttendanceSystem;pair;1065;22;42;38;204;100;0,23;0,16;0,97;0,2;32,66;32,66;1,98;1,56
4;StudentAttendanceSystem;state;1066;22;41;10;52;100;0,31;0,28;0;0,06;33,66;33,66;0,74;0,65
4;StudentAttendanceSystem;transition;1066;22;41;15;41;100;0,23;0,63;0;0,1;34,66;34,66;1,06;0,95
4;StudentAttendanceSystem;pair;1066;22;41;32;171;100;0,26;0,14;1,04;0,17;35,66;35,66;2,15;1,62
4;StudentAttendanceSystem;state;1067;23;41;10;56;100;0,31;0,29;0;0,06;35,66;35,66;0,75;0,66
4;StudentAttendanceSystem;transition;1067;23;41;13;40;100;0,39;0,88;0;0,13;36,66;36,66;1,55;1,41
4;StudentAttendanceSystem;pair;1067;23;41;36;195;100;0,35;0,22;1,19;0,19;37,66;37,66;2,54;1,95
4;StudentAttendanceSystem;state;1068;28;55;11;62;100;0,37;0,36;0;0,08;38,66;38,66;0,9;0,81
4;StudentAttendanceSystem;transition;1068;28;55;19;54;100;0,4;1,25;0;0,15;39,66;39,66;1,98;1,8
4;StudentAttendanceSystem;pair;1068;28;55;49;283;100;0,31;0,27;2,05;0,33;40,66;41,66;3,6;2,96
4;StudentAttendanceSystem;state;1069;21;38;9;48;100;0,25;0,27;0;0,05;41,66;41,66;0,65;0,57
4;StudentAttendanceSystem;transition;1069;21;38;13;38;100;0,21;0,56;0;0,08;42,66;42,66;0,98;0,86
4;StudentAttendanceSystem;pair;1069;21;38;31;161;100;0,22;0,13;0,73;0,16;43,66;43,66;1,64;1,23
4;StudentAttendanceSystem;state;1070;27;55;12;67;100;0,41;0,58;0;0,12;44,66;44,66;1,25;1,1
4;StudentAttendanceSystem;transition;1070;27;55;18;55;100;0,44;1,13;0;0,23;44,66;45,66;2;1,8
4;StudentAttendanceSystem;pair;1070;27;55;48;276;100;0,3;0,22;1,66;0,41;46,66;46,66;3,25;2,59
4;StudentAttendanceSystem;state;1071;16;26;6;31;100;0,33;0,33;0;0,05;47,66;47,66;0,84;0,7
4;StudentAttendanceSystem;transition;1071;16;26;8;26;100;0,26;0,62;0;0,08;47,66;47,66;1,15;0,96
4;StudentAttendanceSystem;pair;1071;16;26;20;106;100;0,32;0,11;0,53;0,14;48,66;48,66;1,59;1,1
4;StudentAttendanceSystem;state;1072;27;51;11;61;100;0,43;0,54;0;0,1;49,66;49,66;1,2;1,07
4;StudentAttendanceSystem;transition;1072;27;51;18;50;100;0,29;0,87;0;0,2;50,66;50,66;1,54;1,37
4;StudentAttendanceSystem;pair;1072;27;51;45;245;100;0,42;0,28;1,28;0,29;51,66;51,66;2,99;2,27
4;StudentAttendanceSystem;state;1073;23;44;9;48;100;0,27;0,29;0;0,06;52,66;52,66;0,71;0,62
4;StudentAttendanceSystem;transition;1073;23;44;15;43;100;0,47;0,95;0;0,18;52,66;53,66;1,78;1,6
4;StudentAttendanceSystem;pair;1073;23;44;40;230;100;0,38;0,22;1,55;0,37;54,66;54,66;3,28;2,51
4;StudentAttendanceSystem;state;1074;23;48;10;55;100;0,4;0,39;0;0,1;55,66;55,66;1;0,89
4;StudentAttendanceSystem;transition;1074;23;48;15;48;100;0,4;0,93;0;0,17;55,66;55,66;1,72;1,5
4;StudentAttendanceSystem;pair;1074;23;48;42;246;100;0,46;0,26;1,6;0,36;57,66;57,66;3,41;2,68
4;StudentAttendanceSystem;state;1075;20;33;7;37;100;0,33;0,4;0;0,08;57,66;57,66;0,95;0,81
4;StudentAttendanceSystem;transition;1075;20;33;12;32;100;0,33;0,77;0;0,16;58,66;58,66;1,43;1,26
4;StudentAttendanceSystem;pair;1075;20;33;30;148;100;0,33;0,15;0,94;0,24;59,66;59,66;2,26;1,66
4;StudentAttendanceSystem;state;1076;17;28;7;33;100;0,35;0,35;0;0,08;59,66;60,66;0,92;0,78
4;StudentAttendanceSystem;transition;1076;17;28;11;27;100;0,29;0,62;0;0,1;60,66;60,66;1,18;1
4;StudentAttendanceSystem;pair;1076;17;28;20;93;100;0,28;0,12;0,61;0,14;61,66;61,66;1,64;1,15
4;StudentAttendanceSystem;state;1077;24;45;9;48;100;0,42;0,45;0;0,08;61,66;61,66;1,07;0,95
4;StudentAttendanceSystem;transition;1077;24;45;17;44;100;0,41;1,08;0;0,23;62,66;62,66;1,92;1,72
4;StudentAttendanceSystem;pair;1077;24;45;42;226;100;0,4;0,26;1,49;0,37;63,66;64,66;3,28;2,51
4;StudentAttendanceSystem;state;1078;26;50;11;62;100;0,32;0,53;0;0,15;64,66;64,66;1,14;1
4;StudentAttendanceSystem;transition;1078;26;50;16;49;100;0,48;1,06;0;0,18;65,66;65,66;1,9;1,72
4;StudentAttendanceSystem;pair;1078;26;50;44;258;100;0,43;0,27;1,87;0,41;66,66;67,66;3,87;2,98
4;StudentAttendanceSystem;state;1079;26;50;10;54;100;0,55;0,53;0;0,1;67,66;67,66;1,33;1,19
4;StudentAttendanceSystem;transition;1079;26;50;18;49;100;0,48;1,22;0;0,2;68,66;68,66;2,12;1,91
4;StudentAttendanceSystem;pair;1079;26;50;46;258;100;0,44;0,28;2,36;0,39;69,66;70,66;4,32;3,47
4;StudentAttendanceSystem;state;1080;27;56;12;65;100;0,5;0,71;0;0,13;70,66;71,66;1,51;1,33
4;StudentAttendanceSystem;transition;1080;27;56;19;56;100;0,42;1,22;0;0,22;71,66;71,66;2,09;1,85
4;StudentAttendanceSystem;pair;1080;27;56;47;275;100;0,45;0,33;2,14;0,55;73,66;73,66;4,48;3,47
4;StudentAttendanceSystem;state;1081;26;51;10;54;100;0,46;0,53;0;0,1;74,66;74,66;1,23;1,08
4;StudentAttendanceSystem;transition;1081;26;51;18;50;100;0,44;1,06;0;0,23;75,66;75,66;1,98;1,73
4;StudentAttendanceSystem;pair;1081;26;51;52;292;100;0,59;0,27;2,35;0,49;76,66;76,66;4,57;3,7
4;StudentAttendanceSystem;state;1082;22;39;8;42;100;0,44;0,49;0;0,08;77,66;77,66;1,18;1,01
4;StudentAttendanceSystem;transition;1082;22;39;15;38;100;0,39;0,94;0;0,2;78,66;78,66;1,74;1,53
4;StudentAttendanceSystem;pair;1082;22;39;34;176;100;0,37;0,17;1,15;0,31;79,66;79,66;2,68;2
4;StudentAttendanceSystem;state;1083;20;37;8;43;100;0,38;0,45;0;0,08;79,66;79,66;1,05;0,92
4;StudentAttendanceSystem;transition;1083;20;37;13;37;100;0,44;0,93;0;0,18;80,66;80,66;1,77;1,56
4;StudentAttendanceSystem;pair;1083;20;37;31;175;100;0,35;0,21;1,24;0,26;81,66;81,66;2,75;2,07
4;StudentAttendanceSystem;state;1084;30;60;13;70;100;0,55;0,63;0;0,15;82,66;82,66;1,49;1,33
4;StudentAttendanceSystem;transition;1084;30;60;22;59;100;0,55;1,4;0;0,23;83,66;83,66;2,4;2,18
4;StudentAttendanceSystem;pair;1084;30;60;54;306;100;0,47;0,39;2,65;0,57;84,66;85,66;5,06;4,07
4;StudentAttendanceSystem;state;1085;18;29;7;34;100;0,39;0,34;0;0,05;85,66;85,66;0,91;0,78
4;StudentAttendanceSystem;transition;1085;18;29;11;28;100;0,3;0,68;0;0,1;86,66;86,66;1,22;1,08
4;StudentAttendanceSystem;pair;1085;18;29;20;98;100;0,29;0,12;0,54;0,14;87,66;87,66;1,55;1,08
4;StudentAttendanceSystem;state;1086;21;38;8;43;100;0,34;0,38;0;0,08;87,66;87,66;0,92;0,79
4;StudentAttendanceSystem;transition;1086;21;38;13;37;100;0,33;0,85;0;0,14;88,66;88,66;1,46;1,32
4;StudentAttendanceSystem;pair;1086;21;38;33;189;100;0,42;0,13;1,23;0,28;89,66;89,66;2,59;2,05
4;StudentAttendanceSystem;state;1087;26;52;11;62;100;0,48;0,55;0;0,13;90,66;90,66;1,32;1,17
4;StudentAttendanceSystem;transition;1087;26;52;16;52;100;0,43;1,07;0;0,18;90,66;91,66;1,88;1,68
4;StudentAttendanceSystem;pair;1087;26;52;42;252;100;0,46;0,29;1,85;0,38;92,66;92,66;3,84;2,99
4;StudentAttendanceSystem;state;1088;22;44;10;53;100;0,4;0,48;0;0,09;93,66;93,66;1,15;0,98
4;StudentAttendanceSystem;transition;1088;22;44;15;44;100;0,47;0,98;0;0,17;93,66;94,66;1,82;1,62
4;StudentAttendanceSystem;pair;1088;22;44;45;253;100;0,36;0,28;1,64;0,36;95,66;95,66;3,5;2,64
4;StudentAttendanceSystem;state;1089;30;60;13;71;100;0,49;0,7;0;0,14;96,66;96,66;1,49;1,33
4;StudentAttendanceSystem;transition;1089;30;60;20;59;100;0,5;1,44;0;0,25;97,66;97,66;2,4;2,19
4;StudentAttendanceSystem;pair;1089;30;60;47;281;100;0,51;0,31;2,11;0,45;98,66;99,66;4,3;3,38
4;StudentAttendanceSystem;state;1090;21;37;8;43;100;0,61;0,44;0;0,07;99,66;99,66;1,24;1,11
4;StudentAttendanceSystem;transition;1090;21;37;12;36;100;0,35;0,82;0;0,15;100,66;100,66;1,5;1,32
4;StudentAttendanceSystem;pair;1090;21;37;31;177;100;0,41;0,17;1,07;0,27;101,66;101,66;2,62;1,91
4;StudentAttendanceSystem;state;1091;20;34;7;36;100;0,33;0,39;0;0,08;101,66;101,66;0,94;0,8
4;StudentAttendanceSystem;transition;1091;20;34;11;33;100;0,35;0,78;0;0,14;102,66;102,66;1,46;1,27
4;StudentAttendanceSystem;pair;1091;20;34;32;168;100;0,35;0,22;1,27;0,24;103,66;103,66;2,65;2,07
4;StudentAttendanceSystem;state;1092;23;41;9;48;100;0,47;0,45;0;0,09;104,66;104,66;1,18;1,02
4;StudentAttendanceSystem;transition;1092;23;41;13;40;100;0,38;0,91;0;0,16;104,66;104,66;1,63;1,44
4;StudentAttendanceSystem;pair;1092;23;41;37;197;100;0,41;0,22;1,55;0,32;105,66;106,66;3,3;2,49
4;StudentAttendanceSystem;state;1093;28;55;13;74;100;0,45;0,56;0;0,13;106,66;106,66;1,29;1,14
4;StudentAttendanceSystem;transition;1093;28;55;16;54;100;0,53;1,2;0;0,26;107,66;107,66;2,2;1,99
4;StudentAttendanceSystem;pair;1093;28;55;48;288;100;0,55;0,29;2,21;0,48;109,66;109,66;4,49;3,53
4;StudentAttendanceSystem;state;1094;23;44;9;49;100;0,46;1,14;0;0,12;110,66;110,66;1,86;1,71
4;StudentAttendanceSystem;transition;1094;23;44;15;43;100;0,41;0,92;0;0,17;110,66;110,66;1,68;1,5
4;StudentAttendanceSystem;pair;1094;23;44;39;215;100;0,4;0,21;1,43;0,34;111,66;112,66;3,11;2,38
4;StudentAttendanceSystem;state;1095;18;32;7;35;100;0,33;0,38;0;0,06;112,66;112,66;0,92;0,77
4;StudentAttendanceSystem;transition;1095;18;32;12;32;100;0,3;0,85;0;0,15;113,66;113,66;1,53;1,3
4;StudentAttendanceSystem;pair;1095;18;32;29;146;100;0,39;0,19;1,07;0,2;114,66;114,66;2,48;1,84
4;StudentAttendanceSystem;state;1096;19;33;7;36;100;0,38;0,37;0;0,07;114,66;114,66;0,96;0,82
4;StudentAttendanceSystem;transition;1096;19;33;12;33;100;0,44;0,76;0;0,11;115,66;115,66;1,49;1,32
4;StudentAttendanceSystem;pair;1096;19;33;28;140;100;0,38;0,16;0,91;0,19;116,66;116,66;2,31;1,65
4;StudentAttendanceSystem;state;1097;29;58;12;67;100;0,43;0,65;0;0,12;117,66;117,66;1,35;1,2
4;StudentAttendanceSystem;transition;1097;29;58;20;57;100;0,47;1,34;0;0,27;117,66;118,66;2,27;2,07
4;StudentAttendanceSystem;pair;1097;29;58;58;326;100;0,45;0,32;2,4;0,5;119,66;120,66;4,54;3,67
4;StudentAttendanceSystem;state;1098;23;40;9;47;100;0,38;0,45;0;0,08;120,66;120,66;1,05;0,9
4;StudentAttendanceSystem;transition;1098;23;40;14;39;100;0,34;0,87;0;0,14;121,66;121,66;1,52;1,34
4;StudentAttendanceSystem;pair;1098;23;40;37;195;100;0,38;0,2;1,17;0,28;122,66;122,66;2,66;2,03
4;StudentAttendanceSystem;state;1099;30;60;13;73;100;0,48;0,58;0;0,14;123,66;123,66;1,36;1,2
4;StudentAttendanceSystem;transition;1099;30;60;19;59;100;0,46;1,16;0;0,17;124,66;124,66;1,95;1,79
4;StudentAttendanceSystem;pair;1099;30;60;55;319;100;0,32;0,3;1,91;0,34;125,66;126,66;3,53;2,87
4;StudentAttendanceSystem;state;1100;25;51;11;57;100;0,29;0,49;0;0,1;126,66;126,66;1,02;0,88
4;StudentAttendanceSystem;transition;1100;25;51;17;51;100;0,45;0,87;0;0,15;127,66;127,66;1,62;1,47
4;StudentAttendanceSystem;pair;1100;25;51;50;282;100;0,4;0,28;1,88;0,41;129,66;129,66;3,73;2,97
4;StudentAttendanceSystem;state;1101;30;61;13;71;100;0,33;0,41;0;0,08;130,66;130,66;0,9;0,81
4;StudentAttendanceSystem;transition;1101;30;61;21;60;100;0,3;0,91;0;0,17;130,66;131,66;1,51;1,38
4;StudentAttendanceSystem;pair;1101;30;61;52;304;100;0,42;0,25;1,66;0,44;132,66;133,66;3,58;2,77
4;StudentAttendanceSystem;state;1102;18;34;7;37;100;0,31;0,26;0;0,04;133,66;133,66;0,71;0,62
4;StudentAttendanceSystem;transition;1102;18;34;11;34;100;0,19;0,45;0;0,07;134,66;134,66;0,81;0,72
4;StudentAttendanceSystem;pair;1102;18;34;35;189;100;0,31;0,16;0,89;0,18;135,66;135,66;2,07;1,54
4;StudentAttendanceSystem;state;1103;23;41;8;43;100;0,25;0,31;0;0,05;135,66;135,66;0,7;0,61
4;StudentAttendanceSystem;transition;1103;23;41;14;40;100;0,25;0,63;0;0,1;136,66;136,66;1,09;0,98
4;StudentAttendanceSystem;pair;1103;23;41;31;178;100;0,24;0,18;0,92;0,18;137,66;137,66;2,02;1,52
4;StudentAttendanceSystem;state;1104;22;39;9;49;100;0,4;0,44;0;0,06;138,66;138,66;1,01;0,9
4;StudentAttendanceSystem;transition;1104;22;39;13;39;100;0,27;0,56;0;0,13;138,66;139,66;1,13;0,95
4;StudentAttendanceSystem;pair;1104;22;39;30;160;100;0,36;0,19;0,9;0,26;139,66;140,66;2,42;1,71
4;StudentAttendanceSystem;state;1105;26;53;11;58;100;0,43;0,66;0;0,14;140,66;140,66;1,4;1,23
4;StudentAttendanceSystem;transition;1105;26;53;19;52;100;0,44;1,15;0;0,14;141,66;141,66;1,94;1,73
4;StudentAttendanceSystem;pair;1105;26;53;48;272;100;0,33;0,29;2,07;0,44;143,66;143,66;4,02;3,13
4;StudentAttendanceSystem;state;1106;23;43;9;49;100;0,46;0,56;0;0,11;143,66;144,66;1,27;1,12
4;StudentAttendanceSystem;transition;1106;23;43;14;42;100;0,48;0,94;0;0,16;144,66;144,66;1,77;1,58
4;StudentAttendanceSystem;pair;1106;23;43;38;224;100;0,41;0,2;1,47;0,46;145,66;146,66;3,37;2,54
4;StudentAttendanceSystem;state;1107;29;59;12;65;100;0,55;0,61;0;0,13;146,66;146,66;1,45;1,29
4;StudentAttendanceSystem;transition;1107;29;59;22;58;100;0,54;1,36;0;0,28;147,66;147,66;2,38;2,17
4;StudentAttendanceSystem;pair;1107;29;59;54;304;100;0,51;0,34;2,39;0,51;149,66;149,66;4,75;3,76
4;StudentAttendanceSystem;state;1108;25;51;12;65;100;0,5;0,54;0;0,11;150,66;150,66;1,28;1,14
4;StudentAttendanceSystem;transition;1108;25;51;17;51;100;0,43;1,17;0;0,2;151,66;151,66;2,06;1,8
4;StudentAttendanceSystem;pair;1108;25;51;49;281;100;0,45;0,27;1,86;0,47;152,66;152,66;3,98;3,04
4;StudentAttendanceSystem;state;1109;20;36;8;40;100;0,39;0,4;0;0,06;153,66;153,66;1;0,85
4;StudentAttendanceSystem;transition;1109;20;36;14;35;100;0,33;0,79;0;0,13;153,66;5,61;3,12;1,25
4;StudentAttendanceSystem;pair;1109;20;36;31;157;100;0,3;0,13;0,82;0,23;5,61;6,61;1,95;1,47
4;StudentAttendanceSystem;state;1110;28;54;11;62;100;0,44;0,54;0;0,11;6,61;6,61;1,26;1,09
4;StudentAttendanceSystem;transition;1110;28;54;18;53;100;0,44;1,21;0;0,14;7,61;7,61;1,94;1,79
4;StudentAttendanceSystem;pair;1110;28;54;46;268;100;0,5;0,27;2,22;0,42;9,61;9,61;4,16;3,41
4;StudentAttendanceSystem;state;1111;26;51;11;61;100;0,48;0,62;0;0,12;10,61;10,61;1,37;1,22
4;StudentAttendanceSystem;transition;1111;26;51;16;51;100;0,38;1,03;0;0,15;10,61;10,61;1,75;1,57
4;StudentAttendanceSystem;pair;1111;26;51;48;276;100;0,49;0,3;2,06;0,45;12,61;12,61;4,27;3,3
4;StudentAttendanceSystem;state;1112;24;46;10;54;100;0,5;0,63;0;0,1;13,61;13,61;1,37;1,23
4;StudentAttendanceSystem;transition;1112;24;46;16;45;100;0,42;0,99;0;0,17;13,61;13,61;1,75;1,58
4;StudentAttendanceSystem;pair;1112;24;46;41;225;100;0,38;0,24;1,5;0,37;15,61;15,61;3,21;2,49
4;StudentAttendanceSystem;state;1113;17;29;7;37;100;0,3;0,35;0;0,06;15,61;15,61;0,85;0,71
4;StudentAttendanceSystem;transition;1113;17;29;9;29;100;0,32;0,59;0;0,08;16,61;16,61;1,15;0,99
4;StudentAttendanceSystem;pair;1113;17;29;26;140;100;0,3;0,12;0,78;0,19;17,61;17,61;1,94;1,39
4;StudentAttendanceSystem;state;1114;25;45;10;55;100;0,27;0,33;0;0,14;17,61;18,61;0,88;0,74
4;StudentAttendanceSystem;transition;1114;25;45;15;44;100;0,34;1,01;0;0,16;18,61;18,61;1,7;1,51
4;StudentAttendanceSystem;pair;1114;25;45;40;216;100;0,37;0,29;1,04;0,31;19,61;20,61;2,68;2,01
4;StudentAttendanceSystem;state;1115;21;39;8;43;100;0,44;0,46;0;0,07;20,61;20,61;1,1;0,97
4;StudentAttendanceSystem;transition;1115;21;39;13;39;100;0,32;0,77;0;0,14;21,61;21,61;1,4;1,22
4;StudentAttendanceSystem;pair;1115;21;39;38;206;100;0,36;0,18;1,31;0,29;22,61;22,61;2,87;2,15
4;StudentAttendanceSystem;state;1116;22;41;10;50;100;0,34;0,48;0;0,1;23,61;23,61;1,08;0,93
4;StudentAttendanceSystem;transition;1116;22;41;15;40;100;0,33;0,84;0;0,12;23,61;24,61;1,43;1,29
4;StudentAttendanceSystem;pair;1116;22;41;33;174;100;0,26;0,2;1,24;0,25;24,61;25,61;2,61;1,94
4;StudentAttendanceSystem;state;1117;21;40;9;48;100;0,4;0,49;0;0,09;25,61;25,61;1,13;0,98
4;StudentAttendanceSystem;transition;1117;21;40;13;40;100;0,33;0,78;0;0,13;26,61;26,61;1,42;1,23
4;StudentAttendanceSystem;pair;1117;21;40;35;193;100;0,36;0,21;1,31;0,29;27,61;27,61;2,83;2,17
4;StudentAttendanceSystem;state;1118;20;36;8;40;100;0,34;0,45;0;0,06;28,61;28,61;0,96;0,84
4;StudentAttendanceSystem;transition;1118;20;36;14;35;100;0,31;0,76;0;0,12;28,61;28,61;1,35;1,2
4;StudentAttendanceSystem;pair;1118;20;36;30;153;100;0,35;0,12;0,8;0,25;29,61;30,61;2,08;1,52
4;StudentAttendanceSystem;state;1119;30;59;13;73;100;0,49;0,67;0;0,14;30,61;30,61;1,43;1,29
4;StudentAttendanceSystem;transition;1119;30;59;18;58;100;0,38;1,19;0;0,28;31,61;31,61;2,05;1,86
4;StudentAttendanceSystem;pair;1119;30;59;51;302;100;0,47;0,33;2,47;0,5;33,61;33,61;4,8;3,78
4;StudentAttendanceSystem;state;1120;25;46;11;62;100;0,44;0,52;0;0,12;34,61;34,61;1,25;1,09
4;StudentAttendanceSystem;transition;1120;25;46;14;45;100;0,4;1;0;0,17;34,61;34,61;1,77;1,57
4;StudentAttendanceSystem;pair;1120;25;46;40;230;100;0,44;0,25;1,46;0,4;36,61;36,61;3,3;2,54
4;StudentAttendanceSystem;state;1121;19;33;7;38;100;0,33;0,39;0;0,06;36,61;36,61;0,92;0,78
4;StudentAttendanceSystem;transition;1121;19;33;11;32;100;0,33;0,68;0;0,19;37,61;37,61;1,37;1,19
4;StudentAttendanceSystem;pair;1121;19;33;31;161;100;0,33;0,18;1,05;0,24;38,61;38,61;2,41;1,81
4;StudentAttendanceSystem;state;1122;29;60;13;69;100;0,52;0,69;0;0,12;39,61;39,61;1,47;1,33
4;StudentAttendanceSystem;transition;1122;29;60;20;59;100;0,46;1,14;0;0,22;39,61;40,61;2,02;1,82
4;StudentAttendanceSystem;pair;1122;29;60;57;325;100;0,44;0,32;2,74;0,67;41,61;42,61;5,1;4,17
4;StudentAttendanceSystem;state;1123;30;60;13;73;100;0,66;0,79;0;0,19;42,61;42,61;1,81;1,63
4;StudentAttendanceSystem;transition;1123;30;60;19;59;100;0,62;1,38;0;0,27;43,61;43,61;2,49;2,27
4;StudentAttendanceSystem;pair;1123;30;60;54;317;100;0,48;0,36;1,8;0,49;45,61;45,61;4;3,13
4;StudentAttendanceSystem;state;1124;22;40;9;48;100;0,39;0,47;0;0,08;46,61;46,61;1,07;0,94
4;StudentAttendanceSystem;transition;1124;22;40;14;40;100;0,28;0,82;0;0,15;46,61;47,61;1,41;1,25
4;StudentAttendanceSystem;pair;1124;22;40;34;178;100;0,38;0,21;0,99;0,18;47,61;48,61;2,38;1,76
4;StudentAttendanceSystem;state;1125;21;39;8;43;100;0,24;0,33;0;0,07;48,61;48,61;0,74;0,64
4;StudentAttendanceSystem;transition;1125;21;39;13;38;100;0,34;0,83;0;0,14;49,61;49,61;1,46;1,31
4;StudentAttendanceSystem;pair;1125;21;39;39;213;100;0,39;0,18;1,35;0,36;50,61;50,61;2,97;2,28
4;StudentAttendanceSystem;state;1126;28;56;11;62;100;0,49;0,58;0;0,11;51,61;51,61;1,31;1,17
4;StudentAttendanceSystem;transition;1126;28;56;20;55;100;0,44;1,22;0;0,25;52,61;52,61;2,08;1,9
4;StudentAttendanceSystem;pair;1126;28;56;52;294;100;0,46;0,32;2,16;0,52;53,61;54,61;4,33;3,46
4;StudentAttendanceSystem;state;1127;28;55;11;62;100;0,51;0,59;0;0,14;54,61;54,61;1,41;1,24
4;StudentAttendanceSystem;transition;1127;28;55;19;54;100;0,46;1,2;0;0,21;55,61;55,61;2,05;1,87
4;StudentAttendanceSystem;pair;1127;28;55;49;283;100;0,46;0,32;2,14;0,49;57,61;57,61;4,31;3,42
4;StudentAttendanceSystem;state;1128;25;49;11;58;100;0,43;0,58;0;0,11;58,61;58,61;1,28;1,11
4;StudentAttendanceSystem;transition;1128;25;49;18;49;100;0,51;1,11;0;0,19;58,61;59,61;2,02;1,81
4;StudentAttendanceSystem;pair;1128;25;49;42;230;100;0,5;0,27;1,66;0,35;60,61;60,61;3,61;2,78
4;StudentAttendanceSystem;state;1129;19;31;7;35;100;0,36;0,35;0;0,07;60,61;61,61;0,91;0,78
4;StudentAttendanceSystem;transition;1129;19;31;12;30;100;0,3;0,7;0;0,11;61,61;61,61;1,27;1,11
4;StudentAttendanceSystem;pair;1129;19;31;25;119;100;0,24;0,13;0,65;0,2;62,61;62,61;1,82;1,22
4;StudentAttendanceSystem;state;1130;23;45;9;48;100;0,38;0,46;0;0,08;63,61;63,61;1,06;0,93
4;StudentAttendanceSystem;transition;1130;23;45;16;45;100;0,39;0,96;0;0,16;63,61;63,61;1,67;1,51
4;StudentAttendanceSystem;pair;1130;23;45;41;233;100;0,41;0,23;1,42;0,37;65,61;65,61;3,2;2,42
4;StudentAttendanceSystem;state;1131;26;54;11;62;100;0,48;0,63;0;0,11;65,61;65,61;1,36;1,21
4;StudentAttendanceSystem;transition;1131;26;54;18;54;100;0,42;1,08;0;0,24;66,61;66,61;1,92;1,74
4;StudentAttendanceSystem;pair;1131;26;54;48;278;100;0,45;0,36;1,89;0,54;68,61;68,61;4,28;3,24
4;StudentAttendanceSystem;state;1132;24;44;10;56;100;0,45;0,33;0;0,07;69,61;69,61;0,96;0,85
4;StudentAttendanceSystem;transition;1132;24;44;14;43;100;0,46;1,04;0;0,18;69,61;69,61;1,91;1,68
4;StudentAttendanceSystem;pair;1132;24;44;36;208;100;0,39;0,2;1,28;0,21;71,61;71,61;2,72;2,08
4;StudentAttendanceSystem;state;1133;27;56;12;67;100;0,35;0,37;0;0,13;71,61;71,61;0,98;0,84
4;StudentAttendanceSystem;transition;1133;27;56;19;56;100;0,45;1,14;0;0,2;72,61;72,61;1,97;1,79
4;StudentAttendanceSystem;pair;1133;27;56;51;291;100;0,47;0,36;2,21;0,49;74,61;74,61;4,9;3,53
4;StudentAttendanceSystem;state;1134;17;28;7;37;100;0,33;0,36;0;0,05;75,61;75,61;0,87;0,74
4;StudentAttendanceSystem;transition;1134;17;28;8;28;100;0,33;0,62;0;0,1;75,61;75,61;1,23;1,05
4;StudentAttendanceSystem;pair;1134;17;28;24;128;100;0,36;0,14;0,74;0,17;76,61;76,61;2;1,41
4;StudentAttendanceSystem;state;1135;16;28;6;31;100;0,33;0,36;0;0,05;77,61;77,61;0,88;0,74
4;StudentAttendanceSystem;transition;1135;16;28;9;28;100;0,28;0,58;0;0,08;77,61;77,61;1,06;0,93
4;StudentAttendanceSystem;pair;1135;16;28;28;142;100;0,28;0,13;0,76;0,22;78,61;78,61;1,94;1,39
4;StudentAttendanceSystem;state;1136;27;52;11;59;100;0,5;0,55;0;0,1;79,61;79,61;1,3;1,15
4;StudentAttendanceSystem;transition;1136;27;52;18;51;100;0,58;1,15;0;0,24;79,61;80,61;2,2;1,97
4;StudentAttendanceSystem;pair;1136;27;52;52;294;100;0,43;0,27;2,14;0,48;81,61;81,61;4,19;3,31
4;StudentAttendanceSystem;state;1137;23;41;10;53;100;0,41;0,43;0;0,15;82,61;82,61;1,14;0,99
4;StudentAttendanceSystem;transition;1137;23;41;14;40;100;0,41;0,84;0;0,14;83,61;83,61;1,53;1,38
4;StudentAttendanceSystem;pair;1137;23;41;32;173;100;0,39;0,19;1,9;0,25;84,61;84,61;3,4;2,73
4;StudentAttendanceSystem;state;1138;20;37;8;43;100;0,43;0,4;0;0,07;84,61;84,61;1,02;0,9
4;StudentAttendanceSystem;transition;1138;20;37;13;37;100;0,38;0,76;0;0,14;85,61;85,61;1,44;1,28
4;StudentAttendanceSystem;pair;1138;20;37;32;178;100;0,34;0,18;1,25;0,24;86,61;86,61;2,71;2,02
4;StudentAttendanceSystem;state;1139;28;58;13;70;100;0,44;0,61;0;0,16;87,61;87,61;1,4;1,21
4;StudentAttendanceSystem;transition;1139;28;58;19;58;100;0,51;1,25;0;0,22;88,61;88,61;2,18;1,98
4;StudentAttendanceSystem;pair;1139;28;58;55;315;100;0,46;0,32;2,36;0,5;89,61;90,61;4,6;3,64
4;StudentAttendanceSystem;state;1140;21;34;8;41;100;0,35;0,4;0;0,08;90,61;90,61;0,98;0,84
4;StudentAttendanceSystem;transition;1140;21;34;12;33;100;0,36;0,74;0;0,12;91,61;91,61;1,39;1,23
4;StudentAttendanceSystem;pair;1140;21;34;31;149;100;0,31;0,16;1;0,23;92,61;92,61;2,29;1,7
4;StudentAttendanceSystem;state;1141;18;34;7;37;100;0,32;0,37;0;0,07;92,61;92,61;0,89;0,76
4;StudentAttendanceSystem;transition;1141;18;34;11;34;100;0,33;0,67;0;0,15;93,61;93,61;1,33;1,15
4;StudentAttendanceSystem;pair;1141;18;34;35;189;100;0,33;0,19;1,16;0,26;94,61;94,61;2,59;1,95
4;StudentAttendanceSystem;state;1142;24;48;10;53;100;0,44;0,57;0;0,11;95,61;95,61;1,29;1,12
4;StudentAttendanceSystem;transition;1142;24;48;18;48;100;0,41;1,11;0;0,19;95,61;96,61;1,93;1,71
4;StudentAttendanceSystem;pair;1142;24;48;43;233;100;0,4;0,23;1,69;0,38;97,61;97,61;3,52;2,7
4;StudentAttendanceSystem;state;1143;16;26;7;34;100;0,31;0,35;0;0,06;98,61;98,61;0,88;0,72
4;StudentAttendanceSystem;transition;1143;16;26;9;26;100;0,31;0,52;0;0,08;98,61;98,61;1,07;0,91
4;StudentAttendanceSystem;pair;1143;16;26;21;102;100;0,32;0,11;0,56;0,15;99,61;99,61;1,74;1,14
4;StudentAttendanceSystem;state;1144;17;31;7;33;100;0,31;0,38;0;0,05;99,61;99,61;0,86;0,75
4;StudentAttendanceSystem;transition;1144;17;31;12;31;100;0,3;0,67;0;0,13;100,61;100,61;1,26;1,1
4;StudentAttendanceSystem;pair;1144;17;31;26;129;100;0,3;0,14;0,74;0,18;101,61;101,61;1,95;1,35
4;StudentAttendanceSystem;state;1145;21;38;8;42;100;0,32;0,38;0;0,07;101,61;101,61;0,9;0,77
4;StudentAttendanceSystem;transition;1145;21;38;13;37;100;0,37;0,75;0;0,14;102,61;102,61;1,42;1,25
4;StudentAttendanceSystem;pair;1145;21;38;33;183;100;0,33;0,17;1,26;0,27;103,61;103,61;2,7;2,03
4;StudentAttendanceSystem;state;1146;30;61;13;73;100;0,49;0,63;0;0,13;104,61;104,61;1,43;1,24
4;StudentAttendanceSystem;transition;1146;30;61;21;60;100;0,47;1,49;0;0,24;105,61;105,61;2,43;2,2
4;StudentAttendanceSystem;pair;1146;30;61;55;315;100;0,49;0,37;2,28;0,5;106,61;107,61;4,56;3,64
4;StudentAttendanceSystem;state;1147;18;31;7;37;100;0,41;0,41;0;0,06;107,61;107,61;1;0,87
4;StudentAttendanceSystem;transition;1147;18;31;11;31;100;0,32;0,65;0;0,1;108,61;108,61;1,21;1,07
4;StudentAttendanceSystem;pair;1147;18;31;25;131;100;0,21;0,16;0,56;0,16;109,61;109,61;1,51;1,09
4;StudentAttendanceSystem;state;1148;17;32;7;35;100;0,31;0,4;0;0,05;109,61;109,61;0,93;0,77
4;StudentAttendanceSystem;transition;1148;17;32;11;32;100;0,32;0,68;0;0,11;110,61;110,61;1,25;1,1
4;StudentAttendanceSystem;pair;1148;17;32;29;157;100;0,37;0,14;0,91;0,23;111,61;111,61;2,3;1,65
4;StudentAttendanceSystem;state;1149;19;32;7;36;100;0,31;0,35;0;0,08;111,61;112,61;0,88;0,75
4;StudentAttendanceSystem;transition;1149;19;32;11;31;100;0,31;0,71;0;0,11;112,61;112,61;1,29;1,13
4;StudentAttendanceSystem;pair;1149;19;32;26;136;100;0,36;0,14;0,75;0,2;113,61;113,61;2,1;1,45
4;StudentAttendanceSystem;state;1150;15;25;6;26;100;0,37;0,32;0;0,05;114,61;114,61;0,87;0,74
4;StudentAttendanceSystem;transition;1150;15;25;9;25;100;0,26;0,51;0;0,07;114,61;114,61;1,03;0,84
4;StudentAttendanceSystem;pair;1150;15;25;22;101;100;0,22;0,11;0,58;0,14;115,61;115,61;1,48;1,05
4;StudentAttendanceSystem;state;1151;21;40;8;43;100;0,35;0,42;0;0,07;115,61;115,61;0,96;0,84
4;StudentAttendanceSystem;transition;1151;21;40;14;40;100;0,36;0,81;0;0,14;116,61;116,61;1,48;1,31
4;StudentAttendanceSystem;pair;1151;21;40;41;221;100;0,38;0,29;1,83;0,42;117,61;117,61;3,83;2,93
4;StudentAttendanceSystem;state;1152;31;62;14;78;100;0,64;0,66;0;0,16;118,61;118,61;1,61;1,45
4;StudentAttendanceSystem;transition;1152;31;62;20;61;100;0,54;1,34;0;0,27;119,61;119,61;2,38;2,16
4;StudentAttendanceSystem;pair;1152;31;62;58;336;100;0,5;0,36;2,54;0,57;121,61;121,61;5,18;3,98
4;StudentAttendanceSystem;state;1153;23;45;9;50;100;0,51;0,75;0;0,12;122,61;122,61;1,58;1,38
4;StudentAttendanceSystem;transition;1153;23;45;16;45;100;0,54;1,12;0;0,2;122,61;123,61;2,09;1,86
4;StudentAttendanceSystem;pair;1153;23;45;41;223;100;0,48;0,25;1,61;0,33;124,61;124,61;3,59;2,66
4;StudentAttendanceSystem;state;1154;27;55;11;61;100;0,49;0,59;0;0,13;125,61;125,61;1,37;1,21
4;StudentAttendanceSystem;transition;1154;27;55;17;54;100;0,46;1,12;0;0,21;125,61;125,61;2;1,79
4;StudentAttendanceSystem;pair;1154;27;55;52;302;100;0,49;0,31;2,38;0,51;127,61;127,61;4,61;3,69
4;StudentAttendanceSystem;state;1155;21;36;8;43;100;0,38;0,42;0;0,07;128,61;128,61;1,01;0,87
4;StudentAttendanceSystem;transition;1155;21;36;13;35;100;0,34;0,77;0;0,16;128,61;129,61;1,43;1,27
4;StudentAttendanceSystem;pair;1155;21;36;29;155;100;0,37;0,16;1,02;0,29;129,61;130,61;2,5;1,83
4;StudentAttendanceSystem;state;1156;25;50;12;68;100;0,46;0,69;0;0,12;130,61;130,61;1,43;1,27
4;StudentAttendanceSystem;transition;1156;25;50;14;50;100;0,44;1,08;0;0,19;131,61;131,61;1,93;1,71
4;StudentAttendanceSystem;pair;1156;25;50;44;264;100;0,5;0,36;1,8;0,43;132,61;133,61;3,96;3,09
4;StudentAttendanceSystem;state;1157;29;58;12;67;100;0,52;0,65;0;0,15;133,61;133,61;1,48;1,32
4;StudentAttendanceSystem;transition;1157;29;58;21;57;100;0,54;1,25;0;0,26;134,61;134,61;2,3;2,06
4;StudentAttendanceSystem;pair;1157;29;58;55;307;100;0,57;0,39;2,78;0,58;136,61;136,61;5,38;4,32
4;StudentAttendanceSystem;state;1158;21;38;8;42;100;0,58;0,42;0;0,08;137,61;137,61;1,22;1,07
4;StudentAttendanceSystem;transition;1158;21;38;13;37;100;0,35;0,98;0;0,13;137,61;137,61;1,65;1,46
4;StudentAttendanceSystem;pair;1158;21;38;32;178;100;0,36;0,18;1,13;0,3;138,61;139,61;2,61;1,97
4;StudentAttendanceSystem;state;1159;30;60;13;73;100;0,51;0,61;0;0,15;139,61;139,61;1,42;1,27
4;StudentAttendanceSystem;transition;1159;30;60;19;59;100;0,5;1,29;0;0,23;140,61;140,61;2,24;2,01
4;StudentAttendanceSystem;pair;1159;30;60;54;317;100;0,56;0,39;2,66;0,49;142,61;142,61;5,13;4,1
4;StudentAttendanceSystem;state;1160;26;52;11;60;100;0,48;0,66;0;0,12;143,61;143,61;1,43;1,26
4;StudentAttendanceSystem;transition;1160;26;52;18;51;100;0,66;1,15;0;0,18;144,61;144,61;2,2;2
4;StudentAttendanceSystem;pair;1160;26;52;49;275;100;0,49;0,33;2,17;0,47;145,61;145,61;4,28;3,46
4;StudentAttendanceSystem;state;1161;25;48;9;49;100;0,43;0,47;0;0,1;146,61;146,61;1,14;1
4;StudentAttendanceSystem;transition;1161;25;48;17;47;100;0,43;1,13;0;0,24;147,61;147,61;2,01;1,8
4;StudentAttendanceSystem;pair;1161;25;48;42;243;100;0,53;0,23;1,62;0,37;148,61;148,61;3,61;2,75
4;StudentAttendanceSystem;state;1162;24;50;11;60;100;0,47;0,52;0;0,12;149,61;149,61;1,26;1,11
4;StudentAttendanceSystem;transition;1162;24;50;16;50;100;0,48;1,05;0;0,17;150,61;150,61;1,9;1,7
4;StudentAttendanceSystem;pair;1162;24;50;45;259;100;0,42;0,28;1,86;0,46;151,61;151,61;3,84;3,01
4;StudentAttendanceSystem;state;1163;20;37;8;41;100;0,33;0,38;0;0,07;152,61;152,61;0,93;0,78
4;StudentAttendanceSystem;transition;1163;20;37;13;36;100;0,36;0,89;0;0,13;153,61;153,61;1,55;1,38
4;StudentAttendanceSystem;pair;1163;20;37;32;178;100;0,33;0,18;4,04;0,27;154,7;5,7;5,52;4,82
4;StudentAttendanceSystem;state;1164;26;50;11;62;100;0,49;0,68;0;0,12;5,7;5,7;1,47;1,29
4;StudentAttendanceSystem;transition;1164;26;50;16;49;100;0,47;1,12;0;0,18;6,7;6,7;1,98;1,77
4;StudentAttendanceSystem;pair;1164;26;50;44;258;100;0,45;0,29;1,69;0,39;8,7;8,7;3,65;2,81
4;StudentAttendanceSystem;state;1165;22;41;10;56;100;0,41;0,49;0;0,1;8,7;8,7;1,2;1
4;StudentAttendanceSystem;transition;1165;22;41;12;41;100;0,52;1,01;0;0,13;9,7;9,7;1,84;1,66
4;StudentAttendanceSystem;pair;1165;22;41;36;206;100;0,38;0,19;1,21;0,28;10,7;10,7;2,8;2,07
4;StudentAttendanceSystem;state;1166;22;40;8;42;100;0,37;0,41;0;0,08;11,7;11,7;1,06;0,86
4;StudentAttendanceSystem;transition;1166;22;40;13;39;100;0,43;0,94;0;0,13;12,7;12,7;1,69;1,5
4;StudentAttendanceSystem;pair;1166;22;40;39;215;100;0,36;0,23;1,39;0,32;13,7;13,7;3,01;2,3
4;StudentAttendanceSystem;state;1167;21;39;8;43;100;0,39;0,41;0;0,07;14,7;14,7;1,03;0,88
4;StudentAttendanceSystem;transition;1167;21;39;13;39;100;0,41;0,79;0;0,12;14,7;14,7;1,48;1,32
4;StudentAttendanceSystem;pair;1167;21;39;38;206;100;0,36;0,22;1,2;0,33;15,7;16,7;2,86;2,1
4;StudentAttendanceSystem;state;1168;18;32;7;35;100;0,32;0,36;0;0,09;16,7;16,7;0,93;0,77
4;StudentAttendanceSystem;transition;1168;18;32;12;32;100;0,31;0,81;0;0,11;17,7;17,7;1,38;1,23
4;StudentAttendanceSystem;pair;1168;18;32;29;146;100;0,32;0,15;0,91;0,21;17,7;18,7;2,25;1,6
4;StudentAttendanceSystem;state;1169;24;44;9;50;100;0,54;0,48;0;0,09;18,7;18,7;1,24;1,1
4;StudentAttendanceSystem;transition;1169;24;44;16;43;100;0,42;1,06;0;0,19;19,7;19,7;1,88;1,67
4;StudentAttendanceSystem;pair;1169;24;44;37;195;100;0,41;0,23;1,34;0,28;20,7;20,7;3;2,26
4;StudentAttendanceSystem;state;1170;23;41;10;54;100;0,42;0,46;0;0,12;21,7;21,7;1,13;1
4;StudentAttendanceSystem;transition;1170;23;41;13;41;100;0,38;0,83;0;0,2;21,7;22,7;1,6;1,41
4;StudentAttendanceSystem;pair;1170;23;41;37;195;100;0,38;0,19;1,23;0,29;23,7;23,7;2,76;2,08
4;StudentAttendanceSystem;state;1171;21;36;8;41;100;0,37;0,39;0;0,08;23,7;23,7;0,98;0,84
4;StudentAttendanceSystem;transition;1171;21;36;13;35;100;0,4;0,79;0;0,13;24,7;24,7;1,51;1,31
4;StudentAttendanceSystem;pair;1171;21;36;29;151;100;0,38;0,17;1,18;0,28;25,7;25,7;2,75;2,01
4;StudentAttendanceSystem;state;1172;20;38;8;41;100;0,42;0,58;0;0,1;26,7;26,7;1,26;1,09
4;StudentAttendanceSystem;transition;1172;20;38;14;38;100;0,38;0,87;0;0,13;26,7;26,7;1,54;1,38
4;StudentAttendanceSystem;pair;1172;20;38;34;186;100;0,51;0,17;1,07;0,28;27,7;28,7;2,67;2,04
4;StudentAttendanceSystem;state;1173;25;51;11;60;100;0,43;0,58;0;0,1;28,7;28,7;1,24;1,11
4;StudentAttendanceSystem;transition;1173;25;51;15;51;100;0,4;1,08;0;0,16;29,7;29,7;1,81;1,64
4;StudentAttendanceSystem;pair;1173;25;51;48;280;100;0,41;0,36;2,09;0,45;30,7;31,7;4,13;3,3
4;StudentAttendanceSystem;state;1174;23;43;9;49;100;0,43;0,49;0;0,08;31,7;31,7;1,14;1,01
4;StudentAttendanceSystem;transition;1174;23;43;14;42;100;0,41;0,88;0;0,16;32,7;32,7;1,66;1,46
4;StudentAttendanceSystem;pair;1174;23;43;38;224;100;0,4;0,28;1,38;0,35;33,7;33,7;3,17;2,4
4;StudentAttendanceSystem;state;1175;17;28;7;37;100;0,34;0,41;0;0,07;34,7;34,7;0,96;0,82
4;StudentAttendanceSystem;transition;1175;17;28;8;28;100;0,32;0,58;0;0,07;34,7;34,7;1,1;0,97
4;StudentAttendanceSystem;pair;1175;17;28;24;128;100;0,31;0,13;0,67;0,17;35,7;35,7;1,78;1,28
4;StudentAttendanceSystem;state;1176;19;35;8;42;100;0,4;0,43;0;0,07;36,7;36,7;1,03;0,9
4;StudentAttendanceSystem;transition;1176;19;35;12;35;100;0,34;0,74;0;0,11;36,7;36,7;1,35;1,2
4;StudentAttendanceSystem;pair;1176;19;35;31;157;100;0,4;0,16;0,98;0,24;37,7;38,7;2,42;1,78
4;StudentAttendanceSystem;state;1177;24;45;10;54;100;0,44;0,61;0;0,13;38,7;38,7;1,32;1,18
4;StudentAttendanceSystem;transition;1177;24;45;15;44;100;0,46;1,14;0;0,18;39,7;39,7;1,96;1,78
4;StudentAttendanceSystem;pair;1177;24;45;39;217;100;0,57;0,22;1,76;0,35;40,7;40,7;3,68;2,89
4;StudentAttendanceSystem;state;1178;24;49;11;60;100;0,47;0,54;0;0,11;41,7;41,7;1,26;1,12
4;StudentAttendanceSystem;transition;1178;24;49;15;49;100;0,55;1,09;0;0,21;42,7;42,7;2,05;1,84
4;StudentAttendanceSystem;pair;1178;24;49;42;248;100;0,44;0,26;1,84;0,42;43,7;43,7;3,82;2,96
4;StudentAttendanceSystem;state;1179;27;56;12;65;100;0,5;0,59;0;0,14;44,7;44,7;1,37;1,22
4;StudentAttendanceSystem;transition;1179;27;56;19;56;100;0,59;1,21;0;0,23;45,7;45,7;2,26;2,03
4;StudentAttendanceSystem;pair;1179;27;56;49;283;100;0,48;0,32;2,29;0,6;46,7;47,7;4,63;3,69
4;StudentAttendanceSystem;state;1180;25;49;11;60;100;0,44;0,55;0;0,1;47,7;47,7;1,21;1,09
4;StudentAttendanceSystem;transition;1180;25;49;17;49;100;0,41;1,07;0;0,17;48,7;48,7;1,83;1,66
4;StudentAttendanceSystem;pair;1180;25;49;50;268;100;0,43;0,27;2,8;0,45;49,7;50,7;4,74;3,95
4;StudentAttendanceSystem;state;1181;31;62;14;78;100;0,61;0,67;0;0,17;50,7;50,7;1,63;1,45
4;StudentAttendanceSystem;transition;1181;31;62;20;61;100;0,55;1,18;0;0,2;51,7;51,7;2,1;1,93
4;StudentAttendanceSystem;pair;1181;31;62;58;332;100;0,45;0,37;2,76;0,58;53,7;53,7;5,44;4,16
4;StudentAttendanceSystem;state;1182;27;54;12;67;100;0,46;0,58;0;0,13;54,7;54,7;1,33;1,17
4;StudentAttendanceSystem;transition;1182;27;54;17;54;100;0,49;1,17;0;0,23;55,7;55,7;2,1;1,89
4;StudentAttendanceSystem;pair;1182;27;54;45;265;100;0,45;0,36;2,16;0,42;56,7;57,7;4,38;3,41
4;StudentAttendanceSystem;state;1183;19;35;8;40;100;0,38;0,39;0;0,08;57,7;57,7;1;0,85
4;StudentAttendanceSystem;transition;1183;19;35;12;35;100;0,35;0,74;0;0,11;58,7;58,7;1,36;1,2
4;StudentAttendanceSystem;pair;1183;19;35;30;165;100;0,36;0,17;1,03;0,3;59,7;59,7;2,5;1,86
4;StudentAttendanceSystem;state;1184;24;44;9;49;100;0,41;0,45;0;0,08;59,7;59,7;1,06;0,94
4;StudentAttendanceSystem;transition;1184;24;44;15;43;100;0,42;0,98;0;0,18;60,7;60,7;1,78;1,58
4;StudentAttendanceSystem;pair;1184;24;44;42;230;100;0,4;0,21;1,61;0,41;61,7;62,7;3,36;2,63
4;StudentAttendanceSystem;state;1185;21;40;9;45;100;0,36;0,41;0;0,07;62,7;62,7;0,98;0,84
4;StudentAttendanceSystem;transition;1185;21;40;14;40;100;0,33;0,75;0;0,09;63,7;63,7;1,27;1,16
4;StudentAttendanceSystem;pair;1185;21;40;39;199;100;0,31;0,14;0,91;0,22;64,7;64,7;2;1,58
4;StudentAttendanceSystem;state;1186;23;44;9;48;100;0,26;0,31;0;0,05;65,7;65,7;0,7;0,62
4;StudentAttendanceSystem;transition;1186;23;44;15;44;100;0,24;0,64;0;0,1;65,7;65,7;1,09;0,98
4;StudentAttendanceSystem;pair;1186;23;44;39;223;100;0,26;0,16;1,03;0,29;67,7;67,7;2,26;1,73
4;StudentAttendanceSystem;state;1187;26;50;11;56;100;0,46;0,51;0;0,1;67,7;68,7;1,21;1,08
4;StudentAttendanceSystem;transition;1187;26;50;19;49;100;0,51;1,16;0;0,19;68,7;68,7;2,06;1,86
4;StudentAttendanceSystem;pair;1187;26;50;50;268;100;0,41;0,29;2,26;0,5;70,7;70,7;4,48;3,47
4;StudentAttendanceSystem;state;1188;23;44;10;52;100;0,47;0,52;0;0,1;71,7;71,7;1,26;1,09
4;StudentAttendanceSystem;transition;1188;23;44;17;44;100;0,41;0,98;0;0,18;71,7;71,7;1,79;1,58
4;StudentAttendanceSystem;pair;1188;23;44;39;199;100;0,43;0,23;1,39;0,28;72,7;73,7;3,12;2,32
4;StudentAttendanceSystem;state;1189;26;49;10;54;100;0,48;0,55;0;0,1;73,7;73,7;1,27;1,12
4;StudentAttendanceSystem;transition;1189;26;49;17;48;100;0,43;1,1;0;0,21;74,7;74,7;1,96;1,74
4;StudentAttendanceSystem;pair;1189;26;49;43;247;100;0,5;0,25;1,74;0,38;75,7;76,7;3,79;2,88
4;StudentAttendanceSystem;state;1190;21;37;8;43;100;0,42;0,43;0;0,07;76,7;76,7;1,06;0,92
4;StudentAttendanceSystem;transition;1190;21;37;12;36;100;0,37;0,8;0;0,15;77,7;77,7;1,52;1,33
4;StudentAttendanceSystem;pair;1190;21;37;30;171;100;0,39;0,16;1;0,25;78,7;78,7;2,43;1,81
4;StudentAttendanceSystem;state;1191;21;40;8;42;100;0,33;0,53;0;0,07;79,7;79,7;1,07;0,94
4;StudentAttendanceSystem;transition;1191;21;40;15;40;100;0,36;0,87;0;0,2;79,7;79,7;1,62;1,43
4;StudentAttendanceSystem;pair;1191;21;40;38;202;100;0,38;0,2;1,14;0,2;80,7;81,7;2,57;1,92
4;StudentAttendanceSystem;state;1192;21;37;8;41;100;0,23;0,41;0;0,06;81,7;81,7;0,82;0,71
4;StudentAttendanceSystem;transition;1192;21;37;14;36;100;0,23;0,74;0;0,1;82,7;82,7;1,21;1,07
4;StudentAttendanceSystem;pair;1192;21;37;31;163;100;0,28;0,16;0,99;0,23;83,7;83,7;2,26;1,66
4;StudentAttendanceSystem;state;1193;19;33;7;37;100;0,22;0,24;0;0,04;84,7;84,7;0,59;0,5
4;StudentAttendanceSystem;transition;1193;19;33;11;33;100;0,21;0,52;0;0,07;84,7;84,7;0,92;0,81
4;StudentAttendanceSystem;pair;1193;19;33;31;163;100;0,21;0,15;1,02;0,25;85,7;85,7;2,12;1,62
4;StudentAttendanceSystem;state;1194;25;48;10;51;100;0,38;0,52;0;0,1;86,7;86,7;1,13;0,99
4;StudentAttendanceSystem;transition;1194;25;48;18;47;100;0,39;1,05;0;0,17;87,7;87,7;1,79;1,62
4;StudentAttendanceSystem;pair;1194;25;48;46;249;100;0,41;0,25;1,84;0,4;88,7;88,7;3,57;2,9
4;StudentAttendanceSystem;state;1195;19;34;8;43;100;0,37;0,46;0;0,07;89,7;89,7;1,03;0,9
4;StudentAttendanceSystem;transition;1195;19;34;11;34;100;0,37;0,69;0;0,1;89,7;89,7;1,32;1,16
4;StudentAttendanceSystem;pair;1195;19;34;28;152;100;0,34;0,15;0,85;0,17;90,7;90,7;2,12;1,52
4;StudentAttendanceSystem;state;1196;29;57;12;68;100;0,49;0,6;0;0,12;91,7;91,7;1,33;1,2
4;StudentAttendanceSystem;transition;1196;29;57;18;56;100;0,44;1,21;0;0,21;92,7;92,7;2,05;1,86
4;StudentAttendanceSystem;pair;1196;29;57;45;270;100;0,54;0,36;2,06;0,5;93,7;94,7;4,34;3,47
4;StudentAttendanceSystem;state;1197;31;63;14;76;100;0,5;0,64;0;0,13;94,7;94,7;1,39;1,26
4;StudentAttendanceSystem;transition;1197;31;63;22;62;100;0,48;1,34;0;0,23;95,7;95,7;2,23;2,05
4;StudentAttendanceSystem;pair;1197;31;63;54;310;100;0,51;0,38;2,63;0,55;97,7;97,7;5,07;4,06
4;StudentAttendanceSystem;state;1198;27;51;11;59;100;0,44;0,57;0;0,14;98,7;98,7;1,35;1,15
4;StudentAttendanceSystem;transition;1198;27;51;18;50;100;0,45;1,05;0;0,18;99,7;99,7;1,84;1,68
4;StudentAttendanceSystem;pair;1198;27;51;40;225;100;0,47;0,35;1,64;0,33;100,7;101,7;3,63;2,78
4;StudentAttendanceSystem;state;1199;20;33;8;43;100;0,42;0,42;0;0,08;101,7;101,7;1,08;0,93
4;StudentAttendanceSystem;transition;1199;20;33;10;32;100;0,29;0,49;0;0,11;102,7;102,7;1;0,89
4;StudentAttendanceSystem;pair;1199;20;33;29;156;100;0,33;0,19;0,92;0,21;102,7;103,7;2,26;1,65
4;StudentAttendanceSystem;state;1200;26;55;12;63;100;0,39;0,36;0;0,07;103,7;103,7;0,91;0,82
4;StudentAttendanceSystem;transition;1200;26;55;18;55;100;0,29;1,17;0;0,18;104,7;104,7;1,87;1,65
4;StudentAttendanceSystem;pair;1200;26;55;53;301;100;0,51;0,28;1,97;0,46;106,7;106,7;4,31;3,22
4;StudentAttendanceSystem;state;1201;26;50;10;54;100;0,48;0,6;0;0,14;107,7;107,7;1,39;1,23
4;StudentAttendanceSystem;transition;1201;26;50;18;49;100;0,4;1,34;0;0,22;107,7;108,7;2,15;1,96
4;StudentAttendanceSystem;pair;1201;26;50;46;262;100;0,46;0,28;1,72;0,4;109,7;109,7;3,65;2,86
4;StudentAttendanceSystem;state;1202;21;40;9;46;100;0,39;0,43;0;0,08;110,7;110,7;1,04;0,9
4;StudentAttendanceSystem;transition;1202;21;40;15;40;100;0,31;0,88;0;0,19;110,7;110,7;1,57;1,38
4;StudentAttendanceSystem;pair;1202;21;40;34;187;100;0,4;0,22;1,13;0,29;111,7;112,7;2,72;2,04
4;StudentAttendanceSystem;state;1203;28;58;13;70;100;0,46;0,68;0;0,15;112,7;112,7;1,45;1,29
4;StudentAttendanceSystem;transition;1203;28;58;19;58;100;0,49;1,26;0;0,2;113,7;113,7;2,16;1,95
4;StudentAttendanceSystem;pair;1203;28;58;53;305;100;0,46;0,32;2,27;0,48;115,7;115,7;4,48;3,52
4;StudentAttendanceSystem;state;1204;22;39;9;50;100;0,47;0,56;0;0,11;116,7;116,7;1,33;1,14
4;StudentAttendanceSystem;transition;1204;22;39;12;38;100;0,45;0,99;0;0,14;116,7;116,7;1,77;1,59
4;StudentAttendanceSystem;pair;1204;22;39;35;199;100;0,44;0,16;1,27;0,33;117,7;118,7;2,85;2,2
4;StudentAttendanceSystem;state;1205;20;32;7;36;100;0,35;0,36;0;0,07;118,7;118,7;0,91;0,77
4;StudentAttendanceSystem;transition;1205;20;32;12;31;100;0,31;0,71;0;0,11;119,7;119,7;1,31;1,14
4;StudentAttendanceSystem;pair;1205;20;32;25;117;100;0,33;0,14;0,77;0,16;120,7;120,7;2,03;1,4
4;StudentAttendanceSystem;state;1206;30;60;13;73;100;0,45;0,62;0;0,18;120,7;120,7;1,41;1,25
4;StudentAttendanceSystem;transition;1206;30;60;20;59;100;0,52;1,29;0;0,27;121,7;121,7;2,27;2,07
4;StudentAttendanceSystem;pair;1206;30;60;52;304;100;0,46;0,34;2,45;0,47;123,7;123,7;4,7;3,72
4;StudentAttendanceSystem;state;1207;16;26;6;31;100;0,33;0,38;0;0,06;124,7;124,7;0,93;0,77
4;StudentAttendanceSystem;transition;1207;16;26;8;26;100;0,38;0,69;0;0,08;124,7;124,7;1,31;1,15
4;StudentAttendanceSystem;pair;1207;16;26;21;110;100;0,37;0,11;0,62;0,17;125,7;125,7;1,81;1,27
4;StudentAttendanceSystem;state;1208;17;28;6;31;100;0,27;0,29;0;0,06;125,7;126,7;0,76;0,62
4;StudentAttendanceSystem;transition;1208;17;28;10;28;100;0,28;0,6;0;0,09;126,7;126,7;1,11;0,96
4;StudentAttendanceSystem;pair;1208;17;28;28;131;100;0,28;0,12;0,76;0,18;127,7;127,7;1,82;1,34
4;StudentAttendanceSystem;state;1209;25;46;10;53;100;0,39;0,49;0;0,1;127,7;128,7;1,14;0,98
4;StudentAttendanceSystem;transition;1209;25;46;16;45;100;0,34;0,97;0;0,19;128,7;128,7;1,66;1,5
4;StudentAttendanceSystem;pair;1209;25;46;45;247;100;0,39;0,21;1,74;0,34;130,7;130,7;3,43;2,68
4;StudentAttendanceSystem;state;1210;25;48;11;57;100;0,37;0,41;0;0,1;130,7;131,7;1,03;0,88
4;StudentAttendanceSystem;transition;1210;25;48;17;47;100;0,38;0,89;0;0,12;131,7;131,7;1,51;1,38
4;StudentAttendanceSystem;pair;1210;25;48;41;227;100;0,28;0,2;1,67;0,32;132,7;133,7;3,14;2,47
4;StudentAttendanceSystem;state;1211;22;44;8;43;100;0,45;0,44;0;0,07;133,7;133,7;1,08;0,96
4;StudentAttendanceSystem;transition;1211;22;44;16;44;100;0,31;0,84;0;0,15;134,7;134,7;1,45;1,3
4;StudentAttendanceSystem;pair;1211;22;44;42;236;100;0,37;0,22;1,4;0,24;135,7;136,7;3;2,23
4;StudentAttendanceSystem;state;1212;22;44;8;43;100;0,26;0,3;0;0,05;136,7;136,7;0,74;0,61
4;StudentAttendanceSystem;transition;1212;22;44;16;44;100;0,28;0,69;0;0,16;137,7;137,7;1,26;1,13
4;StudentAttendanceSystem;pair;1212;22;44;42;236;100;0,46;0,26;1,59;0,34;138,7;138,7;3,46;2,66
4;StudentAttendanceSystem;state;1213;26;51;11;62;100;0,45;0,56;0;0,11;139,7;139,7;1,26;1,12
4;StudentAttendanceSystem;transition;1213;26;51;17;50;100;0,42;1,06;0;0,19;140,7;140,7;1,88;1,67
4;StudentAttendanceSystem;pair;1213;26;51;47;273;100;0,48;0,3;1,59;0,52;141,7;142,7;3,7;2,89
4;StudentAttendanceSystem;state;1214;26;54;12;63;100;0,44;0,52;0;0,12;142,7;142,7;1,23;1,08
4;StudentAttendanceSystem;transition;1214;26;54;17;54;100;0,41;1,02;0;0,22;143,7;143,7;1,84;1,65
4;StudentAttendanceSystem;pair;1214;26;54;50;290;100;0,41;0,31;2,17;0,46;144,7;145,7;4,17;3,35
4;StudentAttendanceSystem;state;1215;20;38;9;45;100;0,34;0,49;0;0,09;145,7;145,7;1,06;0,92
4;StudentAttendanceSystem;transition;1215;20;38;14;38;100;0,36;0,86;0;0,14;146,7;146,7;1,53;1,36
4;StudentAttendanceSystem;pair;1215;20;38;33;167;100;0,39;0,17;1,12;0,25;147,7;147,7;2,57;1,93
4;StudentAttendanceSystem;state;1216;23;42;10;53;100;0,37;0,47;0;0,1;148,7;148,7;1,06;0,93
4;StudentAttendanceSystem;transition;1216;23;42;14;42;100;0,36;0,8;0;0,13;148,7;148,7;1,45;1,29
4;StudentAttendanceSystem;pair;1216;23;42;34;183;100;0,45;0,21;1,08;0,3;149,7;150,7;2,73;2,04
4;StudentAttendanceSystem;state;1217;27;55;12;67;100;0,48;0,59;0;0,11;150,7;150,7;1,31;1,18
4;StudentAttendanceSystem;transition;1217;27;55;17;55;100;0,47;1,05;0;0,21;151,7;151,7;1,9;1,72
4;StudentAttendanceSystem;pair;1217;27;55;51;295;100;0,42;0,3;1,75;0,3;153,7;153,7;3,54;2,78
4;StudentAttendanceSystem;state;1218;25;46;10;55;100;0,4;2,33;0;0,09;154,7;5,66;2,99;2,82
4;StudentAttendanceSystem;transition;1218;25;46;16;45;100;0,48;1,02;0;0,16;5,66;5,66;1,84;1,66
4;StudentAttendanceSystem;pair;1218;25;46;44;232;100;0,44;0,21;1,58;0,36;7,66;7,66;3,33;2,59
4;StudentAttendanceSystem;state;1219;30;61;13;73;100;0,53;0,74;0;0,16;7,66;8,66;1,61;1,43
4;StudentAttendanceSystem;transition;1219;30;61;21;60;100;0,46;1,25;0;0,3;8,66;9,66;2,19;2,01
4;StudentAttendanceSystem;pair;1219;30;61;55;315;100;0,49;0,32;2,24;0,52;10,66;11,66;4,48;3,57
4;StudentAttendanceSystem;state;1220;30;60;13;73;100;0,46;0,6;0;0,13;11,66;11,66;1,33;1,19
4;StudentAttendanceSystem;transition;1220;30;60;20;59;100;0,51;1,31;0;0,26;12,66;12,66;2,28;2,08
4;StudentAttendanceSystem;pair;1220;30;60;52;304;100;0,45;0,29;2;0,54;14,66;14,66;4,27;3,29
4;StudentAttendanceSystem;state;1221;23;46;10;54;100;0,4;0,53;0;0,1;15,66;15,66;1,17;1,03
4;StudentAttendanceSystem;transition;1221;23;46;15;46;100;0,38;0,94;0;0,14;15,66;15,66;1,64;1,46
4;StudentAttendanceSystem;pair;1221;23;46;42;240;100;0,4;0,18;1,33;0,25;17,66;17,66;2,87;2,15
4;StudentAttendanceSystem;state;1222;18;29;7;35;100;0,26;0,22;0;0,04;17,66;17,66;0,59;0,51
4;StudentAttendanceSystem;transition;1222;18;29;10;29;100;0,19;0,54;0;0,07;18,66;18,66;0,94;0,8
4;StudentAttendanceSystem;pair;1222;18;29;26;122;100;0,25;0,16;0,77;0,19;19,66;19,66;1,86;1,37
4;StudentAttendanceSystem;state;1223;25;51;10;56;100;0,39;0,51;0;0,09;19,66;19,66;1,1;0,99
4;StudentAttendanceSystem;transition;1223;25;51;18;51;100;0,42;1,06;0;0,19;20,66;20,66;1,84;1,67
4;StudentAttendanceSystem;pair;1223;25;51;48;270;100;0,3;0,25;1,5;0,45;22,66;22,66;3,15;2,5
4;StudentAttendanceSystem;state;1224;20;38;8;41;100;1,36;0,48;0;0,09;22,66;23,66;2,07;1,93
4;StudentAttendanceSystem;transition;1224;20;38;14;38;100;0,36;0,77;0;0,17;23,66;23,66;1,45;1,3
4;StudentAttendanceSystem;pair;1224;20;38;34;184;100;0,35;0,18;0,97;0,18;24,66;24,66;2,35;1,68
4;StudentAttendanceSystem;state;1225;19;34;8;43;100;0,36;0,39;0;0,07;25,66;25,66;0,97;0,81
4;StudentAttendanceSystem;transition;1225;19;34;10;34;100;0,34;0,65;0;0,13;25,66;26,66;1,28;1,12
4;StudentAttendanceSystem;pair;1225;19;34;32;179;100;0,41;0,24;1;0,29;26,66;27,66;2,63;1,94
4;StudentAttendanceSystem;state;1226;27;54;12;64;100;0,45;0,62;0;0,11;27,66;27,66;1,33;1,18
4;StudentAttendanceSystem;transition;1226;27;54;19;54;100;0,5;1,13;0;0,23;28,66;28,66;2,1;1,86
4;StudentAttendanceSystem;pair;1226;27;54;47;267;100;0,47;0,3;1,84;0,47;30,66;30,66;3,96;3,08
4;StudentAttendanceSystem;state;1227;21;38;8;43;100;0,38;0,44;0;0,08;30,66;30,66;1,05;0,89
4;StudentAttendanceSystem;transition;1227;21;38;12;38;100;0,36;0,83;0;0,13;31,66;31,66;1,52;1,32
4;StudentAttendanceSystem;pair;1227;21;38;35;195;100;0,4;0,21;1,33;0,32;32,66;32,66;2,99;2,26
4;StudentAttendanceSystem;state;1228;20;32;7;36;100;0,35;0,38;0;0,09;33,66;33,66;1;0,82
4;StudentAttendanceSystem;transition;1228;20;32;12;31;100;0,31;0,74;0;0,14;33,66;33,66;1,34;1,19
4;StudentAttendanceSystem;pair;1228;20;32;24;114;100;0,4;0,17;0,71;0,17;34,66;34,66;2,01;1,45
4;StudentAttendanceSystem;state;1229;22;42;9;47;100;0,65;0,5;0;0,08;35,66;35,66;1,37;1,23
4;StudentAttendanceSystem;transition;1229;22;42;15;42;100;0,41;0,91;0;0,18;36,66;36,66;1,71;1,5
4;StudentAttendanceSystem;pair;1229;22;42;44;234;100;0,4;0,27;1,44;0,32;37,66;37,66;3,15;2,43
4;StudentAttendanceSystem;state;1230;30;61;13;73;100;0,49;0,66;0;0,13;38,66;38,66;1,41;1,28
4;StudentAttendanceSystem;transition;1230;30;61;20;60;100;0,45;1,36;0;0,24;39,66;39,66;2,26;2,05
4;StudentAttendanceSystem;pair;1230;30;61;58;334;100;0,49;0,34;2,67;0,58;40,66;41,66;5,11;4,08
4;StudentAttendanceSystem;state;1231;28;57;13;70;100;0,45;0,61;0;0,12;41,66;41,66;1,33;1,18
4;StudentAttendanceSystem;transition;1231;28;57;19;57;100;0,48;1,19;0;0,14;42,66;42,66;1,96;1,81
4;StudentAttendanceSystem;pair;1231;28;57;46;270;100;0,49;0,31;2,12;0,44;44,66;44,66;4,35;3,35
4;StudentAttendanceSystem;state;1232;31;62;14;76;100;0,5;0,62;0;0,15;45,66;45,66;1,44;1,27
4;StudentAttendanceSystem;transition;1232;31;62;21;61;100;0,47;1,34;0;0,24;46,66;46,66;2,27;2,05
4;StudentAttendanceSystem;pair;1232;31;62;50;294;100;0,47;0,35;2,46;0,52;47,66;48,66;4,79;3,8
4;StudentAttendanceSystem;state;1233;21;39;8;43;100;0,38;0,43;0;0,1;48,66;48,66;1,06;0,9
4;StudentAttendanceSystem;transition;1233;21;39;13;38;100;0,36;0,79;0;0,16;49,66;49,66;1,46;1,31
4;StudentAttendanceSystem;pair;1233;21;39;39;213;100;0,33;0,22;1,71;0,35;50,66;50,66;3,29;2,6
4;StudentAttendanceSystem;state;1234;25;51;10;56;100;0,46;0,51;0;0,1;51,66;51,66;1,19;1,07
4;StudentAttendanceSystem;transition;1234;25;51;18;51;100;0,42;1,25;0;0,19;52,66;52,66;2,06;1,86
4;StudentAttendanceSystem;pair;1234;25;51;48;270;100;0,45;0,33;2;0,44;53,66;53,66;4,05;3,22
4;StudentAttendanceSystem;state;1235;29;60;14;75;100;0,49;0,57;0;0,13;54,66;54,66;1,34;1,19
4;StudentAttendanceSystem;transition;1235;29;60;20;60;100;0,49;1,13;0;0,21;55,66;55,66;2,04;1,83
4;StudentAttendanceSystem;pair;1235;29;60;56;322;100;0,45;0,38;2,53;0,53;57,66;57,66;4,92;3,89
4;StudentAttendanceSystem;state;1236;20;37;8;41;100;0,39;0,42;0;0,12;57,66;58,66;1,1;0,94
4;StudentAttendanceSystem;transition;1236;20;37;13;37;100;0,36;0,81;0;0,17;58,66;58,66;1,52;1,34
4;StudentAttendanceSystem;pair;1236;20;37;32;174;100;0,34;0,17;0,96;0,24;59,66;59,66;2,35;1,71
4;StudentAttendanceSystem;state;1237;23;46;9;46;100;0,4;0,51;0;0,1;60,66;60,66;1,12;1
4;StudentAttendanceSystem;transition;1237;23;46;17;46;100;0,28;0,94;0;0,16;61,66;61,66;1,53;1,38
4;StudentAttendanceSystem;pair;1237;23;46;41;231;100;0,38;0,23;1,44;0,34;62,66;62,66;3,14;2,39
4;StudentAttendanceSystem;state;1238;20;38;8;43;100;0,38;0,45;0;0,1;63,66;63,66;1,05;0,93
4;StudentAttendanceSystem;transition;1238;20;38;12;38;100;0,34;0,78;0;0,12;63,66;63,66;1,39;1,24
4;StudentAttendanceSystem;pair;1238;20;38;34;200;100;0,27;0,18;1,13;0,33;64,66;65,66;2,47;1,91
4;StudentAttendanceSystem;state;1239;20;36;8;43;100;0,34;0,39;0;0,06;65,66;65,66;0,91;0,8
4;StudentAttendanceSystem;transition;1239;20;36;12;36;100;0,37;0,76;0;0,19;66,66;66,66;1,51;1,32
4;StudentAttendanceSystem;pair;1239;20;36;29;163;100;0,34;0,19;0,97;0,25;67,66;67,66;2,39;1,75
4;StudentAttendanceSystem;state;1240;30;60;13;73;100;0,53;0,65;0;0,14;68,66;68,66;1,49;1,32
4;StudentAttendanceSystem;transition;1240;30;60;20;59;100;0,6;1,27;0;0,24;68,66;69,66;2,31;2,11
4;StudentAttendanceSystem;pair;1240;30;60;52;300;100;0,48;0,31;2,17;0,5;70,66;70,66;4,28;3,46
4;StudentAttendanceSystem;state;1241;22;38;9;46;100;0,37;0,45;0;0,07;71,66;71,66;1,02;0,89
4;StudentAttendanceSystem;transition;1241;22;38;14;37;100;0,38;0,79;0;0,15;72,66;72,66;1,48;1,31
4;StudentAttendanceSystem;pair;1241;22;38;28;149;100;0,34;0,18;1,01;0,22;73,66;73,66;2,38;1,75
4;StudentAttendanceSystem;state;1242;19;34;7;37;100;0,34;0,37;0;0,05;73,66;73,66;0,87;0,76
4;StudentAttendanceSystem;transition;1242;19;34;12;34;100;0,34;0,75;0;0,11;74,66;74,66;1,35;1,2
4;StudentAttendanceSystem;pair;1242;19;34;34;174;100;0,33;0,18;1,02;0,24;75,66;75,66;2,37;1,77
4;StudentAttendanceSystem;state;1243;24;45;10;55;100;0,39;0,49;0;0,1;76,66;76,66;1,11;0,98
4;StudentAttendanceSystem;transition;1243;24;45;15;45;100;0,38;0,92;0;0,15;76,66;76,66;1,61;1,45
4;StudentAttendanceSystem;pair;1243;24;45;38;210;100;0,43;0,22;1,33;0,3;77,66;78,66;2,96;2,27
4;StudentAttendanceSystem;state;1244;22;37;8;43;100;0,39;0,41;0;0,07;78,66;78,66;0,98;0,86
4;StudentAttendanceSystem;transition;1244;22;37;12;36;100;0,36;0,77;0;0,12;79,66;79,66;1,39;1,25
4;StudentAttendanceSystem;pair;1244;22;37;31;166;100;0,34;0,24;1,01;0,24;80,66;80,66;2,43;1,83
4;StudentAttendanceSystem;state;1245;22;41;9;45;100;0,36;0,45;0;0,07;81,66;81,66;0,99;0,87
4;StudentAttendanceSystem;transition;1245;22;41;15;41;100;0,35;0,82;0;0,13;81,66;81,66;1,46;1,3
4;StudentAttendanceSystem;pair;1245;22;41;34;186;100;0,38;0,18;1,1;0,28;82,66;83,66;2,61;1,96
4;StudentAttendanceSystem;state;1246;24;44;9;46;100;0,42;0,49;0;0,08;83,66;83,66;1,11;0,99
4;StudentAttendanceSystem;transition;1246;24;44;16;43;100;0,37;0,94;0;0,19;84,66;84,66;1,66;1,5
4;StudentAttendanceSystem;pair;1246;24;44;36;200;100;0,38;0,2;1,27;0,29;85,66;85,66;2,8;2,13
4;StudentAttendanceSystem;state;1247;19;32;7;37;100;0,31;0,37;0;0,06;86,66;86,66;0,85;0,73
4;StudentAttendanceSystem;transition;1247;19;32;11;31;100;0,3;0,73;0;0,14;86,66;86,66;1,32;1,17
4;StudentAttendanceSystem;pair;1247;19;32;26;136;100;0,35;0,14;0,78;0,13;87,66;87,66;1,91;1,4
4;StudentAttendanceSystem;state;1248;28;59;13;70;100;0,33;0,66;0;0,13;88,66;88,66;1,25;1,12
4;StudentAttendanceSystem;transition;1248;28;59;20;59;100;0,47;1,14;0;0,22;89,66;89,66;2,03;1,84
4;StudentAttendanceSystem;pair;1248;28;59;56;320;100;0,4;0,38;2,32;0,48;90,66;91,66;4,53;3,59
4;StudentAttendanceSystem;state;1249;29;58;12;68;100;0,57;0,64;0;0,12;92,66;92,66;1,48;1,34
4;StudentAttendanceSystem;transition;1249;29;58;19;57;100;0,46;1,23;0;0,3;92,66;93,66;2,19;1,99
4;StudentAttendanceSystem;pair;1249;29;58;49;287;100;0,5;0,42;2,05;0,48;94,66;94,66;4,36;3,45
4;StudentAttendanceSystem;state;1250;23;46;9;46;100;0,44;0,47;0;0,08;95,66;95,66;1,13;0,99
4;StudentAttendanceSystem;transition;1250;23;46;17;45;100;0,38;0,96;0;0,16;96,66;96,66;1,67;1,5
4;StudentAttendanceSystem;pair;1250;23;46;42;238;100;0,37;0,22;1,51;0,38;97,66;97,66;3,2;2,49
4;StudentAttendanceSystem;state;1251;19;38;8;41;100;0,4;0,42;0;0,07;98,66;98,66;1,03;0,89
4;StudentAttendanceSystem;transition;1251;19;38;13;38;100;0,33;0,74;0;0,12;98,66;98,66;1,33;1,19
4;StudentAttendanceSystem;pair;1251;19;38;36;204;100;0,41;0,2;1,18;0,2;99,66;100,66;2,67;2
4;StudentAttendanceSystem;state;1252;26;53;11;62;100;0,31;0,35;0;0,1;100,66;100,66;0,86;0,76
4;StudentAttendanceSystem;transition;1252;26;53;17;53;100;0,42;1,06;0;0,18;101,66;101,66;1,82;1,66
4;StudentAttendanceSystem;pair;1252;26;53;45;263;100;0,42;0,24;1,71;0,4;102,66;103,66;3,51;2,77
4;StudentAttendanceSystem;state;1253;25;47;10;51;100;0,48;0,65;0;0,09;103,66;103,66;1,36;1,22
4;StudentAttendanceSystem;transition;1253;25;47;18;46;100;0,38;1,05;0;0,18;104,66;104,66;1,78;1,61
4;StudentAttendanceSystem;pair;1253;25;47;41;225;100;0,37;0,22;1,4;0,33;105,66;106,66;3,06;2,32
4;StudentAttendanceSystem;state;1254;23;40;9;47;100;0,36;0,43;0;0,07;106,66;106,66;0,98;0,87
4;StudentAttendanceSystem;transition;1254;23;40;14;39;100;0,35;0,8;0;0,15;107,66;107,66;1,46;1,3
4;StudentAttendanceSystem;pair;1254;23;40;37;195;100;0,36;0,18;1,13;0,29;108,66;108,66;2,6;1,95
4;StudentAttendanceSystem;state;1255;21;35;8;40;100;0,33;0,42;0;0,06;109,66;109,66;0,94;0,81
4;StudentAttendanceSystem;transition;1255;21;35;13;34;100;0,31;0,77;0;0,18;109,66;109,66;1,44;1,26
4;StudentAttendanceSystem;pair;1255;21;35;29;143;100;0,34;0,16;0,84;0,19;110,66;110,66;2,24;1,53
4;StudentAttendanceSystem;state;1256;15;26;6;29;100;0,28;0,31;0;0,04;111,66;111,66;0,75;0,63
4;StudentAttendanceSystem;transition;1256;15;26;9;26;100;0,27;0,49;0;0,06;111,66;111,66;1,04;0,81
4;StudentAttendanceSystem;pair;1256;15;26;22;110;100;0,2;0,09;0,46;0,14;112,66;112,66;1,2;0,88
4;StudentAttendanceSystem;state;1257;21;37;8;43;100;0,23;0,28;0;0,05;113,66;113,66;0,64;0,56
4;StudentAttendanceSystem;transition;1257;21;37;12;36;100;0,22;0,55;0;0,08;113,66;113,66;0,95;0,85
4;StudentAttendanceSystem;pair;1257;21;37;30;171;100;0,24;0,13;0,69;0,18;114,66;115,66;1,64;1,24
4;StudentAttendanceSystem;state;1258;20;34;8;40;100;0,22;0,25;0;0,04;115,66;115,66;0,59;0,5
4;StudentAttendanceSystem;transition;1258;20;34;12;33;100;0,21;0,72;0;0,08;116,66;116,66;1,13;1,01
4;StudentAttendanceSystem;pair;1258;20;34;26;139;100;0,21;0,11;0,58;0,13;117,66;117,66;1,4;1,04
4;StudentAttendanceSystem;state;1259;18;31;7;36;100;0,22;0,23;0;0,06;117,66;117,66;0,59;0,5
4;StudentAttendanceSystem;transition;1259;18;31;11;30;100;0,29;0,63;0;0,1;118,66;118,66;1,17;1,02
4;StudentAttendanceSystem;pair;1259;18;31;26;134;100;0,2;0,1;0,59;0,13;119,66;119,66;1,36;1,01
4;StudentAttendanceSystem;state;1260;20;33;7;36;100;0,21;0,23;0;0,04;119,66;119,66;0,59;0,47
4;StudentAttendanceSystem;transition;1260;20;33;13;32;100;0,19;0,49;0;0,17;120,66;120,66;0,95;0,85
4;StudentAttendanceSystem;pair;1260;20;33;27;129;100;0,21;0,1;0,59;0,12;121,66;121,66;1,38;1,03
4;StudentAttendanceSystem;state;1261;17;27;6;31;100;0,19;0,2;0;0,03;121,66;121,66;0,49;0,42
4;StudentAttendanceSystem;transition;1261;17;27;9;27;100;0,17;0,42;0;0,09;122,66;122,66;0,84;0,68
4;StudentAttendanceSystem;pair;1261;17;27;25;116;100;0,3;0,14;0,66;0,16;123,66;123,66;1,77;1,27
4;StudentAttendanceSystem;state;1262;27;54;12;65;100;0,3;0,35;0;0,08;123,66;123,66;0,91;0,73
4;StudentAttendanceSystem;transition;1262;27;54;19;53;100;0,36;1,45;0;0,23;124,66;124,66;2,21;2,04
4;StudentAttendanceSystem;pair;1262;27;54;49;283;100;0,29;0,22;1,48;0,28;126,66;126,66;2,84;2,27
4;StudentAttendanceSystem;state;1263;21;39;8;43;100;0,23;0,26;0;0,05;126,66;127,66;0,64;0,54
4;StudentAttendanceSystem;transition;1263;21;39;13;39;100;0,22;0,52;0;0,09;127,66;127,66;0,93;0,83
4;StudentAttendanceSystem;pair;1263;21;39;38;210;100;0,22;0,14;1,11;0,21;128,66;129,66;2,14;1,68
4;StudentAttendanceSystem;state;1264;30;60;13;73;100;0,31;0,4;0;0,09;129,66;129,66;0,93;0,8
4;StudentAttendanceSystem;transition;1264;30;60;20;59;100;0,31;1,4;0;0,16;130,66;130,66;2,02;1,87
4;StudentAttendanceSystem;pair;1264;30;60;52;300;100;0,32;0,31;2,15;0,32;132,66;132,66;3,96;3,1
4;StudentAttendanceSystem;state;1265;17;25;6;31;100;0,2;0,22;0;0,03;133,66;133,66;0,54;0,46
4;StudentAttendanceSystem;transition;1265;17;25;8;24;100;0,24;0,37;0;0,05;133,66;133,66;0,75;0,66
4;StudentAttendanceSystem;pair;1265;17;25;17;81;100;0,17;0,07;0,33;0,08;134,66;134,66;0,94;0,65
4;StudentAttendanceSystem;state;1266;27;54;12;65;100;0,3;0,38;0;0,07;134,66;134,66;0,84;0,75
4;StudentAttendanceSystem;transition;1266;27;54;19;53;100;0,3;0,76;0;0,14;135,66;135,66;1,34;1,19
4;StudentAttendanceSystem;pair;1266;27;54;49;283;100;0,3;0,22;1,58;0,45;137,66;137,66;3,23;2,56
4;StudentAttendanceSystem;state;1267;19;32;7;37;100;0,27;0,29;0;0,06;138,66;138,66;0,74;0,62
4;StudentAttendanceSystem;transition;1267;19;32;11;31;100;0,33;0,69;0;0,11;138,66;138,66;1,27;1,13
4;StudentAttendanceSystem;pair;1267;19;32;27;145;100;0,34;0,14;0,82;0,14;139,66;139,66;1,94;1,43
4;StudentAttendanceSystem;state;1268;22;41;8;42;100;0,24;0,29;0;0,05;140,66;140,66;0,66;0,57
4;StudentAttendanceSystem;transition;1268;22;41;14;40;100;0,36;0,84;0;0,14;140,66;140,66;1,48;1,33
4;StudentAttendanceSystem;pair;1268;22;41;42;226;100;0,37;0,23;1,36;0,33;142,66;142,66;2,99;2,28
4;StudentAttendanceSystem;state;1269;18;31;7;36;100;0,35;0,38;0;0,08;142,66;142,66;0,96;0,81
4;StudentAttendanceSystem;transition;1269;18;31;11;30;100;0,36;0,71;0;0,12;143,66;143,66;1,37;1,19
4;StudentAttendanceSystem;pair;1269;18;31;26;134;100;0,32;0,14;0,91;0,17;144,66;144,66;2,07;1,52
4;StudentAttendanceSystem;state;1270;20;38;8;41;100;0,35;0,4;0;0,06;144,66;144,66;0,93;0,82
4;StudentAttendanceSystem;transition;1270;20;38;14;38;100;0,36;0,77;0;0,13;145,66;145,66;1,47;1,27
4;StudentAttendanceSystem;pair;1270;20;38;35;189;100;0,34;0,17;1,36;0,33;146,66;146,66;2,91;2,21
4;StudentAttendanceSystem;state;1271;19;33;8;44;100;0,42;0,38;0;0,08;147,66;147,66;1,01;0,87
4;StudentAttendanceSystem;transition;1271;19;33;10;33;100;0,42;0,57;0;0,08;147,66;147,66;1,23;1,07
4;StudentAttendanceSystem;pair;1271;19;33;26;140;100;0,32;0,16;0,71;0,19;148,66;148,66;1,96;1,39
4;StudentAttendanceSystem;state;1272;22;40;9;44;100;0,36;0,44;0;0,06;149,66;149,66;0,99;0,86
4;StudentAttendanceSystem;transition;1272;22;40;16;39;100;0,33;0,86;0;0,15;150,66;150,66;1,54;1,34
4;StudentAttendanceSystem;pair;1272;22;40;33;172;100;0,32;0,18;1,08;0,25;151,66;151,66;2,53;1,82
4;StudentAttendanceSystem;state;1273;27;55;12;63;100;0,44;0,54;0;0,17;152,66;152,66;1,33;1,15
4;StudentAttendanceSystem;transition;1273;27;55;20;54;100;0,42;2,2;0;0,22;152,66;152,66;3,06;2,85
4;StudentAttendanceSystem;pair;1273;27;55;51;285;100;0,52;0,3;4,18;0,45;154,83;5,83;6,31;5,43
4;StudentAttendanceSystem;state;1274;30;59;13;73;100;0,49;0,64;0;0,16;6,83;6,83;1,47;1,29
4;StudentAttendanceSystem;transition;1274;30;59;18;58;100;0,52;1,21;0;0,21;7,83;7,83;2,13;1,94
4;StudentAttendanceSystem;pair;1274;30;59;51;302;100;0,48;0,35;2,25;0,47;8,83;9,83;4,56;3,55
4;StudentAttendanceSystem;state;1275;32;66;15;81;100;0,58;0,65;0;0,16;9,83;10,83;1,52;1,38
4;StudentAttendanceSystem;transition;1275;32;66;23;65;100;0,52;1,53;0;0,27;10,83;11,83;2,53;2,32
4;StudentAttendanceSystem;pair;1275;32;66;63;357;100;0,51;0,36;3,06;0,83;12,83;13,83;5,92;4,76
4;StudentAttendanceSystem;state;1276;29;58;12;68;100;0,34;0,38;0;0,08;13,83;13,83;0,9;0,8
4;StudentAttendanceSystem;transition;1276;29;58;19;57;100;0,31;0,89;0;0,21;14,83;14,83;1,57;1,41
4;StudentAttendanceSystem;pair;1276;29;58;49;287;100;0,46;0,29;1,8;0,44;16,83;16,83;3,74;2,98
4;StudentAttendanceSystem;state;1277;23;48;10;55;100;0,41;0,35;0;0,07;17,83;17,83;0,94;0,83
4;StudentAttendanceSystem;transition;1277;23;48;15;48;100;0,25;0,61;0;0,12;17,83;18,83;1,18;0,98
4;StudentAttendanceSystem;pair;1277;23;48;42;246;100;0,26;0,2;1,3;0,25;19,83;19,83;2,55;2,01
4;StudentAttendanceSystem;state;1278;30;60;13;70;100;0,32;0,68;0;0,13;20,83;20,83;1,26;1,13
4;StudentAttendanceSystem;transition;1278;30;60;22;59;100;0,48;1,24;0;0,16;21,83;21,83;2,05;1,89
4;StudentAttendanceSystem;pair;1278;30;60;54;302;100;0,32;0,24;2,31;0,48;22,83;23,83;4,1;3,35
4;StudentAttendanceSystem;state;1279;18;27;7;37;100;0,3;0,32;0;0,07;23,83;23,83;0,84;0,69
4;StudentAttendanceSystem;transition;1279;18;27;8;26;100;0,32;0,6;0;0,08;24,83;24,83;1,15;1
4;StudentAttendanceSystem;pair;1279;18;27;21;103;100;0,29;0,11;0,59;0,16;24,83;25,83;1,67;1,14
4;StudentAttendanceSystem;state;1280;25;46;10;55;100;0,27;0,39;0;0,07;25,83;25,83;0,83;0,74
4;StudentAttendanceSystem;transition;1280;25;46;17;45;100;0,25;0,74;0;0,12;26,83;26,83;1,23;1,11
4;StudentAttendanceSystem;pair;1280;25;46;41;213;100;0,46;0,2;1,3;0,32;27,83;27,83;3,04;2,29
4;StudentAttendanceSystem;state;1281;22;41;9;47;100;0,37;0,46;0;0,08;28,83;28,83;1,05;0,91
4;StudentAttendanceSystem;transition;1281;22;41;14;41;100;0,26;0,54;0;0,15;28,83;29,83;1,06;0,94
4;StudentAttendanceSystem;pair;1281;22;41;41;223;100;0,23;0,2;1,44;0,3;30,83;30,83;2,8;2,17
4;StudentAttendanceSystem;state;1282;23;44;9;49;100;0,26;0,29;0;0,07;30,83;31,83;0,71;0,62
4;StudentAttendanceSystem;transition;1282;23;44;15;43;100;0,36;0,9;0;0,16;31,83;31,83;1,67;1,42
4;StudentAttendanceSystem;pair;1282;23;44;39;215;100;0,4;0,23;1,49;0,36;32,83;33,83;3,17;2,47
4;StudentAttendanceSystem;state;1283;27;52;11;61;100;0,41;0,54;0;0,11;33,83;33,83;1,21;1,07
4;StudentAttendanceSystem;transition;1283;27;52;19;51;100;0,43;1,1;0;0,21;34,83;34,83;1,92;1,73
4;StudentAttendanceSystem;pair;1283;27;52;48;260;100;0,41;0,33;1,94;0,38;35,83;36,83;4,13;3,06
4;StudentAttendanceSystem;state;1284;27;56;12;67;100;0,56;0,61;0;0,13;36,83;37,83;1,45;1,3
4;StudentAttendanceSystem;transition;1284;27;56;19;56;100;0,29;1;0;0,14;37,83;37,83;1,57;1,43
4;StudentAttendanceSystem;pair;1284;27;56;51;291;100;0,4;0,33;1,9;0,33;39,83;39,83;3,7;2,95
4;StudentAttendanceSystem;state;1285;29;61;14;75;100;0,38;0,64;0;0,13;40,83;40,83;1,3;1,16
4;StudentAttendanceSystem;transition;1285;29;61;21;61;100;0,52;1,26;0;0,23;41,83;41,83;2,25;2,01
4;StudentAttendanceSystem;pair;1285;29;61;59;333;100;0,51;0,41;2,17;0,39;42,83;43,83;4,33;3,48
4;StudentAttendanceSystem;state;1286;22;45;9;49;100;0,4;0,49;0;0,17;43,83;43,83;1,2;1,06
4;StudentAttendanceSystem;transition;1286;22;45;15;45;100;0,26;0,62;0;0,1;44,83;44,83;1,09;0,98
4;StudentAttendanceSystem;pair;1286;22;45;42;238;100;0,25;0,17;1,23;0,34;45,83;46,83;2,61;1,99
4;StudentAttendanceSystem;state;1287;28;58;13;70;100;0,46;0,63;0;0,13;46,83;46,83;1,36;1,22
4;StudentAttendanceSystem;transition;1287;28;58;20;58;100;0,45;1,13;0;0,2;47,83;47,83;1,97;1,79
4;StudentAttendanceSystem;pair;1287;28;58;50;286;100;0,46;0,33;1,89;0,3;49,83;49,83;3,74;2,97
4;StudentAttendanceSystem;state;1288;22;40;9;48;100;0,25;0,29;0;0,06;50,83;50,83;0,71;0,59
4;StudentAttendanceSystem;transition;1288;22;40;14;39;100;0,38;0,79;0;0,17;50,83;50,83;1,53;1,34
4;StudentAttendanceSystem;pair;1288;22;40;35;181;100;0,34;0,14;0,8;0,19;51,83;52,83;1,89;1,46
4;StudentAttendanceSystem;state;1289;29;60;14;75;100;0,45;0,65;0;0,16;52,83;52,83;1,43;1,26
4;StudentAttendanceSystem;transition;1289;29;60;20;60;100;0,48;1,16;0;0,26;53,83;53,83;2,13;1,9
4;StudentAttendanceSystem;pair;1289;29;60;56;318;100;0,43;0,42;2,82;0,52;55,83;55,83;5,2;4,2
4;StudentAttendanceSystem;state;1290;29;58;12;68;100;0,46;0,61;0;0,13;56,83;56,83;1,4;1,21
4;StudentAttendanceSystem;transition;1290;29;58;19;57;100;0,53;1,25;0;0,23;57,83;57,83;2,25;2,01
4;StudentAttendanceSystem;pair;1290;29;58;48;286;100;0,46;0,32;2,27;0,51;58,83;59,83;4,44;3,56
4;StudentAttendanceSystem;state;1291;26;53;11;62;100;0,45;0,62;0;0,14;59,83;59,83;1,39;1,21
4;StudentAttendanceSystem;transition;1291;26;53;17;53;100;0,48;1,15;0;0,21;60,83;60,83;2,03;1,83
4;StudentAttendanceSystem;pair;1291;26;53;45;263;100;0,53;0,31;1,92;0,43;61,83;62,83;4,1;3,18
4;StudentAttendanceSystem;state;1292;20;39;8;43;100;0,54;0,47;0;0,13;62,83;62,83;1,29;1,14
4;StudentAttendanceSystem;transition;1292;20;39;13;39;100;0,42;0,88;0;0,16;63,83;63,83;1,65;1,46
4;StudentAttendanceSystem;pair;1292;20;39;37;215;100;0,36;0,25;1,59;0,39;64,83;64,83;3,3;2,59
4;StudentAttendanceSystem;state;1293;24;49;10;51;100;0,46;0,58;0;0,1;65,83;65,83;1,31;1,14
4;StudentAttendanceSystem;transition;1293;24;49;19;49;100;0,41;1,12;0;0,22;66,83;66,83;1,99;1,76
4;StudentAttendanceSystem;pair;1293;24;49;47;259;100;0,44;0,35;2,02;0,44;67,83;67,83;4,1;3,25
4;StudentAttendanceSystem;state;1294;20;35;8;40;100;0,42;0,38;0;0,08;68,83;68,83;1,04;0,89
4;StudentAttendanceSystem;transition;1294;20;35;13;34;100;0,39;0,83;0;0,14;68,83;69,83;1,54;1,36
4;StudentAttendanceSystem;pair;1294;20;35;30;157;100;0,3;0,19;1,07;0,24;69,83;70,83;2,44;1,8
4;StudentAttendanceSystem;state;1295;22;38;9;50;100;0,34;0,32;0;0,08;70,83;70,83;0,88;0,75
4;StudentAttendanceSystem;transition;1295;22;38;12;37;100;0,34;0,77;0;0,14;71,83;71,83;1,47;1,25
4;StudentAttendanceSystem;pair;1295;22;38;29;161;100;0,38;0,19;1,19;0,33;72,83;72,83;2,75;2,1
4;StudentAttendanceSystem;state;1296;21;40;9;50;100;0,41;0,45;0;0,11;72,83;73,83;1,12;0,97
4;StudentAttendanceSystem;transition;1296;21;40;13;40;100;0,41;0,88;0;0,16;73,83;73,83;1,63;1,45
4;StudentAttendanceSystem;pair;1296;21;40;36;202;100;0,34;0,15;1,25;0,35;74,83;75,83;2,9;2,09
4;StudentAttendanceSystem;state;1297;18;31;7;35;100;0,32;0,37;0;0,06;75,83;75,83;0,9;0,76
4;StudentAttendanceSystem;transition;1297;18;31;11;30;100;0,32;0,73;0;0,11;76,83;76,83;1,34;1,15
4;StudentAttendanceSystem;pair;1297;18;31;25;128;100;0,36;0,16;0,86;0,24;76,83;77,83;2,2;1,63
4;StudentAttendanceSystem;state;1298;21;39;8;42;100;0,38;0,44;0;0,09;77,83;77,83;1,06;0,91
4;StudentAttendanceSystem;transition;1298;21;39;14;39;100;0,37;0,89;0;0,17;78,83;78,83;1,61;1,43
4;StudentAttendanceSystem;pair;1298;21;39;34;184;100;0,39;0,24;1,27;0,35;79,83;79,83;3,01;2,24
4;StudentAttendanceSystem;state;1299;23;45;10;56;100;0,44;0,47;0;0,13;79,83;80,83;1,17;1,03
4;StudentAttendanceSystem;transition;1299;23;45;14;45;100;0,39;0,88;0;0,16;80,83;80,83;1,61;1,43
4;StudentAttendanceSystem;pair;1299;23;45;40;234;100;0,46;0,23;1,58;0,35;81,83;82,83;3,45;2,63
4;StudentAttendanceSystem;state;1300;16;27;6;30;100;0,32;0,34;0;0,05;82,83;82,83;0,85;0,71
4;StudentAttendanceSystem;transition;1300;16;27;9;27;100;0,25;0,62;0;0,13;83,83;83,83;1,16;1
4;StudentAttendanceSystem;pair;1300;16;27;22;112;100;0,29;0,12;0,7;0,2;83,83;84,83;1,86;1,32
4;StudentAttendanceSystem;state;1301;21;36;8;43;100;0,35;0,42;0;0,1;84,83;84,83;1,02;0,87
4;StudentAttendanceSystem;transition;1301;21;36;13;35;100;0,38;0,92;0;0,15;85,83;85,83;1,63;1,45
4;StudentAttendanceSystem;pair;1301;21;36;28;152;100;0,39;0,18;1,16;0,27;86,83;86,83;2,69;2,01
4;StudentAttendanceSystem;state;1302;19;36;8;40;100;0,4;0,41;0;0,08;86,83;86,83;1,05;0,88
4;StudentAttendanceSystem;transition;1302;19;36;13;36;100;0,38;0,77;0;0,12;87,83;87,83;1,49;1,27
4;StudentAttendanceSystem;pair;1302;19;36;33;180;100;0,39;0,17;1,24;0,26;88,83;88,83;2,7;2,05
4;StudentAttendanceSystem;state;1303;26;50;10;54;100;0,44;0,62;0;0,11;89,83;89,83;1,36;1,18
4;StudentAttendanceSystem;transition;1303;26;50;18;49;100;0,43;1,23;0;0,22;89,83;90,83;2,11;1,88
4;StudentAttendanceSystem;pair;1303;26;50;46;262;100;0,45;0,32;2,19;0,44;91,83;91,83;4,36;3,4
4;StudentAttendanceSystem;state;1304;18;30;7;35;100;0,4;0,38;0;0,07;92,83;92,83;1;0,85
4;StudentAttendanceSystem;transition;1304;18;30;11;30;100;0,34;0,68;0;0,1;92,83;92,83;1,28;1,12
4;StudentAttendanceSystem;pair;1304;18;30;30;140;100;0,31;0,13;0,89;0,22;93,83;93,83;2,18;1,54
4;StudentAttendanceSystem;state;1305;28;58;13;72;100;0,5;0,61;0;0,16;94,83;94,83;1,44;1,27
4;StudentAttendanceSystem;transition;1305;28;58;19;58;100;0,46;1,37;0;0,22;95,83;95,83;2,27;2,06
4;StudentAttendanceSystem;pair;1305;28;58;57;323;100;0,52;0,4;2,86;0,57;96,83;97,83;5,37;4,35
4;StudentAttendanceSystem;state;1306;19;34;8;42;100;0,37;0,43;0;0,08;97,83;97,83;1,16;0,88
4;StudentAttendanceSystem;transition;1306;19;34;11;34;100;0,35;0,78;0;0,12;98,83;98,83;1,43;1,25
4;StudentAttendanceSystem;pair;1306;19;34;29;150;100;0,3;0,17;1,02;0,24;99,83;99,83;2,32;1,73
4;StudentAttendanceSystem;state;1307;24;46;10;55;100;0,48;0,54;0;0,11;100,83;100,83;1,28;1,14
4;StudentAttendanceSystem;transition;1307;24;46;16;46;100;0,41;1,06;0;0,16;100,83;100,83;1,82;1,63
4;StudentAttendanceSystem;pair;1307;24;46;41;221;100;0,5;0,24;1,52;0,41;102,83;102,83;3,53;2,68
4;StudentAttendanceSystem;state;1308;27;54;11;57;100;0,45;0,63;0;0,12;102,83;102,83;1,34;1,2
4;StudentAttendanceSystem;transition;1308;27;54;21;53;100;0,49;1,18;0;0,22;103,83;103,83;2,14;1,89
4;StudentAttendanceSystem;pair;1308;27;54;51;283;100;0,45;0,33;2,11;0,53;105,83;105,83;4,43;3,41
4;StudentAttendanceSystem;state;1309;25;50;10;55;100;0,45;0,39;0;0,12;106,83;106,83;1,1;0,96
4;StudentAttendanceSystem;transition;1309;25;50;17;49;100;0,48;1,15;0;0,23;106,83;107,83;2,06;1,86
4;StudentAttendanceSystem;pair;1309;25;50;46;262;100;0,44;0,31;2,14;0,42;108,83;108,83;4,2;3,31
4;StudentAttendanceSystem;state;1310;18;33;7;37;100;0,33;0,24;0;0,04;109,83;109,83;0,71;0,61
4;StudentAttendanceSystem;transition;1310;18;33;11;33;100;0,33;0,72;0;0,17;109,83;109,83;1,38;1,21
4;StudentAttendanceSystem;pair;1310;18;33;30;168;100;0,37;0,18;1,07;0,28;110,83;111,83;2,52;1,89
4;StudentAttendanceSystem;state;1311;24;45;10;54;100;0,42;0,55;0;0,13;111,83;111,83;1,25;1,09
4;StudentAttendanceSystem;transition;1311;24;45;15;44;100;0,4;1,03;0;0,18;112,83;112,83;1,8;1,61
4;StudentAttendanceSystem;pair;1311;24;45;38;212;100;0,4;0,23;1,65;0,32;113,83;113,83;3,35;2,6
4;StudentAttendanceSystem;state;1312;17;29;6;30;100;0,32;0,36;0;0,05;114,83;114,83;0,85;0,72
4;StudentAttendanceSystem;transition;1312;17;29;9;29;100;0,28;0,62;0;0,08;114,83;114,83;1,1;0,98
4;StudentAttendanceSystem;pair;1312;17;29;27;141;100;0,27;0,13;0,87;0,22;115,83;115,83;2,02;1,48
4;StudentAttendanceSystem;state;1313;29;58;12;67;100;0,47;0,69;0;0,15;116,83;116,83;1,46;1,3
4;StudentAttendanceSystem;transition;1313;29;58;20;57;100;0,49;1,47;0;0,35;117,83;117,83;2,54;2,31
4;StudentAttendanceSystem;pair;1313;29;58;58;326;100;0,53;0,38;2,6;0,55;118,83;119,83;5,13;4,06
4;StudentAttendanceSystem;state;1314;26;53;11;61;100;0,5;0,57;0;0,11;119,83;119,83;1,32;1,18
4;StudentAttendanceSystem;transition;1314;26;53;17;52;100;0,45;1,18;0;0,22;120,83;120,83;2,06;1,86
4;StudentAttendanceSystem;pair;1314;26;53;46;270;100;0,5;0,27;3,04;0,26;122,83;122,83;4,89;4,07
4;StudentAttendanceSystem;state;1315;23;42;10;54;100;0,36;0,38;0;0,09;122,83;123,83;0,98;0,82
4;StudentAttendanceSystem;transition;1315;23;42;14;42;100;0,22;0,58;0;0,12;123,83;123,83;1,03;0,91
4;StudentAttendanceSystem;pair;1315;23;42;40;206;100;0,31;0,21;1,02;0,18;124,83;125,83;2,26;1,72
4;StudentAttendanceSystem;state;1316;24;45;10;52;100;0,22;0,34;0;0,1;125,83;125,83;0,77;0,66
4;StudentAttendanceSystem;transition;1316;24;45;17;44;100;0,33;0,79;0;0,16;126,83;126,83;1,42;1,28
4;StudentAttendanceSystem;pair;1316;24;45;38;212;100;0,22;0,14;0,91;0,24;127,83;127,83;1,93;1,51
4;StudentAttendanceSystem;state;1317;20;38;9;46;100;0,24;0,32;0;0,06;128,83;128,83;0,71;0,62
4;StudentAttendanceSystem;transition;1317;20;38;13;38;100;0,26;0,6;0;0,12;128,83;129,83;1,13;0,98
4;StudentAttendanceSystem;pair;1317;20;38;36;186;100;0,19;0,12;0,68;0,15;129,83;130,83;1,5;1,15
4;StudentAttendanceSystem;state;1318;23;42;10;52;100;0,31;0,38;0;0,07;130,83;130,83;0,85;0,75
4;StudentAttendanceSystem;transition;1318;23;42;15;42;100;0,3;0,55;0;0,09;131,83;131,83;1,03;0,94
4;StudentAttendanceSystem;pair;1318;23;42;32;169;100;0,2;0,19;0,89;0,21;132,83;132,83;2,01;1,5
4;StudentAttendanceSystem;state;1319;23;46;10;51;100;0,33;0,41;0;0,1;133,83;133,83;0,94;0,84
4;StudentAttendanceSystem;transition;1319;23;46;16;46;100;0,22;0,51;0;0,1;133,83;134,83;0,91;0,82
4;StudentAttendanceSystem;pair;1319;23;46;46;246;100;0,21;0,16;1,1;0,32;135,83;135,83;2,3;1,79
4;StudentAttendanceSystem;state;1320;16;28;6;30;100;0,27;0,18;0;0,03;135,83;136,83;0,55;0,47
4;StudentAttendanceSystem;transition;1320;16;28;10;28;100;0,15;0,32;0;0,05;136,83;136,83;0,59;0,52
4;StudentAttendanceSystem;pair;1320;16;28;25;123;100;0,15;0,11;0,53;0,13;137,83;137,83;1,28;0,92
4;StudentAttendanceSystem;state;1321;24;46;11;57;100;0,22;0,27;0;0,05;138,83;138,83;0,61;0,54
4;StudentAttendanceSystem;transition;1321;24;46;17;46;100;0,25;0,74;0;0,13;138,83;138,83;1,27;1,13
4;StudentAttendanceSystem;pair;1321;24;46;45;231;100;0,31;0,15;0,93;0,19;139,83;140,83;2,06;1,57
4;StudentAttendanceSystem;state;1322;28;55;11;62;100;0,26;0,31;0;0,06;140,83;140,83;0,7;0,63
4;StudentAttendanceSystem;transition;1322;28;55;19;54;100;0,32;0,69;0;0,12;141,83;141,83;1,24;1,13
4;StudentAttendanceSystem;pair;1322;28;55;49;279;100;0,29;0,25;1,5;0,29;143,83;143,83;2,92;2,32
4;StudentAttendanceSystem;state;1323;26;54;11;62;100;0,26;0,32;0;0,06;144,83;144,83;0,71;0,64
4;StudentAttendanceSystem;transition;1323;26;54;18;54;100;0,24;0,64;0;0,11;145,83;145,83;1,1;1
4;StudentAttendanceSystem;pair;1323;26;54;48;278;100;0,25;0,31;1,72;0,24;146,83;146,83;3,04;2,51
4;StudentAttendanceSystem;state;1324;20;35;9;50;100;0,22;0,27;0;0,05;147,83;147,83;0,61;0,53
4;StudentAttendanceSystem;transition;1324;20;35;10;35;100;0,28;0,56;0;0,09;147,83;148,83;1,05;0,94
4;StudentAttendanceSystem;pair;1324;20;35;29;159;100;0,3;0,11;0,54;0,14;148,83;149,83;1,43;1,09
4;StudentAttendanceSystem;state;1325;31;63;14;76;100;0,27;0,35;0;0,07;149,83;149,83;0,77;0,7
4;StudentAttendanceSystem;transition;1325;31;63;21;62;100;0,34;0,86;0;0,15;150,83;150,83;1,48;1,35
4;StudentAttendanceSystem;pair;1325;31;63;56;323;100;0,31;0,23;1,57;0,29;152,83;152,83;3;2,41
4;StudentAttendanceSystem;state;1326;22;42;9;48;100;0,33;0,38;0;0,05;153,83;153,83;0,96;0,77
4;StudentAttendanceSystem;transition;1326;22;42;13;42;100;0,21;0,49;0;0,11;154,83;5,67;2,4;0,82
4;StudentAttendanceSystem;pair;1326;22;42;41;225;100;0,32;0,17;1,1;0,19;6,67;6,67;2,3;1,78
4;StudentAttendanceSystem;state;1327;20;32;7;36;100;0,19;0,2;0;0,03;6,67;6,67;0,54;0,42
4;StudentAttendanceSystem;transition;1327;20;32;12;31;100;0,19;0,41;0;0,07;7,67;7,67;0,77;0,67
4;StudentAttendanceSystem;pair;1327;20;32;24;118;100;0,19;0,1;0,45;0,1;8,67;8,67;1,23;0,83
4;StudentAttendanceSystem;state;1328;26;54;11;62;100;0,25;0,32;0;0,06;9,67;9,67;0,71;0,63
4;StudentAttendanceSystem;transition;1328;26;54;18;54;100;0,24;0,8;0;0,13;9,67;10,67;1,28;1,16
4;StudentAttendanceSystem;pair;1328;26;54;48;278;100;0,35;0,24;1,32;0,25;11,67;11,67;2,76;2,16
4;StudentAttendanceSystem;state;1329;23;46;9;48;100;0,25;0,29;0;0,05;12,67;12,67;0,66;0,58
4;StudentAttendanceSystem;transition;1329;23;46;17;46;100;0,22;0,56;0;0,1;13,67;13,67;1,03;0,88
4;StudentAttendanceSystem;pair;1329;23;46;45;249;100;0,31;0,22;1,2;0,24;14,67;14,67;2,59;1,97
4;StudentAttendanceSystem;state;1330;23;40;9;47;100;0,34;0,42;0;0,07;15,67;15,67;0,96;0,83
4;StudentAttendanceSystem;transition;1330;23;40;14;39;100;0,33;0,72;0;0,12;15,67;15,67;1,3;1,17
4;StudentAttendanceSystem;pair;1330;23;40;38;200;100;0,22;0,12;0,8;0,19;16,67;17,67;1,72;1,33
4;StudentAttendanceSystem;state;1331;21;39;8;43;100;0,29;0,26;0;0,04;17,67;17,67;0,68;0,6
4;StudentAttendanceSystem;transition;1331;21;39;13;38;100;0,18;0,46;0;0,08;18,67;18,67;0,8;0,72
4;StudentAttendanceSystem;pair;1331;21;39;39;213;100;0,26;0,16;1,19;0,26;19,67;19,67;2,43;1,87
4;StudentAttendanceSystem;state;1332;29;56;12;67;100;0,28;0,32;0;0,12;20,67;20,67;0,82;0,72
4;StudentAttendanceSystem;transition;1332;29;56;19;55;100;0,43;0,73;0;0,15;21,67;21,67;1,44;1,32
4;StudentAttendanceSystem;pair;1332;29;56;49;281;100;0,26;0,2;1,44;0,31;22,67;23,67;2,7;2,2
4;StudentAttendanceSystem;state;1333;23;45;9;48;100;0,24;0,26;0;0,05;23,67;23,67;0,62;0,55
4;StudentAttendanceSystem;transition;1333;23;45;16;45;100;0,21;0,63;0;0,09;24,67;24,67;1,04;0,94
4;StudentAttendanceSystem;pair;1333;23;45;42;234;100;0,24;0,14;1,27;0,29;25,67;25,67;2,57;1,94
4;StudentAttendanceSystem;state;1334;23;42;9;48;100;0,33;0,38;0;0,06;26,67;26,67;0,86;0,77
4;StudentAttendanceSystem;transition;1334;23;42;14;41;100;0,3;0,63;0;0,09;27,67;27,67;1,11;1,02
4;StudentAttendanceSystem;pair;1334;23;42;41;213;100;0,21;0,13;0,87;0,21;28,67;28,67;1,8;1,42
4;StudentAttendanceSystem;state;1335;23;48;10;55;100;0,23;0,32;0;0,06;29,67;29,67;0,68;0,61
4;StudentAttendanceSystem;transition;1335;23;48;15;48;100;0,21;0,56;0;0,1;29,67;29,67;0,97;0,87
4;StudentAttendanceSystem;pair;1335;23;48;42;246;100;0,23;0,16;0,97;0,24;31,67;31,67;2,03;1,61
4;StudentAttendanceSystem;state;1336;29;57;12;68;100;0,3;0,33;0;0,07;32,67;32,67;0,77;0,7
4;StudentAttendanceSystem;transition;1336;29;57;18;56;100;0,39;0,69;0;0,13;32,67;33,67;1,32;1,22
4;StudentAttendanceSystem;pair;1336;29;57;46;276;100;0,29;0,2;1,33;0,37;34,67;34,67;2,8;2,19
4;StudentAttendanceSystem;state;1337;17;32;7;35;100;0,19;0,2;0;0,03;35,67;35,67;0,49;0,42
4;StudentAttendanceSystem;transition;1337;17;32;11;32;100;0,16;0,36;0;0,06;35,67;35,67;0,65;0,58
4;StudentAttendanceSystem;pair;1337;17;32;29;157;100;0,18;0,1;0,57;0,13;36,67;36,67;1,28;0,97
4;StudentAttendanceSystem;state;1338;23;43;10;50;100;0,2;0,24;0;0,05;37,67;37,67;0,55;0,49
4;StudentAttendanceSystem;transition;1338;23;43;15;43;100;0,19;0,53;0;0,08;38,67;38,67;0,89;0,8
4;StudentAttendanceSystem;pair;1338;23;43;38;211;100;0,25;0,13;0,83;0,21;39,67;39,67;1,82;1,42
4;StudentAttendanceSystem;state;1339;25;47;11;60;100;0,23;0,29;0;0,05;40,67;40,67;0,65;0,58
4;StudentAttendanceSystem;transition;1339;25;47;15;47;100;0,22;0,62;0;0,09;40,67;40,67;1,02;0,93
4;StudentAttendanceSystem;pair;1339;25;47;44;242;100;0,45;0,15;0,94;0,2;42,67;42,67;2,2;1,74
4;StudentAttendanceSystem;state;1340;25;49;9;49;100;0,23;0,28;0;0,05;43,67;43,67;0,64;0,57
4;StudentAttendanceSystem;transition;1340;25;49;18;48;100;0,22;0,66;0;0,13;43,67;43,67;1,11;1,02
4;StudentAttendanceSystem;pair;1340;25;49;46;260;100;0,26;0,17;1,21;0,26;45,67;45,67;2,35;1,9
4;StudentAttendanceSystem;state;1341;19;35;8;40;100;0,19;0,22;0;0,08;46,67;46,67;0,55;0,48
4;StudentAttendanceSystem;transition;1341;19;35;12;35;100;0,26;0,61;0;0,09;46,67;46,67;1,08;0,96
4;StudentAttendanceSystem;pair;1341;19;35;30;165;100;0,27;0,1;0,63;0,14;47,67;47,67;1,54;1,14
4;StudentAttendanceSystem;state;1342;25;48;10;54;100;0,24;0,28;0;0,06;48,67;48,67;0,66;0,59
4;StudentAttendanceSystem;transition;1342;25;48;16;47;100;0,24;0,59;0;0,1;49,67;49,67;1,02;0,92
4;StudentAttendanceSystem;pair;1342;25;48;48;260;100;0,22;0,21;1,43;0,22;50,67;50,67;2,58;2,09
4;StudentAttendanceSystem;state;1343;24;45;10;56;100;0,25;0,27;0;0,05;51,67;51,67;0,64;0,57
4;StudentAttendanceSystem;transition;1343;24;45;15;44;100;0,21;0,56;0;0,1;52,67;52,67;0,96;0,87
4;StudentAttendanceSystem;pair;1343;24;45;39;223;100;0,22;0,14;0,88;0,29;53,67;53,67;2,03;1,53
4;StudentAttendanceSystem;state;1344;27;53;11;57;100;0,25;0,31;0;0,06;54,67;54,67;0,69;0,62
4;StudentAttendanceSystem;transition;1344;27;53;20;52;100;0,24;0,71;0;0,13;54,67;55,67;1,2;1,08
4;StudentAttendanceSystem;pair;1344;27;53;48;272;100;0,25;0,18;1,3;0,26;56,67;56,67;2,46;1,98
4;StudentAttendanceSystem;state;1345;21;37;8;43;100;0,21;0,22;0;0,04;57,67;57,67;0,54;0,48
4;StudentAttendanceSystem;transition;1345;21;37;12;36;100;0,18;0,46;0;0,08;57,67;58,67;0,81;0,73
4;StudentAttendanceSystem;pair;1345;21;37;31;177;100;0,22;0,11;0,77;0,15;58,67;59,67;1,66;1,26
4;StudentAttendanceSystem;state;1346;24;43;9;50;100;0,22;0,3;0;0,06;59,67;59,67;0,65;0,57
4;StudentAttendanceSystem;transition;1346;24;43;15;42;100;0,27;0,54;0;0,1;60,67;60,67;1;0,91
4;StudentAttendanceSystem;pair;1346;24;43;35;189;100;0,21;0,14;0,72;0,2;61,67;61,67;1,65;1,27
4;StudentAttendanceSystem;state;1347;24;43;9;48;100;0,22;0,24;0;0,05;62,67;62,67;0,57;0,51
4;StudentAttendanceSystem;transition;1347;24;43;15;42;100;0,2;0,52;0;0,09;63,67;63,67;0,89;0,81
4;StudentAttendanceSystem;pair;1347;24;43;36;200;100;0,2;0,13;0,87;0,41;64,67;64,67;2,09;1,61
4;StudentAttendanceSystem;state;1348;28;54;12;64;100;0,26;0,45;0;0,07;65,67;65,67;0,87;0,79
4;StudentAttendanceSystem;transition;1348;28;54;20;53;100;0,25;0,68;0;0,16;65,67;66,67;1,2;1,1
4;StudentAttendanceSystem;pair;1348;28;54;46;254;100;0,25;0,19;1,16;0,23;67,67;67,67;2,28;1,82
4;StudentAttendanceSystem;state;1349;22;41;9;45;100;0,21;0,24;0;0,04;68,67;68,67;0,57;0,5
4;StudentAttendanceSystem;transition;1349;22;41;15;40;100;0,18;0,5;0;0,09;68,67;68,67;0,86;0,77
4;StudentAttendanceSystem;pair;1349;22;41;35;193;100;0,2;0,13;0,86;0,17;69,67;70,67;1,75;1,35
4;StudentAttendanceSystem;state;1350;24;43;9;50;100;0,22;0,25;0;0,05;70,67;70,67;0,59;0,52
4;StudentAttendanceSystem;transition;1350;24;43;15;42;100;0,21;0,52;0;0,09;71,67;71,67;0,91;0,83
4;StudentAttendanceSystem;pair;1350;24;43;36;189;100;0,21;0,14;0,78;0,18;72,67;72,67;1,69;1,3
4;StudentAttendanceSystem;state;1351;29;58;12;65;100;0,27;0,32;0;0,07;73,67;73,67;0,73;0,66
4;StudentAttendanceSystem;transition;1351;29;58;21;57;100;0,25;0,73;0;0,13;74,67;74,67;1,43;1,11
4;StudentAttendanceSystem;pair;1351;29;58;51;289;100;0,26;0,25;1,38;0,26;75,67;76,67;2,69;2,16
4;StudentAttendanceSystem;state;1352;26;53;11;61;100;0,25;0,3;0;0,06;76,67;76,67;0,68;0,62
4;StudentAttendanceSystem;transition;1352;26;53;19;53;100;0,25;0,64;0;0,12;77,67;77,67;1,11;1,01
4;StudentAttendanceSystem;pair;1352;26;53;51;283;100;0,25;0,19;1,2;0,24;79,67;79,67;2,39;1,88
4;StudentAttendanceSystem;state;1353;20;34;8;38;100;0,2;0,21;0;0,04;80,67;80,67;0,52;0,45
4;StudentAttendanceSystem;transition;1353;20;34;14;33;100;0,16;0,42;0;0,07;80,67;80,67;0,73;0,65
4;StudentAttendanceSystem;pair;1353;20;34;26;125;100;0,17;0,16;0,45;0,11;81,67;81,67;1,2;0,89
4;StudentAttendanceSystem;state;1354;23;39;9;47;100;0,2;0,25;0;0,04;82,67;82,67;0,56;0,5
4;StudentAttendanceSystem;transition;1354;23;39;13;38;100;0,19;0,49;0;0,08;82,67;82,67;0,84;0,76
4;StudentAttendanceSystem;pair;1354;23;39;34;180;100;0,21;0,14;0,93;0,17;83,67;84,67;1,87;1,45
4;StudentAttendanceSystem;state;1355;21;35;8;41;100;0,19;0,22;0;0,04;84,67;84,67;0,51;0,44
4;StudentAttendanceSystem;transition;1355;21;35;13;34;100;0,21;0,45;0;0,07;85,67;85,67;0,82;0,74
4;StudentAttendanceSystem;pair;1355;21;35;34;164;100;0,21;0,29;0,7;0,2;86,67;86,67;1,77;1,4
4;StudentAttendanceSystem;state;1356;21;39;8;43;100;0,2;0,22;0;0,04;86,67;86,67;0,54;0,47
4;StudentAttendanceSystem;transition;1356;21;39;13;39;100;0,2;0,44;0;0,07;87,67;87,67;0,79;0,71
4;StudentAttendanceSystem;pair;1356;21;39;38;210;100;0,19;0,12;1,02;0,26;88,67;88,67;2,05;1,59
4;StudentAttendanceSystem;state;1357;19;38;8;41;100;0,34;0,34;0;0,06;89,67;89,67;0,84;0,74
4;StudentAttendanceSystem;transition;1357;19;38;13;38;100;0,27;0,7;0;0,08;90,67;90,67;1,19;1,05
4;StudentAttendanceSystem;pair;1357;19;38;36;204;100;0,2;0,12;0,97;0,26;91,67;91,67;2,01;1,55
4;StudentAttendanceSystem;state;1358;21;39;8;42;100;0,39;0,37;0;0,07;91,67;91,67;0,95;0,83
4;StudentAttendanceSystem;transition;1358;21;39;14;39;100;0,35;0,73;0;0,12;92,67;92,67;1,33;1,2
4;StudentAttendanceSystem;pair;1358;21;39;35;191;100;0,31;0,16;1,05;0,23;93,67;93,67;2,47;1,76
4;StudentAttendanceSystem;state;1359;20;39;8;42;100;0,62;0,36;0;0,06;94,67;94,67;1,15;1,04
4;StudentAttendanceSystem;transition;1359;20;39;13;39;100;0,29;0,7;0;0,14;94,67;95,67;1,28;1,13
4;StudentAttendanceSystem;pair;1359;20;39;35;201;100;0,3;0,16;1,11;0,29;96,67;96,67;2,45;1,86
4;StudentAttendanceSystem;state;1360;18;33;7;33;100;0,41;0,31;0;0,05;96,67;96,67;0,88;0,78
4;StudentAttendanceSystem;transition;1360;18;33;12;33;100;0,27;0,76;0;0,12;97,67;97,67;1,34;1,14
4;StudentAttendanceSystem;pair;1360;18;33;32;160;100;0,57;0,19;0,88;0,22;98,67;98,67;2,34;1,85
4;StudentAttendanceSystem;state;1361;27;55;12;64;100;0,37;0,5;0;0,11;99,67;99,67;1,09;0,98
4;StudentAttendanceSystem;transition;1361;27;55;20;55;100;0,39;0,93;0;0,21;99,67;100,67;1,68;1,52
4;StudentAttendanceSystem;pair;1361;27;55;50;278;100;0,36;0,25;1,8;0,36;101,67;101,67;3,72;2,77
4;StudentAttendanceSystem;state;1362;20;35;9;50;100;0,33;0,36;0;0,07;102,67;102,67;0,87;0,76
4;StudentAttendanceSystem;transition;1362;20;35;10;35;100;0,22;0,45;0;0,11;102,67;102,67;0,9;0,78
4;StudentAttendanceSystem;pair;1362;20;35;30;162;100;0,33;0,13;0,78;0,2;103,67;104,67;1,98;1,45
4;StudentAttendanceSystem;state;1363;22;40;9;49;100;0,24;0,24;0;0,04;104,67;104,67;0,6;0,53
4;StudentAttendanceSystem;transition;1363;22;40;14;40;100;0,19;0,59;0;0,11;105,67;105,67;1,03;0,89
4;StudentAttendanceSystem;pair;1363;22;40;33;171;100;0,32;0,16;1,15;0,15;106,67;106,67;2,26;1,78
4;StudentAttendanceSystem;state;1364;28;54;12;64;100;0,35;0,32;0;0,06;107,67;107,67;0,82;0,74
4;StudentAttendanceSystem;transition;1364;28;54;20;53;100;0,41;1;0;0,2;107,67;108,67;1,78;1,61
4;StudentAttendanceSystem;pair;1364;28;54;47;259;100;0,39;0,25;1,64;0,35;109,67;109,67;3,37;2,62
4;StudentAttendanceSystem;state;1365;18;28;7;35;100;0,27;0,33;0;0,05;110,67;110,67;0,74;0,64
4;StudentAttendanceSystem;transition;1365;18;28;9;28;100;0,24;0,49;0;0,06;110,67;110,67;1,13;0,79
4;StudentAttendanceSystem;pair;1365;18;28;23;111;100;0,17;0,08;0,48;0,14;111,67;111,67;1,21;0,87
4;StudentAttendanceSystem;state;1366;24;46;10;55;100;0,35;0,51;0;0,09;112,67;112,67;1,06;0,95
4;StudentAttendanceSystem;transition;1366;24;46;16;46;100;0,36;0,8;0;0,14;112,67;112,67;1,45;1,31
4;StudentAttendanceSystem;pair;1366;24;46;41;221;100;0,34;0,23;1,26;0,3;114,67;114,67;2,77;2,14
4;StudentAttendanceSystem;state;1367;20;38;8;43;100;0,22;0,23;0;0,05;114,67;114,67;0,57;0,49
4;StudentAttendanceSystem;transition;1367;20;38;12;38;100;0,28;0,46;0;0,07;115,67;115,67;0,91;0,81
4;StudentAttendanceSystem;pair;1367;20;38;34;200;100;0,5;0,17;1,01;0,24;116,67;116,67;2,47;1,92
4;StudentAttendanceSystem;state;1368;24;48;10;51;100;0,37;0,44;0;0,08;117,67;117,67;1,01;0,9
4;StudentAttendanceSystem;transition;1368;24;48;17;48;100;0,35;0,9;0;0,11;118,67;118,67;1,51;1,36
4;StudentAttendanceSystem;pair;1368;24;48;48;269;100;0,34;0,22;1,66;0,44;119,67;119,67;3,39;2,65
4;StudentAttendanceSystem;state;1369;15;26;6;29;100;0,34;0,36;0;0,05;120,67;120,67;0,87;0,75
4;StudentAttendanceSystem;transition;1369;15;26;9;26;100;0,29;0,6;0;0,1;120,67;120,67;1,48;0,99
4;StudentAttendanceSystem;pair;1369;15;26;22;110;100;0,27;0,11;0,54;0,13;121,67;121,67;1,5;1,05
4;StudentAttendanceSystem;state;1370;27;53;12;65;100;0,38;0,55;0;0,13;122,67;122,67;1,2;1,06
4;StudentAttendanceSystem;transition;1370;27;53;18;52;100;0,29;0,75;0;0,17;123,67;123,67;1,37;1,21
4;StudentAttendanceSystem;pair;1370;27;53;46;268;100;0,36;0,24;1,58;0,39;124,67;124,67;3,27;2,58
4;StudentAttendanceSystem;state;1371;26;54;11;62;100;0,41;0,45;0;0,07;125,67;125,67;1,02;0,93
4;StudentAttendanceSystem;transition;1371;26;54;18;54;100;0,25;0,96;0;0,17;126,67;126,67;1,53;1,38
4;StudentAttendanceSystem;pair;1371;26;54;48;278;100;0,4;0,24;1,67;0,37;127,67;128,67;3,35;2,68
4;StudentAttendanceSystem;state;1372;27;50;11;61;100;0,4;0,46;0;0,08;128,67;128,67;1,05;0,94
4;StudentAttendanceSystem;transition;1372;27;50;17;49;100;0,36;0,84;0;0,16;129,67;129,67;1,5;1,36
4;StudentAttendanceSystem;pair;1372;27;50;42;234;100;0,35;0,21;1,32;0,33;130,67;131,67;2,9;2,21
4;StudentAttendanceSystem;state;1373;16;27;6;31;100;0,26;0,29;0;0,04;131,67;131,67;0,7;0,6
4;StudentAttendanceSystem;transition;1373;16;27;9;27;100;0,3;0,42;0;0,05;132,67;132,67;0,87;0,77
4;StudentAttendanceSystem;pair;1373;16;27;22;118;100;0,22;0,11;0,59;0,14;132,67;133,67;1,52;1,06
4;StudentAttendanceSystem;state;1374;25;47;11;59;100;0,3;0,28;0;0,06;133,67;133,67;0,71;0,63
4;StudentAttendanceSystem;transition;1374;25;47;16;46;100;0,22;0,58;0;0,1;134,67;134,67;0,98;0,89
4;StudentAttendanceSystem;pair;1374;25;47;39;221;100;0,23;0,15;1,04;0,33;135,67;135,67;2,26;1,75
4;StudentAttendanceSystem;state;1375;24;50;11;57;100;0,37;0,39;0;0,09;136,67;136,67;0,97;0,86
4;StudentAttendanceSystem;transition;1375;24;50;18;50;100;0,32;0,89;0;0,17;137,67;137,67;1,56;1,38
4;StudentAttendanceSystem;pair;1375;24;50;47;261;100;0,35;0,26;1,77;0,36;138,67;138,67;3,48;2,73
4;StudentAttendanceSystem;state;1376;24;47;11;62;100;0,42;0,57;0;0,1;139,67;139,67;1,23;1,09
4;StudentAttendanceSystem;transition;1376;24;47;14;47;100;0,4;0,78;0;0,13;140,67;140,67;1,45;1,31
4;StudentAttendanceSystem;pair;1376;24;47;44;256;100;0,36;0,2;1,48;0,37;141,67;141,67;3,1;2,42
4;StudentAttendanceSystem;state;1377;19;35;8;43;100;0,3;0,36;0;0,07;142,67;142,67;0,85;0,74
4;StudentAttendanceSystem;transition;1377;19;35;11;35;100;0,29;0,59;0;0,11;142,67;142,67;1,12;0,99
4;StudentAttendanceSystem;pair;1377;19;35;34;176;100;0,31;0,15;0,84;0,32;143,67;144,67;2,14;1,62
4;StudentAttendanceSystem;state;1378;20;34;7;37;100;0,3;0,36;0;0,06;144,67;144,67;0,83;0,72
4;StudentAttendanceSystem;transition;1378;20;34;11;33;100;0,29;0,63;0;0,09;145,67;145,67;1,18;1,02
4;StudentAttendanceSystem;pair;1378;20;34;31;163;100;0,28;0,13;0,81;0,2;146,67;146,67;1,9;1,42
4;StudentAttendanceSystem;state;1379;21;37;8;43;100;0,29;0,34;0;0,05;146,67;146,67;0,78;0,69
4;StudentAttendanceSystem;transition;1379;21;37;12;36;100;0,22;0,47;0;0,08;147,67;147,67;0,86;0,76
4;StudentAttendanceSystem;pair;1379;21;37;31;177;100;0,33;0,15;0,93;0,23;148,67;148,67;2,18;1,64
4;StudentAttendanceSystem;state;1380;30;59;13;73;100;0,47;0,56;0;0,14;149,67;149,67;1,31;1,17
4;StudentAttendanceSystem;transition;1380;30;59;19;58;100;0,48;1,11;0;0,19;150,67;150,67;1,93;1,77
4;StudentAttendanceSystem;pair;1380;30;59;48;284;100;0,39;0,3;1,7;0,48;151,67;152,67;3,67;2,86
4;StudentAttendanceSystem;state;1381;24;49;11;57;100;0,37;0,4;0;0,06;152,67;152,67;0,93;0,83
4;StudentAttendanceSystem;transition;1381;24;49;17;49;100;0,28;0,89;0;0,16;153,67;153,67;1,5;1,33
4;StudentAttendanceSystem;pair;1381;24;49;44;250;100;0,37;1,75;1,42;0,37;154,74;6,74;4,6;3,91
4;StudentAttendanceSystem;state;1382;24;46;10;54;100;0,35;0,48;0;0,16;6,74;6,74;1,13;0,99
4;StudentAttendanceSystem;transition;1382;24;46;16;45;100;0,37;0,85;0;0,15;7,74;7,74;1,52;1,37
4;StudentAttendanceSystem;pair;1382;24;46;42;228;100;0,36;0,2;1,27;0,31;8,74;8,74;2,8;2,14
4;StudentAttendanceSystem;state;1383;26;53;11;62;100;0,3;0,36;0;0,1;9,74;9,74;0,86;0,76
4;StudentAttendanceSystem;transition;1383;26;53;17;53;100;0,38;0,88;0;0,17;10,74;10,74;1,58;1,44
4;StudentAttendanceSystem;pair;1383;26;53;45;263;100;0,39;0,3;1,91;0,46;11,74;12,74;3,81;3,05
4;StudentAttendanceSystem;state;1384;29;59;14;75;100;0,48;0,58;0;0,13;12,74;12,74;1,32;1,19
4;StudentAttendanceSystem;transition;1384;29;59;19;59;100;0,4;0,73;0;0,15;13,74;13,74;1,41;1,28
4;StudentAttendanceSystem;pair;1384;29;59;53;307;100;0,26;0,22;1,55;0,28;15,74;15,74;2,86;2,31
4;StudentAttendanceSystem;state;1385;24;46;10;53;100;0,38;0,42;0;0,07;16,74;16,74;0,98;0,87
4;StudentAttendanceSystem;transition;1385;24;46;16;46;100;0,32;0,79;0;0,16;16,74;16,74;1,41;1,27
4;StudentAttendanceSystem;pair;1385;24;46;36;202;100;0,31;0,15;0,94;0,25;18,74;18,74;2,12;1,64
4;StudentAttendanceSystem;state;1386;21;41;8;42;100;0,31;0,38;0;0,05;18,74;18,74;0,83;0,74
4;StudentAttendanceSystem;transition;1386;21;41;13;41;100;0,22;0,45;0;0,08;19,74;19,74;0,84;0,75
4;StudentAttendanceSystem;pair;1386;21;41;42;238;100;0,2;0,15;1,02;0,21;20,74;21,74;1,97;1,57
4;StudentAttendanceSystem;state;1387;23;42;8;43;100;0,22;0,36;0;0,05;21,74;21,74;0,7;0,63
4;StudentAttendanceSystem;transition;1387;23;42;15;41;100;0,2;0,7;0;0,13;22,74;22,74;1,18;1,04
4;StudentAttendanceSystem;pair;1387;23;42;36;198;100;0,33;0,19;1,17;0,3;23,74;23,74;2,63;2
4;StudentAttendanceSystem;state;1388;18;32;7;35;100;0,29;0,34;0;0,05;24,74;24,74;0,77;0,68
4;StudentAttendanceSystem;transition;1388;18;32;12;32;100;0,26;0,62;0;0,09;24,74;24,74;1,1;0,97
4;StudentAttendanceSystem;pair;1388;18;32;27;139;100;0,28;0,19;0,67;0,17;25,74;25,74;1,79;1,31
4;StudentAttendanceSystem;state;1389;22;37;8;42;100;0,31;0,37;0;0,07;26,74;26,74;0,86;0,74
4;StudentAttendanceSystem;transition;1389;22;37;13;36;100;0,3;0,69;0;0,09;26,74;26,74;1,2;1,08
4;StudentAttendanceSystem;pair;1389;22;37;30;157;100;0,21;0,11;0,85;0,21;27,74;28,74;1,79;1,37
4;StudentAttendanceSystem;state;1390;23;42;10;52;100;0,21;0,39;0;0,08;28,74;28,74;0,77;0,67
4;StudentAttendanceSystem;transition;1390;23;42;14;41;100;0,2;0,52;0;0,11;29,74;29,74;0,94;0,84
4;StudentAttendanceSystem;pair;1390;23;42;35;199;100;0,21;0,13;0,9;0,17;30,74;30,74;1,79;1,41
4;StudentAttendanceSystem;state;1391;20;37;8;41;100;0,2;0,3;0;0,04;31,74;31,74;0,61;0,54
4;StudentAttendanceSystem;transition;1391;20;37;13;37;100;0,3;0,68;0;0,11;31,74;31,74;1,21;1,08
4;StudentAttendanceSystem;pair;1391;20;37;32;174;100;0,33;0,16;0,84;0,22;32,74;33,74;2,05;1,55
4;StudentAttendanceSystem;state;1392;27;54;12;66;100;0,36;0,49;0;0,08;33,74;33,74;1,02;0,93
4;StudentAttendanceSystem;transition;1392;27;54;17;53;100;0,35;1,02;0;0,17;34,74;34,74;1,69;1,54
4;StudentAttendanceSystem;pair;1392;27;54;46;272;100;0,36;0,25;1,59;0,25;35,74;36,74;3,06;2,46
4;StudentAttendanceSystem;state;1393;23;46;10;54;100;0,23;0,35;0;0,09;36,74;36,74;0,77;0,67
4;StudentAttendanceSystem;transition;1393;23;46;15;46;100;0,38;0,84;0;0,14;37,74;37,74;1,53;1,36
4;StudentAttendanceSystem;pair;1393;23;46;42;240;100;0,32;0,21;1,09;0,32;38,74;39,74;2,51;1,94
4;StudentAttendanceSystem;state;1394;20;35;8;40;100;0,3;0,32;0;0,09;39,74;39,74;0,82;0,71
4;StudentAttendanceSystem;transition;1394;20;35;13;34;100;0,28;0,7;0;0,1;40,74;40,74;1,22;1,08
4;StudentAttendanceSystem;pair;1394;20;35;28;145;100;0,3;0,14;0,59;0,13;41,74;41,74;1,61;1,15
4;StudentAttendanceSystem;state;1395;21;37;8;43;100;0,3;0,38;0;0,06;41,74;41,74;0,85;0,75
4;StudentAttendanceSystem;transition;1395;21;37;12;36;100;0,31;0,76;0;0,16;42,74;42,74;1,42;1,23
4;StudentAttendanceSystem;pair;1395;21;37;31;177;100;0,3;0,14;0,86;0,31;43,74;43,74;2,1;1,6
4;StudentAttendanceSystem;state;1396;20;31;7;36;100;0,27;0,36;0;0,07;44,74;44,74;0,8;0,71
4;StudentAttendanceSystem;transition;1396;20;31;11;30;100;0,28;0,61;0;0,1;44,74;44,74;1,12;0,99
4;StudentAttendanceSystem;pair;1396;20;31;22;106;100;0,26;0,1;0,5;0,14;45,74;45,74;1,47;1
4;StudentAttendanceSystem;state;1397;26;48;10;56;100;0,35;0,44;0;0,09;46,74;46,74;0,98;0,88
4;StudentAttendanceSystem;transition;1397;26;48;16;47;100;0,41;0,76;0;0,12;46,74;47,74;1,4;1,28
4;StudentAttendanceSystem;pair;1397;26;48;39;221;100;0,23;0,16;1,33;0,33;48,74;48,74;2,68;2,06
4;StudentAttendanceSystem;state;1398;15;23;6;31;100;0,25;0,27;0;0,04;48,74;48,74;0,67;0,56
4;StudentAttendanceSystem;transition;1398;15;23;7;23;100;0,27;0,46;0;0,09;49,74;49,74;0,93;0,81
4;StudentAttendanceSystem;pair;1398;15;23;21;100;100;0,25;0,08;0,46;0,11;50,74;50,74;1,27;0,9
4;StudentAttendanceSystem;state;1399;18;34;7;36;100;0,29;0,33;0;0,07;50,74;50,74;0,79;0,69
4;StudentAttendanceSystem;transition;1399;18;34;12;34;100;0,18;0,57;0;0,09;51,74;51,74;0,96;0,84
4;StudentAttendanceSystem;pair;1399;18;34;31;167;100;0,27;0,14;0,83;0,2;52,74;52,74;1,93;1,43
4;StudentAttendanceSystem;state;1400;23;47;9;49;100;0,37;0,43;0;0,07;52,74;52,74;0,97;0,87
4;StudentAttendanceSystem;transition;1400;23;47;15;47;100;0,34;0,79;0;0,14;53,74;53,74;1,42;1,27
4;StudentAttendanceSystem;pair;1400;23;47;48;270;100;0,33;0,23;1,45;0,37;54,74;55,74;3,09;2,39
4;StudentAttendanceSystem;state;1401;20;34;8;43;100;0,37;0,34;0;0,06;55,74;55,74;0,87;0,77
4;StudentAttendanceSystem;transition;1401;20;34;11;33;100;0,28;0,69;0;0,11;56,74;56,74;1,22;1,09
4;StudentAttendanceSystem;pair;1401;20;34;31;167;100;0,24;0,13;0,84;0,23;57,74;57,74;1,89;1,44
4;StudentAttendanceSystem;state;1402;23;47;10;54;100;0,34;0,47;0;0,11;58,74;58,74;1,02;0,91
4;StudentAttendanceSystem;transition;1402;23;47;16;47;100;0,33;0,81;0;0,14;58,74;58,74;1,43;1,28
4;StudentAttendanceSystem;pair;1402;23;47;45;251;100;0,41;0,2;1,4;0,32;60,74;60,74;2,99;2,34
4;StudentAttendanceSystem;state;1403;26;46;11;60;100;0,36;0,46;0;0,1;61,74;61,74;1,03;0,92
4;StudentAttendanceSystem;transition;1403;26;46;15;45;100;0,35;0,85;0;0,15;61,74;61,74;1,5;1,35
4;StudentAttendanceSystem;pair;1403;26;46;40;214;100;0,38;0,18;1,14;0,44;63,74;63,74;2,88;2,14
4;StudentAttendanceSystem;state;1404;27;52;12;68;100;0,37;0,43;0;0,07;63,74;63,74;0,95;0,87
4;StudentAttendanceSystem;transition;1404;27;52;16;51;100;0,25;0,71;0;0,15;64,74;64,74;1,24;1,11
4;StudentAttendanceSystem;pair;1404;27;52;48;280;100;0,39;0,28;1,66;0,36;66,74;66,74;3,48;2,69
4;StudentAttendanceSystem;state;1405;23;44;9;49;100;0,33;0,42;0;0,08;67,74;67,74;0,94;0,83
4;StudentAttendanceSystem;transition;1405;23;44;15;43;100;0,31;0,74;0;0,15;67,74;67,74;1,31;1,2
4;StudentAttendanceSystem;pair;1405;23;44;39;215;100;0,22;0,14;0,84;4,8;68,74;69,74;6,47;6
4;StudentAttendanceSystem;state;1406;16;27;6;31;100;0,3;0,31;0;0,05;69,74;69,74;0,85;0,65
4;StudentAttendanceSystem;transition;1406;16;27;9;27;100;0,27;0,53;0;0,07;70,74;70,74;1;0,87
4;StudentAttendanceSystem;pair;1406;16;27;24;125;100;0,25;0,11;0,63;0,16;70,74;71,74;1,65;1,15
4;StudentAttendanceSystem;state;1407;22;40;9;49;100;0,3;0,44;0;0,07;71,74;71,74;0,92;0,81
4;StudentAttendanceSystem;transition;1407;22;40;14;40;100;0,33;0,68;0;0,14;72,74;72,74;1,29;1,15
4;StudentAttendanceSystem;pair;1407;22;40;34;174;100;0,33;0,16;0,94;0,24;73,74;73,74;2,26;1,67
4;StudentAttendanceSystem;state;1408;21;40;9;44;100;0,3;0,37;0;0,07;74,74;74,74;0,88;0,75
4;StudentAttendanceSystem;transition;1408;21;40;15;40;100;0,33;0,77;0;0,12;74,74;74,74;1,39;1,22
4;StudentAttendanceSystem;pair;1408;21;40;33;180;100;0,29;0,16;0,89;0,26;75,74;75,74;2,15;1,6
4;StudentAttendanceSystem;state;1409;19;33;7;37;100;0,34;0,35;0;0,07;76,74;76,74;0,87;0,75
4;StudentAttendanceSystem;transition;1409;19;33;11;33;100;0,29;0,42;0;0,06;76,74;77,74;0,89;0,78
4;StudentAttendanceSystem;pair;1409;19;33;31;163;100;0,18;0,16;0,74;0,2;77,74;78,74;1,66;1,28
4;StudentAttendanceSystem;state;1410;22;39;8;42;100;0,2;0,24;0;0,04;78,74;78,74;0,55;0,48
4;StudentAttendanceSystem;transition;1410;22;39;15;38;100;0,23;0,52;0;0,09;79,74;79,74;0,94;0,84
4;StudentAttendanceSystem;pair;1410;22;39;34;176;100;0,2;0,15;0,94;0,23;80,74;80,74;2,03;1,52
4;StudentAttendanceSystem;state;1411;21;39;10;52;100;0,31;0,37;0;0,06;81,74;81,74;0,82;0,74
4;StudentAttendanceSystem;transition;1411;21;39;13;39;100;0,19;0,45;0;0,1;81,74;81,74;0,86;0,74
4;StudentAttendanceSystem;pair;1411;21;39;34;181;100;0,31;0,15;0,86;0,23;82,74;83,74;2,12;1,55
4;StudentAttendanceSystem;state;1412;28;57;13;70;100;0,42;0,49;0;0,09;83,74;83,74;1,1;1
4;StudentAttendanceSystem;transition;1412;28;57;18;57;100;0,37;0,98;0;0,17;84,74;84,74;1,66;1,52
4;StudentAttendanceSystem;pair;1412;28;57;52;300;100;0,33;0,24;1,52;0,41;86,74;86,74;3,24;2,5
4;StudentAttendanceSystem;state;1413;18;32;7;33;100;0,21;0,29;0;0,04;86,74;86,74;0,64;0,54
4;StudentAttendanceSystem;transition;1413;18;32;11;32;100;0,18;0,34;0;0,05;87,74;87,74;0,66;0,58
4;StudentAttendanceSystem;pair;1413;18;32;30;153;100;0,16;0,1;0,56;0,13;88,74;88,74;1,27;0,94
4;StudentAttendanceSystem;state;1414;24;47;10;55;100;0,23;0,37;0;0,06;89,74;89,74;0,74;0,66
4;StudentAttendanceSystem;transition;1414;24;47;16;47;100;0,22;0,58;0;0,13;89,74;89,74;1,02;0,92
4;StudentAttendanceSystem;pair;1414;24;47;47;255;100;0,36;0,15;1,12;0,22;91,74;91,74;2,3;1,85
4;StudentAttendanceSystem;state;1415;23;45;10;56;100;0,33;0,43;0;0,09;91,74;92,74;0,99;0,86
4;StudentAttendanceSystem;transition;1415;23;45;14;45;100;0,26;0,79;0;0,09;92,74;92,74;1,26;1,14
4;StudentAttendanceSystem;pair;1415;23;45;40;234;100;0,23;0,14;1,05;0,29;93,74;94,74;2,21;1,72
4;StudentAttendanceSystem;state;1416;27;54;12;67;100;0,39;0,49;0;0,14;94,74;94,74;1,13;1,02
4;StudentAttendanceSystem;transition;1416;27;54;16;54;100;0,27;0,62;0;0,1;95,74;95,74;1,08;0,99
4;StudentAttendanceSystem;pair;1416;27;54;48;284;100;0,24;0,19;1,75;0,39;97,74;97,74;3,25;2,58
4;StudentAttendanceSystem;state;1417;22;42;8;43;100;0,33;0,44;0;0,06;98,74;98,74;0,96;0,84
4;StudentAttendanceSystem;transition;1417;22;42;14;42;100;0,31;0,72;0;0,13;98,74;98,74;1,31;1,16
4;StudentAttendanceSystem;pair;1417;22;42;35;205;100;0,23;0,19;1,11;0,33;99,74;100,74;2,37;1,85
4;StudentAttendanceSystem;state;1418;19;33;7;37;100;0,29;0,33;0;0,06;100,74;100,74;0,77;0,67
4;StudentAttendanceSystem;transition;1418;19;33;11;32;100;0,26;0,53;0;0,09;101,74;101,74;1;0,89
4;StudentAttendanceSystem;pair;1418;19;33;32;166;100;0,27;0,13;0,99;0,27;102,74;102,74;2,16;1,65
4;StudentAttendanceSystem;state;1419;19;33;7;37;100;0,3;0,4;0;0,06;102,74;102,74;0,89;0,76
4;StudentAttendanceSystem;transition;1419;19;33;11;32;100;0,33;0,67;0;0,11;103,74;103,74;1,24;1,11
4;StudentAttendanceSystem;pair;1419;19;33;32;166;100;0,29;0,16;1,05;0,27;104,74;104,74;2,31;1,78
4;StudentAttendanceSystem;state;1420;22;39;8;42;100;0,37;0,4;0;0,08;104,74;105,74;0,96;0,85
4;StudentAttendanceSystem;transition;1420;22;39;15;38;100;0,33;0,84;0;0,12;105,74;105,74;1,41;1,28
4;StudentAttendanceSystem;pair;1420;22;39;36;183;100;0,28;0,15;0,99;0,17;106,74;107,74;2,08;1,58
4;StudentAttendanceSystem;state;1421;25;49;10;56;100;0,28;0,46;0;0,06;107,74;107,74;0,89;0,8
4;StudentAttendanceSystem;transition;1421;25;49;16;49;100;0,3;0,62;0;0,1;108,74;108,74;1,13;1,03
4;StudentAttendanceSystem;pair;1421;25;49;42;244;100;0,24;0,17;1,04;0,21;109,74;109,74;2,09;1,66
4;StudentAttendanceSystem;state;1422;25;50;10;55;100;0,24;0,28;0;0,05;110,74;110,74;0,66;0,58
4;StudentAttendanceSystem;transition;1422;25;50;17;49;100;0,22;0,63;0;0,11;111,74;111,74;1,06;0,96
4;StudentAttendanceSystem;pair;1422;25;50;46;262;100;0,23;0,17;1,12;0,28;112,74;113,74;2,29;1,81
4;StudentAttendanceSystem;state;1423;27;55;12;67;100;0,26;0,33;0;0,07;113,74;113,74;0,73;0,66
4;StudentAttendanceSystem;transition;1423;27;55;18;55;100;0,25;0,77;0;0,12;114,74;114,74;1,26;1,14
4;StudentAttendanceSystem;pair;1423;27;55;47;275;100;0,25;0,2;1,83;0,25;115,74;116,74;3,07;2,53
4;StudentAttendanceSystem;state;1424;16;26;6;27;100;0,26;0,3;0;0,04;116,74;116,74;0,71;0,6
4;StudentAttendanceSystem;transition;1424;16;26;9;26;100;0,24;0,47;0;0,06;117,74;117,74;0,9;0,77
4;StudentAttendanceSystem;pair;1424;16;26;21;100;100;0,15;0,07;0,4;0,12;117,74;118,74;1,05;0,74
4;StudentAttendanceSystem;state;1425;21;39;9;44;100;0,3;0,36;0;0,1;118,74;118,74;0,86;0,77
4;StudentAttendanceSystem;transition;1425;21;39;15;39;100;0,29;0,68;0;0,13;119,74;119,74;1,23;1,11
4;StudentAttendanceSystem;pair;1425;21;39;38;192;100;0,32;0,18;0,95;0,23;120,74;120,74;2,22;1,69
4;StudentAttendanceSystem;state;1426;23;44;9;49;100;0,33;0,4;0;0,07;121,74;121,74;0,9;0,8
4;StudentAttendanceSystem;transition;1426;23;44;15;43;100;0,31;0,85;0;0,14;121,74;121,74;1,45;1,31
4;StudentAttendanceSystem;pair;1426;23;44;41;239;100;0,34;0,19;1,31;0,32;123,74;123,74;2,76;2,16
4;StudentAttendanceSystem;state;1427;15;22;6;31;100;0,24;0,26;0;0,04;123,74;123,74;0,62;0,54
4;StudentAttendanceSystem;transition;1427;15;22;6;22;100;0,21;0,4;0;0,04;124,74;124,74;0,75;0,66
4;StudentAttendanceSystem;pair;1427;15;22;17;79;100;0,22;0,07;0,4;0,09;124,74;124,74;1,15;0,78
4;StudentAttendanceSystem;state;1428;23;47;10;54;100;0,34;0,38;0;0,06;125,74;125,74;0,86;0,78
4;StudentAttendanceSystem;transition;1428;23;47;16;47;100;0,22;0,59;0;0,1;126,74;126,74;1;0,91
4;StudentAttendanceSystem;pair;1428;23;47;45;251;100;0,25;0,16;1,03;0,32;127,74;127,74;2,22;1,76
4;StudentAttendanceSystem;state;1429;17;28;7;37;100;0,2;0,23;0;0,04;128,74;128,74;0,54;0,47
4;StudentAttendanceSystem;transition;1429;17;28;8;28;100;0,16;0,32;0;0,04;128,74;128,74;0,59;0,52
4;StudentAttendanceSystem;pair;1429;17;28;24;128;100;0,17;0,08;0,42;0,1;129,74;129,74;1,1;0,78
4;StudentAttendanceSystem;state;1430;19;31;7;37;100;0,27;0,37;0;0,06;130,74;130,74;0,8;0,7
4;StudentAttendanceSystem;transition;1430;19;31;10;30;100;0,34;0,59;0;0,1;130,74;130,74;1,17;1,03
4;StudentAttendanceSystem;pair;1430;19;31;25;134;100;0,34;0,12;0,66;0,16;131,74;131,74;1,75;1,28
4;StudentAttendanceSystem;state;1431;23;44;9;48;100;0,36;0,39;0;0,08;132,74;132,74;0,98;0,84
4;StudentAttendanceSystem;transition;1431;23;44;15;43;100;0,32;0,78;0;0,14;132,74;133,74;1,41;1,25
4;StudentAttendanceSystem;pair;1431;23;44;40;230;100;0,37;0,2;1,32;0,34;134,74;134,74;2,94;2,23
4;StudentAttendanceSystem;state;1432;24;47;9;48;100;0,38;0,43;0;0,07;135,74;135,74;0,98;0,88
4;StudentAttendanceSystem;transition;1432;24;47;16;46;100;0,38;0,82;0;0,15;135,74;135,74;1,5;1,35
4;StudentAttendanceSystem;pair;1432;24;47;49;273;100;0,41;0,21;1,6;0,35;137,74;137,74;3,25;2,58
4;StudentAttendanceSystem;state;1433;23;43;8;43;100;0,36;0,46;0;0,07;138,74;138,74;1;0,89
4;StudentAttendanceSystem;transition;1433;23;43;16;42;100;0,33;0,88;0;0,14;138,74;138,74;1,48;1,34
4;StudentAttendanceSystem;pair;1433;23;43;38;208;100;0,42;0,17;1,13;0,32;139,74;140,74;2,69;2,04
4;StudentAttendanceSystem;state;1434;29;57;12;68;100;0,42;0,53;0;0,11;140,74;140,74;1,17;1,06
4;StudentAttendanceSystem;transition;1434;29;57;18;56;100;0,45;1;0;0,21;141,74;141,74;1,82;1,66
4;StudentAttendanceSystem;pair;1434;29;57;45;271;100;0,38;0,27;1,69;0,4;143,74;143,74;3,52;2,74
4;StudentAttendanceSystem;state;1435;22;42;9;45;100;0,34;0,38;0;0,06;144,74;144,74;0,89;0,79
4;StudentAttendanceSystem;transition;1435;22;42;16;42;100;0,3;0,76;0;0,13;144,74;144,74;1,33;1,19
4;StudentAttendanceSystem;pair;1435;22;42;37;201;100;0,33;0,17;1,08;0,26;145,74;146,74;2,41;1,84
4;StudentAttendanceSystem;state;1436;25;45;10;53;100;0,33;0,42;0;0,09;146,74;146,74;0,94;0,84
4;StudentAttendanceSystem;transition;1436;25;45;15;44;100;0,34;0,81;0;0,14;147,74;147,74;1,42;1,29
4;StudentAttendanceSystem;pair;1436;25;45;42;232;100;0,36;0,19;1,11;0,31;148,74;149,74;2,57;1,99
4;StudentAttendanceSystem;state;1437;27;52;11;61;100;0,4;0,51;0;0,09;149,74;149,74;1,12;1
4;StudentAttendanceSystem;transition;1437;27;52;19;51;100;0,38;1,08;0;0,19;150,74;150,74;1,85;1,65
4;StudentAttendanceSystem;pair;1437;27;52;48;260;100;0,37;0,23;1,62;0,36;151,74;152,74;3,35;2,58
4;StudentAttendanceSystem;state;1438;27;52;11;59;100;0,39;0,42;0;0,11;152,74;152,74;1,06;0,92
4;StudentAttendanceSystem;transition;1438;27;52;19;51;100;0,42;0,97;0;0,16;153,74;153,74;1,73;1,56
4;StudentAttendanceSystem;pair;1438;27;52;44;242;100;0,39;0,23;1,53;0,35;154,74;6,7;5,42;2,49
4;StudentAttendanceSystem;state;1439;25;49;10;51;100;0,47;0,44;0;0,08;6,7;6,7;1,1;0,99
4;StudentAttendanceSystem;transition;1439;25;49;17;48;100;0,35;0,83;0;0,14;7,7;7,7;1,44;1,31
4;StudentAttendanceSystem;pair;1439;25;49;48;272;100;0,34;0,22;1,69;0,35;9,7;9,7;3,27;2,6
4;StudentAttendanceSystem;state;1440;21;41;8;40;100;0,38;0,36;0;0,05;9,7;10,7;0,91;0,8
4;StudentAttendanceSystem;transition;1440;21;41;16;41;100;0,3;0,69;0;0,09;10,7;10,7;1,18;1,08
4;StudentAttendanceSystem;pair;1440;21;41;37;199;100;0,24;0,13;0,76;0,17;11,7;12,7;1,7;1,3
4;StudentAttendanceSystem;state;1441;20;33;7;36;100;0,27;0,31;0;0,05;12,7;12,7;0,74;0,64
4;StudentAttendanceSystem;transition;1441;20;33;13;32;100;0,26;0,78;0;0,08;13,7;13,7;1,22;1,12
4;StudentAttendanceSystem;pair;1441;20;33;29;136;100;0,22;0,09;0,7;0,25;13,7;14,7;1,69;1,25
4;StudentAttendanceSystem;state;1442;18;29;7;35;100;0,32;0,3;0;0,05;14,7;14,7;0,77;0,67
4;StudentAttendanceSystem;transition;1442;18;29;10;29;100;0,27;0,54;0;0,08;15,7;15,7;1,06;0,9
4;StudentAttendanceSystem;pair;1442;18;29;27;125;100;0,17;0,08;0,43;0,12;15,7;16,7;1,1;0,8
4;StudentAttendanceSystem;state;1443;23;43;10;51;100;0,2;0,39;0;0,08;16,7;16,7;0,77;0,67
4;StudentAttendanceSystem;transition;1443;23;43;16;42;100;0,31;0,75;0;0,1;17,7;17,7;1,28;1,15
4;StudentAttendanceSystem;pair;1443;23;43;36;186;100;0,21;0,13;0,93;0,23;18,7;18,7;1,97;1,51
4;StudentAttendanceSystem;state;1444;26;54;11;59;100;0,37;0,59;0;0,11;19,7;19,7;1,2;1,08
4;StudentAttendanceSystem;transition;1444;26;54;20;54;100;0,36;1,03;0;0,2;20,7;20,7;1,76;1,59
4;StudentAttendanceSystem;pair;1444;26;54;50;280;100;0,38;0,27;1,92;0,42;21,7;21,7;3,71;2,99
4;StudentAttendanceSystem;state;1445;20;36;8;39;100;0,29;0,33;0;0,07;22,7;22,7;0,8;0,69
4;StudentAttendanceSystem;transition;1445;20;36;14;36;100;0,27;0,67;0;0,11;23,7;23,7;1,19;1,06
4;StudentAttendanceSystem;pair;1445;20;36;29;146;100;0,28;0,16;0,79;0,19;23,7;24,7;2;1,42
4;StudentAttendanceSystem;state;1446;26;50;11;62;100;0,38;0,48;0;0,1;24,7;24,7;1,06;0,95
4;StudentAttendanceSystem;transition;1446;26;50;16;49;100;0,35;0,91;0;0,16;25,7;25,7;1,59;1,43
4;StudentAttendanceSystem;pair;1446;26;50;44;258;100;0,38;0,22;1,52;0,24;26,7;27,7;3,01;2,37
4;StudentAttendanceSystem;state;1447;15;23;5;24;100;0,16;0,16;0;0,02;27,7;27,7;0,41;0,34
4;StudentAttendanceSystem;transition;1447;15;23;7;23;100;0,26;0,4;0;0,05;28,7;28,7;0,81;0,71
4;StudentAttendanceSystem;pair;1447;15;23;20;94;100;0,22;0,08;0,41;0,08;28,7;28,7;1,16;0,78
4;StudentAttendanceSystem;state;1448;20;37;8;41;100;0,2;0,26;0;0,07;29,7;29,7;0,63;0,53
4;StudentAttendanceSystem;transition;1448;20;37;13;37;100;0,22;0,42;0;0,08;29,7;30,7;0,81;0,72
4;StudentAttendanceSystem;pair;1448;20;37;32;174;100;0,34;0,15;0,83;0,23;30,7;31,7;2,06;1,54
4;StudentAttendanceSystem;state;1449;28;56;13;72;100;0,26;0,33;0;0,07;31,7;31,7;0,72;0,65
4;StudentAttendanceSystem;transition;1449;28;56;17;56;100;0,26;0,64;0;0,16;32,7;32,7;1,17;1,06
4;StudentAttendanceSystem;pair;1449;28;56;51;297;100;0,51;0,2;1,55;0,26;34,7;34,7;3,05;2,52
4;StudentAttendanceSystem;state;1450;28;56;12;63;100;0,37;0,5;0;0,1;35,7;35,7;1,08;0,97
4;StudentAttendanceSystem;transition;1450;28;56;19;55;100;0,38;0,88;0;0,12;35,7;36,7;1,52;1,38
4;StudentAttendanceSystem;pair;1450;28;56;54;306;100;0,31;0,25;2,01;0,41;37,7;38,7;3,7;2,98
4;StudentAttendanceSystem;state;1451;20;35;8;41;100;0,29;0,33;0;0,07;38,7;38,7;0,81;0,69
4;StudentAttendanceSystem;transition;1451;20;35;12;35;100;0,29;0,65;0;0,07;39,7;39,7;1,11;1,01
4;StudentAttendanceSystem;pair;1451;20;35;33;171;100;0,19;0,1;0,74;0,14;40,7;40,7;1,52;1,17
4;StudentAttendanceSystem;state;1452;26;51;11;60;100;0,25;0,33;0;0,11;40,7;40,7;0,78;0,68
4;StudentAttendanceSystem;transition;1452;26;51;17;50;100;0,37;0,77;0;0,11;41,7;41,7;1,38;1,25
4;StudentAttendanceSystem;pair;1452;26;51;46;264;100;0,25;0,26;1,49;0,41;43,7;43,7;2,97;2,41
4;StudentAttendanceSystem;state;1453;20;37;9;45;100;0,19;0,22;0;0,05;43,7;44,7;0,53;0,46
4;StudentAttendanceSystem;transition;1453;20;37;13;37;100;0,17;0,44;0;0,09;44,7;44,7;0,82;0,71
4;StudentAttendanceSystem;pair;1453;20;37;29;152;100;0,27;0,18;0,61;0,14;45,7;45,7;1,7;1,21
4;StudentAttendanceSystem;state;1454;23;44;9;49;100;0,23;0,29;0;0,07;46,7;46,7;0,68;0,59
4;StudentAttendanceSystem;transition;1454;23;44;15;43;100;0,32;0,73;0;0,11;46,7;47,7;1,25;1,15
4;StudentAttendanceSystem;pair;1454;23;44;41;239;100;0,22;0,14;1,04;0,31;48,7;48,7;2,15;1,72
4;StudentAttendanceSystem;state;1455;29;58;12;68;100;0,32;0,34;0;0,08;49,7;49,7;0,82;0,75
4;StudentAttendanceSystem;transition;1455;29;58;19;57;100;0,34;0,76;0;0,14;50,7;50,7;1,37;1,24
4;StudentAttendanceSystem;pair;1455;29;58;48;285;100;0,26;0,21;1,6;0,3;51,7;52,7;2,9;2,36
4;StudentAttendanceSystem;state;1456;28;55;13;74;100;0,38;0,49;0;0,11;52,7;52,7;1,1;0,98
4;StudentAttendanceSystem;transition;1456;28;55;16;54;100;0,36;0,7;0;0,12;53,7;53,7;1,28;1,17
4;StudentAttendanceSystem;pair;1456;28;55;48;288;100;0,25;0,21;1,43;0,3;54,7;55,7;2,74;2,19
4;StudentAttendanceSystem;state;1457;32;65;15;81;100;0,34;0,37;0;0,13;55,7;56,7;0,93;0,85
4;StudentAttendanceSystem;transition;1457;32;65;22;64;100;0,28;1,01;0;0,16;56,7;57,7;1,58;1,45
4;StudentAttendanceSystem;pair;1457;32;65;60;342;100;0,44;0,32;2,03;0,51;58,7;59,7;4,05;3,3
4;StudentAttendanceSystem;state;1458;29;59;12;68;100;0,4;0,5;0;0,11;59,7;59,7;1,16;1,01
4;StudentAttendanceSystem;transition;1458;29;59;20;58;100;0,4;1,07;0;0,19;60,7;60,7;1,83;1,67
4;StudentAttendanceSystem;pair;1458;29;59;52;302;100;0,41;0,26;1,69;0,48;62,7;62,7;3,53;2,84
4;StudentAttendanceSystem;state;1459;24;45;10;51;100;0,34;0,42;0;0,08;63,7;63,7;0,95;0,83
4;StudentAttendanceSystem;transition;1459;24;45;16;44;100;0,33;0,87;0;0,15;63,7;64,7;1,51;1,35
4;StudentAttendanceSystem;pair;1459;24;45;43;223;100;0,34;0,15;0,91;0,19;65,7;65,7;2,12;1,59
4;StudentAttendanceSystem;state;1460;21;38;8;42;100;0,29;0,23;0;0,05;65,7;66,7;0,65;0,57
4;StudentAttendanceSystem;transition;1460;21;38;13;38;100;0,29;0,64;0;0,12;66,7;66,7;1,15;1,05
4;StudentAttendanceSystem;pair;1460;21;38;32;176;100;0,2;0,11;0,64;0,14;67,7;67,7;1,46;1,09
4;StudentAttendanceSystem;state;1461;20;39;8;42;100;0,21;0,22;0;0,04;68,7;68,7;0,58;0,47
4;StudentAttendanceSystem;transition;1461;20;39;13;39;100;0,3;0,61;0;0,13;68,7;69,7;1,18;1,04
4;StudentAttendanceSystem;pair;1461;20;39;35;201;100;0,31;0,21;0,98;0,17;70,7;70,7;2,16;1,67
4;StudentAttendanceSystem;state;1462;23;42;9;45;100;0,22;0,26;0;0,05;70,7;70,7;0,62;0,53
4;StudentAttendanceSystem;transition;1462;23;42;17;41;100;0,21;0,52;0;0,14;71,7;71,7;0,97;0,87
4;StudentAttendanceSystem;pair;1462;23;42;37;189;100;0,32;0,13;0,73;0,16;72,7;72,7;1,79;1,34
4;StudentAttendanceSystem;state;1463;24;46;10;53;100;0,28;0,27;0;0,05;73,7;73,7;0,66;0,6
4;StudentAttendanceSystem;transition;1463;24;46;15;46;100;0,21;0,53;0;0,12;74,7;74,7;0,97;0,87
4;StudentAttendanceSystem;pair;1463;24;46;45;255;100;0,35;0,29;1,33;0,22;75,7;75,7;2,97;2,19
4;StudentAttendanceSystem;state;1464;28;57;13;70;100;0,44;0,37;0;0,08;76,7;76,7;1;0,88
4;StudentAttendanceSystem;transition;1464;28;57;19;57;100;0,25;0,67;0;0,12;77,7;77,7;1,14;1,04
4;StudentAttendanceSystem;pair;1464;28;57;47;275;100;0,28;0,27;1,55;0,25;78,7;79,7;3,02;2,35
4;StudentAttendanceSystem;state;1465;20;34;8;40;100;0,28;0,34;0;0,05;79,7;79,7;0,81;0,67
4;StudentAttendanceSystem;transition;1465;20;34;12;33;100;0,21;0,44;0;0,07;80,7;80,7;0,81;0,72
4;StudentAttendanceSystem;pair;1465;20;34;27;142;100;0,23;0,13;0,7;0,18;81,7;81,7;1,72;1,24
4;StudentAttendanceSystem;state;1466;30;61;13;71;100;0,44;0,47;0;0,09;81,7;82,7;1,08;0,99
4;StudentAttendanceSystem;transition;1466;30;61;21;60;100;0,26;0,95;0;0,2;82,7;83,7;1,56;1,41
4;StudentAttendanceSystem;pair;1466;30;61;50;291;100;0,28;0,22;1,37;0,34;84,7;84,7;2,82;2,2
4;StudentAttendanceSystem;state;1467;31;63;14;76;100;0,42;0,5;0;0,14;85,7;85,7;1,14;1,05
4;StudentAttendanceSystem;transition;1467;31;63;21;62;100;0,27;0,8;0;0,21;86,7;86,7;1,4;1,28
4;StudentAttendanceSystem;pair;1467;31;63;58;336;100;0,45;0,35;2,41;0,51;88,7;88,7;4,55;3,72
4;StudentAttendanceSystem;state;1468;31;61;14;78;100;0,42;0,56;0;0,12;89,7;89,7;1,22;1,1
4;StudentAttendanceSystem;transition;1468;31;61;19;60;100;0,41;1,07;0;0,19;90,7;90,7;1,83;1,66
4;StudentAttendanceSystem;pair;1468;31;61;55;321;100;0,46;0,31;2,04;0,48;91,7;92,7;4,18;3,29
4;StudentAttendanceSystem;state;1469;16;27;6;31;100;0,28;0,27;0;0,04;92,7;92,7;0,69;0,59
4;StudentAttendanceSystem;transition;1469;16;27;9;27;100;0,27;0,5;0;0,07;93,7;93,7;0,94;0,84
4;StudentAttendanceSystem;pair;1469;16;27;23;121;100;0,26;0,1;0,54;0,19;94,7;94,7;1,54;1,09
4;StudentAttendanceSystem;state;1470;22;37;8;42;100;0,29;0,34;0;0,06;94,7;94,7;0,79;0,69
4;StudentAttendanceSystem;transition;1470;22;37;13;36;100;0,28;0,51;0;0,08;95,7;95,7;0,98;0,87
4;StudentAttendanceSystem;pair;1470;22;37;29;153;100;0,23;0,11;0,59;0,13;96,7;96,7;1,44;1,06
4;StudentAttendanceSystem;state;1471;19;32;7;37;100;0,18;0,26;0;0,06;96,7;97,7;0,6;0,5
4;StudentAttendanceSystem;transition;1471;19;32;11;31;100;0,27;0,59;0;0,09;97,7;97,7;1,09;0,96
4;StudentAttendanceSystem;pair;1471;19;32;27;145;100;0,27;0,14;0,7;0,13;98,7;98,7;1,71;1,25
4;StudentAttendanceSystem;state;1472;29;57;12;67;100;0,45;0,51;0;0,1;99,7;99,7;1,16;1,06
4;StudentAttendanceSystem;transition;1472;29;57;20;56;100;0,4;1,12;0;0,25;100,7;100,7;1,95;1,77
4;StudentAttendanceSystem;pair;1472;29;57;52;296;100;0,75;0,41;1,75;0,32;101,7;102,7;3,92;3,23
4;StudentAttendanceSystem;state;1473;25;48;9;49;100;0,39;0,43;0;0,08;102,7;102,7;1,01;0,91
4;StudentAttendanceSystem;transition;1473;25;48;17;47;100;0,37;1,04;0;0,2;103,7;103,7;1,79;1,6
4;StudentAttendanceSystem;pair;1473;25;48;43;249;100;0,31;0,22;1,49;0,36;104,7;105,7;3,04;2,38
4;StudentAttendanceSystem;state;1474;30;60;13;73;100;0,44;0,56;0;0,12;105,7;105,7;1,25;1,12
4;StudentAttendanceSystem;transition;1474;30;60;20;59;100;0,46;1,16;0;0,22;106,7;106,7;1,99;1,83
4;StudentAttendanceSystem;pair;1474;30;60;52;300;100;0,44;0,31;1,96;0,47;108,7;108,7;3,92;3,17
4;StudentAttendanceSystem;state;1475;26;47;11;60;100;0,37;0,47;0;0,09;109,7;109,7;1,04;0,93
4;StudentAttendanceSystem;transition;1475;26;47;16;46;100;0,34;0,86;0;0,15;109,7;110,7;1,48;1,35
4;StudentAttendanceSystem;pair;1475;26;47;44;230;100;0,36;0,22;1,26;0,29;111,7;111,7;2,84;2,13
4;StudentAttendanceSystem;state;1476;26;49;11;58;100;0,38;0,46;0;0,08;112,7;112,7;1,03;0,92
4;StudentAttendanceSystem;transition;1476;26;49;19;48;100;0,36;1,08;0;0,18;112,7;113,7;1,76;1,61
4;StudentAttendanceSystem;pair;1476;26;49;42;218;100;0,38;0,23;1,34;0,3;114,7;114,7;2,96;2,25
4;StudentAttendanceSystem;state;1477;14;22;5;23;100;0,24;0,31;0;0,04;114,7;114,7;0,71;0,59
4;StudentAttendanceSystem;transition;1477;14;22;7;22;100;0,23;0,48;0;0,05;115,7;115,7;0,89;0,77
4;StudentAttendanceSystem;pair;1477;14;22;21;95;100;0,23;0,08;0,45;0,12;115,7;116,7;1,33;0,87
4;StudentAttendanceSystem;state;1478;19;33;7;36;100;0,3;0,34;0;0,07;116,7;116,7;0,82;0,71
4;StudentAttendanceSystem;transition;1478;19;33;12;33;100;0,27;0,67;0;0,1;117,7;117,7;1,16;1,04
4;StudentAttendanceSystem;pair;1478;19;33;29;148;100;0,32;0,14;0,74;0,18;118,7;118,7;1,87;1,36
4;StudentAttendanceSystem;state;1479;25;44;10;55;100;0,39;0,46;0;0,08;118,7;118,7;1,04;0,93
4;StudentAttendanceSystem;transition;1479;25;44;15;43;100;0,37;0,8;0;0,13;119,7;119,7;1,42;1,29
4;StudentAttendanceSystem;pair;1479;25;44;34;184;100;0,27;0,13;0,72;0,25;120,7;120,7;1,79;1,37
4;StudentAttendanceSystem;state;1480;26;49;10;56;100;0,4;0,46;0;0,08;121,7;121,7;1,06;0,94
4;StudentAttendanceSystem;transition;1480;26;49;17;48;100;0,34;0,95;0;0,16;122,7;122,7;1,61;1,45
4;StudentAttendanceSystem;pair;1480;26;49;42;232;100;0,38;0,23;1,4;0,33;123,7;123,7;3;2,35
4;StudentAttendanceSystem;state;1481;19;36;7;36;100;0,31;0,3;0;0,06;124,7;124,7;0,78;0,67
4;StudentAttendanceSystem;transition;1481;19;36;12;36;100;0,25;0,59;0;0,15;124,7;124,7;1,12;0,99
4;StudentAttendanceSystem;pair;1481;19;36;38;202;100;0,27;0,19;1,05;0,26;125,7;126,7;2,31;1,77
4;StudentAttendanceSystem;state;1482;27;56;12;67;100;0,4;0,5;0;0,11;126,7;126,7;1,16;1
4;StudentAttendanceSystem;transition;1482;27;56;18;56;100;0,43;1,06;0;0,21;127,7;127,7;1,9;1,71
4;StudentAttendanceSystem;pair;1482;27;56;54;310;100;0,46;0,26;1,97;0,41;129,7;129,7;3,89;3,1
4;StudentAttendanceSystem;state;1483;24;48;11;62;100;0,41;0,51;0;0,1;130,7;130,7;1,15;1,03
4;StudentAttendanceSystem;transition;1483;24;48;15;48;100;0,35;0,72;0;0,15;130,7;131,7;1,36;1,22
4;StudentAttendanceSystem;pair;1483;24;48;47;271;100;0,39;0,21;1,09;0,39;132,7;132,7;2,73;2,07
4;StudentAttendanceSystem;state;1484;15;22;6;31;100;0,24;0,28;0;0,04;133,7;133,7;0,64;0,55
4;StudentAttendanceSystem;transition;1484;15;22;6;22;100;0,24;0,43;0;0,05;133,7;133,7;0,87;0,72
4;StudentAttendanceSystem;pair;1484;15;22;17;79;100;0,21;0,08;0,46;0,14;134,7;134,7;1,28;0,89
4;StudentAttendanceSystem;state;1485;22;41;9;47;100;0,35;0,42;0;0,08;134,7;134,7;0,96;0,85
4;StudentAttendanceSystem;transition;1485;22;41;14;41;100;0,4;0,81;0;0,12;135,7;135,7;1,48;1,33
4;StudentAttendanceSystem;pair;1485;22;41;41;223;100;0,32;0,19;1,29;0,28;136,7;136,7;2,67;2,08
4;StudentAttendanceSystem;state;1486;19;34;7;37;100;0,3;0,34;0;0,05;137,7;137,7;0,79;0,69
4;StudentAttendanceSystem;transition;1486;19;34;12;34;100;0,29;0,61;0;0,15;137,7;138,7;1,19;1,06
4;StudentAttendanceSystem;pair;1486;19;34;33;169;100;0,29;0,16;0,82;0,23;138,7;139,7;2,08;1,5
4;StudentAttendanceSystem;state;1487;17;30;6;30;100;0,29;0,36;0;0,05;139,7;139,7;0,8;0,69
4;StudentAttendanceSystem;transition;1487;17;30;10;30;100;0,26;0,57;0;0,09;140,7;140,7;1,05;0,92
4;StudentAttendanceSystem;pair;1487;17;30;30;152;100;0,25;0,13;0,75;0,18;140,7;141,7;1,84;1,31
4;StudentAttendanceSystem;state;1488;19;31;7;37;100;0,36;0,37;0;0,06;141,7;141,7;0,96;0,79
4;StudentAttendanceSystem;transition;1488;19;31;10;30;100;0,27;0,6;0;0,09;142,7;142,7;1,09;0,96
4;StudentAttendanceSystem;pair;1488;19;31;24;130;100;0,32;0,14;0,65;0,2;143,7;143,7;1,84;1,31
4;StudentAttendanceSystem;state;1489;17;32;7;35;100;0,29;0,3;0;0,06;143,7;143,7;0,82;0,65
4;StudentAttendanceSystem;transition;1489;17;32;11;32;100;0,24;0,59;0;0,09;144,7;144,7;1,05;0,92
4;StudentAttendanceSystem;pair;1489;17;32;28;154;100;0,3;0,15;0,8;0,27;145,7;145,7;2,01;1,52
4;StudentAttendanceSystem;state;1490;25;48;11;59;100;0,4;0,48;0;0,1;145,7;145,7;1,1;0,97
4;StudentAttendanceSystem;transition;1490;25;48;17;47;100;0,39;0,87;0;0,16;146,7;146,7;1,57;1,41
4;StudentAttendanceSystem;pair;1490;25;48;42;236;100;0,39;0,2;1,32;0,3;147,7;148,7;2,92;2,21
4;StudentAttendanceSystem;state;1491;22;37;8;42;100;0,31;0,4;0;0,08;148,7;148,7;0,98;0,79
4;StudentAttendanceSystem;transition;1491;22;37;13;36;100;0,4;0,87;0;0,11;149,7;149,7;1,54;1,38
4;StudentAttendanceSystem;pair;1491;22;37;29;153;100;0,3;0,14;0,88;0,21;150,7;150,7;2,04;1,52
4;StudentAttendanceSystem;state;1492;23;45;9;48;100;0,34;0,45;0;0,08;151,7;151,7;1;0,88
4;StudentAttendanceSystem;transition;1492;23;45;16;44;100;0,3;0,8;0;0,15;151,7;151,7;1,43;1,26
4;StudentAttendanceSystem;pair;1492;23;45;43;241;100;0,35;0,25;1,65;0,33;153,7;153,7;3,25;2,59
4;StudentAttendanceSystem;state;1493;22;39;9;46;100;0,4;0,4;0;0,12;153,7;153,7;1,03;0,91
4;StudentAttendanceSystem;transition;1493;22;39;15;38;100;1,92;0,79;0;0,14;5,7;5,7;3,04;2,86
4;StudentAttendanceSystem;pair;1493;22;39;30;161;100;0,34;0,17;0,97;0,3;6,7;6,7;2,39;1,77
4;StudentAttendanceSystem;state;1494;23;44;9;48;100;0,38;0,4;0;0,09;7,7;7,7;1;0,87
4;StudentAttendanceSystem;transition;1494;23;44;15;44;100;0,33;0,9;0;0,15;8,7;8,7;1,53;1,38
4;StudentAttendanceSystem;pair;1494;23;44;39;223;100;0,34;0,21;1,4;0,37;9,7;9,7;3,01;2,31
4;StudentAttendanceSystem;state;1495;21;39;9;46;100;0,4;0,41;0;0,1;10,7;10,7;1,03;0,91
4;StudentAttendanceSystem;transition;1495;21;39;14;39;100;0,32;0,64;0;0,12;10,7;10,7;1,26;1,08
4;StudentAttendanceSystem;pair;1495;21;39;31;172;100;0,32;0,24;1,06;0,25;11,7;11,7;2,52;1,87
4;StudentAttendanceSystem;state;1496;23;44;9;48;100;0,38;0,48;0;0,09;12,7;12,7;1,12;0,95
4;StudentAttendanceSystem;transition;1496;23;44;15;43;100;0,35;0,79;0;0,14;13,7;13,7;1,44;1,28
4;StudentAttendanceSystem;pair;1496;23;44;40;230;100;0,34;0,19;1,54;0,34;14,7;14,7;3,07;2,41
4;StudentAttendanceSystem;state;1497;27;53;11;60;100;0,39;0,54;0;0,12;15,7;15,7;1,18;1,05
4;StudentAttendanceSystem;transition;1497;27;53;17;52;100;0,38;0,99;0;0,21;16,7;16,7;1,74;1,58
4;StudentAttendanceSystem;pair;1497;27;53;52;296;100;0,36;0,24;1,84;0,39;17,7;18,7;3,55;2,83
4;StudentAttendanceSystem;state;1498;20;36;8;40;100;0,31;0,33;0;0,06;18,7;18,7;0,81;0,7
4;StudentAttendanceSystem;transition;1498;20;36;13;36;100;0,31;0,62;0;0,11;19,7;19,7;1,16;1,04
4;StudentAttendanceSystem;pair;1498;20;36;31;160;100;0,3;0,14;0,85;0,24;20,7;20,7;2,1;1,53
4;StudentAttendanceSystem;state;1499;26;51;11;62;100;0,45;0,45;0;0,11;20,7;20,7;1,13;1,01
4;StudentAttendanceSystem;transition;1499;26;51;17;50;100;0,39;1,03;0;0,18;21,7;21,7;1,77;1,6
4;StudentAttendanceSystem;pair;1499;26;51;47;273;100;0,36;0,22;1,61;0,39;23,7;23,7;3,32;2,59
4;StudentAttendanceSystem;state;1500;21;36;8;43;100;0,33;0,39;0;0,08;23,7;23,7;0,92;0,8
4;StudentAttendanceSystem;transition;1500;21;36;13;35;100;0,35;0,77;0;0,12;24,7;24,7;1,38;1,24
4;StudentAttendanceSystem;pair;1500;21;36;29;155;100;0,3;0,15;0,84;0,24;25,7;25,7;2,24;1,53
4;StudentAttendanceSystem;state;1501;20;31;7;37;100;0,25;0,3;0;0,06;26,7;26,7;0,71;0,62
4;StudentAttendanceSystem;transition;1501;20;31;10;30;100;0,28;0,74;0;0,09;26,7;26,7;1,24;1,11
4;StudentAttendanceSystem;pair;1501;20;31;24;119;100;0,26;0,12;0,65;0,17;27,7;27,7;1,77;1,2
4;StudentAttendanceSystem;state;1502;23;42;10;54;100;0,31;0,41;0;0,09;28,7;28,7;0,92;0,81
4;StudentAttendanceSystem;transition;1502;23;42;14;42;100;0,35;0,73;0;0,14;28,7;29,7;1,37;1,22
4;StudentAttendanceSystem;pair;1502;23;42;40;210;100;0,31;0,25;1,19;0,29;30,7;30,7;2,66;2,04
4;StudentAttendanceSystem;state;1503;30;59;13;73;100;0,43;0,59;0;0,15;30,7;31,7;1,31;1,18
4;StudentAttendanceSystem;transition;1503;30;59;18;58;100;0,41;1,07;0;0,24;31,7;31,7;1,96;1,72
4;StudentAttendanceSystem;pair;1503;30;59;51;302;100;0,42;0,33;2,1;0,51;33,7;33,7;4,18;3,36
4;StudentAttendanceSystem;state;1504;22;40;8;42;100;0,34;0,39;0;0,07;34,7;34,7;0,92;0,81
4;StudentAttendanceSystem;transition;1504;22;40;13;39;100;0,31;0,74;0;0,13;34,7;35,7;1,33;1,18
4;StudentAttendanceSystem;pair;1504;22;40;39;215;100;0,31;0,19;1,32;0,3;36,7;36,7;2,76;2,12
4;StudentAttendanceSystem;state;1505;17;29;6;30;100;0,26;0,28;0;0,04;36,7;36,7;0,68;0,58
4;StudentAttendanceSystem;transition;1505;17;29;9;29;100;0,25;0,54;0;0,08;37,7;37,7;1;0,87
4;StudentAttendanceSystem;pair;1505;17;29;28;144;100;0,24;0,11;0,77;0,19;38,7;38,7;1,75;1,32
4;StudentAttendanceSystem;state;1506;30;60;13;73;100;0,43;0,55;0;0,13;39,7;39,7;1,26;1,12
4;StudentAttendanceSystem;transition;1506;30;60;19;59;100;0,4;0,8;0;0,21;39,7;40,7;1,55;1,41
4;StudentAttendanceSystem;pair;1506;30;60;55;319;100;0,39;0,29;1,69;0,31;41,7;42,7;3,34;2,67
4;StudentAttendanceSystem;state;1507;22;39;8;42;100;0,3;0,35;0;0,06;42,7;42,7;0,82;0,72
4;StudentAttendanceSystem;transition;1507;22;39;15;38;100;0,28;0,51;0;0,13;43,7;43,7;1,01;0,91
4;StudentAttendanceSystem;pair;1507;22;39;36;183;100;0,35;0,15;0,72;0,15;44,7;44,7;1,74;1,37
4;StudentAttendanceSystem;state;1508;27;50;12;63;100;0,24;0,32;0;0,06;45,7;45,7;0,69;0,62
4;StudentAttendanceSystem;transition;1508;27;50;18;49;100;0,28;0,94;0;0,16;45,7;46,7;1,53;1,38
4;StudentAttendanceSystem;pair;1508;27;50;46;240;100;0,35;0,21;1,16;0,29;47,7;47,7;2,6;2,01
4;StudentAttendanceSystem;state;1509;25;46;10;53;100;0,23;0,34;0;0,1;48,7;48,7;0,74;0,66
4;StudentAttendanceSystem;transition;1509;25;46;17;45;100;0,22;0,57;0;0,1;48,7;48,7;0,98;0,89
4;StudentAttendanceSystem;pair;1509;25;46;37;195;100;0,22;0,18;1,09;0,17;50,7;50,7;2,17;1,66
4;StudentAttendanceSystem;state;1510;26;51;11;57;100;0,25;0,32;0;0,06;50,7;50,7;0,7;0,63
4;StudentAttendanceSystem;transition;1510;26;51;18;50;100;0,24;0,6;0;0,15;51,7;51,7;1,1;0,99
4;StudentAttendanceSystem;pair;1510;26;51;50;270;100;0,37;0,18;1,31;0,24;53,7;53,7;2,66;2,1
4;StudentAttendanceSystem;state;1511;30;59;13;73;100;0,27;0,36;0;0,08;54,7;54,7;0,77;0,7
4;StudentAttendanceSystem;transition;1511;30;59;19;58;100;0,28;0,71;0;0,13;55,7;55,7;1,23;1,12
4;StudentAttendanceSystem;pair;1511;30;59;48;284;100;0,3;0,21;1,55;0,39;56,7;57,7;3,09;2,45
4;StudentAttendanceSystem;state;1512;19;34;8;38;100;0,28;0,32;0;0,06;57,7;57,7;0,76;0,66
4;StudentAttendanceSystem;transition;1512;19;34;13;33;100;0,26;0,64;0;0,11;58,7;58,7;1,13;1,01
4;StudentAttendanceSystem;pair;1512;19;34;28;140;100;0,27;0,13;0,7;0,17;58,7;59,7;1,73;1,27
4;StudentAttendanceSystem;state;1513;19;35;7;36;100;0,29;0,22;0;0,03;59,7;59,7;0,62;0,55
4;StudentAttendanceSystem;transition;1513;19;35;11;35;100;0,19;0,51;0;0,07;60,7;60,7;0,88;0,77
4;StudentAttendanceSystem;pair;1513;19;35;35;191;100;0,29;0,16;1;0,26;61,7;61,7;2,25;1,7
4;StudentAttendanceSystem;state;1514;26;50;12;65;100;0,28;0,31;0;0,06;62,7;62,7;0,73;0,65
4;StudentAttendanceSystem;transition;1514;26;50;17;49;100;0,26;0,61;0;0,1;62,7;62,7;1,06;0,97
4;StudentAttendanceSystem;pair;1514;26;50;46;258;100;0,25;0,22;1,46;0,23;64,7;64,7;2,66;2,16
4;StudentAttendanceSystem;state;1515;28;56;13;72;100;0,38;0,51;0;0,1;65,7;65,7;1,09;0,98
4;StudentAttendanceSystem;transition;1515;28;56;17;56;100;0,36;0,9;0;0,17;65,7;66,7;1,6;1,44
4;StudentAttendanceSystem;pair;1515;28;56;51;297;100;0,3;0,2;1,39;0,26;67,7;67,7;2,66;2,15
4;StudentAttendanceSystem;state;1516;21;42;9;45;100;0,22;0,24;0;0,04;68,7;68,7;0,57;0,5
4;StudentAttendanceSystem;transition;1516;21;42;15;42;100;0,2;0,55;0;0,08;69,7;69,7;0,93;0,83
4;StudentAttendanceSystem;pair;1516;21;42;37;211;100;0,2;0,18;1,14;0,27;70,7;70,7;2,32;1,79
4;StudentAttendanceSystem;state;1517;23;42;10;51;100;0,31;0,36;0;0,07;71,7;71,7;0,85;0,74
4;StudentAttendanceSystem;transition;1517;23;42;15;41;100;0,21;0,7;0;0,13;71,7;71,7;1,19;1,04
4;StudentAttendanceSystem;pair;1517;23;42;34;179;100;0,31;0,17;0,87;0,24;72,7;73,7;2,17;1,59
4;StudentAttendanceSystem;state;1518;27;53;11;57;100;0,37;0,45;0;0,16;73,7;73,7;1,09;0,98
4;StudentAttendanceSystem;transition;1518;27;53;20;52;100;0,35;0,95;0;0,21;74,7;74,7;1,65;1,51
4;StudentAttendanceSystem;pair;1518;27;53;46;261;100;0,36;0,24;1,41;0,57;75,7;76,7;3,36;2,58
4;StudentAttendanceSystem;state;1519;21;40;9;50;100;0,33;0,24;0;0,05;76,7;76,7;0,69;0,62
4;StudentAttendanceSystem;transition;1519;21;40;13;40;100;0,21;0,6;0;0,11;77,7;77,7;1,08;0,93
4;StudentAttendanceSystem;pair;1519;21;40;36;202;100;0,33;0,17;1,01;0,24;78,7;78,7;2,33;1,76
4;StudentAttendanceSystem;state;1520;20;39;9;47;100;0,31;0,37;0;0,06;79,7;79,7;0,83;0,74
4;StudentAttendanceSystem;transition;1520;20;39;13;39;100;0,28;0,65;0;0,12;79,7;80,7;1,19;1,05
4;StudentAttendanceSystem;pair;1520;20;39;35;191;100;0,3;0,16;0,8;0,16;81,7;81,7;1,89;1,42
4;StudentAttendanceSystem;state;1521;20;35;8;41;100;0,24;0,21;0;0,04;81,7;81,7;0,56;0,49
4;StudentAttendanceSystem;transition;1521;20;35;12;35;100;0,18;0,44;0;0,07;82,7;82,7;0,77;0,69
4;StudentAttendanceSystem;pair;1521;20;35;33;171;100;0,19;0,1;0,62;0,2;83,7;83,7;1,47;1,11
4;StudentAttendanceSystem;state;1522;28;57;13;72;100;0,33;0,5;0;0,12;84,7;84,7;1,07;0,95
4;StudentAttendanceSystem;transition;1522;28;57;18;57;100;0,3;0,76;0;0,12;84,7;85,7;1,31;1,18
4;StudentAttendanceSystem;pair;1522;28;57;54;312;100;0,26;0,27;1,71;0,28;86,7;87,7;3,08;2,51
4;StudentAttendanceSystem;state;1523;23;43;9;49;100;0,36;0,43;0;0,08;87,7;87,7;0,99;0,87
4;StudentAttendanceSystem;transition;1523;23;43;14;42;100;0,32;0,8;0;0,13;88,7;88,7;1,39;1,25
4;StudentAttendanceSystem;pair;1523;23;43;38;224;100;0,28;0,14;1,17;0,29;89,7;89,7;2,39;1,89
4;StudentAttendanceSystem;state;1524;28;55;13;71;100;0,4;0,48;0;0,1;90,7;90,7;1,09;0,99
4;StudentAttendanceSystem;transition;1524;28;55;18;54;100;0,4;0,67;0;0,14;91,7;91,7;1,34;1,21
4;StudentAttendanceSystem;pair;1524;28;55;50;290;100;0,26;0,29;1,79;0,31;92,7;93,7;3,31;2,64
4;StudentAttendanceSystem;state;1525;21;39;8;43;100;0,36;0,37;0;0,06;93,7;93,7;0,88;0,78
4;StudentAttendanceSystem;transition;1525;21;39;13;39;100;0,3;0,7;0;0,11;94,7;94,7;1,23;1,1
4;StudentAttendanceSystem;pair;1525;21;39;38;210;100;0,3;0,18;1,44;0,26;95,7;95,7;2,72;2,18
4;StudentAttendanceSystem;state;1526;24;47;10;52;100;0,37;0,45;0;0,07;96,7;96,7;0,99;0,89
4;StudentAttendanceSystem;transition;1526;24;47;17;46;100;0,33;0,83;0;0,55;96,7;97,7;1,88;1,71
4;StudentAttendanceSystem;pair;1526;24;47;44;252;100;0,34;0,21;1,51;0,32;98,7;98,7;3,06;2,38
4;StudentAttendanceSystem;state;1527;30;60;13;71;100;0,44;0,52;0;0,1;99,7;99,7;1,17;1,06
4;StudentAttendanceSystem;transition;1527;30;60;20;59;100;0,41;1,08;0;0,21;100,7;100,7;1,86;1,69
4;StudentAttendanceSystem;pair;1527;30;60;49;289;100;0,39;0,31;1,79;0,4;101,7;102,7;3,66;2,89
4;StudentAttendanceSystem;state;1528;20;40;8;43;100;0,22;0,24;0;0,07;102,7;102,7;0,61;0,53
4;StudentAttendanceSystem;transition;1528;20;40;13;40;100;0,3;0,67;0;0,11;103,7;103,7;1,2;1,08
4;StudentAttendanceSystem;pair;1528;20;40;42;236;100;0,37;0,17;1,07;0,2;104,7;104,7;2,33;1,81
4;StudentAttendanceSystem;state;1529;19;32;7;37;100;0,31;0,36;0;0,05;105,7;105,7;0,82;0,71
4;StudentAttendanceSystem;transition;1529;19;32;11;31;100;0,27;0,67;0;0,1;105,7;105,7;1,15;1,03
4;StudentAttendanceSystem;pair;1529;19;32;26;142;100;0,33;0,09;0,53;0,15;106,7;106,7;1,53;1,1
4;StudentAttendanceSystem;state;1530;17;30;7;34;100;0,33;0,32;0;0,04;107,7;107,7;0,78;0,69
4;StudentAttendanceSystem;transition;1530;17;30;11;30;100;0,25;0,44;0;0,06;107,7;107,7;0,83;0,75
4;StudentAttendanceSystem;pair;1530;17;30;26;133;100;0,19;0,12;0,58;0,15;108,7;108,7;1,37;1,03
4;StudentAttendanceSystem;state;1531;21;37;9;50;100;0,33;0,35;0;0,06;109,7;109,7;0,84;0,75
4;StudentAttendanceSystem;transition;1531;21;37;12;37;100;0,3;0,69;0;0,11;109,7;110,7;1,25;1,1
4;StudentAttendanceSystem;pair;1531;21;37;29;154;100;0,29;0,14;0,76;0,25;110,7;111,7;1,95;1,43
4;StudentAttendanceSystem;state;1532;17;28;6;31;100;0,25;0,28;0;0,04;111,7;111,7;0,66;0,57
4;StudentAttendanceSystem;transition;1532;17;28;10;28;100;0,23;0,54;0;0,07;112,7;112,7;0,98;0,85
4;StudentAttendanceSystem;pair;1532;17;28;26;124;100;0,24;0,1;0,42;0,12;112,7;113,7;1,27;0,87
4;StudentAttendanceSystem;state;1533;21;33;8;41;100;0,18;0,29;0;0,05;113,7;113,7;0,61;0,53
4;StudentAttendanceSystem;transition;1533;21;33;11;32;100;0,26;0,64;0;0,09;114,7;114,7;1,1;0,99
4;StudentAttendanceSystem;pair;1533;21;33;29;142;100;0,18;0,09;0,51;0,12;114,7;115,7;1,25;0,9
4;StudentAttendanceSystem;state;1534;25;48;11;59;100;0,23;0,32;0;0,06;115,7;115,7;0,68;0,61
4;StudentAttendanceSystem;transition;1534;25;48;17;47;100;0,3;0,86;0;0,16;116,7;116,7;1,45;1,31
4;StudentAttendanceSystem;pair;1534;25;48;42;236;100;0,23;0,16;0,96;0,32;117,7;118,7;2,11;1,67
4;StudentAttendanceSystem;state;1535;29;57;12;68;100;0,41;0,49;0;0,1;118,7;118,7;1,1;0,99
4;StudentAttendanceSystem;transition;1535;29;57;18;56;100;0,31;0,7;0;0,13;119,7;119,7;1,24;1,13
4;StudentAttendanceSystem;pair;1535;29;57;45;271;100;0,25;0,31;1,58;0,28;121,7;121,7;3,1;2,43
4;StudentAttendanceSystem;state;1536;18;33;7;33;100;0,28;0,3;0;0,04;121,7;121,7;0,71;0,62
4;StudentAttendanceSystem;transition;1536;18;33;12;33;100;0,26;0,6;0;0,09;122,7;122,7;1,08;0,95
4;StudentAttendanceSystem;pair;1536;18;33;33;165;100;0,26;0,13;0,76;0,14;123,7;123,7;1,72;1,29
4;StudentAttendanceSystem;state;1537;23;44;9;48;100;0,31;0,27;0;0,08;124,7;124,7;0,78;0,66
4;StudentAttendanceSystem;transition;1537;23;44;15;44;100;0,35;0,85;0;0,17;124,7;124,7;1,53;1,37
4;StudentAttendanceSystem;pair;1537;23;44;38;218;100;0,34;0,19;1,14;0,3;126,7;126,7;2,6;1,97
4;StudentAttendanceSystem;state;1538;22;38;8;42;100;0,32;0,4;0;0,07;126,7;126,7;0,9;0,79
4;StudentAttendanceSystem;transition;1538;22;38;14;37;100;0,31;0,7;0;0,28;127,7;127,7;1,42;1,29
4;StudentAttendanceSystem;pair;1538;22;38;31;161;100;0,31;0,16;0,86;0,22;128,7;128,7;2,08;1,54
4;StudentAttendanceSystem;state;1539;19;33;7;36;100;0,28;0,36;0;0,05;129,7;129,7;0,78;0,68
4;StudentAttendanceSystem;transition;1539;19;33;12;33;100;0,28;0,63;0;0,09;129,7;129,7;1,12;0,99
4;StudentAttendanceSystem;pair;1539;19;33;28;144;100;0,28;0,14;0,68;0,17;130,7;130,7;1,83;1,28
4;StudentAttendanceSystem;state;1540;21;39;8;42;100;0,33;0,35;0;0,06;131,7;131,7;0,83;0,73
4;StudentAttendanceSystem;transition;1540;21;39;14;38;100;0,27;0,69;0;0,15;131,7;132,7;1,35;1,11
4;StudentAttendanceSystem;pair;1540;21;39;36;194;100;0,28;0,16;1,08;0,17;133,7;133,7;2,17;1,68
4;StudentAttendanceSystem;state;1541;19;38;8;41;100;0,2;0,22;0;0,04;133,7;133,7;0,53;0,46
4;StudentAttendanceSystem;transition;1541;19;38;13;38;100;0,19;0,42;0;0,07;134,7;134,7;0,76;0,68
4;StudentAttendanceSystem;pair;1541;19;38;36;204;100;0,32;0,16;1,01;0,19;135,7;135,7;2,19;1,67
4;StudentAttendanceSystem;state;1542;21;42;9;46;100;0,22;0,24;0;0,04;136,7;136,7;0,58;0,51
4;StudentAttendanceSystem;transition;1542;21;42;15;42;100;0,29;0,55;0;0,13;136,7;137,7;1,09;0,96
4;StudentAttendanceSystem;pair;1542;21;42;41;231;100;0,31;0,17;0,99;0,19;138,7;138,7;2,15;1,66
4;StudentAttendanceSystem;state;1543;16;28;6;30;100;0,16;0,17;0;0,03;138,7;138,7;0,42;0,36
4;StudentAttendanceSystem;transition;1543;16;28;10;28;100;0,15;0,37;0;0,07;139,7;139,7;0,71;0,6
4;StudentAttendanceSystem;pair;1543;16;28;25;123;100;0,25;0,12;0,57;0,22;140,7;140,7;1,57;1,16
4;StudentAttendanceSystem;state;1544;22;41;10;51;100;0,31;0,36;0;0,05;140,7;140,7;0,79;0,72
4;StudentAttendanceSystem;transition;1544;22;41;15;41;100;0,21;0,46;0;0,08;141,7;141,7;0,83;0,75
4;StudentAttendanceSystem;pair;1544;22;41;32;167;100;0,2;0,13;0,79;0,18;142,7;142,7;1,71;1,31
4;StudentAttendanceSystem;state;1545;27;56;12;65;100;0,27;0,31;0;0,06;143,7;143,7;0,71;0,64
4;StudentAttendanceSystem;transition;1545;27;56;19;56;100;0,25;0,66;0;0,12;144,7;144,7;1,12;1,03
4;StudentAttendanceSystem;pair;1545;27;56;47;273;100;0,25;0,2;1,38;0,25;145,7;146,7;2,56;2,07
4;StudentAttendanceSystem;state;1546;27;55;12;67;100;0,29;0,32;0;0,06;146,7;146,7;0,75;0,68
4;StudentAttendanceSystem;transition;1546;27;55;17;55;100;0,24;0,65;0;0,11;147,7;147,7;1,13;1,01
4;StudentAttendanceSystem;pair;1546;27;55;51;299;100;0,25;0,2;1,44;0,32;148,7;149,7;2,83;2,22
4;StudentAttendanceSystem;state;1547;21;37;8;41;100;0,34;0,35;0;0,06;149,7;149,7;0,85;0,75
4;StudentAttendanceSystem;transition;1547;21;37;14;36;100;0,31;0,71;0;0,12;150,7;150,7;1,27;1,13
4;StudentAttendanceSystem;pair;1547;21;37;33;170;100;0,34;0,15;0,89;0,21;151,7;151,7;2,19;1,59
4;StudentAttendanceSystem;state;1548;21;34;8;41;100;0,3;0,33;0;0,07;152,7;152,7;0,82;0,7
4;StudentAttendanceSystem;transition;1548;21;34;12;33;100;0,3;0,66;0;0,09;152,7;152,7;1,2;1,04
4;StudentAttendanceSystem;pair;1548;21;34;31;153;100;0,19;0,1;0,56;2,24;153,7;154,76;3,47;3,09
4;StudentAttendanceSystem;state;1549;28;54;11;62;100;0,28;0,33;0;0,07;5,76;5,76;0,75;0,67
4;StudentAttendanceSystem;transition;1549;28;54;18;53;100;0,25;0,85;0;0,13;6,76;6,76;1,38;1,22
4;StudentAttendanceSystem;pair;1549;28;54;46;268;100;0,26;0,25;1,34;0,36;7,76;8,76;2,85;2,21
4;StudentAttendanceSystem;state;1550;26;49;11;56;100;0,37;0,5;0;0,09;8,76;8,76;1,06;0,95
4;StudentAttendanceSystem;transition;1550;26;49;18;48;100;0,35;0,91;0;0,17;9,76;9,76;1,61;1,43
4;StudentAttendanceSystem;pair;1550;26;49;46;251;100;0,35;0,22;1,51;0,42;10,76;11,76;3,22;2,5
4;StudentAttendanceSystem;state;1551;27;51;11;61;100;0,38;0,46;0;0,09;11,76;11,76;1,02;0,92
4;StudentAttendanceSystem;transition;1551;27;51;18;50;100;0,36;0,94;0;0,16;12,76;12,76;1,6;1,47
4;StudentAttendanceSystem;pair;1551;27;51;45;249;100;0,37;0,22;1,45;0,33;14,76;14,76;3,03;2,36
4;StudentAttendanceSystem;state;1552;17;32;7;35;100;0,2;0,2;0;0,03;14,76;14,76;0,51;0,43
4;StudentAttendanceSystem;transition;1552;17;32;11;32;100;0,27;0,39;0;0,06;15,76;15,76;0,81;0,72
4;StudentAttendanceSystem;pair;1552;17;32;29;157;100;0,17;0,13;0,6;0,19;16,76;16,76;1,46;1,09
4;StudentAttendanceSystem;state;1553;29;59;12;68;100;0,42;0,52;0;0,1;17,76;17,76;1,15;1,04
4;StudentAttendanceSystem;transition;1553;29;59;20;58;100;0,38;1,06;0;0,14;18,76;18,76;1,71;1,58
4;StudentAttendanceSystem;pair;1553;29;59;52;302;100;0,27;0,26;1,97;0,44;19,76;20,76;3,66;2,94
4;StudentAttendanceSystem;state;1554;17;26;6;31;100;0,25;0,28;0;0,04;20,76;20,76;0,66;0,57
4;StudentAttendanceSystem;transition;1554;17;26;9;25;100;0,24;0,65;0;0,11;21,76;21,76;1,25;1,01
4;StudentAttendanceSystem;pair;1554;17;26;20;96;100;0,31;0,11;0,6;0,13;21,76;21,76;1,63;1,16
4;StudentAttendanceSystem;state;1555;25;50;10;56;100;0,44;0,53;0;0,1;22,76;22,76;1,2;1,07
4;StudentAttendanceSystem;transition;1555;25;50;17;50;100;0,42;1,08;0;0,23;23,76;23,76;1,9;1,72
4;StudentAttendanceSystem;pair;1555;25;50;45;255;100;0,42;0,29;1,61;0,43;24,76;24,76;3,5;2,74
4;StudentAttendanceSystem;state;1556;20;39;8;39;100;0,4;0,43;0;0,06;25,76;25,76;1,02;0,89
4;StudentAttendanceSystem;transition;1556;20;39;14;39;100;0,41;0,77;0;0,12;25,76;26,76;1,47;1,3
4;StudentAttendanceSystem;pair;1556;20;39;40;212;100;0,34;0,24;1,46;0,33;27,76;27,76;3,04;2,37
4;StudentAttendanceSystem;state;1557;22;41;9;47;100;0,36;0,48;0;0,11;27,76;27,76;1,09;0,94
4;StudentAttendanceSystem;transition;1557;22;41;14;41;100;0,39;0,82;0;0,15;28,76;28,76;1,54;1,37
4;StudentAttendanceSystem;pair;1557;22;41;41;219;100;0,39;0,19;1,52;0,39;29,76;30,76;3,3;2,5
4;StudentAttendanceSystem;state;1558;21;37;8;43;100;0,37;0,44;0;0,08;30,76;30,76;1,01;0,89
4;StudentAttendanceSystem;transition;1558;21;37;12;36;100;0,35;0,88;0;0,16;31,76;31,76;1,55;1,38
4;StudentAttendanceSystem;pair;1558;21;37;30;171;100;0,36;0,17;1,04;0,27;32,76;32,76;2,49;1,83
4;StudentAttendanceSystem;state;1559;18;31;7;35;100;0,34;0,39;0;0,06;32,76;32,76;0,95;0,79
4;StudentAttendanceSystem;transition;1559;18;31;11;30;100;0,3;1,25;0;0,12;33,76;33,76;1,83;1,67
4;StudentAttendanceSystem;pair;1559;18;31;26;134;100;0,34;0,15;0,84;0,2;34,76;34,76;2,12;1,52
4;StudentAttendanceSystem;state;1560;24;44;9;50;100;0,4;0,5;0;0,1;34,76;34,76;1,11;0,99
4;StudentAttendanceSystem;transition;1560;24;44;16;43;100;0,38;1;0;0,2;35,76;35,76;1,78;1,58
4;StudentAttendanceSystem;pair;1560;24;44;38;200;100;0,38;0,22;1,43;0,44;36,76;37,76;3,29;2,47
4;StudentAttendanceSystem;state;1561;25;48;11;59;100;0,5;0,55;0;0,1;37,76;37,76;1,3;1,15
4;StudentAttendanceSystem;transition;1561;25;48;16;47;100;0,4;0,95;0;0,18;38,76;38,76;1,72;1,53
4;StudentAttendanceSystem;pair;1561;25;48;45;259;100;0,39;0,35;1,79;0,41;39,76;40,76;3,77;2,95
4;StudentAttendanceSystem;state;1562;22;42;9;47;100;0,4;0,48;0;0,09;40,76;40,76;1,11;0,97
4;StudentAttendanceSystem;transition;1562;22;42;15;42;100;0,43;0,95;0;0,15;41,76;41,76;1,7;1,53
4;StudentAttendanceSystem;pair;1562;22;42;44;234;100;0,38;0,2;1,55;0,32;42,76;42,76;3,15;2,45
4;StudentAttendanceSystem;state;1563;19;36;9;44;100;0,24;0,25;0;0,07;43,76;43,76;0,65;0,56
4;StudentAttendanceSystem;transition;1563;19;36;13;36;100;0,31;0,66;0;0,15;43,76;43,76;1,26;1,13
4;StudentAttendanceSystem;pair;1563;19;36;29;150;100;0,37;0,17;0,88;0,25;44,76;45,76;2,26;1,66
4;StudentAttendanceSystem;state;1564;23;40;9;47;100;0,53;0,52;0;0,11;45,76;45,76;1,31;1,17
4;StudentAttendanceSystem;transition;1564;23;40;14;39;100;0,34;0,85;0;0,14;46,76;46,76;1,46;1,32
4;StudentAttendanceSystem;pair;1564;23;40;38;200;100;0,34;0,22;1,32;0,36;47,76;47,76;2,91;2,25
4;StudentAttendanceSystem;state;1565;24;43;9;48;100;0,4;0,46;0;0,08;48,76;48,76;1,06;0,95
4;StudentAttendanceSystem;transition;1565;24;43;15;42;100;0,42;0,86;0;0,16;48,76;48,76;1,65;1,45
4;StudentAttendanceSystem;pair;1565;24;43;36;200;100;0,38;0,19;1,09;0,23;49,76;50,76;2,52;1,89
4;StudentAttendanceSystem;state;1566;21;36;8;41;100;0,22;0,25;0;0,05;50,76;50,76;0,59;0,52
4;StudentAttendanceSystem;transition;1566;21;36;13;35;100;0,25;0,52;0;0,09;51,76;51,76;0,95;0,86
4;StudentAttendanceSystem;pair;1566;21;36;29;151;100;0,24;0,2;0,92;0,21;52,76;52,76;2,13;1,57
4;StudentAttendanceSystem;state;1567;30;59;13;73;100;0,31;0,43;0;0,09;53,76;53,76;0,92;0,83
4;StudentAttendanceSystem;transition;1567;30;59;19;58;100;0,29;1,04;0;0,22;53,76;54,76;1,71;1,55
4;StudentAttendanceSystem;pair;1567;30;59;49;289;100;0,47;0,3;2,14;0,45;55,76;56,76;4,22;3,37
4;StudentAttendanceSystem;state;1568;17;30;6;30;100;0,35;0,34;0;0,04;56,76;56,76;0,85;0,73
4;StudentAttendanceSystem;transition;1568;17;30;10;30;100;0,3;0,57;0;0,09;56,76;57,76;1,1;0,97
4;StudentAttendanceSystem;pair;1568;17;30;31;155;100;0,3;0,14;0,88;0,22;57,76;58,76;2,12;1,54
4;StudentAttendanceSystem;state;1569;29;58;12;68;100;0,49;0,5;0;0,09;58,76;58,76;1,18;1,08
4;StudentAttendanceSystem;transition;1569;29;58;19;57;100;0,29;1,12;0;0,21;59,76;59,76;1,81;1,62
4;StudentAttendanceSystem;pair;1569;29;58;49;287;100;0,47;0,26;1,53;0,36;61,76;61,76;3,25;2,63
4;StudentAttendanceSystem;state;1570;21;37;8;39;100;0,22;0,31;0;0,07;61,76;61,76;0,71;0,6
4;StudentAttendanceSystem;transition;1570;21;37;13;36;100;0,35;0,73;0;0,12;62,76;62,76;1,63;1,19
4;StudentAttendanceSystem;pair;1570;21;37;34;178;100;0,36;0,17;1,16;0,29;63,76;63,76;2,68;1,97
4;StudentAttendanceSystem;state;1571;27;50;11;61;100;0,44;0,51;0;0,11;64,76;64,76;1,19;1,06
4;StudentAttendanceSystem;transition;1571;27;50;17;49;100;0,4;0,79;0;0,13;65,76;65,76;1,45;1,32
4;StudentAttendanceSystem;pair;1571;27;50;42;234;100;0,28;0,31;1,63;0,35;66,76;66,76;3,26;2,57
4;StudentAttendanceSystem;state;1572;21;40;9;44;100;0,38;0,29;0;0,05;67,76;67,76;0,8;0,72
4;StudentAttendanceSystem;transition;1572;21;40;15;40;100;0,31;0,59;0;0,09;67,76;68,76;1,13;1
4;StudentAttendanceSystem;pair;1572;21;40;34;184;100;0,29;0,2;1,09;0,28;69,76;69,76;2,52;1,86
4;StudentAttendanceSystem;state;1573;22;41;9;45;100;0,42;0,37;0;0,06;69,76;69,76;0,95;0,85
4;StudentAttendanceSystem;transition;1573;22;41;15;40;100;0,24;0,61;0;0,12;70,76;70,76;1,12;0,97
4;StudentAttendanceSystem;pair;1573;22;41;34;188;100;0,24;0,2;1,21;0,28;71,76;71,76;2,55;1,92
4;StudentAttendanceSystem;state;1574;25;47;9;49;100;0,45;0,49;0;0,08;72,76;72,76;1,14;1,02
4;StudentAttendanceSystem;transition;1574;25;47;16;46;100;0,38;1,13;0;0,18;73,76;73,76;1,86;1,69
4;StudentAttendanceSystem;pair;1574;25;47;40;234;100;0,4;0,22;1,48;0,38;74,76;74,76;3,21;2,48
4;StudentAttendanceSystem;state;1575;21;39;8;43;100;0,33;0,44;0;0,11;75,76;75,76;0,99;0,88
4;StudentAttendanceSystem;transition;1575;21;39;13;38;100;0,22;0,52;0;0,09;75,76;75,76;0,93;0,83
4;StudentAttendanceSystem;pair;1575;21;39;39;213;100;0,34;0,23;1,35;0,34;77,76;77,76;2,91;2,27
4;StudentAttendanceSystem;state;1576;21;36;8;43;100;0,24;0,26;0;0,05;77,76;77,76;0,65;0,54
4;StudentAttendanceSystem;transition;1576;21;36;13;35;100;0,22;0,52;0;0,09;78,76;78,76;0,93;0,83
4;StudentAttendanceSystem;pair;1576;21;36;30;159;100;0,33;0,15;0,99;0,23;79,76;79,76;2,28;1,7
4;StudentAttendanceSystem;state;1577;21;36;8;43;100;0,23;0,27;0;0,05;80,76;80,76;0,63;0,55
4;StudentAttendanceSystem;transition;1577;21;36;13;35;100;0,21;0,59;0;0,09;80,76;80,76;0,99;0,89
4;StudentAttendanceSystem;pair;1577;21;36;29;155;100;0,23;0,12;0,7;0,22;81,76;81,76;1,69;1,27
4;StudentAttendanceSystem;state;1578;23;41;10;54;100;0,35;0,48;0;0,09;82,76;82,76;1,05;0,92
4;StudentAttendanceSystem;transition;1578;23;41;13;41;100;0,24;0,6;0;0,13;83,76;83,76;1,15;0,98
4;StudentAttendanceSystem;pair;1578;23;41;36;190;100;0,33;0,14;0,81;0,18;84,76;84,76;2,05;1,47
4;StudentAttendanceSystem;state;1579;21;41;9;48;100;0,33;0,5;0;0,09;84,76;84,76;1,07;0,93
4;StudentAttendanceSystem;transition;1579;21;41;14;41;100;0,35;0,82;0;0,13;85,76;85,76;1,46;1,3
4;StudentAttendanceSystem;pair;1579;21;41;37;201;100;0,28;0,15;1,07;0,3;86,76;87,76;2,34;1,79
4;StudentAttendanceSystem;state;1580;19;34;7;37;100;0,36;0,34;0;0,08;87,76;87,76;0,91;0,78
4;StudentAttendanceSystem;transition;1580;19;34;12;34;100;0,34;0,62;0;0,08;88,76;88,76;1,18;1,04
4;StudentAttendanceSystem;pair;1580;19;34;34;174;100;0,24;0,13;0,74;0,17;88,76;89,76;1,94;1,27
4;StudentAttendanceSystem;state;1581;26;51;11;62;100;0,29;0,37;0;0,07;89,76;89,76;0,82;0,73
4;StudentAttendanceSystem;transition;1581;26;51;17;50;100;0,4;1,01;0;0,14;90,76;90,76;1,69;1,54
4;StudentAttendanceSystem;pair;1581;26;51;47;273;100;0,36;0,24;1,44;0,42;91,76;92,76;3,19;2,47
4;StudentAttendanceSystem;state;1582;27;56;12;65;100;0,55;0,66;0;0,16;92,76;93,76;1,53;1,36
4;StudentAttendanceSystem;transition;1582;27;56;19;56;100;0,52;1,3;0;0,2;93,76;93,76;2,22;2,03
4;StudentAttendanceSystem;pair;1582;27;56;47;273;100;0,46;0,32;1,96;0,42;95,76;95,76;4,03;3,17
4;StudentAttendanceSystem;state;1583;21;37;9;46;100;0,36;0,48;0;0,1;96,76;96,76;1,11;0,94
4;StudentAttendanceSystem;transition;1583;21;37;13;36;100;0,38;0,94;0;0,16;96,76;96,76;1,66;1,48
4;StudentAttendanceSystem;pair;1583;21;37;34;180;100;0,34;0,17;1,16;0,27;97,76;98,76;2,58;1,95
4;StudentAttendanceSystem;state;1584;18;34;7;36;100;0,31;0,33;0;0,07;98,76;98,76;0,82;0,71
4;StudentAttendanceSystem;transition;1584;18;34;12;34;100;0,3;0,73;0;0,15;99,76;99,76;1,43;1,18
4;StudentAttendanceSystem;pair;1584;18;34;32;170;100;0,32;0,16;1,06;0,25;100,76;100,76;2,33;1,78
4;StudentAttendanceSystem;state;1585;22;42;9;45;100;0,34;0,42;0;0,09;100,76;100,76;0,96;0,85
4;StudentAttendanceSystem;transition;1585;22;42;16;42;100;0,34;0,86;0;0,16;101,76;101,76;1,52;1,35
4;StudentAttendanceSystem;pair;1585;22;42;37;197;100;0,32;0,21;1,41;0,32;102,76;102,76;2,92;2,27
4;StudentAttendanceSystem;state;1586;23;44;10;50;100;0,46;0,47;0;0,1;103,76;103,76;1,16;1,03
4;StudentAttendanceSystem;transition;1586;23;44;16;44;100;0,4;0,93;0;0,18;104,76;104,76;1,69;1,51
4;StudentAttendanceSystem;pair;1586;23;44;43;233;100;0,43;0,26;1,84;0,34;105,76;105,76;3,75;2,87
4;StudentAttendanceSystem;state;1587;24;48;10;54;100;0,42;0,62;0;0,1;106,76;106,76;1,27;1,14
4;StudentAttendanceSystem;transition;1587;24;48;15;48;100;0,45;1,09;0;0,21;106,76;107,76;1,94;1,75
4;StudentAttendanceSystem;pair;1587;24;48;48;272;100;0,36;0,35;1,88;0,42;108,76;108,76;3,85;3,02
4;StudentAttendanceSystem;state;1588;21;40;9;50;100;0,46;0,45;0;0,09;109,76;109,76;1,16;0,99
4;StudentAttendanceSystem;transition;1588;21;40;13;40;100;0,37;0,84;0;0,15;109,76;109,76;1,54;1,36
4;StudentAttendanceSystem;pair;1588;21;40;36;202;100;0,37;0,21;1,32;0,3;110,76;111,76;2,91;2,19
4;StudentAttendanceSystem;state;1589;26;51;10;54;100;0,44;0,6;0;0,12;111,76;111,76;1,31;1,16
4;StudentAttendanceSystem;transition;1589;26;51;18;50;100;0,49;1,2;0;0,22;112,76;112,76;2,17;1,91
4;StudentAttendanceSystem;pair;1589;26;51;52;292;100;0,55;0,34;2,38;0,46;114,76;114,76;4,72;3,73
4;StudentAttendanceSystem;state;1590;21;40;9;50;100;0,39;0,61;0;0,1;114,76;115,76;1,25;1,1
4;StudentAttendanceSystem;transition;1590;21;40;13;40;100;0,4;0,83;0;0,15;115,76;115,76;1,54;1,38
4;StudentAttendanceSystem;pair;1590;21;40;36;202;100;0,36;0,2;1,43;0,32;116,76;117,76;2,99;2,31
4;StudentAttendanceSystem;state;1591;21;36;8;43;100;0,34;0,44;0;0,07;117,76;117,76;0,98;0,84
4;StudentAttendanceSystem;transition;1591;21;36;13;35;100;0,31;0,86;0;0,12;118,76;118,76;1,44;1,29
4;StudentAttendanceSystem;pair;1591;21;36;30;159;100;0,3;0,16;1,08;0,24;119,76;119,76;2,36;1,78
4;StudentAttendanceSystem;state;1592;27;52;11;59;100;0,43;0,66;0;0,14;119,76;119,76;1,37;1,23
4;StudentAttendanceSystem;transition;1592;27;52;19;51;100;0,44;1,12;0;0,2;120,76;120,76;1,94;1,75
4;StudentAttendanceSystem;pair;1592;27;52;44;242;100;0,4;0,41;1,9;0,4;122,76;122,76;3,94;3,1
4;StudentAttendanceSystem;state;1593;26;46;11;60;100;0,53;0,53;0;0,13;122,76;123,76;1,32;1,18
4;StudentAttendanceSystem;transition;1593;26;46;15;45;100;0,39;0,99;0;0,17;123,76;123,76;1,72;1,55
4;StudentAttendanceSystem;pair;1593;26;46;41;219;100;0,41;0,22;1,55;0,39;124,76;125,76;3,39;2,58
4;StudentAttendanceSystem;state;1594;21;39;8;42;100;0,35;0,41;0;0,08;125,76;125,76;0,95;0,84
4;StudentAttendanceSystem;transition;1594;21;39;14;39;100;0,31;0,83;0;0,18;126,76;126,76;1,53;1,32
4;StudentAttendanceSystem;pair;1594;21;39;35;191;100;0,36;0,21;1,36;0,3;127,76;127,76;2,85;2,23
4;StudentAttendanceSystem;state;1595;26;53;11;62;100;0,47;0,54;0;0,11;128,76;128,76;1,24;1,12
4;StudentAttendanceSystem;transition;1595;26;53;17;53;100;0,43;1,18;0;0,19;129,76;129,76;2,01;1,81
4;StudentAttendanceSystem;pair;1595;26;53;45;267;100;0,5;0,31;2,26;0,5;130,76;130,76;4,57;3,58
4;StudentAttendanceSystem;state;1596;23;45;9;48;100;0,5;0,83;0;0,12;131,76;131,76;1,63;1,45
4;StudentAttendanceSystem;transition;1596;23;45;16;45;100;0,48;0,93;0;0,17;132,76;132,76;1,77;1,57
4;StudentAttendanceSystem;pair;1596;23;45;41;233;100;0,38;0,21;1,39;0,34;133,76;133,76;3,09;2,33
4;StudentAttendanceSystem;state;1597;23;41;9;47;100;0,42;0,46;0;0,08;134,76;134,76;1,08;0,95
4;StudentAttendanceSystem;transition;1597;23;41;15;40;100;0,39;0,94;0;0,15;134,76;134,76;1,65;1,48
4;StudentAttendanceSystem;pair;1597;23;41;40;208;100;0,38;0,18;1,39;0,32;135,76;136,76;2,97;2,27
4;StudentAttendanceSystem;state;1598;21;38;9;44;100;0,36;0,4;0;0,07;136,76;136,76;0,94;0,83
4;StudentAttendanceSystem;transition;1598;21;38;14;38;100;0,36;0,78;0;0,12;137,76;137,76;1,42;1,27
4;StudentAttendanceSystem;pair;1598;21;38;36;184;100;0,35;0,17;1,15;0,28;138,76;138,76;2,57;1,95
4;StudentAttendanceSystem;state;1599;24;46;10;55;100;0,39;0,48;0;0,08;139,76;139,76;1,07;0,96
4;StudentAttendanceSystem;transition;1599;24;46;16;46;100;0,39;0,94;0;0,17;139,76;140,76;1,65;1,5
4;StudentAttendanceSystem;pair;1599;24;46;41;221;100;0,38;0,24;1,45;0,26;141,76;141,76;3,04;2,33
4;StudentAttendanceSystem;state;1600;17;32;7;35;100;0,37;0,36;0;0,06;141,76;141,76;0,92;0,79
4;StudentAttendanceSystem;transition;1600;17;32;11;32;100;0,34;0,63;0;0,14;142,76;142,76;1,24;1,1
4;StudentAttendanceSystem;pair;1600;17;32;29;157;100;0,21;0,13;0,76;0,24;143,76;143,76;1,85;1,35
4;StudentAttendanceSystem;state;1601;24;45;10;56;100;0,39;0,48;0;0,09;144,76;144,76;1,08;0,96
4;StudentAttendanceSystem;transition;1601;24;45;14;44;100;0,37;1,02;0;0,15;144,76;144,76;1,77;1,54
4;StudentAttendanceSystem;pair;1601;24;45;42;246;100;0,44;0,23;1,19;0,25;146,76;146,76;2,76;2,11
4;StudentAttendanceSystem;state;1602;21;38;8;40;100;0,37;0,39;0;0,06;146,76;146,76;0,93;0,82
4;StudentAttendanceSystem;transition;1602;21;38;14;37;100;0,32;0,72;0;0,09;147,76;147,76;1,23;1,12
4;StudentAttendanceSystem;pair;1602;21;38;36;184;100;0,25;0,13;0,87;0,18;148,76;148,76;1,86;1,43
4;StudentAttendanceSystem;state;1603;21;40;9;50;100;0,26;0,38;0;0,07;149,76;149,76;0,82;0,72
4;StudentAttendanceSystem;transition;1603;21;40;13;40;100;0,38;0,63;0;0,09;150,76;150,76;1,21;1,1
4;StudentAttendanceSystem;pair;1603;21;40;35;199;100;0,27;0,18;1,19;0,28;151,76;151,76;2,58;1,93
4;StudentAttendanceSystem;state;1604;21;39;9;50;100;0,53;0,54;0;0,11;151,76;151,76;1,33;1,18
4;StudentAttendanceSystem;transition;1604;21;39;12;39;100;0,25;0,62;0;0,15;152,76;152,76;1,15;1,02
4;StudentAttendanceSystem;pair;1604;21;39;34;191;100;0,35;0,18;1,11;0,27;153,76;153,76;2,54;1,91
4;StudentAttendanceSystem;state;1605;21;39;9;50;100;1,99;0,28;0;0,09;5,76;5,76;2,45;2,36
4;StudentAttendanceSystem;transition;1605;21;39;12;39;100;0,26;0,74;0;0,12;5,76;6,76;1,28;1,13
4;StudentAttendanceSystem;pair;1605;21;39;33;187;100;0,24;0,14;0,81;0,18;7,76;7,76;1,79;1,37
4;StudentAttendanceSystem;state;1606;18;35;8;38;100;0,21;0,29;0;0,05;7,76;7,76;0,66;0,55
4;StudentAttendanceSystem;transition;1606;18;35;13;35;100;0,21;0,56;0;0,12;8,76;8,76;1,03;0,89
4;StudentAttendanceSystem;pair;1606;18;35;30;163;100;0,32;0,13;0,88;0,24;9,76;9,76;2,1;1,56
4;StudentAttendanceSystem;state;1607;19;30;7;35;100;0,31;0,34;0;0,07;9,76;10,76;0,83;0,72
4;StudentAttendanceSystem;transition;1607;19;30;11;29;100;0,29;0,44;0;0,07;10,76;10,76;0,88;0,79
4;StudentAttendanceSystem;pair;1607;19;30;23;108;100;0,27;0,11;0,57;0,2;11,76;11,76;1,56;1,15
4;StudentAttendanceSystem;state;1608;25;46;10;53;100;0,4;0,41;0;0,07;11,76;12,76;0,99;0,88
4;StudentAttendanceSystem;transition;1608;25;46;16;45;100;0,42;0,88;0;0,16;12,76;12,76;1,62;1,46
4;StudentAttendanceSystem;pair;1608;25;46;45;243;100;0,4;0,23;1,44;0,35;14,76;14,76;3,12;2,42
4;StudentAttendanceSystem;state;1609;25;47;10;51;100;0,45;0,49;0;0,11;14,76;14,76;1,2;1,05
4;StudentAttendanceSystem;transition;1609;25;47;18;46;100;0,32;0,86;0;0,22;15,76;15,76;1,59;1,4
4;StudentAttendanceSystem;pair;1609;25;47;40;216;100;0,49;0,39;1,49;0,43;16,76;17,76;3,7;2,8
4;StudentAttendanceSystem;state;1610;19;35;8;38;100;0,35;0,39;0;0,06;17,76;17,76;0,97;0,8
4;StudentAttendanceSystem;transition;1610;19;35;14;35;100;0,32;0,78;0;0,12;18,76;18,76;1,39;1,22
4;StudentAttendanceSystem;pair;1610;19;35;29;148;100;0,38;0,2;1,21;0,26;19,76;19,76;2,76;2,06
4;StudentAttendanceSystem;state;1611;30;60;13;73;100;0,65;0,93;0;0,13;20,76;20,76;1,9;1,71
4;StudentAttendanceSystem;transition;1611;30;60;20;59;100;0,45;1,2;0;0,24;20,76;21,76;2,07;1,89
4;StudentAttendanceSystem;pair;1611;30;60;52;304;100;0,45;0,27;2,29;0,54;22,76;23,76;4,43;3,54
4;StudentAttendanceSystem;state;1612;21;40;9;44;100;0,37;0,48;0;0,08;23,76;23,76;1,11;0,93
4;StudentAttendanceSystem;transition;1612;21;40;15;39;100;0,37;0,88;0;0,14;24,76;24,76;1,54;1,39
4;StudentAttendanceSystem;pair;1612;21;40;34;186;100;0,32;0,18;0,94;0,19;25,76;25,76;2,22;1,63
4;StudentAttendanceSystem;state;1613;23;44;10;50;100;0,25;0,3;0;0,06;26,76;26,76;0,68;0,6
4;StudentAttendanceSystem;transition;1613;23;44;16;44;100;0,29;0,61;0;0,14;26,76;26,76;1,19;1,04
4;StudentAttendanceSystem;pair;1613;23;44;42;225;100;0,39;0,26;1,41;0,36;27,76;28,76;3,19;2,41
4;StudentAttendanceSystem;state;1614;22;43;8;43;100;0,4;0,45;0;0,07;28,76;28,76;1,04;0,92
4;StudentAttendanceSystem;transition;1614;22;43;15;43;100;0,36;0,85;0;0,18;29,76;29,76;1,57;1,39
4;StudentAttendanceSystem;pair;1614;22;43;38;220;100;0,38;0,29;1,52;0,32;30,76;30,76;3,24;2,51
4;StudentAttendanceSystem;state;1615;29;57;12;67;100;0,46;0,38;0;0,08;31,76;31,76;1,02;0,92
4;StudentAttendanceSystem;transition;1615;29;57;20;56;100;0,3;1,21;0;0,21;32,76;32,76;1,88;1,71
4;StudentAttendanceSystem;pair;1615;29;57;52;296;100;0,31;0,27;2,07;0,42;33,76;34,76;3,77;3,07
4;StudentAttendanceSystem;state;1616;17;32;7;35;100;0,23;0,22;0;0,04;34,76;34,76;0,57;0,49
4;StudentAttendanceSystem;transition;1616;17;32;11;32;100;0,28;0,43;0;0,12;35,76;35,76;0,97;0,83
4;StudentAttendanceSystem;pair;1616;17;32;29;157;100;0,31;0,14;0,97;0,22;36,76;36,76;2,22;1,64
4;StudentAttendanceSystem;state;1617;20;34;7;36;100;0,35;0,39;0;0,06;36,76;36,76;0,91;0,8
4;StudentAttendanceSystem;transition;1617;20;34;11;33;100;0,37;0,75;0;0,11;37,76;37,76;1,37;1,22
4;StudentAttendanceSystem;pair;1617;20;34;32;168;100;0,38;0,17;0,98;0,24;38,76;38,76;2,33;1,76
4;StudentAttendanceSystem;state;1618;22;38;8;42;100;0,36;0,52;0;0,08;39,76;39,76;1,08;0,95
4;StudentAttendanceSystem;transition;1618;22;38;14;37;100;0,4;0,83;0;0,14;39,76;39,76;1,52;1,36
4;StudentAttendanceSystem;pair;1618;22;38;33;168;100;0,39;0,18;1,09;0,27;40,76;41,76;2,56;1,93
4;StudentAttendanceSystem;state;1619;20;35;8;39;100;0,33;0,4;0;0,06;41,76;41,76;0,91;0,79
4;StudentAttendanceSystem;transition;1619;20;35;13;34;100;0,32;0,6;0;0,08;42,76;42,76;1,11;1
4;StudentAttendanceSystem;pair;1619;20;35;28;145;100;0,2;0,12;0,75;0,21;43,76;43,76;1,85;1,28
4;StudentAttendanceSystem;state;1620;25;44;10;55;100;0,41;0,5;0;0,09;43,76;43,76;1,12;1
4;StudentAttendanceSystem;transition;1620;25;44;15;43;100;0,38;0,95;0;0,15;44,76;44,76;1,64;1,49
4;StudentAttendanceSystem;pair;1620;25;44;35;187;100;0,39;0,15;1,13;0,28;45,76;45,76;2,5;1,95
4;StudentAttendanceSystem;state;1621;24;45;9;48;100;0,27;0,42;0;0,09;46,76;46,76;0,9;0,78
4;StudentAttendanceSystem;transition;1621;24;45;16;44;100;0,41;0,96;0;0,21;47,76;47,76;1,76;1,57
4;StudentAttendanceSystem;pair;1621;24;45;45;245;100;0,25;0,22;2,2;0,36;48,76;48,76;3,65;3,03
4;StudentAttendanceSystem;state;1622;19;34;7;36;100;0,39;0,37;0;0,07;49,76;49,76;0,96;0,83
4;StudentAttendanceSystem;transition;1622;19;34;13;34;100;0,33;0,78;0;0,13;49,76;49,76;1,4;1,24
4;StudentAttendanceSystem;pair;1622;19;34;31;155;100;0,34;0,15;1;0,29;50,76;51,76;2,46;1,78
4;StudentAttendanceSystem;state;1623;21;36;8;41;100;0,48;0,67;0;0,08;51,76;51,76;1,38;1,23
4;StudentAttendanceSystem;transition;1623;21;36;13;35;100;0,46;0,95;0;0,09;52,76;52,76;1,64;1,5
4;StudentAttendanceSystem;pair;1623;21;36;28;148;100;0,22;0,12;0,71;0,14;53,76;53,76;1,58;1,19
4;StudentAttendanceSystem;state;1624;20;39;8;43;100;0,24;0,27;0;0,05;53,76;53,76;0,66;0,56
4;StudentAttendanceSystem;transition;1624;20;39;13;39;100;0,22;0,6;0;0,09;54,76;54,76;1,01;0,91
4;StudentAttendanceSystem;pair;1624;20;39;37;215;100;0,3;0,18;1,71;0,39;55,76;55,76;3,28;2,57
4;StudentAttendanceSystem;state;1625;24;43;9;48;100;0,55;0,77;0;0,15;56,76;56,76;1,67;1,46
4;StudentAttendanceSystem;transition;1625;24;43;15;42;100;0,43;0,79;0;0,11;56,76;57,76;1,47;1,32
4;StudentAttendanceSystem;pair;1625;24;43;36;200;100;0,3;0,19;1,45;0,3;58,76;58,76;2,8;2,23
4;StudentAttendanceSystem;state;1626;26;51;10;54;100;0,43;0,6;0;0,1;58,76;59,76;1,28;1,13
4;StudentAttendanceSystem;transition;1626;26;51;19;50;100;0,41;1,14;0;0,19;59,76;59,76;1,91;1,75
4;StudentAttendanceSystem;pair;1626;26;51;49;273;100;0,43;0,29;2,04;0,43;61,76;61,76;4,08;3,19
4;StudentAttendanceSystem;state;1627;25;44;10;55;100;0,4;0,52;0;0,1;62,76;62,76;1,15;1,01
4;StudentAttendanceSystem;transition;1627;25;44;15;43;100;0,46;0,98;0;0,2;62,76;63,76;1,83;1,64
4;StudentAttendanceSystem;pair;1627;25;44;36;191;100;0,42;0,22;1,27;0,34;64,76;64,76;2,95;2,24
4;StudentAttendanceSystem;state;1628;27;56;12;67;100;0,48;0,69;0;0,15;64,76;64,76;1,48;1,32
4;StudentAttendanceSystem;transition;1628;27;56;18;56;100;0,47;1,26;0;0,84;65,76;65,76;2,83;2,57
4;StudentAttendanceSystem;pair;1628;27;56;54;310;100;0,54;0,42;2,76;0,61;67,76;67,76;5,37;4,33
4;StudentAttendanceSystem;state;1629;18;34;7;37;100;0,47;0,45;0;0,08;68,76;68,76;1,15;1
4;StudentAttendanceSystem;transition;1629;18;34;11;34;100;0,37;0,89;0;0,15;68,76;68,76;1,59;1,41
4;StudentAttendanceSystem;pair;1629;18;34;35;189;100;0,39;0,18;1,34;0,35;69,76;70,76;2,89;2,26
4;StudentAttendanceSystem;state;1630;19;31;7;37;100;0,32;0,43;0;0,07;70,76;70,76;0,97;0,82
4;StudentAttendanceSystem;transition;1630;19;31;10;30;100;0,31;0,76;0;0,12;71,76;71,76;1,36;1,19
4;StudentAttendanceSystem;pair;1630;19;31;23;127;100;0,31;0,16;0,81;0,19;71,76;72,76;2,03;1,46
4;StudentAttendanceSystem;state;1631;19;33;7;37;100;0,32;0,45;0;0,07;72,76;72,76;0,98;0,84
4;StudentAttendanceSystem;transition;1631;19;33;11;33;100;0,31;0,7;0;0,11;73,76;73,76;1,28;1,12
4;StudentAttendanceSystem;pair;1631;19;33;31;159;100;0,35;0,15;1,04;0,26;74,76;74,76;2,39;1,8
4;StudentAttendanceSystem;state;1632;22;44;10;51;100;0,43;0,44;0;0,09;74,76;74,76;1,12;0,97
4;StudentAttendanceSystem;transition;1632;22;44;16;44;100;0,39;0,92;0;0,16;75,76;75,76;1,65;1,47
4;StudentAttendanceSystem;pair;1632;22;44;40;214;100;0,37;0,28;1,44;0,31;76,76;76,76;3,16;2,4
4;StudentAttendanceSystem;state;1633;22;41;9;46;100;0,37;0,5;0;0,11;77,76;77,76;1,11;0,97
4;StudentAttendanceSystem;transition;1633;22;41;15;40;100;0,38;0,89;0;0,16;78,76;78,76;1,59;1,43
4;StudentAttendanceSystem;pair;1633;22;41;36;202;100;0,27;0,2;0,98;0,29;79,76;79,76;2,44;1,74
4;StudentAttendanceSystem;state;1634;23;45;9;48;100;0,4;0,43;0;0,06;80,76;80,76;0,99;0,89
4;StudentAttendanceSystem;transition;1634;23;45;16;44;100;0,29;0,66;0;0,11;80,76;80,76;1,18;1,07
4;StudentAttendanceSystem;pair;1634;23;45;43;241;100;0,27;0,21;1,8;0,43;82,76;82,76;3,58;2,71
4;StudentAttendanceSystem;state;1635;21;36;9;46;100;0,49;0,41;0;0,07;82,76;82,76;1,1;0,97
4;StudentAttendanceSystem;transition;1635;21;36;12;35;100;0,35;0,74;0;0,11;83,76;83,76;1,34;1,2
4;StudentAttendanceSystem;pair;1635;21;36;30;161;100;0,33;0,17;0,91;0,23;84,76;84,76;2,18;1,63
4;StudentAttendanceSystem;state;1636;23;46;10;56;100;0,42;0,61;0;0,1;85,76;85,76;1,25;1,12
4;StudentAttendanceSystem;transition;1636;23;46;15;46;100;0,41;0,86;0;0,12;85,76;86,76;1,51;1,39
4;StudentAttendanceSystem;pair;1636;23;46;42;246;100;0,26;0,26;1,78;0,56;87,76;87,76;3,62;2,85
4;StudentAttendanceSystem;state;1637;27;50;11;61;100;0,55;0,63;0;0,13;88,76;88,76;1,48;1,31
4;StudentAttendanceSystem;transition;1637;27;50;17;49;100;0,44;1,25;0;0,21;88,76;89,76;2,11;1,9
4;StudentAttendanceSystem;pair;1637;27;50;41;229;100;0,42;0,39;1,93;0,42;90,76;90,76;4,06;3,16
4;StudentAttendanceSystem;state;1638;26;48;10;56;100;0,46;0,62;0;0,12;91,76;91,76;1,36;1,21
4;StudentAttendanceSystem;transition;1638;26;48;16;47;100;0,41;1,3;0;0,17;91,76;91,76;2,06;1,89
4;StudentAttendanceSystem;pair;1638;26;48;39;221;100;0,44;0,22;1,69;0,39;93,76;93,76;3,53;2,75
4;StudentAttendanceSystem;state;1639;23;41;9;49;100;0,4;0,5;0;0,14;93,76;93,76;1,2;1,05
4;StudentAttendanceSystem;transition;1639;23;41;14;40;100;0,44;0,96;0;0,2;94,76;94,76;1,8;1,61
4;StudentAttendanceSystem;pair;1639;23;41;33;187;100;0,35;0,19;1,23;0,34;95,76;95,76;2,9;2,11
4;StudentAttendanceSystem;state;1640;20;36;8;40;100;0,4;0,41;0;0,07;96,76;96,76;1,01;0,88
4;StudentAttendanceSystem;transition;1640;20;36;13;36;100;0,35;0,73;0;0,21;96,76;97,76;1,48;1,3
4;StudentAttendanceSystem;pair;1640;20;36;32;165;100;0,32;0,2;1,27;0,25;97,76;98,76;2,73;2,04
4;StudentAttendanceSystem;state;1641;24;43;9;48;100;0,39;0,45;0;0,08;98,76;98,76;1,06;0,92
4;StudentAttendanceSystem;transition;1641;24;43;15;42;100;0,36;0,92;0;0,13;99,76;99,76;1,57;1,41
4;StudentAttendanceSystem;pair;1641;24;43;36;200;100;0,49;0,24;1,31;0,2;100,76;100,76;2,87;2,24
4;StudentAttendanceSystem;state;1642;20;37;8;43;100;0,37;0,47;0;0,08;101,76;101,76;1,06;0,92
4;StudentAttendanceSystem;transition;1642;20;37;13;37;100;0,37;0,86;0;0,18;101,76;102,76;1,59;1,41
4;StudentAttendanceSystem;pair;1642;20;37;32;178;100;0,35;0,19;1,02;0,28;102,76;103,76;2,5;1,84
4;StudentAttendanceSystem;state;1643;28;53;12;64;100;0,51;0,54;0;0,13;103,76;103,76;1,31;1,18
4;StudentAttendanceSystem;transition;1643;28;53;19;52;100;0,54;1,17;0;0,19;104,76;104,76;2,09;1,91
4;StudentAttendanceSystem;pair;1643;28;53;43;239;100;0,44;0,31;1,9;0,42;105,76;106,76;3,94;3,08
4;StudentAttendanceSystem;state;1644;27;55;12;67;100;0,46;0,61;0;0,15;106,76;106,76;1,37;1,21
4;StudentAttendanceSystem;transition;1644;27;55;17;55;100;0,37;0,74;0;0,12;107,76;107,76;1,36;1,23
4;StudentAttendanceSystem;pair;1644;27;55;51;295;100;0,3;0,28;1,53;0,33;109,76;109,76;3,41;2,44
4;StudentAttendanceSystem;state;1645;18;32;8;40;100;0,35;0,43;0;0,07;110,76;110,76;0,98;0,85
4;StudentAttendanceSystem;transition;1645;18;32;11;32;100;0,31;0,66;0;0,12;110,76;110,76;1,28;1,1
4;StudentAttendanceSystem;pair;1645;18;32;30;155;100;0,33;0,15;0,9;0,31;111,76;111,76;2,28;1,69
4;StudentAttendanceSystem;state;1646;29;58;12;68;100;0,48;0,6;0;0,12;112,76;112,76;1,32;1,19
4;StudentAttendanceSystem;transition;1646;29;58;19;57;100;0,44;1,3;0;0,23;113,76;113,76;2,16;1,98
4;StudentAttendanceSystem;pair;1646;29;58;49;291;100;0,48;0,34;2,25;0,52;114,76;115,76;4,55;3,58
4;StudentAttendanceSystem;state;1647;22;38;9;50;100;0,38;0,47;0;0,11;115,76;115,76;1,11;0,96
4;StudentAttendanceSystem;transition;1647;22;38;12;37;100;0,42;1,03;0;0,13;116,76;116,76;1,75;1,58
4;StudentAttendanceSystem;pair;1647;22;38;30;164;100;0,36;0,21;1,03;0,3;117,76;117,76;2,61;1,9
4;StudentAttendanceSystem;state;1648;19;31;7;34;100;0,33;0,34;0;0,2;118,76;118,76;1,01;0,86
4;StudentAttendanceSystem;transition;1648;19;31;11;30;100;0,33;0,7;0;0,1;118,76;118,76;1,28;1,12
4;StudentAttendanceSystem;pair;1648;19;31;25;124;100;0,35;0,15;0,74;0,19;119,76;119,76;2;1,43
4;StudentAttendanceSystem;state;1649;21;37;8;43;100;0,4;0,39;0;0,09;120,76;120,76;1,01;0,88
4;StudentAttendanceSystem;transition;1649;21;37;12;36;100;0,34;0,81;0;0,17;120,76;120,76;1,48;1,32
4;StudentAttendanceSystem;pair;1649;21;37;30;171;100;0,37;0,27;1,18;0,23;121,76;121,76;2,71;2,05
4;StudentAttendanceSystem;state;1650;19;32;7;37;100;0,36;0,37;0;0,06;122,76;122,76;0,9;0,79
4;StudentAttendanceSystem;transition;1650;19;32;11;31;100;0,31;0,72;0;0,08;122,76;123,76;1,26;1,11
4;StudentAttendanceSystem;pair;1650;19;32;27;145;100;0,25;0,14;0,86;0,3;123,76;124,76;2,12;1,55
4;StudentAttendanceSystem;state;1651;25;45;10;55;100;0,39;0,48;0;0,13;124,76;124,76;1,12;0,99
4;StudentAttendanceSystem;transition;1651;25;45;15;44;100;0,38;0,93;0;0,16;125,76;125,76;1,61;1,46
4;StudentAttendanceSystem;pair;1651;25;45;41;221;100;0,4;0,2;1,49;0,35;126,76;126,76;3,18;2,45
4;StudentAttendanceSystem;state;1652;22;40;9;46;100;0,4;0,47;0;0,09;127,76;127,76;1,1;0,97
4;StudentAttendanceSystem;transition;1652;22;40;14;39;100;0,36;0,87;0;0,14;128,76;128,76;1,55;1,37
4;StudentAttendanceSystem;pair;1652;22;40;33;187;100;0,37;0,19;1,38;0,39;129,76;129,76;3,04;2,33
4;StudentAttendanceSystem;state;1653;24;47;11;62;100;0,43;0,6;0;0,14;129,76;129,76;1,33;1,16
4;StudentAttendanceSystem;transition;1653;24;47;14;47;100;0,52;1,26;0;0,15;130,76;130,76;2,1;1,93
4;StudentAttendanceSystem;pair;1653;24;47;44;256;100;0,45;0,29;1,83;0,4;131,76;132,76;3,81;2,96
4;StudentAttendanceSystem;state;1654;23;44;10;50;100;0,44;0,56;0;0,12;132,76;132,76;1,31;1,13
4;StudentAttendanceSystem;transition;1654;23;44;16;44;100;0,46;0,91;0;0,16;133,76;133,76;1,72;1,54
4;StudentAttendanceSystem;pair;1654;23;44;42;229;100;0,39;0,31;1,68;0,38;134,76;135,76;3,52;2,76
4;StudentAttendanceSystem;state;1655;27;52;12;68;100;0,45;0,55;0;0,14;135,76;135,76;1,28;1,14
4;StudentAttendanceSystem;transition;1655;27;52;16;51;100;0,44;1,09;0;0,22;136,76;136,76;1,93;1,75
4;StudentAttendanceSystem;pair;1655;27;52;48;280;100;0,45;0,31;1,81;0,31;137,76;138,76;3,66;2,87
4;StudentAttendanceSystem;state;1656;22;38;8;42;100;0,33;0,28;0;0,05;138,76;138,76;0,75;0,66
4;StudentAttendanceSystem;transition;1656;22;38;14;37;100;0,27;0,81;0;0,15;139,76;139,76;1,37;1,23
4;StudentAttendanceSystem;pair;1656;22;38;33;172;100;0,42;0,21;1,3;0,32;140,76;140,76;2,99;2,25
4;StudentAttendanceSystem;state;1657;22;42;9;45;100;0,4;0,49;0;0,08;141,76;141,76;1,1;0,97
4;StudentAttendanceSystem;transition;1657;22;42;15;42;100;0,41;1,07;0;0,14;141,76;141,76;1,8;1,62
4;StudentAttendanceSystem;pair;1657;22;42;42;226;100;0,41;0,27;1,35;0,33;143,76;143,76;3,17;2,37
4;StudentAttendanceSystem;state;1658;29;57;12;67;100;0,55;0,8;0;0,13;143,76;143,76;1,66;1,48
4;StudentAttendanceSystem;transition;1658;29;57;20;56;100;0,45;1,32;0;0,22;144,76;144,76;2,17;1,99
4;StudentAttendanceSystem;pair;1658;29;57;52;296;100;0,47;0,34;1,96;0,32;146,76;146,76;3,96;3,09
4;StudentAttendanceSystem;state;1659;18;28;6;31;100;0,32;0,35;0;0,05;147,76;147,76;0,83;0,72
4;StudentAttendanceSystem;transition;1659;18;28;9;27;100;0,31;0,57;0;0,08;147,76;147,76;1,08;0,96
4;StudentAttendanceSystem;pair;1659;18;28;26;125;100;0,25;0,09;0,56;0,14;148,76;148,76;1,38;1,04
4;StudentAttendanceSystem;state;1660;19;36;8;39;100;0,22;0,3;0;0,04;149,76;149,76;0,65;0,57
4;StudentAttendanceSystem;transition;1660;19;36;13;36;100;0,2;0,58;0;0,11;149,76;149,76;1,03;0,9
4;StudentAttendanceSystem;pair;1660;19;36;30;165;100;0,38;0,16;0,98;0,24;150,76;151,76;2,35;1,76
4;StudentAttendanceSystem;state;1661;24;42;10;56;100;0,39;0,51;0;0,12;151,76;151,76;1,2;1,03
4;StudentAttendanceSystem;transition;1661;24;42;14;41;100;0,36;0,67;0;0,1;152,76;152,76;1,26;1,13
4;StudentAttendanceSystem;pair;1661;24;42;32;174;100;0,24;0,18;1,13;0,28;153,76;153,76;2,33;1,83
4;StudentAttendanceSystem;state;1662;19;33;7;36;100;0,22;0,23;0;0,04;153,76;153,76;0,57;0,5
4;StudentAttendanceSystem;transition;1662;19;33;12;32;100;0,37;0,81;0;0,13;5,75;5,75;1,51;1,31
4;StudentAttendanceSystem;pair;1662;19;33;29;147;100;0,36;0,16;1,05;0,22;6,75;6,75;2,41;1,79
4;StudentAttendanceSystem;state;1663;22;42;8;43;100;0,42;0,46;0;0,07;7,75;7,75;1,08;0,96
4;StudentAttendanceSystem;transition;1663;22;42;14;42;100;0,35;0,85;0;0,15;7,75;7,75;1,53;1,35
4;StudentAttendanceSystem;pair;1663;22;42;36;210;100;0,37;0,2;1,34;0,21;8,75;9,75;2,79;2,13
4;StudentAttendanceSystem;state;1664;22;42;10;56;100;0,35;0,47;0;0,09;9,75;9,75;1,08;0,91
4;StudentAttendanceSystem;transition;1664;22;42;13;42;100;0,4;0,85;0;0,14;10,75;10,75;1,54;1,38
4;StudentAttendanceSystem;pair;1664;22;42;40;224;100;0,37;0,21;1,34;0,32;11,75;11,75;2,92;2,24
4;StudentAttendanceSystem;state;1665;22;43;8;43;100;0,37;0,43;0;0,08;12,75;12,75;0,99;0,88
4;StudentAttendanceSystem;transition;1665;22;43;15;43;100;0,37;0,93;0;0,15;13,75;13,75;1,6;1,45
4;StudentAttendanceSystem;pair;1665;22;43;39;221;100;0,36;0,21;1,31;0,22;14,75;14,75;2,72;2,1
4;StudentAttendanceSystem;state;1666;27;53;11;60;100;0,47;0,54;0;0,1;15,75;15,75;1,22;1,1
4;StudentAttendanceSystem;transition;1666;27;53;17;52;100;0,43;0,73;0;0,14;15,75;16,75;1,46;1,3
4;StudentAttendanceSystem;pair;1666;27;53;52;296;100;0,45;0,33;2,03;0,46;17,75;17,75;4,18;3,27
4;StudentAttendanceSystem;state;1667;22;43;8;43;100;0,42;0,48;0;0,06;18,75;18,75;1,08;0,95
4;StudentAttendanceSystem;transition;1667;22;43;15;43;100;0,25;0,75;0;0,16;19,75;19,75;1,33;1,16
4;StudentAttendanceSystem;pair;1667;22;43;39;225;100;0,37;0,21;1,44;0,23;20,75;20,75;2,94;2,25
4;StudentAttendanceSystem;state;1668;24;44;9;48;100;0,39;0,45;0;0,08;21,75;21,75;1,05;0,93
4;StudentAttendanceSystem;transition;1668;24;44;16;43;100;0,37;0,76;0;0,12;21,75;21,75;1,37;1,25
4;StudentAttendanceSystem;pair;1668;24;44;39;215;100;0,38;0,21;1,31;0,31;23,75;23,75;2,89;2,22
4;StudentAttendanceSystem;state;1669;22;38;9;46;100;0,4;0,41;0;0,07;23,75;23,75;0,99;0,88
4;StudentAttendanceSystem;transition;1669;22;38;14;37;100;0,38;0,74;0;0,1;24,75;24,75;1,35;1,22
4;StudentAttendanceSystem;pair;1669;22;38;27;146;100;0,29;0,18;0,73;0,15;25,75;25,75;1,94;1,34
4;StudentAttendanceSystem;state;1670;21;38;8;42;100;0,42;0,42;0;0,07;26,75;26,75;1,06;0,91
4;StudentAttendanceSystem;transition;1670;21;38;13;38;100;0,34;0,66;0;0,09;26,75;26,75;1,21;1,09
4;StudentAttendanceSystem;pair;1670;21;38;32;176;100;0,27;0,14;0,92;0,18;27,75;28,75;1,97;1,51
4;StudentAttendanceSystem;state;1671;19;38;8;41;100;0,33;0,42;0;0,08;28,75;28,75;0,94;0,83
4;StudentAttendanceSystem;transition;1671;19;38;13;38;100;0,34;0,78;0;0,18;29,75;29,75;1,45;1,29
4;StudentAttendanceSystem;pair;1671;19;38;36;204;100;0,34;0,18;1,21;0,29;30,75;30,75;2,62;2,01
4;StudentAttendanceSystem;state;1672;24;44;9;48;100;0,37;0,56;0;0,09;30,75;31,75;1,14;1,02
4;StudentAttendanceSystem;transition;1672;24;44;15;43;100;0,39;1,02;0;0,18;31,75;31,75;1,76;1,59
4;StudentAttendanceSystem;pair;1672;24;44;42;230;100;0,4;0,28;1,45;0,35;32,75;33,75;3,22;2,48
4;StudentAttendanceSystem;state;1673;25;44;10;55;100;0,4;0,47;0;0,09;33,75;33,75;1,07;0,95
4;StudentAttendanceSystem;transition;1673;25;44;14;43;100;0,37;0,66;0;0,14;34,75;34,75;1,3;1,17
4;StudentAttendanceSystem;pair;1673;25;44;38;206;100;0,38;0,23;1,3;0,31;35,75;36,75;2,95;2,22
4;StudentAttendanceSystem;state;1674;19;36;7;36;100;0,32;0,3;0;0,04;36,75;36,75;0,76;0,67
4;StudentAttendanceSystem;transition;1674;19;36;12;36;100;0,21;1,27;0;0,11;37,75;37,75;1,73;1,59
4;StudentAttendanceSystem;pair;1674;19;36;38;202;100;0,34;0,17;1,27;0,19;38,75;38,75;2,5;1,97
4;StudentAttendanceSystem;state;1675;20;34;7;36;100;0,34;0,3;0;0,06;38,75;38,75;0,81;0,7
4;StudentAttendanceSystem;transition;1675;20;34;11;33;100;0,34;0,67;0;0,1;39,75;39,75;1,25;1,1
4;StudentAttendanceSystem;pair;1675;20;34;32;168;100;0,35;0,16;1,12;0,26;40,75;40,75;2,44;1,89
4;StudentAttendanceSystem;state;1676;28;58;13;72;100;0,45;0,7;0;0,14;41,75;41,75;1,47;1,29
4;StudentAttendanceSystem;transition;1676;28;58;19;58;100;0,46;1,23;0;0,26;42,75;42,75;2,15;1,94
4;StudentAttendanceSystem;pair;1676;28;58;57;323;100;0,47;0,42;2,17;0,36;43,75;44,75;4,28;3,42
4;StudentAttendanceSystem;state;1677;24;48;11;59;100;0,46;0,51;0;0,1;44,75;44,75;1,21;1,08
4;StudentAttendanceSystem;transition;1677;24;48;16;48;100;0,4;0,92;0;0,2;45,75;45,75;1,67;1,52
4;StudentAttendanceSystem;pair;1677;24;48;42;244;100;0,39;0,2;1,88;0,39;46,75;47,75;3,65;2,85
4;StudentAttendanceSystem;state;1678;21;42;8;42;100;0,41;0,44;0;0,07;47,75;47,75;1,03;0,92
4;StudentAttendanceSystem;transition;1678;21;42;14;42;100;0,35;0,89;0;0,14;48,75;48,75;1,57;1,39
4;StudentAttendanceSystem;pair;1678;21;42;45;249;100;0,38;0,22;1,59;0,41;49,75;49,75;3,43;2,6
4;StudentAttendanceSystem;state;1679;24;44;9;49;100;0,41;0,46;0;0,07;50,75;50,75;1,08;0,94
4;StudentAttendanceSystem;transition;1679;24;44;15;43;100;0,45;1,07;0;0,18;51,75;51,75;1,89;1,7
4;StudentAttendanceSystem;pair;1679;24;44;41;228;100;0,4;0,2;1,54;0,39;52,75;52,75;3,41;2,53
4;StudentAttendanceSystem;state;1680;20;35;7;36;100;0,34;0,45;0;0,08;53,75;53,75;1,01;0,87
4;StudentAttendanceSystem;transition;1680;20;35;12;34;100;0,33;0,8;0;0,12;53,75;53,75;1,41;1,25
4;StudentAttendanceSystem;pair;1680;20;35;34;176;100;0,38;0,16;1,19;0,29;54,75;54,75;2,63;2,02
4;StudentAttendanceSystem;state;1681;19;35;7;36;100;0,34;0,41;0;0,07;55,75;55,75;0,95;0,81
4;StudentAttendanceSystem;transition;1681;19;35;11;35;100;0,32;0,66;0;0,11;55,75;55,75;1,25;1,09
4;StudentAttendanceSystem;pair;1681;19;35;35;191;100;0,37;0,18;1,08;0,27;56,75;57,75;2,54;1,9
4;StudentAttendanceSystem;state;1682;24;48;11;59;100;0,41;0,5;0;0,13;57,75;57,75;1,18;1,04
4;StudentAttendanceSystem;transition;1682;24;48;16;48;100;0,43;0,9;0;0,17;58,75;58,75;1,66;1,5
4;StudentAttendanceSystem;pair;1682;24;48;42;244;100;0,41;0,22;1,29;0,39;59,75;60,75;3,07;2,31
4;StudentAttendanceSystem;state;1683;23;41;9;48;100;0,36;0,5;0;0,09;60,75;60,75;1,08;0,94
4;StudentAttendanceSystem;transition;1683;23;41;13;40;100;0,37;0,86;0;0,13;61,75;61,75;1,52;1,36
4;StudentAttendanceSystem;pair;1683;23;41;37;197;100;0,35;0,2;1,01;0,28;62,75;62,75;2,49;1,85
4;StudentAttendanceSystem;state;1684;27;54;12;63;100;0,35;0,66;0;0,12;63,75;63,75;1,24;1,12
4;StudentAttendanceSystem;transition;1684;27;54;19;53;100;0,41;1,11;0;0,19;64,75;64,75;1,89;1,72
4;StudentAttendanceSystem;pair;1684;27;54;48;274;100;0,38;0,33;1,94;0,41;65,75;65,75;3,89;3,05
4;StudentAttendanceSystem;state;1685;20;37;8;39;100;0,37;0,46;0;0,08;66,75;66,75;1,05;0,9
4;StudentAttendanceSystem;transition;1685;20;37;15;37;100;0,24;0,54;0;0,1;67,75;67,75;1;0,88
4;StudentAttendanceSystem;pair;1685;20;37;33;165;100;0,33;0,16;0,94;0,27;68,75;68,75;2,35;1,69
4;StudentAttendanceSystem;state;1686;16;27;6;30;100;0,3;0,31;0;0,04;68,75;68,75;0,77;0,66
4;StudentAttendanceSystem;transition;1686;16;27;9;27;100;0,26;0,67;0;0,09;69,75;69,75;1,17;1,02
4;StudentAttendanceSystem;pair;1686;16;27;22;112;100;0,28;0,11;0,59;0,1;69,75;70,75;1,53;1,09
4;StudentAttendanceSystem;state;1687;23;41;9;45;100;0,25;0,29;0;0,05;70,75;70,75;0,67;0,59
4;StudentAttendanceSystem;transition;1687;23;41;16;40;100;0,22;0,59;0;0,15;71,75;71,75;1,11;0,97
4;StudentAttendanceSystem;pair;1687;23;41;34;177;100;0,35;0,18;0,98;0,18;72,75;72,75;2,24;1,68
4;StudentAttendanceSystem;state;1688;18;30;7;37;100;0,19;0,23;0;0,04;73,75;73,75;0,53;0,46
4;StudentAttendanceSystem;transition;1688;18;30;10;30;100;0,18;0,45;0;0,06;73,75;73,75;0,77;0,69
4;StudentAttendanceSystem;pair;1688;18;30;22;116;100;0,23;0,13;0,65;0,16;74,75;74,75;1,67;1,16
4;StudentAttendanceSystem;state;1689;27;53;12;68;100;0,43;0,57;0;0,09;75,75;75,75;1,2;1,09
4;StudentAttendanceSystem;transition;1689;27;53;17;52;100;0,29;1,13;0;0,24;75,75;76,75;1,84;1,66
4;StudentAttendanceSystem;pair;1689;27;53;51;295;100;0,48;0,33;2,1;0,49;77,75;77,75;4,34;3,4
4;StudentAttendanceSystem;state;1690;20;34;8;43;100;0,37;0,39;0;0,07;78,75;78,75;0,95;0,82
4;StudentAttendanceSystem;transition;1690;20;34;11;33;100;0,34;0,77;0;0,14;78,75;78,75;1,42;1,25
4;StudentAttendanceSystem;pair;1690;20;34;30;164;100;0,33;0,17;0,96;0,35;79,75;80,75;2,35;1,8
4;StudentAttendanceSystem;state;1691;26;53;11;61;100;0,47;0,58;0;0,11;80,75;80,75;1,3;1,16
4;StudentAttendanceSystem;transition;1691;26;53;19;53;100;0,42;1,01;0;0,23;81,75;81,75;1,83;1,66
4;StudentAttendanceSystem;pair;1691;26;53;51;283;100;0,39;0,29;2;0,47;82,75;83,75;4;3,15
4;StudentAttendanceSystem;state;1692;24;45;10;54;100;0,41;0,48;0;0,12;83,75;83,75;1,14;1,01
4;StudentAttendanceSystem;transition;1692;24;45;15;44;100;0,39;0,93;0;0,24;84,75;84,75;1,73;1,55
4;StudentAttendanceSystem;pair;1692;24;45;38;212;100;0,43;0,22;1,39;0,33;85,75;86,75;3,19;2,38
4;StudentAttendanceSystem;state;1693;22;40;8;42;100;0,37;0,47;0;0,08;86,75;86,75;1,04;0,91
4;StudentAttendanceSystem;transition;1693;22;40;13;39;100;0,34;0,85;0;0,14;87,75;87,75;1,49;1,33
4;StudentAttendanceSystem;pair;1693;22;40;39;215;100;0,33;0,21;1,47;0,31;88,75;88,75;3,01;2,33
4;StudentAttendanceSystem;state;1694;14;22;5;23;100;0,27;0,29;0;0,04;89,75;89,75;0,72;0,6
4;StudentAttendanceSystem;transition;1694;14;22;7;22;100;0,16;0,29;0;0,04;89,75;89,75;0,56;0,49
4;StudentAttendanceSystem;pair;1694;14;22;22;99;100;0,15;0,07;0,42;0,09;90,75;90,75;0,99;0,73
4;StudentAttendanceSystem;state;1695;20;35;7;37;100;0,22;0,24;0;0,04;90,75;90,75;0,57;0,49
4;StudentAttendanceSystem;transition;1695;20;35;12;34;100;0,2;0,7;0;0,11;91,75;91,75;1,15;1,02
4;StudentAttendanceSystem;pair;1695;20;35;35;179;100;0,32;0,16;1,14;0,27;92,75;92,75;2,5;1,89
4;StudentAttendanceSystem;state;1696;25;46;11;62;100;0,43;0,5;0;0,1;93,75;93,75;1,14;1,02
4;StudentAttendanceSystem;transition;1696;25;46;14;45;100;0,39;0,96;0;0,11;93,75;93,75;1,6;1,47
4;StudentAttendanceSystem;pair;1696;25;46;41;233;100;0,41;0,21;1,38;0,34;95,75;95,75;3,09;2,35
4;StudentAttendanceSystem;state;1697;19;35;8;40;100;0,37;0,39;0;0,06;95,75;95,75;0,94;0,82
4;StudentAttendanceSystem;transition;1697;19;35;12;35;100;0,36;0,76;0;0,12;96,75;96,75;1,41;1,24
4;StudentAttendanceSystem;pair;1697;19;35;30;165;100;0,39;0,19;0,97;0,23;97,75;97,75;2,37;1,78
4;StudentAttendanceSystem;state;1698;26;51;11;61;100;0,43;0,53;0;0,11;98,75;98,75;1,19;1,06
4;StudentAttendanceSystem;transition;1698;26;51;17;51;100;0,42;1,1;0;0,18;99,75;99,75;1,86;1,7
4;StudentAttendanceSystem;pair;1698;26;51;45;257;100;0,43;0,26;1,68;0,38;100,75;100,75;3,54;2,75
4;StudentAttendanceSystem;state;1699;26;53;11;62;100;0,51;0,59;0;0,11;101,75;101,75;1,34;1,21
4;StudentAttendanceSystem;transition;1699;26;53;17;53;100;0,44;1,32;0;0,36;102,75;102,75;2,29;2,12
4;StudentAttendanceSystem;pair;1699;26;53;45;263;100;0,38;0,22;2,03;0,41;103,75;103,75;3,73;3,03
4;StudentAttendanceSystem;state;1700;26;51;10;52;100;0,48;0,46;0;0,1;104,75;104,75;1,17;1,04
4;StudentAttendanceSystem;transition;1700;26;51;19;50;100;0,4;1,08;0;0,19;105,75;105,75;1,83;1,67
4;StudentAttendanceSystem;pair;1700;26;51;44;249;100;0,41;0,27;1,7;0,4;106,75;107,75;3,68;2,78
4;StudentAttendanceSystem;state;1701;19;35;8;43;100;0,36;0,33;0;0,06;107,75;107,75;0,88;0,75
4;StudentAttendanceSystem;transition;1701;19;35;11;35;100;0,31;0,66;0;0,1;108,75;108,75;1,19;1,07
4;StudentAttendanceSystem;pair;1701;19;35;34;176;100;0,31;0,17;1,01;0,24;109,75;109,75;2,36;1,74
4;StudentAttendanceSystem;state;1702;24;44;10;56;100;0,4;0,37;0;0,07;109,75;109,75;0,94;0,84
4;StudentAttendanceSystem;transition;1702;24;44;14;43;100;0,44;0,93;0;0,15;110,75;110,75;1,67;1,53
4;StudentAttendanceSystem;pair;1702;24;44;37;211;100;0,38;0,2;1,12;0,22;111,75;112,75;2,57;1,92
4;StudentAttendanceSystem;state;1703;22;43;9;45;100;0,38;0,5;0;0,08;112,75;112,75;1,08;0,96
4;StudentAttendanceSystem;transition;1703;22;43;17;43;100;0,37;0,88;0;0,11;113,75;113,75;1,5;1,36
4;StudentAttendanceSystem;pair;1703;22;43;39;207;100;0,44;0,16;1,4;0,31;114,75;114,75;3;2,3
4;StudentAttendanceSystem;state;1704;24;49;10;54;100;0,39;0,58;0;0,1;115,75;115,75;1,21;1,07
4;StudentAttendanceSystem;transition;1704;24;49;16;49;100;0,44;0,88;0;0,16;115,75;116,75;1,63;1,48
4;StudentAttendanceSystem;pair;1704;24;49;51;283;100;0,41;0,26;1,84;0,38;117,75;117,75;3,62;2,88
4;StudentAttendanceSystem;state;1705;18;32;7;37;100;0,24;0,24;0;0,04;118,75;118,75;0,59;0,51
4;StudentAttendanceSystem;transition;1705;18;32;10;32;100;0,2;0,46;0;0,09;118,75;118,75;0,86;0,75
4;StudentAttendanceSystem;pair;1705;18;32;27;153;100;0,33;0,14;0,77;0,2;119,75;119,75;2,02;1,45
4;StudentAttendanceSystem;state;1706;26;53;11;61;100;0,34;0,35;0;0,09;120,75;120,75;0,87;0,78
4;StudentAttendanceSystem;transition;1706;26;53;19;53;100;0,47;1,13;0;0,19;121,75;121,75;1,96;1,79
4;StudentAttendanceSystem;pair;1706;26;53;51;283;100;0,45;0,23;1,83;0,44;122,75;123,75;3,63;2,95
4;StudentAttendanceSystem;state;1707;24;44;9;49;100;0,42;0,34;0;0,06;123,75;123,75;0,93;0,82
4;StudentAttendanceSystem;transition;1707;24;44;15;43;100;0,27;0,98;0;0,18;124,75;124,75;1,59;1,43
4;StudentAttendanceSystem;pair;1707;24;44;42;230;100;0,35;0,2;1,47;0,34;125,75;125,75;3,03;2,36
4;StudentAttendanceSystem;state;1708;18;35;8;38;100;0,35;0,38;0;0,06;126,75;126,75;0,92;0,8
4;StudentAttendanceSystem;transition;1708;18;35;13;35;100;0,34;0,64;0;0,13;126,75;127,75;1,26;1,11
4;StudentAttendanceSystem;pair;1708;18;35;32;169;100;0,31;0,23;1,01;0,24;127,75;128,75;2,38;1,8
4;StudentAttendanceSystem;state;1709;18;33;7;36;100;0,33;0,39;0;0,05;128,75;128,75;0,88;0,77
4;StudentAttendanceSystem;transition;1709;18;33;11;33;100;0,31;0,65;0;0,1;129,75;129,75;1,19;1,06
4;StudentAttendanceSystem;pair;1709;18;33;29;159;100;0,31;0,16;0,9;0,23;130,75;130,75;2,16;1,61
4;StudentAttendanceSystem;state;1710;20;32;7;36;100;0,32;0,35;0;0,05;130,75;130,75;0,83;0,73
4;StudentAttendanceSystem;transition;1710;20;32;12;31;100;0,34;0,67;0;0,11;131,75;131,75;1,24;1,11
4;StudentAttendanceSystem;pair;1710;20;32;26;121;100;0,34;0,13;0,71;0,12;132,75;132,75;1,78;1,29
4;StudentAttendanceSystem;state;1711;24;45;10;56;100;0,36;0,5;0;0,09;132,75;132,75;1,05;0,94
4;StudentAttendanceSystem;transition;1711;24;45;15;44;100;0,38;0,98;0;0,14;133,75;133,75;1,64;1,51
4;StudentAttendanceSystem;pair;1711;24;45;40;226;100;0,4;0,21;1,37;0,33;134,75;135,75;3,01;2,31
4;StudentAttendanceSystem;state;1712;22;43;8;43;100;0,25;0,37;0;0,07;135,75;135,75;0,78;0,68
4;StudentAttendanceSystem;transition;1712;22;43;15;43;100;0,35;0,88;0;0,16;136,75;136,75;1,53;1,39
4;StudentAttendanceSystem;pair;1712;22;43;38;220;100;0,35;0,2;1,39;0,33;137,75;137,75;2,99;2,27
4;StudentAttendanceSystem;state;1713;25;47;10;51;100;0,51;0,5;0;0,1;138,75;138,75;1,27;1,11
4;StudentAttendanceSystem;transition;1713;25;47;18;46;100;0,46;1,17;0;0,18;139,75;139,75;1,98;1,8
4;StudentAttendanceSystem;pair;1713;25;47;40;220;100;0,44;0,23;1,48;0,39;140,75;140,75;3,31;2,55
4;StudentAttendanceSystem;state;1714;29;58;12;68;100;0,52;0,64;0;0,15;141,75;141,75;1,46;1,3
4;StudentAttendanceSystem;transition;1714;29;58;19;57;100;0,49;1,35;0;0,25;142,75;142,75;2,3;2,09
4;StudentAttendanceSystem;pair;1714;29;58;49;287;100;0,47;0,3;1,97;0,51;143,75;144,75;4,09;3,25
4;StudentAttendanceSystem;state;1715;24;44;10;51;100;0,39;0,47;0;0,07;144,75;144,75;1,03;0,93
4;StudentAttendanceSystem;transition;1715;24;44;15;43;100;0,24;0,6;0;0,1;145,75;145,75;1,04;0,95
4;StudentAttendanceSystem;pair;1715;24;44;39;207;100;0,24;0,25;1,34;0,25;146,75;146,75;2,82;2,08
4;StudentAttendanceSystem;state;1716;23;45;8;43;100;0,41;0,44;0;0,09;147,75;147,75;1,08;0,94
4;StudentAttendanceSystem;transition;1716;23;45;15;44;100;0,47;0,99;0;0,18;148,75;148,75;1,81;1,64
4;StudentAttendanceSystem;pair;1716;23;45;46;260;100;0,5;0,27;2;0,45;149,75;149,75;4,01;3,21
4;StudentAttendanceSystem;state;1717;19;33;7;37;100;0,34;0,38;0;0,06;150,75;150,75;0,89;0,78
4;StudentAttendanceSystem;transition;1717;19;33;12;32;100;0,35;0,74;0;0,11;150,75;150,75;1,36;1,2
4;StudentAttendanceSystem;pair;1717;19;33;28;144;100;0,32;0,17;0,88;0,22;151,75;151,75;2,2;1,59
4;StudentAttendanceSystem;state;1718;30;61;13;73;100;0,55;0,6;0;0,12;152,75;152,75;1,4;1,27
4;StudentAttendanceSystem;transition;1718;30;61;21;60;100;0,45;1,27;0;0,24;153,75;153,75;2,13;1,96
4;StudentAttendanceSystem;pair;1718;30;61;55;315;100;0,32;0,4;2,71;0,32;154,85;6,85;6,82;3,74
4;StudentAttendanceSystem;state;1719;18;30;7;37;100;0,4;0,42;0;0,09;6,85;7,85;1,07;0,91
4;StudentAttendanceSystem;transition;1719;18;30;10;30;100;0,38;0,78;0;0,1;7,85;7,85;1,43;1,26
4;StudentAttendanceSystem;pair;1719;18;30;22;116;100;0,31;0,11;0,47;0,11;8,85;8,85;1,34;0,99
4;StudentAttendanceSystem;state;1720;20;35;8;40;100;0,35;0,39;0;0,06;8,85;8,85;0,96;0,8
4;StudentAttendanceSystem;transition;1720;20;35;13;34;100;0,32;0,77;0;0,09;9,85;9,85;1,3;1,18
4;StudentAttendanceSystem;pair;1720;20;35;30;157;100;0,21;0,12;0,67;0,22;10,85;10,85;1,65;1,22
4;StudentAttendanceSystem;state;1721;29;58;12;68;100;0,47;0,62;0;0,14;11,85;11,85;1,37;1,22
4;StudentAttendanceSystem;transition;1721;29;58;19;57;100;0,43;1,24;0;0,24;12,85;12,85;2,15;1,91
4;StudentAttendanceSystem;pair;1721;29;58;48;285;100;0,46;0,33;2,94;0,5;13,85;14,85;5,17;4,22
4;StudentAttendanceSystem;state;1722;19;37;8;39;100;0,35;0,4;0;0,07;14,85;14,85;0,95;0,82
4;StudentAttendanceSystem;transition;1722;19;37;14;37;100;0,35;0,88;0;0,13;15,85;15,85;1,58;1,37
4;StudentAttendanceSystem;pair;1722;19;37;34;180;100;0,4;0,2;1,12;0,25;16,85;16,85;2,62;1,97
4;StudentAttendanceSystem;state;1723;26;50;10;56;100;0,42;0,52;0;0,1;17,85;17,85;1,18;1,05
4;StudentAttendanceSystem;transition;1723;26;50;18;49;100;0,44;0,99;0;0,19;17,85;17,85;1,81;1,62
4;StudentAttendanceSystem;pair;1723;26;50;45;247;100;0,49;0,25;1,55;0,25;19,85;19,85;3,21;2,55
4;StudentAttendanceSystem;state;1724;20;34;8;43;100;0,3;0,44;0;0,07;20,85;20,85;0,96;0,81
4;StudentAttendanceSystem;transition;1724;20;34;11;33;100;0,3;0,7;0;0,13;20,85;20,85;1,28;1,13
4;StudentAttendanceSystem;pair;1724;20;34;32;171;100;0,41;0,2;1,16;0,23;21,85;21,85;2,71;2
4;StudentAttendanceSystem;state;1725;23;46;10;56;100;0,4;0,42;0;0,07;22,85;22,85;0,98;0,89
4;StudentAttendanceSystem;transition;1725;23;46;15;46;100;0,25;0,64;0;0,11;23,85;23,85;1,1;0,99
4;StudentAttendanceSystem;pair;1725;23;46;43;249;100;0,26;0,21;1,43;0,24;24,85;24,85;2,78;2,15
4;StudentAttendanceSystem;state;1726;19;36;8;39;100;0,22;0,25;0;0,04;25,85;25,85;0,58;0,51
4;StudentAttendanceSystem;transition;1726;19;36;13;36;100;0,19;0,48;0;0,08;25,85;25,85;0,84;0,75
4;StudentAttendanceSystem;pair;1726;19;36;32;171;100;0,21;0,13;0,76;0,17;26,85;27,85;1,69;1,27
4;StudentAttendanceSystem;state;1727;17;29;7;34;100;0,19;0,21;0;0,03;27,85;27,85;0,51;0,44
4;StudentAttendanceSystem;transition;1727;17;29;10;29;100;0,17;0,37;0;0,07;27,85;28,85;0,7;0,61
4;StudentAttendanceSystem;pair;1727;17;29;23;118;100;0,24;0,1;0,45;0,11;28,85;28,85;1,31;0,9
4;StudentAttendanceSystem;state;1728;26;48;11;58;100;0,33;0,46;0;0,08;29,85;29,85;0,97;0,86
4;StudentAttendanceSystem;transition;1728;26;48;18;47;100;0,27;0,98;0;0,21;30,85;30,85;1,63;1,45
4;StudentAttendanceSystem;pair;1728;26;48;39;207;100;0,4;0,23;1,44;0,32;31,85;31,85;3,09;2,39
4;StudentAttendanceSystem;state;1729;22;40;9;47;100;0,4;0,28;0;0,05;32,85;32,85;0,83;0,73
4;StudentAttendanceSystem;transition;1729;22;40;13;40;100;0,39;0,75;0;0,09;32,85;32,85;1,36;1,24
4;StudentAttendanceSystem;pair;1729;22;40;38;208;100;0,24;0,15;0,91;0,23;34,85;34,85;1,96;1,53
4;StudentAttendanceSystem;state;1730;20;31;7;37;100;0,32;0,39;0;0,06;34,85;34,85;0,88;0,76
4;StudentAttendanceSystem;transition;1730;20;31;10;30;100;0,33;0,68;0;0,09;35,85;35,85;1,24;1,1
4;StudentAttendanceSystem;pair;1730;20;31;25;123;100;0,3;0,13;0,74;0,17;36,85;36,85;1,85;1,35
4;StudentAttendanceSystem;state;1731;28;54;12;66;100;0,45;0,39;0;0,11;36,85;36,85;1,09;0,96
4;StudentAttendanceSystem;transition;1731;28;54;19;53;100;0,3;1,11;0;0,33;37,85;37,85;1,94;1,74
4;StudentAttendanceSystem;pair;1731;28;54;54;292;100;0,55;0,3;2,01;0,5;39,85;39,85;4,23;3,36
4;StudentAttendanceSystem;state;1732;18;33;8;41;100;0,33;0,38;0;0,06;40,85;40,85;0,92;0,77
4;StudentAttendanceSystem;transition;1732;18;33;11;33;100;0,32;0,67;0;0,11;40,85;40,85;1,27;1,11
4;StudentAttendanceSystem;pair;1732;18;33;28;144;100;0,36;0,14;0,79;0,26;41,85;41,85;2,15;1,56
4;StudentAttendanceSystem;state;1733;21;41;9;44;100;0,37;0,46;0;0,09;42,85;42,85;1,05;0,91
4;StudentAttendanceSystem;transition;1733;21;41;16;41;100;0,41;0,73;0;0,11;42,85;43,85;1,38;1,25
4;StudentAttendanceSystem;pair;1733;21;41;37;199;100;0,24;0,19;1,19;0,28;44,85;44,85;2,61;1,89
4;StudentAttendanceSystem;state;1734;26;46;11;60;100;0,42;0,56;0;0,12;44,85;44,85;1,23;1,1
4;StudentAttendanceSystem;transition;1734;26;46;15;45;100;0,41;0,99;0;0,18;45,85;45,85;1,75;1,58
4;StudentAttendanceSystem;pair;1734;26;46;40;214;100;0,45;0,21;1,53;0,44;46,85;47,85;3,42;2,63
4;StudentAttendanceSystem;state;1735;23;45;8;43;100;0,52;0,58;0;0,1;47,85;47,85;1,34;1,2
4;StudentAttendanceSystem;transition;1735;23;45;15;44;100;0,85;0,96;0;0,17;48,85;48,85;2,15;1,98
4;StudentAttendanceSystem;pair;1735;23;45;46;260;100;0,37;0,22;1,69;0,39;49,85;50,85;3,39;2,67
4;StudentAttendanceSystem;state;1736;19;32;7;37;100;0,32;0,41;0;0,05;50,85;50,85;0,87;0,78
4;StudentAttendanceSystem;transition;1736;19;32;10;32;100;0,2;0,43;0;0,06;51,85;51,85;0,78;0,7
4;StudentAttendanceSystem;pair;1736;19;32;28;148;100;0,31;0,11;0,59;0,14;51,85;52,85;1,65;1,15
4;StudentAttendanceSystem;state;1737;27;54;12;67;100;0,28;0,36;0;0,07;52,85;52,85;0,79;0,71
4;StudentAttendanceSystem;transition;1737;27;54;16;54;100;0,32;0,98;0;0,18;53,85;53,85;1,64;1,48
4;StudentAttendanceSystem;pair;1737;27;54;48;284;100;0,29;0,22;1,44;0,33;54,85;55,85;2,91;2,28
4;StudentAttendanceSystem;state;1738;25;44;10;55;100;0,26;0,3;0;0,06;55,85;56,85;0,71;0,63
4;StudentAttendanceSystem;transition;1738;25;44;14;43;100;0,26;0,7;0;0,1;56,85;56,85;1,2;1,07
4;StudentAttendanceSystem;pair;1738;25;44;37;201;100;0,25;0,15;0,93;0,2;57,85;58,85;1,99;1,53
4;StudentAttendanceSystem;state;1739;26;50;11;56;100;0,34;0,5;0;0,09;58,85;58,85;1,05;0,93
4;StudentAttendanceSystem;transition;1739;26;50;19;49;100;0,37;1,11;0;0,21;59,85;59,85;1,89;1,69
4;StudentAttendanceSystem;pair;1739;26;50;50;268;100;0,39;0,29;1,35;0,39;60,85;61,85;3,13;2,42
4;StudentAttendanceSystem;state;1740;22;37;8;43;100;0,42;0,54;0;0,1;61,85;61,85;1,21;1,06
4;StudentAttendanceSystem;transition;1740;22;37;12;36;100;0,31;0,68;0;0,13;62,85;62,85;1,28;1,12
4;StudentAttendanceSystem;pair;1740;22;37;32;172;100;0,35;0,12;0,84;0,17;63,85;63,85;2,01;1,48
4;StudentAttendanceSystem;state;1741;23;42;9;46;100;0,29;0,29;0;0,05;64,85;64,85;0,72;0,64
4;StudentAttendanceSystem;transition;1741;23;42;16;41;100;0,35;0,85;0;0,12;64,85;64,85;1,46;1,32
4;StudentAttendanceSystem;pair;1741;23;42;39;203;100;0,26;0,22;1,37;0,31;65,85;66,85;2,79;2,16
4;StudentAttendanceSystem;state;1742;31;62;14;78;100;0,58;0,7;0;0,17;66,85;66,85;1,6;1,45
4;StudentAttendanceSystem;transition;1742;31;62;20;61;100;0,57;1,37;0;0,27;67,85;67,85;2,42;2,2
4;StudentAttendanceSystem;pair;1742;31;62;58;332;100;0,57;0,37;2,94;0,57;69,85;70,85;5,51;4,45
4;StudentAttendanceSystem;state;1743;21;40;9;48;100;0,42;0,43;0;0,1;70,85;70,85;1,1;0,95
4;StudentAttendanceSystem;transition;1743;21;40;13;40;100;0,36;0,74;0;0,13;71,85;71,85;1,39;1,23
4;StudentAttendanceSystem;pair;1743;21;40;34;188;100;0,39;0,21;1,14;0,3;72,85;72,85;2,73;2,03
4;StudentAttendanceSystem;state;1744;22;38;8;42;100;0,37;0,38;0;0,08;72,85;72,85;0,96;0,83
4;StudentAttendanceSystem;transition;1744;22;38;14;37;100;0,35;1;0;0,13;73,85;73,85;1,64;1,49
4;StudentAttendanceSystem;pair;1744;22;38;32;164;100;0,33;0,16;0,92;0,26;74,85;74,85;2,35;1,68
4;StudentAttendanceSystem;state;1745;23;42;9;47;100;0,37;0,41;0;0,09;75,85;75,85;0,97;0,86
4;StudentAttendanceSystem;transition;1745;23;42;15;41;100;0,24;0,89;0;0,19;76,85;76,85;1,49;1,32
4;StudentAttendanceSystem;pair;1745;23;42;36;198;100;0,39;0,23;1,41;0,41;77,85;77,85;3,22;2,43
4;StudentAttendanceSystem;state;1746;19;32;7;36;100;0,34;0,42;0;0,07;77,85;77,85;0,97;0,83
4;StudentAttendanceSystem;transition;1746;19;32;11;32;100;0,34;0,64;0;0,12;78,85;78,85;1,25;1,1
4;StudentAttendanceSystem;pair;1746;19;32;26;133;100;0,34;0,14;0,83;0,23;79,85;79,85;2,14;1,53
4;StudentAttendanceSystem;state;1747;22;40;9;50;100;0,4;0,46;0;0,11;79,85;80,85;1,12;0,97
4;StudentAttendanceSystem;transition;1747;22;40;13;39;100;0,43;0,85;0;0,14;80,85;80,85;1,57;1,42
4;StudentAttendanceSystem;pair;1747;22;40;38;214;100;0,38;0,21;1,34;0,27;81,85;82,85;2,81;2,2
4;StudentAttendanceSystem;state;1748;28;54;11;62;100;0,3;0,36;0;0,07;82,85;82,85;0,81;0,73
4;StudentAttendanceSystem;transition;1748;28;54;18;53;100;0,31;1,08;0;0,21;83,85;83,85;1,78;1,6
4;StudentAttendanceSystem;pair;1748;28;54;46;268;100;0,33;0,31;1,93;0,5;84,85;85,85;4,05;3,08
4;StudentAttendanceSystem;state;1749;19;32;7;37;100;0,35;0,41;0;0,07;85,85;85,85;0,98;0,83
4;StudentAttendanceSystem;transition;1749;19;32;11;31;100;0,36;0,76;0;0,12;86,85;86,85;1,39;1,24
4;StudentAttendanceSystem;pair;1749;19;32;27;145;100;0,5;0,19;0,87;0,21;87,85;87,85;2,33;1,78
4;StudentAttendanceSystem;state;1750;21;42;9;46;100;0,42;0,46;0;0,09;87,85;88,85;1,09;0,97
4;StudentAttendanceSystem;transition;1750;21;42;15;42;100;0,35;0,88;0;0,14;88,85;88,85;1,54;1,37
4;StudentAttendanceSystem;pair;1750;21;42;37;201;100;0,39;0,23;1,34;0,33;89,85;90,85;3,02;2,29
4;StudentAttendanceSystem;state;1751;22;41;9;47;100;0,39;0,46;0;0,09;90,85;90,85;1,07;0,94
4;StudentAttendanceSystem;transition;1751;22;41;14;41;100;0,36;0,85;0;0,16;91,85;91,85;1,54;1,37
4;StudentAttendanceSystem;pair;1751;22;41;41;223;100;0,42;0,2;1,55;0,4;92,85;92,85;3,35;2,58
4;StudentAttendanceSystem;state;1752;22;41;9;46;100;0,47;0,45;0;0,09;93,85;93,85;1,15;1
4;StudentAttendanceSystem;transition;1752;22;41;15;40;100;0,39;1,01;0;0,17;93,85;93,85;1,75;1,57
4;StudentAttendanceSystem;pair;1752;22;41;35;196;100;0,4;0,29;1,3;0,31;94,85;95,85;3,08;2,3
4;StudentAttendanceSystem;state;1753;25;47;10;54;100;0,44;0,57;0;0,14;95,85;95,85;1,3;1,15
4;StudentAttendanceSystem;transition;1753;25;47;15;46;100;0,41;0,99;0;0,18;96,85;96,85;1,77;1,58
4;StudentAttendanceSystem;pair;1753;25;47;45;249;100;0,39;0,28;1,84;0,4;97,85;98,85;3,79;2,91
4;StudentAttendanceSystem;state;1754;25;44;10;55;100;0,4;0,5;0;0,1;98,85;98,85;1,16;1,01
4;StudentAttendanceSystem;transition;1754;25;44;15;43;100;0,45;1,01;0;0,25;99,85;99,85;1,91;1,71
4;StudentAttendanceSystem;pair;1754;25;44;35;187;100;0,39;0,2;1,34;0,27;100,85;100,85;2,9;2,2
4;StudentAttendanceSystem;state;1755;26;50;10;54;100;0,47;0,52;0;0,09;101,85;101,85;1,22;1,08
4;StudentAttendanceSystem;transition;1755;26;50;17;49;100;0,43;1,11;0;0,19;102,85;102,85;1,91;1,74
4;StudentAttendanceSystem;pair;1755;26;50;49;281;100;0,44;0,27;1,99;0,49;103,85;104,85;4,12;3,19
4;StudentAttendanceSystem;state;1756;24;44;9;48;100;0,53;0,47;0;0,1;104,85;104,85;1,24;1,1
4;StudentAttendanceSystem;transition;1756;24;44;16;43;100;0,37;0,97;0;0,18;105,85;105,85;1,71;1,52
4;StudentAttendanceSystem;pair;1756;24;44;39;215;100;0,41;0,24;1,39;0,35;106,85;106,85;3,17;2,38
4;StudentAttendanceSystem;state;1757;25;49;11;57;100;0,44;0,5;0;0,13;107,85;107,85;1,19;1,06
4;StudentAttendanceSystem;transition;1757;25;49;18;48;100;0,39;1,03;0;0,18;108,85;108,85;1,77;1,6
4;StudentAttendanceSystem;pair;1757;25;49;44;238;100;0,46;0,25;1,73;0,38;109,85;109,85;3,67;2,82
4;StudentAttendanceSystem;state;1758;20;39;8;43;100;0,44;0,43;0;0,07;110,85;110,85;1,07;0,94
4;StudentAttendanceSystem;transition;1758;20;39;13;39;100;0,4;0,82;0;0,19;110,85;111,85;1,57;1,41
4;StudentAttendanceSystem;pair;1758;20;39;37;215;100;0,37;0,24;1,22;0,38;112,85;112,85;2,92;2,21
4;StudentAttendanceSystem;state;1759;28;56;11;62;100;0,47;0,6;0;0,14;112,85;113,85;1,39;1,21
4;StudentAttendanceSystem;transition;1759;28;56;20;55;100;0,47;1,19;0;0,22;113,85;113,85;2,06;1,87
4;StudentAttendanceSystem;pair;1759;28;56;52;294;100;0,49;0,29;2,17;0,46;115,85;115,85;4,26;3,41
4;StudentAttendanceSystem;state;1760;25;46;10;53;100;0,32;0,45;0;0,09;116,85;116,85;0,98;0,86
4;StudentAttendanceSystem;transition;1760;25;46;17;45;100;0,36;1;0;0,17;117,85;117,85;1,7;1,53
4;StudentAttendanceSystem;pair;1760;25;46;37;199;100;0,38;0,22;1,29;0,29;118,85;118,85;2,86;2,18
4;StudentAttendanceSystem;state;1761;20;35;8;40;100;0,38;0,38;0;0,08;118,85;119,85;0,95;0,84
4;StudentAttendanceSystem;transition;1761;20;35;12;35;100;0,32;0,48;0;0,07;119,85;119,85;0,99;0,88
4;StudentAttendanceSystem;pair;1761;20;35;30;157;100;0,4;0,16;0,91;0,21;120,85;120,85;2,33;1,68
4;StudentAttendanceSystem;state;1762;22;38;8;42;100;0,35;0,41;0;0,07;121,85;121,85;0,94;0,82
4;StudentAttendanceSystem;transition;1762;22;38;14;37;100;0,37;0,82;0;0,14;121,85;121,85;1,47;1,33
4;StudentAttendanceSystem;pair;1762;22;38;31;165;100;0,37;0,16;0,99;0,17;122,85;123,85;2,27;1,69
4;StudentAttendanceSystem;state;1763;24;44;9;48;100;0,38;0,46;0;0,08;123,85;123,85;1,04;0,92
4;StudentAttendanceSystem;transition;1763;24;44;16;43;100;0,36;1,02;0;0,17;124,85;124,85;1,71;1,55
4;StudentAttendanceSystem;pair;1763;24;44;39;215;100;0,37;0,19;1,63;0,39;125,85;125,85;3,36;2,59
4;StudentAttendanceSystem;state;1764;25;44;10;55;100;0,46;0,5;0;0,11;126,85;126,85;1,24;1,07
4;StudentAttendanceSystem;transition;1764;25;44;14;43;100;0,4;0,99;0;0,18;127,85;127,85;1,75;1,57
4;StudentAttendanceSystem;pair;1764;25;44;37;201;100;0,41;0,24;1,6;0,38;128,85;128,85;3,42;2,63
4;StudentAttendanceSystem;state;1765;19;35;8;43;100;0,4;0,43;0;0,09;128,85;129,85;1,07;0,92
4;StudentAttendanceSystem;transition;1765;19;35;11;35;100;0,39;0,73;0;0,11;129,85;129,85;1,39;1,23
4;StudentAttendanceSystem;pair;1765;19;35;34;190;100;0,38;0,2;1,22;0,37;130,85;130,85;2,9;2,17
4;StudentAttendanceSystem;state;1766;20;37;8;40;100;0,4;0,43;0;0,08;131,85;131,85;1,06;0,91
4;StudentAttendanceSystem;transition;1766;20;37;14;37;100;0,35;0,79;0;0,15;131,85;132,85;1,46;1,29
4;StudentAttendanceSystem;pair;1766;20;37;36;182;100;0,4;0,19;1,19;0,29;132,85;133,85;2,72;2,07
4;StudentAttendanceSystem;state;1767;23;45;10;50;100;0,4;0,51;0;0,09;133,85;133,85;1,16;1,01
4;StudentAttendanceSystem;transition;1767;23;45;17;45;100;0,39;0,98;0;0,19;134,85;134,85;1,76;1,56
4;StudentAttendanceSystem;pair;1767;23;45;46;244;100;0,38;0,27;1,99;0,44;135,85;136,85;3,95;3,08
4;StudentAttendanceSystem;state;1768;17;30;6;30;100;0,31;0,34;0;0,06;136,85;136,85;0,86;0,71
4;StudentAttendanceSystem;transition;1768;17;30;10;30;100;0,33;0,61;0;0,11;137,85;137,85;1,22;1,05
4;StudentAttendanceSystem;pair;1768;17;30;31;155;100;0,33;0,17;2,08;0,22;137,85;138,85;3,43;2,81
4;StudentAttendanceSystem;state;1769;25;48;9;49;100;0,41;0,52;0;0,11;138,85;138,85;1,19;1,04
4;StudentAttendanceSystem;transition;1769;25;48;17;47;100;0,43;1,15;0;0,22;139,85;139,85;2,02;1,81
4;StudentAttendanceSystem;pair;1769;25;48;43;245;100;0,45;0,31;1,91;0,44;140,85;141,85;4,06;3,1
4;StudentAttendanceSystem;state;1770;26;52;11;62;100;0,49;0,66;0;0,13;141,85;141,85;1,52;1,29
4;StudentAttendanceSystem;transition;1770;26;52;16;52;100;0,51;1,11;0;0,22;142,85;142,85;2,07;1,85
4;StudentAttendanceSystem;pair;1770;26;52;42;252;100;0,43;0,37;2,01;0,46;143,85;144,85;4,25;3,28
4;StudentAttendanceSystem;state;1771;23;46;10;54;100;0,46;0,48;0;0,11;144,85;144,85;1,2;1,04
4;StudentAttendanceSystem;transition;1771;23;46;15;46;100;0,44;0,89;0;0,16;145,85;145,85;1,69;1,49
4;StudentAttendanceSystem;pair;1771;23;46;42;240;100;0,39;0,32;1,73;0,47;146,85;147,85;3,67;2,91
4;StudentAttendanceSystem;state;1772;19;34;8;43;100;0,39;0,46;0;0,09;147,85;147,85;1,1;0,94
4;StudentAttendanceSystem;transition;1772;19;34;10;34;100;0,36;0,8;0;0,12;148,85;148,85;1,46;1,28
4;StudentAttendanceSystem;pair;1772;19;34;31;175;100;0,4;0,18;1,15;0,28;149,85;149,85;2,73;2,01
4;StudentAttendanceSystem;state;1773;18;31;8;40;100;0,36;0,44;0;0,08;149,85;149,85;1,06;0,88
4;StudentAttendanceSystem;transition;1773;18;31;10;31;100;0,33;0,75;0;0,1;150,85;150,85;1,36;1,18
4;StudentAttendanceSystem;pair;1773;18;31;26;137;100;0,35;0,18;0,9;0,23;151,85;151,85;2,23;1,65
4;StudentAttendanceSystem;state;1774;23;43;10;52;100;0,42;0,52;0;0,1;151,85;151,85;1,19;1,04
4;StudentAttendanceSystem;transition;1774;23;43;15;43;100;0,4;0,95;0;0,17;152,85;152,85;1,73;1,52
4;StudentAttendanceSystem;pair;1774;23;43;39;205;100;0,41;0,22;1,5;0,35;153,85;153,85;3,28;2,48
4;StudentAttendanceSystem;state;1775;27;54;12;67;100;0,56;0,67;0;0,14;5,81;5,81;1,56;1,37
4;StudentAttendanceSystem;transition;1775;27;54;16;54;100;0,49;1,22;0;0,2;6,81;6,81;2,15;1,91
4;StudentAttendanceSystem;pair;1775;27;54;48;284;100;0,48;0,37;2,38;0,51;7,81;8,81;4,78;3,74
4;StudentAttendanceSystem;state;1776;16;25;7;34;100;0,33;0,33;0;0,07;8,81;8,81;0,87;0,72
4;StudentAttendanceSystem;transition;1776;16;25;8;25;100;0,29;0,6;0;0,08;9,81;9,81;1,14;0,97
4;StudentAttendanceSystem;pair;1776;16;25;18;87;100;0,28;0,11;0,54;0,14;9,81;9,81;1,62;1,06
4;StudentAttendanceSystem;state;1777;15;24;5;24;100;0,32;0,3;0;0,05;10,81;10,81;0,81;0,67
4;StudentAttendanceSystem;transition;1777;15;24;8;24;100;0,28;0,53;0;0,08;10,81;10,81;1,09;0,89
4;StudentAttendanceSystem;pair;1777;15;24;24;108;100;0,29;0,11;0,68;0,16;11,81;11,81;1,76;1,23
4;StudentAttendanceSystem;state;1778;24;46;10;56;100;0,48;0,54;0;0,2;12,81;12,81;1,39;1,23
4;StudentAttendanceSystem;transition;1778;24;46;15;45;100;0,45;1,05;0;0,19;12,81;12,81;1,9;1,69
4;StudentAttendanceSystem;pair;1778;24;46;45;261;100;0,45;0,27;2,01;0,45;14,81;14,81;4,1;3,19
4;StudentAttendanceSystem;state;1779;19;34;8;40;100;0,37;0,4;0;0,08;14,81;15,81;1,05;0,86
4;StudentAttendanceSystem;transition;1779;19;34;13;34;100;0,34;0,79;0;0,13;15,81;15,81;1,45;1,25
4;StudentAttendanceSystem;pair;1779;19;34;26;137;100;0,33;0,18;0,94;0,3;16,81;16,81;2,46;1,76
4;StudentAttendanceSystem;state;1780;23;44;9;49;100;0,41;0,69;0;0,11;17,81;17,81;1,36;1,21
4;StudentAttendanceSystem;transition;1780;23;44;15;43;100;0,51;1,02;0;0,21;17,81;18,81;1,97;1,74
4;StudentAttendanceSystem;pair;1780;23;44;41;239;100;0,4;0,25;1,76;0,43;19,81;19,81;3,66;2,85
4;StudentAttendanceSystem;state;1781;25;45;10;53;100;0,45;0,54;0;0,15;20,81;20,81;1,32;1,15
4;StudentAttendanceSystem;transition;1781;25;45;15;44;100;0,42;1;0;0,16;20,81;20,81;1,77;1,57
4;StudentAttendanceSystem;pair;1781;25;45;42;232;100;0,41;0,28;1,76;0,4;21,81;22,81;3,69;2,85
4;StudentAttendanceSystem;state;1782;19;37;8;40;100;0,36;0,4;0;0,08;22,81;22,81;0,99;0,84
4;StudentAttendanceSystem;transition;1782;19;37;13;37;100;0,37;0,75;0;0,12;23,81;23,81;1,42;1,25
4;StudentAttendanceSystem;pair;1782;19;37;36;195;100;0,33;0,2;1,37;0,35;24,81;24,81;2,97;2,25
4;StudentAttendanceSystem;state;1783;21;39;8;42;100;0,46;0,49;0;0,09;25,81;25,81;1,2;1,05
4;StudentAttendanceSystem;transition;1783;21;39;14;38;100;0,37;0,84;0;0,17;25,81;25,81;1,57;1,38
4;StudentAttendanceSystem;pair;1783;21;39;35;189;100;0,38;0,2;1,38;0,3;26,81;27,81;3,01;2,26
4;StudentAttendanceSystem;state;1784;20;36;8;40;100;0,52;0,49;0;0,08;27,81;27,81;1,25;1,1
4;StudentAttendanceSystem;transition;1784;20;36;13;36;100;0,34;0,84;0;0,13;28,81;28,81;1,48;1,31
4;StudentAttendanceSystem;pair;1784;20;36;33;172;100;0,34;0,18;1,18;0,28;29,81;29,81;2,61;1,98
4;StudentAttendanceSystem;state;1785;23;43;10;52;100;0,39;0,47;0;0,11;29,81;30,81;1,12;0,97
4;StudentAttendanceSystem;transition;1785;23;43;16;43;100;0,37;0,91;0;0,16;30,81;30,81;1,63;1,44
4;StudentAttendanceSystem;pair;1785;23;43;35;180;100;0,4;0,22;1,23;0,33;31,81;32,81;3,03;2,18
4;StudentAttendanceSystem;state;1786;20;38;8;43;100;0,38;0,44;0;0,09;32,81;32,81;1,07;0,92
4;StudentAttendanceSystem;transition;1786;20;38;12;38;100;0,36;0,82;0;0,14;33,81;33,81;1,5;1,32
4;StudentAttendanceSystem;pair;1786;20;38;34;200;100;0,4;0,2;1,38;0,31;34,81;34,81;3,05;2,3
4;StudentAttendanceSystem;state;1787;20;35;8;41;100;0,36;0,43;0;0,09;34,81;34,81;1,03;0,88
4;StudentAttendanceSystem;transition;1787;20;35;12;35;100;0,34;0,77;0;0,14;35,81;35,81;1,43;1,25
4;StudentAttendanceSystem;pair;1787;20;35;33;169;100;0,36;0,21;1,21;0,3;36,81;36,81;2,77;2,09
4;StudentAttendanceSystem;state;1788;24;49;10;54;100;0,43;0,5;0;0,11;37,81;37,81;1,18;1,03
4;StudentAttendanceSystem;transition;1788;24;49;16;49;100;0,4;1,12;0;0,18;38,81;38,81;1,94;1,7
4;StudentAttendanceSystem;pair;1788;24;49;51;283;100;0,47;0,29;2,42;0,53;39,81;39,81;4,61;3,7
4;StudentAttendanceSystem;state;1789;27;53;12;65;100;0,5;0,61;0;0,17;40,81;40,81;1,46;1,28
4;StudentAttendanceSystem;transition;1789;27;53;18;52;100;0,44;1,21;0;0,22;41,81;41,81;2,09;1,87
4;StudentAttendanceSystem;pair;1789;27;53;46;268;100;0,46;0,34;2,31;0,45;42,81;43,81;4,48;3,55
4;StudentAttendanceSystem;state;1790;20;35;8;41;100;0,42;0,4;0;0,08;43,81;43,81;1,04;0,89
4;StudentAttendanceSystem;transition;1790;20;35;12;35;100;0,35;0,8;0;0,13;44,81;44,81;1,46;1,28
4;StudentAttendanceSystem;pair;1790;20;35;34;176;100;0,34;0,18;1,25;0,29;45,81;45,81;2,73;2,06
4;StudentAttendanceSystem;state;1791;24;50;10;52;100;0,49;0,65;0;0,1;45,81;45,81;1,4;1,24
4;StudentAttendanceSystem;transition;1791;24;50;17;50;100;0,48;1,07;0;0,2;46,81;46,81;1,99;1,75
4;StudentAttendanceSystem;pair;1791;24;50;50;280;100;0,39;0,32;2,3;0,51;48,81;48,81;4,45;3,53
4;StudentAttendanceSystem;state;1792;25;51;10;56;100;0,48;0,57;0;0,12;49,81;49,81;1,36;1,17
4;StudentAttendanceSystem;transition;1792;25;51;18;51;100;0,46;1,11;0;0,21;49,81;49,81;2;1,79
4;StudentAttendanceSystem;pair;1792;25;51;48;270;100;0,49;0,3;2,48;0,45;51,81;51,81;4,68;3,73
4;StudentAttendanceSystem;state;1793;20;38;8;41;100;0,4;0,41;0;0,08;52,81;52,81;1,03;0,89
4;StudentAttendanceSystem;transition;1793;20;38;14;38;100;0,33;0,8;0;0,14;52,81;52,81;1,43;1,27
4;StudentAttendanceSystem;pair;1793;20;38;34;184;100;0,54;0,2;1,3;0,31;53,81;54,81;3,05;2,36
4;StudentAttendanceSystem;state;1794;23;44;9;49;100;0,39;0,46;0;0,1;54,81;54,81;1,1;0,96
4;StudentAttendanceSystem;transition;1794;23;44;15;43;100;0,4;0,98;0;0,18;55,81;55,81;1,78;1,57
4;StudentAttendanceSystem;pair;1794;23;44;38;212;100;0,73;0,23;1,64;0,36;56,81;56,81;3,78;2,96
4;StudentAttendanceSystem;state;1795;20;40;8;43;100;0,39;0,5;0;0,08;57,81;57,81;1,13;0,98
4;StudentAttendanceSystem;transition;1795;20;40;13;40;100;0,35;0,88;0;0,14;57,81;57,81;1,55;1,37
4;StudentAttendanceSystem;pair;1795;20;40;42;236;100;0,39;0,23;1,6;0,39;59,81;59,81;3,73;2,61
4;StudentAttendanceSystem;state;1796;29;57;12;65;100;0,52;0,67;0;0,15;59,81;60,81;1,5;1,34
4;StudentAttendanceSystem;transition;1796;29;57;20;56;100;0,49;1,32;0;0,23;60,81;60,81;2,26;2,04
4;StudentAttendanceSystem;pair;1796;29;57;48;278;100;0,5;0,38;2,59;0,53;62,81;62,81;4,99;4
4;StudentAttendanceSystem;state;1797;17;30;6;30;100;0,35;0,35;0;0,06;63,81;63,81;0,92;0,77
4;StudentAttendanceSystem;transition;1797;17;30;10;30;100;0,33;0,69;0;0,1;63,81;63,81;1,29;1,12
4;StudentAttendanceSystem;pair;1797;17;30;32;159;100;0,3;0,17;1,03;0,27;64,81;64,81;2,37;1,76
4;StudentAttendanceSystem;state;1798;21;39;9;44;100;0,39;0,43;0;0,08;65,81;65,81;1,04;0,9
4;StudentAttendanceSystem;transition;1798;21;39;15;39;100;0,33;0,78;0;0,17;65,81;66,81;1,46;1,28
4;StudentAttendanceSystem;pair;1798;21;39;39;197;100;0,32;0,2;1,46;0,33;67,81;67,81;3;2,31
4;StudentAttendanceSystem;state;1799;24;44;10;52;100;0,43;0,5;0;0,11;67,81;67,81;1,22;1,03
4;StudentAttendanceSystem;transition;1799;24;44;16;43;100;0,43;0,94;0;0,19;68,81;68,81;1,75;1,56
4;StudentAttendanceSystem;pair;1799;24;44;34;193;100;0,37;0,22;1,4;0,32;69,81;69,81;3,08;2,31
4;StudentAttendanceSystem;state;1800;26;53;11;59;100;0,49;0,58;0;0,12;70,81;70,81;1,34;1,18
4;StudentAttendanceSystem;transition;1800;26;53;19;53;100;0,42;1,18;0;0,2;71,81;71,81;2,02;1,8
4;StudentAttendanceSystem;pair;1800;26;53;47;269;100;0,47;0,34;2,17;0,55;72,81;73,81;4,51;3,53
4;StudentAttendanceSystem;state;1801;22;39;9;44;100;0,39;0,46;0;0,09;73,81;73,81;1,08;0,94
4;StudentAttendanceSystem;transition;1801;22;39;15;38;100;0,37;0,94;0;0,17;74,81;74,81;1,69;1,49
4;StudentAttendanceSystem;pair;1801;22;39;31;157;100;0,39;0,21;1,15;0,29;75,81;75,81;2,71;2,04
4;StudentAttendanceSystem;state;1802;20;35;8;41;100;0,35;0,4;0;0,1;75,81;76,81;1,02;0,86
4;StudentAttendanceSystem;transition;1802;20;35;12;35;100;0,36;0,79;0;0,13;76,81;76,81;1,45;1,28
4;StudentAttendanceSystem;pair;1802;20;35;33;171;100;0,34;0,22;1,14;0,28;77,81;77,81;2,69;1,97
4;StudentAttendanceSystem;state;1803;24;45;9;48;100;0,43;0,5;0;0,14;78,81;78,81;1,22;1,07
4;StudentAttendanceSystem;transition;1803;24;45;17;44;100;0,41;1,16;0;0,19;79,81;79,81;1,96;1,76
4;StudentAttendanceSystem;pair;1803;24;45;42;226;100;0,41;0,24;1,71;0,41;80,81;80,81;3,57;2,76
4;StudentAttendanceSystem;state;1804;22;39;9;49;100;0,39;0,49;0;0,09;81,81;81,81;1,12;0,97
4;StudentAttendanceSystem;transition;1804;22;39;13;39;100;0,43;0,85;0;0,14;81,81;81,81;1,61;1,42
4;StudentAttendanceSystem;pair;1804;22;39;31;163;100;0,4;0,2;1,2;0,26;82,81;83,81;2,83;2,06
4;StudentAttendanceSystem;state;1805;21;34;8;40;100;0,34;0,4;0;0,08;83,81;83,81;0,96;0,81
4;StudentAttendanceSystem;transition;1805;21;34;12;33;100;0,32;0,75;0;0,13;84,81;84,81;1,37;1,2
4;StudentAttendanceSystem;pair;1805;21;34;26;128;100;0,36;0,17;0,82;0,25;84,81;85,81;2,18;1,6
4;StudentAttendanceSystem;state;1806;21;34;8;41;100;0,32;0,38;0;0,08;85,81;85,81;0,92;0,79
4;StudentAttendanceSystem;transition;1806;21;34;12;33;100;0,31;0,78;0;0,12;86,81;86,81;1,37;1,21
4;StudentAttendanceSystem;pair;1806;21;34;30;146;100;0,34;0,17;0,91;0,23;87,81;87,81;2,27;1,65
4;StudentAttendanceSystem;state;1807;24;48;11;62;100;0,48;0,5;0;0,11;87,81;87,81;1,23;1,08
4;StudentAttendanceSystem;transition;1807;24;48;15;48;100;0,45;0,99;0;0,2;88,81;88,81;1,82;1,63
4;StudentAttendanceSystem;pair;1807;24;48;47;271;100;0,44;0,3;1,93;0,44;89,81;90,81;4,04;3,11
4;StudentAttendanceSystem;state;1808;27;51;11;61;100;0,46;0,56;0;0,12;90,81;90,81;1,31;1,14
4;StudentAttendanceSystem;transition;1808;27;51;18;50;100;0,43;1,03;0;0,19;91,81;91,81;1,87;1,65
4;StudentAttendanceSystem;pair;1808;27;51;45;245;100;0,44;0,28;1,91;0,42;92,81;93,81;3,93;3,05
4;StudentAttendanceSystem;state;1809;17;27;6;31;100;0,32;0,3;0;0,05;93,81;93,81;0,8;0,68
4;StudentAttendanceSystem;transition;1809;17;27;9;27;100;0,28;0,57;0;0,09;94,81;94,81;1,1;0,95
4;StudentAttendanceSystem;pair;1809;17;27;24;116;100;0,27;0,13;0,78;0,17;95,81;95,81;1,82;1,35
4;StudentAttendanceSystem;state;1810;19;32;7;37;100;0,32;0,43;0;0,08;95,81;95,81;0,96;0,83
4;StudentAttendanceSystem;transition;1810;19;32;10;32;100;0,31;0,67;0;0,1;96,81;96,81;1,24;1,08
4;StudentAttendanceSystem;pair;1810;19;32;28;148;100;0,31;0,15;0,92;0,2;97,81;97,81;3,83;1,58
4;StudentAttendanceSystem;state;1811;22;42;10;56;100;0,47;0,47;0;0,11;97,81;97,81;1,2;1,05
4;StudentAttendanceSystem;transition;1811;22;42;13;42;100;0,44;0,91;0;0,14;98,81;98,81;1,68;1,49
4;StudentAttendanceSystem;pair;1811;22;42;39;221;100;0,39;0,28;1,39;0,33;99,81;99,81;3,17;2,39
4;StudentAttendanceSystem;state;1812;23;41;9;45;100;0,38;0,47;0;0,09;100,81;100,81;1,1;0,95
4;StudentAttendanceSystem;transition;1812;23;41;16;40;100;0,43;0,94;0;0,16;101,81;101,81;1,71;1,52
4;StudentAttendanceSystem;pair;1812;23;41;33;170;100;0,33;0,19;1,3;0,25;102,81;102,81;2,77;2,07
4;StudentAttendanceSystem;state;1813;23;43;9;45;100;0,4;0,47;0;0,08;102,81;102,81;1,1;0,95
4;StudentAttendanceSystem;transition;1813;23;43;15;42;100;0,41;0,9;0;0,16;103,81;103,81;1,68;1,46
4;StudentAttendanceSystem;pair;1813;23;43;40;219;100;0,37;0,21;1,59;0,45;104,81;105,81;3,42;2,62
4;StudentAttendanceSystem;state;1814;27;54;12;67;100;0,46;0,59;0;0,13;105,81;105,81;1,35;1,19
4;StudentAttendanceSystem;transition;1814;27;54;17;54;100;0,43;1,11;0;0,19;106,81;106,81;1,96;1,72
4;StudentAttendanceSystem;pair;1814;27;54;45;265;100;0,44;0,31;1,98;0,44;107,81;108,81;4,16;3,17
4;StudentAttendanceSystem;state;1815;21;38;8;43;100;0,4;0,39;0;0,07;108,81;108,81;1,01;0,87
4;StudentAttendanceSystem;transition;1815;21;38;13;37;100;0,38;0,88;0;0,22;109,81;109,81;1,68;1,49
4;StudentAttendanceSystem;pair;1815;21;38;34;192;100;0,37;0,25;1,38;0,29;110,81;110,81;3,01;2,28
4;StudentAttendanceSystem;state;1816;23;47;9;46;100;0,45;0,53;0;0,15;111,81;111,81;1,29;1,13
4;StudentAttendanceSystem;transition;1816;23;47;18;47;100;0,43;1,05;0;0,2;112,81;112,81;1,91;1,67
4;StudentAttendanceSystem;pair;1816;23;47;45;249;100;0,41;0,28;1,87;0,41;113,81;113,81;3,82;2,97
4;StudentAttendanceSystem;state;1817;24;46;9;49;100;0,45;0,53;0;0,1;114,81;114,81;1,3;1,08
4;StudentAttendanceSystem;transition;1817;24;46;15;45;100;0,39;0,92;0;0,21;114,81;115,81;1,72;1,51
4;StudentAttendanceSystem;pair;1817;24;46;45;247;100;0,44;0,24;1,74;0,43;116,81;116,81;3,63;2,85
4;StudentAttendanceSystem;state;1818;20;36;8;41;100;0,34;0,38;0;0,07;117,81;117,81;0,93;0,79
4;StudentAttendanceSystem;transition;1818;20;36;13;36;100;0,33;0,75;0;0,13;117,81;117,81;1,38;1,21
4;StudentAttendanceSystem;pair;1818;20;36;37;187;100;0,49;0,16;1,14;0,28;118,81;118,81;2,78;2,07
4;StudentAttendanceSystem;state;1819;25;50;12;65;100;0,46;0,53;0;0,16;119,81;119,81;1,3;1,15
4;StudentAttendanceSystem;transition;1819;25;50;16;50;100;0,53;1,01;0;0,17;120,81;120,81;1,92;1,71
4;StudentAttendanceSystem;pair;1819;25;50;46;266;100;0,41;0,29;2,01;0,4;121,81;122,81;3,97;3,11
4;StudentAttendanceSystem;state;1820;19;32;7;36;100;0,39;0,33;0;0,07;122,81;122,81;0,93;0,79
4;StudentAttendanceSystem;transition;1820;19;32;11;32;100;0,29;0,67;0;0,11;123,81;123,81;1,24;1,06
4;StudentAttendanceSystem;pair;1820;19;32;25;129;100;0,29;0,17;0,88;0,22;123,81;124,81;2,16;1,56
4;StudentAttendanceSystem;state;1821;21;35;8;43;100;0,38;0,43;0;0,09;124,81;124,81;1,04;0,9
4;StudentAttendanceSystem;transition;1821;21;35;12;34;100;0,39;0,91;0;0,13;125,81;125,81;1,6;1,42
4;StudentAttendanceSystem;pair;1821;21;35;26;140;100;0,36;0,19;1,03;0,21;126,81;126,81;2,45;1,79
4;StudentAttendanceSystem;state;1822;20;38;8;39;100;0,35;0,4;0;0,11;126,81;126,81;0,99;0,86
4;StudentAttendanceSystem;transition;1822;20;38;13;38;100;0,33;0,74;0;0,13;127,81;127,81;1,37;1,2
4;StudentAttendanceSystem;pair;1822;20;38;37;201;100;0,34;0,18;1,3;0,32;128,81;128,81;2,83;2,15
4;StudentAttendanceSystem;state;1823;18;33;7;36;100;0,33;0,45;0;0,07;129,81;129,81;1;0,86
4;StudentAttendanceSystem;transition;1823;18;33;11;33;100;0,34;0,7;0;0,12;129,81;129,81;1,33;1,17
4;StudentAttendanceSystem;pair;1823;18;33;29;159;100;0,47;0,19;1,04;0,26;130,81;130,81;2,61;1,96
4;StudentAttendanceSystem;state;1824;24;44;9;48;100;0,41;0,45;0;0,1;131,81;131,81;1,11;0,95
4;StudentAttendanceSystem;transition;1824;24;44;16;43;100;0,42;1,08;0;0,24;132,81;132,81;1,93;1,73
4;StudentAttendanceSystem;pair;1824;24;44;38;210;100;0,4;0,21;1,69;0,36;133,81;133,81;3,46;2,65
4;StudentAttendanceSystem;state;1825;26;49;10;56;100;0,46;0,59;0;0,12;134,81;134,81;1,35;1,17
4;StudentAttendanceSystem;transition;1825;26;49;17;48;100;0,42;1,12;0;0,22;134,81;135,81;1,97;1,76
4;StudentAttendanceSystem;pair;1825;26;49;42;236;100;0,44;0,28;1,82;0,41;136,81;136,81;3,83;2,94
4;StudentAttendanceSystem;state;1826;20;37;8;41;100;0,37;0,47;0;0,08;137,81;137,81;1,08;0,93
4;StudentAttendanceSystem;transition;1826;20;37;13;36;100;0,34;0,72;0;0,17;137,81;137,81;1,44;1,23
4;StudentAttendanceSystem;pair;1826;20;37;33;181;100;0,38;0,18;1,32;0,3;138,81;139,81;2,85;2,18
4;StudentAttendanceSystem;state;1827;22;43;9;45;100;0,43;0,42;0;0,1;139,81;139,81;1,1;0,94
4;StudentAttendanceSystem;transition;1827;22;43;17;43;100;0,34;0,93;0;0,19;140,81;140,81;1,64;1,47
4;StudentAttendanceSystem;pair;1827;22;43;40;212;100;0,39;0,21;1,44;0,3;141,81;141,81;3,06;2,35
4;StudentAttendanceSystem;state;1828;24;47;10;55;100;0,43;0,51;0;0,09;142,81;142,81;1,17;1,04
4;StudentAttendanceSystem;transition;1828;24;47;17;47;100;0,43;1,16;0;0,18;142,81;143,81;1,95;1,78
4;StudentAttendanceSystem;pair;1828;24;47;44;236;100;0,4;0,23;1,53;0,38;144,81;144,81;3,32;2,54
4;StudentAttendanceSystem;state;1829;26;52;11;61;100;0,48;0,67;0;0,12;145,81;145,81;1,41;1,27
4;StudentAttendanceSystem;transition;1829;26;52;18;52;100;0,45;1,16;0;0,23;145,81;146,81;2,03;1,83
4;StudentAttendanceSystem;pair;1829;26;52;48;268;100;0,47;0,33;1,95;0,47;147,81;147,81;4,11;3,22
4;StudentAttendanceSystem;state;1830;24;46;10;55;100;0,46;0,54;0;0,11;148,81;148,81;1,27;1,11
4;StudentAttendanceSystem;transition;1830;24;46;16;46;100;0,4;1,03;0;0,19;148,81;149,81;1,81;1,62
4;StudentAttendanceSystem;pair;1830;24;46;40;220;100;0,4;0,22;1,39;0,34;150,81;150,81;3,15;2,35
4;StudentAttendanceSystem;state;1831;29;58;12;65;100;0,48;0,68;0;0,13;151,81;151,81;1,45;1,29
4;StudentAttendanceSystem;transition;1831;29;58;21;57;100;0,44;1,35;0;0,28;151,81;152,81;2,32;2,07
4;StudentAttendanceSystem;pair;1831;29;58;51;293;100;0,47;0,35;2,24;2,75;153,81;154,86;6,75;5,8
4;StudentAttendanceSystem;state;1832;21;40;8;42;100;0,42;0,42;0;0,09;5,86;5,86;1,1;0,93
4;StudentAttendanceSystem;transition;1832;21;40;15;40;100;0,35;0,91;0;0,18;6,86;6,86;1,64;1,45
4;StudentAttendanceSystem;pair;1832;21;40;37;197;100;0,37;0,21;1,26;0,29;7,86;7,86;2,81;2,13
4;StudentAttendanceSystem;state;1833;19;32;7;37;100;0,39;0,37;0;0,09;7,86;8,86;0,99;0,84
4;StudentAttendanceSystem;transition;1833;19;32;11;31;100;0,35;0,78;0;0,16;8,86;8,86;1,46;1,3
4;StudentAttendanceSystem;pair;1833;19;32;26;136;100;0,35;0,19;0,96;0,24;9,86;9,86;2,35;1,73
4;StudentAttendanceSystem;state;1834;22;41;9;46;100;0,35;0,54;0;0,09;10,86;10,86;1,11;0,97
4;StudentAttendanceSystem;transition;1834;22;41;14;41;100;0,33;0,88;0;0,14;10,86;10,86;1,53;1,35
4;StudentAttendanceSystem;pair;1834;22;41;37;204;100;0,35;0,19;1,42;0,32;11,86;12,86;2,86;2,27
4;StudentAttendanceSystem;state;1835;20;36;8;43;100;0,39;0,44;0;0,08;12,86;12,86;1,05;0,91
4;StudentAttendanceSystem;transition;1835;20;36;12;36;100;0,34;0,78;0;0,14;13,86;13,86;1,44;1,26
4;StudentAttendanceSystem;pair;1835;20;36;29;163;100;0,35;0,17;0,96;0,23;14,86;14,86;2,29;1,71
4;StudentAttendanceSystem;state;1836;20;35;7;37;100;0,37;0,38;0;0,07;14,86;14,86;0,95;0,82
4;StudentAttendanceSystem;transition;1836;20;35;12;34;100;0,43;0,87;0;0,12;15,86;15,86;1,58;1,43
4;StudentAttendanceSystem;pair;1836;20;35;34;174;100;0,33;0,18;1,06;0,25;16,86;16,86;2,42;1,82
4;StudentAttendanceSystem;state;1837;28;55;11;62;100;0,47;0,58;0;0,11;17,86;17,86;1,31;1,16
4;StudentAttendanceSystem;transition;1837;28;55;19;54;100;0,48;1,34;0;0,21;18,86;18,86;2,22;2,03
4;StudentAttendanceSystem;pair;1837;28;55;49;283;100;0,5;0,29;2,08;0,51;19,86;20,86;4,26;3,38
4;StudentAttendanceSystem;state;1838;32;65;15;81;100;0,6;0,69;0;0,16;20,86;20,86;1,63;1,45
4;StudentAttendanceSystem;transition;1838;32;65;22;64;100;0,56;1,47;0;0,27;21,86;21,86;2,52;2,3
4;StudentAttendanceSystem;pair;1838;32;65;59;340;100;0,51;0,44;2,78;0,55;23,86;23,86;5,43;4,28
4;StudentAttendanceSystem;state;1839;27;55;12;67;100;0,56;0,59;0;0,14;24,86;24,86;1,47;1,29
4;StudentAttendanceSystem;transition;1839;27;55;18;55;100;0,43;1,2;0;0,23;25,86;25,86;2,11;1,86
4;StudentAttendanceSystem;pair;1839;27;55;48;280;100;0,46;0,34;2,01;0,46;26,86;27,86;4,23;3,28
4;StudentAttendanceSystem;state;1840;22;41;9;49;100;0,44;0,46;0;0,09;27,86;27,86;1,12;0,99
4;StudentAttendanceSystem;transition;1840;22;41;14;41;100;0,38;0,84;0;0,14;28,86;28,86;1,6;1,36
4;StudentAttendanceSystem;pair;1840;22;41;40;208;100;0,36;0,19;1,37;0,31;29,86;29,86;2,93;2,23
4;StudentAttendanceSystem;state;1841;18;31;7;37;100;0,39;0,39;0;0,08;30,86;30,86;1;0,86
4;StudentAttendanceSystem;transition;1841;18;31;11;31;100;0,38;0,78;0;0,14;30,86;30,86;1,49;1,3
4;StudentAttendanceSystem;pair;1841;18;31;25;131;100;0,37;0,15;0,86;0,22;31,86;31,86;2,36;1,6
4;StudentAttendanceSystem;state;1842;18;31;8;40;100;0,35;0,42;0;0,08;32,86;32,86;0,98;0,85
4;StudentAttendanceSystem;transition;1842;18;31;10;31;100;0,34;0,73;0;0,1;32,86;32,86;1,34;1,17
4;StudentAttendanceSystem;pair;1842;18;31;27;140;100;0,32;0,16;0,98;0,21;33,86;33,86;2,27;1,67
4;StudentAttendanceSystem;state;1843;26;50;10;52;100;0,54;0,51;0;0,11;34,86;34,86;1,31;1,16
4;StudentAttendanceSystem;transition;1843;26;50;18;49;100;0,45;1,15;0;0,2;35,86;35,86;2,01;1,8
4;StudentAttendanceSystem;pair;1843;26;50;44;250;100;0,43;0,25;1,82;0,44;36,86;36,86;3,74;2,94
4;StudentAttendanceSystem;state;1844;19;36;7;36;100;0,39;0,38;0;0,06;37,86;37,86;0,97;0,83
4;StudentAttendanceSystem;transition;1844;19;36;12;36;100;0,33;0,67;0;0,13;37,86;38,86;1,26;1,12
4;StudentAttendanceSystem;pair;1844;19;36;38;202;100;0,32;0,17;1,3;0,29;39,86;39,86;2,69;2,07
4;StudentAttendanceSystem;state;1845;25;45;10;55;100;0,42;0,49;0;0,1;39,86;39,86;1,17;1,01
4;StudentAttendanceSystem;transition;1845;25;45;16;44;100;0,41;1,03;0;0,17;40,86;40,86;1,8;1,61
4;StudentAttendanceSystem;pair;1845;25;45;37;197;100;0,4;0,22;1,22;0,37;41,86;42,86;2,97;2,21
4;StudentAttendanceSystem;state;1846;23;46;9;48;100;0,43;0,5;0;0,1;42,86;42,86;1,17;1,03
4;StudentAttendanceSystem;transition;1846;23;46;17;46;100;0,39;0,96;0;0,21;43,86;43,86;1,74;1,56
4;StudentAttendanceSystem;pair;1846;23;46;45;249;100;0,44;0,23;1,67;0,55;44,86;44,86;3,71;2,89
4;StudentAttendanceSystem;state;1847;21;36;8;41;100;0,38;0,4;0;0,08;45,86;45,86;0,99;0,86
4;StudentAttendanceSystem;transition;1847;21;36;13;35;100;0,37;0,72;0;0,09;46,86;46,86;1,3;1,18
4;StudentAttendanceSystem;pair;1847;21;36;29;151;100;0,34;0,16;0,95;0,22;46,86;47,86;2,26;1,66
4;StudentAttendanceSystem;state;1848;29;58;12;65;100;0,45;0,58;0;0,12;47,86;47,86;1,27;1,15
4;StudentAttendanceSystem;transition;1848;29;58;21;57;100;0,64;1,23;0;0,23;48,86;48,86;2,28;2,1
4;StudentAttendanceSystem;pair;1848;29;58;50;287;100;0,48;0,24;1,9;0,3;50,86;50,86;3,65;2,92
4;StudentAttendanceSystem;state;1849;20;35;8;41;100;0,35;0,27;0;0,07;51,86;51,86;0,84;0,7
4;StudentAttendanceSystem;transition;1849;20;35;12;35;100;0,33;0,73;0;0,14;51,86;51,86;1,34;1,2
4;StudentAttendanceSystem;pair;1849;20;35;34;172;100;0,34;0,16;1;0,25;52,86;52,86;2,37;1,75
4;StudentAttendanceSystem;state;1850;27;52;11;57;100;0,46;0,54;0;0,1;53,86;53,86;1,27;1,1
4;StudentAttendanceSystem;transition;1850;27;52;19;51;100;0,42;1,16;0;0,22;54,86;54,86;2,02;1,8
4;StudentAttendanceSystem;pair;1850;27;52;45;257;100;0,44;0,32;1,97;0,41;55,86;56,86;3,99;3,14
4;StudentAttendanceSystem;state;1851;25;49;11;59;100;0,47;0,57;0;0,11;56,86;56,86;1,32;1,16
4;StudentAttendanceSystem;transition;1851;25;49;17;48;100;0,67;1,03;0;0,2;57,86;57,86;2,11;1,9
4;StudentAttendanceSystem;pair;1851;25;49;48;274;100;0,4;0,31;2;0,44;58,86;59,86;3,98;3,15
4;StudentAttendanceSystem;state;1852;23;45;9;48;100;0,41;0,47;0;0,09;59,86;59,86;1,12;0,97
4;StudentAttendanceSystem;transition;1852;23;45;15;45;100;1,64;0,95;0;0,17;60,86;60,86;2,97;2,76
4;StudentAttendanceSystem;pair;1852;23;45;45;253;100;0,37;0,26;1,77;0,43;61,86;62,86;3,59;2,83
4;StudentAttendanceSystem;state;1853;26;52;11;62;100;0,42;0,54;0;0,12;62,86;62,86;1,22;1,07
4;StudentAttendanceSystem;transition;1853;26;52;16;52;100;0,4;1,09;0;0,21;63,86;63,86;1,94;1,7
4;StudentAttendanceSystem;pair;1853;26;52;41;247;100;0,43;0,34;1,93;0,49;64,86;65,86;4,06;3,19
4;StudentAttendanceSystem;state;1854;27;52;11;61;100;0,46;0,61;0;0,13;65,86;65,86;1,33;1,19
4;StudentAttendanceSystem;transition;1854;27;52;18;51;100;0,46;1,22;0;0,21;66,86;66,86;2,07;1,88
4;StudentAttendanceSystem;pair;1854;27;52;51;279;100;0,44;0,33;2,1;0,42;67,86;68,86;4,25;3,29
4;StudentAttendanceSystem;state;1855;22;43;8;43;100;0,41;0,44;0;0,1;68,86;68,86;1,11;0,95
4;StudentAttendanceSystem;transition;1855;22;43;15;42;100;0,39;0,93;0;0,18;69,86;69,86;1,67;1,51
4;StudentAttendanceSystem;pair;1855;22;43;40;228;100;0,42;0,25;1,48;0,38;70,86;71,86;3,29;2,53
4;StudentAttendanceSystem;state;1856;22;42;9;47;100;0,36;0,41;0;0,11;71,86;71,86;0,99;0,87
4;StudentAttendanceSystem;transition;1856;22;42;15;42;100;0,33;0,83;0;0,15;72,86;72,86;1,46;1,31
4;StudentAttendanceSystem;pair;1856;22;42;44;234;100;0,32;0,2;1,45;0,34;73,86;73,86;3;2,31
4;StudentAttendanceSystem;state;1857;26;53;11;61;100;0,49;0,61;0;0,13;74,86;74,86;1,39;1,23
4;StudentAttendanceSystem;transition;1857;26;53;18;53;100;0,45;1,12;0;0,22;75,86;75,86;1,98;1,79
4;StudentAttendanceSystem;pair;1857;26;53;54;302;100;0,45;0,36;2,51;0,5;76,86;77,86;4,72;3,82
4;StudentAttendanceSystem;state;1858;22;41;9;47;100;0,44;0,49;0;0,08;77,86;77,86;1,15;1,01
4;StudentAttendanceSystem;transition;1858;22;41;14;41;100;0,34;0,87;0;0,14;78,86;78,86;1,53;1,35
4;StudentAttendanceSystem;pair;1858;22;41;41;219;100;0,38;0,2;1,41;0,34;79,86;79,86;3,05;2,34
4;StudentAttendanceSystem;state;1859;27;55;12;63;100;0,49;0,57;0;0,11;80,86;80,86;1,31;1,17
4;StudentAttendanceSystem;transition;1859;27;55;20;54;100;0,44;1,11;0;0,26;81,86;81,86;2,01;1,81
4;StudentAttendanceSystem;pair;1859;27;55;51;285;100;0,44;0,33;2,09;0,44;82,86;83,86;4,11;3,3
4;StudentAttendanceSystem;state;1860;19;33;7;36;100;0,34;0,42;0;0,05;83,86;83,86;0,92;0,81
4;StudentAttendanceSystem;transition;1860;19;33;12;33;100;0,33;0,68;0;0,11;84,86;84,86;1,24;1,11
4;StudentAttendanceSystem;pair;1860;19;33;27;141;100;0,31;0,11;0,57;0,13;85,86;85,86;1,59;1,13
4;StudentAttendanceSystem;state;1861;23;46;9;46;100;0,26;0,29;0;0,05;85,86;85,86;0,68;0,6
4;StudentAttendanceSystem;transition;1861;23;46;17;45;100;0,25;0,67;0;0,12;86,86;86,86;1,15;1,04
4;StudentAttendanceSystem;pair;1861;23;46;41;232;100;0,25;0,22;1,38;0,26;87,86;88,86;2,72;2,12
4;StudentAttendanceSystem;state;1862;25;50;10;56;100;0,38;0,52;0;0,1;88,86;88,86;1,12;1
4;StudentAttendanceSystem;transition;1862;25;50;17;50;100;0,41;1,05;0;0,2;89,86;89,86;1,85;1,66
4;StudentAttendanceSystem;pair;1862;25;50;45;255;100;0,45;0,28;1,73;0,39;90,86;91,86;3,66;2,85
4;StudentAttendanceSystem;state;1863;17;29;6;30;100;0,33;0,41;0;0,06;91,86;91,86;0,93;0,8
4;StudentAttendanceSystem;transition;1863;17;29;9;29;100;0,33;0,61;0;0,08;92,86;92,86;1,18;1,03
4;StudentAttendanceSystem;pair;1863;17;29;28;144;100;0,29;0,15;0,98;0,29;92,86;93,86;2,28;1,7
4;StudentAttendanceSystem;state;1864;22;38;8;42;100;0,46;0,45;0;0,1;93,86;93,86;1,14;1,01
4;StudentAttendanceSystem;transition;1864;22;38;14;37;100;0,42;1,06;0;0,15;94,86;94,86;1,82;1,63
4;StudentAttendanceSystem;pair;1864;22;38;32;164;100;0,38;0,19;0,84;0,16;95,86;95,86;2,14;1,57
4;StudentAttendanceSystem;state;1865;23;45;9;48;100;0,49;0,45;0;0,12;95,86;96,86;1,2;1,06
4;StudentAttendanceSystem;transition;1865;23;45;16;45;100;0,4;0,97;0;0,15;96,86;96,86;1,68;1,52
4;StudentAttendanceSystem;pair;1865;23;45;42;234;100;0,4;0,21;1,43;0,37;97,86;98,86;3,16;2,41
4;StudentAttendanceSystem;state;1866;23;45;9;50;100;0,4;0,55;0;0,1;98,86;98,86;1,18;1,04
4;StudentAttendanceSystem;transition;1866;23;45;16;45;100;0,42;0,97;0;0,21;99,86;99,86;1,78;1,6
4;StudentAttendanceSystem;pair;1866;23;45;40;220;100;0,39;0,24;1,37;0,35;100,86;101,86;3,09;2,35
4;StudentAttendanceSystem;state;1867;30;59;13;73;100;0,49;0,65;0;0,14;101,86;101,86;1,44;1,28
4;StudentAttendanceSystem;transition;1867;30;59;19;58;100;0,56;1,34;0;0,24;102,86;102,86;2,4;2,13
4;StudentAttendanceSystem;pair;1867;30;59;49;289;100;0,45;0,36;2,55;0,49;104,86;104,86;4,98;3,86
4;StudentAttendanceSystem;state;1868;22;42;9;47;100;0,45;0,49;0;0,1;104,86;105,86;1,25;1,04
4;StudentAttendanceSystem;transition;1868;22;42;15;42;100;0,47;0,99;0;0,16;105,86;105,86;1,81;1,62
4;StudentAttendanceSystem;pair;1868;22;42;44;234;100;0,39;0,22;1,6;0,35;106,86;107,86;3,4;2,56
4;StudentAttendanceSystem;state;1869;26;54;11;59;100;0,44;0,54;0;0,11;107,86;107,86;1,24;1,1
4;StudentAttendanceSystem;transition;1869;26;54;20;54;100;0,47;1,22;0;0,2;108,86;108,86;2,1;1,89
4;StudentAttendanceSystem;pair;1869;26;54;50;280;100;0,46;0,32;2,08;0,53;110,86;110,86;4,3;3,4
4;StudentAttendanceSystem;state;1870;19;32;7;37;100;0,33;0,39;0;0,07;110,86;110,86;0,95;0,79
4;StudentAttendanceSystem;transition;1870;19;32;10;32;100;0,36;0,58;0;0,1;111,86;111,86;1,18;1,04
4;StudentAttendanceSystem;pair;1870;19;32;28;148;100;0,29;0,18;0,9;0,2;112,86;112,86;2,13;1,57
4;StudentAttendanceSystem;state;1871;21;41;9;50;100;0,36;0,55;0;0,09;113,86;113,86;1,13;1
4;StudentAttendanceSystem;transition;1871;21;41;13;41;100;0,34;0,76;0;0,14;113,86;113,86;1,4;1,24
4;StudentAttendanceSystem;pair;1871;21;41;41;237;100;0,34;0,21;1,43;0,39;114,86;115,86;3,08;2,37
4;StudentAttendanceSystem;state;1872;20;37;8;41;100;0,34;0,41;0;0,07;115,86;115,86;0,95;0,82
4;StudentAttendanceSystem;transition;1872;20;37;13;37;100;0,34;0,81;0;0,13;116,86;116,86;1,46;1,28
4;StudentAttendanceSystem;pair;1872;20;37;31;171;100;0,3;0,16;1,34;0,25;117,86;117,86;2,66;2,05
4;StudentAttendanceSystem;state;1873;19;32;7;37;100;0,33;0,41;0;0,06;118,86;118,86;0,94;0,81
4;StudentAttendanceSystem;transition;1873;19;32;11;31;100;0,32;0,69;0;0,12;118,86;118,86;1,29;1,13
4;StudentAttendanceSystem;pair;1873;19;32;28;149;100;0,3;0,15;0,89;0,22;119,86;119,86;2,18;1,56
4;StudentAttendanceSystem;state;1874;24;49;10;54;100;0,5;0,56;0;0,1;120,86;120,86;1,3;1,15
4;StudentAttendanceSystem;transition;1874;24;49;16;49;100;0,41;1,02;0;0,22;120,86;121,86;1,84;1,64
4;StudentAttendanceSystem;pair;1874;24;49;51;283;100;0,47;0,28;2,29;0,6;122,86;122,86;4,52;3,65
4;StudentAttendanceSystem;state;1875;22;39;8;42;100;0,54;0,46;0;0,07;123,86;123,86;1,2;1,07
4;StudentAttendanceSystem;transition;1875;22;39;15;38;100;0,48;0,94;0;0,16;123,86;124,86;1,74;1,58
4;StudentAttendanceSystem;pair;1875;22;39;35;179;100;0,38;0,17;0,88;0,18;125,86;125,86;2,17;1,62
4;StudentAttendanceSystem;state;1876;22;41;10;50;100;0,25;0,28;0;0,05;125,86;125,86;0,66;0,58
4;StudentAttendanceSystem;transition;1876;22;41;15;40;100;0,26;0,67;0;0,17;126,86;126,86;1,24;1,1
4;StudentAttendanceSystem;pair;1876;22;41;35;180;100;0,34;0,15;0,86;0,18;127,86;127,86;1,98;1,54
4;StudentAttendanceSystem;state;1877;23;45;10;50;100;0,34;0,3;0;0,05;128,86;128,86;0,77;0,69
4;StudentAttendanceSystem;transition;1877;23;45;17;45;100;0,27;0,61;0;0,13;128,86;129,86;1,11;1,01
4;StudentAttendanceSystem;pair;1877;23;45;46;244;100;0,29;0,17;1,11;0,26;130,86;130,86;2,3;1,82
4;StudentAttendanceSystem;state;1878;21;40;9;50;100;0,27;0,29;0;0,05;131,86;131,86;0,7;0,61
4;StudentAttendanceSystem;transition;1878;21;40;13;40;100;0,24;0,53;0;0,09;131,86;131,86;0,96;0,87
4;StudentAttendanceSystem;pair;1878;21;40;35;199;100;0,24;0,14;0,85;0,2;132,86;133,86;1,85;1,43
4;StudentAttendanceSystem;state;1879;21;39;9;50;100;0,39;0,43;0;0,09;133,86;133,86;1,02;0,9
4;StudentAttendanceSystem;transition;1879;21;39;12;39;100;0,37;0,54;0;0,12;134,86;134,86;1,16;1,03
4;StudentAttendanceSystem;pair;1879;21;39;33;187;100;0,35;0,18;1,11;0,27;135,86;135,86;2,53;1,9
4;StudentAttendanceSystem;state;1880;21;40;9;50;100;0,35;0,46;0;0,08;136,86;136,86;1,02;0,89
4;StudentAttendanceSystem;transition;1880;21;40;12;40;100;0,35;0,8;0;0,12;136,86;136,86;1,42;1,27
4;StudentAttendanceSystem;pair;1880;21;40;38;222;100;0,4;0,14;1;0,29;137,86;138,86;2,3;1,83
4;StudentAttendanceSystem;state;1881;17;27;6;31;100;0,29;0,33;0;0,05;138,86;138,86;0,79;0,68
4;StudentAttendanceSystem;transition;1881;17;27;9;27;100;0,29;0,6;0;0,08;139,86;139,86;1,12;0,98
4;StudentAttendanceSystem;pair;1881;17;27;25;120;100;0,32;0,11;0,9;0,18;139,86;140,86;2,07;1,51
4;StudentAttendanceSystem;state;1882;27;50;11;61;100;0,58;0,53;0;0,15;140,86;140,86;1,37;1,25
4;StudentAttendanceSystem;transition;1882;27;50;17;49;100;0,51;1,35;0;0,23;141,86;141,86;2,3;2,08
4;StudentAttendanceSystem;pair;1882;27;50;42;234;100;0,45;0,26;1,64;0,45;142,86;143,86;3,6;2,8
4;StudentAttendanceSystem;state;1883;24;45;10;56;100;0,5;0,54;0;0,11;143,86;143,86;1,29;1,15
4;StudentAttendanceSystem;transition;1883;24;45;14;44;100;0,39;0,94;0;0,15;144,86;144,86;1,64;1,49
4;StudentAttendanceSystem;pair;1883;24;45;42;246;100;0,4;0,26;1,68;0,46;145,86;145,86;3,59;2,79
4;StudentAttendanceSystem;state;1884;19;33;7;37;100;0,41;0,47;0;0,06;146,86;146,86;1,06;0,94
4;StudentAttendanceSystem;transition;1884;19;33;11;33;100;0,32;0,61;0;0,1;146,86;147,86;1,17;1,03
4;StudentAttendanceSystem;pair;1884;19;33;32;167;100;0,34;0,2;0,94;0,26;147,86;148,86;2,32;1,74
4;StudentAttendanceSystem;state;1885;21;39;8;42;100;0,4;0,41;0;0,07;148,86;148,86;0,99;0,87
4;StudentAttendanceSystem;transition;1885;21;39;14;38;100;0,37;0,86;0;0,14;149,86;149,86;1,51;1,37
4;StudentAttendanceSystem;pair;1885;21;39;36;194;100;0,36;0,18;1,23;0,29;150,86;150,86;2,75;2,06
4;StudentAttendanceSystem;state;1886;22;41;9;47;100;0,39;0,47;0;0,1;151,86;151,86;1,1;0,96
4;StudentAttendanceSystem;transition;1886;22;41;14;41;100;0,38;0,86;0;0,14;151,86;151,86;1,57;1,38
4;StudentAttendanceSystem;pair;1886;22;41;41;219;100;0,37;0,19;1,38;0,31;152,86;153,86;3;2,25
4;StudentAttendanceSystem;state;1887;22;39;9;49;100;0,38;0,51;0;0,08;153,86;153,86;1,15;0,97
4;StudentAttendanceSystem;transition;1887;22;39;13;39;100;0,34;2,48;0;0,13;154,87;5,87;3,14;2,95
4;StudentAttendanceSystem;pair;1887;22;39;32;167;100;0,37;0,24;1,01;0,24;6,87;6,87;2,57;1,85
4;StudentAttendanceSystem;state;1888;23;45;9;50;100;0,37;0,53;0;0,1;7,87;7,87;1,14;1,01
4;StudentAttendanceSystem;transition;1888;23;45;16;45;100;0,41;0,9;0;0,22;7,87;7,87;1,7;1,53
4;StudentAttendanceSystem;pair;1888;23;45;41;223;100;0,4;0,25;1,63;0,34;9,87;9,87;3,43;2,62
4;StudentAttendanceSystem;state;1889;23;41;9;46;100;0,37;0,35;0;0,08;9,87;9,87;0,92;0,8
4;StudentAttendanceSystem;transition;1889;23;41;15;40;100;0,36;0,93;0;0,14;10,87;10,87;1,59;1,44
4;StudentAttendanceSystem;pair;1889;23;41;38;198;100;0,36;0,21;1,19;0,29;11,87;11,87;2,7;2,06
4;StudentAttendanceSystem;state;1890;24;45;10;56;100;0,43;0,5;0;0,09;12,87;12,87;1,15;1,02
4;StudentAttendanceSystem;transition;1890;24;45;14;44;100;0,41;0,95;0;0,16;13,87;13,87;1,69;1,52
4;StudentAttendanceSystem;pair;1890;24;45;42;246;100;0,4;0,21;1,61;0,37;14,87;14,87;3,35;2,6
4;StudentAttendanceSystem;state;1891;21;40;9;46;100;0,37;0,49;0;0,07;15,87;15,87;1,05;0,93
4;StudentAttendanceSystem;transition;1891;21;40;15;40;100;0,34;0,85;0;0,15;15,87;16,87;1,48;1,34
4;StudentAttendanceSystem;pair;1891;21;40;34;186;100;0,36;0,19;1,19;0,27;16,87;17,87;2,69;2,01
4;StudentAttendanceSystem;state;1892;20;37;8;41;100;0,38;0,4;0;0,07;17,87;17,87;0,98;0,85
4;StudentAttendanceSystem;transition;1892;20;37;13;36;100;0,34;0,83;0;0,14;18,87;18,87;1,47;1,3
4;StudentAttendanceSystem;pair;1892;20;37;32;176;100;0,34;0,19;1,14;0,26;19,87;19,87;2,56;1,93
4;StudentAttendanceSystem;state;1893;26;52;11;61;100;0,44;0,57;0;0,08;20,87;20,87;1,24;1,09
4;StudentAttendanceSystem;transition;1893;26;52;18;52;100;0,28;0,98;0;0,19;20,87;21,87;1,61;1,45
4;StudentAttendanceSystem;pair;1893;26;52;48;268;100;0,34;0,27;1,88;0,43;22,87;22,87;3,81;2,93
4;StudentAttendanceSystem;state;1894;22;41;9;46;100;0,42;0,46;0;0,09;23,87;23,87;1,12;0,98
4;StudentAttendanceSystem;transition;1894;22;41;15;40;100;0,38;0,85;0;0,19;23,87;24,87;1,59;1,42
4;StudentAttendanceSystem;pair;1894;22;41;36;202;100;0,41;0,19;1,29;0,33;25,87;25,87;2,93;2,23
4;StudentAttendanceSystem;state;1895;23;43;10;53;100;0,48;0,46;0;0,1;25,87;25,87;1,19;1,04
4;StudentAttendanceSystem;transition;1895;23;43;15;42;100;0,41;0,96;0;0,16;26,87;26,87;1,74;1,52
4;StudentAttendanceSystem;pair;1895;23;43;39;218;100;0,41;0,21;1,39;0,33;27,87;28,87;3,06;2,34
4;StudentAttendanceSystem;state;1896;23;41;8;43;100;0,44;0,51;0;0,08;28,87;28,87;1,17;1,03
4;StudentAttendanceSystem;transition;1896;23;41;14;40;100;0,36;1,07;0;0,15;29,87;29,87;1,73;1,58
4;StudentAttendanceSystem;pair;1896;23;41;32;181;100;0,41;0,23;1,29;0,32;30,87;30,87;2,9;2,24
4;StudentAttendanceSystem;state;1897;25;50;10;56;100;1,8;0,59;0;0,1;31,87;31,87;2,63;2,49
4;StudentAttendanceSystem;transition;1897;25;50;17;50;100;0,42;1,06;0;0,19;31,87;32,87;1,86;1,67
4;StudentAttendanceSystem;pair;1897;25;50;45;259;100;0,43;0,29;1,68;0,37;33,87;33,87;3,57;2,78
4;StudentAttendanceSystem;state;1898;16;27;6;30;100;0,31;0,4;0;0,05;34,87;34,87;0,87;0,76
4;StudentAttendanceSystem;transition;1898;16;27;9;27;100;0,27;0,6;0;0,08;34,87;34,87;1,09;0,96
4;StudentAttendanceSystem;pair;1898;16;27;21;109;100;0,32;0,14;0,69;0,18;35,87;35,87;1,94;1,33
4;StudentAttendanceSystem;state;1899;23;44;11;59;100;0,41;0,52;0;0,11;36,87;36,87;1,17;1,04
4;StudentAttendanceSystem;transition;1899;23;44;14;44;100;0,4;0,83;0;0,13;36,87;36,87;1,52;1,36
4;StudentAttendanceSystem;pair;1899;23;44;39;219;100;0,39;0,24;1,28;0,36;37,87;38,87;2,97;2,27
4;StudentAttendanceSystem;state;1900;24;46;10;52;100;0,41;0,49;0;0,1;38,87;38,87;1,11;0,99
4;StudentAttendanceSystem;transition;1900;24;46;16;45;100;0,46;0,97;0;0,17;39,87;39,87;1,77;1,6
4;StudentAttendanceSystem;pair;1900;24;46;39;228;100;0,42;0,24;1,48;0,35;40,87;41,87;3,24;2,48
4;StudentAttendanceSystem;state;1901;26;49;11;58;100;0,39;0,5;0;0,11;41,87;41,87;1,14;1
4;StudentAttendanceSystem;transition;1901;26;49;19;48;100;0,47;1,21;0;0,2;42,87;42,87;2,07;1,88
4;StudentAttendanceSystem;pair;1901;26;49;43;223;100;0,41;0,24;1,69;0,33;43,87;44,87;3,41;2,68
4;StudentAttendanceSystem;state;1902;25;47;11;62;100;0,43;0,49;0;0,12;44,87;44,87;1,17;1,05
4;StudentAttendanceSystem;transition;1902;25;47;15;46;100;0,4;0,96;0;0,2;45,87;45,87;1,72;1,56
4;StudentAttendanceSystem;pair;1902;25;47;44;248;100;0,49;0,22;1,75;0,46;46,87;46,87;3,69;2,91
4;StudentAttendanceSystem;state;1903;22;40;9;46;100;0,4;0,45;0;0,09;47,87;47,87;1,09;0,94
4;StudentAttendanceSystem;transition;1903;22;40;14;39;100;0,41;1,03;0;0,14;48,87;48,87;1,76;1,57
4;StudentAttendanceSystem;pair;1903;22;40;33;187;100;0,4;0,21;1,42;0,34;49,87;49,87;3,19;2,37
4;StudentAttendanceSystem;state;1904;17;29;6;30;100;0,32;0,4;0;0,05;49,87;49,87;0,89;0,77
4;StudentAttendanceSystem;transition;1904;17;29;9;29;100;0,36;0,56;0;0,1;50,87;50,87;1,17;1,02
4;StudentAttendanceSystem;pair;1904;17;29;29;148;100;0,31;0,13;0,85;0,21;51,87;51,87;2,03;1,5
4;StudentAttendanceSystem;state;1905;24;45;10;56;100;0,4;0,52;0;0,14;51,87;52,87;1,25;1,07
4;StudentAttendanceSystem;transition;1905;24;45;15;44;100;0,45;0,98;0;0,17;52,87;52,87;1,78;1,6
4;StudentAttendanceSystem;pair;1905;24;45;39;223;100;0,45;0,21;1,41;0,37;53,87;54,87;3,25;2,45
4;StudentAttendanceSystem;state;1906;20;36;8;43;100;0,42;0,44;0;0,08;54,87;54,87;1,13;0,95
4;StudentAttendanceSystem;transition;1906;20;36;12;36;100;0,35;0,87;0;0,12;55,87;55,87;1,55;1,34
4;StudentAttendanceSystem;pair;1906;20;36;29;163;100;0,41;0,2;1,03;0,25;56,87;56,87;2,53;1,89
4;StudentAttendanceSystem;state;1907;21;40;9;50;100;0,36;0,48;0;0,09;57,87;57,87;1,08;0,93
4;StudentAttendanceSystem;transition;1907;21;40;12;40;100;0,41;1;0;0,15;57,87;57,87;1,74;1,56
4;StudentAttendanceSystem;pair;1907;21;40;38;222;100;0,37;0,19;1,41;0,33;58,87;59,87;3,07;2,3
4;StudentAttendanceSystem;state;1908;20;34;8;43;100;0,34;0,41;0;0,07;59,87;59,87;0,95;0,82
4;StudentAttendanceSystem;transition;1908;20;34;11;33;100;0,32;0,73;0;0,17;60,87;60,87;1,38;1,22
4;StudentAttendanceSystem;pair;1908;20;34;32;171;100;0,33;0,18;1,04;0,24;61,87;61,87;2,4;1,79
4;StudentAttendanceSystem;state;1909;22;42;8;43;100;0,38;0,5;0;0,1;61,87;61,87;1,13;0,98
4;StudentAttendanceSystem;transition;1909;22;42;14;42;100;0,53;0,83;0;0,14;62,87;62,87;1,73;1,5
4;StudentAttendanceSystem;pair;1909;22;42;36;210;100;0,45;0,2;1,27;0,42;63,87;64,87;3,04;2,34
4;StudentAttendanceSystem;state;1910;21;41;9;50;100;0,4;0,58;0;0,11;64,87;64,87;1,24;1,09
4;StudentAttendanceSystem;transition;1910;21;41;13;41;100;0,37;0,82;0;0,14;65,87;65,87;1,47;1,32
4;StudentAttendanceSystem;pair;1910;21;41;41;237;100;0,4;0,21;1,56;0,35;66,87;66,87;3,31;2,52
4;StudentAttendanceSystem;state;1911;20;40;8;42;100;0,43;0,45;0;0,08;67,87;67,87;1,1;0,96
4;StudentAttendanceSystem;transition;1911;20;40;14;40;100;0,44;0,83;0;0,13;67,87;67,87;1,57;1,41
4;StudentAttendanceSystem;pair;1911;20;40;39;217;100;0,38;0,23;1,49;0,38;68,87;69,87;3,21;2,48
4;StudentAttendanceSystem;state;1912;25;45;10;53;100;0,43;0,48;0;0,09;69,87;69,87;1,13;1
4;StudentAttendanceSystem;transition;1912;25;45;16;44;100;0,39;1,05;0;0,2;70,87;70,87;1,85;1,65
4;StudentAttendanceSystem;pair;1912;25;45;33;180;100;0,39;0,22;1,19;0,26;71,87;71,87;2,72;2,05
4;StudentAttendanceSystem;state;1913;20;34;8;41;100;0,39;0,41;0;0,07;72,87;72,87;1;0,87
4;StudentAttendanceSystem;transition;1913;20;34;11;34;100;0,36;0,73;0;0,12;72,87;73,87;1,36;1,2
4;StudentAttendanceSystem;pair;1913;20;34;31;161;100;0,35;0,15;1,03;0,25;73,87;74,87;2,43;1,78
4;StudentAttendanceSystem;state;1914;25;48;11;60;100;0,44;0,58;0;0,11;74,87;74,87;1,28;1,14
4;StudentAttendanceSystem;transition;1914;25;48;16;48;100;0,41;0,99;0;0,18;75,87;75,87;1,75;1,57
4;StudentAttendanceSystem;pair;1914;25;48;47;257;100;0,42;0,26;1,83;0,42;76,87;77,87;3,79;2,93
4;StudentAttendanceSystem;state;1915;23;48;10;52;100;0,41;0,52;0;0,11;77,87;77,87;1,2;1,05
4;StudentAttendanceSystem;transition;1915;23;48;17;48;100;0,39;1,02;0;0,2;78,87;78,87;1,78;1,6
4;StudentAttendanceSystem;pair;1915;23;48;44;248;100;0,39;0,28;1,72;0,43;79,87;80,87;3,65;2,82
4;StudentAttendanceSystem;state;1916;23;41;10;54;100;0,39;0,49;0;0,1;80,87;80,87;1,13;0,98
4;StudentAttendanceSystem;transition;1916;23;41;13;41;100;0,42;0,84;0;0,14;81,87;81,87;1,58;1,39
4;StudentAttendanceSystem;pair;1916;23;41;36;190;100;0,41;0,2;1,27;0,31;82,87;82,87;2,92;2,19
4;StudentAttendanceSystem;state;1917;20;32;8;40;100;0,36;0,42;0;0,08;82,87;83,87;1;0,86
4;StudentAttendanceSystem;transition;1917;20;32;12;31;100;0,29;0,75;0;0,14;83,87;83,87;1,34;1,18
4;StudentAttendanceSystem;pair;1917;20;32;20;96;100;0,35;0,15;0,67;0,17;84,87;84,87;1,9;1,34
4;StudentAttendanceSystem;state;1918;22;42;8;43;100;0,37;0,41;0;0,1;84,87;85,87;1,03;0,88
4;StudentAttendanceSystem;transition;1918;22;42;14;42;100;0,37;0,93;0;0,15;85,87;85,87;1,62;1,45
4;StudentAttendanceSystem;pair;1918;22;42;36;210;100;0,39;0,2;1,32;0,38;86,87;87,87;3,07;2,29
4;StudentAttendanceSystem;state;1919;26;51;10;54;100;0,44;0,54;0;0,1;87,87;87,87;1,23;1,08
4;StudentAttendanceSystem;transition;1919;26;51;19;50;100;0,44;1,16;0;0,24;88,87;88,87;2,02;1,84
4;StudentAttendanceSystem;pair;1919;26;51;49;273;100;0,43;0,27;1,96;0,52;89,87;90,87;4,06;3,18
4;StudentAttendanceSystem;state;1920;23;44;9;50;100;0,43;0,54;0;0,12;90,87;90,87;1,25;1,09
4;StudentAttendanceSystem;transition;1920;23;44;15;44;100;0,56;0,98;0;0,16;91,87;91,87;1,9;1,71
4;StudentAttendanceSystem;pair;1920;23;44;38;212;100;0,39;0,21;1,33;0,35;92,87;93,87;3;2,28
4;StudentAttendanceSystem;state;1921;24;47;10;55;100;0,46;0,49;0;0,11;93,87;93,87;1,19;1,05
4;StudentAttendanceSystem;transition;1921;24;47;17;47;100;0,41;1,02;0;0,21;94,87;94,87;1,82;1,64
4;StudentAttendanceSystem;pair;1921;24;47;44;236;100;0,46;0,25;1,69;0,36;95,87;95,87;3,55;2,75
4;StudentAttendanceSystem;state;1922;25;45;10;55;100;0,47;0,56;0;0,1;96,87;96,87;1,26;1,13
4;StudentAttendanceSystem;transition;1922;25;45;16;44;100;0,43;1,05;0;0,2;97,87;97,87;1,86;1,67
4;StudentAttendanceSystem;pair;1922;25;45;38;202;100;0,42;0,2;1,48;0,4;98,87;98,87;3,23;2,49
4;StudentAttendanceSystem;state;1923;20;39;9;47;100;0,38;0,43;0;0,08;99,87;99,87;1,01;0,89
4;StudentAttendanceSystem;transition;1923;20;39;13;39;100;0,39;0,84;0;0,12;99,87;99,87;1,5;1,35
4;StudentAttendanceSystem;pair;1923;20;39;35;191;100;0,37;0,18;1,12;0,31;100,87;101,87;2,67;1,98
4;StudentAttendanceSystem;state;1924;20;36;8;40;100;0,35;0,41;0;0,08;101,87;101,87;0,98;0,84
4;StudentAttendanceSystem;transition;1924;20;36;13;36;100;0,42;0,77;0;0,11;102,87;102,87;1,45;1,3
4;StudentAttendanceSystem;pair;1924;20;36;31;162;100;0,32;0,18;1;0,25;103,87;103,87;2,35;1,75
4;StudentAttendanceSystem;state;1925;24;42;10;56;100;0,4;0,48;0;0,11;103,87;103,87;1,13;1
4;StudentAttendanceSystem;transition;1925;24;42;14;41;100;0,41;0,95;0;0,16;104,87;104,87;1,68;1,52
4;StudentAttendanceSystem;pair;1925;24;42;33;178;100;0,36;0,2;1,08;0,36;105,87;105,87;2,67;2
4;StudentAttendanceSystem;state;1926;20;34;7;37;100;0,36;0,37;0;0,06;106,87;106,87;0,9;0,79
4;StudentAttendanceSystem;transition;1926;20;34;11;33;100;0,34;0,73;0;0,12;106,87;107,87;1,37;1,19
4;StudentAttendanceSystem;pair;1926;20;34;31;163;100;0,34;0,17;0,96;0,24;107,87;108,87;2,3;1,71
4;StudentAttendanceSystem;state;1927;22;37;8;42;100;0,39;0,4;0;0,07;108,87;108,87;0,98;0,86
4;StudentAttendanceSystem;transition;1927;22;37;13;36;100;0,36;0,78;0;0,21;109,87;109,87;1,51;1,35
4;StudentAttendanceSystem;pair;1927;22;37;29;153;100;0,4;0,16;1,02;0,23;110,87;110,87;2,42;1,81
4;StudentAttendanceSystem;state;1928;28;56;11;62;100;0,5;0,58;0;0,16;110,87;111,87;1,4;1,24
4;StudentAttendanceSystem;transition;1928;28;56;20;55;100;0,45;1,23;0;0,23;111,87;111,87;2,11;1,91
4;StudentAttendanceSystem;pair;1928;28;56;52;294;100;0,44;0,31;2,41;0,51;113,87;113,87;4,6;3,66
4;StudentAttendanceSystem;state;1929;26;48;11;60;100;0,47;0,56;0;0,16;114,87;114,87;1,36;1,19
4;StudentAttendanceSystem;transition;1929;26;48;17;47;100;0,46;0,99;0;0,18;115,87;115,87;1,81;1,63
4;StudentAttendanceSystem;pair;1929;26;48;47;245;100;0,46;0,23;1,98;0,37;116,87;116,87;3,83;3,04
4;StudentAttendanceSystem;state;1930;21;40;9;50;100;0,41;0,46;0;0,08;117,87;117,87;1,07;0,95
4;StudentAttendanceSystem;transition;1930;21;40;12;40;100;0,38;0,74;0;0,15;117,87;118,87;1,4;1,26
4;StudentAttendanceSystem;pair;1930;21;40;38;222;100;0,36;0,2;1,32;0,31;119,87;119,87;2,91;2,19
4;StudentAttendanceSystem;state;1931;21;33;8;41;100;0,35;0,39;0;0,07;119,87;119,87;0,93;0,81
4;StudentAttendanceSystem;transition;1931;21;33;11;32;100;0,37;0,67;0;0,11;120,87;120,87;1,29;1,15
4;StudentAttendanceSystem;pair;1931;21;33;27;135;100;0,3;0,15;0,73;0,21;121,87;121,87;1,96;1,39
4;StudentAttendanceSystem;state;1932;21;41;9;48;100;0,43;0,46;0;0,1;121,87;122,87;1,11;0,98
4;StudentAttendanceSystem;transition;1932;21;41;14;41;100;0,34;0,83;0;0,15;122,87;122,87;1,49;1,33
4;StudentAttendanceSystem;pair;1932;21;41;38;204;100;0,38;0,2;1,24;0,31;123,87;124,87;2,86;2,13
4;StudentAttendanceSystem;state;1933;21;38;8;42;100;0,38;0,39;0;0,08;124,87;124,87;0,98;0,85
4;StudentAttendanceSystem;transition;1933;21;38;13;37;100;0,35;0,78;0;0,13;125,87;125,87;1,41;1,27
4;StudentAttendanceSystem;pair;1933;21;38;33;183;100;0,36;0,18;1,21;0,33;126,87;126,87;2,7;2,09
4;StudentAttendanceSystem;state;1934;24;46;9;49;100;0,39;0,47;0;0,08;127,87;127,87;1,08;0,94
4;StudentAttendanceSystem;transition;1934;24;46;15;45;100;0,36;0,91;0;0,17;127,87;127,87;1,59;1,44
4;StudentAttendanceSystem;pair;1934;24;46;45;247;100;0,42;0,23;1,6;0,37;129,87;129,87;3,31;2,62
4;StudentAttendanceSystem;state;1935;21;43;9;45;100;0,44;0,43;0;0,08;129,87;129,87;1,06;0,94
4;StudentAttendanceSystem;transition;1935;21;43;16;43;100;0,35;0,76;0;0,1;130,87;130,87;1,33;1,21
4;StudentAttendanceSystem;pair;1935;21;43;41;227;100;0,35;0,24;1,44;0,4;131,87;132,87;3,14;2,43
4;StudentAttendanceSystem;state;1936;23;42;10;54;100;0,26;0,3;0;0,06;132,87;132,87;0,7;0,62
4;StudentAttendanceSystem;transition;1936;23;42;14;42;100;0,23;0,58;0;0,09;133,87;133,87;1;0,9
4;StudentAttendanceSystem;pair;1936;23;42;39;205;100;0,27;0,15;1,13;0,28;134,87;134,87;2,34;1,83
4;StudentAttendanceSystem;state;1937;23;43;9;50;100;0,35;0,32;0;0,06;135,87;135,87;0,82;0,72
4;StudentAttendanceSystem;transition;1937;23;43;14;43;100;0,24;0,59;0;0,1;135,87;135,87;1,03;0,93
4;StudentAttendanceSystem;pair;1937;23;43;34;194;100;0,24;0,2;0,89;0,19;137,87;137,87;2,05;1,52
4;StudentAttendanceSystem;state;1938;22;42;9;48;100;0,25;0,28;0;0,05;137,87;137,87;0,65;0,58
4;StudentAttendanceSystem;transition;1938;22;42;13;42;100;0,36;0,53;0;0,09;138,87;138,87;1,07;0,97
4;StudentAttendanceSystem;pair;1938;22;42;41;225;100;0,38;0,17;1,01;0,21;139,87;139,87;2,4;1,78
4;StudentAttendanceSystem;state;1939;26;52;11;59;100;0,44;0,51;0;0,11;140,87;140,87;1,18;1,06
4;StudentAttendanceSystem;transition;1939;26;52;18;52;100;0,43;1,05;0;0,18;141,87;141,87;1,83;1,66
4;StudentAttendanceSystem;pair;1939;26;52;44;254;100;0,41;0,32;1,92;0,4;142,87;143,87;3,94;3,06
4;StudentAttendanceSystem;state;1940;24;45;10;55;100;0,41;0,55;0;0,11;143,87;143,87;1,23;1,07
4;StudentAttendanceSystem;transition;1940;24;45;15;45;100;0,5;1,14;0;0,21;144,87;144,87;2,06;1,86
4;StudentAttendanceSystem;pair;1940;24;45;38;210;100;0,5;0,29;1,66;0,3;145,87;145,87;3,45;2,76
4;StudentAttendanceSystem;state;1941;30;60;13;72;100;0,54;0,76;0;0,14;146,87;146,87;1,6;1,44
4;StudentAttendanceSystem;transition;1941;30;60;21;59;100;0,47;1,36;0;0,31;147,87;147,87;2,39;2,15
4;StudentAttendanceSystem;pair;1941;30;60;61;339;100;0,63;0,44;3,17;0,57;149,87;149,87;5,97;4,82
4;StudentAttendanceSystem;state;1942;25;48;11;58;100;0,45;0,57;0;0,11;150,87;150,87;1,28;1,13
4;StudentAttendanceSystem;transition;1942;25;48;17;48;100;0,39;1,15;0;0,16;150,87;150,87;3,4;1,69
4;StudentAttendanceSystem;pair;1942;25;48;40;220;100;0,43;0,27;1,5;0,32;152,87;152,87;3,26;2,51
4;StudentAttendanceSystem;state;1943;20;31;7;36;100;0,38;0,4;0;0,08;152,87;152,87;1,05;0,86
4;StudentAttendanceSystem;transition;1943;20;31;11;30;100;0,33;0,67;0;0,11;153,87;153,87;1,27;1,12
4;StudentAttendanceSystem;pair;1943;20;31;23;110;100;0,29;0,14;3,57;0,18;154,96;5,96;4,75;4,19
4;StudentAttendanceSystem;state;1944;20;37;8;41;100;0,42;0,46;0;0,08;5,96;5,96;1,13;0,96
4;StudentAttendanceSystem;transition;1944;20;37;13;37;100;0,38;0,88;0;0,15;6,96;6,96;1,6;1,4
4;StudentAttendanceSystem;pair;1944;20;37;32;174;100;0,36;0,2;1,27;0,3;7,96;7,96;2,84;2,14
4;StudentAttendanceSystem;state;1945;22;42;9;45;100;0,42;0,5;0;0,1;8,96;8,96;1,16;1,02
4;StudentAttendanceSystem;transition;1945;22;42;16;41;100;0,4;1,03;0;0,16;8,96;8,96;1,76;1,58
4;StudentAttendanceSystem;pair;1945;22;42;38;204;100;0,68;0,23;1,48;0,35;10,96;10,96;3,53;2,74
4;StudentAttendanceSystem;state;1946;25;49;10;56;100;0,44;0,56;0;0,1;10,96;10,96;1,24;1,1
4;StudentAttendanceSystem;transition;1946;25;49;16;49;100;0,51;0,99;0;0,19;11,96;11,96;1,88;1,69
4;StudentAttendanceSystem;pair;1946;25;49;42;244;100;0,44;0,32;1,87;0,44;12,96;13,96;4,03;3,07
4;StudentAttendanceSystem;state;1947;19;35;8;43;100;0,4;0,48;0;0,08;13,96;13,96;1,11;0,96
4;StudentAttendanceSystem;transition;1947;19;35;11;35;100;0,35;0,73;0;0,13;14,96;14,96;1,37;1,2
4;StudentAttendanceSystem;pair;1947;19;35;34;190;100;0,33;0,17;1,16;0,29;15,96;15,96;2,63;1,95
4;StudentAttendanceSystem;state;1948;20;37;8;43;100;0,37;0,47;0;0,08;16,96;16,96;1,1;0,92
4;StudentAttendanceSystem;transition;1948;20;37;13;37;100;0,4;0,79;0;0,18;16,96;16,96;1,58;1,36
4;StudentAttendanceSystem;pair;1948;20;37;32;178;100;0,35;0,17;1,12;0,27;17,96;18,96;2,49;1,9
4;StudentAttendanceSystem;state;1949;21;37;8;40;100;0,43;0,39;0;0,09;18,96;18,96;1,08;0,91
4;StudentAttendanceSystem;transition;1949;21;37;13;36;100;0,36;0,81;0;0,12;19,96;19,96;1,48;1,29
4;StudentAttendanceSystem;pair;1949;21;37;33;173;100;0,34;0,19;1,2;0,27;20,96;20,96;2,66;1,99
4;StudentAttendanceSystem;state;1950;25;48;10;51;100;0,42;0,56;0;0,09;20,96;20,96;1,21;1,07
4;StudentAttendanceSystem;transition;1950;25;48;19;47;100;0,41;1,16;0;0,21;21,96;21,96;1,97;1,78
4;StudentAttendanceSystem;pair;1950;25;48;44;236;100;0,44;0,3;1,86;0,43;22,96;23,96;3,87;3,04
4;StudentAttendanceSystem;state;1951;24;44;9;48;100;0,43;0,58;0;0,11;23,96;23,96;1,28;1,12
4;StudentAttendanceSystem;transition;1951;24;44;16;43;100;0,4;1,04;0;0,2;24,96;24,96;1,83;1,64
4;StudentAttendanceSystem;pair;1951;24;44;39;211;100;0,35;0,24;1,71;0,38;25,96;26,96;3,46;2,69
4;StudentAttendanceSystem;state;1952;26;50;11;62;100;0,5;0,6;0;0,13;26,96;26,96;1,39;1,23
4;StudentAttendanceSystem;transition;1952;26;50;16;49;100;0,46;1,25;0;0,22;27,96;27,96;2,13;1,93
4;StudentAttendanceSystem;pair;1952;26;50;43;255;100;0,46;0,34;1,96;0,44;28,96;29,96;4,07;3,19
4;StudentAttendanceSystem;state;1953;18;33;7;36;100;0,4;0,41;0;0,07;29,96;29,96;1,05;0,88
4;StudentAttendanceSystem;transition;1953;18;33;11;33;100;0,32;0,78;0;0,11;30,96;30,96;1,38;1,21
4;StudentAttendanceSystem;pair;1953;18;33;29;159;100;0,33;0,17;1,22;0,26;31,96;31,96;2,6;1,98
4;StudentAttendanceSystem;state;1954;23;43;9;49;100;0,42;0,48;0;0,09;31,96;31,96;1,11;0,98
4;StudentAttendanceSystem;transition;1954;23;43;14;42;100;0,39;1,09;0;0,19;32,96;32,96;1,86;1,67
4;StudentAttendanceSystem;pair;1954;23;43;38;224;100;0,39;0,23;1,59;0,38;33,96;33,96;3,46;2,59
4;StudentAttendanceSystem;state;1955;21;41;9;46;100;0,43;0,52;0;0,09;34,96;34,96;1,18;1,04
4;StudentAttendanceSystem;transition;1955;21;41;14;41;100;0,37;0,86;0;0,13;35,96;35,96;1,55;1,36
4;StudentAttendanceSystem;pair;1955;21;41;37;213;100;0,41;0,24;1,47;0,31;36,96;36,96;3,14;2,43
4;StudentAttendanceSystem;state;1956;27;53;11;59;100;0,51;0,55;0;0,1;37,96;37,96;1,29;1,16
4;StudentAttendanceSystem;transition;1956;27;53;20;52;100;0,45;1,17;0;0,23;37,96;38,96;2,04;1,85
4;StudentAttendanceSystem;pair;1956;27;53;47;257;100;0,43;0,29;2,04;0,42;39,96;39,96;4,12;3,18
4;StudentAttendanceSystem;state;1957;21;35;8;43;100;0,36;0,43;0;0,08;40,96;40,96;1,02;0,86
4;StudentAttendanceSystem;transition;1957;21;35;12;34;100;0,37;0,8;0;0,15;40,96;40,96;1,51;1,32
4;StudentAttendanceSystem;pair;1957;21;35;26;140;100;0,37;0,21;1,11;0,21;41,96;41,96;2,51;1,91
4;StudentAttendanceSystem;state;1958;24;46;10;56;100;0,46;0,57;0;0,11;42,96;42,96;1,28;1,14
4;StudentAttendanceSystem;transition;1958;24;46;15;45;100;0,41;0,97;0;0,21;43,96;43,96;1,76;1,59
4;StudentAttendanceSystem;pair;1958;24;46;45;261;100;0,44;0,24;1,83;0,44;44,96;44,96;3,75;2,94
4;StudentAttendanceSystem;state;1959;19;32;7;36;100;0,37;0,39;0;0,07;45,96;45,96;0,97;0,83
4;StudentAttendanceSystem;transition;1959;19;32;11;31;100;0,33;0,69;0;0,11;45,96;45,96;1,27;1,13
4;StudentAttendanceSystem;pair;1959;19;32;26;136;100;0,3;0,15;0,82;0,19;46,96;47,96;2,03;1,46
4;StudentAttendanceSystem;state;1960;21;36;8;40;100;0,33;0,5;0;0,07;47,96;47,96;1,03;0,91
4;StudentAttendanceSystem;transition;1960;21;36;14;35;100;0,4;0,9;0;0,14;48,96;48,96;1,62;1,45
4;StudentAttendanceSystem;pair;1960;21;36;32;157;100;0,32;0,17;1,16;0,22;49,96;49,96;2,46;1,87
4;StudentAttendanceSystem;state;1961;28;57;12;63;100;0,5;0,55;0;0,12;49,96;49,96;1,32;1,17
4;StudentAttendanceSystem;transition;1961;28;57;20;56;100;0,45;1,29;0;0,21;50,96;50,96;2,18;1,96
4;StudentAttendanceSystem;pair;1961;28;57;57;317;100;0,51;0,34;2,66;0,57;52,96;52,96;5,06;4,08
4;StudentAttendanceSystem;state;1962;16;28;6;31;100;0,34;0,37;0;0,07;53,96;53,96;0,94;0,77
4;StudentAttendanceSystem;transition;1962;16;28;9;28;100;0,27;0,51;0;0,08;53,96;53,96;1,02;0,87
4;StudentAttendanceSystem;pair;1962;16;28;28;142;100;0,26;0,21;0,8;0,21;54,96;54,96;2,06;1,49
4;StudentAttendanceSystem;state;1963;20;32;7;37;100;0,36;0,38;0;0,06;55,96;55,96;0,9;0,8
4;StudentAttendanceSystem;transition;1963;20;32;11;31;100;0,31;0,73;0;0,11;55,96;55,96;1,29;1,14
4;StudentAttendanceSystem;pair;1963;20;32;29;140;100;0,36;0,13;0,87;0,23;56,96;56,96;2,18;1,6
4;StudentAttendanceSystem;state;1964;23;46;9;48;100;0,49;0,49;0;0,08;57,96;57,96;1,19;1,06
4;StudentAttendanceSystem;transition;1964;23;46;17;46;100;0,38;1;0;0,18;58,96;58,96;1,76;1,57
4;StudentAttendanceSystem;pair;1964;23;46;45;249;100;0,43;0,22;1,45;0,44;59,96;59,96;3,36;2,54
4;StudentAttendanceSystem;state;1965;22;39;9;50;100;0,45;0,53;0;0,09;60,96;60,96;1,21;1,07
4;StudentAttendanceSystem;transition;1965;22;39;12;38;100;0,62;0,88;0;0,2;60,96;60,96;1,95;1,7
4;StudentAttendanceSystem;pair;1965;22;39;35;199;100;0,39;0,2;1,24;0,34;61,96;62,96;2,84;2,17
4;StudentAttendanceSystem;state;1966;27;50;12;63;100;0,48;0,6;0;0,12;62,96;62,96;1,39;1,2
4;StudentAttendanceSystem;transition;1966;27;50;18;49;100;0,45;1,09;0;0,18;63,96;63,96;1,94;1,73
4;StudentAttendanceSystem;pair;1966;27;50;45;239;100;0,44;0,29;1,77;0,4;64,96;65,96;3,79;2,9
4;StudentAttendanceSystem;state;1967;22;44;8;43;100;0,44;0,49;0;0,08;65,96;65,96;1,17;1,02
4;StudentAttendanceSystem;transition;1967;22;44;16;44;100;0,43;0,91;0;0,16;66,96;66,96;1,67;1,49
4;StudentAttendanceSystem;pair;1967;22;44;42;236;100;0,43;0,39;1,84;0,36;67,96;68,96;3,95;3
4;StudentAttendanceSystem;state;1968;18;32;7;37;100;0,36;0,54;0;0,08;68,96;68,96;1,14;0,98
4;StudentAttendanceSystem;transition;1968;18;32;10;32;100;0,42;0,88;0;0,09;69,96;69,96;1,54;1,39
4;StudentAttendanceSystem;pair;1968;18;32;27;153;100;0,31;1,84;0,98;0,26;69,96;70,96;4,11;3,4
4;StudentAttendanceSystem;state;1969;21;39;8;42;100;0,4;0,44;0;0,08;70,96;70,96;1,08;0,93
4;StudentAttendanceSystem;transition;1969;21;39;14;39;100;0,37;0,83;0;0,13;71,96;71,96;1,51;1,33
4;StudentAttendanceSystem;pair;1969;21;39;34;184;100;0,36;0,22;1,23;0,3;72,96;72,96;2,82;2,12
4;StudentAttendanceSystem;state;1970;29;57;12;67;100;0,51;0,68;0;0,14;73,96;73,96;1,48;1,33
4;StudentAttendanceSystem;transition;1970;29;57;19;56;100;0,51;1,36;0;0,25;74,96;74,96;2,35;2,13
4;StudentAttendanceSystem;pair;1970;29;57;55;315;100;0,45;0,39;2,74;0,59;75,96;76,96;5,19;4,17
4;StudentAttendanceSystem;state;1971;24;45;10;56;100;0,44;0,55;0;0,13;76,96;76,96;1,28;1,12
4;StudentAttendanceSystem;transition;1971;24;45;15;44;100;0,43;1,15;0;0,2;77,96;77,96;1,97;1,78
4;StudentAttendanceSystem;pair;1971;24;45;40;226;100;0,41;0,26;1,63;0,41;78,96;78,96;3,53;2,71
4;StudentAttendanceSystem;state;1972;24;44;9;48;100;0,46;0,45;0;0,11;79,96;79,96;1,17;1,02
4;StudentAttendanceSystem;transition;1972;24;44;16;43;100;0,4;1,07;0;0,2;80,96;80,96;1,87;1,66
4;StudentAttendanceSystem;pair;1972;24;44;38;206;100;0,44;0,24;1,65;0,37;81,96;81,96;3,49;2,7
4;StudentAttendanceSystem;state;1973;21;36;8;43;100;0,38;0,45;0;0,09;82,96;82,96;1,08;0,92
4;StudentAttendanceSystem;transition;1973;21;36;13;35;100;0,36;0,87;0;0,16;82,96;82,96;1,6;1,39
4;StudentAttendanceSystem;pair;1973;21;36;29;155;100;0,38;0,18;1,13;0,27;83,96;83,96;2,61;1,96
4;StudentAttendanceSystem;state;1974;28;55;12;64;100;0,46;0,55;0;0,13;84,96;84,96;1,3;1,14
4;StudentAttendanceSystem;transition;1974;28;55;20;54;100;0,48;1,22;0;0,23;85,96;85,96;2,19;1,93
4;StudentAttendanceSystem;pair;1974;28;55;53;289;100;0,42;0,36;2,53;0,5;86,96;87,96;4,85;3,82
4;StudentAttendanceSystem;state;1975;27;53;12;68;100;0,56;0,54;0;0,13;87,96;87,96;1,39;1,23
4;StudentAttendanceSystem;transition;1975;27;53;17;52;100;0,55;1,13;0;0,2;88,96;88,96;2,08;1,88
4;StudentAttendanceSystem;pair;1975;27;53;51;295;100;0,51;0,3;2,34;1,07;90,96;90,96;5,13;4,23
4;StudentAttendanceSystem;state;1976;26;49;12;65;100;0,48;0,61;0;0,13;91,96;91,96;1,37;1,21
4;StudentAttendanceSystem;transition;1976;26;49;16;48;100;0,4;1,14;0;0,21;91,96;92,96;1,95;1,75
4;StudentAttendanceSystem;pair;1976;26;49;43;243;100;0,42;0,26;1,91;0,44;93,96;93,96;3,91;3,04
4;StudentAttendanceSystem;state;1977;24;48;10;53;100;0,45;0,52;0;0,11;94,96;94,96;1,21;1,07
4;StudentAttendanceSystem;transition;1977;24;48;17;48;100;0,39;1,05;0;0,2;94,96;95,96;1,84;1,64
4;StudentAttendanceSystem;pair;1977;24;48;51;281;100;0,39;0,3;2,09;0,46;96,96;96,96;4,18;3,25
4;StudentAttendanceSystem;state;1978;29;57;12;67;100;0,5;0,56;0;0,13;97,96;97,96;1,38;1,19
4;StudentAttendanceSystem;transition;1978;29;57;20;56;100;0,48;1,33;0;0,23;98,96;98,96;2,26;2,05
4;StudentAttendanceSystem;pair;1978;29;57;52;292;100;0,49;0,33;2,37;0,5;99,96;100,96;4,68;3,69
4;StudentAttendanceSystem;state;1979;22;43;8;43;100;0,43;0,5;0;0,15;100,96;100,96;1,24;1,09
4;StudentAttendanceSystem;transition;1979;22;43;15;42;100;0,39;0,91;0;0,18;101,96;101,96;1,68;1,49
4;StudentAttendanceSystem;pair;1979;22;43;40;228;100;0,37;0,21;1,68;0,35;102,96;102,96;3,34;2,61
4;StudentAttendanceSystem;state;1980;25;50;11;58;100;0,45;0,53;0;0,11;103,96;103,96;1,25;1,1
4;StudentAttendanceSystem;transition;1980;25;50;19;50;100;0,41;1,07;0;0,2;104,96;104,96;1,88;1,68
4;StudentAttendanceSystem;pair;1980;25;50;46;246;100;0,5;0,28;2,03;0,37;105,96;105,96;3,97;3,18
4;StudentAttendanceSystem;state;1981;23;41;9;47;100;0,39;0,41;0;0,09;106,96;106,96;1,03;0,89
4;StudentAttendanceSystem;transition;1981;23;41;15;40;100;0,36;0,95;0;0,18;107,96;107,96;1,71;1,49
4;StudentAttendanceSystem;pair;1981;23;41;41;211;100;0,34;0,21;1,56;0,36;108,96;108,96;3,23;2,48
4;StudentAttendanceSystem;state;1982;25;47;11;60;100;0,4;0,53;0;0,12;109,96;109,96;1,23;1,06
4;StudentAttendanceSystem;transition;1982;25;47;15;47;100;0,38;0,93;0;0,16;109,96;109,96;1,69;1,47
4;StudentAttendanceSystem;pair;1982;25;47;44;242;100;0,43;0,23;3,66;0,4;111,96;111,96;5,57;4,72
4;StudentAttendanceSystem;state;1983;22;43;9;46;100;0,41;0,41;0;0,11;111,96;112,96;1,1;0,93
4;StudentAttendanceSystem;transition;1983;22;43;16;43;100;0,45;0,91;0;0,17;112,96;112,96;1,72;1,52
4;StudentAttendanceSystem;pair;1983;22;43;42;227;100;0,41;0,24;1,74;0,62;113,96;114,96;3,88;3,02
4;StudentAttendanceSystem;state;1984;21;39;8;42;100;0,41;0,45;0;0,08;114,96;114,96;1,1;0,94
4;StudentAttendanceSystem;transition;1984;21;39;14;39;100;0,39;0,88;0;0,14;115,96;115,96;1,6;1,41
4;StudentAttendanceSystem;pair;1984;21;39;34;186;100;0,37;0,19;1,17;0,33;116,96;116,96;2,75;2,06
4;StudentAttendanceSystem;state;1985;20;37;8;41;100;0,41;0,42;0;0,08;117,96;117,96;1,04;0,9
4;StudentAttendanceSystem;transition;1985;20;37;13;37;100;0,33;0,74;0;0,15;117,96;117,96;1,39;1,22
4;StudentAttendanceSystem;pair;1985;20;37;32;174;100;0,35;0,18;1,05;0,25;118,96;118,96;2,52;1,81
4;StudentAttendanceSystem;state;1986;26;48;11;58;100;0,41;0,48;0;0,11;119,96;119,96;1,14;1
4;StudentAttendanceSystem;transition;1986;26;48;17;47;100;0,4;1,15;0;0,19;120,96;120,96;1,95;1,73
4;StudentAttendanceSystem;pair;1986;26;48;43;227;100;0,38;0,24;1,7;0,35;121,96;121,96;3,41;2,67
4;StudentAttendanceSystem;state;1987;23;43;10;52;100;0,39;0,44;0;0,1;122,96;122,96;1,08;0,93
4;StudentAttendanceSystem;transition;1987;23;43;15;42;100;0,35;0,88;0;0,18;123,96;123,96;1,57;1,4
4;StudentAttendanceSystem;pair;1987;23;43;40;210;100;0,37;0,2;1,45;0,39;124,96;124,96;3,14;2,41
4;StudentAttendanceSystem;state;1988;21;38;9;49;100;0,37;0,47;0;0,09;125,96;125,96;1,09;0,93
4;StudentAttendanceSystem;transition;1988;21;38;13;38;100;0,39;0,83;0;0,14;125,96;125,96;1,54;1,36
4;StudentAttendanceSystem;pair;1988;21;38;30;162;100;0,35;0,19;1,01;0,25;126,96;126,96;2,47;1,79
4;StudentAttendanceSystem;state;1989;26;51;11;62;100;0,45;0,56;0;0,12;127,96;127,96;1,28;1,13
4;StudentAttendanceSystem;transition;1989;26;51;17;50;100;0,39;1,11;0;0,2;128,96;128,96;1,89;1,7
4;StudentAttendanceSystem;pair;1989;26;51;46;270;100;0,41;0,29;2,15;0,42;129,96;130,96;4,09;3,27
4;StudentAttendanceSystem;state;1990;26;51;11;60;100;0,5;0,56;0;0,12;130,96;130,96;1,38;1,18
4;StudentAttendanceSystem;transition;1990;26;51;17;50;100;0,44;1,06;0;0,2;131,96;131,96;1,91;1,7
4;StudentAttendanceSystem;pair;1990;26;51;46;264;100;0,42;0,31;2,18;0,48;132,96;133,96;4,26;3,39
4;StudentAttendanceSystem;state;1991;21;39;8;42;100;0,37;0,4;0;0,08;133,96;133,96;0,99;0,85
4;StudentAttendanceSystem;transition;1991;21;39;14;39;100;0,33;0,85;0;0,15;134,96;134,96;1,52;1,34
4;StudentAttendanceSystem;pair;1991;21;39;35;187;100;0,36;0,18;1,28;0,32;135,96;135,96;2,8;2,14
4;StudentAttendanceSystem;state;1992;23;42;9;49;100;0,39;0,49;0;0,1;136,96;136,96;1,13;0,98
4;StudentAttendanceSystem;transition;1992;23;42;15;41;100;0,41;1,02;0;0,18;136,96;136,96;1,81;1,61
4;StudentAttendanceSystem;pair;1992;23;42;36;202;100;0,4;0,21;1,5;0,38;137,96;138,96;3,26;2,49
4;StudentAttendanceSystem;state;1993;23;40;9;47;100;0,45;0,46;0;0,09;138,96;138,96;1,15;1,01
4;StudentAttendanceSystem;transition;1993;23;40;14;39;100;0,38;1,02;0;0,2;139,96;139,96;1,79;1,6
4;StudentAttendanceSystem;pair;1993;23;40;38;200;100;0,39;0,23;1,39;0,31;140,96;140,96;3,06;2,32
4;StudentAttendanceSystem;state;1994;21;38;8;43;100;0,38;0,42;0;0,08;141,96;141,96;1,03;0,88
4;StudentAttendanceSystem;transition;1994;21;38;12;38;100;0,31;0,74;0;0,14;141,96;141,96;1,36;1,19
4;StudentAttendanceSystem;pair;1994;21;38;35;195;100;0,39;0,18;1,29;0,31;142,96;143,96;2,99;2,18
4;StudentAttendanceSystem;state;1995;25;47;10;53;100;0,43;0,52;0;0,11;143,96;143,96;1,2;1,06
4;StudentAttendanceSystem;transition;1995;25;47;17;46;100;0,41;1,13;0;0,21;144,96;144,96;1,97;1,76
4;StudentAttendanceSystem;pair;1995;25;47;48;258;100;0,47;0,28;2,07;0,46;145,96;146,96;4,25;3,27
4;StudentAttendanceSystem;state;1996;21;41;8;43;100;0,41;0,52;0;0,08;146,96;146,96;1,17;1,02
4;StudentAttendanceSystem;transition;1996;21;41;13;41;100;0,38;0,95;0;0,15;147,96;147,96;1,69;1,48
4;StudentAttendanceSystem;pair;1996;21;41;41;223;100;0,39;0,25;1,72;0,4;148,96;148,96;3,61;2,77
4;StudentAttendanceSystem;state;1997;22;39;8;43;100;0,42;0,4;0;0,09;149,96;149,96;1,05;0,91
4;StudentAttendanceSystem;transition;1997;22;39;14;38;100;0,42;0,88;0;0,21;149,96;150,96;1,69;1,5
4;StudentAttendanceSystem;pair;1997;22;39;38;198;100;0,33;0,19;1,45;0,31;151,96;151,96;2,92;2,27
4;StudentAttendanceSystem;state;1998;24;44;9;48;100;0,47;0,44;0;0,35;151,96;151,96;1,41;1,25
4;StudentAttendanceSystem;transition;1998;24;44;16;43;100;0,39;1,02;0;0,17;152,96;152,96;1,77;1,58
4;StudentAttendanceSystem;pair;1998;24;44;39;211;100;0,45;0,21;1,65;2,05;153,96;154,96;5,31;4,36
4;StudentAttendanceSystem;state;1999;17;32;7;35;100;0,36;0,38;0;0,07;5,9;5,9;0,96;0,82
4;StudentAttendanceSystem;transition;1999;17;32;11;32;100;0,34;0,69;0;0,13;6,9;6,9;1,34;1,16
4;StudentAttendanceSystem;pair;1999;17;32;29;157;100;0,39;0,18;1,01;0,32;6,9;7,9;2,6;1,9
4;StudentAttendanceSystem;state;2000;20;35;8;39;100;0,38;0,42;0;0,08;7,9;7,9;1,02;0,88
4;StudentAttendanceSystem;transition;2000;20;35;13;35;100;0,39;0,84;0;0,14;8,9;8,9;1,55;1,36
4;StudentAttendanceSystem;pair;2000;20;35;27;138;100;0,42;0,15;0,85;0,2;9,9;9,9;2,28;1,62
4;StudentAttendanceSystem;state;2001;19;35;8;43;100;0,36;0,42;0;0,08;9,9;9,9;0,99;0,86
4;StudentAttendanceSystem;transition;2001;19;35;11;35;100;0,4;0,83;0;0,12;10,9;10,9;1,52;1,35
4;StudentAttendanceSystem;pair;2001;19;35;34;190;100;0,32;0,17;1,24;0,32;11,9;11,9;2,84;2,04
4;StudentAttendanceSystem;state;2002;28;53;12;64;100;0,53;0,7;0;0,15;12,9;12,9;1,54;1,38
4;StudentAttendanceSystem;transition;2002;28;53;19;52;100;0,48;1,41;0;0,23;13,9;13,9;2,34;2,12
4;StudentAttendanceSystem;pair;2002;28;53;44;244;100;0,5;0,39;2,07;0,47;14,9;14,9;4,37;3,43
4;StudentAttendanceSystem;state;2003;22;42;10;56;100;0,47;0,43;0;0,15;15,9;15,9;1,2;1,05
4;StudentAttendanceSystem;transition;2003;22;42;13;42;100;0,42;0,83;0;0,16;15,9;16,9;1,6;1,42
4;StudentAttendanceSystem;pair;2003;22;42;40;224;100;0,41;0,21;1,49;0,32;17,9;17,9;3,15;2,44
4;StudentAttendanceSystem;state;2004;20;34;8;41;100;0,36;0,37;0;0,07;17,9;17,9;0,94;0,81
4;StudentAttendanceSystem;transition;2004;20;34;11;34;100;0,35;0,69;0;0,11;18,9;18,9;1,36;1,15
4;StudentAttendanceSystem;pair;2004;20;34;30;158;100;0,32;0,18;1,07;0,26;19,9;19,9;2,54;1,83
4;StudentAttendanceSystem;state;2005;23;42;9;47;100;0,41;0,5;0;0,09;20,9;20,9;1,14;1
4;StudentAttendanceSystem;transition;2005;23;42;15;41;100;0,34;0,86;0;0,22;20,9;20,9;1,64;1,42
4;StudentAttendanceSystem;pair;2005;23;42;35;195;100;0,36;0,21;1,42;0,34;21,9;22,9;3,06;2,33
4;StudentAttendanceSystem;state;2006;27;54;12;66;100;0,48;0,56;0;0,12;22,9;22,9;1,31;1,17
4;StudentAttendanceSystem;transition;2006;27;54;18;54;100;0,47;1,19;0;0,2;23,9;23,9;2,06;1,86
4;StudentAttendanceSystem;pair;2006;27;54;54;304;100;0,45;0,32;2,38;0,48;25,9;25,9;4,51;3,62
4;StudentAttendanceSystem;state;2007;29;58;12;67;100;0,63;0,63;0;0,15;26,9;26,9;1,63;1,4
4;StudentAttendanceSystem;transition;2007;29;58;21;57;100;0,45;1,44;0;0,24;27,9;27,9;2,39;2,13
4;StudentAttendanceSystem;pair;2007;29;58;55;307;100;0,49;0,34;2,59;0,51;28,9;29,9;4,93;3,93
4;StudentAttendanceSystem;state;2008;19;34;8;40;100;0,39;0,37;0;0,08;29,9;29,9;0,99;0,85
4;StudentAttendanceSystem;transition;2008;19;34;13;34;100;0,32;0,73;0;0,14;30,9;30,9;1,37;1,19
4;StudentAttendanceSystem;pair;2008;19;34;28;143;100;0,34;0,17;0,93;0,22;31,9;31,9;2,34;1,67
4;StudentAttendanceSystem;state;2009;22;40;8;42;100;0,4;0,41;0;0,12;31,9;31,9;1,07;0,93
4;StudentAttendanceSystem;transition;2009;22;40;13;39;100;0,35;0,77;0;0,15;32,9;32,9;1,43;1,27
4;StudentAttendanceSystem;pair;2009;22;40;39;215;100;0,34;0,24;1,58;0,33;33,9;33,9;3,17;2,48
4;StudentAttendanceSystem;state;2010;24;46;10;55;100;0,5;0,46;0;0,1;34,9;34,9;1,2;1,06
4;StudentAttendanceSystem;transition;2010;24;46;16;46;100;0,39;1,15;0;0,17;35,9;35,9;1,88;1,71
4;StudentAttendanceSystem;pair;2010;24;46;41;225;100;0,37;0,26;1,61;0,37;36,9;36,9;3,4;2,61
4;StudentAttendanceSystem;state;2011;25;47;11;62;100;0,43;0,5;0;0,11;37,9;37,9;1,2;1,04
4;StudentAttendanceSystem;transition;2011;25;47;15;46;100;0,45;1,05;0;0,24;37,9;38,9;1,95;1,75
4;StudentAttendanceSystem;pair;2011;25;47;43;245;100;0,42;0,29;1,74;0,44;39,9;39,9;3,69;2,89
4;StudentAttendanceSystem;state;2012;22;41;9;48;100;0,38;0,46;0;0,09;40,9;40,9;1,07;0,94
4;StudentAttendanceSystem;transition;2012;22;41;15;41;100;0,36;0,86;0;0,16;40,9;40,9;1,55;1,37
4;StudentAttendanceSystem;pair;2012;22;41;36;186;100;0,44;0,2;1,24;0,3;41,9;42,9;2,85;2,18
4;StudentAttendanceSystem;state;2013;18;31;7;35;100;0,38;0,35;0;0,06;42,9;42,9;0,92;0,79
4;StudentAttendanceSystem;transition;2013;18;31;11;31;100;0,34;0,66;0;0,11;43,9;43,9;1,27;1,11
4;StudentAttendanceSystem;pair;2013;18;31;25;127;100;0,3;0,15;0,78;0,19;43,9;44,9;2,03;1,42
4;StudentAttendanceSystem;state;2014;21;34;8;41;100;0,34;0,42;0;0,09;44,9;44,9;1,01;0,85
4;StudentAttendanceSystem;transition;2014;21;34;12;33;100;0,33;0,81;0;0,14;45,9;45,9;1,44;1,27
4;StudentAttendanceSystem;pair;2014;21;34;32;153;100;0,33;0,16;1,05;0,24;46,9;46,9;3,12;1,78
4;StudentAttendanceSystem;state;2015;26;50;10;54;100;0,45;0,54;0;0,12;46,9;46,9;1,28;1,1
4;StudentAttendanceSystem;transition;2015;26;50;17;49;100;0,47;1,18;0;0,21;47,9;47,9;2,05;1,85
4;StudentAttendanceSystem;pair;2015;26;50;49;277;100;0,42;0,28;2,33;0,47;49,9;49,9;4,41;3,51
4;StudentAttendanceSystem;state;2016;23;39;9;47;100;0,42;0,45;0;0,11;49,9;50,9;1,11;0,98
4;StudentAttendanceSystem;transition;2016;23;39;13;38;100;0,35;0,84;0;0,18;50,9;50,9;1,56;1,37
4;StudentAttendanceSystem;pair;2016;23;39;35;185;100;0,34;0,19;1,36;0,3;51,9;51,9;2,93;2,19
4;StudentAttendanceSystem;state;2017;15;26;6;29;100;0,3;0,29;0;0,05;52,9;52,9;0,76;0,64
4;StudentAttendanceSystem;transition;2017;15;26;9;26;100;0,29;0,59;0;0,08;52,9;52,9;1,11;0,96
4;StudentAttendanceSystem;pair;2017;15;26;22;110;100;0,29;0,12;0,69;0,16;53,9;53,9;1,71;1,26
4;StudentAttendanceSystem;state;2018;26;52;11;60;100;0,52;0,52;0;0,13;54,9;54,9;1,33;1,17
4;StudentAttendanceSystem;transition;2018;26;52;18;51;100;0,43;1,17;0;0,21;55,9;55,9;2;1,81
4;StudentAttendanceSystem;pair;2018;26;52;49;275;100;0,42;0,3;2,29;0,52;56,9;56,9;4,41;3,54
4;StudentAttendanceSystem;state;2019;18;30;7;34;100;0,32;0,31;0;0,06;57,9;57,9;0,81;0,69
4;StudentAttendanceSystem;transition;2019;18;30;11;30;100;0,28;0,61;0;0,1;57,9;57,9;1,13;0,99
4;StudentAttendanceSystem;pair;2019;18;30;25;118;100;0,28;0,14;0,8;0,18;58,9;58,9;1,88;1,4
4;StudentAttendanceSystem;state;2020;27;51;11;61;100;0,45;0,54;0;0,18;59,9;59,9;1,29;1,16
4;StudentAttendanceSystem;transition;2020;27;51;18;50;100;0,41;1,11;0;0,21;60,9;60,9;1,94;1,73
4;StudentAttendanceSystem;pair;2020;27;51;44;242;100;0,43;0,29;1,9;0,44;61,9;61,9;3,86;3,06
4;StudentAttendanceSystem;state;2021;22;42;9;45;100;0,43;0,42;0;0,09;62,9;62,9;1,1;0,94
4;StudentAttendanceSystem;transition;2021;22;42;16;41;100;0,36;0,88;0;0,17;63,9;63,9;1,57;1,41
4;StudentAttendanceSystem;pair;2021;22;42;37;199;100;0,4;0,22;1,52;0,32;64,9;64,9;3,14;2,46
4;StudentAttendanceSystem;state;2022;26;50;10;54;100;0,44;0,55;0;0,11;65,9;65,9;1,23;1,1
4;StudentAttendanceSystem;transition;2022;26;50;18;49;100;0,41;1,12;0;0,22;65,9;66,9;1,94;1,76
4;StudentAttendanceSystem;pair;2022;26;50;46;258;100;0,42;0,29;2,22;0,47;67,9;67,9;4,21;3,39
4;StudentAttendanceSystem;state;2023;24;43;10;50;100;0,45;0,46;0;0,14;68,9;68,9;1,19;1,05
4;StudentAttendanceSystem;transition;2023;24;43;16;42;100;0,38;1,02;0;0,18;68,9;69,9;1,77;1,59
4;StudentAttendanceSystem;pair;2023;24;43;39;205;100;0,39;0,22;1,53;0,42;70,9;70,9;3,31;2,57
4;StudentAttendanceSystem;state;2024;23;46;9;48;100;0,46;0,47;0;0,14;70,9;70,9;1,26;1,08
4;StudentAttendanceSystem;transition;2024;23;46;16;46;100;0,43;0,97;0;0,22;71,9;71,9;1,8;1,62
4;StudentAttendanceSystem;pair;2024;23;46;48;268;100;0,39;2;1,66;0,37;72,9;73,9;5,2;4,41
4;StudentAttendanceSystem;state;2025;19;33;7;36;100;0,32;0,34;0;0,06;73,9;73,9;0,84;0,72
4;StudentAttendanceSystem;transition;2025;19;33;12;33;100;0,29;0,62;0;0,11;74,9;74,9;1,16;1,02
4;StudentAttendanceSystem;pair;2025;19;33;29;148;100;0,28;0,14;0,81;0,2;75,9;75,9;2,03;1,42
4;StudentAttendanceSystem;state;2026;25;46;10;55;100;0,37;0,43;0;0,1;75,9;76,9;1,02;0,9
4;StudentAttendanceSystem;transition;2026;25;46;17;45;100;0,45;0,86;0;0,17;76,9;76,9;1,67;1,48
4;StudentAttendanceSystem;pair;2026;25;46;40;208;100;0,38;0,2;1,32;0,29;77,9;78,9;2,83;2,18
4;StudentAttendanceSystem;state;2027;22;40;9;50;100;0,34;0,42;0;0,09;78,9;78,9;0,97;0,85
4;StudentAttendanceSystem;transition;2027;22;40;13;39;100;0,32;0,71;0;0,14;79,9;79,9;1,33;1,17
4;StudentAttendanceSystem;pair;2027;22;40;38;214;100;0,32;0,25;1,28;0,29;80,9;80,9;2,73;2,14
4;StudentAttendanceSystem;state;2028;20;33;7;37;100;0,3;0,3;0;0,06;81,9;81,9;0,79;0,67
4;StudentAttendanceSystem;transition;2028;20;33;12;32;100;0,26;0,61;0;0,11;81,9;81,9;1,11;0,98
4;StudentAttendanceSystem;pair;2028;20;33;31;151;100;0,26;0,13;0,93;0,21;82,9;83,9;2,03;1,53
4;StudentAttendanceSystem;state;2029;23;41;9;46;100;0,31;0,39;0;0,08;83,9;83,9;0,89;0,78
4;StudentAttendanceSystem;transition;2029;23;41;15;40;100;0,29;0,85;0;0,14;84,9;84,9;1,45;1,29
4;StudentAttendanceSystem;pair;2029;23;41;37;193;100;0,35;0,17;1,25;0,27;85,9;85,9;2,63;2,04
4;StudentAttendanceSystem;state;2030;23;45;10;51;100;0,41;0,45;0;0,09;86,9;86,9;1,05;0,94
4;StudentAttendanceSystem;transition;2030;23;45;15;45;100;0,34;0,76;0;0,14;86,9;86,9;1,39;1,24
4;StudentAttendanceSystem;pair;2030;23;45;43;235;100;0,4;0,24;1,51;0,35;88,9;88,9;3,14;2,5
4;StudentAttendanceSystem;state;2031;22;39;8;42;100;0,41;0,36;0;0,08;88,9;88,9;0,96;0,84
4;StudentAttendanceSystem;transition;2031;22;39;15;38;100;0,32;0,78;0;0,14;89,9;89,9;1,39;1,24
4;StudentAttendanceSystem;pair;2031;22;39;34;176;100;0,31;0,18;1,06;0,24;90,9;90,9;2,36;1,79
4;StudentAttendanceSystem;state;2032;22;39;9;50;100;0,42;0,36;0;0,08;91,9;91,9;0,97;0,86
4;StudentAttendanceSystem;transition;2032;22;39;12;39;100;0,3;0,75;0;0,13;91,9;92,9;1,31;1,17
4;StudentAttendanceSystem;pair;2032;22;39;35;186;100;0,3;0,17;1,09;0,28;93,9;93,9;2,42;1,85
4;StudentAttendanceSystem;state;2033;21;35;8;43;100;0,31;0,34;0;0,08;93,9;93,9;0,87;0,73
4;StudentAttendanceSystem;transition;2033;21;35;12;34;100;0,27;0,73;0;0,13;94,9;94,9;1,26;1,12
4;StudentAttendanceSystem;pair;2033;21;35;26;140;100;0,31;0,14;0,81;0,21;95,9;95,9;1,96;1,47
4;StudentAttendanceSystem;state;2034;26;50;10;54;100;0,37;0,43;0;0,1;95,9;96,9;1,05;0,89
4;StudentAttendanceSystem;transition;2034;26;50;18;49;100;0,36;1,05;0;0,29;96,9;96,9;1,87;1,7
4;StudentAttendanceSystem;pair;2034;26;50;45;257;100;0,48;0,25;1,89;0,4;98,9;98,9;3,81;3,02
4;StudentAttendanceSystem;state;2035;19;32;7;37;100;0,31;0,29;0;0,07;98,9;99,9;0,8;0,67
4;StudentAttendanceSystem;transition;2035;19;32;11;31;100;0,29;0,55;0;0,1;99,9;99,9;1,1;0,94
4;StudentAttendanceSystem;pair;2035;19;32;26;136;100;0,28;0,13;0,73;0,17;100,9;100,9;1,79;1,3
4;StudentAttendanceSystem;state;2036;16;28;6;31;100;0,25;0,27;0;0,05;101,9;101,9;0,68;0,57
4;StudentAttendanceSystem;transition;2036;16;28;9;28;100;0,27;0,5;0;0,07;101,9;101,9;0,97;0,84
4;StudentAttendanceSystem;pair;2036;16;28;29;146;100;0,23;0,14;0,73;0,18;102,9;102,9;1,74;1,28
4;StudentAttendanceSystem;state;2037;24;43;9;48;100;0,39;0,43;0;0,09;103,9;103,9;1,06;0,91
4;StudentAttendanceSystem;transition;2037;24;43;15;42;100;0,31;0,79;0;0,15;103,9;103,9;1,4;1,25
4;StudentAttendanceSystem;pair;2037;24;43;36;200;100;0,39;0,18;1,19;0,27;104,9;105,9;2,71;2,04
4;StudentAttendanceSystem;state;2038;23;40;9;45;100;0,31;0,35;0;0,08;105,9;105,9;0,87;0,74
4;StudentAttendanceSystem;transition;2038;23;40;15;39;100;0,3;0,72;0;0,14;106,9;106,9;1,31;1,17
4;StudentAttendanceSystem;pair;2038;23;40;31;162;100;0,29;0,21;0,93;0,22;107,9;107,9;2,18;1,66
4;StudentAttendanceSystem;state;2039;21;34;8;39;100;0,25;0,31;0;0,06;108,9;108,9;0,72;0,62
4;StudentAttendanceSystem;transition;2039;21;34;13;33;100;0,25;0,59;0;0,1;108,9;108,9;1,11;0,94
4;StudentAttendanceSystem;pair;2039;21;34;22;109;100;0,27;0,13;0,58;0,19;109,9;109,9;1,64;1,17
4;StudentAttendanceSystem;state;2040;22;43;9;48;100;0,32;0,4;0;0,08;110,9;110,9;0,95;0,8
4;StudentAttendanceSystem;transition;2040;22;43;14;43;100;0,41;0,71;0;0,13;110,9;110,9;1,43;1,25
4;StudentAttendanceSystem;pair;2040;22;43;44;236;100;0,33;0,22;1,33;0,37;112,9;112,9;2,93;2,25
4;StudentAttendanceSystem;state;2041;26;50;10;54;100;0,38;0,44;0;0,12;112,9;113,9;1,08;0,94
4;StudentAttendanceSystem;transition;2041;26;50;18;49;100;0,37;0,97;0;0,21;113,9;113,9;1,73;1,55
4;StudentAttendanceSystem;pair;2041;26;50;46;258;100;0,43;0,24;1,77;0,37;115,9;115,9;3,51;2,81
4;StudentAttendanceSystem;state;2042;20;31;7;36;100;0,3;0,28;0;0,07;115,9;116,9;0,76;0,64
4;StudentAttendanceSystem;transition;2042;20;31;11;30;100;0,25;0,65;0;0,11;116,9;116,9;1,14;1,01
4;StudentAttendanceSystem;pair;2042;20;31;21;103;100;0,25;0,11;0,54;0,13;117,9;117,9;1,49;1,04
4;StudentAttendanceSystem;state;2043;21;38;8;39;100;0,29;0,31;0;0,06;117,9;118,9;0,79;0,66
4;StudentAttendanceSystem;transition;2043;21;38;14;37;100;0,3;0,8;0;0,12;118,9;118,9;1,35;1,21
4;StudentAttendanceSystem;pair;2043;21;38;37;189;100;0,27;0,19;1,3;0,25;119,9;119,9;2,53;2
4;StudentAttendanceSystem;state;2044;26;48;11;58;100;0,4;0,4;0;0,09;120,9;120,9;1;0,89
4;StudentAttendanceSystem;transition;2044;26;48;18;47;100;0,33;0,93;0;0,19;121,9;121,9;1,61;1,46
4;StudentAttendanceSystem;pair;2044;26;48;40;208;100;0,36;0,21;1,34;0,28;122,9;122,9;2,83;2,19
4;StudentAttendanceSystem;state;2045;24;43;9;50;100;0,35;0,41;0;0,08;123,9;123,9;0,96;0,84
4;StudentAttendanceSystem;transition;2045;24;43;15;42;100;0,31;0,77;0;0,15;123,9;124,9;1,39;1,24
4;StudentAttendanceSystem;pair;2045;24;43;35;185;100;0,32;0,17;1,18;0,25;125,9;125,9;2,51;1,93
4;StudentAttendanceSystem;state;2046;26;48;11;56;100;0,35;0,42;0;0,09;125,9;125,9;0,99;0,86
4;StudentAttendanceSystem;transition;2046;26;48;17;47;100;0,34;1,09;0;0,16;126,9;126,9;1,78;1,59
4;StudentAttendanceSystem;pair;2046;26;48;42;232;100;0,33;0,21;1,41;0,35;127,9;128,9;3;2,31
4;StudentAttendanceSystem;state;2047;23;42;9;47;100;0,33;0,35;0;0,08;128,9;128,9;0,87;0,77
4;StudentAttendanceSystem;transition;2047;23;42;15;41;100;0,31;0,75;0;0,15;129,9;129,9;1,36;1,22
4;StudentAttendanceSystem;pair;2047;23;42;36;198;100;0,3;0,19;1,23;0,29;130,9;130,9;2,58;2,01
4;StudentAttendanceSystem;state;2048;22;44;9;46;100;0,37;0,37;0;0,08;131,9;131,9;0,93;0,82
4;StudentAttendanceSystem;transition;2048;22;44;15;44;100;0,34;0,74;0;0,14;132,9;132,9;1,37;1,22
4;StudentAttendanceSystem;pair;2048;22;44;43;233;100;0,32;0,2;1,43;0,37;133,9;133,9;2,97;2,32
4;StudentAttendanceSystem;state;2049;23;39;9;47;100;0,32;0,4;0;0,08;134,9;134,9;0,93;0,81
4;StudentAttendanceSystem;transition;2049;23;39;13;38;100;0,3;0,7;0;0,13;134,9;134,9;1,26;1,12
4;StudentAttendanceSystem;pair;2049;23;39;35;185;100;0,31;0,17;1,07;0,28;135,9;136,9;2,4;1,83
4;StudentAttendanceSystem;state;2050;28;56;11;62;100;0,4;0,48;0;0,11;136,9;136,9;1,16;0,99
4;StudentAttendanceSystem;transition;2050;28;56;20;55;100;0,42;1,08;0;0,23;137,9;137,9;1,95;1,73
4;StudentAttendanceSystem;pair;2050;28;56;52;294;100;0,39;0,29;2,1;0,48;139,9;139,9;4,05;3,26
4;StudentAttendanceSystem;state;2051;27;53;12;66;100;0,41;0,47;0;0,11;140,9;140,9;1,12;0,99
4;StudentAttendanceSystem;transition;2051;27;53;17;53;100;0,39;0,96;0;0,17;140,9;140,9;1,68;1,52
4;StudentAttendanceSystem;pair;2051;27;53;51;289;100;0,38;0,28;1,94;0,42;142,9;142,9;3,84;3,03
4;StudentAttendanceSystem;state;2052;21;41;9;48;100;0,34;0,42;0;0,08;143,9;143,9;0,97;0,84
4;StudentAttendanceSystem;transition;2052;21;41;14;41;100;0,31;0,75;0;0,12;143,9;143,9;1,33;1,19
4;StudentAttendanceSystem;pair;2052;21;41;38;204;100;0,32;0,27;1,18;0,28;145,9;145,9;2,66;2,04
4;StudentAttendanceSystem;state;2053;24;44;9;48;100;0,36;0,39;0;0,09;145,9;145,9;0,97;0,84
4;StudentAttendanceSystem;transition;2053;24;44;16;43;100;0,33;0,93;0;0,16;146,9;146,9;1,6;1,42
4;StudentAttendanceSystem;pair;2053;24;44;39;211;100;0,33;0,22;1,39;0,33;147,9;148,9;2,9;2,27
4;StudentAttendanceSystem;state;2054;26;50;10;54;100;0,38;0,43;0;0,09;148,9;148,9;1,01;0,9
4;StudentAttendanceSystem;transition;2054;26;50;18;49;100;0,35;0,96;0;0,18;149,9;149,9;1,65;1,5
4;StudentAttendanceSystem;pair;2054;26;50;46;258;100;0,36;0,27;1,69;0,38;150,9;151,9;3,46;2,7
4;StudentAttendanceSystem;state;2055;27;55;11;58;100;0,42;0,47;0;0,11;151,9;151,9;1,12;1
4;StudentAttendanceSystem;transition;2055;27;55;19;54;100;0,39;1,02;0;0,19;152,9;152,9;1,78;1,61
4;StudentAttendanceSystem;pair;2055;27;55;54;304;100;0,38;0,29;14,62;0,49;155,08;6,08;16,59;15,78
4;StudentAttendanceSystem;state;2056;23;46;9;48;100;0,4;0,42;0;0,09;7,08;7,08;1,05;0,91
4;StudentAttendanceSystem;transition;2056;23;46;16;46;100;0,41;0,9;0;0,18;7,08;7,08;1,65;1,48
4;StudentAttendanceSystem;pair;2056;23;46;48;268;100;0,35;0,24;1,68;0,4;9,08;9,08;3,34;2,67
4;StudentAttendanceSystem;state;2057;30;59;13;72;100;0,44;0,62;0;0,22;10,08;10,08;1,48;1,28
4;StudentAttendanceSystem;transition;2057;30;59;20;58;100;0,4;1,11;0;0,26;10,08;11,08;2,02;1,77
4;StudentAttendanceSystem;pair;2057;30;59;58;324;100;0,4;0,31;2,44;0,5;12,08;13,08;4,44;3,64
4;StudentAttendanceSystem;state;2058;20;38;8;41;100;0,35;0,35;0;0,07;13,08;13,08;0,88;0,77
4;StudentAttendanceSystem;transition;2058;20;38;14;38;100;0,3;0,7;0;0,13;14,08;14,08;1,28;1,14
4;StudentAttendanceSystem;pair;2058;20;38;35;189;100;0,35;0,17;1,11;0,26;15,08;15,08;2,52;1,9
4;StudentAttendanceSystem;state;2059;18;28;7;35;100;0,26;0,31;0;0,07;15,08;16,08;0,76;0,65
4;StudentAttendanceSystem;transition;2059;18;28;9;28;100;0,26;0,52;0;0,09;16,08;16,08;1;0,87
4;StudentAttendanceSystem;pair;2059;18;28;25;118;100;0,23;0,17;0,66;0,18;17,08;17,08;1,66;1,24
4;StudentAttendanceSystem;state;2060;26;49;11;56;100;0,39;0,47;0;0,12;17,08;18,08;1,09;0,98
4;StudentAttendanceSystem;transition;2060;26;49;18;48;100;0,35;0,88;0;0,19;18,08;18,08;1,58;1,43
4;StudentAttendanceSystem;pair;2060;26;49;47;253;100;0,41;0,23;1,76;0,35;20,08;20,08;3,46;2,77
4;StudentAttendanceSystem;state;2061;22;39;9;50;100;0,37;0,38;0;0,08;20,08;21,08;0,94;0,82
4;StudentAttendanceSystem;transition;2061;22;39;12;38;100;0,33;0,73;0;0,14;21,08;21,08;1,34;1,2
4;StudentAttendanceSystem;pair;2061;22;39;35;199;100;0,3;0,17;1,2;0,27;22,08;23,08;2,55;1,95
4;StudentAttendanceSystem;state;2062;27;52;11;59;100;0,4;0,51;0;0,09;23,08;23,08;1,11;1,01
4;StudentAttendanceSystem;transition;2062;27;52;19;51;100;0,37;0,96;0;0,19;24,08;24,08;1,68;1,51
4;StudentAttendanceSystem;pair;2062;27;52;43;240;100;0,35;0,26;1,6;0,35;25,08;26,08;3,27;2,57
4;StudentAttendanceSystem;state;2063;29;57;12;67;100;0,41;0,52;0;0,13;26,08;26,08;1,18;1,06
4;StudentAttendanceSystem;transition;2063;29;57;20;56;100;0,4;1,1;0;0,25;27,08;27,08;1,92;1,75
4;StudentAttendanceSystem;pair;2063;29;57;52;292;100;0,39;0,29;2,09;0,44;29,08;29,08;4;3,21
4;StudentAttendanceSystem;state;2064;22;40;8;42;100;0,34;0,41;0;0,08;30,08;30,08;0,95;0,83
4;StudentAttendanceSystem;transition;2064;22;40;13;39;100;0,3;0,7;0;0,13;30,08;30,08;1,29;1,13
4;StudentAttendanceSystem;pair;2064;22;40;39;215;100;0,32;0,18;1,3;0,3;31,08;32,08;2,73;2,1
4;StudentAttendanceSystem;state;2065;21;35;8;41;100;0,31;0,36;0;0,07;32,08;32,08;0,84;0,73
4;StudentAttendanceSystem;transition;2065;21;35;13;34;100;0,26;0,67;0;0,12;33,08;33,08;1,17;1,05
4;StudentAttendanceSystem;pair;2065;21;35;33;161;100;0,27;0,15;0,91;0,22;34,08;34,08;2,06;1,55
4;StudentAttendanceSystem;state;2066;21;40;9;46;100;0,32;0,34;0;0,07;34,08;34,08;0,83;0,73
4;StudentAttendanceSystem;transition;2066;21;40;15;40;100;0,3;0,74;0;0,13;35,08;35,08;1,31;1,17
4;StudentAttendanceSystem;pair;2066;21;40;36;194;100;0,3;0,16;1,16;0,26;36,08;36,08;2,49;1,89
4;StudentAttendanceSystem;state;2067;25;50;11;58;100;0,37;0,5;0;0,11;37,08;37,08;1,11;0,98
4;StudentAttendanceSystem;transition;2067;25;50;18;50;100;0,35;0,92;0;0,17;38,08;38,08;1,59;1,44
4;StudentAttendanceSystem;pair;2067;25;50;49;265;100;0,35;0,26;1,78;0,41;39,08;40,08;3,48;2,8
4;StudentAttendanceSystem;state;2068;23;42;8;43;100;0,35;0,37;0;0,08;40,08;40,08;0,91;0,8
4;StudentAttendanceSystem;transition;2068;23;42;15;41;100;0,32;0,84;0;0,15;41,08;41,08;1,46;1,31
4;StudentAttendanceSystem;pair;2068;23;42;35;193;100;0,37;0,18;1,24;0,27;42,08;42,08;2,69;2,06
4;StudentAttendanceSystem;state;2069;25;48;9;49;100;0,39;0,43;0;0,09;43,08;43,08;1,03;0,91
4;StudentAttendanceSystem;transition;2069;25;48;17;47;100;0,38;0,91;0;0,19;43,08;44,08;1,64;1,48
4;StudentAttendanceSystem;pair;2069;25;48;43;245;100;0,35;0,27;1,67;0,36;45,08;45,08;3,36;2,65
4;StudentAttendanceSystem;state;2070;27;55;12;64;100;0,45;0,49;0;0,11;46,08;46,08;1,18;1,05
4;StudentAttendanceSystem;transition;2070;27;55;20;55;100;0,38;1,02;0;0,19;47,08;47,08;1,77;1,6
4;StudentAttendanceSystem;pair;2070;27;55;50;282;100;0,39;0,31;2,09;0,4;48,08;48,08;4,1;3,19
4;StudentAttendanceSystem;state;2071;20;32;7;36;100;0,39;0,31;0;0,06;49,08;49,08;0,88;0,76
4;StudentAttendanceSystem;transition;2071;20;32;12;31;100;0,25;2,49;0;0,11;49,08;50,08;3,03;2,85
4;StudentAttendanceSystem;pair;2071;20;32;26;125;100;0,3;0,13;0,74;0,18;50,08;51,08;1,8;1,34
4;StudentAttendanceSystem;state;2072;22;39;8;43;100;0,31;0,34;0;0,08;51,08;51,08;0,84;0,73
4;StudentAttendanceSystem;transition;2072;22;39;14;38;100;0,32;0,77;0;0,14;52,08;52,08;1,37;1,23
4;StudentAttendanceSystem;pair;2072;22;39;37;193;100;0,3;0,16;1,15;0,27;53,08;53,08;2,43;1,88
4;StudentAttendanceSystem;state;2073;27;52;11;61;100;0,37;0,51;0;0,11;54,08;54,08;1,14;0,99
4;StudentAttendanceSystem;transition;2073;27;52;18;51;100;0,36;1,05;0;0,24;54,08;55,08;1,82;1,66
4;StudentAttendanceSystem;pair;2073;27;52;51;279;100;0,42;0,37;1,96;0,41;56,08;56,08;3,93;3,16
4;StudentAttendanceSystem;state;2074;26;51;11;60;100;0,43;0,5;0;0,11;57,08;57,08;1,17;1,04
4;StudentAttendanceSystem;transition;2074;26;51;17;50;100;0,39;0,94;0;0,18;58,08;58,08;1,69;1,52
4;StudentAttendanceSystem;pair;2074;26;51;46;264;100;0,36;0,25;2;0,38;59,08;59,08;3,71;2,99
4;StudentAttendanceSystem;state;2075;23;43;10;54;100;0,37;0,39;0;0,09;60,08;60,08;0,98;0,84
4;StudentAttendanceSystem;transition;2075;23;43;15;43;100;0,31;0,78;0;0,14;61,08;61,08;1,38;1,24
4;StudentAttendanceSystem;pair;2075;23;43;43;221;100;0,33;0,2;1,37;0,29;62,08;62,08;2,86;2,19
4;StudentAttendanceSystem;state;2076;21;41;8;42;100;0,32;0,38;0;0,07;63,08;63,08;0,88;0,78
4;StudentAttendanceSystem;transition;2076;21;41;13;41;100;0,3;0,69;0;0,12;63,08;63,08;1,26;1,12
4;StudentAttendanceSystem;pair;2076;21;41;42;238;100;0,32;0,23;1,39;0,33;64,08;65,08;2,9;2,26
4;StudentAttendanceSystem;state;2077;23;44;9;50;100;0,35;0,39;0;0,08;65,08;65,08;0,93;0,82
4;StudentAttendanceSystem;transition;2077;23;44;15;44;100;0,36;0,77;0;0,14;66,08;66,08;1,42;1,27
4;StudentAttendanceSystem;pair;2077;23;44;38;208;100;0,34;0,2;1,2;0,32;67,08;67,08;2,68;2,05
4;StudentAttendanceSystem;state;2078;28;57;13;69;100;0,44;0,6;0;0,12;68,08;68,08;1,29;1,16
4;StudentAttendanceSystem;transition;2078;28;57;20;57;100;0,41;1,07;0;0,26;69,08;69,08;1,91;1,74
4;StudentAttendanceSystem;pair;2078;28;57;56;314;100;0,39;0,29;2,21;0,43;71,08;71,08;4,19;3,33
4;StudentAttendanceSystem;state;2079;25;44;10;55;100;0,36;0,43;0;0,1;71,08;72,08;1,05;0,89
4;StudentAttendanceSystem;transition;2079;25;44;15;43;100;0,33;0,82;0;0,15;72,08;72,08;1,45;1,3
4;StudentAttendanceSystem;pair;2079;25;44;34;184;100;0,37;0,19;1,12;0,27;73,08;74,08;2,58;1,96
4;StudentAttendanceSystem;state;2080;28;54;11;62;100;0,4;0,57;0;0,12;74,08;74,08;1,21;1,09
4;StudentAttendanceSystem;transition;2080;28;54;18;53;100;0,38;0,99;0;0,2;75,08;75,08;1,76;1,57
4;StudentAttendanceSystem;pair;2080;28;54;46;268;100;0,38;0,26;1,85;0,45;76,08;77,08;3,72;2,93
4;StudentAttendanceSystem;state;2081;22;43;8;43;100;0,36;0,37;0;0,08;77,08;77,08;0,92;0,81
4;StudentAttendanceSystem;transition;2081;22;43;15;43;100;0,37;0,77;0;0,15;78,08;78,08;1,44;1,29
4;StudentAttendanceSystem;pair;2081;22;43;39;225;100;0,35;0,19;1,28;0,36;79,08;80,08;2,81;2,18
4;StudentAttendanceSystem;state;2082;25;45;10;55;100;0,36;0,42;0;0,11;80,08;80,08;1,01;0,89
4;StudentAttendanceSystem;transition;2082;25;45;15;44;100;0,34;0,89;0;0,15;81,08;81,08;1,53;1,38
4;StudentAttendanceSystem;pair;2082;25;45;41;217;100;0,36;0,19;1,39;0,35;82,08;82,08;2,93;2,3
4;StudentAttendanceSystem;state;2083;24;43;9;50;100;0,36;0,37;0;0,11;83,08;83,08;0,96;0,85
4;StudentAttendanceSystem;transition;2083;24;43;15;42;100;0,32;0,81;0;0,16;84,08;84,08;1,42;1,28
4;StudentAttendanceSystem;pair;2083;24;43;36;193;100;0,31;0,18;1,16;0,31;85,08;85,08;2,56;1,97
4;StudentAttendanceSystem;state;2084;26;53;11;59;100;0,38;0,48;0;0,11;86,08;86,08;1,08;0,97
4;StudentAttendanceSystem;transition;2084;26;53;19;53;100;0,36;0,94;0;0,18;86,08;86,08;1,67;1,47
4;StudentAttendanceSystem;pair;2084;26;53;47;265;100;0,4;0,27;1,78;0,39;88,08;88,08;3,55;2,84
4;StudentAttendanceSystem;state;2085;22;43;8;43;100;0,38;0,38;0;0,08;89,08;89,08;0,95;0,84
4;StudentAttendanceSystem;transition;2085;22;43;15;43;100;0,32;0,76;0;0,14;89,08;89,08;1,37;1,22
4;StudentAttendanceSystem;pair;2085;22;43;39;221;100;0,34;0,19;1,46;0,3;91,08;91,08;2,89;2,29
4;StudentAttendanceSystem;state;2086;24;46;10;54;100;0,37;0,4;0;0,09;91,08;91,08;0,98;0,86
4;StudentAttendanceSystem;transition;2086;24;46;16;45;100;0,34;0,84;0;0,16;92,08;92,08;1,49;1,34
4;StudentAttendanceSystem;pair;2086;24;46;42;228;100;0,33;0,23;1,43;0,32;93,08;94,08;2,96;2,31
4;StudentAttendanceSystem;state;2087;24;47;10;53;100;0,39;0,42;0;0,1;94,08;94,08;1,03;0,91
4;StudentAttendanceSystem;transition;2087;24;47;17;47;100;0,34;0,91;0;0,17;95,08;95,08;1,57;1,42
4;StudentAttendanceSystem;pair;2087;24;47;40;222;100;0,33;0,25;1,48;0,32;96,08;97,08;3,05;2,38
4;StudentAttendanceSystem;state;2088;24;46;10;54;100;0,36;0,39;0;0,1;97,08;97,08;1,01;0,85
4;StudentAttendanceSystem;transition;2088;24;46;16;45;100;0,33;0,89;0;0,16;98,08;98,08;1,54;1,38
4;StudentAttendanceSystem;pair;2088;24;46;42;228;100;0,36;0,2;1,45;0,31;99,08;99,08;2,96;2,31
4;StudentAttendanceSystem;state;2089;18;32;7;33;100;0,32;0,28;0;0,05;100,08;100,08;0,75;0,65
4;StudentAttendanceSystem;transition;2089;18;32;11;32;100;0,24;0,5;0;0,08;100,08;100,08;0,95;0,82
4;StudentAttendanceSystem;pair;2089;18;32;30;153;100;0,27;0,16;0,77;0,19;101,08;101,08;1,86;1,39
4;StudentAttendanceSystem;state;2090;22;36;9;44;100;0,31;0,31;0;0,07;102,08;102,08;0,79;0,69
4;StudentAttendanceSystem;transition;2090;22;36;13;35;100;0,26;0,62;0;0,11;103,08;103,08;1,13;1
4;StudentAttendanceSystem;pair;2090;22;36;28;141;100;0,29;0,16;0,78;0,21;103,08;104,08;1,97;1,44
4;StudentAttendanceSystem;state;2091;24;46;10;55;100;0,35;0,4;0;0,09;104,08;104,08;0,95;0,85
4;StudentAttendanceSystem;transition;2091;24;46;15;46;100;0,32;0,84;0;0,15;105,08;105,08;1,46;1,31
4;StudentAttendanceSystem;pair;2091;24;46;44;240;100;0,33;0,24;1,41;0,34;106,08;107,08;2,94;2,32
4;StudentAttendanceSystem;state;2092;25;52;11;57;100;0,38;0,45;0;0,1;107,08;107,08;1,04;0,93
4;StudentAttendanceSystem;transition;2092;25;52;18;52;100;0,37;0,91;0;0,16;108,08;108,08;1,6;1,44
4;StudentAttendanceSystem;pair;2092;25;52;53;293;100;0,36;0,38;2,07;0,42;109,08;110,08;4,04;3,24
4;StudentAttendanceSystem;state;2093;22;38;8;43;100;0,33;0,34;0;0,07;110,08;110,08;0,86;0,74
4;StudentAttendanceSystem;transition;2093;22;38;13;37;100;0,29;0,73;0;0,13;111,08;111,08;1,28;1,15
4;StudentAttendanceSystem;pair;2093;22;38;35;187;100;0,3;0,16;1,14;0,26;112,08;112,08;2,46;1,87
4;StudentAttendanceSystem;state;2094;21;38;8;42;100;0,34;0,36;0;0,11;113,08;113,08;0,93;0,81
4;StudentAttendanceSystem;transition;2094;21;38;13;37;100;0,3;0,72;0;0,12;113,08;113,08;1,28;1,14
4;StudentAttendanceSystem;pair;2094;21;38;32;178;100;0,31;0,17;1,03;0,26;114,08;115,08;2,31;1,78
4;StudentAttendanceSystem;state;2095;28;56;11;62;100;0,45;0,49;0;0,11;115,08;115,08;1,18;1,05
4;StudentAttendanceSystem;transition;2095;28;56;20;55;100;0,38;1,09;0;0,21;116,08;116,08;1,86;1,68
4;StudentAttendanceSystem;pair;2095;28;56;52;294;100;0,39;0,34;2,06;0,49;118,08;118,08;4,1;3,28
4;StudentAttendanceSystem;state;2096;24;43;10;50;100;0,38;0,37;0;0,08;118,08;119,08;0,96;0,83
4;StudentAttendanceSystem;transition;2096;24;43;16;42;100;0,31;0,8;0;0,14;119,08;119,08;1,4;1,25
4;StudentAttendanceSystem;pair;2096;24;43;40;210;100;0,33;0,18;1,33;0,29;120,08;121,08;2,85;2,12
4;StudentAttendanceSystem;state;2097;26;50;10;54;100;0,4;0,43;0;0,1;121,08;121,08;1,06;0,93
4;StudentAttendanceSystem;transition;2097;26;50;17;49;100;0,42;0,94;0;0,18;122,08;122,08;1,73;1,55
4;StudentAttendanceSystem;pair;2097;26;50;49;281;100;0,39;0,27;2,07;0,41;123,08;124,08;3,95;3,13
4;StudentAttendanceSystem;state;2098;22;45;9;49;100;0,37;0,37;0;0,09;124,08;124,08;0,96;0,83
4;StudentAttendanceSystem;transition;2098;22;45;15;45;100;0,35;0,83;0;0,15;125,08;125,08;1,47;1,32
4;StudentAttendanceSystem;pair;2098;22;45;42;238;100;0,32;0,21;1,39;0,41;126,08;127,08;3,12;2,34
4;StudentAttendanceSystem;state;2099;23;44;9;50;100;0,35;0,4;0;0,08;127,08;127,08;0,95;0,84
4;StudentAttendanceSystem;transition;2099;23;44;15;44;100;0,32;0,8;0;0,16;128,08;128,08;1,43;1,29
4;StudentAttendanceSystem;pair;2099;23;44;37;207;100;0,33;0,2;1,23;0,29;129,08;129,08;2,8;2,05
4;StudentAttendanceSystem;state;2100;23;42;9;49;100;0,35;0,36;0;0,08;130,08;130,08;0,89;0,78
4;StudentAttendanceSystem;transition;2100;23;42;15;41;100;0,3;0,88;0;0,15;130,08;131,08;1,49;1,33
4;StudentAttendanceSystem;pair;2100;23;42;36;202;100;0,3;0,29;1,31;0,33;132,08;132,08;2,84;2,23
4;StudentAttendanceSystem;state;2101;22;40;9;47;100;0,33;0,34;0;0,07;132,08;132,08;0,86;0,75
4;StudentAttendanceSystem;transition;2101;22;40;13;40;100;0,32;0,68;0;0,12;133,08;133,08;1,26;1,12
4;StudentAttendanceSystem;pair;2101;22;40;38;208;100;0,3;0,17;1,19;0,28;134,08;134,08;2,6;1,96
4;StudentAttendanceSystem;state;2102;20;34;8;41;100;0,29;0,31;0;0,06;135,08;135,08;0,77;0,66
4;StudentAttendanceSystem;transition;2102;20;34;11;34;100;0,26;0,57;0;0,1;135,08;136,08;1,08;0,94
4;StudentAttendanceSystem;pair;2102;20;34;30;158;100;0,3;0,15;0,91;0,21;136,08;137,08;2,1;1,57
4;StudentAttendanceSystem;state;2103;27;50;11;61;100;0,38;0,44;0;0,11;137,08;137,08;1,04;0,93
4;StudentAttendanceSystem;transition;2103;27;50;17;49;100;0,41;0,99;0;0,18;138,08;138,08;1,74;1,58
4;StudentAttendanceSystem;pair;2103;27;50;42;234;100;0,39;0,23;1,73;0,4;139,08;140,08;3,46;2,75
4;StudentAttendanceSystem;state;2104;26;52;10;55;100;0,42;0,44;0;0,1;140,08;140,08;1,08;0,96
4;StudentAttendanceSystem;transition;2104;26;52;17;51;100;0,38;0,97;0;0,18;141,08;141,08;1,71;1,53
4;StudentAttendanceSystem;pair;2104;26;52;52;294;100;0,37;0,29;1,98;0,42;143,08;143,08;3,83;3,05
4;StudentAttendanceSystem;state;2105;24;49;11;57;100;0,38;0,43;0;0,11;143,08;144,08;1,04;0,92
4;StudentAttendanceSystem;transition;2105;24;49;17;49;100;0,34;0,83;0;0,16;144,08;144,08;1,48;1,32
4;StudentAttendanceSystem;pair;2105;24;49;44;250;100;0,43;0,25;1,66;0,35;146,08;146,08;3,38;2,69
4;StudentAttendanceSystem;state;2106;20;38;8;41;100;0,36;0,34;0;0,07;146,08;146,08;0,88;0,77
4;StudentAttendanceSystem;transition;2106;20;38;14;38;100;0,31;0,71;0;0,14;147,08;147,08;1,31;1,16
4;StudentAttendanceSystem;pair;2106;20;38;35;189;100;0,3;0,17;1,12;0,26;148,08;148,08;2,41;1,84
4;StudentAttendanceSystem;state;2107;27;54;11;60;100;0,47;0,46;0;0,11;149,08;149,08;1,16;1,04
4;StudentAttendanceSystem;transition;2107;27;54;18;53;100;0,37;1,02;0;0,19;150,08;150,08;1,74;1,58
4;StudentAttendanceSystem;pair;2107;27;54;55;307;100;0,37;0,3;2,09;0,45;151,08;152,08;4;3,22
4;StudentAttendanceSystem;state;2108;23;40;9;46;100;0,35;0,35;0;0,08;152,08;152,08;0,9;0,78
4;StudentAttendanceSystem;transition;2108;23;40;14;39;100;0,31;0,71;0;0,17;153,08;153,08;1,33;1,18
4;StudentAttendanceSystem;pair;2108;23;40;33;176;100;0,31;0,19;1,04;0,24;154,08;154,08;2,35;1,78
4;StudentAttendanceSystem;state;2109;27;54;12;64;100;0,47;0,56;0;0,11;5,95;5,95;3,01;1,14
4;StudentAttendanceSystem;transition;2109;27;54;19;54;100;0,39;1,08;0;0,19;6,95;6,95;1,87;1,65
4;StudentAttendanceSystem;pair;2109;27;54;47;267;100;0,39;0,27;1,87;0,42;7,95;7,95;3,73;2,96
4;StudentAttendanceSystem;state;2110;28;53;12;64;100;0,41;0,47;0;0,14;8,95;8,95;1,14;1,01
4;StudentAttendanceSystem;transition;2110;28;53;18;52;100;0,38;0,98;0;0,18;9,95;9,95;1,71;1,54
4;StudentAttendanceSystem;pair;2110;28;53;46;257;100;0,41;0,29;1,76;0,44;10,95;11,95;3,63;2,9
4;StudentAttendanceSystem;state;2111;29;56;12;67;100;0,46;0,49;0;0,12;11,95;11,95;1,19;1,07
4;StudentAttendanceSystem;transition;2111;29;56;19;55;100;0,41;1,07;0;0,21;12,95;12,95;1,87;1,69
4;StudentAttendanceSystem;pair;2111;29;56;49;281;100;0,4;0,28;2,06;0,41;14,95;14,95;4,03;3,14
4;StudentAttendanceSystem;state;2112;25;49;9;49;100;0,47;0,49;0;0,09;15,95;15,95;1,18;1,05
4;StudentAttendanceSystem;transition;2112;25;49;18;48;100;0,36;1;0;0,18;15,95;15,95;1,71;1,55
4;StudentAttendanceSystem;pair;2112;25;49;46;260;100;0,37;0,28;1,79;0,38;17,95;17,95;3,52;2,82
4;StudentAttendanceSystem;state;2113;22;38;8;42;100;0,34;0,36;0;0,11;18,95;18,95;0,97;0,81
4;StudentAttendanceSystem;transition;2113;22;38;14;37;100;0,3;0,71;0;0,13;18,95;18,95;1,3;1,15
4;StudentAttendanceSystem;pair;2113;22;38;32;168;100;0,32;0,16;1,05;0,27;19,95;20,95;2,33;1,8
4;StudentAttendanceSystem;state;2114;30;61;13;70;100;0,43;0,52;0;0,13;20,95;20,95;1,22;1,08
4;StudentAttendanceSystem;transition;2114;30;61;22;60;100;0,4;1,15;0;0,22;21,95;21,95;1,94;1,77
4;StudentAttendanceSystem;pair;2114;30;61;60;336;100;0,41;0,33;2,6;0,49;23,95;23,95;4,75;3,83
4;StudentAttendanceSystem;state;2115;28;52;12;66;100;0,45;0,48;0;0,12;24,95;24,95;1,18;1,06
4;StudentAttendanceSystem;transition;2115;28;52;17;51;100;0,37;0,98;0;0,18;25,95;25,95;1,73;1,54
4;StudentAttendanceSystem;pair;2115;28;52;48;266;100;0,38;0,26;1,85;0,38;26,95;26,95;3,64;2,87
4;StudentAttendanceSystem;state;2116;24;45;9;48;100;0,37;0,38;0;0,09;27,95;27,95;0,95;0,84
4;StudentAttendanceSystem;transition;2116;24;45;17;44;100;0,33;0,87;0;0,17;28,95;28,95;1,52;1,37
4;StudentAttendanceSystem;pair;2116;24;45;42;226;100;0,34;0,2;1,44;0,32;29,95;29,95;2,98;2,3
4;StudentAttendanceSystem;state;2117;25;49;9;49;100;0,54;0,43;0;0,09;30,95;30,95;1,17;1,06
4;StudentAttendanceSystem;transition;2117;25;49;18;48;100;0,36;0,95;0;0,21;31,95;31,95;1,7;1,53
4;StudentAttendanceSystem;pair;2117;25;49;46;260;100;0,35;0,24;1,79;0,43;32,95;32,95;3,51;2,81
4;StudentAttendanceSystem;state;2118;21;42;8;42;100;0,36;0,36;0;0,07;33,95;33,95;0,9;0,79
4;StudentAttendanceSystem;transition;2118;21;42;14;42;100;0,31;0,72;0;0,21;33,95;34,95;1,39;1,24
4;StudentAttendanceSystem;pair;2118;21;42;45;249;100;0,31;0,2;1,49;0,34;35,95;35,95;2,95;2,35
4;StudentAttendanceSystem;state;2119;25;46;10;53;100;0,35;0,41;0;0,09;36,95;36,95;0,96;0,85
4;StudentAttendanceSystem;transition;2119;25;46;16;45;100;0,32;0,85;0;0,16;36,95;36,95;1,48;1,33
4;StudentAttendanceSystem;pair;2119;25;46;45;243;100;0,35;0,21;1,63;0,36;38,95;38,95;3,18;2,55
4;StudentAttendanceSystem;state;2120;30;59;13;70;100;0,42;0,53;0;0,13;39,95;39,95;1,19;1,07
4;StudentAttendanceSystem;transition;2120;30;59;20;58;100;0,42;1,08;0;0,22;39,95;40,95;1,89;1,72
4;StudentAttendanceSystem;pair;2120;30;59;54;310;100;0,4;0,31;2,32;0,5;41,95;42,95;4,4;3,52
4;StudentAttendanceSystem;state;2121;23;40;9;47;100;0,34;0,36;0;0,08;42,95;42,95;0,91;0,78
4;StudentAttendanceSystem;transition;2121;23;40;14;39;100;0,33;0,74;0;0,14;43,95;43,95;1,36;1,21
4;StudentAttendanceSystem;pair;2121;23;40;38;196;100;0,3;0,17;1,19;0,28;44,95;44,95;2,52;1,94
4;StudentAttendanceSystem;state;2122;19;34;7;36;100;0,29;0,31;0;0,06;44,95;45,95;0,77;0,66
4;StudentAttendanceSystem;transition;2122;19;34;13;34;100;0,26;0,64;0;0,11;45,95;45,95;1,15;1,01
4;StudentAttendanceSystem;pair;2122;19;34;30;152;100;0,28;0,14;0,84;0,2;46,95;46,95;1,97;1,46
4;StudentAttendanceSystem;state;2123;21;37;8;41;100;0,31;0,37;0;0,07;47,95;47,95;0,86;0,75
4;StudentAttendanceSystem;transition;2123;21;37;14;36;100;0,28;0,76;0;0,13;47,95;47,95;1,3;1,16
4;StudentAttendanceSystem;pair;2123;21;37;33;170;100;0,3;0,15;0,96;0,33;48,95;49,95;2,29;1,74
4;StudentAttendanceSystem;state;2124;23;45;9;48;100;0,34;0,38;0;0,07;49,95;49,95;0,9;0,8
4;StudentAttendanceSystem;transition;2124;23;45;15;45;100;0,32;0,84;0;0,14;50,95;50,95;1,45;1,3
4;StudentAttendanceSystem;pair;2124;23;45;45;257;100;0,34;0,21;1,69;0,4;51,95;52,95;3,29;2,65
4;StudentAttendanceSystem;state;2125;24;43;9;49;100;0,34;0,37;0;0,09;52,95;52,95;0,91;0,8
4;StudentAttendanceSystem;transition;2125;24;43;14;42;100;0,31;0,8;0;0,15;53,95;53,95;1,41;1,26
4;StudentAttendanceSystem;pair;2125;24;43;38;213;100;0,32;0,22;1,35;0,3;54,95;54,95;2,83;2,19
4;StudentAttendanceSystem;state;2126;18;31;7;37;100;0,28;0,3;0;0,06;55,95;55,95;0,81;0,64
4;StudentAttendanceSystem;transition;2126;18;31;11;31;100;0,25;0,58;0;0,14;55,95;55,95;1,11;0,98
4;StudentAttendanceSystem;pair;2126;18;31;25;131;100;0,25;0,12;0,69;0,17;56,95;56,95;1,72;1,24
4;StudentAttendanceSystem;state;2127;21;40;9;44;100;0,31;0,36;0;0,07;57,95;57,95;0,85;0,74
4;StudentAttendanceSystem;transition;2127;21;40;15;39;100;0,29;0,7;0;0,13;57,95;57,95;1,27;1,13
4;StudentAttendanceSystem;pair;2127;21;40;34;185;100;0,33;0,32;1,13;0,35;58,95;59,95;2,69;2,14
4;StudentAttendanceSystem;state;2128;23;46;10;54;100;0,36;0,42;0;0,09;59,95;59,95;0,98;0,87
4;StudentAttendanceSystem;transition;2128;23;46;15;46;100;0,33;0,78;0;0,15;60,95;60,95;1,41;1,26
4;StudentAttendanceSystem;pair;2128;23;46;42;240;100;0,36;0,22;1,48;0,34;61,95;61,95;3,03;2,4
4;StudentAttendanceSystem;state;2129;28;55;11;62;100;0,44;0,51;0;0,11;62,95;62,95;1,19;1,07
4;StudentAttendanceSystem;transition;2129;28;55;19;54;100;0,38;1,06;0;0,2;63,95;63,95;1,8;1,63
4;StudentAttendanceSystem;pair;2129;28;55;49;279;100;0,38;0,29;2,14;0,41;64,95;65,95;4,02;3,22
4;StudentAttendanceSystem;state;2130;21;39;8;42;100;0,34;0,35;0;0,07;65,95;65,95;0,88;0,77
4;StudentAttendanceSystem;transition;2130;21;39;14;39;100;0,31;0,68;0;0,12;66,95;66,95;1,26;1,11
4;StudentAttendanceSystem;pair;2130;21;39;34;184;100;0,33;0,17;1,04;0,25;67,95;67,95;2,35;1,78
4;StudentAttendanceSystem;state;2131;19;33;7;37;100;0,3;0,32;0;0,07;68,95;68,95;0,79;0,68
4;StudentAttendanceSystem;transition;2131;19;33;11;33;100;0,28;0,58;0;0,1;68,95;68,95;1,1;0,95
4;StudentAttendanceSystem;pair;2131;19;33;30;156;100;0,28;0,14;0,89;0,21;69,95;69,95;2,03;1,53
4;StudentAttendanceSystem;state;2132;25;51;10;56;100;0,4;0,46;0;0,1;70,95;70,95;1,07;0,96
4;StudentAttendanceSystem;transition;2132;25;51;18;51;100;0,39;0,94;0;0,18;71,95;71,95;1,74;1,51
4;StudentAttendanceSystem;pair;2132;25;51;48;270;100;0,37;0,26;2,09;0,49;72,95;73,95;3,94;3,21
4;StudentAttendanceSystem;state;2133;27;54;11;57;100;0,42;0,48;0;0,1;73,95;73,95;1,13;1
4;StudentAttendanceSystem;transition;2133;27;54;21;53;100;0,37;1,04;0;0,21;74,95;74,95;1,78;1,62
4;StudentAttendanceSystem;pair;2133;27;54;51;283;100;0,38;0,27;2,04;0,43;75,95;76,95;3,92;3,13
4;StudentAttendanceSystem;state;2134;27;50;11;61;100;0,41;0,51;0;0,11;76,95;76,95;1,17;1,03
4;StudentAttendanceSystem;transition;2134;27;50;16;49;100;0,38;0,91;0;0,17;77,95;77,95;1,62;1,46
4;StudentAttendanceSystem;pair;2134;27;50;45;253;100;0,41;0,24;1,71;0,36;79,95;79,95;3,46;2,73
4;StudentAttendanceSystem;state;2135;26;52;11;59;100;0,44;0,45;0;0,12;79,95;80,95;1,19;1,02
4;StudentAttendanceSystem;transition;2135;26;52;18;52;100;0,38;0,93;0;0,17;80,95;80,95;1,64;1,48
4;StudentAttendanceSystem;pair;2135;26;52;45;257;100;0,39;0,26;1,72;0,37;82,95;82,95;3,46;2,74
4;StudentAttendanceSystem;state;2136;25;50;11;58;100;0,39;0,49;0;0,1;83,95;83,95;1,12;0,99
4;StudentAttendanceSystem;transition;2136;25;50;19;50;100;0,36;0,95;0;0,19;83,95;84,95;1,66;1,5
4;StudentAttendanceSystem;pair;2136;25;50;46;246;100;0,36;0,25;1,65;0,34;85,95;85,95;3,28;2,6
4;StudentAttendanceSystem;state;2137;20;35;8;41;100;0,33;0,34;0;0,06;86,95;86,95;0,84;0,73
4;StudentAttendanceSystem;transition;2137;20;35;12;35;100;0,28;0,65;0;0,11;86,95;86,95;1,18;1,04
4;StudentAttendanceSystem;pair;2137;20;35;34;176;100;0,28;0,15;0,98;0,23;87,95;87,95;2,16;1,63
4;StudentAttendanceSystem;state;2138;25;46;10;55;100;0,37;0,44;0;0,1;88,95;88,95;1,02;0,91
4;StudentAttendanceSystem;transition;2138;25;46;17;45;100;0,33;0,96;0;0,17;89,95;89,95;1,61;1,46
4;StudentAttendanceSystem;pair;2138;25;46;41;213;100;0,34;0,21;1,35;0,3;90,95;90,95;2,82;2,2
4;StudentAttendanceSystem;state;2139;25;46;10;53;100;0,37;0,42;0;0,1;91,95;91,95;0,99;0,88
4;StudentAttendanceSystem;transition;2139;25;46;16;45;100;0,33;0,84;0;0,2;91,95;92,95;1,54;1,37
4;StudentAttendanceSystem;pair;2139;25;46;45;247;100;0,33;0,21;1,63;0,34;93,95;93,95;3,13;2,5
4;StudentAttendanceSystem;state;2140;29;57;12;65;100;0,42;0,5;0;0,12;94,95;94,95;1,16;1,05
4;StudentAttendanceSystem;transition;2140;29;57;20;56;100;0,4;1,11;0;0,22;95,95;95,95;1,91;1,73
4;StudentAttendanceSystem;pair;2140;29;57;47;272;100;0,39;0,29;2,07;0,42;96,95;97,95;4,04;3,17
4;StudentAttendanceSystem;state;2141;25;45;10;55;100;0,38;0,41;0;0,1;97,95;97,95;1,01;0,88
4;StudentAttendanceSystem;transition;2141;25;45;16;44;100;0,35;0,86;0;0,16;98,95;98,95;1,52;1,37
4;StudentAttendanceSystem;pair;2141;25;45;38;198;100;0,39;0,21;1,22;0,33;99,95;99,95;2,78;2,14
4;StudentAttendanceSystem;state;2142;25;45;10;53;100;0,36;0,42;0;0,09;100,95;100,95;0,98;0,87
4;StudentAttendanceSystem;transition;2142;25;45;15;44;100;0,33;0,84;0;0,17;100,95;101,95;1,5;1,35
4;StudentAttendanceSystem;pair;2142;25;45;42;232;100;0,34;0,2;1,45;0,37;102,95;102,95;3,01;2,36
4;StudentAttendanceSystem;state;2143;21;39;8;42;100;0,32;0,37;0;0,07;103,95;103,95;0,87;0,77
4;StudentAttendanceSystem;transition;2143;21;39;14;39;100;0,32;0,67;0;0,12;103,95;103,95;1,26;1,12
4;StudentAttendanceSystem;pair;2143;21;39;36;191;100;0,3;0,17;1,1;0,27;104,95;105,95;2,41;1,84
4;StudentAttendanceSystem;state;2144;25;46;10;51;100;0,35;0,4;0;0,08;105,95;105,95;0,94;0,84
4;StudentAttendanceSystem;transition;2144;25;46;17;45;100;0,32;0,87;0;0,16;106,95;106,95;1,53;1,35
4;StudentAttendanceSystem;pair;2144;25;46;37;204;100;0,33;0,2;1,3;0,29;107,95;107,95;2,72;2,12
4;StudentAttendanceSystem;state;2145;22;43;8;43;100;0,38;0,37;0;0,08;108,95;108,95;0,94;0,83
4;StudentAttendanceSystem;transition;2145;22;43;15;43;100;0,31;0,78;0;0,16;108,95;109,95;1,4;1,25
4;StudentAttendanceSystem;pair;2145;22;43;39;225;100;0,32;0,19;1,35;0,31;110,95;110,95;2,78;2,17
4;StudentAttendanceSystem;state;2146;19;29;7;37;100;0,28;0,32;0;0,07;110,95;110,95;0,8;0,67
4;StudentAttendanceSystem;transition;2146;19;29;10;28;100;0,26;0,53;0;0,13;111,95;111,95;1,06;0,93
4;StudentAttendanceSystem;pair;2146;19;29;19;92;100;0,25;0,1;0,52;0,12;112,95;112,95;1,4;1
4;StudentAttendanceSystem;state;2147;23;47;9;49;100;0,4;0,39;0;0,08;112,95;112,95;0,97;0,87
4;StudentAttendanceSystem;transition;2147;23;47;15;47;100;0,34;0,8;0;0,15;113,95;113,95;1,42;1,28
4;StudentAttendanceSystem;pair;2147;23;47;48;270;100;0,32;0,25;1,62;0,42;114,95;115,95;3,3;2,61
4;StudentAttendanceSystem;state;2148;22;39;8;42;100;0,34;0,36;0;0,07;115,95;115,95;0,89;0,78
4;StudentAttendanceSystem;transition;2148;22;39;15;38;100;0,37;0,74;0;0,15;116,95;116,95;1,4;1,26
4;StudentAttendanceSystem;pair;2148;22;39;35;179;100;0,3;0,17;1,04;0,26;117,95;117,95;2,34;1,77
4;StudentAttendanceSystem;state;2149;21;36;8;41;100;0,31;0,32;0;0,07;118,95;118,95;0,82;0,7
4;StudentAttendanceSystem;transition;2149;21;36;13;35;100;0,27;0,69;0;0,12;118,95;118,95;1,21;1,08
4;StudentAttendanceSystem;pair;2149;21;36;28;145;100;0,29;0,15;0,82;0,21;119,95;120,95;1,95;1,46
4;StudentAttendanceSystem;state;2150;26;50;10;54;100;0,38;0,47;0;0,1;120,95;120,95;1,06;0,94
4;StudentAttendanceSystem;transition;2150;26;50;18;49;100;0,35;1,05;0;0,19;121,95;121,95;1,75;1,58
4;StudentAttendanceSystem;pair;2150;26;50;46;262;100;0,37;0,27;1,75;0,41;122,95;123,95;3,48;2,8
4;StudentAttendanceSystem;state;2151;24;48;10;53;100;0,41;0,41;0;0,09;123,95;123,95;1,03;0,92
4;StudentAttendanceSystem;transition;2151;24;48;18;48;100;0,34;0,87;0;0,17;124,95;124,95;1,54;1,39
4;StudentAttendanceSystem;pair;2151;24;48;43;233;100;0,34;0,24;1,49;0,34;125,95;126,95;3,06;2,42
4;StudentAttendanceSystem;state;2152;19;33;7;37;100;0,31;0,3;0;0,06;126,95;126,95;0,8;0,68
4;StudentAttendanceSystem;transition;2152;19;33;12;32;100;0,27;0,67;0;0,11;127,95;127,95;1,18;1,05
4;StudentAttendanceSystem;pair;2152;19;33;30;151;100;0,3;0,14;0,81;0,2;127,95;128,95;2,16;1,46
4;StudentAttendanceSystem;state;2153;21;37;9;50;100;0,31;0,34;0;0,08;128,95;128,95;0,83;0,72
4;StudentAttendanceSystem;transition;2153;21;37;12;37;100;0,28;0,65;0;0,12;129,95;129,95;1,22;1,05
4;StudentAttendanceSystem;pair;2153;21;37;28;150;100;0,29;0,18;0,85;0,2;130,95;130,95;2,02;1,52
4;StudentAttendanceSystem;state;2154;19;33;8;40;100;0,38;0,3;0;0,06;130,95;130,95;0,84;0,74
4;StudentAttendanceSystem;transition;2154;19;33;12;33;100;0,26;0,56;0;0,13;131,95;131,95;1,08;0,95
4;StudentAttendanceSystem;pair;2154;19;33;24;125;100;0,25;0,13;0,69;0,17;132,95;132,95;1,7;1,24
4;StudentAttendanceSystem;state;2155;28;55;12;64;100;0,38;0,49;0;0,12;133,95;133,95;1,12;1
4;StudentAttendanceSystem;transition;2155;28;55;21;54;100;0,39;1,04;0;0,21;133,95;134,95;1,82;1,65
4;StudentAttendanceSystem;pair;2155;28;55;50;270;100;0,38;0,27;1,92;0,39;135,95;135,95;3,73;2,95
4;StudentAttendanceSystem;state;2156;22;43;8;43;100;0,41;0,38;0;0,07;136,95;136,95;0,98;0,86
4;StudentAttendanceSystem;transition;2156;22;43;15;43;100;0,31;0,78;0;0,16;136,95;137,95;1,41;1,26
4;StudentAttendanceSystem;pair;2156;22;43;39;225;100;0,32;0,2;1,38;0,32;138,95;138,95;2,82;2,21
4;StudentAttendanceSystem;state;2157;24;48;10;54;100;0,37;0,43;0;0,1;139,95;139,95;1,01;0,9
4;StudentAttendanceSystem;transition;2157;24;48;15;48;100;0,34;0,81;0;0,15;139,95;139,95;1,45;1,3
4;StudentAttendanceSystem;pair;2157;24;48;48;272;100;0,35;0,25;1,67;0,42;141,95;141,95;3,35;2,7
4;StudentAttendanceSystem;state;2158;18;31;7;35;100;0,35;0,29;0;0,05;141,95;141,95;0,8;0,7
4;StudentAttendanceSystem;transition;2158;18;31;11;31;100;0,25;0,54;0;0,1;142,95;142,95;1,02;0,89
4;StudentAttendanceSystem;pair;2158;18;31;24;124;100;0,26;0,14;0,73;0,17;143,95;143,95;1,74;1,3
4;StudentAttendanceSystem;state;2159;30;61;13;70;100;0,43;0,53;0;0,13;144,95;144,95;1,2;1,09
4;StudentAttendanceSystem;transition;2159;30;61;23;60;100;0,4;1,21;0;0,23;145,95;145,95;2,01;1,84
4;StudentAttendanceSystem;pair;2159;30;61;57;317;100;0,41;0,32;2,42;0,48;146,95;147,95;4,48;3,62
4;StudentAttendanceSystem;state;2160;17;26;6;31;100;0,28;0,26;0;0,05;147,95;147,95;0,71;0,59
4;StudentAttendanceSystem;transition;2160;17;26;8;26;100;0,25;0,47;0;0,07;148,95;148,95;0,91;0,79
4;StudentAttendanceSystem;pair;2160;17;26;22;105;100;0,22;0,1;0,56;0,14;148,95;148,95;1,41;1,02
4;StudentAttendanceSystem;state;2161;29;56;12;67;100;0,4;0,49;0;0,12;149,95;149,95;1,15;1,02
4;StudentAttendanceSystem;transition;2161;29;56;19;55;100;0,38;1,07;0;0,21;150,95;150,95;1,82;1,66
4;StudentAttendanceSystem;pair;2161;29;56;49;281;100;0,39;0,29;1,99;0,4;151,95;152,95;3,89;3,07
4;StudentAttendanceSystem;state;2162;22;43;8;43;100;0,44;0,38;0;0,07;152,95;152,95;1,02;0,9
4;StudentAttendanceSystem;transition;2162;22;43;15;43;100;0,35;0,79;0;0,15;153,95;153,95;1,44;1,28
4;StudentAttendanceSystem;pair;2162;22;43;39;221;100;0,32;0,2;1,41;0,31;155,03;7,03;5,34;2,25
4;StudentAttendanceSystem;state;2163;23;41;9;46;100;0,35;0,4;0;0,09;7,03;7,03;0,96;0,83
4;StudentAttendanceSystem;transition;2163;23;41;15;40;100;0,3;0,77;0;0,14;8,03;8,03;1,36;1,21
4;StudentAttendanceSystem;pair;2163;23;41;36;188;100;0,32;0,18;1,18;0,27;9,03;9,03;2,51;1,94
4;StudentAttendanceSystem;state;2164;23;45;9;46;100;0,34;0,41;0;0,08;10,03;10,03;0,94;0,83
4;StudentAttendanceSystem;transition;2164;23;45;16;45;100;0,32;0,78;0;0,15;10,03;10,03;1,46;1,26
4;StudentAttendanceSystem;pair;2164;23;45;39;222;100;0,38;0,2;1,35;0,3;11,03;12,03;2,89;2,23
4;StudentAttendanceSystem;state;2165;23;45;9;48;100;0,38;0,42;0;0,08;12,03;12,03;0,99;0,88
4;StudentAttendanceSystem;transition;2165;23;45;16;45;100;0,34;0,87;0;0,16;13,03;13,03;1,52;1,37
4;StudentAttendanceSystem;pair;2165;23;45;42;234;100;0,33;0,2;1,44;0,34;14,03;15,03;2,95;2,31
4;StudentAttendanceSystem;state;2166;27;53;11;57;100;0,39;0,46;0;0,11;15,03;15,03;1,07;0,96
4;StudentAttendanceSystem;transition;2166;27;53;19;52;100;0,36;1,02;0;0,19;16,03;16,03;1,75;1,58
4;StudentAttendanceSystem;pair;2166;27;53;51;287;100;0,37;0,29;1,99;0,42;17,03;18,03;3,86;3,06
4;StudentAttendanceSystem;state;2167;19;33;7;37;100;0,34;0,31;0;0,06;18,03;18,03;0,81;0,71
4;StudentAttendanceSystem;transition;2167;19;33;11;33;100;0,28;0,58;0;0,1;19,03;19,03;1,09;0,96
4;StudentAttendanceSystem;pair;2167;19;33;32;167;100;0,27;0,14;0,93;0,22;20,03;20,03;2,09;1,57
4;StudentAttendanceSystem;state;2168;24;44;9;46;100;0,34;0,39;0;0,08;21,03;21,03;0,92;0,81
4;StudentAttendanceSystem;transition;2168;24;44;16;43;100;0,32;0,83;0;0,17;21,03;21,03;1,51;1,32
4;StudentAttendanceSystem;pair;2168;24;44;34;192;100;0,34;0,21;1,19;0,28;22,03;23,03;2,62;2,02
4;StudentAttendanceSystem;state;2169;26;52;10;52;100;0,4;0,43;0;0,1;23,03;23,03;1,04;0,93
4;StudentAttendanceSystem;transition;2169;26;52;20;51;100;0,38;1,02;0;0,2;24,03;24,03;1,75;1,59
4;StudentAttendanceSystem;pair;2169;26;52;48;270;100;0,36;0,3;1,9;0,45;26,03;26,03;3,76;3,01
4;StudentAttendanceSystem;state;2170;26;49;10;56;100;0,39;0,48;0;0,1;27,03;27,03;1,08;0,97
4;StudentAttendanceSystem;transition;2170;26;49;17;48;100;0,35;0,95;0;0,18;27,03;27,03;1,63;1,48
4;StudentAttendanceSystem;pair;2170;26;49;42;236;100;0,37;0,24;1,59;0,35;29,03;29,03;3,23;2,56
4;StudentAttendanceSystem;state;2171;18;28;7;35;100;0,28;0,26;0;0,05;29,03;29,03;0,7;0,59
4;StudentAttendanceSystem;transition;2171;18;28;9;28;100;0,26;0,48;0;0,11;30,03;30,03;0,97;0,84
4;StudentAttendanceSystem;pair;2171;18;28;24;114;100;0,24;0,11;0,62;0,17;31,03;31,03;1,57;1,14
4;StudentAttendanceSystem;state;2172;22;40;9;47;100;0,32;0,36;0;0,08;31,03;31,03;0,87;0,76
4;StudentAttendanceSystem;transition;2172;22;40;13;40;100;0,32;0,73;0;0,13;32,03;32,03;1,32;1,18
4;StudentAttendanceSystem;pair;2172;22;40;38;208;100;0,3;0,19;1,21;0,29;33,03;33,03;2,57;1,99
4;StudentAttendanceSystem;state;2173;25;47;9;49;100;0,43;0,4;0;0,09;34,03;34,03;1,03;0,92
4;StudentAttendanceSystem;transition;2173;25;47;16;46;100;0,34;0,92;0;0,17;35,03;35,03;1,58;1,43
4;StudentAttendanceSystem;pair;2173;25;47;40;234;100;0,35;0,21;1,51;0,46;36,03;36,03;3,2;2,53
4;StudentAttendanceSystem;state;2174;21;39;8;43;100;0,36;0,38;0;0,08;37,03;37,03;0,96;0,82
4;StudentAttendanceSystem;transition;2174;21;39;13;39;100;0,38;0,68;0;0,14;37,03;38,03;1,36;1,19
4;StudentAttendanceSystem;pair;2174;21;39;38;210;100;0,31;0,18;1,19;0,28;39,03;39,03;2,57;1,96
4;StudentAttendanceSystem;state;2175;17;27;6;31;100;0,28;0,26;0;0,05;39,03;39,03;0,7;0,59
4;StudentAttendanceSystem;transition;2175;17;27;9;27;100;0,25;0,52;0;0,08;40,03;40,03;0,97;0,84
4;StudentAttendanceSystem;pair;2175;17;27;23;109;100;0,24;0,1;0,56;0,14;41,03;41,03;1,46;1,05
4;StudentAttendanceSystem;state;2176;21;37;8;41;100;0,3;0,33;0;0,07;41,03;41,03;0,81;0,7
4;StudentAttendanceSystem;transition;2176;21;37;14;36;100;0,28;0,73;0;0,13;42,03;42,03;1,28;1,14
4;StudentAttendanceSystem;pair;2176;21;37;32;166;100;0,29;0,15;1,02;0,23;43,03;43,03;2,23;1,7
4;StudentAttendanceSystem;state;2177;20;35;8;41;100;0,3;0,34;0;0,08;43,03;44,03;0,83;0,72
4;StudentAttendanceSystem;transition;2177;20;35;12;35;100;0,27;0,64;0;0,11;44,03;44,03;1,16;1,02
4;StudentAttendanceSystem;pair;2177;20;35;34;176;100;0,27;0,15;0,97;0,23;45,03;45,03;2,17;1,62
4;StudentAttendanceSystem;state;2178;21;39;8;42;100;0,31;0,33;0;0,07;46,03;46,03;0,81;0,71
4;StudentAttendanceSystem;transition;2178;21;39;14;39;100;0,28;0,68;0;0,14;46,03;47,03;1,29;1,1
4;StudentAttendanceSystem;pair;2178;21;39;35;191;100;0,29;0,17;1,09;0,26;47,03;48,03;2,36;1,8
4;StudentAttendanceSystem;state;2179;20;32;7;37;100;0,27;0,33;0;0,06;48,03;48,03;0,76;0,66
4;StudentAttendanceSystem;transition;2179;20;32;11;31;100;0,25;0,6;0;0,11;49,03;49,03;1,09;0,96
4;StudentAttendanceSystem;pair;2179;20;32;28;138;100;0,28;0,13;0,76;0,18;50,03;50,03;1,8;1,35
4;StudentAttendanceSystem;state;2180;21;39;8;42;100;0,34;0,34;0;0,07;50,03;50,03;0,85;0,75
4;StudentAttendanceSystem;transition;2180;21;39;14;38;100;0,29;0,73;0;0,14;51,03;51,03;1,29;1,15
4;StudentAttendanceSystem;pair;2180;21;39;36;194;100;0,29;0,19;1,19;0,27;52,03;52,03;2,56;1,94
4;StudentAttendanceSystem;state;2181;27;52;11;61;100;0,42;0,46;0;0,11;53,03;53,03;1,1;0,99
4;StudentAttendanceSystem;transition;2181;27;52;18;51;100;0,44;1,05;0;0,19;54,03;54,03;1,86;1,69
4;StudentAttendanceSystem;pair;2181;27;52;51;279;100;0,37;0,26;1,98;0,46;55,03;56,03;3,82;3,07
4;StudentAttendanceSystem;state;2182;24;46;10;55;100;0,38;0,45;0;0,09;56,03;56,03;1,03;0,91
4;StudentAttendanceSystem;transition;2182;24;46;16;46;100;0,33;0,82;0;0,15;57,03;57,03;1,44;1,3
4;StudentAttendanceSystem;pair;2182;24;46;40;218;100;0,34;0,21;1,33;0,3;58,03;58,03;2,85;2,18
4;StudentAttendanceSystem;state;2183;25;48;10;54;100;0,39;0,43;0;0,1;59,03;59,03;1,03;0,91
4;StudentAttendanceSystem;transition;2183;25;48;16;47;100;0,37;0,88;0;0,16;60,03;60,03;1,57;1,42
4;StudentAttendanceSystem;pair;2183;25;48;48;260;100;0,41;0,27;1,71;0,37;61,03;61,03;3,44;2,76
4;StudentAttendanceSystem;state;2184;20;36;8;43;100;0,34;0,33;0;0,11;62,03;62,03;0,9;0,79
4;StudentAttendanceSystem;transition;2184;20;36;12;36;100;0,31;0,63;0;0,17;62,03;63,03;1,25;1,11
4;StudentAttendanceSystem;pair;2184;20;36;29;163;100;0,29;0,15;0,95;0,22;63,03;64,03;2,14;1,61
4;StudentAttendanceSystem;state;2185;26;53;11;61;100;0,4;0,49;0;0,1;64,03;64,03;1,11;0,99
4;StudentAttendanceSystem;transition;2185;26;53;19;53;100;0,38;0,99;0;0,19;65,03;65,03;1,72;1,56
4;StudentAttendanceSystem;pair;2185;26;53;51;283;100;0,37;0,28;1,9;0,41;66,03;67,03;3,74;2,95
4;StudentAttendanceSystem;state;2186;23;47;9;49;100;0,37;0,39;0;0,09;67,03;67,03;0,95;0,85
4;StudentAttendanceSystem;transition;2186;23;47;15;47;100;0,36;0,78;0;0,22;68,03;68,03;1,52;1,36
4;StudentAttendanceSystem;pair;2186;23;47;48;270;100;0,35;0,23;1,66;0,38;69,03;70,03;3,39;2,62
4;StudentAttendanceSystem;state;2187;21;39;9;47;100;0,33;0,36;0;0,08;70,03;70,03;0,9;0,77
4;StudentAttendanceSystem;transition;2187;21;39;14;39;100;0,32;0,68;0;0,13;71,03;71,03;1,3;1,13
4;StudentAttendanceSystem;pair;2187;21;39;33;173;100;0,34;0,19;0,95;0,23;72,03;72,03;2,26;1,71
4;StudentAttendanceSystem;state;2188;24;45;9;48;100;0,35;0,39;0;0,08;73,03;73,03;0,93;0,83
4;StudentAttendanceSystem;transition;2188;24;45;17;44;100;0,32;0,88;0;0,17;74,03;74,03;1,54;1,37
4;StudentAttendanceSystem;pair;2188;24;45;42;226;100;0,31;0,2;1,39;0,35;75,03;75,03;2,9;2,24
4;StudentAttendanceSystem;state;2189;26;50;10;56;100;0,38;0,45;0;0,12;76,03;76,03;1,07;0,95
4;StudentAttendanceSystem;transition;2189;26;50;18;49;100;0,41;0,96;0;0,2;76,03;77,03;1,73;1,57
4;StudentAttendanceSystem;pair;2189;26;50;44;244;100;0,41;0,25;1,66;0,36;78,03;78,03;3,34;2,67
4;StudentAttendanceSystem;state;2190;23;44;9;48;100;0,39;0,4;0;0,09;79,03;79,03;0,99;0,88
4;StudentAttendanceSystem;transition;2190;23;44;14;44;100;0,32;0,78;0;0,14;79,03;79,03;1,38;1,24
4;StudentAttendanceSystem;pair;2190;23;44;42;242;100;0,34;0,19;1,57;0,34;81,03;81,03;3,09;2,44
4;StudentAttendanceSystem;state;2191;28;55;11;62;100;0,44;0,48;0;0,11;82,03;82,03;1,17;1,03
4;StudentAttendanceSystem;transition;2191;28;55;19;54;100;0,38;1,22;0;0,21;82,03;82,03;1,98;1,81
4;StudentAttendanceSystem;pair;2191;28;55;49;283;100;0,41;0,29;2,22;0,41;84,03;84,03;4,09;3,33
4;StudentAttendanceSystem;state;2192;21;38;8;42;100;0,34;0,33;0;0,07;85,03;85,03;0,85;0,74
4;StudentAttendanceSystem;transition;2192;21;38;13;38;100;0,35;0,69;0;0,12;85,03;85,03;1,31;1,16
4;StudentAttendanceSystem;pair;2192;21;38;31;173;100;0,3;0,16;0,97;0,25;86,03;87,03;2,21;1,68
4;StudentAttendanceSystem;state;2193;21;38;8;42;100;0,32;0,33;0;0,07;87,03;87,03;0,82;0,72
4;StudentAttendanceSystem;transition;2193;21;38;13;38;100;0,27;0,67;0;0,12;88,03;88,03;1,2;1,06
4;StudentAttendanceSystem;pair;2193;21;38;32;176;100;0,29;0,16;0,99;0,24;89,03;89,03;2,23;1,68
4;StudentAttendanceSystem;state;2194;24;43;9;50;100;0,34;0,38;0;0,08;89,03;90,03;0,91;0,8
4;StudentAttendanceSystem;transition;2194;24;43;15;42;100;0,34;0,79;0;0,15;90,03;90,03;1,41;1,27
4;StudentAttendanceSystem;pair;2194;24;43;34;182;100;0,33;0,18;1,1;0,27;91,03;92,03;2,47;1,88
4;StudentAttendanceSystem;state;2195;27;55;12;64;100;0,4;0,46;0;0,11;92,03;92,03;1,09;0,98
4;StudentAttendanceSystem;transition;2195;27;55;20;55;100;0,37;1;0;0,19;93,03;93,03;1,78;1,57
4;StudentAttendanceSystem;pair;2195;27;55;50;278;100;0,4;0,27;1,95;0,39;94,03;95,03;3,81;3,01
4;StudentAttendanceSystem;state;2196;22;38;8;43;100;0,35;0,36;0;0,08;95,03;95,03;0,9;0,78
4;StudentAttendanceSystem;transition;2196;22;38;13;37;100;0,32;0,73;0;0,12;96,03;96,03;1,31;1,17
4;StudentAttendanceSystem;pair;2196;22;38;34;178;100;0,3;0,18;1,35;0,24;97,03;97,03;2,6;2,07
4;StudentAttendanceSystem;state;2197;24;48;10;54;100;0,43;0,47;0;0,09;98,03;98,03;1,11;0,99
4;StudentAttendanceSystem;transition;2197;24;48;15;48;100;0,35;0,82;0;0,19;99,03;99,03;1,52;1,36
4;StudentAttendanceSystem;pair;2197;24;48;48;272;100;0,42;0,24;1,79;0,38;100,03;100,03;3,55;2,83
4;StudentAttendanceSystem;state;2198;23;39;9;47;100;0,35;0,36;0;0,15;101,03;101,03;0,97;0,86
4;StudentAttendanceSystem;transition;2198;23;39;13;38;100;0,34;0,7;0;0,14;101,03;102,03;1,33;1,18
4;StudentAttendanceSystem;pair;2198;23;39;35;185;100;0,32;0,16;1,07;0,25;102,03;103,03;2,36;1,8
4;StudentAttendanceSystem;state;2199;26;47;11;58;100;0,36;0,41;0;0,1;103,03;103,03;0,99;0,87
4;StudentAttendanceSystem;transition;2199;26;47;16;46;100;0,36;0,91;0;0,16;104,03;104,03;1,58;1,43
4;StudentAttendanceSystem;pair;2199;26;47;39;211;100;0,34;0,21;1,32;0,31;105,03;106,03;2,87;2,17
4;StudentAttendanceSystem;state;2200;23;44;9;48;100;0,35;0,38;0;0,09;106,03;106,03;0,93;0,82
4;StudentAttendanceSystem;transition;2200;23;44;15;43;100;0,32;0,8;0;0,16;107,03;107,03;1,43;1,28
4;StudentAttendanceSystem;pair;2200;23;44;39;225;100;0,35;0,2;1,45;0,32;108,03;108,03;2,95;2,31
4;StudentAttendanceSystem;state;2201;22;43;9;48;100;0,35;0,39;0;0,08;109,03;109,03;0,93;0,82
4;StudentAttendanceSystem;transition;2201;22;43;14;43;100;0,31;0,76;0;0,14;109,03;110,03;1,35;1,21
4;StudentAttendanceSystem;pair;2201;22;43;44;236;100;0,31;0,2;1,4;0,32;111,03;111,03;2,87;2,24
4;StudentAttendanceSystem;state;2202;22;42;9;46;100;0,32;0,39;0;0,08;112,03;112,03;0,9;0,79
4;StudentAttendanceSystem;transition;2202;22;42;15;42;100;0,3;0,7;0;0,13;112,03;112,03;1,27;1,13
4;StudentAttendanceSystem;pair;2202;22;42;38;209;100;0,3;0,19;1,22;0,3;113,03;114,03;2,62;2
4;StudentAttendanceSystem;state;2203;24;48;10;51;100;0,36;0,43;0;0,09;114,03;114,03;0,98;0,87
4;StudentAttendanceSystem;transition;2203;24;48;18;48;100;0,33;0,94;0;0,17;115,03;115,03;1,63;1,44
4;StudentAttendanceSystem;pair;2203;24;48;45;251;100;0,43;0,24;1,63;0,42;116,03;117,03;3,4;2,72
4;StudentAttendanceSystem;state;2204;21;36;8;41;100;0,32;0,33;0;0,07;117,03;117,03;0,82;0,71
4;StudentAttendanceSystem;transition;2204;21;36;13;35;100;0,29;0,7;0;0,12;118,03;118,03;1,25;1,12
4;StudentAttendanceSystem;pair;2204;21;36;30;155;100;0,28;0,15;0,93;0,21;119,03;119,03;2,07;1,57
4;StudentAttendanceSystem;state;2205;26;48;11;60;100;0,36;0,45;0;0,14;119,03;119,03;1,06;0,95
4;StudentAttendanceSystem;transition;2205;26;48;17;47;100;0,34;0,95;0;0,18;120,03;120,03;1,62;1,47
4;StudentAttendanceSystem;pair;2205;26;48;47;245;100;0,4;0,22;1,6;0,34;122,03;122,03;3,23;2,56
4;StudentAttendanceSystem;state;2206;23;46;9;46;100;0,4;0,39;0;0,08;122,03;122,03;0,97;0,86
4;StudentAttendanceSystem;transition;2206;23;46;17;46;100;0,35;0,84;0;0,16;123,03;123,03;1,5;1,35
4;StudentAttendanceSystem;pair;2206;23;46;42;236;100;0,33;0,22;1,47;0,54;124,03;125,03;3,23;2,56
4;StudentAttendanceSystem;state;2207;24;45;9;46;100;0,36;0,38;0;0,08;125,03;125,03;0,93;0,82
4;StudentAttendanceSystem;transition;2207;24;45;17;44;100;0,31;1,17;0;0,17;126,03;126,03;1,8;1,65
4;StudentAttendanceSystem;pair;2207;24;45;37;207;100;0,33;0,21;1,26;0,3;127,03;127,03;2,72;2,1
4;StudentAttendanceSystem;state;2208;23;43;9;47;100;0,33;0,36;0;0,08;128,03;128,03;0,88;0,77
4;StudentAttendanceSystem;transition;2208;23;43;16;42;100;0,3;0,88;0;0,15;129,03;129,03;1,51;1,34
4;StudentAttendanceSystem;pair;2208;23;43;39;213;100;0,32;0,18;1,31;0,31;130,03;130,03;2,75;2,12
4;StudentAttendanceSystem;state;2209;27;51;11;61;100;0,39;0,46;0;0,11;131,03;131,03;1,06;0,95
4;StudentAttendanceSystem;transition;2209;27;51;18;50;100;0,36;0,99;0;0,2;131,03;132,03;1,7;1,54
4;StudentAttendanceSystem;pair;2209;27;51;45;245;100;0,36;0,25;1,62;0,35;133,03;133,03;3,35;2,58
4;StudentAttendanceSystem;state;2210;21;33;8;41;100;0,32;0,33;0;0,07;134,03;134,03;0,82;0,71
4;StudentAttendanceSystem;transition;2210;21;33;11;32;100;0,26;0,6;0;0,1;134,03;134,03;1,1;0,96
4;StudentAttendanceSystem;pair;2210;21;33;28;138;100;0,28;0,14;0,76;0,18;135,03;135,03;1,86;1,36
4;StudentAttendanceSystem;state;2211;22;42;8;43;100;0,35;0,36;0;0,07;136,03;136,03;0,92;0,78
4;StudentAttendanceSystem;transition;2211;22;42;14;42;100;0,31;0,76;0;0,15;136,03;137,03;1,36;1,22
4;StudentAttendanceSystem;pair;2211;22;42;35;205;100;0,31;0,19;1,21;0,28;138,03;138,03;2,58;2
4;StudentAttendanceSystem;state;2212;18;30;7;34;100;0,27;0,27;0;0,05;138,03;138,03;0,7;0,59
4;StudentAttendanceSystem;transition;2212;18;30;11;30;100;0,25;0,53;0;0,09;139,03;139,03;0,99;0,87
4;StudentAttendanceSystem;pair;2212;18;30;26;125;100;0,24;0,12;0,67;0,16;140,03;140,03;1,61;1,19
4;StudentAttendanceSystem;state;2213;25;50;10;56;100;0,37;0,42;0;0,09;140,03;140,03;0,99;0,88
4;StudentAttendanceSystem;transition;2213;25;50;17;50;100;0,38;0,91;0;0,17;141,03;141,03;1,61;1,46
4;StudentAttendanceSystem;pair;2213;25;50;45;259;100;0,37;0,29;1,66;0,36;143,03;143,03;3,37;2,68
4;StudentAttendanceSystem;state;2214;18;34;7;37;100;0,31;0,34;0;0,06;143,03;143,03;0,82;0,71
4;StudentAttendanceSystem;transition;2214;18;34;11;34;100;0,3;0,62;0;0,11;144,03;144,03;1,17;1,03
4;StudentAttendanceSystem;pair;2214;18;34;35;189;100;0,29;0,15;1,47;0,25;145,03;145,03;2,72;2,17
4;StudentAttendanceSystem;state;2215;22;38;8;43;100;0,32;0,36;0;0,08;146,03;146,03;0,87;0,75
4;StudentAttendanceSystem;transition;2215;22;38;13;37;100;0,29;0,7;0;0,13;146,03;146,03;1,25;1,12
4;StudentAttendanceSystem;pair;2215;22;38;34;182;100;0,31;0,19;1,01;0,25;147,03;148,03;2,32;1,76
4;StudentAttendanceSystem;state;2216;25;50;10;56;100;0,42;0,43;0;0,09;148,03;148,03;1,05;0,94
4;StudentAttendanceSystem;transition;2216;25;50;17;50;100;0,36;0,93;0;0,18;149,03;149,03;1,62;1,47
4;StudentAttendanceSystem;pair;2216;25;50;45;255;100;0,37;0,25;1,64;0,44;150,03;151,03;3,45;2,7
4;StudentAttendanceSystem;state;2217;22;38;8;43;100;0,33;0,35;0;0,07;151,03;151,03;0,88;0,75
4;StudentAttendanceSystem;transition;2217;22;38;13;37;100;0,29;0,71;0;0,13;152,03;152,03;1,26;1,12
4;StudentAttendanceSystem;pair;2217;22;38;34;182;100;0,3;0,2;1,08;0,25;153,03;153,03;2,37;1,83
4;StudentAttendanceSystem;state;2218;24;46;10;55;100;0,34;0,42;0;0,09;154,03;154,03;0,96;0,85
4;StudentAttendanceSystem;transition;2218;24;46;15;46;100;0,33;0,9;0;0,16;154,03;154,03;3,1;1,39
4;StudentAttendanceSystem;pair;2218;24;46;44;244;100;0,37;0,22;1,57;0,35;6,97;6,97;3,18;2,51
4;StudentAttendanceSystem;state;2219;27;51;11;61;100;0,4;0,47;0;0,11;7,97;7,97;1,1;0,99
4;StudentAttendanceSystem;transition;2219;27;51;18;50;100;0,37;1,08;0;0,2;7,97;8,97;1,84;1,66
4;StudentAttendanceSystem;pair;2219;27;51;45;249;100;0,39;0,25;1,71;0,37;9,97;9,97;3,42;2,72
4;StudentAttendanceSystem;state;2220;25;51;11;56;100;0,42;0,46;0;0,1;10,97;10,97;1,09;0,98
4;StudentAttendanceSystem;transition;2220;25;51;19;51;100;0,38;0,97;0;0,19;10,97;11,97;1,7;1,54
4;StudentAttendanceSystem;pair;2220;25;51;53;291;100;0,37;0,27;2,06;0,42;12,97;12,97;3,9;3,12
4;StudentAttendanceSystem;state;2221;20;36;8;41;100;0,33;0,35;0;0,07;13,97;13,97;0,86;0,75
4;StudentAttendanceSystem;transition;2221;20;36;13;36;100;0,28;0,63;0;0,13;13,97;14,97;1,17;1,04
4;StudentAttendanceSystem;pair;2221;20;36;37;187;100;0,28;0,16;1,06;0,25;14,97;15,97;2,3;1,76
4;StudentAttendanceSystem;state;2222;23;42;9;48;100;0,33;0,37;0;0,08;15,97;15,97;0,89;0,78
4;StudentAttendanceSystem;transition;2222;23;42;14;41;100;0,32;0,77;0;0,14;16,97;16,97;1,37;1,23
4;StudentAttendanceSystem;pair;2222;23;42;41;213;100;0,31;0,23;1,3;0,29;17,97;17,97;2,72;2,14
4;StudentAttendanceSystem;state;2223;24;47;9;48;100;0,38;0,4;0;0,09;18,97;18,97;0,97;0,86
4;StudentAttendanceSystem;transition;2223;24;47;16;46;100;0,34;0,88;0;0,16;19,97;19,97;1,52;1,37
4;StudentAttendanceSystem;pair;2223;24;47;49;273;100;0,33;0,23;1,86;0,38;20,97;20,97;3,5;2,79
4;StudentAttendanceSystem;state;2224;20;35;7;36;100;0,32;0,31;0;0,06;21,97;21,97;0,79;0,68
4;StudentAttendanceSystem;transition;2224;20;35;12;34;100;0,27;0,65;0;0,12;21,97;22,97;1,17;1,04
4;StudentAttendanceSystem;pair;2224;20;35;35;179;100;0,34;0,15;1,03;0,24;22,97;23,97;2,3;1,76
4;StudentAttendanceSystem;state;2225;26;50;10;56;100;0,41;0,43;0;0,1;23,97;23,97;1,06;0,94
4;StudentAttendanceSystem;transition;2225;26;50;18;49;100;0,37;1,04;0;0,19;24,97;24,97;1,76;1,59
4;StudentAttendanceSystem;pair;2225;26;50;45;247;100;0,36;0,24;1,63;0,36;25,97;26,97;3,32;2,59
4;StudentAttendanceSystem;state;2226;29;57;12;67;100;0,42;0,49;0;0,12;26,97;26,97;1,15;1,03
4;StudentAttendanceSystem;transition;2226;29;57;20;56;100;0,43;1,07;0;0,22;27,97;27,97;1,89;1,72
4;StudentAttendanceSystem;pair;2226;29;57;52;292;100;0,4;0,29;2,15;0,5;29,97;29,97;4,13;3,35
4;StudentAttendanceSystem;state;2227;21;43;8;40;100;0,36;0,38;0;0,07;30,97;30,97;0,93;0,81
4;StudentAttendanceSystem;transition;2227;21;43;15;43;100;0,34;0,72;0;0,14;30,97;30,97;1,34;1,19
4;StudentAttendanceSystem;pair;2227;21;43;45;249;100;0,33;0,2;1,52;0,39;32,97;32,97;3,14;2,44
4;StudentAttendanceSystem;state;2228;23;42;8;43;100;0,34;0,38;0;0,09;32,97;33,97;0,92;0,81
4;StudentAttendanceSystem;transition;2228;23;42;15;41;100;0,32;0,78;0;0,15;33,97;33,97;1,4;1,25
4;StudentAttendanceSystem;pair;2228;23;42;35;197;100;0,36;0,19;1,43;0,29;34,97;35,97;2,87;2,27
4;StudentAttendanceSystem;state;2229;23;43;8;43;100;0,35;0,37;0;0,07;35,97;35,97;0,9;0,8
4;StudentAttendanceSystem;transition;2229;23;43;16;42;100;0,33;0,83;0;0,17;36,97;36,97;1,48;1,33
4;StudentAttendanceSystem;pair;2229;23;43;39;213;100;0,34;0,19;1,39;0,3;37,97;37,97;2,89;2,23
4;StudentAttendanceSystem;state;2230;19;33;7;37;100;0,31;0,3;0;0,06;38,97;38,97;0,79;0,67
4;StudentAttendanceSystem;transition;2230;19;33;11;33;100;0,26;0,56;0;0,11;38,97;38,97;1,05;0,93
4;StudentAttendanceSystem;pair;2230;19;33;32;163;100;0,28;0,14;0,91;0,23;39,97;40,97;2,08;1,56
4;StudentAttendanceSystem;state;2231;21;38;9;44;100;0,31;0,33;0;0,07;40,97;40,97;0,83;0,72
4;StudentAttendanceSystem;transition;2231;21;38;14;38;100;0,28;0,71;0;0,12;41,97;41,97;1,26;1,11
4;StudentAttendanceSystem;pair;2231;21;38;36;186;100;0,29;0,17;1,13;0,25;42,97;42,97;2,41;1,83
4;StudentAttendanceSystem;state;2232;23;43;10;50;100;0,34;0,37;0;0,11;42,97;42,97;0,93;0,83
4;StudentAttendanceSystem;transition;2232;23;43;15;43;100;0,38;0,75;0;0,13;43,97;43,97;1,41;1,26
4;StudentAttendanceSystem;pair;2232;23;43;40;218;100;0,32;0,19;1,3;0,31;44,97;45,97;2,77;2,11
4;StudentAttendanceSystem;state;2233;29;58;12;67;100;0,45;0,51;0;0,12;45,97;45,97;1,2;1,08
4;StudentAttendanceSystem;transition;2233;29;58;21;57;100;0,41;1,16;0;0,22;46,97;46,97;1,97;1,8
4;StudentAttendanceSystem;pair;2233;29;58;55;307;100;0,4;0,32;2,28;0,46;48,97;48,97;4,26;3,46
4;StudentAttendanceSystem;state;2234;23;41;9;47;100;0,37;0,38;0;0,09;49,97;49,97;0,95;0,84
4;StudentAttendanceSystem;transition;2234;23;41;15;40;100;0,31;0,8;0;0,17;49,97;49,97;1,43;1,28
4;StudentAttendanceSystem;pair;2234;23;41;41;211;100;0,33;0,18;1,31;0,34;50,97;51,97;2,89;2,16
4;StudentAttendanceSystem;state;2235;22;42;9;47;100;0,35;0,4;0;0,08;51,97;51,97;0,94;0,83
4;StudentAttendanceSystem;transition;2235;22;42;15;42;100;0,37;0,78;0;0,14;52,97;52,97;1,44;1,29
4;StudentAttendanceSystem;pair;2235;22;42;44;234;100;0,32;0,21;1,41;0,36;53,97;54,97;2,95;2,3
4;StudentAttendanceSystem;state;2236;20;37;8;41;100;0,33;0,34;0;0,07;54,97;54,97;0,84;0,73
4;StudentAttendanceSystem;transition;2236;20;37;13;37;100;0,28;0,66;0;0,12;55,97;55,97;1,2;1,06
4;StudentAttendanceSystem;pair;2236;20;37;32;174;100;0,31;0,16;0,96;0,24;56,97;56,97;2,22;1,67
4;StudentAttendanceSystem;state;2237;25;48;10;54;100;0,38;0,42;0;0,1;56,97;56,97;1,03;0,89
4;StudentAttendanceSystem;transition;2237;25;48;16;47;100;0,35;0,87;0;0,16;57,97;57,97;1,54;1,38
4;StudentAttendanceSystem;pair;2237;25;48;48;260;100;0,34;0,23;1,72;0,37;58,97;59,97;3,39;2,67
4;StudentAttendanceSystem;state;2238;21;36;8;41;100;0,32;0,33;0;0,07;59,97;59,97;0,82;0,71
4;StudentAttendanceSystem;transition;2238;21;36;13;35;100;0,29;0,67;0;0,16;60,97;60,97;1,25;1,11
4;StudentAttendanceSystem;pair;2238;21;36;29;151;100;0,29;0,17;0,87;0,21;61,97;61,97;2,04;1,54
4;StudentAttendanceSystem;state;2239;23;44;9;50;100;0,36;0,4;0;0,08;62,97;62,97;0,95;0,85
4;StudentAttendanceSystem;transition;2239;23;44;15;44;100;0,35;0,77;0;0,13;62,97;62,97;1,39;1,25
4;StudentAttendanceSystem;pair;2239;23;44;38;208;100;0,37;0,2;1,22;0,33;63,97;64,97;2,76;2,11
4;StudentAttendanceSystem;state;2240;18;30;7;37;100;0,29;0,3;0;0,06;64,97;64,97;0,76;0,65
4;StudentAttendanceSystem;transition;2240;18;30;10;30;100;0,25;0,54;0;0,09;65,97;65,97;1;0,88
4;StudentAttendanceSystem;pair;2240;18;30;22;116;100;0,26;0,12;0,64;0,15;66,97;66,97;1,59;1,17
4;StudentAttendanceSystem;state;2241;27;51;11;61;100;0,36;0,46;0;0,11;66,97;66,97;1,06;0,94
4;StudentAttendanceSystem;transition;2241;27;51;18;50;100;0,42;1,05;0;0,23;67,97;67,97;1,87;1,7
4;StudentAttendanceSystem;pair;2241;27;51;44;244;100;0,39;0,28;1,66;0,36;68,97;69,97;3,42;2,69
4;StudentAttendanceSystem;state;2242;24;44;9;48;100;0,36;0,37;0;0,08;69,97;69,97;0,95;0,81
4;StudentAttendanceSystem;transition;2242;24;44;16;43;100;0,35;0,8;0;0,15;70,97;70,97;1,46;1,3
4;StudentAttendanceSystem;pair;2242;24;44;39;211;100;0,31;0,19;1,28;0,31;71,97;72,97;2,7;2,1
4;StudentAttendanceSystem;state;2243;21;39;8;43;100;0,36;0,33;0;0,08;72,97;72,97;0,88;0,77
4;StudentAttendanceSystem;transition;2243;21;39;13;39;100;0,28;0,7;0;0,12;73,97;73,97;1,23;1,1
4;StudentAttendanceSystem;pair;2243;21;39;38;206;100;0,28;0,17;1,18;0,28;74,97;74,97;2,52;1,91
4;StudentAttendanceSystem;state;2244;22;38;8;42;100;0,34;0,33;0;0,08;74,97;75,97;0,87;0,76
4;StudentAttendanceSystem;transition;2244;22;38;14;37;100;0,28;0,73;0;0,13;75,97;75,97;1,28;1,14
4;StudentAttendanceSystem;pair;2244;22;38;33;172;100;0,29;0,16;0,96;0,23;76,97;76,97;2,22;1,64
4;StudentAttendanceSystem;state;2245;24;48;9;46;100;0,4;0,39;0;0,08;77,97;77,97;0,99;0,88
4;StudentAttendanceSystem;transition;2245;24;48;17;47;100;0,33;0,96;0;0,21;78,97;78,97;1,65;1,49
4;StudentAttendanceSystem;pair;2245;24;48;48;270;100;0,35;0,24;1,86;0,39;79,97;79,97;3,56;2,84
4;StudentAttendanceSystem;state;2246;26;52;11;61;100;0,41;0,45;0;0,11;80,97;80,97;1,08;0,97
4;StudentAttendanceSystem;transition;2246;26;52;18;52;100;0,37;0,96;0;0,18;81,97;81,97;1,67;1,51
4;StudentAttendanceSystem;pair;2246;26;52;48;272;100;0,37;0,27;1,91;0,4;82,97;83,97;3,7;2,95
4;StudentAttendanceSystem;state;2247;26;47;11;58;100;0,38;0,42;0;0,1;83,97;83,97;1,02;0,89
4;StudentAttendanceSystem;transition;2247;26;47;17;46;100;0,33;0,9;0;0,18;84,97;84,97;1,57;1,41
4;StudentAttendanceSystem;pair;2247;26;47;36;192;100;0,34;0,22;1,26;0,27;85,97;85,97;2,7;2,09
4;StudentAttendanceSystem;state;2248;18;31;7;34;100;0,29;0,33;0;0,05;86,97;86,97;0,78;0,67
4;StudentAttendanceSystem;transition;2248;18;31;12;31;100;0,25;0,54;0;0,09;86,97;86,97;1,03;0,88
4;StudentAttendanceSystem;pair;2248;18;31;28;133;100;0,26;0,12;0,68;0,17;87,97;87,97;1,72;1,23
4;StudentAttendanceSystem;state;2249;29;59;12;65;100;0,43;0,5;0;0,13;88,97;88,97;1,17;1,05
4;StudentAttendanceSystem;transition;2249;29;59;22;58;100;0,43;1,19;0;0,22;89,97;89,97;2,03;1,84
4;StudentAttendanceSystem;pair;2249;29;59;54;304;100;0,4;0,32;2,26;0,49;90,97;91,97;4,35;3,48
4;StudentAttendanceSystem;state;2250;24;43;9;49;100;0,35;0,41;0;0,08;91,97;91,97;0,96;0,85
4;StudentAttendanceSystem;transition;2250;24;43;14;42;100;0,31;0,82;0;0,16;92,97;92,97;1,44;1,29
4;StudentAttendanceSystem;pair;2250;24;43;38;213;100;0,36;0,21;1,3;0,31;93,97;94,97;2,86;2,17
4;StudentAttendanceSystem;state;2251;29;57;12;67;100;0,48;0,51;0;0,12;94,97;94,97;1,22;1,1
4;StudentAttendanceSystem;transition;2251;29;57;20;56;100;0,39;1,11;0;0,21;95,97;95,97;1,91;1,71
4;StudentAttendanceSystem;pair;2251;29;57;52;292;100;0,39;0,32;2,06;0,44;97,97;97,97;4,09;3,21
4;StudentAttendanceSystem;state;2252;25;48;9;49;100;0,4;0,42;0;0,09;98,97;98,97;1,03;0,91
4;StudentAttendanceSystem;transition;2252;25;48;17;47;100;0,34;0,91;0;0,21;98,97;98,97;1,61;1,46
4;StudentAttendanceSystem;pair;2252;25;48;43;249;100;0,37;0,22;1,64;0,36;100,97;100,97;3,27;2,59
4;StudentAttendanceSystem;state;2253;24;43;10;50;100;0,36;0,39;0;0,08;101,97;101,97;0,95;0,84
4;StudentAttendanceSystem;transition;2253;24;43;16;42;100;0,33;0,78;0;0,14;101,97;101,97;1,4;1,26
4;StudentAttendanceSystem;pair;2253;24;43;39;201;100;0,38;0,19;1,24;0,28;102,97;103,97;2,68;2,08
4;StudentAttendanceSystem;state;2254;23;42;8;43;100;0,41;0,37;0;0,07;103,97;103,97;0,96;0,85
4;StudentAttendanceSystem;transition;2254;23;42;15;41;100;0,31;0,83;0;0,15;104,97;104,97;1,44;1,3
4;StudentAttendanceSystem;pair;2254;23;42;35;197;100;0,32;0,18;1,2;0,28;105,97;105,97;2,57;1,99
4;StudentAttendanceSystem;state;2255;24;44;9;49;100;0,35;0,37;0;0,08;106,97;106,97;0,91;0,8
4;StudentAttendanceSystem;transition;2255;24;44;15;43;100;0,31;0,8;0;0,17;106,97;107,97;1,43;1,28
4;StudentAttendanceSystem;pair;2255;24;44;41;228;100;0,32;0,2;1,46;0,32;108,97;108,97;2,91;2,3
4;StudentAttendanceSystem;state;2256;23;46;9;48;100;0,35;0,41;0;0,08;109,97;109,97;0,95;0,84
4;StudentAttendanceSystem;transition;2256;23;46;17;46;100;0,33;0,86;0;0,16;109,97;109,97;1,5;1,35
4;StudentAttendanceSystem;pair;2256;23;46;45;249;100;0,36;0,23;1,51;0,38;111,97;111,97;3,12;2,48
4;StudentAttendanceSystem;state;2257;25;46;10;53;100;0,37;0,41;0;0,09;111,97;112,97;1,01;0,87
4;StudentAttendanceSystem;transition;2257;25;46;17;45;100;0,33;0,84;0;0,21;112,97;112,97;1,56;1,38
4;StudentAttendanceSystem;pair;2257;25;46;36;190;100;0,39;0,19;1,23;0,28;113,97;114,97;2,69;2,08
4;StudentAttendanceSystem;state;2258;23;44;9;45;100;0,34;0,37;0;0,07;114,97;114,97;0,89;0,79
4;StudentAttendanceSystem;transition;2258;23;44;16;43;100;0,31;0,78;0;0,15;115,97;115,97;1,38;1,23
4;StudentAttendanceSystem;pair;2258;23;44;44;236;100;0,33;0,21;1,51;0,34;116,97;116,97;3,05;2,39
4;StudentAttendanceSystem;state;2259;23;42;8;43;100;0,36;0,38;0;0,08;117,97;117,97;0,93;0,82
4;StudentAttendanceSystem;transition;2259;23;42;15;41;100;0,31;0,78;0;0,17;118,97;118,97;1,4;1,25
4;StudentAttendanceSystem;pair;2259;23;42;35;193;100;0,31;0,18;1,17;0,27;119,97;119,97;2,63;1,93
4;StudentAttendanceSystem;state;2260;26;49;10;56;100;0,38;0,44;0;0,1;120,97;120,97;1,03;0,92
4;StudentAttendanceSystem;transition;2260;26;49;17;48;100;0,38;0,99;0;0,17;120,97;120,97;1,69;1,53
4;StudentAttendanceSystem;pair;2260;26;49;41;231;100;0,36;0,24;1,55;0,33;122,97;122,97;3,13;2,46
4;StudentAttendanceSystem;state;2261;27;55;12;64;100;0,44;0,53;0;0,11;123,97;123,97;1,21;1,08
4;StudentAttendanceSystem;transition;2261;27;55;19;55;100;0,38;0,98;0;0,19;123,97;124,97;1,73;1,56
4;StudentAttendanceSystem;pair;2261;27;55;53;297;100;0,38;0,31;2,04;0,42;125,97;125,97;3,94;3,14
4;StudentAttendanceSystem;state;2262;22;38;8;42;100;0,38;0,34;0;0,07;126,97;126,97;0,9;0,78
4;StudentAttendanceSystem;transition;2262;22;38;14;37;100;0,29;0,72;0;0,19;126,97;127,97;1,94;1,2
4;StudentAttendanceSystem;pair;2262;22;38;32;168;100;0,32;0,16;0,98;0,23;128,97;128,97;2,26;1,68
4;StudentAttendanceSystem;state;2263;22;42;8;40;100;0,36;0,35;0;0,07;128,97;128,97;0,95;0,78
4;StudentAttendanceSystem;transition;2263;22;42;15;41;100;0,31;0,74;0;0,14;129,97;129,97;1,33;1,19
4;StudentAttendanceSystem;pair;2263;22;42;40;217;100;0,31;0,25;1,35;0,3;130,97;130,97;2,78;2,21
4;StudentAttendanceSystem;state;2264;19;33;7;36;100;0,33;0,3;0;0,06;131,97;131,97;0,79;0,68
4;StudentAttendanceSystem;transition;2264;19;33;12;33;100;0,26;0,59;0;0,12;131,97;132,97;1,09;0,97
4;StudentAttendanceSystem;pair;2264;19;33;28;144;100;0,27;0,13;0,75;0,2;132,97;133,97;1,85;1,35
4;StudentAttendanceSystem;state;2265;29;57;12;67;100;0,4;0,48;0;0,12;133,97;133,97;1,12;1,01
4;StudentAttendanceSystem;transition;2265;29;57;20;56;100;0,38;1,12;0;0,21;134,97;134,97;1,88;1,71
4;StudentAttendanceSystem;pair;2265;29;57;52;296;100;0,41;0,29;2,1;0,44;136,97;136,97;4,02;3,24
4;StudentAttendanceSystem;state;2266;22;41;8;42;100;0,34;0,35;0;0,08;136,97;137,97;0,89;0,77
4;StudentAttendanceSystem;transition;2266;22;41;14;40;100;0,3;0,75;0;0,13;137,97;137,97;1,32;1,18
4;StudentAttendanceSystem;pair;2266;22;41;42;226;100;0,3;0,18;1,34;0,32;138,97;139,97;2,74;2,16
4;StudentAttendanceSystem;state;2267;24;43;9;48;100;0,33;0,37;0;0,08;139,97;139,97;0,88;0,78
4;StudentAttendanceSystem;transition;2267;24;43;15;42;100;0,36;0,81;0;0,15;140,97;140,97;1,47;1,32
4;StudentAttendanceSystem;pair;2267;24;43;36;200;100;0,31;0,18;1,27;0,29;141,97;141,97;2,62;2,04
4;StudentAttendanceSystem;state;2268;21;39;8;43;100;0,32;0,36;0;0,08;142,97;142,97;0,85;0,75
4;StudentAttendanceSystem;transition;2268;21;39;13;38;100;0,31;0,68;0;0,13;142,97;142,97;1,29;1,12
4;StudentAttendanceSystem;pair;2268;21;39;39;213;100;0,31;0,18;1,27;0,31;143,97;144,97;2,73;2,08
4;StudentAttendanceSystem;state;2269;23;44;9;48;100;0,37;0,4;0;0,09;144,97;144,97;1;0,86
4;StudentAttendanceSystem;transition;2269;23;44;15;44;100;0,34;0,79;0;0,14;145,97;145,97;1,43;1,28
4;StudentAttendanceSystem;pair;2269;23;44;38;218;100;0,32;0,2;1,3;0,32;146,97;147,97;2,75;2,14
4;StudentAttendanceSystem;state;2270;25;48;11;60;100;0,39;0,44;0;0,1;147,97;147,97;1,03;0,92
4;StudentAttendanceSystem;transition;2270;25;48;16;48;100;0,35;0,92;0;0,16;148,97;148,97;1,57;1,42
4;StudentAttendanceSystem;pair;2270;25;48;47;253;100;0,36;0,24;1,58;0,35;149,97;150,97;3,23;2,53
4;StudentAttendanceSystem;state;2271;20;35;8;41;100;0,32;0,38;0;0,07;150,97;150,97;0,88;0,76
4;StudentAttendanceSystem;transition;2271;20;35;12;35;100;0,31;0,69;0;0,11;151,97;151,97;1,24;1,1
4;StudentAttendanceSystem;pair;2271;20;35;35;176;100;0,28;0,15;1,01;0,23;152,97;152,97;2,18;1,67
4;StudentAttendanceSystem;state;2272;22;39;8;43;100;0,33;0,42;0;0,08;152,97;152,97;0,94;0,83
4;StudentAttendanceSystem;transition;2272;22;39;14;38;100;0,3;0,71;0;0,14;153,97;153,97;1,3;1,16
4;StudentAttendanceSystem;pair;2272;22;39;37;193;100;0,33;2,82;1,19;0,25;155,08;6,08;5,24;4,59
4;StudentAttendanceSystem;state;2273;21;34;8;41;100;0,36;0,32;0;0,1;7,08;7,08;0,91;0,78
4;StudentAttendanceSystem;transition;2273;21;34;12;33;100;0,28;0,63;0;0,11;7,08;7,08;1,17;1,03
4;StudentAttendanceSystem;pair;2273;21;34;30;150;100;0,34;0,13;0,83;0,24;8,08;9,08;2,03;1,54
4;StudentAttendanceSystem;state;2274;18;31;7;35;100;0,29;0,29;0;0,06;9,08;9,08;0,75;0,64
4;StudentAttendanceSystem;transition;2274;18;31;11;31;100;0,25;0,58;0;0,11;9,08;10,08;1,07;0,95
4;StudentAttendanceSystem;pair;2274;18;31;25;127;100;0,26;0,18;0,68;0,18;10,08;11,08;1,76;1,3
4;StudentAttendanceSystem;state;2275;28;54;12;64;100;0,4;0,49;0;0,11;11,08;11,08;1,12;1
4;StudentAttendanceSystem;transition;2275;28;54;19;53;100;0,38;1,03;0;0,2;12,08;12,08;1,78;1,62
4;StudentAttendanceSystem;pair;2275;28;54;49;272;100;0,37;0,28;1,88;0,47;13,08;14,08;3,84;3
4;StudentAttendanceSystem;state;2276;23;41;9;47;100;0,39;0,36;0;0,08;14,08;14,08;0,95;0,84
4;StudentAttendanceSystem;transition;2276;23;41;15;40;100;0,36;0,8;0;0,15;15,08;15,08;1,45;1,3
4;StudentAttendanceSystem;pair;2276;23;41;40;206;100;0,31;0,2;1,2;0,32;16,08;16,08;2,62;2,03
4;StudentAttendanceSystem;state;2277;26;49;10;54;100;0,41;0,42;0;0,09;17,08;17,08;1,03;0,91
4;StudentAttendanceSystem;transition;2277;26;49;17;48;100;0,37;0,93;0;0,17;18,08;18,08;1,63;1,47
4;StudentAttendanceSystem;pair;2277;26;49;43;247;100;0,38;0,24;1,71;0,36;19,08;19,08;3,42;2,69
4;StudentAttendanceSystem;state;2278;25;50;10;51;100;0,41;0,42;0;0,1;20,08;20,08;1,09;0,93
4;StudentAttendanceSystem;transition;2278;25;50;18;49;100;0,35;0,92;0;0,17;21,08;21,08;1,61;1,44
4;StudentAttendanceSystem;pair;2278;25;50;51;283;100;0,35;0,26;2,02;0,42;22,08;23,08;3,82;3,05
4;StudentAttendanceSystem;state;2279;22;40;9;49;100;0,36;0,37;0;0,08;23,08;23,08;0,95;0,8
4;StudentAttendanceSystem;transition;2279;22;40;13;40;100;0,3;0,77;0;0,13;24,08;24,08;1,34;1,19
4;StudentAttendanceSystem;pair;2279;22;40;37;197;100;0,31;0,17;1,22;0,27;25,08;25,08;2,57;1,98
4;StudentAttendanceSystem;state;2280;26;50;10;52;100;0,38;0,46;0;0,09;26,08;26,08;1,05;0,94
4;StudentAttendanceSystem;transition;2280;26;50;18;49;100;0,35;0,93;0;0,19;26,08;27,08;1,62;1,47
4;StudentAttendanceSystem;pair;2280;26;50;42;242;100;0,35;0,25;1,65;0,45;28,08;28,08;3,42;2,71
4;StudentAttendanceSystem;state;2281;24;50;11;57;100;0,39;0,44;0;0,1;29,08;29,08;1,05;0,93
4;StudentAttendanceSystem;transition;2281;24;50;18;50;100;0,36;0,86;0;0,18;29,08;30,08;1,56;1,4
4;StudentAttendanceSystem;pair;2281;24;50;47;261;100;0,35;0,25;1,75;0,37;31,08;31,08;3,53;2,73
4;StudentAttendanceSystem;state;2282;23;44;9;50;100;0,41;0,41;0;0,09;32,08;32,08;1,05;0,91
4;StudentAttendanceSystem;transition;2282;23;44;15;44;100;0,32;0,78;0;0,16;32,08;33,08;1,42;1,27
4;StudentAttendanceSystem;pair;2282;23;44;37;207;100;0,33;0,2;2,02;0,32;34,08;34,08;3,48;2,87
4;StudentAttendanceSystem;state;2283;26;51;12;63;100;0,41;0,45;0;0,12;34,08;35,08;1,1;0,97
4;StudentAttendanceSystem;transition;2283;26;51;18;51;100;0,4;0,92;0;0,17;35,08;35,08;1,64;1,48
4;StudentAttendanceSystem;pair;2283;26;51;49;267;100;0,39;0,26;1,87;0,37;37,08;37,08;3,6;2,89
4;StudentAttendanceSystem;state;2284;21;39;8;42;100;0,36;0,36;0;0,07;38,08;38,08;0,91;0,79
4;StudentAttendanceSystem;transition;2284;21;39;14;39;100;0,3;0,69;0;0,13;38,08;38,08;1,27;1,13
4;StudentAttendanceSystem;pair;2284;21;39;35;191;100;0,38;0,17;1,11;0,28;39,08;40,08;2,49;1,93
4;StudentAttendanceSystem;state;2285;25;45;10;53;100;0,43;0,41;0;0,13;40,08;40,08;1,08;0,97
4;StudentAttendanceSystem;transition;2285;25;45;15;44;100;0,34;0,83;0;0,15;41,08;41,08;1,49;1,32
4;StudentAttendanceSystem;pair;2285;25;45;42;232;100;0,34;0,2;1,47;0,32;42,08;42,08;2,96;2,34
4;StudentAttendanceSystem;state;2286;23;41;9;46;100;0,34;0,37;0;0,08;43,08;43,08;0,89;0,79
4;StudentAttendanceSystem;transition;2286;23;41;15;40;100;0,34;0,75;0;0,14;44,08;44,08;1,37;1,23
4;StudentAttendanceSystem;pair;2286;23;41;37;197;100;0,33;0,18;1,24;0,27;45,08;45,08;2,59;2,02
4;StudentAttendanceSystem;state;2287;30;60;13;70;100;0,42;0,52;0;0,17;46,08;46,08;1,23;1,11
4;StudentAttendanceSystem;transition;2287;30;60;21;59;100;0,4;1,17;0;0,23;46,08;47,08;1,97;1,8
4;StudentAttendanceSystem;pair;2287;30;60;57;321;100;0,41;0,3;2,48;0,48;48,08;49,08;4,47;3,67
4;StudentAttendanceSystem;state;2288;24;42;10;50;100;0,35;0,42;0;0,09;49,08;49,08;0,98;0,86
4;StudentAttendanceSystem;transition;2288;24;42;15;41;100;0,31;0,76;0;0,16;50,08;50,08;1,38;1,23
4;StudentAttendanceSystem;pair;2288;24;42;36;190;100;0,33;0,18;1,17;0,27;51,08;51,08;2,61;1,95
4;StudentAttendanceSystem;state;2289;20;39;9;47;100;0,31;0,37;0;0,07;52,08;52,08;0,88;0,76
4;StudentAttendanceSystem;transition;2289;20;39;13;39;100;0,29;0,66;0;0,12;52,08;52,08;1,25;1,07
4;StudentAttendanceSystem;pair;2289;20;39;35;191;100;0,31;0,18;1,12;0,27;53,08;54,08;2,47;1,88
4;StudentAttendanceSystem;state;2290;22;37;9;44;100;0,3;0,33;0;0,11;54,08;54,08;0,85;0,74
4;StudentAttendanceSystem;transition;2290;22;37;14;36;100;0,31;0,68;0;0,16;55,08;55,08;1,29;1,15
4;StudentAttendanceSystem;pair;2290;22;37;31;152;100;0,28;0,15;0,89;0,21;56,08;56,08;2,12;1,53
4;StudentAttendanceSystem;state;2291;18;29;7;34;100;0,3;0,31;0;0,06;56,08;56,08;0,78;0,68
4;StudentAttendanceSystem;transition;2291;18;29;10;29;100;0,24;0,48;0;0,08;57,08;57,08;0,99;0,8
4;StudentAttendanceSystem;pair;2291;18;29;23;110;100;0,24;0,11;0,59;0,15;58,08;58,08;1,51;1,09
4;StudentAttendanceSystem;state;2292;24;47;9;48;100;0,35;0,39;0;0,09;58,08;58,08;0,94;0,83
4;StudentAttendanceSystem;transition;2292;24;47;16;46;100;0,34;0,85;0;0,16;59,08;59,08;1,5;1,35
4;StudentAttendanceSystem;pair;2292;24;47;49;273;100;0,33;0,24;1,77;0,4;60,08;61,08;3,54;2,74
4;StudentAttendanceSystem;state;2293;29;56;12;67;100;0,43;0,47;0;0,14;61,08;61,08;1,17;1,05
4;StudentAttendanceSystem;transition;2293;29;56;19;55;100;0,41;1,11;0;0,2;62,08;62,08;1,88;1,72
4;StudentAttendanceSystem;pair;2293;29;56;49;281;100;0,41;0,28;1,98;0,44;64,08;64,08;3,86;3,1
4;StudentAttendanceSystem;state;2294;24;42;10;50;100;0,34;0,38;0;0,08;65,08;65,08;0,91;0,8
4;StudentAttendanceSystem;transition;2294;24;42;15;41;100;0,3;0,78;0;0,16;65,08;65,08;1,39;1,24
4;StudentAttendanceSystem;pair;2294;24;42;37;195;100;0,32;0,2;1,18;0,27;66,08;67,08;2,56;1,97
4;StudentAttendanceSystem;state;2295;22;40;9;44;100;0,33;0,34;0;0,08;67,08;67,08;0,86;0,75
4;StudentAttendanceSystem;transition;2295;22;40;16;39;100;0,29;0,74;0;0,15;68,08;68,08;1,36;1,18
4;StudentAttendanceSystem;pair;2295;22;40;34;172;100;0,3;0,17;1,05;0,23;69,08;69,08;2,34;1,75
4;StudentAttendanceSystem;state;2296;22;37;8;42;100;0,32;0,34;0;0,07;70,08;70,08;0,84;0,73
4;StudentAttendanceSystem;transition;2296;22;37;13;36;100;0,28;0,66;0;0,21;70,08;70,08;1,3;1,15
4;StudentAttendanceSystem;pair;2296;22;37;29;153;100;0,3;0,23;0,88;0,22;71,08;72,08;2,15;1,64
4;StudentAttendanceSystem;state;2297;19;31;8;38;100;0,31;0,29;0;0,06;72,08;72,08;0,77;0,66
4;StudentAttendanceSystem;transition;2297;19;31;11;31;100;0,27;0,51;0;0,1;72,08;73,08;1,01;0,89
4;StudentAttendanceSystem;pair;2297;19;31;24;117;100;0,24;0,12;0,63;0,15;73,08;73,08;1,56;1,14
4;StudentAttendanceSystem;state;2298;24;45;9;48;100;0,34;0,38;0;0,08;74,08;74,08;0,91;0,8
4;StudentAttendanceSystem;transition;2298;24;45;17;44;100;0,35;0,88;0;0,17;75,08;75,08;1,55;1,39
4;StudentAttendanceSystem;pair;2298;24;45;42;226;100;0,4;0,2;1,46;0,32;76,08;76,08;3,03;2,38
4;StudentAttendanceSystem;state;2299;21;43;9;45;100;0,39;0,36;0;0,08;77,08;77,08;0,95;0,83
4;StudentAttendanceSystem;transition;2299;21;43;16;43;100;0,31;0,72;0;0,21;77,08;78,08;1,39;1,24
4;StudentAttendanceSystem;pair;2299;21;43;41;227;100;0,32;0,21;1,43;0,32;79,08;79,08;2,87;2,27
4;StudentAttendanceSystem;state;2300;22;43;8;43;100;0,35;0,36;0;0,09;79,08;80,08;0,96;0,8
4;StudentAttendanceSystem;transition;2300;22;43;15;43;100;0,33;0,76;0;0,14;80,08;80,08;1,38;1,23
4;StudentAttendanceSystem;pair;2300;22;43;39;221;100;0,38;0,19;1,35;0,35;81,08;82,08;2,96;2,28
4;StudentAttendanceSystem;state;2301;23;44;9;50;100;0,36;0,38;0;0,08;82,08;82,08;0,94;0,83
4;StudentAttendanceSystem;transition;2301;23;44;15;44;100;0,32;0,88;0;0,19;83,08;83,08;1,54;1,39
4;StudentAttendanceSystem;pair;2301;23;44;38;208;100;0,33;0,2;1,26;0,29;84,08;84,08;2,68;2,08
4;StudentAttendanceSystem;state;2302;25;48;9;49;100;0,44;0,41;0;0,09;85,08;85,08;1,05;0,94
4;StudentAttendanceSystem;transition;2302;25;48;17;47;100;0,35;0,93;0;0,18;86,08;86,08;1,62;1,46
4;StudentAttendanceSystem;pair;2302;25;48;43;245;100;0,35;0,24;1,68;0,36;87,08;87,08;3,33;2,63
4;StudentAttendanceSystem;state;2303;25;47;10;51;100;0,41;0,45;0;0,09;88,08;88,08;1,07;0,95
4;StudentAttendanceSystem;transition;2303;25;47;18;46;100;0,38;0,89;0;0,17;89,08;89,08;1,6;1,45
4;StudentAttendanceSystem;pair;2303;25;47;41;221;100;0,36;0,21;1,56;0,34;90,08;90,08;3,17;2,47
4;StudentAttendanceSystem;state;2304;19;34;7;36;100;0,3;0,32;0;0,06;91,08;91,08;0,8;0,68
4;StudentAttendanceSystem;transition;2304;19;34;13;34;100;0,26;0,62;0;0,11;91,08;91,08;1,11;0,99
4;StudentAttendanceSystem;pair;2304;19;34;31;155;100;0,28;0,14;0,82;0,2;92,08;92,08;1,98;1,44
4;StudentAttendanceSystem;state;2305;19;33;7;37;100;0,31;0,3;0;0,06;93,08;93,08;0,77;0,67
4;StudentAttendanceSystem;transition;2305;19;33;11;33;100;0,27;0,6;0;0,1;93,08;93,08;1,09;0,96
4;StudentAttendanceSystem;pair;2305;19;33;30;156;100;0,3;0,14;0,86;0,22;94,08;95,08;2;1,51
4;StudentAttendanceSystem;state;2306;29;57;12;67;100;0,4;0,52;0;0,13;95,08;95,08;1,2;1,05
4;StudentAttendanceSystem;transition;2306;29;57;20;56;100;0,38;1,16;0;0,22;96,08;96,08;1,92;1,75
4;StudentAttendanceSystem;pair;2306;29;57;52;296;100;0,39;0,28;2,17;0,43;98,08;98,08;4,06;3,27
4;StudentAttendanceSystem;state;2307;21;40;8;43;100;0,38;0,35;0;0,08;98,08;98,08;0,93;0,8
4;StudentAttendanceSystem;transition;2307;21;40;14;40;100;0,29;0,74;0;0,13;99,08;99,08;1,32;1,17
4;StudentAttendanceSystem;pair;2307;21;40;41;221;100;0,31;0,17;1,29;0,31;100,08;101,08;2,66;2,08
4;StudentAttendanceSystem;state;2308;29;57;12;67;100;0,45;0,49;0;0,12;101,08;101,08;1,19;1,06
4;StudentAttendanceSystem;transition;2308;29;57;19;56;100;0,38;1,14;0;0,21;102,08;102,08;1,94;1,73
4;StudentAttendanceSystem;pair;2308;29;57;55;315;100;0,39;0,29;2,27;0,47;104,08;104,08;4,36;3,43
4;StudentAttendanceSystem;state;2309;27;55;12;66;100;0,42;0,49;0;0,11;105,08;105,08;1,15;1,03
4;StudentAttendanceSystem;transition;2309;27;55;19;55;100;0,37;1,01;0;0,2;105,08;106,08;1,76;1,59
4;StudentAttendanceSystem;pair;2309;27;55;57;315;100;0,38;0,27;2,19;0,52;107,08;108,08;4,17;3,37
4;StudentAttendanceSystem;state;2310;27;55;12;64;100;0,42;0,48;0;0,11;108,08;108,08;1,13;1,01
4;StudentAttendanceSystem;transition;2310;27;55;20;55;100;0,38;1,79;0;0,2;109,08;109,08;2,55;2,37
4;StudentAttendanceSystem;pair;2310;27;55;50;282;100;0,4;0,28;1,92;0,4;110,08;111,08;3,84;3,01
4;StudentAttendanceSystem;state;2311;29;56;12;67;100;0,43;0,48;0;0,12;111,08;111,08;1,16;1,03
4;StudentAttendanceSystem;transition;2311;29;56;18;55;100;0,4;1,05;0;0,19;112,08;112,08;1,82;1,64
4;StudentAttendanceSystem;pair;2311;29;56;52;300;100;0,43;0,3;2,15;0,45;114,08;114,08;4,09;3,32
4;StudentAttendanceSystem;state;2312;24;46;10;55;100;0,38;0,46;0;0,09;115,08;115,08;1,06;0,94
4;StudentAttendanceSystem;transition;2312;24;46;15;46;100;0,34;0,85;0;0,15;115,08;116,08;1,5;1,34
4;StudentAttendanceSystem;pair;2312;24;46;44;240;100;0,33;0,23;1,43;0,39;117,08;117,08;3,03;2,38
4;StudentAttendanceSystem;state;2313;18;30;7;37;100;0,29;0,3;0;0,06;118,08;118,08;0,75;0,64
4;StudentAttendanceSystem;transition;2313;18;30;10;30;100;0,27;0,54;0;0,1;118,08;118,08;1,03;0,9
4;StudentAttendanceSystem;pair;2313;18;30;22;116;100;0,25;0,12;0,6;0,15;119,08;119,08;1,6;1,12
4;StudentAttendanceSystem;state;2314;24;43;9;48;100;0,35;0,42;0;0,08;120,08;120,08;0,98;0,86
4;StudentAttendanceSystem;transition;2314;24;43;15;42;100;0,31;0,79;0;0,15;120,08;120,08;1,39;1,25
4;StudentAttendanceSystem;pair;2314;24;43;35;195;100;0,33;0,23;1,22;0,27;121,08;122,08;2,69;2,05
4;StudentAttendanceSystem;state;2315;22;39;9;46;100;0,33;0,4;0;0,08;122,08;122,08;0,94;0,81
4;StudentAttendanceSystem;transition;2315;22;39;15;38;100;0,29;0,83;0;0,16;123,08;123,08;1,44;1,28
4;StudentAttendanceSystem;pair;2315;22;39;32;167;100;0,37;0,16;0,95;0,27;124,08;124,08;2,27;1,75
4;StudentAttendanceSystem;state;2316;22;43;8;43;100;0,33;0,38;0;0,09;125,08;125,08;0,91;0,8
4;StudentAttendanceSystem;transition;2316;22;43;15;43;100;0,31;0,75;0;0,14;125,08;125,08;1,34;1,2
4;StudentAttendanceSystem;pair;2316;22;43;39;221;100;0,33;0,22;1,27;0,31;126,08;127,08;2,79;2,14
4;StudentAttendanceSystem;state;2317;24;44;9;48;100;0,35;0,37;0;0,08;127,08;127,08;0,9;0,8
4;StudentAttendanceSystem;transition;2317;24;44;16;43;100;0,35;0,8;0;0,17;128,08;128,08;1,46;1,31
4;StudentAttendanceSystem;pair;2317;24;44;38;208;100;0,33;0,2;1,26;0,32;129,08;129,08;2,7;2,11
4;StudentAttendanceSystem;state;2318;26;53;11;61;100;0,41;0,44;0;0,1;130,08;130,08;1,12;0,96
4;StudentAttendanceSystem;transition;2318;26;53;19;53;100;0,37;0,98;0;0,19;131,08;131,08;1,72;1,54
4;StudentAttendanceSystem;pair;2318;26;53;51;283;100;0,43;0,29;1,92;0,4;132,08;133,08;3,83;3,03
4;StudentAttendanceSystem;state;2319;23;44;9;50;100;0,38;0,39;0;0,08;133,08;133,08;0,98;0,84
4;StudentAttendanceSystem;transition;2319;23;44;15;44;100;0,35;0,8;0;0,15;134,08;134,08;1,45;1,29
4;StudentAttendanceSystem;pair;2319;23;44;38;212;100;0,33;0,21;1,27;0,31;135,08;135,08;2,75;2,13
4;StudentAttendanceSystem;state;2320;22;37;8;43;100;0,35;0,33;0;0,07;136,08;136,08;0,87;0,75
4;StudentAttendanceSystem;transition;2320;22;37;12;36;100;0,29;0,7;0;0,14;136,08;137,08;1,26;1,12
4;StudentAttendanceSystem;pair;2320;22;37;32;172;100;0,29;0,16;0,97;0,23;137,08;138,08;2,19;1,65
4;StudentAttendanceSystem;state;2321;27;52;11;61;100;0,44;0,46;0;0,11;138,08;138,08;1,14;1,01
4;StudentAttendanceSystem;transition;2321;27;52;19;51;100;0,38;1;0;0,22;139,08;139,08;1,78;1,6
4;StudentAttendanceSystem;pair;2321;27;52;48;260;100;0,41;0,25;1,86;0,36;141,08;141,08;3,62;2,88
4;StudentAttendanceSystem;state;2322;24;47;10;55;100;0,38;0,4;0;0,15;141,08;142,08;1,06;0,93
4;StudentAttendanceSystem;transition;2322;24;47;17;47;100;0,34;0,85;0;0,18;142,08;142,08;1,53;1,37
4;StudentAttendanceSystem;pair;2322;24;47;44;236;100;0,36;0,21;1,44;0,33;143,08;144,08;3,01;2,34
4;StudentAttendanceSystem;state;2323;24;48;10;51;100;0,37;0,4;0;0,09;144,08;144,08;0,97;0,86
4;StudentAttendanceSystem;transition;2323;24;48;18;47;100;0,34;0,91;0;0,16;145,08;145,08;1,57;1,42
4;StudentAttendanceSystem;pair;2323;24;48;45;251;100;0,34;0,23;1,66;0,36;146,08;147,08;3,27;2,58
4;StudentAttendanceSystem;state;2324;26;52;11;61;100;0,4;0,45;0;0,13;147,08;147,08;1,08;0,97
4;StudentAttendanceSystem;transition;2324;26;52;18;52;100;0,44;1,08;0;0,18;148,08;148,08;1,86;1,7
4;StudentAttendanceSystem;pair;2324;26;52;48;272;100;0,42;0,34;1,93;0,39;150,08;150,08;3,78;3,07
4;StudentAttendanceSystem;state;2325;30;59;13;72;100;0,43;0,59;0;0,13;151,08;151,08;1,27;1,15
4;StudentAttendanceSystem;transition;2325;30;59;20;58;100;0,42;1,13;0;0,24;151,08;152,08;1,97;1,79
4;StudentAttendanceSystem;pair;2325;30;59;58;324;100;0,41;0,31;2,43;0,49;153,08;154,08;4,56;3,65
4;StudentAttendanceSystem;state;2326;22;42;8;43;100;0,35;0,37;0;0,08;154,08;154,08;0,91;0,8
4;StudentAttendanceSystem;transition;2326;22;42;14;42;100;0,32;4,23;0;0,14;155,08;6,07;4,86;4,69
4;StudentAttendanceSystem;pair;2326;22;42;36;210;100;0,36;0,19;1,33;0,31;7,07;7,07;2,8;2,18
4;StudentAttendanceSystem;state;2327;26;50;10;54;100;0,39;0,5;0;0,1;8,07;8,07;1,12;1
4;StudentAttendanceSystem;transition;2327;26;50;17;49;100;0,41;1,01;0;0,18;9,07;9,07;1,76;1,6
4;StudentAttendanceSystem;pair;2327;26;50;49;277;100;0,37;0,26;1,94;0,42;10,07;10,07;3,74;2,99
4;StudentAttendanceSystem;state;2328;22;40;10;53;100;0,37;0,39;0;0,09;11,07;11,07;0,99;0,85
4;StudentAttendanceSystem;transition;2328;22;40;14;40;100;0,31;0,7;0;0,16;12,07;12,07;1,32;1,17
4;StudentAttendanceSystem;pair;2328;22;40;29;156;100;0,31;0,17;0,91;0,22;13,07;13,07;2,18;1,62
4;StudentAttendanceSystem;state;2329;21;39;8;42;100;0,33;0,39;0;0,08;13,07;13,07;0,91;0,8
4;StudentAttendanceSystem;transition;2329;21;39;14;39;100;0,3;0,72;0;0,13;14,07;14,07;1,3;1,15
4;StudentAttendanceSystem;pair;2329;21;39;35;191;100;0,31;0,17;1,11;0,29;15,07;15,07;2,45;1,88
4;StudentAttendanceSystem;state;2330;22;38;8;43;100;0,34;0,36;0;0,08;16,07;16,07;0,88;0,78
4;StudentAttendanceSystem;transition;2330;22;38;13;37;100;0,28;0,68;0;0,13;16,07;16,07;1,21;1,08
4;StudentAttendanceSystem;pair;2330;22;38;34;180;100;0,3;0,16;1,16;0,25;17,07;18,07;2,44;1,88
4;StudentAttendanceSystem;state;2331;24;45;9;46;100;0,35;0,42;0;0,09;18,07;18,07;0,96;0,85
4;StudentAttendanceSystem;transition;2331;24;45;17;44;100;0,31;0,87;0;0,17;19,07;19,07;1,5;1,35
4;StudentAttendanceSystem;pair;2331;24;45;37;203;100;0,33;0,25;1,29;0,29;20,07;20,07;2,76;2,16
4;StudentAttendanceSystem;state;2332;27;53;11;57;100;0,4;0,45;0;0,1;21,07;21,07;1,06;0,96
4;StudentAttendanceSystem;transition;2332;27;53;20;52;100;0,36;1,02;0;0,2;22,07;22,07;1,76;1,58
4;StudentAttendanceSystem;pair;2332;27;53;48;268;100;0,37;0,3;1,94;0,4;23,07;24,07;3,72;3,01
4;StudentAttendanceSystem;state;2333;25;45;10;53;100;0,36;0,45;0;0,1;24,07;24,07;1,02;0,91
4;StudentAttendanceSystem;transition;2333;25;45;15;44;100;0,33;0,85;0;0,16;25,07;25,07;1,49;1,34
4;StudentAttendanceSystem;pair;2333;25;45;42;232;100;0,37;0,22;1,49;0,36;26,07;26,07;3,25;2,44
4;StudentAttendanceSystem;state;2334;20;35;8;41;100;0,34;0,32;0;0,06;27,07;27,07;0,85;0,73
4;StudentAttendanceSystem;transition;2334;20;35;12;35;100;0,29;0,66;0;0,12;27,07;28,07;1,21;1,07
4;StudentAttendanceSystem;pair;2334;20;35;34;172;100;0,32;0,15;0,95;0,23;28,07;29,07;2,18;1,65
4;StudentAttendanceSystem;state;2335;19;32;7;36;100;0,29;0,34;0;0,06;29,07;29,07;0,79;0,69
4;StudentAttendanceSystem;transition;2335;19;32;11;32;100;0,26;0,58;0;0,1;30,07;30,07;1,06;0,93
4;StudentAttendanceSystem;pair;2335;19;32;25;129;100;0,28;0,13;0,7;0,17;31,07;31,07;1,73;1,27
4;StudentAttendanceSystem;state;2336;24;43;10;50;100;0,3;0,44;0;0,09;31,07;31,07;0,93;0,82
4;StudentAttendanceSystem;transition;2336;24;43;16;42;100;0,3;0,79;0;0,15;32,07;32,07;1,38;1,24
4;StudentAttendanceSystem;pair;2336;24;43;40;206;100;0,33;0,2;1,3;0,29;33,07;33,07;2,69;2,13
4;StudentAttendanceSystem;state;2337;25;50;10;56;100;0,39;0,42;0;0,1;34,07;34,07;1,02;0,91
4;StudentAttendanceSystem;transition;2337;25;50;17;50;100;0,35;1;0;0,21;35,07;35,07;1,71;1,56
4;StudentAttendanceSystem;pair;2337;25;50;45;259;100;0,36;0,25;1,72;0,41;36,07;36,07;3,44;2,75
4;StudentAttendanceSystem;state;2338;21;39;9;46;100;0,34;0,4;0;0,08;37,07;37,07;0,93;0,82
4;StudentAttendanceSystem;transition;2338;21;39;14;39;100;0,35;0,69;0;0,13;38,07;38,07;1,31;1,17
4;StudentAttendanceSystem;pair;2338;21;39;32;175;100;0,29;0,16;1,08;0,24;39,07;39,07;2,32;1,78
4;StudentAttendanceSystem;state;2339;28;54;12;64;100;0,4;0,47;0;0,11;39,07;40,07;1,11;0,98
4;StudentAttendanceSystem;transition;2339;28;54;20;53;100;0,37;1,03;0;0,19;40,07;40,07;1,75;1,59
4;StudentAttendanceSystem;pair;2339;28;54;47;255;100;0,39;0,27;1,92;0,38;42,07;42,07;3,69;2,96
4;StudentAttendanceSystem;state;2340;23;47;9;46;100;0,42;0,42;0;0,08;43,07;43,07;1,04;0,92
4;StudentAttendanceSystem;transition;2340;23;47;18;47;100;0,33;0,84;0;0,2;43,07;43,07;1,51;1,36
4;StudentAttendanceSystem;pair;2340;23;47;44;246;100;0,4;0,22;1,53;0,34;45,07;45,07;3,15;2,49
4;StudentAttendanceSystem;state;2341;26;52;12;63;100;0,43;0,47;0;0,11;46,07;46,07;1,13;1,01
4;StudentAttendanceSystem;transition;2341;26;52;19;52;100;0,37;0,97;0;0,18;46,07;46,07;1,66;1,51
4;StudentAttendanceSystem;pair;2341;26;52;52;278;100;0,37;0,27;1,95;0,4;48,07;48,07;3,71;2,99
4;StudentAttendanceSystem;state;2342;30;60;13;70;100;0,44;0,59;0;0,13;49,07;49,07;1,29;1,17
4;StudentAttendanceSystem;transition;2342;30;60;21;59;100;0,41;1,17;0;0,22;50,07;50,07;2,01;1,8
4;StudentAttendanceSystem;pair;2342;30;60;57;325;100;0,41;0,34;2,46;0,5;51,07;52,07;4,56;3,71
4;StudentAttendanceSystem;state;2343;19;33;7;36;100;0,33;0,33;0;0,06;52,07;52,07;0,84;0,72
4;StudentAttendanceSystem;transition;2343;19;33;12;33;100;0,29;0,62;0;0,11;53,07;53,07;1,16;1,03
4;StudentAttendanceSystem;pair;2343;19;33;27;137;100;0,28;0,14;0,76;0,19;54,07;54,07;1,91;1,37
4;StudentAttendanceSystem;state;2344;24;46;10;55;100;0,36;0,45;0;0,1;55,07;55,07;1,01;0,91
4;StudentAttendanceSystem;transition;2344;24;46;15;46;100;0,34;0,81;0;0,15;55,07;55,07;1,45;1,3
4;StudentAttendanceSystem;pair;2344;24;46;44;244;100;0,47;0,21;1,47;0,34;57,07;57,07;3,16;2,49
4;StudentAttendanceSystem;state;2345;25;48;11;58;100;0,38;0,43;0;0,1;57,07;57,07;1,04;0,91
4;StudentAttendanceSystem;transition;2345;25;48;16;48;100;0,37;0,93;0;0,18;58,07;58,07;1,66;1,48
4;StudentAttendanceSystem;pair;2345;25;48;43;239;100;0,35;0,23;1,51;0,33;59,07;60,07;3,09;2,42
4;StudentAttendanceSystem;state;2346;22;41;8;42;100;0,35;0,43;0;0,07;60,07;60,07;0,96;0,85
4;StudentAttendanceSystem;transition;2346;22;41;14;40;100;0,35;0,76;0;0,14;61,07;61,07;1,38;1,24
4;StudentAttendanceSystem;pair;2346;22;41;42;226;100;0,31;0,2;1,38;0,31;62,07;63,07;2,8;2,2
4;StudentAttendanceSystem;state;2347;24;47;10;53;100;0,44;0,41;0;0,16;63,07;63,07;1,12;1
4;StudentAttendanceSystem;transition;2347;24;47;16;47;100;0,33;0,88;0;0,16;64,07;64,07;1,51;1,36
4;StudentAttendanceSystem;pair;2347;24;47;48;270;100;0,35;0,23;1,74;0,39;65,07;66,07;3,37;2,7
4;StudentAttendanceSystem;state;2348;22;38;8;43;100;0,32;0,33;0;0,07;66,07;66,07;0,84;0,73
4;StudentAttendanceSystem;transition;2348;22;38;13;37;100;0,29;0,73;0;0,13;67,07;67,07;1,28;1,14
4;StudentAttendanceSystem;pair;2348;22;38;35;183;100;0,29;0,16;1,09;0,25;68,07;68,07;2,32;1,79
4;StudentAttendanceSystem;state;2349;24;44;9;48;100;0,49;0,38;0;0,08;68,07;68,07;1,06;0,95
4;StudentAttendanceSystem;transition;2349;24;44;16;43;100;0,35;0,86;0;0,16;69,07;69,07;1,51;1,36
4;StudentAttendanceSystem;pair;2349;24;44;39;215;100;0,33;0,19;1,39;0,32;70,07;71,07;2,86;2,23
4;StudentAttendanceSystem;state;2350;25;49;11;58;100;0,45;0,45;0;0,09;71,07;71,07;1,11;0,99
4;StudentAttendanceSystem;transition;2350;25;49;18;49;100;0,34;0,94;0;0,17;72,07;72,07;1,6;1,45
4;StudentAttendanceSystem;pair;2350;25;49;43;235;100;0,35;0,24;1,51;0,34;73,07;74,07;3,17;2,44
4;StudentAttendanceSystem;state;2351;21;37;8;41;100;0,32;0,36;0;0,07;74,07;74,07;0,87;0,76
4;StudentAttendanceSystem;transition;2351;21;37;14;36;100;0,28;0,72;0;0,13;75,07;75,07;1,28;1,13
4;StudentAttendanceSystem;pair;2351;21;37;31;163;100;0,29;0,16;0,96;0,24;76,07;76,07;2,2;1,65
4;StudentAttendanceSystem;state;2352;23;41;9;49;100;0,31;0,35;0;0,09;76,07;77,07;0,86;0,75
4;StudentAttendanceSystem;transition;2352;23;41;14;40;100;0,29;0,78;0;0,14;77,07;77,07;1,35;1,21
4;StudentAttendanceSystem;pair;2352;23;41;33;187;100;0,3;0,18;1,15;0,27;78,07;79,07;2,48;1,9
4;StudentAttendanceSystem;state;2353;22;38;8;43;100;0,31;0,34;0;0,08;79,07;79,07;0,84;0,73
4;StudentAttendanceSystem;transition;2353;22;38;13;37;100;0,29;0,73;0;0,13;80,07;80,07;1,27;1,14
4;StudentAttendanceSystem;pair;2353;22;38;34;178;100;0,29;0,16;1,04;0,24;81,07;81,07;2,26;1,73
4;StudentAttendanceSystem;state;2354;30;60;13;70;100;0,42;0,52;0;0,14;81,07;82,07;1,19;1,08
4;StudentAttendanceSystem;transition;2354;30;60;22;59;100;0,39;1,17;0;0,23;82,07;83,07;1,96;1,79
4;StudentAttendanceSystem;pair;2354;30;60;54;302;100;0,39;0,34;2,32;0,44;84,07;85,07;4,41;3,49
4;StudentAttendanceSystem;state;2355;30;59;13;70;100;0,46;0,51;0;0,13;85,07;85,07;1,22;1,09
4;StudentAttendanceSystem;transition;2355;30;59;21;58;100;0,39;1,14;0;0,22;86,07;86,07;1,93;1,76
4;StudentAttendanceSystem;pair;2355;30;59;51;291;100;0,41;0,32;2,15;0,44;88,07;88,07;4,22;3,32
4;StudentAttendanceSystem;state;2356;24;44;9;48;100;0,38;0,38;0;0,08;88,07;89,07;0,97;0,84
4;StudentAttendanceSystem;transition;2356;24;44;15;43;100;0,32;0,8;0;0,15;89,07;89,07;1,41;1,26
4;StudentAttendanceSystem;pair;2356;24;44;42;230;100;0,34;0,2;2,26;0,32;90,07;91,07;3,79;3,12
4;StudentAttendanceSystem;state;2357;29;57;12;67;100;0,43;0,49;0;0,12;91,07;91,07;1,15;1,03
4;StudentAttendanceSystem;transition;2357;29;57;19;56;100;0,43;1,05;0;0,2;92,07;92,07;1,84;1,68
4;StudentAttendanceSystem;pair;2357;29;57;55;311;100;0,4;0,29;2,27;0,46;94,07;94,07;4,27;3,43
4;StudentAttendanceSystem;state;2358;27;51;11;61;100;0,41;0,46;0;0,11;95,07;95,07;1,1;0,98
4;StudentAttendanceSystem;transition;2358;27;51;18;50;100;0,38;1;0;0,19;96,07;96,07;1,74;1,57
4;StudentAttendanceSystem;pair;2358;27;51;44;244;100;0,37;0,25;1,68;0,35;97,07;97,07;3,37;2,66
4;StudentAttendanceSystem;state;2359;20;35;8;41;100;0,32;0,35;0;0,07;98,07;98,07;0,85;0,74
4;StudentAttendanceSystem;transition;2359;20;35;12;35;100;0,27;0,61;0;0,11;98,07;99,07;1,13;0,99
4;StudentAttendanceSystem;pair;2359;20;35;35;176;100;0,27;0,15;0,96;0,25;99,07;100,07;2,15;1,63
4;StudentAttendanceSystem;state;2360;26;48;11;58;100;0,35;0,44;0;0,12;100,07;100,07;1,03;0,91
4;StudentAttendanceSystem;transition;2360;26;48;18;47;100;0,34;0,98;0;0,18;101,07;101,07;1,64;1,49
4;StudentAttendanceSystem;pair;2360;26;48;39;203;100;0,34;0,21;1,33;0,3;102,07;103,07;2,86;2,19
4;StudentAttendanceSystem;state;2361;24;44;9;48;100;0,35;0,38;0;0,09;103,07;103,07;0,92;0,82
4;StudentAttendanceSystem;transition;2361;24;44;15;43;100;0,36;0,83;0;0,16;104,07;104,07;1,49;1,35
4;StudentAttendanceSystem;pair;2361;24;44;42;230;100;0,44;0,2;1,44;0,33;105,07;105,07;3,08;2,41
4;StudentAttendanceSystem;state;2362;23;40;9;47;100;0,33;0,39;0;0,08;106,07;106,07;0,91;0,8
4;StudentAttendanceSystem;transition;2362;23;40;14;39;100;0,31;0,76;0;0,15;106,07;107,07;1,37;1,22
4;StudentAttendanceSystem;pair;2362;23;40;37;195;100;0,3;0,18;1,15;0,27;108,07;108,07;2,5;1,9
4;StudentAttendanceSystem;state;2363;24;45;9;48;100;0,35;0,4;0;0,1;108,07;108,07;0,95;0,84
4;StudentAttendanceSystem;transition;2363;24;45;17;44;100;0,37;1,11;0;0,19;109,07;109,07;1,81;1,66
4;StudentAttendanceSystem;pair;2363;24;45;41;221;100;0,34;0,2;1,42;0,32;110,07;111,07;2,92;2,29
4;StudentAttendanceSystem;state;2364;20;36;8;41;100;0,34;0,33;0;0,07;111,07;111,07;0,85;0,74
4;StudentAttendanceSystem;transition;2364;20;36;13;36;100;0,28;0,65;0;0,11;112,07;112,07;1,18;1,05
4;StudentAttendanceSystem;pair;2364;20;36;37;187;100;0,33;0,15;1,06;0,25;113,07;113,07;2,35;1,79
4;StudentAttendanceSystem;state;2365;24;47;10;51;100;0,37;0,4;0;0,09;114,07;114,07;0,98;0,85
4;StudentAttendanceSystem;transition;2365;24;47;17;47;100;0,37;0,82;0;0,15;114,07;114,07;1,49;1,34
4;StudentAttendanceSystem;pair;2365;24;47;40;228;100;0,38;0,22;1,59;0,31;115,07;116,07;3,23;2,5
4;StudentAttendanceSystem;state;2366;26;49;10;56;100;0,42;0,42;0;0,1;116,07;116,07;1,07;0,94
4;StudentAttendanceSystem;transition;2366;26;49;17;48;100;0,36;0,9;0;0,17;117,07;117,07;1,64;1,44
4;StudentAttendanceSystem;pair;2366;26;49;42;232;100;0,37;0,23;1,53;0,33;118,07;119,07;3,14;2,46
4;StudentAttendanceSystem;state;2367;23;39;9;47;100;0,36;0,64;0;0,09;119,07;119,07;1,21;1,08
4;StudentAttendanceSystem;transition;2367;23;39;13;38;100;0,34;0,71;0;0,13;120,07;120,07;1,33;1,18
4;StudentAttendanceSystem;pair;2367;23;39;34;180;100;0,31;0,18;1,06;0,24;121,07;121,07;2,34;1,78
4;StudentAttendanceSystem;state;2368;22;40;9;49;100;0,34;0,37;0;0,08;122,07;122,07;0,93;0,79
4;StudentAttendanceSystem;transition;2368;22;40;13;39;100;0,33;0,74;0;0,13;122,07;122,07;1,34;1,19
4;StudentAttendanceSystem;pair;2368;22;40;38;200;100;0,34;0,2;1,14;0,27;124,07;124,07;2,56;1,95
4;StudentAttendanceSystem;state;2369;23;43;10;52;100;0,42;0,38;0;0,08;124,07;124,07;0,99;0,88
4;StudentAttendanceSystem;transition;2369;23;43;15;43;100;0,33;0,98;0;0,14;125,07;125,07;1,61;1,46
4;StudentAttendanceSystem;pair;2369;23;43;39;203;100;0,32;0,21;1,21;0,28;126,07;126,07;2,64;2,01
4;StudentAttendanceSystem;state;2370;21;37;9;44;100;0,39;0,33;0;0,07;127,07;127,07;0,89;0,79
4;StudentAttendanceSystem;transition;2370;21;37;13;37;100;0,28;0,68;0;0,15;127,07;128,07;1,26;1,1
4;StudentAttendanceSystem;pair;2370;21;37;32;167;100;0,28;0,16;0,94;0,22;128,07;129,07;2,12;1,59
4;StudentAttendanceSystem;state;2371;21;39;9;46;100;0,38;0,38;0;0,08;129,07;129,07;0,95;0,84
4;StudentAttendanceSystem;transition;2371;21;39;14;39;100;0,29;0,69;0;0,13;130,07;130,07;1,25;1,11
4;StudentAttendanceSystem;pair;2371;21;39;31;172;100;0,3;0,17;1;0,24;131,07;131,07;2,22;1,7
4;StudentAttendanceSystem;state;2372;23;45;9;48;100;0,43;0,4;0;0,08;132,07;132,07;1,05;0,92
4;StudentAttendanceSystem;transition;2372;23;45;16;44;100;0,33;0,81;0;0,27;132,07;132,07;1,57;1,4
4;StudentAttendanceSystem;pair;2372;23;45;43;241;100;0,35;0,2;1,5;0,34;134,07;134,07;3,03;2,4
4;StudentAttendanceSystem;state;2373;23;42;8;43;100;0,36;0,36;0;0,09;134,07;135,07;0,94;0,82
4;StudentAttendanceSystem;transition;2373;23;42;15;41;100;0,34;0,79;0;0,15;135,07;135,07;1,43;1,28
4;StudentAttendanceSystem;pair;2373;23;42;35;196;100;0,32;0,18;1,24;0,28;136,07;137,07;2,65;2,03
4;StudentAttendanceSystem;state;2374;23;45;9;48;100;0,39;0,39;0;0,08;137,07;137,07;0,97;0,86
4;StudentAttendanceSystem;transition;2374;23;45;15;45;100;0,32;0,82;0;0,15;138,07;138,07;1,44;1,29
4;StudentAttendanceSystem;pair;2374;23;45;45;257;100;0,33;0,22;1,56;0,39;139,07;139,07;3,22;2,51
4;StudentAttendanceSystem;state;2375;23;42;8;43;100;0,35;0,36;0;0,07;140,07;140,07;0,9;0,79
4;StudentAttendanceSystem;transition;2375;23;42;15;41;100;0,32;0,81;0;0,15;141,07;141,07;1,42;1,27
4;StudentAttendanceSystem;pair;2375;23;42;36;198;100;0,32;0,23;1,22;0,31;142,07;142,07;2,69;2,09
4;StudentAttendanceSystem;state;2376;22;41;9;49;100;0,34;0,38;0;0,08;143,07;143,07;0,92;0,8
4;StudentAttendanceSystem;transition;2376;22;41;14;41;100;0,3;0,76;0;0,13;143,07;143,07;1,33;1,19
4;StudentAttendanceSystem;pair;2376;22;41;40;208;100;0,32;0,18;1,19;0,3;144,07;145,07;2,6;2
4;StudentAttendanceSystem;state;2377;24;46;9;48;100;0,38;0,39;0;0,11;145,07;145,07;1;0,88
4;StudentAttendanceSystem;transition;2377;24;46;15;45;100;0,34;0,82;0;0,16;146,07;146,07;1,47;1,32
4;StudentAttendanceSystem;pair;2377;24;46;46;262;100;0,34;0,28;1,8;0,39;147,07;148,07;3,57;2,8
4;StudentAttendanceSystem;state;2378;21;38;8;42;100;0,38;0,35;0;0,07;148,07;148,07;0,91;0,8
4;StudentAttendanceSystem;transition;2378;21;38;13;38;100;0,29;0,77;0;0,12;149,07;149,07;1,33;1,19
4;StudentAttendanceSystem;pair;2378;21;38;31;173;100;0,3;0,16;1,01;0,23;150,07;150,07;2,28;1,71
4;StudentAttendanceSystem;state;2379;27;54;12;66;100;0,4;0,54;0;0,12;151,07;151,07;1,18;1,06
4;StudentAttendanceSystem;transition;2379;27;54;18;54;100;0,36;0,97;0;0,18;151,07;152,07;1,72;1,51
4;StudentAttendanceSystem;pair;2379;27;54;54;304;100;0,38;0,28;2,08;0,46;153,07;153,07;4;3,2
4;StudentAttendanceSystem;state;2380;26;52;11;61;100;0,43;0,67;0;0,11;154,07;154,07;1,35;1,2
4;StudentAttendanceSystem;transition;2380;26;52;17;52;100;0,37;2,98;0;0,17;155,1;6,1;3,72;3,52
4;StudentAttendanceSystem;pair;2380;26;52;51;287;100;0,42;0,27;1,99;0,48;7,1;8,1;3,96;3,16
4;StudentAttendanceSystem;state;2381;30;59;13;72;100;0,45;0,52;0;0,16;8,1;8,1;1,26;1,13
4;StudentAttendanceSystem;transition;2381;30;59;20;58;100;0,43;1,18;0;0,22;9,1;9,1;2;1,83
4;StudentAttendanceSystem;pair;2381;30;59;58;328;100;0,42;0,31;2,43;0,49;11,1;11,1;4,54;3,63
4;StudentAttendanceSystem;state;2382;23;45;9;48;100;0,41;0,5;0;0,09;12,1;12,1;1,14;1
4;StudentAttendanceSystem;transition;2382;23;45;16;45;100;0,34;0,82;0;0,17;12,1;13,1;1,52;1,34
4;StudentAttendanceSystem;pair;2382;23;45;42;238;100;0,34;0,21;1,44;0,36;14,1;14,1;2,97;2,35
4;StudentAttendanceSystem;state;2383;25;50;10;56;100;0,39;0,46;0;0,1;15,1;15,1;1,06;0,95
4;StudentAttendanceSystem;transition;2383;25;50;17;50;100;0,4;0,92;0;0,17;15,1;15,1;1,65;1,49
4;StudentAttendanceSystem;pair;2383;25;50;45;255;100;0,44;0,26;1,66;0,37;17,1;17,1;3,41;2,73
4;StudentAttendanceSystem;state;2384;20;35;8;40;100;0,33;0,33;0;0,07;18,1;18,1;0,83;0,72
4;StudentAttendanceSystem;transition;2384;20;35;12;35;100;0,32;0,6;0;0,1;18,1;18,1;1,16;1,02
4;StudentAttendanceSystem;pair;2384;20;35;30;157;100;0,31;0,15;0,83;0,23;19,1;19,1;2,02;1,52
4;StudentAttendanceSystem;state;2385;21;35;8;43;100;0,3;0,32;0;0,07;20,1;20,1;0,78;0,68
4;StudentAttendanceSystem;transition;2385;21;35;12;34;100;0,26;0,68;0;0,12;20,1;20,1;1,19;1,06
4;StudentAttendanceSystem;pair;2385;21;35;25;134;100;0,29;0,14;0,76;0,18;21,1;21,1;1,85;1,37
4;StudentAttendanceSystem;state;2386;20;34;8;41;100;0,31;0,31;0;0,06;22,1;22,1;0,79;0,68
4;StudentAttendanceSystem;transition;2386;20;34;11;34;100;0,27;0,59;0;0,11;22,1;23,1;1,1;0,97
4;StudentAttendanceSystem;pair;2386;20;34;31;161;100;0,27;0,15;0,87;0,21;23,1;24,1;2,03;1,51
4;StudentAttendanceSystem;state;2387;25;45;10;55;100;0,39;0,41;0;0,09;24,1;24,1;1;0,89
4;StudentAttendanceSystem;transition;2387;25;45;16;44;100;0,32;0,88;0;0,16;25,1;25,1;1,5;1,36
4;StudentAttendanceSystem;pair;2387;25;45;39;202;100;0,33;0,21;1,34;0,29;26,1;26,1;2,79;2,17
4;StudentAttendanceSystem;state;2388;19;37;8;39;100;0,33;0,41;0;0,07;27,1;27,1;0,93;0,81
4;StudentAttendanceSystem;transition;2388;19;37;14;37;100;0,28;0,66;0;0,13;27,1;28,1;1,21;1,07
4;StudentAttendanceSystem;pair;2388;19;37;33;175;100;0,28;0,17;1,01;0,24;28,1;29,1;2,24;1,7
4;StudentAttendanceSystem;state;2389;26;50;10;54;100;0,41;0,48;0;0,1;29,1;29,1;1,1;1
4;StudentAttendanceSystem;transition;2389;26;50;18;49;100;0,37;0,98;0;0,19;30,1;30,1;1,7;1,54
4;StudentAttendanceSystem;pair;2389;26;50;45;257;100;0,36;0,25;1,74;0,38;31,1;32,1;3,49;2,73
4;StudentAttendanceSystem;state;2390;28;55;12;62;100;0,43;0,53;0;0,12;32,1;32,1;1,2;1,08
4;StudentAttendanceSystem;transition;2390;28;55;20;54;100;0,39;1,05;0;0,2;33,1;33,1;1,8;1,64
4;StudentAttendanceSystem;pair;2390;28;55;54;300;100;0,41;0,29;2,21;0,42;35,1;35,1;4,1;3,32
4;StudentAttendanceSystem;state;2391;19;32;7;37;100;0,3;0,34;0;0,06;36,1;36,1;0,82;0,7
4;StudentAttendanceSystem;transition;2391;19;32;10;32;100;0,26;0,63;0;0,1;36,1;36,1;1,11;0,98
4;StudentAttendanceSystem;pair;2391;19;32;28;148;100;0,28;0,13;0,77;0,2;37,1;37,1;1,84;1,38
4;StudentAttendanceSystem;state;2392;25;45;10;53;100;0,36;0,39;0;0,09;38,1;38,1;0,95;0,84
4;StudentAttendanceSystem;transition;2392;25;45;15;44;100;0,32;0,87;0;0,15;39,1;39,1;1,49;1,35
4;StudentAttendanceSystem;pair;2392;25;45;42;232;100;0,33;0,2;1,47;0,33;40,1;40,1;2,97;2,33
4;StudentAttendanceSystem;state;2393;22;37;8;42;100;0,3;0,35;0;0,07;41,1;41,1;0,84;0,73
4;StudentAttendanceSystem;transition;2393;22;37;13;36;100;0,29;0,79;0;0,12;41,1;41,1;1,35;1,2
4;StudentAttendanceSystem;pair;2393;22;37;30;157;100;0,32;0,15;0,93;0,22;42,1;43,1;2,14;1,63
4;StudentAttendanceSystem;state;2394;28;54;12;64;100;0,42;0,5;0;0,12;43,1;43,1;1,15;1,04
4;StudentAttendanceSystem;transition;2394;28;54;20;53;100;0,37;1,05;0;0,2;44,1;44,1;1,78;1,62
4;StudentAttendanceSystem;pair;2394;28;54;47;255;100;0,37;0,27;1,76;0,37;45,1;46,1;3,6;2,77
4;StudentAttendanceSystem;state;2395;27;56;12;64;100;0,41;0,48;0;0,15;46,1;46,1;1,16;1,03
4;StudentAttendanceSystem;transition;2395;27;56;20;56;100;0,4;1,04;0;0,19;47,1;47,1;1,8;1,63
4;StudentAttendanceSystem;pair;2395;27;56;56;312;100;0,4;0,3;2,3;0,46;49,1;49,1;4,24;3,45
4;StudentAttendanceSystem;state;2396;22;39;8;43;100;0,32;0,35;0;0,07;50,1;50,1;0,85;0,75
4;StudentAttendanceSystem;transition;2396;22;39;14;38;100;0,31;0,72;0;0,13;50,1;50,1;1,3;1,16
4;StudentAttendanceSystem;pair;2396;22;39;37;195;100;0,33;0,17;1,2;0,26;51,1;52,1;2,59;1,96
4;StudentAttendanceSystem;state;2397;25;45;10;55;100;0,35;0,42;0;0,1;52,1;52,1;1;0,87
4;StudentAttendanceSystem;transition;2397;25;45;15;44;100;0,34;0,86;0;0,16;53,1;53,1;1,51;1,36
4;StudentAttendanceSystem;pair;2397;25;45;40;216;100;0,33;0,22;1,36;0,31;54,1;54,1;2,89;2,22
4;StudentAttendanceSystem;state;2398;22;42;9;45;100;0,33;0,37;0;0,08;55,1;55,1;0,88;0,77
4;StudentAttendanceSystem;transition;2398;22;42;16;42;100;0,34;0,83;0;0,15;56,1;56,1;1,49;1,33
4;StudentAttendanceSystem;pair;2398;22;42;37;197;100;0,33;0,18;1,21;0,31;57,1;57,1;2,61;2,03
4;StudentAttendanceSystem;state;2399;29;58;12;67;100;0,42;0,54;0;0,13;58,1;58,1;1,2;1,09
4;StudentAttendanceSystem;transition;2399;29;58;21;57;100;0,39;1,11;0;0,26;59,1;59,1;1,93;1,76
4;StudentAttendanceSystem;pair;2399;29;58;55;307;100;0,41;0,3;2,24;0,51;60,1;61,1;4,26;3,45
4;StudentAttendanceSystem;state;2400;26;52;11;61;100;0,4;0,48;0;0,11;61,1;61,1;1,1;0,99
4;StudentAttendanceSystem;transition;2400;26;52;17;52;100;0,37;0,94;0;0,19;62,1;62,1;1,69;1,5
4;StudentAttendanceSystem;pair;2400;26;52;51;291;100;0,41;0,27;1,94;0,42;63,1;64,1;3,8;3,05
4;StudentAttendanceSystem;state;2401;24;45;9;48;100;0,37;0,42;0;0,09;64,1;64,1;0,99;0,87
4;StudentAttendanceSystem;transition;2401;24;45;16;44;100;0,34;0,88;0;0,16;65,1;65,1;1,53;1,38
4;StudentAttendanceSystem;pair;2401;24;45;45;245;100;0,35;0,2;1,53;0,36;66,1;67,1;3,08;2,45
4;StudentAttendanceSystem;state;2402;24;45;9;48;100;0,35;0,43;0;0,09;67,1;67,1;0,98;0,87
4;StudentAttendanceSystem;transition;2402;24;45;17;44;100;0,33;0,91;0;0,18;68,1;68,1;1,56;1,41
4;StudentAttendanceSystem;pair;2402;24;45;41;221;100;0,34;0,22;1,46;0,33;69,1;70,1;2,97;2,35
4;StudentAttendanceSystem;state;2403;21;38;8;42;100;0,33;0,35;0;0,08;70,1;70,1;0,87;0,76
4;StudentAttendanceSystem;transition;2403;21;38;13;38;100;0,3;0,7;0;0,12;71,1;71,1;1,25;1,12
4;StudentAttendanceSystem;pair;2403;21;38;32;176;100;0,32;0,17;1,02;0,24;72,1;72,1;2,29;1,75
4;StudentAttendanceSystem;state;2404;26;51;10;54;100;0,43;0,45;0;0,1;72,1;72,1;1,09;0,98
4;StudentAttendanceSystem;transition;2404;26;51;19;50;100;0,38;1,02;0;0,19;73,1;73,1;1,75;1,59
4;StudentAttendanceSystem;pair;2404;26;51;49;273;100;0,38;0,34;1,88;0,41;75,1;75,1;3,71;3
4;StudentAttendanceSystem;state;2405;21;39;8;43;100;0,36;0,35;0;0,08;76,1;76,1;0,9;0,79
4;StudentAttendanceSystem;transition;2405;21;39;13;39;100;0,29;0,68;0;0,13;76,1;76,1;1,23;1,1
4;StudentAttendanceSystem;pair;2405;21;39;38;206;100;0,29;0,18;1,17;0,3;77,1;78,1;2,54;1,93
4;StudentAttendanceSystem;state;2406;22;38;8;43;100;0,31;0,37;0;0,07;78,1;78,1;0,85;0,75
4;StudentAttendanceSystem;transition;2406;22;38;13;37;100;0,29;0,72;0;0,13;79,1;79,1;1,28;1,14
4;StudentAttendanceSystem;pair;2406;22;38;34;182;100;0,3;0,17;1,14;0,33;80,1;80,1;2,52;1,94
4;StudentAttendanceSystem;state;2407;26;52;11;61;100;0,43;0,47;0;0,13;81,1;81,1;1,14;1,03
4;StudentAttendanceSystem;transition;2407;26;52;18;52;100;0,36;0,97;0;0,26;81,1;81,1;1,77;1,6
4;StudentAttendanceSystem;pair;2407;26;52;48;272;100;0,37;0,28;1,91;0,41;83,1;83,1;3,68;2,97
4;StudentAttendanceSystem;state;2408;29;58;12;67;100;0,43;0,52;0;0,13;84,1;84,1;1,19;1,07
4;StudentAttendanceSystem;transition;2408;29;58;21;57;100;0,43;1,12;0;0,22;85,1;85,1;1,97;1,78
4;StudentAttendanceSystem;pair;2408;29;58;55;307;100;0,41;0,3;2,28;0,49;86,1;87,1;4,3;3,47
4;StudentAttendanceSystem;state;2409;24;45;10;55;100;0,4;0,43;0;0,09;87,1;87,1;1,05;0,93
4;StudentAttendanceSystem;transition;2409;24;45;15;45;100;0,38;0,79;0;0,15;88,1;88,1;1,47;1,32
4;StudentAttendanceSystem;pair;2409;24;45;37;205;100;0,35;0,22;1,18;0,32;89,1;89,1;2,69;2,07
4;StudentAttendanceSystem;state;2410;23;43;9;50;100;0,37;0,4;0;0,08;90,1;90,1;0,97;0,86
4;StudentAttendanceSystem;transition;2410;23;43;14;43;100;0,32;0,76;0;0,14;91,1;91,1;1,37;1,22
4;StudentAttendanceSystem;pair;2410;23;43;35;197;100;0,32;0,19;1,16;0,28;92,1;92,1;2,65;1,95
4;StudentAttendanceSystem;state;2411;27;52;11;61;100;0,4;0,51;0;0,15;93,1;93,1;1,18;1,07
4;StudentAttendanceSystem;transition;2411;27;52;19;51;100;0,36;0,99;0;0,21;93,1;94,1;1,74;1,56
4;StudentAttendanceSystem;pair;2411;27;52;47;257;100;0,37;0,26;1,79;0,38;95,1;95,1;3,63;2,79
4;StudentAttendanceSystem;state;2412;24;43;9;49;100;0,35;0,44;0;0,09;96,1;96,1;1,02;0,88
4;StudentAttendanceSystem;transition;2412;24;43;14;42;100;0,31;0,79;0;0,14;96,1;96,1;1,38;1,24
4;StudentAttendanceSystem;pair;2412;24;43;38;213;100;0,37;0,19;1,31;0,3;98,1;98,1;2,79;2,18
4;StudentAttendanceSystem;state;2413;26;50;10;54;100;0,4;0,43;0;0,09;98,1;98,1;1,04;0,92
4;StudentAttendanceSystem;transition;2413;26;50;17;49;100;0,39;0,91;0;0,17;99,1;99,1;1,64;1,48
4;StudentAttendanceSystem;pair;2413;26;50;49;277;100;0,38;0,25;1,84;0,38;101,1;101,1;3,58;2,85
4;StudentAttendanceSystem;state;2414;19;36;7;36;100;0,32;0,35;0;0,07;101,1;102,1;0,85;0,74
4;StudentAttendanceSystem;transition;2414;19;36;12;36;100;0,28;0,59;0;0,11;102,1;102,1;1,12;0,98
4;StudentAttendanceSystem;pair;2414;19;36;38;202;100;0,3;0,17;1,13;0,31;103,1;103,1;2,45;1,9
4;StudentAttendanceSystem;state;2415;24;45;10;55;100;0,36;0,4;0;0,09;104,1;104,1;0,95;0,85
4;StudentAttendanceSystem;transition;2415;24;45;14;45;100;0,34;0,81;0;0,14;105,1;105,1;1,44;1,3
4;StudentAttendanceSystem;pair;2415;24;45;41;229;100;0,33;0,24;1,38;0,32;106,1;106,1;2,93;2,28
4;StudentAttendanceSystem;state;2416;22;40;9;47;100;0,31;0,44;0;0,08;107,1;107,1;0,95;0,84
4;StudentAttendanceSystem;transition;2416;22;40;13;40;100;0,32;0,68;0;0,13;107,1;107,1;1,26;1,13
4;StudentAttendanceSystem;pair;2416;22;40;38;208;100;0,3;0,18;1,2;0,28;108,1;109,1;2,57;1,97
4;StudentAttendanceSystem;state;2417;22;41;8;42;100;0,34;0,36;0;0,07;109,1;109,1;0,88;0,77
4;StudentAttendanceSystem;transition;2417;22;41;14;40;100;0,3;0,76;0;0,14;110,1;110,1;1,35;1,21
4;StudentAttendanceSystem;pair;2417;22;41;42;226;100;0,36;0,19;1,42;0,38;111,1;111,1;2,99;2,36
4;StudentAttendanceSystem;state;2418;20;37;8;41;100;0,34;0,34;0;0,06;112,1;112,1;0,84;0,74
4;StudentAttendanceSystem;transition;2418;20;37;13;37;100;0,29;0,68;0;0,13;112,1;113,1;1,24;1,1
4;StudentAttendanceSystem;pair;2418;20;37;31;171;100;0,29;0,17;1;0,23;113,1;114,1;2,23;1,69
4;StudentAttendanceSystem;state;2419;20;32;7;37;100;0,33;0,34;0;0,06;114,1;114,1;0,82;0,72
4;StudentAttendanceSystem;transition;2419;20;32;11;31;100;0,25;0,58;0;0,1;115,1;115,1;1,06;0,94
4;StudentAttendanceSystem;pair;2419;20;32;27;133;100;0,28;0,13;0,75;0,17;116,1;116,1;1,77;1,32
4;StudentAttendanceSystem;state;2420;26;51;11;61;100;0,4;0,51;0;0,11;116,1;116,1;1,14;1,02
4;StudentAttendanceSystem;transition;2420;26;51;16;51;100;0,37;0,92;0;0,16;117,1;117,1;1,61;1,45
4;StudentAttendanceSystem;pair;2420;26;51;48;276;100;0,35;0,26;1,87;0,38;119,1;119,1;3,84;2,85
4;StudentAttendanceSystem;state;2421;31;63;14;75;100;0,45;0,64;0;0,14;120,1;120,1;1,37;1,23
4;StudentAttendanceSystem;transition;2421;31;63;23;62;100;0,43;1,19;0;0,24;120,1;121,1;2,04;1,85
4;StudentAttendanceSystem;pair;2421;31;63;63;349;100;0,42;0,38;2,68;0,53;122,1;123,1;4,86;4,01
4;StudentAttendanceSystem;state;2422;27;54;12;66;100;0,42;0,47;0;0,12;123,1;123,1;1,15;1,01
4;StudentAttendanceSystem;transition;2422;27;54;18;54;100;0,4;0,95;0;0,18;124,1;124,1;1,7;1,53
4;StudentAttendanceSystem;pair;2422;27;54;54;300;100;0,44;0,28;2,04;0,48;126,1;126,1;3,99;3,24
4;StudentAttendanceSystem;state;2423;27;51;11;61;100;0,4;0,47;0;0,11;127,1;127,1;1,09;0,97
4;StudentAttendanceSystem;transition;2423;27;51;18;50;100;0,38;0,95;0;0,18;128,1;128,1;1,69;1,51
4;StudentAttendanceSystem;pair;2423;27;51;45;245;100;0,36;0,25;1,67;0,34;129,1;129,1;3,34;2,61
4;StudentAttendanceSystem;state;2424;27;51;11;61;100;0,42;0,51;0;0,11;130,1;130,1;1,17;1,04
4;StudentAttendanceSystem;transition;2424;27;51;17;50;100;0,37;1,02;0;0,18;131,1;131,1;1,73;1,57
4;StudentAttendanceSystem;pair;2424;27;51;48;268;100;0,37;0,25;1,86;0,43;132,1;132,1;3,63;2,9
4;StudentAttendanceSystem;state;2425;26;51;10;54;100;0,42;0,46;0;0,1;133,1;133,1;1,11;0,99
4;StudentAttendanceSystem;transition;2425;26;51;19;50;100;0,41;1,04;0;0,19;134,1;134,1;1,81;1,64
4;StudentAttendanceSystem;pair;2425;26;51;49;273;100;0,38;0,25;1,88;0,4;135,1;136,1;3,65;2,91
4;StudentAttendanceSystem;state;2426;25;51;10;56;100;0,4;0,48;0;0,11;136,1;136,1;1,12;0,99
4;StudentAttendanceSystem;transition;2426;25;51;18;51;100;0,37;0,95;0;0,19;137,1;137,1;1,65;1,5
4;StudentAttendanceSystem;pair;2426;25;51;48;270;100;0,37;0,26;1,77;0,41;138,1;139,1;3,7;2,81
4;StudentAttendanceSystem;state;2427;24;46;10;55;100;0,38;0,39;0;0,09;139,1;139,1;0,98;0,87
4;StudentAttendanceSystem;transition;2427;24;46;16;46;100;0,34;0,87;0;0,15;140,1;140,1;1,51;1,36
4;StudentAttendanceSystem;pair;2427;24;46;41;225;100;0,35;0,21;1,52;0,36;141,1;142,1;3,14;2,43
4;StudentAttendanceSystem;state;2428;24;47;10;51;100;0,37;0,43;0;0,09;142,1;142,1;1;0,88
4;StudentAttendanceSystem;transition;2428;24;47;16;47;100;0,33;0,81;0;0,15;143,1;143,1;1,44;1,29
4;StudentAttendanceSystem;pair;2428;24;47;44;251;100;0,37;0,22;1,54;0,36;144,1;145,1;3,16;2,5
4;StudentAttendanceSystem;state;2429;28;58;13;69;100;0,42;0,54;0;0,12;145,1;145,1;1,21;1,09
4;StudentAttendanceSystem;transition;2429;28;58;21;58;100;0,38;1,08;0;0,21;146,1;146,1;1,84;1,67
4;StudentAttendanceSystem;pair;2429;28;58;59;325;100;0,38;0,31;2,39;0,47;148,1;148,1;4,38;3,56
4;StudentAttendanceSystem;state;2430;24;46;10;53;100;0,37;0,46;0;0,09;149,1;149,1;1,05;0,93
4;StudentAttendanceSystem;transition;2430;24;46;16;46;100;0,33;0,83;0;0,15;149,1;149,1;1,46;1,31
4;StudentAttendanceSystem;pair;2430;24;46;37;207;100;0,35;0,2;1,28;0,27;150,1;151,1;2,73;2,11
4;StudentAttendanceSystem;state;2431;21;39;8;42;100;0,34;0,34;0;0,07;151,1;151,1;0,86;0,75
4;StudentAttendanceSystem;transition;2431;21;39;14;38;100;0,3;0,73;0;0,14;152,1;152,1;1,31;1,17
4;StudentAttendanceSystem;pair;2431;21;39;35;189;100;0,3;0,18;1,12;0,27;153,1;153,1;2,41;1,87
4;StudentAttendanceSystem;state;2432;20;36;8;41;100;0,36;0,33;0;0,07;154,1;154,1;0,86;0,76
4;StudentAttendanceSystem;transition;2432;20;36;13;36;100;0,28;0,67;0;0,12;154,1;154,1;1,2;1,06
4;StudentAttendanceSystem;pair;2432;20;36;36;182;100;3,31;0,16;1,02;0,29;6,08;7,08;5,53;4,79
4;StudentAttendanceSystem;state;2433;24;48;10;51;100;0,39;0,42;0;0,11;7,08;7,08;1,04;0,91
4;StudentAttendanceSystem;transition;2433;24;48;18;48;100;0,34;0,88;0;0,17;8,08;8,08;1,6;1,39
4;StudentAttendanceSystem;pair;2433;24;48;44;244;100;0,35;0,25;1,67;0,36;9,08;10,08;3,41;2,62
4;StudentAttendanceSystem;state;2434;28;56;11;62;100;0,46;0,48;0;0,12;10,08;10,08;1,19;1,06
4;StudentAttendanceSystem;transition;2434;28;56;20;55;100;0,38;1,09;0;0,22;11,08;11,08;1,87;1,7
4;StudentAttendanceSystem;pair;2434;28;56;52;294;100;0,39;0,32;2,1;0,43;13,08;13,08;4,04;3,24
4;StudentAttendanceSystem;state;2435;25;48;9;49;100;0,43;0,42;0;0,09;13,08;14,08;1,09;0,94
4;StudentAttendanceSystem;transition;2435;25;48;17;47;100;0,34;0,96;0;0,18;14,08;14,08;1,64;1,48
4;StudentAttendanceSystem;pair;2435;25;48;41;238;100;0,37;0,22;1,52;0,37;16,08;16,08;3,25;2,48
4;StudentAttendanceSystem;state;2436;22;41;9;47;100;0,36;0,36;0;0,08;16,08;16,08;0,91;0,8
4;StudentAttendanceSystem;transition;2436;22;41;14;41;100;0,36;0,69;0;0,13;17,08;17,08;1,32;1,18
4;StudentAttendanceSystem;pair;2436;22;41;41;219;100;0,31;0,18;1,25;0,3;18,08;19,08;2,67;2,04
4;StudentAttendanceSystem;state;2437;22;42;9;45;100;0,35;0,36;0;0,08;19,08;19,08;0,9;0,79
4;StudentAttendanceSystem;transition;2437;22;42;16;42;100;0,31;0,77;0;0,15;20,08;20,08;1,39;1,22
4;StudentAttendanceSystem;pair;2437;22;42;37;201;100;0,34;0,23;1,41;0,28;21,08;21,08;2,87;2,26
4;StudentAttendanceSystem;state;2438;23;40;9;47;100;0,34;0,38;0;0,08;22,08;22,08;0,91;0,8
4;StudentAttendanceSystem;transition;2438;23;40;14;39;100;0,33;0,72;0;0,13;22,08;22,08;1,32;1,18
4;StudentAttendanceSystem;pair;2438;23;40;37;191;100;0,32;0,17;1,11;0,28;23,08;24,08;2,45;1,87
4;StudentAttendanceSystem;state;2439;27;51;11;61;100;0,39;0,45;0;0,11;24,08;24,08;1,06;0,95
4;StudentAttendanceSystem;transition;2439;27;51;17;50;100;0,4;0,94;0;0,18;25,08;25,08;1,69;1,53
4;StudentAttendanceSystem;pair;2439;27;51;48;268;100;0,37;0,25;1,9;0,38;26,08;27,08;3,69;2,9
4;StudentAttendanceSystem;state;2440;22;38;8;42;100;0,38;0,34;0;0,07;27,08;27,08;0,91;0,79
4;StudentAttendanceSystem;transition;2440;22;38;14;37;100;0,3;0,71;0;0,14;28,08;28,08;1,29;1,15
4;StudentAttendanceSystem;pair;2440;22;38;31;161;100;0,3;0,17;0,92;0,23;29,08;29,08;2,18;1,61
4;StudentAttendanceSystem;state;2441;24;47;10;55;100;0,36;0,45;0;0,1;30,08;30,08;1,02;0,91
4;StudentAttendanceSystem;transition;2441;24;47;16;47;100;0,33;0,91;0;0,22;30,08;31,08;1,61;1,46
4;StudentAttendanceSystem;pair;2441;24;47;47;255;100;0,46;0,23;1,61;0,36;32,08;32,08;3,34;2,66
4;StudentAttendanceSystem;state;2442;21;35;8;43;100;0,37;0,34;0;0,07;33,08;33,08;0,9;0,78
4;StudentAttendanceSystem;transition;2442;21;35;12;34;100;0,27;0,67;0;0,12;33,08;33,08;1,19;1,05
4;StudentAttendanceSystem;pair;2442;21;35;26;140;100;0,28;0,14;0,76;0,24;34,08;34,08;1,92;1,42
4;StudentAttendanceSystem;state;2443;21;39;8;42;100;0,34;0,36;0;0,09;35,08;35,08;0,9;0,79
4;StudentAttendanceSystem;transition;2443;21;39;14;39;100;0,29;0,67;0;0,14;35,08;36,08;1,24;1,11
4;StudentAttendanceSystem;pair;2443;21;39;34;186;100;0,29;0,29;1,03;0,25;36,08;37,08;2,45;1,86
4;StudentAttendanceSystem;state;2444;25;46;10;53;100;0,37;0,4;0;0,1;37,08;37,08;0,97;0,86
4;StudentAttendanceSystem;transition;2444;25;46;16;45;100;0,36;0,9;0;0,16;38,08;38,08;1,56;1,41
4;StudentAttendanceSystem;pair;2444;25;46;45;247;100;0,34;0,23;1,54;0,36;39,08;40,08;3,14;2,47
4;StudentAttendanceSystem;state;2445;29;56;12;67;100;0,48;0,51;0;0,13;40,08;40,08;1,24;1,12
4;StudentAttendanceSystem;transition;2445;29;56;19;55;100;0,4;1,07;0;0,2;41,08;41,08;1,84;1,67
4;StudentAttendanceSystem;pair;2445;29;56;49;281;100;0,41;0,27;1,96;0,42;43,08;43,08;3,85;3,06
4;StudentAttendanceSystem;state;2446;31;61;14;75;100;0,45;0,57;0;0,14;44,08;44,08;1,29;1,16
4;StudentAttendanceSystem;transition;2446;31;61;21;60;100;0,44;1,18;0;0,26;45,08;45,08;2,13;1,88
4;StudentAttendanceSystem;pair;2446;31;61;57;323;100;0,42;0,34;2,54;0,49;46,08;47,08;4,62;3,78
4;StudentAttendanceSystem;state;2447;22;41;9;45;100;0,37;0,35;0;0,08;47,08;47,08;0,93;0,81
4;StudentAttendanceSystem;transition;2447;22;41;15;41;100;0,33;0,72;0;0,18;48,08;48,08;1,38;1,23
4;StudentAttendanceSystem;pair;2447;22;41;33;181;100;0,31;0,22;1,12;0,25;49,08;49,08;2,47;1,9
4;StudentAttendanceSystem;state;2448;20;38;8;41;100;0,37;0,34;0;0,07;50,08;50,08;0,92;0,78
4;StudentAttendanceSystem;transition;2448;20;38;14;38;100;0,32;0,69;0;0,14;50,08;50,08;1,31;1,15
4;StudentAttendanceSystem;pair;2448;20;38;35;189;100;0,31;0,17;1,17;0,26;51,08;52,08;2,47;1,9
4;StudentAttendanceSystem;state;2449;24;44;9;49;100;0,35;0,38;0;0,09;52,08;52,08;0,93;0,82
4;StudentAttendanceSystem;transition;2449;24;44;15;43;100;0,34;0,8;0;0,16;53,08;53,08;1,44;1,29
4;StudentAttendanceSystem;pair;2449;24;44;41;228;100;0,32;0,21;1,35;0,35;54,08;54,08;2,85;2,23
4;StudentAttendanceSystem;state;2450;28;54;12;62;100;0,4;0,46;0;0,11;55,08;55,08;1,11;0,97
4;StudentAttendanceSystem;transition;2450;28;54;19;53;100;0,37;1,01;0;0,19;56,08;56,08;1,73;1,57
4;StudentAttendanceSystem;pair;2450;28;54;51;289;100;0,4;0,3;2,05;0,49;57,08;58,08;4,02;3,25
4;StudentAttendanceSystem;state;2451;21;40;9;44;100;0,34;0,34;0;0,07;58,08;58,08;0,86;0,75
4;StudentAttendanceSystem;transition;2451;21;40;15;40;100;0,32;0,71;0;0,14;59,08;59,08;1,3;1,16
4;StudentAttendanceSystem;pair;2451;21;40;33;179;100;0,29;0,18;1,01;0,24;60,08;60,08;2,24;1,72
4;StudentAttendanceSystem;state;2452;27;52;11;61;100;0,42;0,46;0;0,11;61,08;61,08;1,1;0,99
4;StudentAttendanceSystem;transition;2452;27;52;19;51;100;0,36;1,14;0;0,19;62,08;62,08;1,84;1,68
4;StudentAttendanceSystem;pair;2452;27;52;48;260;100;0,37;0,29;1,83;0,46;63,08;63,08;3,68;2,95
4;StudentAttendanceSystem;state;2453;28;55;11;62;100;0,41;0,5;0;0,15;64,08;64,08;1,2;1,06
4;StudentAttendanceSystem;transition;2453;28;55;19;54;100;0,39;1,11;0;0,21;65,08;65,08;1,92;1,7
4;StudentAttendanceSystem;pair;2453;28;55;49;283;100;0,39;0,32;2;0,46;66,08;67,08;3,91;3,16
4;StudentAttendanceSystem;state;2454;26;47;11;60;100;0,36;0,43;0;0,1;67,08;67,08;0,99;0,88
4;StudentAttendanceSystem;transition;2454;26;47;16;46;100;0,36;0,91;0;0,15;68,08;68,08;1,57;1,41
4;StudentAttendanceSystem;pair;2454;26;47;44;230;100;0,36;0,24;1,47;0,34;69,08;70,08;3,1;2,4
4;StudentAttendanceSystem;state;2455;18;34;7;36;100;0,38;0,31;0;0,06;70,08;70,08;0,86;0,76
4;StudentAttendanceSystem;transition;2455;18;34;12;34;100;0,29;0,61;0;0,1;71,08;71,08;1,13;1
4;StudentAttendanceSystem;pair;2455;18;34;32;170;100;0,28;0,17;0,94;0,25;72,08;72,08;2,17;1,63
4;StudentAttendanceSystem;state;2456;26;49;10;54;100;0,38;0,42;0;0,1;72,08;73,08;1,02;0,91
4;StudentAttendanceSystem;transition;2456;26;49;17;48;100;0,33;1,12;0;0,17;73,08;73,08;1,77;1,62
4;StudentAttendanceSystem;pair;2456;26;49;43;247;100;0,39;0,28;1,7;0,34;75,08;75,08;3,42;2,71
4;StudentAttendanceSystem;state;2457;20;34;8;41;100;0,32;0,32;0;0,06;75,08;75,08;0,83;0,7
4;StudentAttendanceSystem;transition;2457;20;34;11;34;100;0,31;0,59;0;0,1;76,08;76,08;1,14;0,99
4;StudentAttendanceSystem;pair;2457;20;34;32;165;100;0,27;0,16;0,88;0,21;77,08;77,08;2,05;1,51
4;StudentAttendanceSystem;state;2458;23;42;9;49;100;0,39;0,39;0;0,08;78,08;78,08;0,98;0,87
4;StudentAttendanceSystem;transition;2458;23;42;15;41;100;0,3;0,77;0;0,15;78,08;78,08;1,36;1,22
4;StudentAttendanceSystem;pair;2458;23;42;36;202;100;0,35;0,18;1,28;0,28;79,08;80,08;2,68;2,09
4;StudentAttendanceSystem;state;2459;25;45;10;55;100;0,56;0,41;0;0,09;80,08;80,08;1,19;1,06
4;StudentAttendanceSystem;transition;2459;25;45;16;44;100;0,34;0,91;0;0,16;81,08;81,08;1,56;1,41
4;StudentAttendanceSystem;pair;2459;25;45;39;202;100;0,33;0,19;1,25;0,29;82,08;83,08;2,68;2,07
4;StudentAttendanceSystem;state;2460;25;49;11;58;100;0,37;0,43;0;0,1;83,08;83,08;1,01;0,9
4;StudentAttendanceSystem;transition;2460;25;49;17;49;100;0,4;0,91;0;0,16;84,08;84,08;1,63;1,47
4;StudentAttendanceSystem;pair;2460;25;49;46;250;100;0,35;0,28;1,59;0,39;85,08;86,08;3,28;2,62
4;StudentAttendanceSystem;state;2461;19;32;7;37;100;0,34;0,31;0;0,06;86,08;86,08;0,81;0,71
4;StudentAttendanceSystem;transition;2461;19;32;10;32;100;0,28;0,56;0;0,09;87,08;87,08;1,06;0,94
4;StudentAttendanceSystem;pair;2461;19;32;29;152;100;0,27;0,14;0,84;0,2;87,08;88,08;1,95;1,45
4;StudentAttendanceSystem;state;2462;26;49;10;54;100;0,43;0,44;0;0,1;88,08;88,08;1,07;0,96
4;StudentAttendanceSystem;transition;2462;26;49;17;48;100;0,35;0,9;0;0,21;89,08;89,08;1,64;1,46
4;StudentAttendanceSystem;pair;2462;26;49;42;242;100;0,36;0,24;1,6;0,38;90,08;91,08;3,4;2,57
4;StudentAttendanceSystem;state;2463;25;49;9;49;100;0,39;0,42;0;0,09;91,08;91,08;1,01;0,9
4;StudentAttendanceSystem;transition;2463;25;49;18;48;100;0,38;0,95;0;0,19;92,08;92,08;1,68;1,52
4;StudentAttendanceSystem;pair;2463;25;49;46;260;100;0,36;0,25;1,73;0,38;93,08;94,08;3,47;2,71
4;StudentAttendanceSystem;state;2464;25;48;9;49;100;0,39;0,46;0;0,09;94,08;94,08;1,05;0,93
4;StudentAttendanceSystem;transition;2464;25;48;17;47;100;0,35;1;0;0,18;95,08;95,08;1,68;1,53
4;StudentAttendanceSystem;pair;2464;25;48;41;238;100;0,34;0,22;1,48;0,36;96,08;97,08;3,07;2,4
4;StudentAttendanceSystem;state;2465;23;45;9;48;100;0,36;0,44;0;0,08;97,08;97,08;0,99;0,88
4;StudentAttendanceSystem;transition;2465;23;45;15;45;100;0,33;0,82;0;0,15;98,08;98,08;1,45;1,3
4;StudentAttendanceSystem;pair;2465;23;45;45;253;100;0,37;0,23;1,61;0,36;99,08;100,08;3,24;2,58
4;StudentAttendanceSystem;state;2466;20;37;8;43;100;0,34;0,35;0;0,07;100,08;100,08;0,9;0,77
4;StudentAttendanceSystem;transition;2466;20;37;13;37;100;0,35;0,69;0;0,13;101,08;101,08;1,31;1,17
4;StudentAttendanceSystem;pair;2466;20;37;32;178;100;0,29;0,2;1;0,25;102,08;102,08;2,29;1,75
4;StudentAttendanceSystem;state;2467;22;38;8;43;100;0,32;0,33;0;0,07;102,08;102,08;0,83;0,72
4;StudentAttendanceSystem;transition;2467;22;38;13;37;100;0,3;0,72;0;0,13;103,08;103,08;1,28;1,15
4;StudentAttendanceSystem;pair;2467;22;38;35;187;100;0,29;0,16;1,14;0,26;104,08;104,08;2,39;1,85
4;StudentAttendanceSystem;state;2468;30;58;13;72;100;0,44;0,59;0;0,13;105,08;105,08;1,29;1,16
4;StudentAttendanceSystem;transition;2468;30;58;19;57;100;0,4;1,11;0;0,22;106,08;106,08;1,9;1,74
4;StudentAttendanceSystem;pair;2468;30;58;55;313;100;0,41;0,31;2,34;0,46;107,08;108,08;4,33;3,51
4;StudentAttendanceSystem;state;2469;23;40;9;45;100;0,39;0,35;0;0,08;108,08;108,08;0,94;0,82
4;StudentAttendanceSystem;transition;2469;23;40;15;39;100;0,31;0,75;0;0,13;109,08;109,08;1,34;1,2
4;StudentAttendanceSystem;pair;2469;23;40;30;159;100;0,3;0,17;0,98;0,22;110,08;110,08;2,2;1,67
4;StudentAttendanceSystem;state;2470;21;36;8;41;100;0,34;0,32;0;0,07;111,08;111,08;0,83;0,73
4;StudentAttendanceSystem;transition;2470;21;36;13;35;100;0,29;0,68;0;0,12;111,08;112,08;1,24;1,09
4;StudentAttendanceSystem;pair;2470;21;36;30;155;100;0,32;0,15;0,88;0,24;112,08;113,08;2,11;1,6
4;StudentAttendanceSystem;state;2471;20;34;8;41;100;0,3;0,36;0;0,07;113,08;113,08;0,84;0,73
4;StudentAttendanceSystem;transition;2471;20;34;11;34;100;0,31;0,61;0;0,1;114,08;114,08;1,16;1,02
4;StudentAttendanceSystem;pair;2471;20;34;32;165;100;0,27;0,16;0,9;0,22;115,08;115,08;2,04;1,55
4;StudentAttendanceSystem;state;2472;24;44;9;48;100;0,38;0,39;0;0,08;115,08;115,08;0,96;0,85
4;StudentAttendanceSystem;transition;2472;24;44;15;43;100;0,33;1,05;0;0,19;116,08;116,08;1,75;1,57
4;StudentAttendanceSystem;pair;2472;24;44;41;228;100;0,33;0,2;1,47;0,37;117,08;118,08;3,14;2,37
4;StudentAttendanceSystem;state;2473;27;50;11;61;100;0,39;0,45;0;0,1;118,08;118,08;1,05;0,94
4;StudentAttendanceSystem;transition;2473;27;50;16;49;100;0,36;1,02;0;0,2;119,08;119,08;1,74;1,58
4;StudentAttendanceSystem;pair;2473;27;50;45;253;100;0,36;0,25;1,68;0,38;120,08;121,08;3,37;2,66
4;StudentAttendanceSystem;state;2474;23;43;9;50;100;0,36;0,38;0;0,08;121,08;121,08;0,93;0,82
4;StudentAttendanceSystem;transition;2474;23;43;14;43;100;0,31;0,8;0;0,14;122,08;122,08;1,4;1,25
4;StudentAttendanceSystem;pair;2474;23;43;35;197;100;0,32;0,19;1,19;0,27;123,08;123,08;2,56;1,97
4;StudentAttendanceSystem;state;2475;23;40;9;47;100;0,37;0,35;0;0,08;124,08;124,08;0,9;0,8
4;StudentAttendanceSystem;transition;2475;23;40;14;39;100;0,34;0,73;0;0,15;124,08;125,08;1,36;1,21
4;StudentAttendanceSystem;pair;2475;23;40;38;196;100;0,31;0,17;1,19;0,27;126,08;126,08;2,51;1,94
4;StudentAttendanceSystem;state;2476;18;30;7;37;100;0,27;0,3;0;0,06;126,08;126,08;0,72;0,62
4;StudentAttendanceSystem;transition;2476;18;30;10;30;100;0,24;0,54;0;0,09;127,08;127,08;1;0,87
4;StudentAttendanceSystem;pair;2476;18;30;22;116;100;0,25;0,12;0,65;0,16;128,08;128,08;1,81;1,18
4;StudentAttendanceSystem;state;2477;24;47;10;51;100;0,37;0,4;0;0,09;128,08;128,08;1,03;0,86
4;StudentAttendanceSystem;transition;2477;24;47;17;47;100;0,35;0,86;0;0,17;129,08;129,08;1,58;1,38
4;StudentAttendanceSystem;pair;2477;24;47;42;236;100;0,34;0,22;1,64;0,34;130,08;131,08;3,2;2,54
4;StudentAttendanceSystem;state;2478;18;30;7;37;100;0,28;0,29;0;0,06;131,08;131,08;0,73;0,63
4;StudentAttendanceSystem;transition;2478;18;30;10;30;100;0,25;0,58;0;0,09;132,08;132,08;1,05;0,92
4;StudentAttendanceSystem;pair;2478;18;30;21;113;100;0,25;0,12;0,58;0,16;132,08;133,08;1,55;1,12
4;StudentAttendanceSystem;state;2479;22;42;9;45;100;0,32;0,37;0;0,08;133,08;133,08;0,86;0,76
4;StudentAttendanceSystem;transition;2479;22;42;16;42;100;0,3;0,75;0;0,12;134,08;134,08;1,31;1,17
4;StudentAttendanceSystem;pair;2479;22;42;36;192;100;0,38;0,18;1,21;0,28;135,08;135,08;2,64;2,05
4;StudentAttendanceSystem;state;2480;20;35;8;41;100;0,29;0,34;0;0,06;136,08;136,08;0,79;0,69
4;StudentAttendanceSystem;transition;2480;20;35;12;35;100;0,27;0,65;0;0,11;136,08;136,08;1,15;1,02
4;StudentAttendanceSystem;pair;2480;20;35;33;169;100;0,28;0,19;0,94;0,22;137,08;137,08;2,14;1,62
4;StudentAttendanceSystem;state;2481;23;41;9;49;100;0,39;0,36;0;0,08;138,08;138,08;0,93;0,82
4;StudentAttendanceSystem;transition;2481;23;41;14;40;100;0,29;0,81;0;0,14;139,08;139,08;1,38;1,25
4;StudentAttendanceSystem;pair;2481;23;41;33;187;100;0,3;0,18;1,13;0,27;140,08;140,08;2,42;1,87
4;StudentAttendanceSystem;state;2482;29;57;12;67;100;0,5;0,5;0;0,14;140,08;141,08;1,25;1,14
4;StudentAttendanceSystem;transition;2482;29;57;19;56;100;0,43;1,15;0;0,23;141,08;141,08;2,01;1,81
4;StudentAttendanceSystem;pair;2482;29;57;55;311;100;0,4;0,3;2,31;0,47;143,08;143,08;4,32;3,48
4;StudentAttendanceSystem;state;2483;25;47;9;49;100;0,4;0,4;0;0,09;144,08;144,08;1,02;0,9
4;StudentAttendanceSystem;transition;2483;25;47;16;46;100;0,34;0,93;0;0,17;145,08;145,08;1,59;1,44
4;StudentAttendanceSystem;pair;2483;25;47;40;234;100;0,58;0,21;1,46;0,37;146,08;146,08;3,29;2,62
4;StudentAttendanceSystem;state;2484;29;56;13;69;100;0,43;0,53;0;0,12;147,08;147,08;1,2;1,08
4;StudentAttendanceSystem;transition;2484;29;56;20;55;100;0,41;1,08;0;0,31;148,08;148,08;1,98;1,8
4;StudentAttendanceSystem;pair;2484;29;56;53;291;100;0,39;0,33;2,13;0,47;149,08;150,08;4,07;3,32
4;StudentAttendanceSystem;state;2485;27;54;12;66;100;0,41;0,48;0;0,14;150,08;150,08;1,16;1,04
4;StudentAttendanceSystem;transition;2485;27;54;18;54;100;0,4;1,01;0;0,18;151,08;151,08;1,75;1,59
4;StudentAttendanceSystem;pair;2485;27;54;54;300;100;0,41;0,35;2,06;0,51;153,08;153,08;4,11;3,33
4;StudentAttendanceSystem;state;2486;22;40;9;50;100;0,39;0,4;0;0,09;154,08;154,08;0,99;0,88
4;StudentAttendanceSystem;transition;2486;22;40;13;40;100;0,31;0,75;0;0,15;154,08;154,08;1,35;1,21
4;StudentAttendanceSystem;pair;2486;22;40;37;193;100;2,06;0,18;1,11;0,27;6,11;7,11;4,28;3,62
4;StudentAttendanceSystem;state;2487;25;49;11;60;100;0,38;0,47;0;0,1;7,11;7,11;1,07;0,95
4;StudentAttendanceSystem;transition;2487;25;49;17;49;100;0,35;0,97;0;0,17;8,11;8,11;1,64;1,49
4;StudentAttendanceSystem;pair;2487;25;49;50;268;100;0,39;0,28;1,81;0,58;9,11;10,11;3,83;3,05
4;StudentAttendanceSystem;state;2488;18;34;7;37;100;0,32;0,32;0;0,06;10,11;10,11;0,8;0,7
4;StudentAttendanceSystem;transition;2488;18;34;11;34;100;0,27;0,62;0;0,1;11,11;11,11;1,12;0,99
4;StudentAttendanceSystem;pair;2488;18;34;35;189;100;0,27;0,17;1,11;0,26;12,11;12,11;2,37;1,81
4;StudentAttendanceSystem;state;2489;29;58;12;65;100;0,45;0,51;0;0,12;13,11;13,11;1,22;1,09
4;StudentAttendanceSystem;transition;2489;29;58;21;57;100;0,45;1,16;0;0,23;13,11;14,11;2,02;1,84
4;StudentAttendanceSystem;pair;2489;29;58;51;289;100;0,44;0,34;2,12;0,43;15,11;15,11;4,16;3,33
4;StudentAttendanceSystem;state;2490;22;41;9;47;100;0,37;0,37;0;0,08;16,11;16,11;0,93;0,81
4;StudentAttendanceSystem;transition;2490;22;41;14;41;100;0,32;0,76;0;0,13;17,11;17,11;1,4;1,21
4;StudentAttendanceSystem;pair;2490;22;41;41;219;100;0,31;0,19;1,3;0,3;18,11;18,11;2,69;2,1
4;StudentAttendanceSystem;state;2491;26;51;11;61;100;0,4;0,47;0;0,11;19,11;19,11;1,09;0,98
4;StudentAttendanceSystem;transition;2491;26;51;17;51;100;0,38;0,92;0;0,18;19,11;20,11;1,64;1,48
4;StudentAttendanceSystem;pair;2491;26;51;45;257;100;0,37;0,3;1,7;0,38;21,11;21,11;3,5;2,75
4;StudentAttendanceSystem;state;2492;23;41;8;43;100;0,34;0,44;0;0,08;22,11;22,11;0,98;0,86
4;StudentAttendanceSystem;transition;2492;23;41;14;40;100;0,32;0,76;0;0,14;22,11;22,11;1,38;1,22
4;StudentAttendanceSystem;pair;2492;23;41;32;181;100;0,34;0,18;1,07;0,28;23,11;24,11;2,48;1,86
4;StudentAttendanceSystem;state;2493;21;35;8;43;100;0,28;0,33;0;0,09;24,11;24,11;0,81;0,7
4;StudentAttendanceSystem;transition;2493;21;35;12;34;100;0,27;0,66;0;0,12;25,11;25,11;1,19;1,05
4;StudentAttendanceSystem;pair;2493;21;35;26;140;100;0,31;0,14;0,86;0,19;26,11;26,11;2,03;1,51
4;StudentAttendanceSystem;state;2494;28;54;12;66;100;0,4;0,68;0;0,12;26,11;27,11;1,32;1,2
4;StudentAttendanceSystem;transition;2494;28;54;19;53;100;0,37;1,05;0;0,19;27,11;27,11;1,78;1,61
4;StudentAttendanceSystem;pair;2494;28;54;54;292;100;0,39;0,28;3,39;0,43;29,11;29,11;5,32;4,49
4;StudentAttendanceSystem;state;2495;24;48;10;53;100;0,39;0,45;0;0,13;30,11;30,11;1,09;0,97
4;StudentAttendanceSystem;transition;2495;24;48;17;48;100;0,35;0,86;0;0,19;30,11;31,11;1,63;1,39
4;StudentAttendanceSystem;pair;2495;24;48;51;281;100;0,35;0,23;1,84;0,4;32,11;32,11;3,54;2,82
4;StudentAttendanceSystem;state;2496;27;49;12;63;100;0,41;0,52;0;0,11;33,11;33,11;1,16;1,03
4;StudentAttendanceSystem;transition;2496;27;49;17;48;100;0,35;0,93;0;0,16;34,11;34,11;1,6;1,45
4;StudentAttendanceSystem;pair;2496;27;49;42;224;100;0,36;0,23;1,54;0,32;35,11;35,11;3,13;2,45
4;StudentAttendanceSystem;state;2497;22;41;9;45;100;0,35;0,39;0;0,08;36,11;36,11;0,93;0,81
4;StudentAttendanceSystem;transition;2497;22;41;14;41;100;0,3;0,71;0;0,13;36,11;36,11;1,31;1,14
4;StudentAttendanceSystem;pair;2497;22;41;38;207;100;0,37;0,18;1,22;0,29;38,11;38,11;2,63;2,06
4;StudentAttendanceSystem;state;2498;27;51;11;61;100;0,43;0,46;0;0,11;38,11;38,11;1,11;1
4;StudentAttendanceSystem;transition;2498;27;51;18;50;100;0,39;1,1;0;0,23;39,11;39,11;1,87;1,71
4;StudentAttendanceSystem;pair;2498;27;51;45;249;100;0,39;0,28;1,71;0,37;41,11;41,11;3,48;2,76
4;StudentAttendanceSystem;state;2499;24;45;9;48;100;0,36;0,43;0;0,1;41,11;42,11;1,01;0,89
4;StudentAttendanceSystem;transition;2499;24;45;16;44;100;0,33;0,92;0;0,17;42,11;42,11;1,56;1,41
4;StudentAttendanceSystem;pair;2499;24;45;45;245;100;0,34;0,24;1,65;0,33;43,11;44,11;3,2;2,56
4;StudentAttendanceSystem;state;2500;24;47;10;53;100;0,36;0,39;0;0,11;44,11;44,11;0,98;0,87
4;StudentAttendanceSystem;transition;2500;24;47;16;47;100;0,35;0,88;0;0,14;45,11;45,11;1,51;1,37
4;StudentAttendanceSystem;pair;2500;24;47;48;266;100;0,33;0,23;1,62;0,36;46,11;47,11;3,23;2,55
4;StudentAttendanceSystem;state;2501;25;49;11;58;100;0,38;0,41;0;0,09;47,11;47,11;1;0,89
4;StudentAttendanceSystem;transition;2501;25;49;17;49;100;0,37;0,86;0;0,2;48,11;48,11;1,58;1,42
4;StudentAttendanceSystem;pair;2501;25;49;46;254;100;0,34;0,31;1,72;0,35;49,11;50,11;3,42;2,72
4;StudentAttendanceSystem;state;2502;27;54;11;57;100;0,41;0,51;0;0,1;50,11;50,11;1,15;1,02
4;StudentAttendanceSystem;transition;2502;27;54;20;53;100;0,39;1,03;0;0,19;51,11;51,11;1,78;1,61
4;StudentAttendanceSystem;pair;2502;27;54;54;302;100;0,39;0,37;2,22;0,44;53,11;53,11;4,17;3,42
4;StudentAttendanceSystem;state;2503;26;50;10;54;100;0,41;0,48;0;0,1;54,11;54,11;1,12;1
4;StudentAttendanceSystem;transition;2503;26;50;17;49;100;0,36;1,01;0;0,18;55,11;55,11;1,71;1,55
4;StudentAttendanceSystem;pair;2503;26;50;49;281;100;0,36;0,26;1,95;0,44;56,11;56,11;3,8;3
4;StudentAttendanceSystem;state;2504;19;33;7;36;100;0,34;0,33;0;0,06;57,11;57,11;0,86;0,73
4;StudentAttendanceSystem;transition;2504;19;33;12;33;100;0,35;0,64;0;0,12;57,11;58,11;1,25;1,11
4;StudentAttendanceSystem;pair;2504;19;33;29;144;100;0,3;0,13;0,8;0,2;58,11;59,11;1,91;1,44
4;StudentAttendanceSystem;state;2505;25;46;10;53;100;0,38;0,41;0;0,09;59,11;59,11;1,01;0,88
4;StudentAttendanceSystem;transition;2505;25;46;16;45;100;0,34;0,92;0;0,2;60,11;60,11;1,61;1,46
4;StudentAttendanceSystem;pair;2505;25;46;45;247;100;0,34;0,21;1,54;0,4;61,11;62,11;3,16;2,48
4;StudentAttendanceSystem;state;2506;25;50;10;56;100;0,39;0,45;0;0,1;62,11;62,11;1,07;0,94
4;StudentAttendanceSystem;transition;2506;25;50;17;50;100;0,36;0,89;0;0,17;63,11;63,11;1,57;1,42
4;StudentAttendanceSystem;pair;2506;25;50;45;255;100;0,37;0,25;1,67;0,37;64,11;65,11;3,34;2,66
4;StudentAttendanceSystem;state;2507;24;47;10;53;100;0,39;0,65;0;0,1;65,11;65,11;1,26;1,14
4;StudentAttendanceSystem;transition;2507;24;47;16;47;100;0,34;0,87;0;0,16;66,11;66,11;1,52;1,37
4;StudentAttendanceSystem;pair;2507;24;47;48;270;100;0,35;0,22;1,71;0,42;67,11;68,11;3,44;2,7
4;StudentAttendanceSystem;state;2508;27;52;11;59;100;0,41;0,5;0;0,11;68,11;68,11;1,13;1,01
4;StudentAttendanceSystem;transition;2508;27;52;18;51;100;0,38;1;0;0,23;69,11;69,11;1,78;1,62
4;StudentAttendanceSystem;pair;2508;27;52;52;290;100;0,38;0,28;2,04;0,41;70,11;71,11;3,86;3,11
4;StudentAttendanceSystem;state;2509;31;62;14;75;100;0,45;0,64;0;0,15;71,11;72,11;1,37;1,24
4;StudentAttendanceSystem;transition;2509;31;62;22;61;100;0,42;1,32;0;0,23;72,11;73,11;2,15;1,97
4;StudentAttendanceSystem;pair;2509;31;62;60;334;100;0,42;0,33;2,56;0,58;74,11;75,11;4,74;3,89
4;StudentAttendanceSystem;state;2510;24;46;10;53;100;0,41;0,4;0;0,08;75,11;75,11;1;0,89
4;StudentAttendanceSystem;transition;2510;24;46;15;46;100;0,34;0,84;0;0,15;76,11;76,11;1,47;1,33
4;StudentAttendanceSystem;pair;2510;24;46;45;255;100;0,35;0,22;1,65;0,39;77,11;78,11;3,26;2,6
4;StudentAttendanceSystem;state;2511;28;52;12;66;100;0,41;0,47;0;0,11;78,11;78,11;1,12;1
4;StudentAttendanceSystem;transition;2511;28;52;17;51;100;0,36;1;0;0,19;79,11;79,11;1,72;1,56
4;StudentAttendanceSystem;pair;2511;28;52;48;266;100;0,38;0,28;1,88;0,39;80,11;81,11;3,63;2,93
4;StudentAttendanceSystem;state;2512;26;49;10;54;100;0,39;0,43;0;0,1;81,11;81,11;1,03;0,91
4;StudentAttendanceSystem;transition;2512;26;49;17;48;100;0,37;0,94;0;0,18;82,11;82,11;1,64;1,48
4;StudentAttendanceSystem;pair;2512;26;49;42;242;100;0,36;0,26;1,57;0,41;83,11;84,11;3,29;2,59
4;StudentAttendanceSystem;state;2513;25;48;11;60;100;0,37;0,43;0;0,13;84,11;84,11;1,05;0,93
4;StudentAttendanceSystem;transition;2513;25;48;16;48;100;0,42;0,87;0;0,16;85,11;85,11;1,61;1,45
4;StudentAttendanceSystem;pair;2513;25;48;47;253;100;0,35;0,23;1,66;0,37;86,11;87,11;3,32;2,62
4;StudentAttendanceSystem;state;2514;30;58;13;72;100;0,46;0,52;0;0,13;87,11;87,11;1,22;1,11
4;StudentAttendanceSystem;transition;2514;30;58;19;57;100;0,42;1,11;0;0,21;88,11;88,11;1,89;1,73
4;StudentAttendanceSystem;pair;2514;30;58;55;313;100;0,42;0,35;2,34;0,46;90,11;90,11;4,39;3,58
4;StudentAttendanceSystem;state;2515;27;54;12;66;100;0,43;0,48;0;0,12;91,11;91,11;1,17;1,03
4;StudentAttendanceSystem;transition;2515;27;54;18;54;100;0,41;1,03;0;0,19;92,11;92,11;1,8;1,63
4;StudentAttendanceSystem;pair;2515;27;54;54;304;100;0,4;0,28;2,17;0,44;93,11;94,11;4,16;3,3
4;StudentAttendanceSystem;state;2516;27;51;11;61;100;0,41;0,47;0;0,11;94,11;94,11;1,12;0,99
4;StudentAttendanceSystem;transition;2516;27;51;18;50;100;0,4;0,97;0;0,19;95,11;95,11;1,73;1,56
4;StudentAttendanceSystem;pair;2516;27;51;45;245;100;0,36;0,25;1,61;0,37;96,11;97,11;3,32;2,59
4;StudentAttendanceSystem;state;2517;24;45;11;57;100;0,35;0,44;0;0,09;97,11;97,11;0,99;0,88
4;StudentAttendanceSystem;transition;2517;24;45;16;45;100;0,32;0,8;0;0,15;98,11;98,11;1,43;1,26
4;StudentAttendanceSystem;pair;2517;24;45;42;216;100;0,32;0,22;1,38;0,28;99,11;99,11;2,81;2,21
4;StudentAttendanceSystem;state;2518;24;47;10;53;100;0,38;0,46;0;0,09;100,11;100,11;1,05;0,94
4;StudentAttendanceSystem;transition;2518;24;47;17;47;100;0,41;1,01;0;0,16;101,11;101,11;1,72;1,57
4;StudentAttendanceSystem;pair;2518;24;47;40;218;100;0,34;0,24;1,41;0,31;102,11;102,11;2,94;2,3
4;StudentAttendanceSystem;state;2519;25;51;10;56;100;0,39;0,44;0;0,1;103,11;103,11;1,04;0,93
4;StudentAttendanceSystem;transition;2519;25;51;18;51;100;0,38;0,95;0;0,18;104,11;104,11;1,7;1,51
4;StudentAttendanceSystem;pair;2519;25;51;48;270;100;0,36;0,26;1,82;0,39;105,11;105,11;3,59;2,84
4;StudentAttendanceSystem;state;2520;23;43;9;50;100;0,4;0,39;0;0,08;106,11;106,11;0,98;0,87
4;StudentAttendanceSystem;transition;2520;23;43;14;43;100;0,33;0,82;0;0,14;107,11;107,11;1,44;1,3
4;StudentAttendanceSystem;pair;2520;23;43;35;197;100;0,31;0,19;1,23;0,26;108,11;108,11;2,62;2
4;StudentAttendanceSystem;state;2521;22;39;8;43;100;0,32;0,36;0;0,08;108,11;109,11;0,86;0,76
4;StudentAttendanceSystem;transition;2521;22;39;14;38;100;0,29;0,73;0;0,18;109,11;109,11;1,34;1,2
4;StudentAttendanceSystem;pair;2521;22;39;38;198;100;0,3;0,18;1,16;0,3;110,11;111,11;2,52;1,94
4;StudentAttendanceSystem;state;2522;28;56;13;69;100;0,45;0,51;0;0,12;111,11;111,11;1,2;1,08
4;StudentAttendanceSystem;transition;2522;28;56;19;56;100;0,38;1,03;0;0,19;112,11;112,11;1,77;1,6
4;StudentAttendanceSystem;pair;2522;28;56;53;299;100;0,37;0,33;2,15;0,42;113,11;114,11;4,06;3,26
4;StudentAttendanceSystem;state;2523;24;45;9;46;100;0,41;0,49;0;0,09;114,11;114,11;1,12;0,99
4;StudentAttendanceSystem;transition;2523;24;45;17;44;100;0,33;1,01;0;0,16;115,11;115,11;1,66;1,5
4;StudentAttendanceSystem;pair;2523;24;45;39;215;100;0,33;0,2;1,37;0,3;116,11;117,11;2,84;2,2
4;StudentAttendanceSystem;state;2524;21;40;8;42;100;0,34;0,35;0;0,07;117,11;117,11;0,88;0,76
4;StudentAttendanceSystem;transition;2524;21;40;14;40;100;0,3;0,83;0;0,13;118,11;118,11;1,41;1,27
4;StudentAttendanceSystem;pair;2524;21;40;41;221;100;0,31;0,18;1,55;0,3;119,11;119,11;2,92;2,33
4;StudentAttendanceSystem;state;2525;25;49;11;58;100;0,41;0,43;0;0,09;120,11;120,11;1,04;0,93
4;StudentAttendanceSystem;transition;2525;25;49;18;49;100;0,37;0,9;0;0,16;121,11;121,11;1,59;1,43
4;StudentAttendanceSystem;pair;2525;25;49;43;231;100;0,33;0,28;1,52;0,33;122,11;122,11;3,14;2,46
4;StudentAttendanceSystem;state;2526;28;54;11;62;100;0,41;0,47;0;0,15;123,11;123,11;1,15;1,03
4;StudentAttendanceSystem;transition;2526;28;54;18;53;100;0,38;1,06;0;0,2;124,11;124,11;1,82;1,64
4;StudentAttendanceSystem;pair;2526;28;54;46;268;100;0,39;0,27;1,94;0,43;125,11;126,11;3,75;3,03
4;StudentAttendanceSystem;state;2527;25;47;9;49;100;0,38;0,41;0;0,09;126,11;126,11;0,99;0,88
4;StudentAttendanceSystem;transition;2527;25;47;16;46;100;0,34;0,98;0;0,17;127,11;127,11;1,64;1,49
4;StudentAttendanceSystem;pair;2527;25;47;38;223;100;0,36;0,21;1,38;0,37;128,11;128,11;2,99;2,33
4;StudentAttendanceSystem;state;2528;24;44;9;48;100;0,37;0,41;0;0,08;129,11;129,11;0,97;0,86
4;StudentAttendanceSystem;transition;2528;24;44;16;43;100;0,4;0,87;0;0,16;130,11;130,11;1,59;1,44
4;StudentAttendanceSystem;pair;2528;24;44;39;215;100;0,37;0,19;1,36;0,31;131,11;131,11;2,87;2,24
4;StudentAttendanceSystem;state;2529;25;49;9;49;100;0,39;0,47;0;0,09;132,11;132,11;1,06;0,95
4;StudentAttendanceSystem;transition;2529;25;49;18;48;100;0,35;0,98;0;0,2;132,11;133,11;1,68;1,53
4;StudentAttendanceSystem;pair;2529;25;49;46;260;100;0,36;0,25;1,83;0,41;134,11;134,11;3,56;2,85
4;StudentAttendanceSystem;state;2530;22;38;8;42;100;0,36;0,41;0;0,08;135,11;135,11;0,98;0,85
4;StudentAttendanceSystem;transition;2530;22;38;14;37;100;0,32;0,72;0;0,15;135,11;135,11;1,33;1,18
4;StudentAttendanceSystem;pair;2530;22;38;31;165;100;0,37;0,16;0,95;0,24;136,11;137,11;2,24;1,71
4;StudentAttendanceSystem;state;2531;27;51;11;59;100;0,38;0,45;0;0,12;137,11;137,11;1,06;0,95
4;StudentAttendanceSystem;transition;2531;27;51;17;50;100;0,36;0,94;0;0,18;138,11;138,11;1,64;1,48
4;StudentAttendanceSystem;pair;2531;27;51;49;279;100;0,41;0,28;1,9;0,4;139,11;140,11;3,72;3
4;StudentAttendanceSystem;state;2532;21;39;8;42;100;0,34;0,35;0;0,07;140,11;140,11;0,87;0,76
4;StudentAttendanceSystem;transition;2532;21;39;14;39;100;0,31;0,72;0;0,13;141,11;141,11;1,31;1,17
4;StudentAttendanceSystem;pair;2532;21;39;34;186;100;0,3;0,17;1,12;0,26;142,11;142,11;2,4;1,84
4;StudentAttendanceSystem;state;2533;28;55;11;62;100;0,41;0,48;0;0,12;143,11;143,11;1,12;1,01
4;StudentAttendanceSystem;transition;2533;28;55;19;54;100;0,45;1,11;0;0,21;144,11;144,11;1,94;1,77
4;StudentAttendanceSystem;pair;2533;28;55;49;279;100;0,41;0,28;2,01;0,43;145,11;146,11;3,88;3,13
4;StudentAttendanceSystem;state;2534;25;49;10;56;100;0,4;0,44;0;0,1;146,11;146,11;1,05;0,94
4;StudentAttendanceSystem;transition;2534;25;49;16;49;100;0,35;0,92;0;0,16;147,11;147,11;1,58;1,42
4;StudentAttendanceSystem;pair;2534;25;49;42;244;100;0,36;0,28;1,61;0,4;148,11;149,11;3,33;2,65
4;StudentAttendanceSystem;state;2535;23;44;9;48;100;0,35;0,38;0;0,08;149,11;149,11;0,93;0,82
4;StudentAttendanceSystem;transition;2535;23;44;15;44;100;0,33;0,79;0;0,18;150,11;150,11;1,46;1,3
4;StudentAttendanceSystem;pair;2535;23;44;39;223;100;0,33;0,24;1,33;0,31;151,11;151,11;2,86;2,21
4;StudentAttendanceSystem;state;2536;24;47;10;53;100;0,36;0,4;0;0,09;152,11;152,11;0,96;0,85
4;StudentAttendanceSystem;transition;2536;24;47;16;47;100;0,36;0,82;0;0,16;152,11;153,11;1,5;1,35
4;StudentAttendanceSystem;pair;2536;24;47;48;266;100;0,36;0,23;1,71;0,37;154,11;154,11;3,38;2,68
4;StudentAttendanceSystem;state;2537;25;47;10;51;100;0,39;4,66;0;0,09;155,14;6,14;5,3;5,15
4;StudentAttendanceSystem;transition;2537;25;47;18;46;100;0,38;1,03;0;0,18;7,14;7,14;1,85;1,59
4;StudentAttendanceSystem;pair;2537;25;47;40;219;100;0,37;0,24;1,47;0,31;8,14;8,14;3,06;2,39
4;StudentAttendanceSystem;state;2538;23;41;8;43;100;0,35;0,38;0;0,08;9,14;9,14;0,92;0,81
4;StudentAttendanceSystem;transition;2538;23;41;14;40;100;0,33;0,77;0;0,14;9,14;9,14;1,38;1,23
4;StudentAttendanceSystem;pair;2538;23;41;33;187;100;0,38;0,18;1,15;0,28;10,14;11,14;2,57;1,99
4;StudentAttendanceSystem;state;2539;23;43;8;43;100;0,33;0,38;0;0,08;11,14;11,14;0,9;0,79
4;StudentAttendanceSystem;transition;2539;23;43;16;42;100;0,39;0,93;0;0,16;12,14;12,14;1,64;1,49
4;StudentAttendanceSystem;pair;2539;23;43;39;213;100;0,33;0,21;1,33;0,3;13,14;13,14;2,79;2,17
4;StudentAttendanceSystem;state;2540;29;56;12;67;100;0,42;0,49;0;0,12;14,14;14,14;1,16;1,04
4;StudentAttendanceSystem;transition;2540;29;56;18;55;100;0,39;1,04;0;0,2;15,14;15,14;1,79;1,63
4;StudentAttendanceSystem;pair;2540;29;56;52;300;100;0,43;0,31;2,21;0,46;16,14;17,14;4,19;3,41
4;StudentAttendanceSystem;state;2541;27;55;12;64;100;0,42;0,47;0;0,11;17,14;17,14;1,12;1
4;StudentAttendanceSystem;transition;2541;27;55;19;55;100;0,42;0,99;0;0,19;18,14;18,14;1,76;1,59
4;StudentAttendanceSystem;pair;2541;27;55;54;304;100;0,39;0,29;2,15;0,43;20,14;20,14;4,05;3,26
4;StudentAttendanceSystem;state;2542;29;55;13;69;100;0,43;0,59;0;0,13;21,14;21,14;1,27;1,14
4;StudentAttendanceSystem;transition;2542;29;55;19;54;100;0,4;1,04;0;0,2;22,14;22,14;1,85;1,63
4;StudentAttendanceSystem;pair;2542;29;55;50;276;100;0,43;0,28;1,99;0,42;23,14;24,14;3,88;3,12
4;StudentAttendanceSystem;state;2543;24;42;10;56;100;0,35;0,39;0;0,1;24,14;24,14;0,96;0,83
4;StudentAttendanceSystem;transition;2543;24;42;14;41;100;0,31;0,79;0;0,15;25,14;25,14;1,39;1,25
4;StudentAttendanceSystem;pair;2543;24;42;31;171;100;0,33;0,22;1,03;0,25;26,14;26,14;2,4;1,83
4;StudentAttendanceSystem;state;2544;30;59;13;72;100;0,47;0,54;0;0,14;27,14;27,14;1,27;1,15
4;StudentAttendanceSystem;transition;2544;30;59;20;58;100;0,54;1,1;0;0,24;27,14;28,14;2,08;1,89
4;StudentAttendanceSystem;pair;2544;30;59;58;328;100;0,4;0,31;2,59;0,47;29,14;30,14;4,61;3,77
4;StudentAttendanceSystem;state;2545;24;49;10;51;100;0,39;0,47;0;0,09;30,14;30,14;1,07;0,94
4;StudentAttendanceSystem;transition;2545;24;49;18;49;100;0,36;0,92;0;0,18;31,14;31,14;1,61;1,45
4;StudentAttendanceSystem;pair;2545;24;49;51;281;100;0,37;0,26;1,91;0,41;32,14;33,14;3,67;2,94
4;StudentAttendanceSystem;state;2546;26;48;10;56;100;0,4;0,42;0;0,1;33,14;33,14;1,04;0,92
4;StudentAttendanceSystem;transition;2546;26;48;16;47;100;0,4;0,88;0;0,17;34,14;34,14;1,6;1,45
4;StudentAttendanceSystem;pair;2546;26;48;39;221;100;0,37;0,22;1,48;0,37;35,14;36,14;3,14;2,43
4;StudentAttendanceSystem;state;2547;27;53;12;66;100;0,39;0,51;0;0,11;36,14;36,14;1,13;1,02
4;StudentAttendanceSystem;transition;2547;27;53;17;53;100;0,38;0,93;0;0,21;37,14;37,14;1,69;1,52
4;StudentAttendanceSystem;pair;2547;27;53;51;289;100;0,38;0,27;1,94;0,41;39,14;39,14;3,79;3
4;StudentAttendanceSystem;state;2548;18;32;7;35;100;0,31;0,33;0;0,06;39,14;39,14;0,81;0,7
4;StudentAttendanceSystem;transition;2548;18;32;12;32;100;0,34;0,58;0;0,11;40,14;40,14;1,15;1,02
4;StudentAttendanceSystem;pair;2548;18;32;28;142;100;0,26;0,13;0,8;0,19;41,14;41,14;1,83;1,37
4;StudentAttendanceSystem;state;2549;21;38;8;43;100;0,31;0,34;0;0,07;42,14;42,14;0,84;0,72
4;StudentAttendanceSystem;transition;2549;21;38;12;38;100;0,29;0,64;0;0,12;42,14;42,14;1,19;1,05
4;StudentAttendanceSystem;pair;2549;21;38;35;195;100;0,33;0,17;1,11;0,28;43,14;44,14;2,45;1,89
4;StudentAttendanceSystem;state;2550;26;51;11;61;100;0,39;0,45;0;0,13;44,14;44,14;1,08;0,97
4;StudentAttendanceSystem;transition;2550;26;51;17;51;100;0,35;0,91;0;0,19;45,14;45,14;1,61;1,46
4;StudentAttendanceSystem;pair;2550;26;51;45;257;100;0,37;0,27;1,69;0,37;46,14;47,14;3,41;2,7
4;StudentAttendanceSystem;state;2551;28;54;12;64;100;0,41;0,52;0;0,12;47,14;47,14;1,16;1,04
4;StudentAttendanceSystem;transition;2551;28;54;19;53;100;0,38;1,13;0;0,19;48,14;48,14;1,87;1,7
4;StudentAttendanceSystem;pair;2551;28;54;50;274;100;0,4;0,28;1,95;0,41;49,14;50,14;3,86;3,03
4;StudentAttendanceSystem;state;2552;24;46;10;55;100;0,38;0,47;0;0,09;50,14;50,14;1,05;0,94
4;StudentAttendanceSystem;transition;2552;24;46;15;46;100;0,35;0,84;0;0,15;51,14;51,14;1,48;1,34
4;StudentAttendanceSystem;pair;2552;24;46;44;244;100;0,33;0,21;1,48;0,39;52,14;53,14;3,09;2,41
4;StudentAttendanceSystem;state;2553;27;52;11;57;100;0,45;0,45;0;0,1;53,14;53,14;1,11;1
4;StudentAttendanceSystem;transition;2553;27;52;18;51;100;0,39;0,97;0;0,18;54,14;54,14;1,7;1,54
4;StudentAttendanceSystem;pair;2553;27;52;50;282;100;0,36;0,26;2;0,41;56,14;56,14;3,82;3,03
4;StudentAttendanceSystem;state;2554;25;47;10;53;100;0,39;0,46;0;0,09;57,14;57,14;1,08;0,95
4;StudentAttendanceSystem;transition;2554;25;47;17;46;100;0,35;0,91;0;0,17;57,14;57,14;1,58;1,43
4;StudentAttendanceSystem;pair;2554;25;47;48;258;100;0,4;0,22;1,68;0,38;59,14;59,14;3,38;2,68
4;StudentAttendanceSystem;state;2555;25;47;10;51;100;0,4;0,44;0;0,09;60,14;60,14;1,04;0,93
4;StudentAttendanceSystem;transition;2555;25;47;17;46;100;0,35;0,89;0;0,16;60,14;60,14;1,56;1,41
4;StudentAttendanceSystem;pair;2555;25;47;43;234;100;0,36;0,22;1,52;0,32;62,14;62,14;3,05;2,41
4;StudentAttendanceSystem;state;2556;26;49;10;54;100;0,4;0,43;0;0,11;62,14;63,14;1,07;0,95
4;StudentAttendanceSystem;transition;2556;26;49;17;48;100;0,37;1,05;0;0,18;63,14;63,14;1,75;1,6
4;StudentAttendanceSystem;pair;2556;26;49;43;247;100;0,39;0,29;1,7;0,35;65,14;65,14;3,42;2,73
4;StudentAttendanceSystem;state;2557;25;45;10;55;100;0,38;0,41;0;0,11;65,14;66,14;1,02;0,9
4;StudentAttendanceSystem;transition;2557;25;45;15;44;100;0,33;0,84;0;0,15;66,14;66,14;1,47;1,32
4;StudentAttendanceSystem;pair;2557;25;45;41;217;100;0,35;0,2;1,33;0,31;67,14;68,14;2,83;2,19
4;StudentAttendanceSystem;state;2558;23;45;9;48;100;0,42;0,39;0;0,08;68,14;68,14;1,01;0,89
4;StudentAttendanceSystem;transition;2558;23;45;15;45;100;0,37;0,78;0;0,15;69,14;69,14;1,45;1,3
4;StudentAttendanceSystem;pair;2558;23;45;45;253;100;0,42;0,23;1,61;0,36;70,14;71,14;3,3;2,62
4;StudentAttendanceSystem;state;2559;26;50;10;54;100;0,4;0,48;0;0,1;71,14;71,14;1,1;0,98
4;StudentAttendanceSystem;transition;2559;26;50;18;49;100;0,44;0,97;0;0,19;72,14;72,14;1,77;1,6
4;StudentAttendanceSystem;pair;2559;26;50;46;258;100;0,37;0,26;1,74;0,4;73,14;74,14;3,48;2,78
4;StudentAttendanceSystem;state;2560;19;32;7;36;100;0,3;0,29;0;0,06;74,14;74,14;0,76;0,65
4;StudentAttendanceSystem;transition;2560;19;32;11;32;100;0,25;0,59;0;0,1;75,14;75,14;1,08;0,95
4;StudentAttendanceSystem;pair;2560;19;32;25;129;100;0,26;0,13;0,71;0,17;76,14;76,14;1,78;1,27
4;StudentAttendanceSystem;state;2561;25;46;10;51;100;0,35;0,41;0;0,09;76,14;76,14;0,96;0,85
4;StudentAttendanceSystem;transition;2561;25;46;16;45;100;0,37;0,83;0;0,16;77,14;77,14;1,51;1,36
4;StudentAttendanceSystem;pair;2561;25;46;42;232;100;0,35;0,21;1,53;0,33;78,14;79,14;3,13;2,43
4;StudentAttendanceSystem;state;2562;22;41;9;47;100;0,35;0,39;0;0,13;79,14;79,14;0,99;0,86
4;StudentAttendanceSystem;transition;2562;22;41;14;41;100;0,33;0,73;0;0,12;80,14;80,14;1,33;1,19
4;StudentAttendanceSystem;pair;2562;22;41;41;219;100;0,36;0,18;1,32;0,3;81,14;81,14;2,78;2,16
4;StudentAttendanceSystem;state;2563;28;55;12;64;100;0,47;0,48;0;0,12;82,14;82,14;1,19;1,07
4;StudentAttendanceSystem;transition;2563;28;55;21;54;100;0,38;1,11;0;0,21;83,14;83,14;1,87;1,7
4;StudentAttendanceSystem;pair;2563;28;55;50;270;100;0,39;0,3;1,99;0,4;84,14;85,14;3,81;3,08
4;StudentAttendanceSystem;state;2564;24;43;9;48;100;0,45;0,4;0;0,08;85,14;85,14;1,05;0,93
4;StudentAttendanceSystem;transition;2564;24;43;15;42;100;0,32;0,89;0;0,15;86,14;86,14;1,51;1,36
4;StudentAttendanceSystem;pair;2564;24;43;35;195;100;0,33;0,19;1,3;0,31;87,14;87,14;2,73;2,14
4;StudentAttendanceSystem;state;2565;25;50;11;56;100;0,37;0,5;0;0,08;88,14;88,14;1,06;0,95
4;StudentAttendanceSystem;transition;2565;25;50;18;50;100;0,36;0,96;0;0,16;88,14;89,14;1,65;1,48
4;StudentAttendanceSystem;pair;2565;25;50;50;276;100;0,35;0,28;1,88;0,36;90,14;90,14;3,59;2,87
4;StudentAttendanceSystem;state;2566;25;49;11;60;100;0,39;0,45;0;0,1;91,14;91,14;1,06;0,94
4;StudentAttendanceSystem;transition;2566;25;49;17;49;100;0,35;0,94;0;0,16;92,14;92,14;1,6;1,45
4;StudentAttendanceSystem;pair;2566;25;49;50;268;100;0,39;0,24;1,79;0,37;93,14;93,14;3,47;2,78
4;StudentAttendanceSystem;state;2567;23;44;9;50;100;0,35;0,38;0;0,08;94,14;94,14;0,93;0,82
4;StudentAttendanceSystem;transition;2567;23;44;15;44;100;0,3;0,82;0;0,15;95,14;95,14;1,41;1,27
4;StudentAttendanceSystem;pair;2567;23;44;38;208;100;0,32;0,21;1,4;0,29;96,14;96,14;2,83;2,22
4;StudentAttendanceSystem;state;2568;30;60;13;72;100;0,44;0,54;0;0,13;97,14;97,14;1,23;1,1
4;StudentAttendanceSystem;transition;2568;30;60;21;59;100;0,41;1,36;0;0,21;98,14;98,14;2,18;1,99
4;StudentAttendanceSystem;pair;2568;30;60;61;339;100;0,41;0,32;2,58;0,55;99,14;100,14;4,72;3,85
4;StudentAttendanceSystem;state;2569;26;52;11;61;100;0,41;0,55;0;0,11;100,14;100,14;1,2;1,08
4;StudentAttendanceSystem;transition;2569;26;52;18;52;100;0,39;1;0;0,19;101,14;101,14;1,74;1,58
4;StudentAttendanceSystem;pair;2569;26;52;48;272;100;0,44;0,27;1,84;0,42;103,14;103,14;3,67;2,96
4;StudentAttendanceSystem;state;2570;29;56;12;67;100;0,41;0,51;0;0,13;104,14;104,14;1,16;1,05
4;StudentAttendanceSystem;transition;2570;29;56;19;55;100;0,42;1,06;0;0,25;104,14;105,14;1,89;1,72
4;StudentAttendanceSystem;pair;2570;29;56;49;281;100;0,39;0,29;2,07;0,42;106,14;106,14;3,94;3,16
4;StudentAttendanceSystem;state;2571;24;44;9;48;100;0,39;0,39;0;0,11;107,14;107,14;1;0,89
4;StudentAttendanceSystem;transition;2571;24;44;16;43;100;0,38;0,87;0;0,21;108,14;108,14;1,62;1,46
4;StudentAttendanceSystem;pair;2571;24;44;39;211;100;0,34;0,2;1,6;0,31;109,14;109,14;3,14;2,44
4;StudentAttendanceSystem;state;2572;27;54;12;64;100;0,4;0,48;0;0,11;110,14;110,14;1,11;1
4;StudentAttendanceSystem;transition;2572;27;54;18;54;100;0,38;1,01;0;0,19;110,14;111,14;1,74;1,58
4;StudentAttendanceSystem;pair;2572;27;54;51;289;100;0,37;0,3;2,11;0,43;112,14;112,14;4,08;3,22
4;StudentAttendanceSystem;state;2573;25;48;9;49;100;0,43;0,41;0;0,09;113,14;113,14;1,11;0,94
4;StudentAttendanceSystem;transition;2573;25;48;17;47;100;0,35;0,96;0;0,18;114,14;114,14;1,64;1,49
4;StudentAttendanceSystem;pair;2573;25;48;43;245;100;0,45;0,22;1,71;0,35;115,14;115,14;3,47;2,73
4;StudentAttendanceSystem;state;2574;29;57;12;67;100;0,45;0,5;0;0,13;116,14;116,14;1,23;1,08
4;StudentAttendanceSystem;transition;2574;29;57;20;56;100;0,45;1,1;0;0,21;117,14;117,14;1,94;1,76
4;StudentAttendanceSystem;pair;2574;29;57;52;292;100;0,48;0,31;2,21;0,48;118,14;119,14;4,29;3,48
4;StudentAttendanceSystem;state;2575;24;46;10;55;100;0,38;0,4;0;0,09;119,14;119,14;0,98;0,87
4;StudentAttendanceSystem;transition;2575;24;46;15;46;100;0,35;0,86;0;0,14;120,14;120,14;1,51;1,36
4;StudentAttendanceSystem;pair;2575;24;46;44;240;100;0,37;0,21;1,42;0,34;121,14;122,14;3,05;2,34
4;StudentAttendanceSystem;state;2576;25;48;10;51;100;0,38;0,45;0;0,09;122,14;122,14;1,05;0,92
4;StudentAttendanceSystem;transition;2576;25;48;18;47;100;0,34;0,93;0;0,18;123,14;123,14;1,6;1,44
4;StudentAttendanceSystem;pair;2576;25;48;46;249;100;0,4;0,32;1,6;0,36;124,14;125,14;3,36;2,68
4;StudentAttendanceSystem;state;2577;27;52;11;59;100;0,41;0,45;0;0,11;125,14;125,14;1,09;0,96
4;StudentAttendanceSystem;transition;2577;27;52;18;51;100;0,38;0,99;0;0,19;126,14;126,14;1,73;1,56
4;StudentAttendanceSystem;pair;2577;27;52;52;294;100;0,38;0,26;2,06;0,42;128,14;128,14;3,88;3,11
4;StudentAttendanceSystem;state;2578;26;51;11;61;100;0,4;0,53;0;0,11;129,14;129,14;1,17;1,04
4;StudentAttendanceSystem;transition;2578;26;51;17;51;100;0,35;0,99;0;0,17;129,14;129,14;1,67;1,51
4;StudentAttendanceSystem;pair;2578;26;51;45;257;100;0,38;0,26;1,65;0,41;131,14;131,14;3,41;2,7
4;StudentAttendanceSystem;state;2579;23;42;8;43;100;0,35;0,4;0;0,08;132,14;132,14;0,95;0,83
4;StudentAttendanceSystem;transition;2579;23;42;15;41;100;0,32;0,81;0;0,15;132,14;132,14;1,43;1,28
4;StudentAttendanceSystem;pair;2579;23;42;35;197;100;0,37;0,19;1,19;1,67;133,14;134,14;4,08;3,43
4;StudentAttendanceSystem;state;2580;19;34;7;37;100;0,32;0,36;0;0,06;134,14;134,14;0,85;0,74
4;StudentAttendanceSystem;transition;2580;19;34;12;34;100;0,27;0,71;0;0,11;135,14;135,14;1,23;1,09
4;StudentAttendanceSystem;pair;2580;19;34;34;174;100;0,28;0,18;0,97;0,23;136,14;136,14;2,15;1,65
4;StudentAttendanceSystem;state;2581;28;53;12;66;100;0,4;0,48;0;0,12;137,14;137,14;1,14;1
4;StudentAttendanceSystem;transition;2581;28;53;18;52;100;0,37;1,09;0;0,18;137,14;137,14;1,8;1,64
4;StudentAttendanceSystem;pair;2581;28;53;51;277;100;0,46;0,28;1,92;0,39;139,14;139,14;3,77;3,04
4;StudentAttendanceSystem;state;2582;22;38;8;43;100;0,34;0,37;0;0,07;140,14;140,14;0,9;0,78
4;StudentAttendanceSystem;transition;2582;22;38;13;37;100;0,29;0,72;0;0,12;140,14;140,14;1,31;1,13
4;StudentAttendanceSystem;pair;2582;22;38;35;183;100;0,32;0,16;1,06;0,3;141,14;142,14;2,37;1,83
4;StudentAttendanceSystem;state;2583;29;57;12;67;100;0,41;0,55;0;0,12;142,14;142,14;1,21;1,09
4;StudentAttendanceSystem;transition;2583;29;57;19;56;100;0,42;1,08;0;0,21;143,14;143,14;1,87;1,71
4;StudentAttendanceSystem;pair;2583;29;57;55;315;100;0,39;0,3;2,27;0,47;145,14;145,14;4,23;3,43
4;StudentAttendanceSystem;state;2584;22;43;8;43;100;0,33;0,46;0;0,08;146,14;146,14;0,99;0,87
4;StudentAttendanceSystem;transition;2584;22;43;15;43;100;0,31;0,87;0;0,14;146,14;146,14;1,49;1,32
4;StudentAttendanceSystem;pair;2584;22;43;39;221;100;0,33;0,19;1,29;0,46;148,14;148,14;2,92;2,27
4;StudentAttendanceSystem;state;2585;24;48;10;51;100;0,38;0,43;0;0,09;148,14;148,14;1;0,89
4;StudentAttendanceSystem;transition;2585;24;48;17;48;100;0,34;0,8;0;0,16;149,14;149,14;1,49;1,3
4;StudentAttendanceSystem;pair;2585;24;48;47;262;100;0,34;0,24;1,62;0,39;150,14;151,14;3,28;2,58
4;StudentAttendanceSystem;state;2586;23;46;9;48;100;0,37;0,4;0;0,08;151,14;151,14;0,95;0,85
4;StudentAttendanceSystem;transition;2586;23;46;16;46;100;0,35;0,85;0;0,16;152,14;152,14;1,5;1,36
4;StudentAttendanceSystem;pair;2586;23;46;48;268;100;0,33;0,22;1,75;0,35;153,14;154,14;3,38;2,66
4;StudentAttendanceSystem;state;2587;25;47;10;51;100;0,42;0,42;0;0,09;154,14;154,14;1,09;0,93
4;StudentAttendanceSystem;transition;2587;25;47;17;46;100;2,73;0,94;0;0,17;6,16;6,16;4,06;3,84
4;StudentAttendanceSystem;pair;2587;25;47;45;247;100;0,36;0,22;1,58;0,36;7,16;8,16;3,38;2,52
4;StudentAttendanceSystem;state;2588;29;56;13;69;100;0,46;0,54;0;0,12;8,16;8,16;1,25;1,12
4;StudentAttendanceSystem;transition;2588;29;56;20;55;100;0,43;1,11;0;0,2;9,16;9,16;1,91;1,74
4;StudentAttendanceSystem;pair;2588;29;56;53;287;100;0,44;0,29;2,11;0,42;11,16;11,16;4,12;3,25
4;StudentAttendanceSystem;state;2589;25;47;11;60;100;0,39;0,49;0;0,1;12,16;12,16;1,1;0,97
4;StudentAttendanceSystem;transition;2589;25;47;15;47;100;0,36;0,87;0;0,17;12,16;13,16;1,56;1,4
4;StudentAttendanceSystem;pair;2589;25;47;44;242;100;0,36;0,26;1,48;0,34;14,16;14,16;3,12;2,45
4;StudentAttendanceSystem;state;2590;24;45;9;48;100;0,37;0,41;0;0,08;15,16;15,16;0,99;0,87
4;StudentAttendanceSystem;transition;2590;24;45;16;44;100;0,33;0,83;0;0,17;15,16;15,16;1,5;1,34
4;StudentAttendanceSystem;pair;2590;24;45;45;245;100;0,36;0,2;1,56;0,34;17,16;17,16;3,11;2,46
4;StudentAttendanceSystem;state;2591;22;40;9;47;100;0,38;0,35;0;0,08;17,16;17,16;0,93;0,81
4;StudentAttendanceSystem;transition;2591;22;40;13;40;100;0,32;0,69;0;0,12;18,16;18,16;1,32;1,13
4;StudentAttendanceSystem;pair;2591;22;40;38;208;100;0,31;0,21;1,3;0,29;19,16;20,16;2,72;2,1
4;StudentAttendanceSystem;state;2592;26;51;11;61;100;0,39;0,44;0;0,1;20,16;20,16;1,09;0,94
4;StudentAttendanceSystem;transition;2592;26;51;17;51;100;0,35;0,92;0;0,17;21,16;21,16;1,6;1,44
4;StudentAttendanceSystem;pair;2592;26;51;45;257;100;0,36;0,27;1,64;0,39;22,16;23,16;3,41;2,66
4;StudentAttendanceSystem;state;2593;25;48;11;60;100;0,39;0,43;0;0,1;23,16;23,16;1,04;0,92
4;StudentAttendanceSystem;transition;2593;25;48;16;48;100;0,38;0,87;0;0,17;24,16;24,16;1,65;1,42
4;StudentAttendanceSystem;pair;2593;25;48;47;253;100;0,37;0,25;1,62;0,37;25,16;26,16;3,35;2,6
4;StudentAttendanceSystem;state;2594;23;44;9;48;100;0,41;0,4;0;0,09;26,16;26,16;1,03;0,9
4;StudentAttendanceSystem;transition;2594;23;44;15;44;100;0,32;0,83;0;0,15;27,16;27,16;1,49;1,3
4;StudentAttendanceSystem;pair;2594;23;44;39;223;100;0,34;0,2;1,56;0,31;28,16;28,16;3,04;2,41
4;StudentAttendanceSystem;state;2595;24;44;9;48;100;0,4;0,41;0;0,09;29,16;29,16;1,02;0,9
4;StudentAttendanceSystem;transition;2595;24;44;15;43;100;0,35;0,93;0;0,16;30,16;30,16;1,59;1,44
4;StudentAttendanceSystem;pair;2595;24;44;41;228;100;0,32;0,2;1,39;0,33;31,16;31,16;2,9;2,23
4;StudentAttendanceSystem;state;2596;28;54;12;66;100;0,41;0,52;0;0,12;32,16;32,16;1,17;1,05
4;StudentAttendanceSystem;transition;2596;28;54;19;53;100;0,38;1,03;0;0,2;32,16;33,16;1,8;1,62
4;StudentAttendanceSystem;pair;2596;28;54;54;292;100;0,39;0,27;2,27;0,41;34,16;34,16;4,12;3,34
4;StudentAttendanceSystem;state;2597;29;57;12;67;100;0,43;0,49;0;0,16;35,16;35,16;1,21;1,08
4;StudentAttendanceSystem;transition;2597;29;57;19;56;100;0,44;1,08;0;0,21;36,16;36,16;1,92;1,74
4;StudentAttendanceSystem;pair;2597;29;57;55;311;100;0,4;0,3;2,23;0,51;37,16;38,16;4,31;3,43
4;StudentAttendanceSystem;state;2598;24;46;10;53;100;0,39;0,42;0;0,1;38,16;39,16;1,03;0,91
4;StudentAttendanceSystem;transition;2598;24;46;15;46;100;0,33;0,79;0;0,17;39,16;39,16;1,44;1,29
4;StudentAttendanceSystem;pair;2598;24;46;45;255;100;0,36;0,22;1,54;0,35;40,16;41,16;3,15;2,47
4;StudentAttendanceSystem;state;2599;24;43;9;48;100;0,4;0,4;0;0,09;41,16;41,16;1,02;0,89
4;StudentAttendanceSystem;transition;2599;24;43;15;42;100;0,33;0,83;0;0,15;42,16;42,16;1,46;1,31
4;StudentAttendanceSystem;pair;2599;24;43;35;195;100;0,41;0,19;1,18;0,3;43,16;44,16;2,69;2,07
4;StudentAttendanceSystem;state;2600;25;46;10;55;100;0,39;0,42;0;0,1;44,16;44,16;1,03;0,91
4;StudentAttendanceSystem;transition;2600;25;46;16;45;100;0,34;0,97;0;0,16;45,16;45,16;1,63;1,47
4;StudentAttendanceSystem;pair;2600;25;46;44;232;100;0,4;0,21;1,53;0,34;46,16;46,16;3,12;2,48
4;StudentAttendanceSystem;state;2601;27;52;11;57;100;0,42;0,45;0;0,1;47,16;47,16;1,13;0,97
4;StudentAttendanceSystem;transition;2601;27;52;19;51;100;0,37;0,98;0;0,19;48,16;48,16;1,72;1,54
4;StudentAttendanceSystem;pair;2601;27;52;43;246;100;0,37;0,26;1,95;0,36;49,16;50,16;3,67;2,95
4;StudentAttendanceSystem;state;2602;23;40;9;47;100;0,34;0,35;0;0,09;50,16;50,16;0,89;0,77
4;StudentAttendanceSystem;transition;2602;23;40;14;39;100;0,3;0,77;0;0,14;51,16;51,16;1,35;1,21
4;StudentAttendanceSystem;pair;2602;23;40;38;196;100;0,31;0,19;1,16;0,27;52,16;52,16;2,5;1,93
4;StudentAttendanceSystem;state;2603;25;47;9;49;100;0,38;0,42;0;0,09;53,16;53,16;0,99;0,88
4;StudentAttendanceSystem;transition;2603;25;47;16;46;100;0,34;0,9;0;0,17;53,16;53,16;1,56;1,4
4;StudentAttendanceSystem;pair;2603;25;47;38;223;100;0,36;0,21;1,38;0,34;55,16;55,16;2,94;2,3
4;StudentAttendanceSystem;state;2604;25;48;11;60;100;0,4;0,42;0;0,1;55,16;55,16;1,04;0,93
4;StudentAttendanceSystem;transition;2604;25;48;16;48;100;0,38;0,85;0;0,16;56,16;56,16;1,54;1,38
4;StudentAttendanceSystem;pair;2604;25;48;47;257;100;0,38;0,23;1,54;0,35;57,16;58,16;3,18;2,49
4;StudentAttendanceSystem;state;2605;25;49;10;56;100;0,42;0,41;0;0,1;58,16;58,16;1,06;0,93
4;StudentAttendanceSystem;transition;2605;25;49;16;49;100;0,37;0,9;0;0,32;59,16;59,16;1,77;1,59
4;StudentAttendanceSystem;pair;2605;25;49;42;244;100;0,36;0,24;1,51;0,35;60,16;61,16;3,17;2,46
4;StudentAttendanceSystem;state;2606;24;45;9;48;100;0,37;0,43;0;0,09;61,16;61,16;1;0,88
4;StudentAttendanceSystem;transition;2606;24;45;16;44;100;0,35;0,86;0;0,16;62,16;62,16;1,58;1,38
4;StudentAttendanceSystem;pair;2606;24;45;45;245;100;0,37;0,21;1,53;0,45;63,16;64,16;3,24;2,56
4;StudentAttendanceSystem;state;2607;23;45;9;48;100;0,41;0,39;0;0,09;64,16;64,16;0,99;0,88
4;StudentAttendanceSystem;transition;2607;23;45;16;45;100;0,34;0,82;0;0,16;65,16;65,16;1,5;1,33
4;StudentAttendanceSystem;pair;2607;23;45;42;238;100;0,33;0,22;1,43;0,33;66,16;67,16;2,95;2,32
4;StudentAttendanceSystem;state;2608;21;40;8;42;100;0,34;0,35;0;0,07;67,16;67,16;0,88;0,75
4;StudentAttendanceSystem;transition;2608;21;40;14;40;100;0,31;0,76;0;0,13;68,16;68,16;1,34;1,2
4;StudentAttendanceSystem;pair;2608;21;40;41;221;100;0,31;0,18;1,38;0,3;69,16;69,16;2,75;2,17
4;StudentAttendanceSystem;state;2609;26;51;10;52;100;0,4;0,44;0;0,14;70,16;70,16;1,11;0,99
4;StudentAttendanceSystem;transition;2609;26;51;19;50;100;0,42;1,04;0;0,2;70,16;71,16;1,83;1,65
4;StudentAttendanceSystem;pair;2609;26;51;47;265;100;0,39;0,25;1,82;0,43;72,16;72,16;3,62;2,9
4;StudentAttendanceSystem;state;2610;21;39;8;43;100;0,39;0,34;0;0,07;73,16;73,16;0,91;0,8
4;StudentAttendanceSystem;transition;2610;21;39;13;39;100;0,29;0,75;0;0,13;73,16;74,16;1,31;1,17
4;StudentAttendanceSystem;pair;2610;21;39;38;206;100;0,3;0,18;1,27;0,28;75,16;75,16;2,59;2,03
4;StudentAttendanceSystem;state;2611;27;55;12;66;100;0,41;0,48;0;0,11;75,16;75,16;1,13;1,01
4;StudentAttendanceSystem;transition;2611;27;55;19;55;100;0,38;1,07;0;0,19;76,16;76,16;1,81;1,64
4;StudentAttendanceSystem;pair;2611;27;55;57;315;100;0,4;0,29;2,32;0,5;78,16;78,16;4,31;3,5
4;StudentAttendanceSystem;state;2612;25;46;10;53;100;0,41;0,44;0;0,09;79,16;79,16;1,08;0,95
4;StudentAttendanceSystem;transition;2612;25;46;16;45;100;0,36;0,92;0;0,23;80,16;80,16;1,68;1,51
4;StudentAttendanceSystem;pair;2612;25;46;45;243;100;0,36;0,23;1,55;0,34;81,16;81,16;3,13;2,48
4;StudentAttendanceSystem;state;2613;25;46;10;51;100;0,36;0,44;0;0,09;82,16;82,16;1,02;0,9
4;StudentAttendanceSystem;transition;2613;25;46;17;45;100;0,34;0,85;0;0,17;82,16;83,16;1,51;1,36
4;StudentAttendanceSystem;pair;2613;25;46;37;205;100;0,38;0,21;1,33;0,29;84,16;84,16;2,82;2,21
4;StudentAttendanceSystem;state;2614;27;51;11;61;100;0,39;0,5;0;0,11;85,16;85,16;1,12;1
4;StudentAttendanceSystem;transition;2614;27;51;17;50;100;0,36;0,95;0;0,18;85,16;85,16;1,7;1,49
4;StudentAttendanceSystem;pair;2614;27;51;48;264;100;0,38;0,26;1,83;0,38;87,16;87,16;3,58;2,85
4;StudentAttendanceSystem;state;2615;28;54;11;62;100;0,54;0,63;0;0,13;88,16;88,16;1,48;1,3
4;StudentAttendanceSystem;transition;2615;28;54;18;53;100;0,49;1,27;0;0,2;89,16;89,16;2,2;1,96
4;StudentAttendanceSystem;pair;2615;28;54;46;268;100;0,42;0,3;2,08;0,45;90,16;90,16;4,18;3,25
4;StudentAttendanceSystem;state;2616;26;48;10;56;100;0,49;0,46;0;0,1;91,16;91,16;1,18;1,05
4;StudentAttendanceSystem;transition;2616;26;48;16;47;100;0,37;1,01;0;0,18;92,16;92,16;1,72;1,56
4;StudentAttendanceSystem;pair;2616;26;48;39;221;100;0,37;0,23;1,71;0,35;93,16;93,16;3,43;2,66
4;StudentAttendanceSystem;state;2617;22;44;8;43;100;0,43;0,44;0;0,08;94,16;94,16;1,09;0,95
4;StudentAttendanceSystem;transition;2617;22;44;16;44;100;0,36;1;0;0,24;94,16;95,16;1,78;1,6
4;StudentAttendanceSystem;pair;2617;22;44;42;236;100;0,38;0,23;1,68;0,4;96,16;96,16;3,45;2,69
4;StudentAttendanceSystem;state;2618;23;45;9;50;100;0,56;0,48;0;0,1;97,16;97,16;1,34;1,14
4;StudentAttendanceSystem;transition;2618;23;45;16;45;100;0,42;0,93;0;0,17;97,16;97,16;1,72;1,52
4;StudentAttendanceSystem;pair;2618;23;45;41;223;100;0,45;0,21;1,36;0,32;98,16;99,16;3,18;2,34
4;StudentAttendanceSystem;state;2619;21;39;8;43;100;0,38;0,53;0;0,09;99,16;99,16;1,14;1,01
4;StudentAttendanceSystem;transition;2619;21;39;13;39;100;0,38;0,83;0;0,13;100,16;100,16;1,51;1,35
4;StudentAttendanceSystem;pair;2619;21;39;38;206;100;0,34;0,2;1,39;0,31;101,16;101,16;2,93;2,24
4;StudentAttendanceSystem;state;2620;25;47;10;53;100;0,47;0,47;0;0,1;102,16;102,16;1,2;1,04
4;StudentAttendanceSystem;transition;2620;25;47;17;46;100;0,44;1,05;0;0,2;103,16;103,16;1,89;1,69
4;StudentAttendanceSystem;pair;2620;25;47;48;258;100;0,41;0,23;1,91;0,39;104,16;104,16;3,77;2,93
4;StudentAttendanceSystem;state;2621;21;39;8;42;100;0,39;0,41;0;0,09;105,16;105,16;1,02;0,89
4;StudentAttendanceSystem;transition;2621;21;39;14;39;100;0,36;0,82;0;0,17;105,16;106,16;1,52;1,36
4;StudentAttendanceSystem;pair;2621;21;39;36;191;100;0,36;0,21;1,29;0,37;107,16;107,16;2,94;2,24
4;StudentAttendanceSystem;state;2622;27;53;12;66;100;0,48;0,68;0;0,14;107,16;107,16;1,45;1,3
4;StudentAttendanceSystem;transition;2622;27;53;17;53;100;0,47;1,15;0;0,21;108,16;108,16;2,04;1,83
4;StudentAttendanceSystem;pair;2622;27;53;51;289;100;0,45;0,34;2,18;0,46;110,16;110,16;4,31;3,43
4;StudentAttendanceSystem;state;2623;21;40;8;42;100;0,42;0,44;0;0,08;111,16;111,16;1,08;0,94
4;StudentAttendanceSystem;transition;2623;21;40;14;40;100;0,34;0,86;0;0,14;111,16;111,16;1,51;1,34
4;StudentAttendanceSystem;pair;2623;21;40;41;221;100;0,39;0,23;1,7;0,34;112,16;113,16;3,46;2,66
4;StudentAttendanceSystem;state;2624;25;48;11;60;100;0,48;0,6;0;0,12;113,16;113,16;1,35;1,2
4;StudentAttendanceSystem;transition;2624;25;48;16;48;100;0,47;1,13;0;0,24;114,16;114,16;2,02;1,84
4;StudentAttendanceSystem;pair;2624;25;48;47;257;100;0,45;0,26;2,06;0,53;115,16;116,16;4,13;3,3
4;StudentAttendanceSystem;state;2625;26;49;10;54;100;0,5;0,57;0;0,11;116,16;116,16;1,34;1,18
4;StudentAttendanceSystem;transition;2625;26;49;16;48;100;0,45;1,16;0;0,22;117,16;117,16;2,02;1,83
4;StudentAttendanceSystem;pair;2625;26;49;46;266;100;0,5;0,38;2,33;0,49;118,16;119,16;4,7;3,7
4;StudentAttendanceSystem;state;2626;26;49;10;54;100;0,47;0,58;0;0,12;119,16;119,16;1,31;1,17
4;StudentAttendanceSystem;transition;2626;26;49;16;48;100;0,52;1,17;0;0,24;120,16;120,16;2,15;1,94
4;StudentAttendanceSystem;pair;2626;26;49;46;266;100;0,45;0,27;2,15;0,42;121,16;122,16;4,23;3,3
4;StudentAttendanceSystem;state;2627;23;44;10;50;100;0,41;0,49;0;0,09;122,16;122,16;1,14;1
4;StudentAttendanceSystem;transition;2627;23;44;16;44;100;0,4;0,95;0;0,15;123,16;123,16;1,69;1,5
4;StudentAttendanceSystem;pair;2627;23;44;43;229;100;0,38;0,22;1,59;0,35;124,16;125,16;3,25;2,54
4;StudentAttendanceSystem;state;2628;24;47;10;53;100;0,42;0,47;0;0,1;125,16;125,16;1,14;0,99
4;StudentAttendanceSystem;transition;2628;24;47;16;47;100;0,4;0,99;0;0,17;126,16;126,16;1,73;1,55
4;StudentAttendanceSystem;pair;2628;24;47;48;270;100;0,42;0,29;1,97;0,42;127,16;128,16;4,17;3,1
4;StudentAttendanceSystem;state;2629;21;38;8;43;100;0,42;0,46;0;0,08;128,16;128,16;1,12;0,96
4;StudentAttendanceSystem;transition;2629;21;38;12;38;100;0,33;0,87;0;0,17;129,16;129,16;1,59;1,38
4;StudentAttendanceSystem;pair;2629;21;38;35;195;100;0,4;0,21;1,5;0,35;130,16;130,16;3,29;2,47
4;StudentAttendanceSystem;state;2630;26;49;11;56;100;0,44;0,56;0;0,12;131,16;131,16;1,28;1,12
4;StudentAttendanceSystem;transition;2630;26;49;18;48;100;0,41;1,25;0;0,24;131,16;132,16;2,07;1,89
4;StudentAttendanceSystem;pair;2630;26;49;47;253;100;0,4;0,35;2,3;0,5;133,16;133,16;4,36;3,54
4;StudentAttendanceSystem;state;2631;24;43;9;48;100;0,41;0,51;0;0,11;134,16;134,16;1,17;1,03
4;StudentAttendanceSystem;transition;2631;24;43;14;42;100;0,39;1,03;0;0,18;134,16;134,16;1,79;1,61
4;StudentAttendanceSystem;pair;2631;24;43;38;213;100;0,45;0,25;1,62;0,39;136,16;136,16;3,48;2,71
4;StudentAttendanceSystem;state;2632;25;47;10;53;100;0,46;0,55;0;0,12;136,16;136,16;1,27;1,12
4;StudentAttendanceSystem;transition;2632;25;47;17;46;100;0,46;1,18;0;0,21;137,16;137,16;2,03;1,85
4;StudentAttendanceSystem;pair;2632;25;47;48;258;100;0,46;0,26;1,89;0,43;138,16;139,16;3,9;3,04
4;StudentAttendanceSystem;state;2633;21;38;8;43;100;0,38;0,44;0;0,08;139,16;139,16;1,06;0,91
4;StudentAttendanceSystem;transition;2633;21;38;12;38;100;0,37;0,75;0;0,14;140,16;140,16;1,49;1,26
4;StudentAttendanceSystem;pair;2633;21;38;35;195;100;0,35;0,21;1,22;0,33;141,16;141,16;2,8;2,11
4;StudentAttendanceSystem;state;2634;25;49;11;56;100;0,43;0,5;0;0,11;142,16;142,16;1,22;1,05
4;StudentAttendanceSystem;transition;2634;25;49;17;49;100;0,42;0,99;0;0,18;143,16;143,16;1,8;1,6
4;StudentAttendanceSystem;pair;2634;25;49;48;268;100;0,45;0,25;1,96;0,47;144,16;144,16;3,93;3,12
4;StudentAttendanceSystem;state;2635;28;53;12;66;100;0,68;0,62;0;0,15;145,16;145,16;1,58;1,44
4;StudentAttendanceSystem;transition;2635;28;53;18;52;100;0,5;1,25;0;0,22;146,16;146,16;2,17;1,98
4;StudentAttendanceSystem;pair;2635;28;53;51;277;100;0,46;0,31;2,03;0,48;147,16;148,16;4,13;3,29
4;StudentAttendanceSystem;state;2636;22;42;9;45;100;0,41;0,5;0;0,09;148,16;148,16;1,14;1
4;StudentAttendanceSystem;transition;2636;22;42;15;42;100;0,39;0,84;0;0,17;149,16;149,16;1,56;1,4
4;StudentAttendanceSystem;pair;2636;22;42;40;216;100;0,37;0,19;1,39;0,32;150,16;150,16;2,96;2,27
4;StudentAttendanceSystem;state;2637;24;46;10;55;100;0,45;0,47;0;0,09;151,16;151,16;1,13;1
4;StudentAttendanceSystem;transition;2637;24;46;16;46;100;0,52;0,96;0;0,17;152,16;152,16;1,83;1,65
4;StudentAttendanceSystem;pair;2637;24;46;40;220;100;0,39;0,22;1,39;0,46;153,16;153,16;3,31;2,46
4;StudentAttendanceSystem;state;2638;27;50;11;61;100;0,44;0,58;0;0,12;154,16;154,16;1,28;1,14
4;StudentAttendanceSystem;transition;2638;27;50;16;49;100;0,41;1,08;0;2,84;154,16;155,2;4,55;4,33
4;StudentAttendanceSystem;pair;2638;27;50;45;253;100;0,59;0,3;2,02;0,41;7,2;7,2;4,25;3,32
4;StudentAttendanceSystem;state;2639;25;46;10;53;100;0,45;0,55;0;0,14;8,2;8,2;1,37;1,14
4;StudentAttendanceSystem;transition;2639;25;46;16;45;100;0,43;1,07;0;0,21;8,2;9,2;1,91;1,71
4;StudentAttendanceSystem;pair;2639;25;46;45;243;100;0,44;0,38;2,01;0,43;10,2;10,2;4,1;3,25
4;StudentAttendanceSystem;state;2640;26;48;11;56;100;0,53;0,6;0;0,12;11,2;11,2;1,4;1,25
4;StudentAttendanceSystem;transition;2640;26;48;17;47;100;0,42;1,15;0;0,24;11,2;12,2;2,01;1,81
4;StudentAttendanceSystem;pair;2640;26;48;43;236;100;0,43;0,33;1,83;0,51;13,2;13,2;3,95;3,09
4;StudentAttendanceSystem;state;2641;27;51;11;59;100;0,46;0,6;0;0,13;14,2;14,2;1,39;1,19
4;StudentAttendanceSystem;transition;2641;27;51;17;50;100;0,5;1,27;0;0,22;14,2;15,2;2,26;1,99
4;StudentAttendanceSystem;pair;2641;27;51;49;279;100;0,46;0,35;2,03;0,43;16,2;16,2;4,21;3,27
4;StudentAttendanceSystem;state;2642;27;53;11;57;100;0,52;0,56;0;0,12;17,2;17,2;1,36;1,2
4;StudentAttendanceSystem;transition;2642;27;53;19;52;100;0,43;1,17;0;0,24;18,2;18,2;2,04;1,83
4;StudentAttendanceSystem;pair;2642;27;53;53;297;100;0,46;0,34;2,68;0,57;19,2;20,2;5,02;4,05
4;StudentAttendanceSystem;state;2643;27;51;11;59;100;0,49;0,55;0;0,13;20,2;20,2;1,33;1,18
4;StudentAttendanceSystem;transition;2643;27;51;17;50;100;0,5;1,15;0;0,24;21,2;21,2;2,1;1,89
4;StudentAttendanceSystem;pair;2643;27;51;49;279;100;0,53;0,32;2,45;0,49;22,2;23,2;4,71;3,79
4;StudentAttendanceSystem;state;2644;28;53;12;66;100;0,5;0,67;0;0,13;23,2;23,2;1,46;1,3
4;StudentAttendanceSystem;transition;2644;28;53;18;52;100;0,44;1,21;0;0,23;24,2;24,2;2,08;1,88
4;StudentAttendanceSystem;pair;2644;28;53;51;281;100;0,47;0,27;2,17;0,45;26,2;26,2;4,31;3,37
4;StudentAttendanceSystem;state;2645;26;51;11;61;100;0,49;0,56;0;0,13;27,2;27,2;1,34;1,19
4;StudentAttendanceSystem;transition;2645;26;51;16;51;100;0,47;1,12;0;0,21;27,2;28,2;2;1,8
4;StudentAttendanceSystem;pair;2645;26;51;48;276;100;0,52;0,31;2,19;0,5;29,2;29,2;4,49;3,52
4;StudentAttendanceSystem;state;2646;27;51;11;61;100;0,5;0,6;0;0,13;30,2;30,2;1,37;1,22
4;StudentAttendanceSystem;transition;2646;27;51;17;50;100;0,45;1,25;0;0,21;31,2;31,2;2,16;1,92
4;StudentAttendanceSystem;pair;2646;27;51;48;264;100;0,46;0,32;2,74;0,47;32,2;32,2;4,9;3,99
4;StudentAttendanceSystem;state;2647;24;44;9;48;100;0,44;0,48;0;0,09;33,2;33,2;1,16;1,01
4;StudentAttendanceSystem;transition;2647;24;44;16;43;100;0,4;1,08;0;0,2;34,2;34,2;1,86;1,68
4;StudentAttendanceSystem;pair;2647;24;44;38;206;100;0,43;0,24;1,59;0,33;35,2;35,2;3,37;2,58
4;StudentAttendanceSystem;state;2648;24;44;9;48;100;0,42;0,47;0;0,1;36,2;36,2;1,13;1
4;StudentAttendanceSystem;transition;2648;24;44;15;43;100;0,39;0,95;0;0,17;36,2;36,2;1,72;1,51
4;StudentAttendanceSystem;pair;2648;24;44;41;228;100;0,38;0,23;1,42;0,36;38,2;38,2;3,11;2,39
4;StudentAttendanceSystem;state;2649;27;52;11;59;100;0,46;0,55;0;0,14;38,2;39,2;1,29;1,15
4;StudentAttendanceSystem;transition;2649;27;52;18;51;100;0,45;1,1;0;0,23;39,2;39,2;1,98;1,78
4;StudentAttendanceSystem;pair;2649;27;52;52;290;100;0,49;0,35;2,42;0,55;41,2;41,2;4,7;3,81
4;StudentAttendanceSystem;state;2650;24;43;9;48;100;0,5;0,5;0;0,09;42,2;42,2;1,25;1,09
4;StudentAttendanceSystem;transition;2650;24;43;14;42;100;0,38;1,03;0;0,19;42,2;43,2;1,8;1,6
4;StudentAttendanceSystem;pair;2650;24;43;38;213;100;0,37;0,26;1,56;0,39;44,2;44,2;3,37;2,58
4;StudentAttendanceSystem;state;2651;24;45;10;55;100;0,5;0,48;0;0,1;44,2;44,2;1,22;1,08
4;StudentAttendanceSystem;transition;2651;24;45;14;45;100;0,38;1,1;0;0,14;45,2;45,2;1,79;1,62
4;StudentAttendanceSystem;pair;2651;24;45;41;229;100;0,38;0,22;1,5;0,37;46,2;47,2;3,29;2,46
4;StudentAttendanceSystem;state;2652;28;53;12;66;100;0,51;0,47;0;0,14;47,2;47,2;1,28;1,12
4;StudentAttendanceSystem;transition;2652;28;53;18;52;100;0,45;1,29;0;0,23;48,2;48,2;2,19;1,98
4;StudentAttendanceSystem;pair;2652;28;53;51;281;100;0,46;0,34;2,48;0,47;50,2;50,2;4,73;3,74
4;StudentAttendanceSystem;state;2653;23;43;8;43;100;0,44;0,5;0;0,09;50,2;51,2;1,18;1,03
4;StudentAttendanceSystem;transition;2653;23;43;16;42;100;0,4;0,96;0;0,17;51,2;51,2;1,72;1,54
4;StudentAttendanceSystem;pair;2653;23;43;38;208;100;0,38;0,24;1,62;0,35;52,2;53,2;3,32;2,59
4;StudentAttendanceSystem;state;2654;23;44;9;48;100;0,43;0,51;0;0,1;53,2;53,2;1,17;1,04
4;StudentAttendanceSystem;transition;2654;23;44;14;44;100;0,41;1,05;0;0,17;54,2;54,2;1,82;1,63
4;StudentAttendanceSystem;pair;2654;23;44;42;242;100;0,39;0,26;1,73;0,38;55,2;55,2;3,64;2,76
4;StudentAttendanceSystem;state;2655;28;57;13;69;100;0,52;0,57;0;0,12;56,2;56,2;1,33;1,2
4;StudentAttendanceSystem;transition;2655;28;57;20;57;100;0,43;1,19;0;0,21;57,2;57,2;2,04;1,83
4;StudentAttendanceSystem;pair;2655;28;57;56;310;100;0,45;0,35;2,57;0,52;58,2;59,2;4,89;3,89
4;StudentAttendanceSystem;state;2656;22;41;9;47;100;0,42;0,44;0;0,1;59,2;59,2;1,1;0,96
4;StudentAttendanceSystem;transition;2656;22;41;14;41;100;0,49;0,81;0;0,14;60,2;60,2;1,59;1,44
4;StudentAttendanceSystem;pair;2656;22;41;41;223;100;0,38;0,21;1,77;0,38;61,2;62,2;3,44;2,74
4;StudentAttendanceSystem;state;2657;26;52;11;61;100;0,46;0,52;0;0,1;62,2;62,2;1,21;1,08
4;StudentAttendanceSystem;transition;2657;26;52;17;52;100;0,42;1,07;0;0,18;63,2;63,2;1,84;1,67
4;StudentAttendanceSystem;pair;2657;26;52;51;287;100;0,42;0,3;1,81;0,48;64,2;65,2;3,85;3,02
4;StudentAttendanceSystem;state;2658;26;51;12;63;100;0,41;0,49;0;0,09;65,2;65,2;1,11;0,99
4;StudentAttendanceSystem;transition;2658;26;51;18;51;100;0,49;0,88;0;0,15;66,2;66,2;1,71;1,53
4;StudentAttendanceSystem;pair;2658;26;51;49;263;100;0,37;0,24;1,29;0,29;68,2;68,2;2,78;2,19
4;StudentAttendanceSystem;state;2659;28;55;11;62;100;0,28;0,41;0;0,08;69,2;69,2;0,88;0,77
4;StudentAttendanceSystem;transition;2659;28;55;19;54;100;0,36;0,98;0;0,19;69,2;70,2;1,66;1,52
4;StudentAttendanceSystem;pair;2659;28;55;49;279;100;0,37;0,26;1,46;0,38;71,2;71,2;3,2;2,47
4;StudentAttendanceSystem;state;2660;24;45;10;55;100;0,37;0,42;0;0,08;72,2;72,2;0,99;0,87
4;StudentAttendanceSystem;transition;2660;24;45;14;45;100;0,34;0,66;0;0,09;73,2;73,2;1,2;1,09
4;StudentAttendanceSystem;pair;2660;24;45;41;229;100;0,22;0,14;1,09;0,34;74,2;74,2;2,3;1,8
4;StudentAttendanceSystem;state;2661;25;46;10;53;100;0,24;0,28;0;0,05;75,2;75,2;0,71;0,58
4;StudentAttendanceSystem;transition;2661;25;46;16;45;100;0,22;0,64;0;0,1;75,2;75,2;1,05;0,95
4;StudentAttendanceSystem;pair;2661;25;46;45;247;100;0,24;0,16;1,09;0,25;77,2;77,2;2,29;1,74
4;StudentAttendanceSystem;state;2662;27;52;11;59;100;0,26;0,31;0;0,06;78,2;78,2;0,7;0,63
4;StudentAttendanceSystem;transition;2662;27;52;18;51;100;0,24;0,76;0;0,11;78,2;79,2;1,23;1,11
4;StudentAttendanceSystem;pair;2662;27;52;52;290;100;0,28;0,19;1,39;0,25;80,2;80,2;2,6;2,1
4;StudentAttendanceSystem;state;2663;29;56;12;67;100;0,46;0,48;0;0,13;81,2;81,2;1,19;1,07
4;StudentAttendanceSystem;transition;2663;29;56;18;55;100;0,4;1;0;0,17;82,2;82,2;1,71;1,57
4;StudentAttendanceSystem;pair;2663;29;56;52;300;100;0,4;0,26;1,89;0,45;83,2;84,2;3,83;3
4;StudentAttendanceSystem;state;2664;26;49;10;54;100;0,4;0,65;0;0,11;84,2;84,2;1,3;1,15
4;StudentAttendanceSystem;transition;2664;26;49;16;48;100;0,37;1,03;0;0,2;85,2;85,2;1,78;1,59
4;StudentAttendanceSystem;pair;2664;26;49;46;266;100;0,43;0,27;1,71;0,36;86,2;87,2;3,56;2,77
