RunID;SPL Name;Product Index;Coverage Budget Source;Operator;Total Mutants;Equivalent Count;Action Budget;Max Steps Per Case;Seed Count;Aborted Walks Total;Killed Min;Killed P25;Killed Median;Killed P75;Killed Max;Mutation Score Min(%);Mutation Score P25(%);Mutation Score Median(%);Mutation Score P75(%);Mutation Score Max(%)
1;Tesla;1;state;TransitionMissing;29;0;37;58;100;0;25;27;28;28;29;86,21;93,1;96,55;96,55;100
1;Tesla;1;state;ActionExchange;33;0;37;58;100;0;31;31;32;32;33;93,94;93,94;96,97;96,97;100
1;Tesla;1;state;StateMissing;26;0;37;58;100;0;24;25;26;26;26;92,31;96,15;100;100;100
1;Tesla;1;state;TransitionDestinationExchange;33;1;37;58;100;0;26;28;30;30;32;81,25;87,5;93,75;93,75;100
1;Tesla;1;transition;TransitionMissing;29;0;77;58;100;0;26;28;29;29;29;89,66;96,55;100;100;100
1;Tesla;1;transition;ActionExchange;33;0;77;58;100;0;31;32;33;33;33;93,94;96,97;100;100;100
1;Tesla;1;transition;StateMissing;26;0;77;58;100;0;25;26;26;26;26;96,15;100;100;100;100
1;Tesla;1;transition;TransitionDestinationExchange;33;1;77;58;100;0;27;30;32;32;32;84,38;93,75;100;100;100
1;Tesla;1;pair;TransitionMissing;29;0;53;58;100;0;25;27;28;29;29;86,21;93,1;96,55;100;100
1;Tesla;1;pair;ActionExchange;33;0;53;58;100;0;31;32;32;33;33;93,94;96,97;96,97;100;100
1;Tesla;1;pair;StateMissing;26;0;53;58;100;0;24;26;26;26;26;92,31;100;100;100;100
1;Tesla;1;pair;TransitionDestinationExchange;33;1;53;58;100;0;26;29;30;32;32;81,25;90,62;93,75;100;100
1;Tesla;2;state;TransitionMissing;43;0;66;86;100;0;29;32;33;34;37;67,44;74,42;76,74;79,07;86,05
1;Tesla;2;state;ActionExchange;81;0;66;86;100;0;42;54;58;62;69;51,85;66,67;71,6;76,54;85,19
1;Tesla;2;state;StateMissing;30;0;66;86;100;0;26;28;28;29;30;86,67;93,33;93,33;96,67;100
1;Tesla;2;state;TransitionDestinationExchange;81;11;66;86;100;0;34;41;44;47;54;48,57;58,57;62,86;67,14;77,14
1;Tesla;2;transition;TransitionMissing;43;0;241;86;100;0;35;37;38;39;41;81,4;86,05;88,37;90,7;95,35
1;Tesla;2;transition;ActionExchange;81;0;241;86;100;0;61;68;73;76;80;75,31;83,95;90,12;93,83;98,77
1;Tesla;2;transition;StateMissing;30;0;241;86;100;0;29;30;30;30;30;96,67;100;100;100;100
1;Tesla;2;transition;TransitionDestinationExchange;81;11;241;86;100;0;47;53;56;59;64;67,14;75,71;80;84,29;91,43
1;Tesla;2;pair;TransitionMissing;43;0;379;86;100;0;36;39;40;41;42;83,72;90,7;93,02;95,35;97,67
1;Tesla;2;pair;ActionExchange;81;0;379;86;100;0;63;73;76;78;81;77,78;90,12;93,83;96,3;100
1;Tesla;2;pair;StateMissing;30;0;379;86;100;0;29;30;30;30;30;96,67;100;100;100;100
1;Tesla;2;pair;TransitionDestinationExchange;81;11;379;86;100;0;50;59;61;63;68;71,43;84,29;87,14;90;97,14
1;Tesla;3;state;TransitionMissing;29;0;34;58;100;0;25;27;27;28;29;86,21;93,1;93,1;96,55;100
1;Tesla;3;state;ActionExchange;33;0;34;58;100;0;31;31;32;32;33;93,94;93,94;96,97;96,97;100
1;Tesla;3;state;StateMissing;26;0;34;58;100;0;24;25;26;26;26;92,31;96,15;100;100;100
1;Tesla;3;state;TransitionDestinationExchange;33;1;34;58;100;0;26;28;29;30;32;81,25;87,5;90,62;93,75;100
1;Tesla;3;transition;TransitionMissing;29;0;77;58;100;0;26;28;29;29;29;89,66;96,55;100;100;100
1;Tesla;3;transition;ActionExchange;33;0;77;58;100;0;31;32;33;33;33;93,94;96,97;100;100;100
1;Tesla;3;transition;StateMissing;26;0;77;58;100;0;25;26;26;26;26;96,15;100;100;100;100
1;Tesla;3;transition;TransitionDestinationExchange;33;1;77;58;100;0;27;30;32;32;32;84,38;93,75;100;100;100
1;Tesla;3;pair;TransitionMissing;29;0;78;58;100;0;26;29;29;29;29;89,66;100;100;100;100
1;Tesla;3;pair;ActionExchange;33;0;78;58;100;0;31;33;33;33;33;93,94;100;100;100;100
1;Tesla;3;pair;StateMissing;26;0;78;58;100;0;25;26;26;26;26;96,15;100;100;100;100
1;Tesla;3;pair;TransitionDestinationExchange;33;1;78;58;100;0;27;32;32;32;32;84,38;100;100;100;100
1;Tesla;4;state;TransitionMissing;41;0;40;82;100;0;26;29;30;30;33;63,41;70,73;73,17;73,17;80,49
1;Tesla;4;state;ActionExchange;77;0;40;82;100;0;37;45;49;51;59;48,05;58,44;63,64;66,23;76,62
1;Tesla;4;state;StateMissing;29;0;40;82;100;0;25;26;27;28;29;86,21;89,66;93,1;96,55;100
1;Tesla;4;state;TransitionDestinationExchange;77;11;40;82;100;0;27;34;36;39;45;40,91;51,52;54,55;59,09;68,18
1;Tesla;4;transition;TransitionMissing;41;0;240;82;100;0;33;35;37;37;39;80,49;85,37;90,24;90,24;95,12
1;Tesla;4;transition;ActionExchange;77;0;240;82;100;0;57;66;69;71;75;74,03;85,71;89,61;92,21;97,4
1;Tesla;4;transition;StateMissing;29;0;240;82;100;0;28;29;29;29;29;96,55;100;100;100;100
1;Tesla;4;transition;TransitionDestinationExchange;77;11;240;82;100;0;43;49;53;55;60;65,15;74,24;80,3;83,33;90,91
1;Tesla;4;pair;TransitionMissing;41;0;378;82;100;0;34;37;38;39;41;82,93;90,24;92,68;95,12;100
1;Tesla;4;pair;ActionExchange;77;0;378;82;100;0;60;70;72;75;77;77,92;90,91;93,51;97,4;100
1;Tesla;4;pair;StateMissing;29;0;378;82;100;0;28;29;29;29;29;96,55;100;100;100;100
1;Tesla;4;pair;TransitionDestinationExchange;77;11;378;82;100;0;48;54;56;59;66;72,73;81,82;84,85;89,39;100
1;Tesla;5;state;TransitionMissing;36;0;64;72;100;0;27;29;31;32;33;75;80,56;86,11;88,89;91,67
1;Tesla;5;state;ActionExchange;55;0;64;72;100;0;36;43;46;50;51;65,45;78,18;83,64;90,91;92,73
1;Tesla;5;state;StateMissing;28;0;64;72;100;0;25;26;27;28;28;89,29;92,86;96,43;100;100
1;Tesla;5;state;TransitionDestinationExchange;55;5;64;72;100;0;30;35;38;41;44;60;70;76;82;88
1;Tesla;5;transition;TransitionMissing;36;0;184;72;100;0;29;33;34;34;36;80,56;91,67;94,44;94,44;100
1;Tesla;5;transition;ActionExchange;55;0;184;72;100;0;41;51;52;54;55;74,55;92,73;94,55;98,18;100
1;Tesla;5;transition;StateMissing;28;0;184;72;100;0;26;28;28;28;28;92,86;100;100;100;100
1;Tesla;5;transition;TransitionDestinationExchange;55;5;184;72;100;0;34;42;44;45;49;68;84;88;90;98
1;Tesla;5;pair;TransitionMissing;36;0;214;72;100;0;29;33;34;35;36;80,56;91,67;94,44;97,22;100
1;Tesla;5;pair;ActionExchange;55;0;214;72;100;0;41;51;53;54;55;74,55;92,73;96,36;98,18;100
1;Tesla;5;pair;StateMissing;28;0;214;72;100;0;26;28;28;28;28;92,86;100;100;100;100
1;Tesla;5;pair;TransitionDestinationExchange;55;5;214;72;100;0;34;43;45;47;50;68;86;90;94;100
1;Tesla;6;state;TransitionMissing;34;0;88;68;100;0;27;29;29;30;32;79,41;85,29;85,29;88,24;94,12
1;Tesla;6;state;ActionExchange;51;0;88;68;100;0;37;41;44;46;50;72,55;80,39;86,27;90,2;98,04
1;Tesla;6;state;StateMissing;27;0;88;68;100;0;25;26;26;27;27;92,59;96,3;96,3;100;100
1;Tesla;6;state;TransitionDestinationExchange;51;5;88;68;100;0;30;34;35;37;41;65,22;73,91;76,09;80,43;89,13
1;Tesla;6;transition;TransitionMissing;34;0;158;68;100;0;27;31;31;32;33;79,41;91,18;91,18;94,12;97,06
1;Tesla;6;transition;ActionExchange;51;0;158;68;100;0;37;46;48;49;51;72,55;90,2;94,12;96,08;100
1;Tesla;6;transition;StateMissing;27;0;158;68;100;0;25;27;27;27;27;92,59;100;100;100;100
1;Tesla;6;transition;TransitionDestinationExchange;51;5;158;68;100;0;30;37;39;41;44;65,22;80,43;84,78;89,13;95,65
1;Tesla;6;pair;TransitionMissing;34;0;213;68;100;0;29;31;32;33;34;85,29;91,18;94,12;97,06;100
1;Tesla;6;pair;ActionExchange;51;0;213;68;100;0;41;47;49;50;51;80,39;92,16;96,08;98,04;100
1;Tesla;6;pair;StateMissing;27;0;213;68;100;0;26;27;27;27;27;96,3;100;100;100;100
1;Tesla;6;pair;TransitionDestinationExchange;51;5;213;68;100;0;34;39;41;43;45;73,91;84,78;89,13;93,48;97,83
1;Tesla;7;state;TransitionMissing;29;0;37;58;100;0;25;27;28;28;29;86,21;93,1;96,55;96,55;100
1;Tesla;7;state;ActionExchange;33;0;37;58;100;0;31;32;32;32;33;93,94;96,97;96,97;96,97;100
1;Tesla;7;state;StateMissing;26;0;37;58;100;0;24;25;26;26;26;92,31;96,15;100;100;100
1;Tesla;7;state;TransitionDestinationExchange;33;1;37;58;100;0;26;29;30;30;32;81,25;90,62;93,75;93,75;100
1;Tesla;7;transition;TransitionMissing;29;0;77;58;100;0;26;28;29;29;29;89,66;96,55;100;100;100
1;Tesla;7;transition;ActionExchange;33;0;77;58;100;0;31;32;33;33;33;93,94;96,97;100;100;100
1;Tesla;7;transition;StateMissing;26;0;77;58;100;0;25;26;26;26;26;96,15;100;100;100;100
1;Tesla;7;transition;TransitionDestinationExchange;33;1;77;58;100;0;27;30;32;32;32;84,38;93,75;100;100;100
1;Tesla;7;pair;TransitionMissing;29;0;53;58;100;0;26;27;28;29;29;89,66;93,1;96,55;100;100
1;Tesla;7;pair;ActionExchange;33;0;53;58;100;0;31;32;32;33;33;93,94;96,97;96,97;100;100
1;Tesla;7;pair;StateMissing;26;0;53;58;100;0;25;26;26;26;26;96,15;100;100;100;100
1;Tesla;7;pair;TransitionDestinationExchange;33;1;53;58;100;0;27;29;30;32;32;84,38;90,62;93,75;100;100
1;Tesla;8;state;TransitionMissing;36;0;64;72;100;0;27;29;30;31;33;75;80,56;83,33;86,11;91,67
1;Tesla;8;state;ActionExchange;55;0;64;72;100;0;38;43;45;49;52;69,09;78,18;81,82;89,09;94,55
1;Tesla;8;state;StateMissing;28;0;64;72;100;0;25;26;27;28;28;89,29;92,86;96,43;100;100
1;Tesla;8;state;TransitionDestinationExchange;55;5;64;72;100;0;31;35;38;39;44;62;70;76;78;88
1;Tesla;8;transition;TransitionMissing;36;0;184;72;100;0;29;33;34;34;35;80,56;91,67;94,44;94,44;97,22
1;Tesla;8;transition;ActionExchange;55;0;184;72;100;0;41;51;52;53;55;74,55;92,73;94,55;96,36;100
1;Tesla;8;transition;StateMissing;28;0;184;72;100;0;26;28;28;28;28;92,86;100;100;100;100
1;Tesla;8;transition;TransitionDestinationExchange;55;5;184;72;100;0;34;42;44;45;49;68;84;88;90;98
1;Tesla;8;pair;TransitionMissing;36;0;214;72;100;0;29;33;34;34;36;80,56;91,67;94,44;94,44;100
1;Tesla;8;pair;ActionExchange;55;0;214;72;100;0;41;52;53;54;55;74,55;94,55;96,36;98,18;100
1;Tesla;8;pair;StateMissing;28;0;214;72;100;0;26;28;28;28;28;92,86;100;100;100;100
1;Tesla;8;pair;TransitionDestinationExchange;55;5;214;72;100;0;34;44;45;46;49;68;88;90;92;98
1;Tesla;9;state;TransitionMissing;39;0;64;78;100;0;25;28;29;30;32;64,1;71,79;74,36;76,92;82,05
1;Tesla;9;state;ActionExchange;73;0;64;78;100;0;37;45;50;54;59;50,68;61,64;68,49;73,97;80,82
1;Tesla;9;state;StateMissing;28;0;64;78;100;0;24;26;27;27;28;85,71;92,86;96,43;96,43;100
1;Tesla;9;state;TransitionDestinationExchange;73;11;64;78;100;0;28;34;36;39;44;45,16;54,84;58,06;62,9;70,97
1;Tesla;9;transition;TransitionMissing;39;0;239;78;100;0;30;34;34;35;38;76,92;87,18;87,18;89,74;97,44
1;Tesla;9;transition;ActionExchange;73;0;239;78;100;0;50;62;64;67;72;68,49;84,93;87,67;91,78;98,63
1;Tesla;9;transition;StateMissing;28;0;239;78;100;0;26;28;28;28;28;92,86;100;100;100;100
1;Tesla;9;transition;TransitionDestinationExchange;73;11;239;78;100;0;39;46;49;51;57;62,9;74,19;79,03;82,26;91,94
1;Tesla;9;pair;TransitionMissing;39;0;377;78;100;0;32;35;36;37;39;82,05;89,74;92,31;94,87;100
1;Tesla;9;pair;ActionExchange;73;0;377;78;100;0;57;66;68;71;73;78,08;90,41;93,15;97,26;100
1;Tesla;9;pair;StateMissing;28;0;377;78;100;0;27;28;28;28;28;96,43;100;100;100;100
1;Tesla;9;pair;TransitionDestinationExchange;73;11;377;78;100;0;44;51;53;56;62;70,97;82,26;85,48;90,32;100
1;Tesla;10;state;TransitionMissing;34;0;64;68;100;0;28;30;31;33;33;82,35;88,24;91,18;97,06;97,06
1;Tesla;10;state;ActionExchange;45;0;64;68;100;0;37;41;43;44;45;82,22;91,11;95,56;97,78;100
1;Tesla;10;state;StateMissing;28;0;64;68;100;0;26;27;28;28;28;92,86;96,43;100;100;100
1;Tesla;10;state;TransitionDestinationExchange;45;2;64;68;100;0;32;36;38;41;42;74,42;83,72;88,37;95,35;97,67
1;Tesla;10;transition;TransitionMissing;34;0;131;68;100;0;30;32;33;33;34;88,24;94,12;97,06;97,06;100
1;Tesla;10;transition;ActionExchange;45;0;131;68;100;0;40;44;44;45;45;88,89;97,78;97,78;100;100
1;Tesla;10;transition;StateMissing;28;0;131;68;100;0;27;28;28;28;28;96,43;100;100;100;100
1;Tesla;10;transition;TransitionDestinationExchange;45;2;131;68;100;0;35;39;41;42;43;81,4;90,7;95,35;97,67;100
1;Tesla;10;pair;TransitionMissing;34;0;107;68;100;0;30;32;33;33;34;88,24;94,12;97,06;97,06;100
1;Tesla;10;pair;ActionExchange;45;0;107;68;100;0;40;43;44;45;45;88,89;95,56;97,78;100;100
1;Tesla;10;pair;StateMissing;28;0;107;68;100;0;27;28;28;28;28;96,43;100;100;100;100
1;Tesla;10;pair;TransitionDestinationExchange;45;2;107;68;100;0;35;38;41;41;43;81,4;88,37;95,35;95,35;100
1;Tesla;11;state;TransitionMissing;36;0;64;72;100;0;25;30;31;32;32;69,44;83,33;86,11;88,89;88,89
1;Tesla;11;state;ActionExchange;55;0;64;72;100;0;36;43;46;50;52;65,45;78,18;83,64;90,91;94,55
1;Tesla;11;state;StateMissing;28;0;64;72;100;0;24;27;27;28;28;85,71;96,43;96,43;100;100
1;Tesla;11;state;TransitionDestinationExchange;55;5;64;72;100;0;28;35;38;40;44;56;70;76;80;88
1;Tesla;11;transition;TransitionMissing;36;0;184;72;100;0;31;33;34;34;36;86,11;91,67;94,44;94,44;100
1;Tesla;11;transition;ActionExchange;55;0;184;72;100;0;43;51;53;54;55;78,18;92,73;96,36;98,18;100
1;Tesla;11;transition;StateMissing;28;0;184;72;100;0;27;28;28;28;28;96,43;100;100;100;100
1;Tesla;11;transition;TransitionDestinationExchange;55;5;184;72;100;0;36;42;44;45;49;72;84;88;90;98
1;Tesla;11;pair;TransitionMissing;36;0;214;72;100;0;31;33;34;35;36;86,11;91,67;94,44;97,22;100
1;Tesla;11;pair;ActionExchange;55;0;214;72;100;0;43;51;53;54;55;78,18;92,73;96,36;98,18;100
1;Tesla;11;pair;StateMissing;28;0;214;72;100;0;27;28;28;28;28;96,43;100;100;100;100
1;Tesla;11;pair;TransitionDestinationExchange;55;5;214;72;100;0;36;44;45;47;50;72;88;90;94;100
1;Tesla;12;state;TransitionMissing;36;0;64;72;100;0;27;29;30;31;33;75;80,56;83,33;86,11;91,67
1;Tesla;12;state;ActionExchange;55;0;64;72;100;0;38;43;45;49;52;69,09;78,18;81,82;89,09;94,55
1;Tesla;12;state;StateMissing;28;0;64;72;100;0;25;26;27;28;28;89,29;92,86;96,43;100;100
1;Tesla;12;state;TransitionDestinationExchange;55;5;64;72;100;0;31;35;38;39;44;62;70;76;78;88
1;Tesla;12;transition;TransitionMissing;36;0;184;72;100;0;29;33;34;34;35;80,56;91,67;94,44;94,44;97,22
1;Tesla;12;transition;ActionExchange;55;0;184;72;100;0;41;51;52;53;55;74,55;92,73;94,55;96,36;100
1;Tesla;12;transition;StateMissing;28;0;184;72;100;0;26;28;28;28;28;92,86;100;100;100;100
1;Tesla;12;transition;TransitionDestinationExchange;55;5;184;72;100;0;34;42;44;45;49;68;84;88;90;98
1;Tesla;12;pair;TransitionMissing;36;0;214;72;100;0;29;33;34;34;36;80,56;91,67;94,44;94,44;100
1;Tesla;12;pair;ActionExchange;55;0;214;72;100;0;41;52;53;54;55;74,55;94,55;96,36;98,18;100
1;Tesla;12;pair;StateMissing;28;0;214;72;100;0;26;28;28;28;28;92,86;100;100;100;100
1;Tesla;12;pair;TransitionDestinationExchange;55;5;214;72;100;0;34;44;45;46;49;68;88;90;92;98
1;Tesla;13;state;TransitionMissing;43;0;66;86;100;0;27;32;33;34;37;62,79;74,42;76,74;79,07;86,05
1;Tesla;13;state;ActionExchange;81;0;66;86;100;0;47;54;57;61;69;58,02;66,67;70,37;75,31;85,19
1;Tesla;13;state;StateMissing;30;0;66;86;100;0;25;28;29;29;30;83,33;93,33;96,67;96,67;100
1;Tesla;13;state;TransitionDestinationExchange;81;11;66;86;100;0;33;42;43;46;52;47,14;60;61,43;65,71;74,29
1;Tesla;13;transition;TransitionMissing;43;0;266;86;100;0;35;37;39;39;42;81,4;86,05;90,7;90,7;97,67
1;Tesla;13;transition;ActionExchange;81;0;266;86;100;0;61;70;74;76;80;75,31;86,42;91,36;93,83;98,77
1;Tesla;13;transition;StateMissing;30;0;266;86;100;0;29;30;30;30;30;96,67;100;100;100;100
1;Tesla;13;transition;TransitionDestinationExchange;81;11;266;86;100;0;47;54;57;59;64;67,14;77,14;81,43;84,29;91,43
1;Tesla;13;pair;TransitionMissing;43;0;379;86;100;0;36;39;40;41;43;83,72;90,7;93,02;95,35;100
1;Tesla;13;pair;ActionExchange;81;0;379;86;100;0;61;73;75;79;81;75,31;90,12;92,59;97,53;100
1;Tesla;13;pair;StateMissing;30;0;379;86;100;0;29;30;30;30;30;96,67;100;100;100;100
1;Tesla;13;pair;TransitionDestinationExchange;81;11;379;86;100;0;49;58;60;63;68;70;82,86;85,71;90;97,14
1;Tesla;14;state;TransitionMissing;41;0;65;82;100;0;27;30;31;32;34;65,85;73,17;75,61;78,05;82,93
1;Tesla;14;state;ActionExchange;77;0;65;82;100;0;42;49;53;56;63;54,55;63,64;68,83;72,73;81,82
1;Tesla;14;state;StateMissing;29;0;65;82;100;0;25;27;27;28;29;86,21;93,1;93,1;96,55;100
1;Tesla;14;state;TransitionDestinationExchange;77;11;65;82;100;0;32;37;40;43;50;48,48;56,06;60,61;65,15;75,76
1;Tesla;14;transition;TransitionMissing;41;0;240;82;100;0;31;35;36;37;40;75,61;85,37;87,8;90,24;97,56
1;Tesla;14;transition;ActionExchange;77;0;240;82;100;0;51;65;68;71;76;66,23;84,42;88,31;92,21;98,7
1;Tesla;14;transition;StateMissing;29;0;240;82;100;0;27;29;29;29;29;93,1;100;100;100;100
1;Tesla;14;transition;TransitionDestinationExchange;77;11;240;82;100;0;39;49;52;55;61;59,09;74,24;78,79;83,33;92,42
1;Tesla;14;pair;TransitionMissing;41;0;378;82;100;0;34;37;38;39;41;82,93;90,24;92,68;95,12;100
1;Tesla;14;pair;ActionExchange;77;0;378;82;100;0;59;70;73;74;77;76,62;90,91;94,81;96,1;100
1;Tesla;14;pair;StateMissing;29;0;378;82;100;0;28;29;29;29;29;96,55;100;100;100;100
1;Tesla;14;pair;TransitionDestinationExchange;77;11;378;82;100;0;46;55;57;59;65;69,7;83,33;86,36;89,39;98,48
1;Tesla;15;state;TransitionMissing;30;0;62;60;100;0;25;27;28;29;29;83,33;90;93,33;96,67;96,67
1;Tesla;15;state;ActionExchange;37;0;62;60;100;0;30;34;36;36;37;81,08;91,89;97,3;97,3;100
1;Tesla;15;state;StateMissing;26;0;62;60;100;0;24;25;26;26;26;92,31;96,15;100;100;100
1;Tesla;15;state;TransitionDestinationExchange;37;2;62;60;100;0;26;30;31;33;34;74,29;85,71;88,57;94,29;97,14
1;Tesla;15;transition;TransitionMissing;30;0;104;60;100;0;27;28;29;29;30;90;93,33;96,67;96,67;100
1;Tesla;15;transition;ActionExchange;37;0;104;60;100;0;33;36;36;37;37;89,19;97,3;97,3;100;100
1;Tesla;15;transition;StateMissing;26;0;104;60;100;0;25;26;26;26;26;96,15;100;100;100;100
1;Tesla;15;transition;TransitionDestinationExchange;37;2;104;60;100;0;29;31;33;33;35;82,86;88,57;94,29;94,29;100
1;Tesla;15;pair;TransitionMissing;30;0;105;60;100;0;27;28;29;29;30;90;93,33;96,67;96,67;100
1;Tesla;15;pair;ActionExchange;37;0;105;60;100;0;33;36;36;37;37;89,19;97,3;97,3;100;100
1;Tesla;15;pair;StateMissing;26;0;105;60;100;0;25;26;26;26;26;96,15;100;100;100;100
1;Tesla;15;pair;TransitionDestinationExchange;37;2;105;60;100;0;29;32;33;33;35;82,86;91,43;94,29;94,29;100
1;Tesla;16;state;TransitionMissing;41;0;65;82;100;0;26;30;31;32;35;63,41;73,17;75,61;78,05;85,37
1;Tesla;16;state;ActionExchange;77;0;65;82;100;0;40;50;55;56;64;51,95;64,94;71,43;72,73;83,12
1;Tesla;16;state;StateMissing;29;0;65;82;100;0;25;27;28;28;29;86,21;93,1;96,55;96,55;100
1;Tesla;16;state;TransitionDestinationExchange;77;11;65;82;100;0;30;38;40;42;49;45,45;57,58;60,61;63,64;74,24
1;Tesla;16;transition;TransitionMissing;41;0;265;82;100;0;33;36;37;38;39;80,49;87,8;90,24;92,68;95,12
1;Tesla;16;transition;ActionExchange;77;0;265;82;100;0;54;67;70;72;76;70,13;87,01;90,91;93,51;98,7
1;Tesla;16;transition;StateMissing;29;0;265;82;100;0;28;29;29;29;29;96,55;100;100;100;100
1;Tesla;16;transition;TransitionDestinationExchange;77;11;265;82;100;0;40;51;54;56;62;60,61;77,27;81,82;84,85;93,94
1;Tesla;16;pair;TransitionMissing;41;0;378;82;100;0;34;37;38;39;41;82,93;90,24;92,68;95,12;100
1;Tesla;16;pair;ActionExchange;77;0;378;82;100;0;59;70;73;75;77;76,62;90,91;94,81;97,4;100
1;Tesla;16;pair;StateMissing;29;0;378;82;100;0;28;29;29;29;29;96,55;100;100;100;100
1;Tesla;16;pair;TransitionDestinationExchange;77;11;378;82;100;0;46;55;58;59;64;69,7;83,33;87,88;89,39;96,97
1;Tesla;17;state;TransitionMissing;34;0;39;68;100;0;25;29;30;30;32;73,53;85,29;88,24;88,24;94,12
1;Tesla;17;state;ActionExchange;45;0;39;68;100;0;36;39;41;42;43;80;86,67;91,11;93,33;95,56
1;Tesla;17;state;StateMissing;28;0;39;68;100;0;24;26;27;27;28;85,71;92,86;96,43;96,43;100
1;Tesla;17;state;TransitionDestinationExchange;45;2;39;68;100;0;28;34;35;36;39;65,12;79,07;81,4;83,72;90,7
1;Tesla;17;transition;TransitionMissing;34;0;106;68;100;0;29;31;32;33;34;85,29;91,18;94,12;97,06;100
1;Tesla;17;transition;ActionExchange;45;0;106;68;100;0;39;42;44;45;45;86,67;93,33;97,78;100;100
1;Tesla;17;transition;StateMissing;28;0;106;68;100;0;26;27;28;28;28;92,86;96,43;100;100;100
1;Tesla;17;transition;TransitionDestinationExchange;45;2;106;68;100;0;34;37;39;41;43;79,07;86,05;90,7;95,35;100
1;Tesla;17;pair;TransitionMissing;34;0;107;68;100;0;29;31;32;33;34;85,29;91,18;94,12;97,06;100
1;Tesla;17;pair;ActionExchange;45;0;107;68;100;0;39;42;44;45;45;86,67;93,33;97,78;100;100
1;Tesla;17;pair;StateMissing;28;0;107;68;100;0;26;27;28;28;28;92,86;96,43;100;100;100
1;Tesla;17;pair;TransitionDestinationExchange;45;2;107;68;100;0;34;37;40;41;43;79,07;86,05;93,02;95,35;100
1;Tesla;18;state;TransitionMissing;56;0;93;112;100;0;29;34;35;37;40;51,79;60,71;62,5;66,07;71,43
1;Tesla;18;state;ActionExchange;157;0;93;112;100;0;55;73;81;89;103;35,03;46,5;51,59;56,69;65,61
1;Tesla;18;state;StateMissing;32;0;93;112;100;0;26;29;30;31;32;81,25;90,62;93,75;96,88;100
1;Tesla;18;state;TransitionDestinationExchange;157;36;93;112;100;0;38;49;54;58;67;31,4;40,5;44,63;47,93;55,37
1;Tesla;18;transition;TransitionMissing;56;0;432;112;100;0;40;44;46;47;50;71,43;78,57;82,14;83,93;89,29
1;Tesla;18;transition;ActionExchange;157;0;432;112;100;0;95;117;125;131;145;60,51;74,52;79,62;83,44;92,36
1;Tesla;18;transition;StateMissing;32;0;432;112;100;0;31;32;32;32;32;96,88;100;100;100;100
1;Tesla;18;transition;TransitionDestinationExchange;157;36;432;112;100;0;63;78;83;86;99;52,07;64,46;68,6;71,07;81,82
1;Tesla;18;pair;TransitionMissing;56;0;960;112;100;0;45;50;51;52;55;80,36;89,29;91,07;92,86;98,21
1;Tesla;18;pair;ActionExchange;157;0;960;112;100;0;114;138;142;147;157;72,61;87,9;90,45;93,63;100
1;Tesla;18;pair;StateMissing;32;0;960;112;100;0;31;32;32;32;32;96,88;100;100;100;100
1;Tesla;18;pair;TransitionDestinationExchange;157;36;960;112;100;0;77;94;100;103;115;63,64;77,69;82,64;85,12;95,04
1;Tesla;19;state;TransitionMissing;48;0;91;96;100;0;29;33;34;35;39;60,42;68,75;70,83;72,92;81,25
1;Tesla;19;state;ActionExchange;113;0;91;96;100;0;51;65;70;77;89;45,13;57,52;61,95;68,14;78,76
1;Tesla;19;state;StateMissing;30;0;91;96;100;0;26;28;29;29;30;86,67;93,33;96,67;96,67;100
1;Tesla;19;state;TransitionDestinationExchange;113;17;91;96;100;0;37;46;50;53;61;38,54;47,92;52,08;55,21;63,54
1;Tesla;19;transition;TransitionMissing;48;0;323;96;100;0;37;40;41;42;44;77,08;83,33;85,42;87,5;91,67
1;Tesla;19;transition;ActionExchange;113;0;323;96;100;0;77;91;96;99;107;68,14;80,53;84,96;87,61;94,69
1;Tesla;19;transition;StateMissing;30;0;323;96;100;0;29;30;30;30;30;96,67;100;100;100;100
1;Tesla;19;transition;TransitionDestinationExchange;113;17;323;96;100;0;57;65;70;72;81;59,38;67,71;72,92;75;84,38
1;Tesla;19;pair;TransitionMissing;48;0;685;96;100;0;40;43;44;45;48;83,33;89,58;91,67;93,75;100
1;Tesla;19;pair;ActionExchange;113;0;685;96;100;0;83;102;105;109;113;73,45;90,27;92,92;96,46;100
1;Tesla;19;pair;StateMissing;30;0;685;96;100;0;29;30;30;30;30;96,67;100;100;100;100
1;Tesla;19;pair;TransitionDestinationExchange;113;17;685;96;100;0;62;76;80;84;92;64,58;79,17;83,33;87,5;95,83
1;Tesla;20;state;TransitionMissing;32;0;35;64;100;0;25;28;29;29;30;78,12;87,5;90,62;90,62;93,75
1;Tesla;20;state;ActionExchange;41;0;35;64;100;0;33;36;38;39;40;80,49;87,8;92,68;95,12;97,56
1;Tesla;20;state;StateMissing;27;0;35;64;100;0;24;26;26;27;27;88,89;96,3;96,3;100;100
1;Tesla;20;state;TransitionDestinationExchange;41;2;35;64;100;0;27;31;33;34;36;69,23;79,49;84,62;87,18;92,31
1;Tesla;20;transition;TransitionMissing;32;0;130;64;100;0;29;31;31;31;32;90,62;96,88;96,88;96,88;100
1;Tesla;20;transition;ActionExchange;41;0;130;64;100;0;37;40;40;41;41;90,24;97,56;97,56;100;100
1;Tesla;20;transition;StateMissing;27;0;130;64;100;0;26;27;27;27;27;96,3;100;100;100;100
1;Tesla;20;transition;TransitionDestinationExchange;41;2;130;64;100;0;32;36;37;37;39;82,05;92,31;94,87;94,87;100
1;Tesla;20;pair;TransitionMissing;32;0;106;64;100;0;28;30;31;31;32;87,5;93,75;96,88;96,88;100
1;Tesla;20;pair;ActionExchange;41;0;106;64;100;0;34;40;40;41;41;82,93;97,56;97,56;100;100
1;Tesla;20;pair;StateMissing;27;0;106;64;100;0;26;27;27;27;27;96,3;100;100;100;100
1;Tesla;20;pair;TransitionDestinationExchange;41;2;106;64;100;0;30;34;37;37;39;76,92;87,18;94,87;94,87;100
1;Tesla;21;state;TransitionMissing;32;0;38;64;100;0;25;28;28;29;30;78,12;87,5;87,5;90,62;93,75
1;Tesla;21;state;ActionExchange;41;0;38;64;100;0;33;36;38;39;40;80,49;87,8;92,68;95,12;97,56
1;Tesla;21;state;StateMissing;27;0;38;64;100;0;24;26;26;27;27;88,89;96,3;96,3;100;100
1;Tesla;21;state;TransitionDestinationExchange;41;2;38;64;100;0;27;31;33;34;36;69,23;79,49;84,62;87,18;92,31
1;Tesla;21;transition;TransitionMissing;32;0;105;64;100;0;28;30;31;31;32;87,5;93,75;96,88;96,88;100
1;Tesla;21;transition;ActionExchange;41;0;105;64;100;0;34;39;40;41;41;82,93;95,12;97,56;100;100
1;Tesla;21;transition;StateMissing;27;0;105;64;100;0;26;27;27;27;27;96,3;100;100;100;100
1;Tesla;21;transition;TransitionDestinationExchange;41;2;105;64;100;0;30;34;37;37;39;76,92;87,18;94,87;94,87;100
1;Tesla;21;pair;TransitionMissing;32;0;106;64;100;0;28;30;31;31;32;87,5;93,75;96,88;96,88;100
1;Tesla;21;pair;ActionExchange;41;0;106;64;100;0;34;40;40;41;41;82,93;97,56;97,56;100;100
1;Tesla;21;pair;StateMissing;27;0;106;64;100;0;26;27;27;27;27;96,3;100;100;100;100
1;Tesla;21;pair;TransitionDestinationExchange;41;2;106;64;100;0;30;34;37;37;39;76,92;87,18;94,87;94,87;100
1;Tesla;22;state;TransitionMissing;36;0;39;72;100;0;25;28;29;30;32;69,44;77,78;80,56;83,33;88,89
1;Tesla;22;state;ActionExchange;55;0;39;72;100;0;35;41;43;46;49;63,64;74,55;78,18;83,64;89,09
1;Tesla;22;state;StateMissing;28;0;39;72;100;0;24;26;27;27;28;85,71;92,86;96,43;96,43;100
1;Tesla;22;state;TransitionDestinationExchange;55;5;39;72;100;0;27;33;35;37;41;54;66;70;74;82
1;Tesla;22;transition;TransitionMissing;36;0;184;72;100;0;30;33;34;34;36;83,33;91,67;94,44;94,44;100
1;Tesla;22;transition;ActionExchange;55;0;184;72;100;0;43;51;52;54;55;78,18;92,73;94,55;98,18;100
1;Tesla;22;transition;StateMissing;28;0;184;72;100;0;27;28;28;28;28;96,43;100;100;100;100
1;Tesla;22;transition;TransitionDestinationExchange;55;5;184;72;100;0;34;42;44;46;50;68;84;88;92;100
1;Tesla;22;pair;TransitionMissing;36;0;214;72;100;0;31;33;34;35;36;86,11;91,67;94,44;97,22;100
1;Tesla;22;pair;ActionExchange;55;0;214;72;100;0;45;51;53;54;55;81,82;92,73;96,36;98,18;100
1;Tesla;22;pair;StateMissing;28;0;214;72;100;0;27;28;28;28;28;96,43;100;100;100;100
1;Tesla;22;pair;TransitionDestinationExchange;55;5;214;72;100;0;38;44;45;47;50;76;88;90;94;100
1;Tesla;23;state;TransitionMissing;32;0;38;64;100;0;25;27;28;29;30;78,12;84,38;87,5;90,62;93,75
1;Tesla;23;state;ActionExchange;41;0;38;64;100;0;33;35;37;39;40;80,49;85,37;90,24;95,12;97,56
1;Tesla;23;state;StateMissing;27;0;38;64;100;0;24;26;26;27;27;88,89;96,3;96,3;100;100
1;Tesla;23;state;TransitionDestinationExchange;41;2;38;64;100;0;27;30;32;33;36;69,23;76,92;82,05;84,62;92,31
1;Tesla;23;transition;TransitionMissing;32;0;105;64;100;0;28;30;31;31;32;87,5;93,75;96,88;96,88;100
1;Tesla;23;transition;ActionExchange;41;0;105;64;100;0;34;39;40;41;41;82,93;95,12;97,56;100;100
1;Tesla;23;transition;StateMissing;27;0;105;64;100;0;26;27;27;27;27;96,3;100;100;100;100
1;Tesla;23;transition;TransitionDestinationExchange;41;2;105;64;100;0;30;34;37;37;39;76,92;87,18;94,87;94,87;100
1;Tesla;23;pair;TransitionMissing;32;0;106;64;100;0;28;30;31;31;32;87,5;93,75;96,88;96,88;100
1;Tesla;23;pair;ActionExchange;41;0;106;64;100;0;34;39;40;41;41;82,93;95,12;97,56;100;100
1;Tesla;23;pair;StateMissing;27;0;106;64;100;0;26;27;27;27;27;96,3;100;100;100;100
1;Tesla;23;pair;TransitionDestinationExchange;41;2;106;64;100;0;30;34;37;37;39;76,92;87,18;94,87;94,87;100
1;Tesla;24;state;TransitionMissing;62;0;68;124;100;0;29;31;33;34;36;46,77;50;53,23;54,84;58,06
1;Tesla;24;state;ActionExchange;211;0;68;124;100;0;51;70;76;84;105;24,17;33,18;36,02;39,81;49,76
1;Tesla;24;state;StateMissing;32;0;68;124;100;0;26;28;28;29;31;81,25;87,5;87,5;90,62;96,88
1;Tesla;24;state;TransitionDestinationExchange;211;57;68;124;100;0;32;44;48;52;62;20,78;28,57;31,17;33,77;40,26
1;Tesla;24;transition;TransitionMissing;62;0;541;124;100;0;40;47;48;50;54;64,52;75,81;77,42;80,65;87,1
1;Tesla;24;transition;ActionExchange;211;0;541;124;100;0;101;148;156;164;194;47,87;70,14;73,93;77,73;91,94
1;Tesla;24;transition;StateMissing;32;0;541;124;100;0;30;32;32;32;32;93,75;100;100;100;100
1;Tesla;24;transition;TransitionDestinationExchange;211;57;541;124;100;0;63;89;95;100;113;40,91;57,79;61,69;64,94;73,38
1;Tesla;24;pair;TransitionMissing;62;0;1405;124;100;0;51;55;57;58;60;82,26;88,71;91,94;93,55;96,77
1;Tesla;24;pair;ActionExchange;211;0;1405;124;100;0;169;187;191;198;209;80,09;88,63;90,52;93,84;99,05
1;Tesla;24;pair;StateMissing;32;0;1405;124;100;0;32;32;32;32;32;100;100;100;100;100
1;Tesla;24;pair;TransitionDestinationExchange;211;57;1405;124;100;0;99;117;123;127;140;64,29;75,97;79,87;82,47;90,91
1;Tesla;25;state;TransitionMissing;38;0;40;76;100;0;26;29;30;31;34;68,42;76,32;78,95;81,58;89,47
1;Tesla;25;state;ActionExchange;59;0;40;76;100;0;39;44;46;48;52;66,1;74,58;77,97;81,36;88,14
1;Tesla;25;state;StateMissing;29;0;40;76;100;0;25;27;27;28;29;86,21;93,1;93,1;96,55;100
1;Tesla;25;state;TransitionDestinationExchange;59;5;40;76;100;0;30;35;37;39;44;55,56;64,81;68,52;72,22;81,48
1;Tesla;25;transition;TransitionMissing;38;0;210;76;100;0;32;35;36;36;38;84,21;92,11;94,74;94,74;100
1;Tesla;25;transition;ActionExchange;59;0;210;76;100;0;49;55;57;58;59;83,05;93,22;96,61;98,31;100
1;Tesla;25;transition;StateMissing;29;0;210;76;100;0;28;29;29;29;29;96,55;100;100;100;100
1;Tesla;25;transition;TransitionDestinationExchange;59;5;210;76;100;0;42;46;49;50;53;77,78;85,19;90,74;92,59;98,15
1;Tesla;25;pair;TransitionMissing;38;0;215;76;100;0;32;35;36;36;38;84,21;92,11;94,74;94,74;100
1;Tesla;25;pair;ActionExchange;59;0;215;76;100;0;49;55;57;58;59;83,05;93,22;96,61;98,31;100
1;Tesla;25;pair;StateMissing;29;0;215;76;100;0;28;29;29;29;29;96,55;100;100;100;100
1;Tesla;25;pair;TransitionDestinationExchange;59;5;215;76;100;0;42;46;49;50;53;77,78;85,19;90,74;92,59;98,15
1;Tesla;26;state;TransitionMissing;32;0;38;64;100;0;25;27;29;30;30;78,12;84,38;90,62;93,75;93,75
1;Tesla;26;state;ActionExchange;41;0;38;64;100;0;33;36;38;39;40;80,49;87,8;92,68;95,12;97,56
1;Tesla;26;state;StateMissing;27;0;38;64;100;0;24;25;26;27;27;88,89;92,59;96,3;100;100
1;Tesla;26;state;TransitionDestinationExchange;41;2;38;64;100;0;27;31;33;34;36;69,23;79,49;84,62;87,18;92,31
1;Tesla;26;transition;TransitionMissing;32;0;105;64;100;0;28;30;31;31;32;87,5;93,75;96,88;96,88;100
1;Tesla;26;transition;ActionExchange;41;0;105;64;100;0;34;39;40;41;41;82,93;95,12;97,56;100;100
1;Tesla;26;transition;StateMissing;27;0;105;64;100;0;26;27;27;27;27;96,3;100;100;100;100
1;Tesla;26;transition;TransitionDestinationExchange;41;2;105;64;100;0;30;34;37;37;39;76,92;87,18;94,87;94,87;100
1;Tesla;26;pair;TransitionMissing;32;0;106;64;100;0;28;30;31;31;32;87,5;93,75;96,88;96,88;100
1;Tesla;26;pair;ActionExchange;41;0;106;64;100;0;34;40;40;41;41;82,93;97,56;97,56;100;100
1;Tesla;26;pair;StateMissing;27;0;106;64;100;0;26;27;27;27;27;96,3;100;100;100;100
1;Tesla;26;pair;TransitionDestinationExchange;41;2;106;64;100;0;30;35;37;37;39;76,92;89,74;94,87;94,87;100
1;Tesla;27;state;TransitionMissing;38;0;40;76;100;0;26;29;30;31;34;68,42;76,32;78,95;81,58;89,47
1;Tesla;27;state;ActionExchange;59;0;40;76;100;0;38;44;46;48;53;64,41;74,58;77,97;81,36;89,83
1;Tesla;27;state;StateMissing;29;0;40;76;100;0;25;26;27;28;29;86,21;89,66;93,1;96,55;100
1;Tesla;27;state;TransitionDestinationExchange;59;5;40;76;100;0;29;35;36;39;45;53,7;64,81;66,67;72,22;83,33
1;Tesla;27;transition;TransitionMissing;38;0;160;76;100;0;31;34;35;36;37;81,58;89,47;92,11;94,74;97,37
1;Tesla;27;transition;ActionExchange;59;0;160;76;100;0;45;54;56;57;59;76,27;91,53;94,92;96,61;100
1;Tesla;27;transition;StateMissing;29;0;160;76;100;0;27;28;29;29;29;93,1;96,55;100;100;100
1;Tesla;27;transition;TransitionDestinationExchange;59;5;160;76;100;0;38;45;47;49;53;70,37;83,33;87,04;90,74;98,15
1;Tesla;27;pair;TransitionMissing;38;0;240;76;100;0;33;36;36;37;38;86,84;94,74;94,74;97,37;100
1;Tesla;27;pair;ActionExchange;59;0;240;76;100;0;49;55;57;58;59;83,05;93,22;96,61;98,31;100
1;Tesla;27;pair;StateMissing;29;0;240;76;100;0;28;29;29;29;29;96,55;100;100;100;100
1;Tesla;27;pair;TransitionDestinationExchange;59;5;240;76;100;0;42;48;49;51;54;77,78;88,89;90,74;94,44;100
1;Tesla;28;state;TransitionMissing;49;0;67;98;100;0;28;32;33;34;38;57,14;65,31;67,35;69,39;77,55
1;Tesla;28;state;ActionExchange;113;0;67;98;100;0;48;58;64;69;83;42,48;51,33;56,64;61,06;73,45
1;Tesla;28;state;StateMissing;31;0;67;98;100;0;26;28;29;29;31;83,87;90,32;93,55;93,55;100
1;Tesla;28;state;TransitionDestinationExchange;113;21;67;98;100;0;34;42;46;49;57;36,96;45,65;50;53,26;61,96
1;Tesla;28;transition;TransitionMissing;49;0;323;98;100;0;37;41;42;43;45;75,51;83,67;85,71;87,76;91,84
1;Tesla;28;transition;ActionExchange;113;0;323;98;100;0;75;91;94;99;106;66,37;80,53;83,19;87,61;93,81
1;Tesla;28;transition;StateMissing;31;0;323;98;100;0;30;31;31;31;31;96,77;100;100;100;100
1;Tesla;28;transition;TransitionDestinationExchange;113;21;323;98;100;0;52;64;68;72;80;56,52;69,57;73,91;78,26;86,96
1;Tesla;28;pair;TransitionMissing;49;0;627;98;100;0;40;44;45;46;49;81,63;89,8;91,84;93,88;100
1;Tesla;28;pair;ActionExchange;113;0;627;98;100;0;87;101;103;107;113;76,99;89,38;91,15;94,69;100
1;Tesla;28;pair;StateMissing;31;0;627;98;100;0;30;31;31;31;31;96,77;100;100;100;100
1;Tesla;28;pair;TransitionDestinationExchange;113;21;627;98;100;0;61;74;77;80;87;66,3;80,43;83,7;86,96;94,57
1;Tesla;29;state;TransitionMissing;39;0;64;78;100;0;25;28;29;30;32;64,1;71,79;74,36;76,92;82,05
1;Tesla;29;state;ActionExchange;73;0;64;78;100;0;37;45;49;52;59;50,68;61,64;67,12;71,23;80,82
1;Tesla;29;state;StateMissing;28;0;64;78;100;0;24;26;27;27;28;85,71;92,86;96,43;96,43;100
1;Tesla;29;state;TransitionDestinationExchange;73;11;64;78;100;0;28;34;36;39;45;45,16;54,84;58,06;62,9;72,58
1;Tesla;29;transition;TransitionMissing;39;0;239;78;100;0;29;34;35;36;37;74,36;87,18;89,74;92,31;94,87
1;Tesla;29;transition;ActionExchange;73;0;239;78;100;0;46;63;65;67;72;63,01;86,3;89,04;91,78;98,63
1;Tesla;29;transition;StateMissing;28;0;239;78;100;0;26;28;28;28;28;92,86;100;100;100;100
1;Tesla;29;transition;TransitionDestinationExchange;73;11;239;78;100;0;35;47;50;52;58;56,45;75,81;80,65;83,87;93,55
1;Tesla;29;pair;TransitionMissing;39;0;377;78;100;0;32;35;36;37;39;82,05;89,74;92,31;94,87;100
1;Tesla;29;pair;ActionExchange;73;0;377;78;100;0;53;65;69;71;73;72,6;89,04;94,52;97,26;100
1;Tesla;29;pair;StateMissing;28;0;377;78;100;0;27;28;28;28;28;96,43;100;100;100;100
1;Tesla;29;pair;TransitionDestinationExchange;73;11;377;78;100;0;41;50;53;56;60;66,13;80,65;85,48;90,32;96,77
1;Tesla;30;state;TransitionMissing;36;0;39;72;100;0;25;28;29;30;32;69,44;77,78;80,56;83,33;88,89
1;Tesla;30;state;ActionExchange;55;0;39;72;100;0;35;40;42;46;48;63,64;72,73;76,36;83,64;87,27
1;Tesla;30;state;StateMissing;28;0;39;72;100;0;24;26;26;27;28;85,71;92,86;92,86;96,43;100
1;Tesla;30;state;TransitionDestinationExchange;55;5;39;72;100;0;27;32;34;36;40;54;64;68;72;80
1;Tesla;30;transition;TransitionMissing;36;0;184;72;100;0;29;33;34;34;36;80,56;91,67;94,44;94,44;100
1;Tesla;30;transition;ActionExchange;55;0;184;72;100;0;41;51;53;54;55;74,55;92,73;96,36;98,18;100
1;Tesla;30;transition;StateMissing;28;0;184;72;100;0;26;28;28;28;28;92,86;100;100;100;100
1;Tesla;30;transition;TransitionDestinationExchange;55;5;184;72;100;0;34;42;44;45;49;68;84;88;90;98
1;Tesla;30;pair;TransitionMissing;36;0;239;72;100;0;31;33;34;35;36;86,11;91,67;94,44;97,22;100
1;Tesla;30;pair;ActionExchange;55;0;239;72;100;0;45;52;53;54;55;81,82;94,55;96,36;98,18;100
1;Tesla;30;pair;StateMissing;28;0;239;72;100;0;27;28;28;28;28;96,43;100;100;100;100
1;Tesla;30;pair;TransitionDestinationExchange;55;5;239;72;100;0;39;43;45;47;50;78;86;90;94;100
1;Tesla;31;state;TransitionMissing;34;0;64;68;100;0;26;31;31;32;33;76,47;91,18;91,18;94,12;97,06
1;Tesla;31;state;ActionExchange;45;0;64;68;100;0;37;41;43;44;45;82,22;91,11;95,56;97,78;100
1;Tesla;31;state;StateMissing;28;0;64;68;100;0;25;27;28;28;28;89,29;96,43;100;100;100
1;Tesla;31;state;TransitionDestinationExchange;45;2;64;68;100;0;29;37;38;40;42;67,44;86,05;88,37;93,02;97,67
1;Tesla;31;transition;TransitionMissing;34;0;131;68;100;0;28;32;33;33;34;82,35;94,12;97,06;97,06;100
1;Tesla;31;transition;ActionExchange;45;0;131;68;100;0;38;44;44;45;45;84,44;97,78;97,78;100;100
1;Tesla;31;transition;StateMissing;28;0;131;68;100;0;26;28;28;28;28;92,86;100;100;100;100
1;Tesla;31;transition;TransitionDestinationExchange;45;2;131;68;100;0;32;38;41;41;43;74,42;88,37;95,35;95,35;100
1;Tesla;31;pair;TransitionMissing;34;0;107;68;100;0;28;31;33;33;34;82,35;91,18;97,06;97,06;100
1;Tesla;31;pair;ActionExchange;45;0;107;68;100;0;38;43;44;45;45;84,44;95,56;97,78;100;100
1;Tesla;31;pair;StateMissing;28;0;107;68;100;0;26;28;28;28;28;92,86;100;100;100;100
1;Tesla;31;pair;TransitionDestinationExchange;45;2;107;68;100;0;32;38;40;41;43;74,42;88,37;93,02;95,35;100
1;Tesla;32;state;TransitionMissing;64;0;94;128;100;0;29;35;36;38;40;45,31;54,69;56,25;59,38;62,5
1;Tesla;32;state;ActionExchange;215;0;94;128;100;0;60;84;91;103;123;27,91;39,07;42,33;47,91;57,21
1;Tesla;32;state;StateMissing;33;0;94;128;100;0;26;29;30;31;33;78,79;87,88;90,91;93,94;100
1;Tesla;32;state;TransitionDestinationExchange;215;57;94;128;100;0;39;53;58;63;84;24,68;33,54;36,71;39,87;53,16
1;Tesla;32;transition;TransitionMissing;64;0;567;128;100;0;42;49;51;52;56;65,62;76,56;79,69;81,25;87,5
1;Tesla;32;transition;ActionExchange;215;0;567;128;100;0;126;154;162;172;194;58,6;71,63;75,35;80;90,23
1;Tesla;32;transition;StateMissing;33;0;567;128;100;0;31;33;33;33;33;93,94;100;100;100;100
1;Tesla;32;transition;TransitionDestinationExchange;215;57;567;128;100;0;81;95;99;105;127;51,27;60,13;62,66;66,46;80,38
1;Tesla;32;pair;TransitionMissing;64;0;1406;128;100;0;54;57;58;60;63;84,38;89,06;90,62;93,75;98,44
1;Tesla;32;pair;ActionExchange;215;0;1406;128;100;0;174;192;197;201;214;80,93;89,3;91,63;93,49;99,53
1;Tesla;32;pair;StateMissing;33;0;1406;128;100;0;33;33;33;33;33;100;100;100;100;100
1;Tesla;32;pair;TransitionDestinationExchange;215;57;1406;128;100;0;107;123;128;133;143;67,72;77,85;81,01;84,18;90,51
1;Tesla;33;state;TransitionMissing;36;0;64;72;100;0;25;30;31;31;33;69,44;83,33;86,11;86,11;91,67
1;Tesla;33;state;ActionExchange;55;0;64;72;100;0;36;43;46;50;52;65,45;78,18;83,64;90,91;94,55
1;Tesla;33;state;StateMissing;28;0;64;72;100;0;24;27;27;28;28;85,71;96,43;96,43;100;100
1;Tesla;33;state;TransitionDestinationExchange;55;5;64;72;100;0;28;35;38;40;44;56;70;76;80;88
1;Tesla;33;transition;TransitionMissing;36;0;184;72;100;0;29;33;33;34;36;80,56;91,67;91,67;94,44;100
1;Tesla;33;transition;ActionExchange;55;0;184;72;100;0;43;50;52;54;55;78,18;90,91;94,55;98,18;100
1;Tesla;33;transition;StateMissing;28;0;184;72;100;0;26;28;28;28;28;92,86;100;100;100;100
1;Tesla;33;transition;TransitionDestinationExchange;55;5;184;72;100;0;36;42;44;45;49;72;84;88;90;98
1;Tesla;33;pair;TransitionMissing;36;0;214;72;100;0;31;33;34;34;36;86,11;91,67;94,44;94,44;100
1;Tesla;33;pair;ActionExchange;55;0;214;72;100;0;45;51;53;54;55;81,82;92,73;96,36;98,18;100
1;Tesla;33;pair;StateMissing;28;0;214;72;100;0;27;28;28;28;28;96,43;100;100;100;100
1;Tesla;33;pair;TransitionDestinationExchange;55;5;214;72;100;0;38;43;45;46;49;76;86;90;92;98
1;Tesla;34;state;TransitionMissing;29;0;34;58;100;0;25;27;27;28;29;86,21;93,1;93,1;96,55;100
1;Tesla;34;state;ActionExchange;33;0;34;58;100;0;31;31;32;32;33;93,94;93,94;96,97;96,97;100
1;Tesla;34;state;StateMissing;26;0;34;58;100;0;24;25;26;26;26;92,31;96,15;100;100;100
1;Tesla;34;state;TransitionDestinationExchange;33;1;34;58;100;0;26;28;29;30;32;81,25;87,5;90,62;93,75;100
1;Tesla;34;transition;TransitionMissing;29;0;77;58;100;0;26;28;29;29;29;89,66;96,55;100;100;100
1;Tesla;34;transition;ActionExchange;33;0;77;58;100;0;31;32;33;33;33;93,94;96,97;100;100;100
1;Tesla;34;transition;StateMissing;26;0;77;58;100;0;25;26;26;26;26;96,15;100;100;100;100
1;Tesla;34;transition;TransitionDestinationExchange;33;1;77;58;100;0;27;30;32;32;32;84,38;93,75;100;100;100
1;Tesla;34;pair;TransitionMissing;29;0;78;58;100;0;26;29;29;29;29;89,66;100;100;100;100
1;Tesla;34;pair;ActionExchange;33;0;78;58;100;0;31;33;33;33;33;93,94;100;100;100;100
1;Tesla;34;pair;StateMissing;26;0;78;58;100;0;25;26;26;26;26;96,15;100;100;100;100
1;Tesla;34;pair;TransitionDestinationExchange;33;1;78;58;100;0;27;32;32;32;32;84,38;100;100;100;100
1;Tesla;35;state;TransitionMissing;36;0;64;72;100;0;25;29;31;32;33;69,44;80,56;86,11;88,89;91,67
1;Tesla;35;state;ActionExchange;55;0;64;72;100;0;36;43;47;50;52;65,45;78,18;85,45;90,91;94,55
1;Tesla;35;state;StateMissing;28;0;64;72;100;0;24;26;27;28;28;85,71;92,86;96,43;100;100
1;Tesla;35;state;TransitionDestinationExchange;55;5;64;72;100;0;28;34;38;40;44;56;68;76;80;88
1;Tesla;35;transition;TransitionMissing;36;0;159;72;100;0;29;33;33;34;35;80,56;91,67;91,67;94,44;97,22
1;Tesla;35;transition;ActionExchange;55;0;159;72;100;0;41;50;52;53;55;74,55;90,91;94,55;96,36;100
1;Tesla;35;transition;StateMissing;28;0;159;72;100;0;26;28;28;28;28;92,86;100;100;100;100
1;Tesla;35;transition;TransitionDestinationExchange;55;5;159;72;100;0;34;41;43;45;49;68;82;86;90;98
1;Tesla;35;pair;TransitionMissing;36;0;214;72;100;0;31;33;34;35;36;86,11;91,67;94,44;97,22;100
1;Tesla;35;pair;ActionExchange;55;0;214;72;100;0;46;52;53;54;55;83,64;94,55;96,36;98,18;100
1;Tesla;35;pair;StateMissing;28;0;214;72;100;0;27;28;28;28;28;96,43;100;100;100;100
1;Tesla;35;pair;TransitionDestinationExchange;55;5;214;72;100;0;38;43;45;46;50;76;86;90;92;100
1;Tesla;36;state;TransitionMissing;34;0;64;68;100;0;28;31;32;32;33;82,35;91,18;94,12;94,12;97,06
1;Tesla;36;state;ActionExchange;45;0;64;68;100;0;37;41;43;44;45;82,22;91,11;95,56;97,78;100
1;Tesla;36;state;StateMissing;28;0;64;68;100;0;26;27;28;28;28;92,86;96,43;100;100;100
1;Tesla;36;state;TransitionDestinationExchange;45;2;64;68;100;0;32;37;38;39;42;74,42;86,05;88,37;90,7;97,67
1;Tesla;36;transition;TransitionMissing;34;0;156;68;100;0;31;33;33;34;34;91,18;97,06;97,06;100;100
1;Tesla;36;transition;ActionExchange;45;0;156;68;100;0;41;44;45;45;45;91,11;97,78;100;100;100
1;Tesla;36;transition;StateMissing;28;0;156;68;100;0;27;28;28;28;28;96,43;100;100;100;100
1;Tesla;36;transition;TransitionDestinationExchange;45;2;156;68;100;0;37;41;41;43;43;86,05;95,35;95,35;100;100
1;Tesla;36;pair;TransitionMissing;34;0;132;68;100;0;30;32;33;34;34;88,24;94,12;97,06;100;100
1;Tesla;36;pair;ActionExchange;45;0;132;68;100;0;40;44;44;45;45;88,89;97,78;97,78;100;100
1;Tesla;36;pair;StateMissing;28;0;132;68;100;0;27;28;28;28;28;96,43;100;100;100;100
1;Tesla;36;pair;TransitionDestinationExchange;45;2;132;68;100;0;35;39;41;43;43;81,4;90,7;95,35;100;100
1;Tesla;37;state;TransitionMissing;41;0;65;82;100;0;28;30;31;32;34;68,29;73,17;75,61;78,05;82,93
1;Tesla;37;state;ActionExchange;77;0;65;82;100;0;45;50;53;57;64;58,44;64,94;68,83;74,03;83,12
1;Tesla;37;state;StateMissing;29;0;65;82;100;0;26;27;28;28;29;89,66;93,1;96,55;96,55;100
1;Tesla;37;state;TransitionDestinationExchange;77;11;65;82;100;0;34;38;40;43;50;51,52;57,58;60,61;65,15;75,76
1;Tesla;37;transition;TransitionMissing;41;0;240;82;100;0;32;35;36;37;40;78,05;85,37;87,8;90,24;97,56
1;Tesla;37;transition;ActionExchange;77;0;240;82;100;0;54;64;68;71;76;70,13;83,12;88,31;92,21;98,7
1;Tesla;37;transition;StateMissing;29;0;240;82;100;0;27;29;29;29;29;93,1;100;100;100;100
1;Tesla;37;transition;TransitionDestinationExchange;77;11;240;82;100;0;41;49;52;55;63;62,12;74,24;78,79;83,33;95,45
1;Tesla;37;pair;TransitionMissing;41;0;378;82;100;0;35;37;38;39;40;85,37;90,24;92,68;95,12;97,56
1;Tesla;37;pair;ActionExchange;77;0;378;82;100;0;61;69;73;74;77;79,22;89,61;94,81;96,1;100
1;Tesla;37;pair;StateMissing;29;0;378;82;100;0;28;29;29;29;29;96,55;100;100;100;100
1;Tesla;37;pair;TransitionDestinationExchange;77;11;378;82;100;0;46;54;57;59;65;69,7;81,82;86,36;89,39;98,48
1;Tesla;38;state;TransitionMissing;47;0;66;94;100;0;27;31;32;32;35;57,45;65,96;68,09;68,09;74,47
1;Tesla;38;state;ActionExchange;109;0;66;94;100;0;44;55;60;65;77;40,37;50,46;55,05;59,63;70,64
1;Tesla;38;state;StateMissing;30;0;66;94;100;0;25;27;28;28;30;83,33;90;93,33;93,33;100
1;Tesla;38;state;TransitionDestinationExchange;109;21;66;94;100;0;33;40;43;46;53;37,5;45,45;48,86;52,27;60,23
1;Tesla;38;transition;TransitionMissing;47;0;322;94;100;0;36;39;40;41;43;76,6;82,98;85,11;87,23;91,49
1;Tesla;38;transition;ActionExchange;109;0;322;94;100;0;73;85;92;95;105;66,97;77,98;84,4;87,16;96,33
1;Tesla;38;transition;StateMissing;30;0;322;94;100;0;29;30;30;30;30;96,67;100;100;100;100
1;Tesla;38;transition;TransitionDestinationExchange;109;21;322;94;100;0;52;60;65;68;77;59,09;68,18;73,86;77,27;87,5
1;Tesla;38;pair;TransitionMissing;47;0;626;94;100;0;39;42;43;44;47;82,98;89,36;91,49;93,62;100
1;Tesla;38;pair;ActionExchange;109;0;626;94;100;0;89;96;100;104;109;81,65;88,07;91,74;95,41;100
1;Tesla;38;pair;StateMissing;30;0;626;94;100;0;30;30;30;30;30;100;100;100;100;100
1;Tesla;38;pair;TransitionDestinationExchange;109;21;626;94;100;0;60;70;73;77;85;68,18;79,55;82,95;87,5;96,59
1;Tesla;39;state;TransitionMissing;54;0;67;108;100;0;27;31;32;34;37;50;57,41;59,26;62,96;68,52
1;Tesla;39;state;ActionExchange;153;0;67;108;100;0;46;64;71;78;96;30,07;41,83;46,41;50,98;62,75
1;Tesla;39;state;StateMissing;31;0;67;108;100;0;25;28;29;29;31;80,65;90,32;93,55;93,55;100
1;Tesla;39;state;TransitionDestinationExchange;153;36;67;108;100;0;32;43;47;51;61;27,35;36,75;40,17;43,59;52,14
1;Tesla;39;transition;TransitionMissing;54;0;431;108;100;0;37;43;44;45;48;68,52;79,63;81,48;83,33;88,89
1;Tesla;39;transition;ActionExchange;153;0;431;108;100;0;89;113;124;128;140;58,17;73,86;81,05;83,66;91,5
1;Tesla;39;transition;StateMissing;31;0;431;108;100;0;29;31;31;31;31;93,55;100;100;100;100
1;Tesla;39;transition;TransitionDestinationExchange;153;36;431;108;100;0;61;72;79;84;96;52,14;61,54;67,52;71,79;82,05
1;Tesla;39;pair;TransitionMissing;54;0;959;108;100;0;44;48;50;50;54;81,48;88,89;92,59;92,59;100
1;Tesla;39;pair;ActionExchange;153;0;959;108;100;0;114;134;140;146;153;74,51;87,58;91,5;95,42;100
1;Tesla;39;pair;StateMissing;31;0;959;108;100;0;31;31;31;31;31;100;100;100;100;100
1;Tesla;39;pair;TransitionDestinationExchange;153;36;959;108;100;0;77;89;96;101;110;65,81;76,07;82,05;86,32;94,02
1;Tesla;40;state;TransitionMissing;43;0;41;86;100;0;26;30;31;32;34;60,47;69,77;72,09;74,42;79,07
1;Tesla;40;state;ActionExchange;81;0;41;86;100;0;40;48;53;55;62;49,38;59,26;65,43;67,9;76,54
1;Tesla;40;state;StateMissing;30;0;41;86;100;0;25;27;28;28;30;83,33;90;93,33;93,33;100
1;Tesla;40;state;TransitionDestinationExchange;81;11;41;86;100;0;28;37;40;43;48;40;52,86;57,14;61,43;68,57
1;Tesla;40;transition;TransitionMissing;43;0;266;86;100;0;35;38;39;40;41;81,4;88,37;90,7;93,02;95,35
1;Tesla;40;transition;ActionExchange;81;0;266;86;100;0;60;71;73;76;80;74,07;87,65;90,12;93,83;98,77
1;Tesla;40;transition;StateMissing;30;0;266;86;100;0;29;30;30;30;30;96,67;100;100;100;100
1;Tesla;40;transition;TransitionDestinationExchange;81;11;266;86;100;0;47;55;57;60;64;67,14;78,57;81,43;85,71;91,43
1;Tesla;40;pair;TransitionMissing;43;0;404;86;100;0;35;39;40;41;42;81,4;90,7;93,02;95,35;97,67
1;Tesla;40;pair;ActionExchange;81;0;404;86;100;0;65;74;77;78;80;80,25;91,36;95,06;96,3;98,77
1;Tesla;40;pair;StateMissing;30;0;404;86;100;0;29;30;30;30;30;96,67;100;100;100;100
1;Tesla;40;pair;TransitionDestinationExchange;81;11;404;86;100;0;50;59;62;64;67;71,43;84,29;88,57;91,43;95,71
1;Tesla;41;state;TransitionMissing;30;0;37;60;100;0;25;27;27;28;28;83,33;90;90;93,33;93,33
1;Tesla;41;state;ActionExchange;37;0;37;60;100;0;30;33;33;35;36;81,08;89,19;89,19;94,59;97,3
1;Tesla;41;state;StateMissing;26;0;37;60;100;0;24;25;25;26;26;92,31;96,15;96,15;100;100
1;Tesla;41;state;TransitionDestinationExchange;37;2;37;60;100;0;26;29;29;31;32;74,29;82,86;82,86;88,57;91,43
1;Tesla;41;transition;TransitionMissing;30;0;104;60;100;0;26;28;29;29;30;86,67;93,33;96,67;96,67;100
1;Tesla;41;transition;ActionExchange;37;0;104;60;100;0;30;36;36;37;37;81,08;97,3;97,3;100;100
1;Tesla;41;transition;StateMissing;26;0;104;60;100;0;25;26;26;26;26;96,15;100;100;100;100
1;Tesla;41;transition;TransitionDestinationExchange;37;2;104;60;100;0;26;31;33;33;35;74,29;88,57;94,29;94,29;100
1;Tesla;41;pair;TransitionMissing;30;0;105;60;100;0;27;28;29;29;30;90;93,33;96,67;96,67;100
1;Tesla;41;pair;ActionExchange;37;0;105;60;100;0;33;36;36;37;37;89,19;97,3;97,3;100;100
1;Tesla;41;pair;StateMissing;26;0;105;60;100;0;25;26;26;26;26;96,15;100;100;100;100
1;Tesla;41;pair;TransitionDestinationExchange;37;2;105;60;100;0;29;31;33;33;35;82,86;88,57;94,29;94,29;100
1;Tesla;42;state;TransitionMissing;32;0;38;64;100;0;25;28;28;29;30;78,12;87,5;87,5;90,62;93,75
1;Tesla;42;state;ActionExchange;41;0;38;64;100;0;33;36;37;39;40;80,49;87,8;90,24;95,12;97,56
1;Tesla;42;state;StateMissing;27;0;38;64;100;0;24;26;26;27;27;88,89;96,3;96,3;100;100
1;Tesla;42;state;TransitionDestinationExchange;41;2;38;64;100;0;27;30;32;33;36;69,23;76,92;82,05;84,62;92,31
1;Tesla;42;transition;TransitionMissing;32;0;105;64;100;0;28;30;31;31;32;87,5;93,75;96,88;96,88;100
1;Tesla;42;transition;ActionExchange;41;0;105;64;100;0;34;40;40;41;41;82,93;97,56;97,56;100;100
1;Tesla;42;transition;StateMissing;27;0;105;64;100;0;26;27;27;27;27;96,3;100;100;100;100
1;Tesla;42;transition;TransitionDestinationExchange;41;2;105;64;100;0;30;35;37;37;39;76,92;89,74;94,87;94,87;100
1;Tesla;42;pair;TransitionMissing;32;0;106;64;100;0;28;30;31;31;32;87,5;93,75;96,88;96,88;100
1;Tesla;42;pair;ActionExchange;41;0;106;64;100;0;36;40;40;41;41;87,8;97,56;97,56;100;100
1;Tesla;42;pair;StateMissing;27;0;106;64;100;0;26;27;27;27;27;96,3;100;100;100;100
1;Tesla;42;pair;TransitionDestinationExchange;41;2;106;64;100;0;31;36;37;37;39;79,49;92,31;94,87;94,87;100
1;Tesla;43;state;TransitionMissing;34;0;36;68;100;0;26;29;30;31;32;76,47;85,29;88,24;91,18;94,12
1;Tesla;43;state;ActionExchange;45;0;36;68;100;0;36;40;42;43;44;80;88,89;93,33;95,56;97,78
1;Tesla;43;state;StateMissing;28;0;36;68;100;0;25;26;27;27;28;89,29;92,86;96,43;96,43;100
1;Tesla;43;state;TransitionDestinationExchange;45;2;36;68;100;0;29;34;35;37;40;67,44;79,07;81,4;86,05;93,02
1;Tesla;43;transition;TransitionMissing;34;0;131;68;100;0;30;32;33;33;34;88,24;94,12;97,06;97,06;100
1;Tesla;43;transition;ActionExchange;45;0;131;68;100;0;41;44;44;45;45;91,11;97,78;97,78;100;100
1;Tesla;43;transition;StateMissing;28;0;131;68;100;0;27;28;28;28;28;96,43;100;100;100;100
1;Tesla;43;transition;TransitionDestinationExchange;45;2;131;68;100;0;35;40;41;41;43;81,4;93,02;95,35;95,35;100
1;Tesla;43;pair;TransitionMissing;34;0;107;68;100;0;29;31;33;33;34;85,29;91,18;97,06;97,06;100
1;Tesla;43;pair;ActionExchange;45;0;107;68;100;0;38;43;44;44;45;84,44;95,56;97,78;97,78;100
1;Tesla;43;pair;StateMissing;28;0;107;68;100;0;26;27;28;28;28;92,86;96,43;100;100;100
1;Tesla;43;pair;TransitionDestinationExchange;45;2;107;68;100;0;34;38;40;41;43;79,07;88,37;93,02;95,35;100
1;Tesla;44;state;TransitionMissing;41;0;65;82;100;0;26;30;31;32;34;63,41;73,17;75,61;78,05;82,93
1;Tesla;44;state;ActionExchange;77;0;65;82;100;0;37;49;53;59;66;48,05;63,64;68,83;76,62;85,71
1;Tesla;44;state;StateMissing;29;0;65;82;100;0;25;27;28;28;29;86,21;93,1;96,55;96,55;100
1;Tesla;44;state;TransitionDestinationExchange;77;11;65;82;100;0;27;37;40;43;52;40,91;56,06;60,61;65,15;78,79
1;Tesla;44;transition;TransitionMissing;41;0;240;82;100;0;33;35;36;37;38;80,49;85,37;87,8;90,24;92,68
1;Tesla;44;transition;ActionExchange;77;0;240;82;100;0;57;65;68;71;75;74,03;84,42;88,31;92,21;97,4
1;Tesla;44;transition;StateMissing;29;0;240;82;100;0;28;29;29;29;29;96,55;100;100;100;100
1;Tesla;44;transition;TransitionDestinationExchange;77;11;240;82;100;0;44;50;52;54;60;66,67;75,76;78,79;81,82;90,91
1;Tesla;44;pair;TransitionMissing;41;0;378;82;100;0;34;37;38;39;41;82,93;90,24;92,68;95,12;100
1;Tesla;44;pair;ActionExchange;77;0;378;82;100;0;59;70;72;74;77;76,62;90,91;93,51;96,1;100
1;Tesla;44;pair;StateMissing;29;0;378;82;100;0;28;29;29;29;29;96,55;100;100;100;100
1;Tesla;44;pair;TransitionDestinationExchange;77;11;378;82;100;0;46;54;56;59;65;69,7;81,82;84,85;89,39;98,48
1;Tesla;45;state;TransitionMissing;41;0;65;82;100;0;26;30;31;32;34;63,41;73,17;75,61;78,05;82,93
1;Tesla;45;state;ActionExchange;77;0;65;82;100;0;37;49;53;56;64;48,05;63,64;68,83;72,73;83,12
1;Tesla;45;state;StateMissing;29;0;65;82;100;0;25;27;27;28;29;86,21;93,1;93,1;96,55;100
1;Tesla;45;state;TransitionDestinationExchange;77;11;65;82;100;0;27;37;40;43;49;40,91;56,06;60,61;65,15;74,24
1;Tesla;45;transition;TransitionMissing;41;0;240;82;100;0;32;35;36;38;39;78,05;85,37;87,8;92,68;95,12
1;Tesla;45;transition;ActionExchange;77;0;240;82;100;0;51;66;69;71;76;66,23;85,71;89,61;92,21;98,7
1;Tesla;45;transition;StateMissing;29;0;240;82;100;0;27;29;29;29;29;93,1;100;100;100;100
1;Tesla;45;transition;TransitionDestinationExchange;77;11;240;82;100;0;41;50;53;56;61;62,12;75,76;80,3;84,85;92,42
1;Tesla;45;pair;TransitionMissing;41;0;378;82;100;0;33;37;38;39;41;80,49;90,24;92,68;95,12;100
1;Tesla;45;pair;ActionExchange;77;0;378;82;100;0;58;69;72;74;77;75,32;89,61;93,51;96,1;100
1;Tesla;45;pair;StateMissing;29;0;378;82;100;0;28;29;29;29;29;96,55;100;100;100;100
1;Tesla;45;pair;TransitionDestinationExchange;77;11;378;82;100;0;44;54;57;59;63;66,67;81,82;86,36;89,39;95,45
1;Tesla;46;state;TransitionMissing;32;0;38;64;100;0;25;28;29;29;30;78,12;87,5;90,62;90,62;93,75
1;Tesla;46;state;ActionExchange;41;0;38;64;100;0;33;36;38;39;40;80,49;87,8;92,68;95,12;97,56
1;Tesla;46;state;StateMissing;27;0;38;64;100;0;24;26;26;27;27;88,89;96,3;96,3;100;100
1;Tesla;46;state;TransitionDestinationExchange;41;2;38;64;100;0;27;30;32;34;36;69,23;76,92;82,05;87,18;92,31
1;Tesla;46;transition;TransitionMissing;32;0;130;64;100;0;28;31;31;31;32;87,5;96,88;96,88;96,88;100
1;Tesla;46;transition;ActionExchange;41;0;130;64;100;0;36;40;41;41;41;87,8;97,56;100;100;100
1;Tesla;46;transition;StateMissing;27;0;130;64;100;0;26;27;27;27;27;96,3;100;100;100;100
1;Tesla;46;transition;TransitionDestinationExchange;41;2;130;64;100;0;31;36;37;38;39;79,49;92,31;94,87;97,44;100
1;Tesla;46;pair;TransitionMissing;32;0;106;64;100;0;28;30;31;31;32;87,5;93,75;96,88;96,88;100
1;Tesla;46;pair;ActionExchange;41;0;106;64;100;0;36;40;40;41;41;87,8;97,56;97,56;100;100
1;Tesla;46;pair;StateMissing;27;0;106;64;100;0;26;27;27;27;27;96,3;100;100;100;100
1;Tesla;46;pair;TransitionDestinationExchange;41;2;106;64;100;0;31;36;37;37;39;79,49;92,31;94,87;94,87;100
1;Tesla;47;state;TransitionMissing;30;0;37;60;100;0;25;27;27;28;28;83,33;90;90;93,33;93,33
1;Tesla;47;state;ActionExchange;37;0;37;60;100;0;30;33;33;35;36;81,08;89,19;89,19;94,59;97,3
1;Tesla;47;state;StateMissing;26;0;37;60;100;0;24;25;25;26;26;92,31;96,15;96,15;100;100
1;Tesla;47;state;TransitionDestinationExchange;37;2;37;60;100;0;26;29;29;31;32;74,29;82,86;82,86;88,57;91,43
1;Tesla;47;transition;TransitionMissing;30;0;104;60;100;0;26;28;29;29;30;86,67;93,33;96,67;96,67;100
1;Tesla;47;transition;ActionExchange;37;0;104;60;100;0;30;36;36;37;37;81,08;97,3;97,3;100;100
1;Tesla;47;transition;StateMissing;26;0;104;60;100;0;25;26;26;26;26;96,15;100;100;100;100
1;Tesla;47;transition;TransitionDestinationExchange;37;2;104;60;100;0;26;31;33;33;35;74,29;88,57;94,29;94,29;100
1;Tesla;47;pair;TransitionMissing;30;0;105;60;100;0;27;28;29;29;30;90;93,33;96,67;96,67;100
1;Tesla;47;pair;ActionExchange;37;0;105;60;100;0;33;36;36;37;37;89,19;97,3;97,3;100;100
1;Tesla;47;pair;StateMissing;26;0;105;60;100;0;25;26;26;26;26;96,15;100;100;100;100
1;Tesla;47;pair;TransitionDestinationExchange;37;2;105;60;100;0;29;31;33;33;35;82,86;88,57;94,29;94,29;100
1;Tesla;48;state;TransitionMissing;41;0;90;82;100;0;28;31;33;34;36;68,29;75,61;80,49;82,93;87,8
1;Tesla;48;state;ActionExchange;77;0;90;82;100;0;38;54;57;63;69;49,35;70,13;74,03;81,82;89,61
1;Tesla;48;state;StateMissing;29;0;90;82;100;0;26;27;28;29;29;89,66;93,1;96,55;100;100
1;Tesla;48;state;TransitionDestinationExchange;77;11;90;82;100;0;30;40;44;46;54;45,45;60,61;66,67;69,7;81,82
1;Tesla;48;transition;TransitionMissing;41;0;265;82;100;0;31;36;37;38;41;75,61;87,8;90,24;92,68;100
1;Tesla;48;transition;ActionExchange;77;0;265;82;100;0;50;66;71;73;77;64,94;85,71;92,21;94,81;100
1;Tesla;48;transition;StateMissing;29;0;265;82;100;0;27;29;29;29;29;93,1;100;100;100;100
1;Tesla;48;transition;TransitionDestinationExchange;77;11;265;82;100;0;39;50;55;57;63;59,09;75,76;83,33;86,36;95,45
1;Tesla;48;pair;TransitionMissing;41;0;403;82;100;0;34;37;38;39;41;82,93;90,24;92,68;95,12;100
1;Tesla;48;pair;ActionExchange;77;0;403;82;100;0;59;71;73;75;77;76,62;92,21;94,81;97,4;100
1;Tesla;48;pair;StateMissing;29;0;403;82;100;0;28;29;29;29;29;96,55;100;100;100;100
1;Tesla;48;pair;TransitionDestinationExchange;77;11;403;82;100;0;46;55;58;60;66;69,7;83,33;87,88;90,91;100
1;Tesla;49;state;TransitionMissing;47;0;91;94;100;0;29;32;33;34;38;61,7;68,09;70,21;72,34;80,85
1;Tesla;49;state;ActionExchange;109;0;91;94;100;0;49;61;68;73;86;44,95;55,96;62,39;66,97;78,9
1;Tesla;49;state;StateMissing;30;0;91;94;100;0;26;28;29;29;30;86,67;93,33;96,67;96,67;100
1;Tesla;49;state;TransitionDestinationExchange;109;21;91;94;100;0;36;43;47;50;61;40,91;48,86;53,41;56,82;69,32
1;Tesla;49;transition;TransitionMissing;47;0;322;94;100;0;36;39;40;41;43;76,6;82,98;85,11;87,23;91,49
1;Tesla;49;transition;ActionExchange;109;0;322;94;100;0;74;87;91;95;102;67,89;79,82;83,49;87,16;93,58
1;Tesla;49;transition;StateMissing;30;0;322;94;100;0;29;30;30;30;30;96,67;100;100;100;100
1;Tesla;49;transition;TransitionDestinationExchange;109;21;322;94;100;0;53;60;64;69;73;60,23;68,18;72,73;78,41;82,95
1;Tesla;49;pair;TransitionMissing;47;0;626;94;100;0;39;42;43;44;46;82,98;89,36;91,49;93,62;97,87
1;Tesla;49;pair;ActionExchange;109;0;626;94;100;0;87;97;101;104;109;79,82;88,99;92,66;95,41;100
1;Tesla;49;pair;StateMissing;30;0;626;94;100;0;29;30;30;30;30;96,67;100;100;100;100
1;Tesla;49;pair;TransitionDestinationExchange;109;21;626;94;100;0;59;70;74;77;83;67,05;79,55;84,09;87,5;94,32
1;Tesla;50;state;TransitionMissing;34;0;63;68;100;0;25;28;29;30;31;73,53;82,35;85,29;88,24;91,18
1;Tesla;50;state;ActionExchange;51;0;63;68;100;0;32;40;43;46;48;62,75;78,43;84,31;90,2;94,12
1;Tesla;50;state;StateMissing;27;0;63;68;100;0;24;26;26;27;27;88,89;96,3;96,3;100;100
1;Tesla;50;state;TransitionDestinationExchange;51;5;63;68;100;0;26;32;34;36;40;56,52;69,57;73,91;78,26;86,96
1;Tesla;50;transition;TransitionMissing;34;0;158;68;100;0;27;31;31;32;33;79,41;91,18;91,18;94,12;97,06
1;Tesla;50;transition;ActionExchange;51;0;158;68;100;0;37;47;48;49;51;72,55;92,16;94,12;96,08;100
1;Tesla;50;transition;StateMissing;27;0;158;68;100;0;25;27;27;27;27;92,59;100;100;100;100
1;Tesla;50;transition;TransitionDestinationExchange;51;5;158;68;100;0;30;38;40;41;45;65,22;82,61;86,96;89,13;97,83
1;Tesla;50;pair;TransitionMissing;34;0;213;68;100;0;29;31;32;33;34;85,29;91,18;94,12;97,06;100
1;Tesla;50;pair;ActionExchange;51;0;213;68;100;0;42;47;49;50;51;82,35;92,16;96,08;98,04;100
1;Tesla;50;pair;StateMissing;27;0;213;68;100;0;26;27;27;27;27;96,3;100;100;100;100
1;Tesla;50;pair;TransitionDestinationExchange;51;5;213;68;100;0;34;39;41;43;46;73,91;84,78;89,13;93,48;100
1;Tesla;51;state;TransitionMissing;32;0;38;64;100;0;25;28;28;29;30;78,12;87,5;87,5;90,62;93,75
1;Tesla;51;state;ActionExchange;41;0;38;64;100;0;33;36;38;39;40;80,49;87,8;92,68;95,12;97,56
1;Tesla;51;state;StateMissing;27;0;38;64;100;0;24;26;26;27;27;88,89;96,3;96,3;100;100
1;Tesla;51;state;TransitionDestinationExchange;41;2;38;64;100;0;27;31;33;34;36;69,23;79,49;84,62;87,18;92,31
1;Tesla;51;transition;TransitionMissing;32;0;105;64;100;0;28;30;31;31;32;87,5;93,75;96,88;96,88;100
1;Tesla;51;transition;ActionExchange;41;0;105;64;100;0;34;39;40;41;41;82,93;95,12;97,56;100;100
1;Tesla;51;transition;StateMissing;27;0;105;64;100;0;26;27;27;27;27;96,3;100;100;100;100
1;Tesla;51;transition;TransitionDestinationExchange;41;2;105;64;100;0;30;34;37;37;39;76,92;87,18;94,87;94,87;100
1;Tesla;51;pair;TransitionMissing;32;0;106;64;100;0;28;30;31;31;32;87,5;93,75;96,88;96,88;100
1;Tesla;51;pair;ActionExchange;41;0;106;64;100;0;34;40;40;41;41;82,93;97,56;97,56;100;100
1;Tesla;51;pair;StateMissing;27;0;106;64;100;0;26;27;27;27;27;96,3;100;100;100;100
1;Tesla;51;pair;TransitionDestinationExchange;41;2;106;64;100;0;30;34;37;37;39;76,92;87,18;94,87;94,87;100
1;Tesla;52;state;TransitionMissing;29;0;26;58;100;0;25;26;26;27;29;86,21;89,66;89,66;93,1;100
1;Tesla;52;state;ActionExchange;33;0;26;58;100;0;31;31;31;31;33;93,94;93,94;93,94;93,94;100
1;Tesla;52;state;StateMissing;26;0;26;58;100;0;24;25;25;26;26;92,31;96,15;96,15;100;100
1;Tesla;52;state;TransitionDestinationExchange;33;1;26;58;100;0;26;27;27;28;32;81,25;84,38;84,38;87,5;100
1;Tesla;52;transition;TransitionMissing;29;0;77;58;100;0;26;28;29;29;29;89,66;96,55;100;100;100
1;Tesla;52;transition;ActionExchange;33;0;77;58;100;0;31;32;33;33;33;93,94;96,97;100;100;100
1;Tesla;52;transition;StateMissing;26;0;77;58;100;0;25;26;26;26;26;96,15;100;100;100;100
1;Tesla;52;transition;TransitionDestinationExchange;33;1;77;58;100;0;27;30;32;32;32;84,38;93,75;100;100;100
1;Tesla;52;pair;TransitionMissing;29;0;78;58;100;0;26;28;29;29;29;89,66;96,55;100;100;100
1;Tesla;52;pair;ActionExchange;33;0;78;58;100;0;31;32;33;33;33;93,94;96,97;100;100;100
1;Tesla;52;pair;StateMissing;26;0;78;58;100;0;25;26;26;26;26;96,15;100;100;100;100
1;Tesla;52;pair;TransitionDestinationExchange;33;1;78;58;100;0;27;30;32;32;32;84,38;93,75;100;100;100
1;Tesla;53;state;TransitionMissing;36;0;64;72;100;0;27;29;31;31;33;75;80,56;86,11;86,11;91,67
1;Tesla;53;state;ActionExchange;55;0;64;72;100;0;38;43;45;49;51;69,09;78,18;81,82;89,09;92,73
1;Tesla;53;state;StateMissing;28;0;64;72;100;0;25;27;27;28;28;89,29;96,43;96,43;100;100
1;Tesla;53;state;TransitionDestinationExchange;55;5;64;72;100;0;31;35;38;40;44;62;70;76;80;88
1;Tesla;53;transition;TransitionMissing;36;0;184;72;100;0;29;33;33;34;36;80,56;91,67;91,67;94,44;100
1;Tesla;53;transition;ActionExchange;55;0;184;72;100;0;41;51;52;53;55;74,55;92,73;94,55;96,36;100
1;Tesla;53;transition;StateMissing;28;0;184;72;100;0;26;28;28;28;28;92,86;100;100;100;100
1;Tesla;53;transition;TransitionDestinationExchange;55;5;184;72;100;0;34;42;44;45;49;68;84;88;90;98
1;Tesla;53;pair;TransitionMissing;36;0;214;72;100;0;29;33;34;35;36;80,56;91,67;94,44;97,22;100
1;Tesla;53;pair;ActionExchange;55;0;214;72;100;0;41;51;53;54;55;74,55;92,73;96,36;98,18;100
1;Tesla;53;pair;StateMissing;28;0;214;72;100;0;26;28;28;28;28;92,86;100;100;100;100
1;Tesla;53;pair;TransitionDestinationExchange;55;5;214;72;100;0;34;43;45;47;50;68;86;90;94;100
1;Tesla;54;state;TransitionMissing;41;0;65;82;100;0;26;30;31;32;35;63,41;73,17;75,61;78,05;85,37
1;Tesla;54;state;ActionExchange;77;0;65;82;100;0;38;49;53;56;64;49,35;63,64;68,83;72,73;83,12
1;Tesla;54;state;StateMissing;29;0;65;82;100;0;25;27;27;28;29;86,21;93,1;93,1;96,55;100
1;Tesla;54;state;TransitionDestinationExchange;77;11;65;82;100;0;30;37;39;43;48;45,45;56,06;59,09;65,15;72,73
1;Tesla;54;transition;TransitionMissing;41;0;240;82;100;0;32;35;36;37;40;78,05;85,37;87,8;90,24;97,56
1;Tesla;54;transition;ActionExchange;77;0;240;82;100;0;51;64;68;71;76;66,23;83,12;88,31;92,21;98,7
1;Tesla;54;transition;StateMissing;29;0;240;82;100;0;27;28;29;29;29;93,1;96,55;100;100;100
1;Tesla;54;transition;TransitionDestinationExchange;77;11;240;82;100;0;41;49;52;55;61;62,12;74,24;78,79;83,33;92,42
1;Tesla;54;pair;TransitionMissing;41;0;403;82;100;0;34;37;38;39;41;82,93;90,24;92,68;95,12;100
1;Tesla;54;pair;ActionExchange;77;0;403;82;100;0;57;69;72;74;77;74,03;89,61;93,51;96,1;100
1;Tesla;54;pair;StateMissing;29;0;403;82;100;0;28;29;29;29;29;96,55;100;100;100;100
1;Tesla;54;pair;TransitionDestinationExchange;77;11;403;82;100;0;45;54;57;59;64;68,18;81,82;86,36;89,39;96,97
1;Tesla;55;state;TransitionMissing;38;0;40;76;100;0;26;29;30;31;34;68,42;76,32;78,95;81,58;89,47
1;Tesla;55;state;ActionExchange;59;0;40;76;100;0;38;44;46;48;53;64,41;74,58;77,97;81,36;89,83
1;Tesla;55;state;StateMissing;29;0;40;76;100;0;25;26;27;28;29;86,21;89,66;93,1;96,55;100
1;Tesla;55;state;TransitionDestinationExchange;59;5;40;76;100;0;30;34;36;38;45;55,56;62,96;66,67;70,37;83,33
1;Tesla;55;transition;TransitionMissing;38;0;160;76;100;0;30;34;35;36;37;78,95;89,47;92,11;94,74;97,37
1;Tesla;55;transition;ActionExchange;59;0;160;76;100;0;40;54;55;57;59;67,8;91,53;93,22;96,61;100
1;Tesla;55;transition;StateMissing;29;0;160;76;100;0;27;29;29;29;29;93,1;100;100;100;100
1;Tesla;55;transition;TransitionDestinationExchange;59;5;160;76;100;0;34;44;47;49;52;62,96;81,48;87,04;90,74;96,3
1;Tesla;55;pair;TransitionMissing;38;0;215;76;100;0;32;35;36;36;38;84,21;92,11;94,74;94,74;100
1;Tesla;55;pair;ActionExchange;59;0;215;76;100;0;49;55;57;58;59;83,05;93,22;96,61;98,31;100
1;Tesla;55;pair;StateMissing;29;0;215;76;100;0;27;29;29;29;29;93,1;100;100;100;100
1;Tesla;55;pair;TransitionDestinationExchange;59;5;215;76;100;0;41;46;49;50;54;75,93;85,19;90,74;92,59;100
1;Tesla;56;state;TransitionMissing;39;0;39;78;100;0;25;27;28;29;31;64,1;69,23;71,79;74,36;79,49
1;Tesla;56;state;ActionExchange;73;0;39;78;100;0;34;41;46;47;56;46,58;56,16;63,01;64,38;76,71
1;Tesla;56;state;StateMissing;28;0;39;78;100;0;24;25;26;27;28;85,71;89,29;92,86;96,43;100
1;Tesla;56;state;TransitionDestinationExchange;73;11;39;78;100;0;26;31;34;36;43;41,94;50;54,84;58,06;69,35
1;Tesla;56;transition;TransitionMissing;39;0;239;78;100;0;30;33;34;35;37;76,92;84,62;87,18;89,74;94,87
1;Tesla;56;transition;ActionExchange;73;0;239;78;100;0;47;60;65;67;71;64,38;82,19;89,04;91,78;97,26
1;Tesla;56;transition;StateMissing;28;0;239;78;100;0;26;28;28;28;28;92,86;100;100;100;100
1;Tesla;56;transition;TransitionDestinationExchange;73;11;239;78;100;0;37;45;49;52;57;59,68;72,58;79,03;83,87;91,94
1;Tesla;56;pair;TransitionMissing;39;0;377;78;100;0;32;35;36;37;39;82,05;89,74;92,31;94,87;100
1;Tesla;56;pair;ActionExchange;73;0;377;78;100;0;55;64;68;70;73;75,34;87,67;93,15;95,89;100
1;Tesla;56;pair;StateMissing;28;0;377;78;100;0;27;28;28;28;28;96,43;100;100;100;100
1;Tesla;56;pair;TransitionDestinationExchange;73;11;377;78;100;0;42;49;53;56;61;67,74;79,03;85,48;90,32;98,39
1;Tesla;57;state;TransitionMissing;36;0;64;72;100;0;27;29;31;31;33;75;80,56;86,11;86,11;91,67
1;Tesla;57;state;ActionExchange;55;0;64;72;100;0;36;43;46;49;52;65,45;78,18;83,64;89,09;94,55
1;Tesla;57;state;StateMissing;28;0;64;72;100;0;25;26;27;27;28;89,29;92,86;96,43;96,43;100
1;Tesla;57;state;TransitionDestinationExchange;55;5;64;72;100;0;30;35;38;39;44;60;70;76;78;88
1;Tesla;57;transition;TransitionMissing;36;0;184;72;100;0;29;33;34;34;35;80,56;91,67;94,44;94,44;97,22
1;Tesla;57;transition;ActionExchange;55;0;184;72;100;0;41;51;53;53;55;74,55;92,73;96,36;96,36;100
1;Tesla;57;transition;StateMissing;28;0;184;72;100;0;26;28;28;28;28;92,86;100;100;100;100
1;Tesla;57;transition;TransitionDestinationExchange;55;5;184;72;100;0;34;42;44;45;48;68;84;88;90;96
1;Tesla;57;pair;TransitionMissing;36;0;214;72;100;0;31;33;34;35;36;86,11;91,67;94,44;97,22;100
1;Tesla;57;pair;ActionExchange;55;0;214;72;100;0;43;51;53;54;55;78,18;92,73;96,36;98,18;100
1;Tesla;57;pair;StateMissing;28;0;214;72;100;0;27;28;28;28;28;96,43;100;100;100;100
1;Tesla;57;pair;TransitionDestinationExchange;55;5;214;72;100;0;36;43;45;46;50;72;86;90;92;100
1;Tesla;58;state;TransitionMissing;32;0;38;64;100;0;25;27;29;30;30;78,12;84,38;90,62;93,75;93,75
1;Tesla;58;state;ActionExchange;41;0;38;64;100;0;33;36;38;39;40;80,49;87,8;92,68;95,12;97,56
1;Tesla;58;state;StateMissing;27;0;38;64;100;0;24;25;26;27;27;88,89;92,59;96,3;100;100
1;Tesla;58;state;TransitionDestinationExchange;41;2;38;64;100;0;27;31;33;34;36;69,23;79,49;84,62;87,18;92,31
1;Tesla;58;transition;TransitionMissing;32;0;105;64;100;0;28;30;31;31;32;87,5;93,75;96,88;96,88;100
1;Tesla;58;transition;ActionExchange;41;0;105;64;100;0;34;39;40;41;41;82,93;95,12;97,56;100;100
1;Tesla;58;transition;StateMissing;27;0;105;64;100;0;26;27;27;27;27;96,3;100;100;100;100
1;Tesla;58;transition;TransitionDestinationExchange;41;2;105;64;100;0;30;34;37;37;39;76,92;87,18;94,87;94,87;100
1;Tesla;58;pair;TransitionMissing;32;0;106;64;100;0;28;30;31;31;32;87,5;93,75;96,88;96,88;100
1;Tesla;58;pair;ActionExchange;41;0;106;64;100;0;34;40;40;41;41;82,93;97,56;97,56;100;100
1;Tesla;58;pair;StateMissing;27;0;106;64;100;0;26;27;27;27;27;96,3;100;100;100;100
1;Tesla;58;pair;TransitionDestinationExchange;41;2;106;64;100;0;30;35;37;37;39;76,92;89,74;94,87;94,87;100
1;Tesla;59;state;TransitionMissing;32;0;35;64;100;0;25;28;29;29;30;78,12;87,5;90,62;90,62;93,75
1;Tesla;59;state;ActionExchange;41;0;35;64;100;0;33;36;38;39;40;80,49;87,8;92,68;95,12;97,56
1;Tesla;59;state;StateMissing;27;0;35;64;100;0;24;26;26;27;27;88,89;96,3;96,3;100;100
1;Tesla;59;state;TransitionDestinationExchange;41;2;35;64;100;0;27;31;33;34;36;69,23;79,49;84,62;87,18;92,31
1;Tesla;59;transition;TransitionMissing;32;0;130;64;100;0;29;31;31;31;32;90,62;96,88;96,88;96,88;100
1;Tesla;59;transition;ActionExchange;41;0;130;64;100;0;37;40;40;41;41;90,24;97,56;97,56;100;100
1;Tesla;59;transition;StateMissing;27;0;130;64;100;0;26;27;27;27;27;96,3;100;100;100;100
1;Tesla;59;transition;TransitionDestinationExchange;41;2;130;64;100;0;32;36;37;37;39;82,05;92,31;94,87;94,87;100
1;Tesla;59;pair;TransitionMissing;32;0;106;64;100;0;28;30;31;31;32;87,5;93,75;96,88;96,88;100
1;Tesla;59;pair;ActionExchange;41;0;106;64;100;0;34;40;40;41;41;82,93;97,56;97,56;100;100
1;Tesla;59;pair;StateMissing;27;0;106;64;100;0;26;27;27;27;27;96,3;100;100;100;100
1;Tesla;59;pair;TransitionDestinationExchange;41;2;106;64;100;0;30;34;37;37;39;76,92;87,18;94,87;94,87;100
1;Tesla;60;state;TransitionMissing;55;0;67;110;100;0;27;32;34;35;37;49,09;58,18;61,82;63,64;67,27
1;Tesla;60;state;ActionExchange;159;0;67;110;100;0;52;71;76;81;95;32,7;44,65;47,8;50,94;59,75
1;Tesla;60;state;StateMissing;31;0;67;110;100;0;25;28;29;30;31;80,65;90,32;93,55;96,77;100
1;Tesla;60;state;TransitionDestinationExchange;159;27;67;110;100;0;35;47;51;54;65;26,52;35,61;38,64;40,91;49,24
1;Tesla;60;transition;TransitionMissing;55;0;432;110;100;0;39;45;46;47;52;70,91;81,82;83,64;85,45;94,55
1;Tesla;60;transition;ActionExchange;159;0;432;110;100;0;90;122;129;134;153;56,6;76,73;81,13;84,28;96,23
1;Tesla;60;transition;StateMissing;31;0;432;110;100;0;29;31;31;31;31;93,55;100;100;100;100
1;Tesla;60;transition;TransitionDestinationExchange;159;27;432;110;100;0;67;85;89;94;107;50,76;64,39;67,42;71,21;81,06
1;Tesla;60;pair;TransitionMissing;55;0;1020;110;100;0;47;50;51;52;54;85,45;90,91;92,73;94,55;98,18
1;Tesla;60;pair;ActionExchange;159;0;1020;110;100;0;131;143;148;151;159;82,39;89,94;93,08;94,97;100
1;Tesla;60;pair;StateMissing;31;0;1020;110;100;0;31;31;31;31;31;100;100;100;100;100
1;Tesla;60;pair;TransitionDestinationExchange;159;27;1020;110;100;0;97;104;107;111;123;73,48;78,79;81,06;84,09;93,18
1;Tesla;61;state;TransitionMissing;32;0;63;64;100;0;26;29;30;31;31;81,25;90,62;93,75;96,88;96,88
1;Tesla;61;state;ActionExchange;41;0;63;64;100;0;33;37;39;40;41;80,49;90,24;95,12;97,56;100
1;Tesla;61;state;StateMissing;27;0;63;64;100;0;25;26;27;27;27;92,59;96,3;100;100;100
1;Tesla;61;state;TransitionDestinationExchange;41;2;63;64;100;0;27;33;34;36;38;69,23;84,62;87,18;92,31;97,44
1;Tesla;61;transition;TransitionMissing;32;0;130;64;100;0;28;31;31;31;32;87,5;96,88;96,88;96,88;100
1;Tesla;61;transition;ActionExchange;41;0;130;64;100;0;34;40;40;41;41;82,93;97,56;97,56;100;100
1;Tesla;61;transition;StateMissing;27;0;130;64;100;0;26;27;27;27;27;96,3;100;100;100;100
1;Tesla;61;transition;TransitionDestinationExchange;41;2;130;64;100;0;30;36;37;38;39;76,92;92,31;94,87;97,44;100
1;Tesla;61;pair;TransitionMissing;32;0;106;64;100;0;28;29;31;31;32;87,5;90,62;96,88;96,88;100
1;Tesla;61;pair;ActionExchange;41;0;106;64;100;0;34;39;40;41;41;82,93;95,12;97,56;100;100
1;Tesla;61;pair;StateMissing;27;0;106;64;100;0;26;26;27;27;27;96,3;96,3;100;100;100
1;Tesla;61;pair;TransitionDestinationExchange;41;2;106;64;100;0;30;34;37;37;39;76,92;87,18;94,87;94,87;100
1;Tesla;62;state;TransitionMissing;49;0;67;98;100;0;29;32;33;34;37;59,18;65,31;67,35;69,39;75,51
1;Tesla;62;state;ActionExchange;113;0;67;98;100;0;48;59;64;69;82;42,48;52,21;56,64;61,06;72,57
1;Tesla;62;state;StateMissing;31;0;67;98;100;0;26;28;29;29;31;83,87;90,32;93,55;93,55;100
1;Tesla;62;state;TransitionDestinationExchange;113;21;67;98;100;0;37;43;45;49;57;40,22;46,74;48,91;53,26;61,96
1;Tesla;62;transition;TransitionMissing;49;0;323;98;100;0;37;40;42;43;45;75,51;81,63;85,71;87,76;91,84
1;Tesla;62;transition;ActionExchange;113;0;323;98;100;0;70;89;95;99;107;61,95;78,76;84,07;87,61;94,69
1;Tesla;62;transition;StateMissing;31;0;323;98;100;0;29;31;31;31;31;93,55;100;100;100;100
1;Tesla;62;transition;TransitionDestinationExchange;113;21;323;98;100;0;52;64;68;72;79;56,52;69,57;73,91;78,26;85,87
1;Tesla;62;pair;TransitionMissing;49;0;627;98;100;0;42;45;45;46;48;85,71;91,84;91,84;93,88;97,96
1;Tesla;62;pair;ActionExchange;113;0;627;98;100;0;89;102;106;108;113;78,76;90,27;93,81;95,58;100
1;Tesla;62;pair;StateMissing;31;0;627;98;100;0;31;31;31;31;31;100;100;100;100;100
1;Tesla;62;pair;TransitionDestinationExchange;113;21;627;98;100;0;68;75;78;81;88;73,91;81,52;84,78;88,04;95,65
1;Tesla;63;state;TransitionMissing;32;0;63;64;100;0;26;29;30;31;31;81,25;90,62;93,75;96,88;96,88
1;Tesla;63;state;ActionExchange;41;0;63;64;100;0;33;37;39;40;41;80,49;90,24;95,12;97,56;100
1;Tesla;63;state;StateMissing;27;0;63;64;100;0;25;26;27;27;27;92,59;96,3;100;100;100
1;Tesla;63;state;TransitionDestinationExchange;41;2;63;64;100;0;27;33;34;36;38;69,23;84,62;87,18;92,31;97,44
1;Tesla;63;transition;TransitionMissing;32;0;105;64;100;0;28;29;31;31;32;87,5;90,62;96,88;96,88;100
1;Tesla;63;transition;ActionExchange;41;0;105;64;100;0;34;39;40;41;41;82,93;95,12;97,56;100;100
1;Tesla;63;transition;StateMissing;27;0;105;64;100;0;26;26;27;27;27;96,3;96,3;100;100;100
1;Tesla;63;transition;TransitionDestinationExchange;41;2;105;64;100;0;30;34;37;37;39;76,92;87,18;94,87;94,87;100
1;Tesla;63;pair;TransitionMissing;32;0;106;64;100;0;28;29;31;31;32;87,5;90,62;96,88;96,88;100
1;Tesla;63;pair;ActionExchange;41;0;106;64;100;0;34;39;40;41;41;82,93;95,12;97,56;100;100
1;Tesla;63;pair;StateMissing;27;0;106;64;100;0;26;26;27;27;27;96,3;96,3;100;100;100
1;Tesla;63;pair;TransitionDestinationExchange;41;2;106;64;100;0;30;34;37;37;39;76,92;87,18;94,87;94,87;100
1;Tesla;64;state;TransitionMissing;36;0;39;72;100;0;25;28;29;30;32;69,44;77,78;80,56;83,33;88,89
1;Tesla;64;state;ActionExchange;55;0;39;72;100;0;35;40;43;44;49;63,64;72,73;78,18;80;89,09
1;Tesla;64;state;StateMissing;28;0;39;72;100;0;24;26;26;27;28;85,71;92,86;92,86;96,43;100
1;Tesla;64;state;TransitionDestinationExchange;55;5;39;72;100;0;28;32;34;36;41;56;64;68;72;82
1;Tesla;64;transition;TransitionMissing;36;0;159;72;100;0;29;32;33;34;36;80,56;88,89;91,67;94,44;100
1;Tesla;64;transition;ActionExchange;55;0;159;72;100;0;41;50;52;53;55;74,55;90,91;94,55;96,36;100
1;Tesla;64;transition;StateMissing;28;0;159;72;100;0;26;28;28;28;28;92,86;100;100;100;100
1;Tesla;64;transition;TransitionDestinationExchange;55;5;159;72;100;0;34;41;43;45;49;68;82;86;90;98
1;Tesla;64;pair;TransitionMissing;36;0;214;72;100;0;31;33;34;35;36;86,11;91,67;94,44;97,22;100
1;Tesla;64;pair;ActionExchange;55;0;214;72;100;0;46;52;53;54;55;83,64;94,55;96,36;98,18;100
1;Tesla;64;pair;StateMissing;28;0;214;72;100;0;27;28;28;28;28;96,43;100;100;100;100
1;Tesla;64;pair;TransitionDestinationExchange;55;5;214;72;100;0;40;43;45;47;50;80;86;90;94;100
1;Tesla;65;state;TransitionMissing;30;0;62;60;100;0;25;27;28;29;29;83,33;90;93,33;96,67;96,67
1;Tesla;65;state;ActionExchange;37;0;62;60;100;0;30;34;36;36;37;81,08;91,89;97,3;97,3;100
1;Tesla;65;state;StateMissing;26;0;62;60;100;0;24;25;26;26;26;92,31;96,15;100;100;100
1;Tesla;65;state;TransitionDestinationExchange;37;2;62;60;100;0;26;30;31;33;34;74,29;85,71;88,57;94,29;97,14
1;Tesla;65;transition;TransitionMissing;30;0;104;60;100;0;27;29;29;29;30;90;96,67;96,67;96,67;100
1;Tesla;65;transition;ActionExchange;37;0;104;60;100;0;33;36;36;37;37;89,19;97,3;97,3;100;100
1;Tesla;65;transition;StateMissing;26;0;104;60;100;0;25;26;26;26;26;96,15;100;100;100;100
1;Tesla;65;transition;TransitionDestinationExchange;37;2;104;60;100;0;29;32;33;33;35;82,86;91,43;94,29;94,29;100
1;Tesla;65;pair;TransitionMissing;30;0;105;60;100;0;27;29;29;29;30;90;96,67;96,67;96,67;100
1;Tesla;65;pair;ActionExchange;37;0;105;60;100;0;33;36;36;37;37;89,19;97,3;97,3;100;100
1;Tesla;65;pair;StateMissing;26;0;105;60;100;0;25;26;26;26;26;96,15;100;100;100;100
1;Tesla;65;pair;TransitionDestinationExchange;37;2;105;60;100;0;29;32;33;33;35;82,86;91,43;94,29;94,29;100
1;Tesla;66;state;TransitionMissing;38;0;40;76;100;0;25;29;30;31;33;65,79;76,32;78,95;81,58;86,84
1;Tesla;66;state;ActionExchange;59;0;40;76;100;0;38;44;46;49;51;64,41;74,58;77,97;83,05;86,44
1;Tesla;66;state;StateMissing;29;0;40;76;100;0;24;27;27;28;29;82,76;93,1;93,1;96,55;100
1;Tesla;66;state;TransitionDestinationExchange;59;5;40;76;100;0;29;35;38;39;42;53,7;64,81;70,37;72,22;77,78
1;Tesla;66;transition;TransitionMissing;38;0;185;76;100;0;31;35;35;36;37;81,58;92,11;92,11;94,74;97,37
1;Tesla;66;transition;ActionExchange;59;0;185;76;100;0;45;54;56;57;59;76,27;91,53;94,92;96,61;100
1;Tesla;66;transition;StateMissing;29;0;185;76;100;0;27;29;29;29;29;93,1;100;100;100;100
1;Tesla;66;transition;TransitionDestinationExchange;59;5;185;76;100;0;38;46;48;49;52;70,37;85,19;88,89;90,74;96,3
1;Tesla;66;pair;TransitionMissing;38;0;215;76;100;0;33;35;36;36;37;86,84;92,11;94,74;94,74;97,37
1;Tesla;66;pair;ActionExchange;59;0;215;76;100;0;47;55;57;58;59;79,66;93,22;96,61;98,31;100
1;Tesla;66;pair;StateMissing;29;0;215;76;100;0;28;29;29;29;29;96,55;100;100;100;100
1;Tesla;66;pair;TransitionDestinationExchange;59;5;215;76;100;0;40;47;49;50;53;74,07;87,04;90,74;92,59;98,15
1;Tesla;67;state;TransitionMissing;36;0;39;72;100;0;25;28;29;30;32;69,44;77,78;80,56;83,33;88,89
1;Tesla;67;state;ActionExchange;55;0;39;72;100;0;35;40;42;44;49;63,64;72,73;76,36;80;89,09
1;Tesla;67;state;StateMissing;28;0;39;72;100;0;24;26;27;27;28;85,71;92,86;96,43;96,43;100
1;Tesla;67;state;TransitionDestinationExchange;55;5;39;72;100;0;27;31;34;36;41;54;62;68;72;82
1;Tesla;67;transition;TransitionMissing;36;0;159;72;100;0;29;32;33;34;36;80,56;88,89;91,67;94,44;100
1;Tesla;67;transition;ActionExchange;55;0;159;72;100;0;43;50;52;53;55;78,18;90,91;94,55;96,36;100
1;Tesla;67;transition;StateMissing;28;0;159;72;100;0;26;28;28;28;28;92,86;100;100;100;100
1;Tesla;67;transition;TransitionDestinationExchange;55;5;159;72;100;0;34;40;43;45;49;68;80;86;90;98
1;Tesla;67;pair;TransitionMissing;36;0;239;72;100;0;31;34;34;35;36;86,11;94,44;94,44;97,22;100
1;Tesla;67;pair;ActionExchange;55;0;239;72;100;0;45;52;54;54;55;81,82;94,55;98,18;98,18;100
1;Tesla;67;pair;StateMissing;28;0;239;72;100;0;27;28;28;28;28;96,43;100;100;100;100
1;Tesla;67;pair;TransitionDestinationExchange;55;5;239;72;100;0;38;44;45;48;50;76;88;90;96;100
1;Tesla;68;state;TransitionMissing;41;0;40;82;100;0;25;29;30;30;33;60,98;70,73;73,17;73,17;80,49
1;Tesla;68;state;ActionExchange;77;0;40;82;100;0;37;45;49;51;60;48,05;58,44;63,64;66,23;77,92
1;Tesla;68;state;StateMissing;29;0;40;82;100;0;24;26;27;28;29;82,76;89,66;93,1;96,55;100
1;Tesla;68;state;TransitionDestinationExchange;77;11;40;82;100;0;27;34;37;39;47;40,91;51,52;56,06;59,09;71,21
1;Tesla;68;transition;TransitionMissing;41;0;240;82;100;0;32;35;36;37;39;78,05;85,37;87,8;90,24;95,12
1;Tesla;68;transition;ActionExchange;77;0;240;82;100;0;56;64;68;71;76;72,73;83,12;88,31;92,21;98,7
1;Tesla;68;transition;StateMissing;29;0;240;82;100;0;28;29;29;29;29;96,55;100;100;100;100
1;Tesla;68;transition;TransitionDestinationExchange;77;11;240;82;100;0;43;50;52;56;62;65,15;75,76;78,79;84,85;93,94
1;Tesla;68;pair;TransitionMissing;41;0;378;82;100;0;33;37;38;39;41;80,49;90,24;92,68;95,12;100
1;Tesla;68;pair;ActionExchange;77;0;378;82;100;0;58;69;72;74;77;75,32;89,61;93,51;96,1;100
1;Tesla;68;pair;StateMissing;29;0;378;82;100;0;28;29;29;29;29;96,55;100;100;100;100
1;Tesla;68;pair;TransitionDestinationExchange;77;11;378;82;100;0;44;54;57;59;65;66,67;81,82;86,36;89,39;98,48
1;Tesla;69;state;TransitionMissing;36;0;64;72;100;0;27;30;31;32;33;75;83,33;86,11;88,89;91,67
1;Tesla;69;state;ActionExchange;55;0;64;72;100;0;36;43;46;50;52;65,45;78,18;83,64;90,91;94,55
1;Tesla;69;state;StateMissing;28;0;64;72;100;0;25;27;27;28;28;89,29;96,43;96,43;100;100
1;Tesla;69;state;TransitionDestinationExchange;55;5;64;72;100;0;30;35;38;39;44;60;70;76;78;88
1;Tesla;69;transition;TransitionMissing;36;0;159;72;100;0;29;32;33;34;35;80,56;88,89;91,67;94,44;97,22
1;Tesla;69;transition;ActionExchange;55;0;159;72;100;0;41;50;51;53;55;74,55;90,91;92,73;96,36;100
1;Tesla;69;transition;StateMissing;28;0;159;72;100;0;26;28;28;28;28;92,86;100;100;100;100
1;Tesla;69;transition;TransitionDestinationExchange;55;5;159;72;100;0;34;41;43;45;49;68;82;86;90;98
1;Tesla;69;pair;TransitionMissing;36;0;214;72;100;0;31;33;34;35;36;86,11;91,67;94,44;97,22;100
1;Tesla;69;pair;ActionExchange;55;0;214;72;100;0;45;51;53;54;55;81,82;92,73;96,36;98,18;100
1;Tesla;69;pair;StateMissing;28;0;214;72;100;0;27;28;28;28;28;96,43;100;100;100;100
1;Tesla;69;pair;TransitionDestinationExchange;55;5;214;72;100;0;38;43;45;47;50;76;86;90;94;100
1;Tesla;70;state;TransitionMissing;54;0;92;108;100;0;29;33;34;35;38;53,7;61,11;62,96;64,81;70,37
1;Tesla;70;state;ActionExchange;153;0;92;108;100;0;52;71;78;86;104;33,99;46,41;50,98;56,21;67,97
1;Tesla;70;state;StateMissing;31;0;92;108;100;0;26;28;29;30;31;83,87;90,32;93,55;96,77;100
1;Tesla;70;state;TransitionDestinationExchange;153;36;92;108;100;0;35;47;51;56;68;29,91;40,17;43,59;47,86;58,12
1;Tesla;70;transition;TransitionMissing;54;0;431;108;100;0;39;43;44;45;49;72,22;79,63;81,48;83,33;90,74
1;Tesla;70;transition;ActionExchange;153;0;431;108;100;0;92;113;121;126;140;60,13;73,86;79,08;82,35;91,5
1;Tesla;70;transition;StateMissing;31;0;431;108;100;0;30;31;31;31;31;96,77;100;100;100;100
1;Tesla;70;transition;TransitionDestinationExchange;153;36;431;108;100;0;61;74;79;83;96;52,14;63,25;67,52;70,94;82,05
1;Tesla;70;pair;TransitionMissing;54;0;959;108;100;0;44;48;49;50;52;81,48;88,89;90,74;92,59;96,3
1;Tesla;70;pair;ActionExchange;153;0;959;108;100;0;107;134;140;144;150;69,93;87,58;91,5;94,12;98,04
1;Tesla;70;pair;StateMissing;31;0;959;108;100;0;30;31;31;31;31;96,77;100;100;100;100
1;Tesla;70;pair;TransitionDestinationExchange;153;36;959;108;100;0;76;91;96;99;110;64,96;77,78;82,05;84,62;94,02
1;Tesla;71;state;TransitionMissing;36;0;39;72;100;0;25;28;29;30;32;69,44;77,78;80,56;83,33;88,89
1;Tesla;71;state;ActionExchange;55;0;39;72;100;0;35;40;42;44;48;63,64;72,73;76,36;80;87,27
1;Tesla;71;state;StateMissing;28;0;39;72;100;0;24;26;26;27;28;85,71;92,86;92,86;96,43;100
1;Tesla;71;state;TransitionDestinationExchange;55;5;39;72;100;0;27;31;34;36;40;54;62;68;72;80
1;Tesla;71;transition;TransitionMissing;36;0;184;72;100;0;29;32;33;34;35;80,56;88,89;91,67;94,44;97,22
1;Tesla;71;transition;ActionExchange;55;0;184;72;100;0;41;48;52;54;55;74,55;87,27;94,55;98,18;100
1;Tesla;71;transition;StateMissing;28;0;184;72;100;0;26;27;28;28;28;92,86;96,43;100;100;100
1;Tesla;71;transition;TransitionDestinationExchange;55;5;184;72;100;0;34;40;43;45;49;68;80;86;90;98
1;Tesla;71;pair;TransitionMissing;36;0;214;72;100;0;31;33;34;35;36;86,11;91,67;94,44;97,22;100
1;Tesla;71;pair;ActionExchange;55;0;214;72;100;0;43;51;53;54;55;78,18;92,73;96,36;98,18;100
1;Tesla;71;pair;StateMissing;28;0;214;72;100;0;27;28;28;28;28;96,43;100;100;100;100
1;Tesla;71;pair;TransitionDestinationExchange;55;5;214;72;100;0;36;42;45;46;50;72;84;90;92;100
1;Tesla;72;state;TransitionMissing;36;0;28;72;100;0;25;28;28;29;32;69,44;77,78;77,78;80,56;88,89
1;Tesla;72;state;ActionExchange;55;0;28;72;100;0;35;38;41;43;49;63,64;69,09;74,55;78,18;89,09
1;Tesla;72;state;StateMissing;28;0;28;72;100;0;24;26;26;27;28;85,71;92,86;92,86;96,43;100
1;Tesla;72;state;TransitionDestinationExchange;55;5;28;72;100;0;27;31;33;35;41;54;62;66;70;82
1;Tesla;72;transition;TransitionMissing;36;0;184;72;100;0;29;32;33;34;35;80,56;88,89;91,67;94,44;97,22
1;Tesla;72;transition;ActionExchange;55;0;184;72;100;0;41;49;52;53;55;74,55;89,09;94,55;96,36;100
1;Tesla;72;transition;StateMissing;28;0;184;72;100;0;26;27;28;28;28;92,86;96,43;100;100;100
1;Tesla;72;transition;TransitionDestinationExchange;55;5;184;72;100;0;34;40;44;45;49;68;80;88;90;98
1;Tesla;72;pair;TransitionMissing;36;0;214;72;100;0;31;33;34;35;36;86,11;91,67;94,44;97,22;100
1;Tesla;72;pair;ActionExchange;55;0;214;72;100;0;43;51;53;54;55;78,18;92,73;96,36;98,18;100
1;Tesla;72;pair;StateMissing;28;0;214;72;100;0;27;28;28;28;28;96,43;100;100;100;100
1;Tesla;72;pair;TransitionDestinationExchange;55;5;214;72;100;0;36;43;45;47;50;72;86;90;94;100
1;Tesla;73;state;TransitionMissing;43;0;41;86;100;0;26;30;31;32;34;60,47;69,77;72,09;74,42;79,07
1;Tesla;73;state;ActionExchange;81;0;41;86;100;0;40;48;53;55;63;49,38;59,26;65,43;67,9;77,78
1;Tesla;73;state;StateMissing;30;0;41;86;100;0;25;27;28;28;30;83,33;90;93,33;93,33;100
1;Tesla;73;state;TransitionDestinationExchange;81;11;41;86;100;0;28;37;40;42;49;40;52,86;57,14;60;70
1;Tesla;73;transition;TransitionMissing;43;0;266;86;100;0;35;38;39;39;42;81,4;88,37;90,7;90,7;97,67
1;Tesla;73;transition;ActionExchange;81;0;266;86;100;0;60;69;72;75;81;74,07;85,19;88,89;92,59;100
1;Tesla;73;transition;StateMissing;30;0;266;86;100;0;29;30;30;30;30;96,67;100;100;100;100
1;Tesla;73;transition;TransitionDestinationExchange;81;11;266;86;100;0;47;54;57;60;67;67,14;77,14;81,43;85,71;95,71
1;Tesla;73;pair;TransitionMissing;43;0;379;86;100;0;35;39;40;41;43;81,4;90,7;93,02;95,35;100
1;Tesla;73;pair;ActionExchange;81;0;379;86;100;0;62;73;75;78;81;76,54;90,12;92,59;96,3;100
1;Tesla;73;pair;StateMissing;30;0;379;86;100;0;29;30;30;30;30;96,67;100;100;100;100
1;Tesla;73;pair;TransitionDestinationExchange;81;11;379;86;100;0;48;57;60;63;69;68,57;81,43;85,71;90;98,57
1;Tesla;74;state;TransitionMissing;34;0;39;68;100;0;25;28;30;31;32;73,53;82,35;88,24;91,18;94,12
1;Tesla;74;state;ActionExchange;45;0;39;68;100;0;36;39;41;42;44;80;86,67;91,11;93,33;97,78
1;Tesla;74;state;StateMissing;28;0;39;68;100;0;24;26;27;27;28;85,71;92,86;96,43;96,43;100
1;Tesla;74;state;TransitionDestinationExchange;45;2;39;68;100;0;28;33;34;37;40;65,12;76,74;79,07;86,05;93,02
1;Tesla;74;transition;TransitionMissing;34;0;131;68;100;0;29;32;33;33;34;85,29;94,12;97,06;97,06;100
1;Tesla;74;transition;ActionExchange;45;0;131;68;100;0;38;44;44;45;45;84,44;97,78;97,78;100;100
1;Tesla;74;transition;StateMissing;28;0;131;68;100;0;26;28;28;28;28;92,86;100;100;100;100
1;Tesla;74;transition;TransitionDestinationExchange;45;2;131;68;100;0;34;40;41;41;43;79,07;93,02;95,35;95,35;100
1;Tesla;74;pair;TransitionMissing;34;0;107;68;100;0;29;32;33;33;34;85,29;94,12;97,06;97,06;100
1;Tesla;74;pair;ActionExchange;45;0;107;68;100;0;38;43;44;45;45;84,44;95,56;97,78;100;100
1;Tesla;74;pair;StateMissing;28;0;107;68;100;0;26;28;28;28;28;92,86;100;100;100;100
1;Tesla;74;pair;TransitionDestinationExchange;45;2;107;68;100;0;34;38;41;41;43;79,07;88,37;95,35;95,35;100
1;Tesla;75;state;TransitionMissing;30;0;37;60;100;0;25;27;27;28;28;83,33;90;90;93,33;93,33
1;Tesla;75;state;ActionExchange;37;0;37;60;100;0;30;33;33;36;36;81,08;89,19;89,19;97,3;97,3
1;Tesla;75;state;StateMissing;26;0;37;60;100;0;24;25;25;26;26;92,31;96,15;96,15;100;100
1;Tesla;75;state;TransitionDestinationExchange;37;2;37;60;100;0;26;29;29;31;32;74,29;82,86;82,86;88,57;91,43
1;Tesla;75;transition;TransitionMissing;30;0;104;60;100;0;26;28;29;29;30;86,67;93,33;96,67;96,67;100
1;Tesla;75;transition;ActionExchange;37;0;104;60;100;0;30;36;36;37;37;81,08;97,3;97,3;100;100
1;Tesla;75;transition;StateMissing;26;0;104;60;100;0;25;26;26;26;26;96,15;100;100;100;100
1;Tesla;75;transition;TransitionDestinationExchange;37;2;104;60;100;0;26;31;33;33;35;74,29;88,57;94,29;94,29;100
1;Tesla;75;pair;TransitionMissing;30;0;105;60;100;0;27;28;29;29;30;90;93,33;96,67;96,67;100
1;Tesla;75;pair;ActionExchange;37;0;105;60;100;0;33;36;36;37;37;89,19;97,3;97,3;100;100
1;Tesla;75;pair;StateMissing;26;0;105;60;100;0;25;26;26;26;26;96,15;100;100;100;100
1;Tesla;75;pair;TransitionDestinationExchange;37;2;105;60;100;0;29;32;33;33;35;82,86;91,43;94,29;94,29;100
1;Tesla;76;state;TransitionMissing;45;0;65;90;100;0;25;29;30;31;33;55,56;64,44;66,67;68,89;73,33
1;Tesla;76;state;ActionExchange;105;0;65;90;100;0;36;53;58;62;75;34,29;50,48;55,24;59,05;71,43
1;Tesla;76;state;StateMissing;29;0;65;90;100;0;24;26;27;28;29;82,76;89,66;93,1;96,55;100
1;Tesla;76;state;TransitionDestinationExchange;105;21;65;90;100;0;26;36;40;43;50;30,95;42,86;47,62;51,19;59,52
1;Tesla;76;transition;TransitionMissing;45;0;321;90;100;0;34;37;38;39;41;75,56;82,22;84,44;86,67;91,11
1;Tesla;76;transition;ActionExchange;105;0;321;90;100;0;67;82;88;91;99;63,81;78,1;83,81;86,67;94,29
1;Tesla;76;transition;StateMissing;29;0;321;90;100;0;28;29;29;29;29;96,55;100;100;100;100
1;Tesla;76;transition;TransitionDestinationExchange;105;21;321;90;100;0;47;56;60;64;73;55,95;66,67;71,43;76,19;86,9
1;Tesla;76;pair;TransitionMissing;45;0;625;90;100;0;37;41;41;42;45;82,22;91,11;91,11;93,33;100
1;Tesla;76;pair;ActionExchange;105;0;625;90;100;0;82;93;97;99;105;78,1;88,57;92,38;94,29;100
1;Tesla;76;pair;StateMissing;29;0;625;90;100;0;28;29;29;29;29;96,55;100;100;100;100
1;Tesla;76;pair;TransitionDestinationExchange;105;21;625;90;100;0;55;67;70;72;82;65,48;79,76;83,33;85,71;97,62
1;Tesla;77;state;TransitionMissing;29;0;37;58;100;0;25;27;27;28;29;86,21;93,1;93,1;96,55;100
1;Tesla;77;state;ActionExchange;33;0;37;58;100;0;31;31;32;32;33;93,94;93,94;96,97;96,97;100
1;Tesla;77;state;StateMissing;26;0;37;58;100;0;24;25;26;26;26;92,31;96,15;100;100;100
1;Tesla;77;state;TransitionDestinationExchange;33;1;37;58;100;0;26;28;29;30;32;81,25;87,5;90,62;93,75;100
1;Tesla;77;transition;TransitionMissing;29;0;77;58;100;0;26;28;29;29;29;89,66;96,55;100;100;100
1;Tesla;77;transition;ActionExchange;33;0;77;58;100;0;31;32;33;33;33;93,94;96,97;100;100;100
1;Tesla;77;transition;StateMissing;26;0;77;58;100;0;25;26;26;26;26;96,15;100;100;100;100
1;Tesla;77;transition;TransitionDestinationExchange;33;1;77;58;100;0;27;30;32;32;32;84,38;93,75;100;100;100
1;Tesla;77;pair;TransitionMissing;29;0;53;58;100;0;26;27;28;29;29;89,66;93,1;96,55;100;100
1;Tesla;77;pair;ActionExchange;33;0;53;58;100;0;31;32;32;33;33;93,94;96,97;96,97;100;100
1;Tesla;77;pair;StateMissing;26;0;53;58;100;0;25;26;26;26;26;96,15;100;100;100;100
1;Tesla;77;pair;TransitionDestinationExchange;33;1;53;58;100;0;27;29;30;32;32;84,38;90,62;93,75;100;100
1;Tesla;78;state;TransitionMissing;47;0;91;94;100;0;29;32;33;34;37;61,7;68,09;70,21;72,34;78,72
1;Tesla;78;state;ActionExchange;109;0;91;94;100;0;49;60;68;73;85;44,95;55,05;62,39;66,97;77,98
1;Tesla;78;state;StateMissing;30;0;91;94;100;0;26;28;29;29;30;86,67;93,33;96,67;96,67;100
1;Tesla;78;state;TransitionDestinationExchange;109;21;91;94;100;0;35;43;46;50;60;39,77;48,86;52,27;56,82;68,18
1;Tesla;78;transition;TransitionMissing;47;0;322;94;100;0;34;38;40;41;44;72,34;80,85;85,11;87,23;93,62
1;Tesla;78;transition;ActionExchange;109;0;322;94;100;0;64;86;91;96;103;58,72;78,9;83,49;88,07;94,5
1;Tesla;78;transition;StateMissing;30;0;322;94;100;0;28;30;30;30;30;93,33;100;100;100;100
1;Tesla;78;transition;TransitionDestinationExchange;109;21;322;94;100;0;47;59;64;68;76;53,41;67,05;72,73;77,27;86,36
1;Tesla;78;pair;TransitionMissing;47;0;626;94;100;0;39;42;43;44;47;82,98;89,36;91,49;93,62;100
1;Tesla;78;pair;ActionExchange;109;0;626;94;100;0;81;98;102;104;109;74,31;89,91;93,58;95,41;100
1;Tesla;78;pair;StateMissing;30;0;626;94;100;0;29;30;30;30;30;96,67;100;100;100;100
1;Tesla;78;pair;TransitionDestinationExchange;109;21;626;94;100;0;58;70;74;77;83;65,91;79,55;84,09;87,5;94,32
1;Tesla;79;state;TransitionMissing;39;0;64;78;100;0;25;28;30;31;33;64,1;71,79;76,92;79,49;84,62
1;Tesla;79;state;ActionExchange;73;0;64;78;100;0;34;45;51;57;62;46,58;61,64;69,86;78,08;84,93
1;Tesla;79;state;StateMissing;28;0;64;78;100;0;24;26;27;27;28;85,71;92,86;96,43;96,43;100
1;Tesla;79;state;TransitionDestinationExchange;73;11;64;78;100;0;26;34;37;40;46;41,94;54,84;59,68;64,52;74,19
1;Tesla;79;transition;TransitionMissing;39;0;239;78;100;0;31;34;35;35;38;79,49;87,18;89,74;89,74;97,44
1;Tesla;79;transition;ActionExchange;73;0;239;78;100;0;53;62;65;68;72;72,6;84,93;89,04;93,15;98,63
1;Tesla;79;transition;StateMissing;28;0;239;78;100;0;27;28;28;28;28;96,43;100;100;100;100
1;Tesla;79;transition;TransitionDestinationExchange;73;11;239;78;100;0;37;46;50;52;58;59,68;74,19;80,65;83,87;93,55
1;Tesla;79;pair;TransitionMissing;39;0;377;78;100;0;32;35;36;37;39;82,05;89,74;92,31;94,87;100
1;Tesla;79;pair;ActionExchange;73;0;377;78;100;0;53;64;68;70;73;72,6;87,67;93,15;95,89;100
1;Tesla;79;pair;StateMissing;28;0;377;78;100;0;27;28;28;28;28;96,43;100;100;100;100
1;Tesla;79;pair;TransitionDestinationExchange;73;11;377;78;100;0;39;50;53;55;61;62,9;80,65;85,48;88,71;98,39
1;Tesla;80;state;TransitionMissing;36;0;39;72;100;0;25;28;29;30;32;69,44;77,78;80,56;83,33;88,89
1;Tesla;80;state;ActionExchange;55;0;39;72;100;0;35;40;42;44;48;63,64;72,73;76,36;80;87,27
1;Tesla;80;state;StateMissing;28;0;39;72;100;0;24;26;26;27;28;85,71;92,86;92,86;96,43;100
1;Tesla;80;state;TransitionDestinationExchange;55;5;39;72;100;0;27;32;34;36;40;54;64;68;72;80
1;Tesla;80;transition;TransitionMissing;36;0;184;72;100;0;29;33;34;34;36;80,56;91,67;94,44;94,44;100
1;Tesla;80;transition;ActionExchange;55;0;184;72;100;0;41;50;52;53;55;74,55;90,91;94,55;96,36;100
1;Tesla;80;transition;StateMissing;28;0;184;72;100;0;26;28;28;28;28;92,86;100;100;100;100
1;Tesla;80;transition;TransitionDestinationExchange;55;5;184;72;100;0;34;41;44;45;50;68;82;88;90;100
1;Tesla;80;pair;TransitionMissing;36;0;214;72;100;0;31;33;34;35;36;86,11;91,67;94,44;97,22;100
1;Tesla;80;pair;ActionExchange;55;0;214;72;100;0;45;51;53;54;55;81,82;92,73;96,36;98,18;100
1;Tesla;80;pair;StateMissing;28;0;214;72;100;0;27;28;28;28;28;96,43;100;100;100;100
1;Tesla;80;pair;TransitionDestinationExchange;55;5;214;72;100;0;38;43;45;47;50;76;86;90;94;100
1;Tesla;81;state;TransitionMissing;32;0;38;64;100;0;25;28;28;29;30;78,12;87,5;87,5;90,62;93,75
1;Tesla;81;state;ActionExchange;41;0;38;64;100;0;33;36;38;39;40;80,49;87,8;92,68;95,12;97,56
1;Tesla;81;state;StateMissing;27;0;38;64;100;0;24;26;26;27;27;88,89;96,3;96,3;100;100
1;Tesla;81;state;TransitionDestinationExchange;41;2;38;64;100;0;27;31;33;34;36;69,23;79,49;84,62;87,18;92,31
1;Tesla;81;transition;TransitionMissing;32;0;105;64;100;0;28;30;31;31;32;87,5;93,75;96,88;96,88;100
1;Tesla;81;transition;ActionExchange;41;0;105;64;100;0;34;39;40;41;41;82,93;95,12;97,56;100;100
1;Tesla;81;transition;StateMissing;27;0;105;64;100;0;26;27;27;27;27;96,3;100;100;100;100
1;Tesla;81;transition;TransitionDestinationExchange;41;2;105;64;100;0;30;34;37;37;39;76,92;87,18;94,87;94,87;100
1;Tesla;81;pair;TransitionMissing;32;0;106;64;100;0;28;30;31;31;32;87,5;93,75;96,88;96,88;100
1;Tesla;81;pair;ActionExchange;41;0;106;64;100;0;34;40;40;41;41;82,93;97,56;97,56;100;100
1;Tesla;81;pair;StateMissing;27;0;106;64;100;0;26;27;27;27;27;96,3;100;100;100;100
1;Tesla;81;pair;TransitionDestinationExchange;41;2;106;64;100;0;30;34;37;37;39;76,92;87,18;94,87;94,87;100
1;Tesla;82;state;TransitionMissing;41;0;65;82;100;0;26;30;31;32;35;63,41;73,17;75,61;78,05;85,37
1;Tesla;82;state;ActionExchange;77;0;65;82;100;0;37;50;54;57;66;48,05;64,94;70,13;74,03;85,71
1;Tesla;82;state;StateMissing;29;0;65;82;100;0;25;27;28;28;29;86,21;93,1;96,55;96,55;100
1;Tesla;82;state;TransitionDestinationExchange;77;11;65;82;100;0;27;39;41;43;50;40,91;59,09;62,12;65,15;75,76
1;Tesla;82;transition;TransitionMissing;41;0;240;82;100;0;33;35;36;37;39;80,49;85,37;87,8;90,24;95,12
1;Tesla;82;transition;ActionExchange;77;0;240;82;100;0;56;64;68;70;75;72,73;83,12;88,31;90,91;97,4
1;Tesla;82;transition;StateMissing;29;0;240;82;100;0;28;29;29;29;29;96,55;100;100;100;100
1;Tesla;82;transition;TransitionDestinationExchange;77;11;240;82;100;0;43;49;52;55;61;65,15;74,24;78,79;83,33;92,42
1;Tesla;82;pair;TransitionMissing;41;0;378;82;100;0;34;37;38;39;40;82,93;90,24;92,68;95,12;97,56
1;Tesla;82;pair;ActionExchange;77;0;378;82;100;0;59;69;73;74;77;76,62;89,61;94,81;96,1;100
1;Tesla;82;pair;StateMissing;29;0;378;82;100;0;28;29;29;29;29;96,55;100;100;100;100
1;Tesla;82;pair;TransitionDestinationExchange;77;11;378;82;100;0;45;54;57;59;63;68,18;81,82;86,36;89,39;95,45
1;Tesla;83;state;TransitionMissing;43;0;41;86;100;0;26;30;31;32;35;60,47;69,77;72,09;74,42;81,4
1;Tesla;83;state;ActionExchange;81;0;41;86;100;0;41;49;53;55;65;50,62;60,49;65,43;67,9;80,25
1;Tesla;83;state;StateMissing;30;0;41;86;100;0;25;27;28;29;30;83,33;90;93,33;96,67;100
1;Tesla;83;state;TransitionDestinationExchange;81;11;41;86;100;0;31;36;40;42;51;44,29;51,43;57,14;60;72,86
1;Tesla;83;transition;TransitionMissing;43;0;241;86;100;0;33;37;38;39;42;76,74;86,05;88,37;90,7;97,67
1;Tesla;83;transition;ActionExchange;81;0;241;86;100;0;58;69;72;75;80;71,6;85,19;88,89;92,59;98,77
1;Tesla;83;transition;StateMissing;30;0;241;86;100;0;28;30;30;30;30;93,33;100;100;100;100
1;Tesla;83;transition;TransitionDestinationExchange;81;11;241;86;100;0;46;53;56;59;66;65,71;75,71;80;84,29;94,29
1;Tesla;83;pair;TransitionMissing;43;0;379;86;100;0;36;39;40;41;43;83,72;90,7;93,02;95,35;100
1;Tesla;83;pair;ActionExchange;81;0;379;86;100;0;64;72;76;79;81;79,01;88,89;93,83;97,53;100
1;Tesla;83;pair;StateMissing;30;0;379;86;100;0;29;30;30;30;30;96,67;100;100;100;100
1;Tesla;83;pair;TransitionDestinationExchange;81;11;379;86;100;0;50;58;60;63;69;71,43;82,86;85,71;90;98,57
1;Tesla;84;state;TransitionMissing;41;0;65;82;100;0;26;30;32;32;34;63,41;73,17;78,05;78,05;82,93
1;Tesla;84;state;ActionExchange;77;0;65;82;100;0;37;51;54;58;65;48,05;66,23;70,13;75,32;84,42
1;Tesla;84;state;StateMissing;29;0;65;82;100;0;25;27;28;28;29;86,21;93,1;96,55;96,55;100
1;Tesla;84;state;TransitionDestinationExchange;77;11;65;82;100;0;27;39;41;44;52;40,91;59,09;62,12;66,67;78,79
1;Tesla;84;transition;TransitionMissing;41;0;240;82;100;0;33;35;37;37;40;80,49;85,37;90,24;90,24;97,56
1;Tesla;84;transition;ActionExchange;77;0;240;82;100;0;56;65;68;71;76;72,73;84,42;88,31;92,21;98,7
1;Tesla;84;transition;StateMissing;29;0;240;82;100;0;28;29;29;29;29;96,55;100;100;100;100
1;Tesla;84;transition;TransitionDestinationExchange;77;11;240;82;100;0;43;49;53;55;62;65,15;74,24;80,3;83,33;93,94
1;Tesla;84;pair;TransitionMissing;41;0;378;82;100;0;34;37;38;39;41;82,93;90,24;92,68;95,12;100
1;Tesla;84;pair;ActionExchange;77;0;378;82;100;0;59;70;72;74;77;76,62;90,91;93,51;96,1;100
1;Tesla;84;pair;StateMissing;29;0;378;82;100;0;28;29;29;29;29;96,55;100;100;100;100
1;Tesla;84;pair;TransitionDestinationExchange;77;11;378;82;100;0;46;55;57;59;64;69,7;83,33;86,36;89,39;96,97
1;Tesla;85;state;TransitionMissing;38;0;40;76;100;0;26;29;30;31;33;68,42;76,32;78,95;81,58;86,84
1;Tesla;85;state;ActionExchange;59;0;40;76;100;0;38;44;46;48;52;64,41;74,58;77,97;81,36;88,14
1;Tesla;85;state;StateMissing;29;0;40;76;100;0;25;27;27;28;29;86,21;93,1;93,1;96,55;100
1;Tesla;85;state;TransitionDestinationExchange;59;5;40;76;100;0;28;34;37;39;43;51,85;62,96;68,52;72,22;79,63
1;Tesla;85;transition;TransitionMissing;38;0;185;76;100;0;33;35;35;36;37;86,84;92,11;92,11;94,74;97,37
1;Tesla;85;transition;ActionExchange;59;0;185;76;100;0;47;55;57;58;59;79,66;93,22;96,61;98,31;100
1;Tesla;85;transition;StateMissing;29;0;185;76;100;0;28;29;29;29;29;96,55;100;100;100;100
1;Tesla;85;transition;TransitionDestinationExchange;59;5;185;76;100;0;40;46;48;49;53;74,07;85,19;88,89;90,74;98,15
1;Tesla;85;pair;TransitionMissing;38;0;215;76;100;0;33;35;36;36;38;86,84;92,11;94,74;94,74;100
1;Tesla;85;pair;ActionExchange;59;0;215;76;100;0;47;55;57;58;59;79,66;93,22;96,61;98,31;100
1;Tesla;85;pair;StateMissing;29;0;215;76;100;0;28;29;29;29;29;96,55;100;100;100;100
1;Tesla;85;pair;TransitionDestinationExchange;59;5;215;76;100;0;40;48;49;50;53;74,07;88,89;90,74;92,59;98,15
1;Tesla;86;state;TransitionMissing;43;0;66;86;100;0;28;32;33;34;37;65,12;74,42;76,74;79,07;86,05
1;Tesla;86;state;ActionExchange;81;0;66;86;100;0;45;53;57;61;68;55,56;65,43;70,37;75,31;83,95
1;Tesla;86;state;StateMissing;30;0;66;86;100;0;26;28;28;29;30;86,67;93,33;93,33;96,67;100
1;Tesla;86;state;TransitionDestinationExchange;81;11;66;86;100;0;35;42;43;46;53;50;60;61,43;65,71;75,71
1;Tesla;86;transition;TransitionMissing;43;0;266;86;100;0;34;38;39;40;43;79,07;88,37;90,7;93,02;100
1;Tesla;86;transition;ActionExchange;81;0;266;86;100;0;55;71;74;76;81;67,9;87,65;91,36;93,83;100
1;Tesla;86;transition;StateMissing;30;0;266;86;100;0;28;30;30;30;30;93,33;100;100;100;100
1;Tesla;86;transition;TransitionDestinationExchange;81;11;266;86;100;0;45;55;58;60;66;64,29;78,57;82,86;85,71;94,29
1;Tesla;86;pair;TransitionMissing;43;0;379;86;100;0;37;39;40;41;43;86,05;90,7;93,02;95,35;100
1;Tesla;86;pair;ActionExchange;81;0;379;86;100;0;64;74;76;78;81;79,01;91,36;93,83;96,3;100
1;Tesla;86;pair;StateMissing;30;0;379;86;100;0;29;30;30;30;30;96,67;100;100;100;100
1;Tesla;86;pair;TransitionDestinationExchange;81;11;379;86;100;0;51;58;60;63;68;72,86;82,86;85,71;90;97,14
1;Tesla;87;state;TransitionMissing;29;0;26;58;100;0;25;26;26;27;29;86,21;89,66;89,66;93,1;100
1;Tesla;87;state;ActionExchange;33;0;26;58;100;0;31;31;31;31;33;93,94;93,94;93,94;93,94;100
1;Tesla;87;state;StateMissing;26;0;26;58;100;0;24;25;25;26;26;92,31;96,15;96,15;100;100
1;Tesla;87;state;TransitionDestinationExchange;33;1;26;58;100;0;26;27;27;28;32;81,25;84,38;84,38;87,5;100
1;Tesla;87;transition;TransitionMissing;29;0;77;58;100;0;26;28;29;29;29;89,66;96,55;100;100;100
1;Tesla;87;transition;ActionExchange;33;0;77;58;100;0;31;32;33;33;33;93,94;96,97;100;100;100
1;Tesla;87;transition;StateMissing;26;0;77;58;100;0;25;26;26;26;26;96,15;100;100;100;100
1;Tesla;87;transition;TransitionDestinationExchange;33;1;77;58;100;0;27;30;32;32;32;84,38;93,75;100;100;100
1;Tesla;87;pair;TransitionMissing;29;0;53;58;100;0;25;27;28;29;29;86,21;93,1;96,55;100;100
1;Tesla;87;pair;ActionExchange;33;0;53;58;100;0;31;32;32;33;33;93,94;96,97;96,97;100;100
1;Tesla;87;pair;StateMissing;26;0;53;58;100;0;24;26;26;26;26;92,31;100;100;100;100
1;Tesla;87;pair;TransitionDestinationExchange;33;1;53;58;100;0;26;29;30;32;32;81,25;90,62;93,75;100;100
1;Tesla;88;state;TransitionMissing;34;0;63;68;100;0;25;28;29;30;31;73,53;82,35;85,29;88,24;91,18
1;Tesla;88;state;ActionExchange;51;0;63;68;100;0;32;39;42;46;48;62,75;76,47;82,35;90,2;94,12
1;Tesla;88;state;StateMissing;27;0;63;68;100;0;24;26;26;27;27;88,89;96,3;96,3;100;100
1;Tesla;88;state;TransitionDestinationExchange;51;5;63;68;100;0;26;32;34;37;40;56,52;69,57;73,91;80,43;86,96
1;Tesla;88;transition;TransitionMissing;34;0;158;68;100;0;29;31;31;32;34;85,29;91,18;91,18;94,12;100
1;Tesla;88;transition;ActionExchange;51;0;158;68;100;0;41;47;48;50;51;80,39;92,16;94,12;98,04;100
1;Tesla;88;transition;StateMissing;27;0;158;68;100;0;26;27;27;27;27;96,3;100;100;100;100
1;Tesla;88;transition;TransitionDestinationExchange;51;5;158;68;100;0;34;38;39;41;45;73,91;82,61;84,78;89,13;97,83
1;Tesla;88;pair;TransitionMissing;34;0;213;68;100;0;29;32;32;33;34;85,29;94,12;94,12;97,06;100
1;Tesla;88;pair;ActionExchange;51;0;213;68;100;0;41;48;50;50;51;80,39;94,12;98,04;98,04;100
1;Tesla;88;pair;StateMissing;27;0;213;68;100;0;26;27;27;27;27;96,3;100;100;100;100
1;Tesla;88;pair;TransitionDestinationExchange;51;5;213;68;100;0;34;40;41;43;45;73,91;86,96;89,13;93,48;97,83
1;Tesla;89;state;TransitionMissing;38;0;65;76;100;0;27;31;32;33;35;71,05;81,58;84,21;86,84;92,11
1;Tesla;89;state;ActionExchange;59;0;65;76;100;0;39;47;51;54;56;66,1;79,66;86,44;91,53;94,92
1;Tesla;89;state;StateMissing;29;0;65;76;100;0;25;27;28;29;29;86,21;93,1;96,55;100;100
1;Tesla;89;state;TransitionDestinationExchange;59;5;65;76;100;0;31;38;41;43;47;57,41;70,37;75,93;79,63;87,04
1;Tesla;89;transition;TransitionMissing;38;0;160;76;100;0;31;34;35;36;37;81,58;89,47;92,11;94,74;97,37
1;Tesla;89;transition;ActionExchange;59;0;160;76;100;0;45;53;56;57;59;76,27;89,83;94,92;96,61;100
1;Tesla;89;transition;StateMissing;29;0;160;76;100;0;27;28;29;29;29;93,1;96,55;100;100;100
1;Tesla;89;transition;TransitionDestinationExchange;59;5;160;76;100;0;38;44;47;49;52;70,37;81,48;87,04;90,74;96,3
1;Tesla;89;pair;TransitionMissing;38;0;215;76;100;0;33;35;36;37;38;86,84;92,11;94,74;97,37;100
1;Tesla;89;pair;ActionExchange;59;0;215;76;100;0;49;55;58;58;59;83,05;93,22;98,31;98,31;100
1;Tesla;89;pair;StateMissing;29;0;215;76;100;0;28;29;29;29;29;96,55;100;100;100;100
1;Tesla;89;pair;TransitionDestinationExchange;59;5;215;76;100;0;42;47;49;51;54;77,78;87,04;90,74;94,44;100
1;Tesla;90;state;TransitionMissing;34;0;88;68;100;0;27;29;29;30;32;79,41;85,29;85,29;88,24;94,12
1;Tesla;90;state;ActionExchange;51;0;88;68;100;0;37;41;44;46;50;72,55;80,39;86,27;90,2;98,04
1;Tesla;90;state;StateMissing;27;0;88;68;100;0;25;26;26;27;27;92,59;96,3;96,3;100;100
1;Tesla;90;state;TransitionDestinationExchange;51;5;88;68;100;0;30;34;35;37;41;65,22;73,91;76,09;80,43;89,13
1;Tesla;90;transition;TransitionMissing;34;0;158;68;100;0;27;31;31;32;33;79,41;91,18;91,18;94,12;97,06
1;Tesla;90;transition;ActionExchange;51;0;158;68;100;0;37;46;48;49;51;72,55;90,2;94,12;96,08;100
1;Tesla;90;transition;StateMissing;27;0;158;68;100;0;25;27;27;27;27;92,59;100;100;100;100
1;Tesla;90;transition;TransitionDestinationExchange;51;5;158;68;100;0;30;37;39;41;44;65,22;80,43;84,78;89,13;95,65
1;Tesla;90;pair;TransitionMissing;34;0;213;68;100;0;29;31;32;33;34;85,29;91,18;94,12;97,06;100
1;Tesla;90;pair;ActionExchange;51;0;213;68;100;0;41;47;49;50;51;80,39;92,16;96,08;98,04;100
1;Tesla;90;pair;StateMissing;27;0;213;68;100;0;26;27;27;27;27;96,3;100;100;100;100
1;Tesla;90;pair;TransitionDestinationExchange;51;5;213;68;100;0;34;39;41;43;45;73,91;84,78;89,13;93,48;97,83
1;Tesla;91;state;TransitionMissing;41;0;40;82;100;0;26;29;30;30;33;63,41;70,73;73,17;73,17;80,49
1;Tesla;91;state;ActionExchange;77;0;40;82;100;0;37;45;49;51;59;48,05;58,44;63,64;66,23;76,62
1;Tesla;91;state;StateMissing;29;0;40;82;100;0;25;26;27;28;29;86,21;89,66;93,1;96,55;100
1;Tesla;91;state;TransitionDestinationExchange;77;11;40;82;100;0;27;34;36;39;45;40,91;51,52;54,55;59,09;68,18
1;Tesla;91;transition;TransitionMissing;41;0;240;82;100;0;33;35;37;37;39;80,49;85,37;90,24;90,24;95,12
1;Tesla;91;transition;ActionExchange;77;0;240;82;100;0;57;66;69;71;75;74,03;85,71;89,61;92,21;97,4
1;Tesla;91;transition;StateMissing;29;0;240;82;100;0;28;29;29;29;29;96,55;100;100;100;100
1;Tesla;91;transition;TransitionDestinationExchange;77;11;240;82;100;0;43;49;53;55;60;65,15;74,24;80,3;83,33;90,91
1;Tesla;91;pair;TransitionMissing;41;0;378;82;100;0;34;37;38;39;41;82,93;90,24;92,68;95,12;100
1;Tesla;91;pair;ActionExchange;77;0;378;82;100;0;60;70;72;75;77;77,92;90,91;93,51;97,4;100
1;Tesla;91;pair;StateMissing;29;0;378;82;100;0;28;29;29;29;29;96,55;100;100;100;100
1;Tesla;91;pair;TransitionDestinationExchange;77;11;378;82;100;0;48;54;56;59;66;72,73;81,82;84,85;89,39;100
1;Tesla;92;state;TransitionMissing;46;0;65;92;100;0;27;30;31;32;35;58,7;65,22;67,39;69,57;76,09
1;Tesla;92;state;ActionExchange;111;0;65;92;100;0;47;58;63;68;79;42,34;52,25;56,76;61,26;71,17
1;Tesla;92;state;StateMissing;29;0;65;92;100;0;25;27;27;28;29;86,21;93,1;93,1;96,55;100
1;Tesla;92;state;TransitionDestinationExchange;111;14;65;92;100;0;33;40;44;48;55;34,02;41,24;45,36;49,48;56,7
1;Tesla;92;transition;TransitionMissing;46;0;322;92;100;0;36;39;40;41;44;78,26;84,78;86,96;89,13;95,65
1;Tesla;92;transition;ActionExchange;111;0;322;92;100;0;77;90;96;100;106;69,37;81,08;86,49;90,09;95,5
1;Tesla;92;transition;StateMissing;29;0;322;92;100;0;28;29;29;29;29;96,55;100;100;100;100
1;Tesla;92;transition;TransitionDestinationExchange;111;14;322;92;100;0;55;66;71;73;81;56,7;68,04;73,2;75,26;83,51
1;Tesla;92;pair;TransitionMissing;46;0;685;92;100;0;40;42;43;44;46;86,96;91,3;93,48;95,65;100
1;Tesla;92;pair;ActionExchange;111;0;685;92;100;0;93;102;105;107;111;83,78;91,89;94,59;96,4;100
1;Tesla;92;pair;StateMissing;29;0;685;92;100;0;29;29;29;29;29;100;100;100;100;100
1;Tesla;92;pair;TransitionDestinationExchange;111;14;685;92;100;0;70;78;82;84;93;72,16;80,41;84,54;86,6;95,88
1;Tesla;93;state;TransitionMissing;32;0;38;64;100;0;25;27;29;30;30;78,12;84,38;90,62;93,75;93,75
1;Tesla;93;state;ActionExchange;41;0;38;64;100;0;33;36;38;39;40;80,49;87,8;92,68;95,12;97,56
1;Tesla;93;state;StateMissing;27;0;38;64;100;0;24;25;26;27;27;88,89;92,59;96,3;100;100
1;Tesla;93;state;TransitionDestinationExchange;41;2;38;64;100;0;27;31;33;34;36;69,23;79,49;84,62;87,18;92,31
1;Tesla;93;transition;TransitionMissing;32;0;105;64;100;0;28;30;31;31;32;87,5;93,75;96,88;96,88;100
1;Tesla;93;transition;ActionExchange;41;0;105;64;100;0;34;39;40;41;41;82,93;95,12;97,56;100;100
1;Tesla;93;transition;StateMissing;27;0;105;64;100;0;26;27;27;27;27;96,3;100;100;100;100
1;Tesla;93;transition;TransitionDestinationExchange;41;2;105;64;100;0;30;34;37;37;39;76,92;87,18;94,87;94,87;100
1;Tesla;93;pair;TransitionMissing;32;0;106;64;100;0;28;30;31;31;32;87,5;93,75;96,88;96,88;100
1;Tesla;93;pair;ActionExchange;41;0;106;64;100;0;34;40;40;41;41;82,93;97,56;97,56;100;100
1;Tesla;93;pair;StateMissing;27;0;106;64;100;0;26;27;27;27;27;96,3;100;100;100;100
1;Tesla;93;pair;TransitionDestinationExchange;41;2;106;64;100;0;30;35;37;37;39;76,92;89,74;94,87;94,87;100
1;Tesla;94;state;TransitionMissing;36;0;39;72;100;0;25;28;29;30;32;69,44;77,78;80,56;83,33;88,89
1;Tesla;94;state;ActionExchange;55;0;39;72;100;0;35;40;42;46;48;63,64;72,73;76,36;83,64;87,27
1;Tesla;94;state;StateMissing;28;0;39;72;100;0;24;26;26;27;28;85,71;92,86;92,86;96,43;100
1;Tesla;94;state;TransitionDestinationExchange;55;5;39;72;100;0;27;32;34;36;40;54;64;68;72;80
1;Tesla;94;transition;TransitionMissing;36;0;184;72;100;0;29;33;34;34;36;80,56;91,67;94,44;94,44;100
1;Tesla;94;transition;ActionExchange;55;0;184;72;100;0;41;51;53;54;55;74,55;92,73;96,36;98,18;100
1;Tesla;94;transition;StateMissing;28;0;184;72;100;0;26;28;28;28;28;92,86;100;100;100;100
1;Tesla;94;transition;TransitionDestinationExchange;55;5;184;72;100;0;34;42;44;45;49;68;84;88;90;98
1;Tesla;94;pair;TransitionMissing;36;0;214;72;100;0;31;33;34;35;36;86,11;91,67;94,44;97,22;100
1;Tesla;94;pair;ActionExchange;55;0;214;72;100;0;45;51;53;54;55;81,82;92,73;96,36;98,18;100
1;Tesla;94;pair;StateMissing;28;0;214;72;100;0;27;28;28;28;28;96,43;100;100;100;100
1;Tesla;94;pair;TransitionDestinationExchange;55;5;214;72;100;0;39;43;45;47;50;78;86;90;94;100
1;Tesla;95;state;TransitionMissing;43;0;41;86;100;0;26;29;31;32;35;60,47;67,44;72,09;74,42;81,4
1;Tesla;95;state;ActionExchange;81;0;41;86;100;0;40;49;52;55;64;49,38;60,49;64,2;67,9;79,01
1;Tesla;95;state;StateMissing;30;0;41;86;100;0;25;27;28;28;30;83,33;90;93,33;93,33;100
1;Tesla;95;state;TransitionDestinationExchange;81;11;41;86;100;0;28;36;39;42;49;40;51,43;55,71;60;70
1;Tesla;95;transition;TransitionMissing;43;0;266;86;100;0;35;38;38;40;41;81,4;88,37;88,37;93,02;95,35
1;Tesla;95;transition;ActionExchange;81;0;266;86;100;0;60;71;72;75;80;74,07;87,65;88,89;92,59;98,77
1;Tesla;95;transition;StateMissing;30;0;266;86;100;0;29;30;30;30;30;96,67;100;100;100;100
1;Tesla;95;transition;TransitionDestinationExchange;81;11;266;86;100;0;47;55;58;60;64;67,14;78,57;82,86;85,71;91,43
1;Tesla;95;pair;TransitionMissing;43;0;379;86;100;0;37;39;40;41;42;86,05;90,7;93,02;95,35;97,67
1;Tesla;95;pair;ActionExchange;81;0;379;86;100;0;63;74;76;78;81;77,78;91,36;93,83;96,3;100
1;Tesla;95;pair;StateMissing;30;0;379;86;100;0;29;30;30;30;30;96,67;100;100;100;100
1;Tesla;95;pair;TransitionDestinationExchange;81;11;379;86;100;0;52;58;61;63;69;74,29;82,86;87,14;90;98,57
1;Tesla;96;state;TransitionMissing;34;0;36;68;100;0;25;29;30;31;32;73,53;85,29;88,24;91,18;94,12
1;Tesla;96;state;ActionExchange;45;0;36;68;100;0;36;39;41;42;44;80;86,67;91,11;93,33;97,78
1;Tesla;96;state;StateMissing;28;0;36;68;100;0;24;26;27;27;28;85,71;92,86;96,43;96,43;100
1;Tesla;96;state;TransitionDestinationExchange;45;2;36;68;100;0;28;33;35;37;40;65,12;76,74;81,4;86,05;93,02
1;Tesla;96;transition;TransitionMissing;34;0;106;68;100;0;29;31;33;33;34;85,29;91,18;97,06;97,06;100
1;Tesla;96;transition;ActionExchange;45;0;106;68;100;0;38;42;44;45;45;84,44;93,33;97,78;100;100
1;Tesla;96;transition;StateMissing;28;0;106;68;100;0;26;27;28;28;28;92,86;96,43;100;100;100
1;Tesla;96;transition;TransitionDestinationExchange;45;2;106;68;100;0;34;37;40;41;43;79,07;86,05;93,02;95,35;100
1;Tesla;96;pair;TransitionMissing;34;0;132;68;100;0;29;32;33;33;34;85,29;94,12;97,06;97,06;100
1;Tesla;96;pair;ActionExchange;45;0;132;68;100;0;38;43;44;45;45;84,44;95,56;97,78;100;100
1;Tesla;96;pair;StateMissing;28;0;132;68;100;0;26;28;28;28;28;92,86;100;100;100;100
1;Tesla;96;pair;TransitionDestinationExchange;45;2;132;68;100;0;34;39;41;42;43;79,07;90,7;95,35;97,67;100
1;Tesla;97;state;TransitionMissing;41;0;65;82;100;0;27;30;31;32;34;65,85;73,17;75,61;78,05;82,93
1;Tesla;97;state;ActionExchange;77;0;65;82;100;0;42;49;53;56;63;54,55;63,64;68,83;72,73;81,82
1;Tesla;97;state;StateMissing;29;0;65;82;100;0;25;27;27;28;29;86,21;93,1;93,1;96,55;100
1;Tesla;97;state;TransitionDestinationExchange;77;11;65;82;100;0;34;38;40;42;48;51,52;57,58;60,61;63,64;72,73
1;Tesla;97;transition;TransitionMissing;41;0;240;82;100;0;32;35;36;37;39;78,05;85,37;87,8;90,24;95,12
1;Tesla;97;transition;ActionExchange;77;0;240;82;100;0;54;66;69;71;75;70,13;85,71;89,61;92,21;97,4
1;Tesla;97;transition;StateMissing;29;0;240;82;100;0;28;29;29;29;29;96,55;100;100;100;100
1;Tesla;97;transition;TransitionDestinationExchange;77;11;240;82;100;0;39;49;52;55;59;59,09;74,24;78,79;83,33;89,39
1;Tesla;97;pair;TransitionMissing;41;0;378;82;100;0;34;37;38;39;41;82,93;90,24;92,68;95,12;100
1;Tesla;97;pair;ActionExchange;77;0;378;82;100;0;57;70;72;74;77;74,03;90,91;93,51;96,1;100
1;Tesla;97;pair;StateMissing;29;0;378;82;100;0;28;29;29;29;29;96,55;100;100;100;100
1;Tesla;97;pair;TransitionDestinationExchange;77;11;378;82;100;0;46;54;57;59;65;69,7;81,82;86,36;89,39;98,48
1;Tesla;98;state;TransitionMissing;47;0;66;94;100;0;27;31;32;33;36;57,45;65,96;68,09;70,21;76,6
1;Tesla;98;state;ActionExchange;109;0;66;94;100;0;44;58;62;67;77;40,37;53,21;56,88;61,47;70,64
1;Tesla;98;state;StateMissing;30;0;66;94;100;0;25;27;28;29;30;83,33;90;93,33;96,67;100
1;Tesla;98;state;TransitionDestinationExchange;109;21;66;94;100;0;33;41;44;47;55;37,5;46,59;50;53,41;62,5
1;Tesla;98;transition;TransitionMissing;47;0;322;94;100;0;34;39;40;41;44;72,34;82,98;85,11;87,23;93,62
1;Tesla;98;transition;ActionExchange;109;0;322;94;100;0;63;87;91;97;103;57,8;79,82;83,49;88,99;94,5
1;Tesla;98;transition;StateMissing;30;0;322;94;100;0;28;30;30;30;30;93,33;100;100;100;100
1;Tesla;98;transition;TransitionDestinationExchange;109;21;322;94;100;0;47;61;64;68;75;53,41;69,32;72,73;77,27;85,23
1;Tesla;98;pair;TransitionMissing;47;0;626;94;100;0;40;42;43;44;47;85,11;89,36;91,49;93,62;100
1;Tesla;98;pair;ActionExchange;109;0;626;94;100;0;85;97;100;104;109;77,98;88,99;91,74;95,41;100
1;Tesla;98;pair;StateMissing;30;0;626;94;100;0;29;30;30;30;30;96,67;100;100;100;100
1;Tesla;98;pair;TransitionDestinationExchange;109;21;626;94;100;0;62;70;74;77;84;70,45;79,55;84,09;87,5;95,45
1;Tesla;99;state;TransitionMissing;32;0;38;64;100;0;25;27;28;29;30;78,12;84,38;87,5;90,62;93,75
1;Tesla;99;state;ActionExchange;41;0;38;64;100;0;33;36;37;39;40;80,49;87,8;90,24;95,12;97,56
1;Tesla;99;state;StateMissing;27;0;38;64;100;0;24;26;26;27;27;88,89;96,3;96,3;100;100
1;Tesla;99;state;TransitionDestinationExchange;41;2;38;64;100;0;27;30;32;33;36;69,23;76,92;82,05;84,62;92,31
1;Tesla;99;transition;TransitionMissing;32;0;130;64;100;0;27;30;31;31;32;84,38;93,75;96,88;96,88;100
1;Tesla;99;transition;ActionExchange;41;0;130;64;100;0;35;40;40;41;41;85,37;97,56;97,56;100;100
1;Tesla;99;transition;StateMissing;27;0;130;64;100;0;25;27;27;27;27;92,59;100;100;100;100
1;Tesla;99;transition;TransitionDestinationExchange;41;2;130;64;100;0;30;36;37;37;39;76,92;92,31;94,87;94,87;100
1;Tesla;99;pair;TransitionMissing;32;0;106;64;100;0;27;30;31;31;32;84,38;93,75;96,88;96,88;100
1;Tesla;99;pair;ActionExchange;41;0;106;64;100;0;35;39;40;41;41;85,37;95,12;97,56;100;100
1;Tesla;99;pair;StateMissing;27;0;106;64;100;0;25;27;27;27;27;92,59;100;100;100;100
1;Tesla;99;pair;TransitionDestinationExchange;41;2;106;64;100;0;30;35;37;37;39;76,92;89,74;94,87;94,87;100
1;Tesla;100;state;TransitionMissing;32;0;38;64;100;0;25;27;28;29;30;78,12;84,38;87,5;90,62;93,75
1;Tesla;100;state;ActionExchange;41;0;38;64;100;0;33;35;37;38;40;80,49;85,37;90,24;92,68;97,56
1;Tesla;100;state;StateMissing;27;0;38;64;100;0;24;25;26;26;27;88,89;92,59;96,3;96,3;100
1;Tesla;100;state;TransitionDestinationExchange;41;2;38;64;100;0;27;30;32;33;36;69,23;76,92;82,05;84,62;92,31
1;Tesla;100;transition;TransitionMissing;32;0;105;64;100;0;28;30;31;31;32;87,5;93,75;96,88;96,88;100
1;Tesla;100;transition;ActionExchange;41;0;105;64;100;0;34;39;40;41;41;82,93;95,12;97,56;100;100
1;Tesla;100;transition;StateMissing;27;0;105;64;100;0;26;27;27;27;27;96,3;100;100;100;100
1;Tesla;100;transition;TransitionDestinationExchange;41;2;105;64;100;0;30;34;37;37;39;76,92;87,18;94,87;94,87;100
1;Tesla;100;pair;TransitionMissing;32;0;106;64;100;0;28;30;31;31;32;87,5;93,75;96,88;96,88;100
1;Tesla;100;pair;ActionExchange;41;0;106;64;100;0;34;39;40;41;41;82,93;95,12;97,56;100;100
1;Tesla;100;pair;StateMissing;27;0;106;64;100;0;26;27;27;27;27;96,3;100;100;100;100
1;Tesla;100;pair;TransitionDestinationExchange;41;2;106;64;100;0;30;35;37;37;39;76,92;89,74;94,87;94,87;100
1;Tesla;101;state;TransitionMissing;31;0;38;62;100;0;25;27;29;30;31;80,65;87,1;93,55;96,77;100
1;Tesla;101;state;ActionExchange;37;0;38;62;100;0;34;35;35;36;37;91,89;94,59;94,59;97,3;100
1;Tesla;101;state;StateMissing;27;0;38;62;100;0;24;26;26;27;27;88,89;96,3;96,3;100;100
1;Tesla;101;state;TransitionDestinationExchange;37;1;38;62;100;0;27;30;32;34;36;75;83,33;88,89;94,44;100
1;Tesla;101;transition;TransitionMissing;31;0;78;62;100;0;27;29;30;31;31;87,1;93,55;96,77;100;100
1;Tesla;101;transition;ActionExchange;37;0;78;62;100;0;35;36;36;37;37;94,59;97,3;97,3;100;100
1;Tesla;101;transition;StateMissing;27;0;78;62;100;0;25;26;27;27;27;92,59;96,3;100;100;100
1;Tesla;101;transition;TransitionDestinationExchange;37;1;78;62;100;0;30;33;34;36;36;83,33;91,67;94,44;100;100
1;Tesla;101;pair;TransitionMissing;31;0;54;62;100;0;25;29;29;31;31;80,65;93,55;93,55;100;100
1;Tesla;101;pair;ActionExchange;37;0;54;62;100;0;34;35;36;37;37;91,89;94,59;97,3;100;100
1;Tesla;101;pair;StateMissing;27;0;54;62;100;0;24;26;27;27;27;88,89;96,3;100;100;100
1;Tesla;101;pair;TransitionDestinationExchange;37;1;54;62;100;0;27;32;33;36;36;75;88,89;91,67;100;100
1;Tesla;102;state;TransitionMissing;38;0;65;76;100;0;25;31;32;33;35;65,79;81,58;84,21;86,84;92,11
1;Tesla;102;state;ActionExchange;59;0;65;76;100;0;39;47;49;51;55;66,1;79,66;83,05;86,44;93,22
1;Tesla;102;state;StateMissing;29;0;65;76;100;0;24;27;28;28;29;82,76;93,1;96,55;96,55;100
1;Tesla;102;state;TransitionDestinationExchange;59;5;65;76;100;0;29;38;41;42;48;53,7;70,37;75,93;77,78;88,89
1;Tesla;102;transition;TransitionMissing;38;0;185;76;100;0;31;35;35;36;38;81,58;92,11;92,11;94,74;100
1;Tesla;102;transition;ActionExchange;59;0;185;76;100;0;45;54;56;57;59;76,27;91,53;94,92;96,61;100
1;Tesla;102;transition;StateMissing;29;0;185;76;100;0;27;29;29;29;29;93,1;100;100;100;100
1;Tesla;102;transition;TransitionDestinationExchange;59;5;185;76;100;0;38;46;48;50;53;70,37;85,19;88,89;92,59;98,15
1;Tesla;102;pair;TransitionMissing;38;0;215;76;100;0;33;35;36;36;38;86,84;92,11;94,74;94,74;100
1;Tesla;102;pair;ActionExchange;59;0;215;76;100;0;47;55;56;58;59;79,66;93,22;94,92;98,31;100
1;Tesla;102;pair;StateMissing;29;0;215;76;100;0;28;29;29;29;29;96,55;100;100;100;100
1;Tesla;102;pair;TransitionDestinationExchange;59;5;215;76;100;0;40;46;49;50;54;74,07;85,19;90,74;92,59;100
1;Tesla;103;state;TransitionMissing;32;0;63;64;100;0;26;29;30;31;31;81,25;90,62;93,75;96,88;96,88
1;Tesla;103;state;ActionExchange;41;0;63;64;100;0;33;37;39;40;41;80,49;90,24;95,12;97,56;100
1;Tesla;103;state;StateMissing;27;0;63;64;100;0;25;26;27;27;27;92,59;96,3;100;100;100
1;Tesla;103;state;TransitionDestinationExchange;41;2;63;64;100;0;27;33;35;36;38;69,23;84,62;89,74;92,31;97,44
1;Tesla;103;transition;TransitionMissing;32;0;130;64;100;0;28;31;31;31;32;87,5;96,88;96,88;96,88;100
1;Tesla;103;transition;ActionExchange;41;0;130;64;100;0;37;40;41;41;41;90,24;97,56;100;100;100
1;Tesla;103;transition;StateMissing;27;0;130;64;100;0;26;27;27;27;27;96,3;100;100;100;100
1;Tesla;103;transition;TransitionDestinationExchange;41;2;130;64;100;0;31;36;37;38;39;79,49;92,31;94,87;97,44;100
1;Tesla;103;pair;TransitionMissing;32;0;106;64;100;0;28;30;31;31;32;87,5;93,75;96,88;96,88;100
1;Tesla;103;pair;ActionExchange;41;0;106;64;100;0;36;40;40;41;41;87,8;97,56;97,56;100;100
1;Tesla;103;pair;StateMissing;27;0;106;64;100;0;26;27;27;27;27;96,3;100;100;100;100
1;Tesla;103;pair;TransitionDestinationExchange;41;2;106;64;100;0;31;36;37;37;39;79,49;92,31;94,87;94,87;100
1;Tesla;104;state;TransitionMissing;34;0;88;68;100;0;27;29;29;31;32;79,41;85,29;85,29;91,18;94,12
1;Tesla;104;state;ActionExchange;51;0;88;68;100;0;37;41;44;47;50;72,55;80,39;86,27;92,16;98,04
1;Tesla;104;state;StateMissing;27;0;88;68;100;0;25;26;26;27;27;92,59;96,3;96,3;100;100
1;Tesla;104;state;TransitionDestinationExchange;51;5;88;68;100;0;30;34;36;38;43;65,22;73,91;78,26;82,61;93,48
1;Tesla;104;transition;TransitionMissing;34;0;158;68;100;0;27;30;31;32;33;79,41;88,24;91,18;94,12;97,06
1;Tesla;104;transition;ActionExchange;51;0;158;68;100;0;37;46;48;49;51;72,55;90,2;94,12;96,08;100
1;Tesla;104;transition;StateMissing;27;0;158;68;100;0;25;26;27;27;27;92,59;96,3;100;100;100
1;Tesla;104;transition;TransitionDestinationExchange;51;5;158;68;100;0;30;37;40;41;45;65,22;80,43;86,96;89,13;97,83
1;Tesla;104;pair;TransitionMissing;34;0;213;68;100;0;29;31;32;33;34;85,29;91,18;94,12;97,06;100
1;Tesla;104;pair;ActionExchange;51;0;213;68;100;0;39;47;49;50;51;76,47;92,16;96,08;98,04;100
1;Tesla;104;pair;StateMissing;27;0;213;68;100;0;26;27;27;27;27;96,3;100;100;100;100
1;Tesla;104;pair;TransitionDestinationExchange;51;5;213;68;100;0;32;40;41;43;46;69,57;86,96;89,13;93,48;100
1;Tesla;105;state;TransitionMissing;36;0;64;72;100;0;25;30;30;31;33;69,44;83,33;83,33;86,11;91,67
1;Tesla;105;state;ActionExchange;55;0;64;72;100;0;37;43;45;49;52;67,27;78,18;81,82;89,09;94,55
1;Tesla;105;state;StateMissing;28;0;64;72;100;0;24;27;27;28;28;85,71;96,43;96,43;100;100
1;Tesla;105;state;TransitionDestinationExchange;55;5;64;72;100;0;28;35;37;39;43;56;70;74;78;86
1;Tesla;105;transition;TransitionMissing;36;0;184;72;100;0;29;33;33;34;35;80,56;91,67;91,67;94,44;97,22
1;Tesla;105;transition;ActionExchange;55;0;184;72;100;0;41;50;52;53;55;74,55;90,91;94,55;96,36;100
1;Tesla;105;transition;StateMissing;28;0;184;72;100;0;26;28;28;28;28;92,86;100;100;100;100
1;Tesla;105;transition;TransitionDestinationExchange;55;5;184;72;100;0;34;42;44;45;48;68;84;88;90;96
1;Tesla;105;pair;TransitionMissing;36;0;214;72;100;0;31;33;34;35;35;86,11;91,67;94,44;97,22;97,22
1;Tesla;105;pair;ActionExchange;55;0;214;72;100;0;45;51;53;54;55;81,82;92,73;96,36;98,18;100
1;Tesla;105;pair;StateMissing;28;0;214;72;100;0;27;28;28;28;28;96,43;100;100;100;100
1;Tesla;105;pair;TransitionDestinationExchange;55;5;214;72;100;0;38;43;45;46;49;76;86;90;92;98
1;Tesla;106;state;TransitionMissing;41;0;40;82;100;0;25;29;30;30;32;60,98;70,73;73,17;73,17;78,05
1;Tesla;106;state;ActionExchange;77;0;40;82;100;0;37;45;48;52;57;48,05;58,44;62,34;67,53;74,03
1;Tesla;106;state;StateMissing;29;0;40;82;100;0;24;26;27;28;29;82,76;89,66;93,1;96,55;100
1;Tesla;106;state;TransitionDestinationExchange;77;11;40;82;100;0;27;34;37;39;44;40,91;51,52;56,06;59,09;66,67
1;Tesla;106;transition;TransitionMissing;41;0;240;82;100;0;31;35;36;37;40;75,61;85,37;87,8;90,24;97,56
1;Tesla;106;transition;ActionExchange;77;0;240;82;100;0;50;65;69;72;76;64,94;84,42;89,61;93,51;98,7
1;Tesla;106;transition;StateMissing;29;0;240;82;100;0;27;29;29;29;29;93,1;100;100;100;100
1;Tesla;106;transition;TransitionDestinationExchange;77;11;240;82;100;0;39;50;53;55;60;59,09;75,76;80,3;83,33;90,91
1;Tesla;106;pair;TransitionMissing;41;0;378;82;100;0;33;37;38;39;41;80,49;90,24;92,68;95,12;100
1;Tesla;106;pair;ActionExchange;77;0;378;82;100;0;58;70;72;74;77;75,32;90,91;93,51;96,1;100
1;Tesla;106;pair;StateMissing;29;0;378;82;100;0;28;29;29;29;29;96,55;100;100;100;100
1;Tesla;106;pair;TransitionDestinationExchange;77;11;378;82;100;0;46;54;57;59;64;69,7;81,82;86,36;89,39;96,97
1;Tesla;107;state;TransitionMissing;32;0;63;64;100;0;26;29;30;31;31;81,25;90,62;93,75;96,88;96,88
1;Tesla;107;state;ActionExchange;41;0;63;64;100;0;33;37;39;40;41;80,49;90,24;95,12;97,56;100
1;Tesla;107;state;StateMissing;27;0;63;64;100;0;25;26;27;27;27;92,59;96,3;100;100;100
1;Tesla;107;state;TransitionDestinationExchange;41;2;63;64;100;0;27;33;35;36;38;69,23;84,62;89,74;92,31;97,44
1;Tesla;107;transition;TransitionMissing;32;0;130;64;100;0;28;31;31;31;32;87,5;96,88;96,88;96,88;100
1;Tesla;107;transition;ActionExchange;41;0;130;64;100;0;37;40;41;41;41;90,24;97,56;100;100;100
1;Tesla;107;transition;StateMissing;27;0;130;64;100;0;26;27;27;27;27;96,3;100;100;100;100
1;Tesla;107;transition;TransitionDestinationExchange;41;2;130;64;100;0;31;36;37;38;39;79,49;92,31;94,87;97,44;100
1;Tesla;107;pair;TransitionMissing;32;0;106;64;100;0;28;30;31;31;32;87,5;93,75;96,88;96,88;100
1;Tesla;107;pair;ActionExchange;41;0;106;64;100;0;36;40;40;41;41;87,8;97,56;97,56;100;100
1;Tesla;107;pair;StateMissing;27;0;106;64;100;0;26;27;27;27;27;96,3;100;100;100;100
1;Tesla;107;pair;TransitionDestinationExchange;41;2;106;64;100;0;31;36;37;37;39;79,49;92,31;94,87;94,87;100
1;Tesla;108;state;TransitionMissing;36;0;36;72;100;0;25;28;29;30;32;69,44;77,78;80,56;83,33;88,89
1;Tesla;108;state;ActionExchange;55;0;36;72;100;0;35;40;42;44;48;63,64;72,73;76,36;80;87,27
1;Tesla;108;state;StateMissing;28;0;36;72;100;0;24;26;26;27;28;85,71;92,86;92,86;96,43;100
1;Tesla;108;state;TransitionDestinationExchange;55;5;36;72;100;0;27;32;34;36;40;54;64;68;72;80
1;Tesla;108;transition;TransitionMissing;36;0;159;72;100;0;29;32;33;34;35;80,56;88,89;91,67;94,44;97,22
1;Tesla;108;transition;ActionExchange;55;0;159;72;100;0;41;50;51;53;55;74,55;90,91;92,73;96,36;100
1;Tesla;108;transition;StateMissing;28;0;159;72;100;0;26;28;28;28;28;92,86;100;100;100;100
1;Tesla;108;transition;TransitionDestinationExchange;55;5;159;72;100;0;34;40;43;44;48;68;80;86;88;96
1;Tesla;108;pair;TransitionMissing;36;0;214;72;100;0;31;33;34;34;36;86,11;91,67;94,44;94,44;100
1;Tesla;108;pair;ActionExchange;55;0;214;72;100;0;45;52;53;54;55;81,82;94,55;96,36;98,18;100
1;Tesla;108;pair;StateMissing;28;0;214;72;100;0;27;28;28;28;28;96,43;100;100;100;100
1;Tesla;108;pair;TransitionDestinationExchange;55;5;214;72;100;0;38;43;45;46;49;76;86;90;92;98
1;Tesla;109;state;TransitionMissing;36;0;36;72;100;0;25;28;29;30;32;69,44;77,78;80,56;83,33;88,89
1;Tesla;109;state;ActionExchange;55;0;36;72;100;0;35;40;42;44;48;63,64;72,73;76,36;80;87,27
1;Tesla;109;state;StateMissing;28;0;36;72;100;0;24;26;26;27;28;85,71;92,86;92,86;96,43;100
1;Tesla;109;state;TransitionDestinationExchange;55;5;36;72;100;0;27;32;34;36;40;54;64;68;72;80
1;Tesla;109;transition;TransitionMissing;36;0;184;72;100;0;29;33;33;34;35;80,56;91,67;91,67;94,44;97,22
1;Tesla;109;transition;ActionExchange;55;0;184;72;100;0;41;50;52;53;55;74,55;90,91;94,55;96,36;100
1;Tesla;109;transition;StateMissing;28;0;184;72;100;0;26;28;28;28;28;92,86;100;100;100;100
1;Tesla;109;transition;TransitionDestinationExchange;55;5;184;72;100;0;34;42;43;45;49;68;84;86;90;98
1;Tesla;109;pair;TransitionMissing;36;0;214;72;100;0;31;33;34;34;36;86,11;91,67;94,44;94,44;100
1;Tesla;109;pair;ActionExchange;55;0;214;72;100;0;45;52;53;54;55;81,82;94,55;96,36;98,18;100
1;Tesla;109;pair;StateMissing;28;0;214;72;100;0;27;28;28;28;28;96,43;100;100;100;100
1;Tesla;109;pair;TransitionDestinationExchange;55;5;214;72;100;0;38;43;45;46;49;76;86;90;92;98
1;Tesla;110;state;TransitionMissing;29;0;37;58;100;0;25;27;28;28;29;86,21;93,1;96,55;96,55;100
1;Tesla;110;state;ActionExchange;33;0;37;58;100;0;31;32;32;32;33;93,94;96,97;96,97;96,97;100
1;Tesla;110;state;StateMissing;26;0;37;58;100;0;24;25;26;26;26;92,31;96,15;100;100;100
1;Tesla;110;state;TransitionDestinationExchange;33;1;37;58;100;0;26;29;30;30;32;81,25;90,62;93,75;93,75;100
1;Tesla;110;transition;TransitionMissing;29;0;77;58;100;0;25;28;29;29;29;86,21;96,55;100;100;100
1;Tesla;110;transition;ActionExchange;33;0;77;58;100;0;31;32;33;33;33;93,94;96,97;100;100;100
1;Tesla;110;transition;StateMissing;26;0;77;58;100;0;24;26;26;26;26;92,31;100;100;100;100
1;Tesla;110;transition;TransitionDestinationExchange;33;1;77;58;100;0;26;30;32;32;32;81,25;93,75;100;100;100
1;Tesla;110;pair;TransitionMissing;29;0;78;58;100;0;25;28;29;29;29;86,21;96,55;100;100;100
1;Tesla;110;pair;ActionExchange;33;0;78;58;100;0;31;32;33;33;33;93,94;96,97;100;100;100
1;Tesla;110;pair;StateMissing;26;0;78;58;100;0;24;26;26;26;26;92,31;100;100;100;100
1;Tesla;110;pair;TransitionDestinationExchange;33;1;78;58;100;0;26;30;32;32;32;81,25;93,75;100;100;100
1;Tesla;111;state;TransitionMissing;36;0;39;72;100;0;25;28;29;30;32;69,44;77,78;80,56;83,33;88,89
1;Tesla;111;state;ActionExchange;55;0;39;72;100;0;35;41;43;46;49;63,64;74,55;78,18;83,64;89,09
1;Tesla;111;state;StateMissing;28;0;39;72;100;0;24;26;27;27;28;85,71;92,86;96,43;96,43;100
1;Tesla;111;state;TransitionDestinationExchange;55;5;39;72;100;0;27;33;35;37;41;54;66;70;74;82
1;Tesla;111;transition;TransitionMissing;36;0;184;72;100;0;30;33;34;34;36;83,33;91,67;94,44;94,44;100
1;Tesla;111;transition;ActionExchange;55;0;184;72;100;0;43;51;52;54;55;78,18;92,73;94,55;98,18;100
1;Tesla;111;transition;StateMissing;28;0;184;72;100;0;27;28;28;28;28;96,43;100;100;100;100
1;Tesla;111;transition;TransitionDestinationExchange;55;5;184;72;100;0;34;42;44;46;50;68;84;88;92;100
1;Tesla;111;pair;TransitionMissing;36;0;214;72;100;0;31;33;34;35;36;86,11;91,67;94,44;97,22;100
1;Tesla;111;pair;ActionExchange;55;0;214;72;100;0;45;51;53;54;55;81,82;92,73;96,36;98,18;100
1;Tesla;111;pair;StateMissing;28;0;214;72;100;0;27;28;28;28;28;96,43;100;100;100;100
1;Tesla;111;pair;TransitionDestinationExchange;55;5;214;72;100;0;38;44;45;47;50;76;88;90;94;100
1;Tesla;112;state;TransitionMissing;32;0;63;64;100;0;26;29;30;31;31;81,25;90,62;93,75;96,88;96,88
1;Tesla;112;state;ActionExchange;41;0;63;64;100;0;34;37;39;40;41;82,93;90,24;95,12;97,56;100
1;Tesla;112;state;StateMissing;27;0;63;64;100;0;25;26;27;27;27;92,59;96,3;100;100;100
1;Tesla;112;state;TransitionDestinationExchange;41;2;63;64;100;0;28;33;34;37;38;71,79;84,62;87,18;94,87;97,44
1;Tesla;112;transition;TransitionMissing;32;0;105;64;100;0;27;30;31;31;32;84,38;93,75;96,88;96,88;100
1;Tesla;112;transition;ActionExchange;41;0;105;64;100;0;34;39;40;41;41;82,93;95,12;97,56;100;100
1;Tesla;112;transition;StateMissing;27;0;105;64;100;0;25;26;27;27;27;92,59;96,3;100;100;100
1;Tesla;112;transition;TransitionDestinationExchange;41;2;105;64;100;0;30;34;37;37;39;76,92;87,18;94,87;94,87;100
1;Tesla;112;pair;TransitionMissing;32;0;106;64;100;0;27;30;31;31;32;84,38;93,75;96,88;96,88;100
1;Tesla;112;pair;ActionExchange;41;0;106;64;100;0;34;39;40;41;41;82,93;95,12;97,56;100;100
1;Tesla;112;pair;StateMissing;27;0;106;64;100;0;25;26;27;27;27;92,59;96,3;100;100;100
1;Tesla;112;pair;TransitionDestinationExchange;41;2;106;64;100;0;30;34;37;37;39;76,92;87,18;94,87;94,87;100
1;Tesla;113;state;TransitionMissing;38;0;40;76;100;0;26;29;30;31;34;68,42;76,32;78,95;81,58;89,47
1;Tesla;113;state;ActionExchange;59;0;40;76;100;0;38;44;46;49;52;64,41;74,58;77,97;83,05;88,14
1;Tesla;113;state;StateMissing;29;0;40;76;100;0;25;26;27;28;29;86,21;89,66;93,1;96,55;100
1;Tesla;113;state;TransitionDestinationExchange;59;5;40;76;100;0;30;34;36;39;44;55,56;62,96;66,67;72,22;81,48
1;Tesla;113;transition;TransitionMissing;38;0;160;76;100;0;30;34;35;36;37;78,95;89,47;92,11;94,74;97,37
1;Tesla;113;transition;ActionExchange;59;0;160;76;100;0;40;54;55;57;59;67,8;91,53;93,22;96,61;100
1;Tesla;113;transition;StateMissing;29;0;160;76;100;0;27;29;29;29;29;93,1;100;100;100;100
1;Tesla;113;transition;TransitionDestinationExchange;59;5;160;76;100;0;34;44;46;49;53;62,96;81,48;85,19;90,74;98,15
1;Tesla;113;pair;TransitionMissing;38;0;240;76;100;0;32;35;36;37;38;84,21;92,11;94,74;97,37;100
1;Tesla;113;pair;ActionExchange;59;0;240;76;100;0;49;55;57;58;59;83,05;93,22;96,61;98,31;100
1;Tesla;113;pair;StateMissing;29;0;240;76;100;0;27;29;29;29;29;93,1;100;100;100;100
1;Tesla;113;pair;TransitionDestinationExchange;59;5;240;76;100;0;41;48;49;51;54;75,93;88,89;90,74;94,44;100
1;Tesla;114;state;TransitionMissing;39;0;64;78;100;0;25;28;29;30;32;64,1;71,79;74,36;76,92;82,05
1;Tesla;114;state;ActionExchange;73;0;64;78;100;0;37;45;49;52;59;50,68;61,64;67,12;71,23;80,82
1;Tesla;114;state;StateMissing;28;0;64;78;100;0;24;26;27;27;28;85,71;92,86;96,43;96,43;100
1;Tesla;114;state;TransitionDestinationExchange;73;11;64;78;100;0;28;34;36;39;45;45,16;54,84;58,06;62,9;72,58
1;Tesla;114;transition;TransitionMissing;39;0;239;78;100;0;29;34;35;36;37;74,36;87,18;89,74;92,31;94,87
1;Tesla;114;transition;ActionExchange;73;0;239;78;100;0;46;63;65;67;72;63,01;86,3;89,04;91,78;98,63
1;Tesla;114;transition;StateMissing;28;0;239;78;100;0;26;28;28;28;28;92,86;100;100;100;100
1;Tesla;114;transition;TransitionDestinationExchange;73;11;239;78;100;0;35;47;50;52;58;56,45;75,81;80,65;83,87;93,55
1;Tesla;114;pair;TransitionMissing;39;0;377;78;100;0;32;35;36;37;39;82,05;89,74;92,31;94,87;100
1;Tesla;114;pair;ActionExchange;73;0;377;78;100;0;53;65;69;71;73;72,6;89,04;94,52;97,26;100
1;Tesla;114;pair;StateMissing;28;0;377;78;100;0;27;28;28;28;28;96,43;100;100;100;100
1;Tesla;114;pair;TransitionDestinationExchange;73;11;377;78;100;0;41;50;53;56;60;66,13;80,65;85,48;90,32;96,77
1;Tesla;115;state;TransitionMissing;29;0;37;58;100;0;25;27;28;28;29;86,21;93,1;96,55;96,55;100
1;Tesla;115;state;ActionExchange;33;0;37;58;100;0;31;31;32;32;33;93,94;93,94;96,97;96,97;100
1;Tesla;115;state;StateMissing;26;0;37;58;100;0;24;25;26;26;26;92,31;96,15;100;100;100
1;Tesla;115;state;TransitionDestinationExchange;33;1;37;58;100;0;26;28;30;30;32;81,25;87,5;93,75;93,75;100
1;Tesla;115;transition;TransitionMissing;29;0;77;58;100;0;26;28;29;29;29;89,66;96,55;100;100;100
1;Tesla;115;transition;ActionExchange;33;0;77;58;100;0;31;32;33;33;33;93,94;96,97;100;100;100
1;Tesla;115;transition;StateMissing;26;0;77;58;100;0;25;26;26;26;26;96,15;100;100;100;100
1;Tesla;115;transition;TransitionDestinationExchange;33;1;77;58;100;0;27;30;32;32;32;84,38;93,75;100;100;100
1;Tesla;115;pair;TransitionMissing;29;0;53;58;100;0;25;27;28;29;29;86,21;93,1;96,55;100;100
1;Tesla;115;pair;ActionExchange;33;0;53;58;100;0;31;32;32;33;33;93,94;96,97;96,97;100;100
1;Tesla;115;pair;StateMissing;26;0;53;58;100;0;24;26;26;26;26;92,31;100;100;100;100
1;Tesla;115;pair;TransitionDestinationExchange;33;1;53;58;100;0;26;29;30;32;32;81,25;90,62;93,75;100;100
1;Tesla;116;state;TransitionMissing;41;0;65;82;100;0;26;30;31;32;34;63,41;73,17;75,61;78,05;82,93
1;Tesla;116;state;ActionExchange;77;0;65;82;100;0;40;50;55;59;65;51,95;64,94;71,43;76,62;84,42
1;Tesla;116;state;StateMissing;29;0;65;82;100;0;25;27;28;28;29;86,21;93,1;96,55;96,55;100
1;Tesla;116;state;TransitionDestinationExchange;77;11;65;82;100;0;30;38;41;44;51;45,45;57,58;62,12;66,67;77,27
1;Tesla;116;transition;TransitionMissing;41;0;240;82;100;0;31;35;36;37;40;75,61;85,37;87,8;90,24;97,56
1;Tesla;116;transition;ActionExchange;77;0;240;82;100;0;46;66;68;71;76;59,74;85,71;88,31;92,21;98,7
1;Tesla;116;transition;StateMissing;29;0;240;82;100;0;27;29;29;29;29;93,1;100;100;100;100
1;Tesla;116;transition;TransitionDestinationExchange;77;11;240;82;100;0;36;50;53;55;61;54,55;75,76;80,3;83,33;92,42
1;Tesla;116;pair;TransitionMissing;41;0;378;82;100;0;35;37;38;39;41;85,37;90,24;92,68;95,12;100
1;Tesla;116;pair;ActionExchange;77;0;378;82;100;0;60;70;73;75;77;77,92;90,91;94,81;97,4;100
1;Tesla;116;pair;StateMissing;29;0;378;82;100;0;28;29;29;29;29;96,55;100;100;100;100
1;Tesla;116;pair;TransitionDestinationExchange;77;11;378;82;100;0;48;54;57;60;66;72,73;81,82;86,36;90,91;100
1;Tesla;117;state;TransitionMissing;36;0;64;72;100;0;27;29;31;32;33;75;80,56;86,11;88,89;91,67
1;Tesla;117;state;ActionExchange;55;0;64;72;100;0;36;43;46;50;51;65,45;78,18;83,64;90,91;92,73
1;Tesla;117;state;StateMissing;28;0;64;72;100;0;25;26;27;28;28;89,29;92,86;96,43;100;100
1;Tesla;117;state;TransitionDestinationExchange;55;5;64;72;100;0;30;35;38;41;44;60;70;76;82;88
1;Tesla;117;transition;TransitionMissing;36;0;184;72;100;0;29;33;34;34;36;80,56;91,67;94,44;94,44;100
1;Tesla;117;transition;ActionExchange;55;0;184;72;100;0;41;51;52;54;55;74,55;92,73;94,55;98,18;100
1;Tesla;117;transition;StateMissing;28;0;184;72;100;0;26;28;28;28;28;92,86;100;100;100;100
1;Tesla;117;transition;TransitionDestinationExchange;55;5;184;72;100;0;34;42;44;45;49;68;84;88;90;98
1;Tesla;117;pair;TransitionMissing;36;0;214;72;100;0;29;33;34;35;36;80,56;91,67;94,44;97,22;100
1;Tesla;117;pair;ActionExchange;55;0;214;72;100;0;41;51;53;54;55;74,55;92,73;96,36;98,18;100
1;Tesla;117;pair;StateMissing;28;0;214;72;100;0;26;28;28;28;28;92,86;100;100;100;100
1;Tesla;117;pair;TransitionDestinationExchange;55;5;214;72;100;0;34;43;45;47;50;68;86;90;94;100
1;Tesla;118;state;TransitionMissing;32;0;38;64;100;0;25;27;28;29;30;78,12;84,38;87,5;90,62;93,75
1;Tesla;118;state;ActionExchange;41;0;38;64;100;0;33;36;38;39;40;80,49;87,8;92,68;95,12;97,56
1;Tesla;118;state;StateMissing;27;0;38;64;100;0;24;26;26;27;27;88,89;96,3;96,3;100;100
1;Tesla;118;state;TransitionDestinationExchange;41;2;38;64;100;0;27;30;32;34;36;69,23;76,92;82,05;87,18;92,31
1;Tesla;118;transition;TransitionMissing;32;0;105;64;100;0;27;30;31;31;32;84,38;93,75;96,88;96,88;100
1;Tesla;118;transition;ActionExchange;41;0;105;64;100;0;35;40;40;41;41;85,37;97,56;97,56;100;100
1;Tesla;118;transition;StateMissing;27;0;105;64;100;0;25;27;27;27;27;92,59;100;100;100;100
1;Tesla;118;transition;TransitionDestinationExchange;41;2;105;64;100;0;30;35;37;37;39;76,92;89,74;94,87;94,87;100
1;Tesla;118;pair;TransitionMissing;32;0;106;64;100;0;27;30;31;31;32;84,38;93,75;96,88;96,88;100
1;Tesla;118;pair;ActionExchange;41;0;106;64;100;0;35;40;40;41;41;85,37;97,56;97,56;100;100
1;Tesla;118;pair;StateMissing;27;0;106;64;100;0;25;27;27;27;27;92,59;100;100;100;100
1;Tesla;118;pair;TransitionDestinationExchange;41;2;106;64;100;0;30;35;37;37;39;76,92;89,74;94,87;94,87;100
1;Tesla;119;state;TransitionMissing;34;0;38;68;100;0;25;27;28;28;30;73,53;79,41;82,35;82,35;88,24
1;Tesla;119;state;ActionExchange;51;0;38;68;100;0;32;37;39;42;45;62,75;72,55;76,47;82,35;88,24
1;Tesla;119;state;StateMissing;27;0;38;68;100;0;24;25;26;26;27;88,89;92,59;96,3;96,3;100
1;Tesla;119;state;TransitionDestinationExchange;51;5;38;68;100;0;26;30;31;33;37;56,52;65,22;67,39;71,74;80,43
1;Tesla;119;transition;TransitionMissing;34;0;158;68;100;0;27;31;31;32;33;79,41;91,18;91,18;94,12;97,06
1;Tesla;119;transition;ActionExchange;51;0;158;68;100;0;37;46;48;49;51;72,55;90,2;94,12;96,08;100
1;Tesla;119;transition;StateMissing;27;0;158;68;100;0;25;27;27;27;27;92,59;100;100;100;100
1;Tesla;119;transition;TransitionDestinationExchange;51;5;158;68;100;0;30;38;39;41;45;65,22;82,61;84,78;89,13;97,83
1;Tesla;119;pair;TransitionMissing;34;0;213;68;100;0;29;31;32;33;34;85,29;91,18;94,12;97,06;100
1;Tesla;119;pair;ActionExchange;51;0;213;68;100;0;41;48;49;50;51;80,39;94,12;96,08;98,04;100
1;Tesla;119;pair;StateMissing;27;0;213;68;100;0;26;27;27;27;27;96,3;100;100;100;100
1;Tesla;119;pair;TransitionDestinationExchange;51;5;213;68;100;0;34;39;41;42;45;73,91;84,78;89,13;91,3;97,83
1;Tesla;120;state;TransitionMissing;43;0;66;86;100;0;27;32;33;34;36;62,79;74,42;76,74;79,07;83,72
1;Tesla;120;state;ActionExchange;81;0;66;86;100;0;42;55;58;62;67;51,85;67,9;71,6;76,54;82,72
1;Tesla;120;state;StateMissing;30;0;66;86;100;0;25;28;29;29;30;83,33;93,33;96,67;96,67;100
1;Tesla;120;state;TransitionDestinationExchange;81;11;66;86;100;0;33;42;44;47;52;47,14;60;62,86;67,14;74,29
1;Tesla;120;transition;TransitionMissing;43;0;241;86;100;0;34;37;39;39;41;79,07;86,05;90,7;90,7;95,35
1;Tesla;120;transition;ActionExchange;81;0;241;86;100;0;60;70;72;76;79;74,07;86,42;88,89;93,83;97,53
1;Tesla;120;transition;StateMissing;30;0;241;86;100;0;29;30;30;30;30;96,67;100;100;100;100
1;Tesla;120;transition;TransitionDestinationExchange;81;11;241;86;100;0;47;54;57;60;66;67,14;77,14;81,43;85,71;94,29
1;Tesla;120;pair;TransitionMissing;43;0;379;86;100;0;38;39;40;41;43;88,37;90,7;93,02;95,35;100
1;Tesla;120;pair;ActionExchange;81;0;379;86;100;0;69;74;76;78;81;85,19;91,36;93,83;96,3;100
1;Tesla;120;pair;StateMissing;30;0;379;86;100;0;29;30;30;30;30;96,67;100;100;100;100
1;Tesla;120;pair;TransitionDestinationExchange;81;11;379;86;100;0;54;59;61;64;69;77,14;84,29;87,14;91,43;98,57
1;Tesla;121;state;TransitionMissing;41;0;40;82;100;0;25;28;30;30;32;60,98;68,29;73,17;73,17;78,05
1;Tesla;121;state;ActionExchange;77;0;40;82;100;0;37;46;49;51;60;48,05;59,74;63,64;66,23;77,92
1;Tesla;121;state;StateMissing;29;0;40;82;100;0;24;26;27;28;29;82,76;89,66;93,1;96,55;100
1;Tesla;121;state;TransitionDestinationExchange;77;11;40;82;100;0;27;35;37;38;47;40,91;53,03;56,06;57,58;71,21
1;Tesla;121;transition;TransitionMissing;41;0;240;82;100;0;32;35;36;37;39;78,05;85,37;87,8;90,24;95,12
1;Tesla;121;transition;ActionExchange;77;0;240;82;100;0;51;64;68;71;75;66,23;83,12;88,31;92,21;97,4
1;Tesla;121;transition;StateMissing;29;0;240;82;100;0;27;28;29;29;29;93,1;96,55;100;100;100
1;Tesla;121;transition;TransitionDestinationExchange;77;11;240;82;100;0;41;50;53;55;60;62,12;75,76;80,3;83,33;90,91
1;Tesla;121;pair;TransitionMissing;41;0;378;82;100;0;33;37;38;39;41;80,49;90,24;92,68;95,12;100
1;Tesla;121;pair;ActionExchange;77;0;378;82;100;0;57;69;72;74;77;74,03;89,61;93,51;96,1;100
1;Tesla;121;pair;StateMissing;29;0;378;82;100;0;28;29;29;29;29;96,55;100;100;100;100
1;Tesla;121;pair;TransitionDestinationExchange;77;11;378;82;100;0;44;54;56;59;63;66,67;81,82;84,85;89,39;95,45
1;Tesla;122;state;TransitionMissing;62;0;93;124;100;0;27;33;34;36;39;43,55;53,23;54,84;58,06;62,9
1;Tesla;122;state;ActionExchange;211;0;93;124;100;0;50;75;86;95;118;23,7;35,55;40,76;45,02;55,92
1;Tesla;122;state;StateMissing;32;0;93;124;100;0;25;28;29;30;32;78,12;87,5;90,62;93,75;100
1;Tesla;122;state;TransitionDestinationExchange;211;57;93;124;100;0;35;47;53;58;71;22,73;30,52;34,42;37,66;46,1
1;Tesla;122;transition;TransitionMissing;62;0;541;124;100;0;41;47;49;50;55;66,13;75,81;79,03;80,65;88,71
1;Tesla;122;transition;ActionExchange;211;0;541;124;100;0;111;150;159;167;185;52,61;71,09;75,36;79,15;87,68
1;Tesla;122;transition;StateMissing;32;0;541;124;100;0;30;32;32;32;32;93,75;100;100;100;100
1;Tesla;122;transition;TransitionDestinationExchange;211;57;541;124;100;0;70;90;95;101;121;45,45;58,44;61,69;65,58;78,57
1;Tesla;122;pair;TransitionMissing;62;0;1405;124;100;0;52;55;56;58;60;83,87;88,71;90,32;93,55;96,77
1;Tesla;122;pair;ActionExchange;211;0;1405;124;100;0;165;187;193;199;210;78,2;88,63;91,47;94,31;99,53
1;Tesla;122;pair;StateMissing;32;0;1405;124;100;0;32;32;32;32;32;100;100;100;100;100
1;Tesla;122;pair;TransitionDestinationExchange;211;57;1405;124;100;0;102;118;125;129;140;66,23;76,62;81,17;83,77;90,91
1;Tesla;123;state;TransitionMissing;30;0;37;60;100;0;25;27;27;28;28;83,33;90;90;93,33;93,33
1;Tesla;123;state;ActionExchange;37;0;37;60;100;0;30;33;34;36;36;81,08;89,19;91,89;97,3;97,3
1;Tesla;123;state;StateMissing;26;0;37;60;100;0;24;25;25;26;26;92,31;96,15;96,15;100;100
1;Tesla;123;state;TransitionDestinationExchange;37;2;37;60;100;0;26;29;30;31;32;74,29;82,86;85,71;88,57;91,43
1;Tesla;123;transition;TransitionMissing;30;0;104;60;100;0;26;28;29;29;30;86,67;93,33;96,67;96,67;100
1;Tesla;123;transition;ActionExchange;37;0;104;60;100;0;30;36;36;37;37;81,08;97,3;97,3;100;100
1;Tesla;123;transition;StateMissing;26;0;104;60;100;0;25;26;26;26;26;96,15;100;100;100;100
1;Tesla;123;transition;TransitionDestinationExchange;37;2;104;60;100;0;26;32;33;33;35;74,29;91,43;94,29;94,29;100
1;Tesla;123;pair;TransitionMissing;30;0;105;60;100;0;26;29;29;29;30;86,67;96,67;96,67;96,67;100
1;Tesla;123;pair;ActionExchange;37;0;105;60;100;0;30;36;36;37;37;81,08;97,3;97,3;100;100
1;Tesla;123;pair;StateMissing;26;0;105;60;100;0;25;26;26;26;26;96,15;100;100;100;100
1;Tesla;123;pair;TransitionDestinationExchange;37;2;105;60;100;0;26;32;33;33;35;74,29;91,43;94,29;94,29;100
1;Tesla;124;state;TransitionMissing;41;0;40;82;100;0;26;29;30;30;33;63,41;70,73;73,17;73,17;80,49
1;Tesla;124;state;ActionExchange;77;0;40;82;100;0;37;46;49;52;60;48,05;59,74;63,64;67,53;77,92
1;Tesla;124;state;StateMissing;29;0;40;82;100;0;25;26;27;28;29;86,21;89,66;93,1;96,55;100
1;Tesla;124;state;TransitionDestinationExchange;77;11;40;82;100;0;27;35;37;39;47;40,91;53,03;56,06;59,09;71,21
1;Tesla;124;transition;TransitionMissing;41;0;240;82;100;0;33;35;36;37;40;80,49;85,37;87,8;90,24;97,56
1;Tesla;124;transition;ActionExchange;77;0;240;82;100;0;56;66;68;70;76;72,73;85,71;88,31;90,91;98,7
1;Tesla;124;transition;StateMissing;29;0;240;82;100;0;28;29;29;29;29;96,55;100;100;100;100
1;Tesla;124;transition;TransitionDestinationExchange;77;11;240;82;100;0;43;50;52;54;61;65,15;75,76;78,79;81,82;92,42
1;Tesla;124;pair;TransitionMissing;41;0;378;82;100;0;33;37;38;39;41;80,49;90,24;92,68;95,12;100
1;Tesla;124;pair;ActionExchange;77;0;378;82;100;0;56;69;72;74;77;72,73;89,61;93,51;96,1;100
1;Tesla;124;pair;StateMissing;29;0;378;82;100;0;28;29;29;29;29;96,55;100;100;100;100
1;Tesla;124;pair;TransitionDestinationExchange;77;11;378;82;100;0;44;54;57;59;65;66,67;81,82;86,36;89,39;98,48
1;Tesla;125;state;TransitionMissing;41;0;90;82;100;0;28;31;33;34;36;68,29;75,61;80,49;82,93;87,8
1;Tesla;125;state;ActionExchange;77;0;90;82;100;0;44;54;58;63;70;57,14;70,13;75,32;81,82;90,91
1;Tesla;125;state;StateMissing;29;0;90;82;100;0;26;28;28;29;29;89,66;96,55;96,55;100;100
1;Tesla;125;state;TransitionDestinationExchange;77;11;90;82;100;0;33;41;44;46;53;50;62,12;66,67;69,7;80,3
1;Tesla;125;transition;TransitionMissing;41;0;265;82;100;0;31;36;37;38;40;75,61;87,8;90,24;92,68;97,56
1;Tesla;125;transition;ActionExchange;77;0;265;82;100;0;49;68;70;72;76;63,64;88,31;90,91;93,51;98,7
1;Tesla;125;transition;StateMissing;29;0;265;82;100;0;27;29;29;29;29;93,1;100;100;100;100
1;Tesla;125;transition;TransitionDestinationExchange;77;11;265;82;100;0;38;52;54;57;63;57,58;78,79;81,82;86,36;95,45
1;Tesla;125;pair;TransitionMissing;41;0;378;82;100;0;32;37;38;39;41;78,05;90,24;92,68;95,12;100
1;Tesla;125;pair;ActionExchange;77;0;378;82;100;0;51;71;73;74;77;66,23;92,21;94,81;96,1;100
1;Tesla;125;pair;StateMissing;29;0;378;82;100;0;27;29;29;29;29;93,1;100;100;100;100
1;Tesla;125;pair;TransitionDestinationExchange;77;11;378;82;100;0;41;55;57;60;64;62,12;83,33;86,36;90,91;96,97
1;Tesla;126;state;TransitionMissing;47;0;66;94;100;0;27;31;32;32;35;57,45;65,96;68,09;68,09;74,47
1;Tesla;126;state;ActionExchange;109;0;66;94;100;0;44;55;60;65;77;40,37;50,46;55,05;59,63;70,64
1;Tesla;126;state;StateMissing;30;0;66;94;100;0;25;27;28;28;30;83,33;90;93,33;93,33;100
1;Tesla;126;state;TransitionDestinationExchange;109;21;66;94;100;0;33;40;43;46;53;37,5;45,45;48,86;52,27;60,23
1;Tesla;126;transition;TransitionMissing;47;0;322;94;100;0;36;39;40;41;43;76,6;82,98;85,11;87,23;91,49
1;Tesla;126;transition;ActionExchange;109;0;322;94;100;0;73;85;92;95;105;66,97;77,98;84,4;87,16;96,33
1;Tesla;126;transition;StateMissing;30;0;322;94;100;0;29;30;30;30;30;96,67;100;100;100;100
1;Tesla;126;transition;TransitionDestinationExchange;109;21;322;94;100;0;52;60;65;68;77;59,09;68,18;73,86;77,27;87,5
1;Tesla;126;pair;TransitionMissing;47;0;626;94;100;0;39;42;43;44;47;82,98;89,36;91,49;93,62;100
1;Tesla;126;pair;ActionExchange;109;0;626;94;100;0;89;96;100;104;109;81,65;88,07;91,74;95,41;100
1;Tesla;126;pair;StateMissing;30;0;626;94;100;0;30;30;30;30;30;100;100;100;100;100
1;Tesla;126;pair;TransitionDestinationExchange;109;21;626;94;100;0;60;70;73;77;85;68,18;79,55;82,95;87,5;96,59
1;Tesla;127;state;TransitionMissing;49;0;92;98;100;0;32;34;35;36;39;65,31;69,39;71,43;73,47;79,59
1;Tesla;127;state;ActionExchange;113;0;92;98;100;0;53;67;72;77;88;46,9;59,29;63,72;68,14;77,88
1;Tesla;127;state;StateMissing;31;0;92;98;100;0;28;29;30;30;31;90,32;93,55;96,77;96,77;100
1;Tesla;127;state;TransitionDestinationExchange;113;21;92;98;100;0;38;48;51;54;63;41,3;52,17;55,43;58,7;68,48
1;Tesla;127;transition;TransitionMissing;49;0;323;98;100;0;38;41;42;43;45;77,55;83,67;85,71;87,76;91,84
1;Tesla;127;transition;ActionExchange;113;0;323;98;100;0;78;90;95;99;107;69,03;79,65;84,07;87,61;94,69
1;Tesla;127;transition;StateMissing;31;0;323;98;100;0;30;31;31;31;31;96,77;100;100;100;100
1;Tesla;127;transition;TransitionDestinationExchange;113;21;323;98;100;0;55;64;68;71;77;59,78;69,57;73,91;77,17;83,7
1;Tesla;127;pair;TransitionMissing;49;0;627;98;100;0;42;44;45;46;48;85,71;89,8;91,84;93,88;97,96
1;Tesla;127;pair;ActionExchange;113;0;627;98;100;0;88;100;104;107;112;77,88;88,5;92,04;94,69;99,12
1;Tesla;127;pair;StateMissing;31;0;627;98;100;0;31;31;31;31;31;100;100;100;100;100
1;Tesla;127;pair;TransitionDestinationExchange;113;21;627;98;100;0;65;74;77;81;86;70,65;80,43;83,7;88,04;93,48
1;Tesla;128;state;TransitionMissing;41;0;65;82;100;0;25;30;31;32;35;60,98;73,17;75,61;78,05;85,37
1;Tesla;128;state;ActionExchange;77;0;65;82;100;0;37;49;54;57;64;48,05;63,64;70,13;74,03;83,12
1;Tesla;128;state;StateMissing;29;0;65;82;100;0;24;27;27;28;29;82,76;93,1;93,1;96,55;100
1;Tesla;128;state;TransitionDestinationExchange;77;11;65;82;100;0;28;37;40;43;50;42,42;56,06;60,61;65,15;75,76
1;Tesla;128;transition;TransitionMissing;41;0;240;82;100;0;32;35;36;37;39;78,05;85,37;87,8;90,24;95,12
1;Tesla;128;transition;ActionExchange;77;0;240;82;100;0;51;64;68;71;75;66,23;83,12;88,31;92,21;97,4
1;Tesla;128;transition;StateMissing;29;0;240;82;100;0;27;29;29;29;29;93,1;100;100;100;100
1;Tesla;128;transition;TransitionDestinationExchange;77;11;240;82;100;0;41;50;52;55;60;62,12;75,76;78,79;83,33;90,91
1;Tesla;128;pair;TransitionMissing;41;0;378;82;100;0;34;37;38;39;40;82,93;90,24;92,68;95,12;97,56
1;Tesla;128;pair;ActionExchange;77;0;378;82;100;0;60;69;73;74;76;77,92;89,61;94,81;96,1;98,7
1;Tesla;128;pair;StateMissing;29;0;378;82;100;0;28;29;29;29;29;96,55;100;100;100;100
1;Tesla;128;pair;TransitionDestinationExchange;77;11;378;82;100;0;46;55;57;60;63;69,7;83,33;86,36;90,91;95,45
1;Tesla;129;state;TransitionMissing;41;0;40;82;100;0;26;28;29;30;32;63,41;68,29;70,73;73,17;78,05
1;Tesla;129;state;ActionExchange;77;0;40;82;100;0;37;46;49;51;59;48,05;59,74;63,64;66,23;76,62
1;Tesla;129;state;StateMissing;29;0;40;82;100;0;25;26;27;28;29;86,21;89,66;93,1;96,55;100
1;Tesla;129;state;TransitionDestinationExchange;77;11;40;82;100;0;27;35;37;39;43;40,91;53,03;56,06;59,09;65,15
1;Tesla;129;transition;TransitionMissing;41;0;240;82;100;0;32;35;36;37;39;78,05;85,37;87,8;90,24;95,12
1;Tesla;129;transition;ActionExchange;77;0;240;82;100;0;56;64;68;70;75;72,73;83,12;88,31;90,91;97,4
1;Tesla;129;transition;StateMissing;29;0;240;82;100;0;27;29;29;29;29;93,1;100;100;100;100
1;Tesla;129;transition;TransitionDestinationExchange;77;11;240;82;100;0;43;49;52;54;61;65,15;74,24;78,79;81,82;92,42
1;Tesla;129;pair;TransitionMissing;41;0;378;82;100;0;33;37;38;39;40;80,49;90,24;92,68;95,12;97,56
1;Tesla;129;pair;ActionExchange;77;0;378;82;100;0;56;69;72;74;77;72,73;89,61;93,51;96,1;100
1;Tesla;129;pair;StateMissing;29;0;378;82;100;0;28;29;29;29;29;96,55;100;100;100;100
1;Tesla;129;pair;TransitionDestinationExchange;77;11;378;82;100;0;44;54;56;59;64;66,67;81,82;84,85;89,39;96,97
1;Tesla;130;state;TransitionMissing;43;0;41;86;100;0;26;29;30;31;34;60,47;67,44;69,77;72,09;79,07
1;Tesla;130;state;ActionExchange;81;0;41;86;100;0;40;48;52;54;63;49,38;59,26;64,2;66,67;77,78
1;Tesla;130;state;StateMissing;30;0;41;86;100;0;25;27;28;28;30;83,33;90;93,33;93,33;100
1;Tesla;130;state;TransitionDestinationExchange;81;11;41;86;100;0;28;36;39;41;49;40;51,43;55,71;58,57;70
1;Tesla;130;transition;TransitionMissing;43;0;241;86;100;0;33;37;39;39;41;76,74;86,05;90,7;90,7;95,35
1;Tesla;130;transition;ActionExchange;81;0;241;86;100;0;55;69;73;75;78;67,9;85,19;90,12;92,59;96,3
1;Tesla;130;transition;StateMissing;30;0;241;86;100;0;28;30;30;30;30;93,33;100;100;100;100
1;Tesla;130;transition;TransitionDestinationExchange;81;11;241;86;100;0;43;54;57;59;65;61,43;77,14;81,43;84,29;92,86
1;Tesla;130;pair;TransitionMissing;43;0;379;86;100;0;37;39;40;41;43;86,05;90,7;93,02;95,35;100
1;Tesla;130;pair;ActionExchange;81;0;379;86;100;0;65;73;76;78;81;80,25;90,12;93,83;96,3;100
1;Tesla;130;pair;StateMissing;30;0;379;86;100;0;29;30;30;30;30;96,67;100;100;100;100
1;Tesla;130;pair;TransitionDestinationExchange;81;11;379;86;100;0;51;58;61;62;67;72,86;82,86;87,14;88,57;95,71
1;Tesla;131;state;TransitionMissing;54;0;92;108;100;0;29;33;34;35;37;53,7;61,11;62,96;64,81;68,52
1;Tesla;131;state;ActionExchange;153;0;92;108;100;0;52;70;78;85;103;33,99;45,75;50,98;55,56;67,32
1;Tesla;131;state;StateMissing;31;0;92;108;100;0;26;28;29;30;31;83,87;90,32;93,55;96,77;100
1;Tesla;131;state;TransitionDestinationExchange;153;36;92;108;100;0;34;46;50;54;66;29,06;39,32;42,74;46,15;56,41
1;Tesla;131;transition;TransitionMissing;54;0;431;108;100;0;39;43;44;46;48;72,22;79,63;81,48;85,19;88,89
1;Tesla;131;transition;ActionExchange;153;0;431;108;100;0;94;115;122;127;141;61,44;75,16;79,74;83,01;92,16
1;Tesla;131;transition;StateMissing;31;0;431;108;100;0;30;31;31;31;31;96,77;100;100;100;100
1;Tesla;131;transition;TransitionDestinationExchange;153;36;431;108;100;0;62;74;79;84;97;52,99;63,25;67,52;71,79;82,91
1;Tesla;131;pair;TransitionMissing;54;0;959;108;100;0;46;48;49;51;53;85,19;88,89;90,74;94,44;98,15
1;Tesla;131;pair;ActionExchange;153;0;959;108;100;0;122;135;140;145;152;79,74;88,24;91,5;94,77;99,35
1;Tesla;131;pair;StateMissing;31;0;959;108;100;0;31;31;31;31;31;100;100;100;100;100
1;Tesla;131;pair;TransitionDestinationExchange;153;36;959;108;100;0;82;91;96;101;109;70,09;77,78;82,05;86,32;93,16
1;Tesla;132;state;TransitionMissing;41;0;90;82;100;0;28;31;33;33;35;68,29;75,61;80,49;80,49;85,37
1;Tesla;132;state;ActionExchange;77;0;90;82;100;0;44;54;57;62;67;57,14;70,13;74,03;80,52;87,01
1;Tesla;132;state;StateMissing;29;0;90;82;100;0;26;27;28;29;29;89,66;93,1;96,55;100;100
1;Tesla;132;state;TransitionDestinationExchange;77;11;90;82;100;0;33;40;43;45;52;50;60,61;65,15;68,18;78,79
1;Tesla;132;transition;TransitionMissing;41;0;240;82;100;0;33;35;36;37;39;80,49;85,37;87,8;90,24;95,12
1;Tesla;132;transition;ActionExchange;77;0;240;82;100;0;56;65;68;71;76;72,73;84,42;88,31;92,21;98,7
1;Tesla;132;transition;StateMissing;29;0;240;82;100;0;28;29;29;29;29;96,55;100;100;100;100
1;Tesla;132;transition;TransitionDestinationExchange;77;11;240;82;100;0;43;50;52;55;61;65,15;75,76;78,79;83,33;92,42
1;Tesla;132;pair;TransitionMissing;41;0;378;82;100;0;34;37;38;39;40;82,93;90,24;92,68;95,12;97,56
1;Tesla;132;pair;ActionExchange;77;0;378;82;100;0;59;70;72;74;77;76,62;90,91;93,51;96,1;100
1;Tesla;132;pair;StateMissing;29;0;378;82;100;0;28;29;29;29;29;96,55;100;100;100;100
1;Tesla;132;pair;TransitionDestinationExchange;77;11;378;82;100;0;46;54;56;59;64;69,7;81,82;84,85;89,39;96,97
1;Tesla;133;state;TransitionMissing;32;0;63;64;100;0;26;29;30;31;31;81,25;90,62;93,75;96,88;96,88
1;Tesla;133;state;ActionExchange;41;0;63;64;100;0;34;37;39;40;41;82,93;90,24;95,12;97,56;100
1;Tesla;133;state;StateMissing;27;0;63;64;100;0;25;26;27;27;27;92,59;96,3;100;100;100
1;Tesla;133;state;TransitionDestinationExchange;41;2;63;64;100;0;28;33;34;37;38;71,79;84,62;87,18;94,87;97,44
1;Tesla;133;transition;TransitionMissing;32;0;105;64;100;0;27;30;31;31;32;84,38;93,75;96,88;96,88;100
1;Tesla;133;transition;ActionExchange;41;0;105;64;100;0;34;39;40;41;41;82,93;95,12;97,56;100;100
1;Tesla;133;transition;StateMissing;27;0;105;64;100;0;25;26;27;27;27;92,59;96,3;100;100;100
1;Tesla;133;transition;TransitionDestinationExchange;41;2;105;64;100;0;30;34;37;37;39;76,92;87,18;94,87;94,87;100
1;Tesla;133;pair;TransitionMissing;32;0;106;64;100;0;27;30;31;31;32;84,38;93,75;96,88;96,88;100
1;Tesla;133;pair;ActionExchange;41;0;106;64;100;0;34;39;40;41;41;82,93;95,12;97,56;100;100
1;Tesla;133;pair;StateMissing;27;0;106;64;100;0;25;26;27;27;27;92,59;96,3;100;100;100
1;Tesla;133;pair;TransitionDestinationExchange;41;2;106;64;100;0;30;34;37;37;39;76,92;87,18;94,87;94,87;100
1;Tesla;134;state;TransitionMissing;36;0;64;72;100;0;25;30;30;32;33;69,44;83,33;83,33;88,89;91,67
1;Tesla;134;state;ActionExchange;55;0;64;72;100;0;36;43;46;49;51;65,45;78,18;83,64;89,09;92,73
1;Tesla;134;state;StateMissing;28;0;64;72;100;0;24;27;27;28;28;85,71;96,43;96,43;100;100
1;Tesla;134;state;TransitionDestinationExchange;55;5;64;72;100;0;28;35;38;39;43;56;70;76;78;86
1;Tesla;134;transition;TransitionMissing;36;0;184;72;100;0;30;33;34;34;36;83,33;91,67;94,44;94,44;100
1;Tesla;134;transition;ActionExchange;55;0;184;72;100;0;43;51;53;54;55;78,18;92,73;96,36;98,18;100
1;Tesla;134;transition;StateMissing;28;0;184;72;100;0;27;28;28;28;28;96,43;100;100;100;100
1;Tesla;134;transition;TransitionDestinationExchange;55;5;184;72;100;0;36;42;45;45;49;72;84;90;90;98
1;Tesla;134;pair;TransitionMissing;36;0;214;72;100;0;31;33;34;35;36;86,11;91,67;94,44;97,22;100
1;Tesla;134;pair;ActionExchange;55;0;214;72;100;0;45;52;53;54;55;81,82;94,55;96,36;98,18;100
1;Tesla;134;pair;StateMissing;28;0;214;72;100;0;27;28;28;28;28;96,43;100;100;100;100
1;Tesla;134;pair;TransitionDestinationExchange;55;5;214;72;100;0;38;43;45;47;50;76;86;90;94;100
1;Tesla;135;state;TransitionMissing;36;0;39;72;100;0;25;28;29;29;32;69,44;77,78;80,56;80,56;88,89
1;Tesla;135;state;ActionExchange;55;0;39;72;100;0;35;40;42;45;49;63,64;72,73;76,36;81,82;89,09
1;Tesla;135;state;StateMissing;28;0;39;72;100;0;24;26;26;27;28;85,71;92,86;92,86;96,43;100
1;Tesla;135;state;TransitionDestinationExchange;55;5;39;72;100;0;28;32;34;36;41;56;64;68;72;82
1;Tesla;135;transition;TransitionMissing;36;0;159;72;100;0;29;32;33;34;35;80,56;88,89;91,67;94,44;97,22
1;Tesla;135;transition;ActionExchange;55;0;159;72;100;0;41;50;52;53;54;74,55;90,91;94,55;96,36;98,18
1;Tesla;135;transition;StateMissing;28;0;159;72;100;0;26;28;28;28;28;92,86;100;100;100;100
1;Tesla;135;transition;TransitionDestinationExchange;55;5;159;72;100;0;34;41;43;45;48;68;82;86;90;96
1;Tesla;135;pair;TransitionMissing;36;0;214;72;100;0;31;33;34;35;36;86,11;91,67;94,44;97,22;100
1;Tesla;135;pair;ActionExchange;55;0;214;72;100;0;45;51;53;54;55;81,82;92,73;96,36;98,18;100
1;Tesla;135;pair;StateMissing;28;0;214;72;100;0;27;28;28;28;28;96,43;100;100;100;100
1;Tesla;135;pair;TransitionDestinationExchange;55;5;214;72;100;0;38;43;45;46;50;76;86;90;92;100
1;Tesla;136;state;TransitionMissing;47;0;91;94;100;0;29;32;33;34;37;61,7;68,09;70,21;72,34;78,72
1;Tesla;136;state;ActionExchange;109;0;91;94;100;0;49;61;67;73;83;44,95;55,96;61,47;66,97;76,15
1;Tesla;136;state;StateMissing;30;0;91;94;100;0;26;28;29;29;30;86,67;93,33;96,67;96,67;100
1;Tesla;136;state;TransitionDestinationExchange;109;21;91;94;100;0;36;44;47;50;59;40,91;50;53,41;56,82;67,05
1;Tesla;136;transition;TransitionMissing;47;0;322;94;100;0;35;39;40;41;44;74,47;82,98;85,11;87,23;93,62
1;Tesla;136;transition;ActionExchange;109;0;322;94;100;0;66;87;92;95;105;60,55;79,82;84,4;87,16;96,33
1;Tesla;136;transition;StateMissing;30;0;322;94;100;0;28;30;30;30;30;93,33;100;100;100;100
1;Tesla;136;transition;TransitionDestinationExchange;109;21;322;94;100;0;48;61;64;68;76;54,55;69,32;72,73;77,27;86,36
1;Tesla;136;pair;TransitionMissing;47;0;626;94;100;0;38;42;43;44;46;80,85;89,36;91,49;93,62;97,87
1;Tesla;136;pair;ActionExchange;109;0;626;94;100;0;80;96;100;104;108;73,39;88,07;91,74;95,41;99,08
1;Tesla;136;pair;StateMissing;30;0;626;94;100;0;29;30;30;30;30;96,67;100;100;100;100
1;Tesla;136;pair;TransitionDestinationExchange;109;21;626;94;100;0;59;69;73;76;84;67,05;78,41;82,95;86,36;95,45
1;Tesla;137;state;TransitionMissing;34;0;38;68;100;0;25;27;28;28;30;73,53;79,41;82,35;82,35;88,24
1;Tesla;137;state;ActionExchange;51;0;38;68;100;0;32;37;39;41;45;62,75;72,55;76,47;80,39;88,24
1;Tesla;137;state;StateMissing;27;0;38;68;100;0;24;25;26;26;27;88,89;92,59;96,3;96,3;100
1;Tesla;137;state;TransitionDestinationExchange;51;5;38;68;100;0;26;30;31;33;37;56,52;65,22;67,39;71,74;80,43
1;Tesla;137;transition;TransitionMissing;34;0;158;68;100;0;27;31;31;32;34;79,41;91,18;91,18;94,12;100
1;Tesla;137;transition;ActionExchange;51;0;158;68;100;0;37;46;48;49;51;72,55;90,2;94,12;96,08;100
1;Tesla;137;transition;StateMissing;27;0;158;68;100;0;25;27;27;27;27;92,59;100;100;100;100
1;Tesla;137;transition;TransitionDestinationExchange;51;5;158;68;100;0;30;38;40;41;45;65,22;82,61;86,96;89,13;97,83
1;Tesla;137;pair;TransitionMissing;34;0;213;68;100;0;29;31;32;33;34;85,29;91,18;94,12;97,06;100
1;Tesla;137;pair;ActionExchange;51;0;213;68;100;0;42;47;49;50;51;82,35;92,16;96,08;98,04;100
1;Tesla;137;pair;StateMissing;27;0;213;68;100;0;26;27;27;27;27;96,3;100;100;100;100
1;Tesla;137;pair;TransitionDestinationExchange;51;5;213;68;100;0;34;39;41;43;46;73,91;84,78;89,13;93,48;100
1;Tesla;138;state;TransitionMissing;38;0;40;76;100;0;26;29;30;31;33;68,42;76,32;78,95;81,58;86,84
1;Tesla;138;state;ActionExchange;59;0;40;76;100;0;38;44;46;49;53;64,41;74,58;77,97;83,05;89,83
1;Tesla;138;state;StateMissing;29;0;40;76;100;0;25;27;27;28;29;86,21;93,1;93,1;96,55;100
1;Tesla;138;state;TransitionDestinationExchange;59;5;40;76;100;0;29;35;38;40;45;53,7;64,81;70,37;74,07;83,33
1;Tesla;138;transition;TransitionMissing;38;0;185;76;100;0;31;34;35;36;38;81,58;89,47;92,11;94,74;100
1;Tesla;138;transition;ActionExchange;59;0;185;76;100;0;45;54;55;57;59;76,27;91,53;93,22;96,61;100
1;Tesla;138;transition;StateMissing;29;0;185;76;100;0;27;29;29;29;29;93,1;100;100;100;100
1;Tesla;138;transition;TransitionDestinationExchange;59;5;185;76;100;0;38;45;48;49;53;70,37;83,33;88,89;90,74;98,15
1;Tesla;138;pair;TransitionMissing;38;0;215;76;100;0;31;35;36;36;38;81,58;92,11;94,74;94,74;100
1;Tesla;138;pair;ActionExchange;59;0;215;76;100;0;45;55;57;58;59;76,27;93,22;96,61;98,31;100
1;Tesla;138;pair;StateMissing;29;0;215;76;100;0;27;29;29;29;29;93,1;100;100;100;100
1;Tesla;138;pair;TransitionDestinationExchange;59;5;215;76;100;0;38;46;49;50;54;70,37;85,19;90,74;92,59;100
1;Tesla;139;state;TransitionMissing;47;0;91;94;100;0;29;32;33;35;37;61,7;68,09;70,21;74,47;78,72
1;Tesla;139;state;ActionExchange;109;0;91;94;100;0;49;61;68;73;86;44,95;55,96;62,39;66,97;78,9
1;Tesla;139;state;StateMissing;30;0;91;94;100;0;26;28;28;29;30;86,67;93,33;93,33;96,67;100
1;Tesla;139;state;TransitionDestinationExchange;109;21;91;94;100;0;36;43;47;51;59;40,91;48,86;53,41;57,95;67,05
1;Tesla;139;transition;TransitionMissing;47;0;322;94;100;0;34;39;40;41;44;72,34;82,98;85,11;87,23;93,62
1;Tesla;139;transition;ActionExchange;109;0;322;94;100;0;65;87;92;95;105;59,63;79,82;84,4;87,16;96,33
1;Tesla;139;transition;StateMissing;30;0;322;94;100;0;28;30;30;30;30;93,33;100;100;100;100
1;Tesla;139;transition;TransitionDestinationExchange;109;21;322;94;100;0;48;60;65;68;80;54,55;68,18;73,86;77,27;90,91
1;Tesla;139;pair;TransitionMissing;47;0;626;94;100;0;39;42;43;44;47;82,98;89,36;91,49;93,62;100
1;Tesla;139;pair;ActionExchange;109;0;626;94;100;0;81;98;101;103;109;74,31;89,91;92,66;94,5;100
1;Tesla;139;pair;StateMissing;30;0;626;94;100;0;29;30;30;30;30;96,67;100;100;100;100
1;Tesla;139;pair;TransitionDestinationExchange;109;21;626;94;100;0;59;70;74;76;85;67,05;79,55;84,09;86,36;96,59
1;Tesla;140;state;TransitionMissing;46;0;65;92;100;0;27;30;32;33;35;58,7;65,22;69,57;71,74;76,09
1;Tesla;140;state;ActionExchange;111;0;65;92;100;0;47;58;63;69;79;42,34;52,25;56,76;62,16;71,17
1;Tesla;140;state;StateMissing;29;0;65;92;100;0;25;27;28;28;29;86,21;93,1;96,55;96,55;100
1;Tesla;140;state;TransitionDestinationExchange;111;14;65;92;100;0;33;41;44;48;57;34,02;42,27;45,36;49,48;58,76
1;Tesla;140;transition;TransitionMissing;46;0;322;92;100;0;35;38;40;41;42;76,09;82,61;86,96;89,13;91,3
1;Tesla;140;transition;ActionExchange;111;0;322;92;100;0;69;88;93;98;106;62,16;79,28;83,78;88,29;95,5
1;Tesla;140;transition;StateMissing;29;0;322;92;100;0;27;29;29;29;29;93,1;100;100;100;100
1;Tesla;140;transition;TransitionDestinationExchange;111;14;322;92;100;0;55;64;68;72;80;56,7;65,98;70,1;74,23;82,47
1;Tesla;140;pair;TransitionMissing;46;0;685;92;100;0;39;42;43;44;46;84,78;91,3;93,48;95,65;100
1;Tesla;140;pair;ActionExchange;111;0;685;92;100;0;86;101;104;107;111;77,48;90,99;93,69;96,4;100
1;Tesla;140;pair;StateMissing;29;0;685;92;100;0;28;29;29;29;29;96,55;100;100;100;100
1;Tesla;140;pair;TransitionDestinationExchange;111;14;685;92;100;0;68;77;81;84;92;70,1;79,38;83,51;86,6;94,85
1;Tesla;141;state;TransitionMissing;32;0;38;64;100;0;25;28;29;29;30;78,12;87,5;90,62;90,62;93,75
1;Tesla;141;state;ActionExchange;41;0;38;64;100;0;33;36;38;39;40;80,49;87,8;92,68;95,12;97,56
1;Tesla;141;state;StateMissing;27;0;38;64;100;0;24;26;26;27;27;88,89;96,3;96,3;100;100
1;Tesla;141;state;TransitionDestinationExchange;41;2;38;64;100;0;27;30;32;34;36;69,23;76,92;82,05;87,18;92,31
1;Tesla;141;transition;TransitionMissing;32;0;130;64;100;0;28;31;31;31;32;87,5;96,88;96,88;96,88;100
1;Tesla;141;transition;ActionExchange;41;0;130;64;100;0;36;40;41;41;41;87,8;97,56;100;100;100
1;Tesla;141;transition;StateMissing;27;0;130;64;100;0;26;27;27;27;27;96,3;100;100;100;100
1;Tesla;141;transition;TransitionDestinationExchange;41;2;130;64;100;0;31;36;37;38;39;79,49;92,31;94,87;97,44;100
1;Tesla;141;pair;TransitionMissing;32;0;106;64;100;0;28;30;31;31;32;87,5;93,75;96,88;96,88;100
1;Tesla;141;pair;ActionExchange;41;0;106;64;100;0;36;40;40;41;41;87,8;97,56;97,56;100;100
1;Tesla;141;pair;StateMissing;27;0;106;64;100;0;26;27;27;27;27;96,3;100;100;100;100
1;Tesla;141;pair;TransitionDestinationExchange;41;2;106;64;100;0;31;36;37;37;39;79,49;92,31;94,87;94,87;100
1;Tesla;142;state;TransitionMissing;47;0;91;94;100;0;29;32;34;34;37;61,7;68,09;72,34;72,34;78,72
1;Tesla;142;state;ActionExchange;109;0;91;94;100;0;49;62;67;72;88;44,95;56,88;61,47;66,06;80,73
1;Tesla;142;state;StateMissing;30;0;91;94;100;0;26;28;28;29;30;86,67;93,33;93,33;96,67;100
1;Tesla;142;state;TransitionDestinationExchange;109;21;91;94;100;0;36;44;46;50;62;40,91;50;52,27;56,82;70,45
1;Tesla;142;transition;TransitionMissing;47;0;322;94;100;0;34;39;40;41;43;72,34;82,98;85,11;87,23;91,49
1;Tesla;142;transition;ActionExchange;109;0;322;94;100;0;69;86;91;94;105;63,3;78,9;83,49;86,24;96,33
1;Tesla;142;transition;StateMissing;30;0;322;94;100;0;28;30;30;30;30;93,33;100;100;100;100
1;Tesla;142;transition;TransitionDestinationExchange;109;21;322;94;100;0;51;59;64;67;77;57,95;67,05;72,73;76,14;87,5
1;Tesla;142;pair;TransitionMissing;47;0;626;94;100;0;39;42;43;44;46;82,98;89,36;91,49;93,62;97,87
1;Tesla;142;pair;ActionExchange;109;0;626;94;100;0;83;95;100;103;109;76,15;87,16;91,74;94,5;100
1;Tesla;142;pair;StateMissing;30;0;626;94;100;0;29;30;30;30;30;96,67;100;100;100;100
1;Tesla;142;pair;TransitionDestinationExchange;109;21;626;94;100;0;57;70;73;76;83;64,77;79,55;82,95;86,36;94,32
1;Tesla;143;state;TransitionMissing;36;0;39;72;100;0;25;28;29;30;31;69,44;77,78;80,56;83,33;86,11
1;Tesla;143;state;ActionExchange;55;0;39;72;100;0;35;40;42;44;48;63,64;72,73;76,36;80;87,27
1;Tesla;143;state;StateMissing;28;0;39;72;100;0;24;26;26;27;28;85,71;92,86;92,86;96,43;100
1;Tesla;143;state;TransitionDestinationExchange;55;5;39;72;100;0;28;32;34;36;40;56;64;68;72;80
1;Tesla;143;transition;TransitionMissing;36;0;159;72;100;0;29;32;33;34;35;80,56;88,89;91,67;94,44;97,22
1;Tesla;143;transition;ActionExchange;55;0;159;72;100;0;41;50;52;53;55;74,55;90,91;94,55;96,36;100
1;Tesla;143;transition;StateMissing;28;0;159;72;100;0;26;28;28;28;28;92,86;100;100;100;100
1;Tesla;143;transition;TransitionDestinationExchange;55;5;159;72;100;0;34;40;43;45;49;68;80;86;90;98
1;Tesla;143;pair;TransitionMissing;36;0;214;72;100;0;31;33;34;35;36;86,11;91,67;94,44;97,22;100
1;Tesla;143;pair;ActionExchange;55;0;214;72;100;0;46;51;53;54;55;83,64;92,73;96,36;98,18;100
1;Tesla;143;pair;StateMissing;28;0;214;72;100;0;27;28;28;28;28;96,43;100;100;100;100
1;Tesla;143;pair;TransitionDestinationExchange;55;5;214;72;100;0;38;43;45;47;49;76;86;90;94;98
1;Tesla;144;state;TransitionMissing;39;0;64;78;100;0;26;29;30;30;32;66,67;74,36;76,92;76,92;82,05
1;Tesla;144;state;ActionExchange;73;0;64;78;100;0;34;46;51;54;62;46,58;63,01;69,86;73,97;84,93
1;Tesla;144;state;StateMissing;28;0;64;78;100;0;25;26;27;27;28;89,29;92,86;96,43;96,43;100
1;Tesla;144;state;TransitionDestinationExchange;73;11;64;78;100;0;26;35;37;40;47;41,94;56,45;59,68;64,52;75,81
1;Tesla;144;transition;TransitionMissing;39;0;239;78;100;0;30;34;35;36;38;76,92;87,18;89,74;92,31;97,44
1;Tesla;144;transition;ActionExchange;73;0;239;78;100;0;47;63;65;67;72;64,38;86,3;89,04;91,78;98,63
1;Tesla;144;transition;StateMissing;28;0;239;78;100;0;26;28;28;28;28;92,86;100;100;100;100
1;Tesla;144;transition;TransitionDestinationExchange;73;11;239;78;100;0;37;47;49;52;59;59,68;75,81;79,03;83,87;95,16
1;Tesla;144;pair;TransitionMissing;39;0;377;78;100;0;32;35;36;37;39;82,05;89,74;92,31;94,87;100
1;Tesla;144;pair;ActionExchange;73;0;377;78;100;0;53;66;68;70;73;72,6;90,41;93,15;95,89;100
1;Tesla;144;pair;StateMissing;28;0;377;78;100;0;27;28;28;28;28;96,43;100;100;100;100
1;Tesla;144;pair;TransitionDestinationExchange;73;11;377;78;100;0;41;51;53;56;62;66,13;82,26;85,48;90,32;100
1;Tesla;145;state;TransitionMissing;41;0;65;82;100;0;26;30;32;32;34;63,41;73,17;78,05;78,05;82,93
1;Tesla;145;state;ActionExchange;77;0;65;82;100;0;40;50;55;59;64;51,95;64,94;71,43;76,62;83,12
1;Tesla;145;state;StateMissing;29;0;65;82;100;0;25;27;28;28;29;86,21;93,1;96,55;96,55;100
1;Tesla;145;state;TransitionDestinationExchange;77;11;65;82;100;0;30;38;41;44;48;45,45;57,58;62,12;66,67;72,73
1;Tesla;145;transition;TransitionMissing;41;0;240;82;100;0;31;36;36;37;39;75,61;87,8;87,8;90,24;95,12
1;Tesla;145;transition;ActionExchange;77;0;240;82;100;0;46;64;69;72;76;59,74;83,12;89,61;93,51;98,7
1;Tesla;145;transition;StateMissing;29;0;240;82;100;0;27;29;29;29;29;93,1;100;100;100;100
1;Tesla;145;transition;TransitionDestinationExchange;77;11;240;82;100;0;36;50;53;55;61;54,55;75,76;80,3;83,33;92,42
1;Tesla;145;pair;TransitionMissing;41;0;378;82;100;0;33;37;38;39;41;80,49;90,24;92,68;95,12;100
1;Tesla;145;pair;ActionExchange;77;0;378;82;100;0;61;69;73;74;77;79,22;89,61;94,81;96,1;100
1;Tesla;145;pair;StateMissing;29;0;378;82;100;0;28;29;29;29;29;96,55;100;100;100;100
1;Tesla;145;pair;TransitionDestinationExchange;77;11;378;82;100;0;47;54;57;60;64;71,21;81,82;86,36;90,91;96,97
1;Tesla;146;state;TransitionMissing;34;0;39;68;100;0;25;29;30;31;32;73,53;85,29;88,24;91,18;94,12
1;Tesla;146;state;ActionExchange;45;0;39;68;100;0;36;40;41;42;44;80;88,89;91,11;93,33;97,78
1;Tesla;146;state;StateMissing;28;0;39;68;100;0;24;26;27;27;28;85,71;92,86;96,43;96,43;100
1;Tesla;146;state;TransitionDestinationExchange;45;2;39;68;100;0;28;33;35;37;40;65,12;76,74;81,4;86,05;93,02
1;Tesla;146;transition;TransitionMissing;34;0;156;68;100;0;30;33;33;34;34;88,24;97,06;97,06;100;100
1;Tesla;146;transition;ActionExchange;45;0;156;68;100;0;40;44;45;45;45;88,89;97,78;100;100;100
1;Tesla;146;transition;StateMissing;28;0;156;68;100;0;27;28;28;28;28;96,43;100;100;100;100
1;Tesla;146;transition;TransitionDestinationExchange;45;2;156;68;100;0;35;40;41;43;43;81,4;93,02;95,35;100;100
1;Tesla;146;pair;TransitionMissing;34;0;107;68;100;0;29;32;33;33;34;85,29;94,12;97,06;97,06;100
1;Tesla;146;pair;ActionExchange;45;0;107;68;100;0;39;43;44;45;45;86,67;95,56;97,78;100;100
1;Tesla;146;pair;StateMissing;28;0;107;68;100;0;26;27;28;28;28;92,86;96,43;100;100;100
1;Tesla;146;pair;TransitionDestinationExchange;45;2;107;68;100;0;33;39;41;41;43;76,74;90,7;95,35;95,35;100
1;Tesla;147;state;TransitionMissing;34;0;27;68;100;0;25;27;27;28;29;73,53;79,41;79,41;82,35;85,29
1;Tesla;147;state;ActionExchange;51;0;27;68;100;0;32;35;37;39;43;62,75;68,63;72,55;76,47;84,31
1;Tesla;147;state;StateMissing;27;0;27;68;100;0;24;25;26;26;27;88,89;92,59;96,3;96,3;100
1;Tesla;147;state;TransitionDestinationExchange;51;5;27;68;100;0;26;29;30;32;34;56,52;63,04;65,22;69,57;73,91
1;Tesla;147;transition;TransitionMissing;34;0;158;68;100;0;27;31;31;32;33;79,41;91,18;91,18;94,12;97,06
1;Tesla;147;transition;ActionExchange;51;0;158;68;100;0;37;46;48;49;51;72,55;90,2;94,12;96,08;100
1;Tesla;147;transition;StateMissing;27;0;158;68;100;0;25;27;27;27;27;92,59;100;100;100;100
1;Tesla;147;transition;TransitionDestinationExchange;51;5;158;68;100;0;30;38;40;41;45;65,22;82,61;86,96;89,13;97,83
1;Tesla;147;pair;TransitionMissing;34;0;213;68;100;0;29;31;32;32;34;85,29;91,18;94,12;94,12;100
1;Tesla;147;pair;ActionExchange;51;0;213;68;100;0;42;47;49;50;51;82,35;92,16;96,08;98,04;100
1;Tesla;147;pair;StateMissing;27;0;213;68;100;0;26;27;27;27;27;96,3;100;100;100;100
1;Tesla;147;pair;TransitionDestinationExchange;51;5;213;68;100;0;34;40;41;42;46;73,91;86,96;89,13;91,3;100
1;Tesla;148;state;TransitionMissing;38;0;40;76;100;0;26;29;30;32;34;68,42;76,32;78,95;84,21;89,47
1;Tesla;148;state;ActionExchange;59;0;40;76;100;0;38;43;47;49;52;64,41;72,88;79,66;83,05;88,14
1;Tesla;148;state;StateMissing;29;0;40;76;100;0;25;27;27;28;29;86,21;93,1;93,1;96,55;100
1;Tesla;148;state;TransitionDestinationExchange;59;5;40;76;100;0;28;35;38;40;44;51,85;64,81;70,37;74,07;81,48
1;Tesla;148;transition;TransitionMissing;38;0;210;76;100;0;31;35;36;36;38;81,58;92,11;94,74;94,74;100
1;Tesla;148;transition;ActionExchange;59;0;210;76;100;0;45;55;57;58;59;76,27;93,22;96,61;98,31;100
1;Tesla;148;transition;StateMissing;29;0;210;76;100;0;27;29;29;29;29;93,1;100;100;100;100
1;Tesla;148;transition;TransitionDestinationExchange;59;5;210;76;100;0;38;46;48;50;53;70,37;85,19;88,89;92,59;98,15
1;Tesla;148;pair;TransitionMissing;38;0;215;76;100;0;31;35;36;36;38;81,58;92,11;94,74;94,74;100
1;Tesla;148;pair;ActionExchange;59;0;215;76;100;0;45;55;57;58;59;76,27;93,22;96,61;98,31;100
1;Tesla;148;pair;StateMissing;29;0;215;76;100;0;27;29;29;29;29;93,1;100;100;100;100
1;Tesla;148;pair;TransitionDestinationExchange;59;5;215;76;100;0;38;47;49;50;53;70,37;87,04;90,74;92,59;98,15
1;Tesla;149;state;TransitionMissing;32;0;38;64;100;0;25;28;28;29;30;78,12;87,5;87,5;90,62;93,75
1;Tesla;149;state;ActionExchange;41;0;38;64;100;0;33;36;38;39;40;80,49;87,8;92,68;95,12;97,56
1;Tesla;149;state;StateMissing;27;0;38;64;100;0;24;26;26;27;27;88,89;96,3;96,3;100;100
1;Tesla;149;state;TransitionDestinationExchange;41;2;38;64;100;0;27;31;33;34;36;69,23;79,49;84,62;87,18;92,31
1;Tesla;149;transition;TransitionMissing;32;0;105;64;100;0;28;30;31;31;32;87,5;93,75;96,88;96,88;100
1;Tesla;149;transition;ActionExchange;41;0;105;64;100;0;34;39;40;41;41;82,93;95,12;97,56;100;100
1;Tesla;149;transition;StateMissing;27;0;105;64;100;0;26;27;27;27;27;96,3;100;100;100;100
1;Tesla;149;transition;TransitionDestinationExchange;41;2;105;64;100;0;30;34;37;37;39;76,92;87,18;94,87;94,87;100
1;Tesla;149;pair;TransitionMissing;32;0;106;64;100;0;28;30;31;31;32;87,5;93,75;96,88;96,88;100
1;Tesla;149;pair;ActionExchange;41;0;106;64;100;0;34;40;40;41;41;82,93;97,56;97,56;100;100
1;Tesla;149;pair;StateMissing;27;0;106;64;100;0;26;27;27;27;27;96,3;100;100;100;100
1;Tesla;149;pair;TransitionDestinationExchange;41;2;106;64;100;0;30;34;37;37;39;76,92;87,18;94,87;94,87;100
1;Tesla;150;state;TransitionMissing;41;0;40;82;100;0;26;28;29;30;32;63,41;68,29;70,73;73,17;78,05
1;Tesla;150;state;ActionExchange;77;0;40;82;100;0;37;45;47;50;59;48,05;58,44;61,04;64,94;76,62
1;Tesla;150;state;StateMissing;29;0;40;82;100;0;25;26;27;28;29;86,21;89,66;93,1;96,55;100
1;Tesla;150;state;TransitionDestinationExchange;77;11;40;82;100;0;28;34;36;38;46;42,42;51,52;54,55;57,58;69,7
1;Tesla;150;transition;TransitionMissing;41;0;240;82;100;0;31;35;36;37;39;75,61;85,37;87,8;90,24;95,12
1;Tesla;150;transition;ActionExchange;77;0;240;82;100;0;51;66;68;71;75;66,23;85,71;88,31;92,21;97,4
1;Tesla;150;transition;StateMissing;29;0;240;82;100;0;27;29;29;29;29;93,1;100;100;100;100
1;Tesla;150;transition;TransitionDestinationExchange;77;11;240;82;100;0;39;50;52;54;61;59,09;75,76;78,79;81,82;92,42
1;Tesla;150;pair;TransitionMissing;41;0;378;82;100;0;34;37;38;39;40;82,93;90,24;92,68;95,12;97,56
1;Tesla;150;pair;ActionExchange;77;0;378;82;100;0;59;70;72;74;77;76,62;90,91;93,51;96,1;100
1;Tesla;150;pair;StateMissing;29;0;378;82;100;0;28;29;29;29;29;96,55;100;100;100;100
1;Tesla;150;pair;TransitionDestinationExchange;77;11;378;82;100;0;46;54;57;59;64;69,7;81,82;86,36;89,39;96,97
1;Tesla;151;state;TransitionMissing;49;0;42;98;100;0;27;30;31;32;35;55,1;61,22;63,27;65,31;71,43
1;Tesla;151;state;ActionExchange;113;0;42;98;100;0;43;53;57;63;71;38,05;46,9;50,44;55,75;62,83
1;Tesla;151;state;StateMissing;31;0;42;98;100;0;25;27;28;29;30;80,65;87,1;90,32;93,55;96,77
1;Tesla;151;state;TransitionDestinationExchange;113;21;42;98;100;0;31;38;41;44;49;33,7;41,3;44,57;47,83;53,26
1;Tesla;151;transition;TransitionMissing;49;0;348;98;100;0;38;41;42;43;47;77,55;83,67;85,71;87,76;95,92
1;Tesla;151;transition;ActionExchange;113;0;348;98;100;0;78;92;96;100;109;69,03;81,42;84,96;88,5;96,46
1;Tesla;151;transition;StateMissing;31;0;348;98;100;0;30;31;31;31;31;96,77;100;100;100;100
1;Tesla;151;transition;TransitionDestinationExchange;113;21;348;98;100;0;57;66;69;73;80;61,96;71,74;75;79,35;86,96
1;Tesla;151;pair;TransitionMissing;49;0;627;98;100;0;41;44;45;46;49;83,67;89,8;91,84;93,88;100
1;Tesla;151;pair;ActionExchange;113;0;627;98;100;0;84;102;105;108;113;74,34;90,27;92,92;95,58;100
1;Tesla;151;pair;StateMissing;31;0;627;98;100;0;30;31;31;31;31;96,77;100;100;100;100
1;Tesla;151;pair;TransitionDestinationExchange;113;21;627;98;100;0;65;74;78;81;87;70,65;80,43;84,78;88,04;94,57
1;Tesla;152;state;TransitionMissing;49;0;92;98;100;0;28;34;35;36;39;57,14;69,39;71,43;73,47;79,59
1;Tesla;152;state;ActionExchange;113;0;92;98;100;0;47;65;71;75;90;41,59;57,52;62,83;66,37;79,65
1;Tesla;152;state;StateMissing;31;0;92;98;100;0;26;29;30;30;31;83,87;93,55;96,77;96,77;100
1;Tesla;152;state;TransitionDestinationExchange;113;21;92;98;100;0;35;46;50;54;63;38,04;50;54,35;58,7;68,48
1;Tesla;152;transition;TransitionMissing;49;0;323;98;100;0;36;40;42;43;45;73,47;81,63;85,71;87,76;91,84
1;Tesla;152;transition;ActionExchange;113;0;323;98;100;0;70;86;94;98;109;61,95;76,11;83,19;86,73;96,46
1;Tesla;152;transition;StateMissing;31;0;323;98;100;0;29;31;31;31;31;93,55;100;100;100;100
1;Tesla;152;transition;TransitionDestinationExchange;113;21;323;98;100;0;52;62;67;70;81;56,52;67,39;72,83;76,09;88,04
1;Tesla;152;pair;TransitionMissing;49;0;627;98;100;0;40;44;45;46;48;81,63;89,8;91,84;93,88;97,96
1;Tesla;152;pair;ActionExchange;113;0;627;98;100;0;83;99;104;107;111;73,45;87,61;92,04;94,69;98,23
1;Tesla;152;pair;StateMissing;31;0;627;98;100;0;30;31;31;31;31;96,77;100;100;100;100
1;Tesla;152;pair;TransitionDestinationExchange;113;21;627;98;100;0;62;71;77;80;86;67,39;77,17;83,7;86,96;93,48
1;Tesla;153;state;TransitionMissing;34;0;39;68;100;0;25;28;30;31;32;73,53;82,35;88,24;91,18;94,12
1;Tesla;153;state;ActionExchange;45;0;39;68;100;0;36;39;41;42;44;80;86,67;91,11;93,33;97,78
1;Tesla;153;state;StateMissing;28;0;39;68;100;0;24;26;27;27;28;85,71;92,86;96,43;96,43;100
1;Tesla;153;state;TransitionDestinationExchange;45;2;39;68;100;0;28;33;34;37;40;65,12;76,74;79,07;86,05;93,02
1;Tesla;153;transition;TransitionMissing;34;0;131;68;100;0;29;32;33;33;34;85,29;94,12;97,06;97,06;100
1;Tesla;153;transition;ActionExchange;45;0;131;68;100;0;38;44;44;45;45;84,44;97,78;97,78;100;100
1;Tesla;153;transition;StateMissing;28;0;131;68;100;0;26;28;28;28;28;92,86;100;100;100;100
1;Tesla;153;transition;TransitionDestinationExchange;45;2;131;68;100;0;34;40;41;41;43;79,07;93,02;95,35;95,35;100
1;Tesla;153;pair;TransitionMissing;34;0;132;68;100;0;29;32;33;33;34;85,29;94,12;97,06;97,06;100
1;Tesla;153;pair;ActionExchange;45;0;132;68;100;0;38;44;44;45;45;84,44;97,78;97,78;100;100
1;Tesla;153;pair;StateMissing;28;0;132;68;100;0;26;28;28;28;28;92,86;100;100;100;100
1;Tesla;153;pair;TransitionDestinationExchange;45;2;132;68;100;0;34;40;41;41;43;79,07;93,02;95,35;95,35;100
1;Tesla;154;state;TransitionMissing;43;0;41;86;100;0;26;30;31;32;34;60,47;69,77;72,09;74,42;79,07
1;Tesla;154;state;ActionExchange;81;0;41;86;100;0;41;49;52;55;63;50,62;60,49;64,2;67,9;77,78
1;Tesla;154;state;StateMissing;30;0;41;86;100;0;25;27;28;28;30;83,33;90;93,33;93,33;100
1;Tesla;154;state;TransitionDestinationExchange;81;11;41;86;100;0;31;37;39;42;49;44,29;52,86;55,71;60;70
1;Tesla;154;transition;TransitionMissing;43;0;266;86;100;0;35;37;39;39;41;81,4;86,05;90,7;90,7;95,35
1;Tesla;154;transition;ActionExchange;81;0;266;86;100;0;61;70;73;76;80;75,31;86,42;90,12;93,83;98,77
1;Tesla;154;transition;StateMissing;30;0;266;86;100;0;29;30;30;30;30;96,67;100;100;100;100
1;Tesla;154;transition;TransitionDestinationExchange;81;11;266;86;100;0;47;54;57;61;64;67,14;77,14;81,43;87,14;91,43
1;Tesla;154;pair;TransitionMissing;43;0;404;86;100;0;37;40;40;41;42;86,05;93,02;93,02;95,35;97,67
1;Tesla;154;pair;ActionExchange;81;0;404;86;100;0;64;75;77;79;81;79,01;92,59;95,06;97,53;100
1;Tesla;154;pair;StateMissing;30;0;404;86;100;0;29;30;30;30;30;96,67;100;100;100;100
1;Tesla;154;pair;TransitionDestinationExchange;81;11;404;86;100;0;52;59;62;64;68;74,29;84,29;88,57;91,43;97,14
1;Tesla;155;state;TransitionMissing;30;0;62;60;100;0;25;27;28;29;29;83,33;90;93,33;96,67;96,67
1;Tesla;155;state;ActionExchange;37;0;62;60;100;0;30;34;36;36;37;81,08;91,89;97,3;97,3;100
1;Tesla;155;state;StateMissing;26;0;62;60;100;0;24;25;26;26;26;92,31;96,15;100;100;100
1;Tesla;155;state;TransitionDestinationExchange;37;2;62;60;100;0;26;30;31;33;34;74,29;85,71;88,57;94,29;97,14
1;Tesla;155;transition;TransitionMissing;30;0;104;60;100;0;27;29;29;29;30;90;96,67;96,67;96,67;100
1;Tesla;155;transition;ActionExchange;37;0;104;60;100;0;33;36;36;37;37;89,19;97,3;97,3;100;100
1;Tesla;155;transition;StateMissing;26;0;104;60;100;0;25;26;26;26;26;96,15;100;100;100;100
1;Tesla;155;transition;TransitionDestinationExchange;37;2;104;60;100;0;29;32;33;33;35;82,86;91,43;94,29;94,29;100
1;Tesla;155;pair;TransitionMissing;30;0;105;60;100;0;27;29;29;29;30;90;96,67;96,67;96,67;100
1;Tesla;155;pair;ActionExchange;37;0;105;60;100;0;33;36;36;37;37;89,19;97,3;97,3;100;100
1;Tesla;155;pair;StateMissing;26;0;105;60;100;0;25;26;26;26;26;96,15;100;100;100;100
1;Tesla;155;pair;TransitionDestinationExchange;37;2;105;60;100;0;29;32;33;33;35;82,86;91,43;94,29;94,29;100
1;Tesla;156;state;TransitionMissing;36;0;39;72;100;0;25;28;29;30;32;69,44;77,78;80,56;83,33;88,89
1;Tesla;156;state;ActionExchange;55;0;39;72;100;0;35;40;42;44;48;63,64;72,73;76,36;80;87,27
1;Tesla;156;state;StateMissing;28;0;39;72;100;0;24;26;26;27;28;85,71;92,86;92,86;96,43;100
1;Tesla;156;state;TransitionDestinationExchange;55;5;39;72;100;0;27;32;34;36;40;54;64;68;72;80
1;Tesla;156;transition;TransitionMissing;36;0;184;72;100;0;29;33;34;34;36;80,56;91,67;94,44;94,44;100
1;Tesla;156;transition;ActionExchange;55;0;184;72;100;0;41;50;52;53;55;74,55;90,91;94,55;96,36;100
1;Tesla;156;transition;StateMissing;28;0;184;72;100;0;26;28;28;28;28;92,86;100;100;100;100
1;Tesla;156;transition;TransitionDestinationExchange;55;5;184;72;100;0;34;41;44;45;50;68;82;88;90;100
1;Tesla;156;pair;TransitionMissing;36;0;214;72;100;0;31;33;34;35;36;86,11;91,67;94,44;97,22;100
1;Tesla;156;pair;ActionExchange;55;0;214;72;100;0;45;51;53;54;55;81,82;92,73;96,36;98,18;100
1;Tesla;156;pair;StateMissing;28;0;214;72;100;0;27;28;28;28;28;96,43;100;100;100;100
1;Tesla;156;pair;TransitionDestinationExchange;55;5;214;72;100;0;38;43;45;47;50;76;86;90;94;100
1;Tesla;157;state;TransitionMissing;39;0;64;78;100;0;26;29;30;30;32;66,67;74,36;76,92;76,92;82,05
1;Tesla;157;state;ActionExchange;73;0;64;78;100;0;34;47;51;52;61;46,58;64,38;69,86;71,23;83,56
1;Tesla;157;state;StateMissing;28;0;64;78;100;0;25;26;27;27;28;89,29;92,86;96,43;96,43;100
1;Tesla;157;state;TransitionDestinationExchange;73;11;64;78;100;0;26;35;37;39;47;41,94;56,45;59,68;62,9;75,81
1;Tesla;157;transition;TransitionMissing;39;0;239;78;100;0;31;33;34;35;37;79,49;84,62;87,18;89,74;94,87
1;Tesla;157;transition;ActionExchange;73;0;239;78;100;0;53;61;64;67;72;72,6;83,56;87,67;91,78;98,63
1;Tesla;157;transition;StateMissing;28;0;239;78;100;0;27;28;28;28;28;96,43;100;100;100;100
1;Tesla;157;transition;TransitionDestinationExchange;73;11;239;78;100;0;40;46;49;51;58;64,52;74,19;79,03;82,26;93,55
1;Tesla;157;pair;TransitionMissing;39;0;377;78;100;0;33;35;36;37;38;84,62;89,74;92,31;94,87;97,44
1;Tesla;157;pair;ActionExchange;73;0;377;78;100;0;56;65;68;71;73;76,71;89,04;93,15;97,26;100
1;Tesla;157;pair;StateMissing;28;0;377;78;100;0;27;28;28;28;28;96,43;100;100;100;100
1;Tesla;157;pair;TransitionDestinationExchange;73;11;377;78;100;0;44;50;53;56;60;70,97;80,65;85,48;90,32;96,77
1;Tesla;158;state;TransitionMissing;27;0;36;54;100;0;25;25;26;27;27;92,59;92,59;96,3;100;100
1;Tesla;158;state;ActionExchange;29;0;36;54;100;0;28;28;28;29;29;96,55;96,55;96,55;100;100
1;Tesla;158;state;StateMissing;25;0;36;54;100;0;24;24;25;25;25;96;96;100;100;100
1;Tesla;158;state;TransitionDestinationExchange;29;1;36;54;100;0;25;25;26;28;28;89,29;89,29;92,86;100;100
1;Tesla;158;transition;TransitionMissing;27;0;51;54;100;0;25;26;27;27;27;92,59;96,3;100;100;100
1;Tesla;158;transition;ActionExchange;29;0;51;54;100;0;28;28;29;29;29;96,55;96,55;100;100;100
1;Tesla;158;transition;StateMissing;25;0;51;54;100;0;24;25;25;25;25;96;100;100;100;100
1;Tesla;158;transition;TransitionDestinationExchange;29;1;51;54;100;0;25;26;28;28;28;89,29;92,86;100;100;100
1;Tesla;158;pair;TransitionMissing;27;0;52;54;100;0;25;26;27;27;27;92,59;96,3;100;100;100
1;Tesla;158;pair;ActionExchange;29;0;52;54;100;0;28;28;29;29;29;96,55;96,55;100;100;100
1;Tesla;158;pair;StateMissing;25;0;52;54;100;0;24;25;25;25;25;96;100;100;100;100
1;Tesla;158;pair;TransitionDestinationExchange;29;1;52;54;100;0;25;26;28;28;28;89,29;92,86;100;100;100
1;Tesla;159;state;TransitionMissing;36;0;64;72;100;0;25;30;31;32;33;69,44;83,33;86,11;88,89;91,67
1;Tesla;159;state;ActionExchange;55;0;64;72;100;0;36;43;46;49;52;65,45;78,18;83,64;89,09;94,55
1;Tesla;159;state;StateMissing;28;0;64;72;100;0;24;27;27;28;28;85,71;96,43;96,43;100;100
1;Tesla;159;state;TransitionDestinationExchange;55;5;64;72;100;0;28;35;38;39;44;56;70;76;78;88
1;Tesla;159;transition;TransitionMissing;36;0;184;72;100;0;31;33;34;34;35;86,11;91,67;94,44;94,44;97,22
1;Tesla;159;transition;ActionExchange;55;0;184;72;100;0;43;50;52;54;55;78,18;90,91;94,55;98,18;100
1;Tesla;159;transition;StateMissing;28;0;184;72;100;0;27;28;28;28;28;96,43;100;100;100;100
1;Tesla;159;transition;TransitionDestinationExchange;55;5;184;72;100;0;36;42;44;45;49;72;84;88;90;98
1;Tesla;159;pair;TransitionMissing;36;0;214;72;100;0;31;33;34;35;36;86,11;91,67;94,44;97,22;100
1;Tesla;159;pair;ActionExchange;55;0;214;72;100;0;43;51;53;54;55;78,18;92,73;96,36;98,18;100
1;Tesla;159;pair;StateMissing;28;0;214;72;100;0;27;28;28;28;28;96,43;100;100;100;100
1;Tesla;159;pair;TransitionDestinationExchange;55;5;214;72;100;0;36;43;45;47;50;72;86;90;94;100
1;Tesla;160;state;TransitionMissing;30;0;37;60;100;0;25;26;27;28;28;83,33;86,67;90;93,33;93,33
1;Tesla;160;state;ActionExchange;37;0;37;60;100;0;30;31;34;35;36;81,08;83,78;91,89;94,59;97,3
1;Tesla;160;state;StateMissing;26;0;37;60;100;0;24;25;25;26;26;92,31;96,15;96,15;100;100
1;Tesla;160;state;TransitionDestinationExchange;37;2;37;60;100;0;26;26;30;31;32;74,29;74,29;85,71;88,57;91,43
1;Tesla;160;transition;TransitionMissing;30;0;104;60;100;0;25;28;29;29;30;83,33;93,33;96,67;96,67;100
1;Tesla;160;transition;ActionExchange;37;0;104;60;100;0;30;36;36;37;37;81,08;97,3;97,3;100;100
1;Tesla;160;transition;StateMissing;26;0;104;60;100;0;24;26;26;26;26;92,31;100;100;100;100
1;Tesla;160;transition;TransitionDestinationExchange;37;2;104;60;100;0;26;32;33;33;35;74,29;91,43;94,29;94,29;100
1;Tesla;160;pair;TransitionMissing;30;0;105;60;100;0;25;28;29;29;30;83,33;93,33;96,67;96,67;100
1;Tesla;160;pair;ActionExchange;37;0;105;60;100;0;31;36;36;37;37;83,78;97,3;97,3;100;100
1;Tesla;160;pair;StateMissing;26;0;105;60;100;0;24;26;26;26;26;92,31;100;100;100;100
1;Tesla;160;pair;TransitionDestinationExchange;37;2;105;60;100;0;26;32;33;33;35;74,29;91,43;94,29;94,29;100
1;Tesla;161;state;TransitionMissing;32;0;38;64;100;0;25;28;29;29;30;78,12;87,5;90,62;90,62;93,75
1;Tesla;161;state;ActionExchange;41;0;38;64;100;0;33;36;38;39;40;80,49;87,8;92,68;95,12;97,56
1;Tesla;161;state;StateMissing;27;0;38;64;100;0;24;26;26;27;27;88,89;96,3;96,3;100;100
1;Tesla;161;state;TransitionDestinationExchange;41;2;38;64;100;0;27;30;32;34;36;69,23;76,92;82,05;87,18;92,31
1;Tesla;161;transition;TransitionMissing;32;0;130;64;100;0;28;31;31;31;32;87,5;96,88;96,88;96,88;100
1;Tesla;161;transition;ActionExchange;41;0;130;64;100;0;36;40;41;41;41;87,8;97,56;100;100;100
1;Tesla;161;transition;StateMissing;27;0;130;64;100;0;26;27;27;27;27;96,3;100;100;100;100
1;Tesla;161;transition;TransitionDestinationExchange;41;2;130;64;100;0;31;36;37;38;39;79,49;92,31;94,87;97,44;100
1;Tesla;161;pair;TransitionMissing;32;0;106;64;100;0;28;30;31;31;32;87,5;93,75;96,88;96,88;100
1;Tesla;161;pair;ActionExchange;41;0;106;64;100;0;36;40;40;41;41;87,8;97,56;97,56;100;100
1;Tesla;161;pair;StateMissing;27;0;106;64;100;0;26;27;27;27;27;96,3;100;100;100;100
1;Tesla;161;pair;TransitionDestinationExchange;41;2;106;64;100;0;31;36;37;37;39;79,49;92,31;94,87;94,87;100
1;Tesla;162;state;TransitionMissing;34;0;63;68;100;0;25;28;29;30;31;73,53;82,35;85,29;88,24;91,18
1;Tesla;162;state;ActionExchange;51;0;63;68;100;0;32;39;42;46;48;62,75;76,47;82,35;90,2;94,12
1;Tesla;162;state;StateMissing;27;0;63;68;100;0;24;26;26;27;27;88,89;96,3;96,3;100;100
1;Tesla;162;state;TransitionDestinationExchange;51;5;63;68;100;0;26;31;34;36;38;56,52;67,39;73,91;78,26;82,61
1;Tesla;162;transition;TransitionMissing;34;0;158;68;100;0;27;30;31;32;34;79,41;88,24;91,18;94,12;100
1;Tesla;162;transition;ActionExchange;51;0;158;68;100;0;37;46;48;49;51;72,55;90,2;94,12;96,08;100
1;Tesla;162;transition;StateMissing;27;0;158;68;100;0;25;27;27;27;27;92,59;100;100;100;100
1;Tesla;162;transition;TransitionDestinationExchange;51;5;158;68;100;0;30;37;39;41;45;65,22;80,43;84,78;89,13;97,83
1;Tesla;162;pair;TransitionMissing;34;0;213;68;100;0;27;31;32;33;34;79,41;91,18;94,12;97,06;100
1;Tesla;162;pair;ActionExchange;51;0;213;68;100;0;37;47;49;50;51;72,55;92,16;96,08;98,04;100
1;Tesla;162;pair;StateMissing;27;0;213;68;100;0;25;27;27;27;27;92,59;100;100;100;100
1;Tesla;162;pair;TransitionDestinationExchange;51;5;213;68;100;0;30;39;41;43;46;65,22;84,78;89,13;93,48;100
1;Tesla;163;state;TransitionMissing;27;0;36;54;100;0;25;25;26;27;27;92,59;92,59;96,3;100;100
1;Tesla;163;state;ActionExchange;29;0;36;54;100;0;28;28;28;29;29;96,55;96,55;96,55;100;100
1;Tesla;163;state;StateMissing;25;0;36;54;100;0;24;24;25;25;25;96;96;100;100;100
1;Tesla;163;state;TransitionDestinationExchange;29;1;36;54;100;0;25;25;26;28;28;89,29;89,29;92,86;100;100
1;Tesla;163;transition;TransitionMissing;27;0;51;54;100;0;25;26;27;27;27;92,59;96,3;100;100;100
1;Tesla;163;transition;ActionExchange;29;0;51;54;100;0;28;28;29;29;29;96,55;96,55;100;100;100
1;Tesla;163;transition;StateMissing;25;0;51;54;100;0;24;25;25;25;25;96;100;100;100;100
1;Tesla;163;transition;TransitionDestinationExchange;29;1;51;54;100;0;25;26;28;28;28;89,29;92,86;100;100;100
1;Tesla;163;pair;TransitionMissing;27;0;52;54;100;0;25;26;27;27;27;92,59;96,3;100;100;100
1;Tesla;163;pair;ActionExchange;29;0;52;54;100;0;28;28;29;29;29;96,55;96,55;100;100;100
1;Tesla;163;pair;StateMissing;25;0;52;54;100;0;24;25;25;25;25;96;100;100;100;100
1;Tesla;163;pair;TransitionDestinationExchange;29;1;52;54;100;0;25;26;28;28;28;89,29;92,86;100;100;100
1;Tesla;164;state;TransitionMissing;39;0;89;78;100;0;25;29;31;31;33;64,1;74,36;79,49;79,49;84,62
1;Tesla;164;state;ActionExchange;73;0;89;78;100;0;37;48;53;58;64;50,68;65,75;72,6;79,45;87,67
1;Tesla;164;state;StateMissing;28;0;89;78;100;0;24;26;27;28;28;85,71;92,86;96,43;100;100
1;Tesla;164;state;TransitionDestinationExchange;73;11;89;78;100;0;28;36;39;42;49;45,16;58,06;62,9;67,74;79,03
1;Tesla;164;transition;TransitionMissing;39;0;239;78;100;0;30;34;35;35;37;76,92;87,18;89,74;89,74;94,87
1;Tesla;164;transition;ActionExchange;73;0;239;78;100;0;52;62;66;68;72;71,23;84,93;90,41;93,15;98,63
1;Tesla;164;transition;StateMissing;28;0;239;78;100;0;27;28;28;28;28;96,43;100;100;100;100
1;Tesla;164;transition;TransitionDestinationExchange;73;11;239;78;100;0;39;46;49;52;59;62,9;74,19;79,03;83,87;95,16
1;Tesla;164;pair;TransitionMissing;39;0;377;78;100;0;33;35;36;37;39;84,62;89,74;92,31;94,87;100
1;Tesla;164;pair;ActionExchange;73;0;377;78;100;0;56;65;68;70;73;76,71;89,04;93,15;95,89;100
1;Tesla;164;pair;StateMissing;28;0;377;78;100;0;27;28;28;28;28;96,43;100;100;100;100
1;Tesla;164;pair;TransitionDestinationExchange;73;11;377;78;100;0;44;51;53;55;61;70,97;82,26;85,48;88,71;98,39
1;Tesla;165;state;TransitionMissing;29;0;26;58;100;0;25;26;26;27;29;86,21;89,66;89,66;93,1;100
1;Tesla;165;state;ActionExchange;33;0;26;58;100;0;31;31;31;31;33;93,94;93,94;93,94;93,94;100
1;Tesla;165;state;StateMissing;26;0;26;58;100;0;24;25;25;26;26;92,31;96,15;96,15;100;100
1;Tesla;165;state;TransitionDestinationExchange;33;1;26;58;100;0;26;27;27;28;32;81,25;84,38;84,38;87,5;100
1;Tesla;165;transition;TransitionMissing;29;0;77;58;100;0;26;28;29;29;29;89,66;96,55;100;100;100
1;Tesla;165;transition;ActionExchange;33;0;77;58;100;0;31;32;33;33;33;93,94;96,97;100;100;100
1;Tesla;165;transition;StateMissing;26;0;77;58;100;0;25;26;26;26;26;96,15;100;100;100;100
1;Tesla;165;transition;TransitionDestinationExchange;33;1;77;58;100;0;27;30;32;32;32;84,38;93,75;100;100;100
1;Tesla;165;pair;TransitionMissing;29;0;53;58;100;0;25;27;28;29;29;86,21;93,1;96,55;100;100
1;Tesla;165;pair;ActionExchange;33;0;53;58;100;0;31;32;32;33;33;93,94;96,97;96,97;100;100
1;Tesla;165;pair;StateMissing;26;0;53;58;100;0;24;25;26;26;26;92,31;96,15;100;100;100
1;Tesla;165;pair;TransitionDestinationExchange;33;1;53;58;100;0;26;29;30;32;32;81,25;90,62;93,75;100;100
1;Tesla;166;state;TransitionMissing;39;0;64;78;100;0;25;28;30;30;32;64,1;71,79;76,92;76,92;82,05
1;Tesla;166;state;ActionExchange;73;0;64;78;100;0;37;46;50;52;61;50,68;63,01;68,49;71,23;83,56
1;Tesla;166;state;StateMissing;28;0;64;78;100;0;24;26;27;27;28;85,71;92,86;96,43;96,43;100
1;Tesla;166;state;TransitionDestinationExchange;73;11;64;78;100;0;28;34;36;38;44;45,16;54,84;58,06;61,29;70,97
1;Tesla;166;transition;TransitionMissing;39;0;239;78;100;0;29;34;35;35;37;74,36;87,18;89,74;89,74;94,87
1;Tesla;166;transition;ActionExchange;73;0;239;78;100;0;46;61;64;66;72;63,01;83,56;87,67;90,41;98,63
1;Tesla;166;transition;StateMissing;28;0;239;78;100;0;26;28;28;28;28;92,86;100;100;100;100
1;Tesla;166;transition;TransitionDestinationExchange;73;11;239;78;100;0;35;46;48;50;58;56,45;74,19;77,42;80,65;93,55
1;Tesla;166;pair;TransitionMissing;39;0;377;78;100;0;33;35;36;37;39;84,62;89,74;92,31;94,87;100
1;Tesla;166;pair;ActionExchange;73;0;377;78;100;0;57;64;68;70;73;78,08;87,67;93,15;95,89;100
1;Tesla;166;pair;StateMissing;28;0;377;78;100;0;27;28;28;28;28;96,43;100;100;100;100
1;Tesla;166;pair;TransitionDestinationExchange;73;11;377;78;100;0;45;50;53;55;60;72,58;80,65;85,48;88,71;96,77
1;Tesla;167;state;TransitionMissing;36;0;39;72;100;0;25;28;29;30;31;69,44;77,78;80,56;83,33;86,11
1;Tesla;167;state;ActionExchange;55;0;39;72;100;0;35;40;43;46;49;63,64;72,73;78,18;83,64;89,09
1;Tesla;167;state;StateMissing;28;0;39;72;100;0;24;26;26;27;28;85,71;92,86;92,86;96,43;100
1;Tesla;167;state;TransitionDestinationExchange;55;5;39;72;100;0;27;31;35;37;41;54;62;70;74;82
1;Tesla;167;transition;TransitionMissing;36;0;159;72;100;0;29;32;33;34;35;80,56;88,89;91,67;94,44;97,22
1;Tesla;167;transition;ActionExchange;55;0;159;72;100;0;41;50;51;53;55;74,55;90,91;92,73;96,36;100
1;Tesla;167;transition;StateMissing;28;0;159;72;100;0;26;28;28;28;28;92,86;100;100;100;100
1;Tesla;167;transition;TransitionDestinationExchange;55;5;159;72;100;0;34;41;43;45;48;68;82;86;90;96
1;Tesla;167;pair;TransitionMissing;36;0;214;72;100;0;31;33;34;35;36;86,11;91,67;94,44;97,22;100
1;Tesla;167;pair;ActionExchange;55;0;214;72;100;0;45;51;53;54;55;81,82;92,73;96,36;98,18;100
1;Tesla;167;pair;StateMissing;28;0;214;72;100;0;27;28;28;28;28;96,43;100;100;100;100
1;Tesla;167;pair;TransitionDestinationExchange;55;5;214;72;100;0;38;43;45;47;49;76;86;90;94;98
1;Tesla;168;state;TransitionMissing;36;0;64;72;100;0;27;29;30;31;33;75;80,56;83,33;86,11;91,67
1;Tesla;168;state;ActionExchange;55;0;64;72;100;0;38;43;45;48;52;69,09;78,18;81,82;87,27;94,55
1;Tesla;168;state;StateMissing;28;0;64;72;100;0;25;26;27;28;28;89,29;92,86;96,43;100;100
1;Tesla;168;state;TransitionDestinationExchange;55;5;64;72;100;0;31;34;37;39;43;62;68;74;78;86
1;Tesla;168;transition;TransitionMissing;36;0;184;72;100;0;29;33;33;34;36;80,56;91,67;91,67;94,44;100
1;Tesla;168;transition;ActionExchange;55;0;184;72;100;0;41;51;52;53;55;74,55;92,73;94,55;96,36;100
1;Tesla;168;transition;StateMissing;28;0;184;72;100;0;26;28;28;28;28;92,86;100;100;100;100
1;Tesla;168;transition;TransitionDestinationExchange;55;5;184;72;100;0;34;42;44;45;50;68;84;88;90;100
1;Tesla;168;pair;TransitionMissing;36;0;214;72;100;0;29;33;34;35;36;80,56;91,67;94,44;97,22;100
1;Tesla;168;pair;ActionExchange;55;0;214;72;100;0;41;51;53;54;55;74,55;92,73;96,36;98,18;100
1;Tesla;168;pair;StateMissing;28;0;214;72;100;0;26;28;28;28;28;92,86;100;100;100;100
1;Tesla;168;pair;TransitionDestinationExchange;55;5;214;72;100;0;34;43;45;47;50;68;86;90;94;100
1;Tesla;169;state;TransitionMissing;39;0;64;78;100;0;25;29;30;30;32;64,1;74,36;76,92;76,92;82,05
1;Tesla;169;state;ActionExchange;73;0;64;78;100;0;37;46;50;53;61;50,68;63,01;68,49;72,6;83,56
1;Tesla;169;state;StateMissing;28;0;64;78;100;0;24;26;27;27;28;85,71;92,86;96,43;96,43;100
1;Tesla;169;state;TransitionDestinationExchange;73;11;64;78;100;0;28;34;37;40;46;45,16;54,84;59,68;64,52;74,19
1;Tesla;169;transition;TransitionMissing;39;0;239;78;100;0;31;34;35;35;38;79,49;87,18;89,74;89,74;97,44
1;Tesla;169;transition;ActionExchange;73;0;239;78;100;0;53;62;65;68;72;72,6;84,93;89,04;93,15;98,63
1;Tesla;169;transition;StateMissing;28;0;239;78;100;0;27;28;28;28;28;96,43;100;100;100;100
1;Tesla;169;transition;TransitionDestinationExchange;73;11;239;78;100;0;39;46;49;52;58;62,9;74,19;79,03;83,87;93,55
1;Tesla;169;pair;TransitionMissing;39;0;377;78;100;0;32;35;36;37;39;82,05;89,74;92,31;94,87;100
1;Tesla;169;pair;ActionExchange;73;0;377;78;100;0;54;65;68;71;73;73,97;89,04;93,15;97,26;100
1;Tesla;169;pair;StateMissing;28;0;377;78;100;0;27;28;28;28;28;96,43;100;100;100;100
1;Tesla;169;pair;TransitionDestinationExchange;73;11;377;78;100;0;43;50;53;56;60;69,35;80,65;85,48;90,32;96,77
1;Tesla;170;state;TransitionMissing;32;0;38;64;100;0;25;27;28;29;30;78,12;84,38;87,5;90,62;93,75
1;Tesla;170;state;ActionExchange;41;0;38;64;100;0;33;36;38;39;40;80,49;87,8;92,68;95,12;97,56
1;Tesla;170;state;StateMissing;27;0;38;64;100;0;24;26;26;27;27;88,89;96,3;96,3;100;100
1;Tesla;170;state;TransitionDestinationExchange;41;2;38;64;100;0;27;30;32;34;36;69,23;76,92;82,05;87,18;92,31
1;Tesla;170;transition;TransitionMissing;32;0;130;64;100;0;27;30;31;31;32;84,38;93,75;96,88;96,88;100
1;Tesla;170;transition;ActionExchange;41;0;130;64;100;0;35;40;40;41;41;85,37;97,56;97,56;100;100
1;Tesla;170;transition;StateMissing;27;0;130;64;100;0;25;27;27;27;27;92,59;100;100;100;100
1;Tesla;170;transition;TransitionDestinationExchange;41;2;130;64;100;0;30;36;37;38;39;76,92;92,31;94,87;97,44;100
1;Tesla;170;pair;TransitionMissing;32;0;106;64;100;0;27;30;31;31;32;84,38;93,75;96,88;96,88;100
1;Tesla;170;pair;ActionExchange;41;0;106;64;100;0;35;40;40;41;41;85,37;97,56;97,56;100;100
1;Tesla;170;pair;StateMissing;27;0;106;64;100;0;25;27;27;27;27;92,59;100;100;100;100
1;Tesla;170;pair;TransitionDestinationExchange;41;2;106;64;100;0;30;35;37;37;39;76,92;89,74;94,87;94,87;100
1;Tesla;171;state;TransitionMissing;47;0;91;94;100;0;29;32;34;34;37;61,7;68,09;72,34;72,34;78,72
1;Tesla;171;state;ActionExchange;109;0;91;94;100;0;49;62;67;72;88;44,95;56,88;61,47;66,06;80,73
1;Tesla;171;state;StateMissing;30;0;91;94;100;0;26;28;28;29;30;86,67;93,33;93,33;96,67;100
1;Tesla;171;state;TransitionDestinationExchange;109;21;91;94;100;0;36;44;46;50;62;40,91;50;52,27;56,82;70,45
1;Tesla;171;transition;TransitionMissing;47;0;322;94;100;0;34;39;40;41;43;72,34;82,98;85,11;87,23;91,49
1;Tesla;171;transition;ActionExchange;109;0;322;94;100;0;69;86;91;94;105;63,3;78,9;83,49;86,24;96,33
1;Tesla;171;transition;StateMissing;30;0;322;94;100;0;28;30;30;30;30;93,33;100;100;100;100
1;Tesla;171;transition;TransitionDestinationExchange;109;21;322;94;100;0;51;59;64;67;77;57,95;67,05;72,73;76,14;87,5
1;Tesla;171;pair;TransitionMissing;47;0;626;94;100;0;39;42;43;44;46;82,98;89,36;91,49;93,62;97,87
1;Tesla;171;pair;ActionExchange;109;0;626;94;100;0;83;95;100;103;109;76,15;87,16;91,74;94,5;100
1;Tesla;171;pair;StateMissing;30;0;626;94;100;0;29;30;30;30;30;96,67;100;100;100;100
1;Tesla;171;pair;TransitionDestinationExchange;109;21;626;94;100;0;57;70;73;76;83;64,77;79,55;82,95;86,36;94,32
1;Tesla;172;state;TransitionMissing;32;0;35;64;100;0;25;28;28;29;30;78,12;87,5;87,5;90,62;93,75
1;Tesla;172;state;ActionExchange;41;0;35;64;100;0;33;36;38;39;40;80,49;87,8;92,68;95,12;97,56
1;Tesla;172;state;StateMissing;27;0;35;64;100;0;24;26;26;27;27;88,89;96,3;96,3;100;100
1;Tesla;172;state;TransitionDestinationExchange;41;2;35;64;100;0;27;31;33;33;36;69,23;79,49;84,62;84,62;92,31
1;Tesla;172;transition;TransitionMissing;32;0;105;64;100;0;28;30;31;31;32;87,5;93,75;96,88;96,88;100
1;Tesla;172;transition;ActionExchange;41;0;105;64;100;0;34;39;40;41;41;82,93;95,12;97,56;100;100
1;Tesla;172;transition;StateMissing;27;0;105;64;100;0;26;27;27;27;27;96,3;100;100;100;100
1;Tesla;172;transition;TransitionDestinationExchange;41;2;105;64;100;0;30;34;37;37;39;76,92;87,18;94,87;94,87;100
1;Tesla;172;pair;TransitionMissing;32;0;106;64;100;0;28;30;31;31;32;87,5;93,75;96,88;96,88;100
1;Tesla;172;pair;ActionExchange;41;0;106;64;100;0;34;39;40;41;41;82,93;95,12;97,56;100;100
1;Tesla;172;pair;StateMissing;27;0;106;64;100;0;26;27;27;27;27;96,3;100;100;100;100
1;Tesla;172;pair;TransitionDestinationExchange;41;2;106;64;100;0;30;34;37;37;39;76,92;87,18;94,87;94,87;100
1;Tesla;173;state;TransitionMissing;32;0;38;64;100;0;25;28;29;29;30;78,12;87,5;90,62;90,62;93,75
1;Tesla;173;state;ActionExchange;41;0;38;64;100;0;33;36;38;39;40;80,49;87,8;92,68;95,12;97,56
1;Tesla;173;state;StateMissing;27;0;38;64;100;0;24;26;26;27;27;88,89;96,3;96,3;100;100
1;Tesla;173;state;TransitionDestinationExchange;41;2;38;64;100;0;27;30;32;34;36;69,23;76,92;82,05;87,18;92,31
1;Tesla;173;transition;TransitionMissing;32;0;130;64;100;0;28;31;31;31;32;87,5;96,88;96,88;96,88;100
1;Tesla;173;transition;ActionExchange;41;0;130;64;100;0;36;40;41;41;41;87,8;97,56;100;100;100
1;Tesla;173;transition;StateMissing;27;0;130;64;100;0;26;27;27;27;27;96,3;100;100;100;100
1;Tesla;173;transition;TransitionDestinationExchange;41;2;130;64;100;0;31;36;37;38;39;79,49;92,31;94,87;97,44;100
1;Tesla;173;pair;TransitionMissing;32;0;106;64;100;0;28;30;31;31;32;87,5;93,75;96,88;96,88;100
1;Tesla;173;pair;ActionExchange;41;0;106;64;100;0;36;40;40;41;41;87,8;97,56;97,56;100;100
1;Tesla;173;pair;StateMissing;27;0;106;64;100;0;26;27;27;27;27;96,3;100;100;100;100
1;Tesla;173;pair;TransitionDestinationExchange;41;2;106;64;100;0;31;36;37;37;39;79,49;92,31;94,87;94,87;100
1;Tesla;174;state;TransitionMissing;36;0;89;72;100;0;28;31;32;33;34;77,78;86,11;88,89;91,67;94,44
1;Tesla;174;state;ActionExchange;55;0;89;72;100;0;36;46;50;51;54;65,45;83,64;90,91;92,73;98,18
1;Tesla;174;state;StateMissing;28;0;89;72;100;0;26;27;28;28;28;92,86;96,43;100;100;100
1;Tesla;174;state;TransitionDestinationExchange;55;5;89;72;100;0;30;38;40;41;47;60;76;80;82;94
1;Tesla;174;transition;TransitionMissing;36;0;184;72;100;0;30;33;33;34;35;83,33;91,67;91,67;94,44;97,22
1;Tesla;174;transition;ActionExchange;55;0;184;72;100;0;42;50;52;53;55;76,36;90,91;94,55;96,36;100
1;Tesla;174;transition;StateMissing;28;0;184;72;100;0;27;28;28;28;28;96,43;100;100;100;100
1;Tesla;174;transition;TransitionDestinationExchange;55;5;184;72;100;0;34;41;43;45;49;68;82;86;90;98
1;Tesla;174;pair;TransitionMissing;36;0;214;72;100;0;31;33;34;35;36;86,11;91,67;94,44;97,22;100
1;Tesla;174;pair;ActionExchange;55;0;214;72;100;0;43;51;53;54;55;78,18;92,73;96,36;98,18;100
1;Tesla;174;pair;StateMissing;28;0;214;72;100;0;27;28;28;28;28;96,43;100;100;100;100
1;Tesla;174;pair;TransitionDestinationExchange;55;5;214;72;100;0;36;43;45;47;50;72;86;90;94;100
1;Tesla;175;state;TransitionMissing;43;0;41;86;100;0;26;30;31;32;34;60,47;69,77;72,09;74,42;79,07
1;Tesla;175;state;ActionExchange;81;0;41;86;100;0;40;49;52;54;61;49,38;60,49;64,2;66,67;75,31
1;Tesla;175;state;StateMissing;30;0;41;86;100;0;25;27;28;28;30;83,33;90;93,33;93,33;100
1;Tesla;175;state;TransitionDestinationExchange;81;11;41;86;100;0;28;36;39;42;47;40;51,43;55,71;60;67,14
1;Tesla;175;transition;TransitionMissing;43;0;266;86;100;0;35;38;38;39;41;81,4;88,37;88,37;90,7;95,35
1;Tesla;175;transition;ActionExchange;81;0;266;86;100;0;60;70;73;75;81;74,07;86,42;90,12;92,59;100
1;Tesla;175;transition;StateMissing;30;0;266;86;100;0;29;30;30;30;30;96,67;100;100;100;100
1;Tesla;175;transition;TransitionDestinationExchange;81;11;266;86;100;0;48;54;57;60;66;68,57;77,14;81,43;85,71;94,29
1;Tesla;175;pair;TransitionMissing;43;0;379;86;100;0;36;39;40;41;43;83,72;90,7;93,02;95,35;100
1;Tesla;175;pair;ActionExchange;81;0;379;86;100;0;64;74;76;78;81;79,01;91,36;93,83;96,3;100
1;Tesla;175;pair;StateMissing;30;0;379;86;100;0;29;30;30;30;30;96,67;100;100;100;100
1;Tesla;175;pair;TransitionDestinationExchange;81;11;379;86;100;0;50;58;61;63;69;71,43;82,86;87,14;90;98,57
1;Tesla;176;state;TransitionMissing;34;0;39;68;100;0;25;29;30;31;32;73,53;85,29;88,24;91,18;94,12
1;Tesla;176;state;ActionExchange;45;0;39;68;100;0;36;39;41;42;44;80;86,67;91,11;93,33;97,78
1;Tesla;176;state;StateMissing;28;0;39;68;100;0;24;26;27;27;28;85,71;92,86;96,43;96,43;100
1;Tesla;176;state;TransitionDestinationExchange;45;2;39;68;100;0;28;33;35;37;40;65,12;76,74;81,4;86,05;93,02
1;Tesla;176;transition;TransitionMissing;34;0;131;68;100;0;29;32;33;33;34;85,29;94,12;97,06;97,06;100
1;Tesla;176;transition;ActionExchange;45;0;131;68;100;0;39;43;44;45;45;86,67;95,56;97,78;100;100
1;Tesla;176;transition;StateMissing;28;0;131;68;100;0;26;28;28;28;28;92,86;100;100;100;100
1;Tesla;176;transition;TransitionDestinationExchange;45;2;131;68;100;0;33;39;41;41;43;76,74;90,7;95,35;95,35;100
1;Tesla;176;pair;TransitionMissing;34;0;107;68;100;0;29;31;33;33;34;85,29;91,18;97,06;97,06;100
1;Tesla;176;pair;ActionExchange;45;0;107;68;100;0;39;43;44;45;45;86,67;95,56;97,78;100;100
1;Tesla;176;pair;StateMissing;28;0;107;68;100;0;26;27;28;28;28;92,86;96,43;100;100;100
1;Tesla;176;pair;TransitionDestinationExchange;45;2;107;68;100;0;33;38;41;41;43;76,74;88,37;95,35;95,35;100
1;Tesla;177;state;TransitionMissing;39;0;89;78;100;0;25;29;31;32;34;64,1;74,36;79,49;82,05;87,18
1;Tesla;177;state;ActionExchange;73;0;89;78;100;0;37;49;53;58;65;50,68;67,12;72,6;79,45;89,04
1;Tesla;177;state;StateMissing;28;0;89;78;100;0;24;26;27;28;28;85,71;92,86;96,43;100;100
1;Tesla;177;state;TransitionDestinationExchange;73;11;89;78;100;0;28;35;39;43;50;45,16;56,45;62,9;69,35;80,65
1;Tesla;177;transition;TransitionMissing;39;0;239;78;100;0;31;34;35;35;37;79,49;87,18;89,74;89,74;94,87
1;Tesla;177;transition;ActionExchange;73;0;239;78;100;0;50;63;64;67;72;68,49;86,3;87,67;91,78;98,63
1;Tesla;177;transition;StateMissing;28;0;239;78;100;0;27;28;28;28;28;96,43;100;100;100;100
1;Tesla;177;transition;TransitionDestinationExchange;73;11;239;78;100;0;36;46;49;52;58;58,06;74,19;79,03;83,87;93,55
1;Tesla;177;pair;TransitionMissing;39;0;377;78;100;0;34;36;36;37;39;87,18;92,31;92,31;94,87;100
1;Tesla;177;pair;ActionExchange;73;0;377;78;100;0;62;66;69;71;73;84,93;90,41;94,52;97,26;100
1;Tesla;177;pair;StateMissing;28;0;377;78;100;0;28;28;28;28;28;100;100;100;100;100
1;Tesla;177;pair;TransitionDestinationExchange;73;11;377;78;100;0;46;51;54;56;62;74,19;82,26;87,1;90,32;100
1;Tesla;178;state;TransitionMissing;41;0;40;82;100;0;25;28;29;31;33;60,98;68,29;70,73;75,61;80,49
1;Tesla;178;state;ActionExchange;77;0;40;82;100;0;37;45;49;51;60;48,05;58,44;63,64;66,23;77,92
1;Tesla;178;state;StateMissing;29;0;40;82;100;0;24;26;27;28;29;82,76;89,66;93,1;96,55;100
1;Tesla;178;state;TransitionDestinationExchange;77;11;40;82;100;0;27;34;37;39;44;40,91;51,52;56,06;59,09;66,67
1;Tesla;178;transition;TransitionMissing;41;0;240;82;100;0;31;36;37;37;39;75,61;87,8;90,24;90,24;95,12
1;Tesla;178;transition;ActionExchange;77;0;240;82;100;0;51;66;69;71;76;66,23;85,71;89,61;92,21;98,7
1;Tesla;178;transition;StateMissing;29;0;240;82;100;0;27;29;29;29;29;93,1;100;100;100;100
1;Tesla;178;transition;TransitionDestinationExchange;77;11;240;82;100;0;39;50;53;56;61;59,09;75,76;80,3;84,85;92,42
1;Tesla;178;pair;TransitionMissing;41;0;378;82;100;0;34;37;38;39;41;82,93;90,24;92,68;95,12;100
1;Tesla;178;pair;ActionExchange;77;0;378;82;100;0;60;71;73;75;77;77,92;92,21;94,81;97,4;100
1;Tesla;178;pair;StateMissing;29;0;378;82;100;0;28;29;29;29;29;96,55;100;100;100;100
1;Tesla;178;pair;TransitionDestinationExchange;77;11;378;82;100;0;45;55;57;60;64;68,18;83,33;86,36;90,91;96,97
1;Tesla;179;state;TransitionMissing;32;0;63;64;100;0;26;29;30;31;31;81,25;90,62;93,75;96,88;96,88
1;Tesla;179;state;ActionExchange;41;0;63;64;100;0;33;37;39;40;41;80,49;90,24;95,12;97,56;100
1;Tesla;179;state;StateMissing;27;0;63;64;100;0;25;26;27;27;27;92,59;96,3;100;100;100
1;Tesla;179;state;TransitionDestinationExchange;41;2;63;64;100;0;27;33;34;36;38;69,23;84,62;87,18;92,31;97,44
1;Tesla;179;transition;TransitionMissing;32;0;130;64;100;0;28;31;31;31;32;87,5;96,88;96,88;96,88;100
1;Tesla;179;transition;ActionExchange;41;0;130;64;100;0;34;40;40;41;41;82,93;97,56;97,56;100;100
1;Tesla;179;transition;StateMissing;27;0;130;64;100;0;26;27;27;27;27;96,3;100;100;100;100
1;Tesla;179;transition;TransitionDestinationExchange;41;2;130;64;100;0;30;36;37;38;39;76,92;92,31;94,87;97,44;100
1;Tesla;179;pair;TransitionMissing;32;0;106;64;100;0;28;30;31;31;32;87,5;93,75;96,88;96,88;100
1;Tesla;179;pair;ActionExchange;41;0;106;64;100;0;34;39;40;41;41;82,93;95,12;97,56;100;100
1;Tesla;179;pair;StateMissing;27;0;106;64;100;0;26;27;27;27;27;96,3;100;100;100;100
1;Tesla;179;pair;TransitionDestinationExchange;41;2;106;64;100;0;30;34;37;37;39;76,92;87,18;94,87;94,87;100
1;Tesla;180;state;TransitionMissing;36;0;33;72;100;0;26;28;29;30;32;72,22;77,78;80,56;83,33;88,89
1;Tesla;180;state;ActionExchange;55;0;33;72;100;0;35;41;43;45;49;63,64;74,55;78,18;81,82;89,09
1;Tesla;180;state;StateMissing;28;0;33;72;100;0;25;26;27;27;28;89,29;92,86;96,43;96,43;100
1;Tesla;180;state;TransitionDestinationExchange;55;5;33;72;100;0;27;32;34;36;41;54;64;68;72;82
1;Tesla;180;transition;TransitionMissing;36;0;184;72;100;0;29;32;33;34;35;80,56;88,89;91,67;94,44;97,22
1;Tesla;180;transition;ActionExchange;55;0;184;72;100;0;41;50;53;54;55;74,55;90,91;96,36;98,18;100
1;Tesla;180;transition;StateMissing;28;0;184;72;100;0;26;28;28;28;28;92,86;100;100;100;100
1;Tesla;180;transition;TransitionDestinationExchange;55;5;184;72;100;0;34;42;43;45;48;68;84;86;90;96
1;Tesla;180;pair;TransitionMissing;36;0;214;72;100;0;31;33;34;35;36;86,11;91,67;94,44;97,22;100
1;Tesla;180;pair;ActionExchange;55;0;214;72;100;0;45;51;53;54;55;81,82;92,73;96,36;98,18;100
1;Tesla;180;pair;StateMissing;28;0;214;72;100;0;27;28;28;28;28;96,43;100;100;100;100
1;Tesla;180;pair;TransitionDestinationExchange;55;5;214;72;100;0;38;42;45;47;49;76;84;90;94;98
1;Tesla;181;state;TransitionMissing;48;0;66;96;100;0;27;32;33;34;38;56,25;66,67;68,75;70,83;79,17
1;Tesla;181;state;ActionExchange;115;0;66;96;100;0;44;62;67;73;86;38,26;53,91;58,26;63,48;74,78
1;Tesla;181;state;StateMissing;30;0;66;96;100;0;25;28;28;29;30;83,33;93,33;93,33;96,67;100
1;Tesla;181;state;TransitionDestinationExchange;115;14;66;96;100;0;33;44;47;51;60;32,67;43,56;46,53;50,5;59,41
1;Tesla;181;transition;TransitionMissing;48;0;323;96;100;0;37;40;41;43;46;77,08;83,33;85,42;89,58;95,83
1;Tesla;181;transition;ActionExchange;115;0;323;96;100;0;73;92;98;103;113;63,48;80;85,22;89,57;98,26
1;Tesla;181;transition;StateMissing;30;0;323;96;100;0;28;30;30;30;30;93,33;100;100;100;100
1;Tesla;181;transition;TransitionDestinationExchange;115;14;323;96;100;0;60;68;72;76;90;59,41;67,33;71,29;75,25;89,11
1;Tesla;181;pair;TransitionMissing;48;0;686;96;100;0;40;44;45;46;48;83,33;91,67;93,75;95,83;100
1;Tesla;181;pair;ActionExchange;115;0;686;96;100;0;87;105;108;111;115;75,65;91,3;93,91;96,52;100
1;Tesla;181;pair;StateMissing;30;0;686;96;100;0;29;30;30;30;30;96,67;100;100;100;100
1;Tesla;181;pair;TransitionDestinationExchange;115;14;686;96;100;0;71;82;85;88;96;70,3;81,19;84,16;87,13;95,05
1;Tesla;182;state;TransitionMissing;39;0;64;78;100;0;25;28;29;30;32;64,1;71,79;74,36;76,92;82,05
1;Tesla;182;state;ActionExchange;73;0;64;78;100;0;37;45;49;52;59;50,68;61,64;67,12;71,23;80,82
1;Tesla;182;state;StateMissing;28;0;64;78;100;0;24;26;27;27;28;85,71;92,86;96,43;96,43;100
1;Tesla;182;state;TransitionDestinationExchange;73;11;64;78;100;0;28;34;36;39;45;45,16;54,84;58,06;62,9;72,58
1;Tesla;182;transition;TransitionMissing;39;0;239;78;100;0;29;34;35;36;37;74,36;87,18;89,74;92,31;94,87
1;Tesla;182;transition;ActionExchange;73;0;239;78;100;0;46;63;65;67;72;63,01;86,3;89,04;91,78;98,63
1;Tesla;182;transition;StateMissing;28;0;239;78;100;0;26;28;28;28;28;92,86;100;100;100;100
1;Tesla;182;transition;TransitionDestinationExchange;73;11;239;78;100;0;35;47;50;52;58;56,45;75,81;80,65;83,87;93,55
1;Tesla;182;pair;TransitionMissing;39;0;377;78;100;0;32;35;36;37;39;82,05;89,74;92,31;94,87;100
1;Tesla;182;pair;ActionExchange;73;0;377;78;100;0;53;65;69;71;73;72,6;89,04;94,52;97,26;100
1;Tesla;182;pair;StateMissing;28;0;377;78;100;0;27;28;28;28;28;96,43;100;100;100;100
1;Tesla;182;pair;TransitionDestinationExchange;73;11;377;78;100;0;41;50;53;56;60;66,13;80,65;85,48;90,32;96,77
1;Tesla;183;state;TransitionMissing;34;0;38;68;100;0;25;27;28;28;30;73,53;79,41;82,35;82,35;88,24
1;Tesla;183;state;ActionExchange;51;0;38;68;100;0;32;37;39;42;45;62,75;72,55;76,47;82,35;88,24
1;Tesla;183;state;StateMissing;27;0;38;68;100;0;24;25;26;26;27;88,89;92,59;96,3;96,3;100
1;Tesla;183;state;TransitionDestinationExchange;51;5;38;68;100;0;26;30;31;33;37;56,52;65,22;67,39;71,74;80,43
1;Tesla;183;transition;TransitionMissing;34;0;158;68;100;0;27;31;31;32;33;79,41;91,18;91,18;94,12;97,06
1;Tesla;183;transition;ActionExchange;51;0;158;68;100;0;37;46;48;49;51;72,55;90,2;94,12;96,08;100
1;Tesla;183;transition;StateMissing;27;0;158;68;100;0;25;27;27;27;27;92,59;100;100;100;100
1;Tesla;183;transition;TransitionDestinationExchange;51;5;158;68;100;0;30;38;39;41;45;65,22;82,61;84,78;89,13;97,83
1;Tesla;183;pair;TransitionMissing;34;0;213;68;100;0;29;31;32;33;34;85,29;91,18;94,12;97,06;100
1;Tesla;183;pair;ActionExchange;51;0;213;68;100;0;41;48;49;50;51;80,39;94,12;96,08;98,04;100
1;Tesla;183;pair;StateMissing;27;0;213;68;100;0;26;27;27;27;27;96,3;100;100;100;100
1;Tesla;183;pair;TransitionDestinationExchange;51;5;213;68;100;0;34;39;41;42;45;73,91;84,78;89,13;91,3;97,83
1;Tesla;184;state;TransitionMissing;29;0;37;58;100;0;25;27;28;28;29;86,21;93,1;96,55;96,55;100
1;Tesla;184;state;ActionExchange;33;0;37;58;100;0;31;32;32;32;33;93,94;96,97;96,97;96,97;100
1;Tesla;184;state;StateMissing;26;0;37;58;100;0;24;25;26;26;26;92,31;96,15;100;100;100
1;Tesla;184;state;TransitionDestinationExchange;33;1;37;58;100;0;26;29;30;30;32;81,25;90,62;93,75;93,75;100
1;Tesla;184;transition;TransitionMissing;29;0;77;58;100;0;26;28;29;29;29;89,66;96,55;100;100;100
1;Tesla;184;transition;ActionExchange;33;0;77;58;100;0;31;32;33;33;33;93,94;96,97;100;100;100
1;Tesla;184;transition;StateMissing;26;0;77;58;100;0;25;26;26;26;26;96,15;100;100;100;100
1;Tesla;184;transition;TransitionDestinationExchange;33;1;77;58;100;0;27;30;32;32;32;84,38;93,75;100;100;100
1;Tesla;184;pair;TransitionMissing;29;0;53;58;100;0;26;27;28;29;29;89,66;93,1;96,55;100;100
1;Tesla;184;pair;ActionExchange;33;0;53;58;100;0;31;32;32;33;33;93,94;96,97;96,97;100;100
1;Tesla;184;pair;StateMissing;26;0;53;58;100;0;25;26;26;26;26;96,15;100;100;100;100
1;Tesla;184;pair;TransitionDestinationExchange;33;1;53;58;100;0;27;29;30;32;32;84,38;90,62;93,75;100;100
1;Tesla;185;state;TransitionMissing;49;0;67;98;100;0;28;32;33;34;38;57,14;65,31;67,35;69,39;77,55
1;Tesla;185;state;ActionExchange;113;0;67;98;100;0;48;59;65;71;83;42,48;52,21;57,52;62,83;73,45
1;Tesla;185;state;StateMissing;31;0;67;98;100;0;26;28;29;29;31;83,87;90,32;93,55;93,55;100
1;Tesla;185;state;TransitionDestinationExchange;113;21;67;98;100;0;35;42;46;51;61;38,04;45,65;50;55,43;66,3
1;Tesla;185;transition;TransitionMissing;49;0;323;98;100;0;37;41;42;43;45;75,51;83,67;85,71;87,76;91,84
1;Tesla;185;transition;ActionExchange;113;0;323;98;100;0;75;90;95;100;109;66,37;79,65;84,07;88,5;96,46
1;Tesla;185;transition;StateMissing;31;0;323;98;100;0;30;31;31;31;31;96,77;100;100;100;100
1;Tesla;185;transition;TransitionDestinationExchange;113;21;323;98;100;0;55;64;67;71;84;59,78;69,57;72,83;77,17;91,3
1;Tesla;185;pair;TransitionMissing;49;0;652;98;100;0;41;44;45;46;48;83,67;89,8;91,84;93,88;97,96
1;Tesla;185;pair;ActionExchange;113;0;652;98;100;0;86;101;104;108;112;76,11;89,38;92,04;95,58;99,12
1;Tesla;185;pair;StateMissing;31;0;652;98;100;0;30;31;31;31;31;96,77;100;100;100;100
1;Tesla;185;pair;TransitionDestinationExchange;113;21;652;98;100;0;65;74;78;81;88;70,65;80,43;84,78;88,04;95,65
1;Tesla;186;state;TransitionMissing;47;0;66;94;100;0;27;31;32;33;36;57,45;65,96;68,09;70,21;76,6
1;Tesla;186;state;ActionExchange;109;0;66;94;100;0;44;58;62;67;77;40,37;53,21;56,88;61,47;70,64
1;Tesla;186;state;StateMissing;30;0;66;94;100;0;25;27;28;29;30;83,33;90;93,33;96,67;100
1;Tesla;186;state;TransitionDestinationExchange;109;21;66;94;100;0;33;41;44;47;55;37,5;46,59;50;53,41;62,5
1;Tesla;186;transition;TransitionMissing;47;0;322;94;100;0;34;39;40;41;44;72,34;82,98;85,11;87,23;93,62
1;Tesla;186;transition;ActionExchange;109;0;322;94;100;0;63;87;91;97;103;57,8;79,82;83,49;88,99;94,5
1;Tesla;186;transition;StateMissing;30;0;322;94;100;0;28;30;30;30;30;93,33;100;100;100;100
1;Tesla;186;transition;TransitionDestinationExchange;109;21;322;94;100;0;47;61;64;68;75;53,41;69,32;72,73;77,27;85,23
1;Tesla;186;pair;TransitionMissing;47;0;626;94;100;0;40;42;43;44;47;85,11;89,36;91,49;93,62;100
1;Tesla;186;pair;ActionExchange;109;0;626;94;100;0;85;97;100;104;109;77,98;88,99;91,74;95,41;100
1;Tesla;186;pair;StateMissing;30;0;626;94;100;0;29;30;30;30;30;96,67;100;100;100;100
1;Tesla;186;pair;TransitionDestinationExchange;109;21;626;94;100;0;62;70;74;77;84;70,45;79,55;84,09;87,5;95,45
1;Tesla;187;state;TransitionMissing;36;0;64;72;100;0;27;30;31;31;33;75;83,33;86,11;86,11;91,67
1;Tesla;187;state;ActionExchange;55;0;64;72;100;0;36;43;46;49;52;65,45;78,18;83,64;89,09;94,55
1;Tesla;187;state;StateMissing;28;0;64;72;100;0;25;27;27;28;28;89,29;96,43;96,43;100;100
1;Tesla;187;state;TransitionDestinationExchange;55;5;64;72;100;0;30;35;38;40;44;60;70;76;80;88
1;Tesla;187;transition;TransitionMissing;36;0;184;72;100;0;29;33;34;34;36;80,56;91,67;94,44;94,44;100
1;Tesla;187;transition;ActionExchange;55;0;184;72;100;0;41;51;53;54;55;74,55;92,73;96,36;98,18;100
1;Tesla;187;transition;StateMissing;28;0;184;72;100;0;26;28;28;28;28;92,86;100;100;100;100
1;Tesla;187;transition;TransitionDestinationExchange;55;5;184;72;100;0;34;42;45;46;49;68;84;90;92;98
1;Tesla;187;pair;TransitionMissing;36;0;214;72;100;0;29;33;34;35;36;80,56;91,67;94,44;97,22;100
1;Tesla;187;pair;ActionExchange;55;0;214;72;100;0;41;51;54;54;55;74,55;92,73;98,18;98,18;100
1;Tesla;187;pair;StateMissing;28;0;214;72;100;0;26;28;28;28;28;92,86;100;100;100;100
1;Tesla;187;pair;TransitionDestinationExchange;55;5;214;72;100;0;34;43;45;48;50;68;86;90;96;100
1;Tesla;188;state;TransitionMissing;38;0;37;76;100;0;25;28;30;31;33;65,79;73,68;78,95;81,58;86,84
1;Tesla;188;state;ActionExchange;59;0;37;76;100;0;38;43;46;48;51;64,41;72,88;77,97;81,36;86,44
1;Tesla;188;state;StateMissing;29;0;37;76;100;0;24;26;27;28;29;82,76;89,66;93,1;96,55;100
1;Tesla;188;state;TransitionDestinationExchange;59;5;37;76;100;0;28;34;37;39;42;51,85;62,96;68,52;72,22;77,78
1;Tesla;188;transition;TransitionMissing;38;0;185;76;100;0;31;35;35;36;38;81,58;92,11;92,11;94,74;100
1;Tesla;188;transition;ActionExchange;59;0;185;76;100;0;45;54;56;57;59;76,27;91,53;94,92;96,61;100
1;Tesla;188;transition;StateMissing;29;0;185;76;100;0;27;29;29;29;29;93,1;100;100;100;100
1;Tesla;188;transition;TransitionDestinationExchange;59;5;185;76;100;0;38;46;48;49;53;70,37;85,19;88,89;90,74;98,15
1;Tesla;188;pair;TransitionMissing;38;0;240;76;100;0;33;35;36;37;38;86,84;92,11;94,74;97,37;100
1;Tesla;188;pair;ActionExchange;59;0;240;76;100;0;47;55;57;58;59;79,66;93,22;96,61;98,31;100
1;Tesla;188;pair;StateMissing;29;0;240;76;100;0;28;29;29;29;29;96,55;100;100;100;100
1;Tesla;188;pair;TransitionDestinationExchange;59;5;240;76;100;0;40;47;49;50;54;74,07;87,04;90,74;92,59;100
1;Tesla;189;state;TransitionMissing;29;0;34;58;100;0;25;27;27;28;29;86,21;93,1;93,1;96,55;100
1;Tesla;189;state;ActionExchange;33;0;34;58;100;0;31;31;32;32;33;93,94;93,94;96,97;96,97;100
1;Tesla;189;state;StateMissing;26;0;34;58;100;0;24;25;26;26;26;92,31;96,15;100;100;100
1;Tesla;189;state;TransitionDestinationExchange;33;1;34;58;100;0;26;28;29;30;32;81,25;87,5;90,62;93,75;100
1;Tesla;189;transition;TransitionMissing;29;0;77;58;100;0;26;28;29;29;29;89,66;96,55;100;100;100
1;Tesla;189;transition;ActionExchange;33;0;77;58;100;0;31;32;33;33;33;93,94;96,97;100;100;100
1;Tesla;189;transition;StateMissing;26;0;77;58;100;0;25;26;26;26;26;96,15;100;100;100;100
1;Tesla;189;transition;TransitionDestinationExchange;33;1;77;58;100;0;27;30;32;32;32;84,38;93,75;100;100;100
1;Tesla;189;pair;TransitionMissing;29;0;53;58;100;0;25;27;29;29;29;86,21;93,1;100;100;100
1;Tesla;189;pair;ActionExchange;33;0;53;58;100;0;31;32;33;33;33;93,94;96,97;100;100;100
1;Tesla;189;pair;StateMissing;26;0;53;58;100;0;24;26;26;26;26;92,31;100;100;100;100
1;Tesla;189;pair;TransitionDestinationExchange;33;1;53;58;100;0;26;29;32;32;32;81,25;90,62;100;100;100
1;Tesla;190;state;TransitionMissing;49;0;67;98;100;0;28;32;33;34;37;57,14;65,31;67,35;69,39;75,51
1;Tesla;190;state;ActionExchange;113;0;67;98;100;0;51;59;65;71;81;45,13;52,21;57,52;62,83;71,68
1;Tesla;190;state;StateMissing;31;0;67;98;100;0;26;28;29;30;31;83,87;90,32;93,55;96,77;100
1;Tesla;190;state;TransitionDestinationExchange;113;21;67;98;100;0;36;44;47;50;59;39,13;47,83;51,09;54,35;64,13
1;Tesla;190;transition;TransitionMissing;49;0;323;98;100;0;37;40;42;43;47;75,51;81,63;85,71;87,76;95,92
1;Tesla;190;transition;ActionExchange;113;0;323;98;100;0;71;87;95;99;112;62,83;76,99;84,07;87,61;99,12
1;Tesla;190;transition;StateMissing;31;0;323;98;100;0;29;31;31;31;31;93,55;100;100;100;100
1;Tesla;190;transition;TransitionDestinationExchange;113;21;323;98;100;0;55;63;68;71;82;59,78;68,48;73,91;77,17;89,13
1;Tesla;190;pair;TransitionMissing;49;0;627;98;100;0;40;44;45;46;48;81,63;89,8;91,84;93,88;97,96
1;Tesla;190;pair;ActionExchange;113;0;627;98;100;0;86;100;104;108;112;76,11;88,5;92,04;95,58;99,12
1;Tesla;190;pair;StateMissing;31;0;627;98;100;0;30;31;31;31;31;96,77;100;100;100;100
1;Tesla;190;pair;TransitionDestinationExchange;113;21;627;98;100;0;64;74;77;82;86;69,57;80,43;83,7;89,13;93,48
1;Tesla;191;state;TransitionMissing;49;0;67;98;100;0;28;32;33;34;37;57,14;65,31;67,35;69,39;75,51
1;Tesla;191;state;ActionExchange;113;0;67;98;100;0;48;61;66;71;85;42,48;53,98;58,41;62,83;75,22
1;Tesla;191;state;StateMissing;31;0;67;98;100;0;27;28;29;30;31;87,1;90,32;93,55;96,77;100
1;Tesla;191;state;TransitionDestinationExchange;113;21;67;98;100;0;36;44;47;50;61;39,13;47,83;51,09;54,35;66,3
1;Tesla;191;transition;TransitionMissing;49;0;323;98;100;0;37;41;42;43;46;75,51;83,67;85,71;87,76;93,88
1;Tesla;191;transition;ActionExchange;113;0;323;98;100;0;77;92;97;100;109;68,14;81,42;85,84;88,5;96,46
1;Tesla;191;transition;StateMissing;31;0;323;98;100;0;30;31;31;31;31;96,77;100;100;100;100
1;Tesla;191;transition;TransitionDestinationExchange;113;21;323;98;100;0;53;65;68;71;83;57,61;70,65;73,91;77,17;90,22
1;Tesla;191;pair;TransitionMissing;49;0;627;98;100;0;41;44;45;46;49;83,67;89,8;91,84;93,88;100
1;Tesla;191;pair;ActionExchange;113;0;627;98;100;0;93;101;106;108;113;82,3;89,38;93,81;95,58;100
1;Tesla;191;pair;StateMissing;31;0;627;98;100;0;31;31;31;31;31;100;100;100;100;100
1;Tesla;191;pair;TransitionDestinationExchange;113;21;627;98;100;0;64;74;78;82;87;69,57;80,43;84,78;89,13;94,57
1;Tesla;192;state;TransitionMissing;41;0;65;82;100;0;26;31;31;32;35;63,41;75,61;75,61;78,05;85,37
1;Tesla;192;state;ActionExchange;77;0;65;82;100;0;37;50;53;57;65;48,05;64,94;68,83;74,03;84,42
1;Tesla;192;state;StateMissing;29;0;65;82;100;0;25;27;28;28;29;86,21;93,1;96,55;96,55;100
1;Tesla;192;state;TransitionDestinationExchange;77;11;65;82;100;0;27;39;41;43;49;40,91;59,09;62,12;65,15;74,24
1;Tesla;192;transition;TransitionMissing;41;0;240;82;100;0;33;35;36;37;39;80,49;85,37;87,8;90,24;95,12
1;Tesla;192;transition;ActionExchange;77;0;240;82;100;0;57;64;68;71;76;74,03;83,12;88,31;92,21;98,7
1;Tesla;192;transition;StateMissing;29;0;240;82;100;0;28;29;29;29;29;96,55;100;100;100;100
1;Tesla;192;transition;TransitionDestinationExchange;77;11;240;82;100;0;42;50;52;55;61;63,64;75,76;78,79;83,33;92,42
1;Tesla;192;pair;TransitionMissing;41;0;378;82;100;0;34;37;38;39;40;82,93;90,24;92,68;95,12;97,56
1;Tesla;192;pair;ActionExchange;77;0;378;82;100;0;59;70;73;74;77;76,62;90,91;94,81;96,1;100
1;Tesla;192;pair;StateMissing;29;0;378;82;100;0;28;29;29;29;29;96,55;100;100;100;100
1;Tesla;192;pair;TransitionDestinationExchange;77;11;378;82;100;0;46;54;58;59;65;69,7;81,82;87,88;89,39;98,48
1;Tesla;193;state;TransitionMissing;47;0;66;94;100;0;28;30;32;33;36;59,57;63,83;68,09;70,21;76,6
1;Tesla;193;state;ActionExchange;109;0;66;94;100;0;48;56;62;66;77;44,04;51,38;56,88;60,55;70,64
1;Tesla;193;state;StateMissing;30;0;66;94;100;0;26;27;28;29;30;86,67;90;93,33;96,67;100
1;Tesla;193;state;TransitionDestinationExchange;109;21;66;94;100;0;32;40;44;47;55;36,36;45,45;50;53,41;62,5
1;Tesla;193;transition;TransitionMissing;47;0;322;94;100;0;33;38;40;41;44;70,21;80,85;85,11;87,23;93,62
1;Tesla;193;transition;ActionExchange;109;0;322;94;100;0;61;84;91;95;106;55,96;77,06;83,49;87,16;97,25
1;Tesla;193;transition;StateMissing;30;0;322;94;100;0;28;30;30;30;30;93,33;100;100;100;100
1;Tesla;193;transition;TransitionDestinationExchange;109;21;322;94;100;0;41;59;64;68;76;46,59;67,05;72,73;77,27;86,36
1;Tesla;193;pair;TransitionMissing;47;0;626;94;100;0;38;42;43;44;47;80,85;89,36;91,49;93,62;100
1;Tesla;193;pair;ActionExchange;109;0;626;94;100;0;82;96;100;104;109;75,23;88,07;91,74;95,41;100
1;Tesla;193;pair;StateMissing;30;0;626;94;100;0;29;30;30;30;30;96,67;100;100;100;100
1;Tesla;193;pair;TransitionDestinationExchange;109;21;626;94;100;0;59;70;73;76;86;67,05;79,55;82,95;86,36;97,73
1;Tesla;194;state;TransitionMissing;29;0;37;58;100;0;25;27;28;28;29;86,21;93,1;96,55;96,55;100
1;Tesla;194;state;ActionExchange;33;0;37;58;100;0;31;32;32;32;33;93,94;96,97;96,97;96,97;100
1;Tesla;194;state;StateMissing;26;0;37;58;100;0;24;25;26;26;26;92,31;96,15;100;100;100
1;Tesla;194;state;TransitionDestinationExchange;33;1;37;58;100;0;26;29;30;30;32;81,25;90,62;93,75;93,75;100
1;Tesla;194;transition;TransitionMissing;29;0;77;58;100;0;25;28;29;29;29;86,21;96,55;100;100;100
1;Tesla;194;transition;ActionExchange;33;0;77;58;100;0;31;32;33;33;33;93,94;96,97;100;100;100
1;Tesla;194;transition;StateMissing;26;0;77;58;100;0;24;26;26;26;26;92,31;100;100;100;100
1;Tesla;194;transition;TransitionDestinationExchange;33;1;77;58;100;0;26;30;32;32;32;81,25;93,75;100;100;100
1;Tesla;194;pair;TransitionMissing;29;0;53;58;100;0;25;28;28;29;29;86,21;96,55;96,55;100;100
1;Tesla;194;pair;ActionExchange;33;0;53;58;100;0;31;32;32;33;33;93,94;96,97;96,97;100;100
1;Tesla;194;pair;StateMissing;26;0;53;58;100;0;24;26;26;26;26;92,31;100;100;100;100
1;Tesla;194;pair;TransitionDestinationExchange;33;1;53;58;100;0;26;30;30;32;32;81,25;93,75;93,75;100;100
1;Tesla;195;state;TransitionMissing;41;0;40;82;100;0;25;29;30;30;33;60,98;70,73;73,17;73,17;80,49
1;Tesla;195;state;ActionExchange;77;0;40;82;100;0;37;45;49;51;60;48,05;58,44;63,64;66,23;77,92
1;Tesla;195;state;StateMissing;29;0;40;82;100;0;24;26;27;28;29;82,76;89,66;93,1;96,55;100
1;Tesla;195;state;TransitionDestinationExchange;77;11;40;82;100;0;27;34;37;39;47;40,91;51,52;56,06;59,09;71,21
1;Tesla;195;transition;TransitionMissing;41;0;240;82;100;0;32;35;36;37;39;78,05;85,37;87,8;90,24;95,12
1;Tesla;195;transition;ActionExchange;77;0;240;82;100;0;56;64;68;71;76;72,73;83,12;88,31;92,21;98,7
1;Tesla;195;transition;StateMissing;29;0;240;82;100;0;28;29;29;29;29;96,55;100;100;100;100
1;Tesla;195;transition;TransitionDestinationExchange;77;11;240;82;100;0;43;50;52;56;62;65,15;75,76;78,79;84,85;93,94
1;Tesla;195;pair;TransitionMissing;41;0;378;82;100;0;33;37;38;39;41;80,49;90,24;92,68;95,12;100
1;Tesla;195;pair;ActionExchange;77;0;378;82;100;0;58;69;72;74;77;75,32;89,61;93,51;96,1;100
1;Tesla;195;pair;StateMissing;29;0;378;82;100;0;28;29;29;29;29;96,55;100;100;100;100
1;Tesla;195;pair;TransitionDestinationExchange;77;11;378;82;100;0;44;54;57;59;65;66,67;81,82;86,36;89,39;98,48
1;Tesla;196;state;TransitionMissing;49;0;42;98;100;0;27;30;31;32;36;55,1;61,22;63,27;65,31;73,47
1;Tesla;196;state;ActionExchange;113;0;42;98;100;0;43;53;58;61;73;38,05;46,9;51,33;53,98;64,6
1;Tesla;196;state;StateMissing;31;0;42;98;100;0;25;27;28;29;31;80,65;87,1;90,32;93,55;100
1;Tesla;196;state;TransitionDestinationExchange;113;21;42;98;100;0;31;38;41;44;54;33,7;41,3;44,57;47,83;58,7
1;Tesla;196;transition;TransitionMissing;49;0;348;98;100;0;38;41;42;43;47;77,55;83,67;85,71;87,76;95,92
1;Tesla;196;transition;ActionExchange;113;0;348;98;100;0;77;92;96;100;111;68,14;81,42;84,96;88,5;98,23
1;Tesla;196;transition;StateMissing;31;0;348;98;100;0;30;31;31;31;31;96,77;100;100;100;100
1;Tesla;196;transition;TransitionDestinationExchange;113;21;348;98;100;0;55;66;69;72;81;59,78;71,74;75;78,26;88,04
1;Tesla;196;pair;TransitionMissing;49;0;627;98;100;0;40;44;45;46;49;81,63;89,8;91,84;93,88;100
1;Tesla;196;pair;ActionExchange;113;0;627;98;100;0;82;101;103;107;113;72,57;89,38;91,15;94,69;100
1;Tesla;196;pair;StateMissing;31;0;627;98;100;0;30;31;31;31;31;96,77;100;100;100;100
1;Tesla;196;pair;TransitionDestinationExchange;113;21;627;98;100;0;59;74;77;80;88;64,13;80,43;83,7;86,96;95,65
1;Tesla;197;state;TransitionMissing;40;0;39;80;100;0;25;28;29;30;32;62,5;70;72,5;75;80
1;Tesla;197;state;ActionExchange;77;0;39;80;100;0;36;45;48;51;57;46,75;58,44;62,34;66,23;74,03
1;Tesla;197;state;StateMissing;28;0;39;80;100;0;24;26;26;27;28;85,71;92,86;92,86;96,43;100
1;Tesla;197;state;TransitionDestinationExchange;77;8;39;80;100;0;27;33;36;38;43;39,13;47,83;52,17;55,07;62,32
1;Tesla;197;transition;TransitionMissing;40;0;240;80;100;0;33;35;36;37;38;82,5;87,5;90;92,5;95
1;Tesla;197;transition;ActionExchange;77;0;240;80;100;0;57;66;69;72;76;74,03;85,71;89,61;93,51;98,7
1;Tesla;197;transition;StateMissing;28;0;240;80;100;0;27;28;28;28;28;96,43;100;100;100;100
1;Tesla;197;transition;TransitionDestinationExchange;77;8;240;80;100;0;43;51;54;56;60;62,32;73,91;78,26;81,16;86,96
1;Tesla;197;pair;TransitionMissing;40;0;435;80;100;0;34;37;38;38;40;85;92,5;95;95;100
1;Tesla;197;pair;ActionExchange;77;0;435;80;100;0;61;72;74;75;77;79,22;93,51;96,1;97,4;100
1;Tesla;197;pair;StateMissing;28;0;435;80;100;0;27;28;28;28;28;96,43;100;100;100;100
1;Tesla;197;pair;TransitionDestinationExchange;77;8;435;80;100;0;49;57;60;62;67;71,01;82,61;86,96;89,86;97,1
1;Tesla;198;state;TransitionMissing;41;0;65;82;100;0;26;30;31;32;34;63,41;73,17;75,61;78,05;82,93
1;Tesla;198;state;ActionExchange;77;0;65;82;100;0;40;50;53;55;65;51,95;64,94;68,83;71,43;84,42
1;Tesla;198;state;StateMissing;29;0;65;82;100;0;25;27;27;28;29;86,21;93,1;93,1;96,55;100
1;Tesla;198;state;TransitionDestinationExchange;77;11;65;82;100;0;30;38;40;42;50;45,45;57,58;60,61;63,64;75,76
1;Tesla;198;transition;TransitionMissing;41;0;240;82;100;0;31;35;36;37;40;75,61;85,37;87,8;90,24;97,56
1;Tesla;198;transition;ActionExchange;77;0;240;82;100;0;51;66;68;71;77;66,23;85,71;88,31;92,21;100
1;Tesla;198;transition;StateMissing;29;0;240;82;100;0;27;29;29;29;29;93,1;100;100;100;100
1;Tesla;198;transition;TransitionDestinationExchange;77;11;240;82;100;0;39;49;52;55;62;59,09;74,24;78,79;83,33;93,94
1;Tesla;198;pair;TransitionMissing;41;0;378;82;100;0;35;37;38;39;41;85,37;90,24;92,68;95,12;100
1;Tesla;198;pair;ActionExchange;77;0;378;82;100;0;61;70;72;74;77;79,22;90,91;93,51;96,1;100
1;Tesla;198;pair;StateMissing;29;0;378;82;100;0;28;29;29;29;29;96,55;100;100;100;100
1;Tesla;198;pair;TransitionDestinationExchange;77;11;378;82;100;0;48;55;56;59;64;72,73;83,33;84,85;89,39;96,97
1;Tesla;199;state;TransitionMissing;36;0;64;72;100;0;25;29;31;32;33;69,44;80,56;86,11;88,89;91,67
1;Tesla;199;state;ActionExchange;55;0;64;72;100;0;36;43;47;50;52;65,45;78,18;85,45;90,91;94,55
1;Tesla;199;state;StateMissing;28;0;64;72;100;0;24;26;27;28;28;85,71;92,86;96,43;100;100
1;Tesla;199;state;TransitionDestinationExchange;55;5;64;72;100;0;28;34;38;40;44;56;68;76;80;88
1;Tesla;199;transition;TransitionMissing;36;0;159;72;100;0;29;33;33;34;35;80,56;91,67;91,67;94,44;97,22
1;Tesla;199;transition;ActionExchange;55;0;159;72;100;0;41;50;52;53;55;74,55;90,91;94,55;96,36;100
1;Tesla;199;transition;StateMissing;28;0;159;72;100;0;26;28;28;28;28;92,86;100;100;100;100
1;Tesla;199;transition;TransitionDestinationExchange;55;5;159;72;100;0;34;41;43;45;49;68;82;86;90;98
1;Tesla;199;pair;TransitionMissing;36;0;214;72;100;0;31;33;34;35;36;86,11;91,67;94,44;97,22;100
1;Tesla;199;pair;ActionExchange;55;0;214;72;100;0;46;52;53;54;55;83,64;94,55;96,36;98,18;100
1;Tesla;199;pair;StateMissing;28;0;214;72;100;0;27;28;28;28;28;96,43;100;100;100;100
1;Tesla;199;pair;TransitionDestinationExchange;55;5;214;72;100;0;38;43;45;46;50;76;86;90;92;100
1;Tesla;200;state;TransitionMissing;41;0;65;82;100;0;26;30;31;32;35;63,41;73,17;75,61;78,05;85,37
1;Tesla;200;state;ActionExchange;77;0;65;82;100;0;40;50;55;56;64;51,95;64,94;71,43;72,73;83,12
1;Tesla;200;state;StateMissing;29;0;65;82;100;0;25;27;28;28;29;86,21;93,1;96,55;96,55;100
1;Tesla;200;state;TransitionDestinationExchange;77;11;65;82;100;0;30;38;40;42;49;45,45;57,58;60,61;63,64;74,24
1;Tesla;200;transition;TransitionMissing;41;0;265;82;100;0;33;36;37;38;39;80,49;87,8;90,24;92,68;95,12
1;Tesla;200;transition;ActionExchange;77;0;265;82;100;0;54;67;70;72;76;70,13;87,01;90,91;93,51;98,7
1;Tesla;200;transition;StateMissing;29;0;265;82;100;0;28;29;29;29;29;96,55;100;100;100;100
1;Tesla;200;transition;TransitionDestinationExchange;77;11;265;82;100;0;40;51;54;56;62;60,61;77,27;81,82;84,85;93,94
1;Tesla;200;pair;TransitionMissing;41;0;378;82;100;0;34;37;38;39;41;82,93;90,24;92,68;95,12;100
1;Tesla;200;pair;ActionExchange;77;0;378;82;100;0;59;70;73;75;77;76,62;90,91;94,81;97,4;100
1;Tesla;200;pair;StateMissing;29;0;378;82;100;0;28;29;29;29;29;96,55;100;100;100;100
1;Tesla;200;pair;TransitionDestinationExchange;77;11;378;82;100;0;46;55;58;59;64;69,7;83,33;87,88;89,39;96,97
