RunID;SPL Name;Coverage Type;Product Index;FTS States;FTS Transitions;Test Cases;Total Test Actions;Coverage(%);Projection Time(ms);Test Generation Time(ms);Transformation Time(ms);Test Execution Time(ms);Test Generation Peak Memory(MB);Test Execution Peak Memory(MB);Wall Clock Time(ms);Segment Sum Time(ms)
1;Syngovia;state;1;74;271;18;184;100;36,25;20,11;0;5,89;13,19;13,19;66,5;62,24
1;Syngovia;transition;1;74;271;154;270;100;7,03;83,64;0;11,18;19,19;21,19;106,7;101,84
1;Syngovia;pair;1;74;271;442;4159;100;5,39;13,53;325,79;17,38;51,19;22,93;391,91;362,09
1;Syngovia;state;2;70;274;18;180;100;6,61;8,91;0;0,81;24,93;24,93;18,54;16,33
1;Syngovia;transition;2;70;274;163;273;100;6,29;51,22;0;5,55;30,93;32,93;66,4;63,06
1;Syngovia;pair;2;70;274;416;3795;100;5,35;7,95;253,17;16,29;59,93;67,93;303,4;282,76
1;Syngovia;state;3;63;231;16;219;100;4,02;5,7;0;1;68,93;69,93;12,13;10,71
1;Syngovia;transition;3;63;231;126;230;100;4,46;46,83;0;5;74,93;76,93;58,72;56,3
1;Syngovia;pair;3;63;231;313;4142;100;4,42;15,2;218,02;9,41;87,68;27,68;259,89;247,06
1;Syngovia;state;4;74;283;18;184;100;3,86;5,82;0;0,73;29,68;29,68;11,54;10,41
1;Syngovia;transition;4;74;283;166;282;100;3,72;35,58;0;4,21;35,68;37,68;46,16;43,51
1;Syngovia;pair;4;74;283;477;4486;100;4,78;7,73;276,74;8,17;69,68;76,68;312,42;297,42
1;Syngovia;state;5;59;227;16;155;100;2,87;4,94;0;0,4;78,68;78,68;9,28;8,21
1;Syngovia;transition;5;59;227;126;226;100;3,04;20,9;0;2,3;82,68;84,68;28,48;26,24
1;Syngovia;pair;5;59;227;320;2939;100;3,33;4,9;124,78;9,99;102,68;107,68;153,69;143,01
1;Syngovia;state;6;63;235;16;159;100;3,91;5,02;0;0,69;108,68;109,68;10,69;9,63
1;Syngovia;transition;6;63;235;128;234;100;3,39;25,78;0;4,42;113,68;114,68;35,57;33,6
1;Syngovia;pair;6;63;235;372;3509;100;3,53;6,52;199,72;11,84;137,68;143,68;233,9;221,61
1;Syngovia;state;7;63;231;16;219;100;3,49;4,64;0;0,83;144,68;145,68;9,98;8,97
1;Syngovia;transition;7;63;231;126;230;100;3,51;40,13;0;2,64;150,68;10,91;47,94;46,28
1;Syngovia;pair;7;63;231;313;4142;100;3,43;5,4;196,89;7,52;31,91;36,91;224,85;213,25
1;Syngovia;state;8;74;274;18;184;100;3,39;4,54;0;0,43;38,91;39,91;9,28;8,36
1;Syngovia;transition;8;74;274;157;273;100;3,36;27,29;0;3,58;44,91;46,91;36,99;34,24
1;Syngovia;pair;8;74;274;450;4225;100;3,44;7;219,07;9,44;75,91;82,91;250,66;238,95
1;Syngovia;state;9;70;265;18;180;100;2,57;4,68;0;0,36;84,91;84,91;8,53;7,61
1;Syngovia;transition;9;70;265;154;264;100;3,14;22,19;0;2,94;89,91;90,91;30,78;28,27
1;Syngovia;pair;9;70;265;384;3542;100;3,56;6,14;175,42;8,52;114,91;120,91;203,8;193,64
1;Syngovia;state;10;74;281;18;252;100;3,45;4,69;0;0,64;122,91;122,91;9,77;8,78
1;Syngovia;transition;10;74;281;166;280;100;3,49;61,18;0;5,08;128,91;131,91;72,56;69,75
1;Syngovia;pair;10;74;281;418;5523;100;5,71;8,45;442,37;11,15;157,5;25,5;480,82;467,68
1;Syngovia;state;11;74;273;18;252;100;3,36;4,48;0;0,65;26,5;27,5;9,58;8,49
1;Syngovia;transition;11;74;273;158;272;100;3,33;53,68;0;4,84;33,5;35,5;64,57;61,84
1;Syngovia;pair;11;74;273;393;5200;100;3,43;6,78;381,09;7,85;62,5;70,5;408,93;399,16
1;Syngovia;state;12;74;273;18;184;100;3,63;4,57;0;0,53;72,5;72,5;9,69;8,72
1;Syngovia;transition;12;74;273;156;272;100;3,9;24,01;0;3,45;78,5;79,5;33,64;31,37
1;Syngovia;pair;12;74;273;445;4205;100;3,48;7,33;235,52;7,1;108,5;115,5;263,29;253,42
1;Syngovia;state;13;74;269;18;252;100;3,65;4,39;0;0,5;117,5;117,5;9,68;8,54
1;Syngovia;transition;13;74;269;154;268;100;3,55;41,91;0;3,78;123,5;125,5;52,12;49,25
1;Syngovia;pair;13;74;269;381;5028;100;4,21;5,57;339,02;10,54;151,5;156,5;372,13;359,34
1;Syngovia;state;14;74;271;18;252;100;1,96;3,86;0;0,52;13,5;13,5;7,27;6,34
1;Syngovia;transition;14;74;271;156;270;100;3,68;44,59;0;4,36;19,5;21,5;55,45;52,63
1;Syngovia;pair;14;74;271;387;5108;100;3,31;6,73;338,21;7,32;47,5;55,5;364,3;355,57
1;Syngovia;state;15;74;283;18;184;100;3,84;4,94;0;0,44;57,5;57,5;10,27;9,23
1;Syngovia;transition;15;74;283;166;282;100;3,78;26,68;0;3,47;62,5;64,5;36,3;33,93
1;Syngovia;pair;15;74;283;476;4483;100;3,71;6,54;231,85;6,91;96,5;102,5;257,37;249,01
1;Syngovia;state;16;70;269;18;180;100;3,31;4,08;0;0,4;104,5;105,5;8,66;7,78
1;Syngovia;transition;16;70;269;158;268;100;3,02;21,06;0;3,37;110,5;111,5;29,68;27,45
1;Syngovia;pair;16;70;269;395;3647;100;3,27;6,71;150,46;5,73;136,5;141,5;173,3;166,17
1;Syngovia;state;17;63;231;16;219;100;2,3;3,58;0;0,39;143,5;143,5;7,17;6,27
1;Syngovia;transition;17;63;231;126;230;100;2,53;27,74;0;2,81;148,5;150,5;35,44;33,08
1;Syngovia;pair;17;63;231;313;4142;100;2,33;4,46;170,65;5,54;157,5;29,15;190,22;182,99
1;Syngovia;state;18;70;266;18;180;100;2,92;3,4;0;0,37;31,15;32,15;7,52;6,68
1;Syngovia;transition;18;70;266;155;265;100;2,59;22,01;0;2,63;37,15;38,15;29,46;27,22
1;Syngovia;pair;18;70;266;387;3566;100;2,6;5,86;152,19;6,17;62,15;67,15;173,92;166,82
1;Syngovia;state;19;74;273;18;184;100;2,44;3,56;0;0,48;69,15;69,15;7,41;6,47
1;Syngovia;transition;19;74;273;156;272;100;3,17;24,09;0;2,7;75,15;76,15;31,78;29,96
1;Syngovia;pair;19;74;273;448;4211;100;3,01;6,38;201,78;6,72;105,15;112,15;224,95;217,89
1;Syngovia;state;20;59;227;16;155;100;2,2;2,88;0;0,35;113,15;113,15;6,21;5,43
1;Syngovia;transition;20;59;227;126;226;100;2,05;12,77;0;1,96;118,15;119,15;18,11;16,78
1;Syngovia;pair;20;59;227;320;2939;100;1,66;3,96;99,5;6,07;137,15;142,15;117,23;111,19
1;Syngovia;state;21;70;275;18;180;100;3,03;6,67;0;0,51;144,15;144,15;11,17;10,22
1;Syngovia;transition;21;70;275;164;274;100;3,01;42,14;0;4,92;149,15;151,15;51,97;50,06
1;Syngovia;pair;21;70;275;418;3820;100;3,93;7,42;223,55;7,86;156,15;37,09;254,52;242,76
1;Syngovia;state;22;63;235;16;159;100;2,85;3,49;0;0,5;38,09;39,09;8,01;6,84
1;Syngovia;transition;22;63;235;128;234;100;2,58;17,59;0;2,75;43,09;44,09;24,86;22,92
1;Syngovia;pair;22;63;235;372;3509;100;2,79;6,38;183,75;7,29;67,09;72,09;211,66;200,22
1;Syngovia;state;23;63;231;16;219;100;3,68;3,6;0;0,5;74,09;74,09;8,71;7,78
1;Syngovia;transition;23;63;231;126;230;100;2,31;30,34;0;3,37;79,09;81,09;37,72;36,01
1;Syngovia;pair;23;63;231;313;4142;100;2,89;5,24;207,08;5,68;101,09;106,09;226,78;220,89
1;Syngovia;state;24;70;267;18;180;100;2,51;3,79;0;0,57;108,09;109,09;7,6;6,87
1;Syngovia;transition;24;70;267;156;266;100;2,81;26,66;0;3;114,09;115,09;34,17;32,47
1;Syngovia;pair;24;70;267;390;3598;100;2,33;7,14;173,54;6,34;139,09;145,09;196,13;189,35
1;Syngovia;state;25;74;270;18;252;100;2,44;3,28;0;0,43;147,09;147,09;6,9;6,15
1;Syngovia;transition;25;74;270;155;269;100;2,16;40,18;0;3,19;153,09;155,09;47,19;45,53
1;Syngovia;pair;25;74;270;384;5068;100;12,62;7,22;380,11;12,42;34,32;41,32;422,68;412,37
1;Syngovia;state;26;74;269;18;252;100;3,08;5,25;0;0,77;43,32;43,32;10,09;9,1
1;Syngovia;transition;26;74;269;154;268;100;3,46;43,24;0;5,17;49,32;51,32;54,15;51,87
1;Syngovia;pair;26;74;269;381;5028;100;3,4;6,1;410,33;9,98;76,32;83,32;438,24;429,82
1;Syngovia;state;27;74;270;18;252;100;3,01;4,47;0;0,63;85,32;86,32;8,78;8,11
1;Syngovia;transition;27;74;270;155;269;100;2,94;51,65;0;4,24;92,32;94,32;60,61;58,83
1;Syngovia;pair;27;74;270;384;5068;100;3;5,93;399,24;9,88;119,32;127,32;426,26;418,06
1;Syngovia;state;28;74;279;18;252;100;3,15;4,27;0;0,62;129,32;129,32;8,73;8,04
1;Syngovia;transition;28;74;279;164;278;100;2,95;53,08;0;4,67;135,32;137,32;62,46;60,69
1;Syngovia;pair;28;74;279;411;5440;100;3,01;6,87;402,96;8,76;166,32;174,32;429,69;421,6
1;Syngovia;state;29;74;277;18;252;100;2,49;3,38;0;0,5;176,32;176,32;7,17;6,38
1;Syngovia;transition;29;74;277;162;276;100;2,82;49,07;0;4,35;182,32;184,32;58,23;56,23
1;Syngovia;pair;29;74;277;405;5364;100;2,84;24,47;370,47;11,89;187,42;42,42;419,45;409,67
1;Syngovia;state;30;70;264;18;180;100;3,49;4,59;0;0,57;44,42;44,42;9,57;8,66
1;Syngovia;transition;30;70;264;153;263;100;3,23;28,39;0;4,04;49,42;51,42;37,86;35,66
1;Syngovia;pair;30;70;264;382;3517;100;3,58;7,12;170,01;5,64;74,42;79,42;193,9;186,35
1;Syngovia;state;31;63;235;16;159;100;1,84;3,12;0;0,34;81,42;81,42;5,92;5,3
1;Syngovia;transition;31;63;235;130;234;100;2,08;17,65;0;2,64;85,42;87,42;23,54;22,37
1;Syngovia;pair;31;63;235;372;3509;100;2,38;4,79;129,42;6,31;109,42;114,42;148,7;142,9
1;Syngovia;state;32;63;231;16;219;100;2,03;2,96;0;0,49;116,42;116,42;6,18;5,48
1;Syngovia;transition;32;63;231;126;230;100;2,49;26,19;0;2,49;121,42;123,42;32,98;31,17
1;Syngovia;pair;32;63;231;313;4142;100;2,46;3,36;184,75;6,23;143,42;149,42;202,84;196,81
1;Syngovia;state;33;59;227;16;155;100;1,97;2,68;0;0,58;150,42;151,42;5,98;5,23
1;Syngovia;transition;33;59;227;126;226;100;2,04;15,27;0;2,32;155,42;156,42;21,05;19,63
1;Syngovia;pair;33;59;227;320;2939;100;2,06;3,51;91,78;4,55;174,42;179,42;106,88;101,9
1;Syngovia;state;34;74;274;18;184;100;2,33;2,97;0;0,52;181,42;181,42;6,48;5,81
1;Syngovia;transition;34;74;274;157;273;100;2,34;20,39;0;6,45;186,42;187,42;30,61;29,17
1;Syngovia;pair;34;74;274;448;4227;100;2,41;5,55;188,05;7,29;39,37;45,37;209,98;203,3
1;Syngovia;state;35;63;235;16;159;100;1,98;2,56;0;0,51;47,37;47,37;5,67;5,05
1;Syngovia;transition;35;63;235;128;234;100;1,84;15,37;0;2,44;52,37;53,37;20,88;19,64
1;Syngovia;pair;35;63;235;372;3509;100;2,15;3,9;124,56;5,19;75,37;81,37;141,19;135,8
1;Syngovia;state;36;70;275;18;180;100;2,22;2,7;0;0,36;82,37;83,37;5,71;5,27
1;Syngovia;transition;36;70;275;164;274;100;2,19;23,06;0;2,84;88,37;90,37;29,41;28,08
1;Syngovia;pair;36;70;275;418;3824;100;2,57;6,05;165,75;4,77;116,37;121,37;184,63;179,14
1;Syngovia;state;37;59;227;16;155;100;1,33;1,95;0;0,29;123,37;123,37;3,89;3,57
1;Syngovia;transition;37;59;227;126;226;100;1,26;12,17;0;1,84;128,37;129,37;16,19;15,27
1;Syngovia;pair;37;59;227;320;2939;100;1,54;3,53;91,37;6,8;147,37;151,37;108,48;103,23
1;Syngovia;state;38;70;267;18;180;100;2,63;3,37;0;0,48;153,37;154,37;7,05;6,48
1;Syngovia;transition;38;70;267;156;266;100;2,65;24,13;0;2,76;159,37;160,37;30,59;29,54
1;Syngovia;pair;38;70;267;389;3591;100;2,03;4,79;146,56;9,69;184,37;187,37;169,9;163,07
1;Syngovia;state;39;59;227;16;155;100;1,84;2,61;0;0,42;13,27;13,27;5,46;4,88
1;Syngovia;transition;39;59;227;126;226;100;2,5;16,09;0;2,21;17,27;19,27;21,94;20,8
1;Syngovia;pair;39;59;227;320;2939;100;1,88;4,27;100;5,14;37,27;41,27;116,33;111,29
1;Syngovia;state;40;63;235;16;159;100;2,32;2,99;0;0,44;43,27;43,27;6,36;5,75
1;Syngovia;transition;40;63;235;128;234;100;2,41;18,55;0;1,95;48,27;49,27;23,98;22,9
1;Syngovia;pair;40;63;235;372;3509;100;1,96;3,76;164,36;6,87;71,27;77,27;182,72;176,94
1;Syngovia;state;41;70;264;18;180;100;2,53;3,28;0;0,49;79,27;79,27;6,98;6,29
1;Syngovia;transition;41;70;264;153;263;100;2,89;24,63;0;3,32;84,27;85,27;32,05;30,84
1;Syngovia;pair;41;70;264;382;3517;100;2,57;5,44;170,16;7,55;108,27;114,27;192,4;185,71
1;Syngovia;state;42;70;266;18;180;100;2,62;3,26;0;0,46;116,27;116,27;6,85;6,33
1;Syngovia;transition;42;70;266;155;265;100;2,87;23,92;0;3;121,27;122,27;30,81;29,78
1;Syngovia;pair;42;70;266;387;3566;100;2,59;5,45;151,2;5,23;146,27;151,27;170,37;164,47
1;Syngovia;state;43;74;279;18;252;100;2,2;2,9;0;0,39;153,27;153,27;6,08;5,48
1;Syngovia;transition;43;74;279;164;278;100;2,18;40,82;0;3,19;160,27;162,27;47,82;46,19
1;Syngovia;pair;43;74;279;411;5440;100;2,46;4,14;341,97;11,41;189,41;22,41;367,59;359,99
1;Syngovia;state;44;70;275;18;180;100;2,65;3,7;0;0,51;24,41;24,41;7,3;6,87
1;Syngovia;transition;44;70;275;164;274;100;2,87;28,38;0;3,78;30,41;31,41;36,07;35,03
1;Syngovia;pair;44;70;275;418;3820;100;2,75;5,91;208,82;9,27;57,41;63,41;234,27;226,74
1;Syngovia;state;45;74;269;18;252;100;2,86;3,6;0;0,64;65,41;65,41;7,57;7,09
1;Syngovia;transition;45;74;269;154;268;100;2,81;47,32;0;4,46;71,41;73,41;55,75;54,58
1;Syngovia;pair;45;74;269;381;5028;100;2,72;5,5;347,7;7,24;98,41;106,41;370,76;363,17
1;Syngovia;state;46;74;282;18;184;100;2,56;3,58;0;0,57;108,41;108,41;7,32;6,71
1;Syngovia;transition;46;74;282;165;281;100;2,76;25,72;0;3,33;113,41;115,41;32,92;31,81
1;Syngovia;pair;46;74;282;470;4444;100;2,85;5,76;240,69;7,38;146,41;153,41;263,85;256,69
1;Syngovia;state;47;74;283;18;184;100;2,65;2,95;0;0,4;155,41;155,41;6,51;6
1;Syngovia;transition;47;74;283;166;282;100;2,26;24,31;0;2,73;161,41;162,41;30,29;29,3
1;Syngovia;pair;47;74;283;474;4475;100;2,19;5,95;220,88;7,2;187,41;25,14;243,06;236,21
1;Syngovia;state;48;74;270;18;252;100;2,2;3,16;0;0,44;26,14;27,14;6,5;5,8
1;Syngovia;transition;48;74;270;155;269;100;2,52;44,2;0;3,13;33,14;35,14;50,89;49,85
1;Syngovia;pair;48;74;270;384;5068;100;2,29;4,46;301,29;6,79;61,14;68,14;320,93;314,84
1;Syngovia;state;49;59;227;16;155;100;1,92;2,55;0;0,41;70,14;70,14;5,31;4,88
1;Syngovia;transition;49;59;227;129;226;100;1,83;14,63;0;2,17;74,14;75,14;19,42;18,62
1;Syngovia;pair;49;59;227;320;2939;100;1,8;3,58;103,74;5,41;93,14;98,14;119,59;114,54
1;Syngovia;state;50;70;265;18;180;100;2,39;3,11;0;0,67;100,14;100,14;6,65;6,16
1;Syngovia;transition;50;70;265;154;264;100;1,99;19,54;0;2,32;105,14;106,14;24,78;23,85
1;Syngovia;pair;50;70;265;384;3542;100;2,37;4,38;151,03;5,86;130,14;135,14;169,81;163,64
1;Syngovia;state;51;63;231;16;219;100;2,02;2,64;0;0,39;137,14;137,14;5,57;5,06
1;Syngovia;transition;51;63;231;126;230;100;1,96;29,72;0;2,22;142,14;144,14;34,74;33,9
1;Syngovia;pair;51;63;231;313;4142;100;1,73;3,31;205,79;6,88;163,14;169,14;223,05;217,71
1;Syngovia;state;52;74;270;18;252;100;2,61;3,23;0;0,55;171,14;172,14;6,91;6,39
1;Syngovia;transition;52;74;270;155;269;100;2,48;41,4;0;3,26;177,14;180,14;48,27;47,14
1;Syngovia;pair;52;74;270;384;5068;100;2,41;4,97;308,16;7,56;187,39;35,39;330,19;323,11
1;Syngovia;state;53;74;271;18;252;100;2,23;3,4;0;0,62;37,39;38,39;6,71;6,25
1;Syngovia;transition;53;74;271;156;270;100;2,61;42,71;0;3,05;44,39;46,39;49,55;48,37
1;Syngovia;pair;53;74;271;387;5114;100;2,34;4,52;317,03;9,08;72,39;79,39;340,02;332,98
1;Syngovia;state;54;74;281;18;252;100;3,12;3,6;0;0,64;81,39;81,39;7,89;7,35
1;Syngovia;transition;54;74;281;166;280;100;2,58;47,97;0;3,88;87,39;90,39;55,84;54,43
1;Syngovia;pair;54;74;281;417;5516;100;2,63;5,09;374,26;8,35;119,39;126,39;397,67;390,33
1;Syngovia;state;55;70;266;18;180;100;2,03;2,82;0;0,47;128,39;129,39;5,9;5,33
1;Syngovia;transition;55;70;266;155;265;100;2,04;19,16;0;2,78;134,39;135,39;25,08;23,98
1;Syngovia;pair;55;70;266;387;3566;100;2,23;4,31;162,04;4,73;159,39;164,39;177,73;173,31
1;Syngovia;state;56;74;278;18;252;100;2,05;2,42;0;0,35;166,39;166,39;5,15;4,83
1;Syngovia;transition;56;74;278;163;277;100;1,8;36,34;0;3,86;173,39;175,39;43,25;42
1;Syngovia;pair;56;74;278;408;5400;100;2,8;4,04;347,54;7,43;188,67;34,67;369,5;361,82
1;Syngovia;state;57;74;274;18;184;100;2,84;3,34;0;0,36;36,67;36,67;7,01;6,54
1;Syngovia;transition;57;74;274;157;273;100;2,02;18,96;0;2,31;41,67;43,67;24,17;23,29
1;Syngovia;pair;57;74;274;450;4225;100;1,77;4,53;193,86;8,61;72,67;78,67;215,09;208,77
1;Syngovia;state;58;70;267;18;180;100;2,58;3,17;0;0,48;80,67;80,67;6,67;6,22
1;Syngovia;transition;58;70;267;156;266;100;2,45;22,88;0;3,34;85,67;87,67;30,35;28,67
1;Syngovia;pair;58;70;267;389;3591;100;2,48;5,58;145,79;5,42;111,67;116,67;164,46;159,27
1;Syngovia;state;59;70;269;18;180;100;2,43;3,19;0;0,54;118,67;118,67;6,64;6,16
1;Syngovia;transition;59;70;269;158;268;100;2,12;21,1;0;2,24;123,67;125,67;26,65;25,46
1;Syngovia;pair;59;70;269;395;3647;100;1,94;4;144,44;7,04;149,67;155,67;163,28;157,42
1;Syngovia;state;60;70;275;18;180;100;2,55;2,62;0;0,34;156,67;157,67;5,94;5,52
1;Syngovia;transition;60;70;275;164;274;100;2,31;20,4;0;2,42;162,67;164,67;26,01;25,13
1;Syngovia;pair;60;70;275;418;3820;100;2,09;4,39;187,56;5,32;189,09;18,09;205,32;199,36
1;Syngovia;state;61;63;231;16;219;100;1,84;2,47;0;0,32;20,09;20,09;5,06;4,63
1;Syngovia;transition;61;63;231;126;230;100;1,93;23,25;0;2,31;25,09;27,09;28,21;27,49
1;Syngovia;pair;61;63;231;313;4142;100;1,75;3,04;169,12;6,52;47,09;53,09;185,67;180,43
1;Syngovia;state;62;70;270;18;180;100;2,84;3,71;0;0,5;55,09;55,09;7,5;7,05
1;Syngovia;transition;62;70;270;159;269;100;2,72;24,67;0;3,62;60,09;62,09;31,94;31,01
1;Syngovia;pair;62;70;270;401;3678;100;2,65;5,58;159,95;5,42;86,09;92,09;179,92;173,59
1;Syngovia;state;63;63;235;16;159;100;1,71;2,23;0;0,34;93,09;94,09;4,6;4,28
1;Syngovia;transition;63;63;235;128;234;100;1,7;13,61;0;2,04;98,09;99,09;18,13;17,35
1;Syngovia;pair;63;63;235;372;3509;100;1,94;3,36;119,04;4,77;122,09;127,09;133,37;129,12
1;Syngovia;state;64;74;272;18;184;100;2,17;2,62;0;0,43;129,09;129,09;5,67;5,23
1;Syngovia;transition;64;74;272;155;271;100;2,11;18,63;0;2,39;134,09;136,09;23,93;23,13
1;Syngovia;pair;64;74;272;443;4176;100;2,1;4,79;167,34;6,14;165,09;171,09;186,23;180,38
1;Syngovia;state;65;74;271;18;184;100;1,72;2,42;0;0,31;173,09;173,09;4,71;4,45
1;Syngovia;transition;65;74;271;154;270;100;2,03;21,55;0;2,05;178,09;180,09;26,34;25,62
1;Syngovia;pair;65;74;271;442;4159;100;1,83;5,13;159,28;6,49;189,3;35,3;178,45;172,72
1;Syngovia;state;66;74;267;18;252;100;2,04;2,87;0;0,39;37,3;38,3;5,77;5,29
1;Syngovia;transition;66;74;267;152;266;100;2,31;33,6;0;2,4;43,3;45,3;39;38,31
1;Syngovia;pair;66;74;267;375;4948;100;1,84;3,34;234,59;5,59;70,3;77,3;251,5;245,37
1;Syngovia;state;67;74;269;18;252;100;1,8;2,56;0;0,42;79,3;79,3;5,22;4,78
1;Syngovia;transition;67;74;269;154;268;100;1,97;36,75;0;3,92;85,3;87,3;43,68;42,64
1;Syngovia;pair;67;74;269;381;5028;100;2,69;5,02;243,26;7,08;113,3;120,3;264,44;258,05
1;Syngovia;state;68;70;267;18;180;100;1,97;2,39;0;0,42;122,3;122,3;5,19;4,78
1;Syngovia;transition;68;70;267;156;266;100;1,49;19,71;0;2,23;127,3;129,3;24,18;23,44
1;Syngovia;pair;68;70;267;390;3598;100;2,02;3,83;120,57;5,56;153,3;158,3;137,06;131,98
1;Syngovia;state;69;59;227;16;155;100;1,51;2,01;0;0,3;160,3;160,3;4,17;3,82
1;Syngovia;transition;69;59;227;126;226;100;1,28;12,22;0;1,59;164,3;165,3;15,69;15,09
1;Syngovia;pair;69;59;227;320;2939;100;1,41;2,72;86,05;4,23;184,3;188,3;99,24;94,42
1;Syngovia;state;70;63;231;16;219;100;4,67;1,71;0;0,28;10,21;10,21;6,9;6,66
1;Syngovia;transition;70;63;231;126;230;100;1,59;19,66;0;1,83;15,21;17,21;23,67;23,09
1;Syngovia;pair;70;63;231;313;4142;100;1,88;2,65;151,18;4,73;36,21;42,21;165,03;160,44
1;Syngovia;state;71;63;231;16;219;100;1,49;2,26;0;0,36;44,21;44,21;4,53;4,1
1;Syngovia;transition;71;63;231;126;230;100;1,42;20,44;0;2,23;49,21;51,21;24,67;24,09
1;Syngovia;pair;71;63;231;313;4142;100;1,43;2,56;156,1;4,45;71,21;76,21;168,6;164,54
1;Syngovia;state;72;74;273;18;184;100;1,76;2,1;0;0,32;78,21;79,21;4,42;4,18
1;Syngovia;transition;72;74;273;156;272;100;1,62;16,9;0;2;84,21;85,21;21,12;20,52
1;Syngovia;pair;72;74;273;448;4211;100;1,62;3,75;189,66;7,19;114,21;121,21;208,12;202,23
1;Syngovia;state;73;74;271;18;252;100;2,55;3,37;0;0,65;123,21;123,21;7,09;6,57
1;Syngovia;transition;73;74;271;156;270;100;2,25;42;0;3,45;129,21;131,21;48,71;47,7
1;Syngovia;pair;73;74;271;387;5108;100;2,4;4,41;298,35;8,55;157,21;164,21;320,65;313,71
1;Syngovia;state;74;74;272;18;184;100;2,98;3,27;0;0,45;166,21;166,21;7,13;6,69
1;Syngovia;transition;74;74;272;155;271;100;2,7;18,84;0;2,37;172,21;173,21;24,65;23,91
1;Syngovia;pair;74;74;272;446;4180;100;1,97;4,2;171,16;7,97;190,52;29,52;191,5;185,3
1;Syngovia;state;75;74;270;18;252;100;2,67;3,24;0;0,58;31,52;31,52;7;6,5
1;Syngovia;transition;75;74;270;155;269;100;2,6;35,22;0;3,03;37,52;39,52;41,77;40,86
1;Syngovia;pair;75;74;270;384;5068;100;1,96;3,96;291,66;6,39;65,52;72,52;310,46;303,98
1;Syngovia;state;76;70;268;18;180;100;1,85;2,22;0;0,35;74,52;74,52;4,83;4,42
1;Syngovia;transition;76;70;268;157;267;100;1,86;19,96;0;2,71;79,52;81,52;25,47;24,53
1;Syngovia;pair;76;70;268;392;3619;100;2,31;4,13;142,36;8,04;105,52;110,52;163,27;156,83
1;Syngovia;state;77;70;264;18;180;100;2,62;3,31;0;0,5;112,52;112,52;6,81;6,44
1;Syngovia;transition;77;70;264;153;263;100;2,62;23,8;0;3,32;117,52;119,52;30,64;29,75
1;Syngovia;pair;77;70;264;382;3517;100;2,5;5,22;125,46;5,41;142,52;147,52;144,02;138,58
1;Syngovia;state;78;74;273;18;184;100;2,15;3;0;0,47;149,52;149,52;6,14;5,62
1;Syngovia;transition;78;74;273;156;272;100;2,11;20,46;0;3,13;155,52;156,52;26,68;25,7
1;Syngovia;pair;78;74;273;445;4205;100;2,38;5,17;218,13;10,85;185,52;189,52;242,75;236,52
1;Syngovia;state;79;70;277;18;180;100;2,13;2,8;0;0,5;13,28;14,28;5,94;5,43
1;Syngovia;transition;79;70;277;166;276;100;2,05;22,54;0;3,09;19,28;21,28;28,45;27,67
1;Syngovia;pair;79;70;277;424;3872;100;2,21;4,69;186,55;7,65;47,28;53,28;207,36;201,12
1;Syngovia;state;80;70;277;18;180;100;2,77;3,44;0;0,53;55,28;55,28;7,23;6,74
1;Syngovia;transition;80;70;277;166;276;100;2,58;21,87;0;3,29;61,28;62,28;28,62;27,74
1;Syngovia;pair;80;70;277;424;3872;100;2,35;4,68;165,17;5,44;89,28;95,28;183,1;177,64
1;Syngovia;state;81;74;282;18;252;100;2,25;3,18;0;0,44;97,28;97,28;6,35;5,86
1;Syngovia;transition;81;74;282;167;281;100;2,18;42,28;0;3,4;103,28;105,28;48,75;47,86
1;Syngovia;pair;81;74;282;421;5565;100;2,24;4,4;336,68;8,32;135,28;143,28;357,56;351,64
1;Syngovia;state;82;74;269;18;252;100;1,99;2,49;0;0,35;145,28;145,28;5,15;4,83
1;Syngovia;transition;82;74;269;154;268;100;1,98;35,51;0;3,33;151,28;153,28;41,66;40,83
1;Syngovia;pair;82;74;269;381;5028;100;2,09;4,41;267,6;6,92;178,28;185,28;287,38;281,02
1;Syngovia;state;83;59;227;16;155;100;1,75;1,88;0;0,36;187,28;187,28;4,41;4
1;Syngovia;transition;83;59;227;126;226;100;1,98;15,65;0;2,46;189,28;13,21;20,88;20,09
1;Syngovia;pair;83;59;227;320;2939;100;2,07;3,24;90,53;4,55;31,21;35,21;104,28;100,4
1;Syngovia;state;84;74;268;18;252;100;2;2,62;0;0,4;37,21;38,21;5,45;5,01
1;Syngovia;transition;84;74;268;153;267;100;2,15;34,02;0;2,94;43,21;45,21;40,12;39,12
1;Syngovia;pair;84;74;268;378;4988;100;1,96;4,23;310,08;6,51;71,21;78,21;329,44;322,78
1;Syngovia;state;85;74;274;18;184;100;1,95;2,22;0;0,37;80,21;80,21;4,88;4,54
1;Syngovia;transition;85;74;274;157;273;100;2,1;21,99;0;2,85;85,21;87,21;27,81;26,95
1;Syngovia;pair;85;74;274;448;4227;100;2,57;5,62;201,11;6,65;116,21;122,21;222,8;215,95
1;Syngovia;state;86;74;270;18;252;100;2,15;2,54;0;0,4;124,21;124,21;5,4;5,09
1;Syngovia;transition;86;74;270;155;269;100;2,07;35,68;0;3,54;130,21;132,21;42,31;41,29
1;Syngovia;pair;86;74;270;384;5071;100;2,14;4,4;319,7;7,6;158,21;165,21;339,7;333,85
1;Syngovia;state;87;70;268;18;180;100;2,81;3,27;0;0,45;167,21;167,21;7,14;6,53
1;Syngovia;transition;87;70;268;157;267;100;2,62;20,27;0;2,27;172,21;174,21;25,9;25,15
1;Syngovia;pair;87;70;268;392;3619;100;1,89;4,41;135,87;5,63;190,52;24,52;153,03;147,8
1;Syngovia;state;88;74;273;18;252;100;2,62;3,41;0;0,45;26,52;27,52;6,99;6,48
1;Syngovia;transition;88;74;273;158;272;100;2,17;38,8;0;3,58;33,52;35,52;45,53;44,55
1;Syngovia;pair;88;74;273;394;5202;100;2,56;4,26;321,17;8,2;61,52;69,52;343,41;336,19
1;Syngovia;state;89;74;283;18;184;100;2,86;3,24;0;0,51;71,52;71,52;7,08;6,61
1;Syngovia;transition;89;74;283;166;282;100;2,64;25,09;0;2,67;77,52;78,52;31,28;30,39
1;Syngovia;pair;89;74;283;474;4484;100;2,19;5,37;216,57;7,95;110,52;116,52;238,78;232,08
1;Syngovia;state;90;74;273;18;252;100;2,75;3,79;0;0,52;118,52;119,52;7,61;7,06
1;Syngovia;transition;90;74;273;158;272;100;2,37;45,21;0;3,32;125,52;127,52;51,84;50,91
1;Syngovia;pair;90;74;273;394;5202;100;2,14;4,35;373,45;8,67;153,52;161,52;395,81;388,61
1;Syngovia;state;91;74;279;18;252;100;2,75;3,41;0;0,65;163,52;163,52;7,32;6,81
1;Syngovia;transition;91;74;279;164;278;100;2,65;49,08;0;4,12;169,52;171,52;56,94;55,86
1;Syngovia;pair;91;74;279;411;5440;100;2,39;4,72;314,66;10,48;189,94;29,94;340,18;332,25
1;Syngovia;state;92;70;267;18;180;100;2,55;3,22;0;0,49;31,94;31,94;6,7;6,26
1;Syngovia;transition;92;70;267;156;266;100;2,4;24,23;0;3,4;36,94;37,94;30,83;30,04
1;Syngovia;pair;92;70;267;390;3598;100;2,71;4,51;162,16;6,98;61,94;67,94;182,53;176,36
1;Syngovia;state;93;74;279;18;252;100;2,26;3,14;0;0,54;69,94;69,94;6,37;5,94
1;Syngovia;transition;93;74;279;164;278;100;2,37;40,24;0;3,11;75,94;77,94;46,6;45,72
1;Syngovia;pair;93;74;279;411;5440;100;2,07;4,43;326,56;7,9;106,94;114,94;347,36;340,97
1;Syngovia;state;94;70;276;18;180;100;2,85;3,2;0;0,46;116,94;116,94;6,98;6,51
1;Syngovia;transition;94;70;276;165;275;100;2,39;22,28;0;3,01;121,94;123,94;28,56;27,68
1;Syngovia;pair;94;70;276;422;3849;100;2,54;5,08;186,67;5,93;149,94;155,94;206,18;200,23
1;Syngovia;state;95;74;270;18;252;100;1,98;2,83;0;0,39;157,94;157,94;5,67;5,2
1;Syngovia;transition;95;74;270;155;269;100;2,41;35,19;0;2,94;163,94;165,94;41,41;40,54
1;Syngovia;pair;95;74;270;384;5071;100;2,45;4,89;268,63;8,79;190,94;20,34;292,43;284,76
1;Syngovia;state;96;63;231;16;219;100;2,24;2,93;0;0,52;22,34;22,34;6,18;5,69
1;Syngovia;transition;96;63;231;126;230;100;2,59;31,45;0;2,95;27,34;29,34;37,72;36,99
1;Syngovia;pair;96;63;231;313;4142;100;2,14;4,07;187,82;5,57;48,34;54,34;205,16;199,61
1;Syngovia;state;97;63;231;16;219;100;2,12;2,58;0;0,36;56,34;56,34;5,61;5,06
1;Syngovia;transition;97;63;231;126;230;100;1,9;25,64;0;3,06;61,34;63,34;31,43;30,59
1;Syngovia;pair;97;63;231;313;4142;100;2,12;3,93;183,99;5,39;83,34;88,34;201,25;195,42
1;Syngovia;state;98;63;231;16;219;100;1,84;2,43;0;0,47;90,34;90,34;5,18;4,74
1;Syngovia;transition;98;63;231;126;230;100;1,85;24,24;0;2,57;95,34;97,34;29,47;28,66
1;Syngovia;pair;98;63;231;313;4142;100;1,94;3,55;230,38;7,48;117,34;123,34;249,1;243,35
1;Syngovia;state;99;74;270;18;252;100;2,57;3,47;0;0,61;125,34;125,34;7,1;6,65
1;Syngovia;transition;99;74;270;155;269;100;2,46;37,98;0;3,31;131,34;133,34;44,9;43,75
1;Syngovia;pair;99;74;270;384;5068;100;2,23;4,71;264,33;7,67;159,34;166,34;285,08;278,95
1;Syngovia;state;100;70;266;18;180;100;2,61;3,07;0;0,49;168,34;168,34;6,62;6,17
1;Syngovia;transition;100;70;266;155;265;100;2,15;21,49;0;2,46;173,34;174,34;26,94;26,09
1;Syngovia;pair;100;70;266;387;3566;100;2,04;4,21;126,02;5,16;189,55;24,55;142,85;137,43
1;Syngovia;state;101;59;227;16;155;100;1,54;2,17;0;0,28;26,55;26,55;4,33;3,98
1;Syngovia;transition;101;59;227;126;226;100;1,78;12,45;0;1,85;31,55;32,55;16,65;16,08
1;Syngovia;pair;101;59;227;320;2939;100;1,55;2,94;94,26;4,95;50,55;54,55;108,2;103,69
1;Syngovia;state;102;74;273;18;184;100;2,14;2,74;0;0,46;56,55;57,55;5,89;5,35
1;Syngovia;transition;102;74;273;156;272;100;2,17;20,71;0;2,38;62,55;63,55;26,07;25,26
1;Syngovia;pair;102;74;273;445;4205;100;2,33;4,67;196,17;6,93;92,55;99,55;217,16;210,09
1;Syngovia;state;103;63;231;16;219;100;2,22;2,7;0;0,49;100,55;101,55;5,96;5,41
1;Syngovia;transition;103;63;231;126;230;100;2,18;25,25;0;2,6;105,55;107,55;30,91;30,03
1;Syngovia;pair;103;63;231;313;4142;100;1,96;3,94;169,51;7,14;127,55;133,55;188,54;182,56
1;Syngovia;state;104;74;274;18;184;100;2,69;3,3;0;0,5;135,55;135,55;6,92;6,49
1;Syngovia;transition;104;74;274;157;273;100;2,58;22,22;0;3,06;140,55;142,55;28,79;27,86
1;Syngovia;pair;104;74;274;450;4239;100;2,77;5,43;190,14;5,91;171,55;178,55;210,28;204,26
1;Syngovia;state;105;63;231;16;219;100;1,78;2,19;0;0,31;179,55;180,55;4,55;4,28
1;Syngovia;transition;105;63;231;126;230;100;1,52;23,19;0;2,65;184,55;186,55;28,1;27,36
1;Syngovia;pair;105;63;231;313;4142;100;1,84;3,13;167,61;5,34;189,61;32,61;183,12;177,92
1;Syngovia;state;106;63;235;16;159;100;1,5;2,28;0;0,31;34,61;34,61;4,37;4,09
1;Syngovia;transition;106;63;235;130;234;100;1,73;15,15;0;1,97;38,61;40,61;19,47;18,84
1;Syngovia;pair;106;63;235;372;3509;100;1,75;3,13;130,38;5,67;62,61;67,61;146,21;140,93
1;Syngovia;state;107;63;231;16;219;100;2,03;2,36;0;0,41;69,61;69,61;5,15;4,81
1;Syngovia;transition;107;63;231;126;230;100;1,69;24,13;0;2,63;74,61;76,61;29,3;28,46
1;Syngovia;pair;107;63;231;313;4142;100;1,93;3,79;166,63;5,18;96,61;101,61;182,93;177,53
1;Syngovia;state;108;59;227;16;155;100;1,84;2,07;0;0,3;103,61;103,61;4,48;4,21
1;Syngovia;transition;108;59;227;126;226;100;1,74;12,93;0;2,6;108,61;109,61;18,04;17,28
1;Syngovia;pair;108;59;227;320;2939;100;2,17;3,26;93,22;4,74;127,61;131,61;108;103,39
1;Syngovia;state;109;63;231;16;219;100;1,9;2,21;0;0,38;133,61;133,61;4,8;4,5
1;Syngovia;transition;109;63;231;126;230;100;2,13;23,67;0;2,92;138,61;140,61;29,48;28,71
1;Syngovia;pair;109;63;231;313;4142;100;1,86;3,57;163,22;5,2;160,61;166,61;179,34;173,85
1;Syngovia;state;110;70;266;18;180;100;1,92;2,42;0;0,34;168,61;168,61;4,98;4,68
1;Syngovia;transition;110;70;266;155;265;100;2,4;18,38;0;2,39;173,61;174,61;23,85;23,18
1;Syngovia;pair;110;70;266;387;3570;100;2,31;4,17;136,1;4,8;190,61;24,5;153,61;147,38
1;Syngovia;state;111;74;269;18;252;100;2,15;2,74;0;0,4;26,5;27,5;5,64;5,29
1;Syngovia;transition;111;74;269;154;268;100;2,25;36,84;0;3,5;32,5;35,5;43,46;42,59
1;Syngovia;pair;111;74;269;381;5028;100;2,64;4,53;285,25;8,78;60,5;67,5;308,4;301,2
1;Syngovia;state;112;59;227;16;155;100;2,23;2,34;0;0,4;69,5;69,5;5,38;4,97
1;Syngovia;transition;112;59;227;126;226;100;2,2;15,45;0;2,35;73,5;74,5;20,7;20
1;Syngovia;pair;112;59;227;320;2939;100;1,86;3,52;92,89;4,11;93,5;97,5;107,17;102,37
1;Syngovia;state;113;70;266;18;180;100;2,01;2,36;0;0,5;99,5;99,5;5,23;4,88
1;Syngovia;transition;113;70;266;155;265;100;2,24;18,95;0;2,24;104,5;106,5;24,2;23,43
1;Syngovia;pair;113;70;266;387;3570;100;2,02;4,01;135,26;5,47;129,5;135,5;152,46;146,77
1;Syngovia;state;114;59;227;16;155;100;1,69;2,32;0;0,41;136,5;137,5;4,79;4,43
1;Syngovia;transition;114;59;227;126;226;100;1,68;13,69;0;1,82;141,5;142,5;17,77;17,18
1;Syngovia;pair;114;59;227;320;2939;100;1,96;3,05;112;5,54;160,5;165,5;127,74;122,54
1;Syngovia;state;115;70;274;18;180;100;2,63;3,2;0;0,49;167,5;167,5;6,71;6,32
1;Syngovia;transition;115;70;274;163;273;100;2,61;26,42;0;3,21;172,5;174,5;33,24;32,24
1;Syngovia;pair;115;70;274;413;3790;100;2,63;5,62;150,69;5,19;189,51;26,51;170,11;164,13
1;Syngovia;state;116;70;266;18;180;100;1,94;2,26;0;0,38;28,51;28,51;4,87;4,58
1;Syngovia;transition;116;70;266;155;265;100;1,83;18,71;0;1,92;33,51;35,51;23,2;22,46
1;Syngovia;pair;116;70;266;387;3570;100;1,81;3,4;128,81;5,16;59,51;64,51;144,44;139,18
1;Syngovia;state;117;74;274;18;184;100;1,75;2,64;0;0,42;66,51;66,51;5,12;4,81
1;Syngovia;transition;117;74;274;157;273;100;1,93;18,6;0;2,46;71,51;73,51;23,82;22,99
1;Syngovia;pair;117;74;274;449;4233;100;1,98;4,41;221,53;6,34;102,51;108,51;239,99;234,25
1;Syngovia;state;118;74;268;18;252;100;2;2,51;0;0,48;110,51;111,51;5,36;4,99
1;Syngovia;transition;118;74;268;153;267;100;1,86;39,46;0;4,15;116,51;118,51;46,44;45,46
1;Syngovia;pair;118;74;268;378;4988;100;2,66;5,65;303,02;6,87;144,51;151,51;325,2;318,19
1;Syngovia;state;119;70;275;18;180;100;2,12;2,62;0;0,43;153,51;153,51;5,5;5,16
1;Syngovia;transition;119;70;275;164;274;100;1,87;19,89;0;2,97;158,51;160,51;25,65;24,73
1;Syngovia;pair;119;70;275;418;3820;100;2,13;4,45;154,33;7,16;186,51;189,51;174,26;168,08
1;Syngovia;state;120;70;275;18;180;100;2,32;2,42;0;0,33;13,26;14,26;5,37;5,08
1;Syngovia;transition;120;70;275;164;274;100;1,91;18,59;0;2,73;19,26;21,26;23,94;23,23
1;Syngovia;pair;120;70;275;418;3820;100;1,8;4,06;176;6,33;47,26;52,26;194,59;188,2
1;Syngovia;state;121;59;227;16;155;100;2,05;2,24;0;0,34;54,26;54,26;4,95;4,63
1;Syngovia;transition;121;59;227;129;226;100;1,69;14;0;2,62;59,26;60,26;19,02;18,31
1;Syngovia;pair;121;59;227;320;2939;100;2,13;4,29;91,65;3,9;78,26;82,26;107,18;101,97
1;Syngovia;state;122;63;231;16;219;100;2,35;2,78;0;0,47;84,26;84,26;5,96;5,61
1;Syngovia;transition;122;63;231;126;230;100;2,23;26,1;0;3,42;89,26;91,26;32,65;31,76
1;Syngovia;pair;122;63;231;313;4142;100;2,28;3,96;157,68;5,42;111,26;117,26;174,75;169,35
1;Syngovia;state;123;74;283;18;184;100;2,56;2,54;0;0,36;119,26;119,26;5,79;5,46
1;Syngovia;transition;123;74;283;166;282;100;1,85;21,31;0;2,66;124,26;126,26;26,59;25,82
1;Syngovia;pair;123;74;283;474;4475;100;2,5;4,35;214,53;7,73;158,26;164,26;235,26;229,11
1;Syngovia;state;124;74;271;18;184;100;2,25;2,63;0;0,43;166,26;166,26;5,66;5,32
1;Syngovia;transition;124;74;271;154;270;100;2,02;19,4;0;2,51;172,26;173,26;24,66;23,93
1;Syngovia;pair;124;74;271;442;4159;100;1,95;5,22;173,78;6,4;190,52;29,52;193,68;187,35
1;Syngovia;state;125;59;227;16;155;100;2,01;2,16;0;0,5;31,52;31,52;5,03;4,67
1;Syngovia;transition;125;59;227;129;226;100;1,92;13,78;0;2,01;35,52;36,52;18,35;17,71
1;Syngovia;pair;125;59;227;320;2939;100;1,89;2,98;93,95;4,76;55,52;59,52;108,24;103,59
1;Syngovia;state;126;70;267;18;180;100;2,26;2,42;0;0,42;61,52;61,52;5,45;5,11
1;Syngovia;transition;126;70;267;156;266;100;2;20,33;0;2,5;66,52;68,52;25,61;24,83
1;Syngovia;pair;126;70;267;390;3598;100;2,57;4,43;151,72;7,12;92,52;97,52;172,68;165,84
1;Syngovia;state;127;63;231;16;219;100;2,13;2,6;0;0,46;99,52;99,52;5,52;5,18
1;Syngovia;transition;127;63;231;126;230;100;2,11;29,02;0;3,41;104,52;106,52;35,44;34,55
1;Syngovia;pair;127;63;231;313;4142;100;2,25;4,1;197,82;6,39;125,52;131,52;216,51;210,56
1;Syngovia;state;128;74;284;18;184;100;2,83;3,06;0;0,37;133,52;133,52;6,61;6,27
1;Syngovia;transition;128;74;284;167;283;100;2,72;24,2;0;2,79;139,52;141,52;30,61;29,71
1;Syngovia;pair;128;74;284;478;4512;100;2,65;5,68;246,96;9,09;173,52;179,52;271,74;264,38
1;Syngovia;state;129;74;270;18;252;100;2,62;3,19;0;0,62;181,52;182,52;6,84;6,43
1;Syngovia;transition;129;74;270;155;269;100;2,38;39,94;0;8,43;188,52;189,52;51,65;50,75
1;Syngovia;pair;129;74;270;384;5068;100;2,44;5,05;358,06;8,71;35,5;42,5;381,45;374,27
1;Syngovia;state;130;74;275;18;184;100;2,69;3,25;0;0,55;44,5;45,5;6,92;6,49
1;Syngovia;transition;130;74;275;158;274;100;2,58;24,38;0;3,52;50,5;52,5;31,29;30,49
1;Syngovia;pair;130;74;275;453;4259;100;2,54;6,17;242,26;8,6;81,5;87,5;266,3;259,57
1;Syngovia;state;131;74;268;18;252;100;2,57;3,04;0;0,55;89,5;90,5;6,56;6,16
1;Syngovia;transition;131;74;268;153;267;100;2,51;43,52;0;3,9;95,5;97,5;50,88;49,94
1;Syngovia;pair;131;74;268;378;4988;100;2,57;5,32;377,35;8,64;123,5;130,5;400,91;393,87
1;Syngovia;state;132;74;273;18;184;100;2,68;3,39;0;0,47;132,5;132,5;6,89;6,53
1;Syngovia;transition;132;74;273;156;272;100;2,37;23,37;0;3,02;137,5;139,5;29,62;28,75
1;Syngovia;pair;132;74;273;447;4210;100;2,49;5,79;232,19;7,96;168,5;174,5;255,02;248,42
1;Syngovia;state;133;59;227;16;155;100;2;2,44;0;0,38;176,5;176,5;5,13;4,82
1;Syngovia;transition;133;59;227;129;226;100;1,86;15,92;0;2,41;180,5;181,5;20,86;20,2
1;Syngovia;pair;133;59;227;320;2939;100;2,08;4,09;120,81;5,89;190,5;25,06;138,14;132,87
1;Syngovia;state;134;63;235;16;159;100;2,09;2,95;0;0,4;27,06;27,06;5,8;5,44
1;Syngovia;transition;134;63;235;128;234;100;2,53;18,91;0;2,9;31,06;33,06;25,17;24,34
1;Syngovia;pair;134;63;235;372;3509;100;3,17;6,34;194,46;6,77;55,06;60,06;217,48;210,74
1;Syngovia;state;135;70;268;18;180;100;2,83;3,33;0;0,53;62,06;62,06;7,12;6,7
1;Syngovia;transition;135;70;268;157;267;100;2,72;25,07;0;3,29;67,06;69,06;32,12;31,08
1;Syngovia;pair;135;70;268;392;3619;100;16,18;5,58;218,06;8,11;93,06;98,06;254,91;247,92
1;Syngovia;state;136;63;231;16;219;100;2,25;4,34;0;0,53;100,06;100,06;7,52;7,12
1;Syngovia;transition;136;63;231;126;230;100;2,37;33,77;0;4,09;105,06;107,06;41,14;40,23
1;Syngovia;pair;136;63;231;313;4142;100;2,75;4,24;234,71;8,11;127,06;133,06;256,29;249,81
1;Syngovia;state;137;74;278;18;184;100;3;3,65;0;0,58;135,06;135,06;7,63;7,22
1;Syngovia;transition;137;74;278;161;277;100;2,9;25,69;0;3,67;140,06;142,06;33,14;32,26
1;Syngovia;pair;137;74;278;462;4343;100;2,51;6,59;223,45;7,26;172,06;179,06;246,47;239,82
1;Syngovia;state;138;63;235;16;159;100;2,11;2,8;0;0,31;181,06;181,06;5,53;5,22
1;Syngovia;transition;138;63;235;128;234;100;1,78;16,76;0;2,19;185,06;187,06;21,42;20,74
1;Syngovia;pair;138;63;235;372;3509;100;1,95;6,14;137,97;6,8;189,46;34,46;158,27;152,86
1;Syngovia;state;139;74;280;18;184;100;2,87;3,23;0;0,52;36,46;36,46;7,02;6,62
1;Syngovia;transition;139;74;280;163;279;100;2,89;22,81;0;3,53;42,46;44,46;29,94;29,24
1;Syngovia;pair;139;74;280;464;4392;100;2,84;5,52;231,02;7,03;74,46;81,46;253,36;246,41
1;Syngovia;state;140;74;267;18;252;100;2,64;2,73;0;0,56;83,46;83,46;6,4;5,92
1;Syngovia;transition;140;74;267;152;266;100;2,68;37,49;0;3;89,46;91,46;44,11;43,17
1;Syngovia;pair;140;74;267;375;4948;100;2,17;3,88;327,76;7,01;116,46;123,46;346,83;340,83
1;Syngovia;state;141;74;269;18;252;100;2,27;2,98;0;0,44;125,46;125,46;6,03;5,69
1;Syngovia;transition;141;74;269;154;268;100;2,34;36,89;0;2,83;131,46;133,46;42,82;42,06
1;Syngovia;pair;141;74;269;381;5028;100;2,17;4,07;337,63;7,47;158,46;165,46;358,64;351,35
1;Syngovia;state;142;70;276;18;180;100;2,16;2,68;0;0,34;167,46;167,46;5,51;5,19
1;Syngovia;transition;142;70;276;165;275;100;2,07;21,79;0;2,61;173,46;174,46;27,13;26,47
1;Syngovia;pair;142;70;276;421;3846;100;2,11;4,48;180,91;5,59;190,46;28,45;199,98;193,09
1;Syngovia;state;143;74;269;18;252;100;2;2,69;0;0,51;29,45;30,45;5,54;5,19
1;Syngovia;transition;143;74;269;154;268;100;2,29;36,63;0;3,61;36,45;38,45;43,51;42,53
1;Syngovia;pair;143;74;269;381;5028;100;2,19;4,47;298,23;7,57;63,45;70,45;318,8;312,46
1;Syngovia;state;144;74;273;18;184;100;2,23;2,53;0;0,44;72,45;72,45;5,54;5,2
1;Syngovia;transition;144;74;273;156;272;100;2,83;20,66;0;3,26;78,45;79,45;27,77;26,75
1;Syngovia;pair;144;74;273;445;4205;100;2,59;5,72;194,77;7,08;108,45;114,45;216,67;210,16
1;Syngovia;state;145;74;281;18;252;100;2,58;2,92;0;0,57;116,45;117,45;6,53;6,07
1;Syngovia;transition;145;74;281;166;280;100;2,38;49,03;0;3,03;123,45;125,45;55,2;54,43
1;Syngovia;pair;145;74;281;417;5516;100;1,81;4,41;354,8;7,35;154,45;162,45;375,11;368,38
1;Syngovia;state;146;74;277;18;252;100;2,13;2,48;0;0,39;164,45;164,45;5,27;5,01
1;Syngovia;transition;146;74;277;162;276;100;1,99;37;0;2,99;170,45;173,45;42,74;41,98
1;Syngovia;pair;146;74;277;405;5360;100;2,25;3,88;290,46;5,68;189,85;29,85;307,97;302,26
1;Syngovia;state;147;63;231;16;219;100;1,78;2,33;0;0,45;31,85;31,85;4,89;4,55
1;Syngovia;transition;147;63;231;126;230;100;1,95;22,44;0;2,69;36,85;38,85;27,82;27,08
1;Syngovia;pair;147;63;231;313;4142;100;1,79;3,15;183,9;4,78;57,85;63,85;198,34;193,62
1;Syngovia;state;148;74;272;18;184;100;2,01;2,51;0;0,42;65,85;65,85;5,25;4,95
1;Syngovia;transition;148;74;272;155;271;100;2,01;20,3;0;3,09;71,85;72,85;26,39;25,4
1;Syngovia;pair;148;74;272;444;4173;100;3,04;4,73;195,14;8,89;101,85;107,85;218,87;211,8
1;Syngovia;state;149;74;273;18;252;100;2,41;2,62;0;0,39;109,85;109,85;5,73;5,42
1;Syngovia;transition;149;74;273;158;272;100;2,3;37,16;0;3,27;115,85;117,85;43,46;42,73
1;Syngovia;pair;149;74;273;394;5202;100;2,09;4,57;314,1;6,22;144,85;151,85;332,96;326,98
1;Syngovia;state;150;74;275;18;184;100;1,87;2,42;0;0,33;153,85;153,85;4,86;4,62
1;Syngovia;transition;150;74;275;158;274;100;2,31;18,88;0;2,11;159,85;160,85;23,9;23,3
1;Syngovia;pair;150;74;275;451;4257;100;1,96;4,17;188,05;6,38;189,85;17,34;206,57;200,56
1;Syngovia;state;151;63;235;16;159;100;1,87;2,21;0;0,31;19,34;19,34;4,69;4,4
1;Syngovia;transition;151;63;235;130;234;100;1,92;14,84;0;2,16;24,34;25,34;19,58;18,92
1;Syngovia;pair;151;63;235;372;3509;100;2,08;3,95;120,43;5,38;47,34;53,34;136,54;131,84
1;Syngovia;state;152;59;227;16;155;100;1,8;2,24;0;0,32;54,34;54,34;4,68;4,37
1;Syngovia;transition;152;59;227;126;226;100;1,6;12,79;0;2,36;59,34;60,34;17,42;16,75
1;Syngovia;pair;152;59;227;320;2939;100;1,77;3,18;89,36;5,54;78,34;83,34;104,67;99,84
1;Syngovia;state;153;59;227;16;155;100;1,97;2,23;0;0,33;84,34;84,34;4,87;4,54
1;Syngovia;transition;153;59;227;129;226;100;1,99;13,46;0;1,94;89,34;90,34;18,01;17,39
1;Syngovia;pair;153;59;227;320;2939;100;1,93;3,25;107,98;4,39;108,34;113,34;122,71;117,55
1;Syngovia;state;154;63;235;16;159;100;1,89;2,41;0;0,33;114,34;114,34;4,91;4,63
1;Syngovia;transition;154;63;235;128;234;100;1,76;13,27;0;1,95;119,34;120,34;17,59;16,97
1;Syngovia;pair;154;63;235;372;3509;100;1,72;2,81;122,85;5,5;143,34;148,34;137,88;132,88
1;Syngovia;state;155;74;280;18;252;100;2,39;2,95;0;0,43;150,34;150,34;6,16;5,78
1;Syngovia;transition;155;74;280;165;279;100;2,61;41,54;0;3,62;156,34;159,34;48,67;47,78
1;Syngovia;pair;155;74;280;415;5478;100;2,41;5,11;335,38;6,75;187,34;15,34;361,06;349,66
1;Syngovia;state;156;74;275;18;184;100;1,99;3,1;0;0,51;17,34;17,34;5,96;5,6
1;Syngovia;transition;156;74;275;158;274;100;2,39;22,75;0;2,15;23,34;24,34;27,9;27,29
1;Syngovia;pair;156;74;275;454;4266;100;2,05;3,93;237,19;8,44;54,34;60,34;257,76;251,61
1;Syngovia;state;157;63;231;16;219;100;2,21;2,92;0;0,48;62,34;62,34;6;5,62
1;Syngovia;transition;157;63;231;126;230;100;2,37;29,52;0;3,13;67,34;69,34;35,88;35,02
1;Syngovia;pair;157;63;231;313;4142;100;2,29;4,2;245,99;7,3;88,34;94,34;266,02;259,78
1;Syngovia;state;158;63;235;16;159;100;2,15;2,85;0;0,44;96,34;96,34;5,75;5,44
1;Syngovia;transition;158;63;235;128;234;100;2,13;17,75;0;2,82;101,34;102,34;23,42;22,7
1;Syngovia;pair;158;63;235;372;3509;100;2,26;4,25;160,9;7,23;125,34;130,34;180,49;174,64
1;Syngovia;state;159;70;275;18;180;100;2,47;3,24;0;0,6;132,34;132,34;6,63;6,3
1;Syngovia;transition;159;70;275;164;274;100;2,43;25,36;0;3,28;137,34;139,34;31,8;31,08
1;Syngovia;pair;159;70;275;418;3820;100;2,66;5,53;201,06;7,66;165,34;171,34;223,82;216,91
1;Syngovia;state;160;63;235;16;159;100;2,12;2,89;0;0,44;172,34;173,34;5,82;5,45
1;Syngovia;transition;160;63;235;128;234;100;2,04;16,79;0;2,56;177,34;178,34;22,1;21,39
1;Syngovia;pair;160;63;235;372;3509;100;2,17;4,3;148,8;6,64;190,34;27,22;167,54;161,91
1;Syngovia;state;161;74;275;18;184;100;2,72;3,1;0;0,46;29,22;29,22;6,62;6,28
1;Syngovia;transition;161;74;275;158;274;100;2,62;24,36;0;3,27;34,22;36,22;31,19;30,26
1;Syngovia;pair;161;74;275;454;4261;100;2,6;6,18;259,32;8,72;66,22;72,22;283,39;276,82
1;Syngovia;state;162;74;280;18;252;100;2,81;3,17;0;0,55;74,22;74,22;6,86;6,52
1;Syngovia;transition;162;74;280;165;279;100;2,52;50,65;0;4,6;80,22;83,22;58,73;57,76
1;Syngovia;pair;162;74;280;415;5483;100;2,65;5,55;462,94;9,61;111,22;119,22;488,84;480,75
1;Syngovia;state;163;63;231;16;219;100;2,26;2,92;0;0,5;121,22;121,22;6;5,68
1;Syngovia;transition;163;63;231;126;230;100;2,06;28,68;0;3,1;126,22;128,22;34,67;33,85
1;Syngovia;pair;163;63;231;313;4142;100;2,3;4,22;208,85;5,54;147,22;153,22;227,12;220,91
1;Syngovia;state;164;74;277;18;184;100;2,91;2,69;0;0,5;155,22;155,22;6,45;6,1
1;Syngovia;transition;164;74;277;160;276;100;2,23;20,65;0;2,59;161,22;162,22;26,24;25,48
1;Syngovia;pair;164;74;277;460;4317;100;2,2;4,87;219,05;7,2;190,22;21,09;239,33;233,31
1;Syngovia;state;165;74;274;18;184;100;2,56;3,24;0;0,55;23,09;23,09;6,76;6,34
1;Syngovia;transition;165;74;274;157;273;100;2,77;22,74;0;2,61;28,09;30,09;28,92;28,12
1;Syngovia;pair;165;74;274;449;4228;100;2,58;5,78;252,38;6,79;59,09;65,09;274,51;267,54
1;Syngovia;state;166;70;273;18;180;100;3,88;2,77;0;0,49;67,09;68,09;7,5;7,14
1;Syngovia;transition;166;70;273;162;272;100;2,44;23,04;0;3,17;73,09;74,09;29,66;28,65
1;Syngovia;pair;166;70;273;412;3768;100;2,86;5,73;204,45;5,9;100,09;106,09;225,23;218,94
1;Syngovia;state;167;74;276;18;184;100;2,18;2,95;0;0,36;108,09;108,09;5,72;5,49
1;Syngovia;transition;167;74;276;159;275;100;2,01;19,47;0;2,68;113,09;115,09;24,95;24,16
1;Syngovia;pair;167;74;276;454;4287;100;2,14;4,77;197,8;7,08;145,09;151,09;217,52;211,78
1;Syngovia;state;168;70;264;18;180;100;1,95;2,67;0;0,46;153,09;153,09;5,42;5,08
1;Syngovia;transition;168;70;264;153;263;100;2,39;17,61;0;2,74;158,09;160,09;23,39;22,74
1;Syngovia;pair;168;70;264;382;3517;100;1,83;3,45;135,21;6,11;183,09;188,09;152,45;146,6
1;Syngovia;state;169;63;235;16;159;100;8,87;2,36;0;0,35;10,22;10,22;12;11,58
1;Syngovia;transition;169;63;235;128;234;100;2,08;14,7;0;1,74;14,22;16,22;19,14;18,52
1;Syngovia;pair;169;63;235;372;3509;100;1,75;3,57;145,83;5,33;38,22;43,22;161,34;156,48
1;Syngovia;state;170;70;266;18;180;100;2,12;2,36;0;0,38;45,22;45,22;5,15;4,86
1;Syngovia;transition;170;70;266;155;265;100;1,91;18,89;0;3,12;50,22;52,22;24,71;23,92
1;Syngovia;pair;170;70;266;387;3566;100;2,54;5,09;161,27;7,32;75,22;81,22;182,64;176,22
1;Syngovia;state;171;63;235;16;159;100;2,31;2,78;0;0,45;83,22;83,22;5,9;5,54
1;Syngovia;transition;171;63;235;128;234;100;2,12;17,46;0;2,6;87,22;89,22;22,96;22,18
1;Syngovia;pair;171;63;235;372;3509;100;2,22;4,91;130,53;5,81;111,22;116,22;148,85;143,48
1;Syngovia;state;172;70;268;18;180;100;2,28;3,11;0;0,36;118,22;118,22;6,08;5,75
1;Syngovia;transition;172;70;268;157;267;100;2,28;21,42;0;2,8;123,22;125,22;27,23;26,49
1;Syngovia;pair;172;70;268;393;3626;100;2,03;3,82;140;5,57;149,22;155,22;157,15;151,42
1;Syngovia;state;173;74;277;18;252;100;2,17;3,26;0;0,49;157,22;157,22;6,3;5,92
1;Syngovia;transition;173;74;277;162;276;100;2,11;43,21;0;3,71;163,22;165,22;49,88;49,03
1;Syngovia;pair;173;74;277;405;5360;100;2,05;4,17;378,11;7,48;191,32;23,32;398,91;391,8
1;Syngovia;state;174;74;278;18;252;100;2,19;2,79;0;0,38;25,32;25,32;5,63;5,35
1;Syngovia;transition;174;74;278;163;277;100;2,17;42,59;0;3,12;31,32;33,32;48,57;47,88
1;Syngovia;pair;174;74;278;409;5411;100;2,18;4,05;417,53;7,36;62,32;69,32;438,43;431,13
1;Syngovia;state;175;74;279;18;252;100;2,42;3,65;0;0,55;71,32;71,32;7,12;6,62
1;Syngovia;transition;175;74;279;164;278;100;2,4;46,68;0;4,46;78,32;80,32;54,5;53,55
1;Syngovia;pair;175;74;279;411;5440;100;2,91;5,78;400,6;7,72;108,32;116,32;424,43;417,01
1;Syngovia;state;176;59;227;16;155;100;1,73;2,68;0;0,41;118,32;118,32;5,17;4,83
1;Syngovia;transition;176;59;227;126;226;100;2,01;15,42;0;2,39;122,32;123,32;20,62;19,82
1;Syngovia;pair;176;59;227;320;2939;100;2,2;2,82;100,22;5,13;142,32;146,32;115,34;110,36
1;Syngovia;state;177;74;272;18;252;100;2,57;3,26;0;0,58;148,32;148,32;6,77;6,41
1;Syngovia;transition;177;74;272;157;271;100;2,54;44,85;0;3,21;154,32;156,32;51,34;50,6
1;Syngovia;pair;177;74;272;391;5162;100;2,1;3,85;395,59;24,4;183,32;189,32;433,15;425,94
1;Syngovia;state;178;63;235;16;159;100;2,21;2,6;0;0,32;12,28;12,28;5,44;5,13
1;Syngovia;transition;178;63;235;128;234;100;1,81;16,5;0;2,75;16,28;18,28;21,83;21,05
1;Syngovia;pair;178;63;235;372;3509;100;2,25;4,37;133,54;5,69;40,28;45,28;151,11;145,85
1;Syngovia;state;179;70;279;18;180;100;2,33;3,14;0;0,4;47,28;47,28;6,23;5,87
1;Syngovia;transition;179;70;279;168;278;100;2,24;25,19;0;2,99;53,28;55,28;31,35;30,42
1;Syngovia;pair;179;70;279;431;3935;100;2,52;5,09;219,68;8,25;82,28;88,28;242,2;235,54
1;Syngovia;state;180;70;263;18;180;100;2,47;3,07;0;0,54;90,28;90,28;6,5;6,08
1;Syngovia;transition;180;70;263;152;262;100;2,78;22,82;0;3,15;95,28;96,28;29,54;28,75
1;Syngovia;pair;180;70;263;378;3485;100;2,45;5,28;151,32;5,9;119,28;124,28;170,78;164,95
1;Syngovia;state;181;63;231;16;219;100;2,07;2,19;0;0,48;126,28;126,28;5,07;4,74
1;Syngovia;transition;181;63;231;126;230;100;1,93;22,88;0;2,37;131,28;133,28;27,93;27,18
1;Syngovia;pair;181;63;231;313;4142;100;2,06;3,01;195,42;5,63;153,28;159,28;211,62;206,12
1;Syngovia;state;182;74;284;18;184;100;2,68;3,26;0;0,46;161,28;161,28;6,78;6,39
1;Syngovia;transition;182;74;284;167;283;100;2,33;23,04;0;3,13;166,28;168,28;29,35;28,5
1;Syngovia;pair;182;74;284;478;4508;100;2,66;5,82;250,98;7,49;190,8;28,8;273,74;266,94
1;Syngovia;state;183;70;264;18;180;100;2,44;3,11;0;0,53;30,8;30,8;6,54;6,08
1;Syngovia;transition;183;70;264;153;263;100;2,77;20,67;0;3,26;35,8;36,8;27,46;26,71
1;Syngovia;pair;183;70;264;382;3517;100;2,49;4,42;147,96;5,15;60,8;65,8;166,22;160,03
1;Syngovia;state;184;59;227;16;155;100;1,95;2,28;0;0,41;67,8;67,8;4,97;4,64
1;Syngovia;transition;184;59;227;129;226;100;1,45;12,37;0;2,07;71,8;72,8;16,51;15,89
1;Syngovia;pair;184;59;227;320;2939;100;1,66;3,71;94,49;5,88;90,8;95,8;111,21;105,74
1;Syngovia;state;185;74;271;18;252;100;2,54;3,04;0;0,52;97,8;97,8;6,47;6,1
1;Syngovia;transition;185;74;271;156;270;100;2,42;45,44;0;3,4;103,8;105,8;52,2;51,25
1;Syngovia;pair;185;74;271;387;5108;100;2,72;5,42;294,94;8;131,8;138,8;318,79;311,08
1;Syngovia;state;186;59;227;16;155;100;2,12;2,45;0;0,3;140,8;140,8;5,18;4,88
1;Syngovia;transition;186;59;227;126;226;100;1,51;12,86;0;1,87;144,8;146,8;16,73;16,23
1;Syngovia;pair;186;59;227;320;2939;100;1,68;2,76;88,58;4,88;164,8;168,8;102,67;97,9
1;Syngovia;state;187;70;273;18;180;100;1,93;2,34;0;0,35;170,8;170,8;4,96;4,63
1;Syngovia;transition;187;70;273;162;272;100;2,42;20,28;0;2,28;176,8;177,8;25,57;24,97
1;Syngovia;pair;187;70;273;412;3768;100;2,39;3,74;155,57;5,52;189,8;29,35;173,01;167,23
1;Syngovia;state;188;74;283;18;184;100;2,34;3,09;0;0,37;31,35;32,35;6,12;5,8
1;Syngovia;transition;188;74;283;166;282;100;2,2;22,82;0;2,91;37,35;39,35;28,76;27,93
1;Syngovia;pair;188;74;283;474;4475;100;2,15;4,88;215,21;6,49;70,35;77,35;234,99;228,72
1;Syngovia;state;189;74;274;18;184;100;1,88;2,17;0;0,43;79,35;79,35;4,75;4,48
1;Syngovia;transition;189;74;274;157;273;100;1,95;18,74;0;2,13;84,35;86,35;23,47;22,82
1;Syngovia;pair;189;74;274;449;4228;100;2,11;4,26;194,08;6,33;115,35;121,35;212,24;206,78
1;Syngovia;state;190;74;267;18;252;100;2,07;2,71;0;0,51;123,35;124,35;5,72;5,28
1;Syngovia;transition;190;74;267;152;266;100;2,2;33,35;0;2,98;129,35;131,35;39,27;38,53
1;Syngovia;pair;190;74;267;375;4948;100;2,37;3,81;267,35;6,36;156,35;163,35;285,89;279,89
1;Syngovia;state;191;70;273;18;180;100;2,09;2,53;0;0,37;165,35;165,35;5,29;4,99
1;Syngovia;transition;191;70;273;162;272;100;1,87;20,26;0;2,28;171,35;172,35;25,21;24,41
1;Syngovia;pair;191;70;273;413;3769;100;1,87;3,65;137,76;5,45;189,55;24,55;153,7;148,74
1;Syngovia;state;192;74;275;18;184;100;2,06;2,49;0;0,33;26,55;27,55;5,12;4,88
1;Syngovia;transition;192;74;275;158;274;100;1,92;17,47;0;2,33;32,55;33,55;22,36;21,72
1;Syngovia;pair;192;74;275;454;4261;100;2,3;4,82;177,15;6,41;63,55;69,55;196,19;190,68
1;Syngovia;state;193;70;266;18;180;100;2,38;3,2;0;0,34;71,55;71,55;6,22;5,91
1;Syngovia;transition;193;70;266;155;265;100;2,27;22,59;0;2,46;76,55;78,55;28,11;27,32
1;Syngovia;pair;193;70;266;387;3566;100;2,24;4,65;137,76;5,87;101,55;107,55;156,99;150,51
1;Syngovia;state;194;59;227;16;155;100;2,24;2,27;0;0,35;109,55;109,55;5,2;4,86
1;Syngovia;transition;194;59;227;126;226;100;1,71;12,85;0;1,91;113,55;114,55;17,11;16,46
1;Syngovia;pair;194;59;227;320;2939;100;1,66;2,67;91,96;3,71;132,55;137,55;103,81;100
1;Syngovia;state;195;74;283;18;184;100;1,64;2,41;0;0,39;139,55;139,55;4,7;4,44
1;Syngovia;transition;195;74;283;166;282;100;1,97;22,82;0;3,36;145,55;146,55;28,93;28,15
1;Syngovia;pair;195;74;283;473;4479;100;2,83;6,13;228,74;6,69;178,55;184,55;251,76;244,39
1;Syngovia;state;196;70;264;18;180;100;2,22;2,73;0;0,49;186,55;186,55;5,78;5,43
1;Syngovia;transition;196;70;264;153;263;100;1,81;24,84;0;2,38;189,55;13,36;29,75;29,03
1;Syngovia;pair;196;70;264;382;3517;100;2,25;4,25;133,3;5,02;36,36;41,36;150,6;144,82
1;Syngovia;state;197;74;279;18;252;100;1,96;3,06;0;0,57;43,36;44,36;5,94;5,6
1;Syngovia;transition;197;74;279;164;278;100;2,36;36,73;0;3,94;50,36;52,36;43,89;43,03
1;Syngovia;pair;197;74;279;412;5451;100;2,57;4,99;399,61;9,92;81,36;88,36;424,73;417,08
1;Syngovia;state;198;63;235;16;159;100;2,13;2,73;0;0,45;90,36;90,36;5,62;5,31
1;Syngovia;transition;198;63;235;130;234;100;2,21;17,37;0;2,54;95,36;96,36;22,83;22,11
1;Syngovia;pair;198;63;235;372;3509;100;2,27;4,38;142,6;6,38;119,36;124,36;161,25;155,62
1;Syngovia;state;199;74;284;18;184;100;2,99;3,35;0;0,49;126,36;126,36;7,14;6,83
1;Syngovia;transition;199;74;284;167;283;100;2,21;19,51;0;2,37;132,36;133,36;24,68;24,08
1;Syngovia;pair;199;74;284;479;4505;100;2,06;4,14;237,13;8,13;165,36;172,36;257,71;251,47
1;Syngovia;state;200;63;231;16;219;100;2,3;2,49;0;0,32;174,36;174,36;5,39;5,11
1;Syngovia;transition;200;63;231;126;230;100;2,33;24,41;0;2,11;179,36;181,36;29,4;28,85
1;Syngovia;pair;200;63;231;313;4142;100;1,74;2,95;184,03;6,93;190,36;27,2;201,32;195,65
1;Syngovia;state;201;74;273;18;184;100;2,67;3,08;0;0,46;29,2;29,2;6,53;6,22
1;Syngovia;transition;201;74;273;156;272;100;2,37;22,9;0;3,05;35,2;36,2;29,11;28,31
1;Syngovia;pair;201;74;273;447;4207;100;2,49;5,48;212,47;6,15;65,2;71,2;233,06;226,58
1;Syngovia;state;202;70;276;18;180;100;2,2;3,03;0;0,45;73,2;74,2;6,01;5,68
1;Syngovia;transition;202;70;276;165;275;100;2,47;22,63;0;2,78;79,2;81,2;28,71;27,88
1;Syngovia;pair;202;70;276;421;3846;100;2,4;4,54;177,88;5,8;107,2;113,2;196,71;190,61
1;Syngovia;state;203;74;275;18;184;100;1,63;2,18;0;0,31;115,2;115,2;4,38;4,11
1;Syngovia;transition;203;74;275;158;274;100;1,79;19,41;0;2,46;120,2;122,2;24,34;23,65
1;Syngovia;pair;203;74;275;449;4257;100;2,35;4,74;210,37;8,41;151,2;157,2;232,82;225,86
1;Syngovia;state;204;74;269;18;252;100;2,18;3,15;0;0,51;159,2;160,2;6,2;5,84
1;Syngovia;transition;204;74;269;154;268;100;2,57;45,68;0;3,52;165,2;168,2;52,64;51,77
1;Syngovia;pair;204;74;269;381;5028;100;2,44;4,87;324,57;7,57;190,23;22,23;345,14;339,44
1;Syngovia;state;205;74;269;18;252;100;2,12;2,71;0;0,38;24,23;24,23;5,48;5,22
1;Syngovia;transition;205;74;269;154;268;100;1,86;35,22;0;3,34;30,23;32,23;41,27;40,42
1;Syngovia;pair;205;74;269;381;5028;100;2,23;4,77;325,64;9,01;58,23;65,23;348,32;341,66
1;Syngovia;state;206;63;231;16;219;100;2,13;2,59;0;0,48;66,23;67,23;5,51;5,2
1;Syngovia;transition;206;63;231;126;230;100;2,31;27,37;0;3,08;72,23;73,23;33,56;32,75
1;Syngovia;pair;206;63;231;313;4142;100;2,24;4,07;206,97;6,81;93,23;99,23;226,04;220,07
1;Syngovia;state;207;63;235;16;159;100;2;2,73;0;0,39;101,23;101,23;5,41;5,12
1;Syngovia;transition;207;63;235;128;234;100;2,03;17,74;0;2,5;105,23;107,23;22,92;22,27
1;Syngovia;pair;207;63;235;372;3509;100;2,15;4,44;137,56;5,72;129,23;134,23;154,97;149,87
1;Syngovia;state;208;74;285;18;184;100;2,82;2,82;0;0,44;136,23;136,23;6,42;6,09
1;Syngovia;transition;208;74;285;168;284;100;2,14;23,39;0;2,63;142,23;144,23;28,88;28,16
1;Syngovia;pair;208;74;285;483;4538;100;2,59;5,01;226,73;6,75;176,23;183,23;247,7;241,07
1;Syngovia;state;209;74;283;18;184;100;2,32;2,74;0;0,39;185,23;185,23;5,73;5,44
1;Syngovia;transition;209;74;283;166;282;100;2,22;27,69;0;2,81;189,54;12,54;33,53;32,72
1;Syngovia;pair;209;74;283;477;4486;100;2,07;4,71;217,51;7,11;44,54;51,54;238,14;231,4
1;Syngovia;state;210;74;274;18;184;100;2,5;3,17;0;0,34;53,54;53,54;6,35;6,01
1;Syngovia;transition;210;74;274;157;273;100;2,25;20,65;0;3,16;59,54;60,54;26,78;26,07
1;Syngovia;pair;210;74;274;450;4225;100;2,51;4,42;189,87;5,99;89,54;95,54;208,75;202,79
1;Syngovia;state;211;74;275;18;184;100;2,4;3,28;0;0,41;97,54;98,54;6,49;6,1
1;Syngovia;transition;211;74;275;158;274;100;2,03;19,47;0;2,52;103,54;104,54;24,71;24,02
1;Syngovia;pair;211;74;275;452;4259;100;2,07;5,54;216,15;8,32;134,54;140,54;238,42;232,07
1;Syngovia;state;212;70;270;18;180;100;2,63;2,9;0;0,46;142,54;142,54;6,42;5,99
1;Syngovia;transition;212;70;270;159;269;100;2,37;24,09;0;3,36;148,54;149,54;30,63;29,83
1;Syngovia;pair;212;70;270;401;3678;100;2,43;5,37;149,07;5,87;174,54;179,54;168,79;162,73
1;Syngovia;state;213;74;283;18;184;100;2,24;2,67;0;0,35;181,54;181,54;5,53;5,25
1;Syngovia;transition;213;74;283;166;282;100;2,35;20,96;0;4,94;187,54;189,54;28,91;28,25
1;Syngovia;pair;213;74;283;473;4479;100;2,35;4,49;240,02;9,4;40,41;47,41;263,85;256,25
1;Syngovia;state;214;63;235;16;159;100;2,33;2,63;0;0,47;49,41;49,41;5,83;5,43
1;Syngovia;transition;214;63;235;128;234;100;2,03;17,13;0;2,66;53,41;54,41;22,51;21,81
1;Syngovia;pair;214;63;235;372;3509;100;2,3;4,59;150,93;5,44;77,41;82,41;169,27;163,26
1;Syngovia;state;215;70;274;18;180;100;2,82;3,52;0;0,56;84,41;84,41;7,38;6,91
1;Syngovia;transition;215;70;274;163;273;100;2,55;22,72;0;3,01;90,41;91,41;29,06;28,27
1;Syngovia;pair;215;70;274;414;3789;100;2,1;3,71;157,34;7,18;117,41;123,41;175,95;170,34
1;Syngovia;state;216;74;272;18;184;100;2,52;3,23;0;0,49;125,41;125,41;6,64;6,24
1;Syngovia;transition;216;74;272;155;271;100;2,31;22,92;0;3,29;130,41;132,41;29,29;28,52
1;Syngovia;pair;216;74;272;443;4176;100;2,5;5,89;194,93;6,12;160,41;166,41;215,63;209,45
1;Syngovia;state;217;74;270;18;252;100;1,68;2,88;0;0,58;168,41;169,41;5,54;5,13
1;Syngovia;transition;217;74;270;155;269;100;2,12;38,59;0;2,82;174,41;177,41;44,17;43,53
1;Syngovia;pair;217;74;270;384;5068;100;2,08;4,39;276,92;8,3;190,57;30,57;298,45;291,69
1;Syngovia;state;218;74;273;18;184;100;2,64;3,29;0;0,5;32,57;33,57;6,8;6,43
1;Syngovia;transition;218;74;273;156;272;100;2,53;23,89;0;3,15;38,57;39,57;30,35;29,57
1;Syngovia;pair;218;74;273;447;4205;100;2,63;5,6;203,18;8,16;68,57;75,57;226,61;219,57
1;Syngovia;state;219;59;227;16;155;100;1,89;2,54;0;0,32;76,57;76,57;5,07;4,75
1;Syngovia;transition;219;59;227;126;226;100;1,94;14,97;0;2,22;81,57;82,57;19,8;19,13
1;Syngovia;pair;219;59;227;320;2939;100;1,77;3,36;110,03;5,85;100,57;105,57;125,88;121,01
1;Syngovia;state;220;70;266;18;180;100;2,45;2,83;0;0,5;106,57;107,57;6,23;5,78
1;Syngovia;transition;220;70;266;155;265;100;2,18;22,53;0;2,94;112,57;113,57;28,31;27,65
1;Syngovia;pair;220;70;266;387;3570;100;2,54;4,5;163,08;7,08;137,57;142,57;183,37;177,21
1;Syngovia;state;221;70;267;18;180;100;2,09;2,8;0;0,38;144,57;144,57;5,56;5,28
1;Syngovia;transition;221;70;267;156;266;100;2,46;22,85;0;3,19;149,57;151,57;29,4;28,51
1;Syngovia;pair;221;70;267;389;3591;100;2,47;5,55;164,35;7,51;175,57;180,57;186,29;179,88
1;Syngovia;state;222;74;274;18;184;100;2,58;3,27;0;0,49;182,57;182,57;6,65;6,34
1;Syngovia;transition;222;74;274;157;273;100;2,57;22,67;0;10,52;188,57;189,57;36,55;35,75
1;Syngovia;pair;222;74;274;448;4227;100;2,59;5,87;215,45;8,68;38,38;44,38;239,48;232,59
1;Syngovia;state;223;74;287;18;184;100;2,63;3,22;0;0,52;46,38;47,38;6,73;6,38
1;Syngovia;transition;223;74;287;170;286;100;2,52;26,33;0;3,39;52,38;54,38;33,02;32,24
1;Syngovia;pair;223;74;287;489;4599;100;2,6;6,13;269,09;8,75;87,38;94,38;293,18;286,56
1;Syngovia;state;224;59;227;16;155;100;1,97;2,59;0;0,39;96,38;96,38;5,22;4,95
1;Syngovia;transition;224;59;227;126;226;100;1,94;15,01;0;2,06;100,38;101,38;19,77;19,02
1;Syngovia;pair;224;59;227;320;2939;100;2,26;3,88;105,75;4,96;119,38;124,38;121,82;116,85
1;Syngovia;state;225;63;235;16;159;100;1,91;2,44;0;0,36;126,38;126,38;5,03;4,71
1;Syngovia;transition;225;63;235;128;234;100;2,05;14,34;0;1,81;130,38;132,38;18,84;18,2
1;Syngovia;pair;225;63;235;372;3509;100;2,01;3,72;150,33;6,68;154,38;159,38;167,92;162,74
1;Syngovia;state;226;74;276;18;184;100;2,01;2,65;0;0,45;161,38;161,38;5,39;5,11
1;Syngovia;transition;226;74;276;159;275;100;2,35;20,99;0;3,15;167,38;168,38;27,13;26,5
1;Syngovia;pair;226;74;276;453;4282;100;2,2;4,38;220,3;7,96;190,76;25,76;241,36;234,84
1;Syngovia;state;227;74;280;18;252;100;2,71;3,24;0;0,5;27,76;28,76;6,8;6,45
1;Syngovia;transition;227;74;280;165;279;100;2,66;56,11;0;4,22;34,76;36,76;63,93;62,99
1;Syngovia;pair;227;74;280;415;5483;100;2,4;4,86;393,32;9,87;65,76;73,76;417,51;410,45
1;Syngovia;state;228;59;227;16;155;100;2,15;2,66;0;0,46;74,76;75,76;5,58;5,27
1;Syngovia;transition;228;59;227;126;226;100;2,07;16,96;0;2,18;79,76;80,76;21,78;21,2
1;Syngovia;pair;228;59;227;320;2939;100;2,08;3,9;104,91;4,62;98,76;103,76;120,27;115,52
1;Syngovia;state;229;70;275;18;180;100;2,55;2,85;0;0,43;104,76;105,76;6,21;5,83
1;Syngovia;transition;229;70;275;164;274;100;2,68;27,59;0;3,29;110,76;112,76;34,32;33,56
1;Syngovia;pair;229;70;275;418;3820;100;2,64;6,08;185,32;6,87;138,76;143,76;208,12;200,91
1;Syngovia;state;230;74;272;18;252;100;2,4;3,2;0;0,51;145,76;146,76;6,46;6,11
1;Syngovia;transition;230;74;272;157;271;100;2,17;43,44;0;3,29;152,76;154,76;49,82;48,9
1;Syngovia;pair;230;74;272;390;5156;100;2,43;3,95;353,95;7,8;180,76;187,76;374,73;368,13
1;Syngovia;state;231;74;275;18;184;100;2,31;14,1;0;0,36;189,76;10,26;17,11;16,77
1;Syngovia;transition;231;74;275;158;274;100;2,03;20,05;0;2,39;15,26;16,26;25,22;24,46
1;Syngovia;pair;231;74;275;449;4257;100;2,13;4,36;220,54;8,28;46,26;52,26;241,65;235,32
1;Syngovia;state;232;63;231;16;219;100;2,31;2,75;0;0,48;54,26;54,26;5,96;5,55
1;Syngovia;transition;232;63;231;126;230;100;2,01;28,75;0;3,31;59,26;61,26;34,85;34,06
1;Syngovia;pair;232;63;231;313;4142;100;2,14;4,09;221,83;6,66;80,26;86,26;240,03;234,72
1;Syngovia;state;233;74;275;18;184;100;2,22;2,92;0;0,39;88,26;88,26;5,8;5,53
1;Syngovia;transition;233;74;275;158;274;100;2,14;19,79;0;3,07;94,26;95,26;25,81;25
1;Syngovia;pair;233;74;275;452;4259;100;2,61;4,55;207,83;5,28;125,26;131,26;226,13;220,26
1;Syngovia;state;234;74;273;18;184;100;1,89;2,09;0;0,34;133,26;133,26;4,56;4,32
1;Syngovia;transition;234;74;273;156;272;100;1,85;18,68;0;2,63;139,26;140,26;23,82;23,15
1;Syngovia;pair;234;74;273;445;4205;100;1,93;4,34;235,95;8,68;169,26;175,26;257,41;250,9
1;Syngovia;state;235;74;273;18;184;100;2,64;3,07;0;0,6;177,26;177,26;6,67;6,31
1;Syngovia;transition;235;74;273;156;272;100;2,49;24,18;0;3,13;183,26;184,26;30,63;29,8
1;Syngovia;pair;235;74;273;447;4210;100;2,8;6,48;200,96;7,29;190,26;41,06;224,26;217,53
1;Syngovia;state;236;74;277;18;184;100;2,37;2,83;0;0,51;43,06;43,06;6,09;5,71
1;Syngovia;transition;236;74;277;160;276;100;2,82;24,84;0;2,89;48,06;50,06;31,29;30,56
1;Syngovia;pair;236;74;277;458;4317;100;2,36;5,18;229,38;8,87;80,06;86,06;253,33;245,8
1;Syngovia;state;237;59;227;16;155;100;2,89;2,76;0;0,44;88,06;88,06;6,36;6,08
1;Syngovia;transition;237;59;227;129;226;100;2,15;15,04;0;2,16;92,06;94,06;20,04;19,35
1;Syngovia;pair;237;59;227;320;2939;100;1,85;3,42;95,64;5,29;112,06;116,06;111,15;106,2
1;Syngovia;state;238;59;227;16;155;100;2,32;2,3;0;0,28;118,06;118,06;5,16;4,9
1;Syngovia;transition;238;59;227;126;226;100;2,13;13,71;0;2,2;122,06;124,06;18,71;18,03
1;Syngovia;pair;238;59;227;320;2939;100;1,89;3,14;97,39;4,42;142,06;146,06;111,53;106,84
1;Syngovia;state;239;63;231;16;219;100;1,89;2,47;0;0,42;148,06;148,06;5,19;4,78
1;Syngovia;transition;239;63;231;126;230;100;2,08;24,55;0;2,68;153,06;155,06;29,99;29,31
1;Syngovia;pair;239;63;231;313;4142;100;2,09;3,93;181,87;6,53;175,06;180,06;200,29;194,42
1;Syngovia;state;240;74;286;18;184;100;2,56;2,66;0;0,46;182,06;183,06;6,02;5,68
1;Syngovia;transition;240;74;286;169;285;100;2,42;22,61;0;11,04;188,06;189,42;36,79;36,07
1;Syngovia;pair;240;74;286;486;4567;100;3,03;5,7;242,51;9,34;43,42;50,42;268,17;260,58
1;Syngovia;state;241;74;273;18;184;100;2,57;3,08;0;0,57;51,42;52,42;6,58;6,22
1;Syngovia;transition;241;74;273;156;272;100;2,5;20,99;0;2,84;57,42;59,42;27,08;26,33
1;Syngovia;pair;241;74;273;445;4205;100;2,32;4;212,73;6,63;87,42;94,42;231,99;225,67
1;Syngovia;state;242;74;274;18;184;100;2,37;2,99;0;0,43;96,42;96,42;6,09;5,79
1;Syngovia;transition;242;74;274;157;273;100;2,17;20,99;0;3,01;101,42;103,42;26,85;26,17
1;Syngovia;pair;242;74;274;447;4230;100;2,44;4,57;221,74;7,13;132,42;138,42;242,61;235,88
1;Syngovia;state;243;70;266;18;180;100;2,37;3,05;0;0,5;140,42;140,42;6,33;5,92
1;Syngovia;transition;243;70;266;155;265;100;2,43;19,87;0;2,6;145,42;147,42;25,5;24,89
1;Syngovia;pair;243;70;266;387;3570;100;2,16;5,2;164,49;5,84;170,42;176,42;184,04;177,69
1;Syngovia;state;244;74;285;18;184;100;2,16;3,15;0;0,43;178,42;178,42;6,02;5,74
1;Syngovia;transition;244;74;285;168;284;100;2,27;24,05;0;2,85;184,42;185,42;29,87;29,17
1;Syngovia;pair;244;74;285;482;4543;100;2,41;4,96;239,31;7,45;189,85;45,85;260,27;254,13
1;Syngovia;state;245;70;265;18;180;100;2,23;2,63;0;0,56;46,85;47,85;5,76;5,43
1;Syngovia;transition;245;70;265;154;264;100;1,93;19,94;0;3,06;52,85;53,85;25,68;24,92
1;Syngovia;pair;245;70;265;384;3542;100;2,72;4,95;157,1;6,54;77,85;82,85;177,65;171,32
1;Syngovia;state;246;70;275;18;180;100;2,38;4;0;0,49;84,85;84,85;7,23;6,88
1;Syngovia;transition;246;70;275;164;274;100;2,75;25,77;0;3,1;89,85;91,85;32,53;31,61
1;Syngovia;pair;246;70;275;418;3824;100;2,53;4,35;234,95;6,72;117,85;123,85;255,84;248,54
1;Syngovia;state;247;59;227;16;155;100;2,03;4,22;0;0,48;124,85;125,85;7,13;6,73
1;Syngovia;transition;247;59;227;126;226;100;2,39;20,28;0;2,84;129,85;130,85;26,14;25,5
1;Syngovia;pair;247;59;227;320;2939;100;2,62;4,32;133,24;6,24;148,85;153,85;152,72;146,42
1;Syngovia;state;248;74;284;18;184;100;3,43;4,46;0;0,53;155,85;155,85;9,07;8,42
1;Syngovia;transition;248;74;284;167;283;100;3,04;27,34;0;3,59;161,85;162,85;35,07;33,96
1;Syngovia;pair;248;74;284;478;4508;100;2,65;6,31;301,61;8,26;191,85;23,11;326,11;318,83
1;Syngovia;state;249;70;264;18;180;100;2,48;2,91;0;0,51;25,11;25,11;6,24;5,9
1;Syngovia;transition;249;70;264;153;263;100;2,81;21,96;0;2,72;30,11;32,11;28,22;27,5
1;Syngovia;pair;249;70;264;382;3517;100;2,26;5,53;167,39;6,94;55,11;60,11;188,39;182,12
1;Syngovia;state;250;63;235;16;159;100;2,3;2,81;0;0,46;62,11;62,11;5,94;5,57
1;Syngovia;transition;250;63;235;128;234;100;2,13;16,99;0;1,88;66,11;68,11;21,78;21
1;Syngovia;pair;250;63;235;372;3509;100;1,83;3,6;170,76;7,21;90,11;95,11;189,26;183,4
1;Syngovia;state;251;74;277;18;184;100;2,76;19,49;0;0,53;97,11;98,11;23,13;22,78
1;Syngovia;transition;251;74;277;160;276;100;2,78;25,85;0;3,31;103,11;105,11;32,78;31,94
1;Syngovia;pair;251;74;277;461;4322;100;2,73;6,35;286,67;10,51;135,11;141,11;317,4;306,26
1;Syngovia;state;252;74;277;18;184;100;7,96;3,49;0;0,52;143,11;143,11;12,38;11,97
1;Syngovia;transition;252;74;277;160;276;100;2,8;25,55;0;3,91;149,11;150,11;33,22;32,25
1;Syngovia;pair;252;74;277;460;4317;100;3,11;5,94;280,77;8,31;181,11;187,11;313,46;298,14
1;Syngovia;state;253;63;231;16;219;100;3,01;8,99;0;0,48;189,31;9,31;12,84;12,48
1;Syngovia;transition;253;63;231;126;230;100;2,72;31,02;0;2,7;14,31;15,31;37,05;36,44
1;Syngovia;pair;253;63;231;313;4142;100;2,13;3,93;206,18;6,88;35,31;41,31;224,95;219,11
1;Syngovia;state;254;74;276;18;184;100;2,74;3,04;0;0,48;43,31;43,31;6,66;6,25
1;Syngovia;transition;254;74;276;159;275;100;2,34;22,55;0;3,14;49,31;50,31;28,79;28,03
1;Syngovia;pair;254;74;276;456;4291;100;2,55;5,81;255,32;7,42;80,31;87,31;277,79;271,1
1;Syngovia;state;255;74;278;18;252;100;2,42;3,05;0;0,56;88,31;89,31;6,44;6,03
1;Syngovia;transition;255;74;278;163;277;100;2,58;39,39;0;3,42;95,31;97,31;46,09;45,39
1;Syngovia;pair;255;74;278;409;5411;100;2,2;5,49;413,43;8,64;125,31;133,31;437,43;429,76
1;Syngovia;state;256;63;235;16;159;100;2,15;2,34;0;0,56;135,31;135,31;5,42;5,05
1;Syngovia;transition;256;63;235;128;234;100;2,48;18,62;0;2,81;140,31;141,31;24,66;23,91
1;Syngovia;pair;256;63;235;372;3509;100;2,17;4,17;141,31;6,44;163,31;168,31;160,1;154,09
1;Syngovia;state;257;63;231;16;219;100;2,18;2,77;0;0,48;170,31;170,31;5,79;5,43
1;Syngovia;transition;257;63;231;126;230;100;2,21;28,41;0;3,33;175,31;177,31;34,7;33,95
1;Syngovia;pair;257;63;231;313;4142;100;2,08;3,35;197,54;6,75;190,47;24,47;215,57;209,72
1;Syngovia;state;258;70;278;18;180;100;2,53;3,16;0;0,36;26,47;26,47;6,36;6,06
1;Syngovia;transition;258;70;278;167;277;100;2,34;21,62;0;2,74;31,47;33,47;27,39;26,7
1;Syngovia;pair;258;70;278;428;3909;100;2,41;4,67;183,35;5,43;60,47;66,47;202,18;195,85
1;Syngovia;state;259;74;286;18;184;100;2,36;2,64;0;0,45;68,47;68,47;5,78;5,45
1;Syngovia;transition;259;74;286;169;285;100;2,4;22,69;0;3,48;74,47;75,47;29,43;28,57
1;Syngovia;pair;259;74;286;486;4567;100;2,59;4,64;285,31;7,25;108,47;115,47;307,53;299,79
1;Syngovia;state;260;74;283;18;184;100;2,4;2,97;0;0,48;117,47;117,47;6,22;5,84
1;Syngovia;transition;260;74;283;166;282;100;2,41;27,15;0;3,54;123,47;124,47;34,19;33,09
1;Syngovia;pair;260;74;283;477;4486;100;2,96;6,49;227,72;8,54;156,47;163,47;253,21;245,71
1;Syngovia;state;261;74;283;18;184;100;2,21;2,86;0;0,35;165,47;165,47;5,67;5,41
1;Syngovia;transition;261;74;283;166;282;100;2,52;20,84;0;2,71;171,47;172,47;26,68;26,08
1;Syngovia;pair;261;74;283;476;4481;100;2,07;4,51;205,24;7,92;189,67;32,67;226,74;219,74
1;Syngovia;state;262;70;275;18;180;100;2,58;2,97;0;0,45;34,67;34,67;6,36;6
1;Syngovia;transition;262;70;275;164;274;100;2,85;21,99;0;3,24;39,67;41,67;28,88;28,08
1;Syngovia;pair;262;70;275;418;3820;100;2,14;4,36;193,82;8,58;67,67;73,67;215,46;208,9
1;Syngovia;state;263;59;227;16;155;100;2,12;2,65;0;0,44;74,67;75,67;5,53;5,21
1;Syngovia;transition;263;59;227;126;226;100;2,17;17,45;0;2,75;79,67;80,67;23,03;22,37
1;Syngovia;pair;263;59;227;320;2939;100;2,18;4,11;117,12;5,91;98,67;103,67;134,73;129,32
1;Syngovia;state;264;70;276;18;180;100;2,45;3,15;0;0,5;105,67;105,67;6,43;6,09
1;Syngovia;transition;264;70;276;165;275;100;2,64;26,48;0;3,71;110,67;112,67;33,59;32,83
1;Syngovia;pair;264;70;276;419;3842;100;2,57;5,61;211,49;8,71;138,67;144,67;235,61;228,38
1;Syngovia;state;265;74;275;18;184;100;2,66;3,41;0;0,5;146,67;146,67;6,92;6,57
1;Syngovia;transition;265;74;275;158;274;100;2,3;22,77;0;3,58;151,67;153,67;29,43;28,65
1;Syngovia;pair;265;74;275;454;4266;100;2,77;6,23;199,45;8,19;183,67;189,67;223,03;216,64
1;Syngovia;state;266;74;269;18;252;100;2,18;3,11;0;0,57;11,31;11,31;6,21;5,86
1;Syngovia;transition;266;74;269;154;268;100;3,11;44,36;0;2,99;17,31;19,31;51,13;50,45
1;Syngovia;pair;266;74;269;381;5028;100;1,92;3,58;341,88;8,03;44,31;51,31;361,8;355,41
1;Syngovia;state;267;63;231;16;219;100;1,84;2,87;0;0,56;53,31;53,31;5,6;5,27
1;Syngovia;transition;267;63;231;126;230;100;2,29;24,34;0;2,52;58,31;60,31;29,79;29,14
1;Syngovia;pair;267;63;231;313;4142;100;1,78;3,52;220,71;6,88;80,31;86,31;239,47;232,9
1;Syngovia;state;268;74;274;18;184;100;2,59;2,55;0;0,34;88,31;88,31;5,75;5,48
1;Syngovia;transition;268;74;274;157;273;100;2,01;20,91;0;2,54;93,31;95,31;26,03;25,46
1;Syngovia;pair;268;74;274;447;4230;100;2,21;4,31;199,64;8,32;124,31;130,31;221,04;214,48
1;Syngovia;state;269;70;266;18;180;100;1,85;2,28;0;0,41;132,31;132,31;4,84;4,54
1;Syngovia;transition;269;70;266;155;265;100;1,98;20,57;0;2,61;137,31;139,31;25,83;25,16
1;Syngovia;pair;269;70;266;387;3570;100;2,41;4,63;146,59;4,7;162,31;168,31;163,06;158,32
1;Syngovia;state;270;63;231;16;219;100;1,43;1,86;0;0,34;170,31;170,31;3,88;3,63
1;Syngovia;transition;270;63;231;126;230;100;1,54;24,29;0;2,8;175,31;176,31;29,34;28,63
1;Syngovia;pair;270;63;231;313;4142;100;1,76;2,91;159,12;4,6;190,56;23,56;173,38;168,4
1;Syngovia;state;271;74;268;18;252;100;1,87;2,04;0;0,45;25,56;25,56;4,6;4,36
1;Syngovia;transition;271;74;268;153;267;100;1,73;34,56;0;3,31;31,56;33,56;40,43;39,6
1;Syngovia;pair;271;74;268;378;4988;100;2,24;4,83;315,31;6,63;58,56;65,56;335,27;329,01
1;Syngovia;state;272;70;265;18;180;100;1,8;2,16;0;0,32;67,56;67,56;4,54;4,29
1;Syngovia;transition;272;70;265;154;264;100;1,63;16,17;0;3,1;72,56;74,56;21,5;20,89
1;Syngovia;pair;272;70;265;384;3542;100;2,43;3,51;160,05;5,89;97,56;102,56;177,47;171,88
1;Syngovia;state;273;74;281;18;184;100;2,37;2,91;0;0,36;104,56;105,56;5,91;5,63
1;Syngovia;transition;273;74;281;164;280;100;2,34;23,97;0;2,84;110,56;112,56;29,85;29,15
1;Syngovia;pair;273;74;281;468;4423;100;2,5;4,66;213,15;7,34;143,56;149,56;233,79;227,66
1;Syngovia;state;274;74;281;18;252;100;2,28;2,77;0;0,5;151,56;152,56;5,87;5,55
1;Syngovia;transition;274;74;281;166;280;100;2,89;42,67;0;3,88;158,56;160,56;50,34;49,44
1;Syngovia;pair;274;74;281;417;5520;100;2,55;4,33;389,33;7,59;189,56;18,51;410,98;403,8
1;Syngovia;state;275;74;274;18;184;100;2,48;2,8;0;0,41;20,51;20,51;5,98;5,69
1;Syngovia;transition;275;74;274;157;273;100;2,25;21,04;0;2,19;26,51;27,51;26,14;25,47
1;Syngovia;pair;275;74;274;451;4236;100;2;4,94;222,02;8,76;56,51;63,51;244,38;237,72
1;Syngovia;state;276;74;281;18;252;100;2,88;3,69;0;0,72;65,51;65,51;7,68;7,28
1;Syngovia;transition;276;74;281;166;280;100;2,76;42,26;0;3,32;71,51;74,51;49;48,34
1;Syngovia;pair;276;74;281;418;5523;100;2,18;3,97;374,2;9,59;103,51;110,51;397,04;389,93
1;Syngovia;state;277;63;231;16;219;100;2,21;2,69;0;0,5;112,51;112,51;5,77;5,4
1;Syngovia;transition;277;63;231;126;230;100;2,08;29,72;0;3,26;117,51;119,51;35,83;35,06
1;Syngovia;pair;277;63;231;313;4142;100;2,23;3,91;212,1;6,47;139,51;145,51;230,41;224,71
1;Syngovia;state;278;63;231;16;219;100;1,9;2,8;0;0,55;146,51;147,51;5,59;5,25
1;Syngovia;transition;278;63;231;126;230;100;1,8;28,32;0;2,6;152,51;153,51;33,43;32,72
1;Syngovia;pair;278;63;231;313;4142;100;2,16;3,35;214,03;6,1;173,51;179,51;231,62;225,65
1;Syngovia;state;279;70;268;18;180;100;2,74;3,13;0;0,49;181,51;181,51;6,74;6,35
1;Syngovia;transition;279;70;268;157;267;100;2,63;26,63;0;3,62;186,51;188,51;33,76;32,87
1;Syngovia;pair;279;70;268;392;3619;100;2,64;9,49;175,72;5,81;189,51;37,23;201,58;193,66
1;Syngovia;state;280;74;271;18;252;100;2,47;3,3;0;0,61;39,23;39,23;6,77;6,38
1;Syngovia;transition;280;74;271;156;270;100;2,29;35,91;0;2,96;45,23;47,23;41,78;41,16
1;Syngovia;pair;280;74;271;387;5114;100;2,2;4,29;338,86;6,45;73,23;81,23;357,66;351,8
1;Syngovia;state;281;74;283;18;184;100;1,8;2,46;0;0,32;83,23;83,23;4,8;4,58
1;Syngovia;transition;281;74;283;166;282;100;1,69;23,47;0;3,47;88,23;90,23;29,31;28,62
1;Syngovia;pair;281;74;283;476;4483;100;2,72;5,27;243,11;7,72;122,23;128,23;266,09;258,82
1;Syngovia;state;282;70;266;18;180;100;2,5;2,94;0;0,5;130,23;130,23;6,35;5,95
1;Syngovia;transition;282;70;266;155;265;100;2,44;23,11;0;2,49;136,23;137,23;28,6;28,05
1;Syngovia;pair;282;70;266;387;3566;100;2,01;3,78;158,03;7,26;161,23;166,23;177,13;171,08
1;Syngovia;state;283;70;267;18;180;100;2,68;3,18;0;0,46;168,23;168,23;6,69;6,32
1;Syngovia;transition;283;70;267;156;266;100;2,55;24,23;0;3,15;173,23;175,23;30,77;29,94
1;Syngovia;pair;283;70;267;389;3591;100;2,42;5,33;142,59;5,09;190,52;25,52;161,3;155,44
1;Syngovia;state;284;70;266;18;180;100;2,32;2,68;0;0,32;27,52;27,52;5,57;5,31
1;Syngovia;transition;284;70;266;155;265;100;2,14;23,52;0;3,1;32,52;33,52;29,81;28,77
1;Syngovia;pair;284;70;266;387;3566;100;2,48;3,65;145,97;5,82;57,52;62,52;163,4;157,92
1;Syngovia;state;285;74;283;18;184;100;2,63;2,92;0;0,56;64,52;65,52;6,5;6,11
1;Syngovia;transition;285;74;283;166;282;100;2,62;21,47;0;2,47;70,52;72,52;27,23;26,56
1;Syngovia;pair;285;74;283;474;4484;100;2,32;4,45;234,36;8,9;103,52;110,52;256,83;250,03
1;Syngovia;state;286;59;227;16;155;100;2,19;2,25;0;0,27;112,52;112,52;4,99;4,71
1;Syngovia;transition;286;59;227;126;226;100;2,26;13,48;0;1,93;116,52;117,52;18,26;17,68
1;Syngovia;pair;286;59;227;320;2939;100;1,71;2,97;104,99;5,75;136,52;140,52;120,72;115,43
1;Syngovia;state;287;59;227;16;155;100;2,18;2,54;0;0,42;142,52;142,52;5,48;5,14
1;Syngovia;transition;287;59;227;126;226;100;2,12;16,52;0;2,44;146,52;147,52;21,76;21,08
1;Syngovia;pair;287;59;227;320;2939;100;2,13;3,96;107,9;4,64;166,52;170,52;123,61;118,63
1;Syngovia;state;288;74;286;18;184;100;2,37;3,24;0;0,51;172,52;172,52;6,45;6,12
1;Syngovia;transition;288;74;286;169;285;100;2,85;28,92;0;3,14;178,52;180,52;35,71;34,91
1;Syngovia;pair;288;74;286;484;4572;100;2,05;4,37;214,1;6,61;189,52;40,36;233,22;227,13
1;Syngovia;state;289;70;278;18;180;100;2,08;2,71;0;0,38;42,36;42,36;5,48;5,17
1;Syngovia;transition;289;70;278;167;277;100;2,12;23,4;0;2,44;48,36;49,36;28,49;27,96
1;Syngovia;pair;289;70;278;428;3907;100;2,19;4,01;166,57;5,86;76,36;82,36;184,06;178,63
1;Syngovia;state;290;63;231;16;219;100;1,71;2,2;0;0,36;84,36;84,36;4,5;4,26
1;Syngovia;transition;290;63;231;126;230;100;1,91;24,6;0;2,64;89,36;91,36;29,88;29,15
1;Syngovia;pair;290;63;231;313;4142;100;1,76;2,7;153,78;5,08;110,36;116,36;167,67;163,32
1;Syngovia;state;291;74;272;18;184;100;1,83;2,34;0;0,31;118,36;118,36;4,68;4,47
1;Syngovia;transition;291;74;272;155;271;100;1,82;17,42;0;2,27;124,36;125,36;22,09;21,51
1;Syngovia;pair;291;74;272;443;4176;100;1,75;4,05;185,19;8,17;154,36;160,36;205,23;199,16
1;Syngovia;state;292;74;275;18;184;100;2,94;3,23;0;0,47;162,36;162,36;7;6,64
1;Syngovia;transition;292;74;275;158;274;100;2,75;24,08;0;3,28;168,36;169,36;30,9;30,1
1;Syngovia;pair;292;74;275;449;4257;100;2,57;5,57;170,81;6,17;189,74;26,74;191,47;185,12
1;Syngovia;state;293;74;280;18;252;100;2,11;3,26;0;0,39;28,74;28,74;6,05;5,75
1;Syngovia;transition;293;74;280;165;279;100;2,37;39,26;0;4,45;34,74;36,74;46,95;46,07
1;Syngovia;pair;293;74;280;415;5478;100;2,84;5,68;362,09;6,74;65,74;73,74;383,42;377,35
1;Syngovia;state;294;70;266;18;180;100;1,8;2,02;0;0,54;75,74;75,74;4,7;4,36
1;Syngovia;transition;294;70;266;155;265;100;2,28;18,02;0;2,11;80,74;82,74;23,31;22,41
1;Syngovia;pair;294;70;266;387;3570;100;2,12;3,89;131,82;5,42;105,74;111,74;148,98;143,26
1;Syngovia;state;295;63;235;16;159;100;1,77;2,23;0;0,38;112,74;112,74;4,67;4,37
1;Syngovia;transition;295;63;235;128;234;100;1,76;14,88;0;1,95;117,74;118,74;19,2;18,59
1;Syngovia;pair;295;63;235;372;3509;100;1,99;3,74;128,21;4,91;141,74;146,74;144,58;138,85
1;Syngovia;state;296;59;227;16;155;100;1,66;2,18;0;0,26;148,74;148,74;4,4;4,11
1;Syngovia;transition;296;59;227;126;226;100;1,57;14,57;0;1,63;152,74;153,74;18,27;17,77
1;Syngovia;pair;296;59;227;320;2939;100;1,63;2,79;86,75;3,95;171,74;176,74;99,13;95,12
1;Syngovia;state;297;63;235;16;159;100;1,8;1,98;0;0,34;178,74;178,74;4,38;4,12
1;Syngovia;transition;297;63;235;128;234;100;1,57;13,05;0;1,89;182,74;184,74;17,06;16,51
1;Syngovia;pair;297;63;235;372;3509;100;1,67;3,63;108,84;4,85;190,03;32,03;123,93;119
1;Syngovia;state;298;70;275;18;180;100;2,38;2,5;0;0,43;34,03;34,03;5,62;5,32
1;Syngovia;transition;298;70;275;164;274;100;1,98;22,51;0;2,5;40,03;41,03;27,61;26,98
1;Syngovia;pair;298;70;275;418;3816;100;2,28;4,6;182,14;9,52;67,03;73,03;206,13;198,54
1;Syngovia;state;299;70;267;18;180;100;3,05;3,7;0;0,57;75,03;75,03;7,67;7,31
1;Syngovia;transition;299;70;267;156;266;100;2,96;27,48;0;2,11;80,03;82,03;33,18;32,55
1;Syngovia;pair;299;70;267;389;3591;100;1,92;3,57;153,01;7,34;105,03;111,03;171,34;165,83
1;Syngovia;state;300;63;235;16;159;100;2,19;2,67;0;0,44;113,03;113,03;5,69;5,3
1;Syngovia;transition;300;63;235;128;234;100;2,01;14,08;0;1,83;117,03;119,03;18,43;17,92
1;Syngovia;pair;300;63;235;372;3509;100;1,56;2,97;127,73;5,38;141,03;146,03;141,89;137,64
1;Syngovia;state;301;70;277;18;180;100;1,63;3,09;0;0,44;148,03;148,03;5,46;5,16
1;Syngovia;transition;301;70;277;166;276;100;2,77;21,1;0;2,83;154,03;155,03;27,35;26,71
1;Syngovia;pair;301;70;277;425;3883;100;2,51;4,11;170,14;5,83;182,03;188,03;188,35;182,58
1;Syngovia;state;302;70;266;18;180;100;1,99;4,17;0;0,32;190,03;9,33;6,74;6,48
1;Syngovia;transition;302;70;266;155;265;100;2,05;18,98;0;2,08;14,33;16,33;23,82;23,1
1;Syngovia;pair;302;70;266;387;3566;100;1,81;3,93;132,64;5,58;39,33;45,33;149,92;143,95
1;Syngovia;state;303;59;227;16;155;100;1,9;2,24;0;0,36;46,33;47,33;4,8;4,49
1;Syngovia;transition;303;59;227;129;226;100;1,62;12,73;0;1,92;51,33;52,33;16,88;16,27
1;Syngovia;pair;303;59;227;320;2939;100;1,86;2,84;104,69;6,26;70,33;75,33;120,82;115,65
1;Syngovia;state;304;63;235;16;159;100;2,29;2,78;0;0,47;76,33;77,33;5,91;5,54
1;Syngovia;transition;304;63;235;128;234;100;2,21;17,88;0;2,63;81,33;82,33;23,38;22,72
1;Syngovia;pair;304;63;235;372;3509;100;2,16;4,34;142,94;6,04;105,33;110,33;161,37;155,48
1;Syngovia;state;305;59;227;16;155;100;2,1;2,27;0;0,39;112,33;112,33;5,06;4,76
1;Syngovia;transition;305;59;227;126;226;100;2,07;15,99;0;2,25;116,33;117,33;20,89;20,32
1;Syngovia;pair;305;59;227;320;2939;100;2,08;3,72;88,55;4,21;136,33;140,33;103,49;98,56
1;Syngovia;state;306;74;279;18;252;100;2,25;2,54;0;0,45;142,33;142,33;5,49;5,23
1;Syngovia;transition;306;74;279;164;278;100;2,05;38,43;0;3,02;148,33;151,33;44,21;43,5
1;Syngovia;pair;306;74;279;411;5440;100;2,26;5,16;352,16;9,2;179,33;187,33;376,59;368,78
1;Syngovia;state;307;63;231;16;219;100;2,11;5,93;0;0,34;189,33;9,26;8,68;8,37
1;Syngovia;transition;307;63;231;126;230;100;2,31;25,1;0;2,2;14,26;15,26;30,21;29,62
1;Syngovia;pair;307;63;231;313;4142;100;1,89;2,64;217,61;5,63;35,26;41,26;232,03;227,76
1;Syngovia;state;308;63;231;16;219;100;1,85;2,11;0;0,43;43,26;43,26;4,66;4,39
1;Syngovia;transition;308;63;231;126;230;100;1,65;22,72;0;2,26;48,26;50,26;27,17;26,64
1;Syngovia;pair;308;63;231;313;4142;100;1,66;2,98;164,28;5,71;69,26;75,26;180,01;174,63
1;Syngovia;state;309;74;273;18;184;100;2,05;2,54;0;0,35;77,26;77,26;5,18;4,94
1;Syngovia;transition;309;74;273;156;272;100;1,93;18,3;0;2,3;83,26;84,26;23,15;22,53
1;Syngovia;pair;309;74;273;448;4211;100;1,82;4,03;219,51;9,8;113,26;120,26;242,35;235,16
1;Syngovia;state;310;70;269;18;180;100;2,88;3,4;0;0,54;121,26;122,26;7,19;6,82
1;Syngovia;transition;310;70;269;158;268;100;2,77;22,92;0;2,46;127,26;128,26;28,85;28,14
1;Syngovia;pair;310;70;269;395;3647;100;1,91;5,11;162,07;7,29;153,26;158,26;182,49;176,38
1;Syngovia;state;311;59;227;16;155;100;2,21;2,59;0;0,53;160,26;160,26;5,7;5,32
1;Syngovia;transition;311;59;227;126;226;100;2,06;17,25;0;2,49;164,26;165,26;22,7;21,81
1;Syngovia;pair;311;59;227;320;2939;100;2,26;4,43;96,89;4,49;184,26;188,26;113,65;108,07
1;Syngovia;state;312;74;275;18;184;100;3,77;2,69;0;0,39;10,14;10,14;7,12;6,85
1;Syngovia;transition;312;74;275;158;274;100;1,86;19,56;0;2,93;16,14;17,14;25,01;24,35
1;Syngovia;pair;312;74;275;454;4266;100;2,4;5,88;218,17;6,06;47,14;53,14;237,76;232,52
1;Syngovia;state;313;63;235;16;159;100;1,82;2,08;0;0,32;55,14;55,14;4,45;4,21
1;Syngovia;transition;313;63;235;130;234;100;1,82;17,18;0;2,32;60,14;61,14;22,06;21,31
1;Syngovia;pair;313;63;235;372;3509;100;2,54;4,52;150,2;7,43;83,14;89,14;170,76;164,69
1;Syngovia;state;314;70;266;18;180;100;2,63;3,27;0;0,56;90,14;91,14;6,82;6,45
1;Syngovia;transition;314;70;266;155;265;100;2,48;20,56;0;2,82;96,14;97,14;26,54;25,86
1;Syngovia;pair;314;70;266;387;3570;100;2,47;5,26;178,95;7,32;121,14;126,14;200,14;194,01
1;Syngovia;state;315;70;277;18;180;100;2,46;2,88;0;0,41;128,14;128,14;6,09;5,75
1;Syngovia;transition;315;70;277;166;276;100;2,37;24,89;0;3,5;134,14;135,14;31,46;30,76
1;Syngovia;pair;315;70;277;425;3879;100;2,52;5,42;194,01;6,58;162,14;168,14;215,11;208,53
1;Syngovia;state;316;70;275;18;180;100;2,52;2,71;0;0,45;170,14;170,14;6,06;5,69
1;Syngovia;transition;316;70;275;164;274;100;2,23;21,34;0;2,76;175,14;177,14;27,01;26,33
1;Syngovia;pair;316;70;275;418;3820;100;2,21;4,35;182,48;7,56;190,37;30,37;202,52;196,6
1;Syngovia;state;317;74;280;18;252;100;2,59;2,99;0;0,59;32,37;32,37;6,56;6,18
1;Syngovia;transition;317;74;280;165;279;100;2,48;46,92;0;3,6;38,37;40,37;53,79;53
1;Syngovia;pair;317;74;280;415;5478;100;2,23;4,11;388,72;10,7;69,37;77,37;413,14;405,76
1;Syngovia;state;318;74;272;18;252;100;3,11;3,38;0;0,62;79,37;79,37;7,43;7,1
1;Syngovia;transition;318;74;272;157;271;100;2,79;41,64;0;3,19;85,37;87,37;48,51;47,62
1;Syngovia;pair;318;74;272;391;5162;100;2,79;5,43;342,87;8,79;114,37;121,37;367,57;359,88
1;Syngovia;state;319;70;266;18;180;100;2,41;3,38;0;0,49;123,37;123,37;6,61;6,28
1;Syngovia;transition;319;70;266;155;265;100;2,45;23,79;0;3,21;128,37;129,37;30,33;29,46
1;Syngovia;pair;319;70;266;387;3566;100;2,69;5,61;172,56;6,71;153,37;158,37;193,91;187,58
1;Syngovia;state;320;74;274;18;184;100;2,52;3,06;0;0,51;160,37;161,37;6,44;6,08
1;Syngovia;transition;320;74;274;157;273;100;2,53;22,68;0;2,78;166,37;167,37;28,66;27,98
1;Syngovia;pair;320;74;274;448;4227;100;2,84;6,13;213,76;9,47;189,89;24,89;239,29;232,2
1;Syngovia;state;321;70;269;18;180;100;2,52;2,46;0;0,56;26,89;26,89;5,9;5,54
1;Syngovia;transition;321;70;269;158;268;100;2,26;21,75;0;2,62;31,89;33,89;27,35;26,64
1;Syngovia;pair;321;70;269;395;3647;100;1,98;4,56;168,98;5,47;57,89;62,89;190,85;180,99
1;Syngovia;state;322;74;271;18;252;100;2,4;2,55;0;0,5;64,89;65,89;5,7;5,44
1;Syngovia;transition;322;74;271;156;270;100;2,25;36,73;0;3,31;71,89;73,89;42,97;42,28
1;Syngovia;pair;322;74;271;387;5114;100;2,48;4,09;329,55;7,47;99,89;106,89;349,95;343,58
1;Syngovia;state;323;74;281;18;184;100;2,23;2,47;0;0,44;108,89;108,89;5,43;5,13
1;Syngovia;transition;323;74;281;164;280;100;2,23;20,78;0;2,74;114,89;115,89;26,32;25,75
1;Syngovia;pair;323;74;281;468;4423;100;2,31;4,56;228,02;7,38;146,89;153,89;248,31;242,26
1;Syngovia;state;324;74;281;18;252;100;2,66;2,92;0;0,47;155,89;155,89;6,44;6,05
1;Syngovia;transition;324;74;281;166;280;100;2,33;43,25;0;4,32;161,89;164,89;50,8;49,9
1;Syngovia;pair;324;74;281;418;5523;100;2,73;5,51;382,94;8,75;190,89;22,46;406,92;399,93
1;Syngovia;state;325;59;227;16;155;100;1,92;2,54;0;0,4;24,46;24,46;5,18;4,86
1;Syngovia;transition;325;59;227;126;226;100;2,08;16,63;0;2,59;29,46;30,46;21,97;21,3
1;Syngovia;pair;325;59;227;320;2939;100;2,17;3,96;93,82;5,43;48,46;52,46;110,28;105,38
1;Syngovia;state;326;74;275;18;184;100;2,81;3,62;0;0,53;54,46;55,46;7,31;6,96
1;Syngovia;transition;326;74;275;158;274;100;2,59;20,38;0;2,87;60,46;61,46;26,57;25,84
1;Syngovia;pair;326;74;275;454;4261;100;2,2;4,51;205,18;5,8;91,46;97,46;223,59;217,69
1;Syngovia;state;327;74;276;18;184;100;2,66;3,05;0;0,55;99,46;99,46;6,65;6,26
1;Syngovia;transition;327;74;276;159;275;100;2,5;22,7;0;2,69;105,46;106,46;28,63;27,88
1;Syngovia;pair;327;74;276;453;4282;100;1,79;4,19;216,58;6,83;136,46;142,46;236,1;229,39
1;Syngovia;state;328;74;272;18;252;100;2,37;2,66;0;0,46;144,46;145,46;5,82;5,49
1;Syngovia;transition;328;74;272;157;271;100;2,41;38,72;0;3,19;151,46;153,46;45,05;44,31
1;Syngovia;pair;328;74;272;391;5162;100;2,08;3,87;338,41;6,74;179,46;186,46;356,97;351,1
1;Syngovia;state;329;63;231;16;219;100;1,79;1,93;0;0,29;188,46;188,46;4,21;4,01
1;Syngovia;transition;329;63;231;126;230;100;4,17;23,61;0;2,43;13,33;15,33;30,82;30,21
1;Syngovia;pair;329;63;231;313;4142;100;2,01;3,47;172,08;6,86;35,33;41,33;190,11;184,42
1;Syngovia;state;330;74;270;18;252;100;2,59;3,11;0;0,54;43,33;43,33;6,65;6,24
1;Syngovia;transition;330;74;270;155;269;100;2,69;36,29;0;2,97;49,33;51,33;42,63;41,96
1;Syngovia;pair;330;74;270;384;5068;100;2,02;3,86;309,18;7,65;76,33;84,33;329,51;322,71
1;Syngovia;state;331;70;264;18;180;100;2,27;2,31;0;0,39;85,33;86,33;5,28;4,96
1;Syngovia;transition;331;70;264;153;263;100;2,13;20,79;0;3,13;91,33;92,33;26,96;26,05
1;Syngovia;pair;331;70;264;382;3517;100;1,91;4,21;169,37;7,66;115,33;121,33;189,24;183,15
1;Syngovia;state;332;70;277;18;180;100;2,47;3,13;0;0,52;123,33;123,33;6,43;6,11
1;Syngovia;transition;332;70;277;166;276;100;2,64;25,63;0;3,14;128,33;130,33;32,15;31,41
1;Syngovia;pair;332;70;277;424;3872;100;2,4;5,35;198,59;8,18;156,33;162,33;221,56;214,53
1;Syngovia;state;333;63;235;16;159;100;2,24;2,33;0;0,3;164,33;164,33;5,11;4,87
1;Syngovia;transition;333;63;235;128;234;100;1,99;19,11;0;2,88;169,33;170,33;24,67;23,98
1;Syngovia;pair;333;63;235;372;3509;100;2,25;4,59;133,59;5,93;190,72;18,72;151,66;146,37
1;Syngovia;state;334;70;269;18;180;100;2,26;2,4;0;0,33;20,72;21,72;5,27;4,99
1;Syngovia;transition;334;70;269;158;268;100;1,9;22,82;0;3,01;26,72;27,72;28,41;27,73
1;Syngovia;pair;334;70;269;395;3647;100;2,62;5,59;157,96;5,91;52,72;57,72;178,64;172,08
1;Syngovia;state;335;70;275;18;180;100;2,54;2,87;0;0,49;59,72;59,72;6,51;5,9
1;Syngovia;transition;335;70;275;164;274;100;2,18;21,46;0;2,71;65,72;66,72;27,12;26,35
1;Syngovia;pair;335;70;275;418;3820;100;2,36;5,69;178,01;6,8;92,72;98,72;199;192,87
1;Syngovia;state;336;70;266;18;180;100;1,93;2,55;0;0,39;100,72;100,72;5,16;4,86
1;Syngovia;transition;336;70;266;155;265;100;1,98;20,22;0;2,73;105,72;107,72;25,58;24,93
1;Syngovia;pair;336;70;266;387;3566;100;2,29;3,93;168,91;5,54;130,72;135,72;187,04;180,67
1;Syngovia;state;337;74;269;18;252;100;2,28;3,17;0;0,65;137,72;138,72;6,48;6,1
1;Syngovia;transition;337;74;269;154;268;100;2,58;44,41;0;4,66;144,72;146,72;52,48;51,66
1;Syngovia;pair;337;74;269;381;5028;100;2,77;3,69;299,19;8,94;171,72;178,72;321,52;314,59
1;Syngovia;state;338;70;273;18;180;100;2,71;3,28;0;0,51;180,72;180,72;6,82;6,51
1;Syngovia;transition;338;70;273;162;272;100;2,57;20,48;0;2,81;185,72;187,72;26,53;25,85
1;Syngovia;pair;338;70;273;413;3769;100;2,67;3,84;169,85;5,82;189,72;38,41;189,68;182,19
1;Syngovia;state;339;59;227;16;155;100;2,02;2,48;0;0,37;40,41;40,41;5,19;4,87
1;Syngovia;transition;339;59;227;126;226;100;2,08;13,81;0;1,67;44,41;46,41;18,1;17,56
1;Syngovia;pair;339;59;227;320;2939;100;2,09;3,81;99,3;4,54;64,41;68,41;114,51;109,74
1;Syngovia;state;340;74;274;18;184;100;2,11;2,71;0;0,36;70,41;70,41;5,43;5,17
1;Syngovia;transition;340;74;274;157;273;100;2,09;19,55;0;2,14;76,41;77,41;24,33;23,78
1;Syngovia;pair;340;74;274;447;4230;100;2,17;4,4;185,86;7,19;106,41;113,41;207,17;199,62
1;Syngovia;state;341;63;235;16;159;100;1,71;1,99;0;0,32;114,41;115,41;4,23;4,02
1;Syngovia;transition;341;63;235;128;234;100;1,59;14,56;0;2,32;119,41;120,41;19,17;18,47
1;Syngovia;pair;341;63;235;372;3509;100;2,44;3,89;129,64;4,87;143,41;148,41;146,39;140,85
1;Syngovia;state;342;70;275;18;180;100;2,52;2,89;0;0,34;150,41;150,41;6,05;5,75
1;Syngovia;transition;342;70;275;164;274;100;2,77;31,59;0;5,18;155,41;157,41;40,53;39,54
1;Syngovia;pair;342;70;275;418;3816;100;3,59;6,54;178,4;7,18;183,41;189,41;203,47;195,7
1;Syngovia;state;343;74;274;18;184;100;2,28;2,45;0;0,43;11,28;11,28;5,46;5,16
1;Syngovia;transition;343;74;274;157;273;100;2,28;23,87;0;3,34;16,28;18,28;30,33;29,49
1;Syngovia;pair;343;74;274;448;4227;100;2,58;5,75;203,9;5,79;47,28;53,28;224,32;218,03
1;Syngovia;state;344;74;277;18;184;100;2,45;2,4;0;0,31;55,28;55,28;5,41;5,16
1;Syngovia;transition;344;74;277;160;276;100;2,52;23,59;0;3,03;61,28;62,28;29,84;29,14
1;Syngovia;pair;344;74;277;458;4317;100;2,21;5,13;234,99;7,3;92,28;99,28;255,57;249,63
1;Syngovia;state;345;74;274;18;184;100;2,35;2,77;0;0,45;101,28;101,28;5,86;5,56
1;Syngovia;transition;345;74;274;157;273;100;2,22;23,25;0;3,01;106,28;108,28;29,37;28,49
1;Syngovia;pair;345;74;274;450;4225;100;2,29;4,22;195,77;6,56;137,28;143,28;214,86;208,83
1;Syngovia;state;346;74;272;18;252;100;2,27;2,76;0;0,54;145,28;145,28;5,89;5,57
1;Syngovia;transition;346;74;272;157;271;100;2,17;41,02;0;4,48;151,28;154,28;48,52;47,68
1;Syngovia;pair;346;74;272;390;5156;100;2,38;3,94;310,56;6,99;180,28;187,28;329,98;323,87
1;Syngovia;state;347;70;274;18;180;100;1,75;4,19;0;0,35;189,28;9,27;6,57;6,29
1;Syngovia;transition;347;70;274;163;273;100;2,43;19,35;0;3,03;15,27;16,27;25,4;24,8
1;Syngovia;pair;347;70;274;414;3789;100;1,79;3,93;151,77;6,86;42,27;48,27;170,34;164,35
1;Syngovia;state;348;74;274;18;184;100;1,99;2,49;0;0,4;50,27;50,27;5,12;4,88
1;Syngovia;transition;348;74;274;157;273;100;2,05;19,01;0;2,3;55,27;57,27;24,05;23,37
1;Syngovia;pair;348;74;274;451;4236;100;2,03;4,31;188,96;6,22;86,27;92,27;207,22;201,52
1;Syngovia;state;349;63;235;16;159;100;1,86;2,31;0;0,29;94,27;94,27;4,73;4,46
1;Syngovia;transition;349;63;235;128;234;100;1,73;13,36;0;1,72;99,27;100,27;17,26;16,81
1;Syngovia;pair;349;63;235;372;3509;100;2,04;3,02;143,9;7,21;122,27;128,27;161,17;156,17
1;Syngovia;state;350;63;235;16;159;100;2,09;2,76;0;0,44;129,27;130,27;5,59;5,29
1;Syngovia;transition;350;63;235;128;234;100;2,32;17,85;0;2,75;134,27;135,27;23,63;22,93
1;Syngovia;pair;350;63;235;372;3509;100;2,38;4,31;122,28;7,95;158,27;163,27;143,17;136,92
1;Syngovia;state;351;63;231;16;219;100;2,28;2,79;0;0,52;165,27;165,27;5,92;5,59
1;Syngovia;transition;351;63;231;126;230;100;2,36;30,4;0;3,81;170,27;172,27;37,26;36,57
1;Syngovia;pair;351;63;231;313;4142;100;2,29;4,27;188,93;5,53;190,91;18,91;207,14;201,02
1;Syngovia;state;352;74;285;18;184;100;2,27;2,68;0;0,38;20,91;20,91;5,57;5,33
1;Syngovia;transition;352;74;285;168;284;100;2,08;24,11;0;2,21;26,91;28,91;28,91;28,4
1;Syngovia;pair;352;74;285;483;4538;100;2,22;4,87;216,74;6,47;60,91;67,91;236,22;230,3
1;Syngovia;state;353;74;285;18;184;100;2,15;2,42;0;0,33;69,91;69,91;5,1;4,91
1;Syngovia;transition;353;74;285;168;284;100;1,95;26,27;0;2,56;75,91;76,91;31,37;30,79
1;Syngovia;pair;353;74;285;482;4543;100;1,98;4,47;238,7;8,92;109,91;116,91;260,83;254,07
1;Syngovia;state;354;70;273;18;180;100;2,56;3,06;0;0,52;118,91;118,91;6,48;6,13
1;Syngovia;transition;354;70;273;162;272;100;2,44;20,14;0;2,65;123,91;125,91;25,82;25,22
1;Syngovia;pair;354;70;273;412;3768;100;2,34;4,33;157,46;5,69;150,91;156,91;175,46;169,82
1;Syngovia;state;355;74;270;18;252;100;2,22;2,42;0;0,38;158,91;158,91;5,26;5,02
1;Syngovia;transition;355;74;270;155;269;100;2,29;35,74;0;3,13;164,91;166,91;41,77;41,17
1;Syngovia;pair;355;74;270;384;5068;100;1,96;3,73;300,41;7,3;190,91;21,34;320,23;313,41
1;Syngovia;state;356;74;282;18;184;100;2,45;2,51;0;0,38;23,34;23,34;5,6;5,35
1;Syngovia;transition;356;74;282;165;281;100;2,09;20,69;0;2,34;29,34;30,34;25,66;25,13
1;Syngovia;pair;356;74;282;473;4453;100;2,14;4,18;210,4;7,86;62,34;68,34;230,51;224,58
1;Syngovia;state;357;74;269;18;252;100;2,59;2,72;0;0,41;70,34;71,34;6;5,72
1;Syngovia;transition;357;74;269;154;268;100;2,06;39,84;0;3,24;76,34;78,34;45,92;45,14
1;Syngovia;pair;357;74;269;381;5028;100;1,87;4,14;296,45;7,19;104,34;111,34;315,73;309,66
1;Syngovia;state;358;74;273;18;252;100;2,23;2,59;0;0,5;113,34;113,34;5,62;5,32
1;Syngovia;transition;358;74;273;158;272;100;2,24;40,8;0;4,61;119,34;121,34;48,39;47,65
1;Syngovia;pair;358;74;273;394;5202;100;2,68;3,33;318,87;7,19;148,34;155,34;338,01;332,07
1;Syngovia;state;359;74;271;18;252;100;2,24;2,63;0;0,39;157,34;158,34;5,49;5,26
1;Syngovia;transition;359;74;271;156;270;100;2,45;35,42;0;2,93;163,34;166,34;41,45;40,81
1;Syngovia;pair;359;74;271;387;5108;100;2,16;4,02;394,46;6,41;189,42;21,42;412,95;407,06
1;Syngovia;state;360;74;274;18;184;100;2,01;2,72;0;0,52;23,42;23,42;5,6;5,25
1;Syngovia;transition;360;74;274;157;273;100;2,34;20,97;0;2,53;28,42;30,42;26,66;25,84
1;Syngovia;pair;360;74;274;450;4225;100;4,63;6,11;263,81;7,99;59,42;65,42;289,46;282,54
1;Syngovia;state;361;74;282;18;184;100;2,55;3,48;0;0,5;67,42;67,42;6,85;6,54
1;Syngovia;transition;361;74;282;165;281;100;2,76;25,89;0;2,76;73,42;75,42;32,15;31,41
1;Syngovia;pair;361;74;282;472;4460;100;2,35;5,49;232,74;9,32;106,42;113,42;256,9;249,9
1;Syngovia;state;362;63;231;16;219;100;2,19;2,79;0;0,51;114,42;115,42;5,79;5,48
1;Syngovia;transition;362;63;231;126;230;100;2,15;29,29;0;3,24;119,42;121,42;35,48;34,68
1;Syngovia;pair;362;63;231;313;4142;100;2,27;3,81;190,52;6,45;141,42;147,42;208,95;203,05
1;Syngovia;state;363;63;235;16;159;100;1,67;2,85;0;0,32;149,42;149,42;5,1;4,84
1;Syngovia;transition;363;63;235;128;234;100;1,89;16,37;0;2,09;153,42;154,42;21,01;20,35
1;Syngovia;pair;363;63;235;372;3509;100;2,1;3,95;131,31;5,78;177,42;182,42;148,19;143,15
1;Syngovia;state;364;70;270;18;180;100;2,48;2,7;0;0,48;184,42;184,42;5,98;5,67
1;Syngovia;transition;364;70;270;159;269;100;2,71;38,91;0;2,82;189,72;11,72;45,16;44,44
1;Syngovia;pair;364;70;270;401;3678;100;2,52;5,05;169,88;5,53;36,72;41,72;189,54;182,97
1;Syngovia;state;365;74;276;18;184;100;1,96;2,92;0;0,33;43,72;43,72;5,47;5,21
1;Syngovia;transition;365;74;276;159;275;100;2,38;20,5;0;2,41;49,72;50,72;25,98;25,29
1;Syngovia;pair;365;74;276;453;4282;100;2,2;4,7;214,65;6,56;80,72;86,72;234,25;228,1
1;Syngovia;state;366;59;227;16;155;100;1,87;2,23;0;0,35;88,72;88,72;4,7;4,45
1;Syngovia;transition;366;59;227;126;226;100;1,86;14,61;0;2,05;92,72;94,72;19,04;18,51
1;Syngovia;pair;366;59;227;320;2939;100;2,14;3,99;104,57;5,62;112,72;116,72;122,65;116,32
1;Syngovia;state;367;63;235;16;159;100;2,15;2,66;0;0,3;118,72;118,72;5,39;5,11
1;Syngovia;transition;367;63;235;128;234;100;2,03;16,94;0;2,57;123,72;124,72;22,24;21,53
1;Syngovia;pair;367;63;235;372;3509;100;2,35;4,15;141,91;6,49;146,72;152,72;160,03;154,89
1;Syngovia;state;368;74;279;18;252;100;3,62;3,41;0;0,55;154,72;154,72;7,89;7,57
1;Syngovia;transition;368;74;279;164;278;100;2,71;47,81;0;4,2;160,72;162,72;55,52;54,72
1;Syngovia;pair;368;74;279;411;5440;100;2,67;5,51;419,96;8,44;190,72;19,53;443,51;436,59
1;Syngovia;state;369;74;279;18;252;100;2,67;3,12;0;0,51;21,53;22,53;6,64;6,31
1;Syngovia;transition;369;74;279;164;278;100;2,42;44,24;0;4,29;28,53;30,53;52,15;50,95
1;Syngovia;pair;369;74;279;412;5451;100;2,83;5,85;353,67;8,44;59,53;66,53;378,19;370,79
1;Syngovia;state;370;74;271;18;252;100;2,71;3;0;0,5;68,53;69,53;6,48;6,21
1;Syngovia;transition;370;74;271;156;270;100;2,38;35,37;0;3,52;75,53;77,53;41,95;41,28
1;Syngovia;pair;370;74;271;387;5108;100;2,01;4,44;332,19;7,89;103,53;110,53;353,33;346,51
1;Syngovia;state;371;74;269;18;252;100;2,44;2,59;0;0,45;112,53;112,53;5,78;5,48
1;Syngovia;transition;371;74;269;154;268;100;2,17;34,63;0;3,25;118,53;120,53;40,81;40,05
1;Syngovia;pair;371;74;269;381;5028;100;2,25;3,73;366,04;9,12;145,53;152,53;388,12;381,14
1;Syngovia;state;372;70;265;18;180;100;2,68;3,05;0;0,53;154,53;154,53;6,6;6,26
1;Syngovia;transition;372;70;265;154;264;100;2,45;24,46;0;3,13;160,53;161,53;30,77;30,04
1;Syngovia;pair;372;70;265;384;3542;100;2,55;5,2;181,41;8,1;184,53;189,53;202,98;197,26
1;Syngovia;state;373;70;276;18;180;100;2,26;2,65;0;0,34;12,26;12,26;5,54;5,26
1;Syngovia;transition;373;70;276;165;275;100;2,03;25,44;0;3,05;17,26;19,26;31,19;30,52
1;Syngovia;pair;373;70;276;422;3853;100;2,63;5,53;164,55;7,09;45,26;51,26;185,94;179,8
1;Syngovia;state;374;74;281;18;184;100;2,07;2,62;0;0,52;53,26;53,26;5,52;5,21
1;Syngovia;transition;374;74;281;164;280;100;2,65;26,11;0;3,42;59,26;60,26;32,9;32,19
1;Syngovia;pair;374;74;281;467;4421;100;2,72;4,89;200,3;7,54;91,26;98,26;222,3;215,46
1;Syngovia;state;375;63;231;16;219;100;1,78;2,25;0;0,36;100,26;100,26;4,66;4,39
1;Syngovia;transition;375;63;231;126;230;100;1,97;22,86;0;2,59;105,26;107,26;27,98;27,43
1;Syngovia;pair;375;63;231;313;4142;100;1,84;3,22;158,1;5,21;126,26;132,26;173,33;168,37
1;Syngovia;state;376;70;263;18;180;100;1,99;2,16;0;0,3;134,26;134,26;4,63;4,44
1;Syngovia;transition;376;70;263;152;262;100;1,78;15,96;0;2,09;139,26;141,26;20,34;19,83
1;Syngovia;pair;376;70;263;378;3485;100;1,82;3,17;112,78;5,45;164,26;169,26;128,13;123,22
1;Syngovia;state;377;70;272;18;180;100;1,88;2,14;0;0,3;171,26;171,26;4,53;4,32
1;Syngovia;transition;377;70;272;161;271;100;1,61;19,95;0;2,4;176,26;178,26;24,55;23,96
1;Syngovia;pair;377;70;272;410;3743;100;1,96;4,51;143,72;5,09;190,33;30,33;160,75;155,27
1;Syngovia;state;378;74;278;18;252;100;2,13;2,51;0;0,45;32,33;32,33;5,34;5,09
1;Syngovia;transition;378;74;278;163;277;100;2,15;37,38;0;3,32;38,33;40,33;43,57;42,86
1;Syngovia;pair;378;74;278;409;5402;100;2,18;3,8;346,92;6,44;68,33;76,33;365,74;359,34
1;Syngovia;state;379;70;270;18;180;100;2,06;2,08;0;0,34;78,33;78,33;4,69;4,49
1;Syngovia;transition;379;70;270;159;269;100;1,81;18,89;0;2,84;83,33;85,33;24,17;23,54
1;Syngovia;pair;379;70;270;401;3678;100;2,06;3,67;175,11;7,88;109,33;115,33;194,83;188,72
1;Syngovia;state;380;59;227;16;155;100;2,24;2,6;0;0,43;117,33;117,33;5,59;5,27
1;Syngovia;transition;380;59;227;126;226;100;2,08;16,89;0;2,72;121,33;122,33;22,35;21,69
1;Syngovia;pair;380;59;227;320;2939;100;2,34;4,01;87,78;4,09;140,33;145,33;103,07;98,22
1;Syngovia;state;381;70;273;18;180;100;2,09;2,32;0;0,37;147,33;147,33;5,05;4,79
1;Syngovia;transition;381;70;273;162;272;100;1,73;18,75;0;2,61;152,33;154,33;23,69;23,09
1;Syngovia;pair;381;70;273;412;3768;100;2,06;3,98;163,2;6,31;179,33;185,33;181,04;175,55
1;Syngovia;state;382;74;276;18;184;100;2,49;3,17;0;0,46;187,33;187,33;6,47;6,13
1;Syngovia;transition;382;74;276;159;275;100;2,69;20,83;0;2,11;189,33;14,33;26,2;25,63
1;Syngovia;pair;382;74;276;456;4291;100;2,09;4,08;190,19;5,58;44,33;50,33;207,89;201,94
1;Syngovia;state;383;74;271;18;252;100;2,51;2,67;0;0,54;52,33;53,33;6,06;5,72
1;Syngovia;transition;383;74;271;156;270;100;2;32,56;0;2,9;59,33;61,33;38,1;37,46
1;Syngovia;pair;383;74;271;387;5108;100;2,14;4,83;345,04;5,71;87,33;94,33;363,69;357,72
1;Syngovia;state;384;63;231;16;219;100;2,09;2,21;0;0,34;96,33;96,33;4,86;4,64
1;Syngovia;transition;384;63;231;126;230;100;1,8;21,51;0;2,11;101,33;102,33;25,96;25,41
1;Syngovia;pair;384;63;231;313;4142;100;1,39;2,81;170,68;5,12;122,33;128,33;185,68;180
1;Syngovia;state;385;63;235;16;159;100;1,99;2,34;0;0,36;130,33;130,33;4,96;4,69
1;Syngovia;transition;385;63;235;130;234;100;1,58;12,78;0;1,73;135,33;136,33;16,53;16,09
1;Syngovia;pair;385;63;235;372;3509;100;1,77;3,17;122,47;6,54;158,33;164,33;138,94;133,96
1;Syngovia;state;386;74;270;18;252;100;2,35;2,56;0;0,45;165,33;166,33;5,64;5,36
1;Syngovia;transition;386;74;270;155;269;100;2,04;34,4;0;2,77;172,33;174,33;39,8;39,21
1;Syngovia;pair;386;74;270;384;5071;100;2,04;3,63;268,31;6,46;190,8;28,8;286,2;280,44
1;Syngovia;state;387;59;227;16;155;100;1,54;2,21;0;0,45;29,8;29,8;4,44;4,19
1;Syngovia;transition;387;59;227;126;226;100;2,19;13,21;0;1,71;34,8;35,8;17,71;17,11
1;Syngovia;pair;387;59;227;320;2939;100;1,64;3,67;86,45;4,66;53,8;58,8;101,01;96,43
1;Syngovia;state;388;63;231;16;219;100;2,3;2,77;0;0,5;59,8;60,8;5,83;5,57
1;Syngovia;transition;388;63;231;126;230;100;2,22;25,15;0;2,19;64,8;66,8;30,1;29,56
1;Syngovia;pair;388;63;231;313;4142;100;1,66;2,41;163,15;5,23;86,8;92,8;176,8;172,45
1;Syngovia;state;389;70;273;18;180;100;2,15;2,32;0;0,42;94,8;94,8;5,16;4,9
1;Syngovia;transition;389;70;273;162;272;100;2,05;19,79;0;2,32;99,8;101,8;24,86;24,16
1;Syngovia;pair;389;70;273;412;3768;100;2,35;3,96;154,65;6,14;126,8;132,8;172,57;167,1
1;Syngovia;state;390;63;235;16;159;100;1,73;2,37;0;0,4;134,8;134,8;4,82;4,5
1;Syngovia;transition;390;63;235;128;234;100;1,74;14,36;0;2,02;138,8;140,8;18,61;18,12
1;Syngovia;pair;390;63;235;372;3509;100;1,71;3,22;125,83;5,19;162,8;167,8;140,6;135,95
1;Syngovia;state;391;63;235;16;159;100;1,81;2,12;0;0,39;169,8;169,8;4,57;4,32
1;Syngovia;transition;391;63;235;130;234;100;1,84;13,37;0;1,86;174,8;175,8;17,54;17,07
1;Syngovia;pair;391;63;235;372;3509;100;1,76;3,43;188,59;5,93;189,8;24,49;204,77;199,71
1;Syngovia;state;392;74;277;18;184;100;2,43;2,9;0;0,45;26,49;26,49;6,07;5,78
1;Syngovia;transition;392;74;277;160;276;100;2,23;22,02;0;2,63;31,49;33,49;27,56;26,88
1;Syngovia;pair;392;74;277;458;4317;100;2,74;4,61;248,46;6,63;63,49;69,49;268,57;262,43
1;Syngovia;state;393;63;235;16;159;100;1,74;2,33;0;0,32;71,49;71,49;4,61;4,39
1;Syngovia;transition;393;63;235;130;234;100;1,98;14,32;0;2,15;76,49;77,49;19,01;18,45
1;Syngovia;pair;393;63;235;372;3509;100;1,75;3,24;133,33;6,33;100,49;105,49;150,46;144,65
1;Syngovia;state;394;70;274;18;180;100;2,43;2,93;0;0,36;107,49;107,49;5,95;5,71
1;Syngovia;transition;394;70;274;163;273;100;2,51;25,49;0;3,4;112,49;114,49;32,08;31,4
1;Syngovia;pair;394;70;274;413;3790;100;2,56;5,98;215,41;8,73;140,49;145,49;239,87;232,68
1;Syngovia;state;395;74;276;18;184;100;2,84;3,39;0;0,55;147,49;147,49;7,14;6,78
1;Syngovia;transition;395;74;276;159;275;100;2,68;26,25;0;3,62;153,49;154,49;33,27;32,56
1;Syngovia;pair;395;74;276;456;4291;100;2,8;6,26;256,67;8,84;184,49;189,49;282,15;274,57
1;Syngovia;state;396;70;275;18;180;100;2,31;3,13;0;0,4;13,34;13,34;6,09;5,84
1;Syngovia;transition;396;70;275;164;274;100;2,23;21,64;0;3,33;18,34;20,34;27,95;27,2
1;Syngovia;pair;396;70;275;416;3810;100;2,28;4,15;170,84;5,89;46,34;51,34;188,62;183,16
1;Syngovia;state;397;74;273;18;184;100;2,11;2,6;0;0,32;53,34;54,34;5,22;5,03
1;Syngovia;transition;397;74;273;156;272;100;1,84;20,97;0;3,26;59,34;60,34;26,75;26,07
1;Syngovia;pair;397;74;273;445;4205;100;2,25;4,37;213,55;6,46;89,34;96,34;232,59;226,64
1;Syngovia;state;398;59;227;16;155;100;1,69;2,09;0;0,32;97,34;97,34;4,34;4,1
1;Syngovia;transition;398;59;227;126;226;100;1,98;13,62;0;1,88;102,34;103,34;18;17,49
1;Syngovia;pair;398;59;227;320;2939;100;1,64;3,57;106,81;6,96;121,34;125,34;124,23;118,98
1;Syngovia;state;399;74;281;18;252;100;2,67;3,54;0;0,61;127,34;128,34;7,13;6,82
1;Syngovia;transition;399;74;281;166;280;100;2,79;53,11;0;3,6;134,34;136,34;60,15;59,51
1;Syngovia;pair;399;74;281;417;5520;100;2,36;4,84;389,68;8,7;165,34;173,34;412,56;405,58
1;Syngovia;state;400;63;231;16;219;100;2,08;3,32;0;0,48;175,34;175,34;6,2;5,87
1;Syngovia;transition;400;63;231;126;230;100;2,31;27,11;0;2,52;180,34;182,34;32,64;31,94
1;Syngovia;pair;400;63;231;313;4142;100;1,75;3,64;172,96;7,86;190,34;28,15;191,92;186,21
