RunID;SPL Name;Coverage Type;Product Index;FTS States;FTS Transitions;Test Cases;Total Test Actions;Coverage(%);Projection Time(ms);Test Generation Time(ms);Transformation Time(ms);Test Execution Time(ms);Test Generation Peak Memory(MB);Test Execution Peak Memory(MB);Wall Clock Time(ms);Segment Sum Time(ms)
10;Syngovia;state;1;74;271;18;184;100;39,89;23,21;0;7,51;12,49;12,49;75,69;70,61
10;Syngovia;transition;1;74;271;154;270;100;9,06;82,13;0;13,55;18,49;20,49;109,3;104,73
10;Syngovia;pair;1;74;271;442;4159;100;5,82;13,64;303,08;15,88;49,49;22,3;378,97;338,41
10;Syngovia;state;2;70;274;18;180;100;4,93;7,59;0;0,77;24,3;25,3;15,26;13,29
10;Syngovia;transition;2;70;274;163;273;100;4,51;38,46;0;3,89;30,3;32,3;50,88;46,86
10;Syngovia;pair;2;70;274;416;3795;100;4,12;8,77;212,88;13,13;59,3;67,3;260,38;238,89
10;Syngovia;state;3;63;231;16;219;100;4,48;6,87;0;0,78;69,3;69,3;13,76;12,13
10;Syngovia;transition;3;63;231;126;230;100;4,34;44,9;0;3,49;73,93;10,93;55,35;52,73
10;Syngovia;pair;3;63;231;313;4142;100;3,76;4,56;215,62;9,07;30,93;37,93;247,8;233,02
10;Syngovia;state;4;74;283;18;184;100;4,1;5,68;0;0,63;39,93;39,93;11,6;10,41
10;Syngovia;transition;4;74;283;166;282;100;3,92;31,06;0;3,91;45,93;47,93;41,84;38,9
10;Syngovia;pair;4;74;283;477;4486;100;3,98;7,53;288,89;11,99;79,93;86,93;327,63;312,39
10;Syngovia;state;5;59;227;16;155;100;3,94;3,98;0;0,4;88,93;88,93;9;8,33
10;Syngovia;transition;5;59;227;126;226;100;3,75;22,22;0;3,14;93,93;94,93;31,44;29,11
10;Syngovia;pair;5;59;227;320;2939;100;4,23;5,96;150,47;9,49;113,93;118,93;181,47;170,15
10;Syngovia;state;6;63;235;16;159;100;3,69;5,17;0;0,62;119,93;120,93;10,54;9,49
10;Syngovia;transition;6;63;235;128;234;100;3,56;24,13;0;3,98;124,93;126,93;33,65;31,67
10;Syngovia;pair;6;63;235;372;3509;100;3,58;6,72;201,85;13,33;149,93;154,93;237,32;225,47
10;Syngovia;state;7;63;231;16;219;100;2,91;3,82;0;0,42;9,6;10,6;8,38;7,15
10;Syngovia;transition;7;63;231;126;230;100;3,18;28,58;0;2,5;15,6;16,6;36,99;34,25
10;Syngovia;pair;7;63;231;313;4142;100;2,76;4,55;199,84;6,05;37,6;43,6;224,06;213,2
10;Syngovia;state;8;74;274;18;184;100;3,66;4,54;0;0,38;45,6;45,6;9,49;8,58
10;Syngovia;transition;8;74;274;157;273;100;3,45;25,41;0;3;50,6;52,6;34,42;31,86
10;Syngovia;pair;8;74;274;450;4225;100;3,29;6,51;231,41;6,67;82,6;88,6;260,16;247,88
10;Syngovia;state;9;70;265;18;180;100;3,13;4,04;0;0,32;90,6;90,6;8,13;7,5
10;Syngovia;transition;9;70;265;154;264;100;3,12;25,38;0;2,69;95,6;97,6;33,78;31,19
10;Syngovia;pair;9;70;265;384;3542;100;4,33;6,7;158,06;5,58;121,6;126,6;185,6;174,67
10;Syngovia;state;10;74;281;18;252;100;3,46;4,56;0;0,52;128,6;129,6;9,53;8,54
10;Syngovia;transition;10;74;281;166;280;100;3,53;53,51;0;3,72;135,6;137,6;64,45;60,75
10;Syngovia;pair;10;74;281;418;5523;100;3,95;6,25;403,13;9,18;157,6;29,21;434,62;422,5
10;Syngovia;state;11;74;273;18;252;100;4,02;4,91;0;0,47;31,21;32,21;10,66;9,4
10;Syngovia;transition;11;74;273;158;272;100;3,56;45,58;0;4,46;38,21;40,21;56,51;53,6
10;Syngovia;pair;11;74;273;393;5200;100;3,39;6,43;378,83;7,89;67,21;75,21;406,43;396,55
10;Syngovia;state;12;74;273;18;184;100;4,02;4,69;0;0,54;77,21;77,21;10,26;9,25
10;Syngovia;transition;12;74;273;156;272;100;3,45;22,98;0;2,62;83,21;84,21;31,15;29,05
10;Syngovia;pair;12;74;273;445;4205;100;3,59;6,9;209,16;6,99;114,21;120,21;235,37;226,64
10;Syngovia;state;13;74;269;18;252;100;3,67;4,68;0;0,96;122,21;123,21;10,56;9,3
10;Syngovia;transition;13;74;269;154;268;100;3,57;47,2;0;3,51;128,21;131,21;57,16;54,29
10;Syngovia;pair;13;74;269;381;5028;100;3,84;5,86;310,05;10,94;155,93;17,93;342,84;330,69
10;Syngovia;state;14;74;271;18;252;100;4,16;5,75;0;1,12;19,93;19,93;12,16;11,03
10;Syngovia;transition;14;74;271;156;270;100;4,31;55,28;0;7,29;25,93;27,93;69,95;66,87
10;Syngovia;pair;14;74;271;387;5108;100;4,15;7,29;398,76;10,86;53,93;61,93;434,49;421,06
10;Syngovia;state;15;74;283;18;184;100;4,48;5,9;0;0,52;63,93;63,93;11,92;10,9
10;Syngovia;transition;15;74;283;166;282;100;4,17;30,8;0;4,07;69,93;70,93;41,28;39,03
10;Syngovia;pair;15;74;283;476;4483;100;4,6;9,1;235,19;7,85;102,93;109,93;265,62;256,73
10;Syngovia;state;16;70;269;18;180;100;2,72;3,77;0;0,53;111,93;111,93;8,01;7,03
10;Syngovia;transition;16;70;269;158;268;100;3,23;24,24;0;3,04;116,93;118,93;33,24;30,51
10;Syngovia;pair;16;70;269;395;3647;100;3,11;6,35;153,59;4,98;142,93;148,93;175,4;168,03
10;Syngovia;state;17;63;231;16;219;100;2,31;3,22;0;0,37;149,93;150,93;6,65;5,91
10;Syngovia;transition;17;63;231;126;230;100;2,55;24,99;0;2,39;155,93;156,93;32,05;29,93
10;Syngovia;pair;17;63;231;313;4142;100;2,84;5,37;187,55;5,22;176,93;182,93;208,05;200,97
10;Syngovia;state;18;70;266;18;180;100;2,21;3,25;0;0,35;184,93;184,93;6,58;5,81
10;Syngovia;transition;18;70;266;155;265;100;2,09;20,52;0;2,83;189,93;191,93;27,45;25,45
10;Syngovia;pair;18;70;266;387;3566;100;2,16;6,01;131,11;4,94;198,93;30,63;150,24;144,23
10;Syngovia;state;19;74;273;18;184;100;2,42;3,66;0;0,53;32,63;32,63;7,49;6,61
10;Syngovia;transition;19;74;273;156;272;100;3;21,85;0;3,23;38,63;39,63;29,9;28,08
10;Syngovia;pair;19;74;273;448;4211;100;3,21;7,39;188,23;6,94;68,63;75,63;212,58;205,78
10;Syngovia;state;20;59;227;16;155;100;2,41;2,89;0;0,34;76,63;77,63;6,39;5,64
10;Syngovia;transition;20;59;227;126;226;100;1,96;15,12;0;2,51;81,63;82,63;20,89;19,59
10;Syngovia;pair;20;59;227;320;2939;100;2,28;5,46;101,52;4,75;100,63;105,63;119,93;114,02
10;Syngovia;state;21;70;275;18;180;100;2,78;3,37;0;0,39;107,63;107,63;7,36;6,55
10;Syngovia;transition;21;70;275;164;274;100;2,61;21,47;0;2,88;112,63;114,63;28,8;26,95
10;Syngovia;pair;21;70;275;418;3820;100;2,69;6,59;182,67;5,76;140,63;146,63;204,39;197,72
10;Syngovia;state;22;63;235;16;159;100;2,11;2,84;0;0,33;148,63;148,63;6,27;5,29
10;Syngovia;transition;22;63;235;128;234;100;2,03;15,87;0;1,75;153,63;154,63;21,32;19,64
10;Syngovia;pair;22;63;235;372;3509;100;1,84;4,59;139,16;5,08;177,63;182,63;156,26;150,67
10;Syngovia;state;23;63;231;16;219;100;2,19;3,36;0;0,32;184,63;184,63;6,49;5,87
10;Syngovia;transition;23;63;231;126;230;100;2,37;27,32;0;2,79;189,63;190,63;33,93;32,47
10;Syngovia;pair;23;63;231;313;4142;100;2,4;5,16;174,92;5,32;198,63;26,5;193,8;187,79
10;Syngovia;state;24;70;267;18;180;100;3,2;3,87;0;0,5;28,5;28,5;8,33;7,57
10;Syngovia;transition;24;70;267;156;266;100;2,34;23,09;0;2,1;34,5;35,5;28,97;27,53
10;Syngovia;pair;24;70;267;390;3598;100;2,39;5,5;137,3;5,13;59,5;65,5;156,71;150,32
10;Syngovia;state;25;74;270;18;252;100;2,24;3,57;0;0,43;67,5;67,5;6,92;6,23
10;Syngovia;transition;25;74;270;155;269;100;2,36;36,62;0;3,59;73,5;75,5;44,49;42,56
10;Syngovia;pair;25;74;270;384;5068;100;2,88;6,39;329,87;6,74;101,5;108,5;353,33;345,87
10;Syngovia;state;26;74;269;18;252;100;2,91;3,49;0;0,47;110,5;110,5;7,59;6,88
10;Syngovia;transition;26;74;269;154;268;100;2,23;34,76;0;3,12;116,5;118,5;42,1;40,11
10;Syngovia;pair;26;74;269;381;5028;100;2,2;5,89;280,1;6,15;144,5;151,5;301,95;294,34
10;Syngovia;state;27;74;270;18;252;100;2,45;4,02;0;0,54;153,5;153,5;7,83;7,01
10;Syngovia;transition;27;74;270;155;269;100;2,57;41,71;0;3,25;159,5;161,5;49,74;47,53
10;Syngovia;pair;27;74;270;384;5068;100;2,59;5,01;328,05;8,41;187,5;194,5;351,14;344,05
10;Syngovia;state;28;74;279;18;252;100;2,87;4,14;0;0,64;196,5;197,5;8,39;7,65
10;Syngovia;transition;28;74;279;164;278;100;2,87;51;0;3,95;12,56;14,56;62,87;57,82
10;Syngovia;pair;28;74;279;411;5440;100;2,72;5,63;334,63;7,5;43,56;51,56;357,37;350,47
10;Syngovia;state;29;74;277;18;252;100;2,39;3,3;0;0,56;53,56;53,56;7;6,25
10;Syngovia;transition;29;74;277;162;276;100;3,01;48,48;0;3,69;59,56;61,56;57,17;55,18
10;Syngovia;pair;29;74;277;405;5364;100;3,01;6,54;379,15;7,49;90,56;97,56;404,2;396,19
10;Syngovia;state;30;70;264;18;180;100;2,86;3,29;0;0,35;99,56;99,56;7,26;6,51
10;Syngovia;transition;30;70;264;153;263;100;2,47;22,16;0;3,58;104,56;106,56;29,79;28,21
10;Syngovia;pair;30;70;264;382;3517;100;2,98;5,03;144,75;5,97;129,56;134,56;165,16;158,73
10;Syngovia;state;31;63;235;16;159;100;2,28;3,1;0;0,39;136,56;136,56;6,47;5,77
10;Syngovia;transition;31;63;235;130;234;100;2,42;18,93;0;2,52;141,56;142,56;25,14;23,87
10;Syngovia;pair;31;63;235;372;3509;100;2,47;5,43;155,47;5,46;165,56;170,56;175,11;168,82
10;Syngovia;state;32;63;231;16;219;100;2,11;2,86;0;0,5;172,56;172,56;6,19;5,48
10;Syngovia;transition;32;63;231;126;230;100;2,07;27,78;0;2,48;177,56;179,56;34,43;32,33
10;Syngovia;pair;32;63;231;313;4142;100;2,07;3,9;184,66;5,6;199,56;15,52;202,61;196,22
10;Syngovia;state;33;59;227;16;155;100;1,93;2,58;0;0,26;16,52;16,52;5,16;4,78
10;Syngovia;transition;33;59;227;126;226;100;2,29;14,92;0;2,32;21,52;22,52;21,11;19,53
10;Syngovia;pair;33;59;227;320;2939;100;1,77;4,2;105,89;5,22;40,52;45,52;122,37;117,08
10;Syngovia;state;34;74;274;18;184;100;2,84;3,29;0;0,51;47,52;47,52;7,23;6,64
10;Syngovia;transition;34;74;274;157;273;100;2,8;25,18;0;3,16;52,52;54,52;32,59;31,14
10;Syngovia;pair;34;74;274;448;4227;100;2,6;6,18;200,89;8,05;83,52;89,52;225,16;217,72
10;Syngovia;state;35;63;235;16;159;100;2,25;2,96;0;0,5;91,52;91,52;6,39;5,71
10;Syngovia;transition;35;63;235;128;234;100;2,3;17,43;0;2,01;96,52;97,52;22,9;21,74
10;Syngovia;pair;35;63;235;372;3509;100;2,07;4,94;149,21;4,66;120,52;125,52;166,3;160,89
10;Syngovia;state;36;70;275;18;180;100;2,37;3,03;0;0,5;127,52;127,52;6,43;5,9
10;Syngovia;transition;36;70;275;164;274;100;2,61;24,92;0;3,47;133,52;134,52;32,4;30,99
10;Syngovia;pair;36;70;275;418;3824;100;2,69;5,1;170,49;7,35;160,52;166,52;192,84;185,63
10;Syngovia;state;37;59;227;16;155;100;1,76;2,51;0;0,34;168,52;168,52;5,17;4,62
10;Syngovia;transition;37;59;227;126;226;100;2,21;15,54;0;2,14;172,52;174,52;21,02;19,89
10;Syngovia;pair;37;59;227;320;2939;100;1,94;3,67;100,63;4,12;192,52;196,52;115,48;110,36
10;Syngovia;state;38;70;267;18;180;100;2,5;6,43;0;0,47;198,65;7,65;9,99;9,4
10;Syngovia;transition;38;70;267;156;266;100;2,83;24,35;0;3,1;12,65;14,65;31,57;30,28
10;Syngovia;pair;38;70;267;389;3591;100;2,52;6,01;171,99;6,2;38,65;43,65;193,12;186,72
10;Syngovia;state;39;59;227;16;155;100;1,91;2,8;0;0,42;45,65;45,65;5,62;5,13
10;Syngovia;transition;39;59;227;126;226;100;2,01;15,5;0;1,52;49,65;51,65;19,95;19,02
10;Syngovia;pair;39;59;227;320;2939;100;1,87;3,33;98,16;4,87;69,65;73,65;113,03;108,24
10;Syngovia;state;40;63;235;16;159;100;2,03;3,01;0;0,43;75,65;75,65;6,04;5,47
10;Syngovia;transition;40;63;235;128;234;100;2,48;14,6;0;1,69;80,65;81,65;19,82;18,77
10;Syngovia;pair;40;63;235;372;3509;100;2,07;3,74;124,15;4,46;104,65;109,65;139,5;134,42
10;Syngovia;state;41;70;264;18;180;100;2;2,27;0;0,4;111,65;111,65;5,17;4,66
10;Syngovia;transition;41;70;264;153;263;100;1,69;16,28;0;2,01;116,65;118,65;20,84;19,98
10;Syngovia;pair;41;70;264;382;3517;100;2,19;4,43;143,81;5,4;141,65;146,65;161,81;155,83
10;Syngovia;state;42;70;266;18;180;100;2,3;2,95;0;0,47;148,65;148,65;6,25;5,72
10;Syngovia;transition;42;70;266;155;265;100;2,11;19,38;0;2,28;153,65;155,65;24,59;23,77
10;Syngovia;pair;42;70;266;387;3566;100;2,56;4,18;184,92;7,16;179,65;184,65;205,69;198,82
10;Syngovia;state;43;74;279;18;252;100;2,98;3,77;0;0,57;186,65;186,65;7,84;7,32
10;Syngovia;transition;43;74;279;164;278;100;2,91;54,56;0;4,22;192,65;195,65;63,41;61,69
10;Syngovia;pair;43;74;279;411;5440;100;2,89;5,64;390,12;7,37;199,65;41,13;414,02;406,02
10;Syngovia;state;44;70;275;18;180;100;2,05;2,92;0;0,45;43,13;43,13;5,91;5,43
10;Syngovia;transition;44;70;275;164;274;100;1,91;23,62;0;3,31;49,13;50,13;30;28,83
10;Syngovia;pair;44;70;275;418;3820;100;2,62;4,59;167,86;7,46;76,13;82,13;189,41;182,52
10;Syngovia;state;45;74;269;18;252;100;2,68;3,45;0;0,55;84,13;84,13;7,18;6,68
10;Syngovia;transition;45;74;269;154;268;100;2,6;35,07;0;3,98;90,13;92,13;42,87;41,65
10;Syngovia;pair;45;74;269;381;5028;100;2,73;5,27;339,57;7;118,13;125,13;362,04;354,57
10;Syngovia;state;46;74;282;18;184;100;2,44;3,07;0;0,39;127,13;127,13;6,37;5,91
10;Syngovia;transition;46;74;282;165;281;100;2,56;23,93;0;2,6;133,13;134,13;30,14;29,09
10;Syngovia;pair;46;74;282;470;4444;100;2,53;4,49;254,75;6,41;166,13;172,13;274,8;268,17
10;Syngovia;state;47;74;283;18;184;100;2,34;3,24;0;0,41;174,13;175,13;6,42;5,99
10;Syngovia;transition;47;74;283;166;282;100;2,8;27,04;0;3,32;180,13;182,13;34,15;33,16
10;Syngovia;pair;47;74;283;474;4475;100;2,79;5,75;200,23;7,18;198,88;30,88;223,83;215,95
10;Syngovia;state;48;74;270;18;252;100;2,36;2,93;0;0,47;32,88;33,88;6,33;5,75
10;Syngovia;transition;48;74;270;155;269;100;2,21;36,04;0;3,51;39,88;41,88;42,78;41,76
10;Syngovia;pair;48;74;270;384;5068;100;2,57;3,76;520,75;8,11;67,88;74,88;541,73;535,18
10;Syngovia;state;49;59;227;16;155;100;1,76;2,74;0;0,42;76,88;76,88;5,36;4,92
10;Syngovia;transition;49;59;227;129;226;100;2,3;15,95;0;2,61;80,88;81,88;21,93;20,87
10;Syngovia;pair;49;59;227;320;2939;100;2,41;3,94;125,4;5,84;100,88;104,88;144,04;137,59
10;Syngovia;state;50;70;265;18;180;100;2,9;3,63;0;0,53;106,88;106,88;7,54;7,06
10;Syngovia;transition;50;70;265;154;264;100;2,99;26,32;0;3,3;111,88;113,88;33,88;32,61
10;Syngovia;pair;50;70;265;384;3542;100;2,71;4,92;190,62;6,71;136,88;142,88;212,03;204,96
10;Syngovia;state;51;63;231;16;219;100;2,3;3;0;0,52;143,88;144,88;6,4;5,82
10;Syngovia;transition;51;63;231;126;230;100;2,14;29,28;0;2,55;149,88;150,88;35,05;33,97
10;Syngovia;pair;51;63;231;313;4142;100;2,02;4;195,53;6,17;170,88;176,88;214,28;207,72
10;Syngovia;state;52;74;270;18;252;100;2,37;2,96;0;0,52;178,88;178,88;6,32;5,86
10;Syngovia;transition;52;74;270;155;269;100;2,83;46,67;0;4,14;184,88;186,88;54,97;53,64
10;Syngovia;pair;52;74;270;384;5068;100;2,7;5,55;316,63;8,3;198,93;29,93;340,84;333,18
10;Syngovia;state;53;74;271;18;252;100;2,78;3,65;0;0,54;31,93;32,93;7,45;6,98
10;Syngovia;transition;53;74;271;156;270;100;2,64;41,03;0;3,44;38,93;40,93;48,5;47,11
10;Syngovia;pair;53;74;271;387;5114;100;2,38;4,88;415,43;7,11;66,93;73,93;437,16;429,8
10;Syngovia;state;54;74;281;18;252;100;3,31;3,63;0;0,47;75,93;75,93;7,94;7,4
10;Syngovia;transition;54;74;281;166;280;100;2,72;47,39;0;3,16;82,93;84,93;54,77;53,26
10;Syngovia;pair;54;74;281;417;5516;100;2,39;4,64;465,76;8,53;113,93;121,93;489,02;481,32
10;Syngovia;state;55;70;266;18;180;100;2,73;3,42;0;0,49;123,93;123,93;7,1;6,64
10;Syngovia;transition;55;70;266;155;265;100;2,56;24,88;0;3,15;128,93;130,93;31,69;30,59
10;Syngovia;pair;55;70;266;387;3566;100;2,72;5,63;170,39;6,58;153,93;159,93;191,62;185,32
10;Syngovia;state;56;74;278;18;252;100;2,81;3,56;0;0,55;161,93;161,93;7,45;6,92
10;Syngovia;transition;56;74;278;163;277;100;2,75;46,95;0;3,56;167,93;169,93;54,71;53,26
10;Syngovia;pair;56;74;278;408;5400;100;2,41;4,88;453,54;10,75;198,93;15,93;479,95;471,58
10;Syngovia;state;57;74;274;18;184;100;2,87;3,58;0;0,54;17,93;18,93;7,44;6,99
10;Syngovia;transition;57;74;274;157;273;100;2,73;25,79;0;3,46;23,93;25,93;33,01;31,98
10;Syngovia;pair;57;74;274;450;4225;100;2,82;6,3;249,36;9,18;54,93;60,93;275,52;267,65
10;Syngovia;state;58;70;267;18;180;100;16,04;3,54;0;0,55;62,93;62,93;20,61;20,13
10;Syngovia;transition;58;70;267;156;266;100;2,55;26,1;0;3,39;67,93;69,93;33,07;32,05
10;Syngovia;pair;58;70;267;389;3591;100;2,7;5,82;187,49;8,01;93,93;98,93;211,12;204,02
10;Syngovia;state;59;70;269;18;180;100;2,78;3,45;0;0,54;100,93;100,93;7,22;6,77
10;Syngovia;transition;59;70;269;158;268;100;2,69;26,27;0;3,72;106,93;107,93;33,92;32,68
10;Syngovia;pair;59;70;269;395;3647;100;2,69;5,81;192,79;7,81;132,93;137,93;216,6;209,11
10;Syngovia;state;60;70;275;18;180;100;2,62;3,66;0;0,56;139,93;139,93;7,25;6,85
10;Syngovia;transition;60;70;275;164;274;100;2,8;28,22;0;3,6;145,93;146,93;35,71;34,62
10;Syngovia;pair;60;70;275;418;3820;100;2,67;5,08;168,83;6,77;172,93;178,93;191,02;183,35
10;Syngovia;state;61;63;231;16;219;100;2,35;3,41;0;0,46;180,93;180,93;6,81;6,22
10;Syngovia;transition;61;63;231;126;230;100;2,13;25,81;0;2,38;185,93;187,93;31,19;30,33
10;Syngovia;pair;61;63;231;313;4142;100;2,07;3,29;182,7;5,42;198,93;23,82;199,3;193,47
10;Syngovia;state;62;70;270;18;180;100;2,53;3,25;0;0,49;24,82;25,82;6,73;6,27
10;Syngovia;transition;62;70;270;159;269;100;2,55;24,51;0;2,54;30,82;31,82;30,52;29,61
10;Syngovia;pair;62;70;270;401;3678;100;2,53;4,96;161,14;5,56;56,82;62,82;180,94;174,19
10;Syngovia;state;63;63;235;16;159;100;2,47;2,61;0;0,39;64,82;64,82;5,94;5,47
10;Syngovia;transition;63;63;235;128;234;100;1,98;16,77;0;2,21;68,82;69,82;21,86;20,96
10;Syngovia;pair;63;63;235;372;3509;100;2,33;4,04;140,35;5,57;92,82;97,82;157,69;152,29
10;Syngovia;state;64;74;272;18;184;100;2,36;3,39;0;0,48;99,82;99,82;6,75;6,23
10;Syngovia;transition;64;74;272;155;271;100;2,9;21,68;0;2,72;105,82;106,82;28,2;27,3
10;Syngovia;pair;64;74;272;443;4176;100;2,36;4,91;231,11;5,98;135,82;141,82;251,44;244,36
10;Syngovia;state;65;74;271;18;184;100;2,62;3,22;0;0,74;143,82;143,82;7,15;6,58
10;Syngovia;transition;65;74;271;154;270;100;2,8;21,49;0;2,66;149,82;150,82;27,87;26,96
10;Syngovia;pair;65;74;271;442;4159;100;2,36;5,48;192,13;6,34;179,82;185,82;212,73;206,31
10;Syngovia;state;66;74;267;18;252;100;2,4;2,61;0;0,51;187,82;187,82;6,05;5,51
10;Syngovia;transition;66;74;267;152;266;100;2,25;36,99;0;2,87;193,82;195,82;43,09;42,12
10;Syngovia;pair;66;74;267;375;4948;100;2,16;8,27;298,6;5,84;200,03;37,03;322,28;314,88
10;Syngovia;state;67;74;269;18;252;100;2,68;3,23;0;0,45;39,03;39,03;6,89;6,37
10;Syngovia;transition;67;74;269;154;268;100;2,06;38,24;0;3,55;45,03;47,03;44,9;43,85
10;Syngovia;pair;67;74;269;381;5028;100;2,29;4,51;299,54;6,94;73,03;80,03;320,38;313,28
10;Syngovia;state;68;70;267;18;180;100;2,63;3,05;0;0,47;82,03;82,03;6,63;6,15
10;Syngovia;transition;68;70;267;156;266;100;2;19,57;0;2,57;87,03;89,03;25,11;24,13
10;Syngovia;pair;68;70;267;390;3598;100;2,48;4,19;162,12;5;113,03;118,03;179,92;173,78
10;Syngovia;state;69;59;227;16;155;100;1,94;2,68;0;0,36;120,03;120,03;5,38;4,98
10;Syngovia;transition;69;59;227;126;226;100;2,08;13,92;0;1,87;125,03;126,03;18,69;17,88
10;Syngovia;pair;69;59;227;320;2939;100;2,02;3,11;101,29;6,36;144,03;148,03;118,25;112,78
10;Syngovia;state;70;63;231;16;219;100;2,27;3,1;0;0,49;150,03;150,03;6,31;5,86
10;Syngovia;transition;70;63;231;126;230;100;2,4;31,72;0;3,43;155,03;157,03;38,38;37,55
10;Syngovia;pair;70;63;231;313;4142;100;2,58;4,29;219,22;7,69;177,03;183,03;240,26;233,77
10;Syngovia;state;71;63;231;16;219;100;2,35;3,05;0;0,47;185,03;185,03;6,34;5,87
10;Syngovia;transition;71;63;231;126;230;100;2,26;31,3;0;3,28;190,03;192,03;37,63;36,85
10;Syngovia;pair;71;63;231;313;4142;100;2,35;4,28;174,27;6,4;201,03;25,62;192,96;187,3
10;Syngovia;state;72;74;273;18;184;100;2,21;2,66;0;0,31;27,62;28,62;5,47;5,18
10;Syngovia;transition;72;74;273;156;272;100;1,93;18,16;0;2,27;33,62;34,62;23,14;22,35
10;Syngovia;pair;72;74;273;448;4211;100;2,02;4,53;212,61;7,74;64,62;70,62;233,18;226,9
10;Syngovia;state;73;74;271;18;252;100;2,77;3,37;0;0,52;72,62;72,62;7,11;6,67
10;Syngovia;transition;73;74;271;156;270;100;2,51;45,72;0;3,66;78,62;80,62;53;51,89
10;Syngovia;pair;73;74;271;387;5108;100;2,6;5,52;353,18;8;106,62;114,62;377,2;369,31
10;Syngovia;state;74;74;272;18;184;100;2,52;3,61;0;0,47;116,62;116,62;7,19;6,61
10;Syngovia;transition;74;74;272;155;271;100;2,54;24,37;0;2,41;121,62;123,62;30,29;29,32
10;Syngovia;pair;74;74;272;446;4180;100;2,13;4,83;208,22;7,38;151,62;158,62;229,35;222,56
10;Syngovia;state;75;74;270;18;252;100;2,73;3,07;0;0,64;160,62;160,62;6,94;6,44
10;Syngovia;transition;75;74;270;155;269;100;2,83;37,78;0;2,76;166,62;168,62;44,53;43,37
10;Syngovia;pair;75;74;270;384;5068;100;2,14;4,29;314,22;9,06;194,62;199,68;336,14;329,7
10;Syngovia;state;76;70;268;18;180;100;2,56;3,15;0;0,49;11,68;11,68;6,64;6,21
10;Syngovia;transition;76;70;268;157;267;100;2,28;19,32;0;2;16,68;18,68;24,3;23,59
10;Syngovia;pair;76;70;268;392;3619;100;1,96;5,23;144,89;5,91;42,68;47,68;164,38;157,99
10;Syngovia;state;77;70;264;18;180;100;2,28;2,85;0;0,4;49,68;49,68;5,91;5,54
10;Syngovia;transition;77;70;264;153;263;100;2,12;23,49;0;2,93;55,68;56,68;29,42;28,54
10;Syngovia;pair;77;70;264;382;3517;100;2,47;5,23;154,4;5,47;79,68;85,68;173,86;167,57
10;Syngovia;state;78;74;273;18;184;100;2,55;4,58;0;0,4;87,68;87,68;7,99;7,53
10;Syngovia;transition;78;74;273;156;272;100;2,49;23,2;0;2,14;92,68;94,68;28,63;27,83
10;Syngovia;pair;78;74;273;445;4205;100;2,51;5,6;217,82;8,43;123,68;129,68;241,14;234,36
10;Syngovia;state;79;70;277;18;180;100;2,67;6,42;0;0,61;131,68;131,68;10,14;9,7
10;Syngovia;transition;79;70;277;166;276;100;2,53;26,39;0;3,2;137,68;138,68;33,1;32,13
10;Syngovia;pair;79;70;277;424;3872;100;2,79;5,16;194,82;6,38;165,68;171,68;215,68;209,15
10;Syngovia;state;80;70;277;18;180;100;2,02;3,1;0;0,53;173,68;173,68;6,15;5,65
10;Syngovia;transition;80;70;277;166;276;100;2,29;22,92;0;2,44;178,68;180,68;28,59;27,65
10;Syngovia;pair;80;70;277;424;3872;100;2,47;4,88;183,58;5,26;201,1;22,1;202,29;196,18
10;Syngovia;state;81;74;282;18;252;100;2,36;3,18;0;0,5;24,1;25,1;6,63;6,04
10;Syngovia;transition;81;74;282;167;281;100;2,23;41,52;0;2,73;31,1;33,1;47,4;46,48
10;Syngovia;pair;81;74;282;421;5565;100;2,24;4,18;391,65;8,16;63,1;71,1;413,17;406,22
10;Syngovia;state;82;74;269;18;252;100;2,33;3,29;0;0,55;73,1;73,1;6,62;6,17
10;Syngovia;transition;82;74;269;154;268;100;2,47;40,92;0;3,59;79,1;81,1;47,98;46,99
10;Syngovia;pair;82;74;269;381;5028;100;2,36;4,85;337,49;6,44;107,1;114,1;357,78;351,15
10;Syngovia;state;83;59;227;16;155;100;1,88;2,21;0;0,27;116,1;116,1;4,72;4,36
10;Syngovia;transition;83;59;227;126;226;100;1,4;12,17;0;1,59;120,1;121,1;15,86;15,16
10;Syngovia;pair;83;59;227;320;2939;100;1,83;3,81;101,21;4,47;140,1;144,1;115,87;111,32
10;Syngovia;state;84;74;268;18;252;100;1,7;2,24;0;0,37;146,1;146,1;4,66;4,3
10;Syngovia;transition;84;74;268;153;267;100;2,14;33,02;0;2,58;152,1;154,1;38,57;37,73
10;Syngovia;pair;84;74;268;378;4988;100;2,1;3,87;295,38;7,49;179,1;186,1;315,77;308,84
10;Syngovia;state;85;74;274;18;184;100;2,54;2,91;0;0,5;188,1;189,1;6,48;5,95
10;Syngovia;transition;85;74;274;157;273;100;2,53;20,44;0;2,82;194,1;196,1;26,72;25,79
10;Syngovia;pair;85;74;274;448;4227;100;2,42;5,33;226,24;6,39;200,1;39,55;247,33;240,38
10;Syngovia;state;86;74;270;18;252;100;2,27;3,12;0;0,42;41,55;41,55;6,43;5,81
10;Syngovia;transition;86;74;270;155;269;100;2,49;40,38;0;2,96;47,55;49,55;46,68;45,83
10;Syngovia;pair;86;74;270;384;5071;100;2,47;3,65;326,5;7,96;75,55;82,55;347,78;340,58
10;Syngovia;state;87;70;268;18;180;100;2,22;2,31;0;0,32;84,55;84,55;5,32;4,85
10;Syngovia;transition;87;70;268;157;267;100;1,94;21,92;0;2,17;90,55;91,55;26,79;26,03
10;Syngovia;pair;87;70;268;392;3619;100;2,09;3,92;148,23;5,84;115,55;121,55;166,16;160,08
10;Syngovia;state;88;74;273;18;252;100;2,11;3,07;0;0,49;123,55;123,55;6,2;5,67
10;Syngovia;transition;88;74;273;158;272;100;2,22;44,43;0;2,63;129,55;131,55;49,97;49,27
10;Syngovia;pair;88;74;273;394;5202;100;1,98;3,46;326,42;7,34;158,55;165,55;346,58;339,21
10;Syngovia;state;89;74;283;18;184;100;2,72;3,52;0;0,44;167,55;168,55;7,23;6,68
10;Syngovia;transition;89;74;283;166;282;100;2,74;22,69;0;2,24;173,55;175,55;28,52;27,67
10;Syngovia;pair;89;74;283;474;4484;100;2,25;4,43;216,15;7,49;200,39;23,39;237,08;230,31
10;Syngovia;state;90;74;273;18;252;100;2,11;3,32;0;0,58;25,39;26,39;6,54;6,01
10;Syngovia;transition;90;74;273;158;272;100;2,44;42,89;0;3,31;32,39;34,39;49,78;48,64
10;Syngovia;pair;90;74;273;394;5202;100;2,49;4,99;339,51;9,14;61,39;68,39;364,19;356,13
10;Syngovia;state;91;74;279;18;252;100;2,58;3,3;0;0,5;70,39;70,39;6,98;6,38
10;Syngovia;transition;91;74;279;164;278;100;2,18;42,46;0;2,93;77,39;79,39;48,59;47,57
10;Syngovia;pair;91;74;279;411;5440;100;2,35;4,25;377,56;7,67;108,39;115,39;398,98;391,83
10;Syngovia;state;92;70;267;18;180;100;2,32;2,89;0;0,35;117,39;117,39;6,02;5,56
10;Syngovia;transition;92;70;267;156;266;100;2;23,26;0;3,14;122,39;124,39;29,35;28,4
10;Syngovia;pair;92;70;267;390;3598;100;2,65;5,23;181,64;6,17;148,39;153,39;202,68;195,7
10;Syngovia;state;93;74;279;18;252;100;2,79;3,37;0;0,51;155,39;156,39;7,22;6,68
10;Syngovia;transition;93;74;279;164;278;100;2,88;53,11;0;4,31;162,39;164,39;61,24;60,31
10;Syngovia;pair;93;74;279;411;5440;100;3,56;6,58;407,29;10,17;193,39;200,39;435,35;427,59
10;Syngovia;state;94;70;276;18;180;100;2,65;3,36;0;0,47;9,77;10,77;6,94;6,48
10;Syngovia;transition;94;70;276;165;275;100;2,84;23,48;0;2,62;15,77;17,77;30,04;28,94
10;Syngovia;pair;94;70;276;422;3849;100;2,59;4,64;188,05;6,16;43,77;49,77;207,39;201,45
10;Syngovia;state;95;74;270;18;252;100;2,31;2,78;0;0,51;51,77;51,77;6;5,6
10;Syngovia;transition;95;74;270;155;269;100;2,69;37,33;0;2,9;57,77;59,77;43,93;42,91
10;Syngovia;pair;95;74;270;384;5071;100;2,2;3,75;317,1;5,26;85,77;92,77;333,52;328,32
10;Syngovia;state;96;63;231;16;219;100;1,42;2,12;0;0,31;94,77;94,77;4,22;3,85
10;Syngovia;transition;96;63;231;126;230;100;1,64;23,02;0;2,7;99,77;101,77;28,1;27,37
10;Syngovia;pair;96;63;231;313;4142;100;1,84;3,86;165,94;7,7;121,77;127,77;184,7;179,34
10;Syngovia;state;97;63;231;16;219;100;2,29;3,06;0;0,47;129,77;129,77;6,33;5,81
10;Syngovia;transition;97;63;231;126;230;100;2,35;24,3;0;2,54;134,77;135,77;30,11;29,19
10;Syngovia;pair;97;63;231;313;4142;100;1,68;3,62;188,6;4,44;155,77;161,77;203,45;198,33
10;Syngovia;state;98;63;231;16;219;100;1,61;1,8;0;0,31;163,77;163,77;3,98;3,73
10;Syngovia;transition;98;63;231;126;230;100;1,49;21,44;0;1,87;168,77;170,77;25,45;24,8
10;Syngovia;pair;98;63;231;313;4142;100;1,96;2,54;168,97;5,06;190,77;196,77;183,59;178,53
10;Syngovia;state;99;74;270;18;252;100;2,55;2,81;0;0,45;198,77;198,77;6,33;5,81
10;Syngovia;transition;99;74;270;155;269;100;4,53;35,57;0;3,72;12,61;14,61;44,96;43,83
10;Syngovia;pair;99;74;270;384;5068;100;2,87;5,35;306,48;7,23;40,61;47,61;329,33;321,93
10;Syngovia;state;100;70;266;18;180;100;2,32;2,83;0;0,43;49,61;49,61;6,04;5,58
10;Syngovia;transition;100;70;266;155;265;100;2,23;19,32;0;2,18;54,61;56,61;24,66;23,73
10;Syngovia;pair;100;70;266;387;3566;100;2,07;4,07;136,66;6,74;79,61;85,61;155,39;149,54
10;Syngovia;state;101;59;227;16;155;100;2,19;3,07;0;0,42;86,61;87,61;6,15;5,67
10;Syngovia;transition;101;59;227;126;226;100;2,19;17,21;0;1,94;91,61;92,61;22,09;21,34
10;Syngovia;pair;101;59;227;320;2939;100;1,62;2,84;95,37;4,22;111,61;115,61;109,09;104,06
10;Syngovia;state;102;74;273;18;184;100;2,76;2,9;0;0,48;117,61;117,61;6,72;6,14
10;Syngovia;transition;102;74;273;156;272;100;2,45;21,06;0;2,01;122,61;124,61;26,44;25,52
10;Syngovia;pair;102;74;273;445;4205;100;1,82;4,88;207,32;8,57;153,61;159,61;229,1;222,59
10;Syngovia;state;103;63;231;16;219;100;2,04;2,75;0;0,37;161,61;161,61;5,65;5,16
10;Syngovia;transition;103;63;231;126;230;100;1,87;25,06;0;2,59;166,61;168,61;30,34;29,52
10;Syngovia;pair;103;63;231;313;4142;100;1,93;3,4;183,62;5,13;188,61;194,61;199,88;194,08
10;Syngovia;state;104;74;274;18;184;100;2,22;2,67;0;0,35;196,61;196,61;5,6;5,24
10;Syngovia;transition;104;74;274;157;273;100;2,07;25,97;0;2,17;199,83;11,83;31,12;30,21
10;Syngovia;pair;104;74;274;450;4239;100;2,39;4,85;215,04;6,94;40,83;47,83;235,81;229,22
10;Syngovia;state;105;63;231;16;219;100;2,28;2,78;0;0,41;49,83;49,83;5,91;5,47
10;Syngovia;transition;105;63;231;126;230;100;2,39;25,57;0;2,61;54,83;55,83;31,31;30,57
10;Syngovia;pair;105;63;231;313;4142;100;2,15;3,32;174,36;6,65;75,83;81,83;192,55;186,47
10;Syngovia;state;106;63;235;16;159;100;2,17;2,93;0;0,4;83,83;83,83;5,93;5,5
10;Syngovia;transition;106;63;235;130;234;100;2,17;15,25;0;1,72;88,83;89,83;19,76;19,15
10;Syngovia;pair;106;63;235;372;3509;100;1,68;3,05;134,72;4,94;112,83;117,83;149,59;144,39
10;Syngovia;state;107;63;231;16;219;100;1,8;2,23;0;0,31;119,83;119,83;4,66;4,34
10;Syngovia;transition;107;63;231;126;230;100;1,73;26,06;0;2,66;124,83;125,83;31,16;30,44
10;Syngovia;pair;107;63;231;313;4142;100;1,92;3,79;179,56;4,57;145,83;151,83;195,5;189,84
10;Syngovia;state;108;59;227;16;155;100;1,81;2,07;0;0,29;153,83;153,83;4,52;4,17
10;Syngovia;transition;108;59;227;126;226;100;1,51;11,92;0;1,6;157,83;159,83;15,55;15,03
10;Syngovia;pair;108;59;227;320;2939;100;1,59;2,96;91,71;6,05;177,83;181,83;107,13;102,3
10;Syngovia;state;109;63;231;16;219;100;2,16;2,8;0;0,51;183,83;183,83;5,86;5,47
10;Syngovia;transition;109;63;231;126;230;100;2,13;29,52;0;2,81;188,83;190,83;35,3;34,46
10;Syngovia;pair;109;63;231;313;4142;100;2,17;4,01;168,75;5,08;200,83;25,67;185,75;180,01
10;Syngovia;state;110;70;266;18;180;100;2,37;2,6;0;0,32;27,67;27,67;5,68;5,28
10;Syngovia;transition;110;70;266;155;265;100;2,16;20,02;0;2,31;32,67;34,67;25,18;24,49
10;Syngovia;pair;110;70;266;387;3570;100;2,61;4,19;153,05;5,32;57,67;63,67;171,61;165,17
10;Syngovia;state;111;74;269;18;252;100;2,75;3,02;0;0,54;65,67;65,67;6,72;6,32
10;Syngovia;transition;111;74;269;154;268;100;2,23;36,5;0;3,26;71,67;73,67;43,03;41,99
10;Syngovia;pair;111;74;269;381;5028;100;2,26;3,64;328,92;6,07;99,67;106,67;347,52;340,89
10;Syngovia;state;112;59;227;16;155;100;2,16;2,26;0;0,38;107,67;108,67;5,13;4,8
10;Syngovia;transition;112;59;227;126;226;100;1,64;13,19;0;1,75;112,67;113,67;17,17;16,58
10;Syngovia;pair;112;59;227;320;2939;100;1,68;2,81;113,12;5,89;131,67;136,67;128,49;123,49
10;Syngovia;state;113;70;266;18;180;100;2,55;3,27;0;0,46;138,67;138,67;6,64;6,28
10;Syngovia;transition;113;70;266;155;265;100;2,65;22,29;0;3,08;143,67;145,67;28,85;28,01
10;Syngovia;pair;113;70;266;387;3570;100;2,34;5,18;158,25;6,8;168,67;174,67;179,18;172,57
10;Syngovia;state;114;59;227;16;155;100;2;2,37;0;0,27;175,67;176,67;4,96;4,64
10;Syngovia;transition;114;59;227;126;226;100;1,77;14,48;0;1,61;180,67;181,67;18,55;17,86
10;Syngovia;pair;114;59;227;320;2939;100;2,26;3,18;109,15;4,59;200,42;13,42;124,24;119,17
10;Syngovia;state;115;70;274;18;180;100;2,5;3,21;0;0,5;15,42;15,42;6,59;6,21
10;Syngovia;transition;115;70;274;163;273;100;2,33;22,81;0;3,19;20,42;22,42;29,37;28,33
10;Syngovia;pair;115;70;274;413;3790;100;2,45;6,3;175,83;6,9;48,42;53,42;198,58;191,48
10;Syngovia;state;116;70;266;18;180;100;2,38;2,9;0;0,47;55,42;56,42;6,1;5,76
10;Syngovia;transition;116;70;266;155;265;100;2,39;19,27;0;2,59;61,42;62,42;24,91;24,25
10;Syngovia;pair;116;70;266;387;3570;100;2,7;4,16;155,17;5,46;86,42;91,42;173,55;167,49
10;Syngovia;state;117;74;274;18;184;100;2,33;2,97;0;0,42;93,42;94,42;6,09;5,73
10;Syngovia;transition;117;74;274;157;273;100;2,14;19,69;0;2,91;99,42;100,42;25,49;24,74
10;Syngovia;pair;117;74;274;449;4233;100;2,68;5,85;222,64;5,54;130,42;136,42;243,02;236,72
10;Syngovia;state;118;74;268;18;252;100;2,26;3;0;0,44;138,42;138,42;6,02;5,7
10;Syngovia;transition;118;74;268;153;267;100;1,78;36,17;0;2,74;144,42;146,42;41,4;40,69
10;Syngovia;pair;118;74;268;378;4988;100;2,28;4,26;301,26;7,31;172,42;179,42;322,16;315,11
10;Syngovia;state;119;70;275;18;180;100;2,25;3,05;0;0,32;181,42;181,42;5,92;5,62
10;Syngovia;transition;119;70;275;164;274;100;2,49;19,54;0;2,25;186,42;188,42;25,04;24,28
10;Syngovia;pair;119;70;275;418;3820;100;2,01;4,3;149,76;5,3;201,42;28,82;166,95;161,37
10;Syngovia;state;120;70;275;18;180;100;2,17;2,72;0;0,48;30,82;30,82;5,81;5,37
10;Syngovia;transition;120;70;275;164;274;100;2,25;25,69;0;2,91;35,82;37,82;31,71;30,85
10;Syngovia;pair;120;70;275;418;3820;100;2,09;4,34;178,91;6,93;63,82;69,82;199,14;192,26
10;Syngovia;state;121;59;227;16;155;100;2,04;2,77;0;0,38;71,82;71,82;5,54;5,19
10;Syngovia;transition;121;59;227;129;226;100;2,12;16,62;0;2,32;75,82;76,82;21,78;21,07
10;Syngovia;pair;121;59;227;320;2939;100;2,06;4,03;84,62;4,92;95,82;99,82;100,57;95,63
10;Syngovia;state;122;63;231;16;219;100;2,42;2,6;0;0,31;101,82;101,82;5,68;5,33
10;Syngovia;transition;122;63;231;126;230;100;2,02;25,06;0;2,24;106,82;108,82;30;29,32
10;Syngovia;pair;122;63;231;313;4142;100;1,82;3,73;176,65;5,65;128,82;133,82;193,22;187,85
10;Syngovia;state;123;74;283;18;184;100;2,57;2,82;0;0,51;135,82;136,82;6,28;5,9
10;Syngovia;transition;123;74;283;166;282;100;2,43;22,19;0;2,85;141,82;143,82;28,31;27,48
10;Syngovia;pair;123;74;283;474;4475;100;2,68;4,63;247,6;8,34;175,82;181,82;270,4;263,25
10;Syngovia;state;124;74;271;18;184;100;2,59;2,98;0;0,49;183,82;183,82;6,52;6,06
10;Syngovia;transition;124;74;271;154;270;100;2,4;23,41;0;2,96;189,82;190,82;29,71;28,77
10;Syngovia;pair;124;74;271;442;4159;100;2,61;5,54;194,44;5,17;199,82;34,7;213,94;207,76
10;Syngovia;state;125;59;227;16;155;100;1,97;2,45;0;0,36;36,7;36,7;5,11;4,78
10;Syngovia;transition;125;59;227;129;226;100;1,81;13,28;0;2,49;40,7;42,7;18,28;17,58
10;Syngovia;pair;125;59;227;320;2939;100;2,01;3,96;91,61;3,82;60,7;64,7;106,65;101,4
10;Syngovia;state;126;70;267;18;180;100;2,22;2,63;0;0,39;66,7;66,7;5,59;5,24
10;Syngovia;transition;126;70;267;156;266;100;1,93;18,12;0;2,24;72,7;73,7;23;22,29
10;Syngovia;pair;126;70;267;390;3598;100;1,66;3,57;137,92;4,76;97,7;103,7;153,3;147,91
10;Syngovia;state;127;63;231;16;219;100;1,67;2,14;0;0,32;104,7;105,7;4,45;4,12
10;Syngovia;transition;127;63;231;126;230;100;1,81;25,16;0;3,15;110,7;111,7;30,91;30,12
10;Syngovia;pair;127;63;231;313;4142;100;1,87;2,82;178,77;6,66;131,7;137,7;195,53;190,12
10;Syngovia;state;128;74;284;18;184;100;2,89;3,04;0;0,46;139,7;139,7;6,78;6,39
10;Syngovia;transition;128;74;284;167;283;100;2,44;24,02;0;2,99;145,7;147,7;30,26;29,45
10;Syngovia;pair;128;74;284;478;4512;100;2,37;4,35;233,94;6,59;179,7;185,7;254,57;247,25
10;Syngovia;state;129;74;270;18;252;100;2,26;2,74;0;0,46;187,7;188,7;5,83;5,46
10;Syngovia;transition;129;74;270;155;269;100;2,29;41,6;0;3,8;194,7;196,7;48,77;47,69
10;Syngovia;pair;129;74;270;384;5068;100;2,69;5,28;280,68;8,35;200,21;38,21;304,08;297
10;Syngovia;state;130;74;275;18;184;100;2,65;3,32;0;0,46;40,21;40,21;6,82;6,43
10;Syngovia;transition;130;74;275;158;274;100;2,52;24,48;0;3,07;45,21;47,21;30,95;30,07
10;Syngovia;pair;130;74;275;453;4259;100;2,77;5,64;211,44;7,47;76,21;83,21;234,18;227,32
10;Syngovia;state;131;74;268;18;252;100;2,53;3,21;0;0,47;85,21;85,21;6,6;6,22
10;Syngovia;transition;131;74;268;153;267;100;2,38;37,97;0;2,95;91,21;93,21;44,07;43,3
10;Syngovia;pair;131;74;268;378;4988;100;2,24;3,23;263,24;5,73;118,21;125,21;281,45;274,43
10;Syngovia;state;132;74;273;18;184;100;1,74;3,05;0;0,53;127,21;127,21;5,66;5,32
10;Syngovia;transition;132;74;273;156;272;100;2,44;22,43;0;2,47;133,21;134,21;28,13;27,34
10;Syngovia;pair;132;74;273;447;4210;100;2,05;3,89;192,7;6,14;163,21;170,21;210,46;204,78
10;Syngovia;state;133;59;227;16;155;100;1,71;2,19;0;0,3;171,21;172,21;4,5;4,21
10;Syngovia;transition;133;59;227;129;226;100;1,68;14,56;0;2,44;176,21;177,21;19,44;18,67
10;Syngovia;pair;133;59;227;320;2939;100;2,22;4,26;92,82;5,73;195,21;200,21;109,41;105,02
10;Syngovia;state;134;63;235;16;159;100;1,5;2,07;0;0,34;9,67;9,67;4,13;3,9
10;Syngovia;transition;134;63;235;128;234;100;1,45;13,24;0;1,72;13,67;15,67;16,98;16,41
10;Syngovia;pair;134;63;235;372;3509;100;1,92;3,29;111,25;4,44;37,67;42,67;125,48;120,9
10;Syngovia;state;135;70;268;18;180;100;2,04;2,46;0;0,3;44,67;45,67;5,05;4,8
10;Syngovia;transition;135;70;268;157;267;100;2;17,39;0;2,32;50,67;51,67;22,37;21,71
10;Syngovia;pair;135;70;268;392;3619;100;1,91;3,76;160,96;5,01;75,67;81,67;177,04;171,65
10;Syngovia;state;136;63;231;16;219;100;1,77;2,25;0;0,38;83,67;83,67;4,76;4,41
10;Syngovia;transition;136;63;231;126;230;100;1,92;23,46;0;2,47;88,67;90,67;28,59;27,85
10;Syngovia;pair;136;63;231;313;4142;100;1,94;3,16;153,3;5,43;109,67;115,67;168,87;163,82
10;Syngovia;state;137;74;278;18;184;100;2,16;2,84;0;0,47;117,67;118,67;5,86;5,48
10;Syngovia;transition;137;74;278;161;277;100;2,12;19,34;0;2,1;123,67;125,67;24,31;23,56
10;Syngovia;pair;137;74;278;462;4343;100;2,09;4,83;206,47;6,47;155,67;162,67;226,41;219,86
10;Syngovia;state;138;63;235;16;159;100;2,03;2,26;0;0,33;163,67;164,67;4,94;4,61
10;Syngovia;transition;138;63;235;128;234;100;1,79;15,76;0;1,86;168,67;169,67;20,14;19,41
10;Syngovia;pair;138;63;235;372;3509;100;2,22;4,34;143,61;4,21;192,67;197,67;159,6;154,38
10;Syngovia;state;139;74;280;18;184;100;2,1;3,86;0;0,26;199,68;7,68;6,46;6,22
10;Syngovia;transition;139;74;280;163;279;100;1,62;17,47;0;2,59;13,68;15,68;22,33;21,68
10;Syngovia;pair;139;74;280;464;4392;100;1,64;3,93;190,01;6,47;46,68;52,68;208,12;202,04
10;Syngovia;state;140;74;267;18;252;100;2,49;3,32;0;0,55;54,68;54,68;6,78;6,36
10;Syngovia;transition;140;74;267;152;266;100;1,93;37,5;0;2,29;60,68;62,68;42,48;41,72
10;Syngovia;pair;140;74;267;375;4948;100;1,92;3,46;276,05;7,35;87,68;94,68;295,79;288,78
10;Syngovia;state;141;74;269;18;252;100;2,57;3,13;0;0,55;96,68;96,68;6,68;6,25
10;Syngovia;transition;141;74;269;154;268;100;2,47;42,68;0;3,72;102,68;104,68;49,75;48,87
10;Syngovia;pair;141;74;269;381;5028;100;2,39;4,41;276,14;5,67;130,68;137,68;295,06;288,61
10;Syngovia;state;142;70;276;18;180;100;2,14;2,36;0;0,39;139,68;139,68;5,22;4,9
10;Syngovia;transition;142;70;276;165;275;100;1,99;18,78;0;2,26;145,68;146,68;23,72;23,03
10;Syngovia;pair;142;70;276;421;3846;100;1,81;4,51;169,36;5,29;173,68;179,68;187,13;180,97
10;Syngovia;state;143;74;269;18;252;100;1,78;1,9;0;0,38;180,68;181,68;4,27;4,06
10;Syngovia;transition;143;74;269;154;268;100;1,45;32,25;0;3,21;187,68;189,68;37,56;36,92
10;Syngovia;pair;143;74;269;381;5028;100;2,29;3,98;226,53;5,21;200,84;30,84;244,03;238,01
10;Syngovia;state;144;74;273;18;184;100;1,92;1,9;0;0,32;32,84;33,84;4,38;4,14
10;Syngovia;transition;144;74;273;156;272;100;1,77;16,92;0;2,41;38,84;39,84;21,79;21,1
10;Syngovia;pair;144;74;273;445;4205;100;2,04;4,11;185,54;5,31;69,84;75,84;203,61;197,01
10;Syngovia;state;145;74;281;18;252;100;2,08;2,47;0;0,37;77,84;77,84;5,34;4,92
10;Syngovia;transition;145;74;281;166;280;100;2,04;36,59;0;3,23;83,84;86,84;42,61;41,85
10;Syngovia;pair;145;74;281;417;5516;100;2,04;4,01;390,36;9,29;115,84;123,84;413,22;405,7
10;Syngovia;state;146;74;277;18;252;100;2,84;3,41;0;0,59;125,84;125,84;7,23;6,84
10;Syngovia;transition;146;74;277;162;276;100;2,73;46,89;0;3,1;131,84;133,84;53,56;52,72
10;Syngovia;pair;146;74;277;405;5360;100;2,25;4,69;332,72;6,92;161,84;169,84;353,46;346,58
10;Syngovia;state;147;63;231;16;219;100;1,72;2,08;0;0,3;171,84;171,84;4,36;4,1
10;Syngovia;transition;147;63;231;126;230;100;2,05;24,01;0;2,2;176,84;178,84;28,95;28,26
10;Syngovia;pair;147;63;231;313;4142;100;2,01;3,04;174,83;4,86;198,84;11,79;194,61;184,73
10;Syngovia;state;148;74;272;18;184;100;2,28;3,14;0;0,45;13,79;14,79;6,24;5,88
10;Syngovia;transition;148;74;272;155;271;100;2,48;22,31;0;2,37;19,79;20,79;27,84;27,17
10;Syngovia;pair;148;74;272;444;4173;100;1,88;4;175,59;5,71;49,79;55,79;192,94;187,18
10;Syngovia;state;149;74;273;18;252;100;2,52;3,07;0;0,36;57,79;58,79;6,3;5,96
10;Syngovia;transition;149;74;273;158;272;100;2,07;37,5;0;2,95;64,79;66,79;43,2;42,52
10;Syngovia;pair;149;74;273;394;5202;100;2,22;4,45;278,59;5,97;93,79;100,79;297,94;291,24
10;Syngovia;state;150;74;275;18;184;100;2,07;2,83;0;0,31;102,79;102,79;5,47;5,22
10;Syngovia;transition;150;74;275;158;274;100;1,98;20,2;0;2,55;108,79;109,79;25,37;24,73
10;Syngovia;pair;150;74;275;451;4257;100;2,18;5,09;187,57;5,91;139,79;145,79;208,34;200,75
10;Syngovia;state;151;63;235;16;159;100;1,55;1,77;0;0,28;147,79;147,79;3,83;3,6
10;Syngovia;transition;151;63;235;130;234;100;1,54;12,7;0;2,44;152,79;153,79;17,21;16,67
10;Syngovia;pair;151;63;235;372;3509;100;2,13;4,6;139,98;6,21;176,79;181,79;158,19;152,92
10;Syngovia;state;152;59;227;16;155;100;2,05;2,46;0;0,44;182,79;183,79;5,27;4,94
10;Syngovia;transition;152;59;227;126;226;100;1,91;15,91;0;2,31;187,79;188,79;20,89;20,13
10;Syngovia;pair;152;59;227;320;2939;100;1,96;3,86;94,15;4,49;200,79;20,66;109,53;104,46
10;Syngovia;state;153;59;227;16;155;100;2,26;2,34;0;0,33;22,66;22,66;5,22;4,93
10;Syngovia;transition;153;59;227;129;226;100;1,71;15,01;0;2,26;26,66;27,66;19,61;18,98
10;Syngovia;pair;153;59;227;320;2939;100;1,97;3,4;84,92;4,24;46,66;50,66;99,53;94,52
10;Syngovia;state;154;63;235;16;159;100;1,95;2,23;0;0,31;52,66;52,66;4,75;4,49
10;Syngovia;transition;154;63;235;128;234;100;2,24;15,3;0;1,99;57,66;58,66;20,29;19,53
10;Syngovia;pair;154;63;235;372;3509;100;2,16;3,4;146,66;6,1;80,66;86,66;163,47;158,32
10;Syngovia;state;155;74;280;18;252;100;2,46;3,06;0;0,53;88,66;88,66;6,49;6,06
10;Syngovia;transition;155;74;280;165;279;100;2,37;46,35;0;3,42;94,66;96,66;53,18;52,14
10;Syngovia;pair;155;74;280;415;5478;100;2,84;4,49;347,76;6,34;125,66;133,66;368,01;361,43
10;Syngovia;state;156;74;275;18;184;100;2,32;2,7;0;0,42;135,66;135,66;5,76;5,45
10;Syngovia;transition;156;74;275;158;274;100;2,4;21,13;0;3,04;141,66;142,66;27,45;26,58
10;Syngovia;pair;156;74;275;454;4266;100;2,5;5,11;197,18;5,04;172,66;178,66;216,16;209,84
10;Syngovia;state;157;63;231;16;219;100;1,73;2,21;0;0,33;180,66;180,66;4,52;4,27
10;Syngovia;transition;157;63;231;126;230;100;1,69;22,04;0;3,1;185,66;187,66;27,61;26,82
10;Syngovia;pair;157;63;231;313;4142;100;1,6;2,39;166,58;5,78;199,93;22,93;181,54;176,34
10;Syngovia;state;158;63;235;16;159;100;1,9;2,51;0;0,35;23,93;24,93;5,07;4,76
10;Syngovia;transition;158;63;235;128;234;100;2,02;15,62;0;2,35;28,93;29,93;20,62;19,99
10;Syngovia;pair;158;63;235;372;3509;100;2,13;4,32;186,05;6,09;52,93;57,93;204,36;198,59
10;Syngovia;state;159;70;275;18;180;100;2,67;3,54;0;0,54;59,93;59,93;7,11;6,75
10;Syngovia;transition;159;70;275;164;274;100;2,44;27,72;0;3,11;65,93;66,93;34,12;33,28
10;Syngovia;pair;159;70;275;418;3820;100;2,68;5,61;222,13;7,69;93,93;98,93;245,4;238,1
10;Syngovia;state;160;63;235;16;159;100;2,33;2,79;0;0,4;100,93;100,93;5,87;5,53
10;Syngovia;transition;160;63;235;128;234;100;2,27;18,43;0;2,73;105,93;106,93;24,39;23,43
10;Syngovia;pair;160;63;235;372;3509;100;2,36;4,36;162,51;7,38;129,93;134,93;182,73;176,61
10;Syngovia;state;161;74;275;18;184;100;2,65;3,39;0;0,55;136,93;136,93;6,99;6,6
10;Syngovia;transition;161;74;275;158;274;100;2,67;25,4;0;3,24;141,93;143,93;32,13;31,31
10;Syngovia;pair;161;74;275;454;4261;100;2,56;6,13;201,86;5,88;173,93;179,93;222,84;216,44
10;Syngovia;state;162;74;280;18;252;100;2,22;2,73;0;0,4;181,93;181,93;5,68;5,35
10;Syngovia;transition;162;74;280;165;279;100;2,16;45,87;0;2,6;188,93;190,93;51,28;50,63
10;Syngovia;pair;162;74;280;415;5483;100;2,18;3,69;314,41;8,07;199,93;35,8;335,22;328,35
10;Syngovia;state;163;63;231;16;219;100;2,14;2,59;0;0,46;37,8;37,8;5,53;5,19
10;Syngovia;transition;163;63;231;126;230;100;2,48;25,13;0;2,14;42,8;44,8;30,41;29,75
10;Syngovia;pair;163;63;231;313;4142;100;1,91;2,78;177,03;5,4;64,8;70,8;192,54;187,12
10;Syngovia;state;164;74;277;18;184;100;2,61;3,28;0;0,52;72,8;72,8;6,73;6,4
10;Syngovia;transition;164;74;277;160;276;100;2,39;19,96;0;2,34;77,8;79,8;25,4;24,69
10;Syngovia;pair;164;74;277;460;4317;100;2,42;4,39;208,25;5,84;109,8;116,8;227,23;220,9
10;Syngovia;state;165;74;274;18;184;100;2,23;2,54;0;0,37;118,8;118,8;5,41;5,14
10;Syngovia;transition;165;74;274;157;273;100;2,04;18,07;0;2,59;123,8;125,8;23,32;22,7
10;Syngovia;pair;165;74;274;449;4228;100;2,21;3,91;188,3;6,07;154,8;160,8;206,8;200,49
10;Syngovia;state;166;70;273;18;180;100;2,13;2,64;0;0,39;162,8;163,8;5,48;5,16
10;Syngovia;transition;166;70;273;162;272;100;2,18;18,71;0;2,3;168,8;169,8;23,91;23,18
10;Syngovia;pair;166;70;273;412;3768;100;2,27;3,95;155,82;9,15;195,8;199,8;177,36;171,19
10;Syngovia;state;167;74;276;18;184;100;2,8;3,48;0;0,49;11,73;11,73;7,1;6,76
10;Syngovia;transition;167;74;276;159;275;100;2,73;26,3;0;3,35;16,73;18,73;33,19;32,38
10;Syngovia;pair;167;74;276;454;4287;100;2,75;6,15;245,11;9,33;48,73;54,73;271,19;263,34
10;Syngovia;state;168;70;264;18;180;100;2,74;3,3;0;0,46;56,73;56,73;6,82;6,5
10;Syngovia;transition;168;70;264;153;263;100;2,53;23,98;0;3,39;62,73;63,73;30,84;29,91
10;Syngovia;pair;168;70;264;382;3517;100;2,6;5,36;170,07;7,55;86,73;91,73;192,57;185,58
10;Syngovia;state;169;63;235;16;159;100;2,39;2,93;0;0,42;93,73;93,73;6,04;5,74
10;Syngovia;transition;169;63;235;128;234;100;2,23;18,6;0;2,77;98,73;99,73;24,27;23,6
10;Syngovia;pair;169;63;235;372;3509;100;2,31;4,59;162,54;7,37;122,73;127,73;183,05;176,81
10;Syngovia;state;170;70;266;18;180;100;2,64;3,19;0;0,51;129,73;129,73;6,65;6,33
10;Syngovia;transition;170;70;266;155;265;100;2,57;24,91;0;3,25;134,73;136,73;31,55;30,73
10;Syngovia;pair;170;70;266;387;3566;100;2,61;5,5;175,19;7,69;159,73;165,73;198,13;190,99
10;Syngovia;state;171;63;235;16;159;100;2,67;2,98;0;0,41;167,73;167,73;6,37;6,07
10;Syngovia;transition;171;63;235;128;234;100;2,29;18,38;0;2,77;171,73;173,73;24,1;23,44
10;Syngovia;pair;171;63;235;372;3509;100;2,29;4,68;159,64;9,28;195,73;199,73;182,15;175,9
10;Syngovia;state;172;70;268;18;180;100;2,61;3,33;0;0,48;10,67;10,67;6,78;6,42
10;Syngovia;transition;172;70;268;157;267;100;2,7;25,11;0;3,33;16,67;17,67;31,99;31,13
10;Syngovia;pair;172;70;268;393;3626;100;2,67;5,52;185,19;8,07;42,67;47,67;208,68;201,45
10;Syngovia;state;173;74;277;18;252;100;2,74;3,48;0;0,62;49,67;49,67;7,21;6,84
10;Syngovia;transition;173;74;277;162;276;100;2,75;49,71;0;4,39;55,67;58,67;57,7;56,85
10;Syngovia;pair;173;74;277;405;5360;100;2,89;6,06;420,21;10,16;86,67;93,67;447,45;439,33
10;Syngovia;state;174;74;278;18;252;100;2,87;3,43;0;0,61;95,67;95,67;7,24;6,91
10;Syngovia;transition;174;74;278;163;277;100;2,92;51,23;0;4,52;102,67;104,67;59,63;58,68
10;Syngovia;pair;174;74;278;409;5411;100;2,8;5,86;449,21;10,14;132,67;140,67;476,58;468,01
10;Syngovia;state;175;74;279;18;252;100;2,82;3,49;0;0,59;142,67;142,67;7,24;6,89
10;Syngovia;transition;175;74;279;164;278;100;2,87;51,22;0;4,44;149,67;151,67;59,42;58,53
10;Syngovia;pair;175;74;279;411;5440;100;2,86;5,79;448,46;10,32;179,67;187,67;475,64;467,43
10;Syngovia;state;176;59;227;16;155;100;2,4;2,81;0;0,42;189,67;189,67;5,94;5,64
10;Syngovia;transition;176;59;227;126;226;100;2,16;17,27;0;2,63;193,67;195,67;22,73;22,06
10;Syngovia;pair;176;59;227;320;2939;100;2,2;4,15;113,79;6,21;200,33;26,33;132,04;126,35
10;Syngovia;state;177;74;272;18;252;100;2,78;3,52;0;0,55;28,33;28,33;7,19;6,86
10;Syngovia;transition;177;74;272;157;271;100;2,74;46,71;0;4,21;35,33;37,33;54,54;53,66
10;Syngovia;pair;177;74;272;391;5162;100;2,65;5,66;382,58;9,69;63,33;70,33;408,63;400,57
10;Syngovia;state;178;63;235;16;159;100;2,33;2,8;0;0,41;72,33;72,33;5,86;5,55
10;Syngovia;transition;178;63;235;128;234;100;2,31;18,66;0;2,88;77,33;78,33;24,52;23,86
10;Syngovia;pair;178;63;235;372;3509;100;2,35;4,71;166,49;7,69;101,33;106,33;187,85;181,24
10;Syngovia;state;179;70;279;18;180;100;2,83;3,43;0;0,53;108,33;108,33;7,18;6,8
10;Syngovia;transition;179;70;279;168;278;100;2,7;28,32;0;3,69;114,33;115,33;35,54;34,71
10;Syngovia;pair;179;70;279;431;3935;100;2,78;6,09;229,55;8,55;143,33;149,33;254,8;246,97
10;Syngovia;state;180;70;263;18;180;100;2,57;3,26;0;0,47;151,33;151,33;6,6;6,29
10;Syngovia;transition;180;70;263;152;262;100;2,67;24,05;0;3,28;156,33;157,33;30,79;30,01
10;Syngovia;pair;180;70;263;378;3485;100;2,6;5,52;168,88;7,52;180,33;185,33;191,37;184,52
10;Syngovia;state;181;63;231;16;219;100;2,25;2,89;0;0,49;187,33;187,33;5,95;5,64
10;Syngovia;transition;181;63;231;126;230;100;2,38;30,57;0;3,33;192,33;194,33;37,04;36,28
10;Syngovia;pair;181;63;231;313;4142;100;2,37;4,11;209;7,48;200,47;28,47;229,23;222,96
10;Syngovia;state;182;74;284;18;184;100;2,85;3,51;0;0,55;30,47;30,47;7,24;6,92
10;Syngovia;transition;182;74;284;167;283;100;2,83;28,44;0;3,62;36,47;37,47;35,63;34,89
10;Syngovia;pair;182;74;284;478;4508;100;2,85;6,54;277,79;9,61;70,47;76,47;305,36;296,79
10;Syngovia;state;183;70;264;18;180;100;2,59;3,22;0;0,51;78,47;78,47;6,65;6,32
10;Syngovia;transition;183;70;264;153;263;100;2,55;24,54;0;3,55;84,47;85,47;31,45;30,64
10;Syngovia;pair;183;70;264;382;3517;100;2,58;5,58;173,24;7,67;108,47;114,47;196,08;189,07
10;Syngovia;state;184;59;227;16;155;100;2,21;2,76;0;0,43;115,47;115,47;5,71;5,4
10;Syngovia;transition;184;59;227;129;226;100;2,12;18,08;0;2,63;120,47;121,47;23,46;22,83
10;Syngovia;pair;184;59;227;320;2939;100;2,23;4,39;121,16;6,16;139,47;144,47;139,73;133,94
10;Syngovia;state;185;74;271;18;252;100;2,74;3,34;0;0,56;146,47;146,47;6,95;6,64
10;Syngovia;transition;185;74;271;156;270;100;2,72;47,28;0;4,33;152,47;154,47;55,18;54,33
10;Syngovia;pair;185;74;271;387;5108;100;2,81;5,61;384,04;9,52;180,47;187,47;409,84;401,98
10;Syngovia;state;186;59;227;16;155;100;2,17;2,77;0;0,4;189,47;189,47;5,67;5,34
10;Syngovia;transition;186;59;227;126;226;100;2,25;17,56;0;2,68;194,47;195,47;23,12;22,48
10;Syngovia;pair;186;59;227;320;2939;100;2,22;4,2;114,92;6,16;200,47;25,39;133,33;127,51
10;Syngovia;state;187;70;273;18;180;100;2,63;3,37;0;0,49;27,39;28,39;6,83;6,48
10;Syngovia;transition;187;70;273;162;272;100;2,59;26,33;0;3,41;33,39;35,39;33,08;32,33
10;Syngovia;pair;187;70;273;412;3768;100;2,67;5,92;196,82;8,12;60,39;66,39;220,79;213,52
10;Syngovia;state;188;74;283;18;184;100;2,85;3,43;0;0,52;68,39;68,39;7,14;6,8
10;Syngovia;transition;188;74;283;166;282;100;2,81;23,09;0;2,29;74,39;75,39;28,83;28,19
10;Syngovia;pair;188;74;283;474;4475;100;2,78;5,12;244,71;6,8;107,39;114,39;266,14;259,41
10;Syngovia;state;189;74;274;18;184;100;2;2,87;0;0,34;116,39;116,39;5,52;5,21
10;Syngovia;transition;189;74;274;157;273;100;2,64;21,06;0;2,74;121,39;123,39;27,16;26,44
10;Syngovia;pair;189;74;274;449;4228;100;2,47;4,92;207,07;6,22;152,39;158,39;227,96;220,68
10;Syngovia;state;190;74;267;18;252;100;2,46;2,87;0;0,41;160,39;161,39;6,1;5,75
10;Syngovia;transition;190;74;267;152;266;100;2,42;37,46;0;2,52;166,39;168,39;43,51;42,4
10;Syngovia;pair;190;74;267;375;4948;100;2,04;4,59;282,28;10,89;193,39;200,39;305,79;299,8
10;Syngovia;state;191;70;273;18;180;100;2,5;2,82;0;0,44;9,7;10,7;6,11;5,75
10;Syngovia;transition;191;70;273;162;272;100;2,59;23,18;0;2,9;15,7;16,7;29,35;28,67
10;Syngovia;pair;191;70;273;413;3769;100;2,48;5,53;160,98;5,58;42,7;48,7;180,66;174,57
10;Syngovia;state;192;74;275;18;184;100;2,16;2,65;0;0,37;50,7;50,7;5,48;5,18
10;Syngovia;transition;192;74;275;158;274;100;2,23;21,9;0;2,91;55,7;57,7;27,86;27,05
10;Syngovia;pair;192;74;275;454;4261;100;2,39;5,36;180,21;5,59;87,7;93,7;200,52;193,55
10;Syngovia;state;193;70;266;18;180;100;1,94;2,32;0;0,39;95,7;95,7;4,88;4,65
10;Syngovia;transition;193;70;266;155;265;100;1,86;16,69;0;1,73;100,7;102,7;20,75;20,28
10;Syngovia;pair;193;70;266;387;3566;100;2,05;3,52;125,35;4,19;125,7;131,7;140,27;135,11
10;Syngovia;state;194;59;227;16;155;100;1,82;1,56;0;0,29;132,7;133,7;3,88;3,68
10;Syngovia;transition;194;59;227;126;226;100;1,5;11,01;0;1,42;137,7;138,7;14,35;13,93
10;Syngovia;pair;194;59;227;320;2939;100;1,33;3,12;76,93;3,83;156,7;161,7;89,2;85,22
10;Syngovia;state;195;74;283;18;184;100;2,63;2,74;0;0,38;163,7;163,7;6,05;5,74
10;Syngovia;transition;195;74;283;166;282;100;1,81;18,95;0;2,08;169,7;170,7;23,38;22,84
10;Syngovia;pair;195;74;283;473;4479;100;1,65;3,87;189,65;5,86;201,7;19,61;206,84;201,03
10;Syngovia;state;196;70;264;18;180;100;1,75;2,41;0;0,31;20,61;21,61;4,72;4,48
10;Syngovia;transition;196;70;264;153;263;100;1,62;17,27;0;2,01;26,61;27,61;21,49;20,9
10;Syngovia;pair;196;70;264;382;3517;100;2,24;3,62;150,32;7,36;50,61;56,61;169,25;163,53
10;Syngovia;state;197;74;279;18;252;100;2,87;3,5;0;0,59;58,61;58,61;7,39;6,95
10;Syngovia;transition;197;74;279;164;278;100;2,37;39,39;0;3,17;64,61;67,61;45,77;44,93
10;Syngovia;pair;197;74;279;412;5451;100;2,18;4,33;352,57;8,87;95,61;103,61;375,11;367,95
10;Syngovia;state;198;63;235;16;159;100;2,71;2,71;0;0,44;105,61;105,61;6,23;5,86
10;Syngovia;transition;198;63;235;130;234;100;2,54;17,95;0;2,59;110,61;111,61;23,77;23,08
10;Syngovia;pair;198;63;235;372;3509;100;2,21;4,72;133,31;6,22;133,61;139,61;152,19;146,46
10;Syngovia;state;199;74;284;18;184;100;2,45;3,36;0;0,44;141,61;141,61;6,56;6,25
10;Syngovia;transition;199;74;284;167;283;100;2,47;23,44;0;2,92;147,61;148,61;29,57;28,83
10;Syngovia;pair;199;74;284;479;4505;100;2,45;5,68;221,63;7,95;180,61;187,61;245,36;237,71
10;Syngovia;state;200;63;231;16;219;100;1,85;2,54;0;0,4;189,61;189,61;5,1;4,79
10;Syngovia;transition;200;63;231;126;230;100;2,07;25,35;0;2,06;194,61;196,61;30,06;29,47
10;Syngovia;pair;200;63;231;313;4142;100;1,67;2,79;167,03;4,61;200,2;30,2;180,5;176,11
10;Syngovia;state;201;74;273;18;184;100;2,34;2,57;0;0,36;32,2;33,2;5,55;5,27
10;Syngovia;transition;201;74;273;156;272;100;1,94;18,28;0;2,2;38,2;40,2;23,01;22,41
10;Syngovia;pair;201;74;273;447;4207;100;2,11;5,8;183,26;6,17;69,2;75,2;203,52;197,34
10;Syngovia;state;202;70;276;18;180;100;2,39;2,93;0;0,33;77,2;77,2;5,92;5,65
10;Syngovia;transition;202;70;276;165;275;100;1,99;19,58;0;2,07;83,2;84,2;24,26;23,65
10;Syngovia;pair;202;70;276;421;3846;100;2,11;4,13;183,67;5,36;111,2;116,2;200,58;195,27
10;Syngovia;state;203;74;275;18;184;100;2,13;2,48;0;0,32;118,2;119,2;5,23;4,94
10;Syngovia;transition;203;74;275;158;274;100;2,72;18,53;0;2,33;124,2;126,2;24,2;23,58
10;Syngovia;pair;203;74;275;449;4257;100;2,1;5,32;183,33;6,83;155,2;161,2;204,14;197,57
10;Syngovia;state;204;74;269;18;252;100;2,01;2,58;0;0,5;163,2;164,2;5,38;5,08
10;Syngovia;transition;204;74;269;154;268;100;2,37;40,43;0;3,92;169,2;172,2;47,63;46,72
10;Syngovia;pair;204;74;269;381;5028;100;2,45;5,27;261,81;8,37;197,2;200,2;283,99;277,9
10;Syngovia;state;205;74;269;18;252;100;2,14;2,86;0;0,35;13,73;13,73;5,61;5,35
10;Syngovia;transition;205;74;269;154;268;100;2,07;36,12;0;3,73;19,73;21,73;42,75;41,93
10;Syngovia;pair;205;74;269;381;5028;100;2,65;5;316,92;5,93;47,73;54,73;337,21;330,49
10;Syngovia;state;206;63;231;16;219;100;1,79;2,92;0;0,41;56,73;56,73;5,47;5,12
10;Syngovia;transition;206;63;231;126;230;100;2,13;26,51;0;3,1;61,73;63,73;32,55;31,74
10;Syngovia;pair;206;63;231;313;4142;100;2,03;3,81;165,8;4,48;83,73;88,73;180,91;176,12
10;Syngovia;state;207;63;235;16;159;100;1,7;2,05;0;0,32;90,73;90,73;4,29;4,06
10;Syngovia;transition;207;63;235;128;234;100;1,79;13,11;0;1,73;95,73;96,73;17,14;16,63
10;Syngovia;pair;207;63;235;372;3509;100;1,68;3,49;120,99;4,85;119,73;124,73;136,21;131,01
10;Syngovia;state;208;74;285;18;184;100;2,46;2,92;0;0,42;126,73;126,73;6,07;5,8
10;Syngovia;transition;208;74;285;168;284;100;2,62;25,45;0;2,77;132,73;134,73;31,63;30,83
10;Syngovia;pair;208;74;285;483;4538;100;2,75;4,5;218,51;5,4;166,73;173,73;237,49;231,17
10;Syngovia;state;209;74;283;18;184;100;1,67;2,08;0;0,33;175,73;175,73;4,27;4,08
10;Syngovia;transition;209;74;283;166;282;100;1,64;17,84;0;2,03;181,73;182,73;22;21,5
10;Syngovia;pair;209;74;283;477;4486;100;1,83;4,12;181,4;5,92;201,06;31,06;199,26;193,27
10;Syngovia;state;210;74;274;18;184;100;2,71;2,48;0;0,3;33,06;33,06;5,75;5,5
10;Syngovia;transition;210;74;274;157;273;100;1,57;18,26;0;2,22;39,06;40,06;22,62;22,06
10;Syngovia;pair;210;74;274;450;4225;100;2,53;4,02;228,15;8,17;70,06;76,06;250,24;242,86
10;Syngovia;state;211;74;275;18;184;100;2,62;3,18;0;0,48;78,06;78,06;6,79;6,28
10;Syngovia;transition;211;74;275;158;274;100;2,57;26,52;0;3,1;83,06;85,06;33,11;32,18
10;Syngovia;pair;211;74;275;452;4259;100;2,74;5,93;210,72;7,1;115,06;121,06;233,39;226,5
10;Syngovia;state;212;70;270;18;180;100;2,1;2,56;0;0,36;123,06;123,06;5,31;5,02
10;Syngovia;transition;212;70;270;159;269;100;2,01;19,96;0;2,35;128,06;130,06;24,97;24,32
10;Syngovia;pair;212;70;270;401;3678;100;2,18;3,65;182,06;6,81;155,06;160,06;201,16;194,7
10;Syngovia;state;213;74;283;18;184;100;2,79;3,26;0;0,48;162,06;162,06;6,84;6,53
10;Syngovia;transition;213;74;283;166;282;100;2,62;20,98;0;2,48;168,06;170,06;26,74;26,08
10;Syngovia;pair;213;74;283;473;4479;100;2,38;5,01;218,57;5,32;200,06;16,85;237,26;231,28
10;Syngovia;state;214;63;235;16;159;100;1,92;2,32;0;0,31;18,85;18,85;4,86;4,55
10;Syngovia;transition;214;63;235;128;234;100;1,99;13,48;0;1,76;22,85;24,85;17,81;17,23
10;Syngovia;pair;214;63;235;372;3509;100;1,8;3,22;131,61;5,93;46,85;51,85;147,76;142,56
10;Syngovia;state;215;70;274;18;180;100;2,37;2,68;0;0,45;53,85;54,85;5,78;5,5
10;Syngovia;transition;215;70;274;163;273;100;2,34;22,36;0;2,89;59,85;61,85;28,32;27,59
10;Syngovia;pair;215;70;274;414;3789;100;2,68;5,59;162,77;5,81;86,85;92,85;183,34;176,85
10;Syngovia;state;216;74;272;18;184;100;2,11;2,29;0;0,31;94,85;94,85;4,93;4,71
10;Syngovia;transition;216;74;272;155;271;100;1,82;18,44;0;2,42;100,85;101,85;23,31;22,68
10;Syngovia;pair;216;74;272;443;4176;100;2,3;4,1;178,42;6,42;130,85;136,85;196,71;191,24
10;Syngovia;state;217;74;270;18;252;100;2,51;2,88;0;0,37;138,85;138,85;6,06;5,76
10;Syngovia;transition;217;74;270;155;269;100;1,84;35,15;0;2,48;144,85;146,85;40,08;39,47
10;Syngovia;pair;217;74;270;384;5068;100;1,76;3,38;259,99;6,62;172,85;179,85;277,78;271,74
10;Syngovia;state;218;74;273;18;184;100;2,05;2,67;0;0,36;181,85;181,85;5,38;5,08
10;Syngovia;transition;218;74;273;156;272;100;2,2;18,89;0;2,53;187,85;188,85;24,3;23,63
10;Syngovia;pair;218;74;273;447;4205;100;2,23;4,81;173,74;5,34;199,85;33,78;192,34;186,12
10;Syngovia;state;219;59;227;16;155;100;1,65;1,72;0;0,29;34,78;35,78;3,88;3,66
10;Syngovia;transition;219;59;227;126;226;100;1,69;11,91;0;1,38;39,78;40,78;15,42;14,98
10;Syngovia;pair;219;59;227;320;2939;100;1,65;3,24;79,69;3,77;58,78;63,78;92,27;88,36
10;Syngovia;state;220;70;266;18;180;100;2;2,65;0;0,34;65,78;65,78;5,32;5
10;Syngovia;transition;220;70;266;155;265;100;1,8;19,81;0;2,04;70,78;72,78;24,19;23,65
10;Syngovia;pair;220;70;266;387;3570;100;2,01;4,5;143,23;7;95,78;101,78;162,45;156,74
10;Syngovia;state;221;70;267;18;180;100;2,62;3,09;0;0,47;103,78;103,78;6,54;6,18
10;Syngovia;transition;221;70;267;156;266;100;2,56;19,82;0;1,97;108,78;109,78;25,05;24,36
10;Syngovia;pair;221;70;267;389;3591;100;2,35;4,22;134,78;5,12;133,78;139,78;152,38;146,47
10;Syngovia;state;222;74;274;18;184;100;2,1;2,42;0;0,43;141,78;141,78;5,25;4,96
10;Syngovia;transition;222;74;274;157;273;100;1,94;18,33;0;2,23;146,78;148,78;23,18;22,5
10;Syngovia;pair;222;74;274;448;4227;100;1,88;3,87;177,57;5,94;177,78;183,78;195,74;189,26
10;Syngovia;state;223;74;287;18;184;100;2,07;2,71;0;0,49;185,78;186,78;5,55;5,27
10;Syngovia;transition;223;74;287;170;286;100;2,16;21;0;2,58;191,78;193,78;26,37;25,74
10;Syngovia;pair;223;74;287;489;4599;100;2,17;5,01;208,56;6,24;199,78;42,61;228,44;221,98
10;Syngovia;state;224;59;227;16;155;100;1,97;2,32;0;0,27;44,61;44,61;4,84;4,56
10;Syngovia;transition;224;59;227;126;226;100;1,92;12,99;0;2,1;48,61;49,61;17,63;17,01
10;Syngovia;pair;224;59;227;320;2939;100;1,86;2,59;93,14;4,23;68,61;72,61;107,04;101,82
10;Syngovia;state;225;63;235;16;159;100;2,06;2,9;0;0,37;74,61;74,61;5,69;5,33
10;Syngovia;transition;225;63;235;128;234;100;2,04;14,38;0;1,87;79,61;80,61;18,93;18,28
10;Syngovia;pair;225;63;235;372;3509;100;2,18;4,15;129,61;5,64;103,61;108,61;147,12;141,58
10;Syngovia;state;226;74;276;18;184;100;2,34;2,88;0;0,32;110,61;110,61;5,88;5,54
10;Syngovia;transition;226;74;276;159;275;100;2,55;21,31;0;2,54;115,61;117,61;27,01;26,4
10;Syngovia;pair;226;74;276;453;4282;100;2;5,14;244,12;8,14;147,61;153,61;266,31;259,4
10;Syngovia;state;227;74;280;18;252;100;2,7;3,36;0;0,54;155,61;155,61;6,99;6,6
10;Syngovia;transition;227;74;280;165;279;100;2,67;51,53;0;3,98;162,61;164,61;59,17;58,18
10;Syngovia;pair;227;74;280;415;5483;100;2,8;5,74;435,98;14,89;193,61;199,76;467,32;459,41
10;Syngovia;state;228;59;227;16;155;100;2,04;2,48;0;0,39;10,76;10,76;5,3;4,92
10;Syngovia;transition;228;59;227;126;226;100;1,85;14,77;0;1,82;15,76;16,76;18,97;18,44
10;Syngovia;pair;228;59;227;320;2939;100;1,86;3,37;98,55;4,63;34,76;39,76;113,38;108,41
10;Syngovia;state;229;70;275;18;180;100;2,79;2,8;0;0,42;41,76;41,76;6,33;6,01
10;Syngovia;transition;229;70;275;164;274;100;2,28;23,27;0;3,17;46,76;48,76;29,45;28,72
10;Syngovia;pair;229;70;275;418;3820;100;2,39;6,05;202,91;6,33;74,76;80,76;223,76;217,68
10;Syngovia;state;230;74;272;18;252;100;2,67;3,4;0;0,7;82,76;82,76;7,2;6,77
10;Syngovia;transition;230;74;272;157;271;100;2,64;43,22;0;2,75;88,76;90,76;49,53;48,6
10;Syngovia;pair;230;74;272;390;5156;100;2,17;4,89;393,73;9,88;117,76;124,76;418,4;410,67
10;Syngovia;state;231;74;275;18;184;100;2,85;3,36;0;0,51;126,76;126,76;7,06;6,71
10;Syngovia;transition;231;74;275;158;274;100;2,71;26,55;0;3,59;132,76;133,76;33,57;32,86
10;Syngovia;pair;231;74;275;449;4257;100;2,87;6,21;252,5;9,41;163,76;169,76;278,71;270,98
10;Syngovia;state;232;63;231;16;219;100;2,44;2,86;0;0,54;171,76;171,76;6,23;5,84
10;Syngovia;transition;232;63;231;126;230;100;2,23;30,64;0;3,52;176,76;178,76;37,09;36,4
10;Syngovia;pair;232;63;231;313;4142;100;2,3;4,23;227,66;7,51;197,76;11,71;249,84;241,7
10;Syngovia;state;233;74;275;18;184;100;2,78;3,44;0;0,5;13,71;13,71;7,01;6,71
10;Syngovia;transition;233;74;275;158;274;100;2,72;25,7;0;3,48;19,71;20,71;32,66;31,9
10;Syngovia;pair;233;74;275;452;4259;100;2,82;3,7;203,28;6,51;50,71;56,71;222,53;216,31
10;Syngovia;state;234;74;273;18;184;100;2,44;2,58;0;0,33;58,71;59,71;5,66;5,36
10;Syngovia;transition;234;74;273;156;272;100;1,98;19,92;0;2,29;64,71;65,71;24,84;24,19
10;Syngovia;pair;234;74;273;445;4205;100;2,2;5,14;176,17;5,71;94,71;101,71;195,29;189,21
10;Syngovia;state;235;74;273;18;184;100;2,02;2,43;0;0,33;103,71;103,71;5,08;4,78
10;Syngovia;transition;235;74;273;156;272;100;2,05;18,16;0;1,88;108,71;110,71;22,65;22,09
10;Syngovia;pair;235;74;273;447;4210;100;1,84;3,87;199,47;6,7;139,71;145,71;217,58;211,88
10;Syngovia;state;236;74;277;18;184;100;2,59;3;0;0,34;147,71;147,71;6,2;5,92
10;Syngovia;transition;236;74;277;160;276;100;2;17,58;0;2,07;153,71;154,71;22,19;21,64
10;Syngovia;pair;236;74;277;458;4317;100;1,7;4,06;233;8,68;185,71;191,71;254,01;247,44
10;Syngovia;state;237;59;227;16;155;100;2,09;2,49;0;0,44;193,71;193,71;5,34;5,02
10;Syngovia;transition;237;59;227;129;226;100;2,05;16,43;0;5,56;197,71;199,75;24,75;24,04
10;Syngovia;pair;237;59;227;320;2939;100;2,16;3,98;106,68;5,35;25,75;29,75;123,42;118,17
10;Syngovia;state;238;59;227;16;155;100;2,27;2,52;0;0,29;31,75;31,75;5,37;5,08
10;Syngovia;transition;238;59;227;126;226;100;1,82;17,04;0;2,51;35,75;37,75;22;21,37
10;Syngovia;pair;238;59;227;320;2939;100;1,92;3,98;99,91;4,68;55,75;59,75;115,79;110,48
10;Syngovia;state;239;63;231;16;219;100;1,84;2,51;0;0,38;61,75;61,75;5,06;4,74
10;Syngovia;transition;239;63;231;126;230;100;2,11;27,91;0;2,88;66,75;68,75;33,69;32,9
10;Syngovia;pair;239;63;231;313;4142;100;1,99;3,75;205,53;5,43;88,75;94,75;222,49;216,69
10;Syngovia;state;240;74;286;18;184;100;2,24;2,97;0;0,48;96,75;96,75;6,01;5,69
10;Syngovia;transition;240;74;286;169;285;100;2,62;27,35;0;3,18;102,75;103,75;34,02;33,15
10;Syngovia;pair;240;74;286;486;4567;100;2,39;4,65;245,44;7,49;136,75;143,75;266,26;259,97
10;Syngovia;state;241;74;273;18;184;100;2,17;2,38;0;0,36;145,75;145,75;5,18;4,92
10;Syngovia;transition;241;74;273;156;272;100;2,05;17,28;0;2,59;151,75;152,75;22,54;21,92
10;Syngovia;pair;241;74;273;445;4205;100;2,09;4,26;185,82;5,35;181,75;187,75;204,55;197,52
10;Syngovia;state;242;74;274;18;184;100;2,08;2,7;0;0,49;189,75;190,75;5,59;5,27
10;Syngovia;transition;242;74;274;157;273;100;2,14;18,63;0;2,28;195,75;197,75;23,7;23,04
10;Syngovia;pair;242;74;274;447;4230;100;2,14;6,66;183,65;5,31;199,82;40,82;203,62;197,75
10;Syngovia;state;243;70;266;18;180;100;2,06;2,55;0;0,38;42,82;42,82;5,27;4,99
10;Syngovia;transition;243;70;266;155;265;100;2,07;17,55;0;2,28;47,82;49,82;22,52;21,91
10;Syngovia;pair;243;70;266;387;3570;100;2,21;4,67;139,19;5,12;73,82;78,82;157,1;151,19
10;Syngovia;state;244;74;285;18;184;100;2,49;2,68;0;0,42;80,82;80,82;5,85;5,59
10;Syngovia;transition;244;74;285;168;284;100;1,94;20,9;0;2,52;86,82;88,82;25,99;25,36
10;Syngovia;pair;244;74;285;482;4543;100;2,21;4,56;280,26;6,85;120,82;127,82;299,93;293,87
10;Syngovia;state;245;70;265;18;180;100;2,45;3,12;0;0,44;129,82;129,82;6,31;6,01
10;Syngovia;transition;245;70;265;154;264;100;2,48;18,88;0;1,97;134,82;136,82;23,88;23,32
10;Syngovia;pair;245;70;265;384;3542;100;2,32;5,14;161,62;6,44;159,82;164,82;181,89;175,51
10;Syngovia;state;246;70;275;18;180;100;2,63;3,11;0;0,45;166,82;167,82;6,52;6,18
10;Syngovia;transition;246;70;275;164;274;100;2,54;24,57;0;3,15;172,82;174,82;31,04;30,27
10;Syngovia;pair;246;70;275;418;3824;100;2,66;5,58;194,38;5,61;200,82;15,66;214,76;208,23
10;Syngovia;state;247;59;227;16;155;100;2,24;2,52;0;0,32;16,66;17,66;5,41;5,07
10;Syngovia;transition;247;59;227;126;226;100;1,64;13,31;0;2;21,66;22,66;17,56;16,95
10;Syngovia;pair;247;59;227;320;2939;100;1,91;3,05;85,82;4;40,66;45,66;99,52;94,79
10;Syngovia;state;248;74;284;18;184;100;2,2;2,65;0;0,33;47,66;47,66;5,42;5,18
10;Syngovia;transition;248;74;284;167;283;100;2,14;21,7;0;2,19;53,66;54,66;26,66;26,03
10;Syngovia;pair;248;74;284;478;4508;100;2,33;4,54;231,2;7,49;87,66;93,66;252,09;245,56
10;Syngovia;state;249;70;264;18;180;100;2,1;3,14;0;0,47;95,66;95,66;6,05;5,71
10;Syngovia;transition;249;70;264;153;263;100;1,96;18,11;0;2,39;100,66;102,66;23,23;22,45
10;Syngovia;pair;249;70;264;382;3517;100;2,16;4,2;140,89;5,33;125,66;130,66;157,89;152,58
10;Syngovia;state;250;63;235;16;159;100;1,93;2,84;0;0,39;132,66;132,66;5,48;5,16
10;Syngovia;transition;250;63;235;128;234;100;1,93;16,4;0;2,36;137,66;138,66;21,51;20,69
10;Syngovia;pair;250;63;235;372;3509;100;2,09;4,27;148,71;5,92;161,66;166,66;166,65;160,99
10;Syngovia;state;251;74;277;18;184;100;2,59;2,86;0;0,36;168,66;168,66;6,09;5,81
10;Syngovia;transition;251;74;277;160;276;100;2,11;20,67;0;2,44;174,66;175,66;25,94;25,22
10;Syngovia;pair;251;74;277;461;4322;100;2,53;4,21;213,88;6,64;200,42;22,42;234,08;227,26
10;Syngovia;state;252;74;277;18;184;100;2,62;2,72;0;0,56;24,42;24,42;6,28;5,89
10;Syngovia;transition;252;74;277;160;276;100;2,44;20,48;0;2,4;30,42;31,42;26,14;25,31
10;Syngovia;pair;252;74;277;460;4317;100;2,89;5,83;225,43;6,68;62,42;68,42;248,23;240,82
10;Syngovia;state;253;63;231;16;219;100;2,39;2,96;0;0,47;70,42;70,42;6,14;5,82
10;Syngovia;transition;253;63;231;126;230;100;2,34;23,55;0;2,29;75,42;77,42;28,98;28,18
10;Syngovia;pair;253;63;231;313;4142;100;1,99;3,87;184,54;5,78;96,42;102,42;201,53;196,17
10;Syngovia;state;254;74;276;18;184;100;2,24;2,89;0;0,4;104,42;105,42;5,82;5,52
10;Syngovia;transition;254;74;276;159;275;100;2,28;21,52;0;3,09;110,42;112,42;27,58;26,88
10;Syngovia;pair;254;74;276;456;4291;100;2,8;5,88;238,87;9,47;142,42;148,42;264,87;257,03
10;Syngovia;state;255;74;278;18;252;100;2,39;2,85;0;0,43;150,42;150,42;6,03;5,68
10;Syngovia;transition;255;74;278;163;277;100;3,31;48,15;0;3,53;156,42;159,42;55,76;54,99
10;Syngovia;pair;255;74;278;409;5411;100;2,61;4,96;392,77;9,62;187,42;195,42;417,51;409,96
10;Syngovia;state;256;63;235;16;159;100;2,22;2,84;0;0,44;197,42;197,42;5,82;5,5
10;Syngovia;transition;256;63;235;128;234;100;2,12;27;0;2,23;200,42;10,88;32,08;31,34
10;Syngovia;pair;256;63;235;372;3509;100;2,12;3,79;126,45;4,94;32,88;37,88;142,48;137,3
10;Syngovia;state;257;63;231;16;219;100;2,49;2,42;0;0,37;39,88;39,88;5,57;5,28
10;Syngovia;transition;257;63;231;126;230;100;1,77;23,8;0;2,82;44,88;46,88;29,07;28,39
10;Syngovia;pair;257;63;231;313;4142;100;1,93;4,18;165,77;5,71;66,88;72,88;183,62;177,59
10;Syngovia;state;258;70;278;18;180;100;2,48;2,75;0;0,35;74,88;74,88;5,89;5,58
10;Syngovia;transition;258;70;278;167;277;100;2,36;23,24;0;2,63;79,88;81,88;28,85;28,22
10;Syngovia;pair;258;70;278;428;3909;100;2,36;5,17;200,06;6,76;108,88;114,88;221,89;214,35
10;Syngovia;state;259;74;286;18;184;100;2,79;3,39;0;0,36;116,88;116,88;6,88;6,54
10;Syngovia;transition;259;74;286;169;285;100;2,62;27,14;0;2,99;122,88;124,88;33,64;32,75
10;Syngovia;pair;259;74;286;486;4567;100;2,93;5,15;267,42;7,14;157,88;163,88;290,23;282,64
10;Syngovia;state;260;74;283;18;184;100;2,57;2,9;0;0,37;165,88;166,88;6,16;5,83
10;Syngovia;transition;260;74;283;166;282;100;2,83;23,16;0;2,45;171,88;173,88;29,07;28,44
10;Syngovia;pair;260;74;283;477;4486;100;2,67;5,08;246,96;6,33;201,88;22,49;267,93;261,04
10;Syngovia;state;261;74;283;18;184;100;2,09;3,18;0;0,4;24,49;24,49;5,98;5,67
10;Syngovia;transition;261;74;283;166;282;100;2,34;22,91;0;3,31;30,49;31,49;29,33;28,56
10;Syngovia;pair;261;74;283;476;4481;100;2,8;4,64;217,96;6,79;63,49;70,49;239,29;232,2
10;Syngovia;state;262;70;275;18;180;100;2,12;2,66;0;0,69;72,49;72,49;5,77;5,47
10;Syngovia;transition;262;70;275;164;274;100;2,2;20,58;0;2,47;77,49;79,49;25,89;25,25
10;Syngovia;pair;262;70;275;418;3820;100;2,41;4,17;175,25;5,99;105,49;111,49;193,78;187,82
10;Syngovia;state;263;59;227;16;155;100;2,47;2,36;0;0,38;113,49;113,49;5,57;5,21
10;Syngovia;transition;263;59;227;126;226;100;1,82;13,93;0;1,96;117,49;118,49;18,28;17,71
10;Syngovia;pair;263;59;227;320;2939;100;1,85;3,79;95,23;4,33;137,49;141,49;110,14;105,2
10;Syngovia;state;264;70;276;18;180;100;2,32;2,82;0;0,35;143,49;143,49;5,79;5,49
10;Syngovia;transition;264;70;276;165;275;100;2,42;23,52;0;2,52;149,49;150,49;29,07;28,46
10;Syngovia;pair;264;70;276;419;3842;100;2,33;3,95;177,4;6,68;177,49;182,49;196,12;190,37
10;Syngovia;state;265;74;275;18;184;100;2,3;2,58;0;0,38;184,49;185,49;5,57;5,26
10;Syngovia;transition;265;74;275;158;274;100;1,97;20,28;0;2,44;190,49;191,49;25,44;24,69
10;Syngovia;pair;265;74;275;454;4266;100;2,39;4,37;196,32;7,27;199,65;37,65;217,01;210,36
10;Syngovia;state;266;74;269;18;252;100;2,57;2,81;0;0,53;39,65;39,65;6,3;5,91
10;Syngovia;transition;266;74;269;154;268;100;2,08;38,98;0;2,74;45,65;47,65;44,45;43,8
10;Syngovia;pair;266;74;269;381;5028;100;2,32;4,07;341,72;7,06;72,65;79,65;362,66;355,17
10;Syngovia;state;267;63;231;16;219;100;1,96;2,43;0;0,46;81,65;81,65;5,15;4,85
10;Syngovia;transition;267;63;231;126;230;100;1,96;28,65;0;2,61;86,65;88,65;33,96;33,21
10;Syngovia;pair;267;63;231;313;4142;100;1,91;2,83;171,95;5,18;108,65;114,65;187,41;181,87
10;Syngovia;state;268;74;274;18;184;100;2,25;2,88;0;0,4;116,65;116,65;5,83;5,54
10;Syngovia;transition;268;74;274;157;273;100;2,1;19,15;0;2,49;121,65;123,65;24,48;23,74
10;Syngovia;pair;268;74;274;447;4230;100;2,02;4,05;187,13;7,92;152,65;159,65;207,64;201,12
10;Syngovia;state;269;70;266;18;180;100;2,62;3,03;0;0,48;160,65;161,65;6,48;6,13
10;Syngovia;transition;269;70;266;155;265;100;2,38;23,57;0;2,92;166,65;167,65;29,68;28,87
10;Syngovia;pair;269;70;266;387;3570;100;2;5,11;159,71;5,47;191,65;196,65;178,07;172,3
10;Syngovia;state;270;63;231;16;219;100;1,75;2,18;0;0,36;198,65;198,65;4,6;4,3
10;Syngovia;transition;270;63;231;126;230;100;9,28;24,23;0;2,37;11,57;13,57;36,56;35,88
10;Syngovia;pair;270;63;231;313;4142;100;2,08;2,84;169,01;4,91;33,57;39,57;184,35;178,84
10;Syngovia;state;271;74;268;18;252;100;1,96;2,37;0;0,49;41,57;41,57;5,11;4,82
10;Syngovia;transition;271;74;268;153;267;100;1,97;34,16;0;2,76;47,57;49,57;39,65;38,89
10;Syngovia;pair;271;74;268;378;4988;100;2,19;3,89;342,75;6,23;74,57;81,57;362,34;355,05
10;Syngovia;state;272;70;265;18;180;100;2,07;2,6;0;0,45;83,57;83,57;5,55;5,13
10;Syngovia;transition;272;70;265;154;264;100;1,96;17,76;0;2,15;88,57;90,57;22,52;21,87
10;Syngovia;pair;272;70;265;384;3542;100;1,94;3,85;161,59;6,56;113,57;119,57;180,01;173,95
10;Syngovia;state;273;74;281;18;184;100;15,4;4,77;0;0,54;121,57;121,57;21,45;20,71
10;Syngovia;transition;273;74;281;164;280;100;3,1;27,17;0;3,32;127,57;128,57;34,6;33,59
10;Syngovia;pair;273;74;281;468;4423;100;2,8;6,21;293,63;8,37;159,57;166,57;320,57;311,02
10;Syngovia;state;274;74;281;18;252;100;2,97;3,51;0;0,56;168,57;168,57;7,5;7,04
10;Syngovia;transition;274;74;281;166;280;100;2,85;45,25;0;3,81;175,57;177,57;52,92;51,91
10;Syngovia;pair;274;74;281;417;5520;100;2,21;4,18;488,19;7,18;201,64;24,64;508,92;501,77
10;Syngovia;state;275;74;274;18;184;100;2,27;3,21;0;0,38;26,64;26,64;6,16;5,86
10;Syngovia;transition;275;74;274;157;273;100;2,31;21,33;0;2,37;31,64;33,64;26,74;26,01
10;Syngovia;pair;275;74;274;451;4236;100;2,29;4,53;247,14;7,48;62,64;69,64;268,68;261,43
10;Syngovia;state;276;74;281;18;252;100;2,88;3,57;0;0,52;71,64;71,64;7,34;6,96
10;Syngovia;transition;276;74;281;166;280;100;2,83;49,56;0;3,98;77,64;80,64;57,52;56,37
10;Syngovia;pair;276;74;281;418;5523;100;2,64;5,03;496,1;8,58;109,64;117,64;520,35;512,36
10;Syngovia;state;277;63;231;16;219;100;2,12;2,75;0;0,39;118,64;119,64;5,64;5,25
10;Syngovia;transition;277;63;231;126;230;100;2,14;25,47;0;2,53;124,64;125,64;31,06;30,15
10;Syngovia;pair;277;63;231;313;4142;100;2,04;2,92;259,03;7,21;145,64;151,64;277,13;271,19
10;Syngovia;state;278;63;231;16;219;100;2,3;2,53;0;0,45;153,64;153,64;5,72;5,28
10;Syngovia;transition;278;63;231;126;230;100;1,91;25,98;0;2,38;158,64;160,64;31,06;30,27
10;Syngovia;pair;278;63;231;313;4142;100;2,15;3,94;238,92;7,11;180,64;185,64;258,06;252,11
10;Syngovia;state;279;70;268;18;180;100;2,63;2,72;0;0,33;187,64;188,64;6,01;5,68
10;Syngovia;transition;279;70;268;157;267;100;2,04;21,55;0;2,53;193,64;194,64;26,89;26,12
10;Syngovia;pair;279;70;268;392;3619;100;2,18;4,28;178,06;6,51;199,64;33,52;197,34;191,03
10;Syngovia;state;280;74;271;18;252;100;2,7;3,24;0;0,56;35,52;35,52;6,9;6,5
10;Syngovia;transition;280;74;271;156;270;100;2,71;46,41;0;3,89;41,52;43,52;53,96;53,02
10;Syngovia;pair;280;74;271;387;5114;100;2,7;5,03;357,81;6,64;69,52;77,52;379,38;372,19
10;Syngovia;state;281;74;283;18;184;100;2,58;2,98;0;0,45;79,52;79,52;6,33;6,01
10;Syngovia;transition;281;74;283;166;282;100;2,61;24,79;0;2,6;84,52;86,52;30,72;30,01
10;Syngovia;pair;281;74;283;476;4483;100;2,21;4,57;285,7;7,05;118,52;125,52;306,18;299,54
10;Syngovia;state;282;70;266;18;180;100;2,14;2,67;0;0,34;127,52;127,52;5,49;5,15
10;Syngovia;transition;282;70;266;155;265;100;2,48;20,17;0;2,86;132,52;133,52;26,24;25,52
10;Syngovia;pair;282;70;266;387;3566;100;2,51;4,93;180,23;7,6;157,52;162,52;202,17;195,28
10;Syngovia;state;283;70;267;18;180;100;2,57;3,16;0;0,5;164,52;164,52;6,61;6,22
10;Syngovia;transition;283;70;267;156;266;100;2,5;25,34;0;3,3;170,52;171,52;31,9;31,14
10;Syngovia;pair;283;70;267;389;3591;100;2,63;5,73;184,75;9,79;195,52;199,7;210,09;202,91
10;Syngovia;state;284;70;266;18;180;100;2,59;3,2;0;0,48;10,7;11,7;6,58;6,27
10;Syngovia;transition;284;70;266;155;265;100;2,53;24,51;0;3,39;16,7;17,7;31,17;30,42
10;Syngovia;pair;284;70;266;387;3566;100;2,56;5,46;176,65;7,63;41,7;46,7;199,24;192,3
10;Syngovia;state;285;74;283;18;184;100;2,74;3,47;0;0,57;48,7;48,7;7,11;6,77
10;Syngovia;transition;285;74;283;166;282;100;2,87;28,82;0;3,46;54,7;56,7;36,02;35,16
10;Syngovia;pair;285;74;283;474;4484;100;2,83;6,38;278,85;6,15;87,7;94,7;301,31;294,21
10;Syngovia;state;286;59;227;16;155;100;1,84;2,31;0;0,37;96,7;96,7;4,86;4,52
10;Syngovia;transition;286;59;227;126;226;100;1,84;14,09;0;2,14;100,7;102,7;18,69;18,08
10;Syngovia;pair;286;59;227;320;2939;100;1,93;2,82;93,34;3,99;120,7;124,7;106,45;102,09
10;Syngovia;state;287;59;227;16;155;100;1,8;2,3;0;0,35;126,7;126,7;4,74;4,46
10;Syngovia;transition;287;59;227;126;226;100;1,67;14,09;0;2,18;130,7;132,7;18,59;17,94
10;Syngovia;pair;287;59;227;320;2939;100;1,77;3,02;82,91;3,81;150,7;154,7;95,62;91,5
10;Syngovia;state;288;74;286;18;184;100;1,86;2,71;0;0,41;156,7;157,7;5,26;4,98
10;Syngovia;transition;288;74;286;169;285;100;2,34;21,55;0;2,23;162,7;164,7;26,73;26,12
10;Syngovia;pair;288;74;286;484;4572;100;2,18;4,24;205,91;7,79;197,7;12,82;230,79;220,13
10;Syngovia;state;289;70;278;18;180;100;2,28;3,15;0;0,36;13,82;14,82;6,08;5,79
10;Syngovia;transition;289;70;278;167;277;100;1,9;23,97;0;2,74;19,82;21,82;29,52;28,61
10;Syngovia;pair;289;70;278;428;3907;100;2,31;4,89;175,37;4,92;48,82;54,82;193,68;187,49
10;Syngovia;state;290;63;231;16;219;100;1,74;2,25;0;0,3;56,82;56,82;4,53;4,29
10;Syngovia;transition;290;63;231;126;230;100;2,05;20,97;0;2,04;61,82;63,82;25,6;25,07
10;Syngovia;pair;290;63;231;313;4142;100;1,71;2,74;191,82;5,68;82,82;88,82;207,23;201,95
10;Syngovia;state;291;74;272;18;184;100;2,54;3,08;0;0,46;90,82;90,82;6,46;6,09
10;Syngovia;transition;291;74;272;155;271;100;2,61;22,91;0;2,9;96,82;97,82;29,31;28,42
10;Syngovia;pair;291;74;272;443;4176;100;2,53;4,29;184,19;5,17;126,82;132,82;201,45;196,19
10;Syngovia;state;292;74;275;18;184;100;1,63;1,98;0;0,3;134,82;134,82;4,09;3,9
10;Syngovia;transition;292;74;275;158;274;100;1,61;16,32;0;1,99;140,82;141,82;20,5;19,91
10;Syngovia;pair;292;74;275;449;4257;100;1,93;4,39;183,24;5,63;171,82;177,82;201,05;195,19
10;Syngovia;state;293;74;280;18;252;100;2,84;3,41;0;0,59;179,82;179,82;7,18;6,84
10;Syngovia;transition;293;74;280;165;279;100;2,62;51,16;0;4,1;186,82;188,82;58,93;57,89
10;Syngovia;pair;293;74;280;415;5478;100;2,93;5,6;308,92;5,31;200,89;34,89;329,08;322,76
10;Syngovia;state;294;70;266;18;180;100;1,82;2,41;0;0,38;36,89;36,89;4,94;4,61
10;Syngovia;transition;294;70;266;155;265;100;2,43;19,61;0;2,83;41,89;42,89;25,55;24,87
10;Syngovia;pair;294;70;266;387;3570;100;2,36;4,69;143,13;4,68;66,89;71,89;160,77;154,86
10;Syngovia;state;295;63;235;16;159;100;1,85;2,15;0;0,27;73,89;73,89;4,54;4,27
10;Syngovia;transition;295;63;235;128;234;100;1,64;12,62;0;1,74;78,89;79,89;16,53;15,99
10;Syngovia;pair;295;63;235;372;3509;100;1,83;3,21;137,5;4,03;102,89;107,89;151,52;146,58
10;Syngovia;state;296;59;227;16;155;100;1,39;2,12;0;0,44;109,89;109,89;4,3;3,96
10;Syngovia;transition;296;59;227;126;226;100;2,18;13,18;0;2,15;113,89;114,89;18,09;17,51
10;Syngovia;pair;296;59;227;320;2939;100;1,91;3,68;95,84;5,54;133,89;137,89;112,02;106,97
10;Syngovia;state;297;63;235;16;159;100;1,94;2,46;0;0,37;139,89;139,89;5,05;4,76
10;Syngovia;transition;297;63;235;128;234;100;1,92;16;0;2,3;144,89;145,89;20,87;20,22
10;Syngovia;pair;297;63;235;372;3509;100;2,23;4,02;121,12;4,5;167,89;173,89;136,7;131,87
10;Syngovia;state;298;70;275;18;180;100;2,01;2,08;0;0,36;175,89;175,89;4,68;4,45
10;Syngovia;transition;298;70;275;164;274;100;1,92;20,5;0;3,22;180,89;182,89;26,44;25,64
10;Syngovia;pair;298;70;275;418;3816;100;2,65;5,72;174,6;5,44;200,03;24,03;194,92;188,41
10;Syngovia;state;299;70;267;18;180;100;1,99;2,65;0;0,39;26,03;26,03;5,35;5,02
10;Syngovia;transition;299;70;267;156;266;100;2,11;19,4;0;2;31,03;32,03;24,25;23,52
10;Syngovia;pair;299;70;267;389;3591;100;2,15;5,64;153,53;5,07;56,03;62,03;172,58;166,4
10;Syngovia;state;300;63;235;16;159;100;2,4;2,35;0;0,34;63,03;64,03;5,38;5,09
10;Syngovia;transition;300;63;235;128;234;100;1,74;12,97;0;1,68;68,03;69,03;16,95;16,38
10;Syngovia;pair;300;63;235;372;3509;100;1,77;3,3;142,21;5,13;92,03;97,03;157,39;152,41
10;Syngovia;state;301;70;277;18;180;100;2,43;2,95;0;0,34;99,03;99,03;6,03;5,72
10;Syngovia;transition;301;70;277;166;276;100;2,37;21,95;0;2,6;105,03;106,03;27,59;26,92
10;Syngovia;pair;301;70;277;425;3883;100;2,07;4,42;168,4;5,29;133,03;139,03;186,61;180,17
10;Syngovia;state;302;70;266;18;180;100;1,91;2,45;0;0,43;141,03;141,03;5,04;4,79
10;Syngovia;transition;302;70;266;155;265;100;1,6;17,47;0;2,04;147,03;148,03;21,62;21,11
10;Syngovia;pair;302;70;266;387;3566;100;1,72;3,51;135,13;4,66;172,03;177,03;150,31;145,02
10;Syngovia;state;303;59;227;16;155;100;1,65;2,14;0;0,28;179,03;179,03;4,32;4,07
10;Syngovia;transition;303;59;227;129;226;100;1,73;12,98;0;1,88;183,03;184,03;17,14;16,59
10;Syngovia;pair;303;59;227;320;2939;100;1,82;3,42;95,47;4,48;200,03;15,94;109,89;105,19
10;Syngovia;state;304;63;235;16;159;100;2,24;2,33;0;0,4;17,94;17,94;5,29;4,97
10;Syngovia;transition;304;63;235;128;234;100;2;14,93;0;2,41;22,94;23,94;20,06;19,34
10;Syngovia;pair;304;63;235;372;3509;100;2,24;3,56;125,98;6,47;45,94;51,94;143,84;138,25
10;Syngovia;state;305;59;227;16;155;100;1,52;1,71;0;0,26;52,94;53,94;3,71;3,5
10;Syngovia;transition;305;59;227;126;226;100;1,31;12,75;0;1,7;57,94;58,94;16,33;15,76
10;Syngovia;pair;305;59;227;320;2939;100;1,82;3,72;97,12;3,95;76,94;81,94;111,6;106,62
10;Syngovia;state;306;74;279;18;252;100;2,31;2,78;0;0,38;83,94;83,94;5,72;5,47
10;Syngovia;transition;306;74;279;164;278;100;2,31;38,91;0;2,73;89,94;92,94;44,68;43,95
10;Syngovia;pair;306;74;279;411;5440;100;2,28;4,41;358,01;7,61;120,94;128,94;379,54;372,31
10;Syngovia;state;307;63;231;16;219;100;2,27;2,62;0;0,49;130,94;130,94;5,74;5,38
10;Syngovia;transition;307;63;231;126;230;100;1,8;25,89;0;2,39;135,94;137,94;30,73;30,09
10;Syngovia;pair;307;63;231;313;4142;100;1,92;3,31;195,93;4,87;157,94;162,94;211,32;206,03
10;Syngovia;state;308;63;231;16;219;100;1,45;2,25;0;0,4;164,94;164,94;4,39;4,1
10;Syngovia;transition;308;63;231;126;230;100;2,13;23,98;0;2,6;169,94;171,94;29,28;28,7
10;Syngovia;pair;308;63;231;313;4142;100;2,32;2,93;170,66;5,57;191,94;197,94;187,5;181,48
10;Syngovia;state;309;74;273;18;184;100;2,36;22,12;0;0,38;199,94;7,71;25,17;24,86
10;Syngovia;transition;309;74;273;156;272;100;2,35;20,3;0;2,97;12,71;14,71;26,38;25,62
10;Syngovia;pair;309;74;273;448;4211;100;2,44;4,92;219,84;5,67;43,71;49,71;239,96;232,88
10;Syngovia;state;310;70;269;18;180;100;2,2;2,22;0;0,43;51,71;51,71;5,17;4,85
10;Syngovia;transition;310;70;269;158;268;100;3,24;22,17;0;2,56;57,71;58,71;28,77;27,97
10;Syngovia;pair;310;70;269;395;3647;100;2,63;5,44;165,84;6,9;83,71;88,71;187,51;180,81
10;Syngovia;state;311;59;227;16;155;100;2,11;2,42;0;0,46;90,71;90,71;5,28;4,99
10;Syngovia;transition;311;59;227;126;226;100;2;16,06;0;2,38;94,71;96,71;21,2;20,45
10;Syngovia;pair;311;59;227;320;2939;100;2,19;4,01;107,48;5,53;114,71;118,71;124,61;119,21
10;Syngovia;state;312;74;275;18;184;100;2,45;3,04;0;0,51;120,71;120,71;6,35;6
10;Syngovia;transition;312;74;275;158;274;100;2,32;23,69;0;3,46;126,71;127,71;30,27;29,48
10;Syngovia;pair;312;74;275;454;4266;100;3,02;3,98;197,87;7,97;157,71;163,71;219,94;212,83
10;Syngovia;state;313;63;235;16;159;100;2,27;2,73;0;0,39;165,71;165,71;5,73;5,39
10;Syngovia;transition;313;63;235;130;234;100;2,26;17,01;0;2,44;170,71;171,71;22,41;21,72
10;Syngovia;pair;313;63;235;372;3509;100;2,21;4,35;162,94;9,19;194,71;199,71;184,79;178,69
10;Syngovia;state;314;70;266;18;180;100;2,26;3,12;0;0,54;9,69;9,69;6,32;5,93
10;Syngovia;transition;314;70;266;155;265;100;2,53;22,44;0;2,65;14,69;16,69;28,32;27,62
10;Syngovia;pair;314;70;266;387;3570;100;2,42;3,87;181,01;6,97;40,69;45,69;200,62;194,27
10;Syngovia;state;315;70;277;18;180;100;2,98;3,29;0;0,48;47,69;47,69;7,1;6,74
10;Syngovia;transition;315;70;277;166;276;100;2,61;26,5;0;3,13;53,69;54,69;32,95;32,23
10;Syngovia;pair;315;70;277;425;3879;100;2,69;5,85;219,55;7,84;81,69;87,69;243,09;235,93
10;Syngovia;state;316;70;275;18;180;100;2,61;3,01;0;0,49;89,69;89,69;6,44;6,11
10;Syngovia;transition;316;70;275;164;274;100;2,58;25,15;0;3,34;94,69;96,69;31,92;31,06
10;Syngovia;pair;316;70;275;418;3820;100;2,56;5,63;171,11;6,44;122,69;128,69;192,42;185,74
10;Syngovia;state;317;74;280;18;252;100;2,2;2,7;0;0,5;130,69;130,69;5,81;5,4
10;Syngovia;transition;317;74;280;165;279;100;2,44;41,1;0;3,07;136,69;139,69;47,5;46,61
10;Syngovia;pair;317;74;280;415;5478;100;2,64;5,75;372,55;8,39;168,69;175,69;396,42;389,33
10;Syngovia;state;318;74;272;18;252;100;2,34;2,63;0;0,35;177,69;177,69;5,57;5,32
10;Syngovia;transition;318;74;272;157;271;100;1,89;35,66;0;3,18;184,69;186,69;41,43;40,74
10;Syngovia;pair;318;74;272;391;5162;100;2,24;3,71;274,99;5,44;201,03;29,03;291,87;286,38
10;Syngovia;state;319;70;266;18;180;100;2,36;2,34;0;0,31;31,03;32,03;5,27;5,01
10;Syngovia;transition;319;70;266;155;265;100;1,89;18,2;0;2,12;37,03;38,03;23,01;22,21
10;Syngovia;pair;319;70;266;387;3566;100;1,97;3,48;125,8;4,62;62,03;67,03;140,3;135,87
10;Syngovia;state;320;74;274;18;184;100;2,16;2,53;0;0,3;69,03;69,03;5,24;4,99
10;Syngovia;transition;320;74;274;157;273;100;2,12;17,8;0;2,09;75,03;76,03;22,63;22,02
10;Syngovia;pair;320;74;274;448;4227;100;1,96;4,25;188,94;5,63;106,03;112,03;206,56;200,79
10;Syngovia;state;321;70;269;18;180;100;2,15;2,54;0;0,39;114,03;114,03;5,38;5,08
10;Syngovia;transition;321;70;269;158;268;100;1,94;19,68;0;2,26;119,03;121,03;24,54;23,88
10;Syngovia;pair;321;70;269;395;3647;100;2;3,8;152,49;5,1;145,03;151,03;168,96;163,38
10;Syngovia;state;322;74;271;18;252;100;2,12;2,49;0;0,35;153,03;153,03;5,26;4,96
10;Syngovia;transition;322;74;271;156;270;100;2,15;45,24;0;3,64;159,03;161,03;51,81;51,03
10;Syngovia;pair;322;74;271;387;5114;100;2,5;5,13;331,91;8,13;187,03;194,03;354,74;347,67
10;Syngovia;state;323;74;281;18;184;100;3,58;3,49;0;0,55;196,03;197,03;7,98;7,62
10;Syngovia;transition;323;74;281;164;280;100;2,5;33,82;0;3,03;200,03;11,94;40,02;39,36
10;Syngovia;pair;323;74;281;468;4423;100;2,7;5,86;234,53;6,96;42,94;49,94;256,85;250,05
10;Syngovia;state;324;74;281;18;252;100;1,93;2,22;0;0,38;51,94;51,94;4,81;4,53
10;Syngovia;transition;324;74;281;166;280;100;2,17;37,87;0;3,63;57,94;59,94;44,61;43,66
10;Syngovia;pair;324;74;281;418;5523;100;2,52;4,03;368,07;6,65;89,94;96,94;388,11;381,27
10;Syngovia;state;325;59;227;16;155;100;1,94;2,09;0;0,26;98,94;98,94;4,66;4,3
10;Syngovia;transition;325;59;227;126;226;100;1,78;14,41;0;2,08;103,94;104,94;18,94;18,27
10;Syngovia;pair;325;59;227;320;2939;100;2,18;2,83;88,37;4,46;122,94;127,94;102,38;97,84
10;Syngovia;state;326;74;275;18;184;100;1,91;2,72;0;0,49;128,94;129,94;5,48;5,11
10;Syngovia;transition;326;74;275;158;274;100;2,57;23,78;0;3,68;134,94;136,94;30,69;30,02
10;Syngovia;pair;326;74;275;454;4261;100;2,44;5,67;201,8;6,11;165,94;172,94;223,17;216,01
10;Syngovia;state;327;74;276;18;184;100;1,99;2,48;0;0,47;174,94;174,94;5,24;4,94
10;Syngovia;transition;327;74;276;159;275;100;2,29;19,34;0;2,57;179,94;181,94;24,81;24,19
10;Syngovia;pair;327;74;276;453;4282;100;2,46;4,43;207,18;7,61;201,08;27,08;228,25;221,69
10;Syngovia;state;328;74;272;18;252;100;2,59;3,11;0;0,59;29,08;29,08;6,66;6,28
10;Syngovia;transition;328;74;272;157;271;100;2,46;42,92;0;3,98;35,08;37,08;50,19;49,35
10;Syngovia;pair;328;74;272;391;5162;100;2,48;4,58;333;5,85;64,08;71,08;352,6;345,91
10;Syngovia;state;329;63;231;16;219;100;1,52;1,75;0;0,33;73,08;73,08;3,89;3,59
10;Syngovia;transition;329;63;231;126;230;100;1,67;23,31;0;2,34;78,08;80,08;27,9;27,32
10;Syngovia;pair;329;63;231;313;4142;100;1,48;2,82;208,09;5,18;100,08;106,08;222,34;217,57
10;Syngovia;state;330;74;270;18;252;100;2,43;2,8;0;0,38;108,08;108,08;5,92;5,61
10;Syngovia;transition;330;74;270;155;269;100;2;35,73;0;2,99;114,08;116,08;41,4;40,73
10;Syngovia;pair;330;74;270;384;5068;100;2,49;4,39;266,82;5,75;142,08;149,08;284,53;279,46
10;Syngovia;state;331;70;264;18;180;100;2,07;2,38;0;0,37;151,08;151,08;5,08;4,83
10;Syngovia;transition;331;70;264;153;263;100;1,71;17,55;0;2,07;156,08;158,08;21,98;21,33
10;Syngovia;pair;331;70;264;382;3517;100;2,21;4,87;138,23;4,59;181,08;186,08;155,21;149,9
10;Syngovia;state;332;70;277;18;180;100;2,05;2,47;0;0,39;188,08;188,08;5,19;4,91
10;Syngovia;transition;332;70;277;166;276;100;2,13;23,59;0;3,25;194,08;195,08;29,65;28,97
10;Syngovia;pair;332;70;277;424;3872;100;2,84;5,61;180,84;4,79;200,08;36,51;200,34;194,09
10;Syngovia;state;333;63;235;16;159;100;1,95;1,92;0;0,38;38,51;38,51;4,63;4,25
10;Syngovia;transition;333;63;235;128;234;100;1,99;17,59;0;2,23;42,51;44,51;22,75;21,81
10;Syngovia;pair;333;63;235;372;3509;100;2,04;4,34;132,71;5,37;66,51;71,51;149,75;144,46
10;Syngovia;state;334;70;269;18;180;100;1,93;2,26;0;0,3;73,51;73,51;4,73;4,49
10;Syngovia;transition;334;70;269;158;268;100;1,85;19,31;0;2,63;79,51;80,51;24,36;23,79
10;Syngovia;pair;334;70;269;395;3647;100;2,26;5,06;142,04;4,74;105,51;110,51;160,09;154,1
10;Syngovia;state;335;70;275;18;180;100;1,99;2,71;0;0,44;112,51;112,51;5,6;5,15
10;Syngovia;transition;335;70;275;164;274;100;2,76;22,6;0;2,19;118,51;119,51;28,15;27,55
10;Syngovia;pair;335;70;275;418;3820;100;2,1;4,16;162,19;4,94;145,51;151,51;179,33;173,39
10;Syngovia;state;336;70;266;18;180;100;1,74;1,92;0;0,32;153,51;153,51;4,24;3,99
10;Syngovia;transition;336;70;266;155;265;100;1,86;18,3;0;2,24;158,51;160,51;23,08;22,4
10;Syngovia;pair;336;70;266;387;3566;100;2,01;3,7;135,39;7,13;184,51;189,51;154,33;148,23
10;Syngovia;state;337;74;269;18;252;100;2,69;3,39;0;0,61;191,51;191,51;7,02;6,69
10;Syngovia;transition;337;74;269;154;268;100;2,53;44,51;0;6,11;197,51;199,93;54,17;53,15
10;Syngovia;pair;337;74;269;381;5028;100;2,72;5,27;312,26;6,38;33,93;40,93;333,23;326,63
10;Syngovia;state;338;70;273;18;180;100;2,35;2,68;0;0,31;42,93;42,93;5,65;5,35
10;Syngovia;transition;338;70;273;162;272;100;2,19;19,13;0;2,25;47,93;49,93;24,2;23,57
10;Syngovia;pair;338;70;273;413;3769;100;2,31;4,27;163,4;5,45;74,93;80,93;181,87;175,43
10;Syngovia;state;339;59;227;16;155;100;2,26;2,94;0;0,36;82,93;82,93;5,86;5,55
10;Syngovia;transition;339;59;227;126;226;100;2,18;13,52;0;1,85;86,93;87,93;18,17;17,55
10;Syngovia;pair;339;59;227;320;2939;100;2,06;3,46;104,08;4,09;106,93;110,93;118,52;113,7
10;Syngovia;state;340;74;274;18;184;100;2,22;2,85;0;0,42;112,93;112,93;5,77;5,49
10;Syngovia;transition;340;74;274;157;273;100;2,33;21,15;0;2,53;118,93;119,93;26,72;26,01
10;Syngovia;pair;340;74;274;447;4230;100;2,43;5,57;203,55;6,33;149,93;155,93;224,03;217,89
10;Syngovia;state;341;63;235;16;159;100;1,78;2,56;0;0,27;157,93;157,93;4,85;4,61
10;Syngovia;transition;341;63;235;128;234;100;1,94;13,23;0;2,21;161,93;163,93;17,98;17,38
10;Syngovia;pair;341;63;235;372;3509;100;1,9;4,52;123,74;6,48;185,93;190,93;142,22;136,63
10;Syngovia;state;342;70;275;18;180;100;2,06;2,62;0;0,34;192,93;193,93;5,34;5,02
10;Syngovia;transition;342;70;275;164;274;100;2,03;20,69;0;6,46;198,93;199,93;30;29,17
10;Syngovia;pair;342;70;275;418;3816;100;2,73;5,39;177,58;5,47;34,83;39,83;197,7;191,17
10;Syngovia;state;343;74;274;18;184;100;2,17;2,48;0;0,37;41,83;42,83;5,29;5,02
10;Syngovia;transition;343;74;274;157;273;100;2,13;18,11;0;2,28;47,83;49,83;23,1;22,52
10;Syngovia;pair;343;74;274;448;4227;100;2,1;4,96;225,88;6,24;78,83;84,83;245,3;239,18
10;Syngovia;state;344;74;277;18;184;100;2,49;3,34;0;0,51;86,83;86,83;6,66;6,33
10;Syngovia;transition;344;74;277;160;276;100;2,18;21,15;0;3,2;92,83;93,83;27,17;26,53
10;Syngovia;pair;344;74;277;458;4317;100;2,61;5,95;221,5;6,18;124,83;130,83;242,74;236,24
10;Syngovia;state;345;74;274;18;184;100;2,17;2,7;0;0,4;132,83;132,83;5,57;5,27
10;Syngovia;transition;345;74;274;157;273;100;2,12;18,93;0;2,58;138,83;139,83;24,25;23,63
10;Syngovia;pair;345;74;274;450;4225;100;2,44;4,23;193,7;7,49;168,83;175,83;214,31;207,86
10;Syngovia;state;346;74;272;18;252;100;2,58;3,13;0;0,58;176,83;177,83;6,66;6,29
10;Syngovia;transition;346;74;272;157;271;100;2,4;40,84;0;3,81;183,83;185,83;47,89;47,04
10;Syngovia;pair;346;74;272;390;5156;100;3,02;5,5;297,5;7,01;201,08;29,08;320,61;313,02
10;Syngovia;state;347;70;274;18;180;100;2,11;2,61;0;0,43;31,08;31,08;5,5;5,14
10;Syngovia;transition;347;70;274;163;273;100;2,19;23,76;0;3,29;36,08;38,08;29,95;29,25
10;Syngovia;pair;347;70;274;414;3789;100;2,58;5,72;193,23;5,3;64,08;69,08;212,99;206,83
10;Syngovia;state;348;74;274;18;184;100;2,51;2,75;0;0,45;71,08;72,08;6,05;5,71
10;Syngovia;transition;348;74;274;157;273;100;2,13;23,92;0;2,89;77,08;78,08;29,69;28,93
10;Syngovia;pair;348;74;274;451;4236;100;2,64;5,7;210,47;7,03;108,08;114,08;233,48;225,84
10;Syngovia;state;349;63;235;16;159;100;2,15;2,23;0;0,28;116,08;116,08;4,89;4,67
10;Syngovia;transition;349;63;235;128;234;100;2,1;15,25;0;1,52;121,08;122,08;19,36;18,87
10;Syngovia;pair;349;63;235;372;3509;100;1,39;2,65;117,24;4,64;145,08;150,08;130,51;125,91
10;Syngovia;state;350;63;235;16;159;100;1,69;2,2;0;0,32;152,08;152,08;4,45;4,21
10;Syngovia;transition;350;63;235;128;234;100;1,61;17,62;0;2,45;156,08;157,08;22,35;21,68
10;Syngovia;pair;350;63;235;372;3509;100;2,21;4,79;127,14;4,12;180,08;185,08;143,51;138,25
10;Syngovia;state;351;63;231;16;219;100;1,75;1,72;0;0,3;187,08;187,08;3,97;3,77
10;Syngovia;transition;351;63;231;126;230;100;1,66;20,97;0;2,24;192,08;194,08;25,43;24,87
10;Syngovia;pair;351;63;231;313;4142;100;1,91;2,79;173,19;4,54;200,08;28,51;187,68;182,42
10;Syngovia;state;352;74;285;18;184;100;2,21;2,87;0;0,32;30,51;30,51;5,64;5,41
10;Syngovia;transition;352;74;285;168;284;100;2,18;21,04;0;2,68;36,51;37,51;26,48;25,9
10;Syngovia;pair;352;74;285;483;4538;100;2,18;4,47;205,35;5,75;70,51;77,51;223,94;217,74
10;Syngovia;state;353;74;285;18;184;100;2,03;2,62;0;0,38;79,51;79,51;5,31;5,02
10;Syngovia;transition;353;74;285;168;284;100;1,98;20,13;0;2,3;85,51;86,51;24,95;24,4
10;Syngovia;pair;353;74;285;482;4543;100;1,95;4,51;286,17;6,38;119,51;126,51;304,96;299,01
10;Syngovia;state;354;70;273;18;180;100;2,37;2,38;0;0,31;128,51;128,51;5,28;5,06
10;Syngovia;transition;354;70;273;162;272;100;2,26;19,2;0;1,99;133,51;135,51;24,04;23,45
10;Syngovia;pair;354;70;273;412;3768;100;1,81;4,16;152,51;7,5;160,51;166,51;172,46;165,98
10;Syngovia;state;355;74;270;18;252;100;2,41;2,45;0;0,37;168,51;168,51;5,45;5,23
10;Syngovia;transition;355;74;270;155;269;100;1,92;37,99;0;3,81;174,51;176,51;44,56;43,72
10;Syngovia;pair;355;74;270;384;5068;100;2,79;4,23;312,43;6,97;200,71;19,71;332,73;326,41
10;Syngovia;state;356;74;282;18;184;100;2,99;2,63;0;0,4;21,71;21,71;6,32;6,02
10;Syngovia;transition;356;74;282;165;281;100;2,39;22,35;0;2,72;27,71;29,71;28,13;27,47
10;Syngovia;pair;356;74;282;473;4453;100;2,39;4,93;214,37;6,67;60,71;67,71;234,88;228,35
10;Syngovia;state;357;74;269;18;252;100;1,78;3,06;0;0,51;69,71;69,71;5,68;5,35
10;Syngovia;transition;357;74;269;154;268;100;1,96;40,5;0;2,69;75,71;77,71;45,87;45,15
10;Syngovia;pair;357;74;269;381;5028;100;2,73;5,17;324,67;6,83;103,71;110,71;345,93;339,4
10;Syngovia;state;358;74;273;18;252;100;2,37;2,78;0;0,46;112,71;112,71;5,99;5,61
10;Syngovia;transition;358;74;273;158;272;100;2,27;38,87;0;3,15;118,71;120,71;45,02;44,29
10;Syngovia;pair;358;74;273;394;5202;100;2,12;4,32;358,29;8,14;147,71;154,71;379,83;372,87
10;Syngovia;state;359;74;271;18;252;100;2,49;3,08;0;0,52;156,71;157,71;6,41;6,09
10;Syngovia;transition;359;74;271;156;270;100;2,41;44,22;0;3,51;163,71;165,71;51,13;50,14
10;Syngovia;pair;359;74;271;387;5108;100;2,65;5,17;320,5;7,71;191,71;198,71;342,79;336,03
10;Syngovia;state;360;74;274;18;184;100;13,02;2,71;0;0,5;8,63;8,63;16,53;16,22
10;Syngovia;transition;360;74;274;157;273;100;2,03;21,57;0;3,06;14,63;15,63;27,47;26,67
10;Syngovia;pair;360;74;274;450;4225;100;2,69;4,85;184,08;5,96;44,63;51,63;204,12;197,59
10;Syngovia;state;361;74;282;18;184;100;2,05;2,49;0;0,43;53,63;53,63;5,25;4,97
10;Syngovia;transition;361;74;282;165;281;100;2,21;20,65;0;2,39;59,63;60,63;25,81;25,25
10;Syngovia;pair;361;74;282;472;4460;100;2,27;4,38;224,69;6,01;92,63;98,63;243,36;237,35
10;Syngovia;state;362;63;231;16;219;100;1,9;2,02;0;0,39;100,63;100,63;4,57;4,31
10;Syngovia;transition;362;63;231;126;230;100;1,53;23,01;0;2,24;105,63;107,63;27,36;26,79
10;Syngovia;pair;362;63;231;313;4142;100;1,82;3,37;177,97;4,5;127,63;133,63;192,97;187,66
10;Syngovia;state;363;63;235;16;159;100;2,4;2,87;0;0,28;135,63;135,63;5,82;5,54
10;Syngovia;transition;363;63;235;128;234;100;2,26;13,79;0;1,95;139,63;141,63;18,68;17,99
10;Syngovia;pair;363;63;235;372;3509;100;2,06;3,25;146,3;4,97;163,63;168,63;162,14;156,58
10;Syngovia;state;364;70;270;18;180;100;2,26;2,94;0;0,4;170,63;170,63;6;5,6
10;Syngovia;transition;364;70;270;159;269;100;2,52;20,62;0;2,12;176,63;177,63;25,84;25,26
10;Syngovia;pair;364;70;270;401;3678;100;2,13;4;160,93;5,63;201,28;17,28;178,22;172,7
10;Syngovia;state;365;74;276;18;184;100;2,25;2,56;0;0,45;19,28;20,28;5,57;5,26
10;Syngovia;transition;365;74;276;159;275;100;2,47;22,29;0;3,29;25,28;27,28;28,74;28,04
10;Syngovia;pair;365;74;276;453;4282;100;10,74;5,71;264,2;6,96;56,28;63,28;294,63;287,62
10;Syngovia;state;366;59;227;16;155;100;1,98;2,17;0;0,26;65,28;65,28;4,61;4,4
10;Syngovia;transition;366;59;227;126;226;100;1,66;14,07;0;2,29;69,28;70,28;18,64;18,02
10;Syngovia;pair;366;59;227;320;2939;100;2,09;3,51;92,27;4,28;89,28;93,28;107,46;102,15
10;Syngovia;state;367;63;235;16;159;100;1,91;2,14;0;0,28;95,28;95,28;4,54;4,33
10;Syngovia;transition;367;63;235;128;234;100;1,74;13;0;1,69;99,28;101,28;17,01;16,44
10;Syngovia;pair;367;63;235;372;3509;100;1,86;3,41;122,07;4,47;123,28;129,28;136,77;131,81
10;Syngovia;state;368;74;279;18;252;100;2,53;2,67;0;0,39;130,28;131,28;5,88;5,59
10;Syngovia;transition;368;74;279;164;278;100;2,26;40,06;0;2,93;137,28;139,28;45,92;45,25
10;Syngovia;pair;368;74;279;411;5440;100;2,22;3,64;350,82;8,65;168,28;176,28;373,12;365,32
10;Syngovia;state;369;74;279;18;252;100;2,68;3,4;0;0,38;178,28;178,28;6,77;6,46
10;Syngovia;transition;369;74;279;164;278;100;2,18;44,4;0;2,78;184,28;186,28;50,01;49,36
10;Syngovia;pair;369;74;279;412;5451;100;2,13;4;390,18;6,22;200,28;32,11;408,9;402,53
10;Syngovia;state;370;74;271;18;252;100;2,16;2,96;0;0,52;34,11;34,11;5,95;5,64
10;Syngovia;transition;370;74;271;156;270;100;2,51;37,8;0;3,2;40,11;42,11;44,17;43,51
10;Syngovia;pair;370;74;271;387;5108;100;2,49;4,65;332,77;7,94;68,11;75,11;354,85;347,84
10;Syngovia;state;371;74;269;18;252;100;2,58;3,17;0;0,54;77,11;78,11;6,6;6,29
10;Syngovia;transition;371;74;269;154;268;100;1,7;40,09;0;3,75;84,11;86,11;46,48;45,54
10;Syngovia;pair;371;74;269;381;5028;100;2,91;5,55;318,28;8,41;111,11;118,11;342,22;335,14
10;Syngovia;state;372;70;265;18;180;100;2,6;2,85;0;0,43;120,11;120,11;6,2;5,88
10;Syngovia;transition;372;70;265;154;264;100;2,4;21,82;0;2,73;126,11;127,11;27,62;26,95
10;Syngovia;pair;372;70;265;384;3542;100;2,28;4,23;163,42;4,57;151,11;156,11;180,82;174,51
10;Syngovia;state;373;70;276;18;180;100;1,9;2,18;0;0,29;158,11;158,11;4,61;4,37
10;Syngovia;transition;373;70;276;165;275;100;1,51;20,56;0;2,85;163,11;165,11;25,77;24,92
10;Syngovia;pair;373;70;276;422;3853;100;2,17;3,66;157,58;7,18;192,11;197,11;177,36;170,59
10;Syngovia;state;374;74;281;18;184;100;2,92;3,55;0;24,49;199,11;200,11;31,31;30,96
10;Syngovia;transition;374;74;281;164;280;100;2,37;20,99;0;2,12;12,65;14,65;26,08;25,47
10;Syngovia;pair;374;74;281;467;4421;100;2,27;4,24;202,06;5,9;45,65;52,65;220,61;214,47
10;Syngovia;state;375;63;231;16;219;100;1,78;2,29;0;0,38;53,65;54,65;4,72;4,45
10;Syngovia;transition;375;63;231;126;230;100;1,75;22,53;0;2,03;59,65;60,65;27;26,3
10;Syngovia;pair;375;63;231;313;4142;100;2,12;3,36;156,57;5,05;80,65;86,65;172,29;167,1
10;Syngovia;state;376;70;263;18;180;100;1,98;3,16;0;0,33;88,65;88,65;5,76;5,46
10;Syngovia;transition;376;70;263;152;262;100;1,95;18,81;0;2,43;93,65;95,65;23,94;23,2
10;Syngovia;pair;376;70;263;378;3485;100;2,27;4,59;164,82;8;118,65;123,65;185,32;179,69
10;Syngovia;state;377;70;272;18;180;100;2,76;3,27;0;0,48;125,65;125,65;6,82;6,51
10;Syngovia;transition;377;70;272;161;271;100;2,71;26,87;0;3,16;130,65;132,65;33,56;32,74
10;Syngovia;pair;377;70;272;410;3743;100;2,71;6,65;163,38;7,38;157,65;163,65;187,37;180,11
10;Syngovia;state;378;74;278;18;252;100;2,71;3,32;0;0,59;165,65;165,65;6,96;6,62
10;Syngovia;transition;378;74;278;163;277;100;2,62;49,5;0;3,81;171,65;173,65;57;55,93
10;Syngovia;pair;378;74;278;409;5402;100;2,61;5,56;340,52;7,08;201,89;19,89;362,87;355,78
10;Syngovia;state;379;70;270;18;180;100;2,11;2,68;0;0,32;21,89;22,89;5,37;5,11
10;Syngovia;transition;379;70;270;159;269;100;2,56;22,91;0;2,15;27,89;28,89;28,37;27,62
10;Syngovia;pair;379;70;270;401;3678;100;2,36;5,78;160,77;6,45;53,89;59,89;181,84;175,36
10;Syngovia;state;380;59;227;16;155;100;2,08;2,42;0;0,38;60,89;61,89;5,2;4,89
10;Syngovia;transition;380;59;227;126;226;100;1,94;15,92;0;2,25;65,89;66,89;20,82;20,12
10;Syngovia;pair;380;59;227;320;2939;100;2,14;4,01;87,58;4,73;84,89;89,89;103,31;98,46
10;Syngovia;state;381;70;273;18;180;100;2,1;2,8;0;0,5;91,89;91,89;5,7;5,4
10;Syngovia;transition;381;70;273;162;272;100;2,65;18,85;0;2,48;96,89;98,89;24,65;23,98
10;Syngovia;pair;381;70;273;412;3768;100;2,22;4,05;163,06;5,21;123,89;129,89;180,51;174,54
10;Syngovia;state;382;74;276;18;184;100;2,22;2,67;0;0,36;131,89;131,89;5,51;5,24
10;Syngovia;transition;382;74;276;159;275;100;2,18;18,69;0;3,02;137,89;138,89;24,71;23,89
10;Syngovia;pair;382;74;276;456;4291;100;2,74;6,06;222,45;8,14;168,89;175,89;246,72;239,4
10;Syngovia;state;383;74;271;18;252;100;2,81;3,09;0;0,48;177,89;177,89;6,7;6,38
10;Syngovia;transition;383;74;271;156;270;100;2,28;42,92;0;4,08;183,89;185,89;50,09;49,28
10;Syngovia;pair;383;74;271;387;5108;100;2,71;5,26;321,17;8,14;200,18;28,18;344,71;337,28
10;Syngovia;state;384;63;231;16;219;100;2,31;2,64;0;0,47;30,18;30,18;5,74;5,42
10;Syngovia;transition;384;63;231;126;230;100;2,17;29,3;0;2,85;35,18;37,18;35,05;34,33
10;Syngovia;pair;384;63;231;313;4142;100;2,15;3,91;179,88;4,8;57,18;63,18;196,37;190,74
10;Syngovia;state;385;63;235;16;159;100;2,07;2,58;0;0,39;65,18;65,18;5,4;5,03
10;Syngovia;transition;385;63;235;130;234;100;2,01;15,25;0;2,35;69,18;71,18;20,36;19,61
10;Syngovia;pair;385;63;235;372;3509;100;2,45;3,87;124,98;5,08;93,18;98,18;141,52;136,38
10;Syngovia;state;386;74;270;18;252;100;1,96;2,29;0;0,39;100,18;101,18;4,88;4,65
10;Syngovia;transition;386;74;270;155;269;100;1,94;35,16;0;3,69;107,18;109,18;41,62;40,79
10;Syngovia;pair;386;74;270;384;5071;100;2,79;5,28;453,94;8,05;134,18;142,18;477,63;470,07
10;Syngovia;state;387;59;227;16;155;100;2,31;10,93;0;0,31;143,18;144,18;13,82;13,56
10;Syngovia;transition;387;59;227;126;226;100;2,36;16,69;0;1,99;148,18;149,18;21,57;21,04
10;Syngovia;pair;387;59;227;320;2939;100;1,96;3,35;97,77;4,45;167,18;172,18;112,11;107,52
10;Syngovia;state;388;63;231;16;219;100;1,97;2,61;0;0,45;174,18;174,18;5,35;5,03
10;Syngovia;transition;388;63;231;126;230;100;2,13;28,65;0;3,21;179,18;180,18;34,57;33,99
10;Syngovia;pair;388;63;231;313;4142;100;2,23;4,18;187,75;4,57;200,18;14,66;204,75;198,73
10;Syngovia;state;389;70;273;18;180;100;2,3;2,66;0;0,41;16,66;16,66;5,71;5,37
10;Syngovia;transition;389;70;273;162;272;100;2,53;21,47;0;3,01;22,66;23,66;27,78;27,01
10;Syngovia;pair;389;70;273;412;3768;100;2,42;5,47;171,02;5,26;49,66;55,66;190,61;184,16
10;Syngovia;state;390;63;235;16;159;100;1,68;2,05;0;0,28;56,66;57,66;4,26;4,01
10;Syngovia;transition;390;63;235;128;234;100;1,71;13,55;0;2,11;61,66;62,66;18,01;17,38
10;Syngovia;pair;390;63;235;372;3509;100;1,97;2,93;123,29;4,96;85,66;90,66;137,5;133,16
10;Syngovia;state;391;63;235;16;159;100;1,97;3,06;0;0,4;92,66;92,66;5,73;5,43
10;Syngovia;transition;391;63;235;130;234;100;1,71;13,36;0;1,97;97,66;98,66;17,59;17,04
10;Syngovia;pair;391;63;235;372;3509;100;1,74;3,52;133,04;4,08;120,66;126,66;146,75;142,38
10;Syngovia;state;392;74;277;18;184;100;2,07;2,67;0;0,35;128,66;128,66;5,31;5,09
10;Syngovia;transition;392;74;277;160;276;100;2,31;23,21;0;3,4;133,66;135,66;29,7;28,92
10;Syngovia;pair;392;74;277;458;4317;100;2,63;5,82;197,49;6,47;165,66;172,66;219,41;212,41
10;Syngovia;state;393;63;235;16;159;100;1,8;2,47;0;0,32;173,66;174,66;4,84;4,6
10;Syngovia;transition;393;63;235;130;234;100;1,82;13,68;0;2,29;178,66;179,66;18,4;17,8
10;Syngovia;pair;393;63;235;372;3509;100;1,89;3,26;150,23;4,94;200,15;17,15;165,34;160,33
10;Syngovia;state;394;70;274;18;180;100;2,3;3,05;0;0,44;19,15;19,15;6,05;5,79
10;Syngovia;transition;394;70;274;163;273;100;2,83;20,96;0;2,34;25,15;26,15;26,72;26,14
10;Syngovia;pair;394;70;274;413;3790;100;2,08;4,23;159,83;6,19;52,15;58,15;178,34;172,33
10;Syngovia;state;395;74;276;18;184;100;2,33;3,31;0;0,51;60,15;60,15;6,42;6,16
10;Syngovia;transition;395;74;276;159;275;100;2,62;18,57;0;2,13;66,15;67,15;23,88;23,32
10;Syngovia;pair;395;74;276;456;4291;100;1,76;4,47;184,75;6,63;97,15;104,15;203,44;197,61
10;Syngovia;state;396;70;275;18;180;100;2,21;2,28;0;0,44;105,15;106,15;5,18;4,93
10;Syngovia;transition;396;70;275;164;274;100;2,37;22,32;0;3,37;111,15;113,15;28,81;28,06
10;Syngovia;pair;396;70;275;416;3810;100;2,75;5,81;217,71;7,74;139,15;144,15;240,94;234,01
10;Syngovia;state;397;74;273;18;184;100;2,77;3,25;0;0,49;146,15;147,15;6,85;6,5
10;Syngovia;transition;397;74;273;156;272;100;2,58;25,4;0;3,1;152,15;153,15;31,85;31,09
10;Syngovia;pair;397;74;273;445;4205;100;2,66;6,09;215,87;6,06;183,15;189,15;237,46;230,68
10;Syngovia;state;398;59;227;16;155;100;1,91;2,35;0;0,28;191,15;191,15;4,81;4,55
10;Syngovia;transition;398;59;227;126;226;100;1,66;13,21;0;1,79;195,15;196,15;17,37;16,66
10;Syngovia;pair;398;59;227;320;2939;100;1,84;3,16;102,43;3,55;200,33;27,33;115,41;110,99
10;Syngovia;state;399;74;281;18;252;100;2,17;2,62;0;0,36;29,33;29,33;5,37;5,16
10;Syngovia;transition;399;74;281;166;280;100;2,17;44,11;0;4,01;36,33;38,33;51,16;50,29
10;Syngovia;pair;399;74;281;417;5520;100;2,57;5,26;325,89;6,62;67,33;75,33;347,1;340,34
10;Syngovia;state;400;63;231;16;219;100;2,43;2,3;0;0,32;77,33;77,33;5,32;5,05
10;Syngovia;transition;400;63;231;126;230;100;1,65;20,78;0;1,87;82,33;83,33;24,78;24,29
10;Syngovia;pair;400;63;231;313;4142;100;1,38;2,55;156,94;7,1;103,33;109,33;173,22;167,98
