RunID;SPL Name;Coverage Type;Product Index;FTS States;FTS Transitions;Test Cases;Total Test Actions;Coverage(%);Projection Time(ms);Test Generation Time(ms);Transformation Time(ms);Test Execution Time(ms);Test Generation Peak Memory(MB);Test Execution Peak Memory(MB);Wall Clock Time(ms);Segment Sum Time(ms)
6;Syngovia;state;1;74;271;18;184;100;46,14;22,87;0;8,34;12,79;12,79;85,77;77,35
6;Syngovia;transition;1;74;271;154;270;100;8,05;88,64;0;14,57;18,79;20,79;116,41;111,26
6;Syngovia;pair;1;74;271;442;4159;100;5,54;13,92;361,97;18,39;50,79;14,85;440,3;399,83
6;Syngovia;state;2;70;274;18;180;100;6,01;6,76;0;0,94;16,85;16,85;15,77;13,71
6;Syngovia;transition;2;70;274;163;273;100;4,98;39,95;0;6,08;22,85;24,85;54,33;51,02
6;Syngovia;pair;2;70;274;416;3795;100;4,41;7,87;260,49;16,2;51,85;58,85;308,93;288,98
6;Syngovia;state;3;63;231;16;219;100;4,49;5,86;0;0,97;60,85;60,85;12,75;11,32
6;Syngovia;transition;3;63;231;126;230;100;4,1;41,3;0;5,79;66,85;67,85;54,27;51,19
6;Syngovia;pair;3;63;231;313;4142;100;4,02;5,9;228,8;10,31;79,97;26,97;264,55;249,03
6;Syngovia;state;4;74;283;18;184;100;4,01;5,5;0;0,55;28,97;28,97;11,19;10,06
6;Syngovia;transition;4;74;283;166;282;100;3,68;26,48;0;2,99;34,97;35,97;34,81;33,16
6;Syngovia;pair;4;74;283;477;4486;100;3,22;7,77;262,51;9,7;68,97;75,97;298,52;283,2
6;Syngovia;state;5;59;227;16;155;100;2,49;2,54;0;0,36;77,97;77,97;5,98;5,4
6;Syngovia;transition;5;59;227;126;226;100;3,48;20,87;0;4,9;82,97;83,97;31,85;29,25
6;Syngovia;pair;5;59;227;320;2939;100;3,85;4,63;132,29;9,07;102,97;106,97;161,71;149,83
6;Syngovia;state;6;63;235;16;159;100;3,78;5,25;0;0,54;108,97;108,97;10,74;9,56
6;Syngovia;transition;6;63;235;128;234;100;3,66;50,59;0;2,35;110,97;11,82;59,41;56,6
6;Syngovia;pair;6;63;235;372;3509;100;3,26;5,49;164,9;6,49;35,82;40,82;192,12;180,14
6;Syngovia;state;7;63;231;16;219;100;3,06;3,92;0;0,49;42,82;42,82;8,47;7,47
6;Syngovia;transition;7;63;231;126;230;100;3,12;32,67;0;2,92;47,82;49,82;40,43;38,71
6;Syngovia;pair;7;63;231;313;4142;100;3,23;4,75;220,77;7,57;69,82;75,82;245,63;236,32
6;Syngovia;state;8;74;274;18;184;100;2,96;3,98;0;0,53;77,82;77,82;8,32;7,47
6;Syngovia;transition;8;74;274;157;273;100;3,07;29,66;0;3,49;82,82;84,82;38,37;36,21
6;Syngovia;pair;8;74;274;450;4225;100;2,95;6,67;283,36;12,4;114,82;120,82;320,24;305,39
6;Syngovia;state;9;70;265;18;180;100;5,13;6,04;0;0,7;122,82;122,82;13,61;11,86
6;Syngovia;transition;9;70;265;154;264;100;4,22;31,18;0;4,46;127,82;129,82;43,45;39,86
6;Syngovia;pair;9;70;265;384;3542;100;4,36;7,26;200,55;9,08;140,88;27,88;234,62;221,26
6;Syngovia;state;10;74;281;18;252;100;4,22;3,86;0;0,7;29,88;29,88;9,59;8,77
6;Syngovia;transition;10;74;281;166;280;100;3,42;60,55;0;4,85;36,88;38,88;70,96;68,81
6;Syngovia;pair;10;74;281;418;5523;100;3,75;6,17;451,89;11,29;68,88;76,88;488,28;473,1
6;Syngovia;state;11;74;273;18;252;100;4,26;5,29;0;0,81;78,88;78,88;11,66;10,36
6;Syngovia;transition;11;74;273;158;272;100;4,04;51,78;0;3,8;84,88;86,88;61,98;59,62
6;Syngovia;pair;11;74;273;393;5200;100;3,31;6,11;299,05;6,35;114,88;121,88;324,64;314,82
6;Syngovia;state;12;74;273;18;184;100;3,29;4,35;0;0,43;123,88;123,88;8,92;8,07
6;Syngovia;transition;12;74;273;156;272;100;3,14;22,17;0;3,42;129,88;130,88;30,71;28,72
6;Syngovia;pair;12;74;273;445;4205;100;2,91;6,4;200,47;8,9;160,88;166,88;228,89;218,68
6;Syngovia;state;13;74;269;18;252;100;3,21;4,48;0;0,65;168,88;169,88;9,53;8,33
6;Syngovia;transition;13;74;269;154;268;100;3,24;49,39;0;4,32;174,88;176,88;59,1;56,95
6;Syngovia;pair;13;74;269;381;5028;100;3,05;6,28;378,17;8,06;182,88;35,79;406;395,55
6;Syngovia;state;14;74;271;18;252;100;3,21;4,28;0;0,66;37,79;37,79;9,1;8,15
6;Syngovia;transition;14;74;271;156;270;100;3,31;56,19;0;3,54;43,79;45,79;65,63;63,04
6;Syngovia;pair;14;74;271;387;5108;100;3,37;7,88;346,74;6,18;71,79;79,79;372,98;364,17
6;Syngovia;state;15;74;283;18;184;100;3,32;4,57;0;0,46;81,79;81,79;9,13;8,34
6;Syngovia;transition;15;74;283;166;282;100;3,13;24,55;0;3,15;87,79;88,79;33,03;30,82
6;Syngovia;pair;15;74;283;476;4483;100;3,31;7,56;235,98;8;120,79;127,79;264,69;254,86
6;Syngovia;state;16;70;269;18;180;100;3,19;3,61;0;0,39;129,79;129,79;8,29;7,2
6;Syngovia;transition;16;70;269;158;268;100;2,91;24,82;0;2,95;134,79;135,79;32,96;30,68
6;Syngovia;pair;16;70;269;395;3647;100;3,12;6,85;169,25;6,51;160,79;165,79;194,11;185,74
6;Syngovia;state;17;63;231;16;219;100;2,71;3,36;0;0,43;167,79;167,79;7,4;6,5
6;Syngovia;transition;17;63;231;126;230;100;2,56;27,45;0;2,69;172,79;174,79;35,51;32,7
6;Syngovia;pair;17;63;231;313;4142;100;2,56;5,03;181,04;5,42;194,79;200,79;200,74;194,06
6;Syngovia;state;18;70;266;18;180;100;2,6;6,23;0;0,29;201,87;8,87;9,82;9,12
6;Syngovia;transition;18;70;266;155;265;100;2,15;20,47;0;2,58;13,87;14,87;27,06;25,2
6;Syngovia;pair;18;70;266;387;3566;100;2,26;5,76;127,73;5,7;38,87;43,87;147,9;141,45
6;Syngovia;state;19;74;273;18;184;100;2,07;3,19;0;0,43;45,87;45,87;6,54;5,7
6;Syngovia;transition;19;74;273;156;272;100;2,06;19,73;0;2,4;51,87;52,87;25,55;24,2
6;Syngovia;pair;19;74;273;448;4211;100;2,32;6,58;215,84;6,18;81,87;88,87;237,95;230,93
6;Syngovia;state;20;59;227;16;155;100;1,43;2,16;0;0,28;89,87;90,87;4,32;3,87
6;Syngovia;transition;20;59;227;126;226;100;1,56;13,57;0;1,92;94,87;95,87;18,64;17,06
6;Syngovia;pair;20;59;227;320;2939;100;1,94;5,13;97,01;4,47;113,87;118,87;113,77;108,55
6;Syngovia;state;21;70;275;18;180;100;2,2;3,22;0;0,44;120,87;120,87;6,65;5,86
6;Syngovia;transition;21;70;275;164;274;100;2,22;21,25;0;2,64;125,87;127,87;28,06;26,11
6;Syngovia;pair;21;70;275;418;3820;100;2,26;5,87;160,3;4,57;153,87;159,87;179,32;172,99
6;Syngovia;state;22;63;235;16;159;100;1,48;2,45;0;0,32;161,87;161,87;4,93;4,24
6;Syngovia;transition;22;63;235;128;234;100;1,8;13,79;0;2,07;165,87;167,87;19,37;17,65
6;Syngovia;pair;22;63;235;372;3509;100;2,17;4,87;119,23;4,78;189,87;194,87;136,41;131,06
6;Syngovia;state;23;63;231;16;219;100;1,69;1,95;0;0,3;196,87;196,87;4,32;3,94
6;Syngovia;transition;23;63;231;126;230;100;1,41;28,76;0;2,81;202,87;10,28;34,6;32,97
6;Syngovia;pair;23;63;231;313;4142;100;2,08;4,49;166,85;5,19;30,28;36,28;184,48;178,62
6;Syngovia;state;24;70;267;18;180;100;2,22;2,62;0;0,31;38,28;38,28;5,59;5,15
6;Syngovia;transition;24;70;267;156;266;100;2,07;19,44;0;1,86;43,28;44,28;24,97;23,37
6;Syngovia;pair;24;70;267;390;3598;100;2;5,46;161,58;7,49;68,28;74,28;182,84;176,53
6;Syngovia;state;25;74;270;18;252;100;2,83;3,77;0;0,43;76,28;76,28;7,78;7,03
6;Syngovia;transition;25;74;270;155;269;100;2,49;41,67;0;3,63;82,28;84,28;49,91;47,79
6;Syngovia;pair;25;74;270;384;5068;100;2,18;5,56;395,14;9,62;110,28;117,28;420,31;412,5
6;Syngovia;state;26;74;269;18;252;100;2,88;3,89;0;0,61;119,28;119,28;8,04;7,38
6;Syngovia;transition;26;74;269;154;268;100;2,8;46,15;0;3,81;125,28;127,28;54,56;52,76
6;Syngovia;pair;26;74;269;381;5028;100;2,69;5,72;334,28;7,34;153,28;160,28;357,6;350,03
6;Syngovia;state;27;74;270;18;252;100;2,5;3,7;0;0,6;162,28;162,28;7,66;6,8
6;Syngovia;transition;27;74;270;155;269;100;2,3;38,19;0;3,67;168,28;170,28;45,67;44,17
6;Syngovia;pair;27;74;270;384;5068;100;2,75;5;358,36;11,02;196,28;201,84;385,06;377,12
6;Syngovia;state;28;74;279;18;252;100;2,82;4,04;0;0,56;11,84;11,84;8,2;7,43
6;Syngovia;transition;28;74;279;164;278;100;2,57;49,55;0;4,07;17,84;19,84;58,15;56,19
6;Syngovia;pair;28;74;279;411;5440;100;2,51;6,93;470,18;10,66;48,84;56,84;499,1;490,28
6;Syngovia;state;29;74;277;18;252;100;2,35;3,79;0;0,6;58,84;58,84;7,42;6,73
6;Syngovia;transition;29;74;277;162;276;100;2,6;50,89;0;3,43;64,84;66,84;59,19;56,92
6;Syngovia;pair;29;74;277;405;5364;100;3,05;6,66;388,19;8,54;94,84;102,84;414,62;406,44
6;Syngovia;state;30;70;264;18;180;100;2,44;3,84;0;0,55;104,84;104,84;7,67;6,83
6;Syngovia;transition;30;70;264;153;263;100;2,65;23,2;0;2,69;109,84;111,84;30,19;28,53
6;Syngovia;pair;30;70;264;382;3517;100;2,43;5,63;163,21;5,96;134,84;139,84;183,64;177,23
6;Syngovia;state;31;63;235;16;159;100;2,29;2,65;0;0,41;141,84;141,84;6,19;5,35
6;Syngovia;transition;31;63;235;130;234;100;2,09;16,18;0;2,05;146,84;147,84;21,95;20,32
6;Syngovia;pair;31;63;235;372;3509;100;1,91;5,68;149,24;5,79;169,84;175,84;168,72;162,62
6;Syngovia;state;32;63;231;16;219;100;1,8;2,77;0;0,43;176,84;177,84;5,77;5
6;Syngovia;transition;32;63;231;126;230;100;2,05;25,59;0;2,42;182,84;183,84;32,03;30,06
6;Syngovia;pair;32;63;231;313;4142;100;1,89;3,85;204,51;5,44;203,84;17,52;221,72;215,69
6;Syngovia;state;33;59;227;16;155;100;2,01;2,6;0;0,35;19,52;19,52;5,63;4,96
6;Syngovia;transition;33;59;227;126;226;100;2,69;14,86;0;1,94;23,52;24,52;20,95;19,49
6;Syngovia;pair;33;59;227;320;2939;100;1,9;3,76;113,73;6,43;43,52;47,52;131,53;125,82
6;Syngovia;state;34;74;274;18;184;100;3,07;4,01;0;0,57;49,52;49,52;8,32;7,65
6;Syngovia;transition;34;74;274;157;273;100;3,25;29,27;0;3,53;55,52;56,52;37,74;36,05
6;Syngovia;pair;34;74;274;448;4227;100;3,06;7,17;367,73;9,58;85,52;92,52;397,41;387,54
6;Syngovia;state;35;63;235;16;159;100;2,88;3,87;0;0,51;93,52;93,52;8,02;7,25
6;Syngovia;transition;35;63;235;128;234;100;3,66;21,18;0;2,63;98,52;99,52;28,99;27,48
6;Syngovia;pair;35;63;235;372;3509;100;2,81;5,33;157,55;6,28;122,52;127,52;178,74;171,96
6;Syngovia;state;36;70;275;18;180;100;2,87;3,36;0;0,42;129,52;129,52;7,24;6,66
6;Syngovia;transition;36;70;275;164;274;100;2,69;27,02;0;3,68;135,52;136,52;34,74;33,4
6;Syngovia;pair;36;70;275;418;3824;100;3,22;6,7;225,27;6,18;162,52;168,52;249,1;241,37
6;Syngovia;state;37;59;227;16;155;100;2,32;3,24;0;0,32;170,52;170,52;6,49;5,89
6;Syngovia;transition;37;59;227;126;226;100;2,18;17,43;0;2,1;174,52;175,52;22,96;21,72
6;Syngovia;pair;37;59;227;320;2939;100;2,09;3,94;114,61;5,69;194,52;198,52;132,28;126,34
6;Syngovia;state;38;70;267;18;180;100;2,71;3,48;0;0,53;200,52;200,52;7,27;6,72
6;Syngovia;transition;38;70;267;156;266;100;5,2;20,99;0;2,83;11,83;13,83;30,79;29,02
6;Syngovia;pair;38;70;267;389;3591;100;2,72;5,63;166,67;5,57;37,83;42,83;186,99;180,6
6;Syngovia;state;39;59;227;16;155;100;1,95;2,52;0;0,32;44,83;44,83;5,29;4,8
6;Syngovia;transition;39;59;227;126;226;100;1,78;13,89;0;2,01;48,83;49,83;18,81;17,69
6;Syngovia;pair;39;59;227;320;2939;100;1,77;3,86;130,59;6,25;68,83;72,83;148,04;142,46
6;Syngovia;state;40;63;235;16;159;100;2,5;3,12;0;0,46;74,83;74,83;6,69;6,08
6;Syngovia;transition;40;63;235;128;234;100;2,36;19,17;0;2,65;78,83;80,83;25,37;24,18
6;Syngovia;pair;40;63;235;372;3509;100;2,24;4,76;149,33;6,19;102,83;107,83;170,55;162,52
6;Syngovia;state;41;70;264;18;180;100;2,41;2,52;0;0,49;109,83;109,83;5,95;5,43
6;Syngovia;transition;41;70;264;153;263;100;2,1;22,35;0;2,47;114,83;116,83;28;26,91
6;Syngovia;pair;41;70;264;382;3517;100;2,14;4,75;172,97;5,51;139,83;144,83;191,6;185,37
6;Syngovia;state;42;70;266;18;180;100;2,22;2,97;0;0,53;146,83;146,83;6,34;5,73
6;Syngovia;transition;42;70;266;155;265;100;2,2;21,2;0;2,25;152,83;153,83;26,73;25,65
6;Syngovia;pair;42;70;266;387;3566;100;2,05;3,91;173,46;7,08;177,83;182,83;193,02;186,49
6;Syngovia;state;43;74;279;18;252;100;2,6;3,51;0;0,62;184,83;184,83;7,38;6,73
6;Syngovia;transition;43;74;279;164;278;100;2,75;43,37;0;4,17;190,83;193,83;51,78;50,3
6;Syngovia;pair;43;74;279;411;5440;100;2,74;5,81;374,54;6,63;202,9;36,9;398,27;389,72
6;Syngovia;state;44;70;275;18;180;100;2,47;3,23;0;0,41;38,9;38,9;6,6;6,11
6;Syngovia;transition;44;70;275;164;274;100;2,38;32,97;0;3,93;43,9;45,9;40,55;39,29
6;Syngovia;pair;44;70;275;418;3820;100;3,35;7,27;248,67;7,85;71,9;77,9;274,88;267,15
6;Syngovia;state;45;74;269;18;252;100;2,68;3,49;0;0,62;79,9;79,9;7,33;6,78
6;Syngovia;transition;45;74;269;154;268;100;2,76;47,76;0;3,36;85,9;87,9;55,21;53,88
6;Syngovia;pair;45;74;269;381;5028;100;2,76;5,53;360,15;7,6;112,9;119,9;383,54;376,03
6;Syngovia;state;46;74;282;18;184;100;2,68;3,18;0;0,44;121,9;121,9;6,87;6,29
6;Syngovia;transition;46;74;282;165;281;100;2,58;25,36;0;2,84;127,9;129,9;31,84;30,78
6;Syngovia;pair;46;74;282;470;4444;100;2,63;6,14;249,45;8,23;160,9;166,9;273,19;266,44
6;Syngovia;state;47;74;283;18;184;100;2,93;3,7;0;0,55;168,9;169,9;7,62;7,18
6;Syngovia;transition;47;74;283;166;282;100;2,88;28,37;0;3,47;174,9;176,9;35,79;34,73
6;Syngovia;pair;47;74;283;474;4475;100;2,8;4,75;244,38;8,13;202,9;22,73;266,81;260,05
6;Syngovia;state;48;74;270;18;252;100;2,82;3,48;0;0,61;24,73;24,73;7,4;6,91
6;Syngovia;transition;48;74;270;155;269;100;2,79;42,37;0;3,12;30,73;32,73;49,58;48,27
6;Syngovia;pair;48;74;270;384;5068;100;2,27;4,5;379,37;6,24;58,73;65,73;399,32;392,37
6;Syngovia;state;49;59;227;16;155;100;1,8;2,38;0;0,41;67,73;67,73;4,98;4,59
6;Syngovia;transition;49;59;227;129;226;100;2,17;14,21;0;2,39;71,73;73,73;19,49;18,77
6;Syngovia;pair;49;59;227;320;2939;100;2,33;3,3;97,2;5,73;91,73;95,73;113,82;108,55
6;Syngovia;state;50;70;265;18;180;100;2,53;3,13;0;0,49;97,73;97,73;6,59;6,15
6;Syngovia;transition;50;70;265;154;264;100;2,49;24,63;0;3,18;102,73;104,73;31,45;30,3
6;Syngovia;pair;50;70;265;384;3542;100;2,31;5,79;181,56;7,79;127,73;132,73;204,58;197,46
6;Syngovia;state;51;63;231;16;219;100;2,28;2,99;0;0,51;134,73;134,73;6,23;5,78
6;Syngovia;transition;51;63;231;126;230;100;2,37;30,79;0;2,56;139,73;141,73;36,67;35,72
6;Syngovia;pair;51;63;231;313;4142;100;2,29;4,27;227,97;8,16;161,73;167,73;249,4;242,69
6;Syngovia;state;52;74;270;18;252;100;2,88;3,66;0;0,66;169,73;169,73;7,74;7,2
6;Syngovia;transition;52;74;270;155;269;100;2,83;46,5;0;4,15;175,73;177,73;54,85;53,48
6;Syngovia;pair;52;74;270;384;5068;100;2,76;4,35;339,91;8,04;202,15;18,15;363,07;355,06
6;Syngovia;state;53;74;271;18;252;100;2,78;3,18;0;0,46;20,15;20,15;6,87;6,41
6;Syngovia;transition;53;74;271;156;270;100;2,07;39,95;0;4,19;26,15;28,15;47,43;46,22
6;Syngovia;pair;53;74;271;387;5114;100;2,68;4,34;308,74;6,26;54,15;61,15;329,24;322,02
6;Syngovia;state;54;74;281;18;252;100;2,84;2,72;0;0,46;63,15;63,15;6,52;6,02
6;Syngovia;transition;54;74;281;166;280;100;1,97;45,42;0;3,11;70,15;72,15;51,6;50,5
6;Syngovia;pair;54;74;281;417;5516;100;2,19;4,06;364,61;7,31;101,15;109,15;385,26;378,16
6;Syngovia;state;55;70;266;18;180;100;2,33;3,07;0;0,39;111,15;111,15;6,29;5,8
6;Syngovia;transition;55;70;266;155;265;100;2,36;20,71;0;2,53;116,15;118,15;26,75;25,61
6;Syngovia;pair;55;70;266;387;3566;100;2,31;4,41;144,2;5;141,15;146,15;161,63;155,91
6;Syngovia;state;56;74;278;18;252;100;2,75;3,41;0;0,52;148,15;149,15;7,19;6,69
6;Syngovia;transition;56;74;278;163;277;100;2,27;40,66;0;3,13;155,15;157,15;46,95;46,06
6;Syngovia;pair;56;74;278;408;5400;100;2,22;4,7;350,83;7,33;185,15;193,15;372,65;365,07
6;Syngovia;state;57;74;274;18;184;100;2,12;2,65;0;0,45;195,15;195,15;5,67;5,22
6;Syngovia;transition;57;74;274;157;273;100;2,07;18,82;0;5,17;200,15;202,15;26,99;26,06
6;Syngovia;pair;57;74;274;450;4225;100;2,28;4,35;175,28;5,98;37,07;43,07;194,09;187,89
6;Syngovia;state;58;70;267;18;180;100;2,2;2,71;0;0,45;45,07;45,07;5,83;5,36
6;Syngovia;transition;58;70;267;156;266;100;2,44;18,97;0;3,33;51,07;52,07;25,78;24,74
6;Syngovia;pair;58;70;267;389;3591;100;2,6;5,3;155,64;4,82;76,07;81,07;173,46;168,36
6;Syngovia;state;59;70;269;18;180;100;2,04;2,33;0;0,3;83,07;83,07;4,95;4,67
6;Syngovia;transition;59;70;269;158;268;100;1,76;18,65;0;2,24;89,07;90,07;23,39;22,65
6;Syngovia;pair;59;70;269;395;3647;100;2,05;5,39;154,98;6,2;114,07;120,07;175,2;168,62
6;Syngovia;state;60;70;275;18;180;100;2,39;2,7;0;0,41;122,07;122,07;5,84;5,5
6;Syngovia;transition;60;70;275;164;274;100;2,11;25,5;0;2,48;127,07;129,07;30,93;30,09
6;Syngovia;pair;60;70;275;418;3820;100;2,05;4,53;164,26;5,71;155,07;161,07;182,86;176,55
6;Syngovia;state;61;63;231;16;219;100;1,76;2,5;0;0,36;163,07;163,07;5,11;4,62
6;Syngovia;transition;61;63;231;126;230;100;2,03;25,1;0;2,98;168,07;169,07;31,14;30,11
6;Syngovia;pair;61;63;231;313;4142;100;2,18;3,94;175,82;4,61;189,07;195,07;191,89;186,55
6;Syngovia;state;62;70;270;18;180;100;1,91;2,87;0;0,39;197,07;197,07;5,58;5,17
6;Syngovia;transition;62;70;270;159;269;100;1,99;22,38;0;2,34;202,21;10,21;27,55;26,71
6;Syngovia;pair;62;70;270;401;3678;100;1,87;4,11;133,5;5,1;35,21;40,21;150,11;144,57
6;Syngovia;state;63;63;235;16;159;100;1,97;2,45;0;0,29;42,21;42,21;5,13;4,71
6;Syngovia;transition;63;63;235;128;234;100;1,79;14,06;0;1,67;46,21;48,21;18,27;17,52
6;Syngovia;pair;63;63;235;372;3509;100;1,76;3,02;157,6;7,75;70,21;75,21;175,88;170,12
6;Syngovia;state;64;74;272;18;184;100;2,7;3,62;0;0,53;77,21;78,21;7,26;6,86
6;Syngovia;transition;64;74;272;155;271;100;2,74;24,69;0;3,33;83,21;84,21;32,24;30,77
6;Syngovia;pair;64;74;272;443;4176;100;2,62;6,02;251,94;9,45;113,21;119,21;277,93;270,04
6;Syngovia;state;65;74;271;18;184;100;2,86;3,37;0;0,55;121,21;121,21;7,22;6,78
6;Syngovia;transition;65;74;271;154;270;100;2,65;24,89;0;3,34;127,21;128,21;31,91;30,88
6;Syngovia;pair;65;74;271;442;4159;100;2,77;5,76;216,6;9,33;157,21;163,21;241,68;234,46
6;Syngovia;state;66;74;267;18;252;100;2,5;3,35;0;0,56;165,21;165,21;6,88;6,4
6;Syngovia;transition;66;74;267;152;266;100;2,53;46,17;0;3,23;171,21;173,21;52,85;51,93
6;Syngovia;pair;66;74;267;375;4948;100;2,3;4,04;305,98;12,23;198,21;202,96;332,34;324,55
6;Syngovia;state;67;74;269;18;252;100;2,91;3,04;0;0,53;12,96;12,96;6,91;6,47
6;Syngovia;transition;67;74;269;154;268;100;2,43;47,19;0;4,23;18,96;20,96;54,91;53,86
6;Syngovia;pair;67;74;269;381;5028;100;2,51;5,8;348,82;8,53;45,96;52,96;373,09;365,67
6;Syngovia;state;68;70;267;18;180;100;2,83;3,28;0;0,43;54,96;54,96;6,97;6,55
6;Syngovia;transition;68;70;267;156;266;100;2,51;25,31;0;2,61;60,96;61,96;31,44;30,44
6;Syngovia;pair;68;70;267;390;3598;100;2,18;4,35;132,15;4,41;85,96;90,96;148,7;143,09
6;Syngovia;state;69;59;227;16;155;100;1,39;1,9;0;0,39;92,96;92,96;4,04;3,68
6;Syngovia;transition;69;59;227;126;226;100;1,89;12,43;0;1,85;96,96;98,96;16,87;16,16
6;Syngovia;pair;69;59;227;320;2939;100;1,61;2,66;84,66;3,72;116,96;120,96;96,67;92,64
6;Syngovia;state;70;63;231;16;219;100;1,37;1,89;0;0,32;122,96;122,96;3,83;3,57
6;Syngovia;transition;70;63;231;126;230;100;1,53;24,12;0;2,28;127,96;129,96;28,7;27,93
6;Syngovia;pair;70;63;231;313;4142;100;1,77;3,35;158,2;5,15;149,96;155,96;173,5;168,47
6;Syngovia;state;71;63;231;16;219;100;1,45;2,54;0;0,43;156,96;157,96;4,88;4,42
6;Syngovia;transition;71;63;231;126;230;100;1,74;24,72;0;2,35;161,96;163,96;29,66;28,82
6;Syngovia;pair;71;63;231;313;4142;100;1,81;2,64;189,58;6,73;183,96;189,96;206,14;200,77
6;Syngovia;state;72;74;273;18;184;100;2,69;3,43;0;0,52;191,96;191,96;7,07;6,63
6;Syngovia;transition;72;74;273;156;272;100;2,64;24,29;0;3,29;196,96;198,96;31,08;30,23
6;Syngovia;pair;72;74;273;448;4211;100;2,56;6,11;193,14;5,78;203,96;39,67;213,56;207,58
6;Syngovia;state;73;74;271;18;252;100;2,64;3,32;0;0,56;41,67;41,67;6,95;6,52
6;Syngovia;transition;73;74;271;156;270;100;2,64;44,68;0;3,03;47,67;49,67;51,4;50,35
6;Syngovia;pair;73;74;271;387;5108;100;2,2;4,04;362,48;7,77;75,67;83,67;383,65;376,49
6;Syngovia;state;74;74;272;18;184;100;2,51;3,17;0;0,48;84,67;85,67;6,56;6,16
6;Syngovia;transition;74;74;272;155;271;100;2,04;19,3;0;3,06;90,67;91,67;25,27;24,39
6;Syngovia;pair;74;74;272;446;4180;100;2,05;5,05;208,17;9,4;120,67;126,67;231,68;224,67
6;Syngovia;state;75;74;270;18;252;100;2,72;3,2;0;0,55;128,67;129,67;6,89;6,47
6;Syngovia;transition;75;74;270;155;269;100;2,4;36,29;0;3,33;135,67;137,67;42,89;42,02
6;Syngovia;pair;75;74;270;384;5068;100;2,23;4,52;347,67;8,6;162,67;169,67;369,9;363,02
6;Syngovia;state;76;70;268;18;180;100;2,25;2,74;0;0,4;171,67;172,67;5,87;5,4
6;Syngovia;transition;76;70;268;157;267;100;2,24;20,19;0;2,87;177,67;178,67;26,12;25,3
6;Syngovia;pair;76;70;268;392;3619;100;2,49;5,7;183,12;5,42;202,87;14,87;203,15;196,73
6;Syngovia;state;77;70;264;18;180;100;2,36;3,11;0;0,43;16,87;16,87;6,32;5,9
6;Syngovia;transition;77;70;264;153;263;100;2,08;20,05;0;2,62;21,87;22,87;25,6;24,76
6;Syngovia;pair;77;70;264;382;3517;100;2,13;3,92;152,41;5,66;45,87;51,87;170,06;164,12
6;Syngovia;state;78;74;273;18;184;100;2,21;3,08;0;0,47;53,87;53,87;6,24;5,76
6;Syngovia;transition;78;74;273;156;272;100;2,21;26,8;0;3,33;58,87;60,87;33,41;32,34
6;Syngovia;pair;78;74;273;445;4205;100;2,56;5,97;210,45;8,07;89,87;95,87;234,1;227,05
6;Syngovia;state;79;70;277;18;180;100;2,64;3,34;0;0,5;97,87;97,87;6,88;6,48
6;Syngovia;transition;79;70;277;166;276;100;2,52;24,45;0;3,11;102,87;104,87;30,97;30,07
6;Syngovia;pair;79;70;277;424;3872;100;2,39;7,24;229,45;9,13;131,87;136,87;259,53;248,2
6;Syngovia;state;80;70;277;18;180;100;6,08;3,49;0;0,53;138,87;139,87;10,65;10,1
6;Syngovia;transition;80;70;277;166;276;100;2,24;23,28;0;2,87;144,87;146,87;29,25;28,39
6;Syngovia;pair;80;70;277;424;3872;100;2,43;5,47;206,6;6,55;172,87;178,87;228,12;221,06
6;Syngovia;state;81;74;282;18;252;100;2,73;3,38;0;0,49;180,87;180,87;7,18;6,6
6;Syngovia;transition;81;74;282;167;281;100;2,4;47,65;0;4,19;187,87;189,87;55,27;54,24
6;Syngovia;pair;81;74;282;421;5565;100;2,44;4,29;392,76;9,51;203,31;33,31;417,11;409,01
6;Syngovia;state;82;74;269;18;252;100;2,75;3,46;0;0,59;35,31;35,31;7,28;6,79
6;Syngovia;transition;82;74;269;154;268;100;2,74;48,93;0;3,69;41,31;43,31;56,57;55,35
6;Syngovia;pair;82;74;269;381;5028;100;2,65;4,81;396,59;7,03;69,31;76,31;419,24;411,08
6;Syngovia;state;83;59;227;16;155;100;1,81;2,34;0;0,4;77,31;78,31;4,95;4,54
6;Syngovia;transition;83;59;227;126;226;100;1,73;15,37;0;2,17;82,31;83,31;20,06;19,28
6;Syngovia;pair;83;59;227;320;2939;100;2,18;3,55;106,76;4,72;101,31;106,31;121,98;117,21
6;Syngovia;state;84;74;268;18;252;100;1,93;2,91;0;0,48;108,31;108,31;5,81;5,31
6;Syngovia;transition;84;74;268;153;267;100;2,3;35,45;0;2,71;114,31;116,31;41,34;40,46
6;Syngovia;pair;84;74;268;378;4988;100;2,23;3,72;333,79;6,85;141,31;148,31;353,75;346,58
6;Syngovia;state;85;74;274;18;184;100;2,34;2,74;0;0,38;150,31;150,31;5,96;5,45
6;Syngovia;transition;85;74;274;157;273;100;2,21;25,76;0;3,62;155,31;157,31;32,63;31,59
6;Syngovia;pair;85;74;274;448;4227;100;2,79;6,15;213,16;6,58;186,31;192,31;235,71;228,67
6;Syngovia;state;86;74;270;18;252;100;2,33;3,02;0;0,51;194,31;195,31;6,45;5,85
6;Syngovia;transition;86;74;270;155;269;100;2;36,57;0;4,29;201,31;203,31;43,81;42,86
6;Syngovia;pair;86;74;270;384;5071;100;2,44;3,89;283,67;7,06;33,25;40,25;303,78;297,06
6;Syngovia;state;87;70;268;18;180;100;2,55;3,25;0;0,48;42,25;43,25;6,86;6,28
6;Syngovia;transition;87;70;268;157;267;100;1,96;25,2;0;2,84;48,25;49,25;31,01;30
6;Syngovia;pair;87;70;268;392;3619;100;1,95;4,11;180,5;5,37;73,25;79,25;197,61;191,93
6;Syngovia;state;88;74;273;18;252;100;2,18;2,5;0;0,48;81,25;81,25;5,67;5,17
6;Syngovia;transition;88;74;273;158;272;100;2,07;40,71;0;4,35;87,25;89,25;48,24;47,13
6;Syngovia;pair;88;74;273;394;5202;100;2,67;5,51;377,04;9,32;116,25;123,25;402,41;394,54
6;Syngovia;state;89;74;283;18;184;100;2,83;3,71;0;0,55;125,25;125,25;7,53;7,09
6;Syngovia;transition;89;74;283;166;282;100;2,98;22,42;0;2,91;131,25;133,25;29,29;28,31
6;Syngovia;pair;89;74;283;474;4484;100;2,28;4,34;227,84;8,54;164,25;171,25;249,83;242,99
6;Syngovia;state;90;74;273;18;252;100;2,6;2,93;0;0,39;173,25;173,25;6,44;5,92
6;Syngovia;transition;90;74;273;158;272;100;2,07;35,67;0;3,45;179,25;181,25;42,08;41,19
6;Syngovia;pair;90;74;273;394;5202;100;2,58;4,17;314,68;6,67;205,25;21,88;335,01;328,1
6;Syngovia;state;91;74;279;18;252;100;2,21;3,13;0;0,46;23,88;23,88;6,28;5,8
6;Syngovia;transition;91;74;279;164;278;100;2,46;44,81;0;3,45;30,88;32,88;51,83;50,71
6;Syngovia;pair;91;74;279;411;5440;100;2,43;5,64;396,07;6,81;60,88;68,88;418,46;410,95
6;Syngovia;state;92;70;267;18;180;100;1,99;2,75;0;0,39;70,88;70,88;5,62;5,13
6;Syngovia;transition;92;70;267;156;266;100;2,12;19,27;0;3,01;75,88;77,88;25,31;24,4
6;Syngovia;pair;92;70;267;390;3598;100;2,58;5,03;148,03;4,62;101,88;106,88;166,01;160,27
6;Syngovia;state;93;74;279;18;252;100;2,3;2,99;0;0,4;108,88;108,88;6,15;5,69
6;Syngovia;transition;93;74;279;164;278;100;2,32;39,08;0;2,85;115,88;117,88;45,15;44,24
6;Syngovia;pair;93;74;279;411;5440;100;2,25;4,04;370,23;7,26;145,88;153,88;390,66;383,78
6;Syngovia;state;94;70;276;18;180;100;2,5;3,15;0;0,37;155,88;155,88;6,43;6,03
6;Syngovia;transition;94;70;276;165;275;100;2,01;22,93;0;3,01;161,88;162,88;28,82;27,94
6;Syngovia;pair;94;70;276;422;3849;100;2,81;5,96;210,76;6,34;189,88;194,88;233,04;225,87
6;Syngovia;state;95;74;270;18;252;100;2,25;3,2;0;0,45;196,88;197,88;6,34;5,9
6;Syngovia;transition;95;74;270;155;269;100;2,23;39,04;0;2,62;203,57;10,57;44,7;43,89
6;Syngovia;pair;95;74;270;384;5071;100;2,08;4,89;351,32;7,68;36,57;43,57;372,57;365,96
6;Syngovia;state;96;63;231;16;219;100;1,76;2,77;0;0,35;45,57;45,57;5,32;4,88
6;Syngovia;transition;96;63;231;126;230;100;2,15;29,13;0;3,08;50,57;52,57;35,18;34,36
6;Syngovia;pair;96;63;231;313;4142;100;2,3;3,96;234,84;5,63;72,57;78,57;252,78;246,73
6;Syngovia;state;97;63;231;16;219;100;1,85;2,54;0;0,51;79,57;80,57;5,5;4,89
6;Syngovia;transition;97;63;231;126;230;100;2,15;30,02;0;2,65;85,57;86,57;35,82;34,82
6;Syngovia;pair;97;63;231;313;4142;100;1,87;3,68;191,24;4,87;106,57;112,57;206,88;201,66
6;Syngovia;state;98;63;231;16;219;100;1,65;2,2;0;0,38;114,57;114,57;4,59;4,23
6;Syngovia;transition;98;63;231;126;230;100;1,68;22,71;0;2,36;119,57;120,57;27,44;26,75
6;Syngovia;pair;98;63;231;313;4142;100;2,22;4,12;199,65;5,28;140,57;146,57;217;211,26
6;Syngovia;state;99;74;270;18;252;100;2,03;2,59;0;0,39;148,57;148,57;5,48;5
6;Syngovia;transition;99;74;270;155;269;100;2,23;36,28;0;3,08;154,57;156,57;42,73;41,59
6;Syngovia;pair;99;74;270;384;5068;100;2,13;3,72;298,18;10,01;182,57;189,57;321,22;314,04
6;Syngovia;state;100;70;266;18;180;100;2,57;3,51;0;0,48;191,57;191,57;6,96;6,56
6;Syngovia;transition;100;70;266;155;265;100;1,9;23,49;0;3,05;196,57;198,57;29,34;28,44
6;Syngovia;pair;100;70;266;387;3566;100;2,36;5,53;136,94;4,43;204,57;32,75;155,21;149,27
6;Syngovia;state;101;59;227;16;155;100;1,42;2,3;0;0,3;33,75;34,75;4,4;4,02
6;Syngovia;transition;101;59;227;126;226;100;1,57;15,08;0;1,68;38,75;39,75;19,06;18,33
6;Syngovia;pair;101;59;227;320;2939;100;1,52;2,6;94,92;3,83;57,75;62,75;106,81;102,87
6;Syngovia;state;102;74;273;18;184;100;1,63;2,4;0;0,31;64,75;64,75;4,63;4,33
6;Syngovia;transition;102;74;273;156;272;100;1,9;19,92;0;2,28;69,75;71,75;24,98;24,1
6;Syngovia;pair;102;74;273;445;4205;100;2,09;3,74;175,55;6,73;100,75;106,75;194,99;188,11
6;Syngovia;state;103;63;231;16;219;100;1,77;2,31;0;0,44;108,75;108,75;5,07;4,51
6;Syngovia;transition;103;63;231;126;230;100;1,92;23,37;0;2,16;113,75;115,75;28,19;27,45
6;Syngovia;pair;103;63;231;313;4142;100;1,62;2,79;147,31;4,84;134,75;140,75;161,36;156,56
6;Syngovia;state;104;74;274;18;184;100;1,83;2,65;0;0,34;142,75;142,75;5,15;4,82
6;Syngovia;transition;104;74;274;157;273;100;2,03;20,99;0;2,06;148,75;149,75;25,87;25,08
6;Syngovia;pair;104;74;274;450;4239;100;1,6;3,95;200,15;8,3;179,75;185,75;220,28;214,01
6;Syngovia;state;105;63;231;16;219;100;2,05;2,16;0;0,32;187,75;187,75;4,81;4,53
6;Syngovia;transition;105;63;231;126;230;100;1,87;22,72;0;2,51;192,75;194,75;27,98;27,1
6;Syngovia;pair;105;63;231;313;4142;100;1,97;3,03;165,57;7,03;202,91;25,91;183,4;177,61
6;Syngovia;state;106;63;235;16;159;100;2,26;2,61;0;0,37;27,91;27,91;5,54;5,25
6;Syngovia;transition;106;63;235;130;234;100;2,09;17,85;0;2,24;32,91;33,91;22,91;22,18
6;Syngovia;pair;106;63;235;372;3509;100;1,89;2,76;150,06;5,55;55,91;61,91;165,68;160,26
6;Syngovia;state;107;63;231;16;219;100;1,73;2,55;0;0,45;62,91;63,91;5,1;4,73
6;Syngovia;transition;107;63;231;126;230;100;2,23;33,17;0;3,23;68,91;69,91;40,12;38,63
6;Syngovia;pair;107;63;231;313;4142;100;2,21;4,06;240,43;7,66;89,91;95,91;261,2;254,36
6;Syngovia;state;108;59;227;16;155;100;2,25;2,73;0;0,42;97,91;97,91;5,74;5,39
6;Syngovia;transition;108;59;227;126;226;100;2,09;16,97;0;2,65;101,91;102,91;22,51;21,71
6;Syngovia;pair;108;59;227;320;2939;100;2,22;4,14;129,91;6,72;120,91;125,91;148,85;142,99
6;Syngovia;state;109;63;231;16;219;100;2,27;2,95;0;0,49;127,91;127,91;6,06;5,72
6;Syngovia;transition;109;63;231;126;230;100;2,24;31,34;0;3,43;132,91;133,91;37,92;37
6;Syngovia;pair;109;63;231;313;4142;100;2,31;3,84;250,62;7,86;153,91;159,91;271,33;264,63
6;Syngovia;state;110;70;266;18;180;100;2,7;4,38;0;0,51;161,91;161,91;8,01;7,59
6;Syngovia;transition;110;70;266;155;265;100;2,65;24,62;0;2,42;166,91;168,91;30,63;29,7
6;Syngovia;pair;110;70;266;387;3570;100;2,43;4,73;176,05;7,7;191,91;197,91;197,58;190,91
6;Syngovia;state;111;74;269;18;252;100;2,54;3,34;0;0,62;199,91;199,91;6,9;6,51
6;Syngovia;transition;111;74;269;154;268;100;2,94;53,68;0;4,01;203,13;13,13;61,38;60,62
6;Syngovia;pair;111;74;269;381;5028;100;2,6;5,23;325,03;6,87;38,13;45,13;346,57;339,73
6;Syngovia;state;112;59;227;16;155;100;2,13;2,12;0;0,35;47,13;47,13;4,99;4,61
6;Syngovia;transition;112;59;227;126;226;100;2,04;14,94;0;2,02;52,13;53,13;19,76;19
6;Syngovia;pair;112;59;227;320;2939;100;1,7;2,87;125,12;4,6;71,13;75,13;139,11;134,29
6;Syngovia;state;113;70;266;18;180;100;2,08;2,37;0;0,46;77,13;77,13;5,26;4,91
6;Syngovia;transition;113;70;266;155;265;100;2,14;19,93;0;2,18;83,13;84,13;24,98;24,25
6;Syngovia;pair;113;70;266;387;3570;100;2,24;3,89;150,21;7,6;108,13;113,13;170,52;163,95
6;Syngovia;state;114;59;227;16;155;100;2,08;2,66;0;0,48;115,13;115,13;5,6;5,22
6;Syngovia;transition;114;59;227;126;226;100;2,2;12,75;0;2,33;119,13;120,13;17,86;17,29
6;Syngovia;pair;114;59;227;320;2939;100;1,92;3,96;102,01;5,43;139,13;143,13;118,38;113,32
6;Syngovia;state;115;70;274;18;180;100;2,52;2,93;0;0,43;145,13;145,13;6,18;5,88
6;Syngovia;transition;115;70;274;163;273;100;2,22;25,77;0;3,12;150,13;152,13;32;31,11
6;Syngovia;pair;115;70;274;413;3790;100;2,49;5,54;206,72;6,04;178,13;184,13;227,21;220,79
6;Syngovia;state;116;70;266;18;180;100;2,34;2,67;0;0,43;185,13;186,13;5,77;5,44
6;Syngovia;transition;116;70;266;155;265;100;2,17;20,14;0;2,68;191,13;192,13;25,73;24,99
6;Syngovia;pair;116;70;266;387;3570;100;2,58;4,48;151,81;4,68;204,13;26,98;169,39;163,56
6;Syngovia;state;117;74;274;18;184;100;1,98;2,63;0;0,34;28,98;28,98;5,24;4,94
6;Syngovia;transition;117;74;274;157;273;100;2;20,24;0;2,16;34,98;35,98;25,21;24,4
6;Syngovia;pair;117;74;274;449;4233;100;2,15;4,06;242,17;5,37;64,98;71,98;258,78;253,75
6;Syngovia;state;118;74;268;18;252;100;1,6;2,31;0;0,37;73,98;73,98;4,55;4,28
6;Syngovia;transition;118;74;268;153;267;100;1,66;30,65;0;2,71;79,98;81,98;35,76;35,02
6;Syngovia;pair;118;74;268;378;4988;100;2,24;3,53;276,13;6,31;106,98;113,98;294,47;288,21
6;Syngovia;state;119;70;275;18;180;100;2,22;2,74;0;0,42;115,98;115,98;5,78;5,38
6;Syngovia;transition;119;70;275;164;274;100;2,03;20,61;0;2,3;121,98;122,98;25,58;24,94
6;Syngovia;pair;119;70;275;418;3820;100;1,98;3,78;165,49;5,73;148,98;154,98;182,76;176,98
6;Syngovia;state;120;70;275;18;180;100;2,62;2,52;0;0,4;156,98;156,98;5,84;5,54
6;Syngovia;transition;120;70;275;164;274;100;2,29;22,98;0;2,62;161,98;163,98;28,74;27,89
6;Syngovia;pair;120;70;275;418;3820;100;2,22;5,31;178,59;6;189,98;195,98;198,53;192,12
6;Syngovia;state;121;59;227;16;155;100;2,04;2,15;0;0,31;197,98;197,98;4,84;4,49
6;Syngovia;transition;121;59;227;129;226;100;1,66;14,83;0;30,25;201,98;203,01;47,57;46,74
6;Syngovia;pair;121;59;227;320;2939;100;2,14;4,28;128,99;6,41;26,01;31,01;147,91;141,82
6;Syngovia;state;122;63;231;16;219;100;2,29;2,99;0;0,5;33,01;33,01;6,16;5,78
6;Syngovia;transition;122;63;231;126;230;100;2,38;34,51;0;4,52;38,01;39,01;42,27;41,41
6;Syngovia;pair;122;63;231;313;4142;100;2,53;4,21;274,85;7,05;59,01;65,01;295,95;288,65
6;Syngovia;state;123;74;283;18;184;100;2,74;2,91;0;0,46;67,01;67,01;6,52;6,11
6;Syngovia;transition;123;74;283;166;282;100;2,83;26,38;0;2,81;73,01;74,01;32,9;32,02
6;Syngovia;pair;123;74;283;474;4475;100;2,26;5,04;266,69;9,05;106,01;113,01;290,64;283,04
6;Syngovia;state;124;74;271;18;184;100;2,12;3,37;0;0,5;115,01;115,01;6,38;5,99
6;Syngovia;transition;124;74;271;154;270;100;2,59;19,11;0;2,46;120,01;122,01;24,88;24,15
6;Syngovia;pair;124;74;271;442;4159;100;1,81;4,97;252,14;9,37;150,01;156,01;275,59;268,3
6;Syngovia;state;125;59;227;16;155;100;2,27;2,83;0;0,44;158,01;158,01;5,89;5,54
6;Syngovia;transition;125;59;227;129;226;100;2,06;15,42;0;2,06;163,01;164,01;20,31;19,54
6;Syngovia;pair;125;59;227;320;2939;100;1,91;3,56;109,43;5,09;182,01;186,01;125,4;119,99
6;Syngovia;state;126;70;267;18;180;100;2,49;3,05;0;0,51;188,01;188,01;6,46;6,05
6;Syngovia;transition;126;70;267;156;266;100;2,03;19,65;0;2,46;194,01;195,01;24,84;24,14
6;Syngovia;pair;126;70;267;390;3598;100;1,96;4,04;142,47;5,43;204,01;29,86;159,86;153,9
6;Syngovia;state;127;63;231;16;219;100;1,81;2,23;0;0,42;31,86;31,86;4,87;4,47
6;Syngovia;transition;127;63;231;126;230;100;1,93;26,67;0;2,51;36,86;38,86;31,92;31,11
6;Syngovia;pair;127;63;231;313;4142;100;2,51;3,24;241,71;5,19;58,86;64,86;258,43;252,66
6;Syngovia;state;128;74;284;18;184;100;2,8;2,26;0;0,44;66,86;66,86;5,88;5,49
6;Syngovia;transition;128;74;284;167;283;100;1,72;22,12;0;3,24;71,86;73,86;27,89;27,09
6;Syngovia;pair;128;74;284;478;4512;100;2,61;5,03;223,04;6,7;105,86;112,86;244;237,38
6;Syngovia;state;129;74;270;18;252;100;2,19;2,74;0;0,47;114,86;114,86;5,82;5,4
6;Syngovia;transition;129;74;270;155;269;100;2,37;43,11;0;3,34;120,86;122,86;49,72;48,82
6;Syngovia;pair;129;74;270;384;5068;100;2,41;3,92;299,83;6,45;148,86;155,86;318,94;312,61
6;Syngovia;state;130;74;275;18;184;100;2,33;2,74;0;0,35;157,86;157,86;5,81;5,42
6;Syngovia;transition;130;74;275;158;274;100;1,91;22,46;0;3,48;162,86;164,86;28,74;27,85
6;Syngovia;pair;130;74;275;453;4259;100;2,64;5,98;283,18;8,49;193,86;200,86;308,43;300,29
6;Syngovia;state;131;74;268;18;252;100;1,83;5,24;0;0,49;202,94;7,94;7,9;7,55
6;Syngovia;transition;131;74;268;153;267;100;2,43;39,77;0;3,26;13,94;15,94;46,5;45,46
6;Syngovia;pair;131;74;268;378;4988;100;2,18;4,56;374,04;5,19;40,94;47,94;392,62;385,97
6;Syngovia;state;132;74;273;18;184;100;1,88;2,38;0;0,39;49,94;49,94;4,93;4,66
6;Syngovia;transition;132;74;273;156;272;100;1,73;19,77;0;2,68;54,94;56,94;24,97;24,17
6;Syngovia;pair;132;74;273;447;4210;100;2,38;4,43;218,31;5,89;85,94;91,94;236,92;231
6;Syngovia;state;133;59;227;16;155;100;1,59;2;0;0,31;93,94;93,94;4,15;3,89
6;Syngovia;transition;133;59;227;129;226;100;1,65;12,75;0;1,82;97,94;99,94;16,83;16,22
6;Syngovia;pair;133;59;227;320;2939;100;1,58;2,86;100,29;5,03;117,94;121,94;115,13;109,76
6;Syngovia;state;134;63;235;16;159;100;1,93;2,5;0;0,36;123,94;123,94;5,14;4,78
6;Syngovia;transition;134;63;235;128;234;100;1,89;16,04;0;2,71;128,94;129,94;21,46;20,65
6;Syngovia;pair;134;63;235;372;3509;100;2,16;3,59;153,42;6,41;151,94;157,94;171,86;165,58
6;Syngovia;state;135;70;268;18;180;100;2,07;2,58;0;0,51;158,94;159,94;5,51;5,15
6;Syngovia;transition;135;70;268;157;267;100;2,7;22,44;0;2,62;164,94;165,94;28,5;27,76
6;Syngovia;pair;135;70;268;392;3619;100;2,06;4,48;160,93;6,51;189,94;195,94;180,69;173,98
6;Syngovia;state;136;63;231;16;219;100;2,16;2,55;0;0,33;197,94;197,94;5,38;5,05
6;Syngovia;transition;136;63;231;126;230;100;1,89;37,12;0;3,64;203,41;9,41;43,63;42,65
6;Syngovia;pair;136;63;231;313;4142;100;2,65;4,49;213,1;7,34;29,41;35,41;234,14;227,58
6;Syngovia;state;137;74;278;18;184;100;2,74;3,53;0;0,66;37,41;37,41;7,36;6,93
6;Syngovia;transition;137;74;278;161;277;100;2,64;27,01;0;3,29;43,41;44,41;33,83;32,94
6;Syngovia;pair;137;74;278;462;4343;100;2,62;5,89;274,79;8,39;75,41;81,41;299,03;291,68
6;Syngovia;state;138;63;235;16;159;100;2,21;2,64;0;0,45;83,41;83,41;5,68;5,31
6;Syngovia;transition;138;63;235;128;234;100;2,43;17,78;0;2,57;88,41;89,41;23,47;22,78
6;Syngovia;pair;138;63;235;372;3509;100;2,08;4,66;125,28;5,18;111,41;117,41;142,97;137,2
6;Syngovia;state;139;74;280;18;184;100;2,44;2,58;0;0,49;119,41;119,41;5,84;5,51
6;Syngovia;transition;139;74;280;163;279;100;2,04;20,89;0;2,17;124,41;126,41;25,89;25,1
6;Syngovia;pair;139;74;280;464;4392;100;2,03;4,29;186,53;7,13;157,41;163,41;205,81;199,98
6;Syngovia;state;140;74;267;18;252;100;1,94;2,7;0;0,37;165,41;165,41;5,35;5,01
6;Syngovia;transition;140;74;267;152;266;100;2,29;45,29;0;3,86;171,41;173,41;52,45;51,44
6;Syngovia;pair;140;74;267;375;4948;100;2,7;5,56;392,78;10,84;198,41;203,41;435,99;411,87
6;Syngovia;state;141;74;269;18;252;100;2,76;3,11;0;0,56;11,95;11,95;6,89;6,43
6;Syngovia;transition;141;74;269;154;268;100;2,09;49,65;0;3,94;17,95;19,95;56,88;55,68
6;Syngovia;pair;141;74;269;381;5028;100;2,36;5,57;356,96;5,88;45,95;52,95;377,62;370,76
6;Syngovia;state;142;70;276;18;180;100;2,25;2,94;0;0,48;54,95;54,95;6,07;5,68
6;Syngovia;transition;142;70;276;165;275;100;1,75;28,38;0;2,07;59,95;61,95;32,95;32,21
6;Syngovia;pair;142;70;276;421;3846;100;2,15;5,2;193,91;6,71;87,95;93,95;214,19;207,97
6;Syngovia;state;143;74;269;18;252;100;2,54;2,92;0;0,45;95,95;95,95;6,27;5,91
6;Syngovia;transition;143;74;269;154;268;100;2,39;39,04;0;4,18;101,95;103,95;46,5;45,61
6;Syngovia;pair;143;74;269;381;5028;100;2,47;4,86;366,78;8,03;129,95;136,95;389;382,14
6;Syngovia;state;144;74;273;18;184;100;2,62;3,36;0;0,54;138,95;138,95;6,95;6,52
6;Syngovia;transition;144;74;273;156;272;100;2,33;22,68;0;2,66;143,95;145,95;28,62;27,67
6;Syngovia;pair;144;74;273;445;4205;100;2,64;5,37;259,62;10,72;174,95;180,95;286,42;278,35
6;Syngovia;state;145;74;281;18;252;100;4,72;3,55;0;0,66;182,95;182,95;9,6;8,93
6;Syngovia;transition;145;74;281;166;280;100;2,88;68,13;0;7,83;188,95;191,95;80,08;78,84
6;Syngovia;pair;145;74;281;417;5516;100;15,23;5,94;458,72;9,36;204,18;34,18;497,39;489,25
6;Syngovia;state;146;74;277;18;252;100;2,81;3,41;0;0,56;36,18;37,18;7,16;6,79
6;Syngovia;transition;146;74;277;162;276;100;2,65;61,37;0;4,33;43,18;45,18;69,47;68,36
6;Syngovia;pair;146;74;277;405;5360;100;2,8;5,73;472,26;9,52;73,18;80,18;497,97;490,32
6;Syngovia;state;147;63;231;16;219;100;2;2,54;0;0,49;82,18;82,18;5,4;5,02
6;Syngovia;transition;147;63;231;126;230;100;2,16;28,63;0;3;87,18;89,18;34,7;33,79
6;Syngovia;pair;147;63;231;313;4142;100;2,29;3,66;196,84;6,29;109,18;115,18;214,67;209,07
6;Syngovia;state;148;74;272;18;184;100;2,54;2,42;0;0,34;117,18;117,18;5,58;5,3
6;Syngovia;transition;148;74;272;155;271;100;2,57;24,21;0;3,05;122,18;124,18;30,66;29,83
6;Syngovia;pair;148;74;272;444;4173;100;2,7;5,58;211,9;7,76;152,18;158,18;234,68;227,93
6;Syngovia;state;149;74;273;18;252;100;2,83;3,52;0;0,62;160,18;161,18;7,62;6,97
6;Syngovia;transition;149;74;273;158;272;100;2,39;41,06;0;4,38;167,18;169,18;48,75;47,82
6;Syngovia;pair;149;74;273;394;5202;100;2,79;5,89;430,57;10,01;195,18;203,18;456,91;449,27
6;Syngovia;state;150;74;275;18;184;100;2,07;2,93;0;0,4;9,95;9,95;5,77;5,4
6;Syngovia;transition;150;74;275;158;274;100;2,23;23,87;0;2,65;14,95;16,95;29,45;28,74
6;Syngovia;pair;150;74;275;451;4257;100;2,29;5,41;221,2;7,85;45,95;52,95;243,53;236,75
6;Syngovia;state;151;63;235;16;159;100;2,16;2,34;0;0,68;53,95;54,95;5,56;5,17
6;Syngovia;transition;151;63;235;130;234;100;2,48;17,13;0;2,17;58,95;59,95;22,44;21,77
6;Syngovia;pair;151;63;235;372;3509;100;2,23;3,95;132,57;5,96;82,95;87,95;150,31;144,71
6;Syngovia;state;152;59;227;16;155;100;1,69;2,27;0;0,47;89,95;89,95;4,77;4,43
6;Syngovia;transition;152;59;227;126;226;100;2,23;15,62;0;1,89;93,95;95,95;20,36;19,74
6;Syngovia;pair;152;59;227;320;2939;100;1,59;3,42;97,12;5,46;113,95;117,95;112,14;107,59
6;Syngovia;state;153;59;227;16;155;100;1,75;1,98;0;0,31;119,95;119,95;4,29;4,03
6;Syngovia;transition;153;59;227;129;226;100;2,07;14,94;0;1,87;123,95;125,95;19,46;18,89
6;Syngovia;pair;153;59;227;320;2939;100;1,81;3,72;96,59;5,85;143,95;147,95;113,18;107,97
6;Syngovia;state;154;63;235;16;159;100;2,37;3,45;0;0,5;149,95;149,95;6,66;6,32
6;Syngovia;transition;154;63;235;128;234;100;2,22;19,79;0;2,8;154,95;155,95;25,6;24,82
6;Syngovia;pair;154;63;235;372;3509;100;3,5;4,69;141,34;5,2;177,95;182,95;160,32;154,73
6;Syngovia;state;155;74;280;18;252;100;2,54;2,86;0;0,47;184,95;185,95;6,22;5,88
6;Syngovia;transition;155;74;280;165;279;100;2,13;41,58;0;3,63;191,95;193,95;48,13;47,34
6;Syngovia;pair;155;74;280;415;5478;100;2,26;4,36;343,32;7,02;203,99;36,99;363,59;356,96
6;Syngovia;state;156;74;275;18;184;100;2,18;2,68;0;0,4;38,99;38,99;5,55;5,25
6;Syngovia;transition;156;74;275;158;274;100;2,17;21,39;0;2,46;43,99;45,99;26,75;26,02
6;Syngovia;pair;156;74;275;454;4266;100;2,14;4,66;218,3;6,4;74,99;81,99;237,24;231,5
6;Syngovia;state;157;63;231;16;219;100;1,72;2,01;0;0,45;82,99;83,99;4,47;4,18
6;Syngovia;transition;157;63;231;126;230;100;1,7;21,73;0;1,86;88,99;89,99;26,03;25,28
6;Syngovia;pair;157;63;231;313;4142;100;1,39;2,38;175,73;6,04;109,99;115,99;190,57;185,54
6;Syngovia;state;158;63;235;16;159;100;1,95;2,36;0;0,31;117,99;117,99;4,91;4,62
6;Syngovia;transition;158;63;235;128;234;100;2,02;16,59;0;2,34;121,99;123,99;21,69;20,95
6;Syngovia;pair;158;63;235;372;3509;100;1,97;3,87;160,35;7,35;145,99;150,99;179,88;173,54
6;Syngovia;state;159;70;275;18;180;100;2,54;3,37;0;0,52;152,99;152,99;6,74;6,43
6;Syngovia;transition;159;70;275;164;274;100;2,58;30,11;0;3,38;158,99;159,99;37,04;36,07
6;Syngovia;pair;159;70;275;418;3820;100;2,5;5,56;232,28;7,8;185,99;191,99;255,35;248,14
6;Syngovia;state;160;63;235;16;159;100;2,26;2,76;0;0,41;193,99;193,99;5,75;5,43
6;Syngovia;transition;160;63;235;128;234;100;2,28;18,61;0;2,48;198,99;199,99;24,11;23,37
6;Syngovia;pair;160;63;235;372;3509;100;2,29;4,45;126,88;4,87;203,4;33,4;144,16;138,49
6;Syngovia;state;161;74;275;18;184;100;2,24;2,88;0;0,43;34,4;35,4;5,86;5,55
6;Syngovia;transition;161;74;275;158;274;100;2,05;20,85;0;2,26;40,4;42,4;25,88;25,16
6;Syngovia;pair;161;74;275;454;4261;100;1,99;5,8;231,09;7,22;71,4;77,4;252,4;246,09
6;Syngovia;state;162;74;280;18;252;100;2,63;14,58;0;0,5;79,4;80,4;18,06;17,7
6;Syngovia;transition;162;74;280;165;279;100;2,67;45,76;0;3,47;86,4;88,4;52,92;51,91
6;Syngovia;pair;162;74;280;415;5483;100;2,5;4,38;332,45;7,22;117,4;125,4;353,46;346,55
6;Syngovia;state;163;63;231;16;219;100;1,51;2,13;0;0,32;126,4;127,4;4,21;3,97
6;Syngovia;transition;163;63;231;126;230;100;1,7;22,33;0;2,11;132,4;133,4;26,8;26,13
6;Syngovia;pair;163;63;231;313;4142;100;1,58;2,81;167,86;4,68;153,4;159,4;182,01;176,93
6;Syngovia;state;164;74;277;18;184;100;2,03;2,61;0;0,34;161,4;161,4;5,22;4,98
6;Syngovia;transition;164;74;277;160;276;100;1,92;18,5;0;2,06;166,4;168,4;23,03;22,49
6;Syngovia;pair;164;74;277;460;4317;100;1,65;3,59;209,3;16,73;198,4;203,4;237,63;231,27
6;Syngovia;state;165;74;274;18;184;100;2,26;2,76;0;0,5;10,98;11,98;5,9;5,52
6;Syngovia;transition;165;74;274;157;273;100;2,19;22,91;0;2,86;16,98;18,98;28,73;27,96
6;Syngovia;pair;165;74;274;449;4228;100;2,41;5,22;260,51;8,07;47,98;53,98;282,93;276,21
6;Syngovia;state;166;70;273;18;180;100;2,25;2,89;0;0,32;55,98;55,98;5,72;5,46
6;Syngovia;transition;166;70;273;162;272;100;1,99;28,32;0;2,95;60,98;62,98;34,22;33,25
6;Syngovia;pair;166;70;273;412;3768;100;2,42;4,4;185,85;5,94;88,98;93,98;205,14;198,61
6;Syngovia;state;167;74;276;18;184;100;2,39;2,74;0;0,4;95,98;95,98;5,82;5,53
6;Syngovia;transition;167;74;276;159;275;100;2,15;25,02;0;3,22;101,98;102,98;31,16;30,39
6;Syngovia;pair;167;74;276;454;4287;100;2,54;5,83;248,67;9,65;132,98;138,98;274,1;266,69
6;Syngovia;state;168;70;264;18;180;100;2,55;3,13;0;0,51;140,98;141,98;6,55;6,2
6;Syngovia;transition;168;70;264;153;263;100;2,56;21,23;0;2,69;146,98;147,98;27,18;26,48
6;Syngovia;pair;168;70;264;382;3517;100;2,38;5,2;175,98;6,32;170,98;175,98;196,97;189,89
6;Syngovia;state;169;63;235;16;159;100;2,44;2,75;0;0,42;177,98;177,98;5,97;5,6
6;Syngovia;transition;169;63;235;128;234;100;2,19;16,44;0;2,78;182,98;183,98;22,09;21,41
6;Syngovia;pair;169;63;235;372;3509;100;1,92;4,83;157,97;5,26;204,35;18,35;175,25;169,99
6;Syngovia;state;170;70;266;18;180;100;2,5;2,98;0;0,43;20,35;20,35;6,28;5,91
6;Syngovia;transition;170;70;266;155;265;100;2,22;21,37;0;2,42;25,35;27,35;26,84;26,01
6;Syngovia;pair;170;70;266;387;3566;100;2,28;4,69;200,55;6,04;50,35;55,35;220,07;213,56
6;Syngovia;state;171;63;235;16;159;100;2,29;2,16;0;0,3;57,35;57,35;5,04;4,74
6;Syngovia;transition;171;63;235;128;234;100;2,08;16,23;0;2,12;62,35;63,35;21,15;20,43
6;Syngovia;pair;171;63;235;372;3509;100;1,82;3,48;152,21;6,76;86,35;91,35;170,03;164,27
6;Syngovia;state;172;70;268;18;180;100;2,59;3,01;0;0,41;93,35;93,35;6,42;6,01
6;Syngovia;transition;172;70;268;157;267;100;2,25;20,87;0;2,85;98,35;100,35;26,76;25,98
6;Syngovia;pair;172;70;268;393;3626;100;2,44;4,99;138,3;5,05;124,35;129,35;156,68;150,78
6;Syngovia;state;173;74;277;18;252;100;2,09;2,55;0;0,53;131,35;131,35;5,51;5,16
6;Syngovia;transition;173;74;277;162;276;100;1,92;36,81;0;3,17;138,35;140,35;42,58;41,9
6;Syngovia;pair;173;74;277;405;5360;100;1,99;3,52;381,88;7,82;168,35;175,35;402,3;395,22
6;Syngovia;state;174;74;278;18;252;100;2,29;3,08;0;0,85;177,35;177,35;6,62;6,22
6;Syngovia;transition;174;74;278;163;277;100;2,59;47,51;0;3,43;184,35;186,35;54,44;53,52
6;Syngovia;pair;174;74;278;409;5411;100;2,57;3,96;318,26;7,94;203,62;28,62;339,03;332,73
6;Syngovia;state;175;74;279;18;252;100;2,42;2,6;0;0,44;30,62;30,62;5,78;5,46
6;Syngovia;transition;175;74;279;164;278;100;2,58;53,18;0;2,34;36,62;38,62;58,85;58,1
6;Syngovia;pair;175;74;279;411;5440;100;2,21;3,81;426,34;9,75;67,62;75,62;449,33;442,11
6;Syngovia;state;176;59;227;16;155;100;2,13;2,66;0;0,38;76,62;77,62;5,47;5,17
6;Syngovia;transition;176;59;227;126;226;100;1,79;14,01;0;2,7;81,62;82,62;19,34;18,51
6;Syngovia;pair;176;59;227;320;2939;100;2,1;3,34;99,62;4,34;100,62;105,62;113,99;109,4
6;Syngovia;state;177;74;272;18;252;100;2,02;2,33;0;0,43;107,62;107,62;5,04;4,78
6;Syngovia;transition;177;74;272;157;271;100;1,5;36,34;0;3,08;113,62;115,62;41,6;40,92
6;Syngovia;pair;177;74;272;391;5162;100;2,12;3,92;333,13;7,47;141,62;149,62;352,87;346,63
6;Syngovia;state;178;63;235;16;159;100;1,66;2,25;0;0,4;150,62;150,62;4,61;4,31
6;Syngovia;transition;178;63;235;128;234;100;1,87;14,45;0;1,74;155,62;156,62;18,69;18,07
6;Syngovia;pair;178;63;235;372;3509;100;1,72;3,14;164,11;5,81;179,62;184,62;180,91;174,78
6;Syngovia;state;179;70;279;18;180;100;2,76;2,86;0;0,51;186,62;186,62;6,47;6,13
6;Syngovia;transition;179;70;279;168;278;100;2,48;24,12;0;2,83;192,62;193,62;30,14;29,43
6;Syngovia;pair;179;70;279;431;3935;100;2,16;5,52;202,2;6,22;203,62;32,05;221,81;216,1
6;Syngovia;state;180;70;263;18;180;100;2,57;2,69;0;0,49;34,05;34,05;6,08;5,76
6;Syngovia;transition;180;70;263;152;262;100;2,3;22,65;0;2,9;39,05;41,05;28,68;27,84
6;Syngovia;pair;180;70;263;378;3485;100;1,98;4,28;162,59;6,79;64,05;69,05;182,37;175,64
6;Syngovia;state;181;63;231;16;219;100;2,22;2,76;0;0,49;71,05;71,05;5,85;5,47
6;Syngovia;transition;181;63;231;126;230;100;2,12;27,71;0;2,72;76,05;78,05;33,31;32,55
6;Syngovia;pair;181;63;231;313;4142;100;2,11;3,21;182,73;6,3;97,05;103,05;200,08;194,34
6;Syngovia;state;182;74;284;18;184;100;2,59;3,1;0;0,5;105,05;105,05;6,5;6,19
6;Syngovia;transition;182;74;284;167;283;100;2,61;25,79;0;3,22;111,05;113,05;32,35;31,62
6;Syngovia;pair;182;74;284;478;4508;100;2,55;5,91;265,74;8,58;145,05;151,05;289,5;282,78
6;Syngovia;state;183;70;264;18;180;100;2,32;2,85;0;0,46;153,05;154,05;5,93;5,63
6;Syngovia;transition;183;70;264;153;263;100;2,29;23,83;0;2,83;159,05;160,05;29,72;28,94
6;Syngovia;pair;183;70;264;382;3517;100;2,32;4,89;161,58;7;183,05;188,05;182,18;175,79
6;Syngovia;state;184;59;227;16;155;100;2,15;2,47;0;0,44;190,05;190,05;5,34;5,06
6;Syngovia;transition;184;59;227;129;226;100;1,98;16,34;0;2,53;195,05;196,05;21,52;20,85
6;Syngovia;pair;184;59;227;320;2939;100;2,08;4,97;110,04;5,54;203,05;23,74;127,58;122,63
6;Syngovia;state;185;74;271;18;252;100;2,08;3,24;0;0,61;25,74;26,74;6,45;5,93
6;Syngovia;transition;185;74;271;156;270;100;2,5;46,73;0;3,76;32,74;34,74;53,92;52,99
6;Syngovia;pair;185;74;271;387;5108;100;2,63;4,43;333,47;6,98;60,74;67,74;353,97;347,52
6;Syngovia;state;186;59;227;16;155;100;1,83;2,31;0;0,32;69,74;69,74;4,75;4,45
6;Syngovia;transition;186;59;227;126;226;100;1,63;12,96;0;1,78;73,74;74,74;17,08;16,36
6;Syngovia;pair;186;59;227;320;2939;100;2,03;3,16;97,93;5,55;92,74;97,74;114,11;108,67
6;Syngovia;state;187;70;273;18;180;100;2,77;3,17;0;0,49;99,74;99,74;6,83;6,44
6;Syngovia;transition;187;70;273;162;272;100;2,49;20,68;0;2,72;104,74;106,74;26,74;25,88
6;Syngovia;pair;187;70;273;412;3768;100;2,82;4,75;174,07;5,43;131,74;137,74;193,06;187,08
6;Syngovia;state;188;74;283;18;184;100;1,86;2,59;0;0,4;139,74;139,74;5,12;4,85
6;Syngovia;transition;188;74;283;166;282;100;2,24;19,78;0;2,14;145,74;146,74;24,72;24,15
6;Syngovia;pair;188;74;283;474;4475;100;2,79;5,85;220,32;6,88;178,74;185,74;242,61;235,84
6;Syngovia;state;189;74;274;18;184;100;2,11;3,1;0;0,55;187,74;187,74;6,11;5,76
6;Syngovia;transition;189;74;274;157;273;100;2,48;21,78;0;2,73;192,74;194,74;27,78;26,99
6;Syngovia;pair;189;74;274;449;4228;100;2,06;4,03;178,07;6,17;202,95;35,95;196,03;190,33
6;Syngovia;state;190;74;267;18;252;100;2,15;2,79;0;0,43;37,95;37,95;5,73;5,37
6;Syngovia;transition;190;74;267;152;266;100;2,08;36,54;0;2,86;43,95;45,95;42,37;41,48
6;Syngovia;pair;190;74;267;375;4948;100;1,94;4,93;345,1;6,8;70,95;77,95;365,71;358,77
6;Syngovia;state;191;70;273;18;180;100;2,23;2,45;0;0,32;79,95;79,95;5,27;4,99
6;Syngovia;transition;191;70;273;162;272;100;2,23;19,75;0;3,05;84,95;86,95;25,82;25,04
6;Syngovia;pair;191;70;273;413;3769;100;2,11;3,6;168,89;8,17;111,95;117,95;189,22;182,76
6;Syngovia;state;192;74;275;18;184;100;2,15;2,52;0;0,36;119,95;119,95;5,31;5,02
6;Syngovia;transition;192;74;275;158;274;100;2,07;18,95;0;2,87;125,95;126,95;24,61;23,9
6;Syngovia;pair;192;74;275;454;4261;100;1,97;4,53;218,12;6,28;156,95;162,95;237,48;230,91
6;Syngovia;state;193;70;266;18;180;100;1,95;2,7;0;0,33;164,95;164,95;5,26;4,98
6;Syngovia;transition;193;70;266;155;265;100;1,82;18,04;0;2,22;169,95;171,95;22,62;22,07
6;Syngovia;pair;193;70;266;387;3566;100;1,9;3,77;143,16;5,44;194,95;199,95;159,78;154,27
6;Syngovia;state;194;59;227;16;155;100;1,75;2,29;0;0,3;201,95;201,95;4,65;4,34
6;Syngovia;transition;194;59;227;126;226;100;3,1;13,17;0;2,1;11,83;12,83;18,93;18,36
6;Syngovia;pair;194;59;227;320;2939;100;1,76;3,68;102;4,81;30,83;34,83;116,91;112,25
6;Syngovia;state;195;74;283;18;184;100;2,3;3,53;0;0,52;36,83;37,83;6,71;6,35
6;Syngovia;transition;195;74;283;166;282;100;2,5;25,16;0;2,52;42,83;44,83;30,91;30,19
6;Syngovia;pair;195;74;283;473;4479;100;2,26;6,21;264,71;9,13;75,83;82,83;289,77;282,31
6;Syngovia;state;196;70;264;18;180;100;2,53;2,44;0;0,37;84,83;84,83;5,62;5,34
6;Syngovia;transition;196;70;264;153;263;100;1,84;18,3;0;3,3;89,83;91,83;24,09;23,45
6;Syngovia;pair;196;70;264;382;3517;100;2,41;5,33;132,05;4,96;114,83;119,83;150,75;144,75
6;Syngovia;state;197;74;279;18;252;100;2,23;2,44;0;0,46;121,83;121,83;5,49;5,12
6;Syngovia;transition;197;74;279;164;278;100;2,08;37,13;0;2,93;127,83;130,83;42,82;42,13
6;Syngovia;pair;197;74;279;412;5451;100;2,04;4,07;330,53;6,37;158,83;166,83;349,62;343,01
6;Syngovia;state;198;63;235;16;159;100;1,66;2,2;0;0,28;168,83;168,83;4,4;4,14
6;Syngovia;transition;198;63;235;130;234;100;1,67;13,67;0;1,85;172,83;174,83;17,82;17,19
6;Syngovia;pair;198;63;235;372;3509;100;1,99;3,14;124,09;5,36;196,83;201,83;139,47;134,58
6;Syngovia;state;199;74;284;18;184;100;3,58;2,77;0;0,36;8,74;9,74;7,01;6,71
6;Syngovia;transition;199;74;284;167;283;100;2,39;21,71;0;2,39;14,74;16,74;27,21;26,49
6;Syngovia;pair;199;74;284;479;4505;100;1,95;4,57;253,69;8,26;48,74;55,74;275,13;268,47
6;Syngovia;state;200;63;231;16;219;100;2,41;2,62;0;0,43;56,74;57,74;5,84;5,47
6;Syngovia;transition;200;63;231;126;230;100;2,02;28,14;0;2,18;62,74;63,74;32,97;32,33
6;Syngovia;pair;200;63;231;313;4142;100;1,59;2,66;215,53;7,71;83,74;89,74;233,18;227,49
6;Syngovia;state;201;74;273;18;184;100;2,69;3,29;0;0,56;91,74;91,74;6,88;6,54
6;Syngovia;transition;201;74;273;156;272;100;2,64;25,69;0;3,4;96,74;98,74;32,5;31,72
6;Syngovia;pair;201;74;273;447;4207;100;2,68;6,01;245,55;8,81;127,74;133,74;270,34;263,05
6;Syngovia;state;202;70;276;18;180;100;2,7;3,17;0;0,49;135,74;135,74;6,71;6,36
6;Syngovia;transition;202;70;276;165;275;100;2,67;26,83;0;3,41;141,74;142,74;33,75;32,92
6;Syngovia;pair;202;70;276;421;3846;100;2,73;5,77;214,51;7,96;169,74;174,74;238,17;230,97
6;Syngovia;state;203;74;275;18;184;100;2,74;3,32;0;0,49;176,74;176,74;6,95;6,55
6;Syngovia;transition;203;74;275;158;274;100;2,56;25,89;0;3,3;182,74;183,74;32,6;31,76
6;Syngovia;pair;203;74;275;449;4257;100;2,83;6,09;236,21;9,18;204,33;26,33;261,72;254,31
6;Syngovia;state;204;74;269;18;252;100;2,55;2,92;0;0,35;28,33;28,33;6,06;5,82
6;Syngovia;transition;204;74;269;154;268;100;1,9;39,91;0;3,84;34,33;36,33;46,49;45,65
6;Syngovia;pair;204;74;269;381;5028;100;2,35;5,39;414,22;7,91;62,33;69,33;437,32;429,87
6;Syngovia;state;205;74;269;18;252;100;2,73;3,48;0;0,68;71,33;71,33;7,33;6,89
6;Syngovia;transition;205;74;269;154;268;100;2,71;48,08;0;3,71;77,33;79,33;55,64;54,51
6;Syngovia;pair;205;74;269;381;5028;100;2,37;4,69;346,99;6,77;104,33;111,33;367,3;360,82
6;Syngovia;state;206;63;231;16;219;100;1,7;2,34;0;0,38;113,33;113,33;4,76;4,43
6;Syngovia;transition;206;63;231;126;230;100;1,85;26,91;0;3,53;118,33;120,33;33,14;32,3
6;Syngovia;pair;206;63;231;313;4142;100;2,39;4,18;194,16;5,83;140,33;145,33;211,23;206,55
6;Syngovia;state;207;63;235;16;159;100;2,04;2,19;0;0,26;147,33;147,33;4,69;4,49
6;Syngovia;transition;207;63;235;128;234;100;1,29;12,07;0;1,42;152,33;153,33;15,26;14,78
6;Syngovia;pair;207;63;235;372;3509;100;1,41;4,54;147,63;5,78;176,33;181,33;164,81;159,36
6;Syngovia;state;208;74;285;18;184;100;2,75;3,45;0;0,51;183,33;183,33;7,04;6,71
6;Syngovia;transition;208;74;285;168;284;100;2,77;28,14;0;3,55;189,33;190,33;35,26;34,46
6;Syngovia;pair;208;74;285;483;4538;100;2,64;4,69;228,76;6,75;203,33;36,13;249,55;242,83
6;Syngovia;state;209;74;283;18;184;100;2,4;2,82;0;0,5;38,13;38,13;6,06;5,73
6;Syngovia;transition;209;74;283;166;282;100;2,18;24,24;0;2,46;43,13;45,13;29,57;28,89
6;Syngovia;pair;209;74;283;477;4486;100;2,36;4,29;238,41;7,8;77,13;84,13;259,17;252,87
6;Syngovia;state;210;74;274;18;184;100;2,49;3,28;0;0,4;86,13;86,13;6,51;6,17
6;Syngovia;transition;210;74;274;157;273;100;2,14;20,02;0;2,52;91,13;93,13;25,39;24,68
6;Syngovia;pair;210;74;274;450;4225;100;2,25;4,36;184,49;5,22;122,13;128,13;201,69;196,33
6;Syngovia;state;211;74;275;18;184;100;1,59;2,28;0;0,31;130,13;130,13;4,37;4,18
6;Syngovia;transition;211;74;275;158;274;100;1,54;17,88;0;2,36;136,13;137,13;22,53;21,77
6;Syngovia;pair;211;74;275;452;4259;100;1,91;3,88;204,09;6,11;167,13;173,13;221,61;215,99
6;Syngovia;state;212;70;270;18;180;100;1,78;2,4;0;0,36;175,13;175,13;4,81;4,55
6;Syngovia;transition;212;70;270;159;269;100;2,01;20;0;2,52;180,13;182,13;25,24;24,53
6;Syngovia;pair;212;70;270;401;3678;100;2,09;3,55;147,36;5,5;203,56;18,56;163,66;158,5
6;Syngovia;state;213;74;283;18;184;100;2,16;2,69;0;0,35;20,56;20,56;5,45;5,19
6;Syngovia;transition;213;74;283;166;282;100;2,15;21,28;0;2,71;26,56;27,56;26,78;26,14
6;Syngovia;pair;213;74;283;473;4479;100;2,32;4,38;221,48;9,74;59,56;65,56;243,57;237,91
6;Syngovia;state;214;63;235;16;159;100;2,8;3,16;0;0,47;67,56;67,56;6,85;6,43
6;Syngovia;transition;214;63;235;128;234;100;2,46;20,92;0;2,79;72,56;73,56;27;26,17
6;Syngovia;pair;214;63;235;372;3509;100;3,32;5,23;173,55;7,68;96,56;101,56;196,33;189,78
6;Syngovia;state;215;70;274;18;180;100;2,5;3,07;0;0,48;103,56;103,56;6,37;6,05
6;Syngovia;transition;215;70;274;163;273;100;2,64;24,2;0;2,91;108,56;110,56;30,48;29,75
6;Syngovia;pair;215;70;274;414;3789;100;2,41;4,49;174,88;6,32;136,56;141,56;194,73;188,1
6;Syngovia;state;216;74;272;18;184;100;2,27;2,9;0;0,42;143,56;143,56;5,91;5,59
6;Syngovia;transition;216;74;272;155;271;100;2,32;21,36;0;2,78;149,56;150,56;27,24;26,46
6;Syngovia;pair;216;74;272;443;4176;100;2,49;5,37;240,05;9,02;179,56;185,56;264,19;256,93
6;Syngovia;state;217;74;270;18;252;100;2,77;3,26;0;0,62;187,56;187,56;7;6,64
6;Syngovia;transition;217;74;270;155;269;100;2,56;42,38;0;3,65;193,56;195,56;49,47;48,59
6;Syngovia;pair;217;74;270;384;5068;100;2,27;5,06;314,33;7,4;203,56;33,98;335,93;329,06
6;Syngovia;state;218;74;273;18;184;100;2,53;3,29;0;0,53;35,98;35,98;6,75;6,35
6;Syngovia;transition;218;74;273;156;272;100;2,63;23,14;0;2,48;40,98;42,98;28,94;28,25
6;Syngovia;pair;218;74;273;447;4205;100;1,68;3,8;187,41;5,89;71,98;77,98;204,38;198,77
6;Syngovia;state;219;59;227;16;155;100;1,6;2,44;0;0,41;79,98;79,98;4,76;4,45
6;Syngovia;transition;219;59;227;126;226;100;2,12;15,18;0;2,11;83,98;85,98;20,06;19,41
6;Syngovia;pair;219;59;227;320;2939;100;2,18;3,57;84,88;5,57;103,98;107,98;101,62;96,2
6;Syngovia;state;220;70;266;18;180;100;1,54;2,11;0;0,32;109,98;109,98;4,19;3,97
6;Syngovia;transition;220;70;266;155;265;100;1,64;18,09;0;2,13;114,98;116,98;22,47;21,86
6;Syngovia;pair;220;70;266;387;3570;100;1,99;3,8;142,61;7,3;139,98;145,98;161,25;155,7
6;Syngovia;state;221;70;267;18;180;100;2,74;3,16;0;0,54;147,98;147,98;6,8;6,44
6;Syngovia;transition;221;70;267;156;266;100;2,37;19,92;0;2,82;152,98;154,98;26,02;25,12
6;Syngovia;pair;221;70;267;389;3591;100;2,11;3,82;160,54;5,52;177,98;183,98;178,62;171,99
6;Syngovia;state;222;74;274;18;184;100;2,38;2,85;0;0,38;185,98;185,98;5,97;5,61
6;Syngovia;transition;222;74;274;157;273;100;2,11;22,53;0;2,85;190,98;192,98;28,31;27,48
6;Syngovia;pair;222;74;274;448;4227;100;2,23;4,15;194,56;6,15;203;34;212,84;207,09
6;Syngovia;state;223;74;287;18;184;100;2,05;2,74;0;0,39;36;36;5,48;5,18
6;Syngovia;transition;223;74;287;170;286;100;2,25;24,62;0;2,75;42;44;30,4;29,63
6;Syngovia;pair;223;74;287;489;4599;100;2,22;4,86;262,18;6,57;77;84;282,03;275,82
6;Syngovia;state;224;59;227;16;155;100;1,62;1,95;0;0,31;85;85;4,1;3,87
6;Syngovia;transition;224;59;227;126;226;100;1,62;12,77;0;1,89;90;91;16,83;16,28
6;Syngovia;pair;224;59;227;320;2939;100;1,66;2,73;108,09;4,97;109;114;122,92;117,45
6;Syngovia;state;225;63;235;16;159;100;2,21;2,44;0;0,38;115;115;5,32;5,03
6;Syngovia;transition;225;63;235;128;234;100;1,79;15,52;0;2,67;120;121;20,84;19,98
6;Syngovia;pair;225;63;235;372;3509;100;1,91;3,27;148,26;6,88;144;149;165,89;160,33
6;Syngovia;state;226;74;276;18;184;100;3,06;3,27;0;0,52;151;151;7,28;6,85
6;Syngovia;transition;226;74;276;159;275;100;2,45;27,33;0;3,31;156;158;33,92;33,09
6;Syngovia;pair;226;74;276;453;4282;100;11,18;5,78;280,69;8,53;188;194;314;306,18
6;Syngovia;state;227;74;280;18;252;100;2,79;3,52;0;0,67;196;196;7,37;6,99
6;Syngovia;transition;227;74;280;165;279;100;2,83;57,6;0;3,83;203,2;10,2;65;64,26
6;Syngovia;pair;227;74;280;415;5483;100;3,48;4,78;465,18;10,83;39,2;46,2;492,86;484,28
6;Syngovia;state;228;59;227;16;155;100;2,28;2,79;0;0,43;48,2;48,2;5,8;5,5
6;Syngovia;transition;228;59;227;126;226;100;2,17;18,38;0;2,91;52,2;54,2;24,12;23,46
6;Syngovia;pair;228;59;227;320;2939;100;2,3;4,39;135;6,5;72,2;76,2;153,92;148,2
6;Syngovia;state;229;70;275;18;180;100;2,67;3,22;0;0,48;78,2;78,2;6,67;6,38
6;Syngovia;transition;229;70;275;164;274;100;2,7;26,82;0;3,71;84,2;85,2;33,91;33,23
6;Syngovia;pair;229;70;275;418;3820;100;2,65;5,75;205,35;8,73;111,2;117,2;229,91;222,48
6;Syngovia;state;230;74;272;18;252;100;2,62;3,28;0;0,64;119,2;119,2;6,88;6,54
6;Syngovia;transition;230;74;272;157;271;100;2,63;47,78;0;4,67;125,2;127,2;55,88;55,09
6;Syngovia;pair;230;74;272;390;5156;100;2,75;5,66;387,71;10,13;154,2;161,2;414,35;406,24
6;Syngovia;state;231;74;275;18;184;100;2,58;3,47;0;0,56;163,2;163,2;6,95;6,61
6;Syngovia;transition;231;74;275;158;274;100;2,62;26,29;0;3,49;169,2;170,2;33,11;32,4
6;Syngovia;pair;231;74;275;449;4257;100;2,75;6,15;255,29;11,2;199,2;203,2;282,94;275,39
6;Syngovia;state;232;63;231;16;219;100;2,23;2,89;0;0,52;11,94;12,94;6,02;5,64
6;Syngovia;transition;232;63;231;126;230;100;2,34;30,79;0;3,51;17,94;18,94;37,33;36,64
6;Syngovia;pair;232;63;231;313;4142;100;2,25;4,1;220,24;7,96;38,94;44,94;240,95;234,54
6;Syngovia;state;233;74;275;18;184;100;2,7;3,24;0;0,54;46,94;46,94;6,82;6,48
6;Syngovia;transition;233;74;275;158;274;100;2,64;26,18;0;3,51;51,94;53,94;33,04;32,33
6;Syngovia;pair;233;74;275;452;4259;100;2,66;6,01;274,74;9,79;82,94;89,94;300,87;293,21
6;Syngovia;state;234;74;273;18;184;100;2,74;3,39;0;0,52;91,94;91,94;7,03;6,66
6;Syngovia;transition;234;74;273;156;272;100;2,6;25,33;0;3,67;96,94;98,94;32,3;31,61
6;Syngovia;pair;234;74;273;445;4205;100;2,67;5,92;241;9,49;127,94;133,94;266,62;259,07
6;Syngovia;state;235;74;273;18;184;100;2,68;3,26;0;0,59;135,94;135,94;6,88;6,52
6;Syngovia;transition;235;74;273;156;272;100;2,53;25;0;3,46;140,94;142,94;31,75;30,98
6;Syngovia;pair;235;74;273;447;4210;100;2,55;5,85;244,56;9,33;171,94;177,94;269,66;262,3
6;Syngovia;state;236;74;277;18;184;100;2,71;3,3;0;0,5;179,94;179,94;6,78;6,5
6;Syngovia;transition;236;74;277;160;276;100;2,71;26,24;0;3,63;185,94;186,94;33,3;32,58
6;Syngovia;pair;236;74;277;458;4317;100;2,73;6;234,07;9,39;204,19;30,19;259,73;252,18
6;Syngovia;state;237;59;227;16;155;100;2,21;2,65;0;0,41;32,19;32,19;5,55;5,28
6;Syngovia;transition;237;59;227;129;226;100;2,08;18,24;0;2,76;36,19;37,19;23,69;23,08
6;Syngovia;pair;237;59;227;320;2939;100;2,13;4,12;129,66;6,49;55,19;60,19;148,04;142,4
6;Syngovia;state;238;59;227;16;155;100;2,19;2,72;0;0,43;62,19;62,19;5,61;5,34
6;Syngovia;transition;238;59;227;126;226;100;2,23;18,39;0;2,82;66,19;67,19;24,13;23,44
6;Syngovia;pair;238;59;227;320;2939;100;2,33;4,17;118,5;6,65;85,19;90,19;137,49;131,65
6;Syngovia;state;239;63;231;16;219;100;2,24;2,88;0;0,5;92,19;92,19;5,95;5,62
6;Syngovia;transition;239;63;231;126;230;100;2,22;29,84;0;3,56;97,19;98,19;36,35;35,62
6;Syngovia;pair;239;63;231;313;4142;100;2,47;4,38;213,65;8,1;118,19;124,19;234,96;228,6
6;Syngovia;state;240;74;286;18;184;100;2,87;3,5;0;0,54;126,19;126,19;7,26;6,91
6;Syngovia;transition;240;74;286;169;285;100;2,8;29,52;0;3,95;132,19;134,19;37,01;36,27
6;Syngovia;pair;240;74;286;486;4567;100;2,73;6,63;294,69;10,24;166,19;173,19;322,36;314,29
6;Syngovia;state;241;74;273;18;184;100;2,67;3,26;0;0,54;175,19;175,19;6,78;6,47
6;Syngovia;transition;241;74;273;156;272;100;2,63;25,65;0;3,98;181,19;182,19;32,98;32,27
6;Syngovia;pair;241;74;273;445;4205;100;2,76;5,99;241,41;9,43;203,51;23,51;267,1;259,59
6;Syngovia;state;242;74;274;18;184;100;2,72;3,45;0;0,51;25,51;25,51;6,99;6,67
6;Syngovia;transition;242;74;274;157;273;100;2,58;26,9;0;3,58;31,51;32,51;33,8;33,06
6;Syngovia;pair;242;74;274;447;4230;100;2,8;6,25;279,8;9,55;62,51;68,51;305,89;298,4
6;Syngovia;state;243;70;266;18;180;100;2,56;3,05;0;0,54;70,51;70,51;6,45;6,15
6;Syngovia;transition;243;70;266;155;265;100;2,45;24,75;0;3,28;75,51;77,51;31,23;30,49
6;Syngovia;pair;243;70;266;387;3570;100;2,63;5,4;178,14;8,04;100,51;105,51;201,24;194,2
6;Syngovia;state;244;74;285;18;184;100;2,8;3,47;0;0,58;107,51;108,51;7,19;6,86
6;Syngovia;transition;244;74;285;168;284;100;2,8;28,97;0;3,76;113,51;115,51;36,3;35,53
6;Syngovia;pair;244;74;285;482;4543;100;2,84;6,45;301,09;10,47;147,51;154,51;328,95;320,85
6;Syngovia;state;245;70;265;18;180;100;2,69;3,27;0;0,53;156,51;156,51;6,85;6,48
6;Syngovia;transition;245;70;265;154;264;100;2,74;26,79;0;3,63;161,51;163,51;33,88;33,16
6;Syngovia;pair;245;70;265;384;3542;100;2,65;5,45;188,32;8,07;186,51;191,51;211,57;204,49
6;Syngovia;state;246;70;275;18;180;100;2,67;3,36;0;0,53;193,51;194,51;6,87;6,56
6;Syngovia;transition;246;70;275;164;274;100;2,68;28,42;0;3,83;199,51;201,51;35,69;34,93
6;Syngovia;pair;246;70;275;418;3824;100;2,82;12,98;205,09;5,58;203,51;37,19;232,79;226,48
6;Syngovia;state;247;59;227;16;155;100;1,9;2,22;0;0,36;39,19;39,19;4,78;4,48
6;Syngovia;transition;247;59;227;126;226;100;1,68;14,75;0;1,87;44,19;45,19;18,97;18,29
6;Syngovia;pair;247;59;227;320;2939;100;1,85;3,02;97,58;4,95;63,19;67,19;111,73;107,39
6;Syngovia;state;248;74;284;18;184;100;2,05;2,84;0;0,43;69,19;70,19;5,62;5,33
6;Syngovia;transition;248;74;284;167;283;100;2,03;21,62;0;2,4;75,19;77,19;26,75;26,06
6;Syngovia;pair;248;74;284;478;4508;100;2,1;4,9;214,78;6,45;109,19;116,19;234,51;228,23
6;Syngovia;state;249;70;264;18;180;100;2,02;2,48;0;0,37;118,19;118,19;5,15;4,88
6;Syngovia;transition;249;70;264;153;263;100;2,01;17,8;0;2,38;123,19;124,19;22,86;22,19
6;Syngovia;pair;249;70;264;382;3517;100;1,95;4,06;163,1;6,41;147,19;153,19;181,8;175,53
6;Syngovia;state;250;63;235;16;159;100;2,24;2,52;0;0,42;154,19;155,19;5,49;5,19
6;Syngovia;transition;250;63;235;128;234;100;2,03;15,98;0;2,19;159,19;160,19;20,9;20,2
6;Syngovia;pair;250;63;235;372;3509;100;1,81;4,45;136,19;5,99;183,19;188,19;154,25;148,44
6;Syngovia;state;251;74;277;18;184;100;2,69;3,31;0;0,38;190,19;190,19;6,67;6,38
6;Syngovia;transition;251;74;277;160;276;100;2,24;21,74;0;3,64;196,19;197,19;28,41;27,62
6;Syngovia;pair;251;74;277;461;4322;100;2,79;6;256,7;8,51;204,19;39,78;281,33;274
6;Syngovia;state;252;74;277;18;184;100;2,72;3,42;0;0,51;41,78;41,78;6,99;6,65
6;Syngovia;transition;252;74;277;160;276;100;2,65;26,34;0;3,32;46,78;48,78;33,19;32,32
6;Syngovia;pair;252;74;277;460;4317;100;2,54;5,75;231,96;9,09;78,78;85,78;256,21;249,34
6;Syngovia;state;253;63;231;16;219;100;2;2,4;0;0,35;86,78;87,78;5,04;4,75
6;Syngovia;transition;253;63;231;126;230;100;1,75;24,08;0;2,39;91,78;93,78;28,87;28,23
6;Syngovia;pair;253;63;231;313;4142;100;1,92;3,04;189,08;6,45;113,78;119,78;205,97;200,5
6;Syngovia;state;254;74;276;18;184;100;2,04;2,62;0;0,45;121,78;121,78;5,46;5,11
6;Syngovia;transition;254;74;276;159;275;100;2,22;20,46;0;2,65;126,78;128,78;26,07;25,34
6;Syngovia;pair;254;74;276;456;4291;100;2,24;5,37;216,99;6,39;158,78;164,78;237,61;230,99
6;Syngovia;state;255;74;278;18;252;100;2,15;2,76;0;0,48;166,78;166,78;5,71;5,39
6;Syngovia;transition;255;74;278;163;277;100;2,32;40,75;0;3,58;173,78;175,78;47,48;46,65
6;Syngovia;pair;255;74;278;409;5411;100;2,37;5,14;406,7;10,56;203,22;18,22;432,41;424,77
6;Syngovia;state;256;63;235;16;159;100;2,32;2,78;0;0,48;20,22;20,22;5,91;5,58
6;Syngovia;transition;256;63;235;128;234;100;2,16;18,83;0;2,95;24,22;25,22;24,56;23,94
6;Syngovia;pair;256;63;235;372;3509;100;2,28;4,6;171,46;7,69;48,22;53,22;192,26;186,02
6;Syngovia;state;257;63;231;16;219;100;2,25;2,79;0;0,49;55,22;55,22;5,83;5,53
6;Syngovia;transition;257;63;231;126;230;100;2,18;35,05;0;3,69;60,22;62,22;41,69;40,92
6;Syngovia;pair;257;63;231;313;4142;100;2,38;4,34;248,62;7,97;81,22;87,22;269,86;263,32
6;Syngovia;state;258;70;278;18;180;100;2,73;3,29;0;0,51;89,22;89,22;6,84;6,53
6;Syngovia;transition;258;70;278;167;277;100;2,76;27,7;0;3,87;95,22;97,22;35,07;34,33
6;Syngovia;pair;258;70;278;428;3909;100;2,78;6,3;227,99;9,03;124,22;129,22;253,6;246,11
6;Syngovia;state;259;74;286;18;184;100;2,86;3,57;0;0,54;131,22;132,22;7,27;6,97
6;Syngovia;transition;259;74;286;169;285;100;2,86;30,57;0;3,82;137,22;139,22;37,99;37,25
6;Syngovia;pair;259;74;286;486;4567;100;2,82;6,37;300,93;7,46;172,22;178,22;325,25;317,57
6;Syngovia;state;260;74;283;18;184;100;2,62;2,84;0;0,53;180,22;181,22;6,3;6
6;Syngovia;transition;260;74;283;166;282;100;2,54;26,66;0;3,48;186,22;188,22;33,39;32,68
6;Syngovia;pair;260;74;283;477;4486;100;2,76;6,2;265,54;8,32;203,27;33,27;289,84;282,82
6;Syngovia;state;261;74;283;18;184;100;2,67;3,44;0;0,55;35,27;35,27;7,05;6,67
6;Syngovia;transition;261;74;283;166;282;100;2,73;29,12;0;3,2;40,27;42,27;35,91;35,05
6;Syngovia;pair;261;74;283;476;4481;100;2,35;5,91;329,56;9,69;74,27;81,27;355,21;347,5
6;Syngovia;state;262;70;275;18;180;100;2,7;3,28;0;0,57;82,27;83,27;6,91;6,55
6;Syngovia;transition;262;70;275;164;274;100;2,81;29,65;0;3,93;88,27;90,27;37,17;36,39
6;Syngovia;pair;262;70;275;418;3820;100;2,71;6,2;218,48;7,15;116,27;121,27;241,47;234,55
6;Syngovia;state;263;59;227;16;155;100;2,16;2,26;0;0,39;123,27;123,27;5,14;4,81
6;Syngovia;transition;263;59;227;126;226;100;2,23;15,85;0;1,99;128,27;129,27;20,67;20,07
6;Syngovia;pair;263;59;227;320;2939;100;2,65;3,9;103,74;4,59;147,27;151,27;120,25;114,88
6;Syngovia;state;264;70;276;18;180;100;2,38;2,64;0;0,36;153,27;153,27;5,66;5,37
6;Syngovia;transition;264;70;276;165;275;100;2,25;23,84;0;2,64;159,27;160,27;29,44;28,73
6;Syngovia;pair;264;70;276;419;3842;100;2,35;4,34;178,97;6,26;187,27;192,27;198,12;191,92
6;Syngovia;state;265;74;275;18;184;100;2,52;3,41;0;0,42;194,27;195,27;6,67;6,34
6;Syngovia;transition;265;74;275;158;274;100;2,24;20,43;0;2,41;200,27;202,27;25,73;25,09
6;Syngovia;pair;265;74;275;454;4266;100;1,72;3,86;212,43;7,1;203,27;42,9;232,81;225,1
6;Syngovia;state;266;74;269;18;252;100;2,75;2,9;0;0,41;43,9;44,9;6,34;6,06
6;Syngovia;transition;266;74;269;154;268;100;2,23;42,72;0;3,51;50,9;52,9;49,26;48,46
6;Syngovia;pair;266;74;269;381;5028;100;2,37;4,6;367,87;6,19;77,9;84,9;387,76;381,04
6;Syngovia;state;267;63;231;16;219;100;2,06;2,46;0;0,35;86,9;86,9;5,13;4,87
6;Syngovia;transition;267;63;231;126;230;100;2,03;26,43;0;2,58;91,9;93,9;31,7;31,04
6;Syngovia;pair;267;63;231;313;4142;100;2,16;3,38;185,13;5,96;112,9;118,9;202;196,64
6;Syngovia;state;268;74;274;18;184;100;2,35;2,93;0;0,37;120,9;120,9;5,97;5,65
6;Syngovia;transition;268;74;274;157;273;100;2,49;24,86;0;3,52;126,9;127,9;31,59;30,87
6;Syngovia;pair;268;74;274;447;4230;100;2,83;6,05;186,33;5,84;157,9;163,9;207,95;201,05
6;Syngovia;state;269;70;266;18;180;100;1,94;2,68;0;0,34;165,9;165,9;5,21;4,95
6;Syngovia;transition;269;70;266;155;265;100;1,88;18,43;0;3,07;170,9;172,9;24,08;23,38
6;Syngovia;pair;269;70;266;387;3570;100;2,44;3,75;152,76;5,96;195,9;200,9;171,04;164,91
6;Syngovia;state;270;63;231;16;219;100;1,91;8,94;0;0,39;202,9;7,87;11,55;11,24
6;Syngovia;transition;270;63;231;126;230;100;2,04;28,71;0;2,43;12,87;14,87;33,89;33,18
6;Syngovia;pair;270;63;231;313;4142;100;1,83;2,86;187,77;5,36;34,87;40,87;203,1;197,83
6;Syngovia;state;271;74;268;18;252;100;2,34;2,89;0;0,38;42,87;42,87;5,91;5,6
6;Syngovia;transition;271;74;268;153;267;100;2,26;39,39;0;3,08;48,87;50,87;45,74;44,72
6;Syngovia;pair;271;74;268;378;4988;100;2,34;5,04;420,58;7,72;75,87;82,87;442,61;435,68
6;Syngovia;state;272;70;265;18;180;100;2,5;3,23;0;0,45;84,87;84,87;6,68;6,18
6;Syngovia;transition;272;70;265;154;264;100;2,38;23,2;0;3,17;89,87;91,87;29,71;28,75
6;Syngovia;pair;272;70;265;384;3542;100;2,05;4,9;170,73;5,92;114,87;119,87;189,82;183,6
6;Syngovia;state;273;74;281;18;184;100;2,45;3,04;0;0,37;121,87;121,87;6,15;5,86
6;Syngovia;transition;273;74;281;164;280;100;2,59;22,51;0;2,63;127,87;128,87;28,46;27,73
6;Syngovia;pair;273;74;281;468;4423;100;2,3;5,27;233,55;7,47;160,87;166,87;255,04;248,59
6;Syngovia;state;274;74;281;18;252;100;3,16;2,56;0;0,58;168,87;168,87;6,63;6,31
6;Syngovia;transition;274;74;281;166;280;100;3,02;49,89;0;3,37;175,87;177,87;57,31;56,28
6;Syngovia;pair;274;74;281;417;5520;100;6,58;4,68;488,49;8,94;205,05;22,05;515,89;508,69
6;Syngovia;state;275;74;274;18;184;100;2,38;2,7;0;0,54;24,05;24,05;6,02;5,62
6;Syngovia;transition;275;74;274;157;273;100;2,34;26,01;0;3,83;29,05;31,05;32,92;32,18
6;Syngovia;pair;275;74;274;451;4236;100;2,87;5,27;289,46;8,06;60,05;66,05;312,96;305,65
6;Syngovia;state;276;74;281;18;252;100;3,97;3,51;0;0,64;68,05;69,05;8,51;8,12
6;Syngovia;transition;276;74;281;166;280;100;2,66;62,84;0;3,54;75,05;77,05;69,84;69,03
6;Syngovia;pair;276;74;281;418;5523;100;2,85;4,54;422,35;8,64;106,05;114,05;445,87;438,38
6;Syngovia;state;277;63;231;16;219;100;2,09;2,72;0;0,49;116,05;116,05;5,65;5,3
6;Syngovia;transition;277;63;231;126;230;100;2,23;22,92;0;2,48;121,05;123,05;28,38;27,63
6;Syngovia;pair;277;63;231;313;4142;100;2,01;3,28;211,85;5,73;142,05;148,05;228,43;222,87
6;Syngovia;state;278;63;231;16;219;100;2;2,36;0;0,47;150,05;150,05;5,18;4,83
6;Syngovia;transition;278;63;231;126;230;100;2,05;26,79;0;2,29;155,05;157,05;31,86;31,12
6;Syngovia;pair;278;63;231;313;4142;100;1,92;2,53;203,3;6,28;177,05;182,05;220,32;214,03
6;Syngovia;state;279;70;268;18;180;100;2,51;2,94;0;0,55;184,05;185,05;6,33;6
6;Syngovia;transition;279;70;268;157;267;100;2,31;24,68;0;3,31;190,05;191,05;31,17;30,3
6;Syngovia;pair;279;70;268;392;3619;100;6,9;5,43;167,61;6,52;203,1;27,1;193,17;186,47
6;Syngovia;state;280;74;271;18;252;100;2,67;3,06;0;0,38;29,1;29,1;6,4;6,1
6;Syngovia;transition;280;74;271;156;270;100;2,22;44,61;0;3,08;35,1;37,1;50,63;49,91
6;Syngovia;pair;280;74;271;387;5114;100;2,31;3,82;460,06;9,87;63,1;70,1;483,47;476,07
6;Syngovia;state;281;74;283;18;184;100;2,96;3,55;0;0,49;72,1;72,1;7,35;7,01
6;Syngovia;transition;281;74;283;166;282;100;2,91;26,2;0;3,73;78,1;80,1;33,63;32,83
6;Syngovia;pair;281;74;283;476;4483;100;2,81;6,6;262,23;8,08;111,1;118,1;286,86;279,72
6;Syngovia;state;282;70;266;18;180;100;2,35;2,97;0;0,44;120,1;120,1;6,07;5,76
6;Syngovia;transition;282;70;266;155;265;100;2,2;22,15;0;3,22;125,1;127,1;28,26;27,58
6;Syngovia;pair;282;70;266;387;3566;100;2,44;5,19;167,49;7,42;150,1;156,1;188,94;182,55
6;Syngovia;state;283;70;267;18;180;100;2,48;2,98;0;0,5;157,1;158,1;6,26;5,96
6;Syngovia;transition;283;70;267;156;266;100;2,48;24,03;0;2,95;163,1;164,1;30,11;29,46
6;Syngovia;pair;283;70;267;389;3591;100;2,24;5,65;165,96;7,11;188,1;193,1;188,14;180,96
6;Syngovia;state;284;70;266;18;180;100;2,48;3,28;0;0,45;195,1;196,1;6,58;6,22
6;Syngovia;transition;284;70;266;155;265;100;2,45;22;0;2,29;201,1;202,1;27,52;26,74
6;Syngovia;pair;284;70;266;387;3566;100;4,22;5,56;187,54;8,06;30,87;35,87;212,56;205,38
6;Syngovia;state;285;74;283;18;184;100;2,92;3,57;0;0,57;37,87;37,87;7,37;7,05
6;Syngovia;transition;285;74;283;166;282;100;2,9;33,21;0;3,83;43,87;44,87;40,85;39,93
6;Syngovia;pair;285;74;283;474;4484;100;2,94;6,48;299,56;8,46;76,87;83,87;324,97;317,45
6;Syngovia;state;286;59;227;16;155;100;2;2,43;0;0,43;84,87;85,87;5,18;4,86
6;Syngovia;transition;286;59;227;126;226;100;1,92;13,43;0;2,1;89,87;90,87;18,01;17,45
6;Syngovia;pair;286;59;227;320;2939;100;1,99;2,82;101,7;5,37;108,87;113,87;116,96;111,88
6;Syngovia;state;287;59;227;16;155;100;1,85;2,6;0;0,41;114,87;115,87;5,2;4,87
6;Syngovia;transition;287;59;227;126;226;100;1,82;15,88;0;1,94;119,87;120,87;20,28;19,63
6;Syngovia;pair;287;59;227;320;2939;100;1,98;3,88;111,91;5,35;138,87;143,87;128,59;123,13
6;Syngovia;state;288;74;286;18;184;100;14,93;2,62;0;0,44;145,87;145,87;18,27;17,99
6;Syngovia;transition;288;74;286;169;285;100;2,58;30,98;0;3,77;151,87;152,87;38,16;37,33
6;Syngovia;pair;288;74;286;484;4572;100;2,99;6,74;298,63;6,92;185,87;192,87;322,69;315,28
6;Syngovia;state;289;70;278;18;180;100;1,82;2,56;0;0,37;194,87;194,87;5,02;4,75
6;Syngovia;transition;289;70;278;167;277;100;2;20,97;0;3,39;199,87;201,87;27,12;26,35
6;Syngovia;pair;289;70;278;428;3907;100;4,31;4,39;185,25;6,45;33,9;39,9;206,98;200,4
6;Syngovia;state;290;63;231;16;219;100;1,83;2,38;0;0,46;40,9;41,9;4,99;4,67
6;Syngovia;transition;290;63;231;126;230;100;2,03;29,46;0;2,77;46,9;47,9;35;34,26
6;Syngovia;pair;290;63;231;313;4142;100;1,85;3,51;244,39;6,91;67,9;73,9;262,53;256,67
6;Syngovia;state;291;74;272;18;184;100;2,59;3,16;0;0,53;75,9;75,9;6,6;6,27
6;Syngovia;transition;291;74;272;155;271;100;2,53;23,86;0;3,37;80,9;82,9;30,49;29,77
6;Syngovia;pair;291;74;272;443;4176;100;2,67;5,82;235,31;7,9;110,9;117,9;258,51;251,7
6;Syngovia;state;292;74;275;18;184;100;2,43;15,35;0;0,47;119,9;119,9;18,6;18,25
6;Syngovia;transition;292;74;275;158;274;100;2,65;24,43;0;3,32;124,9;126,9;31,39;30,41
6;Syngovia;pair;292;74;275;449;4257;100;5,45;5,66;260,38;9,31;155,9;161,9;288,24;280,8
6;Syngovia;state;293;74;280;18;252;100;2,83;3,49;0;0,62;163,9;164,9;7,3;6,94
6;Syngovia;transition;293;74;280;165;279;100;2,79;48,86;0;3,62;170,9;172,9;56,26;55,27
6;Syngovia;pair;293;74;280;415;5478;100;2,48;4,32;387,75;9,07;201,9;14,99;413,8;403,62
6;Syngovia;state;294;70;266;18;180;100;2,67;2,77;0;0,5;15,99;16,99;6,29;5,94
6;Syngovia;transition;294;70;266;155;265;100;1,97;24,24;0;3,46;21,99;22,99;30,48;29,67
6;Syngovia;pair;294;70;266;387;3570;100;2,77;5,59;178,67;5,09;46,99;51,99;198,74;192,12
6;Syngovia;state;295;63;235;16;159;100;1,98;2,03;0;0,32;53,99;53,99;4,56;4,33
6;Syngovia;transition;295;63;235;128;234;100;1,98;16,16;0;1,84;58,99;59,99;20,54;19,98
6;Syngovia;pair;295;63;235;372;3509;100;2,07;4,54;167,58;6,42;81,99;87,99;186,31;180,6
6;Syngovia;state;296;59;227;16;155;100;2,25;2,39;0;0,34;88,99;88,99;5,34;4,98
6;Syngovia;transition;296;59;227;126;226;100;2,07;16,57;0;2,44;93,99;94,99;21,69;21,07
6;Syngovia;pair;296;59;227;320;2939;100;1,65;3,26;103,16;6,53;112,99;116,99;119,75;114,6
6;Syngovia;state;297;63;235;16;159;100;2,35;2,91;0;0,49;118,99;118,99;6,09;5,76
6;Syngovia;transition;297;63;235;128;234;100;2,35;19,05;0;2,78;123,99;124,99;24,94;24,19
6;Syngovia;pair;297;63;235;372;3509;100;2,33;3,86;149,56;4,81;147,99;152,99;165,41;160,55
6;Syngovia;state;298;70;275;18;180;100;2,22;2,38;0;0,39;154,99;154,99;5,31;4,98
6;Syngovia;transition;298;70;275;164;274;100;1,92;21,03;0;2,79;159,99;161,99;26,59;25,74
6;Syngovia;pair;298;70;275;418;3816;100;2,19;3,7;181,91;5,91;187,99;193,99;199,98;193,71
6;Syngovia;state;299;70;267;18;180;100;2,34;2,57;0;0,4;195,99;195,99;5,58;5,31
6;Syngovia;transition;299;70;267;156;266;100;1,89;19,91;0;2,8;200,99;201,99;25,34;24,6
6;Syngovia;pair;299;70;267;389;3591;100;4,67;5,14;173,91;5,62;30,74;35,74;195,83;189,34
6;Syngovia;state;300;63;235;16;159;100;2,1;2,75;0;0,43;37,74;37,74;5,63;5,28
6;Syngovia;transition;300;63;235;128;234;100;2,18;15,13;0;1,87;42,74;43,74;19,92;19,18
6;Syngovia;pair;300;63;235;372;3509;100;1,72;3,42;138,24;7,44;66,74;71,74;156,49;150,83
6;Syngovia;state;301;70;277;18;180;100;2,49;2,66;0;0,38;73,74;73,74;5,8;5,53
6;Syngovia;transition;301;70;277;166;276;100;2,26;23,02;0;2,96;78,74;80,74;28,87;28,25
6;Syngovia;pair;301;70;277;425;3883;100;2,3;4,79;201,89;8,45;107,74;113,74;224,74;217,43
6;Syngovia;state;302;70;266;18;180;100;2,57;3,16;0;0,5;115,74;115,74;6,57;6,22
6;Syngovia;transition;302;70;266;155;265;100;2,69;25,27;0;3,33;120,74;121,74;32,13;31,29
6;Syngovia;pair;302;70;266;387;3566;100;2,57;5,68;191,17;7,46;145,74;150,74;213,88;206,88
6;Syngovia;state;303;59;227;16;155;100;2,32;2,87;0;0,45;152,74;152,74;5,96;5,64
6;Syngovia;transition;303;59;227;129;226;100;2,18;19,49;0;2,33;156,74;158,74;24,77;24,01
6;Syngovia;pair;303;59;227;320;2939;100;2,15;4,07;116,53;4,06;176,74;180,74;131,47;126,81
6;Syngovia;state;304;63;235;16;159;100;1,67;2,3;0;0,29;182,74;182,74;4,56;4,27
6;Syngovia;transition;304;63;235;128;234;100;1,78;15,52;0;1,93;187,74;188,74;19,77;19,23
6;Syngovia;pair;304;63;235;372;3509;100;2,21;3,58;136,28;4,89;204,08;23,08;151,63;146,96
6;Syngovia;state;305;59;227;16;155;100;1,59;2,1;0;0,4;24,08;24,08;4,39;4,09
6;Syngovia;transition;305;59;227;126;226;100;1,64;13,81;0;2,36;29,08;30,08;18,42;17,81
6;Syngovia;pair;305;59;227;320;2939;100;1,8;2,94;95,49;3,98;48,08;53,08;108,44;104,21
6;Syngovia;state;306;74;279;18;252;100;2,08;2,14;0;0,45;55,08;55,08;4,94;4,68
6;Syngovia;transition;306;74;279;164;278;100;1,88;48,08;0;3,33;61,08;63,08;54,16;53,3
6;Syngovia;pair;306;74;279;411;5440;100;2,3;3,96;407,58;7,28;92,08;99,08;428,49;421,12
6;Syngovia;state;307;63;231;16;219;100;1,78;2,21;0;0,39;101,08;101,08;4,67;4,37
6;Syngovia;transition;307;63;231;126;230;100;2,23;29,95;0;3,55;106,08;108,08;36,42;35,73
6;Syngovia;pair;307;63;231;313;4142;100;2,17;4,03;198,77;5,88;128,08;134,08;216,6;210,85
6;Syngovia;state;308;63;231;16;219;100;1,88;2,14;0;0,5;135,08;136,08;4,81;4,52
6;Syngovia;transition;308;63;231;126;230;100;1,97;24,35;0;2,77;141,08;142,08;29,89;29,09
6;Syngovia;pair;308;63;231;313;4142;100;1,94;3,07;194,15;4,69;162,08;168,08;209,22;203,84
6;Syngovia;state;309;74;273;18;184;100;2,43;2,68;0;0,37;170,08;170,08;5,74;5,47
6;Syngovia;transition;309;74;273;156;272;100;1,94;19,03;0;3,04;175,08;177,08;24,74;24
6;Syngovia;pair;309;74;273;448;4211;100;2,46;5,42;202,12;7,02;204,08;18,74;223,91;217,02
6;Syngovia;state;310;70;269;18;180;100;2,28;2,7;0;0,43;20,74;20,74;5,75;5,42
6;Syngovia;transition;310;70;269;158;268;100;2,76;23,7;0;2,65;25,74;27,74;29,71;29,1
6;Syngovia;pair;310;70;269;395;3647;100;2,03;3,96;196,68;6,4;51,74;57,74;216,12;209,07
6;Syngovia;state;311;59;227;16;155;100;1,79;2,85;0;0,38;58,74;59,74;5,31;5,02
6;Syngovia;transition;311;59;227;126;226;100;2,1;17,38;0;2,26;63,74;64,74;22,59;21,74
6;Syngovia;pair;311;59;227;320;2939;100;2,27;3,75;113,69;6,03;82,74;87,74;131,27;125,75
6;Syngovia;state;312;74;275;18;184;100;2,49;2,81;0;0,49;89,74;89,74;6,17;5,79
6;Syngovia;transition;312;74;275;158;274;100;2,65;23,63;0;3,04;94,74;96,74;30,23;29,33
6;Syngovia;pair;312;74;275;454;4266;100;9,33;5,3;240,77;7,17;125,74;132,74;270,22;262,58
6;Syngovia;state;313;63;235;16;159;100;1,97;2,57;0;0,35;134,74;134,74;5,19;4,89
6;Syngovia;transition;313;63;235;130;234;100;2,08;15,14;0;2,51;138,74;139,74;20,4;19,73
6;Syngovia;pair;313;63;235;372;3509;100;1,88;3,69;137,03;6,04;162,74;167,74;153,94;148,65
6;Syngovia;state;314;70;266;18;180;100;2,32;2,89;0;0,48;169,74;169,74;6;5,68
6;Syngovia;transition;314;70;266;155;265;100;2,09;20,26;0;2,43;174,74;176,74;25,53;24,78
6;Syngovia;pair;314;70;266;387;3570;100;2,16;4,02;161,38;7,16;199,74;203;180,31;174,72
6;Syngovia;state;315;70;277;18;180;100;2;2,76;0;0,48;13;13;5,54;5,24
6;Syngovia;transition;315;70;277;166;276;100;2,27;22,02;0;2,47;18;20;27,49;26,75
6;Syngovia;pair;315;70;277;425;3879;100;2,37;4,03;181,73;6,04;47;53;200,16;194,16
6;Syngovia;state;316;70;275;18;180;100;2,71;2,77;0;0,36;54;55;6,13;5,84
6;Syngovia;transition;316;70;275;164;274;100;2,44;28,33;0;2,56;60;62;34,12;33,33
6;Syngovia;pair;316;70;275;418;3820;100;2,29;5,83;195,97;5,88;88;93;216,06;209,97
6;Syngovia;state;317;74;280;18;252;100;2,72;3,44;0;0,62;95;96;7,12;6,78
6;Syngovia;transition;317;74;280;165;279;100;2,74;48,32;0;2,88;102;104;54,55;53,94
6;Syngovia;pair;317;74;280;415;5478;100;2,47;4,31;361,82;8,91;133;140;383,3;377,51
6;Syngovia;state;318;74;272;18;252;100;2,49;2,99;0;0,56;142;143;6,4;6,03
6;Syngovia;transition;318;74;272;157;271;100;1,98;40,65;0;2,32;149;151;45,67;44,94
6;Syngovia;pair;318;74;272;391;5162;100;1,62;3,48;353,15;8,18;177;184;372,21;366,43
6;Syngovia;state;319;70;266;18;180;100;2,58;3,11;0;0,5;186;187;6,53;6,19
6;Syngovia;transition;319;70;266;155;265;100;1,94;19,99;0;2,34;192;193;24,98;24,26
6;Syngovia;pair;319;70;266;387;3566;100;2;4,15;155,79;7,01;204;27,95;174,98;168,95
6;Syngovia;state;320;74;274;18;184;100;2,76;3,09;0;0,41;29,95;29,95;6,55;6,26
6;Syngovia;transition;320;74;274;157;273;100;1,96;24,09;0;2,99;35,95;36,95;29,88;29,03
6;Syngovia;pair;320;74;274;448;4227;100;2,69;5,64;238,26;8,96;65,95;71,95;262,92;255,55
6;Syngovia;state;321;70;269;18;180;100;2,61;3,09;0;0,48;73,95;73,95;6,48;6,17
6;Syngovia;transition;321;70;269;158;268;100;2,83;24,74;0;3,38;79,95;80,95;31,71;30,96
6;Syngovia;pair;321;70;269;395;3647;100;2,65;5,65;202,84;5,57;105,95;110,95;223,35;216,71
6;Syngovia;state;322;74;271;18;252;100;2,24;2,63;0;0,56;112,95;112,95;5,77;5,43
6;Syngovia;transition;322;74;271;156;270;100;2,11;36,38;0;3,29;118,95;120,95;42,56;41,78
6;Syngovia;pair;322;74;271;387;5114;100;2,26;4,35;390,47;10,16;146,95;153,95;415,02;407,24
6;Syngovia;state;323;74;281;18;184;100;2,81;3,4;0;0,5;155,95;156,95;7,07;6,71
6;Syngovia;transition;323;74;281;164;280;100;2,6;26,77;0;3,45;161,95;163,95;33,59;32,83
6;Syngovia;pair;323;74;281;468;4423;100;3,04;6,1;269,96;6,88;194,95;200,95;293,24;285,99
6;Syngovia;state;324;74;281;18;252;100;2,52;4,69;0;0,39;202,95;8,88;7,92;7,61
6;Syngovia;transition;324;74;281;166;280;100;2,41;42,7;0;3,35;14,88;16,88;49,26;48,46
6;Syngovia;pair;324;74;281;418;5523;100;2,16;4,02;352,59;8,27;45,88;53,88;373,79;367,04
6;Syngovia;state;325;59;227;16;155;100;1,87;2,03;0;0,27;55,88;55,88;4,41;4,17
6;Syngovia;transition;325;59;227;126;226;100;1,73;14,76;0;1,8;59,88;60,88;18,88;18,29
6;Syngovia;pair;325;59;227;320;2939;100;1,8;2,98;98,85;4,09;79,88;83,88;112,27;107,71
6;Syngovia;state;326;74;275;18;184;100;1,95;2,6;0;0,4;85,88;85,88;5,28;4,94
6;Syngovia;transition;326;74;275;158;274;100;2;18,39;0;2,06;91,88;92,88;22,97;22,45
6;Syngovia;pair;326;74;275;454;4261;100;2,06;3,73;186,5;5,07;122,88;128,88;203,42;197,36
6;Syngovia;state;327;74;276;18;184;100;1,96;2,14;0;0,45;130,88;130,88;4,82;4,55
6;Syngovia;transition;327;74;276;159;275;100;2;19,89;0;2,28;135,88;137,88;24,74;24,17
6;Syngovia;pair;327;74;276;453;4282;100;1,87;4,24;206,34;7,95;167,88;173,88;225,76;220,39
6;Syngovia;state;328;74;272;18;252;100;2,6;3,2;0;0,56;175,88;175,88;6,66;6,36
6;Syngovia;transition;328;74;272;157;271;100;2,63;39,55;0;4,18;181,88;183,88;47,24;46,36
6;Syngovia;pair;328;74;272;391;5162;100;2,59;5,2;344,4;8,15;204,68;24,68;367,12;360,35
6;Syngovia;state;329;63;231;16;219;100;2;2,57;0;0,44;26,68;26,68;5,33;5,01
6;Syngovia;transition;329;63;231;126;230;100;2,02;29,79;0;3,18;31,68;33,68;35,62;34,98
6;Syngovia;pair;329;63;231;313;4142;100;2,32;3,9;227,38;5,73;52,68;58,68;244,91;239,34
6;Syngovia;state;330;74;270;18;252;100;2,35;2,76;0;0,45;60,68;60,68;5,9;5,56
6;Syngovia;transition;330;74;270;155;269;100;1,96;36,57;0;2,98;66,68;68,68;42,29;41,51
6;Syngovia;pair;330;74;270;384;5068;100;1,73;4,01;322,93;8,19;94,68;101,68;344,36;336,86
6;Syngovia;state;331;70;264;18;180;100;2,88;3,6;0;0,53;103,68;103,68;7,43;7,01
6;Syngovia;transition;331;70;264;153;263;100;2,57;25,55;0;3,35;108,68;110,68;32,26;31,46
6;Syngovia;pair;331;70;264;382;3517;100;15,04;6,33;200,23;7,61;133,68;138,68;236,07;229,22
6;Syngovia;state;332;70;277;18;180;100;2,87;3,56;0;0,57;140,68;140,68;7,4;7
6;Syngovia;transition;332;70;277;166;276;100;2,64;26,91;0;3,2;146,68;147,68;33,54;32,76
6;Syngovia;pair;332;70;277;424;3872;100;2,16;5,09;231,19;7,11;174,68;180,68;252,22;245,55
6;Syngovia;state;333;63;235;16;159;100;2,29;2,41;0;0,44;182,68;182,68;5,53;5,14
6;Syngovia;transition;333;63;235;128;234;100;1,86;16;0;2,31;186,68;187,68;20,91;20,16
6;Syngovia;pair;333;63;235;372;3509;100;1,94;4,51;147,02;4,91;203,68;21,17;163,25;158,37
6;Syngovia;state;334;70;269;18;180;100;1,87;2,12;0;0,49;23,17;23,17;4,76;4,48
6;Syngovia;transition;334;70;269;158;268;100;1,86;19,38;0;2,73;28,17;30,17;24,57;23,97
6;Syngovia;pair;334;70;269;395;3647;100;2,26;3,9;169,5;6,8;54,17;60,17;188,26;182,46
6;Syngovia;state;335;70;275;18;180;100;2,45;3,09;0;0,5;62,17;62,17;6,6;6,04
6;Syngovia;transition;335;70;275;164;274;100;2,73;25,62;0;2,49;67,17;69,17;31,76;30,85
6;Syngovia;pair;335;70;275;418;3820;100;2,14;4,54;158,96;5,26;95,17;101,17;176,03;170,9
6;Syngovia;state;336;70;266;18;180;100;2,01;2,19;0;0,44;102,17;103,17;5,04;4,65
6;Syngovia;transition;336;70;266;155;265;100;1,85;18,55;0;2,45;108,17;109,17;23,48;22,85
6;Syngovia;pair;336;70;266;387;3566;100;1,82;3,53;141,89;6,04;133,17;138,17;158,74;153,29
6;Syngovia;state;337;74;269;18;252;100;1,98;2,38;0;0,46;140,17;140,17;5,08;4,82
6;Syngovia;transition;337;74;269;154;268;100;1,93;34,53;0;2,91;146,17;148,17;39,95;39,37
6;Syngovia;pair;337;74;269;381;5028;100;2,02;3,81;332,7;7,16;174,17;181,17;351,97;345,69
6;Syngovia;state;338;70;273;18;180;100;2,22;2,82;0;0,44;183,17;183,17;5,77;5,47
6;Syngovia;transition;338;70;273;162;272;100;2,51;22,21;0;3,07;188,17;190,17;28,68;27,78
6;Syngovia;pair;338;70;273;413;3769;100;2,31;4,12;158,74;7,2;203,17;27,13;178,69;172,37
6;Syngovia;state;339;59;227;16;155;100;1,86;2,32;0;0,37;29,13;29,13;4,83;4,54
6;Syngovia;transition;339;59;227;126;226;100;1,9;14,89;0;1,86;33,13;34,13;19,17;18,65
6;Syngovia;pair;339;59;227;320;2939;100;1,97;4,1;108,65;5,52;52,13;57,13;125,07;120,24
6;Syngovia;state;340;74;274;18;184;100;2,39;2,92;0;0,5;59,13;59,13;6,06;5,81
6;Syngovia;transition;340;74;274;157;273;100;2,35;24,83;0;3,14;64,13;66,13;31,05;30,31
6;Syngovia;pair;340;74;274;447;4230;100;2,53;5,6;201,74;6,4;95,13;101,13;222,47;216,27
6;Syngovia;state;341;63;235;16;159;100;1,91;2,3;0;0,39;103,13;103,13;4,88;4,6
6;Syngovia;transition;341;63;235;128;234;100;1,82;12,96;0;1,96;108,13;109,13;17,33;16,74
6;Syngovia;pair;341;63;235;372;3509;100;1,56;2,74;133,87;6,04;131,13;137,13;149,03;144,21
6;Syngovia;state;342;70;275;18;180;100;2,34;2,63;0;0,51;139,13;139,13;5,82;5,48
6;Syngovia;transition;342;70;275;164;274;100;2,47;22,01;0;2,87;144,13;146,13;28,19;27,36
6;Syngovia;pair;342;70;275;418;3816;100;2,39;4,23;185,33;5,74;172,13;177,13;203,57;197,69
6;Syngovia;state;343;74;274;18;184;100;2,13;2,32;0;0,45;179,13;180,13;5,15;4,89
6;Syngovia;transition;343;74;274;157;273;100;1,82;21,5;0;2,73;185,13;186,13;26,82;26,04
6;Syngovia;pair;343;74;274;448;4227;100;2,37;4,7;234,87;8,99;203,27;28,27;257,89;250,93
6;Syngovia;state;344;74;277;18;184;100;2,85;3,33;0;0,53;30,27;30,27;7,04;6,71
6;Syngovia;transition;344;74;277;160;276;100;2,7;25,94;0;3,71;35,27;37,27;33,15;32,35
6;Syngovia;pair;344;74;277;458;4317;100;2,99;6,25;293,57;10,1;67,27;74,27;320,82;312,91
6;Syngovia;state;345;74;274;18;184;100;3,24;3,39;0;0,59;75,27;76,27;7,55;7,22
6;Syngovia;transition;345;74;274;157;273;100;2,48;24,84;0;2,73;81,27;83,27;30,91;30,04
6;Syngovia;pair;345;74;274;450;4225;100;2,74;5,18;236,3;8,69;112,27;118,27;260,17;252,91
6;Syngovia;state;346;74;272;18;252;100;2,6;2,96;0;0,55;120,27;120,27;6,44;6,11
6;Syngovia;transition;346;74;272;157;271;100;2,55;47,18;0;4,24;126,27;128,27;55,02;53,97
6;Syngovia;pair;346;74;272;390;5156;100;2,47;4,36;386,78;10,07;155,27;162,27;412,27;403,69
6;Syngovia;state;347;70;274;18;180;100;2,9;3,34;0;0,58;164,27;164,27;7,13;6,82
6;Syngovia;transition;347;70;274;163;273;100;2,65;27,48;0;3,92;169,27;171,27;34,97;34,05
6;Syngovia;pair;347;70;274;414;3789;100;2,76;5,99;225,9;8,38;197,27;202,27;262,25;243,03
6;Syngovia;state;348;74;274;18;184;100;6,8;3,65;0;0,54;8,83;8,83;11,35;10,99
6;Syngovia;transition;348;74;274;157;273;100;2,09;21,04;0;2,78;14,83;15,83;26,53;25,92
6;Syngovia;pair;348;74;274;451;4236;100;1,88;5,59;240,02;9,15;45,83;51,83;264,04;256,64
6;Syngovia;state;349;63;235;16;159;100;2,47;2,7;0;0,29;53,83;53,83;5,7;5,47
6;Syngovia;transition;349;63;235;128;234;100;1,66;18,29;0;2,19;57,83;59,83;22,74;22,13
6;Syngovia;pair;349;63;235;372;3509;100;1,71;3,86;145,54;5,13;81,83;86,83;161,33;156,25
6;Syngovia;state;350;63;235;16;159;100;2,08;2,22;0;0,34;88,83;88,83;4,96;4,64
6;Syngovia;transition;350;63;235;128;234;100;1,68;15,03;0;2,17;93,83;94,83;19,57;18,88
6;Syngovia;pair;350;63;235;372;3509;100;1,9;4;163,67;7,47;116,83;122,83;183;177,04
6;Syngovia;state;351;63;231;16;219;100;2,34;3,11;0;0,53;123,83;124,83;6,3;5,99
6;Syngovia;transition;351;63;231;126;230;100;2,27;31,56;0;3,22;129,83;130,83;37,84;37,06
6;Syngovia;pair;351;63;231;313;4142;100;2,45;4,11;236,14;8,32;150,83;156,83;257,59;251,01
6;Syngovia;state;352;74;285;18;184;100;2,99;3,54;0;0,56;158,83;158,83;7,44;7,09
6;Syngovia;transition;352;74;285;168;284;100;2,92;28,01;0;3,22;164,83;165,83;34,84;34,14
6;Syngovia;pair;352;74;285;483;4538;100;2,86;6,32;342,29;15,47;198,83;202,96;374,87;366,93
6;Syngovia;state;353;74;285;18;184;100;2,48;3,7;0;0,39;12,96;12,96;6,83;6,57
6;Syngovia;transition;353;74;285;168;284;100;2,8;28,19;0;4,01;17,96;19,96;35,97;35
6;Syngovia;pair;353;74;285;482;4543;100;15,27;19,77;306,2;8,53;52,96;58,96;357,66;349,77
6;Syngovia;state;354;70;273;18;180;100;2,7;2,9;0;0,47;60,96;60,96;6,39;6,08
6;Syngovia;transition;354;70;273;162;272;100;2,4;26,65;0;3,1;66,96;67,96;32,86;32,14
6;Syngovia;pair;354;70;273;412;3768;100;2,45;5,69;207,38;9,09;93,96;98,96;233,02;224,61
6;Syngovia;state;355;74;270;18;252;100;11,72;3,85;0;1,05;100,96;101,96;16,99;16,62
6;Syngovia;transition;355;74;270;155;269;100;5,9;52,6;0;4,12;107,96;109,96;63,44;62,62
6;Syngovia;pair;355;74;270;384;5068;100;3,98;6,39;451,5;8,58;134,96;141,96;477,96;470,44
6;Syngovia;state;356;74;282;18;184;100;19,18;3,5;0;0,56;143,96;144,96;23,61;23,25
6;Syngovia;transition;356;74;282;165;281;100;3,03;45,39;0;3,86;149,96;151,96;54,71;52,28
6;Syngovia;pair;356;74;282;473;4453;100;3,15;7,63;299,58;9,27;182,96;189,96;327,99;319,63
6;Syngovia;state;357;74;269;18;252;100;2,01;3,55;0;0,64;191,96;191,96;6,52;6,2
6;Syngovia;transition;357;74;269;154;268;100;2,75;44,41;0;3,39;197,96;199,96;51,48;50,55
6;Syngovia;pair;357;74;269;381;5028;100;3,03;11,57;384,14;8,16;203,27;38,27;414,13;406,9
6;Syngovia;state;358;74;273;18;252;100;2,34;2,55;0;0,46;40,27;40,27;5,65;5,36
6;Syngovia;transition;358;74;273;158;272;100;2,16;50,64;0;4,08;46,27;48,27;57,9;56,88
6;Syngovia;pair;358;74;273;394;5202;100;2,7;3,84;432,33;10,04;75,27;82,27;457,01;448,92
6;Syngovia;state;359;74;271;18;252;100;2,82;3,32;0;0,61;84,27;84,27;7,07;6,75
6;Syngovia;transition;359;74;271;156;270;100;2,71;47,87;0;4,3;90,27;92,27;55,77;54,88
6;Syngovia;pair;359;74;271;387;5108;100;2,61;5,96;301,52;6,56;118,27;125,27;323,64;316,65
6;Syngovia;state;360;74;274;18;184;100;2,25;2,32;0;0,39;127,27;128,27;5,25;4,96
6;Syngovia;transition;360;74;274;157;273;100;2,03;19;0;2,43;133,27;134,27;24,24;23,46
6;Syngovia;pair;360;74;274;450;4225;100;1,61;4,69;237,14;8,4;163,27;170,27;258,22;251,84
6;Syngovia;state;361;74;282;18;184;100;2,78;3,27;0;0,48;172,27;172,27;6,86;6,53
6;Syngovia;transition;361;74;282;165;281;100;2,81;28,05;0;3,67;178,27;179,27;35,25;34,52
6;Syngovia;pair;361;74;282;472;4460;100;2,8;6,42;278,26;7,09;204,63;23,63;302,43;294,57
6;Syngovia;state;362;63;231;16;219;100;2,11;2,49;0;0,5;25,63;25,63;5,37;5,1
6;Syngovia;transition;362;63;231;126;230;100;1,92;31,08;0;3,41;30,63;32,63;37,23;36,4
6;Syngovia;pair;362;63;231;313;4142;100;2,3;3,39;250,39;5,78;52,63;57,63;267,75;261,86
6;Syngovia;state;363;63;235;16;159;100;1,97;2,15;0;0,29;59,63;59,63;4,63;4,4
6;Syngovia;transition;363;63;235;128;234;100;1,89;14,62;0;2,04;64,63;65,63;19,27;18,55
6;Syngovia;pair;363;63;235;372;3509;100;2,02;4,22;157,45;7,52;88,63;93,63;176,87;171,21
6;Syngovia;state;364;70;270;18;180;100;2,67;3,36;0;0,51;95,63;95,63;6,84;6,54
6;Syngovia;transition;364;70;270;159;269;100;2,58;23,24;0;2,87;100,63;102,63;29,4;28,69
6;Syngovia;pair;364;70;270;401;3678;100;2,09;4,58;183,63;7,13;126,63;132,63;203,58;197,43
6;Syngovia;state;365;74;276;18;184;100;2,53;3,02;0;0,43;134,63;134,63;6,23;5,97
6;Syngovia;transition;365;74;276;159;275;100;2,48;23,15;0;2,86;139,63;141,63;29,15;28,49
6;Syngovia;pair;365;74;276;453;4282;100;2,64;5,2;251,78;8,67;170,63;177,63;275,44;268,29
6;Syngovia;state;366;59;227;16;155;100;1,98;2,15;0;0,42;179,63;179,63;4,79;4,55
6;Syngovia;transition;366;59;227;126;226;100;2,01;16,33;0;2,82;183,63;184,63;21,9;21,16
6;Syngovia;pair;366;59;227;320;2939;100;2,31;2,9;112,26;6,19;202,63;11,96;130,98;123,65
6;Syngovia;state;367;63;235;16;159;100;2,06;2,17;0;0,57;13,96;13,96;5,32;4,8
6;Syngovia;transition;367;63;235;128;234;100;1,97;17,22;0;2,61;17,96;18,96;22,59;21,79
6;Syngovia;pair;367;63;235;372;3509;100;2,09;5,05;168,44;7,56;41,96;46,96;189,62;183,15
6;Syngovia;state;368;74;279;18;252;100;2,87;3,3;0;0,6;48,96;48,96;7,11;6,78
6;Syngovia;transition;368;74;279;164;278;100;2,66;51,16;0;4,01;55,96;57,96;58,72;57,83
6;Syngovia;pair;368;74;279;411;5440;100;2,58;4,66;443,4;8,63;85,96;93,96;466,37;459,27
6;Syngovia;state;369;74;279;18;252;100;2,48;2,97;0;0,54;95,96;95,96;6,3;5,99
6;Syngovia;transition;369;74;279;164;278;100;2,37;46,32;0;4,14;101,96;104,96;53,67;52,83
6;Syngovia;pair;369;74;279;412;5451;100;2,67;6,24;363,14;7,77;132,96;140,96;386,68;379,82
6;Syngovia;state;370;74;271;18;252;100;2,02;2,81;0;0,4;142,96;142,96;5,51;5,23
6;Syngovia;transition;370;74;271;156;270;100;2,52;40,88;0;3,01;148,96;150,96;47,18;46,42
6;Syngovia;pair;370;74;271;387;5108;100;2,29;3,77;374,72;6,26;176,96;183,96;392,92;387,04
6;Syngovia;state;371;74;269;18;252;100;1,98;2,15;0;0,38;185,96;186,96;4,72;4,5
6;Syngovia;transition;371;74;269;154;268;100;2,16;31,4;0;3,3;191,96;194,96;37,45;36,86
6;Syngovia;pair;371;74;269;381;5028;100;2,53;4,74;325,6;6,6;203,98;32,98;345,97;339,47
6;Syngovia;state;372;70;265;18;180;100;2,32;2,71;0;0,5;34,98;34,98;5,87;5,52
6;Syngovia;transition;372;70;265;154;264;100;2,5;23,76;0;2,46;39,98;41,98;29,49;28,72
6;Syngovia;pair;372;70;265;384;3542;100;2,01;4,35;168,45;7,52;64,98;69,98;189,21;182,33
6;Syngovia;state;373;70;276;18;180;100;2,74;3,27;0;0,5;71,98;71,98;6,84;6,52
6;Syngovia;transition;373;70;276;165;275;100;2,64;28,71;0;3,5;77,98;78,98;35,67;34,85
6;Syngovia;pair;373;70;276;422;3853;100;2,65;5,9;214,33;8,7;105,98;111,98;239,2;231,58
6;Syngovia;state;374;74;281;18;184;100;2,67;3,44;0;0,53;113,98;113,98;6,97;6,64
6;Syngovia;transition;374;74;281;164;280;100;2,81;28,02;0;3,04;118,98;120,98;35,05;33,86
6;Syngovia;pair;374;74;281;467;4421;100;1,99;4,57;261,7;8,86;151,98;158,98;283,98;277,11
6;Syngovia;state;375;63;231;16;219;100;2,34;2,62;0;0,49;159,98;160,98;5,79;5,46
6;Syngovia;transition;375;63;231;126;230;100;1,93;27,28;0;3,26;165,98;166,98;33,32;32,46
6;Syngovia;pair;375;63;231;313;4142;100;2,05;3,95;221,65;7,22;186,98;192,98;240,75;234,87
6;Syngovia;state;376;70;263;18;180;100;2,43;3;0;0,48;194,98;194,98;6,22;5,91
6;Syngovia;transition;376;70;263;152;262;100;2,31;23,28;0;3,1;199,98;200,98;29,47;28,69
6;Syngovia;pair;376;70;263;378;3485;100;2,39;5,91;165,61;6,03;202,98;33,91;188,64;179,94
6;Syngovia;state;377;70;272;18;180;100;2,03;2,49;0;0,4;35,91;35,91;5,13;4,92
6;Syngovia;transition;377;70;272;161;271;100;2,19;33,71;0;3,71;41,91;42,91;40,55;39,61
6;Syngovia;pair;377;70;272;410;3743;100;2,75;5,78;210,99;6,89;68,91;73,91;233,58;226,41
6;Syngovia;state;378;74;278;18;252;100;2,8;3,51;0;0,68;75,91;75,91;7,34;6,99
6;Syngovia;transition;378;74;278;163;277;100;2,84;49,59;0;4,35;82,91;84,91;57,66;56,78
6;Syngovia;pair;378;74;278;409;5402;100;2,9;6;448,47;7,39;112,91;120,91;472,25;464,76
6;Syngovia;state;379;70;270;18;180;100;2,33;2,65;0;0,32;121,91;122,91;5,55;5,3
6;Syngovia;transition;379;70;270;159;269;100;2,03;24,06;0;2,45;127,91;128,91;29,27;28,54
6;Syngovia;pair;379;70;270;401;3678;100;2,28;4,75;159,3;5,45;153,91;159,91;177,01;171,78
6;Syngovia;state;380;59;227;16;155;100;1,6;2,54;0;0,38;160,91;160,91;4,87;4,53
6;Syngovia;transition;380;59;227;126;226;100;1,56;12,43;0;2,31;165,91;166,91;16,91;16,31
6;Syngovia;pair;380;59;227;320;2939;100;1,6;2,98;105,35;4,16;184,91;189,91;118,56;114,09
6;Syngovia;state;381;70;273;18;180;100;2;2,59;0;0,38;190,91;191,91;5,22;4,97
6;Syngovia;transition;381;70;273;162;272;100;2,21;21,85;0;3,11;196,91;198,91;27,84;27,17
6;Syngovia;pair;381;70;273;412;3768;100;2,43;3,82;166,21;5,48;203,7;35,7;184,11;177,94
6;Syngovia;state;382;74;276;18;184;100;2,39;2,79;0;0,41;37,7;37,7;5,9;5,59
6;Syngovia;transition;382;74;276;159;275;100;2,26;24,94;0;2,51;42,7;44,7;30,42;29,7
6;Syngovia;pair;382;74;276;456;4291;100;2,16;4,71;231,23;6,23;74,7;80,7;250,93;244,34
6;Syngovia;state;383;74;271;18;252;100;2,18;2,47;0;0,35;82,7;82,7;5,23;5
6;Syngovia;transition;383;74;271;156;270;100;2,24;46,26;0;3,68;88,7;90,7;52,98;52,18
6;Syngovia;pair;383;74;271;387;5108;100;2,48;3,99;386,97;6,87;116,7;124,7;407,31;400,3
6;Syngovia;state;384;63;231;16;219;100;1,9;2,62;0;0,39;125,7;126,7;5,16;4,92
6;Syngovia;transition;384;63;231;126;230;100;2,55;28,43;0;3,25;130,7;132,7;34,96;34,22
6;Syngovia;pair;384;63;231;313;4142;100;1,89;3,89;171,63;5,24;152,7;158,7;188,2;182,64
6;Syngovia;state;385;63;235;16;159;100;2,37;2,24;0;0,29;159,7;160,7;5,19;4,91
6;Syngovia;transition;385;63;235;130;234;100;1,83;13,66;0;2,05;164,7;165,7;18,09;17,54
6;Syngovia;pair;385;63;235;372;3509;100;1,85;3,11;130,79;6,32;188,7;193,7;147,57;142,08
6;Syngovia;state;386;74;270;18;252;100;1,89;2,71;0;0,59;195,7;195,7;5,46;5,18
6;Syngovia;transition;386;74;270;155;269;100;2,89;39,14;0;5,43;201,7;203,7;48,2;47,46
6;Syngovia;pair;386;74;270;384;5071;100;1,94;3,61;301,51;6,7;34,17;41,17;320;313,77
6;Syngovia;state;387;59;227;16;155;100;1,75;1,99;0;0,29;43,17;43,17;4,24;4,03
6;Syngovia;transition;387;59;227;126;226;100;1,52;12,96;0;1,74;47,17;49,17;16,8;16,22
6;Syngovia;pair;387;59;227;320;2939;100;1,64;3,15;117,03;4;67,17;71,17;130,22;125,83
6;Syngovia;state;388;63;231;16;219;100;1,74;2,1;0;0,34;73,17;73,17;4,39;4,19
6;Syngovia;transition;388;63;231;126;230;100;1,64;24,95;0;2,3;78,17;80,17;29,4;28,9
6;Syngovia;pair;388;63;231;313;4142;100;1,8;3,18;189,38;6,57;99,17;105,17;206,29;200,93
6;Syngovia;state;389;70;273;18;180;100;2,49;3,97;0;0,4;107,17;107,17;7,12;6,86
6;Syngovia;transition;389;70;273;162;272;100;2,17;20,17;0;3,21;113,17;114,17;26,15;25,55
6;Syngovia;pair;389;70;273;412;3768;100;2,56;5,65;188,65;7,5;140,17;145,17;210,76;204,37
6;Syngovia;state;390;63;235;16;159;100;2,25;2,89;0;0,44;147,17;147,17;5,87;5,59
6;Syngovia;transition;390;63;235;128;234;100;2,34;15,97;0;2,14;152,17;153,17;21,11;20,46
6;Syngovia;pair;390;63;235;372;3509;100;1,87;3,23;148,38;5,77;176,17;181,17;164,37;159,24
6;Syngovia;state;391;63;235;16;159;100;1,96;2,29;0;0,34;183,17;183,17;4,81;4,58
6;Syngovia;transition;391;63;235;130;234;100;2,23;15,94;0;2,14;187,17;189,17;20,92;20,31
6;Syngovia;pair;391;63;235;372;3509;100;2,56;4,19;124,39;4,58;204,17;22,09;140,4;135,72
6;Syngovia;state;392;74;277;18;184;100;2,02;2,78;0;0,47;24,09;24,09;5,52;5,27
6;Syngovia;transition;392;74;277;160;276;100;2,27;24,5;0;3,65;30,09;31,09;31,15;30,41
6;Syngovia;pair;392;74;277;458;4317;100;2,8;4,89;277,67;8,67;62,09;68,09;301,33;294,03
6;Syngovia;state;393;63;235;16;159;100;2,02;2,29;0;0,28;70,09;70,09;4,8;4,59
6;Syngovia;transition;393;63;235;130;234;100;1,68;16,34;0;2,45;74,09;76,09;21,08;20,47
6;Syngovia;pair;393;63;235;372;3509;100;2,04;3,95;158;5,96;98,09;103,09;175,82;169,95
6;Syngovia;state;394;70;274;18;180;100;1,86;3,15;0;0,52;105,09;106,09;5,79;5,53
6;Syngovia;transition;394;70;274;163;273;100;2,71;25,34;0;3,06;111,09;112,09;31,84;31,11
6;Syngovia;pair;394;70;274;413;3790;100;2,54;5,6;187,7;7,43;138,09;144,09;209,87;203,26
6;Syngovia;state;395;74;276;18;184;100;2,46;2,78;0;0,37;146,09;146,09;5,86;5,61
6;Syngovia;transition;395;74;276;159;275;100;2,48;22,48;0;2,27;151,09;153,09;27,88;27,23
6;Syngovia;pair;395;74;276;456;4291;100;2,21;4,29;238,85;8,07;183,09;189,09;260,09;253,42
6;Syngovia;state;396;70;275;18;180;100;2,77;2,76;0;0,49;191,09;191,09;6,29;6,03
6;Syngovia;transition;396;70;275;164;274;100;2,62;23,84;0;2,49;197,09;198,09;29,56;28,94
6;Syngovia;pair;396;70;275;416;3810;100;2,44;5,37;184,87;6;203,09;35,74;205,01;198,67
6;Syngovia;state;397;74;273;18;184;100;2,39;3,29;0;0,5;37,74;37,74;6,49;6,18
6;Syngovia;transition;397;74;273;156;272;100;2,64;24,1;0;2,69;42,74;44,74;30,22;29,44
6;Syngovia;pair;397;74;273;445;4205;100;2,46;5,61;250,11;7,06;73,74;79,74;272,1;265,24
6;Syngovia;state;398;59;227;16;155;100;1,98;2,21;0;0,31;81,74;81,74;4,7;4,49
6;Syngovia;transition;398;59;227;126;226;100;1,83;15,7;0;2,34;85,74;87,74;20,48;19,87
6;Syngovia;pair;398;59;227;320;2939;100;2,31;3,12;101,06;4,61;105,74;109,74;116,41;111,09
6;Syngovia;state;399;74;281;18;252;100;2,43;3,55;0;0,67;111,74;111,74;6,94;6,65
6;Syngovia;transition;399;74;281;166;280;100;2,55;42,29;0;3,23;118,74;120,74;48,87;48,07
6;Syngovia;pair;399;74;281;417;5520;100;2,11;4;484,53;10,18;149,74;157,74;508,46;500,81
6;Syngovia;state;400;63;231;16;219;100;2,22;2,46;0;0,46;159,74;159,74;5,42;5,14
6;Syngovia;transition;400;63;231;126;230;100;1,76;30,98;0;3,08;164,74;165,74;36,5;35,81
6;Syngovia;pair;400;63;231;313;4142;100;2,18;3,96;196,26;6,85;185,74;191,74;214,64;209,26
