RunID;SPL Name;Coverage Type;Product Index;FTS States;FTS Transitions;Test Cases;Total Test Actions;Coverage(%);Projection Time(ms);Test Generation Time(ms);Transformation Time(ms);Test Execution Time(ms);Test Generation Peak Memory(MB);Test Execution Peak Memory(MB);Wall Clock Time(ms);Segment Sum Time(ms)
2;Syngovia;state;1;74;271;18;184;100;34,68;20,63;0;6,58;20,29;21,29;65,74;61,89
2;Syngovia;transition;1;74;271;154;270;100;7,09;95,89;0;9,02;28,84;11,84;116,37;112
2;Syngovia;pair;1;74;271;442;4159;100;3,84;12,73;299,64;26,37;42,84;50,84;379,16;342,58
2;Syngovia;state;2;70;274;18;180;100;6,05;7,13;0;1,14;52,84;53,84;16,02;14,32
2;Syngovia;transition;2;70;274;163;273;100;4,98;42,54;0;3,53;58,95;10,95;54,27;51,05
2;Syngovia;pair;2;70;274;416;3795;100;3,57;7,36;236,01;9,25;37,95;45,95;277,17;256,19
2;Syngovia;state;3;63;231;16;219;100;3,54;5,57;0;0,68;46,95;47,95;11,26;9,78
2;Syngovia;transition;3;63;231;126;230;100;3,32;38,24;0;3,99;52,95;54,95;47,92;45,55
2;Syngovia;pair;3;63;231;313;4142;100;4,12;6,65;285,19;13,91;74,95;81,95;327,06;309,86
2;Syngovia;state;4;74;283;18;184;100;5,65;38,37;0;0,61;82,95;9,48;45,94;44,63
2;Syngovia;transition;4;74;283;166;282;100;4,05;30,65;0;3,6;15,48;16,48;40,93;38,31
2;Syngovia;pair;4;74;283;477;4486;100;3,82;7,48;258,8;10,01;49,48;56,48;301,72;280,11
2;Syngovia;state;5;59;227;16;155;100;3,72;6,03;0;0,37;58,48;58,48;11,12;10,12
2;Syngovia;transition;5;59;227;126;226;100;3,23;24,22;0;3,42;62,48;63,48;33,1;30,88
2;Syngovia;pair;5;59;227;320;2939;100;3,56;6,09;136,31;7,44;83,48;87,48;162,85;153,39
2;Syngovia;state;6;63;235;16;159;100;4,25;5,15;0;0,56;89,48;89,48;11,18;9,97
2;Syngovia;transition;6;63;235;128;234;100;4,12;29,94;0;3,87;94,48;95,48;40,39;37,93
2;Syngovia;pair;6;63;235;372;3509;100;4,13;7,67;202,4;6,55;119,48;16,28;234,2;220,75
2;Syngovia;state;7;63;231;16;219;100;2,87;3,75;0;0,5;18,28;18,28;8,09;7,11
2;Syngovia;transition;7;63;231;126;230;100;2,68;29,05;0;2,52;24,28;25,28;36,66;34,25
2;Syngovia;pair;7;63;231;313;4142;100;2,21;5,39;199,3;5,87;46,28;52,28;224,11;212,77
2;Syngovia;state;8;74;274;18;184;100;3,5;4,26;0;0,49;54,28;54,28;9,18;8,25
2;Syngovia;transition;8;74;274;157;273;100;3,19;27,97;0;3,26;59,28;61,28;36,4;34,43
2;Syngovia;pair;8;74;274;450;4225;100;3,28;7,62;217,32;6,28;91,28;97,28;246,37;234,5
2;Syngovia;state;9;70;265;18;180;100;3,38;3,97;0;0,46;99,28;99,28;8,82;7,82
2;Syngovia;transition;9;70;265;154;264;100;3,06;27,44;0;2,35;104,28;106,28;34,1;32,85
2;Syngovia;pair;9;70;265;384;3542;100;2,68;5,94;144,3;8,44;130,28;135,28;173,48;161,36
2;Syngovia;state;10;74;281;18;252;100;4,48;5,48;0;0,67;137,28;137,28;11,81;10,63
2;Syngovia;transition;10;74;281;166;280;100;4,11;52,58;0;4,73;144,28;146,28;64,84;61,41
2;Syngovia;pair;10;74;281;418;5523;100;4,52;7,41;354,38;13,71;155,74;38,74;396,67;380,02
2;Syngovia;state;11;74;273;18;252;100;5,02;5,59;0;0,81;40,74;40,74;12,92;11,42
2;Syngovia;transition;11;74;273;158;272;100;3,93;53,8;0;5,7;47,74;49,74;65,82;63,43
2;Syngovia;pair;11;74;273;393;5200;100;4,13;7,16;387,4;13,86;76,74;84,74;426,36;412,55
2;Syngovia;state;12;74;273;18;184;100;4,01;5,14;0;0,7;86,74;86,74;10,79;9,85
2;Syngovia;transition;12;74;273;156;272;100;4,23;26,65;0;3,56;92,74;93,74;36,79;34,44
2;Syngovia;pair;12;74;273;445;4205;100;3,84;7,15;222,81;8,24;123,74;129,74;252,69;242,05
2;Syngovia;state;13;74;269;18;252;100;3,65;4,71;0;0,58;131,74;131,74;10,1;8,94
2;Syngovia;transition;13;74;269;154;268;100;3,62;50,72;0;3,91;137,74;140,74;60,49;58,25
2;Syngovia;pair;13;74;269;381;5028;100;2,99;6,1;338,65;8,25;165,74;173,74;366,09;355,99
2;Syngovia;state;14;74;271;18;252;100;4,1;6,42;0;0,6;175,74;175,74;12,38;11,13
2;Syngovia;transition;14;74;271;156;270;100;3,14;49,15;0;3,5;181,74;183,74;58,17;55,79
2;Syngovia;pair;14;74;271;387;5108;100;3,7;6,69;317,96;6,36;209,74;217,74;344,76;334,7
2;Syngovia;state;15;74;283;18;184;100;25,43;5,48;0;0,5;9,64;9,64;32,4;31,4
2;Syngovia;transition;15;74;283;166;282;100;4,12;33,34;0;4,1;15,64;16,64;43,47;41,57
2;Syngovia;pair;15;74;283;476;4483;100;4,16;9,37;299,77;11,56;48,64;55,64;337,23;324,86
2;Syngovia;state;16;70;269;18;180;100;3,73;5,1;0;0,61;57,64;57,64;10,33;9,44
2;Syngovia;transition;16;70;269;158;268;100;3,76;30,35;0;3,99;62,64;64,64;40,42;38,1
2;Syngovia;pair;16;70;269;395;3647;100;3,51;8,19;174,48;8,47;88,64;94,64;204,27;194,65
2;Syngovia;state;17;63;231;16;219;100;3,41;4,22;0;0,52;96,64;96,64;9,33;8,15
2;Syngovia;transition;17;63;231;126;230;100;2,99;31,29;0;3,18;101,64;103,64;40,25;37,46
2;Syngovia;pair;17;63;231;313;4142;100;3,03;6,07;198,44;6,46;123,64;128,64;223,01;214,01
2;Syngovia;state;18;70;266;18;180;100;2,16;2,46;0;0,43;130,64;131,64;5,82;5,05
2;Syngovia;transition;18;70;266;155;265;100;2,17;19,97;0;3,38;136,64;137,64;27,31;25,52
2;Syngovia;pair;18;70;266;387;3566;100;2,2;5,7;167,46;6,8;161,64;166,64;189,23;182,16
2;Syngovia;state;19;74;273;18;184;100;3,38;3,99;0;0,6;168,64;169,64;10,52;7,97
2;Syngovia;transition;19;74;273;156;272;100;2,94;21,34;0;3,58;174,64;175,64;29,91;27,86
2;Syngovia;pair;19;74;273;448;4211;100;3,55;8,21;225,75;9,33;205,64;211,64;255,74;246,83
2;Syngovia;state;20;59;227;16;155;100;2,96;3,77;0;0,47;213,64;213,64;8,02;7,2
2;Syngovia;transition;20;59;227;126;226;100;2,5;17,96;0;19,25;217,64;218,64;41,56;39,7
2;Syngovia;pair;20;59;227;320;2939;100;2,56;5,63;120,12;4,49;27,56;31,56;138,48;132,8
2;Syngovia;state;21;70;275;18;180;100;2,22;3,81;0;0,51;33,56;33,56;7,42;6,54
2;Syngovia;transition;21;70;275;164;274;100;3,46;27,48;0;3,15;39,56;40,56;35,98;34,08
2;Syngovia;pair;21;70;275;418;3820;100;3,5;8,46;186,11;7,57;67,56;72,56;213,65;205,63
2;Syngovia;state;22;63;235;16;159;100;2,5;3,04;0;0,41;74,56;74,56;7,19;5,95
2;Syngovia;transition;22;63;235;128;234;100;2,52;19,01;0;1,92;79,56;80,56;25,3;23,45
2;Syngovia;pair;22;63;235;372;3509;100;2,08;5,85;126,88;5,45;103,56;108,56;146,39;140,27
2;Syngovia;state;23;63;231;16;219;100;2,27;2,98;0;0,4;110,56;110,56;6,31;5,65
2;Syngovia;transition;23;63;231;126;230;100;2,31;27,63;0;3,06;115,56;117,56;34,53;33
2;Syngovia;pair;23;63;231;313;4142;100;2,43;4,79;204,74;6,84;137,56;143,56;225,49;218,8
2;Syngovia;state;24;70;267;18;180;100;2,77;4,03;0;0,45;145,56;145,56;7,93;7,25
2;Syngovia;transition;24;70;267;156;266;100;2,62;23,57;0;2,91;150,56;151,56;30,46;29,09
2;Syngovia;pair;24;70;267;390;3598;100;2,55;6,33;166,21;8,02;176,56;181,56;190,63;183,12
2;Syngovia;state;25;74;270;18;252;100;3,15;4,06;0;0,59;183,56;183,56;8,59;7,81
2;Syngovia;transition;25;74;270;155;269;100;3,03;46,99;0;3,85;189,56;191,56;56,45;53,87
2;Syngovia;pair;25;74;270;384;5068;100;3,46;6,68;356,15;8,84;217,56;14,59;387,61;375,13
2;Syngovia;state;26;74;269;18;252;100;2,98;3,96;0;0,59;16,59;17,59;8,2;7,54
2;Syngovia;transition;26;74;269;154;268;100;2,78;44,67;0;3,91;23,59;25,59;52,99;51,37
2;Syngovia;pair;26;74;269;381;5028;100;2,73;6,18;335,92;8,57;50,59;57,59;361,53;353,4
2;Syngovia;state;27;74;270;18;252;100;2,87;4,14;0;0,53;59,59;59,59;8,23;7,55
2;Syngovia;transition;27;74;270;155;269;100;2,64;41,96;0;3,49;65,59;68,59;49,66;48,09
2;Syngovia;pair;27;74;270;384;5068;100;2,75;5,53;365,43;8,65;93,59;101,59;390,07;382,36
2;Syngovia;state;28;74;279;18;252;100;3,24;3,79;0;0,6;103,59;103,59;8,37;7,63
2;Syngovia;transition;28;74;279;164;278;100;2,81;49,4;0;4,44;109,59;111,59;58,58;56,65
2;Syngovia;pair;28;74;279;411;5440;100;3;7,12;418,25;8,87;140,59;148,59;446,06;437,25
2;Syngovia;state;29;74;277;18;252;100;2,34;3,97;0;0,46;150,59;150,59;7,53;6,78
2;Syngovia;transition;29;74;277;162;276;100;3,47;49,93;0;3,87;156,59;159,59;59,72;57,27
2;Syngovia;pair;29;74;277;405;5364;100;3,18;6,71;393,55;9,07;187,59;194,59;422,21;412,5
2;Syngovia;state;30;70;264;18;180;100;2,82;3,39;0;0,57;196,59;196,59;7,62;6,78
2;Syngovia;transition;30;70;264;153;263;100;2,74;22,34;0;3,04;202,59;203,59;29,67;28,11
2;Syngovia;pair;30;70;264;382;3517;100;2,93;6,04;148,97;6,66;219,83;23,83;171,25;164,59
2;Syngovia;state;31;63;235;16;159;100;2,45;2,92;0;0,37;24,83;25,83;6,33;5,74
2;Syngovia;transition;31;63;235;130;234;100;2,4;16,91;0;2,58;29,83;30,83;23,3;21,88
2;Syngovia;pair;31;63;235;372;3509;100;2,4;5,49;126,79;7,41;53,83;58,83;148,9;142,09
2;Syngovia;state;32;63;231;16;219;100;2,98;3,41;0;0,54;60,83;60,83;7,76;6,93
2;Syngovia;transition;32;63;231;126;230;100;2,94;31,82;0;3,57;65,83;67,83;47,79;38,33
2;Syngovia;pair;32;63;231;313;4142;100;2,96;5,4;214,43;7,2;87,83;93,83;238,72;229,99
2;Syngovia;state;33;59;227;16;155;100;2,38;2,83;0;0,4;95,83;95,83;6,12;5,61
2;Syngovia;transition;33;59;227;126;226;100;2,42;16,54;0;2,46;99,83;100,83;22,58;21,41
2;Syngovia;pair;33;59;227;320;2939;100;2,32;4,78;114,58;5,82;119,83;123,83;133,63;127,5
2;Syngovia;state;34;74;274;18;184;100;2,95;3,67;0;0,37;125,83;125,83;7,54;6,99
2;Syngovia;transition;34;74;274;157;273;100;2,1;20,56;0;2,59;131,83;132,83;26,61;25,25
2;Syngovia;pair;34;74;274;448;4227;100;2,76;5,3;217,79;8,19;161,83;168,83;241,45;234,05
2;Syngovia;state;35;63;235;16;159;100;2,35;2,92;0;4,2;169,83;170,83;10,26;9,47
2;Syngovia;transition;35;63;235;128;234;100;2,28;17,9;0;2,4;174,83;175,83;23,68;22,59
2;Syngovia;pair;35;63;235;372;3509;100;2,24;5,01;160,5;6,4;198,83;203,83;180,56;174,16
2;Syngovia;state;36;70;275;18;180;100;2,52;3,38;0;0,44;205,83;205,83;6,86;6,33
2;Syngovia;transition;36;70;275;164;274;100;2,53;24,43;0;3,03;211,83;212,83;31,18;30
2;Syngovia;pair;36;70;275;418;3824;100;2,53;5,9;233,99;9,7;218,83;35,37;260,36;252,12
2;Syngovia;state;37;59;227;16;155;100;2,74;3,5;0;0,48;37,37;37,37;7,23;6,73
2;Syngovia;transition;37;59;227;126;226;100;2,55;20,78;0;3,04;42,37;43,37;27,47;26,36
2;Syngovia;pair;37;59;227;320;2939;100;2,58;5,9;131,1;7,22;61,37;66,37;154,02;146,81
2;Syngovia;state;38;70;267;18;180;100;3,11;4,02;0;0,59;67,37;68,37;8,23;7,72
2;Syngovia;transition;38;70;267;156;266;100;2,94;28,82;0;3,81;73,37;74,37;36,73;35,57
2;Syngovia;pair;38;70;267;389;3591;100;3,09;7,29;197,47;9,04;98,37;104,37;225,63;216,89
2;Syngovia;state;39;59;227;16;155;100;2,55;3,48;0;0,51;105,37;106,37;7,02;6,55
2;Syngovia;transition;39;59;227;126;226;100;3,1;20,87;0;3,04;110,37;111,37;28,15;27,02
2;Syngovia;pair;39;59;227;320;2939;100;2,56;5,71;130,03;7,33;129,37;134,37;152,67;145,64
2;Syngovia;state;40;63;235;16;159;100;2,64;3,44;0;0,53;136,37;136,37;7,14;6,62
2;Syngovia;transition;40;63;235;128;234;100;2,64;21,89;0;3,17;140,37;142,37;28,72;27,7
2;Syngovia;pair;40;63;235;372;3509;100;2,83;6,04;170,56;5,94;164,37;169,37;192,45;185,37
2;Syngovia;state;41;70;264;18;180;100;2,66;3,82;0;0,43;171,37;171,37;7,53;6,9
2;Syngovia;transition;41;70;264;153;263;100;2,59;24,69;0;3,39;177,37;178,37;31,95;30,68
2;Syngovia;pair;41;70;264;382;3517;100;3,07;4,7;154,09;5,63;201,37;207,37;174,91;167,5
2;Syngovia;state;42;70;266;18;180;100;2,54;3,46;0;0,54;208,37;209,37;7,08;6,53
2;Syngovia;transition;42;70;266;155;265;100;2,66;23,48;0;3,38;214,37;215,37;30,75;29,53
2;Syngovia;pair;42;70;266;387;3566;100;2,68;7,39;129,62;4,78;218,93;34,93;150,37;144,47
2;Syngovia;state;43;74;279;18;252;100;2,32;3,14;0;0,41;36,93;37,93;6,43;5,87
2;Syngovia;transition;43;74;279;164;278;100;2,33;44,5;0;4,16;43,93;45,93;52,34;51
2;Syngovia;pair;43;74;279;411;5440;100;2,8;4,07;376,36;9,6;74,93;81,93;401,06;392,82
2;Syngovia;state;44;70;275;18;180;100;2,77;3,49;0;0,55;83,93;84,93;7,32;6,81
2;Syngovia;transition;44;70;275;164;274;100;2,61;26,49;0;3,44;89,93;91,93;33,56;32,55
2;Syngovia;pair;44;70;275;418;3820;100;2,89;6,24;195,73;7,06;117,93;122,93;219,27;211,92
2;Syngovia;state;45;74;269;18;252;100;2,72;3,41;0;0,58;124,93;125,93;7,14;6,71
2;Syngovia;transition;45;74;269;154;268;100;2,47;43,71;0;3,57;131,93;133,93;50,84;49,75
2;Syngovia;pair;45;74;269;381;5028;100;2,6;5,22;267,76;5,91;158,93;165,93;288,68;281,48
2;Syngovia;state;46;74;282;18;184;100;2,79;3,54;0;0,51;167,93;168,93;7,32;6,85
2;Syngovia;transition;46;74;282;165;281;100;2,87;21,09;0;2,21;173,93;175,93;27,07;26,16
2;Syngovia;pair;46;74;282;470;4444;100;2,2;4,74;190,34;5,62;206,93;213,93;209,14;202,9
2;Syngovia;state;47;74;283;18;184;100;2,16;2,89;0;0,48;215,93;215,93;5,92;5,52
2;Syngovia;transition;47;74;283;166;282;100;2,04;23,99;0;2,31;218,93;12,81;29,17;28,33
2;Syngovia;pair;47;74;283;474;4475;100;3,23;6,01;230,48;8,12;44,81;51,81;254,91;247,85
2;Syngovia;state;48;74;270;18;252;100;2,59;3,31;0;0,53;53,81;53,81;6,94;6,43
2;Syngovia;transition;48;74;270;155;269;100;2,82;39,88;0;2,8;60,81;62,81;46,55;45,51
2;Syngovia;pair;48;74;270;384;5068;100;2,13;3,72;246,35;5,58;87,81;95,81;263,05;257,78
2;Syngovia;state;49;59;227;16;155;100;1,79;1,99;0;0,29;96,81;97,81;4,36;4,07
2;Syngovia;transition;49;59;227;129;226;100;1,64;11,28;0;1,44;101,81;102,81;15,13;14,36
2;Syngovia;pair;49;59;227;320;2939;100;1,37;3,01;82,46;3,97;120,81;125,81;95,27;90,82
2;Syngovia;state;50;70;265;18;180;100;2,24;2,9;0;0,4;127,81;127,81;5,95;5,54
2;Syngovia;transition;50;70;265;154;264;100;2,45;19,86;0;2,28;132,81;133,81;25,51;24,59
2;Syngovia;pair;50;70;265;384;3542;100;2,14;5,35;157,39;4,9;157,81;162,81;175,31;169,78
2;Syngovia;state;51;63;231;16;219;100;1,59;2,53;0;0,31;164,81;164,81;4,9;4,43
2;Syngovia;transition;51;63;231;126;230;100;1,65;23,34;0;1,93;169,81;171,81;27,76;26,92
2;Syngovia;pair;51;63;231;313;4142;100;1,92;3,87;153,81;5,17;191,81;197,81;169,77;164,77
2;Syngovia;state;52;74;270;18;252;100;2,24;2,99;0;0,44;199,81;199,81;6,15;5,67
2;Syngovia;transition;52;74;270;155;269;100;2,14;31,89;0;2,53;205,81;207,81;37,42;36,55
2;Syngovia;pair;52;74;270;384;5068;100;1,84;3,69;248,42;6,87;219,82;31,82;266,89;260,82
2;Syngovia;state;53;74;271;18;252;100;2,68;2,72;0;0,34;33,82;33,82;6,07;5,74
2;Syngovia;transition;53;74;271;156;270;100;1,64;36,43;0;2,69;39,82;41,82;41,65;40,76
2;Syngovia;pair;53;74;271;387;5114;100;2,23;3,83;255,47;5,52;68,82;75,82;272,78;267,05
2;Syngovia;state;54;74;281;18;252;100;2,2;2,15;0;0,39;77,82;77,82;5,04;4,74
2;Syngovia;transition;54;74;281;166;280;100;2,08;36,36;0;2,89;83,82;86,82;42,44;41,33
2;Syngovia;pair;54;74;281;417;5516;100;2,27;4,43;281,77;6,43;115,82;123,82;300,94;294,89
2;Syngovia;state;55;70;266;18;180;100;1,74;2,85;0;0,34;125,82;125,82;5,24;4,92
2;Syngovia;transition;55;70;266;155;265;100;2,21;17,4;0;1,82;130,82;131,82;22,45;21,43
2;Syngovia;pair;55;70;266;387;3566;100;2,04;3,81;121,37;4,22;155,82;160,82;137,01;131,44
2;Syngovia;state;56;74;278;18;252;100;1,86;2,45;0;0,38;162,82;163,82;5,05;4,7
2;Syngovia;transition;56;74;278;163;277;100;1,77;36,1;0;3,03;169,82;171,82;42,04;40,9
2;Syngovia;pair;56;74;278;408;5400;100;2,5;3,8;258,8;6,24;200,82;207,82;277,79;271,34
2;Syngovia;state;57;74;274;18;184;100;1,75;2,71;0;0,31;209,82;209,82;5,12;4,77
2;Syngovia;transition;57;74;274;157;273;100;2,32;16,5;0;2,66;215,82;216,82;22,21;21,47
2;Syngovia;pair;57;74;274;450;4225;100;2,54;4,98;182,15;5,01;218,82;42,62;203,82;194,68
2;Syngovia;state;58;70;267;18;180;100;1,83;2,56;0;0,45;44,62;44,62;5,33;4,85
2;Syngovia;transition;58;70;267;156;266;100;2,27;16,31;0;2,08;49,62;51,62;21,3;20,66
2;Syngovia;pair;58;70;267;389;3591;100;1,87;3,89;116,78;4,49;75,62;80,62;132,37;127,04
2;Syngovia;state;59;70;269;18;180;100;1,59;1,96;0;0,33;82,62;82,62;4,12;3,88
2;Syngovia;transition;59;70;269;158;268;100;1,49;16,93;0;2,09;87,62;89,62;21,74;20,51
2;Syngovia;pair;59;70;269;395;3647;100;2,07;4,17;135,54;4,95;113,62;119,62;152,23;146,74
2;Syngovia;state;60;70;275;18;180;100;1,95;3,28;0;0,33;121,62;121,62;5,94;5,56
2;Syngovia;transition;60;70;275;164;274;100;1,93;20,79;0;1,93;126,62;128,62;25,27;24,65
2;Syngovia;pair;60;70;275;418;3820;100;2;4,33;152,22;5,94;154,62;160,62;169,98;164,49
2;Syngovia;state;61;63;231;16;219;100;1,78;2,14;0;0,31;162,62;162,62;4,49;4,23
2;Syngovia;transition;61;63;231;126;230;100;1,38;22,57;0;2,86;167,62;169,62;27,58;26,81
2;Syngovia;pair;61;63;231;313;4142;100;1,8;3,66;164,73;5,47;189,62;194,62;181,59;175,66
2;Syngovia;state;62;70;270;18;180;100;2,49;3,56;0;0,46;196,62;197,62;6,92;6,51
2;Syngovia;transition;62;70;270;159;269;100;2,56;23,29;0;2,74;202,62;203,62;29,44;28,59
2;Syngovia;pair;62;70;270;401;3678;100;2,68;6,45;160,96;7,44;219,75;25,75;184,35;177,54
2;Syngovia;state;63;63;235;16;159;100;1,75;2,37;0;0,31;26,75;27,75;4,78;4,44
2;Syngovia;transition;63;63;235;128;234;100;1,68;16,68;0;1,83;31,75;32,75;20,99;20,19
2;Syngovia;pair;63;63;235;372;3509;100;2,25;5,2;131,93;4,57;55,75;60,75;149,21;143,95
2;Syngovia;state;64;74;272;18;184;100;1,96;2,47;0;0,32;62,75;62,75;5,11;4,75
2;Syngovia;transition;64;74;272;155;271;100;1,91;18,19;0;1,89;68,75;69,75;22,61;21,98
2;Syngovia;pair;64;74;272;443;4176;100;1,95;4,22;176,72;6,66;98,75;104,75;196,13;189,55
2;Syngovia;state;65;74;271;18;184;100;3,04;3,2;0;0,4;106,75;106,75;7,13;6,64
2;Syngovia;transition;65;74;271;154;270;100;2,14;20,49;0;2,54;112,75;113,75;26,04;25,17
2;Syngovia;pair;65;74;271;442;4159;100;2,68;5,58;188,06;5,07;142,75;148,75;207,71;201,39
2;Syngovia;state;66;74;267;18;252;100;1,71;3,27;0;0,4;150,75;150,75;5,79;5,37
2;Syngovia;transition;66;74;267;152;266;100;2,07;34,07;0;2,21;156,75;158,75;39,25;38,35
2;Syngovia;pair;66;74;267;375;4948;100;2,01;3,76;270,04;5,7;183,75;190,75;287,43;281,51
2;Syngovia;state;67;74;269;18;252;100;2,47;3,07;0;0,37;192,75;192,75;6,29;5,9
2;Syngovia;transition;67;74;269;154;268;100;2,3;40,15;0;3,1;198,75;200,75;46,47;45,55
2;Syngovia;pair;67;74;269;381;5028;100;2,34;4,82;345,57;7,62;220,59;25,59;367,04;360,35
2;Syngovia;state;68;70;267;18;180;100;2,16;2,87;0;0,49;27,59;27,59;5,91;5,52
2;Syngovia;transition;68;70;267;156;266;100;2,56;22,95;0;2,66;32,59;34,59;29,17;28,17
2;Syngovia;pair;68;70;267;390;3598;100;2,05;4,85;163,34;5,89;58,59;63,59;182,85;176,12
2;Syngovia;state;69;59;227;16;155;100;2,13;2,9;0;0,42;65,59;65,59;5,86;5,44
2;Syngovia;transition;69;59;227;126;226;100;2,63;17,96;0;1,97;70,59;71,59;23,38;22,56
2;Syngovia;pair;69;59;227;320;2939;100;2,04;4,17;113,72;5,31;89,59;93,59;130,64;125,24
2;Syngovia;state;70;63;231;16;219;100;2,15;3,32;0;0,58;95,59;96,59;6,54;6,05
2;Syngovia;transition;70;63;231;126;230;100;2,48;30,56;0;2,78;100,59;102,59;36,87;35,82
2;Syngovia;pair;70;63;231;313;4142;100;2,16;4,37;200,45;6,23;122,59;128,59;220,27;213,22
2;Syngovia;state;71;63;231;16;219;100;2,4;3,11;0;0,52;130,59;130,59;6,56;6,03
2;Syngovia;transition;71;63;231;126;230;100;2,19;27,37;0;2,55;135,59;137,59;32,89;32,11
2;Syngovia;pair;71;63;231;313;4142;100;2,11;4,09;220,34;8,16;157,59;162,59;241,46;234,69
2;Syngovia;state;72;74;273;18;184;100;3,04;3,96;0;0,57;164,59;165,59;8,09;7,57
2;Syngovia;transition;72;74;273;156;272;100;3,07;26,02;0;3,47;170,59;171,59;33,56;32,56
2;Syngovia;pair;72;74;273;448;4211;100;3,03;6,76;238,77;7,54;201,59;207,59;264,36;256,11
2;Syngovia;state;73;74;271;18;252;100;2,3;2,89;0;0,4;209,59;209,59;6,09;5,6
2;Syngovia;transition;73;74;271;156;270;100;2,27;37,88;0;3,6;215,59;217,59;44,76;43,75
2;Syngovia;pair;73;74;271;387;5108;100;2,66;26,06;424,15;6,6;221,13;40,13;467,05;459,47
2;Syngovia;state;74;74;272;18;184;100;2,6;3,15;0;0,43;42,13;42,13;6,67;6,17
2;Syngovia;transition;74;74;272;155;271;100;2,17;21,5;0;2,94;47,13;49,13;27,51;26,61
2;Syngovia;pair;74;74;272;446;4180;100;2,53;6,51;226,2;7,75;78,13;84,13;250,96;242,99
2;Syngovia;state;75;74;270;18;252;100;3,43;3,97;0;0,49;86,13;86,13;8,55;7,9
2;Syngovia;transition;75;74;270;155;269;100;3,19;46,4;0;3,75;92,13;94,13;55,62;53,34
2;Syngovia;pair;75;74;270;384;5068;100;2,77;6,4;347,9;6,14;120,13;127,13;370,47;363,21
2;Syngovia;state;76;70;268;18;180;100;2,23;3,17;0;0,46;129,13;129,13;6,37;5,86
2;Syngovia;transition;76;70;268;157;267;100;2,41;23,92;0;2,56;134,13;136,13;29,76;28,89
2;Syngovia;pair;76;70;268;392;3619;100;3,08;5,64;172,67;7,88;160,13;166,13;196,79;189,27
2;Syngovia;state;77;70;264;18;180;100;2,57;3,89;0;0,53;167,13;168,13;7,48;7
2;Syngovia;transition;77;70;264;153;263;100;2,7;27,2;0;3,48;173,13;174,13;34,31;33,37
2;Syngovia;pair;77;70;264;382;3517;100;2,79;6,28;165,66;6,31;197,13;203,13;188,16;181,04
2;Syngovia;state;78;74;273;18;184;100;2,76;3,68;0;0,57;205,13;205,13;7,56;7,01
2;Syngovia;transition;78;74;273;156;272;100;2,9;26,7;0;4,25;210,13;212,13;35,13;33,85
2;Syngovia;pair;78;74;273;445;4205;100;3,69;8,71;240,22;6,71;222,13;35,68;267,57;259,33
2;Syngovia;state;79;70;277;18;180;100;2,75;3,45;0;0,53;37,68;37,68;7,2;6,73
2;Syngovia;transition;79;70;277;166;276;100;2,57;24,24;0;2,46;43,68;44,68;30,04;29,27
2;Syngovia;pair;79;70;277;424;3872;100;2,85;5,84;189,47;6,56;71,68;77,68;211,48;204,72
2;Syngovia;state;80;70;277;18;180;100;2,61;3,42;0;0,49;79,68;79,68;7,05;6,52
2;Syngovia;transition;80;70;277;166;276;100;2,74;24,85;0;2,89;85,68;86,68;31,48;30,48
2;Syngovia;pair;80;70;277;424;3872;100;2,79;7,31;211,53;8,01;113,68;119,68;238,25;229,63
2;Syngovia;state;81;74;282;18;252;100;2,64;2,7;0;0,35;121,68;121,68;5,99;5,69
2;Syngovia;transition;81;74;282;167;281;100;2,89;58,2;0;4,72;127,68;130,68;66,98;65,81
2;Syngovia;pair;81;74;282;421;5565;100;3,28;6,31;384,77;10,25;159,68;167,68;413,08;404,62
2;Syngovia;state;82;74;269;18;252;100;2,58;3,31;0;0,54;169,68;169,68;6,88;6,43
2;Syngovia;transition;82;74;269;154;268;100;2,57;37;0;4,53;175,68;177,68;45,08;44,1
2;Syngovia;pair;82;74;269;381;5028;100;2,9;6,54;303,55;8,74;203,68;210,68;330,04;321,74
2;Syngovia;state;83;59;227;16;155;100;2,19;2,72;0;0,4;212,68;212,68;5,71;5,31
2;Syngovia;transition;83;59;227;126;226;100;2,25;15,22;0;1,96;216,68;217,68;20,12;19,43
2;Syngovia;pair;83;59;227;320;2939;100;1,82;5,57;85,81;4,31;220,96;28,96;102,34;97,51
2;Syngovia;state;84;74;268;18;252;100;2,15;3,19;0;0,5;30,96;30,96;6,47;5,84
2;Syngovia;transition;84;74;268;153;267;100;2,55;39,33;0;3,24;36,96;38,96;46,18;45,12
2;Syngovia;pair;84;74;268;378;4988;100;2,77;4,66;301,43;8,17;64,96;71,96;324,38;317,04
2;Syngovia;state;85;74;274;18;184;100;2,48;3,19;0;0,36;73,96;73,96;6,46;6,03
2;Syngovia;transition;85;74;274;157;273;100;2,38;25,44;0;3,74;78,96;80,96;32,78;31,56
2;Syngovia;pair;85;74;274;448;4227;100;3,21;6,07;207,09;6,53;109,96;115,96;229,48;222,89
2;Syngovia;state;86;74;270;18;252;100;2,04;3,23;0;0,39;117,96;118,96;5,98;5,67
2;Syngovia;transition;86;74;270;155;269;100;2,02;39;0;3,19;124,96;126,96;45,29;44,21
2;Syngovia;pair;86;74;270;384;5071;100;2,56;4,69;290,68;5,48;151,96;159,96;309,14;303,42
2;Syngovia;state;87;70;268;18;180;100;2,16;2,7;0;0,3;161,96;161,96;5,5;5,15
2;Syngovia;transition;87;70;268;157;267;100;1,63;17,67;0;1,95;166,96;168,96;22,02;21,24
2;Syngovia;pair;87;70;268;392;3619;100;1,94;4,15;155,83;7,92;192,96;197,96;176,95;169,84
2;Syngovia;state;88;74;273;18;252;100;3,52;3,95;0;0,59;199,96;199,96;8,54;8,07
2;Syngovia;transition;88;74;273;158;272;100;3,02;49,59;0;3,03;205,96;208,96;56,72;55,64
2;Syngovia;pair;88;74;273;394;5202;100;2,29;5,02;256,41;7,29;221,99;31,99;277,86;271,01
2;Syngovia;state;89;74;283;18;184;100;2,03;2,72;0;0,35;33,99;33,99;5,48;5,09
2;Syngovia;transition;89;74;283;166;282;100;2,29;21,15;0;2,6;39,99;40,99;26,85;26,05
2;Syngovia;pair;89;74;283;474;4484;100;2,39;5,42;219,61;6,82;72,99;79,99;240,85;234,24
2;Syngovia;state;90;74;273;18;252;100;2,38;3,03;0;0,54;81,99;81,99;6,3;5,95
2;Syngovia;transition;90;74;273;158;272;100;2,4;38,59;0;3,5;87,99;89,99;45,36;44,48
2;Syngovia;pair;90;74;273;394;5202;100;2,18;3,92;260,06;6,42;116,99;123,99;278,7;272,57
2;Syngovia;state;91;74;279;18;252;100;2,09;2,99;0;0,36;125,99;126,99;5,82;5,44
2;Syngovia;transition;91;74;279;164;278;100;2,49;38,32;0;3,28;132,99;134,99;45,01;44,09
2;Syngovia;pair;91;74;279;411;5440;100;2,28;4,77;339,09;7,22;163,99;171,99;360,47;353,35
2;Syngovia;state;92;70;267;18;180;100;2,13;3,06;0;0,5;172,99;173,99;6,21;5,7
2;Syngovia;transition;92;70;267;156;266;100;2,22;20,38;0;2,42;178,99;179,99;25,87;25,02
2;Syngovia;pair;92;70;267;390;3598;100;2,49;6,59;186,13;5,34;203,99;209,99;206,6;200,54
2;Syngovia;state;93;74;279;18;252;100;2,48;3,35;0;0,39;211,99;211,99;6,74;6,21
2;Syngovia;transition;93;74;279;164;278;100;2,3;41,47;0;24,99;217,99;220,99;69,68;68,76
2;Syngovia;pair;93;74;279;411;5440;100;2,49;4,84;292,18;9,57;36,94;44,94;316,85;309,08
2;Syngovia;state;94;70;276;18;180;100;2,95;3,81;0;0,55;46,94;46,94;7,78;7,31
2;Syngovia;transition;94;70;276;165;275;100;2,82;26,77;0;3,42;52,94;53,94;34,06;33
2;Syngovia;pair;94;70;276;422;3849;100;3,04;6,88;180,29;5,38;80,94;85,94;201,77;195,59
2;Syngovia;state;95;74;270;18;252;100;2,01;2,36;0;0,43;87,94;88,94;5,12;4,8
2;Syngovia;transition;95;74;270;155;269;100;2,04;32,29;0;2,63;94,94;96,94;37,77;36,96
2;Syngovia;pair;95;74;270;384;5071;100;2,5;5,49;300,08;7,33;122,94;129,94;322,36;315,41
2;Syngovia;state;96;63;231;16;219;100;1,85;2,67;0;0,38;131,94;131,94;5,27;4,9
2;Syngovia;transition;96;63;231;126;230;100;1,83;22,83;0;2,18;136,94;137,94;27,6;26,84
2;Syngovia;pair;96;63;231;313;4142;100;1,71;2,89;183,78;6,67;157,94;163,94;200,7;195,06
2;Syngovia;state;97;63;231;16;219;100;2,15;2,86;0;0,5;165,94;165,94;6,09;5,51
2;Syngovia;transition;97;63;231;126;230;100;2,22;22,59;0;2,23;170,94;172,94;27,81;27,04
2;Syngovia;pair;97;63;231;313;4142;100;1,84;3,06;164,06;6,71;192,94;198,94;180,93;175,67
2;Syngovia;state;98;63;231;16;219;100;1,6;2,38;0;0,34;199,94;200,94;4,73;4,32
2;Syngovia;transition;98;63;231;126;230;100;1,71;21,99;0;1,98;205,94;206,94;26,45;25,67
2;Syngovia;pair;98;63;231;313;4142;100;1,84;2,51;154,7;5,11;222,09;22,09;169,28;164,16
2;Syngovia;state;99;74;270;18;252;100;2,49;2,94;0;0,46;24,09;24,09;6,43;5,89
2;Syngovia;transition;99;74;270;155;269;100;2,24;41,73;0;3,5;30,09;32,09;48,51;47,47
2;Syngovia;pair;99;74;270;384;5068;100;2,45;4,4;299,3;5,78;58,09;65,09;318,43;311,93
2;Syngovia;state;100;70;266;18;180;100;2,06;2,73;0;0,39;67,09;68,09;5,6;5,18
2;Syngovia;transition;100;70;266;155;265;100;2,08;17,65;0;2;73,09;74,09;22,44;21,73
2;Syngovia;pair;100;70;266;387;3566;100;2,21;3,57;144,78;5,26;98,09;103,09;161,83;155,82
2;Syngovia;state;101;59;227;16;155;100;2,01;2,47;0;0,3;105,09;105,09;5,17;4,78
2;Syngovia;transition;101;59;227;126;226;100;1,73;12,42;0;1,88;109,09;111,09;16,78;16,03
2;Syngovia;pair;101;59;227;320;2939;100;1,72;2,69;92,53;4,25;129,09;133,09;105,69;101,19
2;Syngovia;state;102;74;273;18;184;100;2,36;2,87;0;0,52;135,09;136,09;6,18;5,75
2;Syngovia;transition;102;74;273;156;272;100;2,51;21,26;0;2,52;141,09;143,09;27,12;26,28
2;Syngovia;pair;102;74;273;445;4205;100;2,77;6,16;233,63;9,21;172,09;178,09;260,62;251,77
2;Syngovia;state;103;63;231;16;219;100;2,59;3,06;0;0,5;180,09;180,09;6,78;6,15
2;Syngovia;transition;103;63;231;126;230;100;2,56;29,97;0;2,75;185,09;187,09;35,93;35,27
2;Syngovia;pair;103;63;231;313;4142;100;2,19;3,77;197,13;6,34;206,09;212,09;215,86;209,43
2;Syngovia;state;104;74;274;18;184;100;2,65;3,31;0;0,43;214,09;215,09;6,78;6,38
2;Syngovia;transition;104;74;274;157;273;100;2,43;21,75;0;4,18;220,09;221,09;29,34;28,37
2;Syngovia;pair;104;74;274;450;4239;100;2,36;5,04;192,15;6,35;38,87;44,87;212,03;205,89
2;Syngovia;state;105;63;231;16;219;100;1,99;2,46;0;0,33;46,87;46,87;5,09;4,77
2;Syngovia;transition;105;63;231;126;230;100;1,82;21,46;0;2,15;51,87;53,87;26,16;25,43
2;Syngovia;pair;105;63;231;313;4142;100;1,67;2,98;196,73;6,89;73,87;79,87;214,57;208,27
2;Syngovia;state;106;63;235;16;159;100;2,69;3,21;0;0,38;81,87;81,87;6,67;6,27
2;Syngovia;transition;106;63;235;130;234;100;2,69;20,98;0;3,05;85,87;87,87;27,51;26,71
2;Syngovia;pair;106;63;235;372;3509;100;2,37;4,95;152,61;7,41;109,87;114,87;173,8;167,34
2;Syngovia;state;107;63;231;16;219;100;2,64;3,21;0;0,52;116,87;116,87;6,74;6,37
2;Syngovia;transition;107;63;231;126;230;100;2,55;28,79;0;3,48;121,87;123,87;35,67;34,82
2;Syngovia;pair;107;63;231;313;4142;100;2,6;4,57;200,78;8,17;143,87;149,87;223,09;216,13
2;Syngovia;state;108;59;227;16;155;100;2,45;2,99;0;0,45;151,87;151,87;6,28;5,89
2;Syngovia;transition;108;59;227;126;226;100;2,36;15,84;0;1,94;155,87;156,87;20,83;20,14
2;Syngovia;pair;108;59;227;320;2939;100;2,37;4,46;112,05;5,04;175,87;179,87;130,04;123,91
2;Syngovia;state;109;63;231;16;219;100;2,25;3,12;0;0,47;181,87;181,87;6,21;5,83
2;Syngovia;transition;109;63;231;126;230;100;2,26;31,85;0;3,2;186,87;188,87;38,17;37,31
2;Syngovia;pair;109;63;231;313;4142;100;2,39;4,11;194,88;5,79;208,87;214,87;212,67;207,16
2;Syngovia;state;110;70;266;18;180;100;2,8;3,53;0;0,51;215,87;216,87;7,32;6,85
2;Syngovia;transition;110;70;266;155;265;100;2,68;35,47;0;3,12;221,04;11,04;42,14;41,28
2;Syngovia;pair;110;70;266;387;3570;100;2,89;6,13;185,74;5,24;35,04;40,04;206,73;199,99
2;Syngovia;state;111;74;269;18;252;100;2,06;2,61;0;0,41;42,04;43,04;5,37;5,08
2;Syngovia;transition;111;74;269;154;268;100;2,05;33,27;0;2,91;49,04;51,04;39,05;38,23
2;Syngovia;pair;111;74;269;381;5028;100;2,28;5,3;305,05;5,58;76,04;83,04;323,86;318,2
2;Syngovia;state;112;59;227;16;155;100;1,82;2,31;0;0,35;85,04;85,04;4,82;4,49
2;Syngovia;transition;112;59;227;126;226;100;1,66;12,78;0;1,5;90,04;91,04;16,54;15,94
2;Syngovia;pair;112;59;227;320;2939;100;1,74;3,82;92,54;5,28;109,04;113,04;108,82;103,37
2;Syngovia;state;113;70;266;18;180;100;2,51;3,07;0;0,38;115,04;116,04;6,29;5,95
2;Syngovia;transition;113;70;266;155;265;100;1,95;18,9;0;1,97;121,04;122,04;23,4;22,82
2;Syngovia;pair;113;70;266;387;3570;100;1,95;3,89;121,29;6,13;146,04;151,04;139,09;133,25
2;Syngovia;state;114;59;227;16;155;100;2,01;2,21;0;0,42;153,04;153,04;4,97;4,64
2;Syngovia;transition;114;59;227;126;226;100;1,84;13,88;0;1,96;158,04;159,04;18,35;17,68
2;Syngovia;pair;114;59;227;320;2939;100;1,97;3,01;85,76;4,32;177,04;182,04;99,7;95,07
2;Syngovia;state;115;70;274;18;180;100;2,32;2,78;0;0,39;183,04;184,04;5,78;5,48
2;Syngovia;transition;115;70;274;163;273;100;2,42;21,3;0;2,46;189,04;191,04;26,85;26,18
2;Syngovia;pair;115;70;274;413;3790;100;2,12;4,44;152,33;8,81;217,04;221,04;173,82;167,7
2;Syngovia;state;116;70;266;18;180;100;3,24;3,35;0;0,48;11,72;11,72;7,41;7,08
2;Syngovia;transition;116;70;266;155;265;100;2,36;20,91;0;2,19;17,72;18,72;26,22;25,46
2;Syngovia;pair;116;70;266;387;3570;100;1,72;4,54;152,07;5,2;42,72;47,72;169,31;163,52
2;Syngovia;state;117;74;274;18;184;100;2,8;3,6;0;0,63;49,72;49,72;7,45;7,04
2;Syngovia;transition;117;74;274;157;273;100;3,06;28,27;0;3,48;55,72;56,72;35,71;34,81
2;Syngovia;pair;117;74;274;449;4233;100;2,73;4,18;186,88;5,95;86,72;92,72;206,13;199,74
2;Syngovia;state;118;74;268;18;252;100;2,24;2,81;0;0,43;94,72;94,72;5,81;5,49
2;Syngovia;transition;118;74;268;153;267;100;2,58;38;0;2,59;100,72;102,72;43,85;43,18
2;Syngovia;pair;118;74;268;378;4988;100;2,24;3,83;316,3;8,18;127,72;134,72;336,93;330,56
2;Syngovia;state;119;70;275;18;180;100;2,64;3,42;0;0,48;136,72;137,72;6,9;6,54
2;Syngovia;transition;119;70;275;164;274;100;2,45;19,7;0;2,1;142,72;144,72;24,89;24,25
2;Syngovia;pair;119;70;275;418;3820;100;2,04;3,97;177,43;6,64;170,72;176,72;196,26;190,07
2;Syngovia;state;120;70;275;18;180;100;2,39;2,71;0;0,36;177,72;178,72;5,76;5,45
2;Syngovia;transition;120;70;275;164;274;100;2,9;28,94;0;4,05;183,72;185,72;36,84;35,9
2;Syngovia;pair;120;70;275;418;3820;100;3,45;7;176,86;6,05;211,72;217,72;200,4;193,35
2;Syngovia;state;121;59;227;16;155;100;1,75;2,26;0;0,34;218,72;219,72;4,61;4,34
2;Syngovia;transition;121;59;227;129;226;100;1,8;24,08;0;2,62;220,72;12,63;29,15;28,5
2;Syngovia;pair;121;59;227;320;2939;100;2,25;4,28;98,27;3,5;30,63;35,63;112,75;108,3
2;Syngovia;state;122;63;231;16;219;100;1,5;1,72;0;0,31;37,63;37,63;3,76;3,53
2;Syngovia;transition;122;63;231;126;230;100;1,37;20,16;0;1,99;42,63;43,63;24,12;23,51
2;Syngovia;pair;122;63;231;313;4142;100;1,76;3,04;163,95;5,44;63,63;69,63;178,39;174,18
2;Syngovia;state;123;74;283;18;184;100;2,68;2,99;0;0,32;71,63;71,63;6,29;5,98
2;Syngovia;transition;123;74;283;166;282;100;2,07;19,59;0;2,1;77,63;79,63;24,35;23,77
2;Syngovia;pair;123;74;283;474;4475;100;2,11;4,28;198,83;7,62;111,63;117,63;219,91;212,84
2;Syngovia;state;124;74;271;18;184;100;2,66;3,05;0;0,42;119,63;119,63;6,44;6,13
2;Syngovia;transition;124;74;271;154;270;100;2,42;19,77;0;2,71;125,63;126,63;25,75;24,9
2;Syngovia;pair;124;74;271;442;4159;100;2,23;4,68;188,25;7,22;155,63;161,63;209,07;202,39
2;Syngovia;state;125;59;227;16;155;100;2,28;2,94;0;0,39;163,63;163,63;6,01;5,61
2;Syngovia;transition;125;59;227;129;226;100;1,89;17,28;0;2,56;167,63;169,63;22,52;21,73
2;Syngovia;pair;125;59;227;320;2939;100;2,04;3,88;116,89;3,49;187,63;191,63;130,52;126,3
2;Syngovia;state;126;70;267;18;180;100;1,89;2,39;0;0,35;193,63;193,63;4,96;4,64
2;Syngovia;transition;126;70;267;156;266;100;2,12;17,94;0;2,34;199,63;200,63;23,1;22,4
2;Syngovia;pair;126;70;267;390;3598;100;2,11;4,1;145,64;4,73;222,21;19,21;162,06;156,59
2;Syngovia;state;127;63;231;16;219;100;1,69;2,33;0;0,43;21,21;21,21;4,76;4,45
2;Syngovia;transition;127;63;231;126;230;100;1,97;20,15;0;1,99;26,21;28,21;24,82;24,11
2;Syngovia;pair;127;63;231;313;4142;100;1,8;3,09;156,13;6,82;48,21;54,21;173,34;167,85
2;Syngovia;state;128;74;284;18;184;100;2,62;3,23;0;0,47;56,21;56,21;6,64;6,32
2;Syngovia;transition;128;74;284;167;283;100;2,63;24,3;0;3,24;62,21;64,21;30,9;30,17
2;Syngovia;pair;128;74;284;478;4512;100;2,59;6,2;210,62;6,39;96,21;102,21;232,89;225,81
2;Syngovia;state;129;74;270;18;252;100;2,39;2,83;0;0,41;104,21;105,21;5,94;5,63
2;Syngovia;transition;129;74;270;155;269;100;2,29;36,17;0;2,42;111,21;113,21;41,53;40,88
2;Syngovia;pair;129;74;270;384;5068;100;1,92;3,56;265,17;6,55;138,21;146,21;282,49;277,19
2;Syngovia;state;130;74;275;18;184;100;2,55;2,94;0;0,37;148,21;148,21;6,28;5,86
2;Syngovia;transition;130;74;275;158;274;100;2,3;19,59;0;2,49;153,21;155,21;25,19;24,39
2;Syngovia;pair;130;74;275;453;4259;100;2,35;4,69;187,34;5,51;184,21;191,21;205,76;199,88
2;Syngovia;state;131;74;268;18;252;100;2,15;2,42;0;0,44;193,21;193,21;5,3;5
2;Syngovia;transition;131;74;268;153;267;100;2,08;31,14;0;2,61;199,21;201,21;36,43;35,82
2;Syngovia;pair;131;74;268;378;4988;100;1,79;3,57;242,1;4,78;222,21;22,61;258,08;252,25
2;Syngovia;state;132;74;273;18;184;100;1,78;2,58;0;0,39;24,61;24,61;5,09;4,76
2;Syngovia;transition;132;74;273;156;272;100;1,8;17,8;0;1,93;30,61;31,61;22,09;21,53
2;Syngovia;pair;132;74;273;447;4210;100;1,92;4,07;192,42;6,97;60,61;67,61;211,44;205,38
2;Syngovia;state;133;59;227;16;155;100;1,85;2,11;0;0,38;68,61;69,61;4,68;4,34
2;Syngovia;transition;133;59;227;129;226;100;1,52;14,07;0;2,24;73,61;74,61;18,53;17,82
2;Syngovia;pair;133;59;227;320;2939;100;2,11;3;78,52;4,06;92,61;97,61;92,41;87,69
2;Syngovia;state;134;63;235;16;159;100;1,96;1,87;0;0,35;99,61;99,61;4,43;4,17
2;Syngovia;transition;134;63;235;128;234;100;2,42;12,1;0;1,5;103,61;105,61;16,54;16,02
2;Syngovia;pair;134;63;235;372;3509;100;1,74;3,05;127,2;4,62;127,61;132,61;141,43;136,61
2;Syngovia;state;135;70;268;18;180;100;1,7;2,96;0;0,55;134,61;135,61;5,56;5,2
2;Syngovia;transition;135;70;268;157;267;100;2,73;18,67;0;2,17;140,61;141,61;24,31;23,57
2;Syngovia;pair;135;70;268;392;3619;100;2,08;4,01;141,11;7,06;166,61;171,61;160,13;154,27
2;Syngovia;state;136;63;231;16;219;100;2,54;3,23;0;0,5;173,61;173,61;6,65;6,27
2;Syngovia;transition;136;63;231;126;230;100;2,25;21,37;0;2,98;178,61;180,61;27,33;26,61
2;Syngovia;pair;136;63;231;313;4142;100;2,3;5,06;158,88;4,8;200,61;205,61;176,9;171,05
2;Syngovia;state;137;74;278;18;184;100;2,9;2,77;0;0,33;207,61;208,61;6,31;6
2;Syngovia;transition;137;74;278;161;277;100;2,38;25,45;0;3,12;213,61;215,61;31,85;30,95
2;Syngovia;pair;137;74;278;462;4343;100;2,73;4,99;206,86;5,6;220,67;41,67;226,4;220,18
2;Syngovia;state;138;63;235;16;159;100;1,44;1,85;0;0,3;43,67;43,67;3,83;3,58
2;Syngovia;transition;138;63;235;128;234;100;1,42;12,74;0;1,48;47,67;49,67;16,17;15,65
2;Syngovia;pair;138;63;235;372;3509;100;1,77;3,58;107,33;4,31;71,67;76,67;121,72;116,99
2;Syngovia;state;139;74;280;18;184;100;2,09;2,84;0;0,31;78,67;79,67;5,5;5,23
2;Syngovia;transition;139;74;280;163;279;100;1,81;19,27;0;2,13;84,67;86,67;23,77;23,21
2;Syngovia;pair;139;74;280;464;4392;100;2,13;4,71;165,92;5,71;117,67;123,67;184,86;178,47
2;Syngovia;state;140;74;267;18;252;100;1,94;2,42;0;0,34;125,67;125,67;5;4,7
2;Syngovia;transition;140;74;267;152;266;100;2,42;39,57;0;3,33;131,67;133,67;46,22;45,32
2;Syngovia;pair;140;74;267;375;4948;100;2,31;4,45;253,44;6,19;158,67;165,67;272,66;266,39
2;Syngovia;state;141;74;269;18;252;100;2,38;2,85;0;0,46;167,67;168,67;6,02;5,69
2;Syngovia;transition;141;74;269;154;268;100;2,03;36,64;0;2,95;174,67;176,67;42,63;41,63
2;Syngovia;pair;141;74;269;381;5028;100;1,91;4,3;277,19;6,75;201,67;208,67;297,15;290,15
2;Syngovia;state;142;70;276;18;180;100;2,12;2,93;0;0,35;210,67;210,67;5,68;5,4
2;Syngovia;transition;142;70;276;165;275;100;2,41;21,82;0;2,64;216,67;217,67;27,68;26,87
2;Syngovia;pair;142;70;276;421;3846;100;2,6;6,34;177,3;6,24;220,98;38,98;200,2;192,47
2;Syngovia;state;143;74;269;18;252;100;2,61;3,51;0;0,45;40,98;40,98;6,93;6,57
2;Syngovia;transition;143;74;269;154;268;100;2,46;43,84;0;3,28;46,98;48,98;50,54;49,59
2;Syngovia;pair;143;74;269;381;5028;100;2,55;5,21;289,86;7,41;74,98;81,98;312,17;305,03
2;Syngovia;state;144;74;273;18;184;100;2,31;3,11;0;0,45;83,98;83,98;6,21;5,87
2;Syngovia;transition;144;74;273;156;272;100;2,6;18,53;0;2,9;88,98;90,98;24,77;24,03
2;Syngovia;pair;144;74;273;445;4205;100;2,45;6,44;207,81;7,88;119,98;125,98;232,11;224,58
2;Syngovia;state;145;74;281;18;252;100;3,12;3,26;0;0,54;127,98;127,98;7,38;6,92
2;Syngovia;transition;145;74;281;166;280;100;3,01;53,3;0;3,69;134,98;136,98;60,95;60
2;Syngovia;pair;145;74;281;417;5516;100;2,66;5,01;361,75;6,28;165,98;173,98;382,76;375,7
2;Syngovia;state;146;74;277;18;252;100;2,14;2,57;0;0,45;175,98;175,98;5,44;5,16
2;Syngovia;transition;146;74;277;162;276;100;2,24;34,95;0;3,03;181,98;184,98;40,94;40,22
2;Syngovia;pair;146;74;277;405;5360;100;1,73;4,1;311,57;6,75;212,98;219,98;331,34;324,16
2;Syngovia;state;147;63;231;16;219;100;8,31;3,05;0;0,51;9,55;9,55;12,25;11,87
2;Syngovia;transition;147;63;231;126;230;100;2,52;30,89;0;2,48;14,55;16,55;36,68;35,89
2;Syngovia;pair;147;63;231;313;4142;100;2,45;3,92;198,61;7,08;36,55;42,55;218,88;212,06
2;Syngovia;state;148;74;272;18;184;100;2,58;3,16;0;0,51;44,55;44,55;6,56;6,24
2;Syngovia;transition;148;74;272;155;271;100;2,48;23,01;0;2,85;49,55;51,55;29,1;28,34
2;Syngovia;pair;148;74;272;444;4173;100;2,68;4,61;200,58;5,93;80,55;86,55;220,06;213,8
2;Syngovia;state;149;74;273;18;252;100;2,17;2,91;0;0,41;88,55;88,55;5,79;5,49
2;Syngovia;transition;149;74;273;158;272;100;2,13;36,46;0;4,29;94,55;96,55;43,79;42,89
2;Syngovia;pair;149;74;273;394;5202;100;2,46;4,21;309,04;8,76;123,55;130,55;332,43;324,48
2;Syngovia;state;150;74;275;18;184;100;2,68;3,2;0;0,51;132,55;133,55;6,72;6,39
2;Syngovia;transition;150;74;275;158;274;100;2,55;24,09;0;2,9;138,55;140,55;30,45;29,54
2;Syngovia;pair;150;74;275;451;4257;100;2,63;6,12;185,74;8,05;169,55;175,55;209,71;202,54
2;Syngovia;state;151;63;235;16;159;100;2,55;2,92;0;0,32;177,55;177,55;6,13;5,79
2;Syngovia;transition;151;63;235;130;234;100;1,98;15,61;0;1,77;182,55;183,55;20,05;19,37
2;Syngovia;pair;151;63;235;372;3509;100;1,83;3,96;127,51;7,21;206,55;211,55;146,25;140,5
2;Syngovia;state;152;59;227;16;155;100;2,18;2,71;0;0,43;213,55;213,55;5,61;5,31
2;Syngovia;transition;152;59;227;126;226;100;2,1;14,19;0;1,72;217,55;219,55;18,57;18,01
2;Syngovia;pair;152;59;227;320;2939;100;1,69;3,72;96,38;5,1;220,64;29,64;113,8;106,9
2;Syngovia;state;153;59;227;16;155;100;2,19;2,48;0;0,41;31,64;31,64;5,4;5,08
2;Syngovia;transition;153;59;227;129;226;100;1,75;14,23;0;1,65;35,64;37,64;18,13;17,63
2;Syngovia;pair;153;59;227;320;2939;100;1,91;3,48;91,83;4,32;55,64;59,64;106,29;101,54
2;Syngovia;state;154;63;235;16;159;100;1,83;2,43;0;0,3;61,64;61,64;4,81;4,56
2;Syngovia;transition;154;63;235;128;234;100;1,65;14,3;0;2,51;66,64;67,64;19,11;18,46
2;Syngovia;pair;154;63;235;372;3509;100;2;3,44;134,91;7,46;90,64;95,64;153,95;147,81
2;Syngovia;state;155;74;280;18;252;100;2,72;3,47;0;0,63;97,64;97,64;7,16;6,82
2;Syngovia;transition;155;74;280;165;279;100;2,46;34,21;0;2,75;104,64;106,64;40,05;39,42
2;Syngovia;pair;155;74;280;415;5478;100;2,01;4,41;319,64;8,41;135,64;142,64;341,52;334,47
2;Syngovia;state;156;74;275;18;184;100;2,16;2,5;0;0,35;144,64;145,64;5,25;5,01
2;Syngovia;transition;156;74;275;158;274;100;2,1;22,42;0;2,56;150,64;152,64;27,63;27,07
2;Syngovia;pair;156;74;275;454;4266;100;2,38;4,08;176,73;5,62;181,64;188,64;194,93;188,81
2;Syngovia;state;157;63;231;16;219;100;1,77;2,17;0;0,34;189,64;190,64;4,53;4,28
2;Syngovia;transition;157;63;231;126;230;100;1,69;20,55;0;2,07;195,64;196,64;24,93;24,31
2;Syngovia;pair;157;63;231;313;4142;100;1,98;3,44;162,43;8;216,64;220,68;180,7;175,84
2;Syngovia;state;158;63;235;16;159;100;2,22;2,62;0;0,41;12,68;12,68;5,59;5,25
2;Syngovia;transition;158;63;235;128;234;100;2,24;15,68;0;1,82;17,68;18,68;20,39;19,74
2;Syngovia;pair;158;63;235;372;3509;100;1,52;3,56;111,58;4,8;40,68;46,68;126,15;121,47
2;Syngovia;state;159;70;275;18;180;100;2,11;2,12;0;0,31;48,68;48,68;4,77;4,53
2;Syngovia;transition;159;70;275;164;274;100;1,67;17;0;2,13;53,68;55,68;21,4;20,79
2;Syngovia;pair;159;70;275;418;3820;100;2,11;3,93;131,3;4,54;81,68;87,68;146,54;141,89
2;Syngovia;state;160;63;235;16;159;100;1,42;1,79;0;0,26;89,68;89,68;3,67;3,48
2;Syngovia;transition;160;63;235;128;234;100;1,34;11,8;0;1,59;93,68;95,68;15,22;14,74
2;Syngovia;pair;160;63;235;372;3509;100;1,58;2,91;101,33;4,52;117,68;122,68;115,22;110,35
2;Syngovia;state;161;74;275;18;184;100;1,87;2,94;0;0,3;124,68;124,68;5,31;5,11
2;Syngovia;transition;161;74;275;158;274;100;1,72;18,7;0;2,47;130,68;131,68;23,53;22,89
2;Syngovia;pair;161;74;275;454;4261;100;2,14;4,4;167,26;5,38;161,68;167,68;184,44;179,18
2;Syngovia;state;162;74;280;18;252;100;1,91;3,01;0;0,46;169,68;170,68;5,75;5,38
2;Syngovia;transition;162;74;280;165;279;100;2,62;37,93;0;2,94;176,68;178,68;44,25;43,49
2;Syngovia;pair;162;74;280;415;5483;100;2,31;4,6;355,84;8,36;207,68;215,68;378,4;371,1
2;Syngovia;state;163;63;231;16;219;100;2,31;2,56;0;0,44;217,68;217,68;5,64;5,31
2;Syngovia;transition;163;63;231;126;230;100;2;42,89;0;2,33;220,89;12,89;47,93;47,23
2;Syngovia;pair;163;63;231;313;4142;100;1,96;3,74;201,76;6,96;31,89;37,89;220,68;214,42
2;Syngovia;state;164;74;277;18;184;100;2,48;3,17;0;0,49;39,89;40,89;6,5;6,14
2;Syngovia;transition;164;74;277;160;276;100;2,02;21,63;0;2,34;45,89;47,89;26,63;25,99
2;Syngovia;pair;164;74;277;460;4317;100;2,44;4,34;195,33;5,34;77,89;83,89;213,25;207,45
2;Syngovia;state;165;74;274;18;184;100;1,82;3,09;0;0,43;85,89;85,89;5,87;5,34
2;Syngovia;transition;165;74;274;157;273;100;2,18;16,41;0;2,16;91,89;92,89;21,28;20,74
2;Syngovia;pair;165;74;274;449;4228;100;2,04;4,18;187,71;5,44;122,89;128,89;205,48;199,37
2;Syngovia;state;166;70;273;18;180;100;2,29;2,41;0;0,32;130,89;130,89;5,28;5,02
2;Syngovia;transition;166;70;273;162;272;100;2,33;24,08;0;2,18;135,89;137,89;29,37;28,59
2;Syngovia;pair;166;70;273;412;3768;100;2,1;3,65;140,46;5,39;163,89;168,89;156,55;151,6
2;Syngovia;state;167;74;276;18;184;100;2,14;2,77;0;0,34;170,89;171,89;5,52;5,25
2;Syngovia;transition;167;74;276;159;275;100;2,32;21,1;0;2,33;176,89;178,89;26,46;25,76
2;Syngovia;pair;167;74;276;454;4287;100;2,61;5,63;179,64;5,26;208,89;214,89;200,31;193,16
2;Syngovia;state;168;70;264;18;180;100;2,35;2,94;0;0,49;216,89;216,89;6,13;5,78
2;Syngovia;transition;168;70;264;153;263;100;2,31;24,15;0;2,73;220,99;11,99;29,82;29,18
2;Syngovia;pair;168;70;264;382;3517;100;2,59;5,42;136,12;5,95;34,99;39,99;156,06;150,07
2;Syngovia;state;169;63;235;16;159;100;1,96;2,37;0;0,4;41,99;41,99;5,03;4,73
2;Syngovia;transition;169;63;235;128;234;100;2,15;12,49;0;1,43;46,99;47,99;16,57;16,06
2;Syngovia;pair;169;63;235;372;3509;100;1,36;2,84;101,56;5,61;69,99;75,99;116,48;111,38
2;Syngovia;state;170;70;266;18;180;100;1,53;1,85;0;0,41;77,99;77,99;4,08;3,79
2;Syngovia;transition;170;70;266;155;265;100;1,59;15,3;0;2,95;82,99;83,99;20,54;19,83
2;Syngovia;pair;170;70;266;387;3566;100;2,53;3,31;126,51;4,37;107,99;112,99;141,71;136,72
2;Syngovia;state;171;63;235;16;159;100;1,69;2,1;0;0,32;114,99;114,99;4,37;4,11
2;Syngovia;transition;171;63;235;128;234;100;1,79;14,93;0;1,51;119,99;120,99;18,71;18,24
2;Syngovia;pair;171;63;235;372;3509;100;1,68;3;113,44;4,14;143,99;148,99;126,4;122,26
2;Syngovia;state;172;70;268;18;180;100;1,98;2,48;0;0,39;150,99;150,99;5,14;4,84
2;Syngovia;transition;172;70;268;157;267;100;2,01;17,34;0;2,07;155,99;157,99;22,05;21,41
2;Syngovia;pair;172;70;268;393;3626;100;1,98;3,97;144,49;4,68;181,99;187,99;160,55;155,12
2;Syngovia;state;173;74;277;18;252;100;2,04;2,49;0;0,38;189,99;189,99;5,2;4,92
2;Syngovia;transition;173;74;277;162;276;100;2,01;34,32;0;3,04;195,99;197,99;40;39,38
2;Syngovia;pair;173;74;277;405;5360;100;2,22;4,21;256,42;5,75;222,99;23,72;274,87;268,61
2;Syngovia;state;174;74;278;18;252;100;2;2,52;0;0,36;25,72;25,72;5,13;4,89
2;Syngovia;transition;174;74;278;163;277;100;2,06;33,34;0;3,43;31,72;34,72;39,65;38,83
2;Syngovia;pair;174;74;278;409;5411;100;2,39;4,82;263,04;5,97;62,72;70,72;282,87;276,23
2;Syngovia;state;175;74;279;18;252;100;2,04;2,35;0;0,37;72,72;72,72;4,97;4,76
2;Syngovia;transition;175;74;279;164;278;100;1,99;32,81;0;2,46;78,72;80,72;37,85;37,26
2;Syngovia;pair;175;74;279;411;5440;100;2,14;3,76;297,17;6,21;109,72;117,72;315,31;309,28
2;Syngovia;state;176;59;227;16;155;100;1,79;2,24;0;0,26;119,72;119,72;4,51;4,3
2;Syngovia;transition;176;59;227;126;226;100;1,63;12,13;0;1,68;123,72;124,72;15,96;15,45
2;Syngovia;pair;176;59;227;320;2939;100;1,69;2,89;80,63;5,77;143,72;147,72;95,79;90,98
2;Syngovia;state;177;74;272;18;252;100;2,52;2,89;0;0,38;149,72;149,72;6,08;5,78
2;Syngovia;transition;177;74;272;157;271;100;1,94;33,35;0;2,55;155,72;157,72;38,45;37,84
2;Syngovia;pair;177;74;272;391;5162;100;1,96;3,75;262,43;5,65;184,72;191,72;279,95;273,79
2;Syngovia;state;178;63;235;16;159;100;1,7;1,92;0;0,29;193,72;193,72;4,16;3,91
2;Syngovia;transition;178;63;235;128;234;100;1,8;12,46;0;1,79;198,72;199,72;16,72;16,05
2;Syngovia;pair;178;63;235;372;3509;100;1,76;3,76;123,5;4,31;221,38;17,38;138,21;133,33
2;Syngovia;state;179;70;279;18;180;100;2,05;2,62;0;0,31;19,38;19,38;5,23;4,98
2;Syngovia;transition;179;70;279;168;278;100;2,29;17,86;0;2,11;25,38;26,38;22,8;22,26
2;Syngovia;pair;179;70;279;431;3935;100;1,89;6,14;179,47;6,57;54,38;60,38;200,33;194,08
2;Syngovia;state;180;70;263;18;180;100;2,07;2,58;0;0,39;61,38;62,38;5,33;5,04
2;Syngovia;transition;180;70;263;152;262;100;2,37;20,48;0;2,42;67,38;68,38;26,01;25,27
2;Syngovia;pair;180;70;263;378;3485;100;2,73;6,52;193,82;8,24;91,38;96,38;219,05;211,32
2;Syngovia;state;181;63;231;16;219;100;2,58;3,21;0;0,57;98,38;98,38;6,76;6,35
2;Syngovia;transition;181;63;231;126;230;100;2,56;33;0;3,66;103,38;105,38;40,02;39,22
2;Syngovia;pair;181;63;231;313;4142;100;2,7;5,02;247,39;6,77;125,38;131,38;268,28;261,88
2;Syngovia;state;182;74;284;18;184;100;2,87;3,38;0;0,52;133,38;133,38;7,08;6,77
2;Syngovia;transition;182;74;284;167;283;100;2,77;27,12;0;3,21;139,38;140,38;34,08;33,1
2;Syngovia;pair;182;74;284;478;4508;100;2,83;5,95;203,22;7,16;173,38;179,38;226,61;219,16
2;Syngovia;state;183;70;264;18;180;100;2,33;3,04;0;0,51;181,38;181,38;6,26;5,88
2;Syngovia;transition;183;70;264;153;263;100;2,56;21,01;0;2,62;186,38;188,38;26,79;26,18
2;Syngovia;pair;183;70;264;382;3517;100;2,42;4,8;136,28;5,38;211,38;216,38;154,8;148,89
2;Syngovia;state;184;59;227;16;155;100;2,22;2,66;0;0,29;218,38;218,38;5,45;5,17
2;Syngovia;transition;184;59;227;129;226;100;2,28;17,36;0;2,1;221,38;11,93;22,44;21,73
2;Syngovia;pair;184;59;227;320;2939;100;2,39;2,7;89,7;4,85;29,93;34,93;105,34;99,64
2;Syngovia;state;185;74;271;18;252;100;2,46;2,91;0;0,53;36,93;36,93;6,25;5,9
2;Syngovia;transition;185;74;271;156;270;100;2,45;43,98;0;3,76;42,93;44,93;51,15;50,19
2;Syngovia;pair;185;74;271;387;5108;100;2,67;5,62;322,99;7,83;70,93;77,93;346,02;339,1
2;Syngovia;state;186;59;227;16;155;100;2,23;2,98;0;0,41;79,93;79,93;5,97;5,63
2;Syngovia;transition;186;59;227;126;226;100;2,46;17,73;0;2,2;83,93;85,93;23,01;22,39
2;Syngovia;pair;186;59;227;320;2939;100;2,23;5,25;114,04;5,69;103,93;107,93;133,58;127,22
2;Syngovia;state;187;70;273;18;180;100;2,52;3,06;0;0,6;109,93;110,93;6,56;6,19
2;Syngovia;transition;187;70;273;162;272;100;2,63;23,86;0;3,14;115,93;116,93;30,49;29,63
2;Syngovia;pair;187;70;273;412;3768;100;2,68;5,83;177,61;6,92;142,93;148,93;200,61;193,04
2;Syngovia;state;188;74;283;18;184;100;3,02;3,23;0;0,43;150,93;150,93;7,01;6,68
2;Syngovia;transition;188;74;283;166;282;100;2,79;25,78;0;2,77;156,93;157,93;32,06;31,35
2;Syngovia;pair;188;74;283;474;4475;100;2,78;7,02;231,42;5,74;189,93;196,93;253,55;246,96
2;Syngovia;state;189;74;274;18;184;100;1,77;2,82;0;0,45;198,93;198,93;5,36;5,05
2;Syngovia;transition;189;74;274;157;273;100;2,27;18,88;0;2,79;203,93;205,93;24,63;23,93
2;Syngovia;pair;189;74;274;449;4228;100;2,48;4,95;197,4;7,52;222;30;219,61;212,35
2;Syngovia;state;190;74;267;18;252;100;2,52;3,27;0;0,46;32;33;6,59;6,26
2;Syngovia;transition;190;74;267;152;266;100;2,63;45,99;0;4,24;38;40;53,81;52,87
2;Syngovia;pair;190;74;267;375;4948;100;2,87;5,69;346,57;7,99;65;72;371,01;363,12
2;Syngovia;state;191;70;273;18;180;100;2,6;2,97;0;0,46;74;75;6,36;6,03
2;Syngovia;transition;191;70;273;162;272;100;2,42;24,42;0;3,15;80;82;30,78;30
2;Syngovia;pair;191;70;273;413;3769;100;2,4;5,83;181,05;7,73;107;113;203,99;197,01
2;Syngovia;state;192;74;275;18;184;100;2,72;3,41;0;0,5;115;115;6,94;6,63
2;Syngovia;transition;192;74;275;158;274;100;2,73;24,02;0;3,28;120;122;30,86;30,03
2;Syngovia;pair;192;74;275;454;4261;100;2,75;6,32;232,78;8,79;152;158;258,23;250,63
2;Syngovia;state;193;70;266;18;180;100;2,85;3,66;0;0,39;160;160;7,27;6,9
2;Syngovia;transition;193;70;266;155;265;100;2,75;26,54;0;3,35;165;167;33,43;32,64
2;Syngovia;pair;193;70;266;387;3566;100;2,79;5,21;202,69;8,6;190;196;227,04;219,29
2;Syngovia;state;194;59;227;16;155;100;2,29;2,64;0;0,53;197;198;5,83;5,47
2;Syngovia;transition;194;59;227;126;226;100;1,98;16,64;0;2,41;202;203;21,67;21,03
2;Syngovia;pair;194;59;227;320;2939;100;2,5;3,65;122,56;6,78;221,48;14,48;142,15;135,49
2;Syngovia;state;195;74;283;18;184;100;3,32;4,16;0;0,58;16,48;16,48;8,41;8,06
2;Syngovia;transition;195;74;283;166;282;100;3,17;31,94;0;3,97;22,48;23,48;40,18;39,08
2;Syngovia;pair;195;74;283;473;4479;100;3,34;7,5;244,11;7,91;55,48;62,48;269,79;262,86
2;Syngovia;state;196;70;264;18;180;100;2,48;2,54;0;0,32;64,48;64,48;5,66;5,34
2;Syngovia;transition;196;70;264;153;263;100;1,85;18,51;0;3,43;69,48;70,48;24,65;23,79
2;Syngovia;pair;196;70;264;382;3517;100;2,5;4,62;150,25;5,69;94,48;99,48;169,3;163,06
2;Syngovia;state;197;74;279;18;252;100;2,73;3,5;0;0,53;101,48;101,48;7,18;6,76
2;Syngovia;transition;197;74;279;164;278;100;2,99;48;0;3,78;107,48;110,48;55,62;54,77
2;Syngovia;pair;197;74;279;412;5451;100;2,8;5,23;394,09;7,95;138,48;146,48;418,06;410,08
2;Syngovia;state;198;63;235;16;159;100;2,16;2,38;0;0,29;148,48;148,48;5,07;4,83
2;Syngovia;transition;198;63;235;130;234;100;1,98;14,96;0;2,26;153,48;154,48;19,82;19,21
2;Syngovia;pair;198;63;235;372;3509;100;2,3;4,42;146,93;7,41;177,48;182,48;167,13;161,06
2;Syngovia;state;199;74;284;18;184;100;2,88;3,52;0;0,52;184,48;184,48;7,24;6,92
2;Syngovia;transition;199;74;284;167;283;100;2,86;27,69;0;3,62;190,48;191,48;34,9;34,17
2;Syngovia;pair;199;74;284;479;4505;100;2,89;6,96;267,45;9,71;223,48;19,73;295,17;287,01
2;Syngovia;state;200;63;231;16;219;100;2,46;3,32;0;0,5;21,73;21,73;6,63;6,28
2;Syngovia;transition;200;63;231;126;230;100;2,51;31,76;0;3,27;26,73;28,73;38,4;37,55
2;Syngovia;pair;200;63;231;313;4142;100;2,51;5,12;226,85;4,79;48,73;54,73;245,09;239,27
2;Syngovia;state;201;74;273;18;184;100;2,28;3,4;0;0,5;56,73;56,73;6,51;6,18
2;Syngovia;transition;201;74;273;156;272;100;2,56;23,7;0;3,13;61,73;63,73;30,12;29,4
2;Syngovia;pair;201;74;273;447;4207;100;2,66;6,16;221,93;9,1;92,73;98,73;247,35;239,85
2;Syngovia;state;202;70;276;18;180;100;3,52;3,76;0;0,39;100,73;100,73;8,02;7,67
2;Syngovia;transition;202;70;276;165;275;100;2,61;26,54;0;3,14;106,73;107,73;33,13;32,29
2;Syngovia;pair;202;70;276;421;3846;100;2,97;7,28;186,04;8,06;134,73;140,73;212,64;204,34
2;Syngovia;state;203;74;275;18;184;100;3,03;3,64;0;0,52;142,73;142,73;7,62;7,19
2;Syngovia;transition;203;74;275;158;274;100;2,64;22,4;0;2,5;147,73;149,73;28,19;27,54
2;Syngovia;pair;203;74;275;449;4257;100;2,58;6,04;226,91;10,36;178,73;185,73;253,73;245,89
2;Syngovia;state;204;74;269;18;252;100;2,96;3,6;0;0,64;186,73;187,73;7,57;7,2
2;Syngovia;transition;204;74;269;154;268;100;3;49,15;0;4,72;193,73;195,73;57,78;56,86
2;Syngovia;pair;204;74;269;381;5028;100;3,23;5,81;389,33;6,94;221;17;413,13;405,31
2;Syngovia;state;205;74;269;18;252;100;2,67;3,18;0;0,62;19;20;6,88;6,46
2;Syngovia;transition;205;74;269;154;268;100;3,12;44,28;0;2,99;26;28;51,13;50,39
2;Syngovia;pair;205;74;269;381;5028;100;2,38;4,62;282,93;6,73;53;60;303,52;296,65
2;Syngovia;state;206;63;231;16;219;100;2,16;2,62;0;0,42;62;62;5,5;5,2
2;Syngovia;transition;206;63;231;126;230;100;2,27;27,6;0;2,63;67;69;33,18;32,49
2;Syngovia;pair;206;63;231;313;4142;100;2,48;4,1;169,37;4,57;89;95;186,27;180,52
2;Syngovia;state;207;63;235;16;159;100;1,9;2,28;0;0,35;96;97;4,81;4,54
2;Syngovia;transition;207;63;235;128;234;100;1,84;13,15;0;1,98;101;102;17,46;16,97
2;Syngovia;pair;207;63;235;372;3509;100;2,36;3,12;108,36;4,19;125;130;123,53;118,03
2;Syngovia;state;208;74;285;18;184;100;2,97;3,29;0;0,4;132;132;6,94;6,66
2;Syngovia;transition;208;74;285;168;284;100;2,13;23,3;0;2,73;138;140;28,73;28,16
2;Syngovia;pair;208;74;285;483;4538;100;2,78;5,67;228,12;7,48;173;179;251,48;244,06
2;Syngovia;state;209;74;283;18;184;100;2,69;3,2;0;0,38;181;181;6,55;6,27
2;Syngovia;transition;209;74;283;166;282;100;2,31;22,26;0;1,97;187;189;27,07;26,54
2;Syngovia;pair;209;74;283;477;4486;100;2,03;4,88;175,81;5,09;221;16,94;193,52;187,82
2;Syngovia;state;210;74;274;18;184;100;1,79;2,19;0;0,29;18,94;18,94;4,53;4,28
2;Syngovia;transition;210;74;274;157;273;100;2,69;20,01;0;2,03;23,94;25,94;25,39;24,72
2;Syngovia;pair;210;74;274;450;4225;100;2,5;4,51;186,81;6,25;54,94;60,94;206,47;200,08
2;Syngovia;state;211;74;275;18;184;100;2,22;2,91;0;0,4;62,94;62,94;5,9;5,53
2;Syngovia;transition;211;74;275;158;274;100;2,26;20,4;0;1,89;68,94;69,94;25,24;24,56
2;Syngovia;pair;211;74;275;452;4259;100;1,58;3,72;167,11;6,92;99,94;105,94;185,27;179,33
2;Syngovia;state;212;70;270;18;180;100;2,02;2,62;0;0,31;107,94;107,94;5,22;4,95
2;Syngovia;transition;212;70;270;159;269;100;2,49;17,91;0;2,07;113,94;114,94;23,03;22,47
2;Syngovia;pair;212;70;270;401;3678;100;1,99;4,04;148,69;4,39;139,94;144,94;163,77;159,11
2;Syngovia;state;213;74;283;18;184;100;1,85;2,22;0;0,33;146,94;147,94;4,6;4,4
2;Syngovia;transition;213;74;283;166;282;100;1,82;19,73;0;2,28;152,94;154,94;24,42;23,83
2;Syngovia;pair;213;74;283;473;4479;100;2,79;4,24;204,66;6,4;186,94;192,94;224,7;218,09
2;Syngovia;state;214;63;235;16;159;100;2,14;2,62;0;0,27;194,94;194,94;5,31;5,03
2;Syngovia;transition;214;63;235;128;234;100;1,65;14,11;0;1,88;199,94;200,94;18,11;17,64
2;Syngovia;pair;214;63;235;372;3509;100;1,97;3,26;144,36;6,57;221,24;18,24;161,58;156,16
2;Syngovia;state;215;70;274;18;180;100;2,73;3,28;0;0,46;20,24;20,24;6,81;6,47
2;Syngovia;transition;215;70;274;163;273;100;2,61;24,18;0;2,34;25,24;27,24;29,72;29,12
2;Syngovia;pair;215;70;274;414;3789;100;2,18;4,52;173,56;4,96;53,24;58,24;191,08;185,21
2;Syngovia;state;216;74;272;18;184;100;2,13;2,48;0;0,34;60,24;61,24;5,22;4,96
2;Syngovia;transition;216;74;272;155;271;100;2,07;17,8;0;3;66,24;68,24;23,72;22,87
2;Syngovia;pair;216;74;272;443;4176;100;2,37;5,09;187,48;6,07;96,24;102,24;206,61;201,01
2;Syngovia;state;217;74;270;18;252;100;2,14;3,16;0;0,5;104,24;105,24;6,13;5,8
2;Syngovia;transition;217;74;270;155;269;100;2,66;39,01;0;3,1;111,24;113,24;45,47;44,77
2;Syngovia;pair;217;74;270;384;5068;100;2,39;4,15;288,52;5,81;139,24;146,24;307,27;300,87
2;Syngovia;state;218;74;273;18;184;100;1,81;2,43;0;0,42;148,24;148,24;4,92;4,66
2;Syngovia;transition;218;74;273;156;272;100;1,86;16,41;0;1,94;153,24;155,24;20,77;20,21
2;Syngovia;pair;218;74;273;447;4205;100;2,06;4,09;196,48;8,36;184,24;190,24;218,34;211
2;Syngovia;state;219;59;227;16;155;100;2,24;2,76;0;0,38;192,24;192,24;5,68;5,39
2;Syngovia;transition;219;59;227;126;226;100;2,11;16,41;0;2,46;196,24;198,24;21,63;20,98
2;Syngovia;pair;219;59;227;320;2939;100;2,22;4,23;96,63;3,75;216,24;220,24;111,84;106,82
2;Syngovia;state;220;70;266;18;180;100;3,38;2,32;0;0,3;9,7;9,7;6,22;6
2;Syngovia;transition;220;70;266;155;265;100;1,97;17,49;0;1,95;15,7;16,7;21,94;21,42
2;Syngovia;pair;220;70;266;387;3570;100;1,53;3,83;113,84;4,27;40,7;45,7;128,29;123,46
2;Syngovia;state;221;70;267;18;180;100;1,68;1,92;0;0,35;47,7;47,7;4,16;3,96
2;Syngovia;transition;221;70;267;156;266;100;1,7;15,94;0;2,18;52,7;54,7;20,56;19,82
2;Syngovia;pair;221;70;267;389;3591;100;2,12;3,7;118,53;4,22;78,7;83,7;133,51;128,56
2;Syngovia;state;222;74;274;18;184;100;1,93;2,28;0;0,3;85,7;85,7;4,72;4,52
2;Syngovia;transition;222;74;274;157;273;100;2,13;16,08;0;1,86;91,7;92,7;20,58;20,07
2;Syngovia;pair;222;74;274;448;4227;100;1,74;3,62;149,81;5,6;122,7;128,7;166,05;160,77
2;Syngovia;state;223;74;287;18;184;100;2,23;2,61;0;0,39;130,7;130,7;5,45;5,23
2;Syngovia;transition;223;74;287;170;286;100;1,97;19,4;0;2,15;136,7;138,7;24,06;23,52
2;Syngovia;pair;223;74;287;489;4599;100;1,88;5,12;200,1;8,27;171,7;178,7;220,63;215,37
2;Syngovia;state;224;59;227;16;155;100;2,07;2,26;0;0,38;179,7;180,7;4,99;4,71
2;Syngovia;transition;224;59;227;126;226;100;1,68;12,21;0;2,14;184,7;185,7;16,58;16,04
2;Syngovia;pair;224;59;227;320;2939;100;2,09;3,17;81,77;4,03;203,7;208,7;96,69;91,06
2;Syngovia;state;225;63;235;16;159;100;1,74;2,23;0;0,26;210,7;210,7;4,45;4,23
2;Syngovia;transition;225;63;235;128;234;100;1,82;15,46;0;1,99;214,7;216,7;19,82;19,27
2;Syngovia;pair;225;63;235;372;3509;100;2,09;3,46;119,34;4,24;221,4;32,4;134,27;129,14
2;Syngovia;state;226;74;276;18;184;100;2,2;2,4;0;0,31;34,4;35,4;5,13;4,91
2;Syngovia;transition;226;74;276;159;275;100;1,92;19,43;0;2,73;40,4;42,4;24,71;24,08
2;Syngovia;pair;226;74;276;453;4282;100;2,23;4,04;171,57;5,63;71,4;78,4;189,42;183,47
2;Syngovia;state;227;74;280;18;252;100;2,36;3,48;0;0,37;80,4;80,4;6,55;6,22
2;Syngovia;transition;227;74;280;165;279;100;2,03;35,14;0;2,8;86,4;89,4;40,52;39,97
2;Syngovia;pair;227;74;280;415;5483;100;2,22;3,99;294,53;8,3;117,4;125,4;316,4;309,04
2;Syngovia;state;228;59;227;16;155;100;1,66;2,15;0;0,38;127,4;127,4;4,47;4,19
2;Syngovia;transition;228;59;227;126;226;100;1,76;13,51;0;1,59;131,4;133,4;17,41;16,87
2;Syngovia;pair;228;59;227;320;2939;100;2,11;3,23;77,31;5,18;151,4;155,4;92,11;87,83
2;Syngovia;state;229;70;275;18;180;100;2,11;2,65;0;0,33;157,4;157,4;5,37;5,09
2;Syngovia;transition;229;70;275;164;274;100;2,12;21,64;0;2,76;163,4;165,4;27,23;26,52
2;Syngovia;pair;229;70;275;418;3820;100;2,4;4,96;204,18;8,08;191,4;196,4;227,18;219,63
2;Syngovia;state;230;74;272;18;252;100;3,28;3,49;0;0,53;198,4;199,4;7,65;7,3
2;Syngovia;transition;230;74;272;157;271;100;2,89;44,94;0;2,67;205,4;207,4;51,19;50,5
2;Syngovia;pair;230;74;272;390;5156;100;1,99;3,89;268,31;6,35;222,4;30,15;287,25;280,54
2;Syngovia;state;231;74;275;18;184;100;2,1;2,77;0;0,48;32,15;32,15;5,74;5,35
2;Syngovia;transition;231;74;275;158;274;100;2,49;19,56;0;2,04;37,15;39,15;24,72;24,09
2;Syngovia;pair;231;74;275;449;4257;100;2,1;4,77;206;5,49;68,15;75,15;224,33;218,36
2;Syngovia;state;232;63;231;16;219;100;1,66;2,55;0;0,32;76,15;77,15;4,89;4,53
2;Syngovia;transition;232;63;231;126;230;100;1,31;20,88;0;1,83;82,15;83,15;24,52;24,03
2;Syngovia;pair;232;63;231;313;4142;100;1,38;2,63;147,5;4,35;103,15;109,15;160,46;155,86
2;Syngovia;state;233;74;275;18;184;100;2,17;2,57;0;0,34;111,15;111,15;5,38;5,08
2;Syngovia;transition;233;74;275;158;274;100;2,02;17,76;0;2,66;117,15;118,15;23,1;22,44
2;Syngovia;pair;233;74;275;452;4259;100;2,52;5,4;215,46;5,56;148,15;154,15;235,32;228,95
2;Syngovia;state;234;74;273;18;184;100;1,99;2,45;0;0,39;156,15;156,15;5,09;4,82
2;Syngovia;transition;234;74;273;156;272;100;1,79;17,65;0;2,16;162,15;163,15;22,32;21,61
2;Syngovia;pair;234;74;273;445;4205;100;2,02;4,98;221,86;7,47;192,15;199,15;242,91;236,34
2;Syngovia;state;235;74;273;18;184;100;2,53;3,03;0;0,5;200,15;201,15;6,39;6,06
2;Syngovia;transition;235;74;273;156;272;100;2,42;21,81;0;2,86;206,15;208,15;27,79;27,09
2;Syngovia;pair;235;74;273;447;4210;100;2,48;5,78;202,15;5,78;221,15;31,98;222,82;216,18
2;Syngovia;state;236;74;277;18;184;100;2,36;3,09;0;0,4;33,98;33,98;6,16;5,85
2;Syngovia;transition;236;74;277;160;276;100;2,76;24,11;0;2,5;39,98;40,98;30,07;29,37
2;Syngovia;pair;236;74;277;458;4317;100;2,48;4,63;164,6;5,46;71,98;77,98;183,4;177,17
2;Syngovia;state;237;59;227;16;155;100;1,76;2,23;0;0,25;79,98;79,98;4,48;4,25
2;Syngovia;transition;237;59;227;129;226;100;1,68;12,01;0;1,44;83,98;84,98;15,63;15,13
2;Syngovia;pair;237;59;227;320;2939;100;1,82;3,12;85,62;3,8;103,98;107,98;99,12;94,36
2;Syngovia;state;238;59;227;16;155;100;1,81;1,96;0;0,25;109,98;109,98;4,28;4,02
2;Syngovia;transition;238;59;227;126;226;100;1,9;14,34;0;2,2;113,98;115,98;19,1;18,44
2;Syngovia;pair;238;59;227;320;2939;100;1,88;3,68;84,17;5,24;133,98;137,98;100,17;94,97
2;Syngovia;state;239;63;231;16;219;100;2,26;2,51;0;0,45;139,98;139,98;5,59;5,22
2;Syngovia;transition;239;63;231;126;230;100;2,11;28,88;0;2,8;144,98;146,98;34,55;33,79
2;Syngovia;pair;239;63;231;313;4142;100;2,17;4,1;180,36;4,58;166,98;172,98;196,77;191,21
2;Syngovia;state;240;74;286;18;184;100;2,28;3,05;0;0,41;174,98;174,98;6,01;5,74
2;Syngovia;transition;240;74;286;169;285;100;2,12;19,72;0;2,66;180,98;181,98;25,09;24,51
2;Syngovia;pair;240;74;286;486;4567;100;2,19;4,17;223,58;8,19;214,98;220,98;245,16;238,13
2;Syngovia;state;241;74;273;18;184;100;1,85;2,52;0;0,39;11,84;11,84;5,02;4,75
2;Syngovia;transition;241;74;273;156;272;100;2,68;16,4;0;1,84;17,84;18,84;21,46;20,91
2;Syngovia;pair;241;74;273;445;4205;100;1,86;4,1;160,9;6,03;47,84;53,84;178,18;172,89
2;Syngovia;state;242;74;274;18;184;100;2,07;2,36;0;0,42;55,84;56,84;5,17;4,85
2;Syngovia;transition;242;74;274;157;273;100;2,61;17,84;0;2,76;61,84;63,84;23,9;23,21
2;Syngovia;pair;242;74;274;447;4230;100;2,18;4,13;172,06;7,1;92,84;98,84;191,76;185,47
2;Syngovia;state;243;70;266;18;180;100;2,3;3,37;0;0,44;100,84;100,84;6,43;6,11
2;Syngovia;transition;243;70;266;155;265;100;2,53;22,47;0;2,7;105,84;107,84;28,49;27,71
2;Syngovia;pair;243;70;266;387;3570;100;2,14;3,88;131,96;5,18;131,84;136,84;148,78;143,16
2;Syngovia;state;244;74;285;18;184;100;2,14;2,81;0;0,44;138,84;138,84;5,69;5,38
2;Syngovia;transition;244;74;285;168;284;100;2,27;19,86;0;2,23;144,84;146,84;24,91;24,36
2;Syngovia;pair;244;74;285;482;4543;100;2,06;4,25;238,92;5,53;178,84;185,84;257,56;250,76
2;Syngovia;state;245;70;265;18;180;100;1,59;1,86;0;0,29;187,84;187,84;3,93;3,74
2;Syngovia;transition;245;70;265;154;264;100;2,28;19,19;0;2,08;192,84;194,84;24,12;23,55
2;Syngovia;pair;245;70;265;384;3542;100;1,98;4,01;122,67;6,54;217,84;220,84;140,71;135,2
2;Syngovia;state;246;70;275;18;180;100;2,62;2,35;0;0,33;12,75;13,75;5,55;5,31
2;Syngovia;transition;246;70;275;164;274;100;2,13;19,46;0;2,03;18,75;20,75;24,31;23,63
2;Syngovia;pair;246;70;275;418;3824;100;2,09;4,17;163,68;5,78;46,75;52,75;181,43;175,73
2;Syngovia;state;247;59;227;16;155;100;1,96;2,15;0;0,29;53,75;54,75;4,66;4,4
2;Syngovia;transition;247;59;227;126;226;100;2,01;12,03;0;2,03;58,75;59,75;16,59;16,07
2;Syngovia;pair;247;59;227;320;2939;100;1,71;2,91;83,71;3,49;77,75;82,75;95,63;91,82
2;Syngovia;state;248;74;284;18;184;100;1,94;2,55;0;0,36;84,75;84,75;5,15;4,85
2;Syngovia;transition;248;74;284;167;283;100;1,93;20,77;0;2,2;90,75;91,75;25,4;24,9
2;Syngovia;pair;248;74;284;478;4508;100;1,88;4,59;190,58;5,71;124,75;130,75;208,73;202,75
2;Syngovia;state;249;70;264;18;180;100;1,82;2,76;0;0,47;132,75;132,75;5,35;5,05
2;Syngovia;transition;249;70;264;153;263;100;1,63;17,05;0;1,79;137,75;139,75;21,03;20,47
2;Syngovia;pair;249;70;264;382;3517;100;1,76;3,49;139,97;5,39;162,75;167,75;155,98;150,62
2;Syngovia;state;250;63;235;16;159;100;2,16;3,06;0;0,4;169,75;169,75;5,97;5,63
2;Syngovia;transition;250;63;235;128;234;100;2,53;16,16;0;1,97;174,75;175,75;21,49;20,66
2;Syngovia;pair;250;63;235;372;3509;100;1,78;3,19;128,98;5,22;198,75;203,75;143,61;139,18
2;Syngovia;state;251;74;277;18;184;100;2,05;2,71;0;0,34;205,75;205,75;5,36;5,1
2;Syngovia;transition;251;74;277;160;276;100;2,28;18,29;0;2,46;211,75;212,75;23,75;23,03
2;Syngovia;pair;251;74;277;461;4322;100;2,21;4,57;190,43;7,91;221,75;38,65;212,07;205,11
2;Syngovia;state;252;74;277;18;184;100;2,74;3,41;0;0,47;40,65;40,65;7,02;6,61
2;Syngovia;transition;252;74;277;160;276;100;2,66;28,79;0;3,73;46,65;47,65;35,97;35,18
2;Syngovia;pair;252;74;277;460;4317;100;3,14;7,76;254,12;8,58;78,65;84,65;281,41;273,61
2;Syngovia;state;253;63;231;16;219;100;2,16;2,85;0;0,5;86,65;86,65;5,83;5,51
2;Syngovia;transition;253;63;231;126;230;100;2,22;28,43;0;3,11;91,65;93,65;34,46;33,76
2;Syngovia;pair;253;63;231;313;4142;100;2,17;4,53;165,57;4,23;113,65;118,65;182,05;176,5
2;Syngovia;state;254;74;276;18;184;100;1,63;2,07;0;0,34;120,65;121,65;4,24;4,05
2;Syngovia;transition;254;74;276;159;275;100;1,6;16,84;0;2,41;126,65;128,65;21,47;20,85
2;Syngovia;pair;254;74;276;456;4291;100;2,09;4,38;199,52;8,17;158,65;164,65;220,28;214,16
2;Syngovia;state;255;74;278;18;252;100;3,24;3,42;0;0,38;166,65;166,65;7,33;7,05
2;Syngovia;transition;255;74;278;163;277;100;2,02;33,11;0;2,65;173,65;175,65;38,33;37,78
2;Syngovia;pair;255;74;278;409;5411;100;1,96;4,05;309,28;7,81;203,65;211,65;329,69;323,1
2;Syngovia;state;256;63;235;16;159;100;2,01;2,47;0;0,31;213,65;213,65;5,06;4,79
2;Syngovia;transition;256;63;235;128;234;100;1,94;15,41;0;2,16;217,65;219,65;20,1;19,51
2;Syngovia;pair;256;63;235;372;3509;100;2,07;3,84;115,59;5,17;220,65;34,64;132,94;126,66
2;Syngovia;state;257;63;231;16;219;100;1,39;1,82;0;0,34;36,64;37,64;3,75;3,55
2;Syngovia;transition;257;63;231;126;230;100;1,48;19,66;0;2,02;41,64;43,64;23,66;23,16
2;Syngovia;pair;257;63;231;313;4142;100;1,43;2,53;197,16;6,76;63,64;69,64;213,6;207,88
2;Syngovia;state;258;70;278;18;180;100;2,6;3,12;0;0,47;71,64;71,64;6,54;6,2
2;Syngovia;transition;258;70;278;167;277;100;2,6;25,83;0;3,11;77,64;78,64;32,29;31,54
2;Syngovia;pair;258;70;278;428;3909;100;2,68;6,16;192,44;7,8;105,64;111,64;215,07;209,07
2;Syngovia;state;259;74;286;18;184;100;2,22;2,1;0;0,31;113,64;113,64;4,82;4,63
2;Syngovia;transition;259;74;286;169;285;100;1,75;19,49;0;2,61;119,64;121,64;24,78;23,84
2;Syngovia;pair;259;74;286;486;4567;100;2,06;4,57;196;5,97;154,64;161,64;214,84;208,61
2;Syngovia;state;260;74;283;18;184;100;2,34;2,55;0;0,32;163,64;163,64;5,47;5,21
2;Syngovia;transition;260;74;283;166;282;100;2,11;18,59;0;1,98;168,64;170,64;23,22;22,69
2;Syngovia;pair;260;74;283;477;4486;100;1,86;4,67;206,29;5,27;202,64;209,64;222,7;218,09
2;Syngovia;state;261;74;283;18;184;100;1,75;2,26;0;0,3;211,64;211,64;4,48;4,3
2;Syngovia;transition;261;74;283;166;282;100;1,73;16,85;0;2,17;217,64;218,64;21,26;20,74
2;Syngovia;pair;261;74;283;476;4481;100;2,06;4,15;172,63;6,24;220,68;45,68;193,02;185,08
2;Syngovia;state;262;70;275;18;180;100;2,12;2,21;0;0,31;47,68;47,68;4,88;4,64
2;Syngovia;transition;262;70;275;164;274;100;1,91;19,69;0;2,05;53,68;54,68;24,17;23,66
2;Syngovia;pair;262;70;275;418;3820;100;1,88;4,23;152,63;4,94;80,68;86,68;168,92;163,68
2;Syngovia;state;263;59;227;16;155;100;1,67;2,4;0;0,41;88,68;88,68;4,78;4,48
2;Syngovia;transition;263;59;227;126;226;100;1,59;13,04;0;1,67;92,68;94,68;16,83;16,3
2;Syngovia;pair;263;59;227;320;2939;100;1,45;2,76;77,87;3,91;112,68;116,68;90,15;85,98
2;Syngovia;state;264;70;276;18;180;100;2,15;2,58;0;0,38;118,68;118,68;5,36;5,11
2;Syngovia;transition;264;70;276;165;275;100;2,21;18,97;0;2,31;124,68;126,68;24,08;23,49
2;Syngovia;pair;264;70;276;419;3842;100;2,03;4;181,21;6,57;152,68;158,68;199,68;193,81
2;Syngovia;state;265;74;275;18;184;100;2,44;2,99;0;0,35;160,68;160,68;6,06;5,79
2;Syngovia;transition;265;74;275;158;274;100;2,17;22,83;0;2,83;165,68;167,68;28,62;27,84
2;Syngovia;pair;265;74;275;454;4266;100;2,73;4,99;194,06;5,72;197,68;203,68;213,35;207,51
2;Syngovia;state;266;74;269;18;252;100;1,99;2,53;0;0,42;205,68;205,68;5,25;4,94
2;Syngovia;transition;266;74;269;154;268;100;2,08;33,98;0;2,44;211,68;213,68;39,11;38,5
2;Syngovia;pair;266;74;269;381;5028;100;1,74;4,29;271,55;8,88;221,68;35,63;293,4;286,45
2;Syngovia;state;267;63;231;16;219;100;2,29;3,06;0;0,52;37,63;37,63;6,19;5,88
2;Syngovia;transition;267;63;231;126;230;100;2,5;25,37;0;2,25;42,63;43,63;30,71;30,12
2;Syngovia;pair;267;63;231;313;4142;100;1,85;2,93;178,19;5,52;63,63;69,63;193,78;188,48
2;Syngovia;state;268;74;274;18;184;100;2,54;3,26;0;0,48;71,63;71,63;6,61;6,27
2;Syngovia;transition;268;74;274;157;273;100;2,55;22,46;0;3,08;77,63;78,63;28,81;28,09
2;Syngovia;pair;268;74;274;447;4230;100;2,67;5,93;215,2;6,79;108,63;114,63;237,1;230,59
2;Syngovia;state;269;70;266;18;180;100;2,59;3,56;0;0,33;116,63;116,63;6,74;6,48
2;Syngovia;transition;269;70;266;155;265;100;2,47;19,63;0;2,57;121,63;123,63;25,42;24,66
2;Syngovia;pair;269;70;266;387;3570;100;2,23;3,99;160,74;7,06;146,63;152,63;180,35;174,02
2;Syngovia;state;270;63;231;16;219;100;2,67;2,51;0;0,35;154,63;154,63;5,84;5,53
2;Syngovia;transition;270;63;231;126;230;100;1,71;21,88;0;2,22;159,63;160,63;26,43;25,81
2;Syngovia;pair;270;63;231;313;4142;100;1,87;3;180,17;5,88;180,63;186,63;195,95;190,91
2;Syngovia;state;271;74;268;18;252;100;2,34;2,95;0;0,48;188,63;188,63;6,09;5,78
2;Syngovia;transition;271;74;268;153;267;100;1,8;39,37;0;4,15;194,63;196,63;46,24;45,32
2;Syngovia;pair;271;74;268;378;4988;100;2,96;4,11;255,85;6,42;220,89;18,89;275,75;269,35
2;Syngovia;state;272;70;265;18;180;100;2,35;3,14;0;0,47;20,89;20,89;6,37;5,96
2;Syngovia;transition;272;70;265;154;264;100;2,59;24,54;0;3,39;25,89;26,89;31,51;30,53
2;Syngovia;pair;272;70;265;384;3542;100;2,82;6,12;175,33;6,96;50,89;55,89;198,73;191,24
2;Syngovia;state;273;74;281;18;184;100;3,53;4,09;0;0,55;57,89;57,89;8,57;8,17
2;Syngovia;transition;273;74;281;164;280;100;3,63;29,34;0;3,49;63,89;65,89;37,27;36,45
2;Syngovia;pair;273;74;281;468;4423;100;2,47;5,39;233,43;6,88;96,89;102,89;255,12;248,17
2;Syngovia;state;274;74;281;18;252;100;2,54;2,94;0;0,49;104,89;105,89;6,3;5,97
2;Syngovia;transition;274;74;281;166;280;100;2,54;42,27;0;4,17;111,89;113,89;50,04;48,98
2;Syngovia;pair;274;74;281;417;5520;100;2,99;5,91;414,03;7,97;143,89;150,89;439,16;430,9
2;Syngovia;state;275;74;274;18;184;100;2,42;3,08;0;0,48;152,89;153,89;6,3;5,98
2;Syngovia;transition;275;74;274;157;273;100;2,47;26,21;0;2,98;158,89;159,89;32,51;31,66
2;Syngovia;pair;275;74;274;451;4236;100;2,72;5,98;247,9;7,67;189,89;195,89;271,21;264,28
2;Syngovia;state;276;74;281;18;252;100;2,73;3,19;0;0,55;197,89;197,89;6,88;6,48
2;Syngovia;transition;276;74;281;166;280;100;2,73;49,28;0;4,03;204,89;206,89;56,92;56,03
2;Syngovia;pair;276;74;281;418;5523;100;2,48;5,73;345;6,19;221,13;33,13;366,4;359,4
2;Syngovia;state;277;63;231;16;219;100;1,81;2,15;0;0,32;35,13;35,13;4,53;4,28
2;Syngovia;transition;277;63;231;126;230;100;1,62;23,94;0;2,72;40,13;42,13;28,93;28,28
2;Syngovia;pair;277;63;231;313;4142;100;2,34;4,18;195,89;4,91;62,13;68,13;213,04;207,33
2;Syngovia;state;278;63;231;16;219;100;1,76;2,21;0;0,31;69,13;70,13;4,59;4,28
2;Syngovia;transition;278;63;231;126;230;100;1,78;23,5;0;2,34;75,13;76,13;28,23;27,62
2;Syngovia;pair;278;63;231;313;4142;100;1,8;2,76;184,35;5,26;96,13;102,13;199,29;194,17
2;Syngovia;state;279;70;268;18;180;100;2,28;2,81;0;0,35;104,13;104,13;5,7;5,44
2;Syngovia;transition;279;70;268;157;267;100;1,88;22,82;0;3,07;109,13;111,13;28,41;27,77
2;Syngovia;pair;279;70;268;392;3619;100;2,41;3,56;139,33;5,49;135,13;140,13;156,48;150,8
2;Syngovia;state;280;74;271;18;252;100;2,09;2,52;0;0,37;142,13;143,13;5,23;4,99
2;Syngovia;transition;280;74;271;156;270;100;2,24;34,03;0;2,52;149,13;151,13;39,56;38,8
2;Syngovia;pair;280;74;271;387;5114;100;2,21;5,42;355,04;7,74;177,13;184,13;377,06;370,41
2;Syngovia;state;281;74;283;18;184;100;2,27;2,92;0;0,48;186,13;186,13;5,93;5,67
2;Syngovia;transition;281;74;283;166;282;100;2,44;24,07;0;2,7;192,13;194,13;29,83;29,22
2;Syngovia;pair;281;74;283;476;4483;100;2,33;5,42;226,73;7,62;222,13;21,69;248,78;242,11
2;Syngovia;state;282;70;266;18;180;100;2,48;2,82;0;0,49;23,69;23,69;6,09;5,79
2;Syngovia;transition;282;70;266;155;265;100;2,36;23,51;0;2,71;29,69;30,69;29,22;28,57
2;Syngovia;pair;282;70;266;387;3566;100;2,31;5,07;144,31;6,54;54,69;59,69;164,18;158,23
2;Syngovia;state;283;70;267;18;180;100;2,53;2,53;0;0,37;61,69;61,69;5,74;5,43
2;Syngovia;transition;283;70;267;156;266;100;2,49;17,83;0;2,27;66,69;68,69;23,28;22,58
2;Syngovia;pair;283;70;267;389;3591;100;2,19;4,21;135,09;6,05;92,69;97,69;153,96;147,54
2;Syngovia;state;284;70;266;18;180;100;2,49;3,1;0;0,46;99,69;99,69;6,36;6,05
2;Syngovia;transition;284;70;266;155;265;100;1,92;17,9;0;2,16;104,69;106,69;22,51;21,98
2;Syngovia;pair;284;70;266;387;3566;100;1,73;4,83;126,47;6,49;130,69;135,69;145,42;139,52
2;Syngovia;state;285;74;283;18;184;100;2,7;3,11;0;0,46;137,69;137,69;6,6;6,27
2;Syngovia;transition;285;74;283;166;282;100;2,63;25,03;0;3,02;143,69;144,69;31,4;30,67
2;Syngovia;pair;285;74;283;474;4484;100;2,71;6,2;186,3;5,19;176,69;183,69;207,12;200,4
2;Syngovia;state;286;59;227;16;155;100;2,14;1,79;0;0,28;185,69;185,69;4,42;4,21
2;Syngovia;transition;286;59;227;126;226;100;1,65;12,52;0;1,66;189,69;190,69;16,36;15,83
2;Syngovia;pair;286;59;227;320;2939;100;1,63;2,86;74,21;3,73;209,69;213,69;85,97;82,43
2;Syngovia;state;287;59;227;16;155;100;1,71;2,11;0;0,32;215,69;215,69;4,37;4,14
2;Syngovia;transition;287;59;227;126;226;100;1,75;15,74;0;3,76;219,69;220,88;21,94;21,25
2;Syngovia;pair;287;59;227;320;2939;100;1,91;3,15;95,38;4,54;27,88;31,88;109,64;104,98
2;Syngovia;state;288;74;286;18;184;100;2,86;3,39;0;0,43;33,88;33,88;7,03;6,69
2;Syngovia;transition;288;74;286;169;285;100;2,82;26,49;0;3,31;39,88;41,88;33,28;32,62
2;Syngovia;pair;288;74;286;484;4572;100;2,78;7,66;234,92;5,79;74,88;80,88;258,04;251,15
2;Syngovia;state;289;70;278;18;180;100;2,11;2,45;0;0,35;82,88;82,88;5,16;4,92
2;Syngovia;transition;289;70;278;167;277;100;2,02;22,15;0;2,2;88,88;90,88;26,95;26,37
2;Syngovia;pair;289;70;278;428;3907;100;2,36;5,35;171,05;6,3;117,88;123,88;191,85;185,07
2;Syngovia;state;290;63;231;16;219;100;2,11;2,63;0;0,32;124,88;125,88;5,3;5,06
2;Syngovia;transition;290;63;231;126;230;100;1,8;22,62;0;2,94;130,88;131,88;28,26;27,35
2;Syngovia;pair;290;63;231;313;4142;100;2,32;3,55;205,02;7,35;151,88;157,88;224,25;218,24
2;Syngovia;state;291;74;272;18;184;100;2,43;2,92;0;0,52;159,88;159,88;6,18;5,87
2;Syngovia;transition;291;74;272;155;271;100;2,5;22,69;0;2,35;165,88;166,88;28,21;27,54
2;Syngovia;pair;291;74;272;443;4176;100;2,45;4,66;196,65;6,54;195,88;201,88;217,02;210,3
2;Syngovia;state;292;74;275;18;184;100;2,65;2,95;0;0,34;203,88;203,88;6,28;5,94
2;Syngovia;transition;292;74;275;158;274;100;2,54;19,26;0;2,28;209,88;210,88;24,66;24,08
2;Syngovia;pair;292;74;275;449;4257;100;2,13;4,85;201,86;8,86;221,88;35,74;225,11;217,7
2;Syngovia;state;293;74;280;18;252;100;3,34;4,02;0;0,62;37,74;37,74;8,36;7,97
2;Syngovia;transition;293;74;280;165;279;100;2,7;46,57;0;3,65;44,74;46,74;53,83;52,92
2;Syngovia;pair;293;74;280;415;5478;100;2,48;5,37;318,14;6,86;75,74;82,74;339,66;332,86
2;Syngovia;state;294;70;266;18;180;100;2,13;2,19;0;0,45;84,74;85,74;5,06;4,76
2;Syngovia;transition;294;70;266;155;265;100;2,29;22,83;0;2,97;90,74;91,74;28,78;28,09
2;Syngovia;pair;294;70;266;387;3570;100;2,21;5,6;134,65;5,11;115,74;120,74;153,53;147,58
2;Syngovia;state;295;63;235;16;159;100;1,9;2,23;0;0,28;122,74;122,74;4,69;4,42
2;Syngovia;transition;295;63;235;128;234;100;1,35;13,29;0;1,7;127,74;128,74;16,81;16,33
2;Syngovia;pair;295;63;235;372;3509;100;1,67;4,66;119,28;4,05;151,74;156,74;134,13;129,66
2;Syngovia;state;296;59;227;16;155;100;1,46;2,15;0;0,25;158,74;158,74;4,16;3,86
2;Syngovia;transition;296;59;227;126;226;100;1,31;11,47;0;2,05;162,74;163,74;15,27;14,82
2;Syngovia;pair;296;59;227;320;2939;100;2;4,02;98,28;4,52;182,74;186,74;113,98;108,81
2;Syngovia;state;297;63;235;16;159;100;2,27;2,71;0;0,41;188,74;188,74;5,71;5,39
2;Syngovia;transition;297;63;235;128;234;100;2,33;16,07;0;1,7;192,74;194,74;20,65;20,1
2;Syngovia;pair;297;63;235;372;3509;100;1,72;4,3;143,96;9,12;216,74;220,74;164,73;159,1
2;Syngovia;state;298;70;275;18;180;100;2,02;2,31;0;0,35;11,74;12,74;4,94;4,69
2;Syngovia;transition;298;70;275;164;274;100;2,53;20,13;0;2,73;17,74;19,74;26,15;25,39
2;Syngovia;pair;298;70;275;418;3816;100;2,19;5,26;160,61;6,83;45,74;51,74;180,71;174,89
2;Syngovia;state;299;70;267;18;180;100;2,38;2,92;0;0,47;52,74;53,74;6,11;5,77
2;Syngovia;transition;299;70;267;156;266;100;2,35;24,08;0;3,29;58,74;59,74;30,38;29,71
2;Syngovia;pair;299;70;267;389;3591;100;2,53;5,43;133,15;6,75;83,74;89,74;154,34;147,86
2;Syngovia;state;300;63;235;16;159;100;2,24;2,76;0;0,41;90,74;91,74;5,73;5,42
2;Syngovia;transition;300;63;235;128;234;100;2,27;15,77;0;2,11;95,74;96,74;20,84;20,14
2;Syngovia;pair;300;63;235;372;3509;100;2,19;4,35;129,08;5,2;119,74;124,74;146,59;140,83
2;Syngovia;state;301;70;277;18;180;100;2,64;3,42;0;0,41;126,74;126,74;6,83;6,47
2;Syngovia;transition;301;70;277;166;276;100;2,62;24,07;0;2,41;132,74;133,74;29,81;29,11
2;Syngovia;pair;301;70;277;425;3883;100;2,54;5,85;167,53;4,6;160,74;166,74;186,14;180,53
2;Syngovia;state;302;70;266;18;180;100;1,91;1,84;0;0,28;168,74;168,74;4,22;4,04
2;Syngovia;transition;302;70;266;155;265;100;1,95;19,76;0;2,12;173,74;175,74;24,44;23,83
2;Syngovia;pair;302;70;266;387;3566;100;2,19;4,04;141,1;7,79;199,74;204,74;161,55;155,12
2;Syngovia;state;303;59;227;16;155;100;2,12;3,08;0;0,47;206,74;206,74;6,03;5,67
2;Syngovia;transition;303;59;227;129;226;100;2,45;16,65;0;1,77;210,74;211,74;21,46;20,87
2;Syngovia;pair;303;59;227;320;2939;100;1,67;2,94;96,86;5,11;221,74;23,57;111,78;106,57
2;Syngovia;state;304;63;235;16;159;100;2,19;2,53;0;0,42;25,57;25,57;5,41;5,14
2;Syngovia;transition;304;63;235;128;234;100;2,2;16,29;0;2,34;30,57;31,57;21,48;20,83
2;Syngovia;pair;304;63;235;372;3509;100;2,16;4,58;142,27;6,84;53,57;59,57;161,49;155,85
2;Syngovia;state;305;59;227;16;155;100;2,35;2,51;0;0,45;60,57;61,57;5,62;5,3
2;Syngovia;transition;305;59;227;126;226;100;2;15,88;0;2,52;65,57;66,57;20,98;20,4
2;Syngovia;pair;305;59;227;320;2939;100;2,39;4,11;104,02;5,68;84,57;89,57;121,77;116,2
2;Syngovia;state;306;74;279;18;252;100;2,64;3,16;0;0,52;91,57;91,57;6,64;6,33
2;Syngovia;transition;306;74;279;164;278;100;2,56;44,66;0;3,8;97,57;100,57;51,88;51,03
2;Syngovia;pair;306;74;279;411;5440;100;2,48;5,56;384,2;8,78;128,57;136,57;408,79;401,01
2;Syngovia;state;307;63;231;16;219;100;2,09;2,45;0;0,43;138,57;138,57;5,27;4,97
2;Syngovia;transition;307;63;231;126;230;100;2,04;26,9;0;2,81;143,57;145,57;32,47;31,75
2;Syngovia;pair;307;63;231;313;4142;100;2,07;3,9;210,19;6,7;165,57;170,57;228,82;222,86
2;Syngovia;state;308;63;231;16;219;100;2,11;2,55;0;0,44;172,57;172,57;5,38;5,09
2;Syngovia;transition;308;63;231;126;230;100;2,12;26,47;0;2,96;177,57;179,57;32,25;31,55
2;Syngovia;pair;308;63;231;313;4142;100;2,2;3,93;203,51;6,77;199,57;205,57;222,32;216,41
2;Syngovia;state;309;74;273;18;184;100;2,47;3,05;0;0,47;207,57;207,57;6,28;5,99
2;Syngovia;transition;309;74;273;156;272;100;2,47;22,65;0;2,82;212,57;214,57;28,62;27,93
2;Syngovia;pair;309;74;273;448;4211;100;2,44;5,7;235,43;8,59;220,59;38,59;259,87;252,16
2;Syngovia;state;310;70;269;18;180;100;3,54;3,41;0;0,34;40,59;40,59;7,57;7,29
2;Syngovia;transition;310;70;269;158;268;100;2,86;26,82;0;3,08;46,59;47,59;33,48;32,77
2;Syngovia;pair;310;70;269;395;3647;100;2,65;5,18;178,24;8,15;72,59;77,59;201,86;194,21
2;Syngovia;state;311;59;227;16;155;100;2,18;2,72;0;0,41;79,59;79,59;5,59;5,31
2;Syngovia;transition;311;59;227;126;226;100;2,17;17,16;0;2,61;83,59;85,59;22,69;21,94
2;Syngovia;pair;311;59;227;320;2939;100;2,16;4,59;109,19;6,42;103,59;107,59;128,06;122,36
2;Syngovia;state;312;74;275;18;184;100;2,74;3,45;0;0,57;109,59;109,59;7,09;6,76
2;Syngovia;transition;312;74;275;158;274;100;2,66;22,43;0;2,68;115,59;116,59;28,42;27,77
2;Syngovia;pair;312;74;275;454;4266;100;2,26;4,61;241,28;7,49;146,59;153,59;262,56;255,64
2;Syngovia;state;313;63;235;16;159;100;2,23;2,78;0;0,52;154,59;155,59;5,8;5,52
2;Syngovia;transition;313;63;235;130;234;100;2;17,6;0;2,56;159,59;160,59;22,83;22,16
2;Syngovia;pair;313;63;235;372;3509;100;2,28;4,53;150,36;5,69;183,59;188,59;168,98;162,86
2;Syngovia;state;314;70;266;18;180;100;2,85;3,48;0;0,5;190,59;190,59;7,19;6,83
2;Syngovia;transition;314;70;266;155;265;100;2,81;26,33;0;3,42;195,59;197,59;33,44;32,56
2;Syngovia;pair;314;70;266;387;3570;100;2,96;5,87;186,24;7,36;220,68;15,68;210,71;202,42
2;Syngovia;state;315;70;277;18;180;100;2,58;3,05;0;0,5;17,68;17,68;6,42;6,12
2;Syngovia;transition;315;70;277;166;276;100;2,64;21,97;0;2,88;23,68;24,68;28,28;27,49
2;Syngovia;pair;315;70;277;425;3879;100;2,53;4,83;229,39;7,44;51,68;57,68;251,06;244,19
2;Syngovia;state;316;70;275;18;180;100;2,52;2,96;0;0,48;59,68;59,68;6,35;5,96
2;Syngovia;transition;316;70;275;164;274;100;2,45;24,45;0;3,21;65,68;66,68;30,86;30,11
2;Syngovia;pair;316;70;275;418;3820;100;2,92;5,62;192,49;7,36;92,68;98,68;215,55;208,39
2;Syngovia;state;317;74;280;18;252;100;2,72;3,06;0;0,56;100,68;100,68;6,65;6,34
2;Syngovia;transition;317;74;280;165;279;100;2,59;45,62;0;3,98;107,68;109,68;52,91;52,19
2;Syngovia;pair;317;74;280;415;5478;100;2,71;6,03;420,46;8,8;138,68;145,68;445,76;438
2;Syngovia;state;318;74;272;18;252;100;2,55;2,89;0;0,63;147,68;148,68;6,46;6,06
2;Syngovia;transition;318;74;272;157;271;100;2,53;45;0;3,54;154,68;156,68;51,83;51,06
2;Syngovia;pair;318;74;272;391;5162;100;2,71;5,17;355,51;8,17;182,68;190,68;378,72;371,56
2;Syngovia;state;319;70;266;18;180;100;2,4;2,88;0;0,45;192,68;192,68;6,03;5,72
2;Syngovia;transition;319;70;266;155;265;100;2,53;22,55;0;2,93;197,68;198,68;28,68;28,02
2;Syngovia;pair;319;70;266;387;3566;100;2,65;6,15;162,31;7,18;221,31;17,31;185,17;178,29
2;Syngovia;state;320;74;274;18;184;100;2,65;2,97;0;0,47;19,31;20,31;6,43;6,1
2;Syngovia;transition;320;74;274;157;273;100;2,49;22,94;0;3,03;25,31;27,31;29,17;28,46
2;Syngovia;pair;320;74;274;448;4227;100;2,64;5,96;224,83;8,27;56,31;62,31;248,69;241,69
2;Syngovia;state;321;70;269;18;180;100;2,48;3;0;0,43;64,31;64,31;6,2;5,9
2;Syngovia;transition;321;70;269;158;268;100;2,44;25,67;0;3,24;69,31;71,31;32,23;31,35
2;Syngovia;pair;321;70;269;395;3647;100;2,48;5,62;169,81;6,84;95,31;101,31;191,36;184,74
2;Syngovia;state;322;74;271;18;252;100;2,68;3,54;0;0,6;103,31;103,31;7,15;6,82
2;Syngovia;transition;322;74;271;156;270;100;2,83;48,29;0;3,96;109,31;111,31;55,93;55,08
2;Syngovia;pair;322;74;271;387;5114;100;2,53;5,12;364,12;9,31;137,31;145,31;388,59;381,09
2;Syngovia;state;323;74;281;18;184;100;2,91;3,52;0;0,53;147,31;147,31;7,3;6,97
2;Syngovia;transition;323;74;281;164;280;100;2,94;24,42;0;3,19;152,31;154,31;31,3;30,55
2;Syngovia;pair;323;74;281;468;4423;100;2,9;6,21;252,17;8,31;185,31;192,31;276,73;269,59
2;Syngovia;state;324;74;281;18;252;100;2,97;3,13;0;0,52;194,31;194,31;6,92;6,63
2;Syngovia;transition;324;74;281;166;280;100;2,56;46,83;0;3,92;201,31;203,31;54,26;53,3
2;Syngovia;pair;324;74;281;418;5523;100;2,63;5,58;328,14;7,99;221,5;29,5;350,5;344,33
2;Syngovia;state;325;59;227;16;155;100;2,13;2,84;0;0,4;31,5;31,5;5,71;5,37
2;Syngovia;transition;325;59;227;126;226;100;2,11;16,02;0;2,38;35,5;36,5;21,14;20,52
2;Syngovia;pair;325;59;227;320;2939;100;2,34;5,69;100,67;5,03;54,5;59,5;119,27;113,74
2;Syngovia;state;326;74;275;18;184;100;2,53;3,35;0;0,51;61,5;61,5;6,74;6,39
2;Syngovia;transition;326;74;275;158;274;100;2,58;21,97;0;2,25;67,5;68,5;27,39;26,8
2;Syngovia;pair;326;74;275;454;4261;100;1,72;4,16;179,24;6,52;98,5;104,5;197,91;191,65
2;Syngovia;state;327;74;276;18;184;100;2,17;2,73;0;0,48;106,5;106,5;5,7;5,37
2;Syngovia;transition;327;74;276;159;275;100;2,66;19;0;2,26;112,5;113,5;24,59;23,92
2;Syngovia;pair;327;74;276;453;4282;100;2,24;5,79;217,75;7,94;143,5;149,5;240,43;233,72
2;Syngovia;state;328;74;272;18;252;100;2,88;3,68;0;0,58;151,5;152,5;7,52;7,14
2;Syngovia;transition;328;74;272;157;271;100;2,73;43,11;0;3,01;158,5;160,5;49,72;48,85
2;Syngovia;pair;328;74;272;391;5162;100;2,21;5,28;314,07;7,81;186,5;194,5;337,68;329,36
2;Syngovia;state;329;63;231;16;219;100;2,36;2,76;0;0,39;195,5;196,5;5,79;5,5
2;Syngovia;transition;329;63;231;126;230;100;2,24;27,29;0;2,73;201,5;202,5;32,94;32,26
2;Syngovia;pair;329;63;231;313;4142;100;2,53;3,7;194,56;6,05;221,5;16,68;212,83;206,85
2;Syngovia;state;330;74;270;18;252;100;2,8;3,4;0;0,46;18,68;18,68;7;6,66
2;Syngovia;transition;330;74;270;155;269;100;2,58;40,69;0;2,61;24,68;26,68;46,5;45,88
2;Syngovia;pair;330;74;270;384;5068;100;2;3,73;259,19;5,72;52,68;59,68;276,27;270,64
2;Syngovia;state;331;70;264;18;180;100;2,11;2,83;0;0,28;61,68;61,68;5,45;5,23
2;Syngovia;transition;331;70;264;153;263;100;2,03;19,08;0;2,18;67,68;68,68;23,92;23,28
2;Syngovia;pair;331;70;264;382;3517;100;2,22;4,63;149,52;6,53;91,68;97,68;169,29;162,9
2;Syngovia;state;332;70;277;18;180;100;3,11;3,49;0;0,38;98,68;99,68;7,28;6,99
2;Syngovia;transition;332;70;277;166;276;100;2,8;30,1;0;3,77;104,68;106,68;37,5;36,67
2;Syngovia;pair;332;70;277;424;3872;100;3,11;7;172,7;6,51;132,68;138,68;196,31;189,32
2;Syngovia;state;333;63;235;16;159;100;2,24;2,65;0;0,42;140,68;140,68;5,65;5,31
2;Syngovia;transition;333;63;235;128;234;100;2,1;15,58;0;1,7;145,68;146,68;19,91;19,38
2;Syngovia;pair;333;63;235;372;3509;100;2,04;3,57;123,96;6,74;169,68;174,68;141,19;136,31
2;Syngovia;state;334;70;269;18;180;100;2,27;2,32;0;0,28;176,68;176,68;5,08;4,87
2;Syngovia;transition;334;70;269;158;268;100;1,97;20,63;0;2,8;181,68;183,68;26,04;25,41
2;Syngovia;pair;334;70;269;395;3647;100;2,45;4,07;132,57;5,17;207,68;213,68;149,89;144,26
2;Syngovia;state;335;70;275;18;180;100;1,98;2,95;0;0,41;215,68;215,68;5,84;5,35
2;Syngovia;transition;335;70;275;164;274;100;2,19;22,38;0;2,37;221,19;11,19;27,5;26,94
2;Syngovia;pair;335;70;275;418;3820;100;2,3;4,37;151,96;6,51;37,19;43,19;170,32;165,15
2;Syngovia;state;336;70;266;18;180;100;2,67;3,1;0;0,38;45,19;45,19;6,5;6,15
2;Syngovia;transition;336;70;266;155;265;100;2,21;22,96;0;2,88;50,19;51,19;28,63;28,05
2;Syngovia;pair;336;70;266;387;3566;100;2,46;4,88;148,9;4,35;75,19;80,19;165,87;160,6
2;Syngovia;state;337;74;269;18;252;100;1,54;2,28;0;0,35;82,19;83,19;4,37;4,17
2;Syngovia;transition;337;74;269;154;268;100;2,05;30,1;0;3,31;89,19;91,19;36,11;35,46
2;Syngovia;pair;337;74;269;381;5028;100;2,71;4,59;251,42;8,27;116,19;123,19;274,05;266,99
2;Syngovia;state;338;70;273;18;180;100;2,44;3,03;0;0,45;125,19;125,19;6,2;5,92
2;Syngovia;transition;338;70;273;162;272;100;2,41;23,15;0;3,04;131,19;132,19;29,33;28,6
2;Syngovia;pair;338;70;273;413;3769;100;2,35;5,32;179,57;4,44;158,19;164,19;196,78;191,69
2;Syngovia;state;339;59;227;16;155;100;1,48;1,94;0;0,25;165,19;166,19;3,86;3,68
2;Syngovia;transition;339;59;227;126;226;100;1,33;12,05;0;1,6;170,19;171,19;15,45;14,98
2;Syngovia;pair;339;59;227;320;2939;100;1,73;2,93;92,61;3,49;189,19;194,19;105,25;100,76
2;Syngovia;state;340;74;274;18;184;100;1,62;2,14;0;0,3;196,19;196,19;4,2;4,05
2;Syngovia;transition;340;74;274;157;273;100;1,55;15,53;0;2,1;201,19;203,19;19,65;19,19
2;Syngovia;pair;340;74;274;447;4230;100;1,6;3,65;157,2;7,39;222,19;28,12;175;169,82
2;Syngovia;state;341;63;235;16;159;100;2,12;2,58;0;0,47;29,12;30,12;5,47;5,17
2;Syngovia;transition;341;63;235;128;234;100;2,12;14,87;0;2,53;34,12;35,12;20,14;19,52
2;Syngovia;pair;341;63;235;372;3509;100;2,25;3,62;126,36;4,68;58,12;63,12;142,09;136,91
2;Syngovia;state;342;70;275;18;180;100;1,97;2,59;0;0,4;65,12;65,12;5,2;4,96
2;Syngovia;transition;342;70;275;164;274;100;2,34;19,65;0;2,24;71,12;72,12;24,78;24,24
2;Syngovia;pair;342;70;275;418;3816;100;2,27;4,05;134,37;4,52;98,12;104,12;149,78;145,21
2;Syngovia;state;343;74;274;18;184;100;2,24;2,7;0;0,42;106,12;106,12;5,61;5,35
2;Syngovia;transition;343;74;274;157;273;100;1,66;17,9;0;1,91;112,12;113,12;21,92;21,47
2;Syngovia;pair;343;74;274;448;4227;100;1,77;3,77;186,55;8,01;142,12;149,12;206,11;200,09
2;Syngovia;state;344;74;277;18;184;100;2,7;3,28;0;0,48;151,12;151,12;6,75;6,45
2;Syngovia;transition;344;74;277;160;276;100;2,67;23,62;0;1,82;156,12;158,12;28,6;28,11
2;Syngovia;pair;344;74;277;458;4317;100;1,68;5,99;177,44;5,28;188,12;195,12;196,39;190,39
2;Syngovia;state;345;74;274;18;184;100;2,26;2,69;0;0,33;197,12;197,12;5,51;5,27
2;Syngovia;transition;345;74;274;157;273;100;1,73;19,08;0;2,22;202,12;204,12;23,61;23,04
2;Syngovia;pair;345;74;274;450;4225;100;2,14;5,42;217,83;8,81;221,12;28,12;240,92;234,2
2;Syngovia;state;346;74;272;18;252;100;2,94;3,46;0;0,61;30,12;31,12;7,34;7,02
2;Syngovia;transition;346;74;272;157;271;100;2,69;46,94;0;4,1;37,12;39,12;54,58;53,72
2;Syngovia;pair;346;74;272;390;5156;100;2,92;5,84;261,12;5,7;65,12;72,12;282,48;275,58
2;Syngovia;state;347;70;274;18;180;100;2,15;2,48;0;0,38;74,12;75,12;5,3;5,01
2;Syngovia;transition;347;70;274;163;273;100;1,97;19,14;0;2,54;80,12;82,12;24,3;23,65
2;Syngovia;pair;347;70;274;414;3789;100;2,43;5,44;173,75;5,94;107,12;113,12;194,44;187,55
2;Syngovia;state;348;74;274;18;184;100;2,51;2,97;0;0,42;115,12;115,12;6,16;5,89
2;Syngovia;transition;348;74;274;157;273;100;2,34;23,67;0;3,71;121,12;122,12;30,42;29,72
2;Syngovia;pair;348;74;274;451;4236;100;2,49;6,62;238,28;9,67;152,12;158,12;264,93;257,06
2;Syngovia;state;349;63;235;16;159;100;2,53;3,04;0;0,44;160,12;160,12;6,37;6,01
2;Syngovia;transition;349;63;235;128;234;100;2,54;19,62;0;2,87;165,12;166,12;25,82;25,03
2;Syngovia;pair;349;63;235;372;3509;100;2,6;5,54;140,43;4,46;188,12;194,12;158,35;153,03
2;Syngovia;state;350;63;235;16;159;100;1,43;2,16;0;0,44;195,12;196,12;4,29;4,03
2;Syngovia;transition;350;63;235;128;234;100;1,9;14,23;0;1,6;200,12;201,12;18,21;17,73
2;Syngovia;pair;350;63;235;372;3509;100;1,81;3,83;120,22;6;221,25;18,25;136,94;131,86
2;Syngovia;state;351;63;231;16;219;100;2,01;2,36;0;0,36;20,25;20,25;4,95;4,73
2;Syngovia;transition;351;63;231;126;230;100;1,77;27;0;2,76;25,25;27,25;32,15;31,52
2;Syngovia;pair;351;63;231;313;4142;100;2,07;4,7;182,79;5,62;47,25;53,25;200,6;195,18
2;Syngovia;state;352;74;285;18;184;100;2,72;3,02;0;0,45;55,25;55,25;6,47;6,2
2;Syngovia;transition;352;74;285;168;284;100;2,69;23,41;0;2,77;61,25;62,25;29,47;28,87
2;Syngovia;pair;352;74;285;483;4538;100;2,62;5,93;283,15;8,63;95,25;102,25;307,87;300,34
2;Syngovia;state;353;74;285;18;184;100;2,56;3,11;0;0,45;104,25;104,25;6,46;6,12
2;Syngovia;transition;353;74;285;168;284;100;2,61;24,74;0;3,03;110,25;111,25;31,11;30,37
2;Syngovia;pair;353;74;285;482;4543;100;2,36;6,25;251,1;6,66;144,25;150,25;272,97;266,37
2;Syngovia;state;354;70;273;18;180;100;2,56;2,94;0;0,49;152,25;153,25;6,33;5,99
2;Syngovia;transition;354;70;273;162;272;100;2,6;23,59;0;2,98;158,25;160,25;29,85;29,16
2;Syngovia;pair;354;70;273;412;3768;100;2,35;4,67;149,73;5,07;185,25;191,25;168,48;161,81
2;Syngovia;state;355;74;270;18;252;100;1,99;2,11;0;0,43;193,25;193,25;4,78;4,54
2;Syngovia;transition;355;74;270;155;269;100;2,03;35,28;0;2,52;199,25;201,25;40,41;39,83
2;Syngovia;pair;355;74;270;384;5068;100;1,85;5,28;285,75;7,34;222,25;23,63;307,2;300,21
2;Syngovia;state;356;74;282;18;184;100;2,68;3,06;0;0,43;25,63;25,63;6,46;6,17
2;Syngovia;transition;356;74;282;165;281;100;2,69;24,48;0;2,35;31,63;33,63;30,26;29,52
2;Syngovia;pair;356;74;282;473;4453;100;2,21;4,7;217,36;6,49;64,63;71,63;236,88;230,77
2;Syngovia;state;357;74;269;18;252;100;1,98;2,3;0;0,37;73,63;73,63;4,88;4,65
2;Syngovia;transition;357;74;269;154;268;100;2,07;33;0;3,38;79,63;81,63;38,97;38,44
2;Syngovia;pair;357;74;269;381;5028;100;2,63;3,55;263,78;6,35;107,63;114,63;282,42;276,31
2;Syngovia;state;358;74;273;18;252;100;2,51;3,46;0;0,52;116,63;116,63;6,83;6,5
2;Syngovia;transition;358;74;273;158;272;100;2,19;36,43;0;3,07;122,63;124,63;42,5;41,7
2;Syngovia;pair;358;74;273;394;5202;100;1,74;3,6;284,27;5,34;151,63;158,63;300,23;294,96
2;Syngovia;state;359;74;271;18;252;100;1,72;2,39;0;0,38;160,63;161,63;4,74;4,49
2;Syngovia;transition;359;74;271;156;270;100;2,32;34,89;0;2,9;167,63;169,63;40,82;40,12
2;Syngovia;pair;359;74;271;387;5108;100;1,95;3,78;267,61;6,38;195,63;202,63;284,97;279,73
2;Syngovia;state;360;74;274;18;184;100;2,69;3,29;0;0,36;204,63;204,63;6,6;6,33
2;Syngovia;transition;360;74;274;157;273;100;1,55;18,22;0;2,91;210,63;211,63;23,27;22,68
2;Syngovia;pair;360;74;274;450;4225;100;2,67;4,44;190,03;6,46;220,69;36,69;210,25;203,6
2;Syngovia;state;361;74;282;18;184;100;2,65;3,28;0;0,46;38,69;38,69;6,67;6,39
2;Syngovia;transition;361;74;282;165;281;100;2,36;23,77;0;3,14;44,69;45,69;29,96;29,28
2;Syngovia;pair;361;74;282;472;4460;100;2,74;5,85;230,59;7,24;77,69;83,69;253,27;246,43
2;Syngovia;state;362;63;231;16;219;100;1,76;1,93;0;0,43;85,69;85,69;4,41;4,12
2;Syngovia;transition;362;63;231;126;230;100;2,01;25,1;0;2,02;90,69;92,69;29,69;29,13
2;Syngovia;pair;362;63;231;313;4142;100;1,77;4,21;178,2;4,58;112,69;118,69;193,72;188,76
2;Syngovia;state;363;63;235;16;159;100;1,88;2,21;0;0,33;120,69;120,69;4,66;4,42
2;Syngovia;transition;363;63;235;128;234;100;1,92;13,34;0;2,71;124,69;126,69;18,59;17,96
2;Syngovia;pair;363;63;235;372;3509;100;2,27;5,07;113,88;4,13;148,69;153,69;130;125,35
2;Syngovia;state;364;70;270;18;180;100;2,3;2,72;0;0,34;155,69;156,69;5,63;5,36
2;Syngovia;transition;364;70;270;159;269;100;2,39;18,86;0;1,94;161,69;162,69;23,81;23,2
2;Syngovia;pair;364;70;270;401;3678;100;2,06;3,75;148,57;4,78;187,69;193,69;164,33;159,16
2;Syngovia;state;365;74;276;18;184;100;2,17;2,37;0;0,34;195,69;195,69;5,09;4,88
2;Syngovia;transition;365;74;276;159;275;100;1,98;17,4;0;2,1;200,69;202,69;22,07;21,48
2;Syngovia;pair;365;74;276;453;4282;100;2,12;3,73;159,06;5,46;221,2;28,2;175,52;170,38
2;Syngovia;state;366;59;227;16;155;100;1,46;1,79;0;0,27;30,2;30,2;3,72;3,52
2;Syngovia;transition;366;59;227;126;226;100;1,67;11,86;0;1,82;34,2;35,2;16,01;15,34
2;Syngovia;pair;366;59;227;320;2939;100;1,74;3,6;101,23;5,93;54,2;58,2;117,74;112,5
2;Syngovia;state;367;63;235;16;159;100;2,2;2,78;0;0,41;60,2;60,2;5,74;5,4
2;Syngovia;transition;367;63;235;128;234;100;2,15;16,24;0;1,71;65,2;66,2;20,71;20,1
2;Syngovia;pair;367;63;235;372;3509;100;1,81;3,23;151,95;6,22;88,2;94,2;168,47;163,2
2;Syngovia;state;368;74;279;18;252;100;2,65;3,35;0;0,52;96,2;96,2;6,86;6,52
2;Syngovia;transition;368;74;279;164;278;100;2,64;40,33;0;3,02;102,2;104,2;46,6;46
2;Syngovia;pair;368;74;279;411;5440;100;2,71;4,46;310,01;7,39;133,2;141,2;331,72;324,57
2;Syngovia;state;369;74;279;18;252;100;1,63;2,65;0;0,5;143,2;143,2;5,04;4,77
2;Syngovia;transition;369;74;279;164;278;100;2,62;33,46;0;2,55;149,2;152,2;39,22;38,63
2;Syngovia;pair;369;74;279;412;5451;100;2,14;4,14;302,24;7,05;180,2;188,2;322,05;315,56
2;Syngovia;state;370;74;271;18;252;100;2,53;2,86;0;0,49;190,2;190,2;6,18;5,88
2;Syngovia;transition;370;74;271;156;270;100;2,65;40,35;0;3,04;196,2;198,2;46,75;46,04
2;Syngovia;pair;370;74;271;387;5108;100;2,16;4,45;299,47;5,66;222,2;21,8;317,6;311,73
2;Syngovia;state;371;74;269;18;252;100;2,08;2,51;0;0,39;23,8;23,8;5,29;4,98
2;Syngovia;transition;371;74;269;154;268;100;1,92;31,05;0;2,24;29,8;31,8;35,73;35,21
2;Syngovia;pair;371;74;269;381;5028;100;1,57;3,43;264,79;6,91;56,8;64,8;282,77;276,7
2;Syngovia;state;372;70;265;18;180;100;2,37;2,58;0;0,45;65,8;66,8;5,69;5,4
2;Syngovia;transition;372;70;265;154;264;100;1,98;18,33;0;2,1;71,8;72,8;22,96;22,42
2;Syngovia;pair;372;70;265;384;3542;100;2,16;5,56;127,8;4,38;96,8;101,8;145,36;139,9
2;Syngovia;state;373;70;276;18;180;100;2;2,65;0;0,31;103,8;103,8;5,18;4,96
2;Syngovia;transition;373;70;276;165;275;100;2,03;19,18;0;2,21;109,8;110,8;23,93;23,42
2;Syngovia;pair;373;70;276;422;3853;100;1,99;4,06;168,15;5,54;137,8;143,8;185,59;179,75
2;Syngovia;state;374;74;281;18;184;100;2,1;2,57;0;0,36;145,8;145,8;5,33;5,02
2;Syngovia;transition;374;74;281;164;280;100;2,21;19,47;0;2,6;150,8;152,8;24,93;24,29
2;Syngovia;pair;374;74;281;467;4421;100;2,05;4,42;205,15;6;183,8;190,8;223,25;217,62
2;Syngovia;state;375;63;231;16;219;100;1,85;1,93;0;0,34;192,8;192,8;4,35;4,12
2;Syngovia;transition;375;63;231;126;230;100;1,61;22,41;0;2,88;197,8;198,8;27,58;26,91
2;Syngovia;pair;375;63;231;313;4142;100;1,76;2,97;170,01;5,61;218,8;12,85;188,78;180,34
2;Syngovia;state;376;70;263;18;180;100;2,17;2,71;0;0,46;14,85;14,85;5,63;5,35
2;Syngovia;transition;376;70;263;152;262;100;2,1;18,93;0;3,09;19,85;21,85;24,86;24,12
2;Syngovia;pair;376;70;263;378;3485;100;2,47;4,55;140,13;4,61;44,85;49,85;157,81;151,77
2;Syngovia;state;377;70;272;18;180;100;2,13;2,58;0;0,33;51,85;51,85;5,28;5,04
2;Syngovia;transition;377;70;272;161;271;100;1,96;18,38;0;1,98;56,85;58,85;22,88;22,32
2;Syngovia;pair;377;70;272;410;3743;100;1,75;4,07;151;7,62;83,85;89,85;170,67;164,43
2;Syngovia;state;378;74;278;18;252;100;2,8;3,24;0;0,53;91,85;91,85;6,85;6,57
2;Syngovia;transition;378;74;278;163;277;100;2,6;39,5;0;2,78;98,85;100,85;45,64;44,88
2;Syngovia;pair;378;74;278;409;5402;100;2,14;3,94;336,86;8,52;128,85;136,85;358,49;351,46
2;Syngovia;state;379;70;270;18;180;100;2,61;3,1;0;0,5;138,85;138,85;6,52;6,22
2;Syngovia;transition;379;70;270;159;269;100;2,6;24,27;0;2,24;143,85;145,85;29,66;29,11
2;Syngovia;pair;379;70;270;401;3678;100;1,77;3,72;140,98;6,36;169,85;175,85;158,19;152,83
2;Syngovia;state;380;59;227;16;155;100;2,14;2,35;0;0,27;177,85;177,85;4,99;4,76
2;Syngovia;transition;380;59;227;126;226;100;1,66;12,31;0;1,73;181,85;182,85;16,18;15,69
2;Syngovia;pair;380;59;227;320;2939;100;1,85;3,67;92,88;4,95;201,85;205,85;108,5;103,33
2;Syngovia;state;381;70;273;18;180;100;2,57;2,88;0;0,45;207,85;207,85;6,13;5,89
2;Syngovia;transition;381;70;273;162;272;100;2,45;23,32;0;2,65;213,85;214,85;29,12;28,41
2;Syngovia;pair;381;70;273;412;3768;100;2,48;5,35;149,86;4,87;221,85;34,56;168,85;162,56
2;Syngovia;state;382;74;276;18;184;100;1,92;2,4;0;0,33;36,56;37,56;4,91;4,66
2;Syngovia;transition;382;74;276;159;275;100;2,49;17,72;0;2,09;42,56;44,56;22,81;22,3
2;Syngovia;pair;382;74;276;456;4291;100;1,94;4,47;190,99;8,62;74,56;80,56;212,72;206,02
2;Syngovia;state;383;74;271;18;252;100;2,66;3,24;0;0,56;82,56;82,56;6,77;6,46
2;Syngovia;transition;383;74;271;156;270;100;2,53;31,65;0;2,85;88,56;90,56;37,82;37,02
2;Syngovia;pair;383;74;271;387;5108;100;1,99;3,97;289,07;5,88;117,56;124,56;307,21;300,91
2;Syngovia;state;384;63;231;16;219;100;2,54;2,69;0;0,47;126,56;126,56;6;5,7
2;Syngovia;transition;384;63;231;126;230;100;2,23;21,83;0;3,1;131,56;132,56;27,96;27,17
2;Syngovia;pair;384;63;231;313;4142;100;2,5;4,24;196,29;6,5;152,56;158,56;215,96;209,53
2;Syngovia;state;385;63;235;16;159;100;2,2;2,46;0;0,34;160,56;160,56;5,26;5
2;Syngovia;transition;385;63;235;130;234;100;1,83;13,14;0;1,6;165,56;166,56;17,07;16,57
2;Syngovia;pair;385;63;235;372;3509;100;1,38;2,74;121,61;6,56;189,56;194,56;137,47;132,29
2;Syngovia;state;386;74;270;18;252;100;2,14;2,49;0;0,43;196,56;196,56;5,34;5,06
2;Syngovia;transition;386;74;270;155;269;100;1,94;34,74;0;2,58;202,56;204,56;39,78;39,26
2;Syngovia;pair;386;74;270;384;5071;100;2,16;5,06;271,15;5,63;221,33;27,33;291,05;284,01
2;Syngovia;state;387;59;227;16;155;100;1,34;1,87;0;0,26;29,33;29,33;3,66;3,46
2;Syngovia;transition;387;59;227;126;226;100;1,32;10,69;0;1,43;33,33;35,33;13,83;13,43
2;Syngovia;pair;387;59;227;320;2939;100;1,31;3,42;101,99;4,36;53,33;57,33;115,85;111,08
2;Syngovia;state;388;63;231;16;219;100;1,39;2,09;0;0,3;59,33;59,33;3,96;3,77
2;Syngovia;transition;388;63;231;126;230;100;1,98;25,3;0;2,7;64,33;66,33;30,56;29,98
2;Syngovia;pair;388;63;231;313;4142;100;1,74;2,63;152,97;4,21;86,33;92,33;165,55;161,55
2;Syngovia;state;389;70;273;18;180;100;1,87;2,12;0;0,29;94,33;94,33;4,45;4,28
2;Syngovia;transition;389;70;273;162;272;100;1,7;17,43;0;2,73;99,33;101,33;22,44;21,86
2;Syngovia;pair;389;70;273;412;3768;100;1,92;3,74;179,66;5,96;126,33;132,33;196,32;191,28
2;Syngovia;state;390;63;235;16;159;100;2,38;2,7;0;0,45;134,33;134,33;5,81;5,53
2;Syngovia;transition;390;63;235;128;234;100;1,82;13,68;0;1,9;139,33;140,33;17,95;17,4
2;Syngovia;pair;390;63;235;372;3509;100;1,81;4,87;120,04;4,86;162,33;168,33;136,86;131,58
2;Syngovia;state;391;63;235;16;159;100;1,78;2,29;0;0,3;169,33;170,33;4,58;4,37
2;Syngovia;transition;391;63;235;130;234;100;1,45;12,92;0;1,83;174,33;175,33;16,63;16,2
2;Syngovia;pair;391;63;235;372;3509;100;2,37;3,1;140,85;7,2;198,33;203,33;159,18;153,52
2;Syngovia;state;392;74;277;18;184;100;3,1;3,27;0;0,38;205,33;205,33;7,01;6,75
2;Syngovia;transition;392;74;277;160;276;100;2,54;23,75;0;2,65;211,33;212,33;29,66;28,93
2;Syngovia;pair;392;74;277;458;4317;100;2,37;5,93;244,64;7,97;221,33;37,74;267,7;260,91
2;Syngovia;state;393;63;235;16;159;100;2,59;2,63;0;0,41;39,74;39,74;5,86;5,62
2;Syngovia;transition;393;63;235;130;234;100;2,09;16,19;0;2,56;44,74;45,74;21,53;20,84
2;Syngovia;pair;393;63;235;372;3509;100;2,34;4,47;136,18;4,83;68,74;73,74;153,39;147,82
2;Syngovia;state;394;70;274;18;180;100;2,12;2,56;0;0,37;75,74;75,74;5,29;5,05
2;Syngovia;transition;394;70;274;163;273;100;2,61;19,64;0;3,53;80,74;82,74;26,56;25,78
2;Syngovia;pair;394;70;274;413;3790;100;2,98;6,79;165,62;5,26;108,74;113,74;187,17;180,65
2;Syngovia;state;395;74;276;18;184;100;2,09;2,6;0;0,43;115,74;116,74;5,4;5,13
2;Syngovia;transition;395;74;276;159;275;100;2,28;18,02;0;2,14;121,74;123,74;23,01;22,44
2;Syngovia;pair;395;74;276;456;4291;100;2,19;4,58;179;8,53;153,74;159,74;201,11;194,3
2;Syngovia;state;396;70;275;18;180;100;2,84;3,06;0;0,5;161,74;161,74;6,68;6,4
2;Syngovia;transition;396;70;275;164;274;100;2,6;25;0;3,32;167,74;168,74;31,56;30,92
2;Syngovia;pair;396;70;275;416;3810;100;2,66;6,06;196,37;7,76;194,74;200,74;220;212,85
2;Syngovia;state;397;74;273;18;184;100;2,7;3,19;0;0,48;202,74;202,74;6,65;6,36
2;Syngovia;transition;397;74;273;156;272;100;2,62;23,71;0;3,1;208,74;209,74;30,18;29,44
2;Syngovia;pair;397;74;273;445;4205;100;2,7;6,16;234,99;8,05;220,77;33,77;259,14;251,9
2;Syngovia;state;398;59;227;16;155;100;2,35;2,7;0;0,4;35,77;35,77;5,74;5,45
2;Syngovia;transition;398;59;227;126;226;100;2,16;16,55;0;2,41;40,77;41,77;21,76;21,12
2;Syngovia;pair;398;59;227;320;2939;100;2,13;4,46;112,39;5,9;59,77;64,77;130,63;124,88
2;Syngovia;state;399;74;281;18;252;100;2,89;3,4;0;0,55;66,77;66,77;7,12;6,84
2;Syngovia;transition;399;74;281;166;280;100;3,08;48,97;0;4,25;72,77;74,77;57,1;56,3
2;Syngovia;pair;399;74;281;417;5520;100;2,77;6,05;399,17;6,06;104,77;112,77;421,04;414,05
2;Syngovia;state;400;63;231;16;219;100;1,81;2,02;0;0,28;113,77;114,77;4,33;4,11
2;Syngovia;transition;400;63;231;126;230;100;1,41;26,76;0;3,02;119,77;120,77;31,87;31,19
2;Syngovia;pair;400;63;231;313;4142;100;2,17;2,74;185,62;6,19;140,77;146,77;202,14;196,71
