RunID;SPL Name;Coverage Type;Product Index;FTS States;FTS Transitions;Test Cases;Total Test Actions;Coverage(%);Projection Time(ms);Test Generation Time(ms);Transformation Time(ms);Test Execution Time(ms);Test Generation Peak Memory(MB);Test Execution Peak Memory(MB);Wall Clock Time(ms);Segment Sum Time(ms)
5;Syngovia;state;1;74;271;18;184;100;31,55;14,25;0;4,88;20,57;21,57;54,12;50,68
5;Syngovia;transition;1;74;271;154;270;100;7,17;84,1;0;8,83;28,83;10,83;103,77;100,1
5;Syngovia;pair;1;74;271;442;4159;100;3,95;10,51;257,74;19,69;40,83;49,83;323,42;291,89
5;Syngovia;state;2;70;274;18;180;100;4,55;5,56;0;0,75;51,83;51,83;13;10,86
5;Syngovia;transition;2;70;274;163;273;100;4,09;37,11;0;3,49;58,83;10,01;47,34;44,68
5;Syngovia;pair;2;70;274;416;3795;100;2,93;6,24;203,02;7,71;37,01;44,01;233,48;219,9
5;Syngovia;state;3;63;231;16;219;100;2,52;3,66;0;0,53;46,01;46,01;7,77;6,71
5;Syngovia;transition;3;63;231;126;230;100;2,42;34,17;0;3,98;51,01;53,01;43;40,58
5;Syngovia;pair;3;63;231;313;4142;100;2,69;3,15;189,86;12,7;74,01;80,01;220,07;208,39
5;Syngovia;state;4;74;283;18;184;100;4,87;6,67;0;0,86;82,01;82,01;13,58;12,4
5;Syngovia;transition;4;74;283;166;282;100;4,52;36,47;0;4,97;88,01;90,01;48,34;45,96
5;Syngovia;pair;4;74;283;477;4486;100;3,31;6,56;243,56;7,72;94,34;43,34;271,42;261,15
5;Syngovia;state;5;59;227;16;155;100;5,28;3,63;0;0,38;45,34;45,34;10,12;9,29
5;Syngovia;transition;5;59;227;126;226;100;2,36;16,9;0;2,3;50,34;51,34;23,1;21,56
5;Syngovia;pair;5;59;227;320;2939;100;2,49;4,25;93,3;3,94;70,34;74,34;110,54;103,99
5;Syngovia;state;6;63;235;16;159;100;2,17;2,54;0;0,33;76,34;76,34;6,12;5,04
5;Syngovia;transition;6;63;235;128;234;100;1,74;13,49;0;2,04;81,34;82,34;18,67;17,27
5;Syngovia;pair;6;63;235;372;3509;100;1,83;4,41;126,21;8,15;105,34;110,34;149,49;140,59
5;Syngovia;state;7;63;231;16;219;100;2,82;3,2;0;0,55;112,34;112,34;7,25;6,56
5;Syngovia;transition;7;63;231;126;230;100;2,87;28,92;0;3,26;118,34;119,34;36,56;35,05
5;Syngovia;pair;7;63;231;313;4142;100;2,24;3,79;176,95;7,82;140,34;146,34;201,14;190,79
5;Syngovia;state;8;74;274;18;184;100;3,01;3,84;0;0,5;148,34;148,34;8,03;7,35
5;Syngovia;transition;8;74;274;157;273;100;3,03;25,48;0;9,93;153,34;155,77;40,5;38,44
5;Syngovia;pair;8;74;274;450;4225;100;4,77;8,62;230,27;8,68;37,77;43,77;264,25;252,35
5;Syngovia;state;9;70;265;18;180;100;2,86;3,99;0;0,59;45,77;45,77;8,25;7,44
5;Syngovia;transition;9;70;265;154;264;100;3,22;26,04;0;3,98;50,77;52,77;35,13;33,24
5;Syngovia;pair;9;70;265;384;3542;100;3,72;6,42;149,25;7,83;76,77;81,77;176,77;167,21
5;Syngovia;state;10;74;281;18;252;100;3,65;4,38;0;0,75;83,77;84,77;9,73;8,78
5;Syngovia;transition;10;74;281;166;280;100;3,13;50,33;0;4;90,77;92,77;59,61;57,46
5;Syngovia;pair;10;74;281;418;5523;100;3,66;5,87;361,72;6,49;122,77;130,77;386,85;377,74
5;Syngovia;state;11;74;273;18;252;100;2,5;3,02;0;0,38;132,77;133,77;6,87;5,9
5;Syngovia;transition;11;74;273;158;272;100;2,26;36,02;0;4,27;139,77;141,77;45,07;42,55
5;Syngovia;pair;11;74;273;393;5200;100;2,5;5,42;340,65;8,04;169,77;176,77;364,47;356,6
5;Syngovia;state;12;74;273;18;184;100;2,92;3,65;0;1,13;178,77;178,77;8,6;7,7
5;Syngovia;transition;12;74;273;156;272;100;2,86;21,7;0;2,95;184,77;186,77;29,23;27,5
5;Syngovia;pair;12;74;273;445;4205;100;2,78;5,48;204,56;6,88;213,77;20,32;227,81;219,7
5;Syngovia;state;13;74;269;18;252;100;2,62;3,63;0;0,56;22,32;22,32;7,87;6,82
5;Syngovia;transition;13;74;269;154;268;100;2,64;40,12;0;2,85;28,32;30,32;47,37;45,61
5;Syngovia;pair;13;74;269;381;5028;100;2,8;4,99;359,94;8,52;55,32;63,32;385,52;376,25
5;Syngovia;state;14;74;271;18;252;100;3,2;4,22;0;0,58;65,32;65,32;8,89;8
5;Syngovia;transition;14;74;271;156;270;100;3,32;39,89;0;2,86;71,32;73,32;48,23;46,07
5;Syngovia;pair;14;74;271;387;5108;100;2,17;4,58;293,13;7,82;100,32;107,32;316,61;307,7
5;Syngovia;state;15;74;283;18;184;100;3,24;4,13;0;0,45;109,32;109,32;8,63;7,82
5;Syngovia;transition;15;74;283;166;282;100;3,14;25,28;0;2,98;115,32;117,32;33,22;31,39
5;Syngovia;pair;15;74;283;476;4483;100;3,1;6,32;209,75;7,41;149,32;155,32;234,97;226,58
5;Syngovia;state;16;70;269;18;180;100;2,52;3,18;0;0,42;157,32;158,32;6,84;6,12
5;Syngovia;transition;16;70;269;158;268;100;2,66;20,16;0;2,55;163,32;164,32;27,03;25,37
5;Syngovia;pair;16;70;269;395;3647;100;2,48;5,45;143,06;4,5;189,32;194,32;161,24;155,49
5;Syngovia;state;17;63;231;16;219;100;2,08;2,55;0;0,32;196,32;196,32;5,6;4,95
5;Syngovia;transition;17;63;231;126;230;100;1,68;19,87;0;2,01;201,32;203,32;24,87;23,55
5;Syngovia;pair;17;63;231;313;4142;100;2,05;3,65;152,27;5,54;211,56;26,56;169,18;163,51
5;Syngovia;state;18;70;266;18;180;100;2,32;2,94;0;0,44;28,56;28,56;6,38;5,7
5;Syngovia;transition;18;70;266;155;265;100;2,19;19,84;0;2,78;33,56;35,56;26,23;24,81
5;Syngovia;pair;18;70;266;387;3566;100;2,21;5,61;128,05;6,86;59,56;64,56;149,06;142,73
5;Syngovia;state;19;74;273;18;184;100;2,68;3,58;0;0,35;66,56;66,56;7,25;6,61
5;Syngovia;transition;19;74;273;156;272;100;2,62;20,81;0;3,05;71,56;73,56;29,22;26,48
5;Syngovia;pair;19;74;273;448;4211;100;2,38;6,2;179,08;6,96;102,56;109,56;201,01;194,61
5;Syngovia;state;20;59;227;16;155;100;1,92;2,54;0;0,35;110,56;110,56;5,34;4,8
5;Syngovia;transition;20;59;227;126;226;100;1,8;13,94;0;2,05;115,56;116,56;18,96;17,79
5;Syngovia;pair;20;59;227;320;2939;100;1,85;4,24;86,66;4,87;134,56;139,56;102,52;97,6
5;Syngovia;state;21;70;275;18;180;100;2,37;3,08;0;0,42;141,56;141,56;6,45;5,87
5;Syngovia;transition;21;70;275;164;274;100;2,25;23,13;0;3,14;146,56;148,56;30,2;28,51
5;Syngovia;pair;21;70;275;418;3820;100;2,64;4,36;160,08;4,99;174,56;180,56;177,23;172,07
5;Syngovia;state;22;63;235;16;159;100;1,53;2,08;0;0,29;182,56;182,56;4,54;3,9
5;Syngovia;transition;22;63;235;128;234;100;1,99;14,09;0;1,69;187,56;188,56;18,73;17,76
5;Syngovia;pair;22;63;235;372;3509;100;1,57;3,41;110,57;4,12;210,56;12,62;126,83;119,67
5;Syngovia;state;23;63;231;16;219;100;1,7;2,32;0;0,35;13,62;14,62;4,88;4,36
5;Syngovia;transition;23;63;231;126;230;100;2,23;23,56;0;1,89;19,62;20,62;29,06;27,68
5;Syngovia;pair;23;63;231;313;4142;100;1,82;4,5;178,3;5,83;40,62;46,62;195,49;190,46
5;Syngovia;state;24;70;267;18;180;100;2,36;3,16;0;0,4;48,62;48,62;6,49;5,92
5;Syngovia;transition;24;70;267;156;266;100;2,14;19,48;0;2,55;54,62;55,62;25,39;24,17
5;Syngovia;pair;24;70;267;390;3598;100;2,18;5,28;140,21;4,95;79,62;84,62;158,49;152,62
5;Syngovia;state;25;74;270;18;252;100;2,43;3,07;0;0,38;86,62;87,62;6,44;5,88
5;Syngovia;transition;25;74;270;155;269;100;2,21;35,83;0;2,66;93,62;95,62;42,12;40,7
5;Syngovia;pair;25;74;270;384;5068;100;2,15;5,2;427,31;8,04;121,62;128,62;448,43;442,7
5;Syngovia;state;26;74;269;18;252;100;2,52;3,5;0;0,53;130,62;130,62;7,17;6,54
5;Syngovia;transition;26;74;269;154;268;100;2,16;33,18;0;2,71;136,62;138,62;39,51;38,05
5;Syngovia;pair;26;74;269;381;5028;100;1,72;4,34;266,29;5,39;164,62;171,62;282,84;277,73
5;Syngovia;state;27;74;270;18;252;100;1,83;2,36;0;0,41;173,62;173,62;5,13;4,61
5;Syngovia;transition;27;74;270;155;269;100;2,09;34,19;0;4,45;179,62;181,62;42,56;40,73
5;Syngovia;pair;27;74;270;384;5068;100;2,48;4,17;290,73;9,91;207,62;211,62;313,41;307,29
5;Syngovia;state;28;74;279;18;252;100;2,04;2,76;0;0,57;12,55;12,55;6,07;5,37
5;Syngovia;transition;28;74;279;164;278;100;2,14;40,01;0;3,27;19,55;21,55;46,76;45,42
5;Syngovia;pair;28;74;279;411;5440;100;2,22;6,05;324,28;7,23;50,55;57,55;345,66;339,78
5;Syngovia;state;29;74;277;18;252;100;2,1;2,51;0;0,39;59,55;60,55;5,6;5
5;Syngovia;transition;29;74;277;162;276;100;2,29;36,52;0;3,44;66,55;68,55;43,77;42,25
5;Syngovia;pair;29;74;277;405;5364;100;2,26;4,25;313,74;7,03;96,55;104,55;333,12;327,29
5;Syngovia;state;30;70;264;18;180;100;2,15;2,7;0;0,43;106,55;106,55;5,91;5,28
5;Syngovia;transition;30;70;264;153;263;100;2,04;18,61;0;2,5;111,55;113,55;24,37;23,15
5;Syngovia;pair;30;70;264;382;3517;100;2,04;4,35;123,72;5,99;136,55;141,55;141,42;136,11
5;Syngovia;state;31;63;235;16;159;100;2,32;2,28;0;0,29;143,55;143,55;5,46;4,9
5;Syngovia;transition;31;63;235;130;234;100;1,78;14,89;0;2,13;148,55;149,55;20,18;18,8
5;Syngovia;pair;31;63;235;372;3509;100;1,85;3,97;132,13;4,71;172,55;177,55;147,19;142,65
5;Syngovia;state;32;63;231;16;219;100;1,9;2,52;0;0,48;179,55;179,55;5,55;4,9
5;Syngovia;transition;32;63;231;126;230;100;1,66;21,76;0;2,1;184,55;186,55;26,69;25,52
5;Syngovia;pair;32;63;231;313;4142;100;1,67;2,64;142,65;7,93;205,55;211,57;160,01;154,89
5;Syngovia;state;33;59;227;16;155;100;2,34;2,11;0;0,29;9,57;9,57;5,23;4,74
5;Syngovia;transition;33;59;227;126;226;100;1,82;12,79;0;1,51;14,57;15,57;17,12;16,12
5;Syngovia;pair;33;59;227;320;2939;100;2,24;3,95;87,51;3,66;33,57;38,57;101,83;97,36
5;Syngovia;state;34;74;274;18;184;100;2,45;3,32;0;0,46;39,57;40,57;6,84;6,24
5;Syngovia;transition;34;74;274;157;273;100;3,05;21,07;0;2,56;45,57;47,57;27,85;26,68
5;Syngovia;pair;34;74;274;448;4227;100;2,15;4,8;177,98;5,26;76,57;82,57;195,67;190,18
5;Syngovia;state;35;63;235;16;159;100;1,76;1,93;0;0,37;84,57;84,57;4,58;4,06
5;Syngovia;transition;35;63;235;128;234;100;1,61;12,05;0;1,68;89,57;90,57;16,23;15,34
5;Syngovia;pair;35;63;235;372;3509;100;1,92;2,8;118,01;5,58;113,57;118,57;132,92;128,32
5;Syngovia;state;36;70;275;18;180;100;2,09;2,93;0;0,42;120,57;120,57;5,96;5,44
5;Syngovia;transition;36;70;275;164;274;100;2,02;20,91;0;2,67;125,57;127,57;26,56;25,59
5;Syngovia;pair;36;70;275;418;3824;100;2,08;4,73;187,93;6,79;153,57;159,57;207,88;201,53
5;Syngovia;state;37;59;227;16;155;100;1,97;2,49;0;0,45;161,57;161,57;5,44;4,91
5;Syngovia;transition;37;59;227;126;226;100;1,95;15,38;0;2,04;165,57;166,57;20,37;19,36
5;Syngovia;pair;37;59;227;320;2939;100;1,95;3,95;95,34;3,65;185,57;189,57;109,49;104,89
5;Syngovia;state;38;70;267;18;180;100;1,67;2,13;0;0,3;191,57;191,57;4,49;4,09
5;Syngovia;transition;38;70;267;156;266;100;1,67;18,9;0;2,09;197,57;198,57;23,46;22,66
5;Syngovia;pair;38;70;267;389;3591;100;1,83;4,01;111,12;7,94;212,74;24,74;130,27;124,9
5;Syngovia;state;39;59;227;16;155;100;1,91;1,88;0;0,25;26,74;26,74;4,36;4,03
5;Syngovia;transition;39;59;227;126;226;100;1,32;12,29;0;2,4;31,74;32,74;16,87;16,01
5;Syngovia;pair;39;59;227;320;2939;100;1,6;2,53;101,94;5,81;50,74;54,74;116,39;111,87
5;Syngovia;state;40;63;235;16;159;100;2,19;2,81;0;0,41;56,74;56,74;5,89;5,41
5;Syngovia;transition;40;63;235;128;234;100;2,01;16,89;0;2,23;61,74;62,74;22,1;21,13
5;Syngovia;pair;40;63;235;372;3509;100;1,47;2,89;145;6,7;85,74;90,74;161,11;156,06
5;Syngovia;state;41;70;264;18;180;100;2,39;3,11;0;0,45;92,74;92,74;6,43;5,94
5;Syngovia;transition;41;70;264;153;263;100;2,32;22,18;0;3;97,74;99,74;28,6;27,5
5;Syngovia;pair;41;70;264;382;3517;100;2,32;5,18;150,7;5,9;122,74;127,74;169,94;164,1
5;Syngovia;state;42;70;266;18;180;100;2,25;2,67;0;0,39;129,74;129,74;5,75;5,31
5;Syngovia;transition;42;70;266;155;265;100;1,97;19,32;0;2,6;135,74;136,74;24,87;23,89
5;Syngovia;pair;42;70;266;387;3566;100;2,1;4,74;142,23;5,62;160,74;165,74;160,01;154,68
5;Syngovia;state;43;74;279;18;252;100;2,69;3,42;0;0,55;167,74;167,74;7,23;6,66
5;Syngovia;transition;43;74;279;164;278;100;2,73;46,13;0;4,13;174,74;176,74;54,55;52,98
5;Syngovia;pair;43;74;279;411;5440;100;2,75;5,66;382,63;11,29;205,74;211,74;409,71;402,34
5;Syngovia;state;44;70;275;18;180;100;2,63;3,23;0;0,43;10,64;11,64;6,72;6,29
5;Syngovia;transition;44;70;275;164;274;100;2,34;23,99;0;2,58;16,64;18,64;29,99;28,91
5;Syngovia;pair;44;70;275;418;3820;100;2,1;4,82;156,1;4,55;44,64;49,64;172,27;167,57
5;Syngovia;state;45;74;269;18;252;100;1,76;2,29;0;0,34;51,64;52,64;4,71;4,39
5;Syngovia;transition;45;74;269;154;268;100;1,76;31,69;0;3,19;58,64;60,64;37,39;36,64
5;Syngovia;pair;45;74;269;381;5028;100;1,99;4,7;306,63;5,12;85,64;92,64;323,56;318,44
5;Syngovia;state;46;74;282;18;184;100;1,73;2,81;0;0,39;94,64;95,64;5,27;4,93
5;Syngovia;transition;46;74;282;165;281;100;2,58;21,09;0;2,24;100,64;102,64;26,71;25,9
5;Syngovia;pair;46;74;282;470;4444;100;2;5;198,43;5,67;133,64;140,64;216,22;211,1
5;Syngovia;state;47;74;283;18;184;100;1,86;2,3;0;0,44;142,64;142,64;4,97;4,6
5;Syngovia;transition;47;74;283;166;282;100;1,9;20,23;0;2,22;148,64;150,64;25,15;24,35
5;Syngovia;pair;47;74;283;474;4475;100;2,07;4,88;206,75;7,61;181,64;188,64;227,39;221,32
5;Syngovia;state;48;74;270;18;252;100;2,1;2,87;0;0,46;190,64;190,64;5,87;5,44
5;Syngovia;transition;48;74;270;155;269;100;2,19;35,61;0;3,42;196,64;198,64;42,31;41,22
5;Syngovia;pair;48;74;270;384;5068;100;2,28;4,77;285,28;7;212,9;28,9;305,43;299,34
5;Syngovia;state;49;59;227;16;155;100;2,17;2,21;0;0,41;30,9;30,9;5,2;4,79
5;Syngovia;transition;49;59;227;129;226;100;2,3;13,29;0;2,35;34,9;36,9;18,66;17,94
5;Syngovia;pair;49;59;227;320;2939;100;1,41;2,8;84,17;3,4;54,9;58,9;95,11;91,79
5;Syngovia;state;50;70;265;18;180;100;1,66;2,18;0;0,32;60,9;61,9;4,48;4,16
5;Syngovia;transition;50;70;265;154;264;100;1,59;18,44;0;2,44;66,9;67,9;23,18;22,46
5;Syngovia;pair;50;70;265;384;3542;100;2,02;3,96;131,97;4,42;91,9;96,9;146,95;142,37
5;Syngovia;state;51;63;231;16;219;100;1,62;2,2;0;0,36;98,9;98,9;4,59;4,18
5;Syngovia;transition;51;63;231;126;230;100;1,68;22,57;0;2,35;103,9;105,9;27,32;26,6
5;Syngovia;pair;51;63;231;313;4142;100;1,52;3,83;175,92;5,79;125,9;130,9;192,25;187,06
5;Syngovia;state;52;74;270;18;252;100;2,14;2,76;0;0,47;132,9;133,9;5,76;5,37
5;Syngovia;transition;52;74;270;155;269;100;2,06;34,24;0;2,64;139,9;141,9;39,65;38,94
5;Syngovia;pair;52;74;270;384;5068;100;2,37;4,03;277,78;6,92;167,9;174,9;296,38;291,1
5;Syngovia;state;53;74;271;18;252;100;2,5;2,42;0;0,34;176,9;176,9;5,58;5,25
5;Syngovia;transition;53;74;271;156;270;100;1,77;35,1;0;3,42;182,9;184,9;41,24;40,29
5;Syngovia;pair;53;74;271;387;5114;100;2,28;4,22;271,28;5,37;210,9;14,64;292,39;283,15
5;Syngovia;state;54;74;281;18;252;100;1,8;2,64;0;0,55;16,64;16,64;5,5;4,99
5;Syngovia;transition;54;74;281;166;280;100;2,6;39,83;0;2,75;22,64;25,64;46,13;45,18
5;Syngovia;pair;54;74;281;417;5516;100;1,92;4,53;444,77;9,8;54,64;62,64;468,33;461,02
5;Syngovia;state;55;70;266;18;180;100;2,31;3,37;0;0,56;63,64;64,64;6,8;6,24
5;Syngovia;transition;55;70;266;155;265;100;2,36;22,39;0;3,15;69,64;70,64;29,48;27,91
5;Syngovia;pair;55;70;266;387;3566;100;2,62;5,6;172,63;7,22;94,64;99,64;194,73;188,07
5;Syngovia;state;56;74;278;18;252;100;2,59;3,54;0;0,64;101,64;102,64;7,42;6,77
5;Syngovia;transition;56;74;278;163;277;100;2,47;45,92;0;4,35;108,64;110,64;53,76;52,75
5;Syngovia;pair;56;74;278;408;5400;100;2,29;5,25;366,85;7,32;139,64;146,64;388,53;381,7
5;Syngovia;state;57;74;274;18;184;100;2,75;3,53;0;0,49;148,64;148,64;7,15;6,77
5;Syngovia;transition;57;74;274;157;273;100;2,62;19,19;0;2,92;154,64;155,64;25,71;24,74
5;Syngovia;pair;57;74;274;450;4225;100;2,36;5,15;197,72;5,95;185,64;191,64;216,76;211,19
5;Syngovia;state;58;70;267;18;180;100;2,19;2,91;0;0,46;193,64;193,64;6,02;5,57
5;Syngovia;transition;58;70;267;156;266;100;2,44;19,79;0;2,07;198,64;200,64;25,04;24,3
5;Syngovia;pair;58;70;267;389;3591;100;1,58;3,5;147,38;6,97;212,64;26,62;164,82;159,43
5;Syngovia;state;59;70;269;18;180;100;2,65;3,35;0;0,52;28,62;28,62;6,97;6,53
5;Syngovia;transition;59;70;269;158;268;100;2,69;23,98;0;3,06;33,62;35,62;31,02;29,73
5;Syngovia;pair;59;70;269;395;3647;100;6,93;6,68;175,67;6,13;59,62;65,62;202,47;195,41
5;Syngovia;state;60;70;275;18;180;100;1,89;3,23;0;0,49;67,62;67,62;6,14;5,61
5;Syngovia;transition;60;70;275;164;274;100;2,91;25,74;0;3,06;73,62;74,62;32,83;31,7
5;Syngovia;pair;60;70;275;418;3820;100;2,76;6,03;193,82;8,74;100,62;106,62;218,54;211,34
5;Syngovia;state;61;63;231;16;219;100;2,36;2,99;0;0,58;108,62;108,62;6,36;5,94
5;Syngovia;transition;61;63;231;126;230;100;2,38;28,78;0;3,46;113,62;115,62;35,44;34,61
5;Syngovia;pair;61;63;231;313;4142;100;2,43;4,58;212,81;6,94;135,62;141,62;233,05;226,76
5;Syngovia;state;62;70;270;18;180;100;2,66;3,46;0;0,49;143,62;143,62;7,06;6,61
5;Syngovia;transition;62;70;270;159;269;100;2,62;24,78;0;3,24;148,62;150,62;31,63;30,65
5;Syngovia;pair;62;70;270;401;3678;100;2,4;5,73;174,82;5,77;174,62;180,62;195;188,72
5;Syngovia;state;63;63;235;16;159;100;2,23;2,65;0;0,47;182,62;182,62;5,74;5,35
5;Syngovia;transition;63;63;235;128;234;100;2,22;17;0;2,34;186,62;188,62;22,31;21,55
5;Syngovia;pair;63;63;235;372;3509;100;2,19;3,8;128,63;6,38;210,62;11,58;161,29;140,99
5;Syngovia;state;64;74;272;18;184;100;2,49;3,31;0;0,41;13,58;14,58;6,55;6,21
5;Syngovia;transition;64;74;272;155;271;100;2,07;19,77;0;2,67;19,58;21,58;25,23;24,51
5;Syngovia;pair;64;74;272;443;4176;100;2,05;5,23;185,62;7,13;49,58;56,58;205,93;200,03
5;Syngovia;state;65;74;271;18;184;100;2,08;2,82;0;0,41;58,58;58,58;5,68;5,31
5;Syngovia;transition;65;74;271;154;270;100;2,13;19,09;0;2,45;63,58;65,58;24,46;23,67
5;Syngovia;pair;65;74;271;442;4159;100;2,13;5,11;188,5;6,82;93,58;99,58;208,41;202,57
5;Syngovia;state;66;74;267;18;252;100;2,1;2,75;0;0,47;101,58;102,58;5,69;5,33
5;Syngovia;transition;66;74;267;152;266;100;2;33,91;0;2,75;108,58;110,58;39,51;38,66
5;Syngovia;pair;66;74;267;375;4948;100;1,89;4,39;312,84;7,22;135,58;142,58;332,3;326,34
5;Syngovia;state;67;74;269;18;252;100;2,31;2,88;0;0,46;144,58;144,58;6,03;5,64
5;Syngovia;transition;67;74;269;154;268;100;2,13;35,28;0;3,18;150,58;152,58;41,64;40,59
5;Syngovia;pair;67;74;269;381;5028;100;2,1;4,7;313,12;6,06;177,58;184,58;336,33;325,97
5;Syngovia;state;68;70;267;18;180;100;1,93;2,72;0;0,49;186,58;187,58;5,56;5,14
5;Syngovia;transition;68;70;267;156;266;100;1,92;19,98;0;3,35;192,58;193,58;26,15;25,25
5;Syngovia;pair;68;70;267;390;3598;100;2,64;4,71;163,56;6,96;212,97;20,97;184,04;177,87
5;Syngovia;state;69;59;227;16;155;100;2,22;2,82;0;0,4;22,97;22,97;5,84;5,44
5;Syngovia;transition;69;59;227;126;226;100;2,02;15,92;0;2,31;26,97;27,97;21,13;20,26
5;Syngovia;pair;69;59;227;320;2939;100;2,14;4,37;111,8;5,62;46,97;50,97;129,67;123,92
5;Syngovia;state;70;63;231;16;219;100;1,43;1,99;0;0,35;52,97;52,97;4,12;3,78
5;Syngovia;transition;70;63;231;126;230;100;1,55;22,62;0;2,33;57,97;59,97;27,3;26,5
5;Syngovia;pair;70;63;231;313;4142;100;1,74;3,58;178,33;6,85;79,97;84,97;196,31;190,5
5;Syngovia;state;71;63;231;16;219;100;2,21;3,01;0;0,46;86,97;87,97;6,16;5,68
5;Syngovia;transition;71;63;231;126;230;100;2,24;25,43;0;3,18;92,97;93,97;31,59;30,84
5;Syngovia;pair;71;63;231;313;4142;100;2,31;4,05;189,57;5,9;113,97;119,97;206,48;201,83
5;Syngovia;state;72;74;273;18;184;100;2,44;3,46;0;0,52;121,97;121,97;6,8;6,42
5;Syngovia;transition;72;74;273;156;272;100;2,67;18,73;0;3,02;127,97;128,97;25,46;24,42
5;Syngovia;pair;72;74;273;448;4211;100;2,61;6,93;208,82;6,58;157,97;164,97;231,92;224,95
5;Syngovia;state;73;74;271;18;252;100;2,42;2,92;0;0,76;166,97;166,97;6,63;6,1
5;Syngovia;transition;73;74;271;156;270;100;3,78;38,59;0;2,73;172,97;174,97;46,07;45,11
5;Syngovia;pair;73;74;271;387;5108;100;2,37;4,59;305,09;7,44;200,97;207,97;326,4;319,48
5;Syngovia;state;74;74;272;18;184;100;2,31;3,77;0;0,35;209,97;210,97;6,82;6,43
5;Syngovia;transition;74;74;272;155;271;100;2,07;41,61;0;2,21;212,97;11,7;46,91;45,88
5;Syngovia;pair;74;74;272;446;4180;100;1,79;4,25;190,97;6,86;40,7;46,7;209,27;203,86
5;Syngovia;state;75;74;270;18;252;100;2,03;2,73;0;0,45;48,7;49,7;5,6;5,21
5;Syngovia;transition;75;74;270;155;269;100;2,05;35,04;0;3,09;55,7;57,7;41,36;40,18
5;Syngovia;pair;75;74;270;384;5068;100;2,03;4,54;286,29;9,55;83,7;90,7;309,18;302,42
5;Syngovia;state;76;70;268;18;180;100;3,3;3,28;0;0,41;92,7;92,7;7,37;6,98
5;Syngovia;transition;76;70;268;157;267;100;2,32;22,92;0;2,64;97,7;99,7;28,84;27,87
5;Syngovia;pair;76;70;268;392;3619;100;2,63;3,46;136,96;6,33;123,7;128,7;154,72;149,38
5;Syngovia;state;77;70;264;18;180;100;2,08;2,64;0;0,39;130,7;130,7;5,44;5,11
5;Syngovia;transition;77;70;264;153;263;100;1,87;18,85;0;2,74;136,7;137,7;24,3;23,46
5;Syngovia;pair;77;70;264;382;3517;100;2,28;3,77;127,63;4,91;160,7;166,7;144,1;138,59
5;Syngovia;state;78;74;273;18;184;100;2,59;2,84;0;0,43;168,7;168,7;6,24;5,87
5;Syngovia;transition;78;74;273;156;272;100;2,24;19,74;0;2,46;173,7;175,7;25,26;24,44
5;Syngovia;pair;78;74;273;445;4205;100;2,07;4,91;178,79;6,61;204,7;210,7;198,18;192,37
5;Syngovia;state;79;70;277;18;180;100;2,12;16,2;0;0,26;212,7;7,6;18,89;18,58
5;Syngovia;transition;79;70;277;166;276;100;2,66;23,21;0;2,86;13,6;14,6;29,63;28,73
5;Syngovia;pair;79;70;277;424;3872;100;2,12;4,52;160,71;5,15;41,6;47,6;178,3;172,5
5;Syngovia;state;80;70;277;18;180;100;1,87;2,46;0;0,32;49,6;49,6;4,97;4,64
5;Syngovia;transition;80;70;277;166;276;100;1,89;19,24;0;2,93;55,6;56,6;24,75;24,06
5;Syngovia;pair;80;70;277;424;3872;100;2,25;5,88;176,16;5,05;83,6;89,6;194,93;189,34
5;Syngovia;state;81;74;282;18;252;100;1,88;2,6;0;0,46;91,6;91,6;5,3;4,94
5;Syngovia;transition;81;74;282;167;281;100;1,84;40,43;0;3,59;97,6;100,6;46,67;45,86
5;Syngovia;pair;81;74;282;421;5565;100;2,33;5,09;360,12;7,88;129,6;137,6;381,97;375,42
5;Syngovia;state;82;74;269;18;252;100;2,26;2,72;0;0,45;139,6;139,6;5,77;5,43
5;Syngovia;transition;82;74;269;154;268;100;2,04;34,7;0;3,18;145,6;147,6;40,74;39,92
5;Syngovia;pair;82;74;269;381;5028;100;2,09;4,39;275,01;7,07;173,6;180,6;294,46;288,56
5;Syngovia;state;83;59;227;16;155;100;1,69;2,14;0;0,33;182,6;182,6;4,49;4,15
5;Syngovia;transition;83;59;227;126;226;100;1,61;13,06;0;2,01;186,6;188,6;17,31;16,69
5;Syngovia;pair;83;59;227;320;2939;100;1,69;3,43;87,03;3,95;206,6;210,6;100,57;96,09
5;Syngovia;state;84;74;268;18;252;100;1,74;4,84;0;0,47;212,6;8,56;7,47;7,05
5;Syngovia;transition;84;74;268;153;267;100;1,76;35,19;0;2,69;13,56;16,56;40,29;39,63
5;Syngovia;pair;84;74;268;378;4988;100;1,86;4,53;274,29;6,55;41,56;48,56;293,42;287,23
5;Syngovia;state;85;74;274;18;184;100;1,85;2,28;0;0,32;50,56;50,56;4,75;4,45
5;Syngovia;transition;85;74;274;157;273;100;2,51;18,07;0;2,61;55,56;57,56;23,92;23,19
5;Syngovia;pair;85;74;274;448;4227;100;1,74;4,25;173,77;5,41;86,56;93,56;190,01;185,17
5;Syngovia;state;86;74;270;18;252;100;1,9;2,31;0;0,45;95,56;95,56;5,1;4,66
5;Syngovia;transition;86;74;270;155;269;100;1,59;29,31;0;2,43;101,56;103,56;34,05;33,34
5;Syngovia;pair;86;74;270;384;5071;100;2,2;3,17;279,93;9,49;129,56;136,56;301,55;294,79
5;Syngovia;state;87;70;268;18;180;100;2,55;3,26;0;0,49;138,56;138,56;6,75;6,3
5;Syngovia;transition;87;70;268;157;267;100;2,56;23,7;0;3,36;143,56;145,56;30,46;29,62
5;Syngovia;pair;87;70;268;392;3619;100;2,67;5,78;156,93;6,99;169,56;174,56;179,04;172,37
5;Syngovia;state;88;74;273;18;252;100;2,69;3,22;0;0,53;176,56;177,56;6,85;6,44
5;Syngovia;transition;88;74;273;158;272;100;2,57;42,98;0;4,2;183,56;185,56;50,64;49,75
5;Syngovia;pair;88;74;273;394;5202;100;2,83;5,65;356,44;6,65;213,79;15,79;377,62;371,57
5;Syngovia;state;89;74;283;18;184;100;2;2,44;0;0,33;17,79;17,79;5,07;4,77
5;Syngovia;transition;89;74;283;166;282;100;1,97;18,25;0;2,27;23,79;25,79;23,08;22,49
5;Syngovia;pair;89;74;283;474;4484;100;2,13;4,88;224,16;6,23;56,79;63,79;242,35;237,4
5;Syngovia;state;90;74;273;18;252;100;1,93;2,9;0;0,42;65,79;65,79;5,67;5,25
5;Syngovia;transition;90;74;273;158;272;100;1,92;41,29;0;3,86;72,79;74,79;47,93;47,07
5;Syngovia;pair;90;74;273;394;5202;100;2,42;5,24;329,33;5,85;100,79;108,79;348,95;342,83
5;Syngovia;state;91;74;279;18;252;100;2,12;2,68;0;0,46;110,79;110,79;5,65;5,25
5;Syngovia;transition;91;74;279;164;278;100;2,27;37,39;0;3,73;116,79;119,79;44,41;43,4
5;Syngovia;pair;91;74;279;411;5440;100;2,13;5,55;365,21;6,67;147,79;155,79;385,67;379,55
5;Syngovia;state;92;70;267;18;180;100;2,08;2,46;0;0,34;157,79;157,79;5,28;4,87
5;Syngovia;transition;92;70;267;156;266;100;2,05;18,02;0;2,43;162,79;164,79;23,42;22,51
5;Syngovia;pair;92;70;267;390;3598;100;2;3,94;136,43;5,12;188,79;193,79;152,45;147,5
5;Syngovia;state;93;74;279;18;252;100;2,18;2,71;0;0,45;195,79;196,79;5,76;5,34
5;Syngovia;transition;93;74;279;164;278;100;2,08;36,78;0;3,28;202,79;204,79;43,13;42,14
5;Syngovia;pair;93;74;279;411;5440;100;2,63;4,18;374,3;5,94;212,79;37,6;393,15;387,05
5;Syngovia;state;94;70;276;18;180;100;2,11;2,28;0;0,3;38,6;39,6;5,05;4,69
5;Syngovia;transition;94;70;276;165;275;100;1,72;17,24;0;2,19;44,6;46,6;21,84;21,15
5;Syngovia;pair;94;70;276;422;3849;100;1,91;4,02;154,61;4,89;72,6;78,6;170,9;165,43
5;Syngovia;state;95;74;270;18;252;100;1,74;2,25;0;0,57;80,6;80,6;5,04;4,56
5;Syngovia;transition;95;74;270;155;269;100;1,91;36;0;3,1;86,6;88,6;41,99;41,02
5;Syngovia;pair;95;74;270;384;5071;100;2;4,57;289,64;7,36;114,6;121,6;309,53;303,58
5;Syngovia;state;96;63;231;16;219;100;1,82;2,48;0;0,38;123,6;123,6;5,04;4,69
5;Syngovia;transition;96;63;231;126;230;100;1,76;23,06;0;2,68;128,6;130,6;28,26;27,49
5;Syngovia;pair;96;63;231;313;4142;100;1,83;3,44;180,1;5,38;150,6;156,6;195,48;190,74
5;Syngovia;state;97;63;231;16;219;100;1,75;2,33;0;0,46;158,6;158,6;5,1;4,54
5;Syngovia;transition;97;63;231;126;230;100;1,92;23,77;0;2,73;163,6;165,6;29,1;28,41
5;Syngovia;pair;97;63;231;313;4142;100;1,31;3,35;170,24;5,92;185,6;190,6;186,02;180,83
5;Syngovia;state;98;63;231;16;219;100;1,79;2,34;0;0,39;192,6;192,6;4,86;4,52
5;Syngovia;transition;98;63;231;126;230;100;1,77;23,26;0;2,54;197,6;199,6;28,26;27,57
5;Syngovia;pair;98;63;231;313;4142;100;1,72;3,66;155,33;5,23;212,97;21,97;170,72;165,93
5;Syngovia;state;99;74;270;18;252;100;2,18;2,45;0;0,45;23,97;23,97;5,45;5,08
5;Syngovia;transition;99;74;270;155;269;100;2,19;34,15;0;2,85;29,97;31,97;40,12;39,19
5;Syngovia;pair;99;74;270;384;5068;100;1,7;3,77;316,13;8,29;57,97;64,97;336,47;329,89
5;Syngovia;state;100;70;266;18;180;100;2,28;3,08;0;0,42;66,97;66,97;6,12;5,77
5;Syngovia;transition;100;70;266;155;265;100;2,33;21,37;0;2,83;72,97;73,97;27,31;26,53
5;Syngovia;pair;100;70;266;387;3566;100;2,19;3,88;146,28;6,72;97,97;102,97;164,87;159,06
5;Syngovia;state;101;59;227;16;155;100;1,93;2,65;0;0,41;104,97;104,97;5,39;4,99
5;Syngovia;transition;101;59;227;126;226;100;1,55;15,63;0;2,13;108,97;110,97;20,08;19,31
5;Syngovia;pair;101;59;227;320;2939;100;1,54;2,94;105,65;5,49;128,97;132,97;120,47;115,62
5;Syngovia;state;102;74;273;18;184;100;2,5;3,18;0;0,5;134,97;135,97;6,7;6,18
5;Syngovia;transition;102;74;273;156;272;100;2,47;21,66;0;3,28;140,97;141,97;28,33;27,41
5;Syngovia;pair;102;74;273;445;4205;100;2,66;5,15;202,71;7,39;171,97;177,97;224,19;217,92
5;Syngovia;state;103;63;231;16;219;100;2,18;2,77;0;0,48;179,97;179,97;6,03;5,43
5;Syngovia;transition;103;63;231;126;230;100;2,01;27,66;0;7,44;184,97;186,97;38,1;37,1
5;Syngovia;pair;103;63;231;313;4142;100;6,31;3,99;180,06;5,96;205,97;211,97;201,68;196,32
5;Syngovia;state;104;74;274;18;184;100;4,43;2,85;0;0,41;8,54;9,54;8,05;7,69
5;Syngovia;transition;104;74;274;157;273;100;2,19;19,02;0;2,66;14,54;15,54;24,68;23,87
5;Syngovia;pair;104;74;274;450;4239;100;2,2;5,01;207,04;7,61;45,54;51,54;227,67;221,86
5;Syngovia;state;105;63;231;16;219;100;1,89;2,22;0;0,39;53,54;53,54;4,84;4,5
5;Syngovia;transition;105;63;231;126;230;100;1,9;22,95;0;2,65;58,54;60,54;28,2;27,5
5;Syngovia;pair;105;63;231;313;4142;100;1,77;3,53;183,65;4,7;80,54;86,54;198,22;193,65
5;Syngovia;state;106;63;235;16;159;100;1,99;2,08;0;0,3;88,54;88,54;4,71;4,37
5;Syngovia;transition;106;63;235;130;234;100;1,74;12,48;0;1,64;92,54;94,54;16,43;15,86
5;Syngovia;pair;106;63;235;372;3509;100;1,58;3,76;135,01;6,34;116,54;122,54;151,81;146,69
5;Syngovia;state;107;63;231;16;219;100;2,25;2,65;0;0,31;123,54;124,54;5,54;5,21
5;Syngovia;transition;107;63;231;126;230;100;1,38;25,32;0;2,78;129,54;130,54;30,33;29,48
5;Syngovia;pair;107;63;231;313;4142;100;2,2;3,44;196,59;6,03;150,54;156,54;213,32;208,26
5;Syngovia;state;108;59;227;16;155;100;1,73;2,16;0;0,32;158,54;158,54;4,49;4,21
5;Syngovia;transition;108;59;227;126;226;100;1,72;14,2;0;1,9;162,54;164,54;18,54;17,83
5;Syngovia;pair;108;59;227;320;2939;100;1,71;3,42;101,1;5,96;182,54;186,54;117,02;112,19
5;Syngovia;state;109;63;231;16;219;100;2,13;2,78;0;0,48;188,54;188,54;5,77;5,39
5;Syngovia;transition;109;63;231;126;230;100;2,08;27,79;0;3,04;193,54;195,54;33,69;32,91
5;Syngovia;pair;109;63;231;313;4142;100;2,11;4,28;216,64;6,58;214,2;18,2;235,58;229,62
5;Syngovia;state;110;70;266;18;180;100;2,57;3,14;0;0,47;20,2;20,2;6,63;6,18
5;Syngovia;transition;110;70;266;155;265;100;2,27;21,86;0;2,99;25,2;27,2;27,85;27,12
5;Syngovia;pair;110;70;266;387;3570;100;2,21;5,5;158,35;5,65;50,2;56,2;178,12;171,7
5;Syngovia;state;111;74;269;18;252;100;2,16;2,41;0;0,45;58,2;58,2;5,46;5,02
5;Syngovia;transition;111;74;269;154;268;100;2,21;36,2;0;3;64,2;66,2;42,26;41,41
5;Syngovia;pair;111;74;269;381;5028;100;4,07;5,19;298,36;7,17;92,2;99,2;321,5;314,78
5;Syngovia;state;112;59;227;16;155;100;1,65;2,19;0;0,35;100,2;101,2;4,47;4,19
5;Syngovia;transition;112;59;227;126;226;100;1,64;13,27;0;2,03;105,2;106,2;17,56;16,95
5;Syngovia;pair;112;59;227;320;2939;100;1,68;3,34;87,35;4,24;124,2;129,2;100,92;96,62
5;Syngovia;state;113;70;266;18;180;100;1,8;2,81;0;0,34;131,2;131,2;5,26;4,94
5;Syngovia;transition;113;70;266;155;265;100;1,89;20,08;0;3,19;136,2;138,2;26,02;25,16
5;Syngovia;pair;113;70;266;387;3570;100;2,22;4,96;143,03;5,91;161,2;167,2;162,22;156,12
5;Syngovia;state;114;59;227;16;155;100;1,33;1,69;0;0,25;168,2;169,2;3,52;3,27
5;Syngovia;transition;114;59;227;126;226;100;1,83;13,46;0;1,92;173,2;174,2;17,74;17,21
5;Syngovia;pair;114;59;227;320;2939;100;1,85;2,48;95,82;4,67;193,2;197,2;109,69;104,82
5;Syngovia;state;115;70;274;18;180;100;2,1;2,79;0;0,4;199,2;199,2;5,61;5,3
5;Syngovia;transition;115;70;274;163;273;100;1,87;17,34;0;2,05;205,2;206,2;21,96;21,26
5;Syngovia;pair;115;70;274;413;3790;100;1,63;3,96;155,35;6,05;213,2;33,51;172,05;166,99
5;Syngovia;state;116;70;266;18;180;100;1,99;2,51;0;0,4;35,51;35,51;5,19;4,89
5;Syngovia;transition;116;70;266;155;265;100;1,91;18,57;0;2,54;40,51;42,51;23,66;23,02
5;Syngovia;pair;116;70;266;387;3570;100;1,92;4,46;131,53;5,18;65,51;71,51;148,46;143,09
5;Syngovia;state;117;74;274;18;184;100;1,86;3;0;0,47;73,51;73,51;5,73;5,34
5;Syngovia;transition;117;74;274;157;273;100;2,12;20,77;0;2,11;78,51;80,51;25,63;25
5;Syngovia;pair;117;74;274;449;4233;100;2,73;5,99;187,44;5,76;109,51;115,51;208,11;201,92
5;Syngovia;state;118;74;268;18;252;100;1,92;3,02;0;0,55;117,51;118,51;5,91;5,49
5;Syngovia;transition;118;74;268;153;267;100;2,43;36,92;0;3,42;124,51;126,51;44;42,77
5;Syngovia;pair;118;74;268;378;4988;100;1,83;4,38;304,85;6,37;151,51;158,51;323,08;317,43
5;Syngovia;state;119;70;275;18;180;100;1,75;2,51;0;0,33;160,51;160,51;4,88;4,59
5;Syngovia;transition;119;70;275;164;274;100;1,82;19,03;0;2,45;166,51;167,51;23,86;23,3
5;Syngovia;pair;119;70;275;418;3820;100;2,53;5,63;188,36;7,09;193,51;199,51;209,81;203,61
5;Syngovia;state;120;70;275;18;180;100;2,44;3,12;0;0,45;201,51;201,51;6,43;6,01
5;Syngovia;transition;120;70;275;164;274;100;2,63;22,24;0;2,18;207,51;208,51;27,73;27,05
5;Syngovia;pair;120;70;275;418;3820;100;1,96;4,25;161,23;5,15;213,22;36,22;177,79;172,58
5;Syngovia;state;121;59;227;16;155;100;1,71;2,13;0;0,29;38,22;38,22;4,47;4,13
5;Syngovia;transition;121;59;227;129;226;100;1,77;14,68;0;2,67;43,22;44,22;19,77;19,11
5;Syngovia;pair;121;59;227;320;2939;100;2,26;3,95;95,38;4,45;62,22;67,22;110,61;106,03
5;Syngovia;state;122;63;231;16;219;100;2,02;2,77;0;0,47;68,22;69,22;5,61;5,26
5;Syngovia;transition;122;63;231;126;230;100;1,98;27,64;0;2,92;74,22;75,22;33,26;32,54
5;Syngovia;pair;122;63;231;313;4142;100;2,18;4,17;209,69;7,18;95,22;101,22;229,31;223,21
5;Syngovia;state;123;74;283;18;184;100;2,85;3,26;0;0,49;103,22;103,22;7,04;6,6
5;Syngovia;transition;123;74;283;166;282;100;2,55;26,6;0;3,19;109,22;111,22;33,14;32,34
5;Syngovia;pair;123;74;283;474;4475;100;2,61;6,26;243,56;7,99;142,22;149,22;266,73;260,42
5;Syngovia;state;124;74;271;18;184;100;2,21;2,61;0;0,44;151,22;151,22;5,55;5,26
5;Syngovia;transition;124;74;271;154;270;100;2,19;18,05;0;2,06;156,22;158,22;22,96;22,3
5;Syngovia;pair;124;74;271;442;4159;100;2,03;3,87;198,15;6,32;187,22;193,22;216,49;210,38
5;Syngovia;state;125;59;227;16;155;100;1,9;2,07;0;0,3;195,22;195,22;4,54;4,26
5;Syngovia;transition;125;59;227;129;226;100;2,57;15,92;0;2,3;199,22;200,22;21,43;20,79
5;Syngovia;pair;125;59;227;320;2939;100;2,09;4,16;89,29;4,26;214,22;18,7;103,77;99,79
5;Syngovia;state;126;70;267;18;180;100;1,86;2,14;0;0,37;20,7;20,7;4,67;4,36
5;Syngovia;transition;126;70;267;156;266;100;1,73;20,97;0;2,63;25,7;27,7;26;25,33
5;Syngovia;pair;126;70;267;390;3598;100;1,93;4,34;135,36;4,99;51,7;56,7;151,56;146,62
5;Syngovia;state;127;63;231;16;219;100;1,37;1,67;0;0,37;58,7;58,7;3,64;3,4
5;Syngovia;transition;127;63;231;126;230;100;1,53;22,83;0;2,92;63,7;65,7;27,97;27,28
5;Syngovia;pair;127;63;231;313;4142;100;1,99;4,11;187,21;5,41;85,7;91,7;204,03;198,72
5;Syngovia;state;128;74;284;18;184;100;1,99;2,11;0;0,34;93,7;93,7;4,68;4,44
5;Syngovia;transition;128;74;284;167;283;100;1,97;19,63;0;2,28;99,7;101,7;24,47;23,89
5;Syngovia;pair;128;74;284;478;4512;100;2,02;4,27;241,98;7,27;133,7;139,7;261,46;255,53
5;Syngovia;state;129;74;270;18;252;100;2,05;3,02;0;0,42;141,7;142,7;5,81;5,49
5;Syngovia;transition;129;74;270;155;269;100;1,88;41,57;0;4,2;148,7;150,7;48,66;47,65
5;Syngovia;pair;129;74;270;384;5068;100;2,78;6,12;298,73;7,32;176,7;183,7;321,7;314,94
5;Syngovia;state;130;74;275;18;184;100;2,08;2,57;0;0,42;185,7;185,7;5,34;5,07
5;Syngovia;transition;130;74;275;158;274;100;2,18;20,46;0;2,7;190,7;192,7;26,02;25,34
5;Syngovia;pair;130;74;275;453;4259;100;2,14;5,35;187,45;6,11;213,09;25,09;206,6;201,05
5;Syngovia;state;131;74;268;18;252;100;2,27;2,49;0;0,51;27,09;27,09;5,71;5,28
5;Syngovia;transition;131;74;268;153;267;100;2,1;34,01;0;2,41;33,09;35,09;39,19;38,51
5;Syngovia;pair;131;74;268;378;4988;100;1,84;5,15;276,13;6,92;60,09;67,09;296,26;290,04
5;Syngovia;state;132;74;273;18;184;100;2,22;2,53;0;0,4;69,09;70,09;5,42;5,15
5;Syngovia;transition;132;74;273;156;272;100;1,96;18,39;0;2,55;75,09;77,09;23,48;22,9
5;Syngovia;pair;132;74;273;447;4210;100;2,03;4,83;164,94;5,69;106,09;112,09;182,42;177,5
5;Syngovia;state;133;59;227;16;155;100;1,56;1,86;0;0,34;114,09;114,09;4,03;3,76
5;Syngovia;transition;133;59;227;129;226;100;1,55;14,13;0;2,14;118,09;119,09;18,52;17,83
5;Syngovia;pair;133;59;227;320;2939;100;1,49;3,06;96,58;3,4;138,09;142,09;108,38;104,53
5;Syngovia;state;134;63;235;16;159;100;1,98;1,92;0;0,32;144,09;144,09;4,47;4,22
5;Syngovia;transition;134;63;235;128;234;100;1,4;15,5;0;2,58;149,09;150,09;20,2;19,48
5;Syngovia;pair;134;63;235;372;3509;100;2,32;4,62;121,54;4,84;173,09;178,09;139,07;133,31
5;Syngovia;state;135;70;268;18;180;100;1,67;2,07;0;0,32;180,09;180,09;4,37;4,06
5;Syngovia;transition;135;70;268;157;267;100;1,61;18,46;0;3,06;185,09;187,09;23,86;23,14
5;Syngovia;pair;135;70;268;392;3619;100;2,52;4,96;151,13;5,97;211,09;10,79;184,07;164,57
5;Syngovia;state;136;63;231;16;219;100;1,82;2,19;0;0,37;12,79;12,79;4,64;4,38
5;Syngovia;transition;136;63;231;126;230;100;1,9;24,18;0;2,91;17,79;19,79;29,65;28,99
5;Syngovia;pair;136;63;231;313;4142;100;2,33;3,8;174,15;6,74;39,79;45,79;197,95;187,01
5;Syngovia;state;137;74;278;18;184;100;2,59;3,33;0;0,42;47,79;47,79;6,64;6,34
5;Syngovia;transition;137;74;278;161;277;100;2,25;22,64;0;3,08;53,79;54,79;28,72;27,97
5;Syngovia;pair;137;74;278;462;4343;100;2,2;6,11;189,62;6,28;85,79;91,79;210,21;204,21
5;Syngovia;state;138;63;235;16;159;100;1,97;1,8;0;0,24;93,79;93,79;4,2;4,01
5;Syngovia;transition;138;63;235;128;234;100;1,31;11,18;0;1,56;98,79;99,79;14,47;14,04
5;Syngovia;pair;138;63;235;372;3509;100;1,37;2,8;121,97;4,25;122,79;127,79;134,26;130,39
5;Syngovia;state;139;74;280;18;184;100;2,45;2,23;0;0,41;129,79;129,79;5,39;5,09
5;Syngovia;transition;139;74;280;163;279;100;1,82;17,74;0;1,91;135,79;136,79;22,14;21,47
5;Syngovia;pair;139;74;280;464;4392;100;2,03;4,61;179,04;6,63;167,79;174,79;197,73;192,3
5;Syngovia;state;140;74;267;18;252;100;2,23;2,42;0;0,32;176,79;176,79;5,22;4,97
5;Syngovia;transition;140;74;267;152;266;100;1,44;34,43;0;3,37;182,79;184,79;40,08;39,24
5;Syngovia;pair;140;74;267;375;4948;100;2,41;4,96;278,35;12,06;209,79;212,79;303,9;297,79
5;Syngovia;state;141;74;269;18;252;100;2,19;3,1;0;0,54;13,61;13,61;6,18;5,84
5;Syngovia;transition;141;74;269;154;268;100;2,46;38,47;0;2,54;19,61;21,61;44,23;43,48
5;Syngovia;pair;141;74;269;381;5028;100;2,07;4,1;248,16;7,15;47,61;54,61;267,22;261,47
5;Syngovia;state;142;70;276;18;180;100;2,14;2,53;0;0,47;56,61;56,61;5,41;5,13
5;Syngovia;transition;142;70;276;165;275;100;2,13;20,31;0;3,13;61,61;63,61;26,21;25,57
5;Syngovia;pair;142;70;276;421;3846;100;2,43;5,16;173,76;5,17;90,61;95,61;191,77;186,52
5;Syngovia;state;143;74;269;18;252;100;1,69;2,11;0;0,4;97,61;98,61;4,44;4,19
5;Syngovia;transition;143;74;269;154;268;100;1,82;33,36;0;3,1;104,61;106,61;38,88;38,28
5;Syngovia;pair;143;74;269;381;5028;100;1,99;3,48;318,46;6,19;131,61;138,61;335;330,12
5;Syngovia;state;144;74;273;18;184;100;1,74;2,31;0;0,39;140,61;140,61;4,72;4,45
5;Syngovia;transition;144;74;273;156;272;100;2,18;16,77;0;2,19;146,61;147,61;21,75;21,14
5;Syngovia;pair;144;74;273;445;4205;100;2,03;4,37;207,43;5,53;177,61;183,61;224,3;219,36
5;Syngovia;state;145;74;281;18;252;100;2,41;3,17;0;0,35;185,61;185,61;6,26;5,92
5;Syngovia;transition;145;74;281;166;280;100;2,33;39,14;0;2,79;191,61;194,61;45,16;44,25
5;Syngovia;pair;145;74;281;417;5516;100;2,02;5,03;327,41;6,5;214,3;28,3;346,92;340,96
5;Syngovia;state;146;74;277;18;252;100;2;2,14;0;0,49;30,3;30,3;4,92;4,64
5;Syngovia;transition;146;74;277;162;276;100;1,83;33,83;0;2,71;36,3;38,3;39,01;38,37
5;Syngovia;pair;146;74;277;405;5360;100;1,86;3,87;301,97;6,44;67,3;74,3;320,03;314,14
5;Syngovia;state;147;63;231;16;219;100;1,66;2,5;0;0,44;76,3;76,3;4,89;4,59
5;Syngovia;transition;147;63;231;126;230;100;2,13;22,66;0;2,79;81,3;83,3;28,3;27,57
5;Syngovia;pair;147;63;231;313;4142;100;1,74;3,92;188,03;6,91;103,3;109,3;205,89;200,6
5;Syngovia;state;148;74;272;18;184;100;2,53;3,16;0;0,51;111,3;111,3;6,55;6,2
5;Syngovia;transition;148;74;272;155;271;100;2,6;22,83;0;3,12;116,3;118,3;29,37;28,55
5;Syngovia;pair;148;74;272;444;4173;100;2,64;5,61;203,49;6,32;146,3;153,3;224,78;218,07
5;Syngovia;state;149;74;273;18;252;100;2,35;3,06;0;0,52;155,3;155,3;6,24;5,93
5;Syngovia;transition;149;74;273;158;272;100;2,53;42,01;0;3,9;161,3;163,3;49,23;48,45
5;Syngovia;pair;149;74;273;394;5202;100;2,54;5,2;338,34;6,81;190,3;197,3;359,24;352,89
5;Syngovia;state;150;74;275;18;184;100;2,26;2,6;0;0,32;199,3;199,3;5,44;5,18
5;Syngovia;transition;150;74;275;158;274;100;2,04;20,79;0;2,21;205,3;206,3;25,58;25,04
5;Syngovia;pair;150;74;275;451;4257;100;2,22;4,26;191,61;5,78;213,3;37,52;208,66;203,88
5;Syngovia;state;151;63;235;16;159;100;1,47;1,91;0;0,26;39,52;39,52;3,89;3,64
5;Syngovia;transition;151;63;235;130;234;100;1,61;12,73;0;1,65;44,52;45,52;16,62;16
5;Syngovia;pair;151;63;235;372;3509;100;1,5;3,32;132,78;6,71;68,52;73,52;149,08;144,31
5;Syngovia;state;152;59;227;16;155;100;1,98;2,36;0;0,27;75,52;75,52;4,87;4,62
5;Syngovia;transition;152;59;227;126;226;100;1,31;14,26;0;2,29;79,52;81,52;18,44;17,86
5;Syngovia;pair;152;59;227;320;2939;100;2,06;3,66;87,09;4,72;99,52;103,52;101,77;97,53
5;Syngovia;state;153;59;227;16;155;100;1,76;2,19;0;0,34;105,52;105,52;4,54;4,28
5;Syngovia;transition;153;59;227;129;226;100;1,71;12,5;0;1,41;110,52;111,52;16,14;15,62
5;Syngovia;pair;153;59;227;320;2939;100;1,5;2,9;108,55;4,1;129,52;133,52;120,95;117,04
5;Syngovia;state;154;63;235;16;159;100;1,7;2,07;0;0,32;135,52;135,52;4,39;4,1
5;Syngovia;transition;154;63;235;128;234;100;1,52;11,84;0;1,69;140,52;141,52;15,57;15,06
5;Syngovia;pair;154;63;235;372;3509;100;1,43;3,53;122,31;4,65;164,52;169,52;135,89;131,92
5;Syngovia;state;155;74;280;18;252;100;2,06;3,18;0;0,38;171,52;171,52;5,92;5,62
5;Syngovia;transition;155;74;280;165;279;100;2,1;41,15;0;2,77;178,52;180,52;46,69;46,03
5;Syngovia;pair;155;74;280;415;5478;100;2,34;4,85;290,37;12,25;209,52;212,67;315,14;309,82
5;Syngovia;state;156;74;275;18;184;100;1,75;2,45;0;0,32;14,67;14,67;4,8;4,52
5;Syngovia;transition;156;74;275;158;274;100;1,67;19,29;0;2,7;19,67;21,67;24,34;23,66
5;Syngovia;pair;156;74;275;454;4266;100;2,24;5,14;193,7;6,24;51,67;57,67;212,81;207,32
5;Syngovia;state;157;63;231;16;219;100;1,91;2,35;0;0,42;59,67;59,67;5,06;4,68
5;Syngovia;transition;157;63;231;126;230;100;1,58;25,69;0;3,07;64,67;66,67;31,06;30,34
5;Syngovia;pair;157;63;231;313;4142;100;2,14;3,81;195,05;6,86;86,67;91,67;213,73;207,86
5;Syngovia;state;158;63;235;16;159;100;1,98;2,84;0;0,38;93,67;93,67;5,49;5,2
5;Syngovia;transition;158;63;235;128;234;100;1,92;15,58;0;2,54;98,67;99,67;20,66;20,04
5;Syngovia;pair;158;63;235;372;3509;100;2,2;4,58;146,86;6,92;122,67;127,67;166,02;160,56
5;Syngovia;state;159;70;275;18;180;100;2,6;3,18;0;0,42;129,67;129,67;6,57;6,2
5;Syngovia;transition;159;70;275;164;274;100;2,52;24,36;0;3,43;135,67;136,67;31,09;30,31
5;Syngovia;pair;159;70;275;418;3820;100;4,88;5,98;187,67;5,94;162,67;168,67;210,3;204,47
5;Syngovia;state;160;63;235;16;159;100;1,89;2,74;0;0,31;170,67;170,67;5,21;4,94
5;Syngovia;transition;160;63;235;128;234;100;1,68;12,56;0;1,92;175,67;176,67;16,73;16,16
5;Syngovia;pair;160;63;235;372;3509;100;1,58;3,59;115,65;5,67;199,67;204,67;131,09;126,49
5;Syngovia;state;161;74;275;18;184;100;2,01;2,43;0;0,38;206,67;206,67;5,06;4,82
5;Syngovia;transition;161;74;275;158;274;100;1,95;18,45;0;3,59;211,67;212,74;24,56;23,99
5;Syngovia;pair;161;74;275;454;4261;100;2;4,76;180,49;6,14;38,74;44,74;198,96;193,4
5;Syngovia;state;162;74;280;18;252;100;1,83;2,31;0;0,48;46,74;46,74;4,96;4,62
5;Syngovia;transition;162;74;280;165;279;100;2,35;44,24;0;4,05;53,74;55,74;51,48;50,64
5;Syngovia;pair;162;74;280;415;5483;100;2,59;4,96;362,35;7,83;84,74;91,74;384,32;377,73
5;Syngovia;state;163;63;231;16;219;100;1,88;2,37;0;0,39;93,74;93,74;5,05;4,64
5;Syngovia;transition;163;63;231;126;230;100;1,8;23,85;0;2,52;98,74;100,74;28,77;28,17
5;Syngovia;pair;163;63;231;313;4142;100;1,92;3,13;178,48;6,98;120,74;126,74;197,74;190,51
5;Syngovia;state;164;74;277;18;184;100;2,38;2,8;0;0,49;128,74;128,74;5,94;5,66
5;Syngovia;transition;164;74;277;160;276;100;2,04;21,64;0;3,07;134,74;135,74;27,4;26,75
5;Syngovia;pair;164;74;277;460;4317;100;2,35;5,69;207,14;7,11;166,74;172,74;228,81;222,28
5;Syngovia;state;165;74;274;18;184;100;2,44;2,39;0;0,41;174,74;174,74;5,53;5,25
5;Syngovia;transition;165;74;274;157;273;100;2,19;21,34;0;3,02;180,74;181,74;27,34;26,55
5;Syngovia;pair;165;74;274;449;4228;100;2,21;4,09;181,01;7,05;210,74;12,69;213,04;194,36
5;Syngovia;state;166;70;273;18;180;100;2,32;2,96;0;0,44;14,69;14,69;6,05;5,71
5;Syngovia;transition;166;70;273;162;272;100;2,39;22,94;0;2,83;19,69;21,69;28,9;28,16
5;Syngovia;pair;166;70;273;412;3768;100;2,33;4,97;144,67;5,03;46,69;52,69;162,08;157
5;Syngovia;state;167;74;276;18;184;100;2,25;3,05;0;0,44;54,69;54,69;6,03;5,73
5;Syngovia;transition;167;74;276;159;275;100;2,31;18,5;0;2,38;60,69;61,69;23,78;23,2
5;Syngovia;pair;167;74;276;454;4287;100;1,98;4,42;187,05;5,13;91,69;98,69;202,92;198,58
5;Syngovia;state;168;70;264;18;180;100;1,54;1,85;0;0,29;100,69;100,69;3,88;3,68
5;Syngovia;transition;168;70;264;153;263;100;1,54;14,62;0;1,92;105,69;106,69;18,62;18,08
5;Syngovia;pair;168;70;264;382;3517;100;1,5;4,85;115,39;5,43;130,69;135,69;132,02;127,17
5;Syngovia;state;169;63;235;16;159;100;1,82;2,06;0;0,32;137,69;137,69;4,47;4,2
5;Syngovia;transition;169;63;235;128;234;100;1,76;13,59;0;1,95;141,69;143,69;17,84;17,3
5;Syngovia;pair;169;63;235;372;3509;100;1,7;3,67;108,43;4,22;165,69;171,69;121,9;118,03
5;Syngovia;state;170;70;266;18;180;100;2,14;2,78;0;0,46;172,69;173,69;5,67;5,38
5;Syngovia;transition;170;70;266;155;265;100;2,17;17,05;0;2,4;178,69;179,69;22,24;21,61
5;Syngovia;pair;170;70;266;387;3566;100;1,77;3,64;137,35;5,61;203,69;208,69;153,12;148,37
5;Syngovia;state;171;63;235;16;159;100;1,73;2,08;0;0,32;210,69;210,69;4,35;4,13
5;Syngovia;transition;171;63;235;128;234;100;1,72;14,38;0;1,88;212,69;11,57;18,52;17,98
5;Syngovia;pair;171;63;235;372;3509;100;1,75;3,69;128,22;6,57;34,57;39,57;145,42;140,23
5;Syngovia;state;172;70;268;18;180;100;2,42;2,99;0;0,48;41,57;41,57;6,23;5,88
5;Syngovia;transition;172;70;268;157;267;100;2,3;16,8;0;2,78;46,57;48,57;22,6;21,87
5;Syngovia;pair;172;70;268;393;3626;100;1,9;4,59;164,82;7,3;72,57;78,57;184,48;178,62
5;Syngovia;state;173;74;277;18;252;100;2,85;3,52;0;0,62;80,57;80,57;7,5;6,98
5;Syngovia;transition;173;74;277;162;276;100;6,58;50,04;0;4,09;86,57;88,57;61,67;60,71
5;Syngovia;pair;173;74;277;405;5360;100;2,86;5,15;394,99;7,85;116,57;124,57;420,3;410,85
5;Syngovia;state;174;74;278;18;252;100;2,31;2,87;0;0,51;126,57;126,57;6;5,69
5;Syngovia;transition;174;74;278;163;277;100;2,26;39,67;0;3,51;132,57;135,57;46,14;45,44
5;Syngovia;pair;174;74;278;409;5411;100;2,21;4,75;414,12;9,02;163,57;171,57;436,16;430,1
5;Syngovia;state;175;74;279;18;252;100;2,92;3,91;0;0,64;173,57;173,57;8,04;7,47
5;Syngovia;transition;175;74;279;164;278;100;3,14;51,72;0;3,82;179,57;182,57;59,55;58,68
5;Syngovia;pair;175;74;279;411;5440;100;4,01;5,61;418,69;7,36;210,57;13,68;444,5;435,67
5;Syngovia;state;176;59;227;16;155;100;1,85;2,12;0;0,42;15,68;15,68;4,64;4,39
5;Syngovia;transition;176;59;227;126;226;100;1,78;13,62;0;2,22;19,68;20,68;18,26;17,63
5;Syngovia;pair;176;59;227;320;2939;100;1,75;3,24;100,42;5,06;39,68;43,68;115,28;110,47
5;Syngovia;state;177;74;272;18;252;100;2,06;2,91;0;0,54;45,68;45,68;5,83;5,5
5;Syngovia;transition;177;74;272;157;271;100;2,45;40,52;0;2,38;51,68;54,68;46,11;45,35
5;Syngovia;pair;177;74;272;391;5162;100;2,45;5,07;316,12;7,53;80,68;87,68;337,72;331,16
5;Syngovia;state;178;63;235;16;159;100;2,1;2,64;0;0,39;89,68;89,68;5,42;5,13
5;Syngovia;transition;178;63;235;128;234;100;2,08;15,04;0;1,73;94,68;95,68;19,4;18,86
5;Syngovia;pair;178;63;235;372;3509;100;1,65;4,11;132,61;4,97;118,68;123,68;147,83;143,34
5;Syngovia;state;179;70;279;18;180;100;2,15;2,56;0;0,33;125,68;125,68;5,32;5,04
5;Syngovia;transition;179;70;279;168;278;100;2,12;22,42;0;2,69;131,68;132,68;27,83;27,22
5;Syngovia;pair;179;70;279;431;3935;100;1,94;5,17;173,66;6,35;160,68;166,68;193,81;187,13
5;Syngovia;state;180;70;263;18;180;100;1,6;2,14;0;0,29;168,68;168,68;4,27;4,03
5;Syngovia;transition;180;70;263;152;262;100;1,66;16,25;0;2,32;173,68;174,68;20,8;20,24
5;Syngovia;pair;180;70;263;378;3485;100;2,05;3,98;133,24;6,02;197,68;203,68;150,3;145,3
5;Syngovia;state;181;63;231;16;219;100;1,74;2,33;0;0,43;204,68;205,68;4,77;4,49
5;Syngovia;transition;181;63;231;126;230;100;1,94;23,31;0;2,63;210,68;211,68;28,47;27,89
5;Syngovia;pair;181;63;231;313;4142;100;11,47;7,27;165,72;6,01;26,44;32,44;195,2;190,46
5;Syngovia;state;182;74;284;18;184;100;2,37;2,77;0;0,43;34,44;34,44;5,84;5,57
5;Syngovia;transition;182;74;284;167;283;100;2,23;21,53;0;2,84;40,44;42,44;27,27;26,61
5;Syngovia;pair;182;74;284;478;4508;100;2,27;5,3;213,94;7,65;74,44;81,44;235,19;229,16
5;Syngovia;state;183;70;264;18;180;100;2,06;2,81;0;0,49;83,44;83,44;5,72;5,37
5;Syngovia;transition;183;70;264;153;263;100;2,5;17,08;0;1,86;88,44;89,44;21,97;21,43
5;Syngovia;pair;183;70;264;382;3517;100;1,59;4,07;128,58;6,42;113,44;118,44;146,03;140,67
5;Syngovia;state;184;59;227;16;155;100;2,01;2,53;0;0,4;120,44;120,44;5,25;4,94
5;Syngovia;transition;184;59;227;129;226;100;2,03;14,58;0;2,38;124,44;125,44;19,6;18,99
5;Syngovia;pair;184;59;227;320;2939;100;1,98;3,95;94,67;4,29;144,44;148,44;108,68;104,89
5;Syngovia;state;185;74;271;18;252;100;1,78;2;0;0,44;150,44;150,44;4,51;4,22
5;Syngovia;transition;185;74;271;156;270;100;1,96;37,05;0;3,2;156,44;158,44;43,03;42,21
5;Syngovia;pair;185;74;271;387;5108;100;2,3;5,16;277,66;8,17;185,44;192,44;300,05;293,29
5;Syngovia;state;186;59;227;16;155;100;2,02;2,55;0;0,36;194,44;194,44;5,22;4,93
5;Syngovia;transition;186;59;227;126;226;100;1,94;14,91;0;1,95;198,44;199,44;19,39;18,8
5;Syngovia;pair;186;59;227;320;2939;100;1,36;3,27;88,05;5,56;213,69;18,69;102,56;98,24
5;Syngovia;state;187;70;273;18;180;100;2,26;2,74;0;0,42;20,69;20,69;5,72;5,42
5;Syngovia;transition;187;70;273;162;272;100;2,51;22,41;0;3,01;25,69;27,69;28,58;27,93
5;Syngovia;pair;187;70;273;412;3768;100;2,04;3,96;148,53;7,61;53,69;58,69;166,58;162,14
5;Syngovia;state;188;74;283;18;184;100;2,73;3,26;0;0,5;60,69;61,69;6,79;6,49
5;Syngovia;transition;188;74;283;166;282;100;2,62;22,51;0;2,02;66,69;68,69;27,68;27,15
5;Syngovia;pair;188;74;283;474;4475;100;1,63;4,53;210,02;8,36;100,69;106,69;230,45;224,55
5;Syngovia;state;189;74;274;18;184;100;2,34;2,93;0;0,45;108,69;109,69;5,99;5,71
5;Syngovia;transition;189;74;274;157;273;100;2,32;21,11;0;3,09;114,69;115,69;27,19;26,51
5;Syngovia;pair;189;74;274;449;4228;100;2,33;5,61;203,93;7,06;145,69;151,69;225,64;218,94
5;Syngovia;state;190;74;267;18;252;100;2,08;2,84;0;0,56;153,69;153,69;5,83;5,48
5;Syngovia;transition;190;74;267;152;266;100;1,57;33,45;0;2,82;159,69;161,69;38,47;37,84
5;Syngovia;pair;190;74;267;375;4948;100;2,06;3,61;241,83;6,82;186,69;193,69;259,94;254,32
5;Syngovia;state;191;70;273;18;180;100;2,07;2,71;0;0,46;195,69;195,69;5,56;5,25
5;Syngovia;transition;191;70;273;162;272;100;2,36;20,64;0;2,31;201,69;202,69;25,97;25,3
5;Syngovia;pair;191;70;273;413;3769;100;2,39;5,08;158,9;4,46;212,69;30,66;176,27;170,84
5;Syngovia;state;192;74;275;18;184;100;1,95;2,55;0;0,42;32,66;32,66;5,21;4,92
5;Syngovia;transition;192;74;275;158;274;100;1,69;17,31;0;2,96;37,66;39,66;22,73;21,96
5;Syngovia;pair;192;74;275;454;4261;100;2,51;5,08;173,14;5,11;68,66;75,66;191,4;185,84
5;Syngovia;state;193;70;266;18;180;100;1,59;1,98;0;0,37;77,66;77,66;4,16;3,94
5;Syngovia;transition;193;70;266;155;265;100;1,77;16,31;0;2,38;82,66;84,66;21,17;20,46
5;Syngovia;pair;193;70;266;387;3566;100;1,78;4,25;122,83;5,6;107,66;113,66;139,48;134,47
5;Syngovia;state;194;59;227;16;155;100;1,71;2,24;0;0,29;114,66;114,66;4,5;4,24
5;Syngovia;transition;194;59;227;126;226;100;1,56;13,56;0;2,08;119,66;120,66;17,8;17,19
5;Syngovia;pair;194;59;227;320;2939;100;1,7;3,44;96,58;5,73;138,66;143,66;112,12;107,45
5;Syngovia;state;195;74;283;18;184;100;2,5;3,18;0;0,46;145,66;145,66;6,43;6,14
5;Syngovia;transition;195;74;283;166;282;100;2,41;24,19;0;2,1;151,66;152,66;29,36;28,7
5;Syngovia;pair;195;74;283;473;4479;100;1,92;4,3;194,92;6,26;184,66;191,66;212,55;207,4
5;Syngovia;state;196;70;264;18;180;100;1,76;2,2;0;0,31;193,66;193,66;4,52;4,28
5;Syngovia;transition;196;70;264;153;263;100;2,08;18,05;0;2,1;198,66;199,66;22,9;22,23
5;Syngovia;pair;196;70;264;382;3517;100;2,19;4,01;110,49;4,98;212,8;24,8;126,58;121,66
5;Syngovia;state;197;74;279;18;252;100;1,85;2,33;0;0,46;26,8;26,8;4,9;4,64
5;Syngovia;transition;197;74;279;164;278;100;2,23;45,16;0;3,68;32,8;35,8;51,95;51,07
5;Syngovia;pair;197;74;279;412;5451;100;2,47;5,3;356,97;9,24;63,8;71,8;381;373,99
5;Syngovia;state;198;63;235;16;159;100;1,83;2,18;0;0,3;73,8;73,8;4,56;4,31
5;Syngovia;transition;198;63;235;130;234;100;2,08;14,45;0;2,23;78,8;79,8;19,35;18,76
5;Syngovia;pair;198;63;235;372;3509;100;2,07;4,63;126,61;5,41;102,8;107,8;143,7;138,73
5;Syngovia;state;199;74;284;18;184;100;2,24;2,98;0;0,41;109,8;109,8;5,91;5,63
5;Syngovia;transition;199;74;284;167;283;100;2,17;21,6;0;2,91;115,8;116,8;27,33;26,69
5;Syngovia;pair;199;74;284;479;4505;100;3,23;6,1;217,65;6;149,8;155,8;238,33;232,98
5;Syngovia;state;200;63;231;16;219;100;1,7;2,02;0;0,43;157,8;157,8;4,44;4,15
5;Syngovia;transition;200;63;231;126;230;100;1,8;22,86;0;2,54;162,8;164,8;27,76;27,2
5;Syngovia;pair;200;63;231;313;4142;100;1,98;3,41;164,75;4,82;184,8;190,8;179,32;174,96
5;Syngovia;state;201;74;273;18;184;100;1,78;2,31;0;0,37;192,8;192,8;4,74;4,47
5;Syngovia;transition;201;74;273;156;272;100;2,12;18,85;0;2,56;197,8;199,8;24,06;23,54
5;Syngovia;pair;201;74;273;447;4207;100;1,86;4,56;179,03;7,42;212,84;30,84;198,83;192,87
5;Syngovia;state;202;70;276;18;180;100;2,38;2,74;0;0,44;32,84;32,84;5,88;5,56
5;Syngovia;transition;202;70;276;165;275;100;2,4;21,32;0;2,79;38,84;40,84;27,21;26,5
5;Syngovia;pair;202;70;276;421;3846;100;2,12;4,95;164,75;7,41;66,84;72,84;184,51;179,22
5;Syngovia;state;203;74;275;18;184;100;2,8;3,43;0;0,38;74,84;74,84;6,99;6,61
5;Syngovia;transition;203;74;275;158;274;100;2,01;17,67;0;2,22;79,84;81,84;22,5;21,91
5;Syngovia;pair;203;74;275;449;4257;100;1,68;4,38;194,61;5,93;110,84;117,84;211,76;206,6
5;Syngovia;state;204;74;269;18;252;100;1,77;2,34;0;0,33;119,84;119,84;4,72;4,44
5;Syngovia;transition;204;74;269;154;268;100;1,75;36,61;0;2,74;125,84;127,84;41,83;41,09
5;Syngovia;pair;204;74;269;381;5028;100;1,85;3,76;268,14;6,77;153,84;160,84;286,08;280,52
5;Syngovia;state;205;74;269;18;252;100;1,58;2,36;0;0,4;162,84;162,84;4,56;4,34
5;Syngovia;transition;205;74;269;154;268;100;1,86;32,41;0;2,67;168,84;170,84;37,5;36,94
5;Syngovia;pair;205;74;269;381;5028;100;1,91;3,41;300,85;8,42;195,84;203,84;321,09;314,6
5;Syngovia;state;206;63;231;16;219;100;1,76;2,17;0;0,41;204,84;205,84;4,6;4,35
5;Syngovia;transition;206;63;231;126;230;100;1,65;22,49;0;2,15;210,84;211,84;26,84;26,29
5;Syngovia;pair;206;63;231;313;4142;100;5,89;2,69;164,06;4,66;26,55;32,55;181,36;177,31
5;Syngovia;state;207;63;235;16;159;100;1,6;2,1;0;0,38;34,55;34,55;4,34;4,08
5;Syngovia;transition;207;63;235;128;234;100;1,72;15,59;0;1,56;39,55;40,55;19,32;18,87
5;Syngovia;pair;207;63;235;372;3509;100;1,42;2,9;110,41;5,56;62,55;68,55;124,36;120,29
5;Syngovia;state;208;74;285;18;184;100;2,17;2,55;0;0,37;70,55;70,55;5,32;5,08
5;Syngovia;transition;208;74;285;168;284;100;1,88;19,75;0;2,26;76,55;77,55;24,43;23,88
5;Syngovia;pair;208;74;285;483;4538;100;2,47;4,51;198,98;6,44;110,55;117,55;217,92;212,39
5;Syngovia;state;209;74;283;18;184;100;2,23;2,38;0;0,45;119,55;119,55;5,34;5,06
5;Syngovia;transition;209;74;283;166;282;100;2,69;24,96;0;2,77;125,55;126,55;31,09;30,42
5;Syngovia;pair;209;74;283;477;4486;100;2,79;6,3;216,07;7,73;158,55;165,55;239,44;232,89
5;Syngovia;state;210;74;274;18;184;100;1,71;2,25;0;0,29;167,55;167,55;4,53;4,26
5;Syngovia;transition;210;74;274;157;273;100;1,89;17,7;0;2,57;173,55;174,55;22,72;22,17
5;Syngovia;pair;210;74;274;450;4225;100;1,86;5,49;206,6;8,14;203,55;210,55;227,13;222,09
5;Syngovia;state;211;74;275;18;184;100;2,47;4,46;0;0,37;212,63;7,63;7,61;7,3
5;Syngovia;transition;211;74;275;158;274;100;2,34;19,83;0;2,26;12,63;14,63;25,08;24,43
5;Syngovia;pair;211;74;275;452;4259;100;1,83;4;165,97;7,21;43,63;50,63;184,39;179,01
5;Syngovia;state;212;70;270;18;180;100;2,41;2,2;0;0,27;52,63;52,63;5,15;4,88
5;Syngovia;transition;212;70;270;159;269;100;2,26;19,66;0;1,95;57,63;59,63;24,47;23,87
5;Syngovia;pair;212;70;270;401;3678;100;1,69;3,64;157,19;7,67;84,63;89,63;176,13;170,2
5;Syngovia;state;213;74;283;18;184;100;1,7;2,74;0;0,46;91,63;91,63;5,18;4,9
5;Syngovia;transition;213;74;283;166;282;100;1,86;17,26;0;1,99;97,63;99,63;21,69;21,11
5;Syngovia;pair;213;74;283;473;4479;100;1,71;3,81;201,42;8,98;130,63;137,63;221,16;215,91
5;Syngovia;state;214;63;235;16;159;100;2,17;2,74;0;0,42;139,63;139,63;5,64;5,33
5;Syngovia;transition;214;63;235;128;234;100;2,15;15,4;0;2,35;143,63;145,63;20,52;19,91
5;Syngovia;pair;214;63;235;372;3509;100;1,9;4,35;116,98;5,48;167,63;173,63;133,68;128,7
5;Syngovia;state;215;70;274;18;180;100;1,99;2,46;0;0,41;174,63;175,63;5,12;4,86
5;Syngovia;transition;215;70;274;163;273;100;2,07;19,62;0;2,59;180,63;182,63;24,9;24,27
5;Syngovia;pair;215;70;274;414;3789;100;1,95;4,62;152,02;6,41;208,63;212,63;169,55;165,01
5;Syngovia;state;216;74;272;18;184;100;1,71;2,13;0;0,43;10,62;10,62;4,49;4,27
5;Syngovia;transition;216;74;272;155;271;100;1,89;18,11;0;2,34;16,62;17,62;22,88;22,34
5;Syngovia;pair;216;74;272;443;4176;100;1,95;4,38;178,67;7,79;46,62;52,62;197,67;192,8
5;Syngovia;state;217;74;270;18;252;100;2,17;2,74;0;0,55;54,62;54,62;5,79;5,46
5;Syngovia;transition;217;74;270;155;269;100;2,28;34,14;0;3,63;60,62;63,62;40,75;40,05
5;Syngovia;pair;217;74;270;384;5068;100;2,17;5,06;311,2;7,2;88,62;96,62;331,88;325,63
5;Syngovia;state;218;74;273;18;184;100;2,23;2,78;0;0,43;98,62;98,62;5,75;5,45
5;Syngovia;transition;218;74;273;156;272;100;2,22;20,03;0;2,66;103,62;105,62;25,58;24,91
5;Syngovia;pair;218;74;273;447;4205;100;2,27;5,33;202,96;5,09;134,62;140,62;220,93;215,65
5;Syngovia;state;219;59;227;16;155;100;1,38;1,9;0;0,36;142,62;142,62;3,9;3,63
5;Syngovia;transition;219;59;227;126;226;100;1,71;12,64;0;2,01;146,62;148,62;17,06;16,36
5;Syngovia;pair;219;59;227;320;2939;100;1,66;3,24;87,91;4,86;166,62;170,62;102,05;97,68
5;Syngovia;state;220;70;266;18;180;100;2,12;2,72;0;0,4;172,62;172,62;5,51;5,24
5;Syngovia;transition;220;70;266;155;265;100;1,88;17,6;0;2,89;178,62;179,62;23,12;22,37
5;Syngovia;pair;220;70;266;387;3570;100;2,3;3,71;133,26;6,47;203,62;208,62;151,79;145,74
5;Syngovia;state;221;70;267;18;180;100;2,41;2,87;0;0,47;210,62;210,62;6,03;5,75
5;Syngovia;transition;221;70;267;156;266;100;2,05;25,02;0;3,03;212,62;12,58;30,93;30,09
5;Syngovia;pair;221;70;267;389;3591;100;1,81;3,86;147,41;6,07;36,58;41,58;164,38;159,15
5;Syngovia;state;222;74;274;18;184;100;1,86;2,16;0;0,31;43,58;43,58;4,54;4,32
5;Syngovia;transition;222;74;274;157;273;100;1,92;18,39;0;2,52;49,58;50,58;23,53;22,83
5;Syngovia;pair;222;74;274;448;4227;100;1,96;4,98;183,34;5,54;80,58;86,58;200,87;195,81
5;Syngovia;state;223;74;287;18;184;100;2,38;2,69;0;0,42;88,58;88,58;5,78;5,48
5;Syngovia;transition;223;74;287;170;286;100;2,25;21,31;0;2,82;94,58;96,58;26,97;26,37
5;Syngovia;pair;223;74;287;489;4599;100;2,18;5,25;218,05;6,72;129,58;136,58;237,88;232,19
5;Syngovia;state;224;59;227;16;155;100;1,68;1,86;0;0,29;137,58;138,58;4,07;3,82
5;Syngovia;transition;224;59;227;126;226;100;1,58;15,2;0;1,72;142,58;143,58;19,05;18,5
5;Syngovia;pair;224;59;227;320;2939;100;1,96;3,54;82,53;4,34;161,58;166,58;96,99;92,37
5;Syngovia;state;225;63;235;16;159;100;1,72;1,83;0;0,29;168,58;168,58;4,04;3,84
5;Syngovia;transition;225;63;235;128;234;100;1,37;12,51;0;1,86;172,58;174,58;16,22;15,74
5;Syngovia;pair;225;63;235;372;3509;100;1,6;3,26;137,47;6,16;196,58;201,58;153,18;148,49
5;Syngovia;state;226;74;276;18;184;100;2,5;2,86;0;0,49;203,58;204,58;6,17;5,85
5;Syngovia;transition;226;74;276;159;275;100;2,32;22,04;0;2,93;209,58;211,58;28,06;27,3
5;Syngovia;pair;226;74;276;453;4282;100;4,21;4,35;216,66;6,2;36,6;42,6;236,54;231,43
5;Syngovia;state;227;74;280;18;252;100;1,95;2,61;0;0,58;44,6;44,6;5,43;5,14
5;Syngovia;transition;227;74;280;165;279;100;2,52;46,2;0;3,98;51,6;53,6;53,56;52,71
5;Syngovia;pair;227;74;280;415;5483;100;2,36;5,72;353,21;9,85;82,6;89,6;378,3;371,15
5;Syngovia;state;228;59;227;16;155;100;2,19;2,46;0;0,37;91,6;91,6;5,34;5,02
5;Syngovia;transition;228;59;227;126;226;100;2,04;14,09;0;1,6;96,6;97,6;18,26;17,74
5;Syngovia;pair;228;59;227;320;2939;100;1,51;2,98;106,06;4,98;115,6;120,6;119,8;115,53
5;Syngovia;state;229;70;275;18;180;100;2,22;2,7;0;0,42;122,6;122,6;5,59;5,35
5;Syngovia;transition;229;70;275;164;274;100;2,1;21,11;0;2,68;127,6;129,6;26,45;25,89
5;Syngovia;pair;229;70;275;418;3820;100;2,17;4,85;171,28;7,58;155,6;161,6;191,87;185,88
5;Syngovia;state;230;74;272;18;252;100;2,47;3,05;0;0,48;163,6;163,6;6,33;6
5;Syngovia;transition;230;74;272;157;271;100;2,48;41,48;0;3,22;169,6;171,6;47,81;47,19
5;Syngovia;pair;230;74;272;390;5156;100;2,2;4,56;317,14;6,68;198,6;205,6;336,11;330,58
5;Syngovia;state;231;74;275;18;184;100;2,08;2,05;0;0,34;207,6;207,6;4,72;4,48
5;Syngovia;transition;231;74;275;158;274;100;1,76;28,86;0;2,97;212,95;9,95;34,18;33,6
5;Syngovia;pair;231;74;275;449;4257;100;2,4;5,48;200,2;7,52;39,95;45,95;222,28;215,61
5;Syngovia;state;232;63;231;16;219;100;1,49;2,53;0;0,47;47,95;47,95;4,92;4,49
5;Syngovia;transition;232;63;231;126;230;100;2,09;28,12;0;2,91;52,95;54,95;33,93;33,11
5;Syngovia;pair;232;63;231;313;4142;100;1,98;4,14;182,33;5,07;74,95;79,95;199,26;193,51
5;Syngovia;state;233;74;275;18;184;100;2,32;2,8;0;0,42;81,95;82,95;5,81;5,55
5;Syngovia;transition;233;74;275;158;274;100;2,21;20,4;0;2,88;87,95;89,95;26,2;25,49
5;Syngovia;pair;233;74;275;452;4259;100;1,64;5,01;195,96;8,31;118,95;125,95;216,57;210,91
5;Syngovia;state;234;74;273;18;184;100;2,59;3,14;0;0,44;127,95;127,95;6,46;6,17
5;Syngovia;transition;234;74;273;156;272;100;2,12;19,23;0;2,63;132,95;134,95;24,67;23,98
5;Syngovia;pair;234;74;273;445;4205;100;2,54;5,65;189,98;7,11;163,95;169,95;210,39;205,28
5;Syngovia;state;235;74;273;18;184;100;2,19;2,78;0;0,48;171,95;171,95;5,79;5,44
5;Syngovia;transition;235;74;273;156;272;100;2,45;19,09;0;2,97;177,95;178,95;25,17;24,5
5;Syngovia;pair;235;74;273;447;4210;100;2,28;5,59;173,83;7;207,95;212,95;194,03;188,71
5;Syngovia;state;236;74;277;18;184;100;1,94;2,93;0;0,33;11,63;11,63;5,44;5,21
5;Syngovia;transition;236;74;277;160;276;100;1,65;17,91;0;1,92;16,63;18,63;21,95;21,49
5;Syngovia;pair;236;74;277;458;4317;100;1,65;4,18;178,89;6,66;48,63;55,63;196,81;191,38
5;Syngovia;state;237;59;227;16;155;100;1,44;2,33;0;0,4;56,63;56,63;4,48;4,17
5;Syngovia;transition;237;59;227;129;226;100;2,1;12,29;0;1,58;61,63;62,63;16,44;15,97
5;Syngovia;pair;237;59;227;320;2939;100;1,44;2,58;78,5;3,86;80,63;85,63;90,25;86,38
5;Syngovia;state;238;59;227;16;155;100;1,43;2,41;0;0,4;86,63;87,63;4,53;4,23
5;Syngovia;transition;238;59;227;126;226;100;2,03;12,15;0;1,9;91,63;92,63;16,62;16,08
5;Syngovia;pair;238;59;227;320;2939;100;1,85;3,43;89,43;4,67;110,63;115,63;103,72;99,39
5;Syngovia;state;239;63;231;16;219;100;1,72;2,12;0;0,4;117,63;117,63;4,49;4,25
5;Syngovia;transition;239;63;231;126;230;100;1,65;22,25;0;2,5;122,63;124,63;26,94;26,41
5;Syngovia;pair;239;63;231;313;4142;100;1,76;3,42;174,38;4,94;144,63;149,63;188,72;184,5
5;Syngovia;state;240;74;286;18;184;100;2,06;2,45;0;0,38;151,63;152,63;5,15;4,89
5;Syngovia;transition;240;74;286;169;285;100;1,87;21,11;0;2,27;157,63;159,63;25,83;25,25
5;Syngovia;pair;240;74;286;486;4567;100;2,09;4,67;224,72;8,84;192,63;199,63;246,76;240,31
5;Syngovia;state;241;74;273;18;184;100;2,44;2,96;0;0,47;201,63;201,63;6,18;5,87
5;Syngovia;transition;241;74;273;156;272;100;2,49;20,21;0;1,87;206,63;208,63;25,1;24,57
5;Syngovia;pair;241;74;273;445;4205;100;1,72;4,22;195,84;5,15;213,38;39,38;212,23;206,92
5;Syngovia;state;242;74;274;18;184;100;1,82;2,2;0;0,45;41,38;41,38;4,78;4,47
5;Syngovia;transition;242;74;274;157;273;100;2,43;21,99;0;2,52;47,38;48,38;27,62;26,94
5;Syngovia;pair;242;74;274;447;4230;100;1,85;5,44;176,22;7,1;78,38;84,38;195,9;190,61
5;Syngovia;state;243;70;266;18;180;100;1,96;2,58;0;0,39;86,38;86,38;5,17;4,94
5;Syngovia;transition;243;70;266;155;265;100;2;18,89;0;2,67;91,38;93,38;24,13;23,56
5;Syngovia;pair;243;70;266;387;3570;100;2,02;4,49;132,65;5,92;117,38;122,38;150,31;145,08
5;Syngovia;state;244;74;285;18;184;100;2,14;2,71;0;0,41;124,38;124,38;5,5;5,26
5;Syngovia;transition;244;74;285;168;284;100;2,2;21,74;0;2,9;130,38;132,38;27,42;26,84
5;Syngovia;pair;244;74;285;482;4543;100;2,25;5,38;224,97;6,92;164,38;171,38;245,23;239,52
5;Syngovia;state;245;70;265;18;180;100;2,31;2,17;0;0,41;173,38;173,38;5,16;4,88
5;Syngovia;transition;245;70;265;154;264;100;1,94;17,34;0;2,4;178,38;180,38;22,29;21,68
5;Syngovia;pair;245;70;265;384;3542;100;2,03;3,28;128,06;5,69;203,38;208,38;145,67;139,05
5;Syngovia;state;246;70;275;18;180;100;2,05;2,48;0;0,41;210,38;211,38;5,16;4,94
5;Syngovia;transition;246;70;275;164;274;100;2,02;26,26;0;2,61;213,38;12,68;31,45;30,88
5;Syngovia;pair;246;70;275;418;3824;100;2,12;4,79;152,91;6,17;38,68;44,68;171,52;166
5;Syngovia;state;247;59;227;16;155;100;1,62;2,2;0;0,43;45,68;46,68;4,53;4,25
5;Syngovia;transition;247;59;227;126;226;100;1,66;13,62;0;2,19;50,68;51,68;17,98;17,47
5;Syngovia;pair;247;59;227;320;2939;100;1,94;4,37;90,34;4,42;69,68;74,68;105,25;101,07
5;Syngovia;state;248;74;284;18;184;100;2,01;2,29;0;0,38;76,68;76,68;5,01;4,68
5;Syngovia;transition;248;74;284;167;283;100;2,26;18,83;0;2,12;82,68;83,68;23,75;23,21
5;Syngovia;pair;248;74;284;478;4508;100;2,2;4,51;234,78;6,16;116,68;122,68;253,05;247,65
5;Syngovia;state;249;70;264;18;180;100;1,72;2,59;0;0,46;124,68;124,68;5,04;4,77
5;Syngovia;transition;249;70;264;153;263;100;2,11;15,87;0;1,86;130,68;131,68;20,36;19,84
5;Syngovia;pair;249;70;264;382;3517;100;1,63;3,44;133,89;5,49;154,68;160,68;149,3;144,46
5;Syngovia;state;250;63;235;16;159;100;1,44;1,85;0;0,29;161,68;162,68;3,77;3,59
5;Syngovia;transition;250;63;235;128;234;100;1,32;12,63;0;1,66;166,68;167,68;16,19;15,61
5;Syngovia;pair;250;63;235;372;3509;100;1,39;2,95;126,79;5,42;190,68;195,68;141,35;136,55
5;Syngovia;state;251;74;277;18;184;100;1,75;2,53;0;0,42;197,68;197,68;5,01;4,7
5;Syngovia;transition;251;74;277;160;276;100;2,19;19,78;0;2,94;203,68;205,68;25,58;24,9
5;Syngovia;pair;251;74;277;461;4322;100;2,54;4,79;207,85;5,51;213,68;37,51;226,07;220,68
5;Syngovia;state;252;74;277;18;184;100;1,93;2,92;0;0,46;39,51;40,51;5,63;5,3
5;Syngovia;transition;252;74;277;160;276;100;2,44;18,67;0;2,65;45,51;47,51;24,31;23,76
5;Syngovia;pair;252;74;277;460;4317;100;2,01;4,77;186,57;6,87;77,51;83,51;205,56;200,22
5;Syngovia;state;253;63;231;16;219;100;1,74;2,11;0;0,35;85,51;85,51;4,42;4,2
5;Syngovia;transition;253;63;231;126;230;100;1,67;22,24;0;2,56;90,51;92,51;27,03;26,48
5;Syngovia;pair;253;63;231;313;4142;100;1,76;3,43;156,52;5,88;112,51;118,51;172,26;167,58
5;Syngovia;state;254;74;276;18;184;100;2,7;2,83;0;0,36;120,51;120,51;6,18;5,89
5;Syngovia;transition;254;74;276;159;275;100;2,1;19,38;0;3,23;125,51;127,51;25,51;24,7
5;Syngovia;pair;254;74;276;456;4291;100;2,4;4,69;178,55;6,05;157,51;163,51;196,36;191,68
5;Syngovia;state;255;74;278;18;252;100;1,65;1,99;0;0,37;165,51;166,51;4,26;4,01
5;Syngovia;transition;255;74;278;163;277;100;1,71;34,68;0;2,34;172,51;174,51;39,28;38,74
5;Syngovia;pair;255;74;278;409;5411;100;1,69;4,15;348,46;5,9;203,51;210,51;366,27;360,2
5;Syngovia;state;256;63;235;16;159;100;1,85;7,55;0;0,32;212,61;7,61;10,03;9,72
5;Syngovia;transition;256;63;235;128;234;100;1,93;14,01;0;1,79;12,61;13,61;18,32;17,73
5;Syngovia;pair;256;63;235;372;3509;100;1,55;3;117,54;4,61;36,61;41,61;130,66;126,69
5;Syngovia;state;257;63;231;16;219;100;1,55;2,22;0;0,47;43,61;43,61;4,56;4,24
5;Syngovia;transition;257;63;231;126;230;100;2,01;25,21;0;2,09;48,61;50,61;29,92;29,31
5;Syngovia;pair;257;63;231;313;4142;100;1,78;2,77;151,96;5,34;70,61;75,61;166,37;161,85
5;Syngovia;state;258;70;278;18;180;100;2,18;2,2;0;0,47;77,61;78,61;5,16;4,85
5;Syngovia;transition;258;70;278;167;277;100;1,8;17,79;0;2,35;83,61;85,61;22,42;21,93
5;Syngovia;pair;258;70;278;428;3909;100;1,87;4,61;157,97;7,44;112,61;118,61;177,61;171,89
5;Syngovia;state;259;74;286;18;184;100;2,69;3,13;0;0,5;120,61;120,61;6,62;6,31
5;Syngovia;transition;259;74;286;169;285;100;2,54;21,2;0;3,41;126,61;127,61;27,8;27,16
5;Syngovia;pair;259;74;286;486;4567;100;1,81;4,45;250,51;7,35;160,61;167,61;269,38;264,11
5;Syngovia;state;260;74;283;18;184;100;2,23;2,43;0;0,41;169,61;169,61;5,33;5,06
5;Syngovia;transition;260;74;283;166;282;100;1,83;17,62;0;2,43;175,61;177,61;22,47;21,87
5;Syngovia;pair;260;74;283;477;4486;100;1,79;4,02;195,42;6,89;209,61;212,63;212,9;208,11
5;Syngovia;state;261;74;283;18;184;100;1,96;2,7;0;0,37;13,63;13,63;5,31;5,03
5;Syngovia;transition;261;74;283;166;282;100;1,92;19,41;0;2,07;18,63;20,63;23,96;23,39
5;Syngovia;pair;261;74;283;476;4481;100;1,76;4,01;191,76;5,49;52,63;59,63;208,1;203,02
5;Syngovia;state;262;70;275;18;180;100;2,01;2,29;0;0,35;61,63;61,63;4,87;4,64
5;Syngovia;transition;262;70;275;164;274;100;1,8;22,85;0;2,94;66,63;68,63;28,2;27,59
5;Syngovia;pair;262;70;275;418;3820;100;2,54;5,56;163,87;5,44;94,63;100,63;182,8;177,41
5;Syngovia;state;263;59;227;16;155;100;2;2,25;0;0,29;102,63;102,63;4,83;4,54
5;Syngovia;transition;263;59;227;126;226;100;1,58;12,31;0;1,79;106,63;107,63;16,18;15,68
5;Syngovia;pair;263;59;227;320;2939;100;1,46;2,69;94,77;4,19;126,63;130,63;106,73;103,12
5;Syngovia;state;264;70;276;18;180;100;2,12;2,44;0;0,43;132,63;132,63;5,25;4,99
5;Syngovia;transition;264;70;276;165;275;100;1,79;17,85;0;2,49;138,63;139,63;22,91;22,13
5;Syngovia;pair;264;70;276;419;3842;100;2,05;4,27;190,78;5,5;166,63;171,63;207,47;202,6
5;Syngovia;state;265;74;275;18;184;100;2,26;2,37;0;0,36;173,63;174,63;5,22;4,99
5;Syngovia;transition;265;74;275;158;274;100;1,71;17,91;0;1,92;179,63;181,63;22,1;21,54
5;Syngovia;pair;265;74;275;454;4266;100;2,03;4,43;183,02;5,83;210,63;12,69;209,08;195,31
5;Syngovia;state;266;74;269;18;252;100;1,89;2,73;0;0,54;14,69;14,69;5,42;5,16
5;Syngovia;transition;266;74;269;154;268;100;2,01;35,56;0;2,17;20,69;22,69;40,22;39,74
5;Syngovia;pair;266;74;269;381;5028;100;2,14;3,67;241,92;5,14;48,69;55,69;258;252,87
5;Syngovia;state;267;63;231;16;219;100;1,56;2,01;0;0,37;56,69;57,69;4,17;3,94
5;Syngovia;transition;267;63;231;126;230;100;1,33;19,57;0;1,73;62,69;63,69;23,09;22,63
5;Syngovia;pair;267;63;231;313;4142;100;1,42;2,61;165,86;4,7;83,69;89,69;178,28;174,6
5;Syngovia;state;268;74;274;18;184;100;1,71;2,17;0;0,48;91,69;91,69;4,64;4,36
5;Syngovia;transition;268;74;274;157;273;100;1,84;16,16;0;2,23;97,69;98,69;20,77;20,23
5;Syngovia;pair;268;74;274;447;4230;100;1,75;3,79;196,69;7,74;128,69;134,69;214,82;209,97
5;Syngovia;state;269;70;266;18;180;100;2,1;1,81;0;0,39;136,69;136,69;4,52;4,3
5;Syngovia;transition;269;70;266;155;265;100;2,19;15,61;0;2,45;141,69;143,69;20,77;20,25
5;Syngovia;pair;269;70;266;387;3570;100;1,62;3,51;127,83;5,73;166,69;172,69;143,39;138,7
5;Syngovia;state;270;63;231;16;219;100;1,7;2,1;0;0,37;174,69;174,69;4,39;4,17
5;Syngovia;transition;270;63;231;126;230;100;1,64;22,32;0;2,48;179,69;181,69;26,96;26,45
5;Syngovia;pair;270;63;231;313;4142;100;1,71;3,28;156,89;5,62;200,69;206,69;172,1;167,49
5;Syngovia;state;271;74;268;18;252;100;1,95;2,42;0;0,44;208,69;209,69;5,04;4,81
5;Syngovia;transition;271;74;268;153;267;100;1,89;48,25;0;2,21;212,83;11,83;53,03;52,35
5;Syngovia;pair;271;74;268;378;4988;100;1,78;3,68;252,93;6,83;37,83;44,83;270,61;265,23
5;Syngovia;state;272;70;265;18;180;100;1,93;2,32;0;0,37;46,83;46,83;4,87;4,62
5;Syngovia;transition;272;70;265;154;264;100;1,88;17,8;0;2,45;51,83;53,83;22,73;22,12
5;Syngovia;pair;272;70;265;384;3542;100;1,98;3,59;122,88;5,86;76,83;81,83;139,37;134,32
5;Syngovia;state;273;74;281;18;184;100;2,18;2,6;0;0,42;83,83;84,83;5,46;5,19
5;Syngovia;transition;273;74;281;164;280;100;2,16;20,65;0;2,74;89,83;91,83;26,12;25,54
5;Syngovia;pair;273;74;281;468;4423;100;2,18;5,1;199,62;7,5;122,83;129,83;220,23;214,39
5;Syngovia;state;274;74;281;18;252;100;2,3;2,75;0;0,47;131,83;131,83;5,8;5,52
5;Syngovia;transition;274;74;281;166;280;100;2,13;39,08;0;3,48;137,83;139,83;45,3;44,68
5;Syngovia;pair;274;74;281;417;5520;100;2,19;4,7;322,2;6,07;169,83;177,83;340,62;335,17
5;Syngovia;state;275;74;274;18;184;100;1,78;2,14;0;0,33;179,83;179,83;4,48;4,25
5;Syngovia;transition;275;74;274;157;273;100;1,74;19,69;0;3;184,83;186,83;24,96;24,42
5;Syngovia;pair;275;74;274;451;4236;100;2,34;3,53;193,53;6,71;214,83;18,42;211,58;206,11
5;Syngovia;state;276;74;281;18;252;100;2,17;2,66;0;0,44;20,42;21,42;5,52;5,27
5;Syngovia;transition;276;74;281;166;280;100;2,05;38,46;0;3,36;27,42;29,42;44,5;43,88
5;Syngovia;pair;276;74;281;418;5523;100;2,14;4,85;361,28;7,04;59,42;66,42;381,62;375,31
5;Syngovia;state;277;63;231;16;219;100;1,53;1,91;0;0,32;68,42;68,42;3,98;3,76
5;Syngovia;transition;277;63;231;126;230;100;1,48;21,21;0;1,91;73,42;75,42;25,12;24,6
5;Syngovia;pair;277;63;231;313;4142;100;1,45;3,04;167,98;5,19;95,42;101,42;181,82;177,65
5;Syngovia;state;278;63;231;16;219;100;1,66;1,93;0;0,28;103,42;103,42;4,1;3,87
5;Syngovia;transition;278;63;231;126;230;100;1,49;19,35;0;2,01;108,42;110,42;23,32;22,86
5;Syngovia;pair;278;63;231;313;4142;100;1,64;2,91;162,94;5,66;130,42;135,42;177,56;173,15
5;Syngovia;state;279;70;268;18;180;100;2,04;2,39;0;0,4;137,42;138,42;5,05;4,82
5;Syngovia;transition;279;70;268;157;267;100;1,95;19,51;0;2,61;143,42;144,42;24,65;24,08
5;Syngovia;pair;279;70;268;392;3619;100;2,01;4,66;128,22;4,36;168,42;174,42;143,88;139,24
5;Syngovia;state;280;74;271;18;252;100;1,72;2,07;0;0,34;176,42;176,42;4,35;4,13
5;Syngovia;transition;280;74;271;156;270;100;1,82;31,72;0;2,55;182,42;184,42;36,64;36,09
5;Syngovia;pair;280;74;271;387;5114;100;1,72;3,6;262,77;9,19;210,42;13,73;293,12;277,29
5;Syngovia;state;281;74;283;18;184;100;2,84;3,24;0;0,48;15,73;15,73;6,85;6,56
5;Syngovia;transition;281;74;283;166;282;100;2,73;25,79;0;3,53;21,73;22,73;32,7;32,04
5;Syngovia;pair;281;74;283;476;4483;100;2,85;6,42;244,09;9,4;54,73;61,73;270,04;262,75
5;Syngovia;state;282;70;266;18;180;100;2,45;2,91;0;0,44;63,73;63,73;6,06;5,8
5;Syngovia;transition;282;70;266;155;265;100;2,38;22,29;0;3,28;68,73;70,73;28,54;27,94
5;Syngovia;pair;282;70;266;387;3566;100;2,4;5,48;121,61;4,59;93,73;99,73;138,92;134,09
5;Syngovia;state;283;70;267;18;180;100;1,8;2,16;0;0,41;101,73;101,73;4,73;4,37
5;Syngovia;transition;283;70;267;156;266;100;2,2;18,24;0;1,89;106,73;107,73;22,91;22,34
5;Syngovia;pair;283;70;267;389;3591;100;1,71;3,44;125,35;6,74;131,73;137,73;142,52;137,25
5;Syngovia;state;284;70;266;18;180;100;2,19;2,61;0;0,45;139,73;139,73;5,52;5,26
5;Syngovia;transition;284;70;266;155;265;100;1,99;16,28;0;1,91;144,73;146,73;20,71;20,18
5;Syngovia;pair;284;70;266;387;3566;100;1,53;3,59;129,59;5,96;169,73;175,73;145,41;140,67
5;Syngovia;state;285;74;283;18;184;100;2,17;2,65;0;0,41;177,73;177,73;5,5;5,22
5;Syngovia;transition;285;74;283;166;282;100;2,14;21,21;0;2,84;182,73;184,73;26,81;26,19
5;Syngovia;pair;285;74;283;474;4484;100;2,33;5,35;217,28;6,47;214,73;20,49;236,94;231,43
5;Syngovia;state;286;59;227;16;155;100;1,9;2,21;0;0,38;21,49;21,49;4,78;4,48
5;Syngovia;transition;286;59;227;126;226;100;1,5;14,07;0;1,61;26,49;27,49;17,69;17,19
5;Syngovia;pair;286;59;227;320;2939;100;1,51;2,9;84,05;3,71;45,49;50,49;96,81;92,18
5;Syngovia;state;287;59;227;16;155;100;1,46;1,51;0;0,3;51,49;52,49;3,44;3,26
5;Syngovia;transition;287;59;227;126;226;100;1,23;12,06;0;2,43;56,49;57,49;16,3;15,72
5;Syngovia;pair;287;59;227;320;2939;100;1,74;3,82;82,1;4,79;75,49;80,49;97,48;92,46
5;Syngovia;state;288;74;286;18;184;100;1,89;2,43;0;0,33;82,49;82,49;4,9;4,65
5;Syngovia;transition;288;74;286;169;285;100;1,86;20,18;0;3,07;88,49;90,49;25,75;25,11
5;Syngovia;pair;288;74;286;484;4572;100;2,63;6,45;219,9;7,29;122,49;129,49;242,66;236,27
5;Syngovia;state;289;70;278;18;180;100;2,08;2,46;0;0,43;131,49;131,49;5,22;4,97
5;Syngovia;transition;289;70;278;167;277;100;2,04;21,63;0;3,08;137,49;138,49;27,48;26,75
5;Syngovia;pair;289;70;278;428;3907;100;2,56;4,01;152,04;6,73;166,49;172,49;171,19;165,34
5;Syngovia;state;290;63;231;16;219;100;2,08;2,62;0;0,51;173,49;174,49;5,51;5,2
5;Syngovia;transition;290;63;231;126;230;100;2,09;27,26;0;2,95;179,49;180,49;32,93;32,29
5;Syngovia;pair;290;63;231;313;4142;100;2,12;2,51;166,21;4,61;200,49;206,49;179,67;175,46
5;Syngovia;state;291;74;272;18;184;100;1,74;2,23;0;0,37;208,49;208,49;4,61;4,34
5;Syngovia;transition;291;74;272;155;271;100;1,87;25,23;0;2,47;212,95;10,95;30,12;29,58
5;Syngovia;pair;291;74;272;443;4176;100;2,18;4,46;175,43;4,95;39,95;45,95;192,22;187,02
5;Syngovia;state;292;74;275;18;184;100;1,72;1,95;0;0,27;47,95;47,95;4,15;3,95
5;Syngovia;transition;292;74;275;158;274;100;1,54;15,89;0;2,17;53,95;54,95;20,28;19,6
5;Syngovia;pair;292;74;275;449;4257;100;1,8;5,16;166,18;6,14;84,95;90,95;184,09;179,28
5;Syngovia;state;293;74;280;18;252;100;2,28;2,68;0;0,41;92,95;92,95;5,66;5,36
5;Syngovia;transition;293;74;280;165;279;100;1,7;40,87;0;3,6;99,95;101,95;46,96;46,18
5;Syngovia;pair;293;74;280;415;5478;100;2,52;3,62;307,36;6,16;130,95;138,95;325,57;319,65
5;Syngovia;state;294;70;266;18;180;100;2,19;2,68;0;0,44;139,95;140,95;5,6;5,31
5;Syngovia;transition;294;70;266;155;265;100;2,24;17,38;0;2,17;145,95;146,95;22,33;21,78
5;Syngovia;pair;294;70;266;387;3570;100;1,89;3,44;146,21;8,04;170,95;175,95;165,57;159,58
5;Syngovia;state;295;63;235;16;159;100;2,35;3,02;0;0,47;177,95;177,95;6,15;5,84
5;Syngovia;transition;295;63;235;128;234;100;2,43;15,55;0;1,53;182,95;183,95;19,98;19,51
5;Syngovia;pair;295;63;235;372;3509;100;1,63;3,55;115,11;5,03;206,95;211,95;129,52;125,31
5;Syngovia;state;296;59;227;16;155;100;2,87;1,54;0;0,26;8,53;8,53;4,94;4,68
5;Syngovia;transition;296;59;227;126;226;100;1,3;12,28;0;1,74;12,53;13,53;15,73;15,31
5;Syngovia;pair;296;59;227;320;2939;100;1,52;2,7;76,81;3,52;32,53;36,53;88,14;84,55
5;Syngovia;state;297;63;235;16;159;100;1,34;2,09;0;0,27;38,53;38,53;3,9;3,7
5;Syngovia;transition;297;63;235;128;234;100;1,46;11,39;0;1,8;43,53;44,53;15,15;14,66
5;Syngovia;pair;297;63;235;372;3509;100;2;4,12;114,26;6,33;67,53;72,53;132,29;126,71
5;Syngovia;state;298;70;275;18;180;100;2,54;3,02;0;0,48;74,53;74,53;6,33;6,05
5;Syngovia;transition;298;70;275;164;274;100;2,48;23,65;0;3,18;79,53;81,53;29,95;29,31
5;Syngovia;pair;298;70;275;418;3816;100;2,48;5,86;181,35;7,46;107,53;113,53;203,65;197,15
5;Syngovia;state;299;70;267;18;180;100;2,42;2,85;0;0,46;115,53;115,53;6,02;5,72
5;Syngovia;transition;299;70;267;156;266;100;2,39;21,7;0;3,02;120,53;122,53;27,83;27,11
5;Syngovia;pair;299;70;267;389;3591;100;2,35;5,18;167,36;6,84;146,53;151,53;187,87;181,74
5;Syngovia;state;300;63;235;16;159;100;2,21;2,39;0;0,39;153,53;153,53;5,31;4,99
5;Syngovia;transition;300;63;235;128;234;100;2,32;17,47;0;2,82;157,53;159,53;23,26;22,62
5;Syngovia;pair;300;63;235;372;3509;100;2,22;4,84;172,18;7,86;181,53;187,53;193,07;187,11
5;Syngovia;state;301;70;277;18;180;100;2,69;3,36;0;0,5;188,53;189,53;6,87;6,54
5;Syngovia;transition;301;70;277;166;276;100;2,85;27,47;0;3,65;194,53;196,53;34,72;33,97
5;Syngovia;pair;301;70;277;425;3883;100;2,93;6,79;218,84;7,7;213,89;25,89;243,21;236,25
5;Syngovia;state;302;70;266;18;180;100;7,73;3,16;0;0,39;27,89;27,89;11,6;11,28
5;Syngovia;transition;302;70;266;155;265;100;1,55;15,71;0;2;32,89;33,89;19,75;19,26
5;Syngovia;pair;302;70;266;387;3566;100;1,64;3,54;149,32;5,65;57,89;62,89;164,89;160,15
5;Syngovia;state;303;59;227;16;155;100;1,88;2,54;0;0,28;64,89;64,89;4,97;4,71
5;Syngovia;transition;303;59;227;129;226;100;1,41;15,68;0;2,32;69,89;70,89;20,1;19,41
5;Syngovia;pair;303;59;227;320;2939;100;2,17;3,78;94,64;4,18;88,89;93,89;109,29;104,77
5;Syngovia;state;304;63;235;16;159;100;1,49;2,26;0;0,42;94,89;95,89;4,48;4,18
5;Syngovia;transition;304;63;235;128;234;100;1,88;16,48;0;2,08;99,89;100,89;20,95;20,44
5;Syngovia;pair;304;63;235;372;3509;100;1,52;3,59;150,13;5,61;123,89;128,89;166,27;160,85
5;Syngovia;state;305;59;227;16;155;100;2,22;2,77;0;0,33;130,89;130,89;5,56;5,32
5;Syngovia;transition;305;59;227;126;226;100;1,47;12,08;0;1,92;134,89;136,89;16,02;15,47
5;Syngovia;pair;305;59;227;320;2939;100;1,47;3,09;77,58;3,47;154,89;158,89;89,08;85,62
5;Syngovia;state;306;74;279;18;252;100;2,66;3,26;0;0,59;160,89;161,89;6,82;6,52
5;Syngovia;transition;306;74;279;164;278;100;2,56;48,95;0;4,32;167,89;169,89;56,71;55,83
5;Syngovia;pair;306;74;279;411;5440;100;2,56;5,87;433,35;9,45;198,89;206,89;458,69;451,23
5;Syngovia;state;307;63;231;16;219;100;2,18;2,66;0;0,46;207,89;208,89;5,62;5,3
5;Syngovia;transition;307;63;231;126;230;100;2,09;31,92;0;2,78;212,98;9,98;37,4;36,79
5;Syngovia;pair;307;63;231;313;4142;100;2,13;3,41;218,32;4,89;29,98;35,98;234,32;228,74
5;Syngovia;state;308;63;231;16;219;100;1,81;2,28;0;0,33;37,98;37,98;4,74;4,42
5;Syngovia;transition;308;63;231;126;230;100;1,69;25,85;0;2,74;42,98;44,98;30,9;30,29
5;Syngovia;pair;308;63;231;313;4142;100;1,84;3,15;188,5;5,7;64,98;70,98;203,87;199,2
5;Syngovia;state;309;74;273;18;184;100;2,06;3,11;0;0,44;72,98;72,98;5,91;5,61
5;Syngovia;transition;309;74;273;156;272;100;2,03;19,88;0;1,96;77,98;79,98;24,39;23,86
5;Syngovia;pair;309;74;273;448;4211;100;2,01;4,7;204,28;6,22;108,98;114,98;222,61;217,21
5;Syngovia;state;310;70;269;18;180;100;2,2;2,84;0;0,35;116,98;116,98;5,69;5,38
5;Syngovia;transition;310;70;269;158;268;100;2,27;20,48;0;2,92;122,98;123,98;26,34;25,67
5;Syngovia;pair;310;70;269;395;3647;100;2,38;4,3;160,44;6,49;147,98;153,98;180,13;173,61
5;Syngovia;state;311;59;227;16;155;100;1,84;2,29;0;0,33;155,98;155,98;4,69;4,46
5;Syngovia;transition;311;59;227;126;226;100;1,73;13,47;0;1,79;159,98;160,98;17,67;16,99
5;Syngovia;pair;311;59;227;320;2939;100;1,57;3,33;98,16;3,92;179,98;183,98;111,06;106,98
5;Syngovia;state;312;74;275;18;184;100;1,96;2,57;0;0,35;185,98;185,98;5,22;4,88
5;Syngovia;transition;312;74;275;158;274;100;1,9;22,4;0;3,28;191,98;192,98;28,33;27,57
5;Syngovia;pair;312;74;275;454;4266;100;2,62;6,31;207,78;6,81;214,04;25,04;229,46;223,52
5;Syngovia;state;313;63;235;16;159;100;1,64;2,13;0;0,31;27,04;27,04;4,32;4,08
5;Syngovia;transition;313;63;235;130;234;100;2;14,47;0;2,26;32,04;33,04;19,34;18,72
5;Syngovia;pair;313;63;235;372;3509;100;2,1;4,13;144,77;4,9;56,04;61,04;160,51;155,89
5;Syngovia;state;314;70;266;18;180;100;1,85;2,25;0;0,33;63,04;63,04;4,71;4,43
5;Syngovia;transition;314;70;266;155;265;100;1,84;20,32;0;1,97;68,04;70,04;24,71;24,13
5;Syngovia;pair;314;70;266;387;3570;100;1,73;4,03;149,38;6,57;94,04;99,04;167,41;161,71
5;Syngovia;state;315;70;277;18;180;100;1,85;3,11;0;0,39;101,04;101,04;5,68;5,36
5;Syngovia;transition;315;70;277;166;276;100;2,39;24,34;0;3,27;107,04;108,04;30,75;29,99
5;Syngovia;pair;315;70;277;425;3879;100;2,6;5,7;190,91;6,77;135,04;141,04;211,78;205,98
5;Syngovia;state;316;70;275;18;180;100;3,38;2,48;0;0,4;143,04;143,04;6,56;6,25
5;Syngovia;transition;316;70;275;164;274;100;2,36;21,07;0;3,19;149,04;150,04;27,29;26,61
5;Syngovia;pair;316;70;275;418;3820;100;2,52;5,66;181,24;6,52;176,04;182,04;202,42;195,93
5;Syngovia;state;317;74;280;18;252;100;2,75;2,1;0;0,36;184,04;184,04;5,46;5,21
5;Syngovia;transition;317;74;280;165;279;100;2,59;44,65;0;3,38;191,04;193,04;51,33;50,62
5;Syngovia;pair;317;74;280;415;5478;100;2,16;4,15;348,27;7,33;214,04;26,46;367,64;361,9
5;Syngovia;state;318;74;272;18;252;100;2,02;2,61;0;0,48;28,46;28,46;5,37;5,11
5;Syngovia;transition;318;74;272;157;271;100;2,02;34,94;0;3,23;34,46;36,46;40,79;40,19
5;Syngovia;pair;318;74;272;391;5162;100;2,14;4,52;311,98;7,29;63,46;70,46;331,87;325,93
5;Syngovia;state;319;70;266;18;180;100;2,12;2,49;0;0,43;72,46;72,46;5,28;5,03
5;Syngovia;transition;319;70;266;155;265;100;2,02;19,39;0;2,63;77,46;79,46;24,62;24,04
5;Syngovia;pair;319;70;266;387;3566;100;2,04;6,43;170,72;7,86;102,46;108,46;196,83;187,04
5;Syngovia;state;320;74;274;18;184;100;2,73;3,51;0;0,53;110,46;110,46;7,08;6,77
5;Syngovia;transition;320;74;274;157;273;100;2,76;32,72;0;3,54;115,46;117,46;39,79;39,02
5;Syngovia;pair;320;74;274;448;4227;100;4,65;6,35;229,9;8,06;146,46;152,46;261,09;248,95
5;Syngovia;state;321;70;269;18;180;100;2,72;2,83;0;0,47;154,46;154,46;6,38;6,02
5;Syngovia;transition;321;70;269;158;268;100;2,48;23,51;0;3,33;160,46;161,46;30,1;29,32
5;Syngovia;pair;321;70;269;395;3647;100;2,46;5,27;189,79;7,41;186,46;191,46;211,39;204,93
5;Syngovia;state;322;74;271;18;252;100;2,74;3,25;0;0,64;193,46;193,46;7;6,63
5;Syngovia;transition;322;74;271;156;270;100;2,8;45,7;0;3,9;199,46;201,46;53,23;52,4
5;Syngovia;pair;322;74;271;387;5114;100;2,49;5,55;383,25;12,38;212,95;31,95;412,8;403,67
5;Syngovia;state;323;74;281;18;184;100;3,25;3,6;0;0,58;33,95;33,95;7,77;7,43
5;Syngovia;transition;323;74;281;164;280;100;3,28;28,26;0;4,1;39,95;40,95;36,47;35,63
5;Syngovia;pair;323;74;281;468;4423;100;3,34;5;272,05;10,07;72,95;78,95;298,36;290,46
5;Syngovia;state;324;74;281;18;252;100;1,98;2,67;0;0,54;80,95;80,95;5,51;5,19
5;Syngovia;transition;324;74;281;166;280;100;2,56;35,55;0;3,82;87,95;89,95;42,68;41,93
5;Syngovia;pair;324;74;281;418;5523;100;2,55;4,01;386,19;9,05;118,95;126,95;409,14;401,8
5;Syngovia;state;325;59;227;16;155;100;1,92;2,17;0;0,25;128,95;128,95;4,56;4,34
5;Syngovia;transition;325;59;227;126;226;100;1,59;12,98;0;1,98;132,95;134,95;17,16;16,55
5;Syngovia;pair;325;59;227;320;2939;100;1,53;3,32;87,31;4,95;152,95;156,95;101,45;97,11
5;Syngovia;state;326;74;275;18;184;100;2,4;3,03;0;0,41;158,95;158,95;6,11;5,84
5;Syngovia;transition;326;74;275;158;274;100;2,09;19,88;0;2,66;164,95;165,95;25,25;24,63
5;Syngovia;pair;326;74;275;454;4261;100;2,09;5,14;218,35;8,43;195,95;201,95;240,46;234,01
5;Syngovia;state;327;74;276;18;184;100;2,83;3,2;0;0,51;203,95;204,95;6,9;6,54
5;Syngovia;transition;327;74;276;159;275;100;2,54;23,01;0;3,09;209,95;211,95;29,43;28,64
5;Syngovia;pair;327;74;276;453;4282;100;2,75;5,92;210,33;6,95;241,95;247,95;232,23;225,95
5;Syngovia;state;328;74;272;18;252;100;2,04;2;0;0,42;249,95;249,95;4,69;4,45
5;Syngovia;transition;328;74;272;157;271;100;1,58;48,89;0;3,81;253,99;11,99;55,14;54,27
5;Syngovia;pair;328;74;272;391;5162;100;2,51;5,11;322,69;5,55;38,99;45,99;342,84;335,86
5;Syngovia;state;329;63;231;16;219;100;2,15;2,55;0;0,67;47,99;47,99;5,7;5,37
5;Syngovia;transition;329;63;231;126;230;100;1,91;27,5;0;2,59;52,99;54,99;32,75;32,01
5;Syngovia;pair;329;63;231;313;4142;100;1,67;3,81;205,28;5,24;74,99;80,99;220,73;216
5;Syngovia;state;330;74;270;18;252;100;2,63;7,37;0;0,36;82,99;82,99;10,63;10,35
5;Syngovia;transition;330;74;270;155;269;100;1,92;39,13;0;2,98;88,99;90,99;44,91;44,03
5;Syngovia;pair;330;74;270;384;5068;100;2,12;4,26;338,57;8,22;116,99;123,99;359,5;353,17
5;Syngovia;state;331;70;264;18;180;100;2,51;2,91;0;0,44;125,99;125,99;6,22;5,86
5;Syngovia;transition;331;70;264;153;263;100;2,58;21,81;0;2,85;130,99;132,99;27,95;27,24
5;Syngovia;pair;331;70;264;382;3517;100;2,24;4,99;158,09;5,92;155,99;160,99;176,82;171,23
5;Syngovia;state;332;70;277;18;180;100;2,34;2,54;0;0,43;162,99;162,99;5,55;5,31
5;Syngovia;transition;332;70;277;166;276;100;2,16;21,24;0;2,94;168,99;169,99;26,97;26,33
5;Syngovia;pair;332;70;277;424;3872;100;2,52;5,7;200,78;7,86;196,99;202,99;223,46;216,85
5;Syngovia;state;333;63;235;16;159;100;1,97;2,45;0;0,46;204,99;204,99;5,17;4,88
5;Syngovia;transition;333;63;235;128;234;100;2,12;15,31;0;2,23;209,99;210,99;20,33;19,66
5;Syngovia;pair;333;63;235;372;3509;100;1,57;3,69;142,45;6,18;232,99;238,99;159,07;153,88
5;Syngovia;state;334;70;269;18;180;100;2,1;2,89;0;0,45;240,99;240,99;5,76;5,44
5;Syngovia;transition;334;70;269;158;268;100;2,06;20,74;0;2,11;245,99;247,99;25,53;24,91
5;Syngovia;pair;334;70;269;395;3647;100;2,16;4,38;141,89;4,7;254,99;31,48;157,89;153,13
5;Syngovia;state;335;70;275;18;180;100;2;2,13;0;0,41;33,48;34,48;4,98;4,55
5;Syngovia;transition;335;70;275;164;274;100;2,28;18,81;0;3,02;39,48;41,48;24,72;24,12
5;Syngovia;pair;335;70;275;418;3820;100;2,51;5,17;156,73;6,36;67,48;73,48;176,42;170,78
5;Syngovia;state;336;70;266;18;180;100;2,05;2,44;0;0,41;74,48;75,48;5,25;4,9
5;Syngovia;transition;336;70;266;155;265;100;2,01;18,79;0;2,8;80,48;81,48;24,16;23,61
5;Syngovia;pair;336;70;266;387;3566;100;2,31;4,58;135,56;5,04;105,48;110,48;152,6;147,49
5;Syngovia;state;337;74;269;18;252;100;1,66;2,03;0;0,33;112,48;113,48;4,22;4,02
5;Syngovia;transition;337;74;269;154;268;100;1,6;38,42;0;3,45;119,48;121,48;44,1;43,47
5;Syngovia;pair;337;74;269;381;5028;100;2,19;3,94;297,61;8,34;146,48;153,48;317,95;312,08
5;Syngovia;state;338;70;273;18;180;100;2,39;2,71;0;0,42;155,48;155,48;5,78;5,51
5;Syngovia;transition;338;70;273;162;272;100;2,36;19,85;0;2,81;161,48;162,48;25,75;25,03
5;Syngovia;pair;338;70;273;413;3769;100;2,12;4,8;153,52;6,18;188,48;194,48;172,04;166,61
5;Syngovia;state;339;59;227;16;155;100;1,73;2,06;0;0,34;195,48;196,48;4,34;4,13
5;Syngovia;transition;339;59;227;126;226;100;1,65;13,24;0;2,07;200,48;201,48;17,45;16,97
5;Syngovia;pair;339;59;227;320;2939;100;1,7;3,57;95,29;3,89;219,48;224,48;108,53;104,44
5;Syngovia;state;340;74;274;18;184;100;2,24;2,89;0;0,46;226,48;226,48;5,96;5,59
5;Syngovia;transition;340;74;274;157;273;100;2,36;18,85;0;2,68;231,48;233,48;24,6;23,9
5;Syngovia;pair;340;74;274;447;4230;100;1,95;5,3;172,15;6,31;254,12;25,12;190,35;185,72
5;Syngovia;state;341;63;235;16;159;100;2,07;2,44;0;0,34;26,12;27,12;5,07;4,85
5;Syngovia;transition;341;63;235;128;234;100;1,51;12,55;0;1,76;31,12;32,12;16,29;15,82
5;Syngovia;pair;341;63;235;372;3509;100;2,06;3,28;124,29;6,47;55,12;60,12;141,71;136,1
5;Syngovia;state;342;70;275;18;180;100;2,46;2,27;0;0,31;62,12;62,12;5,26;5,04
5;Syngovia;transition;342;70;275;164;274;100;2,14;20,16;0;2,94;68,12;69,12;26,01;25,24
5;Syngovia;pair;342;70;275;418;3816;100;2,66;4,65;163,16;6,25;95,12;101,12;182,33;176,71
5;Syngovia;state;343;74;274;18;184;100;1,95;2,64;0;0,33;103,12;103,12;5,14;4,92
5;Syngovia;transition;343;74;274;157;273;100;1,9;17,69;0;2,63;109,12;110,12;22,88;22,22
5;Syngovia;pair;343;74;274;448;4227;100;3,18;5,19;194,41;6,71;140,12;146,12;214,95;209,49
5;Syngovia;state;344;74;277;18;184;100;2,02;2,6;0;0,4;148,12;148,12;5,22;5,02
5;Syngovia;transition;344;74;277;160;276;100;2,1;19,11;0;3,01;154,12;155,12;24,85;24,23
5;Syngovia;pair;344;74;277;458;4317;100;2,45;5,49;203,49;7,3;185,12;192,12;225,24;218,73
5;Syngovia;state;345;74;274;18;184;100;2,19;2,49;0;0,41;194,12;194,12;5,3;5,09
5;Syngovia;transition;345;74;274;157;273;100;2,18;19,77;0;2,57;199,12;201,12;25,15;24,53
5;Syngovia;pair;345;74;274;450;4225;100;1,97;4,99;191,76;6,58;230,12;237,12;211,1;205,31
5;Syngovia;state;346;74;272;18;252;100;1,95;2,37;0;0,39;238,12;239,12;4,96;4,72
5;Syngovia;transition;346;74;272;157;271;100;1,89;31,53;0;2,75;245,12;247,12;36,77;36,17
5;Syngovia;pair;346;74;272;390;5156;100;1,93;3,46;351,05;5,87;254,12;35,53;367,28;362,31
5;Syngovia;state;347;70;274;18;180;100;1,96;2,18;0;0,35;37,53;37,53;4,69;4,49
5;Syngovia;transition;347;70;274;163;273;100;1,75;18,91;0;2,03;42,53;44,53;23,23;22,69
5;Syngovia;pair;347;70;274;414;3789;100;2,46;5,15;181,41;4,99;70,53;75,53;199,45;194,01
5;Syngovia;state;348;74;274;18;184;100;2,45;3,4;0;0,5;77,53;78,53;6,63;6,36
5;Syngovia;transition;348;74;274;157;273;100;2,63;21,7;0;2,28;83,53;85,53;27,3;26,61
5;Syngovia;pair;348;74;274;451;4236;100;2,13;4,97;201,95;5,88;114,53;120,53;220,38;214,92
5;Syngovia;state;349;63;235;16;159;100;1,73;1,85;0;0,31;122,53;122,53;4,11;3,89
5;Syngovia;transition;349;63;235;128;234;100;1,85;14,73;0;1,9;127,53;128,53;19,12;18,48
5;Syngovia;pair;349;63;235;372;3509;100;1,56;3,59;141,59;4,63;151,53;156,53;155,77;151,37
5;Syngovia;state;350;63;235;16;159;100;1,61;2,01;0;0,25;158,53;158,53;4,08;3,88
5;Syngovia;transition;350;63;235;128;234;100;1,59;12,35;0;2,19;163,53;164,53;16,64;16,14
5;Syngovia;pair;350;63;235;372;3509;100;1,72;3,12;129,22;4,66;186,53;192,53;143,11;138,71
5;Syngovia;state;351;63;231;16;219;100;1,7;2,12;0;0,39;193,53;194,53;4,45;4,21
5;Syngovia;transition;351;63;231;126;230;100;1,92;22,36;0;2,88;199,53;200,53;27,76;27,16
5;Syngovia;pair;351;63;231;313;4142;100;1,74;3,33;161,24;4,92;220,53;226,53;175,21;171,23
5;Syngovia;state;352;74;285;18;184;100;2,04;2,59;0;0,48;228,53;228,53;5,39;5,11
5;Syngovia;transition;352;74;285;168;284;100;2,62;20,76;0;2,19;234,53;236,53;26,1;25,56
5;Syngovia;pair;352;74;285;483;4538;100;1,98;4,03;205,01;6,34;254,01;31,01;222,54;217,36
5;Syngovia;state;353;74;285;18;184;100;1,87;2,4;0;0,31;33,01;33,01;4,81;4,59
5;Syngovia;transition;353;74;285;168;284;100;1,77;19,02;0;2,25;39,01;41,01;23,59;23,04
5;Syngovia;pair;353;74;285;482;4543;100;2,23;4,31;220,14;6,66;73,01;80,01;239,85;233,34
5;Syngovia;state;354;70;273;18;180;100;1,99;2,31;0;0,48;82,01;82,01;5,04;4,78
5;Syngovia;transition;354;70;273;162;272;100;1,73;20,73;0;3,21;88,01;89,01;26,32;25,67
5;Syngovia;pair;354;70;273;412;3768;100;2,21;5,45;168,46;6,79;115,01;121,01;188,32;182,91
5;Syngovia;state;355;74;270;18;252;100;2,29;2,84;0;0,5;122,01;123,01;5,93;5,64
5;Syngovia;transition;355;74;270;155;269;100;2,2;39,25;0;3,51;129,01;131,01;45,76;44,95
5;Syngovia;pair;355;74;270;384;5068;100;2,28;4,3;292,03;7,98;157,01;164,01;312,44;306,6
5;Syngovia;state;356;74;282;18;184;100;2,69;2,87;0;0,39;166,01;166,01;6,25;5,95
5;Syngovia;transition;356;74;282;165;281;100;2,18;19,42;0;2,24;172,01;173,01;24,44;23,84
5;Syngovia;pair;356;74;282;473;4453;100;2,17;4,98;212,99;7,63;205,01;212,01;233,58;227,78
5;Syngovia;state;357;74;269;18;252;100;2,22;3,12;0;0,37;214,01;214,01;6;5,7
5;Syngovia;transition;357;74;269;154;268;100;1,56;38,96;0;2,62;220,01;222,01;43,79;43,14
5;Syngovia;pair;357;74;269;381;5028;100;2;3,68;324,21;10,46;247,01;254,01;345,7;340,35
5;Syngovia;state;358;74;273;18;252;100;2,24;3,17;0;0,81;10,67;10,67;6,69;6,22
5;Syngovia;transition;358;74;273;158;272;100;2,29;44,2;0;3,97;16,67;18,67;51,24;50,46
5;Syngovia;pair;358;74;273;394;5202;100;2,6;5,54;310,9;7,48;45,67;52,67;332,83;326,52
5;Syngovia;state;359;74;271;18;252;100;2,2;3,16;0;0,56;54,67;54,67;6,27;5,91
5;Syngovia;transition;359;74;271;156;270;100;2,51;43,26;0;3,74;60,67;63,67;50,34;49,52
5;Syngovia;pair;359;74;271;387;5108;100;2,58;5,51;315,51;10,47;89,67;96,67;341,56;334,07
5;Syngovia;state;360;74;274;18;184;100;3,01;3,76;0;0,56;98,67;98,67;7,64;7,33
5;Syngovia;transition;360;74;274;157;273;100;2,58;18,41;0;2,17;104,67;105,67;23,79;23,15
5;Syngovia;pair;360;74;274;450;4225;100;1,74;4,38;203,7;5,97;134,67;141,67;220,53;215,78
5;Syngovia;state;361;74;282;18;184;100;2,37;2,76;0;0,47;143,67;143,67;5,89;5,6
5;Syngovia;transition;361;74;282;165;281;100;2,07;22,85;0;3,28;148,67;150,67;28,92;28,21
5;Syngovia;pair;361;74;282;472;4460;100;2,62;6,36;204,05;7,04;182,67;188,67;226,43;220,07
5;Syngovia;state;362;63;231;16;219;100;1,83;2,09;0;0,4;190,67;190,67;4,52;4,33
5;Syngovia;transition;362;63;231;126;230;100;1,68;22,11;0;2,51;195,67;197,67;26,81;26,3
5;Syngovia;pair;362;63;231;313;4142;100;1,74;2,84;203,18;6,18;217,67;223,67;218,99;213,94
5;Syngovia;state;363;63;235;16;159;100;2,37;2,55;0;0,4;225,67;225,67;5,63;5,31
5;Syngovia;transition;363;63;235;128;234;100;2,09;16,35;0;2,32;229,67;231,67;21,47;20,76
5;Syngovia;pair;363;63;235;372;3509;100;2,1;4,24;131,75;7,52;254,67;13,45;151,35;145,61
5;Syngovia;state;364;70;270;18;180;100;2,7;3,21;0;0,5;15,45;16,45;6,68;6,41
5;Syngovia;transition;364;70;270;159;269;100;2,46;24,58;0;3,54;21,45;22,45;31,21;30,58
5;Syngovia;pair;364;70;270;401;3678;100;2,69;6,32;190,38;8,64;47,45;53,45;214,99;208,03
5;Syngovia;state;365;74;276;18;184;100;2,79;3,46;0;0,54;55,45;55,45;7,06;6,78
5;Syngovia;transition;365;74;276;159;275;100;2,96;26,25;0;3,74;60,45;62,45;33,61;32,94
5;Syngovia;pair;365;74;276;453;4282;100;2,96;6,7;244,45;9,52;92,45;98,45;271,08;263,62
5;Syngovia;state;366;59;227;16;155;100;2,21;2,73;0;0,4;100,45;100,45;5,59;5,34
5;Syngovia;transition;366;59;227;126;226;100;2,2;17,16;0;2,66;104,45;105,45;22,59;22,02
5;Syngovia;pair;366;59;227;320;2939;100;2,37;4,42;126,83;6,75;124,45;128,45;146,11;140,37
5;Syngovia;state;367;63;235;16;159;100;3,56;3,01;0;0,51;130,45;130,45;7,36;7,08
5;Syngovia;transition;367;63;235;128;234;100;2,45;19,29;0;2,76;135,45;136,45;25,19;24,5
5;Syngovia;pair;367;63;235;372;3509;100;2,42;5,1;168,09;7,68;159,45;164,45;189,58;183,28
5;Syngovia;state;368;74;279;18;252;100;2,72;3,37;0;0,65;166,45;166,45;7,03;6,75
5;Syngovia;transition;368;74;279;164;278;100;2,75;50,5;0;5,28;172,45;175,45;59,33;58,53
5;Syngovia;pair;368;74;279;411;5440;100;2,9;7;463,72;6,04;203,45;211,45;486,86;479,66
5;Syngovia;state;369;74;279;18;252;100;2,11;4,31;0;0,6;213,45;213,45;7,34;7,03
5;Syngovia;transition;369;74;279;164;278;100;2,98;47,43;0;4,9;220,45;222,45;56,34;55,31
5;Syngovia;pair;369;74;279;412;5451;100;2,06;5,21;423,1;6,47;251,45;12,7;455,91;436,83
5;Syngovia;state;370;74;271;18;252;100;2,32;2,31;0;0,55;14,7;14,7;5,45;5,18
5;Syngovia;transition;370;74;271;156;270;100;2,27;40,65;0;3,58;21,7;23,7;47,13;46,5
5;Syngovia;pair;370;74;271;387;5108;100;1,98;4,14;304,79;5,97;49,7;56,7;322,39;316,88
5;Syngovia;state;371;74;269;18;252;100;2,3;2,9;0;0,51;58,7;58,7;6,04;5,7
5;Syngovia;transition;371;74;269;154;268;100;1,93;37,01;0;3,88;64,7;66,7;43,58;42,82
5;Syngovia;pair;371;74;269;381;5028;100;2,28;4,43;321,22;5,94;92,7;99,7;340,33;333,87
5;Syngovia;state;372;70;265;18;180;100;1,82;2,3;0;0,45;101,7;101,7;4,89;4,57
5;Syngovia;transition;372;70;265;154;264;100;2,2;18,84;0;2,34;106,7;108,7;23,9;23,38
5;Syngovia;pair;372;70;265;384;3542;100;2,42;4,22;154,76;5,67;131,7;136,7;172,88;167,08
5;Syngovia;state;373;70;276;18;180;100;2,35;2,86;0;0,44;138,7;139,7;5,9;5,64
5;Syngovia;transition;373;70;276;165;275;100;2,46;24,14;0;3,15;144,7;146,7;30,46;29,75
5;Syngovia;pair;373;70;276;422;3853;100;2,56;5,51;175,73;7,65;172,7;178,7;198,37;191,45
5;Syngovia;state;374;74;281;18;184;100;2,51;2,92;0;0,47;180,7;180,7;6,18;5,89
5;Syngovia;transition;374;74;281;164;280;100;1,9;22,14;0;3,29;186,7;188,7;27,98;27,33
5;Syngovia;pair;374;74;281;467;4421;100;4,65;4;223,06;8,65;219,7;225,7;247,34;240,36
5;Syngovia;state;375;63;231;16;219;100;7,6;2,63;0;0,66;227,7;227,7;11,24;10,89
5;Syngovia;transition;375;63;231;126;230;100;2,17;25,79;0;2,79;232,7;234,7;31,52;30,76
5;Syngovia;pair;375;63;231;313;4142;100;2,08;3,9;211,16;4,91;254,7;15,54;228,01;222,05
5;Syngovia;state;376;70;263;18;180;100;1,9;2,3;0;0,38;17,54;17,54;4,91;4,59
5;Syngovia;transition;376;70;263;152;262;100;1,97;20,28;0;2,87;22,54;23,54;25,75;25,12
5;Syngovia;pair;376;70;263;378;3485;100;2,4;4,27;139,42;4,49;46,54;52,54;155,33;150,58
5;Syngovia;state;377;70;272;18;180;100;1,8;2,24;0;0,33;54,54;54,54;4,6;4,38
5;Syngovia;transition;377;70;272;161;271;100;1,87;21,09;0;2,28;59,54;61,54;25,7;25,24
5;Syngovia;pair;377;70;272;410;3743;100;2,12;4,67;149,68;6,85;86,54;92,54;168,7;163,33
5;Syngovia;state;378;74;278;18;252;100;2,56;3,13;0;0,52;94,54;94,54;6,52;6,21
5;Syngovia;transition;378;74;278;163;277;100;2,09;41,9;0;3,36;100,54;102,54;48,13;47,35
5;Syngovia;pair;378;74;278;409;5402;100;2,57;5,63;335,2;6,38;131,54;138,54;356,4;349,78
5;Syngovia;state;379;70;270;18;180;100;1,78;2,08;0;0,31;140,54;141,54;4,39;4,17
5;Syngovia;transition;379;70;270;159;269;100;2,85;24,42;0;3,24;146,54;147,54;31,29;30,52
5;Syngovia;pair;379;70;270;401;3678;100;2,36;5,49;172,93;5,35;172,54;178,54;191,73;186,12
5;Syngovia;state;380;59;227;16;155;100;1,63;2,08;0;0,35;179,54;180,54;4,35;4,07
5;Syngovia;transition;380;59;227;126;226;100;1,34;13,81;0;2,17;184,54;185,54;17,9;17,31
5;Syngovia;pair;380;59;227;320;2939;100;1,77;4,33;104,1;6,22;203,54;208,54;121,52;116,41
5;Syngovia;state;381;70;273;18;180;100;2,48;3,25;0;0,48;210,54;210,54;6,46;6,21
5;Syngovia;transition;381;70;273;162;272;100;2,54;24,12;0;3,1;215,54;217,54;30,38;29,76
5;Syngovia;pair;381;70;273;412;3768;100;2,31;5,66;182,08;8,36;243,54;248,54;205,01;198,41
5;Syngovia;state;382;74;276;18;184;100;2,82;3,36;0;0,52;250,54;250,54;6,97;6,71
5;Syngovia;transition;382;74;276;159;275;100;2,68;25,28;0;2,8;253,76;11,76;31,32;30,75
5;Syngovia;pair;382;74;276;456;4291;100;2,46;6,15;219,13;6,85;42,76;48,76;241,12;234,59
5;Syngovia;state;383;74;271;18;252;100;2,14;2,31;0;0,34;50,76;50,76;4,98;4,79
5;Syngovia;transition;383;74;271;156;270;100;1,88;33,2;0;3,63;56,76;58,76;39,41;38,72
5;Syngovia;pair;383;74;271;387;5108;100;1,78;5,25;303,69;6,26;84,76;92,76;321,97;316,97
5;Syngovia;state;384;63;231;16;219;100;2,18;2,58;0;0,61;93,76;94,76;5,68;5,36
5;Syngovia;transition;384;63;231;126;230;100;2,29;23,13;0;2,44;99,76;100,76;28,43;27,86
5;Syngovia;pair;384;63;231;313;4142;100;1,88;3,97;183,1;6,98;120,76;126,76;202,09;195,93
5;Syngovia;state;385;63;235;16;159;100;2,24;2,35;0;0,32;128,76;128,76;5,2;4,91
5;Syngovia;transition;385;63;235;130;234;100;1,92;14,22;0;2,2;133,76;134,76;18,98;18,34
5;Syngovia;pair;385;63;235;372;3509;100;1,6;3,82;122,81;4,26;157,76;162,76;136,78;132,49
5;Syngovia;state;386;74;270;18;252;100;1,87;2,06;0;0,36;164,76;164,76;4,53;4,3
5;Syngovia;transition;386;74;270;155;269;100;1,57;39,25;0;3,53;170,76;172,76;45,17;44,35
5;Syngovia;pair;386;74;270;384;5071;100;2,53;5,37;283,6;7,04;198,76;205,76;304,9;298,54
5;Syngovia;state;387;59;227;16;155;100;1,68;2,05;0;0,34;207,76;207,76;4,28;4,08
5;Syngovia;transition;387;59;227;126;226;100;1,67;12,31;0;1,98;211,76;213,76;16,46;15,95
5;Syngovia;pair;387;59;227;320;2939;100;1,55;3,39;78,66;4,22;231,76;235,76;91,63;87,83
5;Syngovia;state;388;63;231;16;219;100;1,37;1,98;0;0,4;237,76;237,76;3,99;3,75
5;Syngovia;transition;388;63;231;126;230;100;1,72;21,66;0;1,92;242,76;244,76;25,85;25,29
5;Syngovia;pair;388;63;231;313;4142;100;1,56;3,07;163,19;6,46;254,76;25,63;179,29;174,27
5;Syngovia;state;389;70;273;18;180;100;2,38;2,74;0;0,41;27,63;27,63;5,74;5,52
5;Syngovia;transition;389;70;273;162;272;100;2,2;21,03;0;1,92;32,63;34,63;25,61;25,15
5;Syngovia;pair;389;70;273;412;3768;100;2,5;5,32;177,13;7,56;60,63;65,63;198,49;192,51
5;Syngovia;state;390;63;235;16;159;100;2,1;2,61;0;0,42;67,63;67,63;5,38;5,13
5;Syngovia;transition;390;63;235;128;234;100;2,09;15,83;0;2,45;72,63;73,63;20,96;20,36
5;Syngovia;pair;390;63;235;372;3509;100;2,13;4,4;144,45;6,97;96,63;101,63;163,29;157,94
5;Syngovia;state;391;63;235;16;159;100;2,05;2,5;0;0,37;103,63;103,63;5,12;4,92
5;Syngovia;transition;391;63;235;130;234;100;2,15;16,14;0;2,37;107,63;109,63;21,18;20,66
5;Syngovia;pair;391;63;235;372;3509;100;2,06;4,29;142,11;6,63;131,63;136,63;160,45;155,09
5;Syngovia;state;392;74;277;18;184;100;2,3;2,26;0;0,34;138,63;139,63;5,08;4,9
5;Syngovia;transition;392;74;277;160;276;100;2,08;20,15;0;2,5;144,63;146,63;25,36;24,73
5;Syngovia;pair;392;74;277;458;4317;100;2,37;4,17;194,62;5,15;176,63;182,63;210,96;206,31
5;Syngovia;state;393;63;235;16;159;100;1,45;1,8;0;0,25;184,63;184,63;3,66;3,5
5;Syngovia;transition;393;63;235;130;234;100;1,41;11,69;0;1,99;189,63;190,63;15,55;15,1
5;Syngovia;pair;393;63;235;372;3509;100;1,75;3,66;135,41;4,99;213,63;218,63;150,61;145,82
5;Syngovia;state;394;70;274;18;180;100;2;2,76;0;0,42;220,63;220,63;5,42;5,18
5;Syngovia;transition;394;70;274;163;273;100;2,54;21,94;0;3,22;226,63;227,63;28,28;27,7
5;Syngovia;pair;394;70;274;413;3790;100;2,49;4,72;187,59;6,9;253,63;14,61;207,82;201,7
5;Syngovia;state;395;74;276;18;184;100;2,78;3,02;0;0,5;16,61;16,61;6,59;6,29
5;Syngovia;transition;395;74;276;159;275;100;2,44;23,47;0;3,01;22,61;23,61;29,61;28,92
5;Syngovia;pair;395;74;276;456;4291;100;2,56;6,04;226,73;7,12;53,61;60,61;249,16;242,46
5;Syngovia;state;396;70;275;18;180;100;2,46;2,95;0;0,45;61,61;62,61;6,12;5,85
5;Syngovia;transition;396;70;275;164;274;100;2,38;20,56;0;2,41;67,61;69,61;26,07;25,34
5;Syngovia;pair;396;70;275;416;3810;100;2,08;4,94;171,14;6,31;95,61;100,61;189,89;184,48
5;Syngovia;state;397;74;273;18;184;100;2,08;2,52;0;0,41;102,61;103,61;5,21;5,01
5;Syngovia;transition;397;74;273;156;272;100;2,09;18,97;0;2,51;108,61;110,61;24,17;23,58
5;Syngovia;pair;397;74;273;445;4205;100;2,02;4,9;190,68;5,89;139,61;145,61;208,56;203,49
5;Syngovia;state;398;59;227;16;155;100;1,77;1,9;0;0,38;147,61;147,61;4,28;4,05
5;Syngovia;transition;398;59;227;126;226;100;1,93;15,32;0;2,45;151,61;152,61;20,27;19,69
5;Syngovia;pair;398;59;227;320;2939;100;2,19;3,88;85,85;4,69;171,61;175,61;101,33;96,61
5;Syngovia;state;399;74;281;18;252;100;2,19;2,54;0;0,44;177,61;177,61;5,36;5,17
5;Syngovia;transition;399;74;281;166;280;100;2,06;38,82;0;3,4;184,61;186,61;44,92;44,28
5;Syngovia;pair;399;74;281;417;5520;100;2,12;4,79;330,61;7,59;215,61;223,61;351,21;345,11
5;Syngovia;state;400;63;231;16;219;100;1,71;2,13;0;0,38;225,61;225,61;4,39;4,21
5;Syngovia;transition;400;63;231;126;230;100;1,32;20,82;0;2,47;230,61;232,61;25,08;24,61
5;Syngovia;pair;400;63;231;313;4142;100;1,74;3,34;163,59;4,64;252,61;12,66;179,23;173,31
