RunID;SPL Name;Coverage Type;Product Index;FTS States;FTS Transitions;Test Cases;Total Test Actions;Coverage(%);Projection Time(ms);Test Generation Time(ms);Transformation Time(ms);Test Execution Time(ms);Test Generation Peak Memory(MB);Test Execution Peak Memory(MB);Wall Clock Time(ms);Segment Sum Time(ms)
2;BankAccountv2;state;1;18;30;9;29;100;8,64;6,82;0;3,87;12,02;12,02;23,7;19,33
2;BankAccountv2;transition;1;18;30;12;30;100;3,03;15,86;0;1,27;12,02;13,02;23,05;20,16
2;BankAccountv2;pair;1;18;30;127;368;100;2,11;5,08;23,59;5,13;14,02;15,02;45,57;35,92
2;BankAccountv2;state;2;19;27;7;26;100;1,64;1,72;0;0,37;15,02;15,02;5,49;3,74
2;BankAccountv2;transition;2;19;27;9;27;100;1,34;3,19;0;0,45;16,02;16,02;6,83;4,99
2;BankAccountv2;pair;2;19;27;77;293;100;1,33;0,55;8,99;2,97;17,02;17,02;18,04;13,84
2;BankAccountv2;state;3;9;12;3;11;100;0,93;0,77;0;0,59;18,02;18,02;4,01;2,3
2;BankAccountv2;transition;3;9;12;4;12;100;0,7;1,31;0;0,17;18,02;19,02;3,73;2,19
2;BankAccountv2;pair;3;9;12;11;39;100;0,55;0,21;0,94;0,24;19,02;19,02;4,32;1,94
2;BankAccountv2;state;4;18;28;7;25;100;0,68;0,83;0;0,32;19,02;19,02;3,18;1,83
2;BankAccountv2;transition;4;18;28;10;28;100;0,56;1,92;0;0,28;20,02;20,02;4,38;2,75
2;BankAccountv2;pair;4;18;28;89;319;100;0,57;0,5;8,24;2,4;21,02;21,02;14,62;11,71
2;BankAccountv2;state;5;13;18;6;19;100;0,78;0,82;0;0,17;22,02;22,02;2,88;1,77
2;BankAccountv2;transition;5;13;18;6;18;100;0,67;1,36;0;0,36;22,02;22,02;3,51;2,39
2;BankAccountv2;pair;5;13;18;33;106;100;0,55;0,36;2,21;0,52;23,02;23,02;5,52;3,63
2;BankAccountv2;state;6;14;24;7;21;100;0,54;0,63;0;0,13;23,02;23,02;2,02;1,3
2;BankAccountv2;transition;6;14;24;9;24;100;0,44;1,1;0;0,28;23,02;24,02;2,56;1,81
2;BankAccountv2;pair;6;14;24;79;234;100;0,42;0,51;4,33;0,76;24,02;25,02;8,15;6,02
2;BankAccountv2;state;7;16;27;8;26;100;0,61;0,86;0;0,23;25,02;25,02;2,6;1,7
2;BankAccountv2;transition;7;16;27;10;27;100;0,59;1,26;0;0,13;26,02;26,02;3,27;1,99
2;BankAccountv2;pair;7;16;27;91;286;100;0,61;0,52;5,85;0,91;27,02;27,02;10,51;7,88
2;BankAccountv2;state;8;14;20;7;21;100;0,73;0,77;0;0,1;28,02;28,02;2,24;1,61
2;BankAccountv2;transition;8;14;20;7;20;100;0,64;1,16;0;0,14;28,02;28,02;2,73;1,95
2;BankAccountv2;pair;8;14;20;60;182;100;0,69;0,3;3,19;0,74;29,02;29,02;7,23;4,91
2;BankAccountv2;state;9;14;23;6;20;100;0,58;0,8;0;0,12;29,02;29,02;2,32;1,5
2;BankAccountv2;transition;9;14;23;9;23;100;0,59;1,46;0;0,15;30,02;30,02;2,96;2,2
2;BankAccountv2;pair;9;14;23;61;186;100;0,51;0,46;3,53;0,74;31,02;31,02;7,47;5,24
2;BankAccountv2;state;10;19;30;7;25;100;0,93;1,03;0;0,13;31,02;31,02;2,87;2,09
2;BankAccountv2;transition;10;19;30;11;30;100;0,82;1,91;0;0,24;32,02;32,02;4;2,97
2;BankAccountv2;pair;10;19;30;112;379;100;0,99;0,64;8,12;1,48;33,02;34,02;14,54;11,24
2;BankAccountv2;state;11;16;25;7;23;100;0,74;1,01;0;0,17;34,02;34,02;2,78;1,92
2;BankAccountv2;transition;11;16;25;10;25;100;0,73;1,5;0;0,16;35,02;35,02;3,18;2,4
2;BankAccountv2;pair;11;16;25;89;272;100;0,68;0,61;5,43;1,13;36,02;36,02;10,6;7,85
2;BankAccountv2;state;12;17;29;9;28;100;0,62;0,86;0;0,14;37,02;37,02;2,4;1,63
2;BankAccountv2;transition;12;17;29;11;29;100;0,61;1,51;0;0,2;37,02;37,02;3,07;2,32
2;BankAccountv2;pair;12;17;29;119;353;100;0,64;0,66;6,2;1,62;38,02;39,02;11,95;9,12
2;BankAccountv2;state;13;22;35;10;34;100;0,7;0,8;0;0,18;39,02;39,02;2,5;1,68
2;BankAccountv2;transition;13;22;35;13;35;100;0,59;1,53;0;0,24;40,02;40,02;3,35;2,36
2;BankAccountv2;pair;13;22;35;163;542;100;0,68;0,66;10,55;5,92;42,02;43,02;21,1;17,81
2;BankAccountv2;state;14;12;18;6;18;100;0,58;0,75;0;0,15;43,02;43,02;2,38;1,48
2;BankAccountv2;transition;14;12;18;6;18;100;0,52;1,01;0;0,11;43,02;43,02;2,33;1,65
2;BankAccountv2;pair;14;12;18;39;117;100;0,52;0,34;2,36;0,48;44,02;44,02;5,97;3,71
2;BankAccountv2;state;15;13;21;6;19;100;0,71;0,88;0;0,12;44,02;44,02;2,7;1,71
2;BankAccountv2;transition;15;13;21;8;21;100;0,63;3,31;0;0,15;45,02;45,02;4,92;4,09
2;BankAccountv2;pair;15;13;21;55;168;100;0,56;0,31;2,25;0,61;45,02;46,02;5,32;3,72
2;BankAccountv2;state;16;14;23;6;19;100;0,59;0,8;0;0,1;46,02;46,02;2,06;1,49
2;BankAccountv2;transition;16;14;23;9;23;100;0,53;1,02;0;0,15;46,02;46,02;2,4;1,71
2;BankAccountv2;pair;16;14;23;81;242;100;0,58;0,35;3,26;0,92;47,02;48,02;7,19;5,11
2;BankAccountv2;state;17;19;27;8;27;100;0,76;0,85;0;0,21;48,02;48,02;2,41;1,82
2;BankAccountv2;transition;17;19;27;9;27;100;0,66;1,38;0;0,14;49,02;49,02;2,82;2,18
2;BankAccountv2;pair;17;19;27;91;326;100;0,64;0,49;4,76;0,98;50,02;51,02;9,49;6,86
2;BankAccountv2;state;18;12;16;5;17;100;0,69;0,71;0;0,09;51,02;51,02;2,13;1,49
2;BankAccountv2;transition;18;12;16;5;16;100;0,6;1,12;0;0,08;51,02;51,02;2,52;1,81
2;BankAccountv2;pair;18;12;16;25;89;100;0,52;0,26;1,69;0,26;52,02;52,02;4,73;2,73
2;BankAccountv2;state;19;12;16;5;17;100;0,8;0,73;0;0,08;52,02;52,02;2,32;1,61
2;BankAccountv2;transition;19;12;16;5;16;100;0,55;0,78;0;0,09;52,02;52,02;2,28;1,42
2;BankAccountv2;pair;19;12;16;21;73;100;0,48;0,2;1,2;0,23;53,02;53,02;3,55;2,12
2;BankAccountv2;state;20;17;25;6;22;100;0,62;0,72;0;0,08;53,02;53,02;1,99;1,42
2;BankAccountv2;transition;20;17;25;9;25;100;0,58;1,47;0;0,16;54,02;54,02;2,84;2,21
2;BankAccountv2;pair;20;17;25;79;284;100;0,62;0,62;4,86;0,94;55,02;55,02;9,88;7,04
2;BankAccountv2;state;21;23;38;10;35;100;0,6;0,86;0;0,17;56,02;56,02;2,37;1,63
2;BankAccountv2;transition;21;23;38;14;38;100;0,54;1,49;0;0,26;56,02;56,02;3,14;2,29
2;BankAccountv2;pair;21;23;38;177;590;100;0,55;0,73;10,8;2,01;58,02;59,02;17,89;14,09
2;BankAccountv2;state;22;14;18;4;17;100;0,62;0,6;0;0,05;60,02;60,02;1,83;1,28
2;BankAccountv2;transition;22;14;18;5;18;100;0,43;1,03;0;0,09;60,02;60,02;2,22;1,56
2;BankAccountv2;pair;22;14;18;24;109;100;0,5;0,33;1,49;0,33;61,02;61,02;4,16;2,65
2;BankAccountv2;state;23;15;22;7;22;100;0,61;0,69;0;0,1;61,02;61,02;1,87;1,4
2;BankAccountv2;transition;23;15;22;8;22;100;0,43;1,21;0;0,09;62,02;62,02;2,32;1,74
2;BankAccountv2;pair;23;15;22;69;206;100;0,47;0,36;3,58;0,71;62,02;63,02;7,22;5,12
2;BankAccountv2;state;24;12;18;5;17;100;0,41;0,59;0;0,07;63,02;63,02;1,69;1,07
2;BankAccountv2;transition;24;12;18;6;18;100;0,37;0,81;0;0,09;63,02;63,02;1,77;1,27
2;BankAccountv2;pair;24;12;18;30;98;100;0,36;0,27;1,36;0,31;64,02;64,02;3,55;2,3
2;BankAccountv2;state;25;15;22;4;18;100;0,47;0,62;0;0,08;64,02;64,02;1,59;1,17
2;BankAccountv2;transition;25;15;22;7;22;100;0,48;1,04;0;0,13;65,02;65,02;2,19;1,64
2;BankAccountv2;pair;25;15;22;35;151;100;0,48;0,27;2,44;0,43;65,02;66,02;5,34;3,62
2;BankAccountv2;state;26;22;35;9;31;100;0,72;0,84;0;0,13;66,02;66,02;2,3;1,69
2;BankAccountv2;transition;26;22;35;13;35;100;0,59;1,59;0;0,23;67,02;67,02;3,19;2,41
2;BankAccountv2;pair;26;22;35;167;570;100;0,64;0,77;10,73;1,86;69,02;70,02;17,66;14
2;BankAccountv2;state;27;16;26;8;25;100;0,57;0,69;0;0,11;70,02;70,02;1,87;1,37
2;BankAccountv2;transition;27;16;26;10;26;100;0,52;1,09;0;0,14;71,02;71,02;2,32;1,75
2;BankAccountv2;pair;27;16;26;83;244;100;0,48;0,46;3,65;0,77;72,02;72,02;7,38;5,36
2;BankAccountv2;state;28;18;25;7;25;100;0,6;0,55;0;0,12;72,02;72,02;1,68;1,27
2;BankAccountv2;transition;28;18;25;8;25;100;0,54;0,99;0;0,11;73,02;73,02;2,03;1,64
2;BankAccountv2;pair;28;18;25;70;271;100;0,36;0,4;3,96;0,87;74,02;74,02;7,54;5,59
2;BankAccountv2;state;29;18;28;7;25;100;0,49;0,68;0;0,15;75,02;75,02;1,79;1,32
2;BankAccountv2;transition;29;18;28;10;28;100;0,41;0,88;0;0,14;75,02;75,02;1,89;1,43
2;BankAccountv2;pair;29;18;28;86;301;100;0,41;0,42;4,9;1,07;76,02;77,02;9,18;6,8
2;BankAccountv2;state;30;20;31;8;28;100;0,56;0,66;0;0,13;77,02;77,02;1,76;1,35
2;BankAccountv2;transition;30;20;31;11;31;100;0,54;1,26;0;0,17;78,02;78,02;2,43;1,98
2;BankAccountv2;pair;30;20;31;122;444;100;0,47;0,48;6,81;1,48;79,02;80,02;11,2;9,24
2;BankAccountv2;state;31;15;20;5;19;100;0,52;0,5;0;0,07;80,02;80,02;1,47;1,1
2;BankAccountv2;transition;31;15;20;6;20;100;0,37;1,02;0;0,11;81,02;81,02;1,91;1,5
2;BankAccountv2;pair;31;15;20;40;159;100;0,43;0,23;1,86;0,58;81,02;82,02;4,34;3,1
2;BankAccountv2;state;32;14;20;7;21;100;0,43;0,58;0;0,15;82,02;82,02;1,61;1,16
2;BankAccountv2;transition;32;14;20;7;20;100;0,43;0,77;0;0,1;82,02;82,02;1,72;1,29
2;BankAccountv2;pair;32;14;20;60;182;100;0,35;0,24;2,4;0,64;83,02;83,02;4,95;3,63
2;BankAccountv2;state;33;20;29;8;28;100;0,53;0,67;0;0,11;84,02;84,02;1,74;1,31
2;BankAccountv2;transition;33;20;29;10;29;100;0,44;1,13;0;0,14;84,02;84,02;2,16;1,72
2;BankAccountv2;pair;33;20;29;100;351;100;0,46;0,47;4,75;1,12;86,02;86,02;8,68;6,8
2;BankAccountv2;state;34;13;21;6;18;100;0,47;0,56;0;0,07;86,02;86,02;1,46;1,11
2;BankAccountv2;transition;34;13;21;8;21;100;0,36;0,85;0;0,11;87,02;87,02;1,68;1,32
2;BankAccountv2;pair;34;13;21;69;203;100;0,4;0,32;2,58;0,63;88,02;88,02;5,22;3,93
2;BankAccountv2;state;35;13;21;6;18;100;0,41;0,5;0;0,07;88,02;88,02;1,31;0,98
2;BankAccountv2;transition;35;13;21;8;21;100;0,4;0,83;0;0,12;89,02;89,02;1,68;1,35
2;BankAccountv2;pair;35;13;21;71;211;100;0,35;0,26;2,62;0,64;89,02;90,02;5,16;3,87
2;BankAccountv2;state;36;13;21;6;19;100;0,36;0,43;0;0,08;90,02;90,02;1,18;0,87
2;BankAccountv2;transition;36;13;21;8;21;100;0,29;0,75;0;0,1;90,02;90,02;1,49;1,14
2;BankAccountv2;pair;36;13;21;58;180;100;0,33;0,23;2,14;0,54;91,02;91,02;4,33;3,24
2;BankAccountv2;state;37;13;20;5;18;100;0,48;0,54;0;0,07;92,02;92,02;1,45;1,09
2;BankAccountv2;transition;37;13;20;7;20;100;0,42;0,75;0;0,11;92,02;92,02;1,65;1,29
2;BankAccountv2;pair;37;13;20;33;115;100;0,35;0,25;1,51;0,36;93,02;93,02;3,42;2,48
2;BankAccountv2;state;38;17;24;6;22;100;0,45;0,63;0;0,11;93,02;93,02;1,53;1,19
2;BankAccountv2;transition;38;17;24;8;24;100;0,4;0,88;0;0,11;94,02;94,02;1,71;1,38
2;BankAccountv2;pair;38;17;24;65;238;100;0,45;0,26;2,96;0,74;95,02;95,02;5,74;4,41
2;BankAccountv2;state;39;14;20;6;20;100;0,43;0,49;0;0,08;95,02;95,02;1,4;1
2;BankAccountv2;transition;39;14;20;7;20;100;0,39;0,82;0;0,09;96,02;96,02;1,71;1,3
2;BankAccountv2;pair;39;14;20;46;146;100;0,35;0,22;1,94;0,44;96,02;97,02;3,99;2,96
2;BankAccountv2;state;40;17;28;8;25;100;0,47;0,57;0;0,1;97,02;97,02;1,54;1,14
2;BankAccountv2;transition;40;17;28;11;28;100;0,52;0,98;0;0,14;97,02;97,02;2,03;1,64
2;BankAccountv2;pair;40;17;28;120;357;100;0,49;0,41;5,11;1,16;99,02;99,02;8,99;7,17
2;BankAccountv2;state;41;20;33;8;28;100;0,43;0,52;0;0,15;100,02;100,02;1,42;1,1
2;BankAccountv2;transition;41;20;33;12;33;100;0,35;1,04;0;0,17;100,02;100,02;1,93;1,56
2;BankAccountv2;pair;41;20;33;125;441;100;0,4;0,43;6,58;1,32;102,02;102,02;10,36;8,73
2;BankAccountv2;state;42;14;20;7;21;100;0,4;0,55;0;0,08;103,02;103,02;1,38;1,04
2;BankAccountv2;transition;42;14;20;7;20;100;0,35;0,74;0;0,1;103,02;103,02;1,55;1,19
2;BankAccountv2;pair;42;14;20;58;174;100;0,43;0,24;2,19;0,56;104,02;104,02;4,49;3,41
2;BankAccountv2;state;43;22;36;10;34;100;0,4;0,61;0;0,13;104,02;104,02;1,51;1,14
2;BankAccountv2;transition;43;22;36;13;36;100;0,41;1,07;0;0,19;105,02;105,02;2,1;1,67
2;BankAccountv2;pair;43;22;36;165;552;100;0,36;0,55;8,58;1,73;107,02;108,02;13,19;11,23
2;BankAccountv2;state;44;12;18;5;16;100;0,47;0,44;0;0,06;108,02;108,02;1,31;0,97
2;BankAccountv2;transition;44;12;18;7;18;100;0,35;0,81;0;0,09;108,02;108,02;1,58;1,25
2;BankAccountv2;pair;44;12;18;50;154;100;0,37;0,22;1,73;0,49;109,02;109,02;3,78;2,81
2;BankAccountv2;state;45;21;33;9;30;100;0,53;0,71;0;0,16;110,02;110,02;1,73;1,4
2;BankAccountv2;transition;45;21;33;12;33;100;0,46;1,22;0;0,16;110,02;110,02;2,2;1,84
2;BankAccountv2;pair;45;21;33;157;542;100;0,46;0,44;7,94;1,66;112,02;113,02;12,39;10,5
2;BankAccountv2;state;46;18;26;7;27;100;0,35;0,6;0;0,09;113,02;113,02;1,38;1,04
2;BankAccountv2;transition;46;18;26;8;26;100;0,35;0,92;0;0,12;114,02;114,02;1,73;1,38
2;BankAccountv2;pair;46;18;26;54;226;100;0,32;0,27;2,66;0,58;115,02;115,02;4,99;3,83
2;BankAccountv2;state;47;11;16;5;16;100;0,45;0,35;0;0,06;115,02;115,02;1,22;0,86
2;BankAccountv2;transition;47;11;16;5;16;100;0,25;0,54;0;0,06;115,02;115,02;1,18;0,85
2;BankAccountv2;pair;47;11;16;24;79;100;0,31;0,17;0,9;0,19;116,02;116,02;2,28;1,58
2;BankAccountv2;state;48;14;20;6;20;100;0,31;0,46;0;0,07;116,02;116,02;1,11;0,83
2;BankAccountv2;transition;48;14;20;7;20;100;0,34;0,75;0;0,07;117,02;117,02;1,46;1,16
2;BankAccountv2;pair;48;14;20;48;154;100;0,31;0,21;1,67;0,45;117,02;118,02;3,67;2,63
2;BankAccountv2;state;49;13;19;6;19;100;0,36;0,38;0;0,06;118,02;118,02;1,11;0,81
2;BankAccountv2;transition;49;13;19;7;19;100;0,35;0,64;0;0,07;118,02;118,02;1,35;1,06
2;BankAccountv2;pair;49;13;19;49;152;100;0,34;0,21;1,74;0,45;119,02;119,02;3,66;2,74
2;BankAccountv2;state;50;17;26;6;23;100;0,31;0,36;0;0,07;119,02;119,02;1,02;0,75
2;BankAccountv2;transition;50;17;26;9;26;100;0,31;0,79;0;0,13;120,02;120,02;1,55;1,23
2;BankAccountv2;pair;50;17;26;63;245;100;0,29;0,28;2,91;0,68;121,02;121,02;5,38;4,15
2;BankAccountv2;state;51;14;23;6;19;100;0,43;0,46;0;0,09;121,02;121,02;1,26;0,98
2;BankAccountv2;transition;51;14;23;9;23;100;0,38;0,83;0;0,11;122,02;122,02;1,64;1,33
2;BankAccountv2;pair;51;14;23;77;226;100;0,36;0,28;3,12;0,71;123,02;123,02;5,64;4,48
2;BankAccountv2;state;52;20;31;8;30;100;0,37;0,46;0;0,11;123,02;123,02;1,23;0,93
2;BankAccountv2;transition;52;20;31;11;31;100;0,37;1,53;0;0,18;124,02;124,02;2,42;2,08
2;BankAccountv2;pair;52;20;31;101;384;100;0,37;0,38;4,92;1,23;125,02;126,02;8,44;6,89
2;BankAccountv2;state;53;16;26;8;24;100;0,44;0,52;0;0,09;126,02;126,02;1,34;1,05
2;BankAccountv2;transition;53;16;26;10;26;100;0,37;0,83;0;0,11;127,02;127,02;1,65;1,3
2;BankAccountv2;pair;53;16;26;110;328;100;0,37;0,34;3,72;1,06;128,02;128,02;6,9;5,49
2;BankAccountv2;state;54;23;38;10;35;100;0,43;0,59;0;0,18;129,02;129,02;1,56;1,2
2;BankAccountv2;transition;54;23;38;14;38;100;0,36;1,17;0;0,18;129,02;129,02;2,1;1,71
2;BankAccountv2;pair;54;23;38;177;590;100;0,4;0,59;8,68;1,72;131,02;132,02;13,62;11,4
2;BankAccountv2;state;55;19;27;8;27;100;0,46;0,57;0;0,09;133,02;133,02;1,48;1,12
2;BankAccountv2;transition;55;19;27;9;27;100;0,44;1,04;0;0,11;133,02;133,02;1,96;1,59
2;BankAccountv2;pair;55;19;27;96;346;100;0,4;0,38;4,02;0,89;134,02;135,02;7,41;5,69
2;BankAccountv2;state;56;12;19;4;15;100;0,48;0,42;0;0,05;135,02;135,02;1,26;0,95
2;BankAccountv2;transition;56;12;19;7;19;100;0,31;0,7;0;0,11;135,02;135,02;1,45;1,13
2;BankAccountv2;pair;56;12;19;33;106;100;0,36;0,2;1,11;0,27;136,02;136,02;2,87;1,94
2;BankAccountv2;state;57;16;22;5;20;100;0,39;0,58;0;0,06;136,02;136,02;1,41;1,03
2;BankAccountv2;transition;57;16;22;7;22;100;0,38;0,72;0;0,08;137,02;137,02;1,49;1,18
2;BankAccountv2;pair;57;16;22;45;177;100;0,33;0,27;1,78;0,42;138,02;138,02;3,86;2,81
2;BankAccountv2;state;58;18;28;7;25;100;0,34;0,46;0;0,08;138,02;138,02;1,22;0,88
2;BankAccountv2;transition;58;18;28;10;28;100;0,33;0,86;0;0,19;138,02;139,02;1,74;1,38
2;BankAccountv2;pair;58;18;28;89;319;100;0,36;0,39;3,68;0,8;140,02;140,02;6,67;5,23
2;BankAccountv2;state;59;11;16;5;15;100;0,35;0,37;0;0,05;140,02;140,02;1,07;0,77
2;BankAccountv2;transition;59;11;16;6;16;100;0,34;0,57;0;0,06;141,02;141,02;1,34;0,97
2;BankAccountv2;pair;59;11;16;40;117;100;0,29;0,2;1,11;0,28;141,02;141,02;2,69;1,88
2;BankAccountv2;state;60;15;24;7;22;100;0,37;0,43;0;0,08;142,02;142,02;1,15;0,87
2;BankAccountv2;transition;60;15;24;9;24;100;0,33;0,85;0;0,11;142,02;142,02;1,64;1,3
2;BankAccountv2;pair;60;15;24;81;254;100;0,42;0,29;2,55;0,66;143,02;144,02;5,2;3,92
2;BankAccountv2;state;61;12;19;5;16;100;0,37;0,37;0;0,06;144,02;144,02;1,12;0,8
2;BankAccountv2;transition;61;12;19;7;19;100;0,34;0,68;0;0,08;144,02;144,02;1,42;1,11
2;BankAccountv2;pair;61;12;19;50;160;100;0,36;0,21;1,55;0,41;145,02;145,02;3,58;2,54
2;BankAccountv2;state;62;20;29;8;28;100;0,44;0,55;0;0,09;146,02;146,02;1,36;1,08
2;BankAccountv2;transition;62;20;29;10;29;100;0,45;0,91;0;0,15;146,02;146,02;1,92;1,51
2;BankAccountv2;pair;62;20;29;100;351;100;0,46;0,36;4,05;0,94;147,02;148,02;7,51;5,81
2;BankAccountv2;state;63;22;36;10;34;100;0,39;0,52;0;0,13;148,02;148,02;1,41;1,04
2;BankAccountv2;transition;63;22;36;13;36;100;0,41;1,03;0;0,18;149,02;149,02;1,97;1,61
2;BankAccountv2;pair;63;22;36;167;564;100;0,35;0,56;8,17;1,58;151,02;151,02;12,47;10,65
2;BankAccountv2;state;64;20;33;8;28;100;8,79;0,4;0;0,06;5,42;5,42;9,62;9,26
2;BankAccountv2;transition;64;20;33;12;33;100;0,21;0,67;0;0,1;5,42;5,42;1,26;0,98
2;BankAccountv2;pair;64;20;33;125;441;100;0,25;0,48;4,2;0,65;7,42;7,42;7,33;5,58
2;BankAccountv2;state;65;13;21;6;18;100;0,27;0,42;0;0,04;8,42;8,42;1,02;0,73
2;BankAccountv2;transition;65;13;21;8;21;100;0,22;0,54;0;0,05;8,42;8,42;1,06;0,81
2;BankAccountv2;pair;65;13;21;73;219;100;0,2;0,26;1,89;0,3;9,42;9,42;3,7;2,65
2;BankAccountv2;state;66;18;28;7;24;100;0,28;0,33;0;0,04;10,42;10,42;0,84;0,65
2;BankAccountv2;transition;66;18;28;10;28;100;0,23;0,69;0;0,09;10,42;10,42;1,36;1,01
2;BankAccountv2;pair;66;18;28;107;367;100;0,24;0,42;3,26;0,64;11,42;12,42;5,7;4,56
2;BankAccountv2;state;67;15;26;7;22;100;0,22;0,31;0;0,06;12,42;12,42;0,83;0,58
2;BankAccountv2;transition;67;15;26;10;26;100;0,18;0,53;0;0,09;13,42;13,42;1,06;0,8
2;BankAccountv2;pair;67;15;26;91;273;100;0,18;0,25;2,22;0,45;14,42;14,42;3,93;3,1
2;BankAccountv2;state;68;15;21;5;19;100;0,24;0,27;0;0,04;14,42;14,42;0,74;0,55
2;BankAccountv2;transition;68;15;21;7;21;100;0,24;0,52;0;0,06;15,42;15,42;1,07;0,82
2;BankAccountv2;pair;68;15;21;43;165;100;0,23;0,17;1,08;0,23;15,42;16,42;2,39;1,71
2;BankAccountv2;state;69;14;21;7;23;100;0,17;0,24;0;0,06;16,42;16,42;0,72;0,46
2;BankAccountv2;transition;69;14;21;7;21;100;0,17;0,45;0;0,05;16,42;16,42;0,94;0,66
2;BankAccountv2;pair;69;14;21;45;141;100;0,2;0,25;1,09;0,28;17,42;17,42;2,59;1,82
2;BankAccountv2;state;70;22;34;9;31;100;0,28;0,37;0;0,08;17,42;18,42;0,97;0,72
2;BankAccountv2;transition;70;22;34;13;34;100;0,27;0,73;0;0,1;18,42;18,42;1,42;1,1
2;BankAccountv2;pair;70;22;34;167;564;100;0,28;0,44;6,43;1,08;20,42;21,42;10,44;8,22
2;BankAccountv2;state;71;15;20;5;19;100;0,3;0,41;0;0,05;21,42;21,42;1,03;0,76
2;BankAccountv2;transition;71;15;20;6;20;100;0,24;0,65;0;0,05;22,42;22,42;1,2;0,95
2;BankAccountv2;pair;71;15;20;38;155;100;0,28;0,2;1,31;0,19;22,42;22,42;2,84;1,98
2;BankAccountv2;state;72;11;16;5;16;100;0,2;0,26;0;0,04;23,42;23,42;0,73;0,5
2;BankAccountv2;transition;72;11;16;5;16;100;0,16;0,36;0;0,04;23,42;23,42;0,77;0,56
2;BankAccountv2;pair;72;11;16;25;82;100;0,16;0,18;0,7;0,15;23,42;24,42;1,74;1,18
2;BankAccountv2;state;73;11;16;5;15;100;0,2;0,23;0;0,03;24,42;24,42;0,65;0,46
2;BankAccountv2;transition;73;11;16;6;16;100;0,17;0,39;0;0,05;24,42;24,42;0,85;0,61
2;BankAccountv2;pair;73;11;16;42;125;100;0,18;0,19;0,97;0,19;25,42;25,42;2,19;1,53
2;BankAccountv2;state;74;13;22;6;19;100;0,18;0,24;0;0,04;25,42;25,42;0,64;0,46
2;BankAccountv2;transition;74;13;22;8;22;100;0,21;0,52;0;0,06;25,42;25,42;1,02;0,79
2;BankAccountv2;pair;74;13;22;55;174;100;0,15;0,26;1,3;0,24;26,42;26,42;2,83;1,95
2;BankAccountv2;state;75;18;31;9;29;100;0,26;0,33;0;0,07;27,42;27,42;0,9;0,66
2;BankAccountv2;transition;75;18;31;12;31;100;0,2;0,61;0;0,09;27,42;27,42;1,21;0,9
2;BankAccountv2;pair;75;18;31;127;374;100;0,2;0,35;2,91;0,41;29,42;29,42;5,18;3,87
2;BankAccountv2;state;76;18;27;7;26;100;0,25;0,35;0;0,05;29,42;29,42;0,85;0,65
2;BankAccountv2;transition;76;18;27;9;27;100;0,24;0,67;0;0,06;30,42;30,42;1,24;0,98
2;BankAccountv2;pair;76;18;27;62;255;100;0,24;0,32;2,24;0,31;31,42;31,42;4,3;3,12
2;BankAccountv2;state;77;17;24;6;22;100;0,29;0,41;0;0,04;32,42;32,42;0,97;0,74
2;BankAccountv2;transition;77;17;24;8;24;100;0,23;0,53;0;0,06;32,42;32,42;1,07;0,82
2;BankAccountv2;pair;77;17;24;65;238;100;0,27;0,28;1,94;0,21;33,42;33,42;3,41;2,71
2;BankAccountv2;state;78;16;23;5;20;100;0,24;0,32;0;0,05;34,42;34,42;0,88;0,61
2;BankAccountv2;transition;78;16;23;8;23;100;0,23;0,55;0;0,08;34,42;34,42;1,11;0,85
2;BankAccountv2;pair;78;16;23;55;215;100;0,22;0,22;1,58;0,27;35,42;35,42;3,18;2,28
2;BankAccountv2;state;79;13;18;6;19;100;0,23;0,27;0;0,03;35,42;35,42;0,7;0,53
2;BankAccountv2;transition;79;13;18;6;18;100;0,19;0,66;0;0,05;36,42;36,42;1,15;0,91
2;BankAccountv2;pair;79;13;18;37;122;100;0,22;0,2;0,8;0,17;36,42;37,42;2,14;1,39
2;BankAccountv2;state;80;18;25;7;25;100;0,31;0,39;0;0,07;37,42;37,42;1;0,77
2;BankAccountv2;transition;80;18;25;8;25;100;0,24;1,33;0;0,07;37,42;37,42;1,89;1,64
2;BankAccountv2;pair;80;18;25;70;271;100;0,25;0,22;1,85;0,37;38,42;39,42;3,59;2,7
2;BankAccountv2;state;81;14;23;6;20;100;0,2;0,31;0;0,08;39,42;39,42;0,8;0,59
2;BankAccountv2;transition;81;14;23;9;23;100;0,18;0,5;0;0,07;39,42;39,42;0,97;0,75
2;BankAccountv2;pair;81;14;23;61;186;100;0,2;0,27;1,28;0,32;40,42;40,42;3,14;2,07
2;BankAccountv2;state;82;19;28;7;26;100;0,35;0,38;0;0,06;41,42;41,42;1,01;0,79
2;BankAccountv2;transition;82;19;28;10;28;100;0,27;0,58;0;0,08;41,42;41,42;1,21;0,93
2;BankAccountv2;pair;82;19;28;89;333;100;0,28;0,29;2,3;0,53;43,42;43,42;5,05;3,41
2;BankAccountv2;state;83;20;30;9;31;100;0,23;0,31;0;0,06;43,42;43,42;0,81;0,6
2;BankAccountv2;transition;83;20;30;10;30;100;0,19;0,56;0;0,08;44,42;44,42;1,15;0,84
2;BankAccountv2;pair;83;20;30;108;385;100;0,21;0,35;2,74;0,56;45,42;46,42;5,09;3,85
2;BankAccountv2;state;84;11;16;5;16;100;0,18;0,22;0;0,03;46,42;46,42;0,63;0,43
2;BankAccountv2;transition;84;11;16;5;16;100;0,15;0,4;0;0,06;46,42;46,42;0,85;0,61
2;BankAccountv2;pair;84;11;16;22;72;100;0,15;0,13;0,46;0,09;47,42;47,42;1,26;0,83
2;BankAccountv2;state;85;16;25;8;24;100;0,24;0,39;0;0,05;47,42;47,42;0,94;0,69
2;BankAccountv2;transition;85;16;25;10;25;100;0,26;0,5;0;0,07;47,42;47,42;1,08;0,82
2;BankAccountv2;pair;85;16;25;110;322;100;0,25;0,38;2,29;0,47;49,42;49,42;4,61;3,4
2;BankAccountv2;state;86;13;21;6;19;100;0,2;0,29;0;0,04;49,42;49,42;0,76;0,53
2;BankAccountv2;transition;86;13;21;8;21;100;0,2;0,55;0;0,06;50,42;50,42;1,1;0,81
2;BankAccountv2;pair;86;13;21;55;168;100;0,18;0,21;1,13;0,3;50,42;51,42;2,6;1,82
2;BankAccountv2;state;87;14;18;4;17;100;0,26;0,37;0;0,04;51,42;51,42;0,92;0,67
2;BankAccountv2;transition;87;14;18;5;18;100;0,23;0,47;0;0,04;51,42;51,42;1;0,75
2;BankAccountv2;pair;87;14;18;22;101;100;0,23;0,24;0,57;0,11;52,42;52,42;1,88;1,15
2;BankAccountv2;state;88;15;24;8;24;100;0,23;0,33;0;0,05;52,42;52,42;0,8;0,61
2;BankAccountv2;transition;88;15;24;9;24;100;0,24;0,65;0;0,06;53,42;53,42;1,25;0,96
2;BankAccountv2;pair;88;15;24;74;216;100;0,28;0,3;1,28;0,37;54,42;54,42;3,49;2,24
2;BankAccountv2;state;89;16;24;6;22;100;0,28;0,33;0;0,04;54,42;54,42;0,88;0,65
2;BankAccountv2;transition;89;16;24;8;24;100;0,28;0,64;0;0,05;55,42;55,42;1,22;0,97
2;BankAccountv2;pair;89;16;24;51;195;100;0,26;0,3;1,15;0,24;55,42;56,42;2,93;1,94
2;BankAccountv2;state;90;14;23;6;20;100;0,22;0,3;0;0,05;56,42;56,42;1,12;0,57
2;BankAccountv2;transition;90;14;23;9;23;100;0,17;0,49;0;0,07;56,42;56,42;1,11;0,74
2;BankAccountv2;pair;90;14;23;64;198;100;0,18;0,28;1,22;0,3;57,42;57,42;3;1,98
2;BankAccountv2;state;91;16;24;6;22;100;0,26;0,37;0;0,04;58,42;58,42;0,89;0,67
2;BankAccountv2;transition;91;16;24;8;24;100;0,26;0,52;0;0,06;58,42;58,42;1,11;0,84
2;BankAccountv2;pair;91;16;24;51;195;100;0,24;0,3;1,19;0,26;59,42;59,42;5,75;1,99
2;BankAccountv2;state;92;20;30;8;28;100;0,29;0,42;0;0,07;60,42;60,42;1,22;0,78
2;BankAccountv2;transition;92;20;30;11;30;100;0,35;0,7;0;0,07;60,42;60,42;1,45;1,12
2;BankAccountv2;pair;92;20;30;113;392;100;0,25;0,44;2,78;0,59;62,42;62,42;5,6;4,06
2;BankAccountv2;state;93;15;24;7;24;100;0,26;0,33;0;0,07;62,42;62,42;0,89;0,65
2;BankAccountv2;transition;93;15;24;9;24;100;0,17;0,45;0;0,06;63,42;63,42;0,94;0,69
2;BankAccountv2;pair;93;15;24;64;209;100;0,18;0,24;1,5;0,28;64,42;64,42;3;2,21
2;BankAccountv2;state;94;23;37;10;35;100;0,27;0,35;0;0,07;64,42;64,42;1,05;0,68
2;BankAccountv2;transition;94;23;37;14;37;100;0,25;0,72;0;0,12;65,42;65,42;1,42;1,08
2;BankAccountv2;pair;94;23;37;177;596;100;0,22;0,54;5,34;1,01;67,42;68,42;8,76;7,1
2;BankAccountv2;state;95;10;13;4;13;100;0,21;0,26;0;0,03;68,42;68,42;0,76;0,49
2;BankAccountv2;transition;95;10;13;4;13;100;0,19;0,35;0;0,02;68,42;68,42;0,76;0,56
2;BankAccountv2;pair;95;10;13;19;61;100;0,23;0,15;0,4;0,06;69,42;69,42;1,3;0,84
2;BankAccountv2;state;96;18;28;7;25;100;0,18;0,28;0;0,05;69,42;69,42;0,67;0,5
2;BankAccountv2;transition;96;18;28;10;28;100;0,15;0,43;0;0,07;69,42;69,42;0,91;0,65
2;BankAccountv2;pair;96;18;28;89;319;100;0,23;0,36;2,27;0,44;70,42;71,42;4,56;3,3
2;BankAccountv2;state;97;18;27;6;23;100;0,28;0,34;0;0,08;71,42;71,42;1,02;0,71
2;BankAccountv2;transition;97;18;27;10;27;100;0,23;0,56;0;0,08;72,42;72,42;1,13;0,87
2;BankAccountv2;pair;97;18;27;85;303;100;0,25;0,32;2,04;0,38;73,42;73,42;4,02;2,98
2;BankAccountv2;state;98;14;18;4;17;100;0,24;0,29;0;0,03;74,42;74,42;0,74;0,55
2;BankAccountv2;transition;98;14;18;5;18;100;0,19;0,47;0;0,03;74,42;74,42;0,88;0,69
2;BankAccountv2;pair;98;14;18;22;101;100;0,2;0,23;0,54;0,1;74,42;75,42;1,63;1,06
2;BankAccountv2;state;99;16;23;5;20;100;0,26;0,37;0;0,03;75,42;75,42;0,83;0,67
2;BankAccountv2;transition;99;16;23;8;23;100;0,21;0,49;0;0,06;75,42;75,42;0,93;0,76
2;BankAccountv2;pair;99;16;23;50;190;100;0,23;0,19;1,32;0,29;76,42;76,42;2,75;2,04
2;BankAccountv2;state;100;15;26;7;22;100;0,23;0,27;0;0,1;77,42;77,42;0,82;0,6
2;BankAccountv2;transition;100;15;26;10;26;100;0,24;0,59;0;0,08;77,42;77,42;1,17;0,91
2;BankAccountv2;pair;100;15;26;91;273;100;0,19;0,29;2,28;0,44;78,42;79,42;4,12;3,19
2;BankAccountv2;state;101;15;24;7;22;100;0,3;0,37;0;0,07;79,42;79,42;0,96;0,75
2;BankAccountv2;transition;101;15;24;9;24;100;0,23;0,53;0;0,07;79,42;79,42;1,03;0,82
2;BankAccountv2;pair;101;15;24;81;254;100;0,26;0,27;1,8;0,41;81,42;81,42;3,65;2,75
2;BankAccountv2;state;102;15;23;7;22;100;0,23;0,3;0;0,04;81,42;81,42;0,74;0,57
2;BankAccountv2;transition;102;15;23;9;23;100;0,2;0,48;0;0,05;81,42;81,42;0,9;0,73
2;BankAccountv2;pair;102;15;23;81;248;100;0,23;0,28;1,73;0,32;82,42;83,42;3,24;2,57
2;BankAccountv2;state;103;18;31;9;29;100;0,45;0,38;0;0,08;83,42;83,42;1,17;0,91
2;BankAccountv2;transition;103;18;31;12;31;100;0,21;0,49;0;0,09;83,42;83,42;1;0,79
2;BankAccountv2;pair;103;18;31;132;394;100;0,2;0,42;3,23;0,71;85,42;86,42;5,42;4,56
2;BankAccountv2;state;104;11;15;4;14;100;0,22;0,24;0;0,03;86,42;86,42;0,75;0,5
2;BankAccountv2;transition;104;11;15;5;15;100;0,19;0,41;0;0,03;86,42;86,42;0,83;0,64
2;BankAccountv2;pair;104;11;15;25;82;100;0,17;0,44;0,56;0,11;87,42;87,42;1,69;1,28
2;BankAccountv2;state;105;19;28;7;26;100;0,27;0,34;0;0,07;87,42;87,42;0,93;0,68
2;BankAccountv2;transition;105;19;28;10;28;100;0,25;0,61;0;0,08;87,42;88,42;1,14;0,93
2;BankAccountv2;pair;105;19;28;91;348;100;0,25;0,2;2,73;0,55;89,42;89,42;4,6;3,72
2;BankAccountv2;state;106;17;23;6;23;100;0,28;0,34;0;0,05;90,42;90,42;0,95;0,66
2;BankAccountv2;transition;106;17;23;7;23;100;0,22;0,55;0;0,06;90,42;90,42;1,13;0,83
2;BankAccountv2;pair;106;17;23;48;200;100;0,22;0,12;1,3;0,25;91,42;91,42;2,52;1,89
2;BankAccountv2;state;107;13;18;6;19;100;0,21;0,26;0;0,04;91,42;91,42;0,68;0,51
2;BankAccountv2;transition;107;13;18;6;18;100;0,24;0,38;0;0,04;92,42;92,42;0,86;0,67
2;BankAccountv2;pair;107;13;18;33;106;100;0,18;0,1;0,66;0,17;92,42;92,42;2,02;1,12
2;BankAccountv2;state;108;13;18;6;19;100;0,23;0,27;0;0,04;93,42;93,42;0,72;0,54
2;BankAccountv2;transition;108;13;18;6;18;100;0,2;0,43;0;0,04;93,42;93,42;0,85;0,66
2;BankAccountv2;pair;108;13;18;40;127;100;0,18;0,11;0,79;0,18;94,42;94,42;1,71;1,26
2;BankAccountv2;state;109;18;31;9;29;100;0,21;0,32;0;0,06;94,42;94,42;0,75;0,59
2;BankAccountv2;transition;109;18;31;12;31;100;0,19;0,57;0;0,09;95,42;95,42;1,04;0,85
2;BankAccountv2;pair;109;18;31;127;374;100;0,19;0,25;3,05;0,62;96,42;97,42;4,87;4,11
2;BankAccountv2;state;110;15;26;7;22;100;0,21;0,32;0;0,06;97,42;97,42;0,78;0,59
2;BankAccountv2;transition;110;15;26;10;26;100;0,18;0,6;0;0,09;97,42;97,42;1,16;0,87
2;BankAccountv2;pair;110;15;26;91;273;100;0,17;0,18;2,14;0,4;98,42;99,42;3,55;2,88
2;BankAccountv2;state;111;21;32;9;32;100;0,24;0,34;0;0,07;99,42;99,42;0,82;0,64
2;BankAccountv2;transition;111;21;32;11;32;100;0,19;0,68;0;0,08;99,42;99,42;1,39;0,95
2;BankAccountv2;pair;111;21;32;118;415;100;0,23;0,21;3,21;0,58;101,42;101,42;5,1;4,24
2;BankAccountv2;state;112;17;25;6;23;100;0,23;0,32;0;0,05;102,42;102,42;0,81;0,59
2;BankAccountv2;transition;112;17;25;8;25;100;0,2;0,44;0;0,05;102,42;102,42;0,9;0,69
2;BankAccountv2;pair;112;17;25;53;205;100;0,18;0,14;1,2;0,23;103,42;103,42;2,44;1,76
2;BankAccountv2;state;113;10;15;3;12;100;0,19;0,23;0;0,02;103,42;103,42;0,62;0,45
2;BankAccountv2;transition;113;10;15;5;15;100;0,22;0,45;0;0,04;104,42;104,42;0,93;0,7
2;BankAccountv2;pair;113;10;15;14;51;100;0,16;0,07;0,33;0,05;104,42;104,42;1,01;0,62
2;BankAccountv2;state;114;12;18;5;16;100;0,19;0,25;0;0,04;104,42;104,42;0,64;0,48
2;BankAccountv2;transition;114;12;18;7;18;100;0,23;0,39;0;0,04;105,42;105,42;0,84;0,65
2;BankAccountv2;pair;114;12;18;50;154;100;0,18;0,1;0,9;0,22;106,42;106,42;1,95;1,4
2;BankAccountv2;state;115;13;22;6;19;100;0,18;0,25;0;0,05;106,42;106,42;0,63;0,47
2;BankAccountv2;transition;115;13;22;8;22;100;0,16;0,4;0;0,07;106,42;106,42;0,82;0,63
2;BankAccountv2;pair;115;13;22;58;186;100;0,2;0,13;1,12;0,22;107,42;107,42;2,14;1,68
2;BankAccountv2;state;116;14;21;6;20;100;0,23;0,33;0;0,04;108,42;108,42;0,76;0,59
2;BankAccountv2;transition;116;14;21;8;21;100;0,27;0,44;0;0,04;108,42;108,42;0,96;0,75
2;BankAccountv2;pair;116;14;21;50;161;100;0,21;0,13;0,88;0,18;109,42;109,42;1,87;1,4
2;BankAccountv2;state;117;16;23;6;22;100;0,17;0,32;0;0,04;109,42;109,42;0,66;0,52
2;BankAccountv2;transition;117;16;23;7;23;100;0,16;0,49;0;0,05;110,42;110,42;0,87;0,7
2;BankAccountv2;pair;117;16;23;43;168;100;0,21;0,12;0,84;0,23;110,42;111,42;1,93;1,4
2;BankAccountv2;state;118;22;35;9;33;100;0,23;0,31;0;0,08;111,42;111,42;0,83;0,62
2;BankAccountv2;transition;118;22;35;13;35;100;0,22;0,58;0;0,09;111,42;111,42;1,14;0,9
2;BankAccountv2;pair;118;22;35;142;500;100;0,2;0,3;3,91;0,71;113,42;114,42;6,04;5,13
2;BankAccountv2;state;119;17;23;6;23;100;0,25;0,56;0;0,04;114,42;114,42;1,02;0,84
2;BankAccountv2;transition;119;17;23;7;23;100;0,26;0,5;0;0,05;114,42;115,42;1,04;0,8
2;BankAccountv2;pair;119;17;23;44;184;100;0,24;0,13;1,05;0,21;115,42;116,42;2,2;1,62
2;BankAccountv2;state;120;19;28;8;29;100;0,13;0,16;0;0,06;116,42;116,42;0,46;0,35
2;BankAccountv2;transition;120;19;28;9;28;100;0,19;0,47;0;0,06;116,42;116,42;0,9;0,73
2;BankAccountv2;pair;120;19;28;80;305;100;0,18;0,18;1,86;0,39;117,42;118,42;3,19;2,61
2;BankAccountv2;state;121;14;20;6;20;100;0,21;0,25;0;0,04;118,42;118,42;0,64;0,5
2;BankAccountv2;transition;121;14;20;7;20;100;0,13;0,36;0;0,03;118,42;118,42;0,68;0,52
2;BankAccountv2;pair;121;14;20;48;154;100;0,2;0,1;0,89;0,17;119,42;119,42;1,79;1,36
2;BankAccountv2;state;122;18;28;7;24;100;0,24;0,31;0;0,04;120,42;120,42;0,74;0,6
2;BankAccountv2;transition;122;18;28;10;28;100;0,21;0,59;0;0,06;120,42;120,42;1,04;0,87
2;BankAccountv2;pair;122;18;28;102;347;100;0,22;0,22;1,89;0,43;121,42;122,42;3,37;2,76
2;BankAccountv2;state;123;15;20;5;19;100;0,2;0,24;0;0,04;122,42;122,42;0,67;0,48
2;BankAccountv2;transition;123;15;20;6;20;100;0,19;0,45;0;0,05;123,42;123,42;0,86;0,68
2;BankAccountv2;pair;123;15;20;40;159;100;0,24;0,12;0,81;0,18;123,42;124,42;1,81;1,35
2;BankAccountv2;state;124;16;25;8;24;100;0,22;0,38;0;0,03;124,42;124,42;0,75;0,63
2;BankAccountv2;transition;124;16;25;10;25;100;0,16;0,45;0;0,06;124,42;124,42;0,84;0,67
2;BankAccountv2;pair;124;16;25;107;310;100;0,14;0,14;1,55;0,43;126,42;126,42;2,9;2,27
2;BankAccountv2;state;125;17;28;8;27;100;0,24;0,27;0;0,06;126,42;126,42;0,73;0,57
2;BankAccountv2;transition;125;17;28;11;28;100;0,18;0,47;0;0,07;127,42;127,42;0,9;0,71
2;BankAccountv2;pair;125;17;28;99;304;100;0,16;0,2;1,97;0,45;128,42;128,42;3,44;2,78
2;BankAccountv2;state;126;19;29;7;25;100;0,28;0,39;0;0,05;129,42;129,42;0,92;0,72
2;BankAccountv2;transition;126;19;29;11;29;100;0,29;0,61;0;0,09;129,42;129,42;1,18;0,98
2;BankAccountv2;pair;126;19;29;117;393;100;0,25;0,24;2,88;0,46;131,42;131,42;4,62;3,83
2;BankAccountv2;state;127;21;32;9;32;100;0,21;0,31;0;0,08;131,42;131,42;0,76;0,61
2;BankAccountv2;transition;127;21;32;11;32;100;0,23;0,72;0;0,08;132,42;132,42;1,24;1,03
2;BankAccountv2;pair;127;21;32;113;395;100;0,18;0,22;3,22;0,57;133,42;134,42;5,06;4,19
2;BankAccountv2;state;128;13;22;6;19;100;0,2;0,26;0;0,04;134,42;134,42;0,68;0,5
2;BankAccountv2;transition;128;13;22;8;22;100;0,21;0,56;0;0,06;134,42;134,42;1,01;0,83
2;BankAccountv2;pair;128;13;22;57;182;100;0,15;0,13;0,96;0,25;135,42;135,42;1,97;1,48
2;BankAccountv2;state;129;19;28;8;29;100;0,25;0,35;0;0,05;136,42;136,42;0,8;0,65
2;BankAccountv2;transition;129;19;28;9;28;100;0,17;0,47;0;0,06;136,42;136,42;0,9;0,7
2;BankAccountv2;pair;129;19;28;80;305;100;0,19;0,18;2,68;0,44;137,42;138,42;4,18;3,48
2;BankAccountv2;state;130;12;18;5;16;100;0,24;0,25;0;0,06;138,42;138,42;0,73;0,55
2;BankAccountv2;transition;130;12;18;7;18;100;0,2;0,39;0;0,04;138,42;138,42;0,81;0,63
2;BankAccountv2;pair;130;12;18;50;154;100;0,18;0,13;0,82;0,26;139,42;139,42;1,91;1,38
2;BankAccountv2;state;131;15;22;7;22;100;0,25;0,28;0;0,05;139,42;139,42;0,74;0,57
2;BankAccountv2;transition;131;15;22;8;22;100;0,22;0,42;0;0,05;140,42;140,42;0,87;0,69
2;BankAccountv2;pair;131;15;22;68;202;100;0,23;0,16;1,24;0,32;141,42;141,42;2,53;1,96
2;BankAccountv2;state;132;15;23;7;22;100;0,25;0,3;0;0,05;141,42;141,42;0,79;0,61
2;BankAccountv2;transition;132;15;23;9;23;100;0,41;0,57;0;0,06;142,42;142,42;1,25;1,03
2;BankAccountv2;pair;132;15;23;81;248;100;0,26;0,17;1,51;0,31;143,42;143,42;2,91;2,25
2;BankAccountv2;state;133;14;23;6;19;100;0,27;0,32;0;0,04;143,42;143,42;0,79;0,63
2;BankAccountv2;transition;133;14;23;9;23;100;0,22;0,45;0;0,06;144,42;144,42;0,94;0,73
2;BankAccountv2;pair;133;14;23;81;242;100;0,2;0,13;1,5;0,34;145,42;145,42;2,81;2,18
2;BankAccountv2;state;134;22;35;9;33;100;0,27;0,28;0;0,06;145,42;145,42;0,76;0,62
2;BankAccountv2;transition;134;22;35;13;35;100;0,21;0,55;0;0,11;146,42;146,42;1,23;0,87
2;BankAccountv2;pair;134;22;35;139;482;100;0,19;0,22;4,36;0,82;148,42;148,42;6,65;5,59
2;BankAccountv2;state;135;14;21;6;20;100;0,27;0,39;0;0,04;149,42;149,42;0,89;0,71
2;BankAccountv2;transition;135;14;21;8;21;100;0,2;0,44;0;0,06;149,42;149,42;0,91;0,7
2;BankAccountv2;pair;135;14;21;56;182;100;0,28;0,15;1,21;0,39;150,42;150,42;2,64;2,03
2;BankAccountv2;state;136;10;14;4;14;100;0,17;0,23;0;0,02;150,42;150,42;0,56;0,42
2;BankAccountv2;transition;136;10;14;4;14;100;0,12;0,25;0;0,02;150,42;150,42;0,51;0,39
2;BankAccountv2;pair;136;10;14;11;41;100;8,24;0,1;0,31;0,07;5,64;5,64;9,42;8,72
2;BankAccountv2;state;137;18;27;6;23;100;0,27;0,31;0;0,04;5,64;5,64;0,8;0,63
2;BankAccountv2;transition;137;18;27;10;27;100;0,23;0,58;0;0,07;6,64;6,64;1,07;0,88
2;BankAccountv2;pair;137;18;27;87;311;100;0,23;0,21;2,15;0,4;7,64;7,64;3,71;2,98
2;BankAccountv2;state;138;13;19;6;19;100;0,24;0,31;0;0,03;8,64;8,64;0,78;0,58
2;BankAccountv2;transition;138;13;19;7;19;100;0,2;0,39;0;0,04;8,64;8,64;0,81;0,63
2;BankAccountv2;pair;138;13;19;39;124;100;0,18;0,1;0,7;0,15;9,64;9,64;1,56;1,13
2;BankAccountv2;state;139;12;17;5;16;100;0,2;0,21;0;0,05;9,64;9,64;0,61;0,46
2;BankAccountv2;transition;139;12;17;6;17;100;0,18;0,33;0;0,03;9,64;9,64;0,68;0,54
2;BankAccountv2;pair;139;12;17;42;127;100;0,18;0,11;0,62;0,14;10,64;10,64;1,51;1,05
2;BankAccountv2;state;140;12;18;5;16;100;0,22;0,24;0;0,03;10,64;10,64;0,63;0,49
2;BankAccountv2;transition;140;12;18;7;18;100;0,23;0,76;0;0,05;11,64;11,64;1,24;1,04
2;BankAccountv2;pair;140;12;18;49;142;100;0,23;0,14;0,72;0,18;11,64;12,64;1,74;1,28
2;BankAccountv2;state;141;13;20;6;18;100;0,64;0,27;0;0,05;12,64;12,64;1,15;0,96
2;BankAccountv2;transition;141;13;20;8;20;100;0,29;0,4;0;0,05;12,64;12,64;0,95;0,74
2;BankAccountv2;pair;141;13;20;71;205;100;0,22;0,3;1,23;0,26;13,64;13,64;2,63;2,01
2;BankAccountv2;state;142;17;26;7;24;100;0,25;0,28;0;0,04;14,64;14,64;0,7;0,57
2;BankAccountv2;transition;142;17;26;9;26;100;0,22;0,54;0;0,06;14,64;14,64;1,03;0,82
2;BankAccountv2;pair;142;17;26;75;263;100;0,28;0,19;1,68;0,32;15,64;16,64;3,12;2,46
2;BankAccountv2;state;143;20;31;8;29;100;0,29;0,37;0;0,05;16,64;16,64;0,87;0,71
2;BankAccountv2;transition;143;20;31;11;31;100;0,25;0,58;0;0,13;16,64;16,64;1,21;0,96
2;BankAccountv2;pair;143;20;31;99;369;100;0,28;0,19;2,78;0,48;18,64;18,64;4,62;3,74
2;BankAccountv2;state;144;17;29;9;28;100;0,22;0,31;0;0,07;19,64;19,64;0,82;0,59
2;BankAccountv2;transition;144;17;29;11;29;100;0,2;0,52;0;0,09;19,64;19,64;1,06;0,82
2;BankAccountv2;pair;144;17;29;119;353;100;0,19;0,22;2,54;0,51;20,64;21,64;4,21;3,47
2;BankAccountv2;state;145;12;19;5;17;100;0,22;0,23;0;0,04;21,64;21,64;0,72;0,48
2;BankAccountv2;transition;145;12;19;7;19;100;0,16;0,4;0;0,06;21,64;21,64;0,84;0,62
2;BankAccountv2;pair;145;12;19;37;124;100;0,18;0,1;0,64;0,17;22,64;22,64;1,55;1,09
2;BankAccountv2;state;146;17;25;6;23;100;0,22;0,28;0;0,05;22,64;22,64;0,71;0,55
2;BankAccountv2;transition;146;17;25;8;25;100;0,2;0,42;0;0,05;23,64;23,64;0,84;0,67
2;BankAccountv2;pair;146;17;25;50;193;100;0,16;0,14;1,07;0,27;24,64;24,64;2,16;1,63
2;BankAccountv2;state;147;14;24;7;21;100;0,19;0,25;0;0,05;24,64;24,64;0,62;0,48
2;BankAccountv2;transition;147;14;24;9;24;100;0,15;0,39;0;0,06;24,64;24,64;0,75;0,6
2;BankAccountv2;pair;147;14;24;83;250;100;0,16;0,18;1,58;0,33;25,64;26,64;2,78;2,25
2;BankAccountv2;state;148;23;38;10;35;100;0,21;0,37;0;0,09;26,64;26,64;0,87;0,68
2;BankAccountv2;transition;148;23;38;14;38;100;0,22;0,64;0;0,1;27,64;27,64;1,21;0,96
2;BankAccountv2;pair;148;23;38;183;626;100;0,21;0,3;5,91;0,99;29,64;30,64;8,46;7,41
2;BankAccountv2;state;149;10;13;4;13;100;0,2;0,23;0;0,03;30,64;30,64;0,62;0,46
2;BankAccountv2;transition;149;10;13;4;13;100;0,21;0,34;0;0,03;30,64;30,64;0,76;0,58
2;BankAccountv2;pair;149;10;13;18;57;100;0,16;0,09;0,33;0,07;31,64;31,64;1;0,64
2;BankAccountv2;state;150;21;33;9;32;100;0,19;0,29;0;0,07;31,64;31,64;0,7;0,55
2;BankAccountv2;transition;150;21;33;12;33;100;0,19;0,5;0;0,09;31,64;32,64;0,95;0,78
2;BankAccountv2;pair;150;21;33;134;479;100;0,17;0,22;3,67;0,68;33,64;34,64;5,59;4,74
2;BankAccountv2;state;151;15;22;7;22;100;0,26;0,27;0;0,05;34,64;34,64;0,77;0,58
2;BankAccountv2;transition;151;15;22;8;22;100;0,23;0,4;0;0,05;35,64;35,64;0,83;0,67
2;BankAccountv2;pair;151;15;22;68;202;100;0,21;0,13;1,46;0,35;35,64;36,64;2,86;2,15
2;BankAccountv2;state;152;17;27;8;25;100;0,27;0,32;0;0,05;36,64;36,64;0,79;0,63
2;BankAccountv2;transition;152;17;27;11;27;100;0,24;0,59;0;0,1;36,64;37,64;1,12;0,93
2;BankAccountv2;pair;152;17;27;115;331;100;0,26;0,2;2,13;0,73;38,64;38,64;4,16;3,33
2;BankAccountv2;state;153;20;30;8;30;100;0,22;0,34;0;0,06;39,64;39,64;0,79;0,62
2;BankAccountv2;transition;153;20;30;10;30;100;0,18;0,48;0;0,07;39,64;39,64;0,95;0,73
2;BankAccountv2;pair;153;20;30;89;336;100;0,21;0,2;2,44;0,47;40,64;41,64;4,01;3,31
2;BankAccountv2;state;154;21;32;8;29;100;0,31;0,37;0;0,07;41,64;41,64;0,93;0,75
2;BankAccountv2;transition;154;21;32;12;32;100;0,26;0,63;0;0,08;42,64;42,64;1,2;0,97
2;BankAccountv2;pair;154;21;32;132;471;100;0,26;0,27;3,92;0,67;43,64;44,64;5,95;5,12
2;BankAccountv2;state;155;21;33;9;32;100;0,24;0,31;0;0,07;44,64;44,64;0,83;0,62
2;BankAccountv2;transition;155;21;33;12;33;100;0,22;0,69;0;0,09;45,64;45,64;1,34;1,01
2;BankAccountv2;pair;155;21;33;134;479;100;0,17;0,22;4,05;0,63;46,64;47,64;5,91;5,07
2;BankAccountv2;state;156;12;18;5;16;100;0,23;0,22;0;0,03;47,64;47,64;0,64;0,48
2;BankAccountv2;transition;156;12;18;7;18;100;0,26;0,5;0;0,05;48,64;48,64;1;0,8
2;BankAccountv2;pair;156;12;18;51;150;100;0,22;0,13;0,95;0,24;48,64;49,64;2,06;1,54
2;BankAccountv2;state;157;13;20;5;17;100;0,26;0,3;0;0,04;49,64;49,64;0,8;0,6
2;BankAccountv2;transition;157;13;20;8;20;100;0,23;0,46;0;0,05;49,64;49,64;0,93;0,75
2;BankAccountv2;pair;157;13;20;56;172;100;0,22;0,15;1,14;0,25;50,64;50,64;2,34;1,76
2;BankAccountv2;state;158;16;26;8;26;100;0,23;0,3;0;0,08;50,64;51,64;0,79;0,62
2;BankAccountv2;transition;158;16;26;10;26;100;0,21;0,49;0;0,08;51,64;51,64;1,16;0,78
2;BankAccountv2;pair;158;16;26;91;280;100;0,24;0,2;2,18;0,45;52,64;52,64;3,79;3,07
2;BankAccountv2;state;159;15;21;5;20;100;0,24;0,33;0;0,04;53,64;53,64;0,79;0,61
2;BankAccountv2;transition;159;15;21;6;21;100;0,2;0,45;0;0,05;53,64;53,64;0,88;0,7
2;BankAccountv2;pair;159;15;21;28;125;100;0,2;0,12;0,78;0,17;53,64;54,64;1,8;1,26
2;BankAccountv2;state;160;17;28;8;25;100;0,32;0,37;0;0,06;54,64;54,64;0,92;0,75
2;BankAccountv2;transition;160;17;28;11;28;100;0,27;0,6;0;0,08;54,64;55,64;1,17;0,95
2;BankAccountv2;pair;160;17;28;115;337;100;0,27;0,39;2,68;0,62;56,64;56,64;4,79;3,96
2;BankAccountv2;state;161;16;25;8;26;100;0,27;0,32;0;0,06;57,64;57,64;0,83;0,65
2;BankAccountv2;transition;161;16;25;9;25;100;0,21;0,46;0;0,06;57,64;57,64;0,92;0,73
2;BankAccountv2;pair;161;16;25;78;232;100;0,21;0,19;1,72;0,33;58,64;58,64;3,09;2,45
2;BankAccountv2;state;162;11;16;5;16;100;0,2;0,25;0;0,04;58,64;58,64;0,83;0,49
2;BankAccountv2;transition;162;11;16;5;16;100;0,15;0,32;0;0,04;59,64;59,64;0,72;0,51
2;BankAccountv2;pair;162;11;16;24;78;100;0,14;0,1;0,49;0,11;59,64;59,64;1,25;0,85
2;BankAccountv2;state;163;17;25;6;23;100;0,16;0,27;0;0,05;59,64;60,64;0,64;0,48
2;BankAccountv2;transition;163;17;25;8;25;100;0,17;0,42;0;0,06;60,64;60,64;0,81;0,65
2;BankAccountv2;pair;163;17;25;50;193;100;0,16;0,14;1,18;0,25;61,64;61,64;2,3;1,74
2;BankAccountv2;state;164;15;20;5;19;100;0,22;0,3;0;0,04;61,64;61,64;0,74;0,56
2;BankAccountv2;transition;164;15;20;6;20;100;0,21;0,45;0;0,05;62,64;62,64;0,88;0,7
2;BankAccountv2;pair;164;15;20;38;155;100;0,21;0,11;0,82;0,2;62,64;62,64;2;1,34
2;BankAccountv2;state;165;21;34;9;32;100;0,22;0,29;0;0,07;63,64;63,64;0,74;0,59
2;BankAccountv2;transition;165;21;34;12;34;100;0,19;0,52;0;0,09;63,64;63,64;0,98;0,8
2;BankAccountv2;pair;165;21;34;129;455;100;0,2;0,28;3,32;0,73;65,64;66,64;5,44;4,53
2;BankAccountv2;state;166;21;32;9;32;100;0,23;0,36;0;0,06;66,64;66,64;0,84;0,65
2;BankAccountv2;transition;166;21;32;11;32;100;0,19;0,57;0;0,1;66,64;66,64;1,06;0,86
2;BankAccountv2;pair;166;21;32;113;395;100;0,23;0,27;2,64;0,59;68,64;68,64;4,5;3,73
2;BankAccountv2;state;167;22;35;9;31;100;0,3;0,35;0;0,07;69,64;69,64;0,89;0,72
2;BankAccountv2;transition;167;22;35;13;35;100;0,27;0,56;0;0,07;69,64;69,64;1,04;0,89
2;BankAccountv2;pair;167;22;35;167;570;100;0,23;0,36;4,16;0,81;71,64;72,64;6,63;5,57
2;BankAccountv2;state;168;18;26;7;27;100;0,2;0,25;0;0,05;72,64;72,64;0,66;0,5
2;BankAccountv2;transition;168;18;26;8;26;100;0,17;0,51;0;0,07;73,64;73,64;1,15;0,74
2;BankAccountv2;pair;168;18;26;56;233;100;0,21;0,19;1,46;0,29;74,64;74,64;2,81;2,15
2;BankAccountv2;state;169;13;20;5;18;100;0,25;0,28;0;0,04;74,64;74,64;0,76;0,57
2;BankAccountv2;transition;169;13;20;7;20;100;0,19;0,46;0;0,04;75,64;75,64;0,86;0,69
2;BankAccountv2;pair;169;13;20;33;115;100;0,22;0,1;0,61;0,13;75,64;75,64;1,49;1,06
2;BankAccountv2;state;170;21;32;9;30;100;0,27;0,39;0;0,06;76,64;76,64;0,9;0,72
2;BankAccountv2;transition;170;21;32;12;32;100;0,26;0,69;0;0,09;76,64;76,64;1,24;1,04
2;BankAccountv2;pair;170;21;32;157;536;100;0,27;0,26;4,67;0,85;78,64;79,64;7,01;6,05
2;BankAccountv2;state;171;19;31;8;27;100;0,22;0,29;0;0,06;79,64;79,64;0,75;0,57
2;BankAccountv2;transition;171;19;31;11;31;100;0,28;0,51;0;0,07;80,64;80,64;1,03;0,86
2;BankAccountv2;pair;171;19;31;119;407;100;0,18;0,22;2,98;0,6;81,64;82,64;4,77;3,97
2;BankAccountv2;state;172;21;32;8;29;100;0,3;0,5;0;0,07;82,64;82,64;1,08;0,87
2;BankAccountv2;transition;172;21;32;12;32;100;0,28;0,59;0;0,09;83,64;83,64;1,15;0,96
2;BankAccountv2;pair;172;21;32;132;471;100;0,26;0,22;3,56;0,62;84,64;85,64;5,54;4,65
2;BankAccountv2;state;173;11;15;5;15;100;0,22;0,41;0;0,04;85,64;85,64;0,92;0,67
2;BankAccountv2;transition;173;11;15;5;15;100;0,19;0,34;0;0,08;86,64;86,64;0,78;0,61
2;BankAccountv2;pair;173;11;15;35;107;100;0,16;0,09;0,64;0,17;86,64;86,64;1,46;1,06
2;BankAccountv2;state;174;10;13;4;13;100;0,25;0,22;0;0,05;86,64;87,64;0,65;0,51
2;BankAccountv2;transition;174;10;13;4;13;100;0,17;0,29;0;0,02;87,64;87,64;0,63;0,48
2;BankAccountv2;pair;174;10;13;19;61;100;0,17;0,07;0,3;0,08;87,64;87,64;1;0,62
2;BankAccountv2;state;175;21;34;9;32;100;0,18;0,36;0;0,07;88,64;88,64;0,75;0,61
2;BankAccountv2;transition;175;21;34;12;34;100;0,23;0,53;0;0,1;88,64;88,64;1,05;0,85
2;BankAccountv2;pair;175;21;34;129;455;100;0,2;0,24;3,61;0,6;90,64;90,64;5,46;4,65
2;BankAccountv2;state;176;11;15;4;14;100;0,25;0,27;0;0,02;91,64;91,64;0,78;0,55
2;BankAccountv2;transition;176;11;15;5;15;100;0,21;0,34;0;0,04;91,64;91,64;0,77;0,58
2;BankAccountv2;pair;176;11;15;24;78;100;0,17;0,07;0,48;0,08;91,64;91,64;1,16;0,8
2;BankAccountv2;state;177;20;31;8;28;100;0,28;0,41;0;0,09;92,64;92,64;0,94;0,77
2;BankAccountv2;transition;177;20;31;11;31;100;0,29;0,63;0;0,09;92,64;92,64;1,22;1,01
2;BankAccountv2;pair;177;20;31;122;444;100;0,3;0,2;3,63;0,76;94,64;95,64;5,99;4,89
2;BankAccountv2;state;178;19;31;8;27;100;0,28;0,33;0;0,07;95,64;95,64;0,88;0,67
2;BankAccountv2;transition;178;19;31;11;31;100;0,21;0,57;0;0,08;95,64;95,64;1,05;0,86
2;BankAccountv2;pair;178;19;31;114;387;100;0,2;0,24;2,69;0,58;97,64;97,64;4,48;3,71
2;BankAccountv2;state;179;15;24;7;23;100;0,25;0,34;0;0,05;98,64;98,64;0,82;0,65
2;BankAccountv2;transition;179;15;24;9;24;100;0,26;0,49;0;0,06;98,64;98,64;1;0,81
2;BankAccountv2;pair;179;15;24;57;178;100;0,21;0,14;1,01;0,24;99,64;99,64;2,14;1,61
2;BankAccountv2;state;180;22;35;9;31;100;0,32;0,39;0;0,08;99,64;99,64;0,97;0,79
2;BankAccountv2;transition;180;22;35;13;35;100;0,31;0,67;0;0,12;100,64;100,64;1,31;1,1
2;BankAccountv2;pair;180;22;35;168;574;100;0,33;0,29;5,12;0,78;102,64;103,64;7,58;6,52
2;BankAccountv2;state;181;13;20;5;18;100;0,23;0,29;0;0,03;103,64;103,64;0,73;0,55
2;BankAccountv2;transition;181;13;20;7;20;100;0,19;0,43;0;0,05;104,64;104,64;0,83;0,67
2;BankAccountv2;pair;181;13;20;34;118;100;0,21;0,1;0,7;0,15;104,64;104,64;1,64;1,16
2;BankAccountv2;state;182;17;24;6;23;100;0,27;0,35;0;0,04;105,64;105,64;0,83;0,66
2;BankAccountv2;transition;182;17;24;8;24;100;0,23;0,49;0;0,05;105,64;105,64;0,98;0,77
2;BankAccountv2;pair;182;17;24;56;230;100;0,2;0,13;1,61;0,33;106,64;106,64;2,91;2,27
2;BankAccountv2;state;183;14;21;7;23;100;0,18;0,24;0;0,05;107,64;107,64;0,61;0,47
2;BankAccountv2;transition;183;14;21;7;21;100;0,17;0,32;0;0,04;107,64;107,64;0,69;0,54
2;BankAccountv2;pair;183;14;21;45;141;100;0,16;0,12;0,82;0,17;108,64;108,64;1,73;1,27
2;BankAccountv2;state;184;15;24;7;24;100;0,16;0,24;0;0,04;109,64;109,64;0,61;0,44
2;BankAccountv2;transition;184;15;24;9;24;100;0,16;0,39;0;0,05;109,64;109,64;0,77;0,6
2;BankAccountv2;pair;184;15;24;64;209;100;0,17;0,14;1,28;0,34;110,64;110,64;2,55;1,94
2;BankAccountv2;state;185;17;29;9;28;100;0,23;0,25;0;0,05;110,64;110,64;0,67;0,53
2;BankAccountv2;transition;185;17;29;11;29;100;0,18;0,59;0;0,09;111,64;111,64;1,08;0,86
2;BankAccountv2;pair;185;17;29;122;365;100;0,17;0,22;2,58;0,6;112,64;113,64;4,27;3,57
2;BankAccountv2;state;186;17;26;6;22;100;0,24;0,29;0;0,05;113,64;113,64;0,77;0,58
2;BankAccountv2;transition;186;17;26;9;26;100;0,25;0,49;0;0,06;113,64;113,64;0,95;0,8
2;BankAccountv2;pair;186;17;26;79;290;100;0,27;0,16;1,77;0,36;114,64;115,64;3,25;2,57
2;BankAccountv2;state;187;15;24;8;24;100;0,23;0,44;0;0,04;115,64;115,64;0,87;0,72
2;BankAccountv2;transition;187;15;24;9;24;100;0,26;0,47;0;0,05;116,64;116,64;0,96;0,78
2;BankAccountv2;pair;187;15;24;80;238;100;0,21;0,17;1,44;0,31;117,64;117,64;2,75;2,14
2;BankAccountv2;state;188;21;33;9;30;100;0,3;0,45;0;0,07;117,64;117,64;1,05;0,83
2;BankAccountv2;transition;188;21;33;12;33;100;0,29;0,69;0;0,1;118,64;118,64;1,28;1,08
2;BankAccountv2;pair;188;21;33;157;542;100;0,25;0,26;4,63;0,74;120,64;121,64;6,77;5,87
2;BankAccountv2;state;189;12;18;5;17;100;0,18;0,24;0;0,03;121,64;121,64;0,6;0,45
2;BankAccountv2;transition;189;12;18;6;18;100;0,14;0,37;0;0,05;121,64;121,64;0,72;0,55
2;BankAccountv2;pair;189;12;18;30;98;100;0,15;0,09;0,51;0,12;122,64;122,64;1,27;0,87
2;BankAccountv2;state;190;15;20;5;19;100;0,2;0,24;0;0,03;122,64;122,64;0,59;0,47
2;BankAccountv2;transition;190;15;20;6;20;100;0,2;0,39;0;0,04;122,64;122,64;0,84;0,63
2;BankAccountv2;pair;190;15;20;38;151;100;0,19;0,11;0,78;0,17;123,64;123,64;1,69;1,26
2;BankAccountv2;state;191;11;15;4;14;100;0,19;0,27;0;0,03;124,64;124,64;0,66;0,49
2;BankAccountv2;transition;191;11;15;5;15;100;0,21;0,32;0;0,02;124,64;124,64;0,68;0,55
2;BankAccountv2;pair;191;11;15;25;82;100;0,16;0,08;0,42;0,1;124,64;125,64;1,1;0,76
2;BankAccountv2;state;192;16;22;5;20;100;0,2;0,23;0;0,03;125,64;125,64;0,57;0,46
2;BankAccountv2;transition;192;16;22;7;22;100;0,18;0,5;0;0,04;125,64;125,64;0,89;0,72
2;BankAccountv2;pair;192;16;22;45;177;100;0,22;0,14;0,77;0,16;126,64;126,64;1,71;1,29
2;BankAccountv2;state;193;12;19;5;16;100;0,24;0,28;0;0,04;126,64;127,64;0,7;0,56
2;BankAccountv2;transition;193;12;19;7;19;100;0,18;0,66;0;0,04;127,64;127,64;1,04;0,88
2;BankAccountv2;pair;193;12;19;50;160;100;0,19;0,11;0,83;0,19;128,64;128,64;1,76;1,31
2;BankAccountv2;state;194;20;30;8;28;100;0,26;0,35;0;0,08;128,64;128,64;0,85;0,69
2;BankAccountv2;transition;194;20;30;11;30;100;0,23;0,57;0;0,07;129,64;129,64;1,03;0,86
2;BankAccountv2;pair;194;20;30;122;438;100;0,16;0,15;2,99;0,44;130,64;131,64;4,4;3,74
2;BankAccountv2;state;195;14;21;6;20;100;0,27;0,25;0;0,04;131,64;131,64;0,71;0,56
2;BankAccountv2;transition;195;14;21;8;21;100;0,19;0,41;0;0,07;132,64;132,64;0,83;0,67
2;BankAccountv2;pair;195;14;21;56;182;100;0,2;0,15;0,97;0,25;132,64;133,64;2,09;1,58
2;BankAccountv2;state;196;12;19;5;16;100;0,24;0,28;0;0,03;133,64;133,64;0,69;0,55
2;BankAccountv2;transition;196;12;19;7;19;100;0,18;0,41;0;0,05;133,64;133,64;0,79;0,64
2;BankAccountv2;pair;196;12;19;47;148;100;0,21;0,13;0,79;0,2;134,64;134,64;1,77;1,33
2;BankAccountv2;state;197;15;23;7;24;100;0,16;0,24;0;0,05;134,64;134,64;0,58;0,44
2;BankAccountv2;transition;197;15;23;8;23;100;0,17;0,44;0;0,05;135,64;135,64;0,84;0,66
2;BankAccountv2;pair;197;15;23;55;175;100;0,18;0,17;1,3;0,3;135,64;136,64;2,54;1,95
2;BankAccountv2;state;198;19;27;7;26;100;0,32;0,39;0;0,05;136,64;136,64;0,96;0,76
2;BankAccountv2;transition;198;19;27;9;27;100;0,24;0,48;0;0,06;136,64;137,64;0,97;0,78
2;BankAccountv2;pair;198;19;27;78;297;100;0,25;0,16;2,1;0,41;138,64;138,64;3,61;2,92
2;BankAccountv2;state;199;18;29;7;25;100;0,2;0,24;0;0,04;138,64;138,64;0,61;0,48
2;BankAccountv2;transition;199;18;29;10;29;100;0,17;0,49;0;0,09;139,64;139,64;0,99;0,76
2;BankAccountv2;pair;199;18;29;89;325;100;0,19;0,22;2,13;0,55;140,64;140,64;3,77;3,08
2;BankAccountv2;state;200;16;23;6;22;100;0,23;0,22;0;0,06;141,64;141,64;0,64;0,5
2;BankAccountv2;transition;200;16;23;7;23;100;0,16;0,37;0;0,05;141,64;141,64;0,77;0,59
2;BankAccountv2;pair;200;16;23;43;168;100;0,18;0,12;0,88;0,2;142,64;142,64;1,89;1,39
2;BankAccountv2;state;201;15;24;7;22;100;0,24;0,27;0;0,04;142,64;142,64;0,68;0,55
2;BankAccountv2;transition;201;15;24;9;24;100;0,21;0,58;0;0,08;143,64;143,64;1,05;0,86
2;BankAccountv2;pair;201;15;24;81;254;100;0,2;0,16;1,67;0,36;144,64;144,64;2,99;2,39
2;BankAccountv2;state;202;17;26;7;24;100;0,24;0,29;0;0,05;144,64;144,64;0,75;0,58
2;BankAccountv2;transition;202;17;26;9;26;100;0,27;0,49;0;0,09;145,64;145,64;1,04;0,85
2;BankAccountv2;pair;202;17;26;75;263;100;0,22;0,21;1,49;0,32;146,64;146,64;2,88;2,24
2;BankAccountv2;state;203;16;22;6;21;100;0,23;0,27;0;0,03;147,64;147,64;0,7;0,53
2;BankAccountv2;transition;203;16;22;7;22;100;0,19;0,4;0;0,05;147,64;147,64;0,81;0,64
2;BankAccountv2;pair;203;16;22;57;205;100;0,22;0,14;1,12;0,24;148,64;148,64;2,23;1,72
2;BankAccountv2;state;204;19;27;7;26;100;0,25;0,3;0;0,04;148,64;148,64;0,74;0,59
2;BankAccountv2;transition;204;19;27;9;27;100;0,27;0,48;0;0,05;149,64;149,64;0,95;0,8
2;BankAccountv2;pair;204;19;27;77;293;100;0,23;0,34;1,91;0,34;150,64;150,64;3,5;2,82
2;BankAccountv2;state;205;17;23;6;23;100;8,45;0,36;0;0,05;5,71;5,71;9,18;8,86
2;BankAccountv2;transition;205;17;23;7;23;100;0,23;0,52;0;0,06;5,71;5,71;0,99;0,81
2;BankAccountv2;pair;205;17;23;44;184;100;0,24;0,12;1,05;0,24;6,71;6,71;2,24;1,64
2;BankAccountv2;state;206;19;30;7;25;100;0,27;0,35;0;0,06;7,71;7,71;0,85;0,68
2;BankAccountv2;transition;206;19;30;11;30;100;0,23;0,54;0;0,09;7,71;7,71;1,05;0,85
2;BankAccountv2;pair;206;19;30;117;399;100;0,25;0,18;2,74;0,61;9,71;9,71;4,54;3,79
2;BankAccountv2;state;207;17;28;9;28;100;0,22;0,27;0;0,07;9,71;9,71;0,72;0,55
2;BankAccountv2;transition;207;17;28;11;28;100;0,2;0,66;0;0,08;10,71;10,71;1,12;0,94
2;BankAccountv2;pair;207;17;28;119;347;100;0,18;0,24;2,57;0,55;11,71;12,71;4,25;3,54
2;BankAccountv2;state;208;19;28;7;26;100;0,26;0,32;0;0,05;12,71;12,71;0,79;0,63
2;BankAccountv2;transition;208;19;28;10;28;100;0,23;0,55;0;0,07;13,71;13,71;1,03;0,84
2;BankAccountv2;pair;208;19;28;89;333;100;0,23;0,17;2,51;0,47;14,71;15,71;4,15;3,38
2;BankAccountv2;state;209;15;20;5;19;100;0,23;0,28;0;0,04;15,71;15,71;0,74;0,55
2;BankAccountv2;transition;209;15;20;6;20;100;0,21;0,48;0;0,05;15,71;15,71;0,92;0,74
2;BankAccountv2;pair;209;15;20;42;171;100;0,2;0,11;1,06;0,2;16,71;16,71;2,09;1,57
2;BankAccountv2;state;210;12;17;5;16;100;0,22;0,27;0;0,03;16,71;16,71;0,67;0,53
2;BankAccountv2;transition;210;12;17;6;17;100;0,19;0,35;0;0,03;17,71;17,71;0,71;0,58
2;BankAccountv2;pair;210;12;17;40;119;100;0,17;0,11;0,7;0,17;17,71;18,71;1,56;1,15
2;BankAccountv2;state;211;18;27;7;26;100;0,24;0,34;0;0,08;18,71;18,71;0,82;0,67
2;BankAccountv2;transition;211;18;27;9;27;100;0,23;0,52;0;0,07;18,71;18,71;0,99;0,82
2;BankAccountv2;pair;211;18;27;64;261;100;0,22;0,18;1,92;0,39;19,71;20,71;3,4;2,71
2;BankAccountv2;state;212;16;22;5;20;100;0,24;0,27;0;0,05;20,71;20,71;0,73;0,55
2;BankAccountv2;transition;212;16;22;7;22;100;0,25;0,51;0;0,05;20,71;20,71;1;0,81
2;BankAccountv2;pair;212;16;22;43;169;100;0,25;0,12;0,89;0,2;21,71;21,71;1,99;1,46
2;BankAccountv2;state;213;19;28;8;29;100;0,19;0,25;0;0,05;22,71;22,71;0,64;0,5
2;BankAccountv2;transition;213;19;28;9;28;100;0,18;0,49;0;0,06;22,71;22,71;0,88;0,72
2;BankAccountv2;pair;213;19;28;80;305;100;0,2;0,16;2,03;0,56;23,71;24,71;3,6;2,95
2;BankAccountv2;state;214;12;18;6;18;100;0,2;0,22;0;0,04;24,71;24,71;0,62;0,46
2;BankAccountv2;transition;214;12;18;6;18;100;0,18;0,34;0;0,04;24,71;24,71;0,72;0,56
2;BankAccountv2;pair;214;12;18;40;121;100;0,14;0,16;0,97;0,2;25,71;25,71;1,87;1,47
2;BankAccountv2;state;215;14;21;7;21;100;0,21;0,26;0;0,04;25,71;25,71;0,65;0,51
2;BankAccountv2;transition;215;14;21;8;21;100;0,19;0,44;0;0,09;26,71;26,71;0,86;0,72
2;BankAccountv2;pair;215;14;21;64;184;100;0,22;0,17;1,29;0,33;26,71;27,71;2,63;2,01
2;BankAccountv2;state;216;13;19;6;21;100;0,18;0,21;0;0,04;27,71;27,71;0,56;0,43
2;BankAccountv2;transition;216;13;19;6;19;100;0,22;0,4;0;0,06;27,71;27,71;0,87;0,68
2;BankAccountv2;pair;216;13;19;25;88;100;0,2;0,14;0,61;0,14;28,71;28,71;1,54;1,09
2;BankAccountv2;state;217;23;37;10;35;100;0,22;0,35;0;0,12;28,71;28,71;0,91;0,68
2;BankAccountv2;transition;217;23;37;14;37;100;0,24;0,68;0;0,12;29,71;29,71;1,29;1,04
2;BankAccountv2;pair;217;23;37;183;620;100;0,21;0,33;5,92;0,97;31,71;32,71;8,47;7,43
2;BankAccountv2;state;218;14;22;6;19;100;0,23;0,29;0;0,04;32,71;32,71;0,72;0,57
2;BankAccountv2;transition;218;14;22;9;22;100;0,19;0,43;0;0,06;32,71;32,71;0,83;0,67
2;BankAccountv2;pair;218;14;22;81;236;100;0,21;0,13;1,44;0,37;33,71;34,71;2,72;2,15
2;BankAccountv2;state;219;20;30;8;28;100;0,25;0,32;0;0,06;34,71;34,71;0,83;0,63
2;BankAccountv2;transition;219;20;30;11;30;100;0,23;0,6;0;0,1;34,71;35,71;1,12;0,94
2;BankAccountv2;pair;219;20;30;122;438;100;0,24;0,22;3,79;0,76;36,71;37,71;5,85;5,02
2;BankAccountv2;state;220;22;34;9;31;100;0,29;0,41;0;0,1;37,71;37,71;0,99;0,8
2;BankAccountv2;transition;220;22;34;13;34;100;0,26;0,72;0;0,1;38,71;38,71;1,26;1,08
2;BankAccountv2;pair;220;22;34;167;564;100;0,26;0,28;5,25;1,01;40,71;41,71;7,79;6,8
2;BankAccountv2;state;221;12;17;5;16;100;0,22;0,24;0;0,03;41,71;41,71;0,67;0,49
2;BankAccountv2;transition;221;12;17;6;17;100;0,18;0,35;0;0,03;41,71;41,71;0,73;0,57
2;BankAccountv2;pair;221;12;17;42;127;100;0,17;0,09;0,79;0,15;42,71;42,71;1,67;1,2
2;BankAccountv2;state;222;19;28;8;29;100;0,2;0,28;0;0,07;42,71;42,71;0,7;0,54
2;BankAccountv2;transition;222;19;28;9;28;100;0,18;0,6;0;0,06;43,71;43,71;1,03;0,85
2;BankAccountv2;pair;222;19;28;80;305;100;0,18;0,18;2,17;0,45;44,71;44,71;3,71;2,98
2;BankAccountv2;state;223;16;22;6;21;100;0,23;0,28;0;0,04;44,71;44,71;0,71;0,56
2;BankAccountv2;transition;223;16;22;7;22;100;0,23;0,46;0;0,07;45,71;45,71;0,93;0,76
2;BankAccountv2;pair;223;16;22;57;205;100;0,2;0,13;1,51;0,27;46,71;46,71;2,65;2,11
2;BankAccountv2;state;224;12;18;5;16;100;0,24;0,25;0;0,03;46,71;46,71;0,66;0,53
2;BankAccountv2;transition;224;12;18;7;18;100;0,2;1,58;0;0,05;47,71;47,71;2,01;1,83
2;BankAccountv2;pair;224;12;18;51;150;100;0,73;0,11;0,82;0,48;47,71;47,71;2,61;2,13
2;BankAccountv2;state;225;12;16;5;17;100;0,22;0,27;0;0,03;48,71;48,71;0,68;0,52
2;BankAccountv2;transition;225;12;16;5;16;100;0,17;0,35;0;0,03;48,71;48,71;0,71;0,56
2;BankAccountv2;pair;225;12;16;21;73;100;0,16;0,09;0,46;0,09;49,71;49,71;1,19;0,8
2;BankAccountv2;state;226;13;21;5;17;100;0,22;0,26;0;0,04;49,71;49,71;0,66;0,52
2;BankAccountv2;transition;226;13;21;8;21;100;0,23;0,41;0;0,05;49,71;49,71;0,85;0,68
2;BankAccountv2;pair;226;13;21;52;157;100;0,19;0,13;0,97;0,23;50,71;50,71;2,04;1,52
2;BankAccountv2;state;227;20;30;9;31;100;0,2;0,36;0;0,07;51,71;51,71;0,81;0,64
2;BankAccountv2;transition;227;20;30;10;30;100;0,18;0,49;0;0,08;51,71;51,71;1,04;0,75
2;BankAccountv2;pair;227;20;30;103;365;100;0,17;0,23;2,94;0,6;52,71;53,71;4,69;3,95
2;BankAccountv2;state;228;15;22;4;18;100;0,29;0,28;0;0,03;53,71;53,71;0,76;0,6
2;BankAccountv2;transition;228;15;22;7;22;100;0,21;0,5;0;0,05;53,71;53,71;0,94;0,76
2;BankAccountv2;pair;228;15;22;35;151;100;0,22;0,11;0,99;0,22;54,71;54,71;2,01;1,52
2;BankAccountv2;state;229;15;23;8;25;100;0,22;0,22;0;0,05;55,71;55,71;0,65;0,49
2;BankAccountv2;transition;229;15;23;8;23;100;0,16;0,38;0;0,05;55,71;55,71;0,75;0,59
2;BankAccountv2;pair;229;15;23;67;197;100;0,15;0,16;1,39;0,37;56,71;56,71;2,58;2,07
2;BankAccountv2;state;230;11;15;5;15;100;0,2;0,23;0;0,03;56,71;56,71;0,6;0,45
2;BankAccountv2;transition;230;11;15;5;15;100;0,17;0,35;0;0,03;57,71;57,71;0,68;0,55
2;BankAccountv2;pair;230;11;15;35;107;100;0,14;0,08;0,64;0,15;57,71;57,71;1,41;1,01
2;BankAccountv2;state;231;20;30;9;31;100;0,19;0,28;0;0,06;58,71;58,71;0,66;0,53
2;BankAccountv2;transition;231;20;30;10;30;100;0,17;0,5;0;0,07;58,71;58,71;0,89;0,74
2;BankAccountv2;pair;231;20;30;103;365;100;0,16;0,21;2,93;0,6;59,71;60,71;4,57;3,9
2;BankAccountv2;state;232;20;31;8;28;100;0,3;0,32;0;0,05;60,71;60,71;0,82;0,68
2;BankAccountv2;transition;232;20;31;11;31;100;0,25;0,66;0;0,09;61,71;61,71;1,2;1
2;BankAccountv2;pair;232;20;31;122;444;100;0,28;0,23;3,63;0,7;62,71;63,71;5,76;4,84
2;BankAccountv2;state;233;19;30;7;26;100;0,25;0,27;0;0,06;63,71;63,71;0,74;0,58
2;BankAccountv2;transition;233;19;30;11;30;100;0,2;0,56;0;0,08;64,71;64,71;1,01;0,83
2;BankAccountv2;pair;233;19;30;95;338;100;0,18;0,21;2,55;0,47;65,71;65,71;4,11;3,41
2;BankAccountv2;state;234;20;30;8;28;100;0,29;0,35;0;0,06;66,71;66,71;0,88;0,71
2;BankAccountv2;transition;234;20;30;11;30;100;0,3;0,61;0;0,08;66,71;66,71;1,18;0,99
2;BankAccountv2;pair;234;20;30;122;438;100;0,24;0,21;4,06;0,69;68,71;68,71;6,06;5,2
2;BankAccountv2;state;235;16;27;8;26;100;0,26;0,25;0;0,05;69,71;69,71;0,72;0,56
2;BankAccountv2;transition;235;16;27;10;27;100;0,16;0,45;0;0,07;69,71;69,71;0,84;0,68
2;BankAccountv2;pair;235;16;27;91;286;100;0,16;0,17;2,15;0,49;70,71;71,71;3,56;2,97
2;BankAccountv2;state;236;19;30;7;25;100;0,27;0,3;0;0,05;71,71;71,71;0,74;0,62
2;BankAccountv2;transition;236;19;30;11;30;100;0,23;0,6;0;0,08;71,71;71,71;1,06;0,91
2;BankAccountv2;pair;236;19;30;112;379;100;0,27;0,21;2,9;0,62;73,71;73,71;4,8;4,01
2;BankAccountv2;state;237;17;25;6;22;100;0,26;0,29;0;0,05;74,71;74,71;0,74;0,6
2;BankAccountv2;transition;237;17;25;9;25;100;0,21;0,49;0;0,06;74,71;74,71;0,91;0,76
2;BankAccountv2;pair;237;17;25;79;284;100;0,24;0,19;2,03;0,41;75,71;76,71;3,51;2,87
2;BankAccountv2;state;238;11;16;4;14;100;0,21;0,22;0;0,03;76,71;76,71;0,61;0,46
2;BankAccountv2;transition;238;11;16;6;16;100;0,17;0,36;0;0,04;76,71;76,71;0,7;0,56
2;BankAccountv2;pair;238;11;16;29;91;100;0,17;0,11;0,53;0,11;77,71;77,71;1,28;0,92
2;BankAccountv2;state;239;22;36;10;34;100;0,2;0,29;0;0,07;77,71;77,71;0,69;0,56
2;BankAccountv2;transition;239;22;36;13;36;100;0,22;0,61;0;0,1;78,71;78,71;1,13;0,93
2;BankAccountv2;pair;239;22;36;165;552;100;0,19;0,3;5,01;0,94;80,71;80,71;7,34;6,45
2;BankAccountv2;state;240;12;19;4;15;100;0,24;0,22;0;0,03;81,71;81,71;0,63;0,49
2;BankAccountv2;transition;240;12;19;7;19;100;0,18;0,37;0;0,04;81,71;81,71;0,73;0,59
2;BankAccountv2;pair;240;12;19;33;106;100;0,18;0,1;0,58;0,16;82,71;82,71;1,43;1,01
2;BankAccountv2;state;241;14;22;6;20;100;0,24;0,25;0;0,04;82,71;82,71;0,66;0,53
2;BankAccountv2;transition;241;14;22;8;22;100;0,21;0,4;0;0,05;82,71;83,71;0,82;0,66
2;BankAccountv2;pair;241;14;22;52;163;100;0,2;0,12;0,9;0,25;83,71;83,71;1,95;1,47
2;BankAccountv2;state;242;19;27;8;27;100;0,25;0,31;0;0,05;84,71;84,71;0,75;0,62
2;BankAccountv2;transition;242;19;27;9;27;100;0,23;0,53;0;0,06;84,71;84,71;0,97;0,83
2;BankAccountv2;pair;242;19;27;91;326;100;0,23;0,2;2,31;0,51;85,71;86,71;3,97;3,25
2;BankAccountv2;state;243;16;23;5;20;100;0,25;0,29;0;0,06;86,71;86,71;0,76;0,6
2;BankAccountv2;transition;243;16;23;8;23;100;0,22;0,55;0;0,05;87,71;87,71;0,96;0,82
2;BankAccountv2;pair;243;16;23;50;190;100;0,2;0,14;1,21;0,23;87,71;88,71;2,32;1,78
2;BankAccountv2;state;244;13;18;6;19;100;0,2;0,22;0;0,03;88,71;88,71;0,61;0,45
2;BankAccountv2;transition;244;13;18;6;18;100;0,16;0,35;0;0,04;88,71;88,71;0,68;0,54
2;BankAccountv2;pair;244;13;18;42;135;100;0,18;0,1;0,74;0,17;89,71;89,71;1,59;1,19
2;BankAccountv2;state;245;17;26;6;22;100;0,27;0,26;0;0,04;90,71;90,71;0,71;0,57
2;BankAccountv2;transition;245;17;26;9;26;100;0,22;0,53;0;0,07;90,71;90,71;0,98;0,82
2;BankAccountv2;pair;245;17;26;79;290;100;0,21;0,17;2,04;0,4;91,71;92,71;3,48;2,82
2;BankAccountv2;state;246;15;24;7;24;100;0,18;0,23;0;0,05;92,71;92,71;0,58;0,46
2;BankAccountv2;transition;246;15;24;9;24;100;0,14;0,42;0;0,06;92,71;92,71;0,76;0,62
2;BankAccountv2;pair;246;15;24;60;195;100;0,15;0,18;1,29;0,23;93,71;93,71;2,35;1,86
2;BankAccountv2;state;247;20;29;8;28;100;0,25;0,31;0;0,06;94,71;94,71;0,75;0,62
2;BankAccountv2;transition;247;20;29;10;29;100;0,24;0,56;0;0,06;94,71;94,71;1,02;0,86
2;BankAccountv2;pair;247;20;29;105;371;100;0,22;0,19;2,88;0,59;95,71;96,71;4,61;3,87
2;BankAccountv2;state;248;12;19;5;17;100;0,17;0,27;0;0,03;96,71;96,71;0,61;0,47
2;BankAccountv2;transition;248;12;19;7;19;100;0,14;0,34;0;0,04;96,71;97,71;0,67;0,53
2;BankAccountv2;pair;248;12;19;37;124;100;0,14;0,11;0,78;0,18;97,71;97,71;1,59;1,21
2;BankAccountv2;state;249;20;30;8;30;100;0,19;0,27;0;0,05;97,71;98,71;0,65;0,52
2;BankAccountv2;transition;249;20;30;10;30;100;0,15;0,41;0;0,07;98,71;98,71;0,77;0,63
2;BankAccountv2;pair;249;20;30;88;332;100;0,17;0,19;2,45;0,52;99,71;100,71;3,96;3,32
2;BankAccountv2;state;250;21;34;9;32;100;0,21;0,29;0;0,06;100,71;100,71;0,7;0,56
2;BankAccountv2;transition;250;21;34;12;34;100;0,2;0,61;0;0,09;100,71;100,71;1,07;0,9
2;BankAccountv2;pair;250;21;34;129;455;100;0,2;0,25;3,86;0,78;102,71;103,71;5,88;5,09
2;BankAccountv2;state;251;18;25;7;25;100;0,29;0,35;0;0,05;103,71;103,71;0,84;0,68
2;BankAccountv2;transition;251;18;25;8;25;100;0,24;0,53;0;0,06;103,71;103,71;0,98;0,83
2;BankAccountv2;pair;251;18;25;70;271;100;0,25;0,17;2;0,39;104,71;105,71;3,45;2,8
2;BankAccountv2;state;252;19;28;8;27;100;0,26;0,32;0;0,05;105,71;105,71;0,77;0,63
2;BankAccountv2;transition;252;19;28;10;28;100;0,22;0,51;0;0,08;106,71;106,71;1,01;0,81
2;BankAccountv2;pair;252;19;28;105;370;100;0,23;0,2;2,82;0,59;107,71;108,71;4,59;3,84
2;BankAccountv2;state;253;18;25;7;25;100;0,26;0,31;0;0,05;108,71;108,71;0,77;0,61
2;BankAccountv2;transition;253;18;25;8;25;100;0,23;0,52;0;0,06;108,71;108,71;0,99;0,81
2;BankAccountv2;pair;253;18;25;70;271;100;0,24;0,17;2,33;0,42;109,71;110,71;3,87;3,16
2;BankAccountv2;state;254;15;23;7;22;100;0,25;0,32;0;0,05;110,71;110,71;0,79;0,62
2;BankAccountv2;transition;254;15;23;9;23;100;0,21;0,46;0;0,06;110,71;110,71;0,89;0,72
2;BankAccountv2;pair;254;15;23;73;212;100;0,21;0,15;1,47;0,41;111,71;112,71;2,8;2,25
2;BankAccountv2;state;255;12;18;5;17;100;0,17;0,21;0;0,04;112,71;112,71;0,55;0,41
2;BankAccountv2;transition;255;12;18;6;18;100;0,14;0,36;0;0,04;112,71;112,71;0,69;0,54
2;BankAccountv2;pair;255;12;18;29;94;100;0,14;0,11;0,63;0,14;113,71;113,71;1,37;1,01
2;BankAccountv2;state;256;13;20;5;17;100;0,21;0,26;0;0,03;113,71;113,71;0,64;0,51
2;BankAccountv2;transition;256;13;20;8;20;100;0,19;0,45;0;0,05;113,71;113,71;0,84;0,69
2;BankAccountv2;pair;256;13;20;54;164;100;0,19;0,13;1,07;0,24;114,71;114,71;2,1;1,63
2;BankAccountv2;state;257;17;28;8;27;100;0,21;0,26;0;0,06;115,71;115,71;0,66;0,53
2;BankAccountv2;transition;257;17;28;11;28;100;0,17;0,52;0;0,08;115,71;115,71;0,93;0,77
2;BankAccountv2;pair;257;17;28;99;304;100;0,16;0,22;2,36;0,56;116,71;117,71;3,95;3,3
2;BankAccountv2;state;258;12;19;4;15;100;0,25;0,25;0;0,03;117,71;117,71;0,67;0,52
2;BankAccountv2;transition;258;12;19;7;19;100;0,21;0,4;0;0,04;117,71;117,71;0,8;0,66
2;BankAccountv2;pair;258;12;19;36;116;100;0,17;0,11;0,67;0,15;118,71;118,71;1,55;1,11
2;BankAccountv2;state;259;15;23;7;24;100;0,2;0,23;0;0,05;118,71;118,71;0,62;0,47
2;BankAccountv2;transition;259;15;23;8;23;100;0,18;0,41;0;0,05;119,71;119,71;0,82;0,65
2;BankAccountv2;pair;259;15;23;52;163;100;0,15;0,14;1,06;0,27;120,71;120,71;2,08;1,61
2;BankAccountv2;state;260;20;31;8;30;100;0,2;0,33;0;0,06;120,71;120,71;0,75;0,59
2;BankAccountv2;transition;260;20;31;11;31;100;0,22;0,55;0;0,09;121,71;121,71;1,04;0,86
2;BankAccountv2;pair;260;20;31;101;384;100;0,19;0,22;3,22;0,61;122,71;123,71;5,01;4,23
2;BankAccountv2;state;261;16;27;8;26;100;0,21;0,27;0;0,06;123,71;123,71;0,71;0,54
2;BankAccountv2;transition;261;16;27;10;27;100;0,19;0,49;0;0,08;123,71;123,71;0,94;0,76
2;BankAccountv2;pair;261;16;27;91;286;100;0,2;0,2;2,51;0,46;125,71;125,71;3,99;3,35
2;BankAccountv2;state;262;14;21;7;21;100;0,26;0,28;0;0,04;125,71;125,71;0,72;0,58
2;BankAccountv2;transition;262;14;21;8;21;100;0,22;0,53;0;0,05;126,71;126,71;0,96;0,8
2;BankAccountv2;pair;262;14;21;70;206;100;0,24;0,13;1,3;0,34;126,71;127,71;2,56;2,02
2;BankAccountv2;state;263;16;22;6;21;100;0,25;0,27;0;0,04;127,71;127,71;0,71;0,57
2;BankAccountv2;transition;263;16;22;7;22;100;0,2;0,44;0;0,05;127,71;127,71;0,85;0,7
2;BankAccountv2;pair;263;16;22;57;205;100;0,2;0,13;1,27;0,32;128,71;129,71;2,46;1,91
2;BankAccountv2;state;264;20;30;8;30;100;0,2;0,28;0;0,07;129,71;129,71;0,69;0,54
2;BankAccountv2;transition;264;20;30;10;30;100;0,19;0,46;0;0,07;129,71;129,71;0,88;0,72
2;BankAccountv2;pair;264;20;30;88;332;100;0,18;0,2;2,58;0,53;131,71;131,71;4,19;3,49
2;BankAccountv2;state;265;12;19;5;16;100;0,25;0,23;0;0,04;131,71;131,71;0,67;0,52
2;BankAccountv2;transition;265;12;19;7;19;100;0,19;0,4;0;0,05;132,71;132,71;0,81;0,64
2;BankAccountv2;pair;265;12;19;48;143;100;0,19;0,12;0,85;0,2;132,71;132,71;1,8;1,36
2;BankAccountv2;state;266;17;26;6;22;100;0,22;0,32;0;0,04;133,71;133,71;0,75;0,59
2;BankAccountv2;transition;266;17;26;9;26;100;0,2;0,46;0;0,05;133,71;133,71;0,85;0,72
2;BankAccountv2;pair;266;17;26;79;290;100;0,2;0,16;1,86;0,41;134,71;135,71;3,31;2,62
2;BankAccountv2;state;267;15;23;7;24;100;0,19;0,22;0;0,05;135,71;135,71;0,62;0,46
2;BankAccountv2;transition;267;15;23;8;23;100;0,15;0,41;0;0,05;135,71;135,71;0,78;0,61
2;BankAccountv2;pair;267;15;23;52;163;100;0,18;0,14;0,93;0,19;136,71;136,71;1,9;1,45
2;BankAccountv2;state;268;18;25;7;25;100;0,23;0,33;0;0,04;137,71;137,71;0,75;0,6
2;BankAccountv2;transition;268;18;25;8;25;100;0,21;0,49;0;0,06;137,71;137,71;0,92;0,75
2;BankAccountv2;pair;268;18;25;70;271;100;0,23;0,17;1,61;0,33;138,71;139,71;2,86;2,34
2;BankAccountv2;state;269;21;33;9;31;100;0,3;0,44;0;0,06;139,71;139,71;0,96;0,8
2;BankAccountv2;transition;269;21;33;12;33;100;0,24;0,54;0;0,07;139,71;139,71;1,01;0,86
2;BankAccountv2;pair;269;21;33;126;439;100;0,25;0,21;3,1;0,64;141,71;142,71;5,32;4,2
2;BankAccountv2;state;270;13;21;6;19;100;0,2;0,2;0;0,03;142,71;142,71;0,6;0,43
2;BankAccountv2;transition;270;13;21;8;21;100;0,16;0,36;0;0,04;142,71;142,71;0,7;0,56
2;BankAccountv2;pair;270;13;21;57;176;100;0,15;0,15;1;0,22;143,71;143,71;1,98;1,52
2;BankAccountv2;state;271;18;29;7;25;100;0,18;0,25;0;0,07;143,71;144,71;0,64;0,5
2;BankAccountv2;transition;271;18;29;10;29;100;0,17;0,49;0;0,06;144,71;144,71;0,88;0,73
2;BankAccountv2;pair;271;18;29;89;325;100;0,25;0,18;2,04;0,41;145,71;146,71;3,58;2,88
2;BankAccountv2;state;272;10;14;4;13;100;0,23;0,26;0;0,03;146,71;146,71;0,67;0,52
2;BankAccountv2;transition;272;10;14;5;14;100;0,15;0,32;0;0,03;146,71;146,71;0,64;0,5
2;BankAccountv2;pair;272;10;14;20;64;100;0,16;0,07;0,34;0,08;147,71;147,71;1,02;0,64
2;BankAccountv2;state;273;22;35;10;34;100;0,18;0,31;0;0,07;147,71;147,71;0,69;0,56
2;BankAccountv2;transition;273;22;35;13;35;100;0,21;0,6;0;0,09;147,71;147,71;1,07;0,89
2;BankAccountv2;pair;273;22;35;171;582;100;0,2;0,25;4,69;0,8;149,71;150,71;6,9;5,94
2;BankAccountv2;state;274;17;25;6;22;100;0,26;12,75;0;0,07;151,71;5,53;13,35;13,08
2;BankAccountv2;transition;274;17;25;9;25;100;0,38;0,76;0;0,09;5,53;5,53;1,54;1,22
2;BankAccountv2;pair;274;17;25;76;266;100;0,37;0,24;2,69;0,58;6,53;6,53;4,87;3,88
2;BankAccountv2;state;275;17;26;7;24;100;0,39;0,5;0;0,08;7,53;7,53;1,18;0,96
2;BankAccountv2;transition;275;17;26;9;26;100;0,4;0,8;0;0,1;7,53;7,53;1,53;1,29
2;BankAccountv2;pair;275;17;26;77;271;100;0,41;0,28;2,79;0,75;8,53;9,53;5,2;4,23
2;BankAccountv2;state;276;18;26;7;25;100;0,44;0,44;0;0,08;9,53;9,53;1,18;0,96
2;BankAccountv2;transition;276;18;26;9;26;100;0,44;0,78;0;0,09;9,53;9,53;1,53;1,31
2;BankAccountv2;pair;276;18;26;80;302;100;0,38;0,27;2,84;0,71;11,53;11,53;5,16;4,2
2;BankAccountv2;state;277;11;15;5;15;100;0,35;0,33;0;0,05;11,53;11,53;0,92;0,72
2;BankAccountv2;transition;277;11;15;5;15;100;0,27;0,56;0;0,05;12,53;12,53;1,11;0,87
2;BankAccountv2;pair;277;11;15;33;99;100;0,24;0,13;0,79;0,2;12,53;12,53;1,95;1,36
2;BankAccountv2;state;278;13;20;6;19;100;0,25;0,31;0;0,07;12,53;13,53;0,82;0,63
2;BankAccountv2;transition;278;13;20;7;20;100;0,22;0,52;0;0,12;13,53;13,53;1,09;0,85
2;BankAccountv2;pair;278;13;20;45;138;100;0,22;0,23;1,14;0,32;13,53;14,53;2,61;1,91
2;BankAccountv2;state;279;16;23;5;20;100;0,36;0,45;0;0,05;14,53;14,53;1,07;0,87
2;BankAccountv2;transition;279;16;23;8;23;100;0,34;0,76;0;0,08;14,53;14,53;1,39;1,18
2;BankAccountv2;pair;279;16;23;53;202;100;0,35;0,22;1,83;0,44;15,53;15,53;3,66;2,84
2;BankAccountv2;state;280;13;18;6;19;100;0,31;0,44;0;0,05;16,53;16,53;1,01;0,81
2;BankAccountv2;transition;280;13;18;6;18;100;0,3;0,6;0;0,05;16,53;16,53;1,18;0,95
2;BankAccountv2;pair;280;13;18;42;135;100;0,28;0,15;1,27;0,3;17,53;17,53;2,67;2
2;BankAccountv2;state;281;13;21;6;19;100;0,28;0,31;0;0,06;17,53;17,53;0,86;0,66
2;BankAccountv2;transition;281;13;21;8;21;100;0,36;0,75;0;0,08;17,53;18,53;1,54;1,19
2;BankAccountv2;pair;281;13;21;57;176;100;0,24;0,21;1,54;0,41;18,53;19,53;3,26;2,39
2;BankAccountv2;state;282;20;33;8;28;100;0,32;0,44;0;0,09;19,53;19,53;1,07;0,85
2;BankAccountv2;transition;282;20;33;12;33;100;0,3;1,01;0;0,14;19,53;19,53;1,71;1,46
2;BankAccountv2;pair;282;20;33;129;459;100;0,42;0,4;5,5;1,25;21,53;22,53;9,24;7,57
2;BankAccountv2;state;283;17;24;6;22;100;0,4;0,45;0;0,06;22,53;22,53;1,16;0,91
2;BankAccountv2;transition;283;17;24;8;24;100;0,34;0,75;0;0,09;22,53;22,53;1,59;1,18
2;BankAccountv2;pair;283;17;24;65;238;100;0,38;0,21;2,14;0,49;23,53;24,53;4,14;3,23
2;BankAccountv2;state;284;18;25;7;25;100;0,34;0,44;0;0,06;24,53;24,53;1,04;0,84
2;BankAccountv2;transition;284;18;25;8;25;100;0,31;0,64;0;0,08;24,53;24,53;1,28;1,03
2;BankAccountv2;pair;284;18;25;70;271;100;0,31;0,26;2,19;0,6;25,53;26,53;4,29;3,36
2;BankAccountv2;state;285;15;21;5;19;100;0,58;0,39;0;0,05;26,53;26,53;1,25;1,02
2;BankAccountv2;transition;285;15;21;7;21;100;0,26;0,71;0;0,07;26,53;26,53;1,23;1,04
2;BankAccountv2;pair;285;15;21;43;165;100;0,35;0,18;1,26;0,36;27,53;27,53;2,96;2,15
2;BankAccountv2;state;286;18;27;7;24;100;0,39;0,46;0;0,06;28,53;28,53;1,11;0,92
2;BankAccountv2;transition;286;18;27;10;27;100;0,38;0,81;0;0,09;28,53;28,53;1,5;1,28
2;BankAccountv2;pair;286;18;27;102;341;100;0,33;0,31;3,05;0,84;29,53;30,53;5,64;4,52
2;BankAccountv2;state;287;17;26;6;23;100;0,41;0,41;0;0,06;30,53;30,53;1,12;0,88
2;BankAccountv2;transition;287;17;26;9;26;100;0,35;0,74;0;0,09;31,53;31,53;1,45;1,18
2;BankAccountv2;pair;287;17;26;58;220;100;0,38;0,23;1,75;0,46;32,53;32,53;3,71;2,81
2;BankAccountv2;state;288;13;20;6;19;100;0,36;0,29;0;0,09;32,53;32,53;0,93;0,74
2;BankAccountv2;transition;288;13;20;7;20;100;0,21;0,48;0;0,07;32,53;33,53;0,98;0,76
2;BankAccountv2;pair;288;13;20;43;131;100;0,21;0,17;1,26;0,38;33,53;33,53;2,79;2,01
2;BankAccountv2;state;289;16;23;5;20;100;0,37;0,42;0;0,05;34,53;34,53;1,02;0,84
2;BankAccountv2;transition;289;16;23;8;23;100;0,31;0,63;0;0,07;34,53;34,53;1,2;1,01
2;BankAccountv2;pair;289;16;23;52;203;100;0,31;0,18;1,52;0,43;35,53;35,53;3,3;2,43
2;BankAccountv2;state;290;11;16;4;14;100;0,34;0,34;0;0,04;35,53;35,53;0,97;0,72
2;BankAccountv2;transition;290;11;16;6;16;100;0,28;0,43;0;0,05;36,53;36,53;0,92;0,76
2;BankAccountv2;pair;290;11;16;29;96;100;0,23;0,1;0,61;0,15;36,53;36,53;1,55;1,1
2;BankAccountv2;state;291;13;19;6;19;100;0,28;0,44;0;0,04;37,53;37,53;0,93;0,76
2;BankAccountv2;transition;291;13;19;7;19;100;0,29;0,54;0;0,05;37,53;37,53;1,14;0,88
2;BankAccountv2;pair;291;13;19;39;124;100;0,3;0,17;1,02;0,33;38,53;38,53;2,42;1,81
2;BankAccountv2;state;292;11;16;5;16;100;0,24;0,26;0;0,04;38,53;38,53;0,74;0,54
2;BankAccountv2;transition;292;11;16;5;16;100;0,22;0,47;0;0,05;38,53;38,53;0,96;0,74
2;BankAccountv2;pair;292;11;16;22;72;100;0,18;0,13;0,68;0,17;39,53;39,53;1,85;1,16
2;BankAccountv2;state;293;12;19;5;16;100;0,33;0,36;0;0,05;39,53;39,53;0,95;0,74
2;BankAccountv2;transition;293;12;19;7;19;100;0,27;0,5;0;0,09;39,53;40,53;1,1;0,86
2;BankAccountv2;pair;293;12;19;48;143;100;0,25;0,16;1,03;0,33;40,53;40,53;2,41;1,77
2;BankAccountv2;state;294;16;23;6;22;100;0,3;0,34;0;0,05;41,53;41,53;0,9;0,69
2;BankAccountv2;transition;294;16;23;7;23;100;0,24;0,58;0;0,07;41,53;41,53;1,1;0,88
2;BankAccountv2;pair;294;16;23;46;180;100;0,31;0,28;1,5;0,36;42,53;42,53;3,2;2,45
2;BankAccountv2;state;295;17;28;8;25;100;0,41;0,4;0;0,06;42,53;42,53;1,03;0,87
2;BankAccountv2;transition;295;17;28;11;28;100;0,36;1,17;0;0,11;43,53;43,53;1,89;1,64
2;BankAccountv2;pair;295;17;28;115;337;100;0,35;0,28;3,27;0,75;44,53;45,53;5,61;4,65
2;BankAccountv2;state;296;18;27;7;25;100;0,33;0,34;0;0,08;45,53;45,53;0,92;0,74
2;BankAccountv2;transition;296;18;27;9;27;100;0,27;0,61;0;0,09;45,53;45,53;1,23;0,98
2;BankAccountv2;pair;296;18;27;76;269;100;0,24;0,29;2,4;0,55;46,53;47,53;4,4;3,48
2;BankAccountv2;state;297;19;30;8;27;100;0,29;0,43;0;0,08;47,53;47,53;1,03;0,8
2;BankAccountv2;transition;297;19;30;11;30;100;0,31;0,63;0;0,12;47,53;47,53;1,29;1,06
2;BankAccountv2;pair;297;19;30;119;401;100;0,32;0,29;3,96;0,9;49,53;49,53;6,54;5,46
2;BankAccountv2;state;298;16;26;8;24;100;0,38;0,44;0;0,05;50,53;50,53;1,03;0,86
2;BankAccountv2;transition;298;16;26;10;26;100;0,29;0,54;0;0,14;50,53;50,53;1,13;0,96
2;BankAccountv2;pair;298;16;26;107;316;100;0,35;0,39;2,85;0,75;51,53;52,53;5,47;4,34
2;BankAccountv2;state;299;19;29;8;28;100;0,37;0,51;0;0,06;52,53;52,53;1,15;0,95
2;BankAccountv2;transition;299;19;29;10;29;100;0,33;0,76;0;0,1;53,53;53,53;1,44;1,19
2;BankAccountv2;pair;299;19;29;90;338;100;0,32;0,24;2,82;0,77;54,53;54,53;5,14;4,15
2;BankAccountv2;state;300;15;23;7;22;100;0,33;0,4;0;0,06;55,53;55,53;0,98;0,79
2;BankAccountv2;transition;300;15;23;9;23;100;0,48;0,66;0;0,07;55,53;55,53;1,42;1,21
2;BankAccountv2;pair;300;15;23;81;248;100;0,32;0,19;1,58;0,35;56,53;56,53;3,28;2,44
2;BankAccountv2;state;301;20;30;8;28;100;0,31;0,33;0;0,05;57,53;57,53;0,82;0,68
2;BankAccountv2;transition;301;20;30;11;30;100;0,28;0,56;0;0,07;57,53;57,53;1,11;0,91
2;BankAccountv2;pair;301;20;30;122;438;100;0,25;0,2;3,41;0,6;59,53;59,53;5,45;4,47
2;BankAccountv2;state;302;18;27;7;24;100;0,25;0,39;0;0,06;60,53;60,53;0,85;0,69
2;BankAccountv2;transition;302;18;27;10;27;100;0,27;0,53;0;0,07;60,53;60,53;1,05;0,87
2;BankAccountv2;pair;302;18;27;107;361;100;0,23;0,18;2,32;0,62;62,53;62,53;4,13;3,34
2;BankAccountv2;state;303;17;27;8;25;100;0,31;0,31;0;0,05;62,53;62,53;0,86;0,68
2;BankAccountv2;transition;303;17;27;11;27;100;0,27;0,5;0;0,06;63,53;63,53;0,99;0,82
2;BankAccountv2;pair;303;17;27;120;351;100;0,25;0,19;2,68;0,51;64,53;65,53;4,37;3,63
2;BankAccountv2;state;304;18;26;7;27;100;0,21;0,32;0;0,06;65,53;65,53;0,78;0,59
2;BankAccountv2;transition;304;18;26;8;26;100;0,17;0,5;0;0,07;65,53;65,53;1;0,74
2;BankAccountv2;pair;304;18;26;56;233;100;0,22;0,14;1,47;0,26;66,53;67,53;2,65;2,09
2;BankAccountv2;state;305;10;14;4;14;100;0,18;0,2;0;0,02;67,53;67,53;0,53;0,4
2;BankAccountv2;transition;305;10;14;4;14;100;0,17;0,28;0;0,03;67,53;67,53;0,62;0,48
2;BankAccountv2;pair;305;10;14;11;41;100;0,16;0,07;0,2;0,06;67,53;68,53;0,8;0,49
2;BankAccountv2;state;306;16;26;8;26;100;0,16;0,31;0;0,06;68,53;68,53;0,68;0,52
2;BankAccountv2;transition;306;16;26;10;26;100;0,19;0,54;0;0,06;68,53;68,53;0,95;0,79
2;BankAccountv2;pair;306;16;26;91;280;100;0,17;0,16;1,84;0,4;69,53;70,53;3,16;2,57
2;BankAccountv2;state;307;14;24;7;21;100;0,21;0,26;0;0,04;70,53;70,53;0,66;0,51
2;BankAccountv2;transition;307;14;24;9;24;100;0,17;0,43;0;0,06;70,53;70,53;0,84;0,67
2;BankAccountv2;pair;307;14;24;81;242;100;0,15;0,19;1,46;0,36;71,53;72,53;2,69;2,16
2;BankAccountv2;state;308;19;28;8;29;100;0,21;0,29;0;0,05;72,53;72,53;0,69;0,54
2;BankAccountv2;transition;308;19;28;9;28;100;0,18;0,48;0;0,07;72,53;72,53;0,89;0,72
2;BankAccountv2;pair;308;19;28;80;305;100;0,18;0,2;2,03;0,45;73,53;74,53;3,79;2,86
2;BankAccountv2;state;309;14;21;7;23;100;0,26;0,3;0;0,05;74,53;74,53;0,78;0,61
2;BankAccountv2;transition;309;14;21;7;21;100;0,19;0,41;0;0,05;74,53;74,53;0,82;0,65
2;BankAccountv2;pair;309;14;21;45;141;100;0,19;0,14;0,9;0,21;75,53;75,53;1,96;1,44
2;BankAccountv2;state;310;18;27;7;25;100;0,23;0,31;0;0,06;75,53;75,53;0,76;0,6
2;BankAccountv2;transition;310;18;27;9;27;100;0,24;0,55;0;0,07;76,53;76,53;1,05;0,86
2;BankAccountv2;pair;310;18;27;76;269;100;0,22;0,22;1,96;0,41;77,53;77,53;3,6;2,82
2;BankAccountv2;state;311;16;23;6;22;100;0,23;0,29;0;0,05;77,53;77,53;0,73;0,57
2;BankAccountv2;transition;311;16;23;7;23;100;0,21;0,45;0;0,06;78,53;78,53;0,93;0,73
2;BankAccountv2;pair;311;16;23;43;168;100;0,19;0,15;1;0,23;78,53;79,53;2,11;1,57
2;BankAccountv2;state;312;11;17;4;14;100;0,23;0,26;0;0,03;79,53;79,53;0,73;0,53
2;BankAccountv2;transition;312;11;17;6;17;100;0,2;0,43;0;0,04;79,53;79,53;0,83;0,67
2;BankAccountv2;pair;312;11;17;31;100;100;0,2;0,1;0,63;0,14;80,53;80,53;1,64;1,07
2;BankAccountv2;state;313;18;28;7;25;100;0,3;0,46;0;0,06;80,53;80,53;1,05;0,82
2;BankAccountv2;transition;313;18;28;10;28;100;0,38;0,6;0;0,08;81,53;81,53;1,28;1,06
2;BankAccountv2;pair;313;18;28;86;301;100;0,28;0,3;2,3;0,45;82,53;82,53;4,13;3,33
2;BankAccountv2;state;314;18;26;7;25;100;0,36;0,38;0;0,06;83,53;83,53;0,96;0,79
2;BankAccountv2;transition;314;18;26;9;26;100;0,27;0,57;0;0,07;83,53;83,53;1,14;0,91
2;BankAccountv2;pair;314;18;26;80;302;100;0,27;0,21;2,27;0,47;84,53;85,53;3,95;3,21
2;BankAccountv2;state;315;19;31;8;27;100;0,26;0,33;0;0,07;85,53;85,53;0,84;0,66
2;BankAccountv2;transition;315;19;31;11;31;100;0,22;0,66;0;0,12;85,53;85,53;1,2;1
2;BankAccountv2;pair;315;19;31;114;387;100;0,23;0,24;2,86;0,6;87,53;87,53;4,73;3,93
2;BankAccountv2;state;316;14;21;6;20;100;0,23;0,26;0;0,05;88,53;88,53;0,71;0,54
2;BankAccountv2;transition;316;14;21;8;21;100;0,21;0,64;0;0,04;88,53;88,53;1,04;0,89
2;BankAccountv2;pair;316;14;21;55;172;100;0,2;0,11;0,93;0,26;89,53;89,53;1,99;1,5
2;BankAccountv2;state;317;20;30;8;28;100;0,26;0,35;0;0,05;89,53;89,53;0,8;0,65
2;BankAccountv2;transition;317;20;30;11;30;100;0,28;0,59;0;0,08;90,53;90,53;1,15;0,95
2;BankAccountv2;pair;317;20;30;122;438;100;0,24;0,19;3,38;0,6;92,53;92,53;5,23;4,41
2;BankAccountv2;state;318;15;23;8;25;100;0,19;0,26;0;0,05;92,53;92,53;0,65;0,5
2;BankAccountv2;transition;318;15;23;8;23;100;0,22;0,37;0;0,05;93,53;93,53;0,83;0,64
2;BankAccountv2;pair;318;15;23;67;197;100;0,15;0,14;1,02;0,27;94,53;94,53;2,07;1,59
2;BankAccountv2;state;319;12;18;5;16;100;0,21;0,25;0;0,04;94,53;94,53;0,73;0,5
2;BankAccountv2;transition;319;12;18;7;18;100;0,19;0,48;0;0,05;94,53;94,53;0,87;0,72
2;BankAccountv2;pair;319;12;18;50;154;100;0,24;0,1;0,89;0,18;95,53;95,53;1,83;1,4
2;BankAccountv2;state;320;12;17;5;17;100;0,23;0,32;0;0,03;96,53;96,53;0,71;0,57
2;BankAccountv2;transition;320;12;17;6;17;100;0,25;0,44;0;0,03;96,53;96,53;0,92;0,72
2;BankAccountv2;pair;320;12;17;24;82;100;0,17;0,08;0,43;0,11;96,53;97,53;1,27;0,79
2;BankAccountv2;state;321;14;19;4;17;100;0,21;0,26;0;0,03;97,53;97,53;0,81;0,51
2;BankAccountv2;transition;321;14;19;6;19;100;0,17;0,54;0;0,04;97,53;97,53;0,91;0,76
2;BankAccountv2;pair;321;14;19;27;118;100;0,17;0,11;0,59;0,11;98,53;98,53;1,39;0,98
2;BankAccountv2;state;322;16;26;8;26;100;0,18;0,24;0;0,05;98,53;98,53;0,61;0,47
2;BankAccountv2;transition;322;16;26;10;26;100;0,19;0,44;0;0,09;99,53;99,53;0,85;0,71
2;BankAccountv2;pair;322;16;26;91;280;100;0,15;0,22;1,82;0,7;100,53;100,53;3,58;2,89
2;BankAccountv2;state;323;15;23;7;22;100;0,27;0,32;0;0,05;100,53;100,53;0,79;0,64
2;BankAccountv2;transition;323;15;23;9;23;100;0,23;0,45;0;0,05;101,53;101,53;0,88;0,72
2;BankAccountv2;pair;323;15;23;73;212;100;0,22;0,14;1,29;0,27;102,53;102,53;2,46;1,93
2;BankAccountv2;state;324;16;26;8;24;100;0,28;0,37;0;0,07;102,53;102,53;0,85;0,71
2;BankAccountv2;transition;324;16;26;10;26;100;0,25;0,51;0;0,09;103,53;103,53;1,01;0,85
2;BankAccountv2;pair;324;16;26;107;316;100;0,21;0,23;2,01;0,52;104,53;104,53;3,57;2,97
2;BankAccountv2;state;325;16;25;8;24;100;0,29;0,36;0;0,05;105,53;105,53;0,9;0,71
2;BankAccountv2;transition;325;16;25;10;25;100;0,23;0,46;0;0,07;105,53;105,53;0,92;0,76
2;BankAccountv2;pair;325;16;25;107;310;100;0,2;0,16;1,95;0,43;106,53;107,53;3,52;2,74
2;BankAccountv2;state;326;21;33;9;30;100;0,24;0,22;0;0,04;107,53;107,53;0,59;0,5
2;BankAccountv2;transition;326;21;33;12;33;100;0,16;0,78;0;0,12;108,53;108,53;1,26;1,06
2;BankAccountv2;pair;326;21;33;157;542;100;0,29;0,25;5,62;0,78;110,53;111,53;7,84;6,94
2;BankAccountv2;state;327;20;31;9;30;100;0,31;0,37;0;0,06;111,53;111,53;0,91;0,74
2;BankAccountv2;transition;327;20;31;11;31;100;0,27;0,87;0;0,07;111,53;111,53;1,39;1,2
2;BankAccountv2;pair;327;20;31;120;423;100;0,3;0,2;3,11;0,74;113,53;114,53;5,27;4,35
2;BankAccountv2;state;328;17;28;8;27;100;0,24;0,28;0;0,06;114,53;114,53;0,82;0,58
2;BankAccountv2;transition;328;17;28;11;28;100;0,23;0,47;0;0,07;114,53;114,53;0,99;0,77
2;BankAccountv2;pair;328;17;28;99;304;100;0,23;0,27;2,17;0,47;115,53;116,53;3,77;3,14
2;BankAccountv2;state;329;13;20;6;18;100;0,26;0,3;0;0,04;116,53;116,53;0,77;0,6
2;BankAccountv2;transition;329;13;20;8;20;100;0,2;0,41;0;0,07;116,53;117,53;0,86;0,68
2;BankAccountv2;pair;329;13;20;69;197;100;0,2;0,12;1,12;0,3;117,53;118,53;2,25;1,75
2;BankAccountv2;state;330;12;18;5;16;100;0,2;0,41;0;0,03;118,53;118,53;0,76;0,63
2;BankAccountv2;transition;330;12;18;7;18;100;0,17;0,34;0;0,05;118,53;118,53;0,69;0,55
2;BankAccountv2;pair;330;12;18;47;142;100;0,2;0,11;0,98;0,18;119,53;119,53;1,95;1,47
2;BankAccountv2;state;331;18;28;7;24;100;0,29;0,31;0;0,05;119,53;119,53;0,8;0,65
2;BankAccountv2;transition;331;18;28;10;28;100;0,25;0,5;0;0,06;120,53;120,53;0,98;0,81
2;BankAccountv2;pair;331;18;28;102;347;100;0,28;0,34;2,13;0,46;121,53;122,53;4,04;3,22
2;BankAccountv2;state;332;18;29;7;25;100;0,22;0,28;0;0,04;122,53;122,53;0,68;0,54
2;BankAccountv2;transition;332;18;29;10;29;100;0,18;0,57;0;0,1;122,53;122,53;1,03;0,85
2;BankAccountv2;pair;332;18;29;89;325;100;0,22;0,17;2,16;0,44;124,53;124,53;3,64;2,99
2;BankAccountv2;state;333;11;16;5;16;100;0,16;0,18;0;0,02;124,53;124,53;0,47;0,36
2;BankAccountv2;transition;333;11;16;5;16;100;0,13;0,36;0;0,05;124,53;125,53;0,69;0,54
2;BankAccountv2;pair;333;11;16;25;82;100;0,14;0,09;0,43;0,12;125,53;125,53;1,14;0,77
2;BankAccountv2;state;334;16;23;5;20;100;0,2;0,26;0;0,04;125,53;125,53;0,63;0,5
2;BankAccountv2;transition;334;16;23;8;23;100;0,21;0,64;0;0,1;126,53;126,53;1,12;0,96
2;BankAccountv2;pair;334;16;23;55;215;100;0,24;0,14;1,35;0,29;127,53;127,53;2,53;2,02
2;BankAccountv2;state;335;17;27;8;25;100;0,25;0,3;0;0,05;127,53;127,53;0,72;0,6
2;BankAccountv2;transition;335;17;27;11;27;100;0,2;0,58;0;0,07;128,53;128,53;1,04;0,86
2;BankAccountv2;pair;335;17;27;115;331;100;0,22;0,24;2,8;0,55;129,53;130,53;4,57;3,82
2;BankAccountv2;state;336;16;23;6;22;100;0,2;0,22;0;0,04;130,53;130,53;0,6;0,46
2;BankAccountv2;transition;336;16;23;7;23;100;0,16;0,36;0;0,04;130,53;130,53;0,7;0,57
2;BankAccountv2;pair;336;16;23;43;168;100;0,16;0,12;0,94;0,22;131,53;131,53;1,92;1,44
2;BankAccountv2;state;337;16;25;8;26;100;0,22;0,27;0;0,06;131,53;131,53;0,71;0,55
2;BankAccountv2;transition;337;16;25;9;25;100;0,18;0,37;0;0,05;132,53;132,53;0,76;0,61
2;BankAccountv2;pair;337;16;25;79;236;100;0,17;0,17;1,37;0,34;133,53;133,53;2,56;2,04
2;BankAccountv2;state;338;18;28;7;25;100;0,19;0,33;0;0,08;133,53;133,53;0,72;0,59
2;BankAccountv2;transition;338;18;28;10;28;100;0,19;0,46;0;0,06;134,53;134,53;0,86;0,71
2;BankAccountv2;pair;338;18;28;89;319;100;0,17;0,19;1,99;0,5;135,53;135,53;3,46;2,85
2;BankAccountv2;state;339;15;21;5;19;100;0,22;0,25;0;0,06;135,53;136,53;0,71;0,53
2;BankAccountv2;transition;339;15;21;7;21;100;0,2;0,41;0;0,05;136,53;136,53;0,84;0,67
2;BankAccountv2;pair;339;15;21;46;177;100;0,24;0,12;1,12;0,21;137,53;137,53;2,23;1,69
2;BankAccountv2;state;340;19;28;8;29;100;0,23;0,3;0;0,06;137,53;137,53;0,75;0,6
2;BankAccountv2;transition;340;19;28;9;28;100;0,2;0,49;0;0,07;138,53;138,53;0,94;0,75
2;BankAccountv2;pair;340;19;28;80;305;100;0,18;0,27;1,87;0,41;139,53;139,53;3,39;2,73
2;BankAccountv2;state;341;17;26;6;23;100;0,23;0,25;0;0,04;139,53;139,53;0,66;0,53
2;BankAccountv2;transition;341;17;26;9;26;100;0,17;0,45;0;0,06;140,53;140,53;0,92;0,68
2;BankAccountv2;pair;341;17;26;63;245;100;0,16;0,17;1,39;0,29;141,53;141,53;2,58;2
2;BankAccountv2;state;342;16;25;8;26;100;0,28;0,32;0;0,06;141,53;141,53;0,82;0,66
2;BankAccountv2;transition;342;16;25;9;25;100;0,11;0,26;0;0,03;142,53;142,53;0,49;0,4
2;BankAccountv2;pair;342;16;25;78;232;100;0,15;0,15;1,26;0,38;143,53;143,53;2,54;1,94
2;BankAccountv2;state;343;17;25;7;24;100;0,22;0,28;0;0,04;143,53;143,53;0,68;0,54
2;BankAccountv2;transition;343;17;25;8;25;100;0,18;0,4;0;0,05;143,53;144,53;0,8;0,63
2;BankAccountv2;pair;343;17;25;67;239;100;0,16;0,14;1,33;0,31;144,53;145,53;2,47;1,94
2;BankAccountv2;state;344;17;25;6;22;100;0,28;0,37;0;0,04;145,53;145,53;0,83;0,69
2;BankAccountv2;transition;344;17;25;9;25;100;0,22;0,43;0;0,07;145,53;146,53;0,91;0,72
2;BankAccountv2;pair;344;17;25;76;266;100;0,24;0,21;1,75;0,37;147,53;147,53;3,3;2,56
2;BankAccountv2;state;345;19;28;8;27;100;0,27;0,46;0;0,06;147,53;147,53;0,96;0,79
2;BankAccountv2;transition;345;19;28;10;28;100;0,24;0,59;0;0,07;148,53;148,53;1,08;0,9
2;BankAccountv2;pair;345;19;28;105;370;100;0,27;0,25;2,61;0,54;149,53;150,53;4,44;3,68
2;BankAccountv2;state;346;14;22;6;20;100;0,23;0,22;0;0,03;150,53;150,53;0,61;0,49
2;BankAccountv2;transition;346;14;22;8;22;100;0,29;0,48;0;0,06;150,53;150,53;1,01;0,84
2;BankAccountv2;pair;346;14;22;52;163;100;0,23;0,13;0,99;0,21;151,53;151,53;2,09;1,56
2;BankAccountv2;state;347;13;20;6;19;100;0,17;0,21;0;0,04;152,53;152,53;0,57;0,42
2;BankAccountv2;transition;347;13;20;7;20;100;0,15;0,32;0;0,12;152,53;152,53;0,74;0,58
2;BankAccountv2;pair;347;13;20;43;131;100;0,19;0,11;0,76;0,17;152,53;153,53;1,67;1,23
2;BankAccountv2;state;348;19;30;8;27;100;0,18;0,24;0;0,06;153,53;153,53;0,64;0,49
2;BankAccountv2;transition;348;19;30;11;30;100;0,23;0,51;0;0,08;153,53;153,53;1,06;0,82
2;BankAccountv2;pair;348;19;30;114;381;100;0,22;0,29;2,41;0,58;155,53;155,53;4,22;3,5
2;BankAccountv2;state;349;17;25;6;22;100;0,61;0,35;0;0,05;156,53;156,53;1,19;1,01
2;BankAccountv2;transition;349;17;25;9;25;100;0,24;0,53;0;0,08;156,53;156,53;1,05;0,84
2;BankAccountv2;pair;349;17;25;79;284;100;0,38;0,16;1,68;0,37;157,53;157,53;3,14;2,59
2;BankAccountv2;state;350;19;30;8;27;100;0,21;0,23;0;0,1;158,53;158,53;0,67;0,54
2;BankAccountv2;transition;350;19;30;11;30;100;0,18;0,47;0;0,07;158,53;158,53;0,89;0,73
2;BankAccountv2;pair;350;19;30;114;381;100;0,18;0,21;2,51;0,57;159,53;160,53;4,26;3,47
2;BankAccountv2;state;351;17;26;6;23;100;0,3;0,28;0;0,04;160,53;160,53;0,79;0,62
2;BankAccountv2;transition;351;17;26;9;26;100;0,4;0,48;0;0,07;161,53;161,53;1,2;0,94
2;BankAccountv2;pair;351;17;26;61;232;100;0,22;0,16;1,33;0,31;162,53;162,53;2,61;2,02
2;BankAccountv2;state;352;15;24;7;23;100;0,21;0,24;0;0,04;162,53;162,53;0,65;0,49
2;BankAccountv2;transition;352;15;24;9;24;100;0,21;0,37;0;0,04;163,53;163,53;0,76;0,63
2;BankAccountv2;pair;352;15;24;57;178;100;0,23;0,19;1,12;0,23;164,53;164,53;2,49;1,77
2;BankAccountv2;state;353;18;27;7;26;100;0,24;0,3;0;0,04;164,53;164,53;0,73;0,59
2;BankAccountv2;transition;353;18;27;9;27;100;0,24;0,45;0;0,05;165,53;165,53;0,91;0,74
2;BankAccountv2;pair;353;18;27;64;261;100;0,2;0,15;1,94;0,33;166,53;166,53;3,25;2,62
2;BankAccountv2;state;354;13;21;5;17;100;0,22;0,25;0;0,03;166,53;166,53;0,65;0,5
2;BankAccountv2;transition;354;13;21;8;21;100;0,23;0,38;0;0,04;167,53;167,53;0,82;0,65
2;BankAccountv2;pair;354;13;21;52;157;100;0,18;0,13;1,06;0,19;167,53;168,53;2,05;1,56
2;BankAccountv2;state;355;10;14;4;14;100;0,19;0,2;0;0,03;168,53;168,53;0,56;0,41
2;BankAccountv2;transition;355;10;14;4;14;100;0,14;0,16;0;0,02;168,53;168,53;0,43;0,32
2;BankAccountv2;pair;355;10;14;11;41;100;0,07;0,05;0,15;0,03;169,53;169,53;0,52;0,3
2;BankAccountv2;state;356;16;26;8;25;100;0,23;0,27;0;0,05;169,53;169,53;0,72;0,55
2;BankAccountv2;transition;356;16;26;10;26;100;0,2;0,39;0;0,05;169,53;169,53;0,78;0,64
2;BankAccountv2;pair;356;16;26;83;244;100;0,22;0,19;1,55;0,37;170,53;171,53;2,86;2,33
2;BankAccountv2;state;357;14;21;6;20;100;0,24;0,25;0;0,03;171,53;171,53;0,66;0,52
2;BankAccountv2;transition;357;14;21;8;21;100;0,18;0,41;0;0,04;171,53;171,53;0,78;0,63
2;BankAccountv2;pair;357;14;21;49;151;100;0,21;0,14;0,74;0,17;172,53;172,53;1,97;1,26
2;BankAccountv2;state;358;21;33;9;31;100;0,28;0,31;0;0,06;173,53;173,53;0,82;0,64
2;BankAccountv2;transition;358;21;33;12;33;100;0,31;0,55;0;0,07;173,53;173,53;1,14;0,93
2;BankAccountv2;pair;358;21;33;126;439;100;0,26;0,21;3,21;0,58;175,53;175,53;5,08;4,26
2;BankAccountv2;state;359;17;28;9;28;100;0,23;0,22;0;0,05;176,53;176,53;0,63;0,5
2;BankAccountv2;transition;359;17;28;11;28;100;0,2;0,41;0;0,12;176,53;176,53;0,93;0,73
2;BankAccountv2;pair;359;17;28;119;347;100;0,22;0,18;1,96;0,46;177,53;178,53;3,4;2,83
2;BankAccountv2;state;360;16;25;7;23;100;0,24;0,32;0;0,04;178,53;178,53;0,74;0,6
2;BankAccountv2;transition;360;16;25;10;25;100;0,22;0,4;0;0,05;179,53;179,53;0,81;0,67
2;BankAccountv2;pair;360;16;25;89;272;100;0,19;0,16;1,47;0,26;180,53;180,53;2,58;2,08
2;BankAccountv2;state;361;9;12;3;11;100;0,11;0,1;0;0,01;180,53;180,53;0,3;0,23
2;BankAccountv2;transition;361;9;12;4;12;100;0,1;0,16;0;0,01;181,53;181,53;0,34;0,27
2;BankAccountv2;pair;361;9;12;11;39;100;0,08;0,06;0,2;0,04;181,53;181,53;0,61;0,38
2;BankAccountv2;state;362;14;21;7;23;100;0,16;0,19;0;0,06;181,53;181,53;0,53;0,41
2;BankAccountv2;transition;362;14;21;7;21;100;0,15;15,06;0;0,05;182,59;5,59;15,53;15,26
2;BankAccountv2;pair;362;14;21;48;153;100;0,17;0,11;0,88;0,2;5,59;6,59;1,86;1,37
2;BankAccountv2;state;363;18;27;7;25;100;0,21;0,21;0;0,04;6,59;6,59;0,63;0,46
2;BankAccountv2;transition;363;18;27;9;27;100;0,16;0,37;0;0,05;6,59;6,59;0,7;0,57
2;BankAccountv2;pair;363;18;27;76;269;100;0,2;0,24;1,56;0,26;7,59;8,59;2,74;2,26
2;BankAccountv2;state;364;18;26;7;25;100;0,23;0,26;0;0,06;8,59;8,59;0,7;0,55
2;BankAccountv2;transition;364;18;26;9;26;100;0,29;0,67;0;0,09;8,59;8,59;1,27;1,04
2;BankAccountv2;pair;364;18;26;80;302;100;0,27;0,19;1,91;0,37;10,59;10,59;3,43;2,74
2;BankAccountv2;state;365;13;19;6;19;100;0,22;0,24;0;0,03;10,59;10,59;0,66;0,48
2;BankAccountv2;transition;365;13;19;7;19;100;0,17;0,38;0;0,04;11,59;11,59;0,75;0,59
2;BankAccountv2;pair;365;13;19;43;138;100;0,25;0,12;0,79;0,15;11,59;11,59;1,73;1,3
2;BankAccountv2;state;366;11;17;4;14;100;0,23;0,18;0;0,02;12,59;12,59;0,53;0,43
2;BankAccountv2;transition;366;11;17;6;17;100;0,19;0,36;0;0,03;12,59;12,59;0,7;0,57
2;BankAccountv2;pair;366;11;17;31;100;100;0,18;0,14;0,48;0,12;13,59;13,59;1,26;0,92
2;BankAccountv2;state;367;17;25;6;22;100;0,24;0,24;0;0,03;13,59;13,59;0,63;0,51
2;BankAccountv2;transition;367;17;25;9;25;100;0,26;0,45;0;0,05;13,59;14,59;0,93;0,76
2;BankAccountv2;pair;367;17;25;76;266;100;0,2;0,14;1,58;0,38;15,59;15,59;2,88;2,3
2;BankAccountv2;state;368;19;28;7;26;100;0,24;0,31;0;0,05;15,59;15,59;0,73;0,6
2;BankAccountv2;transition;368;19;28;10;28;100;0,21;0,54;0;0,06;16,59;16,59;0,95;0,81
2;BankAccountv2;pair;368;19;28;91;348;100;0,23;0,19;2,58;0,43;17,59;17,59;4,1;3,43
2;BankAccountv2;state;369;14;21;7;23;100;0,19;0,4;0;0,04;18,59;18,59;0,78;0,63
2;BankAccountv2;transition;369;14;21;7;21;100;0,15;0,34;0;0,04;18,59;18,59;0,66;0,53
2;BankAccountv2;pair;369;14;21;45;141;100;0,15;0,12;0,78;0,24;19,59;19,59;1,77;1,29
2;BankAccountv2;state;370;15;23;8;25;100;0,21;0,26;0;0,04;19,59;19,59;0,64;0,51
2;BankAccountv2;transition;370;15;23;8;23;100;0,15;0,44;0;0,07;19,59;20,59;0,83;0,66
2;BankAccountv2;pair;370;15;23;70;209;100;0,21;0,26;1,22;0,39;20,59;21,59;2,82;2,09
2;BankAccountv2;state;371;15;21;5;20;100;0,18;0,19;0;0,03;21,59;21,59;0,54;0,4
2;BankAccountv2;transition;371;15;21;6;21;100;0,16;0,33;0;0,04;21,59;21,59;0,68;0,53
2;BankAccountv2;pair;371;15;21;28;125;100;0,15;0,1;0,64;0,2;22,59;22,59;1,48;1,08
2;BankAccountv2;state;372;13;19;6;19;100;0,21;0,24;0;0,03;22,59;22,59;0,6;0,47
2;BankAccountv2;transition;372;13;19;7;19;100;0,2;0,43;0;0,04;23,59;23,59;0,8;0,67
2;BankAccountv2;pair;372;13;19;49;152;100;0,16;0,13;0,78;0,22;23,59;24,59;1,71;1,3
2;BankAccountv2;state;373;18;30;9;29;100;0,17;0,26;0;0,05;24,59;24,59;0,61;0,48
2;BankAccountv2;transition;373;18;30;12;30;100;0,19;0,43;0;0,06;24,59;24,59;0,82;0,67
2;BankAccountv2;pair;373;18;30;132;388;100;0,23;0,22;2,79;0,61;26,59;26,59;4,57;3,85
2;BankAccountv2;state;374;18;28;7;25;100;0,25;0,22;0;0,06;26,59;27,59;0,67;0,53
2;BankAccountv2;transition;374;18;28;10;28;100;0,29;0,43;0;0,06;27,59;27,59;0,96;0,78
2;BankAccountv2;pair;374;18;28;89;319;100;0,17;0,17;1,98;0,46;28,59;28,59;3,41;2,78
2;BankAccountv2;state;375;17;26;6;23;100;0,25;0,25;0;0,04;29,59;29,59;0,65;0,53
2;BankAccountv2;transition;375;17;26;9;26;100;0,22;0,42;0;0,07;29,59;29,59;0,87;0,7
2;BankAccountv2;pair;375;17;26;58;220;100;0,27;0,15;1,19;0,34;30,59;30,59;2,62;1,96
2;BankAccountv2;state;376;18;30;9;29;100;0,19;0,28;0;0,1;31,59;31,59;0,75;0,57
2;BankAccountv2;transition;376;18;30;12;30;100;0,2;0,54;0;0,07;31,59;31,59;0,99;0,81
2;BankAccountv2;pair;376;18;30;127;368;100;0,18;0,25;2,81;0,57;33,59;33,59;4,44;3,81
2;BankAccountv2;state;377;11;17;4;14;100;0,19;0,24;0;0,02;33,59;33,59;0,57;0,45
2;BankAccountv2;transition;377;11;17;6;17;100;0,16;0,33;0;0,04;34,59;34,59;0,66;0,53
2;BankAccountv2;pair;377;11;17;29;93;100;0,2;0,11;0,48;0,1;34,59;34,59;1,28;0,9
2;BankAccountv2;state;378;9;12;3;11;100;0,18;0,18;0;0,01;35,59;35,59;0,48;0,37
2;BankAccountv2;transition;378;9;12;4;12;100;0,16;0,25;0;0,03;35,59;35,59;0,58;0,44
2;BankAccountv2;pair;378;9;12;11;39;100;0,15;0,08;0,18;0,05;35,59;35,59;0,73;0,45
2;BankAccountv2;state;379;20;30;8;28;100;0,22;0,28;0;0,04;36,59;36,59;0,65;0,55
2;BankAccountv2;transition;379;20;30;11;30;100;0,22;0,56;0;0,08;36,59;36,59;1,06;0,86
2;BankAccountv2;pair;379;20;30;118;412;100;0,25;0,22;2,78;0,6;38,59;38,59;4,65;3,86
2;BankAccountv2;state;380;14;21;7;23;100;0,18;0,19;0;0,03;38,59;38,59;0,5;0,4
2;BankAccountv2;transition;380;14;21;7;21;100;0,14;0,31;0;0,04;39,59;39,59;0,64;0,49
2;BankAccountv2;pair;380;14;21;48;153;100;0,14;0,11;0,8;0,22;39,59;40,59;1,74;1,27
2;BankAccountv2;state;381;13;19;6;21;100;0,15;0,22;0;0,05;40,59;40,59;0,57;0,41
2;BankAccountv2;transition;381;13;19;6;19;100;0,16;0,33;0;0,05;40,59;40,59;0,68;0,53
2;BankAccountv2;pair;381;13;19;25;88;100;0,17;0,1;0,42;0,12;41,59;41,59;1,23;0,81
2;BankAccountv2;state;382;16;26;8;26;100;0,2;0,26;0;0,04;41,59;41,59;0,65;0,5
2;BankAccountv2;transition;382;16;26;10;26;100;0,17;0,35;0;0,12;41,59;42,59;0,79;0,64
2;BankAccountv2;pair;382;16;26;91;280;100;0,19;0,15;1,79;0,34;43,59;43,59;3,04;2,48
2;BankAccountv2;state;383;15;23;7;22;100;0,21;0,26;0;0,05;43,59;43,59;0,67;0,52
2;BankAccountv2;transition;383;15;23;9;23;100;0,18;0,44;0;0,05;44,59;44,59;0,83;0,67
2;BankAccountv2;pair;383;15;23;81;248;100;0,19;0,18;1,37;0,51;45,59;45,59;2,95;2,26
2;BankAccountv2;state;384;22;34;9;31;100;0,26;0,34;0;0,05;45,59;45,59;0,79;0,65
2;BankAccountv2;transition;384;22;34;13;34;100;0,28;0,56;0;0,09;46,59;46,59;1,13;0,93
2;BankAccountv2;pair;384;22;34;168;568;100;0,25;0,29;4,21;0,77;48,59;49,59;6,38;5,52
2;BankAccountv2;state;385;15;21;5;19;100;0,21;0,3;0;0,03;49,59;49,59;0,66;0,53
2;BankAccountv2;transition;385;15;21;7;21;100;0,25;0,29;0;0,04;49,59;50,59;0,7;0,58
2;BankAccountv2;pair;385;15;21;46;177;100;0,12;0,08;0,73;0,14;50,59;51,59;1,36;1,07
2;BankAccountv2;state;386;19;29;8;28;100;0,16;0,18;0;0,03;51,59;51,59;0,44;0,37
2;BankAccountv2;transition;386;19;29;10;29;100;0,14;0,33;0;0,04;51,59;51,59;0,6;0,51
2;BankAccountv2;pair;386;19;29;90;338;100;0,15;0,13;2,07;0,28;53,59;53,59;3,27;2,63
2;BankAccountv2;state;387;14;19;4;17;100;0,14;0,24;0;0,03;53,59;53,59;0,54;0,41
2;BankAccountv2;transition;387;14;19;6;19;100;0,32;0,39;0;0,05;54,59;54,59;0,97;0,77
2;BankAccountv2;pair;387;14;19;29;125;100;0,19;0,09;0,64;0,16;54,59;55,59;1,54;1,09
2;BankAccountv2;state;388;16;23;6;22;100;0,18;0,22;0;0,04;55,59;55,59;0,55;0,43
2;BankAccountv2;transition;388;16;23;7;23;100;0,15;0,47;0;0,05;55,59;55,59;0,83;0,66
2;BankAccountv2;pair;388;16;23;46;180;100;0,27;0,11;0,88;0,19;56,59;56,59;1,84;1,45
2;BankAccountv2;state;389;15;25;7;22;100;0,18;0,22;0;0,05;56,59;56,59;0,6;0,46
2;BankAccountv2;transition;389;15;25;10;25;100;0,18;0,4;0;0,07;57,59;57,59;0,81;0,65
2;BankAccountv2;pair;389;15;25;91;267;100;0,22;0,16;1,77;0,45;58,59;58,59;3,14;2,6
2;BankAccountv2;state;390;19;30;7;26;100;0,19;0,22;0;0,08;58,59;58,59;0,64;0,49
2;BankAccountv2;transition;390;19;30;11;30;100;0,21;0,46;0;0,05;59,59;59,59;0,84;0,72
2;BankAccountv2;pair;390;19;30;97;346;100;0,11;0,17;2,04;0,48;60,59;61,59;3,4;2,79
2;BankAccountv2;state;391;20;31;8;29;100;0,3;0,31;0;0,06;61,59;61,59;0,8;0,66
2;BankAccountv2;transition;391;20;31;11;31;100;0,27;0,55;0;0,06;61,59;61,59;1,04;0,88
2;BankAccountv2;pair;391;20;31;99;369;100;0,32;0,19;2,73;0,5;63,59;63,59;4,54;3,75
2;BankAccountv2;state;392;14;19;4;17;100;0,23;0,25;0;0,04;64,59;64,59;0,67;0,52
2;BankAccountv2;transition;392;14;19;6;19;100;0,19;0,41;0;0,05;64,59;64,59;0,8;0,65
2;BankAccountv2;pair;392;14;19;27;118;100;0,17;0,1;0,63;0,18;65,59;65,59;1,52;1,07
2;BankAccountv2;state;393;11;17;4;14;100;0,21;0,2;0;0,02;65,59;65,59;0,57;0,44
2;BankAccountv2;transition;393;11;17;6;17;100;0,17;0,29;0;0,03;65,59;65,59;0,63;0,49
2;BankAccountv2;pair;393;11;17;29;93;100;0,16;0,08;0,46;0,15;66,59;66,59;1,27;0,86
2;BankAccountv2;state;394;23;37;10;35;100;0,22;0,31;0;0,07;66,59;66,59;0,74;0,6
2;BankAccountv2;transition;394;23;37;14;37;100;0,24;0,54;0;0,11;67,59;67,59;1,07;0,89
2;BankAccountv2;pair;394;23;37;177;596;100;0,21;0,31;4,75;1,13;69,59;70,59;7,51;6,4
2;BankAccountv2;state;395;17;25;6;22;100;0,27;0,41;0;0,04;70,59;70,59;0,86;0,72
2;BankAccountv2;transition;395;17;25;9;25;100;0,27;0,49;0;0,06;70,59;71,59;1,01;0,81
2;BankAccountv2;pair;395;17;25;79;284;100;0,2;0,16;1,99;0,46;72,59;72,59;3,54;2,81
2;BankAccountv2;state;396;20;32;8;28;100;0,28;0,35;0;0,06;72,59;72,59;0,86;0,69
2;BankAccountv2;transition;396;20;32;12;32;100;0,22;0,55;0;0,1;73,59;73,59;1,07;0,87
2;BankAccountv2;pair;396;20;32;124;413;100;0,21;0,27;4,01;0,77;74,59;75,59;6,13;5,27
2;BankAccountv2;state;397;17;25;7;24;100;0,19;0,21;0;0,04;75,59;75,59;0,59;0,45
2;BankAccountv2;transition;397;17;25;8;25;100;0,15;0,37;0;0,06;75,59;75,59;0,72;0,57
2;BankAccountv2;pair;397;17;25;67;239;100;0,16;0,15;1,39;0,31;76,59;77,59;2,53;2,01
2;BankAccountv2;state;398;17;25;7;24;100;0,18;0,21;0;0,05;77,59;77,59;0,58;0,43
2;BankAccountv2;transition;398;17;25;8;25;100;0,16;0,38;0;0,05;77,59;77,59;0,75;0,59
2;BankAccountv2;pair;398;17;25;67;239;100;0,16;0,16;1,29;0,3;78,59;79,59;2,43;1,91
2;BankAccountv2;state;399;14;21;6;20;100;0,19;0,21;0;0,03;79,59;79,59;0,56;0,44
2;BankAccountv2;transition;399;14;21;8;21;100;0,21;0,55;0;0,06;79,59;79,59;1;0,82
2;BankAccountv2;pair;399;14;21;49;151;100;0,22;0,17;0,95;0,26;80,59;80,59;2,16;1,59
2;BankAccountv2;state;400;11;16;4;14;100;0,21;0,23;0;0,03;80,59;80,59;0,62;0,47
2;BankAccountv2;transition;400;11;16;6;16;100;0,17;0,37;0;0,04;81,59;81,59;0,81;0,59
2;BankAccountv2;pair;400;11;16;30;95;100;0,22;0,08;0,46;0,12;81,59;81,59;1,25;0,88
2;BankAccountv2;state;401;11;16;4;14;100;0,17;0,2;0;0,03;82,59;82,59;0,55;0,4
2;BankAccountv2;transition;401;11;16;6;16;100;0,31;0,29;0;0,03;82,59;82,59;0,77;0,63
2;BankAccountv2;pair;401;11;16;31;103;100;0,2;0,09;0,49;0,14;82,59;83,59;1,32;0,91
2;BankAccountv2;state;402;17;25;6;22;100;0,2;0,25;0;0,04;83,59;83,59;0,62;0,49
2;BankAccountv2;transition;402;17;25;9;25;100;0,19;0,41;0;0,05;83,59;83,59;0,79;0,65
2;BankAccountv2;pair;402;17;25;79;284;100;0,2;0,17;1,75;0,31;84,59;85,59;3,07;2,45
2;BankAccountv2;state;403;19;28;8;27;100;0,29;0,32;0;0,05;85,59;85,59;0,81;0,66
2;BankAccountv2;transition;403;19;28;10;28;100;0,29;0,63;0;0,08;86,59;86,59;1,19;0,99
2;BankAccountv2;pair;403;19;28;108;382;100;0,27;0,24;3,05;0,47;87,59;88,59;4,72;4,03
2;BankAccountv2;state;404;12;17;5;17;100;0,18;0,19;0;0,02;88,59;88,59;0,49;0,39
2;BankAccountv2;transition;404;12;17;6;17;100;0,22;0,29;0;0,03;88,59;88,59;0,66;0,54
2;BankAccountv2;pair;404;12;17;28;96;100;0,15;0,08;0,47;0,11;89,59;89,59;1,25;0,81
2;BankAccountv2;state;405;12;18;6;18;100;0,14;0,17;0;0,03;89,59;89,59;0,47;0,35
2;BankAccountv2;transition;405;12;18;6;18;100;0,13;0,24;0;0,03;89,59;89,59;0,55;0,4
2;BankAccountv2;pair;405;12;18;39;117;100;0,12;0,11;0,57;0,21;90,59;90,59;1,42;1,01
2;BankAccountv2;state;406;20;31;8;29;100;0,3;0,3;0;0,05;90,59;90,59;0,79;0,66
2;BankAccountv2;transition;406;20;31;11;31;100;0,26;0,48;0;0,07;91,59;91,59;0,97;0,8
2;BankAccountv2;pair;406;20;31;99;369;100;0,25;0,19;2,7;0,51;92,59;93,59;4,47;3,65
2;BankAccountv2;state;407;21;32;8;29;100;0,3;0,34;0;0,07;93,59;93,59;0,89;0,71
2;BankAccountv2;transition;407;21;32;12;32;100;0,28;0,63;0;0,08;94,59;94,59;1,21;1
2;BankAccountv2;pair;407;21;32;132;471;100;0,23;0,2;4,16;0,72;95,59;96,59;6,76;5,32
2;BankAccountv2;state;408;15;21;5;20;100;0,18;0,19;0;0,04;96,59;96,59;0,57;0,41
2;BankAccountv2;transition;408;15;21;6;21;100;0,14;0,34;0;0,04;97,59;97,59;0,65;0,52
2;BankAccountv2;pair;408;15;21;28;125;100;0,13;0,11;0,67;0,12;97,59;97,59;1,43;1,04
2;BankAccountv2;state;409;13;21;5;17;100;0,23;0,26;0;0,03;98,59;98,59;0,67;0,52
2;BankAccountv2;transition;409;13;21;8;21;100;0,21;0,39;0;0,05;98,59;98,59;0,81;0,65
2;BankAccountv2;pair;409;13;21;54;163;100;0,18;0,12;1,38;0,24;99,59;99,59;2,42;1,92
2;BankAccountv2;state;410;10;15;3;12;100;0,2;0,19;0;0,02;99,59;99,59;0,55;0,4
2;BankAccountv2;transition;410;10;15;5;15;100;0,15;0,33;0;0,03;100,59;100,59;0,66;0,51
2;BankAccountv2;pair;410;10;15;14;51;100;0,15;0,07;0,28;0,07;100,59;100,59;0,94;0,56
2;BankAccountv2;state;411;16;25;7;23;100;0,3;0,28;0;0,05;100,59;100,59;0,77;0,63
2;BankAccountv2;transition;411;16;25;10;25;100;0,22;0,41;0;0,06;101,59;101,59;0,82;0,69
2;BankAccountv2;pair;411;16;25;89;272;100;0,19;0,16;1,81;0,49;102,59;102,59;3,31;2,64
2;BankAccountv2;state;412;20;30;8;28;100;0,28;0,28;0;0,04;103,59;103,59;0,73;0,6
2;BankAccountv2;transition;412;20;30;11;30;100;0,21;0,57;0;0,07;103,59;103,59;1,01;0,85
2;BankAccountv2;pair;412;20;30;122;438;100;0,26;0,2;3,02;0,61;105,59;105,59;4,96;4,08
2;BankAccountv2;state;413;13;19;6;21;100;0,18;0,19;0;0,03;106,59;106,59;0,54;0,4
2;BankAccountv2;transition;413;13;19;6;19;100;0,15;0,27;0;0,03;106,59;106,59;0,59;0,45
2;BankAccountv2;pair;413;13;19;29;102;100;0,13;0,09;0,54;0,11;106,59;107,59;1,2;0,87
2;BankAccountv2;state;414;20;32;8;28;100;0,2;0,27;0;0,12;107,59;107,59;0,77;0,6
2;BankAccountv2;transition;414;20;32;12;32;100;0,19;0,63;0;0,08;107,59;107,59;1,1;0,89
2;BankAccountv2;pair;414;20;32;129;433;100;0,16;0,25;3,18;0,62;109,59;109,59;4,96;4,22
2;BankAccountv2;state;415;18;28;7;25;100;0,34;0,26;0;0,04;110,59;110,59;0,78;0,64
2;BankAccountv2;transition;415;18;28;10;28;100;0,23;0,44;0;0,06;110,59;110,59;0,88;0,73
2;BankAccountv2;pair;415;18;28;86;301;100;0,25;0,17;1,78;0,37;111,59;112,59;3,29;2,58
2;BankAccountv2;state;416;20;31;8;30;100;0,28;0,26;0;0,09;112,59;112,59;0,83;0,64
2;BankAccountv2;transition;416;20;31;11;31;100;0,23;0,59;0;0,07;113,59;113,59;1,13;0,89
2;BankAccountv2;pair;416;20;31;97;368;100;0,22;0,2;3,51;0,6;114,59;114,59;5,3;4,52
2;BankAccountv2;state;417;18;28;7;25;100;0,22;0,28;0;0,05;115,59;115,59;0,72;0,55
2;BankAccountv2;transition;417;18;28;10;28;100;0,16;0,44;0;0,08;115,59;115,59;0,87;0,67
2;BankAccountv2;pair;417;18;28;89;319;100;0,19;0,2;1,96;0,49;116,59;117,59;3,4;2,84
2;BankAccountv2;state;418;14;22;6;20;100;0,23;0,27;0;0,03;117,59;117,59;0,74;0,53
2;BankAccountv2;transition;418;14;22;8;22;100;0,24;0,38;0;0,05;117,59;117,59;0,86;0,67
2;BankAccountv2;pair;418;14;22;52;163;100;0,19;0,12;0,86;0,21;118,59;118,59;1,9;1,37
2;BankAccountv2;state;419;20;32;8;28;100;0,28;0,27;0;0,05;119,59;119,59;0,75;0,6
2;BankAccountv2;transition;419;20;32;12;32;100;0,18;0,48;0;0,09;119,59;119,59;0,91;0,75
2;BankAccountv2;pair;419;20;32;124;413;100;0,18;0,23;2,97;0,59;121,59;121,59;4,74;3,96
2;BankAccountv2;state;420;19;29;7;25;100;0,31;0,34;0;0,06;121,59;121,59;0,87;0,71
2;BankAccountv2;transition;420;19;29;11;29;100;0,23;0,49;0;0,08;122,59;122,59;0,98;0,8
2;BankAccountv2;pair;420;19;29;112;373;100;0,25;0,21;2,44;0,52;123,59;124,59;4,2;3,43
2;BankAccountv2;state;421;16;23;6;21;100;0,22;0,25;0;0,04;124,59;124,59;0,67;0,52
2;BankAccountv2;transition;421;16;23;8;23;100;0,27;0,51;0;0,06;125,59;125,59;1,02;0,85
2;BankAccountv2;pair;421;16;23;67;236;100;0,18;0,13;1,26;0,27;125,59;126,59;2,34;1,84
2;BankAccountv2;state;422;15;23;7;22;100;0,25;0,29;0;0,05;126,59;126,59;0,77;0,58
2;BankAccountv2;transition;422;15;23;9;23;100;0,18;0,39;0;0,05;127,59;127,59;0,82;0,62
2;BankAccountv2;pair;422;15;23;81;248;100;0,18;0,15;1,48;0,49;128,59;128,59;2,9;2,3
2;BankAccountv2;state;423;13;21;6;19;100;0,17;0,2;0;0,04;128,59;128,59;0,55;0,42
2;BankAccountv2;transition;423;13;21;8;21;100;0,14;0,34;0;0,05;128,59;128,59;0,68;0,54
2;BankAccountv2;pair;423;13;21;58;180;100;0,16;0,12;1,09;0,25;129,59;129,59;2,09;1,63
2;BankAccountv2;state;424;15;25;7;22;100;0,22;0,22;0;0,05;130,59;130,59;0,65;0,49
2;BankAccountv2;transition;424;15;25;10;25;100;0,16;0,4;0;0,07;130,59;130,59;0,79;0,63
2;BankAccountv2;pair;424;15;25;91;267;100;0,16;0,18;1,99;0,67;131,59;131,59;3,59;3
2;BankAccountv2;state;425;14;23;7;21;100;0,21;0,22;0;0,12;132,59;132,59;0,7;0,54
2;BankAccountv2;transition;425;14;23;9;23;100;0,15;0,45;0;0,06;132,59;132,59;0,85;0,65
2;BankAccountv2;pair;425;14;23;81;236;100;0,14;0,17;1,71;0,4;133,59;133,59;2,91;2,42
2;BankAccountv2;state;426;15;25;7;22;100;0,17;0,2;0;0,05;134,59;134,59;0,61;0,41
2;BankAccountv2;transition;426;15;25;10;25;100;0,15;0,34;0;0,05;134,59;134,59;0,69;0,55
2;BankAccountv2;pair;426;15;25;91;267;100;0,19;0,17;1,99;0,47;135,59;135,59;3,38;2,81
2;BankAccountv2;state;427;17;26;6;23;100;0,19;0,31;0;0,05;136,59;136,59;0,73;0,55
2;BankAccountv2;transition;427;17;26;9;26;100;0,19;0,43;0;0,07;136,59;136,59;0,88;0,68
2;BankAccountv2;pair;427;17;26;60;233;100;0,18;0,16;1,32;0,33;137,59;137,59;2,54;2
2;BankAccountv2;state;428;17;28;9;28;100;0,23;0,27;0;0,07;137,59;137,59;0,72;0,57
2;BankAccountv2;transition;428;17;28;11;28;100;0,19;0,45;0;0,07;138,59;138,59;0,87;0,7
2;BankAccountv2;pair;428;17;28;122;359;100;0,16;0,21;2,59;0,61;139,59;140,59;4,23;3,57
2;BankAccountv2;state;429;11;17;4;14;100;0,24;0,19;0;0,03;140,59;140,59;0,59;0,46
2;BankAccountv2;transition;429;11;17;6;17;100;0,19;0,32;0;0,03;140,59;140,59;0,7;0,54
2;BankAccountv2;pair;429;11;17;29;93;100;0,19;0,11;0,44;0,1;141,59;141,59;1,22;0,84
2;BankAccountv2;state;430;21;33;9;31;100;0,33;0,32;0;0,05;141,59;141,59;0,85;0,7
2;BankAccountv2;transition;430;21;33;12;33;100;0,27;0,58;0;0,1;142,59;142,59;1,32;0,95
2;BankAccountv2;pair;430;21;33;131;459;100;0,23;0,25;3,6;0,61;143,59;144,59;5,53;4,68
2;BankAccountv2;state;431;14;22;6;19;100;0,24;0,23;0;0,04;144,59;144,59;0,66;0,51
2;BankAccountv2;transition;431;14;22;9;22;100;0,25;0,39;0;0,05;145,59;145,59;0,83;0,69
2;BankAccountv2;pair;431;14;22;81;236;100;0,18;0,14;1,37;0,38;146,59;146,59;2,61;2,07
2;BankAccountv2;state;432;13;20;6;18;100;0,21;0,3;0;0,04;146,59;146,59;0,69;0,55
2;BankAccountv2;transition;432;13;20;8;20;100;0,2;0,38;0;0,04;147,59;147,59;0,79;0,63
2;BankAccountv2;pair;432;13;20;73;213;100;0,21;0,14;1,24;0,5;148,59;148,59;2,6;2,09
2;BankAccountv2;state;433;11;16;4;14;100;0,21;0,24;0;0,03;148,59;148,59;0,61;0,47
2;BankAccountv2;transition;433;11;16;6;16;100;0,16;0,32;0;0,05;148,59;149,59;0,69;0,53
2;BankAccountv2;pair;433;11;16;30;95;100;0,16;0,08;0,45;0,1;149,59;149,59;1,12;0,8
2;BankAccountv2;state;434;19;28;7;26;100;0,2;0,31;0;0,05;149,59;150,59;0,75;0,56
2;BankAccountv2;transition;434;19;28;10;28;100;0,22;0,53;0;0,07;150,59;150,59;0,98;0,82
2;BankAccountv2;pair;434;19;28;87;332;100;0,33;0,16;2,16;0,49;151,59;152,59;3,78;3,14
2;BankAccountv2;state;435;19;30;7;26;100;0,19;0,24;0;0,04;152,59;152,59;0,62;0,48
2;BankAccountv2;transition;435;19;30;11;30;100;0,17;0,46;0;0,09;152,59;152,59;0,89;0,71
2;BankAccountv2;pair;435;19;30;95;338;100;0,16;0,22;2,28;0,48;154,59;154,59;3,78;3,13
2;BankAccountv2;state;436;20;31;9;30;100;0,32;0,29;0;0,06;154,59;154,59;0,84;0,68
2;BankAccountv2;transition;436;20;31;11;31;100;0,26;0,5;0;0,09;155,59;155,59;1,02;0,85
2;BankAccountv2;pair;436;20;31;117;411;100;0,26;0,2;2,98;0,53;156,59;157,59;4,69;3,98
2;BankAccountv2;state;437;11;17;4;14;100;0,22;0,2;0;0,03;157,59;157,59;0,64;0,45
2;BankAccountv2;transition;437;11;17;6;17;100;0,17;0,33;0;0,04;158,59;158,59;0,74;0,54
2;BankAccountv2;pair;437;11;17;29;93;100;0,16;0,09;0,44;0,1;158,59;158,59;1,17;0,79
2;BankAccountv2;state;438;15;23;7;22;100;0,25;0,25;0;0,04;159,59;159,59;0,68;0,53
2;BankAccountv2;transition;438;15;23;9;23;100;0,21;0,39;0;0,05;159,59;159,59;0,8;0,65
2;BankAccountv2;pair;438;15;23;79;233;100;0,19;0,14;1,37;0,35;160,59;160,59;2,56;2,05
2;BankAccountv2;state;439;11;16;4;14;100;0,21;0,19;0;0,02;160,59;161,59;0,56;0,42
2;BankAccountv2;transition;439;11;16;6;16;100;0,15;0,3;0;0,03;161,59;161,59;0,64;0,48
2;BankAccountv2;pair;439;11;16;30;100;100;0,16;0,08;0,47;0,11;161,59;161,59;1,19;0,82
2;BankAccountv2;state;440;14;21;7;21;100;0,22;0,23;0;0,04;162,59;162,59;0,63;0,48
2;BankAccountv2;transition;440;14;21;8;21;100;0,19;0,34;0;0,07;162,59;162,59;0,75;0,6
2;BankAccountv2;pair;440;14;21;64;184;100;0,16;0,12;0,97;0,24;163,59;163,59;1,97;1,5
2;BankAccountv2;state;441;15;22;4;18;100;0,22;0,2;0;0,05;163,59;164,59;0,6;0,47
2;BankAccountv2;transition;441;15;22;7;22;100;0,19;0,42;0;0,05;164,59;164,59;0,84;0,66
2;BankAccountv2;pair;441;15;22;35;151;100;0,22;0,11;0,79;0,17;165,59;165,59;1,75;1,3
2;BankAccountv2;state;442;12;19;5;17;100;0,14;0,16;0;0,04;165,59;165,59;0,47;0,34
2;BankAccountv2;transition;442;12;19;7;19;100;0,13;0,33;0;0,05;165,59;165,59;0,69;0,51
2;BankAccountv2;pair;442;12;19;36;120;100;0,15;0,13;0,66;0,18;166,59;166,59;1,54;1,13
2;BankAccountv2;state;443;15;23;7;22;100;0,22;0,26;0;0,04;166,59;166,59;0,66;0,53
2;BankAccountv2;transition;443;15;23;9;23;100;0,22;0,42;0;0,08;167,59;167,59;0,87;0,72
2;BankAccountv2;pair;443;15;23;81;248;100;0,2;0,14;1,58;0,34;168,59;168,59;2,84;2,26
2;BankAccountv2;state;444;12;17;5;17;100;0,2;0,21;0;0,13;168,59;168,59;0,7;0,53
2;BankAccountv2;transition;444;12;17;6;17;100;0,18;0,37;0;0,04;169,59;169,59;0,74;0,59
2;BankAccountv2;pair;444;12;17;24;82;100;0,16;0,09;0,4;0,09;169,59;169,59;1,13;0,74
2;BankAccountv2;state;445;16;23;6;21;100;0,19;0,26;0;0,04;170,59;170,59;0,64;0,49
2;BankAccountv2;transition;445;16;23;8;23;100;0,2;0,46;0;0,05;170,59;170,59;0,94;0,71
2;BankAccountv2;pair;445;16;23;65;228;100;0,22;0,14;1,32;0,31;171,59;171,59;2,57;1,99
2;BankAccountv2;state;446;10;15;3;12;100;0,19;0,2;0;0,03;172,59;172,59;0,58;0,42
2;BankAccountv2;transition;446;10;15;5;15;100;0,16;0,26;0;0,05;172,59;172,59;0,61;0,47
2;BankAccountv2;pair;446;10;15;14;51;100;0,15;0,08;0,27;0,07;172,59;172,59;0,92;0,57
2;BankAccountv2;state;447;17;25;6;22;100;0,2;0,28;0;0,04;173,59;173,59;0,67;0,53
2;BankAccountv2;transition;447;17;25;9;25;100;0,25;0,44;0;0,06;173,59;173,59;0,94;0,75
2;BankAccountv2;pair;447;17;25;79;284;100;0,19;0,14;1,72;0,51;174,59;175,59;3,13;2,56
2;BankAccountv2;state;448;21;33;9;32;100;0,22;0,24;0;0,06;175,59;175,59;0,69;0,53
2;BankAccountv2;transition;448;21;33;12;33;100;0,17;0,48;0;0,09;175,59;175,59;0,95;0,74
2;BankAccountv2;pair;448;21;33;134;479;100;0,18;0,22;3,57;0,68;177,59;178,59;5,44;4,65
2;BankAccountv2;state;449;19;28;7;26;100;0,31;0,29;0;0,05;178,59;178,59;0,8;0,65
2;BankAccountv2;transition;449;19;28;10;28;100;0,24;0,53;0;0,06;178,59;178,59;0,97;0,83
2;BankAccountv2;pair;449;19;28;89;333;100;0,24;0,21;2,33;0,42;180,59;180,59;3,91;3,21
2;BankAccountv2;state;450;22;35;10;34;100;0,22;0,27;0;0,1;180,59;181,59;0,78;0,59
2;BankAccountv2;transition;450;22;35;13;35;100;0,2;0,54;0;0,08;181,59;181,59;1;0,82
2;BankAccountv2;pair;450;22;35;163;542;100;0,21;0,28;14,24;1,01;182,83;7,83;16,72;15,74
2;BankAccountv2;state;451;22;35;9;33;100;0,22;0,27;0;0,08;7,83;7,83;0,97;0,57
2;BankAccountv2;transition;451;22;35;13;35;100;0,21;0,58;0;0,09;7,83;7,83;1,08;0,88
2;BankAccountv2;pair;451;22;35;139;482;100;0,2;0,28;4,03;1,16;9,83;10,83;6,46;5,67
2;BankAccountv2;state;452;11;16;5;15;100;0,21;0,23;0;0,03;10,83;10,83;0,66;0,46
2;BankAccountv2;transition;452;11;16;6;16;100;0,62;0,66;0;0,04;10,83;10,83;1,6;1,32
2;BankAccountv2;pair;452;11;16;42;125;100;0,16;0,18;0,69;0,2;11,83;11,83;1,68;1,23
2;BankAccountv2;state;453;13;20;5;17;100;0,2;0,22;0;0,03;11,83;11,83;0,6;0,46
2;BankAccountv2;transition;453;13;20;8;20;100;0,2;0,38;0;0,05;12,83;12,83;0,79;0,63
2;BankAccountv2;pair;453;13;20;53;160;100;0,18;0,11;1,25;0,2;12,83;13,83;2,25;1,74
2;BankAccountv2;state;454;20;30;8;28;100;0,26;0,31;0;0,05;13,83;13,83;0,78;0,62
2;BankAccountv2;transition;454;20;30;11;30;100;0,23;0,52;0;0,09;14,83;14,83;1,03;0,85
2;BankAccountv2;pair;454;20;30;113;392;100;0,22;0,25;2,84;0,71;15,83;16,83;4,79;4,02
2;BankAccountv2;state;455;15;21;5;19;100;0,23;0,24;0;0,03;16,83;16,83;0,65;0,51
2;BankAccountv2;transition;455;15;21;7;21;100;0,19;0,41;0;0,05;16,83;16,83;0,79;0,65
2;BankAccountv2;pair;455;15;21;43;165;100;0,19;0,13;1,11;0,24;17,83;17,83;2,16;1,67
2;BankAccountv2;state;456;14;22;6;19;100;0,21;0,24;0;0,06;17,83;18,83;0,63;0,51
2;BankAccountv2;transition;456;14;22;9;22;100;0,19;0,39;0;0,05;18,83;18,83;0,78;0,63
2;BankAccountv2;pair;456;14;22;77;220;100;0,19;0,17;1,41;0,35;19,83;19,83;2,63;2,11
2;BankAccountv2;state;457;10;14;4;13;100;0,18;0,18;0;0,03;19,83;19,83;0,54;0,39
2;BankAccountv2;transition;457;10;14;5;14;100;0,14;0,3;0;0,03;20,83;20,83;0,79;0,47
2;BankAccountv2;pair;457;10;14;20;64;100;0,13;0,08;0,4;0,09;20,83;20,83;1,05;0,7
2;BankAccountv2;state;458;21;32;9;30;100;0,25;0,32;0;0,07;21,83;21,83;0,79;0,63
2;BankAccountv2;transition;458;21;32;12;32;100;0,24;0,56;0;0,09;21,83;21,83;1,08;0,89
2;BankAccountv2;pair;458;21;32;157;536;100;0,26;0,28;4,87;0,77;23,83;24,83;7,11;6,17
2;BankAccountv2;state;459;21;33;9;32;100;0,24;0,44;0;0,08;24,83;24,83;0,97;0,76
2;BankAccountv2;transition;459;21;33;12;33;100;0,22;0,48;0;0,12;24,83;25,83;1,03;0,82
2;BankAccountv2;pair;459;21;33;134;479;100;0,17;0,27;3,68;0,68;26,83;27,83;5,53;4,8
2;BankAccountv2;state;460;15;24;7;23;100;0,3;0,27;0;0,05;27,83;27,83;0,79;0,61
2;BankAccountv2;transition;460;15;24;9;24;100;0,26;0,44;0;0,06;28,83;28,83;0,91;0,75
2;BankAccountv2;pair;460;15;24;63;199;100;0,25;0,3;1,2;0,27;28,83;29,83;2,55;2,02
2;BankAccountv2;state;461;13;19;6;19;100;0,22;0,2;0;0,04;29,83;29,83;0,63;0,46
2;BankAccountv2;transition;461;13;19;7;19;100;0,2;0,35;0;0,06;29,83;29,83;0,75;0,61
2;BankAccountv2;pair;461;13;19;47;144;100;0,19;0,1;0,77;0,17;30,83;30,83;1,67;1,23
2;BankAccountv2;state;462;17;24;6;23;100;0,24;0,25;0;0,04;31,83;31,83;0,68;0,54
2;BankAccountv2;transition;462;17;24;8;24;100;0,19;0,39;0;0,06;31,83;31,83;0,8;0,64
2;BankAccountv2;pair;462;17;24;52;217;100;0,21;0,13;1,31;0,23;32,83;32,83;2,48;1,88
2;BankAccountv2;state;463;16;26;8;25;100;0,29;0,32;0;0,06;32,83;33,83;0,83;0,66
2;BankAccountv2;transition;463;16;26;10;26;100;0,2;0,42;0;0,06;33,83;33,83;0,87;0,67
2;BankAccountv2;pair;463;16;26;89;265;100;0,2;0,16;2,07;0,46;34,83;34,83;3,61;2,88
2;BankAccountv2;state;464;14;22;6;20;100;0,24;0,23;0;0,04;35,83;35,83;0,66;0,51
2;BankAccountv2;transition;464;14;22;8;22;100;0,2;0,38;0;0,05;35,83;35,83;0,8;0,63
2;BankAccountv2;pair;464;14;22;52;163;100;0,19;0,25;0,99;0,21;36,83;36,83;2,11;1,64
2;BankAccountv2;state;465;16;24;6;22;100;0,2;0,24;0;0,04;36,83;36,83;0,63;0,49
2;BankAccountv2;transition;465;16;24;8;24;100;0,21;0,38;0;0,06;37,83;37,83;0,86;0,65
2;BankAccountv2;pair;465;16;24;54;207;100;0,18;0,16;1,32;0,25;38,83;38,83;2,53;1,91
2;BankAccountv2;state;466;14;23;7;21;100;0,17;0,2;0;0,05;38,83;38,83;0,55;0,41
2;BankAccountv2;transition;466;14;23;9;23;100;0,15;0,31;0;0,06;39,83;39,83;0,7;0,52
2;BankAccountv2;pair;466;14;23;79;228;100;0,18;0,14;1,35;0,35;39,83;40,83;2,5;2,02
2;BankAccountv2;state;467;21;33;9;32;100;0,21;0,26;0;0,07;40,83;40,83;0,72;0,55
2;BankAccountv2;transition;467;21;33;12;33;100;0,18;0,46;0;0,1;40,83;41,83;0,94;0,75
2;BankAccountv2;pair;467;21;33;134;479;100;0,17;0,22;3,98;0,84;42,83;43,83;6,11;5,21
2;BankAccountv2;state;468;10;14;4;13;100;0,22;0,19;0;0,03;43,83;43,83;0,6;0,44
2;BankAccountv2;transition;468;10;14;5;14;100;0,15;0,26;0;0,03;43,83;43,83;0,59;0,44
2;BankAccountv2;pair;468;10;14;24;75;100;0,16;0,08;0,4;0,1;44,83;44,83;1,06;0,74
2;BankAccountv2;state;469;10;14;4;13;100;0,16;0,19;0;0,03;44,83;44,83;0,69;0,38
2;BankAccountv2;transition;469;10;14;5;14;100;0,18;0,24;0;0,03;44,83;45,83;0,63;0,44
2;BankAccountv2;pair;469;10;14;22;71;100;0,13;0,08;0,33;0,09;45,83;45,83;0,95;0,63
2;BankAccountv2;state;470;20;31;9;30;100;0,23;0,27;0;0,06;45,83;45,83;0,7;0,56
2;BankAccountv2;transition;470;20;31;11;31;100;0,23;0,56;0;0,07;46,83;46,83;1,03;0,85
2;BankAccountv2;pair;470;20;31;117;411;100;0,22;0,22;2,99;0,57;47,83;48,83;4,79;4
2;BankAccountv2;state;471;16;24;6;22;100;0,23;0,26;0;0,05;48,83;48,83;0,7;0,54
2;BankAccountv2;transition;471;16;24;8;24;100;0,2;0,47;0;0,08;49,83;49,83;0,92;0,75
2;BankAccountv2;pair;471;16;24;51;195;100;0,19;0,16;1,1;0,25;50,83;50,83;2,22;1,71
2;BankAccountv2;state;472;18;27;7;24;100;0,23;0,27;0;0,05;50,83;50,83;0,71;0,56
2;BankAccountv2;transition;472;18;27;10;27;100;0,25;0,46;0;0,09;51,83;51,83;0,96;0,8
2;BankAccountv2;pair;472;18;27;102;341;100;0,2;0,18;1,89;0,5;52,83;52,83;3,43;2,77
2;BankAccountv2;state;473;16;26;8;26;100;0,2;0,3;0;0,12;53,83;53,83;0,79;0,62
2;BankAccountv2;transition;473;16;26;10;26;100;0,16;0,42;0;0,07;53,83;53,83;0,82;0,64
2;BankAccountv2;pair;473;16;26;91;280;100;0,15;0,15;2,03;0,41;54,83;54,83;3,3;2,74
2;BankAccountv2;state;474;19;29;7;25;100;0,32;0,33;0;0,06;55,83;55,83;0,88;0,72
2;BankAccountv2;transition;474;19;29;11;29;100;0,34;0,84;0;0,08;55,83;55,83;1,46;1,26
2;BankAccountv2;pair;474;19;29;112;373;100;0,24;0,2;2,38;0,47;57,83;57,83;3,98;3,29
2;BankAccountv2;state;475;18;27;6;23;100;0,31;0,26;0;0,05;57,83;58,83;0,81;0,63
2;BankAccountv2;transition;475;18;27;10;27;100;0,22;0,45;0;0,06;58,83;58,83;0,91;0,73
2;BankAccountv2;pair;475;18;27;85;303;100;0,29;0,2;2,47;0,45;59,83;60,83;4,06;3,41
2;BankAccountv2;state;476;14;22;6;20;100;0,25;0,28;0;0,04;60,83;60,83;0,74;0,57
2;BankAccountv2;transition;476;14;22;8;22;100;0,18;0,37;0;0,09;60,83;60,83;0,82;0,63
2;BankAccountv2;pair;476;14;22;55;174;100;0,18;0,14;0,97;0,26;61,83;61,83;2,05;1,55
2;BankAccountv2;state;477;12;19;5;16;100;0,19;0,23;0;0,03;62,83;62,83;0,58;0,45
2;BankAccountv2;transition;477;12;19;7;19;100;0,17;0,59;0;0,05;62,83;62,83;1,02;0,8
2;BankAccountv2;pair;477;12;19;49;146;100;0,18;0,12;0,89;0,33;63,83;63,83;1,92;1,51
2;BankAccountv2;state;478;18;26;7;25;100;0,28;0,27;0;0,05;63,83;63,83;0,76;0,6
2;BankAccountv2;transition;478;18;26;9;26;100;0,27;0,51;0;0,05;64,83;64,83;1,04;0,84
2;BankAccountv2;pair;478;18;26;80;302;100;0,22;0,17;2,13;0,42;65,83;65,83;3,78;2,94
2;BankAccountv2;state;479;16;26;8;26;100;0,21;0,23;0;0,06;65,83;65,83;0,68;0,51
2;BankAccountv2;transition;479;16;26;10;26;100;0,19;0,42;0;0,07;66,83;66,83;0,85;0,69
2;BankAccountv2;pair;479;16;26;91;280;100;0,16;0,2;2,29;0,46;67,83;67,83;3,72;3,11
2;BankAccountv2;state;480;12;18;5;16;100;0,24;0,27;0;0,03;67,83;67,83;0,7;0,54
2;BankAccountv2;transition;480;12;18;7;18;100;0,17;0,35;0;0,04;68,83;68,83;0,73;0,56
2;BankAccountv2;pair;480;12;18;47;142;100;0,19;0,11;0,86;0,21;68,83;69,83;1,83;1,37
2;BankAccountv2;state;481;10;14;4;13;100;0,17;0,19;0;0,04;69,83;69,83;0,54;0,4
2;BankAccountv2;transition;481;10;14;5;14;100;0,2;0,28;0;0,03;69,83;69,83;0,67;0,51
2;BankAccountv2;pair;481;10;14;25;79;100;0,15;0,1;0,46;0,19;70,83;70,83;1,27;0,9
2;BankAccountv2;state;482;21;33;9;32;100;0,2;0,29;0;0,07;70,83;70,83;0,71;0,56
2;BankAccountv2;transition;482;21;33;12;33;100;0,18;0,55;0;0,1;70,83;71,83;1,05;0,83
2;BankAccountv2;pair;482;21;33;134;479;100;0,18;0,3;4,22;0,85;72,83;73,83;6,48;5,54
2;BankAccountv2;state;483;16;23;6;21;100;0,28;0,28;0;0,05;73,83;73,83;0,8;0,61
2;BankAccountv2;transition;483;16;23;8;23;100;0,23;0,53;0;0,06;74,83;74,83;1,07;0,82
2;BankAccountv2;pair;483;16;23;65;228;100;0,22;0,16;1,47;0,36;75,83;75,83;2,79;2,2
2;BankAccountv2;state;484;21;32;9;30;100;0,33;0,36;0;0,07;75,83;75,83;0,93;0,76
2;BankAccountv2;transition;484;21;32;12;32;100;0,27;0,69;0;0,1;76,83;76,83;1,27;1,06
2;BankAccountv2;pair;484;21;32;157;536;100;0,27;0,37;5,56;0,96;78,83;78,83;8,16;7,16
2;BankAccountv2;state;485;19;29;8;28;100;0,33;0,37;0;0,07;79,83;79,83;0,98;0,77
2;BankAccountv2;transition;485;19;29;10;29;100;0,25;0,56;0;0,08;79,83;79,83;1,11;0,89
2;BankAccountv2;pair;485;19;29;90;338;100;0,26;0,21;2,75;0,58;81,83;81,83;4,61;3,8
2;BankAccountv2;state;486;10;14;4;13;100;0,21;0,24;0;0,03;81,83;81,83;0,67;0,48
2;BankAccountv2;transition;486;10;14;5;14;100;0,17;0,33;0;0,03;82,83;82,83;0,71;0,54
2;BankAccountv2;pair;486;10;14;25;79;100;0,16;0,08;0,36;0,09;82,83;82,83;1,05;0,7
2;BankAccountv2;state;487;16;24;6;22;100;0,25;0,25;0;0,03;82,83;82,83;0,68;0,53
2;BankAccountv2;transition;487;16;24;8;24;100;0,29;0,42;0;0,05;83,83;83,83;0,93;0,76
2;BankAccountv2;pair;487;16;24;54;207;100;0,21;0,15;1,16;0,28;84,83;84,83;2,42;1,8
2;BankAccountv2;state;488;16;24;6;22;100;0,25;0,27;0;0,05;84,83;84,83;0,74;0,57
2;BankAccountv2;transition;488;16;24;8;24;100;0,2;0,48;0;0,06;85,83;85,83;0,93;0,75
2;BankAccountv2;pair;488;16;24;51;195;100;0,23;0,14;1,22;0,22;86,83;86,83;2,42;1,81
2;BankAccountv2;state;489;14;23;7;21;100;0,2;0,24;0;0,05;86,83;86,83;0,64;0,49
2;BankAccountv2;transition;489;14;23;9;23;100;0,16;0,38;0;0,11;86,83;86,83;0,88;0,65
2;BankAccountv2;pair;489;14;23;83;244;100;0,2;0,27;1,58;0,47;87,83;88,83;3,05;2,51
2;BankAccountv2;state;490;15;21;5;19;100;0,24;0,23;0;0,06;88,83;88,83;0,7;0,53
2;BankAccountv2;transition;490;15;21;7;21;100;0,2;0,44;0;0,05;88,83;88,83;0,85;0,69
2;BankAccountv2;pair;490;15;21;43;165;100;0,21;0,1;0,86;0,18;89,83;89,83;1,75;1,34
2;BankAccountv2;state;491;14;22;6;20;100;0,21;0,29;0;0,04;90,83;90,83;0,72;0,53
2;BankAccountv2;transition;491;14;22;8;22;100;0,19;0,36;0;0,05;90,83;90,83;0,74;0,6
2;BankAccountv2;pair;491;14;22;55;174;100;0,16;0,12;1,07;0,3;91,83;91,83;2,11;1,65
2;BankAccountv2;state;492;19;29;8;28;100;0,31;0,37;0;0,06;91,83;91,83;0,92;0,74
2;BankAccountv2;transition;492;19;29;10;29;100;0,32;0,54;0;0,09;92,83;92,83;1,16;0,95
2;BankAccountv2;pair;492;19;29;90;338;100;0,3;0,23;2,79;0,44;93,83;94,83;4,5;3,76
2;BankAccountv2;state;493;15;24;8;24;100;0,24;0,29;0;0,05;94,83;94,83;0,77;0,58
2;BankAccountv2;transition;493;15;24;9;24;100;0,22;0,42;0;0,06;94,83;94,83;0,87;0,7
2;BankAccountv2;pair;493;15;24;74;216;100;0,21;0,16;1,49;0,44;95,83;96,83;2,86;2,29
2;BankAccountv2;state;494;19;29;8;28;100;0,27;0,3;0;0,05;96,83;96,83;0,76;0,62
2;BankAccountv2;transition;494;19;29;10;29;100;0,24;0,52;0;0,07;96,83;96,83;0,99;0,83
2;BankAccountv2;pair;494;19;29;90;338;100;0,29;0,19;2,54;0,76;98,83;98,83;4,52;3,79
2;BankAccountv2;state;495;18;26;7;25;100;0,32;0,3;0;0,06;98,83;98,83;0,84;0,67
2;BankAccountv2;transition;495;18;26;9;26;100;0,23;0,54;0;0,07;99,83;99,83;1,01;0,84
2;BankAccountv2;pair;495;18;26;80;302;100;0,43;0,17;2,79;0,51;100,83;100,83;4,73;3,9
2;BankAccountv2;state;496;19;29;8;28;100;0,28;0,33;0;0,06;101,83;101,83;0,84;0,67
2;BankAccountv2;transition;496;19;29;10;29;100;0,37;0,54;0;0,07;101,83;101,83;1,16;0,98
2;BankAccountv2;pair;496;19;29;90;338;100;0,23;0,22;2,66;0,6;103,83;103,83;4,51;3,71
2;BankAccountv2;state;497;18;26;7;25;100;0,29;0,29;0;0,05;103,83;103,83;0,78;0,62
2;BankAccountv2;transition;497;18;26;9;26;100;0,27;0,5;0;0,07;104,83;104,83;1,06;0,84
2;BankAccountv2;pair;497;18;26;80;302;100;0,23;0,19;2,25;0,49;105,83;105,83;3,82;3,16
2;BankAccountv2;state;498;17;24;6;23;100;0,28;0,26;0;0,05;106,83;106,83;0,74;0,59
2;BankAccountv2;transition;498;17;24;8;24;100;0,23;0,51;0;0,06;106,83;106,83;0,97;0,8
2;BankAccountv2;pair;498;17;24;56;230;100;0,22;0,14;1,55;0,42;107,83;107,83;2,93;2,34
2;BankAccountv2;state;1;18;30;9;29;100;8,4;6,4;0;3,9;12,43;12,43;22,53;18,7
2;BankAccountv2;transition;1;18;30;12;30;100;2,51;15,64;0;1,53;13,43;13,43;22,58;19,69
2;BankAccountv2;pair;1;18;30;127;368;100;2,33;16,22;24,49;6,04;16,85;7,85;59,43;49,07
2;BankAccountv2;state;2;19;27;7;26;100;1,73;1,79;0;0,34;7,85;7,85;5,5;3,86
2;BankAccountv2;transition;2;19;27;9;27;100;1,32;3,12;0;0,52;7,85;8,85;6,68;4,96
2;BankAccountv2;pair;2;19;27;77;293;100;1,38;0,62;9,37;2,89;9,85;9,85;18,66;14,26
2;BankAccountv2;state;3;9;12;3;11;100;1,08;0,72;0;0,44;10,85;10,85;3,89;2,24
2;BankAccountv2;transition;3;9;12;4;12;100;0,78;1,04;0;0,14;10,85;10,85;3,27;1,95
2;BankAccountv2;pair;3;9;12;11;39;100;0,57;0,16;0,84;0,24;10,85;10,85;3,67;1,81
2;BankAccountv2;state;4;18;28;7;25;100;0,54;1,01;0;0,19;11,85;11,85;2,8;1,75
2;BankAccountv2;transition;4;18;28;10;28;100;0,55;1,56;0;0,25;11,85;11,85;3,33;2,35
2;BankAccountv2;pair;4;18;28;89;319;100;0,68;0,51;6,67;1,48;12,85;13,85;11,63;9,35
2;BankAccountv2;state;5;13;18;6;19;100;0,63;0,68;0;0,53;13,85;13,85;2,56;1,84
2;BankAccountv2;transition;5;13;18;6;18;100;0,65;1,19;0;0,19;13,85;13,85;2,7;2,02
2;BankAccountv2;pair;5;13;18;33;106;100;0,46;0,26;1,71;0,45;14,85;14,85;4,61;2,88
2;BankAccountv2;state;6;14;24;7;21;100;0,41;0,49;0;0,14;14,85;15,85;1,78;1,05
2;BankAccountv2;transition;6;14;24;9;24;100;0,36;1,28;0;0,17;15,85;15,85;2,46;1,8
2;BankAccountv2;pair;6;14;24;79;234;100;0,38;0,38;3,41;1,27;16,85;16,85;7,07;5,44
2;BankAccountv2;state;7;16;27;8;26;100;0,54;0,52;0;0,18;17,85;17,85;1,81;1,24
2;BankAccountv2;transition;7;16;27;10;27;100;0,42;1,06;0;0,19;17,85;17,85;2,23;1,67
2;BankAccountv2;pair;7;16;27;91;286;100;0,38;0,44;4,56;1,21;18,85;19,85;8,52;6,59
2;BankAccountv2;state;8;14;20;7;21;100;0,73;0,77;0;0,13;19,85;19,85;2,23;1,63
2;BankAccountv2;transition;8;14;20;7;20;100;0,45;1,01;0;0,12;19,85;19,85;2,31;1,58
2;BankAccountv2;pair;8;14;20;60;182;100;0,44;0,26;2,47;0,41;20,85;20,85;4,73;3,59
2;BankAccountv2;state;9;14;23;6;20;100;0,38;0,57;0;0,08;21,85;21,85;1,58;1,03
2;BankAccountv2;transition;9;14;23;9;23;100;0,37;1,13;0;0,14;21,85;21,85;2,2;1,64
2;BankAccountv2;pair;9;14;23;61;186;100;0,42;0,44;3,31;0,58;22,85;22,85;6,36;4,75
2;BankAccountv2;state;10;19;30;7;25;100;0,72;0,71;0;0,09;23,85;23,85;2,13;1,52
2;BankAccountv2;transition;10;19;30;11;30;100;0,63;1,56;0;0,16;23,85;23,85;3,08;2,36
2;BankAccountv2;pair;10;19;30;112;379;100;0,61;0,61;6,42;1,09;25,85;25,85;11,16;8,73
2;BankAccountv2;state;11;16;25;7;23;100;0,58;0,71;0;0,1;26,85;26,85;2,09;1,39
2;BankAccountv2;transition;11;16;25;10;25;100;0,54;1,2;0;0,21;26,85;26,85;3,02;1,94
2;BankAccountv2;pair;11;16;25;89;272;100;0,62;0,42;4,47;0,74;27,85;28,85;8,29;6,25
2;BankAccountv2;state;12;17;29;9;28;100;0,45;0,92;0;0,14;28,85;28,85;2,21;1,52
2;BankAccountv2;transition;12;17;29;11;29;100;0,48;1,26;0;0,2;28,85;28,85;2,59;1,94
2;BankAccountv2;pair;12;17;29;119;353;100;0,52;0,58;5,54;1,16;30,85;30,85;9,88;7,79
2;BankAccountv2;state;13;22;35;10;34;100;0,51;0,89;0;0,16;31,85;31,85;2,35;1,57
2;BankAccountv2;transition;13;22;35;13;35;100;0,56;1,58;0;0,23;31,85;31,85;3,09;2,36
2;BankAccountv2;pair;13;22;35;163;542;100;0,75;0,89;10,43;2,38;33,85;34,85;17,52;14,45
2;BankAccountv2;state;14;12;18;6;18;100;0,53;0,55;0;0,08;34,85;34,85;1,78;1,16
2;BankAccountv2;transition;14;12;18;6;18;100;0,41;0,85;0;0,09;35,85;35,85;2,03;1,34
2;BankAccountv2;pair;14;12;18;39;117;100;0,46;0,39;1,97;0,44;35,85;35,85;4,99;3,26
2;BankAccountv2;state;15;13;21;6;19;100;0,56;0,63;0;0,1;36,85;36,85;2,09;1,29
2;BankAccountv2;transition;15;13;21;8;21;100;0,59;1,1;0;0,16;36,85;36,85;2,56;1,84
2;BankAccountv2;pair;15;13;21;55;168;100;0,49;0,4;2,94;0,63;37,85;37,85;6,47;4,45
2;BankAccountv2;state;16;14;23;6;19;100;0,66;0,8;0;0,08;37,85;37,85;2,28;1,55
2;BankAccountv2;transition;16;14;23;9;23;100;0,66;1,24;0;0,21;38,85;38,85;2,89;2,12
2;BankAccountv2;pair;16;14;23;81;242;100;0,67;0,48;4,65;0,99;39,85;39,85;9,14;6,79
2;BankAccountv2;state;17;19;27;8;27;100;0,73;1,69;0;0,13;40,85;40,85;3,24;2,56
2;BankAccountv2;transition;17;19;27;9;27;100;0,72;1,47;0;0,15;40,85;40,85;3,09;2,34
2;BankAccountv2;pair;17;19;27;91;326;100;0,69;0,57;6,25;1,42;41,85;42,85;11,71;8,93
2;BankAccountv2;state;18;12;16;5;17;100;0,63;0,65;0;0,08;42,85;42,85;1,88;1,36
2;BankAccountv2;transition;18;12;16;5;16;100;0,58;0,93;0;0,08;43,85;43,85;2,15;1,59
2;BankAccountv2;pair;18;12;16;25;89;100;0,52;0,27;1,66;0,33;43,85;43,85;4,25;2,79
2;BankAccountv2;state;19;12;16;5;17;100;0,7;0,64;0;0,16;43,85;44,85;2,14;1,51
2;BankAccountv2;transition;19;12;16;5;16;100;0,51;0,94;0;0,07;44,85;44,85;2,05;1,52
2;BankAccountv2;pair;19;12;16;21;73;100;0,45;0,24;1,36;0,24;44,85;44,85;3,58;2,29
2;BankAccountv2;state;20;17;25;6;22;100;0,64;0,73;0;0,09;45,85;45,85;1,96;1,45
2;BankAccountv2;transition;20;17;25;9;25;100;0,63;1,52;0;0,16;45,85;45,85;3,05;2,31
2;BankAccountv2;pair;20;17;25;79;284;100;0,62;0,45;4,29;0,62;46,85;5,82;21,88;5,97
2;BankAccountv2;state;21;23;38;10;35;100;0,56;0,8;0;0,13;5,82;5,82;2,09;1,48
2;BankAccountv2;transition;21;23;38;14;38;100;0,37;1,32;0;0,2;6,82;6,82;2,65;1,89
2;BankAccountv2;pair;21;23;38;177;590;100;0,44;0,61;9,21;1,47;8,82;9,82;14,14;11,74
2;BankAccountv2;state;22;14;18;4;17;100;0,66;0,49;0;0,07;9,82;9,82;1,99;1,22
2;BankAccountv2;transition;22;14;18;5;18;100;0,35;1,01;0;0,06;10,82;10,82;1,84;1,42
2;BankAccountv2;pair;22;14;18;24;109;100;0,36;0,21;1,37;0,77;10,82;10,82;3,85;2,71
2;BankAccountv2;state;23;15;22;7;22;100;0,41;0,51;0;0,08;11,82;11,82;1,46;1,01
2;BankAccountv2;transition;23;15;22;8;22;100;0,32;0,75;0;0,07;11,82;11,82;1,59;1,13
2;BankAccountv2;pair;23;15;22;69;206;100;0,33;0,32;2,92;0,49;12,82;12,82;5,58;4,06
2;BankAccountv2;state;24;12;18;5;17;100;0,32;0,52;0;0,07;13,82;13,82;1,44;0,9
2;BankAccountv2;transition;24;12;18;6;18;100;0,27;0,63;0;0,08;13,82;13,82;1,44;0,97
2;BankAccountv2;pair;24;12;18;30;98;100;0,3;0,22;1,25;0,23;13,82;14,82;2,95;2
2;BankAccountv2;state;25;15;22;4;18;100;0,36;0,5;0;0,07;14,82;14,82;1,31;0,93
2;BankAccountv2;transition;25;15;22;7;22;100;0,33;0,85;0;0,09;14,82;14,82;1,78;1,27
2;BankAccountv2;pair;25;15;22;35;151;100;0,37;0,23;1,71;0,28;15,82;15,82;4,02;2,59
2;BankAccountv2;state;26;22;35;9;31;100;0,48;0,7;0;0,12;16,82;16,82;1,92;1,3
2;BankAccountv2;transition;26;22;35;13;35;100;0,4;1,27;0;0,16;16,82;16,82;2,31;1,83
2;BankAccountv2;pair;26;22;35;167;570;100;0,48;0,45;11,9;1,43;18,82;19,82;17,19;14,26
2;BankAccountv2;state;27;16;26;8;25;100;0,43;0,52;0;0,08;20,82;20,82;1,5;1,02
2;BankAccountv2;transition;27;16;26;10;26;100;0,32;0,98;0;0,1;20,82;20,82;1,97;1,4
2;BankAccountv2;pair;27;16;26;83;244;100;0,39;0,4;3,5;0,69;21,82;22,82;6,76;4,97
2;BankAccountv2;state;28;18;25;7;25;100;0,38;0,54;0;0,08;22,82;22,82;1,47;1
2;BankAccountv2;transition;28;18;25;8;25;100;0,45;0,91;0;0,09;22,82;22,82;1,93;1,45
2;BankAccountv2;pair;28;18;25;70;271;100;0,43;0,3;3,16;0,77;23,82;24,82;6,51;4,66
2;BankAccountv2;state;29;18;28;7;25;100;0,5;0,61;0;0,09;24,82;24,82;1,72;1,2
2;BankAccountv2;transition;29;18;28;10;28;100;0,4;1,12;0;0,13;25,82;25,82;2,23;1,65
2;BankAccountv2;pair;29;18;28;86;301;100;0,38;0,4;6,37;0,92;26,82;26,82;10,42;8,08
2;BankAccountv2;state;30;20;31;8;28;100;0,49;0,64;0;0,12;27,82;27,82;1,8;1,25
2;BankAccountv2;transition;30;20;31;11;31;100;0,44;1,41;0;0,11;27,82;27,82;2,44;1,96
2;BankAccountv2;pair;30;20;31;122;444;100;0,39;0,65;6,4;1,01;29,82;30,82;10,28;8,45
2;BankAccountv2;state;31;15;20;5;19;100;0,37;0,54;0;0,07;30,82;30,82;1,44;0,98
2;BankAccountv2;transition;31;15;20;6;20;100;0,33;0,82;0;0,12;30,82;31,82;1,77;1,27
2;BankAccountv2;pair;31;15;20;40;159;100;0,3;0,27;2,24;0,34;31,82;31,82;4,52;3,16
2;BankAccountv2;state;32;14;20;7;21;100;0,4;0,49;0;0,09;32,82;32,82;1,51;0,98
2;BankAccountv2;transition;32;14;20;7;20;100;0,31;0,94;0;0,08;32,82;32,82;1,97;1,33
2;BankAccountv2;pair;32;14;20;60;182;100;0,39;0,23;2,01;0,41;33,82;33,82;4,46;3,04
2;BankAccountv2;state;33;20;29;8;28;100;0,42;0,55;0;0,09;34,82;34,82;1,52;1,07
2;BankAccountv2;transition;33;20;29;10;29;100;0,34;1,05;0;0,11;34,82;34,82;2,03;1,5
2;BankAccountv2;pair;33;20;29;100;351;100;0,5;0,4;5;0,89;35,82;36,82;8,94;6,79
2;BankAccountv2;state;34;13;21;6;18;100;0,42;0,51;0;0,13;36,82;36,82;1,54;1,06
2;BankAccountv2;transition;34;13;21;8;21;100;0,35;0,97;0;0,1;37,82;37,82;1,84;1,41
2;BankAccountv2;pair;34;13;21;69;203;100;0,31;0,34;2,75;0,47;38,82;38,82;5,31;3,87
2;BankAccountv2;state;35;13;21;6;18;100;0,31;0,46;0;0,06;38,82;38,82;1,19;0,83
2;BankAccountv2;transition;35;13;21;8;21;100;0,34;0,81;0;0,09;39,82;39,82;1,61;1,23
2;BankAccountv2;pair;35;13;21;71;211;100;0,7;0,24;2,85;0,56;40,82;40,82;6,03;4,34
2;BankAccountv2;state;36;13;21;6;19;100;0,32;0,39;0;0,07;40,82;40,82;1,11;0,78
2;BankAccountv2;transition;36;13;21;8;21;100;0,35;0,82;0;0,09;40,82;41,82;1,7;1,26
2;BankAccountv2;pair;36;13;21;58;180;100;0,26;0,28;2,39;0,46;41,82;42,82;5,62;3,39
2;BankAccountv2;state;37;13;20;5;18;100;0,44;0,49;0;0,06;42,82;42,82;1,43;0,99
2;BankAccountv2;transition;37;13;20;7;20;100;0,29;0,64;0;0,09;42,82;42,82;1,49;1,02
2;BankAccountv2;pair;37;13;20;33;115;100;0,4;0,22;1,26;0,25;43,82;43,82;3,15;2,13
2;BankAccountv2;state;38;17;24;6;22;100;0,37;0,54;0;0,08;43,82;43,82;1,44;0,99
2;BankAccountv2;transition;38;17;24;8;24;100;0,33;0,89;0;0,1;44,82;44,82;1,71;1,31
2;BankAccountv2;pair;38;17;24;65;238;100;0,38;0,26;3,76;0,54;45,82;45,82;6,47;4,95
2;BankAccountv2;state;39;14;20;6;20;100;0,39;0,44;0;0,06;46,82;46,82;1,27;0,89
2;BankAccountv2;transition;39;14;20;7;20;100;0,31;0,65;0;0,07;46,82;46,82;1,44;1,04
2;BankAccountv2;pair;39;14;20;46;146;100;0,31;0,27;1,9;0,36;47,82;47,82;3,95;2,85
2;BankAccountv2;state;40;17;28;8;25;100;0,41;0,5;0;0,09;47,82;47,82;1,58;1,01
2;BankAccountv2;transition;40;17;28;11;28;100;0,32;1,13;0;0,15;48,82;48,82;2,17;1,6
2;BankAccountv2;pair;40;17;28;120;357;100;0,49;0,64;6,22;1,34;49,82;50,82;11,09;8,69
2;BankAccountv2;state;41;20;33;8;28;100;0,46;0,57;0;0,12;50,82;50,82;1,62;1,15
2;BankAccountv2;transition;41;20;33;12;33;100;0,39;1,29;0;0,22;50,82;51,82;2,44;1,91
2;BankAccountv2;pair;41;20;33;125;441;100;0,39;0,5;7,71;1,68;52,82;53,82;12,55;10,29
2;BankAccountv2;state;42;14;20;7;21;100;0,48;0,72;0;0,08;53,82;53,82;1,74;1,28
2;BankAccountv2;transition;42;14;20;7;20;100;0,33;0,75;0;0,09;54,82;54,82;1,52;1,17
2;BankAccountv2;pair;42;14;20;58;174;100;0,36;0,6;1,91;0,49;54,82;55,82;4,52;3,36
2;BankAccountv2;state;43;22;36;10;34;100;0,47;0,73;0;0,16;55,82;55,82;1,96;1,36
2;BankAccountv2;transition;43;22;36;13;36;100;1,95;1,34;0;0,27;56,82;56,82;4,44;3,55
2;BankAccountv2;pair;43;22;36;165;552;100;0,55;0,66;10,23;2;57,82;58,82;16,13;13,44
2;BankAccountv2;state;44;12;18;5;16;100;0,59;0,48;0;0,07;59,82;59,82;1,55;1,14
2;BankAccountv2;transition;44;12;18;7;18;100;0,43;1,01;0;0,11;59,82;59,82;2,01;1,55
2;BankAccountv2;pair;44;12;18;50;154;100;0,34;0,31;2,45;0,58;60,82;60,82;5,02;3,68
2;BankAccountv2;state;45;21;33;9;30;100;0,62;0,85;0;0,19;60,82;60,82;2,14;1,66
2;BankAccountv2;transition;45;21;33;12;33;100;0,6;1,52;0;0,37;61,82;61,82;3,14;2,49
2;BankAccountv2;pair;45;21;33;157;542;100;0,56;0,72;12,93;1,7;63,82;64,82;18,79;15,91
2;BankAccountv2;state;46;18;26;7;27;100;0,42;0,73;0;0,11;64,82;64,82;1,71;1,26
2;BankAccountv2;transition;46;18;26;8;26;100;0,32;1,03;0;0,14;65,82;65,82;1,97;1,49
2;BankAccountv2;pair;46;18;26;54;226;100;0,34;0,32;3,1;0,7;66,82;66,82;5,92;4,46
2;BankAccountv2;state;47;11;16;5;16;100;0,35;0,35;0;0,07;66,82;66,82;1,14;0,77
2;BankAccountv2;transition;47;11;16;5;16;100;0,28;0,68;0;0,08;66,82;66,82;1,43;1,03
2;BankAccountv2;pair;47;11;16;24;79;100;0,31;0,24;1,03;0,27;67,82;67,82;2,77;1,85
2;BankAccountv2;state;48;14;20;6;20;100;0,42;0,5;0;0,12;67,82;67,82;1,5;1,04
2;BankAccountv2;transition;48;14;20;7;20;100;0,54;0,86;0;0,09;68,82;68,82;1,92;1,49
2;BankAccountv2;pair;48;14;20;48;154;100;0,4;0,3;2,2;0,55;68,82;69,82;5,77;3,45
2;BankAccountv2;state;49;13;19;6;19;100;0,43;0,69;0;0,09;69,82;69,82;1,69;1,2
2;BankAccountv2;transition;49;13;19;7;19;100;0,41;0,78;0;0,09;69,82;69,82;1,77;1,28
2;BankAccountv2;pair;49;13;19;49;152;100;0,81;10,76;2,29;0,43;70,82;70,82;15,61;14,28
2;BankAccountv2;state;50;17;26;6;23;100;0,35;0,54;0;0,12;71,82;71,82;1,35;1,01
2;BankAccountv2;transition;50;17;26;9;26;100;0,33;1;0;0,15;71,82;71,82;1,83;1,48
2;BankAccountv2;pair;50;17;26;63;245;100;0,33;0,35;7,74;0,7;72,82;72,82;10,61;9,13
2;BankAccountv2;state;51;14;23;6;19;100;0,46;0,54;0;0,09;73,82;73,82;1,67;1,09
2;BankAccountv2;transition;51;14;23;9;23;100;0,38;1,61;0;0,14;73,82;73,82;2,51;2,12
2;BankAccountv2;pair;51;14;23;77;226;100;0,56;0,44;2,81;0,67;74,82;74,82;6,23;4,48
2;BankAccountv2;state;52;20;31;8;30;100;0,5;0,51;0;0,13;75,82;75,82;1,6;1,14
2;BankAccountv2;transition;52;20;31;11;31;100;0,38;1,24;0;0,16;75,82;75,82;2,19;1,77
2;BankAccountv2;pair;52;20;31;101;384;100;0,6;0,76;7,1;1,97;77,82;77,82;12,66;10,44
2;BankAccountv2;state;53;16;26;8;24;100;0,49;0,7;0;0,28;78,82;78,82;2,13;1,47
2;BankAccountv2;transition;53;16;26;10;26;100;0,47;0,95;0;0,13;78,82;78,82;1,97;1,54
2;BankAccountv2;pair;53;16;26;110;328;100;0,51;0,61;6,62;1,54;79,82;80,82;11,96;9,27
2;BankAccountv2;state;54;23;38;10;35;100;0,5;0,66;0;0,13;80,82;80,82;1,74;1,29
2;BankAccountv2;transition;54;23;38;14;38;100;0,42;1,29;0;0,2;81,82;81,82;2,41;1,92
2;BankAccountv2;pair;54;23;38;177;590;100;0,41;0,63;10,41;4,42;83,82;84,82;18,88;15,86
2;BankAccountv2;state;55;19;27;8;27;100;0,71;0,72;0;0,14;84,82;84,82;2;1,56
2;BankAccountv2;transition;55;19;27;9;27;100;0,47;1,3;0;0,31;85,82;85,82;2,71;2,08
2;BankAccountv2;pair;55;19;27;96;346;100;0,47;0,48;4,64;1,27;86,82;87,82;11,52;6,86
2;BankAccountv2;state;56;12;19;4;15;100;0,45;0,47;0;0,06;87,82;87,82;1,49;0,99
2;BankAccountv2;transition;56;12;19;7;19;100;0,67;0,79;0;0,09;87,82;87,82;1,95;1,55
2;BankAccountv2;pair;56;12;19;33;106;100;0,41;0,42;1,35;0,32;88,82;88,82;4,25;2,5
2;BankAccountv2;state;57;16;22;5;20;100;0,59;0,59;0;0,08;88,82;88,82;1,61;1,25
2;BankAccountv2;transition;57;16;22;7;22;100;0,51;0,89;0;0,11;89,82;89,82;1,95;1,51
2;BankAccountv2;pair;57;16;22;45;177;100;0,41;0,27;1,89;0,61;90,82;90,82;4,72;3,18
2;BankAccountv2;state;58;18;28;7;25;100;0,41;0,44;0;0,1;90,82;90,82;1,3;0,96
2;BankAccountv2;transition;58;18;28;10;28;100;0,38;0,99;0;0,14;91,82;91,82;1,94;1,52
2;BankAccountv2;pair;58;18;28;89;319;100;0,38;0,44;20,26;0,75;92,94;5,94;23,58;21,83
2;BankAccountv2;state;59;11;16;5;15;100;0,3;0,32;0;0,05;6,94;6,94;0,98;0,67
2;BankAccountv2;transition;59;11;16;6;16;100;0,27;0,43;0;0,05;6,94;6,94;1,13;0,76
2;BankAccountv2;pair;59;11;16;40;117;100;0,25;0,23;1,13;0,22;7,94;7,94;2,64;1,83
2;BankAccountv2;state;60;15;24;7;22;100;0,39;0,41;0;0,07;7,94;7,94;1,15;0,87
2;BankAccountv2;transition;60;15;24;9;24;100;0,32;0,68;0;0,09;7,94;8,94;1,41;1,09
2;BankAccountv2;pair;60;15;24;81;254;100;0,35;0,29;3,03;0,55;9,94;9,94;5,66;4,22
2;BankAccountv2;state;61;12;19;5;16;100;0,34;0,34;0;0,06;9,94;9,94;1,05;0,74
2;BankAccountv2;transition;61;12;19;7;19;100;0,28;0,59;0;0,08;10,94;10,94;1,25;0,95
2;BankAccountv2;pair;61;12;19;50;160;100;0,29;0,2;1,38;0,29;10,94;11,94;3,26;2,17
2;BankAccountv2;state;62;20;29;8;28;100;0,34;0,4;0;0,08;11,94;11,94;1,07;0,83
2;BankAccountv2;transition;62;20;29;10;29;100;0,36;0,73;0;0,11;11,94;12,94;1,54;1,2
2;BankAccountv2;pair;62;20;29;100;351;100;0,35;0,41;3,39;0,6;13,94;13,94;6,71;4,75
2;BankAccountv2;state;63;22;36;10;34;100;0,36;0,45;0;0,12;14,94;14,94;1,35;0,92
2;BankAccountv2;transition;63;22;36;13;36;100;0,46;0,93;0;0,16;14,94;14,94;2,03;1,55
2;BankAccountv2;pair;63;22;36;167;564;100;0,3;0,47;8,03;1,37;16,94;17,94;11,92;10,16
2;BankAccountv2;state;64;20;33;8;28;100;0,31;0,43;0;0,09;18,94;18,94;1,16;0,83
2;BankAccountv2;transition;64;20;33;12;33;100;0,33;0,76;0;0,12;18,94;18,94;1,53;1,2
2;BankAccountv2;pair;64;20;33;125;441;100;0,26;0,36;4,92;1,02;20,94;21,94;8,29;6,56
2;BankAccountv2;state;65;13;21;6;18;100;0,33;0,36;0;0,06;21,94;21,94;1,12;0,75
2;BankAccountv2;transition;65;13;21;8;21;100;0,43;0,62;0;0,09;21,94;21,94;1,86;1,14
2;BankAccountv2;pair;65;13;21;73;219;100;0,28;0,28;1,85;0,49;22,94;22,94;3,97;2,9
2;BankAccountv2;state;66;18;28;7;24;100;0,48;0,44;0;0,09;23,94;23,94;1,26;1
2;BankAccountv2;transition;66;18;28;10;28;100;0,34;0,76;0;0,12;23,94;23,94;1,52;1,22
2;BankAccountv2;pair;66;18;28;107;367;100;0,38;0,27;3,12;0,72;25,94;25,94;5,76;4,49
2;BankAccountv2;state;67;15;26;7;22;100;0,26;0,35;0;0,06;26,94;26,94;0,9;0,67
2;BankAccountv2;transition;67;15;26;10;26;100;0,23;0,61;0;0,12;26,94;26,94;1,32;0,96
2;BankAccountv2;pair;67;15;26;91;273;100;0,23;0,35;3,09;0,69;27,94;28,94;5,61;4,35
2;BankAccountv2;state;68;15;21;5;19;100;0,4;0,34;0;0,06;28,94;28,94;1,04;0,8
2;BankAccountv2;transition;68;15;21;7;21;100;0,31;0,62;0;0,08;28,94;28,94;1,27;1
2;BankAccountv2;pair;68;15;21;43;165;100;0,26;0,19;1,29;0,33;29,94;29,94;2,95;2,08
2;BankAccountv2;state;69;14;21;7;23;100;0,28;0,33;0;0,13;30,94;30,94;0,98;0,74
2;BankAccountv2;transition;69;14;21;7;21;100;0,22;0,58;0;0,07;30,94;30,94;1,15;0,87
2;BankAccountv2;pair;69;14;21;45;141;100;0,33;0,2;1,17;0,3;31,94;31,94;3,29;2,01
2;BankAccountv2;state;70;22;34;9;31;100;0,43;0,51;0;0,09;31,94;31,94;1,3;1,03
2;BankAccountv2;transition;70;22;34;13;34;100;0,35;0,85;0;0,14;32,94;32,94;1,76;1,34
2;BankAccountv2;pair;70;22;34;167;564;100;0,34;0,41;7,18;1,18;34,94;35,94;11,35;9,1
2;BankAccountv2;state;71;15;20;5;19;100;0,38;0,39;0;0,07;35,94;36,94;1,1;0,84
2;BankAccountv2;transition;71;15;20;6;20;100;0,28;0,52;0;0,05;36,94;36,94;1,11;0,85
2;BankAccountv2;pair;71;15;20;38;155;100;0,25;0,21;1,41;0,28;37,94;37,94;3,16;2,14
2;BankAccountv2;state;72;11;16;5;16;100;0,29;0,31;0;0,05;37,94;37,94;0,91;0,65
2;BankAccountv2;transition;72;11;16;5;16;100;0,29;0,51;0;0,06;37,94;37,94;1,19;0,86
2;BankAccountv2;pair;72;11;16;25;82;100;0,21;0,17;0,68;0,14;38,94;38,94;1,99;1,19
2;BankAccountv2;state;73;11;16;5;15;100;0,26;0,34;0;0,04;38,94;38,94;0,85;0,64
2;BankAccountv2;transition;73;11;16;6;16;100;0,27;0,53;0;0,08;39,94;39,94;1,19;0,87
2;BankAccountv2;pair;73;11;16;42;125;100;0,25;0,18;1,27;0,23;39,94;39,94;2,96;1,93
2;BankAccountv2;state;74;13;22;6;19;100;0,28;0,34;0;0,05;40,94;40,94;0,9;0,67
2;BankAccountv2;transition;74;13;22;8;22;100;0,21;0,55;0;0,1;40,94;40,94;1,15;0,86
2;BankAccountv2;pair;74;13;22;55;174;100;0,27;0,42;1,8;0,39;41,94;41,94;3,72;2,88
2;BankAccountv2;state;75;18;31;9;29;100;0,31;0,36;0;0,09;41,94;41,94;1,03;0,76
2;BankAccountv2;transition;75;18;31;12;31;100;0,26;0,73;0;0,12;42,94;42,94;1,42;1,11
2;BankAccountv2;pair;75;18;31;127;374;100;0,24;0,38;3,94;0,89;43,94;44,94;6,69;5,46
2;BankAccountv2;state;76;18;27;7;26;100;0,36;0,47;0;0,07;44,94;44,94;1,18;0,91
2;BankAccountv2;transition;76;18;27;9;27;100;0,33;0,67;0;0,11;44,94;45,94;1,39;1,1
2;BankAccountv2;pair;76;18;27;62;255;100;0,34;0,27;2,64;0,47;46,94;46,94;4,8;3,71
2;BankAccountv2;state;77;17;24;6;22;100;0,34;0,39;0;0,06;46,94;46,94;1,05;0,79
2;BankAccountv2;transition;77;17;24;8;24;100;0,29;0,64;0;0,08;47,94;47,94;1,29;1,01
2;BankAccountv2;pair;77;17;24;65;238;100;0,32;0,33;2,55;0,62;48,94;48,94;5;3,82
2;BankAccountv2;state;78;16;23;5;20;100;0,43;0,49;0;0,08;48,94;48,94;1,32;0,99
2;BankAccountv2;transition;78;16;23;8;23;100;0,41;0,72;0;0,09;49,94;49,94;1,53;1,23
2;BankAccountv2;pair;78;16;23;55;215;100;0,31;0,25;2,04;0,38;50,94;50,94;4,05;2,98
2;BankAccountv2;state;79;13;18;6;19;100;0,31;0,36;0;0,05;50,94;50,94;0,96;0,72
2;BankAccountv2;transition;79;13;18;6;18;100;0,27;0,47;0;0,06;51,94;51,94;1,06;0,8
2;BankAccountv2;pair;79;13;18;37;122;100;0,3;0,25;1,01;0,25;51,94;51,94;2,64;1,82
2;BankAccountv2;state;80;18;25;7;25;100;0,36;0,52;0;0,07;52,94;52,94;1,19;0,95
2;BankAccountv2;transition;80;18;25;8;25;100;0,32;0,63;0;0,07;52,94;52,94;1,29;1,03
2;BankAccountv2;pair;80;18;25;70;271;100;0,27;0,26;2,26;0,52;53,94;54,94;4,48;3,3
2;BankAccountv2;state;81;14;23;6;20;100;0,24;0,33;0;0,07;54,94;54,94;0,91;0,64
2;BankAccountv2;transition;81;14;23;9;23;100;0,29;0,57;0;0,09;54,94;54,94;1,24;0,94
2;BankAccountv2;pair;81;14;23;61;186;100;0,24;0,36;1,93;0,37;55,94;55,94;4,88;2,91
2;BankAccountv2;state;82;19;28;7;26;100;0,48;0,47;0;0,07;56,94;56,94;1,35;1,02
2;BankAccountv2;transition;82;19;28;10;28;100;0,31;0,73;0;0,08;56,94;56,94;1,41;1,12
2;BankAccountv2;pair;82;19;28;89;333;100;0,28;0,31;3,29;0,63;57,94;58,94;5,71;4,52
2;BankAccountv2;state;83;20;30;9;31;100;0,29;0,34;0;0,09;58,94;58,94;0,96;0,72
2;BankAccountv2;transition;83;20;30;10;30;100;0,25;0,65;0;0,11;59,94;59,94;1,27;1
2;BankAccountv2;pair;83;20;30;108;385;100;0,24;0,32;4,18;0,73;60,94;61,94;6,66;5,46
2;BankAccountv2;state;84;11;16;5;16;100;0,23;0,27;0;0,04;61,94;61,94;0,85;0,55
2;BankAccountv2;transition;84;11;16;5;16;100;0,21;0,37;0;0,05;61,94;61,94;0,89;0,63
2;BankAccountv2;pair;84;11;16;22;72;100;0,2;0,14;0,54;0,12;62,94;62,94;1,55;1,01
2;BankAccountv2;state;85;16;25;8;24;100;0,27;0,33;0;0,07;62,94;62,94;0,89;0,68
2;BankAccountv2;transition;85;16;25;10;25;100;0,27;0,59;0;0,11;62,94;62,94;1,21;0,97
2;BankAccountv2;pair;85;16;25;110;322;100;0,31;0,29;2,76;0,59;64,94;64,94;4,99;3,95
2;BankAccountv2;state;86;13;21;6;19;100;0,24;0,25;0;0,05;64,94;64,94;0,75;0,54
2;BankAccountv2;transition;86;13;21;8;21;100;0,22;0,4;0;0,12;65,94;65,94;1;0,74
2;BankAccountv2;pair;86;13;21;55;168;100;0,2;0,21;1,15;0,33;65,94;66,94;2,62;1,89
2;BankAccountv2;state;87;14;18;4;17;100;0,27;0,29;0;0,05;66,94;66,94;0,81;0,61
2;BankAccountv2;transition;87;14;18;5;18;100;0,25;0,42;0;0,05;66,94;66,94;0,96;0,73
2;BankAccountv2;pair;87;14;18;22;101;100;0,25;0,13;0,63;0,17;67,94;67,94;1,78;1,18
2;BankAccountv2;state;88;15;24;8;24;100;0,28;0,37;0;0,06;67,94;67,94;0,96;0,71
2;BankAccountv2;transition;88;15;24;9;24;100;0,26;0,54;0;0,08;68,94;68,94;1,13;0,88
2;BankAccountv2;pair;88;15;24;74;216;100;0,26;0,25;1,71;0,44;69,94;69,94;3,5;2,65
2;BankAccountv2;state;89;16;24;6;22;100;0,3;0,34;0;0,06;69,94;69,94;0,94;0,7
2;BankAccountv2;transition;89;16;24;8;24;100;0,28;0,61;0;0,08;70,94;70,94;1,23;0,97
2;BankAccountv2;pair;89;16;24;51;195;100;0,29;0,24;1,39;0,38;71,94;71,94;3,31;2,3
2;BankAccountv2;state;90;14;23;6;20;100;0,23;0,26;0;0,06;71,94;71,94;0,75;0,54
2;BankAccountv2;transition;90;14;23;9;23;100;0,19;0,47;0;0,07;72,94;72,94;0,97;0,74
2;BankAccountv2;pair;90;14;23;64;198;100;0,23;0,2;1,49;0,39;72,94;73,94;3,06;2,32
2;BankAccountv2;state;91;16;24;6;22;100;0,32;0,38;0;0,06;73,94;73,94;0,98;0,76
2;BankAccountv2;transition;91;16;24;8;24;100;0,28;0,56;0;0,08;73,94;73,94;1,17;0,92
2;BankAccountv2;pair;91;16;24;51;195;100;0,29;0,21;1,38;0,59;74,94;75,94;4,07;2,47
2;BankAccountv2;state;92;20;30;8;28;100;0,43;0,68;0;0,17;75,94;75,94;1,7;1,28
2;BankAccountv2;transition;92;20;30;11;30;100;0,49;0,93;0;0,15;75,94;75,94;1,97;1,56
2;BankAccountv2;pair;92;20;30;113;392;100;0,45;0,65;4,68;1,12;77,94;77,94;8,95;6,9
2;BankAccountv2;state;93;15;24;7;24;100;0,31;0,45;0;0,08;78,94;78,94;1,18;0,83
2;BankAccountv2;transition;93;15;24;9;24;100;0,42;0,54;0;0,11;78,94;78,94;1,44;1,08
2;BankAccountv2;pair;93;15;24;64;209;100;0,37;0,31;2,33;0,57;79,94;79,94;4,9;3,58
2;BankAccountv2;state;94;23;37;10;35;100;0,37;0,55;0;0,14;80,94;80,94;1,4;1,06
2;BankAccountv2;transition;94;23;37;14;37;100;0,41;0,89;0;0,18;80,94;80,94;1,9;1,48
2;BankAccountv2;pair;94;23;37;177;596;100;0,35;0,71;8,57;1,86;82,94;83,94;13,53;11,49
2;BankAccountv2;state;95;10;13;4;13;100;0,38;0,34;0;0,05;83,94;83,94;1,12;0,77
2;BankAccountv2;transition;95;10;13;4;13;100;0,31;0,38;0;0,05;84,94;84,94;1,04;0,74
2;BankAccountv2;pair;95;10;13;19;61;100;0,28;0,24;0,62;0,14;84,94;84,94;1,92;1,28
2;BankAccountv2;state;96;18;28;7;25;100;0,33;0,4;0;0,09;84,94;84,94;1,12;0,81
2;BankAccountv2;transition;96;18;28;10;28;100;0,26;0,75;0;0,14;85,94;85,94;1,51;1,15
2;BankAccountv2;pair;96;18;28;89;319;100;0,31;0,48;3,63;0,96;86,94;87,94;6,8;5,38
2;BankAccountv2;state;97;18;27;6;23;100;0,4;0,52;0;0,09;87,94;87,94;1,38;1,01
2;BankAccountv2;transition;97;18;27;10;27;100;0,43;0,78;0;0,13;87,94;87,94;1,74;1,35
2;BankAccountv2;pair;97;18;27;85;303;100;0,45;0,37;3,37;0,78;89,94;89,94;6,39;4,97
2;BankAccountv2;state;98;14;18;4;17;100;0,39;0,39;0;0,06;89,94;89,94;1,19;0,84
2;BankAccountv2;transition;98;14;18;5;18;100;0,42;0,71;0;0,08;90,94;90,94;1,58;1,2
2;BankAccountv2;pair;98;14;18;22;101;100;0,31;0,19;1,08;0,24;90,94;90,94;2,67;1,82
2;BankAccountv2;state;99;16;23;5;20;100;0,37;0,48;0;0,07;91,94;91,94;1,25;0,92
2;BankAccountv2;transition;99;16;23;8;23;100;0,44;0,71;0;0,11;91,94;91,94;1,69;1,26
2;BankAccountv2;pair;99;16;23;50;190;100;0,37;0,27;1,61;0,47;92,94;92,94;3,99;2,72
2;BankAccountv2;state;100;15;26;7;22;100;0,33;0,38;0;0,08;92,94;92,94;1,11;0,79
2;BankAccountv2;transition;100;15;26;10;26;100;0,31;0,99;0;0,18;93,94;93,94;2;1,49
2;BankAccountv2;pair;100;15;26;91;273;100;0,34;0,58;3,63;1,23;94,94;94,94;7,27;5,79
2;BankAccountv2;state;101;15;24;7;22;100;0,56;0,68;0;0,11;95,94;95,94;1,78;1,35
2;BankAccountv2;transition;101;15;24;9;24;100;0,45;1,06;0;0,15;95,94;95,94;2,3;1,66
2;BankAccountv2;pair;101;15;24;81;254;100;0,62;4,14;3,46;0,85;96,94;96,94;10,95;9,06
2;BankAccountv2;state;102;15;23;7;22;100;0,48;0,58;0;0,09;97,94;97,94;1,55;1,15
2;BankAccountv2;transition;102;15;23;9;23;100;0,37;0,72;0;0,12;97,94;97,94;1,77;1,21
2;BankAccountv2;pair;102;15;23;81;248;100;0,42;0,41;2,9;0,75;98,94;98,94;6,38;4,47
2;BankAccountv2;state;103;18;31;9;29;100;0,32;0,43;0;0,13;99,94;99,94;1,23;0,88
2;BankAccountv2;transition;103;18;31;12;31;100;0,32;0,88;0;0,18;99,94;99,94;1,75;1,39
2;BankAccountv2;pair;103;18;31;132;394;100;0,31;0,59;4,49;1,36;101,94;101,94;8,03;6,76
2;BankAccountv2;state;104;11;15;4;14;100;0,3;0,36;0;0,04;102,94;102,94;1;0,7
2;BankAccountv2;transition;104;11;15;5;15;100;0,29;0,43;0;0,05;102,94;102,94;1,08;0,77
2;BankAccountv2;pair;104;11;15;25;82;100;0,32;0,12;0,66;0,22;102,94;102,94;2,06;1,32
2;BankAccountv2;state;105;19;28;7;26;100;0,53;0,6;0;0,1;103,94;103,94;1,54;1,23
2;BankAccountv2;transition;105;19;28;10;28;100;0,43;1,21;0;0,14;103,94;103,94;2,16;1,78
2;BankAccountv2;pair;105;19;28;91;348;100;0,38;0,33;3,39;0,95;105,94;105,94;6,61;5,05
2;BankAccountv2;state;106;17;23;6;23;100;0,38;0,46;0;0,12;105,94;105,94;1,45;0,96
2;BankAccountv2;transition;106;17;23;7;23;100;0,42;0,74;0;0,09;106,94;106,94;1,61;1,25
2;BankAccountv2;pair;106;17;23;48;200;100;0,42;0,22;2,06;0,54;107,94;107,94;4,59;3,24
2;BankAccountv2;state;107;13;18;6;19;100;0,39;0,42;0;0,07;107,94;107,94;1,2;0,88
2;BankAccountv2;transition;107;13;18;6;18;100;0,32;0,63;0;0,07;108,94;108,94;1,37;1,02
2;BankAccountv2;pair;107;13;18;33;106;100;0,33;0,16;1,01;0,31;108,94;108,94;2,54;1,8
2;BankAccountv2;state;108;13;18;6;19;100;0,32;0,4;0;0,07;109,94;109,94;1,05;0,79
2;BankAccountv2;transition;108;13;18;6;18;100;0,33;0,76;0;0,08;109,94;109,94;1,53;1,18
2;BankAccountv2;pair;108;13;18;40;127;100;0,33;0,19;1,1;0,41;110,94;110,94;2,89;2,03
2;BankAccountv2;state;109;18;31;9;29;100;0,33;0,49;0;0,12;110,94;110,94;1,26;0,94
2;BankAccountv2;transition;109;18;31;12;31;100;0,32;0,85;0;0,17;110,94;111,94;1,75;1,34
2;BankAccountv2;pair;109;18;31;127;374;100;0,35;0,4;4,34;1,4;112,94;113,94;7,81;6,49
2;BankAccountv2;state;110;15;26;7;22;100;0,38;0,42;0;0,07;113,94;113,94;1,19;0,87
2;BankAccountv2;transition;110;15;26;10;26;100;0,28;0,74;0;0,12;113,94;113,94;1,6;1,14
2;BankAccountv2;pair;110;15;26;91;273;100;0,29;0,36;2,64;0,82;114,94;115,94;5,11;4,11
2;BankAccountv2;state;111;21;32;9;32;100;0,34;0,56;0;0,17;115,94;115,94;1,5;1,07
2;BankAccountv2;transition;111;21;32;11;32;100;0,37;0,79;0;0,16;115,94;115,94;1,83;1,32
2;BankAccountv2;pair;111;21;32;118;415;100;0,33;0,45;4,4;1,06;117,94;117,94;7,59;6,25
2;BankAccountv2;state;112;17;25;6;23;100;0,37;0,44;0;0,07;118,94;118,94;1,21;0,89
2;BankAccountv2;transition;112;17;25;8;25;100;0,33;0,69;0;0,12;118,94;118,94;1,45;1,15
2;BankAccountv2;pair;112;17;25;53;205;100;0,27;0,21;1,82;0,46;119,94;119,94;3,59;2,75
2;BankAccountv2;state;113;10;15;3;12;100;0,33;0,31;0;0,07;119,94;119,94;0,96;0,72
2;BankAccountv2;transition;113;10;15;5;15;100;0,46;0,56;0;0,05;120,94;120,94;1,35;1,07
2;BankAccountv2;pair;113;10;15;14;51;100;0,3;0,14;0,85;0,16;120,94;120,94;4,02;1,46
2;BankAccountv2;state;114;12;18;5;16;100;0,43;0,5;0;0,05;121,94;121,94;1,27;0,97
2;BankAccountv2;transition;114;12;18;7;18;100;0,36;0,68;0;0,08;121,94;121,94;1,44;1,12
2;BankAccountv2;pair;114;12;18;50;154;100;0,3;0,15;1,18;0,39;122,94;122,94;2,92;2,01
2;BankAccountv2;state;115;13;22;6;19;100;0,31;0,35;0;0,07;122,94;122,94;1,06;0,73
2;BankAccountv2;transition;115;13;22;8;22;100;0,46;0,78;0;0,08;122,94;122,94;1,68;1,32
2;BankAccountv2;pair;115;13;22;58;186;100;0,33;0,2;1,63;0,47;123,94;123,94;3,54;2,63
2;BankAccountv2;state;116;14;21;6;20;100;0,45;0,42;0;0,06;124,94;124,94;1,25;0,94
2;BankAccountv2;transition;116;14;21;8;21;100;0,38;0,78;0;0,07;124,94;124,94;1,56;1,23
2;BankAccountv2;pair;116;14;21;50;161;100;0,34;0,18;1,32;0,59;125,94;125,94;3,32;2,42
2;BankAccountv2;state;117;16;23;6;22;100;0,31;0,41;0;0,06;125,94;125,94;1,04;0,78
2;BankAccountv2;transition;117;16;23;7;23;100;0,28;0,71;0;0,09;126,94;126,94;1,59;1,08
2;BankAccountv2;pair;117;16;23;43;168;100;0,33;0,23;1,6;0,47;126,94;127,94;3,58;2,62
2;BankAccountv2;state;118;22;35;9;33;100;0,41;0,49;0;0,1;127,94;127,94;1,27;1
2;BankAccountv2;transition;118;22;35;13;35;100;0,38;1,14;0;0,16;127,94;127,94;2,03;1,69
2;BankAccountv2;pair;118;22;35;142;500;100;0,49;0,41;6;1,27;129,94;130,94;9,66;8,18
2;BankAccountv2;state;119;17;23;6;23;100;0,43;0,73;0;0,06;130,94;130,94;1,54;1,22
2;BankAccountv2;transition;119;17;23;7;23;100;0,32;0,73;0;0,09;131,94;131,94;1,54;1,14
2;BankAccountv2;pair;119;17;23;44;184;100;0,34;0,2;1,56;0,43;131,94;132,94;3,53;2,53
2;BankAccountv2;state;120;19;28;8;29;100;0,39;0,5;0;0,1;132,94;132,94;1,27;0,98
2;BankAccountv2;transition;120;19;28;9;28;100;0,27;0,6;0;0,09;132,94;132,94;1,2;0,95
2;BankAccountv2;pair;120;19;28;80;305;100;0,29;0,23;2,75;0,67;133,94;134,94;4,76;3,94
2;BankAccountv2;state;121;14;20;6;20;100;0,49;0,48;0;0,06;134,94;134,94;1,32;1,03
2;BankAccountv2;transition;121;14;20;7;20;100;0,4;0,84;0;0,07;135,94;135,94;1,65;1,31
2;BankAccountv2;pair;121;14;20;48;154;100;0,35;0,17;1,48;0,38;135,94;136,94;3,28;2,39
2;BankAccountv2;state;122;18;28;7;24;100;0,65;0,48;0;0,07;136,94;136,94;1,64;1,21
2;BankAccountv2;transition;122;18;28;10;28;100;0,39;1,01;0;0,17;136,94;136,94;1,9;1,58
2;BankAccountv2;pair;122;18;28;102;347;100;0,48;0,3;3,67;0,96;138,94;138,94;6,72;5,42
2;BankAccountv2;state;123;15;20;5;19;100;0,4;0,57;0;0,05;138,94;138,94;1,27;1,02
2;BankAccountv2;transition;123;15;20;6;20;100;0,38;0,75;0;0,08;139,94;139,94;1,56;1,21
2;BankAccountv2;pair;123;15;20;40;159;100;0,39;0,16;1,44;0,32;140,94;140,94;3,25;2,31
2;BankAccountv2;state;124;16;25;8;24;100;0,37;0,41;0;0,09;140,94;140,94;1,12;0,86
2;BankAccountv2;transition;124;16;25;10;25;100;0,44;0,78;0;0,14;140,94;141,94;1,67;1,36
2;BankAccountv2;pair;124;16;25;107;310;100;0,4;0,28;3,07;0,8;142,94;142,94;5,58;4,56
2;BankAccountv2;state;125;17;28;8;27;100;0,39;0,38;0;0,08;142,94;142,94;1,15;0,85
2;BankAccountv2;transition;125;17;28;11;28;100;0,32;0,7;0;0,12;143,94;143,94;1,45;1,14
2;BankAccountv2;pair;125;17;28;99;304;100;0,31;0,33;2,87;0,77;144,94;144,94;5,24;4,28
2;BankAccountv2;state;126;19;29;7;25;100;18,34;0,6;0;0,07;5,78;5,78;19,51;19,01
2;BankAccountv2;transition;126;19;29;11;29;100;0,44;0,95;0;0,11;5,78;5,78;1,87;1,5
2;BankAccountv2;pair;126;19;29;117;393;100;0,41;0,35;4,39;0,91;7,78;7,78;7,34;6,07
2;BankAccountv2;state;127;21;32;9;32;100;0,35;0,49;0;0,11;8,78;8,78;1,28;0,95
2;BankAccountv2;transition;127;21;32;11;32;100;0,38;0,85;0;0,13;8,78;8,78;1,7;1,36
2;BankAccountv2;pair;127;21;32;113;395;100;0,31;0,38;4,22;0,88;9,78;10,78;7,11;5,79
2;BankAccountv2;state;128;13;22;6;19;100;0,3;0,28;0;0,05;10,78;10,78;0,82;0,63
2;BankAccountv2;transition;128;13;22;8;22;100;0,31;0,73;0;0,11;11,78;11,78;1,47;1,15
2;BankAccountv2;pair;128;13;22;57;182;100;0,25;0,21;1,53;0,53;11,78;12,78;3,29;2,51
2;BankAccountv2;state;129;19;28;8;29;100;0,31;0,35;0;0,09;12,78;12,78;0,96;0,75
2;BankAccountv2;transition;129;19;28;9;28;100;0,33;1,05;0;0,14;12,78;12,78;1,8;1,51
2;BankAccountv2;pair;129;19;28;80;305;100;0,31;0,27;2,95;0,75;13,78;14,78;5,42;4,27
2;BankAccountv2;state;130;12;18;5;16;100;0,4;0,42;0;0,05;14,78;14,78;1,14;0,87
2;BankAccountv2;transition;130;12;18;7;18;100;0,35;0,54;0;0,07;14,78;15,78;1,24;0,95
2;BankAccountv2;pair;130;12;18;50;154;100;0,3;0,14;1,28;0,41;15,78;15,78;2,89;2,13
2;BankAccountv2;state;131;15;22;7;22;100;0,47;0,41;0;0,08;16,78;16,78;1,22;0,95
2;BankAccountv2;transition;131;15;22;8;22;100;0,38;0,83;0;0,09;16,78;16,78;1,71;1,3
2;BankAccountv2;pair;131;15;22;68;202;100;0,37;0,21;1,89;0,52;17,78;17,78;3,95;2,99
2;BankAccountv2;state;132;15;23;7;22;100;0,38;0,47;0;0,07;18,78;18,78;1,17;0,91
2;BankAccountv2;transition;132;15;23;9;23;100;0,34;0,72;0;0,11;18,78;18,78;1,48;1,17
2;BankAccountv2;pair;132;15;23;81;248;100;0,34;0,25;2,5;0,58;19,78;19,78;4,67;3,66
2;BankAccountv2;state;133;14;23;6;19;100;0,39;0,39;0;0,05;20,78;20,78;1,06;0,84
2;BankAccountv2;transition;133;14;23;9;23;100;0,47;0,75;0;0,1;20,78;20,78;1,6;1,32
2;BankAccountv2;pair;133;14;23;81;242;100;0,32;0,23;2,4;0,58;21,78;21,78;4,47;3,52
2;BankAccountv2;state;134;22;35;9;33;100;0,38;0,44;0;0,1;22,78;22,78;1,18;0,91
2;BankAccountv2;transition;134;22;35;13;35;100;0,32;1,07;0;0,17;22,78;22,78;1,91;1,56
2;BankAccountv2;pair;134;22;35;139;482;100;0,32;0,42;5,67;1,19;24,78;25,78;8,98;7,6
2;BankAccountv2;state;135;14;21;6;20;100;0,4;0,45;0;0,07;25,78;25,78;1,22;0,92
2;BankAccountv2;transition;135;14;21;8;21;100;0,37;0,68;0;0,08;25,78;25,78;1,4;1,14
2;BankAccountv2;pair;135;14;21;56;182;100;0,35;0,18;1,6;0,39;26,78;26,78;3,38;2,52
2;BankAccountv2;state;136;10;14;4;14;100;0,24;0,27;0;0,04;27,78;27,78;0,94;0,55
2;BankAccountv2;transition;136;10;14;4;14;100;0,35;0,43;0;0,04;27,78;27,78;1,09;0,82
2;BankAccountv2;pair;136;10;14;11;41;100;0,2;0,1;0,4;0,14;27,78;27,78;1,33;0,84
2;BankAccountv2;state;137;18;27;6;23;100;0,43;0,5;0;0,07;28,78;28,78;1,25;1
2;BankAccountv2;transition;137;18;27;10;27;100;0,37;0,83;0;0,15;28,78;28,78;1,63;1,35
2;BankAccountv2;pair;137;18;27;87;311;100;0,4;0,27;3,05;0,78;29,78;30,78;5,7;4,5
2;BankAccountv2;state;138;13;19;6;19;100;0,36;0,4;0;0,06;30,78;30,78;1,1;0,81
2;BankAccountv2;transition;138;13;19;7;19;100;0,33;0,6;0;0,07;30,78;30,78;1,27;1
2;BankAccountv2;pair;138;13;19;39;124;100;0,3;0,16;1,04;0,31;31,78;31,78;2,6;1,81
2;BankAccountv2;state;139;12;17;5;16;100;0,31;0,41;0;0,05;31,78;31,78;1,01;0,76
2;BankAccountv2;transition;139;12;17;6;17;100;0,36;0,53;0;0,05;32,78;32,78;1,19;0,94
2;BankAccountv2;pair;139;12;17;42;127;100;0,26;0,15;1,13;0,31;32,78;33,78;2,52;1,86
2;BankAccountv2;state;140;12;18;5;16;100;0,31;0,33;0;0,05;33,78;33,78;0,91;0,69
2;BankAccountv2;transition;140;12;18;7;18;100;0,28;0,61;0;0,07;33,78;33,78;1,32;0,96
2;BankAccountv2;pair;140;12;18;49;142;100;0,28;0,15;1,21;0,35;34,78;34,78;2,71;2
2;BankAccountv2;state;141;13;20;6;18;100;0,36;0,42;0;0,06;34,78;34,78;1,08;0,83
2;BankAccountv2;transition;141;13;20;8;20;100;0,34;0,66;0;0,09;35,78;35,78;1,37;1,1
2;BankAccountv2;pair;141;13;20;71;205;100;0,3;0,2;1,84;0,5;36,78;36,78;3,65;2,85
2;BankAccountv2;state;142;17;26;7;24;100;0,41;0,52;0;0,08;36,78;36,78;1,3;1,01
2;BankAccountv2;transition;142;17;26;9;26;100;0,37;0,78;0;0,09;37,78;37,78;1,54;1,24
2;BankAccountv2;pair;142;17;26;75;263;100;0,37;0,26;2,66;0,67;38,78;38,78;5,1;3,96
2;BankAccountv2;state;143;20;31;8;29;100;0,5;0,5;0;0,09;38,78;38,78;1,36;1,09
2;BankAccountv2;transition;143;20;31;11;31;100;0,44;0,94;0;0,21;39,78;39,78;2,06;1,59
2;BankAccountv2;pair;143;20;31;99;369;100;1,52;0,31;3,91;0,96;40,78;41,78;8,18;6,7
2;BankAccountv2;state;144;17;29;9;28;100;0,33;0,41;0;0,08;41,78;41,78;1,13;0,82
2;BankAccountv2;transition;144;17;29;11;29;100;0,3;0,78;0;0,14;41,78;42,78;1,52;1,21
2;BankAccountv2;pair;144;17;29;119;353;100;0,26;0,31;3,76;0,94;43,78;43,78;6,63;5,27
2;BankAccountv2;state;145;12;19;5;17;100;0,3;0,38;0;0,05;44,78;44,78;1,03;0,73
2;BankAccountv2;transition;145;12;19;7;19;100;0,23;0,5;0;0,07;44,78;44,78;1,07;0,8
2;BankAccountv2;pair;145;12;19;37;124;100;0,23;0,17;1,08;0,25;44,78;45,78;2,48;1,73
2;BankAccountv2;state;146;17;25;6;23;100;0,3;0,3;0;0,06;45,78;45,78;1,02;0,66
2;BankAccountv2;transition;146;17;25;8;25;100;0,29;0,68;0;0,08;45,78;45,78;1,39;1,05
2;BankAccountv2;pair;146;17;25;50;193;100;0,26;0,23;1,56;0,43;46,78;46,78;3,25;2,48
2;BankAccountv2;state;147;14;24;7;21;100;0,27;0,39;0;0,07;47,78;47,78;1,05;0,73
2;BankAccountv2;transition;147;14;24;9;24;100;0,26;0,71;0;0,1;47,78;47,78;1,41;1,06
2;BankAccountv2;pair;147;14;24;83;250;100;0,32;0,29;2,3;0,56;48,78;48,78;4,3;3,47
2;BankAccountv2;state;148;23;38;10;35;100;0,35;0,52;0;0,11;49,78;49,78;1,25;0,99
2;BankAccountv2;transition;148;23;38;14;38;100;0,35;1,05;0;0,17;49,78;49,78;1,88;1,57
2;BankAccountv2;pair;148;23;38;183;626;100;0,35;0,5;7,6;1,6;51,78;52,78;12,05;10,05
2;BankAccountv2;state;149;10;13;4;13;100;0,28;0,26;0;0,05;52,78;53,78;0,77;0,59
2;BankAccountv2;transition;149;10;13;4;13;100;0,25;0,47;0;0,03;53,78;53,78;0,99;0,76
2;BankAccountv2;pair;149;10;13;18;57;100;0,27;0,11;0,52;0,14;53,78;53,78;1,62;1,04
2;BankAccountv2;state;150;21;33;9;32;100;0,33;0,49;0;0,09;54,78;54,78;1,18;0,9
2;BankAccountv2;transition;150;21;33;12;33;100;0,32;0,81;0;0,14;54,78;54,78;1,61;1,27
2;BankAccountv2;pair;150;21;33;134;479;100;0,36;0,39;5,55;1,21;56,78;56,78;8,83;7,51
2;BankAccountv2;state;151;15;22;7;22;100;0,59;0,56;0;0,07;57,78;57,78;1,51;1,22
2;BankAccountv2;transition;151;15;22;8;22;100;0,45;0,77;0;0,08;57,78;57,78;1,63;1,3
2;BankAccountv2;pair;151;15;22;68;202;100;0,44;0,31;2,28;0,62;58,78;58,78;4,73;3,66
2;BankAccountv2;state;152;17;27;8;25;100;0,61;0,54;0;0,11;59,78;59,78;1,58;1,27
2;BankAccountv2;transition;152;17;27;11;27;100;0,5;0,86;0;0,14;59,78;59,78;1,89;1,5
2;BankAccountv2;pair;152;17;27;115;331;100;0,49;0,33;5,36;0,87;60,78;61,78;8,37;7,05
2;BankAccountv2;state;153;20;30;8;30;100;0,31;0,36;0;0,07;61,78;61,78;1,04;0,75
2;BankAccountv2;transition;153;20;30;10;30;100;0,27;0,79;0;0,15;61,78;62,78;1,55;1,2
2;BankAccountv2;pair;153;20;30;89;336;100;0,3;0,33;3,39;0,75;63,78;63,78;5,91;4,77
2;BankAccountv2;state;154;21;32;8;29;100;0,48;0,53;0;0,06;64,78;64,78;1,29;1,06
2;BankAccountv2;transition;154;21;32;12;32;100;0,23;0,49;0;0,07;64,78;64,78;1;0,79
2;BankAccountv2;pair;154;21;32;132;471;100;0,23;0,23;3,51;0,73;66,78;67,78;5,71;4,7
2;BankAccountv2;state;155;21;33;9;32;100;0,28;0,31;0;0,06;67,78;67,78;0,84;0,65
2;BankAccountv2;transition;155;21;33;12;33;100;0,19;0,53;0;0,11;67,78;67,78;1,14;0,84
2;BankAccountv2;pair;155;21;33;134;479;100;0,2;0,25;3,6;0,74;69,78;70,78;5,92;4,79
2;BankAccountv2;state;156;12;18;5;16;100;0,25;0,2;0;0,04;70,78;70,78;0,63;0,49
2;BankAccountv2;transition;156;12;18;7;18;100;0,23;0,38;0;0,05;70,78;70,78;0,85;0,66
2;BankAccountv2;pair;156;12;18;51;150;100;0,18;0,08;0,86;0,2;71,78;71,78;1,87;1,33
2;BankAccountv2;state;157;13;20;5;17;100;0,2;0,22;0;0,03;71,78;71,78;0,6;0,46
2;BankAccountv2;transition;157;13;20;8;20;100;0,17;0,33;0;0,04;72,78;72,78;0,67;0,53
2;BankAccountv2;pair;157;13;20;56;172;100;0,17;0,09;0,95;0,24;73,78;73,78;1,96;1,45
2;BankAccountv2;state;158;16;26;8;26;100;0,17;0,21;0;0,04;73,78;73,78;0,54;0,42
2;BankAccountv2;transition;158;16;26;10;26;100;0,16;0,37;0;0,08;73,78;74,78;0,78;0,61
2;BankAccountv2;pair;158;16;26;91;280;100;0,17;0,15;1,67;0,4;75,78;75,78;2,96;2,39
2;BankAccountv2;state;159;15;21;5;20;100;0,17;0,21;0;0,04;75,78;75,78;0,58;0,42
2;BankAccountv2;transition;159;15;21;6;21;100;0,17;0,35;0;0,08;76,78;76,78;0,79;0,6
2;BankAccountv2;pair;159;15;21;28;125;100;0,15;0,1;1,12;0,14;76,78;76,78;1,96;1,5
2;BankAccountv2;state;160;17;28;8;25;100;0,22;0,34;0;0,08;77,78;77,78;0,79;0,64
2;BankAccountv2;transition;160;17;28;11;28;100;0,25;0,5;0;0,08;77,78;77,78;1,03;0,83
2;BankAccountv2;pair;160;17;28;115;337;100;0,23;0,2;2,02;0,49;78,78;79,78;3,74;2,93
2;BankAccountv2;state;161;16;25;8;26;100;0,19;0,2;0;0,04;79,78;79,78;0,57;0,43
2;BankAccountv2;transition;161;16;25;9;25;100;0,19;0,41;0;0,05;80,78;80,78;0,83;0,65
2;BankAccountv2;pair;161;16;25;78;232;100;0,18;0,28;1,41;0,32;80,78;81,78;2,77;2,18
2;BankAccountv2;state;162;11;16;5;16;100;0,17;0,2;0;0,03;81,78;81,78;0,57;0,4
2;BankAccountv2;transition;162;11;16;5;16;100;0,14;0,28;0;0,04;81,78;81,78;0,6;0,45
2;BankAccountv2;pair;162;11;16;24;78;100;0,16;0,07;0,42;0,09;82,78;82,78;1,12;0,75
2;BankAccountv2;state;163;17;25;6;23;100;0,18;0,24;0;0,05;82,78;82,78;0,63;0,47
2;BankAccountv2;transition;163;17;25;8;25;100;0,18;0,39;0;0,05;82,78;83,78;0,8;0,62
2;BankAccountv2;pair;163;17;25;50;193;100;0,2;0,12;1;0,29;83,78;84,78;2,31;1,6
2;BankAccountv2;state;164;15;20;5;19;100;0,18;0,2;0;0,04;84,78;84,78;0,53;0,42
2;BankAccountv2;transition;164;15;20;6;20;100;0,21;0,39;0;0,04;84,78;84,78;0,79;0,64
2;BankAccountv2;pair;164;15;20;38;155;100;0,18;0,08;0,82;0,17;85,78;85,78;1,77;1,25
2;BankAccountv2;state;165;21;34;9;32;100;0,21;0,26;0;0,07;85,78;85,78;0,69;0,53
2;BankAccountv2;transition;165;21;34;12;34;100;0,23;0,53;0;0,09;86,78;86,78;1,03;0,85
2;BankAccountv2;pair;165;21;34;129;455;100;0,21;0,22;3,1;0,61;88,78;88,78;4,86;4,14
2;BankAccountv2;state;166;21;32;9;32;100;0,23;0,3;0;0,08;88,78;89,78;0,79;0,61
2;BankAccountv2;transition;166;21;32;11;32;100;0,18;0,64;0;0,09;89,78;89,78;1,12;0,91
2;BankAccountv2;pair;166;21;32;113;395;100;0,18;0,19;3,94;0,68;90,78;91,78;5,82;5
2;BankAccountv2;state;167;22;35;9;31;100;0,34;0,4;0;0,08;91,78;91,78;1;0,82
2;BankAccountv2;transition;167;22;35;13;35;100;0,34;0,75;0;0,11;92,78;92,78;1,42;1,21
2;BankAccountv2;pair;167;22;35;167;570;100;0,31;0,29;5,91;0,89;94,78;95,78;8,47;7,4
2;BankAccountv2;state;168;18;26;7;27;100;0,24;0,24;0;0,06;95,78;95,78;0,74;0,54
2;BankAccountv2;transition;168;18;26;8;26;100;0,26;0,48;0;0,07;95,78;95,78;1,02;0,81
2;BankAccountv2;pair;168;18;26;56;233;100;0,22;0,16;1,71;0,38;96,78;97,78;3,39;2,47
2;BankAccountv2;state;169;13;20;5;18;100;0,26;0,24;0;0,03;97,78;97,78;0,72;0,54
2;BankAccountv2;transition;169;13;20;7;20;100;0,23;0,5;0;0,07;97,78;97,78;0,98;0,79
2;BankAccountv2;pair;169;13;20;33;115;100;0,22;0,11;0,69;0,19;98,78;98,78;1,76;1,2
2;BankAccountv2;state;170;21;32;9;30;100;0,3;0,37;0;0,07;98,78;99,78;0,93;0,75
2;BankAccountv2;transition;170;21;32;12;32;100;0,43;0,65;0;0,12;99,78;99,78;3,13;1,2
2;BankAccountv2;pair;170;21;32;157;536;100;0,35;0,25;8,09;0,95;101,78;102,78;10,76;9,65
2;BankAccountv2;state;171;19;31;8;27;100;0,36;0,27;0;0,07;102,78;102,78;0,92;0,7
2;BankAccountv2;transition;171;19;31;11;31;100;0,23;0,46;0;0,07;103,78;103,78;0,97;0,77
2;BankAccountv2;pair;171;19;31;119;407;100;0,31;0,22;3,97;0,62;104,78;105,78;6,22;5,12
2;BankAccountv2;state;172;21;32;8;29;100;0,27;0,3;0;0,06;105,78;105,78;0,78;0,63
2;BankAccountv2;transition;172;21;32;12;32;100;0,21;0,57;0;0,07;106,78;106,78;1,01;0,85
2;BankAccountv2;pair;172;21;32;132;471;100;0,2;0,18;8,29;0,65;107,78;108,78;10,17;9,33
2;BankAccountv2;state;173;11;15;5;15;100;0,23;0,3;0;0,03;108,78;108,78;0,74;0,56
2;BankAccountv2;transition;173;11;15;5;15;100;0,18;0,44;0;0,03;109,78;109,78;0,82;0,65
2;BankAccountv2;pair;173;11;15;35;107;100;0,18;0,08;0,63;0,15;109,78;109,78;1,41;1,04
2;BankAccountv2;state;174;10;13;4;13;100;0,21;0,34;0;0,03;110,78;110,78;0,72;0,57
2;BankAccountv2;transition;174;10;13;4;13;100;0,14;0,29;0;0,03;110,78;110,78;0,61;0,47
2;BankAccountv2;pair;174;10;13;19;61;100;0,16;0,06;0,34;0,08;110,78;110,78;1,01;0,64
2;BankAccountv2;state;175;21;34;9;32;100;0,22;0,26;0;0,06;111,78;111,78;0,68;0,54
2;BankAccountv2;transition;175;21;34;12;34;100;0,18;0,54;0;0,1;111,78;111,78;1;0,82
2;BankAccountv2;pair;175;21;34;129;455;100;0,2;0,25;3,84;0,71;113,78;113,78;5,84;5
2;BankAccountv2;state;176;11;15;4;14;100;0,3;0,24;0;0,03;114,78;114,78;0,76;0,58
2;BankAccountv2;transition;176;11;15;5;15;100;0,21;0,36;0;0,03;114,78;114,78;0,79;0,6
2;BankAccountv2;pair;176;11;15;24;78;100;0,18;0,06;0,41;0,12;114,78;115,78;1,15;0,78
2;BankAccountv2;state;177;20;31;8;28;100;0,39;0,31;0;0,05;115,78;115,78;0,92;0,76
2;BankAccountv2;transition;177;20;31;11;31;100;0,29;0,6;0;0,08;115,78;115,78;1,16;0,97
2;BankAccountv2;pair;177;20;31;122;444;100;0,22;0,2;3,91;2,82;117,78;118,78;8,24;7,15
2;BankAccountv2;state;178;19;31;8;27;100;0,25;0,21;0;0,1;118,78;118,78;0,7;0,56
2;BankAccountv2;transition;178;19;31;11;31;100;0,16;0,42;0;0,08;118,78;118,78;0,79;0,65
2;BankAccountv2;pair;178;19;31;114;387;100;0,16;0,17;2,31;0,5;120,78;120,78;3,78;3,15
2;BankAccountv2;state;179;15;24;7;23;100;0,25;0,23;0;0,04;121,78;121,78;0,63;0,51
2;BankAccountv2;transition;179;15;24;9;24;100;0,15;0,35;0;0,05;121,78;121,78;0,66;0,55
2;BankAccountv2;pair;179;15;24;57;178;100;0,16;0,11;1,07;0,27;122,78;122,78;2,09;1,6
2;BankAccountv2;state;180;22;35;9;31;100;0,34;0,36;0;0,09;122,78;123,78;0,97;0,79
2;BankAccountv2;transition;180;22;35;13;35;100;0,3;0,67;0;0,2;123,78;123,78;1,37;1,16
2;BankAccountv2;pair;180;22;35;168;574;100;0,31;0,33;4,85;1,03;125,78;126,78;7,47;6,52
2;BankAccountv2;state;181;13;20;5;18;100;0,44;0,35;0;0,05;126,78;126,78;1,08;0,83
2;BankAccountv2;transition;181;13;20;7;20;100;0,18;0,37;0;0,05;127,78;127,78;0,78;0,6
2;BankAccountv2;pair;181;13;20;34;118;100;0,18;0,11;0,72;0,15;127,78;127,78;1,64;1,15
2;BankAccountv2;state;182;17;24;6;23;100;0,33;0,29;0;0,04;128,78;128,78;0,82;0,66
2;BankAccountv2;transition;182;17;24;8;24;100;0,21;0,43;0;0,06;128,78;128,78;0,85;0,7
2;BankAccountv2;pair;182;17;24;56;230;100;0,2;0,15;1,72;0,3;129,78;129,78;3,17;2,36
2;BankAccountv2;state;183;14;21;7;23;100;0,24;0,27;0;0,05;130,78;130,78;0,79;0,56
2;BankAccountv2;transition;183;14;21;7;21;100;0,25;0,45;0;0,05;130,78;130,78;0,98;0,75
2;BankAccountv2;pair;183;14;21;45;141;100;0,37;0,12;1,01;0,23;131,78;131,78;2,31;1,73
2;BankAccountv2;state;184;15;24;7;24;100;0,23;0,48;0;0,14;131,78;131,78;1,27;0,85
2;BankAccountv2;transition;184;15;24;9;24;100;0,2;0,52;0;0,06;131,78;131,78;0,94;0,78
2;BankAccountv2;pair;184;15;24;64;209;100;0,45;0,14;1,36;0,43;132,78;133,78;3,12;2,37
2;BankAccountv2;state;185;17;29;9;28;100;0,31;0,31;0;0,06;133,78;133,78;0,82;0,67
2;BankAccountv2;transition;185;17;29;11;29;100;0,19;1,04;0;0,09;133,78;133,78;1,53;1,32
2;BankAccountv2;pair;185;17;29;122;365;100;0,21;0,23;3,67;0,62;135,78;135,78;5,43;4,72
2;BankAccountv2;state;186;17;26;6;22;100;0,33;0,51;0;0,07;135,78;136,78;1,2;0,91
2;BankAccountv2;transition;186;17;26;9;26;100;0,31;0,71;0;0,07;136,78;136,78;1,33;1,09
2;BankAccountv2;pair;186;17;26;79;290;100;0,36;0,21;2,26;0,42;137,78;138,78;3,9;3,24
2;BankAccountv2;state;187;15;24;8;24;100;0,26;0,35;0;0,33;138,78;138,78;1,19;0,95
2;BankAccountv2;transition;187;15;24;9;24;100;0,28;0,45;0;0,06;138,78;138,78;0,92;0,78
2;BankAccountv2;pair;187;15;24;80;238;100;0,23;0,37;1,54;0,51;139,78;140,78;3,32;2,65
2;BankAccountv2;state;188;21;33;9;30;100;0,31;0,39;0;0,27;140,78;140,78;1,28;0,97
2;BankAccountv2;transition;188;21;33;12;33;100;0,5;0,68;0;0,1;140,78;140,78;1,5;1,28
2;BankAccountv2;pair;188;21;33;157;542;100;0,43;0,26;6,17;1,17;142,78;143,78;9,64;8,03
2;BankAccountv2;state;189;12;18;5;17;100;0,21;0,33;0;0,06;143,78;143,78;0,83;0,59
2;BankAccountv2;transition;189;12;18;6;18;100;0,31;0,34;0;0,04;144,78;144,78;0,95;0,69
2;BankAccountv2;pair;189;12;18;30;98;100;0,29;0,13;0,77;0,14;144,78;144,78;1,72;1,33
2;BankAccountv2;state;190;15;20;5;19;100;0,27;0,28;0;0,03;145,78;145,78;0,73;0,59
2;BankAccountv2;transition;190;15;20;6;20;100;0,44;0,7;0;0,38;145,78;145,78;1,76;1,53
2;BankAccountv2;pair;190;15;20;38;151;100;0,21;0,1;1,54;0,58;146,78;146,78;3;2,43
2;BankAccountv2;state;191;11;15;4;14;100;0,28;0,27;0;0,04;146,78;146,78;0,82;0,59
2;BankAccountv2;transition;191;11;15;5;15;100;0,19;0,34;0;0,04;146,78;147,78;0,77;0,57
2;BankAccountv2;pair;191;11;15;25;82;100;0,18;0,07;0,5;0,11;147,78;147,78;1,24;0,86
2;BankAccountv2;state;192;16;22;5;20;100;0,27;0,35;0;0,05;147,78;147,78;0,86;0,68
2;BankAccountv2;transition;192;16;22;7;22;100;0,25;0,45;0;0,24;148,78;148,78;1,13;0,93
2;BankAccountv2;pair;192;16;22;45;177;100;0,21;0,12;1,17;0,24;149,78;149,78;2,41;1,75
2;BankAccountv2;state;193;12;19;5;16;100;0,21;0,24;0;0,04;149,78;149,78;0,62;0,49
2;BankAccountv2;transition;193;12;19;7;19;100;0,19;0,4;0;0,07;149,78;149,78;0,86;0,66
2;BankAccountv2;pair;193;12;19;50;160;100;0,26;0,11;1,32;0,24;150,78;150,78;2,42;1,92
2;BankAccountv2;state;194;20;30;8;28;100;0,47;0,3;0;0,09;151,78;151,78;1,02;0,86
2;BankAccountv2;transition;194;20;30;11;30;100;0,24;0,86;0;0,09;151,78;151,78;1,39;1,19
2;BankAccountv2;pair;194;20;30;122;438;100;0,24;0,21;4,25;0,57;153,78;153,78;6,17;5,28
2;BankAccountv2;state;195;14;21;6;20;100;0,74;0,29;0;0,04;154,78;154,78;1,25;1,07
2;BankAccountv2;transition;195;14;21;8;21;100;0,19;0,41;0;0,05;154,78;154,78;0,82;0,66
2;BankAccountv2;pair;195;14;21;56;182;100;0,19;0,12;1,16;0,28;155,78;155,78;2,52;1,75
2;BankAccountv2;state;196;12;19;5;16;100;0,22;0,22;0;0,03;155,78;155,78;0,6;0,47
2;BankAccountv2;transition;196;12;19;7;19;100;0,19;0,38;0;0,05;156,78;156,78;0,75;0,61
2;BankAccountv2;pair;196;12;19;47;148;100;0,24;0,1;0,88;0,23;157,78;157,78;2,08;1,45
2;BankAccountv2;state;197;15;23;7;24;100;0,19;0,26;0;0,22;157,78;157,78;0,86;0,66
2;BankAccountv2;transition;197;15;23;8;23;100;0,17;0,42;0;0,06;157,78;157,78;0,81;0,65
2;BankAccountv2;pair;197;15;23;55;175;100;0,16;0,13;1,11;0,25;158,78;158,78;2,19;1,66
2;BankAccountv2;state;198;19;27;7;26;100;0,26;0,34;0;0,05;159,78;159,78;0,8;0,66
2;BankAccountv2;transition;198;19;27;9;27;100;0,23;0,82;0;0,07;159,78;159,78;1,49;1,12
2;BankAccountv2;pair;198;19;27;78;297;100;0,24;0,2;2,25;0,41;160,78;161,78;3,9;3,1
2;BankAccountv2;state;199;18;29;7;25;100;0,23;0,25;0;0,06;161,78;161,78;0,69;0,53
2;BankAccountv2;transition;199;18;29;10;29;100;0,19;0,49;0;0,07;161,78;161,78;0,97;0,75
2;BankAccountv2;pair;199;18;29;89;325;100;0,21;0,19;2,41;0,59;163,78;163,78;4,15;3,39
2;BankAccountv2;state;200;16;23;6;22;100;0,21;0,2;0;0,04;163,78;163,78;0,61;0,45
2;BankAccountv2;transition;200;16;23;7;23;100;0,21;0,55;0;0,08;164,78;164,78;1,08;0,83
2;BankAccountv2;pair;200;16;23;43;168;100;0,21;0,14;1,01;0,25;164,78;165,78;2,26;1,6
2;BankAccountv2;state;201;15;24;7;22;100;0,26;0,29;0;0,05;165,78;165,78;0,86;0,61
2;BankAccountv2;transition;201;15;24;9;24;100;0,23;0,53;0;0,07;165,78;165,78;1,02;0,83
2;BankAccountv2;pair;201;15;24;81;254;100;0,22;0,13;2,51;0,38;166,78;167,78;4,09;3,25
2;BankAccountv2;state;202;17;26;7;24;100;0,3;0,33;0;0,05;167,78;167,78;0,85;0,68
2;BankAccountv2;transition;202;17;26;9;26;100;0,28;0,53;0;0,07;167,78;167,78;1,08;0,88
2;BankAccountv2;pair;202;17;26;75;263;100;0,24;0,17;1,88;0,38;168,78;169,78;3,48;2,67
2;BankAccountv2;state;203;16;22;6;21;100;0,28;0,47;0;0,04;169,78;169,78;0,99;0,79
2;BankAccountv2;transition;203;16;22;7;22;100;0,21;0,51;0;0,05;170,78;170,78;1,01;0,77
2;BankAccountv2;pair;203;16;22;57;205;100;0,19;0,12;1,39;0,27;170,78;171,78;2,67;1,97
2;BankAccountv2;state;204;19;27;7;26;100;0,28;0,28;0;0,05;171,78;171,78;0,93;0,62
2;BankAccountv2;transition;204;19;27;9;27;100;0,22;0,5;0;0,09;171,78;172,78;1,01;0,8
2;BankAccountv2;pair;204;19;27;77;293;100;0,24;0,14;1,9;0,36;173,78;173,78;3,41;2,64
2;BankAccountv2;state;205;17;23;6;23;100;0,27;0,3;0;0,05;173,78;173,78;0,82;0,62
2;BankAccountv2;transition;205;17;23;7;23;100;0,37;0,51;0;0,06;174,78;174,78;1,15;0,94
2;BankAccountv2;pair;205;17;23;44;184;100;0,24;0,11;1,12;0,24;175,78;175,78;2,3;1,71
2;BankAccountv2;state;206;19;30;7;25;100;0,33;0,87;0;1,05;175,78;175,78;2,85;2,25
2;BankAccountv2;transition;206;19;30;11;30;100;0,31;0,76;0;0,09;176,78;176,78;1,4;1,16
2;BankAccountv2;pair;206;19;30;117;399;100;0,26;0,44;3,32;1,87;177,78;178,78;7,59;5,88
2;BankAccountv2;state;207;17;28;9;28;100;0,23;0,3;0;0,08;178,78;178,78;0,94;0,61
2;BankAccountv2;transition;207;17;28;11;28;100;0,19;0,57;0;0,08;178,78;178,78;1,02;0,83
2;BankAccountv2;pair;207;17;28;119;347;100;0,21;0,19;11,07;0,61;180,78;180,78;12,82;12,08
2;BankAccountv2;state;208;19;28;7;26;100;0,3;0,34;0;0,08;180,78;181,78;0,88;0,71
2;BankAccountv2;transition;208;19;28;10;28;100;0,25;0,53;0;0,07;181,78;181,78;1,03;0,85
2;BankAccountv2;pair;208;19;28;89;333;100;0,23;0,18;2,68;0,5;182,78;183,78;4,42;3,59
2;BankAccountv2;state;209;15;20;5;19;100;0,24;0,24;0;0,04;183,78;183,78;0,67;0,52
2;BankAccountv2;transition;209;15;20;6;20;100;0,19;0,43;0;0,04;183,78;183,78;0,82;0,67
2;BankAccountv2;pair;209;15;20;42;171;100;0,21;0,09;0,94;0,19;184,78;184,78;1,97;1,44
2;BankAccountv2;state;210;12;17;5;16;100;0,21;0,22;0;0,03;185,78;185,78;0,59;0,46
2;BankAccountv2;transition;210;12;17;6;17;100;0,16;0,3;0;0,03;185,78;185,78;0,65;0,5
2;BankAccountv2;pair;210;12;17;40;119;100;0,17;0,13;0,71;0,17;186,78;186,78;1,57;1,18
2;BankAccountv2;state;211;18;27;7;26;100;0,28;0,35;0;0,06;186,78;186,78;0,83;0,69
2;BankAccountv2;transition;211;18;27;9;27;100;0,28;0,47;0;0,09;186,78;187,78;1,03;0,84
2;BankAccountv2;pair;211;18;27;64;261;100;0,23;0,15;1,94;0,33;188,78;188,78;3,38;2,65
2;BankAccountv2;state;212;16;22;5;20;100;0,28;0,25;0;0,04;188,78;188,78;0,73;0,57
2;BankAccountv2;transition;212;16;22;7;22;100;0,21;0,46;0;0,05;189,78;189,78;0,9;0,72
2;BankAccountv2;pair;212;16;22;43;169;100;0,23;0,11;1,15;36,68;189,78;190,84;38,8;38,16
2;BankAccountv2;state;213;19;28;8;29;100;1,51;1,33;0;0,1;5,84;5,84;3,78;2,94
2;BankAccountv2;transition;213;19;28;9;28;100;0,72;1,14;0;0,11;5,84;5,84;2,79;1,97
2;BankAccountv2;pair;213;19;28;80;305;100;0,22;0,22;3,22;0,49;6,84;7,84;4,95;4,15
2;BankAccountv2;state;214;12;18;6;18;100;0,22;0,21;0;0,04;7,84;7,84;0,6;0,46
2;BankAccountv2;transition;214;12;18;6;18;100;0,28;0,4;0;0,06;7,84;7,84;1,02;0,73
2;BankAccountv2;pair;214;12;18;40;121;100;0,16;0,11;0,69;0,19;8,84;8,84;1,65;1,15
2;BankAccountv2;state;215;14;21;7;21;100;0,33;0,26;0;0,05;8,84;8,84;0,82;0,63
2;BankAccountv2;transition;215;14;21;8;21;100;0,26;0,41;0;0,05;9,84;9,84;0,89;0,72
2;BankAccountv2;pair;215;14;21;64;184;100;0,21;0,12;1,12;0,29;10,84;10,84;2,33;1,75
2;BankAccountv2;state;216;13;19;6;21;100;0,19;0,21;0;0,04;10,84;10,84;0,6;0,44
2;BankAccountv2;transition;216;13;19;6;19;100;0,16;0,35;0;0,05;10,84;10,84;0,73;0,56
2;BankAccountv2;pair;216;13;19;25;88;100;0,14;0,09;0,51;0,12;11,84;11,84;1,28;0,86
2;BankAccountv2;state;217;23;37;10;35;100;0,27;0,28;0;0,07;11,84;11,84;0,76;0,62
2;BankAccountv2;transition;217;23;37;14;37;100;0,21;0,62;0;0,11;12,84;12,84;1,13;0,94
2;BankAccountv2;pair;217;23;37;183;620;100;0,2;0,31;8,54;0,99;14,84;15,84;11,09;10,04
2;BankAccountv2;state;218;14;22;6;19;100;0,24;0,23;0;0,04;15,84;15,84;0,65;0,5
2;BankAccountv2;transition;218;14;22;9;22;100;0,19;0,48;0;0,06;16,84;16,84;0,91;0,73
2;BankAccountv2;pair;218;14;22;81;236;100;0,25;0,13;1,29;0,28;17,84;17,84;2,42;1,95
2;BankAccountv2;state;219;20;30;8;28;100;0,31;0,29;0;0,05;17,84;17,84;0,78;0,65
2;BankAccountv2;transition;219;20;30;11;30;100;0,19;0,5;0;0,06;18,84;18,84;0,88;0,76
2;BankAccountv2;pair;219;20;30;122;438;100;0,19;0,17;3,8;0,6;19,84;20,84;5,58;4,76
2;BankAccountv2;state;220;22;34;9;31;100;0,36;0,45;0;0,09;20,84;20,84;1,14;0,91
2;BankAccountv2;transition;220;22;34;13;34;100;0,36;0,69;0;0,09;21,84;21,84;1,36;1,15
2;BankAccountv2;pair;220;22;34;167;564;100;0,29;0,25;4,81;0,84;23,84;24,84;7,38;6,19
2;BankAccountv2;state;221;12;17;5;16;100;0,29;0,19;0;0,04;24,84;24,84;0,68;0,52
2;BankAccountv2;transition;221;12;17;6;17;100;0,14;0,28;0;0,03;24,84;24,84;0,55;0,45
2;BankAccountv2;pair;221;12;17;42;127;100;0,14;0,08;0,62;0,22;25,84;25,84;1,67;1,05
2;BankAccountv2;state;222;19;28;8;29;100;0,14;0,16;0;0,04;25,84;25,84;0,44;0,34
2;BankAccountv2;transition;222;19;28;9;28;100;0,13;0,4;0;0,07;26,84;26,84;0,78;0,6
2;BankAccountv2;pair;222;19;28;80;305;100;0,21;0,16;2,06;0,41;27,84;27,84;3,64;2,84
2;BankAccountv2;state;223;16;22;6;21;100;0,38;0,34;0;0,04;28,84;28,84;0,93;0,76
2;BankAccountv2;transition;223;16;22;7;22;100;0,18;0,41;0;0,05;28,84;28,84;0,81;0,64
2;BankAccountv2;pair;223;16;22;57;205;100;0,19;0,11;1,05;0,29;29,84;29,84;2,2;1,64
2;BankAccountv2;state;224;12;18;5;16;100;0,22;0,26;0;0,04;29,84;29,84;0,7;0,51
2;BankAccountv2;transition;224;12;18;7;18;100;0,25;0,41;0;0,04;30,84;30,84;0,88;0,7
2;BankAccountv2;pair;224;12;18;51;150;100;0,17;0,09;0,86;0,19;30,84;31,84;1,83;1,32
2;BankAccountv2;state;225;12;16;5;17;100;0,19;0,28;0;0,04;31,84;31,84;0,66;0,51
2;BankAccountv2;transition;225;12;16;5;16;100;0,24;0,31;0;0,03;31,84;31,84;0,74;0,58
2;BankAccountv2;pair;225;12;16;21;73;100;0,17;0,07;0,36;0,09;32,84;32,84;1,1;0,69
2;BankAccountv2;state;226;13;21;5;17;100;0,22;0,47;0;0,07;32,84;32,84;0,9;0,76
2;BankAccountv2;transition;226;13;21;8;21;100;0,21;0,45;0;0,06;32,84;33,84;0,92;0,72
2;BankAccountv2;pair;226;13;21;52;157;100;0,21;0,12;1,06;0,22;33,84;33,84;2,42;1,62
2;BankAccountv2;state;227;20;30;9;31;100;0,28;0,27;0;0,08;34,84;34,84;0,83;0,63
2;BankAccountv2;transition;227;20;30;10;30;100;0,21;0,55;0;0,08;34,84;34,84;1,05;0,84
2;BankAccountv2;pair;227;20;30;103;365;100;0,21;0,23;2,89;0,51;35,84;36,84;4,62;3,84
2;BankAccountv2;state;228;15;22;4;18;100;0,28;0,28;0;0,03;36,84;36,84;0,81;0,59
2;BankAccountv2;transition;228;15;22;7;22;100;0,22;0,66;0;0,06;37,84;37,84;1,13;0,94
2;BankAccountv2;pair;228;15;22;35;151;100;0,23;0,12;0,88;0,24;37,84;38,84;2,03;1,47
2;BankAccountv2;state;229;15;23;8;25;100;0,2;0,25;0;0,06;38,84;38,84;0,68;0,51
2;BankAccountv2;transition;229;15;23;8;23;100;0,18;0,42;0;0,13;38,84;38,84;1,32;0,73
2;BankAccountv2;pair;229;15;23;67;197;100;0,2;0,13;1,27;0,48;39,84;39,84;2,95;2,08
2;BankAccountv2;state;230;11;15;5;15;100;0,2;0,24;0;0,02;40,84;40,84;0,6;0,46
2;BankAccountv2;transition;230;11;15;5;15;100;0,16;0,34;0;0,03;40,84;40,84;0,69;0,53
2;BankAccountv2;pair;230;11;15;35;107;100;0,19;0,09;0,58;0,15;40,84;41,84;1,39;1
2;BankAccountv2;state;231;20;30;9;31;100;0,38;0,3;0;0,08;41,84;41,84;1,03;0,77
2;BankAccountv2;transition;231;20;30;10;30;100;0,19;0,54;0;0,21;41,84;41,84;1,18;0,94
2;BankAccountv2;pair;231;20;30;103;365;100;0,19;0,19;3,39;0,7;43,84;43,84;5,4;4,47
2;BankAccountv2;state;232;20;31;8;28;100;0,31;0,39;0;0,05;43,84;43,84;0,93;0,76
2;BankAccountv2;transition;232;20;31;11;31;100;0,43;0,82;0;0,08;44,84;44,84;1,52;1,33
2;BankAccountv2;pair;232;20;31;122;444;100;0,25;0,23;3,25;0,64;46,84;46,84;5,23;4,37
2;BankAccountv2;state;233;19;30;7;26;100;0,22;0,27;0;0,06;46,84;46,84;0,72;0,55
2;BankAccountv2;transition;233;19;30;11;30;100;0,19;0,46;0;0,09;47,84;47,84;0,92;0,73
2;BankAccountv2;pair;233;19;30;95;338;100;0,22;0,22;2,65;0,57;48,84;49,84;4,48;3,66
2;BankAccountv2;state;234;20;30;8;28;100;0,3;0,39;0;0,05;49,84;49,84;0,91;0,74
2;BankAccountv2;transition;234;20;30;11;30;100;0,23;0,58;0;0,07;49,84;49,84;1,08;0,89
2;BankAccountv2;pair;234;20;30;122;438;100;0,27;0,23;3,87;0,68;51,84;52,84;5,99;5,06
2;BankAccountv2;state;235;16;27;8;26;100;0,23;0,27;0;0,05;52,84;52,84;0,71;0,55
2;BankAccountv2;transition;235;16;27;10;27;100;0,18;0,46;0;0,08;52,84;52,84;0,92;0,72
2;BankAccountv2;pair;235;16;27;91;286;100;0,26;0,21;1,81;0,39;53,84;54,84;3,29;2,66
2;BankAccountv2;state;236;19;30;7;25;100;0,31;0,3;0;0,06;54,84;54,84;0,9;0,67
2;BankAccountv2;transition;236;19;30;11;30;100;0,28;0,82;0;0,08;55,84;55,84;1,4;1,18
2;BankAccountv2;pair;236;19;30;112;379;100;0,24;0,21;3,06;0,63;56,84;57,84;4,99;4,14
2;BankAccountv2;state;237;17;25;6;22;100;0,27;0,31;0;0,05;57,84;57,84;0,81;0,63
2;BankAccountv2;transition;237;17;25;9;25;100;0,25;0,5;0;0,06;57,84;57,84;1,01;0,82
2;BankAccountv2;pair;237;17;25;79;284;100;0,26;0,17;2,69;0,38;58,84;59,84;4,22;3,5
2;BankAccountv2;state;238;11;16;4;14;100;0,23;0,23;0;0,03;59,84;59,84;0,64;0,48
2;BankAccountv2;transition;238;11;16;6;16;100;1,92;0,47;0;0,05;59,84;59,84;2,68;2,44
2;BankAccountv2;pair;238;11;16;29;91;100;0,2;0,08;0,52;0,14;60,84;60,84;1,43;0,94
2;BankAccountv2;state;239;22;36;10;34;100;0,21;0,26;0;0,07;60,84;60,84;0,68;0,54
2;BankAccountv2;transition;239;22;36;13;36;100;0,22;0,54;0;0,1;61,84;61,84;1,03;0,85
2;BankAccountv2;pair;239;22;36;165;552;100;0,19;0,28;5,8;1,02;63,84;64,84;8,32;7,29
2;BankAccountv2;state;240;12;19;4;15;100;0,26;0,21;0;0,03;64,84;64,84;0,66;0,51
2;BankAccountv2;transition;240;12;19;7;19;100;0,22;0,41;0;0,05;64,84;64,84;0,82;0,67
2;BankAccountv2;pair;240;12;19;33;106;100;0,19;0,1;0,64;0,16;65,84;65,84;1,55;1,09
2;BankAccountv2;state;241;14;22;6;20;100;0,2;0,25;0;0,05;65,84;65,84;0,82;0,5
2;BankAccountv2;transition;241;14;22;8;22;100;0,19;0,41;0;0,05;66,84;66,84;0,79;0,65
2;BankAccountv2;pair;241;14;22;52;163;100;0,19;0,12;0,87;0,22;66,84;67,84;1,85;1,4
2;BankAccountv2;state;242;19;27;8;27;100;0,29;0,29;0;0,05;67,84;67,84;0,79;0,63
2;BankAccountv2;transition;242;19;27;9;27;100;0,22;0,44;0;0,06;67,84;68,84;0,88;0,72
2;BankAccountv2;pair;242;19;27;91;326;100;0,22;0,17;2,26;0,55;69,84;69,84;3,89;3,2
2;BankAccountv2;state;243;16;23;5;20;100;0,26;0,27;0;0,04;69,84;69,84;0,7;0,57
2;BankAccountv2;transition;243;16;23;8;23;100;0,23;0,6;0;0,06;70,84;70,84;1,06;0,89
2;BankAccountv2;pair;243;16;23;50;190;100;0,27;0,12;1,13;0,2;71,84;71,84;2,25;1,72
2;BankAccountv2;state;244;13;18;6;19;100;0,19;0,22;0;0,04;71,84;71,84;0,64;0,45
2;BankAccountv2;transition;244;13;18;6;18;100;0,18;0,43;0;0,04;72,84;72,84;0,83;0,66
2;BankAccountv2;pair;244;13;18;42;135;100;0,18;0,09;0,76;0,18;72,84;72,84;1,61;1,21
2;BankAccountv2;state;245;17;26;6;22;100;0,25;0,26;0;0,09;73,84;73,84;0,73;0,6
2;BankAccountv2;transition;245;17;26;9;26;100;0,23;0,53;0;0,06;73,84;73,84;0,97;0,82
2;BankAccountv2;pair;245;17;26;79;290;100;0,21;0,14;1,79;0,41;74,84;75,84;3,24;2,56
2;BankAccountv2;state;246;15;24;7;24;100;0,2;0,21;0;0,05;75,84;75,84;0,62;0,46
2;BankAccountv2;transition;246;15;24;9;24;100;0,17;0,39;0;0,06;75,84;75,84;0,78;0,63
2;BankAccountv2;pair;246;15;24;60;195;100;0,17;0,13;1,28;0,26;76,84;76,84;2,33;1,84
2;BankAccountv2;state;247;20;29;8;28;100;0,32;0,33;0;0,06;77,84;77,84;0,96;0,72
2;BankAccountv2;transition;247;20;29;10;29;100;0,26;0,55;0;0,08;77,84;77,84;1,05;0,88
2;BankAccountv2;pair;247;20;29;105;371;100;0,24;0,2;2,93;0,6;79,84;79,84;4,76;3,98
2;BankAccountv2;state;248;12;19;5;17;100;0,23;0,18;0;0,03;79,84;79,84;0,6;0,45
2;BankAccountv2;transition;248;12;19;7;19;100;0,17;0,34;0;0,04;80,84;80,84;0,7;0,56
2;BankAccountv2;pair;248;12;19;37;124;100;0,15;0,08;0,68;0,17;80,84;80,84;1,46;1,08
2;BankAccountv2;state;249;20;30;8;30;100;0,22;0,27;0;0,06;81,84;81,84;0,68;0,55
2;BankAccountv2;transition;249;20;30;10;30;100;0,18;0,7;0;0,08;81,84;81,84;1,13;0,95
2;BankAccountv2;pair;249;20;30;88;332;100;0,18;0,19;2,44;0,5;82,84;83,84;4,03;3,31
2;BankAccountv2;state;250;21;34;9;32;100;0,23;0,27;0;0,07;83,84;83,84;0,72;0,57
2;BankAccountv2;transition;250;21;34;12;34;100;0,19;0,59;0;0,13;84,84;84,84;5,29;0,9
2;BankAccountv2;pair;250;21;34;129;455;100;0,35;0,24;4,54;0,7;85,84;86,84;6,66;5,83
2;BankAccountv2;state;251;18;25;7;25;100;0,29;0,34;0;0,05;86,84;86,84;0,85;0,68
2;BankAccountv2;transition;251;18;25;8;25;100;0,22;0,72;0;0,06;87,84;87,84;1,28;1
2;BankAccountv2;pair;251;18;25;70;271;100;0,23;0,13;1,81;0,33;88,84;88,84;3,05;2,5
2;BankAccountv2;state;252;19;28;8;27;100;0,27;0,32;0;0,06;88,84;88,84;0,79;0,65
2;BankAccountv2;transition;252;19;28;10;28;100;0,27;0,57;0;0,07;89,84;89,84;1,09;0,91
2;BankAccountv2;pair;252;19;28;105;370;100;0,27;0,19;3,87;0,62;90,84;91,84;5,75;4,96
2;BankAccountv2;state;253;18;25;7;25;100;0,28;0,28;0;0,05;91,84;91,84;0,77;0,61
2;BankAccountv2;transition;253;18;25;8;25;100;0,23;0,54;0;0,06;91,84;92,84;1,05;0,84
2;BankAccountv2;pair;253;18;25;70;271;100;0,22;0,15;1,86;0,37;93,84;93,84;3,27;2,59
2;BankAccountv2;state;254;15;23;7;22;100;0,26;0,25;0;0,05;93,84;93,84;0,7;0,55
2;BankAccountv2;transition;254;15;23;9;23;100;0,22;0,44;0;0,06;94,84;94,84;0,87;0,71
2;BankAccountv2;pair;254;15;23;73;212;100;0,2;7,8;1,45;0,3;95,84;95,84;10,32;9,76
2;BankAccountv2;state;255;12;18;5;17;100;0,18;0,19;0;0,03;95,84;95,84;0,54;0,4
2;BankAccountv2;transition;255;12;18;6;18;100;0,15;0,3;0;0,04;95,84;95,84;0,62;0,49
2;BankAccountv2;pair;255;12;18;29;94;100;0,14;0,09;0,62;0,13;96,84;96,84;1,39;0,98
2;BankAccountv2;state;256;13;20;5;17;100;0,19;0,21;0;0,03;96,84;96,84;0,54;0,43
2;BankAccountv2;transition;256;13;20;8;20;100;0,2;0,42;0;0,05;97,84;97,84;0,81;0,67
2;BankAccountv2;pair;256;13;20;54;164;100;0,18;0,1;0,98;0,27;97,84;98,84;2,02;1,52
2;BankAccountv2;state;257;17;28;8;27;100;0,19;0,24;0;0,06;98,84;98,84;0,64;0,5
2;BankAccountv2;transition;257;17;28;11;28;100;0,19;0,45;0;0,08;98,84;98,84;0,89;0,72
2;BankAccountv2;pair;257;17;28;99;304;100;0,18;0,6;2,02;0,44;99,84;100,84;3,88;3,24
2;BankAccountv2;state;258;12;19;4;15;100;0,26;0,21;0;0,03;100,84;100,84;0,65;0,51
2;BankAccountv2;transition;258;12;19;7;19;100;0,18;0,37;0;0,05;101,84;101,84;0,77;0,6
2;BankAccountv2;pair;258;12;19;36;116;100;0,18;0,12;0,66;0,21;101,84;101,84;1,61;1,17
2;BankAccountv2;state;259;15;23;7;24;100;0,16;0,21;0;0,04;102,84;102,84;0,53;0,41
2;BankAccountv2;transition;259;15;23;8;23;100;0,16;0,45;0;0,05;102,84;102,84;0,8;0,66
2;BankAccountv2;pair;259;15;23;52;163;100;0,14;0,14;0,87;0,2;103,84;103,84;1,73;1,35
2;BankAccountv2;state;260;20;31;8;30;100;0,18;0,28;0;0,06;103,84;103,84;0,81;0,51
2;BankAccountv2;transition;260;20;31;11;31;100;0,21;0,47;0;0,09;104,84;104,84;0,96;0,77
2;BankAccountv2;pair;260;20;31;101;384;100;0,17;0,2;3,01;0,51;105,84;105,84;4,58;3,9
2;BankAccountv2;state;261;16;27;8;26;100;0,29;0,27;0;0,05;106,84;106,84;0,76;0,61
2;BankAccountv2;transition;261;16;27;10;27;100;0,15;0,42;0;0,07;106,84;106,84;0,82;0,65
2;BankAccountv2;pair;261;16;27;91;286;100;0,15;0,2;1,89;0,58;107,84;108,84;3,39;2,82
2;BankAccountv2;state;262;14;21;7;21;100;3,6;0,31;0;0,05;108,84;108,84;4,19;3,95
2;BankAccountv2;transition;262;14;21;8;21;100;0,44;0,44;0;0,05;108,84;108,84;1,13;0,93
2;BankAccountv2;pair;262;14;21;70;206;100;0,2;0,19;1,52;0,28;109,84;109,84;3,72;2,19
2;BankAccountv2;state;263;16;22;6;21;100;0,26;0,24;0;0,04;110,84;110,84;0,67;0,54
2;BankAccountv2;transition;263;16;22;7;22;100;0,24;0,4;0;0,04;110,84;110,84;0,83;0,68
2;BankAccountv2;pair;263;16;22;57;205;100;0,26;0,46;1,66;0,31;111,84;111,84;3,87;2,69
2;BankAccountv2;state;264;20;30;8;30;100;0,21;0,34;0;0,09;112,84;112,84;0,84;0,64
2;BankAccountv2;transition;264;20;30;10;30;100;0,49;0,66;0;0,08;112,84;112,84;1,52;1,23
2;BankAccountv2;pair;264;20;30;88;332;100;0,3;0,3;2,88;0,63;113,84;114,84;4,94;4,1
2;BankAccountv2;state;265;12;19;5;16;100;0,34;0,23;0;0,06;114,84;114,84;0,79;0,63
2;BankAccountv2;transition;265;12;19;7;19;100;0,16;0,41;0;0,17;114,84;114,84;1,15;0,75
2;BankAccountv2;pair;265;12;19;48;143;100;0,26;0,16;1,45;0,24;115,84;115,84;2,73;2,1
2;BankAccountv2;state;266;17;26;6;22;100;0,36;0,43;0;0,12;115,84;116,84;1,11;0,91
2;BankAccountv2;transition;266;17;26;9;26;100;0,3;0,64;0;0,1;116,84;116,84;1,27;1,04
2;BankAccountv2;pair;266;17;26;79;290;100;6,77;0,31;2,03;0,41;117,84;117,84;10,4;9,52
2;BankAccountv2;state;267;15;23;7;24;100;0,25;0,27;0;0,04;118,84;118,84;0,71;0,56
2;BankAccountv2;transition;267;15;23;8;23;100;0,17;0,36;0;0,05;118,84;118,84;0,73;0,58
2;BankAccountv2;pair;267;15;23;52;163;100;0,14;0,15;1,11;0,29;119,84;119,84;2,32;1,69
2;BankAccountv2;state;268;18;25;7;25;100;1,59;0,37;0;0,05;119,84;119,84;2,28;2,01
2;BankAccountv2;transition;268;18;25;8;25;100;0,27;0,64;0;0,07;120,84;120,84;1,23;0,98
2;BankAccountv2;pair;268;18;25;70;271;100;0,21;0,17;2,18;0,61;121,84;121,84;4,02;3,17
2;BankAccountv2;state;269;21;33;9;31;100;0,33;0,57;0;0,09;122,84;122,84;1,23;0,99
2;BankAccountv2;transition;269;21;33;12;33;100;0,37;1,45;0;0,14;122,84;122,84;2,26;1,96
2;BankAccountv2;pair;269;21;33;126;439;100;0,37;0,35;4,39;1,01;124,84;124,84;7,22;6,12
2;BankAccountv2;state;270;13;21;6;19;100;0,29;0,31;0;0,04;125,84;125,84;0,85;0,63
2;BankAccountv2;transition;270;13;21;8;21;100;0,19;0,45;0;0,06;125,84;125,84;0,9;0,7
2;BankAccountv2;pair;270;13;21;57;176;100;0,2;0,15;1,15;0,25;126,84;126,84;2,29;1,74
2;BankAccountv2;state;271;18;29;7;25;100;0,3;0,35;0;0,08;126,84;126,84;0,93;0,72
2;BankAccountv2;transition;271;18;29;10;29;100;0,26;0,6;0;0,12;127,84;127,84;1,19;0,98
2;BankAccountv2;pair;271;18;29;89;325;100;0,28;0,29;2,81;0,69;128,84;128,84;4,9;4,07
2;BankAccountv2;state;272;10;14;4;13;100;0,3;0,22;0;0,03;128,84;128,84;0,73;0,55
2;BankAccountv2;transition;272;10;14;5;14;100;0,2;0,44;0;0,04;129,84;129,84;0,88;0,68
2;BankAccountv2;pair;272;10;14;20;64;100;0,25;0,14;0,38;0,15;129,84;129,84;1,39;0,92
2;BankAccountv2;state;273;22;35;10;34;100;0,3;0,44;0;0,11;130,84;130,84;1,04;0,85
2;BankAccountv2;transition;273;22;35;13;35;100;0,24;0,71;0;0,14;130,84;130,84;1,33;1,09
2;BankAccountv2;pair;273;22;35;171;582;100;0,28;0,38;6,86;1,42;132,84;133,84;10,16;8,94
2;BankAccountv2;state;274;17;25;6;22;100;0,36;0,42;0;0,06;133,84;133,84;1,05;0,84
2;BankAccountv2;transition;274;17;25;9;25;100;0,33;0,67;0;0,07;134,84;134,84;1,28;1,07
2;BankAccountv2;pair;274;17;25;76;266;100;1,9;0,27;2,27;0,53;135,84;135,84;6,09;4,98
2;BankAccountv2;state;275;17;26;7;24;100;8,44;0,35;0;0,05;135,84;135,84;9,1;8,84
2;BankAccountv2;transition;275;17;26;9;26;100;0,25;0,51;0;0,07;136,84;136,84;1,01;0,82
2;BankAccountv2;pair;275;17;26;77;271;100;0,25;0,19;2,06;0,44;137,84;137,84;3,63;2,93
2;BankAccountv2;state;276;18;26;7;25;100;0,28;0,3;0;0,05;138,84;138,84;0,77;0,63
2;BankAccountv2;transition;276;18;26;9;26;100;0,25;0,5;0;0,06;138,84;138,84;0,98;0,81
2;BankAccountv2;pair;276;18;26;80;302;100;0,22;0,22;2,04;0,41;139,84;140,84;3,58;2,89
2;BankAccountv2;state;277;11;15;5;15;100;0,23;0,23;0;0,03;140,84;140,84;0,63;0,49
2;BankAccountv2;transition;277;11;15;5;15;100;0,17;0,31;0;0,03;140,84;140,84;0,65;0,52
2;BankAccountv2;pair;277;11;15;33;99;100;0,19;0,09;0,58;0,15;141,84;141,84;1,45;1,02
2;BankAccountv2;state;278;13;20;6;19;100;0,17;0,19;0;0,04;141,84;141,84;0,54;0,4
2;BankAccountv2;transition;278;13;20;7;20;100;0,15;0,33;0;0,06;141,84;142,84;0,68;0,55
2;BankAccountv2;pair;278;13;20;45;138;100;0,15;0,12;0,8;0,2;142,84;142,84;1,71;1,27
2;BankAccountv2;state;279;16;23;5;20;100;0,24;0,29;0;0,04;143,84;143,84;0,72;0,57
2;BankAccountv2;transition;279;16;23;8;23;100;0,22;0,49;0;0,06;143,84;143,84;0,97;0,78
2;BankAccountv2;pair;279;16;23;53;202;100;0,2;0,12;1,3;0,31;144,84;144,84;2,48;1,93
2;BankAccountv2;state;280;13;18;6;19;100;0,23;0,23;0;0,04;144,84;144,84;0,64;0,5
2;BankAccountv2;transition;280;13;18;6;18;100;0,22;0,34;0;0,04;145,84;145,84;0,73;0,6
2;BankAccountv2;pair;280;13;18;42;135;100;0,18;0,1;0,75;0,2;145,84;146,84;1,66;1,23
2;BankAccountv2;state;281;13;21;6;19;100;0,18;0,24;0;0,04;146,84;146,84;0,61;0,47
2;BankAccountv2;transition;281;13;21;8;21;100;0,15;0,36;0;0,06;146,84;146,84;0,74;0,57
2;BankAccountv2;pair;281;13;21;57;176;100;0,14;0,15;1,05;0,21;147,84;147,84;1,94;1,54
2;BankAccountv2;state;282;20;33;8;28;100;0,2;0,25;0;0,06;147,84;147,84;0,64;0,51
2;BankAccountv2;transition;282;20;33;12;33;100;0,2;0,56;0;0,1;148,84;148,84;1,02;0,85
2;BankAccountv2;pair;282;20;33;129;459;100;0,2;0,27;3,82;0,78;150,84;150,84;5,94;5,06
2;BankAccountv2;state;283;17;24;6;22;100;0,27;0,3;0;0,04;151,84;151,84;0,77;0,61
2;BankAccountv2;transition;283;17;24;8;24;100;0,25;0,48;0;0,06;151,84;151,84;1,02;0,8
2;BankAccountv2;pair;283;17;24;65;238;100;0,24;0,16;1,63;0,46;152,84;152,84;3,11;2,49
2;BankAccountv2;state;284;18;25;7;25;100;0,28;0,32;0;0,05;153,84;153,84;0,78;0,64
2;BankAccountv2;transition;284;18;25;8;25;100;0,24;0,49;0;0,07;153,84;153,84;0,96;0,8
2;BankAccountv2;pair;284;18;25;70;271;100;0,24;0,18;1,99;0,41;154,84;154,84;3,49;2,81
2;BankAccountv2;state;285;15;21;5;19;100;0,27;0,26;0;0,03;155,84;155,84;0,7;0,56
2;BankAccountv2;transition;285;15;21;7;21;100;0,23;0,45;0;0,1;155,84;155,84;0,94;0,79
2;BankAccountv2;pair;285;15;21;43;165;100;0,21;0,13;0,98;0,22;156,84;156,84;2,02;1,55
2;BankAccountv2;state;286;18;27;7;24;100;0,24;0,25;0;0,07;156,84;156,84;0,69;0,56
2;BankAccountv2;transition;286;18;27;10;27;100;0,25;0,53;0;0,07;157,84;157,84;1,02;0,85
2;BankAccountv2;pair;286;18;27;102;341;100;0,23;0,19;2,49;0,5;158,84;159,84;4,15;3,41
2;BankAccountv2;state;287;17;26;6;23;100;0,29;0,29;0;0,05;159,84;159,84;0,79;0,63
2;BankAccountv2;transition;287;17;26;9;26;100;0,24;0,51;0;0,07;159,84;159,84;1,03;0,82
2;BankAccountv2;pair;287;17;26;58;220;100;0,26;0,16;1,35;0,34;160,84;161,84;2,8;2,11
2;BankAccountv2;state;288;13;20;6;19;100;0,19;0,21;0;0,04;161,84;161,84;0,61;0,44
2;BankAccountv2;transition;288;13;20;7;20;100;0,2;0,36;0;0,05;161,84;161,84;0,79;0,61
2;BankAccountv2;pair;288;13;20;43;131;100;0,14;0,13;0,77;0,18;162,84;162,84;1,66;1,22
2;BankAccountv2;state;289;16;23;5;20;100;0,27;0,27;0;0,04;162,84;162,84;0,73;0,58
2;BankAccountv2;transition;289;16;23;8;23;100;0,21;0,46;0;0,06;163,84;163,84;0,88;0,73
2;BankAccountv2;pair;289;16;23;52;203;100;0,2;0,14;1,2;0,26;164,84;164,84;2,38;1,8
2;BankAccountv2;state;290;11;16;4;14;100;0,2;0,22;0;0,03;164,84;164,84;0,58;0,45
2;BankAccountv2;transition;290;11;16;6;16;100;0,17;0,35;0;0,04;164,84;164,84;0,72;0,57
2;BankAccountv2;pair;290;11;16;29;96;100;0,2;0,09;0,51;0,13;165,84;165,84;1,32;0,93
2;BankAccountv2;state;291;13;19;6;19;100;0,21;0,38;0;0,04;165,84;165,84;0,79;0,63
2;BankAccountv2;transition;291;13;19;7;19;100;0,2;1,04;0;0,05;166,84;166,84;1,47;1,29
2;BankAccountv2;pair;291;13;19;39;124;100;0,19;0,11;0,6;0,15;167,84;167,84;1,57;1,06
2;BankAccountv2;state;292;11;16;5;16;100;0,18;0,17;0;0,03;167,84;167,84;0,51;0,38
2;BankAccountv2;transition;292;11;16;5;16;100;0,14;0,28;0;0,03;167,84;167,84;0,59;0,45
2;BankAccountv2;pair;292;11;16;22;72;100;0,14;0,08;0,4;0,09;168,84;168,84;1,06;0,71
2;BankAccountv2;state;293;12;19;5;16;100;0,2;0,25;0;0,03;168,84;168,84;0,67;0,49
2;BankAccountv2;transition;293;12;19;7;19;100;0,22;0,38;0;0,04;168,84;168,84;0,81;0,64
2;BankAccountv2;pair;293;12;19;48;143;100;0,21;0,12;0,68;0,19;169,84;169,84;1,66;1,2
2;BankAccountv2;state;294;16;23;6;22;100;0,29;0,35;0;0,05;169,84;170,84;0,98;0,7
2;BankAccountv2;transition;294;16;23;7;23;100;0,21;0,63;0;0,06;170,84;170,84;1,11;0,91
2;BankAccountv2;pair;294;16;23;46;180;100;0,22;0,14;1,45;0,27;171,84;171,84;2,74;2,08
2;BankAccountv2;state;295;17;28;8;25;100;0,31;0,35;0;0,08;171,84;171,84;1,43;0,74
2;BankAccountv2;transition;295;17;28;11;28;100;0,31;0,56;0;0,17;172,84;172,84;1,28;1,04
2;BankAccountv2;pair;295;17;28;115;337;100;0,29;0,23;2,93;2,41;173,84;173,84;6,99;5,85
2;BankAccountv2;state;296;18;27;7;25;100;0,3;0,3;0;0,11;174,84;174,84;0,96;0,7
2;BankAccountv2;transition;296;18;27;9;27;100;0,34;1,13;0;0,08;175,84;175,84;1,78;1,54
2;BankAccountv2;pair;296;18;27;76;269;100;0,39;0,2;2,62;0,5;175,84;176,84;4,62;3,71
2;BankAccountv2;state;297;19;30;8;27;100;0,23;0,22;0;0,05;176,84;176,84;0,65;0,51
2;BankAccountv2;transition;297;19;30;11;30;100;0,52;0,7;0;0,09;176,84;176,84;1,5;1,3
2;BankAccountv2;pair;297;19;30;119;401;100;0,18;0,44;3,43;0,54;178,84;178,84;5,92;4,59
2;BankAccountv2;state;298;16;26;8;24;100;0,23;0,24;0;0,08;178,84;179,84;0,78;0,55
2;BankAccountv2;transition;298;16;26;10;26;100;0,27;0,56;0;0,07;179,84;179,84;1,12;0,9
2;BankAccountv2;pair;298;16;26;107;316;100;0,34;0,2;2,41;0,66;180,84;181,84;4,36;3,61
2;BankAccountv2;state;299;19;29;8;28;100;0,26;0,35;0;0,06;181,84;181,84;0,82;0,67
2;BankAccountv2;transition;299;19;29;10;29;100;0,19;0,37;0;0,06;181,84;182,84;0,79;0,62
2;BankAccountv2;pair;299;19;29;90;338;100;0,26;0,22;2,84;0,59;183,84;183,84;5,04;3,9
2;BankAccountv2;state;300;15;23;7;22;100;0,26;0,38;0;0,04;184,84;184,84;0,85;0,68
2;BankAccountv2;transition;300;15;23;9;23;100;0,22;0,44;0;0,06;184,84;184,84;0,91;0,73
2;BankAccountv2;pair;300;15;23;81;248;100;0,24;0,33;2,95;0,38;185,84;185,84;4,78;3,91
2;BankAccountv2;state;301;20;30;8;28;100;0,32;0,57;0;0,07;186,84;186,84;1,22;0,96
2;BankAccountv2;transition;301;20;30;11;30;100;0,29;0,58;0;0,09;186,84;186,84;1,16;0,96
2;BankAccountv2;pair;301;20;30;122;438;100;0,27;0,23;3,17;0,65;188,84;188,84;6,57;4,33
2;BankAccountv2;state;302;18;27;7;24;100;0,34;0,38;0;0,07;189,84;189,84;0,99;0,79
2;BankAccountv2;transition;302;18;27;10;27;100;0,23;0,47;0;0,07;189,84;189,84;0,93;0,76
2;BankAccountv2;pair;302;18;27;107;361;100;0,2;15,47;2,81;1,39;190,87;6,87;20,66;19,87
2;BankAccountv2;state;303;17;27;8;25;100;0,3;0,29;0;0,06;6,87;6,87;0,81;0,65
2;BankAccountv2;transition;303;17;27;11;27;100;0,29;0,55;0;0,08;7,87;7,87;1,14;0,93
2;BankAccountv2;pair;303;17;27;120;351;100;0,25;0,18;2,72;0,65;8,87;9,87;4,55;3,81
2;BankAccountv2;state;304;18;26;7;27;100;0,24;0,23;0;0,05;9,87;9,87;0,65;0,51
2;BankAccountv2;transition;304;18;26;8;26;100;0,19;0,44;0;0,06;9,87;9,87;0,85;0,69
2;BankAccountv2;pair;304;18;26;56;233;100;0,18;0,19;1,6;0,32;10,87;11,87;2,87;2,29
2;BankAccountv2;state;305;10;14;4;14;100;0,16;0,15;0;0,03;11,87;11,87;0,46;0,33
2;BankAccountv2;transition;305;10;14;4;14;100;0,15;0,25;0;0,03;11,87;11,87;0,56;0,43
2;BankAccountv2;pair;305;10;14;11;41;100;0,16;0,08;0,24;0,07;11,87;11,87;0,83;0,54
2;BankAccountv2;state;306;16;26;8;26;100;0,2;0,22;0;0,05;12,87;12,87;0,6;0,47
2;BankAccountv2;transition;306;16;26;10;26;100;0,17;0,4;0;0,07;12,87;12,87;0,79;0,64
2;BankAccountv2;pair;306;16;26;91;280;100;0,17;0,2;2,07;0,47;13,87;14,87;3,49;2,91
2;BankAccountv2;state;307;14;24;7;21;100;0,2;0,2;0;0,05;14,87;14,87;0,61;0,45
2;BankAccountv2;transition;307;14;24;9;24;100;0,17;0,43;0;0,07;14,87;14,87;0,82;0,67
2;BankAccountv2;pair;307;14;24;81;242;100;0,19;0,17;1,57;0,45;15,87;15,87;2,97;2,38
2;BankAccountv2;state;308;19;28;8;29;100;0,24;0,24;0;0,06;16,87;16,87;0,68;0,54
2;BankAccountv2;transition;308;19;28;9;28;100;0,18;0,47;0;0,07;16,87;16,87;0,88;0,72
2;BankAccountv2;pair;308;19;28;80;305;100;0,18;0,2;2,33;0,48;17,87;18,87;4,13;3,19
2;BankAccountv2;state;309;14;21;7;23;100;0,2;0,2;0;0,05;18,87;18,87;0,58;0,45
2;BankAccountv2;transition;309;14;21;7;21;100;0,2;0,34;0;0,08;18,87;18,87;0,77;0,62
2;BankAccountv2;pair;309;14;21;45;141;100;0,16;0,13;0,85;0,22;19,87;19,87;1,81;1,37
2;BankAccountv2;state;310;18;27;7;25;100;0,2;0,24;0;0,05;19,87;19,87;0,62;0,49
2;BankAccountv2;transition;310;18;27;9;27;100;0,19;0,51;0;0,07;20,87;20,87;0,94;0,77
2;BankAccountv2;pair;310;18;27;76;269;100;0,3;0,2;1,83;0,43;21,87;21,87;3,49;2,76
2;BankAccountv2;state;311;16;23;6;22;100;0,2;0,19;0;0,04;21,87;21,87;0,58;0,44
2;BankAccountv2;transition;311;16;23;7;23;100;0,18;0,42;0;0,06;22,87;22,87;0,81;0,66
2;BankAccountv2;pair;311;16;23;43;168;100;0,17;0,14;1;0,32;22,87;23,87;2,14;1,63
2;BankAccountv2;state;312;11;17;4;14;100;0,18;0,16;0;0,03;23,87;23,87;0,51;0,37
2;BankAccountv2;transition;312;11;17;6;17;100;0,18;0,33;0;0,04;23,87;23,87;0,69;0,55
2;BankAccountv2;pair;312;11;17;31;100;100;0,17;0,09;0,58;0,13;24,87;24,87;1,37;0,97
2;BankAccountv2;state;313;18;28;7;25;100;0,27;0,28;0;0,06;24,87;24,87;0,75;0,61
2;BankAccountv2;transition;313;18;28;10;28;100;0,25;0,55;0;0,06;25,87;25,87;1,02;0,86
2;BankAccountv2;pair;313;18;28;86;301;100;0,23;0,2;2,05;0,44;26,87;26,87;3,58;2,92
2;BankAccountv2;state;314;18;26;7;25;100;0,36;0,33;0;0,06;27,87;27,87;0,96;0,75
2;BankAccountv2;transition;314;18;26;9;26;100;0,31;0,53;0;0,07;27,87;27,87;1,1;0,9
2;BankAccountv2;pair;314;18;26;80;302;100;0,24;0,19;2,42;0,47;28,87;29,87;4,19;3,31
2;BankAccountv2;state;315;19;31;8;27;100;0,37;0,24;0;0,28;29,87;29,87;1,09;0,89
2;BankAccountv2;transition;315;19;31;11;31;100;0,23;0,5;0;0,09;29,87;29,87;0,99;0,81
2;BankAccountv2;pair;315;19;31;114;387;100;0,19;0,24;2,8;0,53;31,87;31,87;4,57;3,76
2;BankAccountv2;state;316;14;21;6;20;100;0,21;0,19;0;0,04;32,87;32,87;0,58;0,44
2;BankAccountv2;transition;316;14;21;8;21;100;0,16;0,36;0;0,04;32,87;32,87;0,7;0,57
2;BankAccountv2;pair;316;14;21;55;172;100;0,21;0,11;1,07;0,26;33,87;33,87;2,1;1,65
2;BankAccountv2;state;317;20;30;8;28;100;0,31;0,57;0;0,09;33,87;33,87;1,17;0,97
2;BankAccountv2;transition;317;20;30;11;30;100;0,35;0,8;0;0,09;34,87;34,87;1,44;1,23
2;BankAccountv2;pair;317;20;30;122;438;100;0,27;0,3;3,94;0,81;35,87;36,87;6,29;5,31
2;BankAccountv2;state;318;15;23;8;25;100;0,29;0,23;0;0,06;36,87;36,87;0,73;0,57
2;BankAccountv2;transition;318;15;23;8;23;100;0,23;0,43;0;0,06;37,87;37,87;0,95;0,72
2;BankAccountv2;pair;318;15;23;67;197;100;0,19;0,21;1,31;0,34;37,87;38,87;2,73;2,04
2;BankAccountv2;state;319;12;18;5;16;100;0,23;0,21;0;0,04;38,87;38,87;0,67;0,48
2;BankAccountv2;transition;319;12;18;7;18;100;0,2;0,36;0;0,05;38,87;38,87;0,76;0,61
2;BankAccountv2;pair;319;12;18;50;154;100;0,22;0,12;1,04;0,24;39,87;39,87;2,13;1,63
2;BankAccountv2;state;320;12;17;5;17;100;0,21;0,23;0;0,03;40,87;40,87;0,61;0,48
2;BankAccountv2;transition;320;12;17;6;17;100;0,18;0,38;0;0,04;40,87;40,87;0,76;0,6
2;BankAccountv2;pair;320;12;17;24;82;100;0,24;0,14;0,45;0,11;40,87;40,87;1,44;0,94
2;BankAccountv2;state;321;14;19;4;17;100;0,28;0,22;0;0,04;41,87;41,87;0,69;0,54
2;BankAccountv2;transition;321;14;19;6;19;100;0,24;0,39;0;0,05;41,87;41,87;0,85;0,68
2;BankAccountv2;pair;321;14;19;27;118;100;0,2;0,13;0,72;0,19;42,87;42,87;1,77;1,24
2;BankAccountv2;state;322;16;26;8;26;100;0,2;0,28;0;0,06;42,87;42,87;0,69;0,54
2;BankAccountv2;transition;322;16;26;10;26;100;0,21;0,47;0;0,08;43,87;43,87;1,02;0,76
2;BankAccountv2;pair;322;16;26;91;280;100;0,34;0,19;2,13;0,7;44,87;44,87;4,06;3,36
2;BankAccountv2;state;323;15;23;7;22;100;0,33;0,26;0;0,05;44,87;44,87;0,79;0,63
2;BankAccountv2;transition;323;15;23;9;23;100;0,22;0,45;0;0,05;45,87;45,87;0,96;0,72
2;BankAccountv2;pair;323;15;23;73;212;100;0,26;0,17;9,17;0,35;46,87;46,87;10,6;9,95
2;BankAccountv2;state;324;16;26;8;24;100;0,28;0,3;0;0,06;46,87;46,87;0,83;0,64
2;BankAccountv2;transition;324;16;26;10;26;100;0,23;0,61;0;0,07;47,87;47,87;1,12;0,92
2;BankAccountv2;pair;324;16;26;107;316;100;0,25;0,23;2,22;0,54;48,87;48,87;4,27;3,24
2;BankAccountv2;state;325;16;25;8;24;100;0,29;0,26;0;0,06;49,87;49,87;0,81;0,61
2;BankAccountv2;transition;325;16;25;10;25;100;0,23;0,46;0;0,07;49,87;49,87;0,93;0,76
2;BankAccountv2;pair;325;16;25;107;310;100;0,25;0,23;2,6;0,53;50,87;51,87;4,34;3,61
2;BankAccountv2;state;326;21;33;9;30;100;0,35;0,33;0;0,06;51,87;51,87;0,91;0,75
2;BankAccountv2;transition;326;21;33;12;33;100;0,28;0,64;0;0,1;52,87;52,87;1,24;1,02
2;BankAccountv2;pair;326;21;33;157;542;100;0,27;0,29;5,6;0,92;54,87;54,87;8,15;7,08
2;BankAccountv2;state;327;20;31;9;30;100;0,43;0,38;0;0,07;55,87;55,87;1,07;0,88
2;BankAccountv2;transition;327;20;31;11;31;100;0,28;0,52;0;0,08;55,87;55,87;1,17;0,89
2;BankAccountv2;pair;327;20;31;120;423;100;0,26;0,22;4,21;0,87;57,87;57,87;6,55;5,57
2;BankAccountv2;state;328;17;28;8;27;100;0,37;0,28;0;0,07;58,87;58,87;0,96;0,72
2;BankAccountv2;transition;328;17;28;11;28;100;0,34;0,65;0;0,11;58,87;58,87;1,33;1,1
2;BankAccountv2;pair;328;17;28;99;304;100;0,23;0,25;3,48;0,71;59,87;60,87;5,57;4,67
2;BankAccountv2;state;329;13;20;6;18;100;0,34;0,36;0;0,05;60,87;60,87;0,96;0,75
2;BankAccountv2;transition;329;13;20;8;20;100;0,22;0,6;0;0,08;60,87;60,87;1,11;0,89
2;BankAccountv2;pair;329;13;20;69;197;100;0,31;0,17;1,52;0,38;61,87;62,87;2,98;2,38
2;BankAccountv2;state;330;12;18;5;16;100;0,29;0,46;0;0,05;62,87;62,87;0,99;0,8
2;BankAccountv2;transition;330;12;18;7;18;100;0,26;0,46;0;0,05;62,87;62,87;0,96;0,77
2;BankAccountv2;pair;330;12;18;47;142;100;0,25;0,22;1,11;0,28;63,87;63,87;2,5;1,86
2;BankAccountv2;state;331;18;28;7;24;100;0,37;0,4;0;0,06;63,87;63,87;1,09;0,84
2;BankAccountv2;transition;331;18;28;10;28;100;0,39;0,71;0;0,11;64,87;64,87;1,49;1,22
2;BankAccountv2;pair;331;18;28;102;347;100;0,29;0,3;3,13;0,72;65,87;66,87;5,59;4,45
2;BankAccountv2;state;332;18;29;7;25;100;0,34;0,31;0;0,07;66,87;66,87;0,94;0,72
2;BankAccountv2;transition;332;18;29;10;29;100;0,24;0,63;0;0,08;66,87;66,87;1,18;0,95
2;BankAccountv2;pair;332;18;29;89;325;100;0,3;0,27;2,78;0,3;67,87;68,87;4,65;3,65
2;BankAccountv2;state;333;11;16;5;16;100;0,2;0,16;0;0,03;68,87;68,87;0,54;0,4
2;BankAccountv2;transition;333;11;16;5;16;100;0,14;0,29;0;0,03;68,87;68,87;0,62;0,46
2;BankAccountv2;pair;333;11;16;25;82;100;0,16;0,09;0,45;0,15;69,87;69,87;1,19;0,85
2;BankAccountv2;state;334;16;23;5;20;100;0,26;0,3;0;0,05;69,87;69,87;0,79;0,61
2;BankAccountv2;transition;334;16;23;8;23;100;0,28;0,62;0;0,07;70,87;70,87;1,16;0,97
2;BankAccountv2;pair;334;16;23;55;215;100;0,25;0,19;1,64;0,41;71,87;71,87;3,28;2,48
2;BankAccountv2;state;335;17;27;8;25;100;0,31;0,27;0;0,05;71,87;71,87;0,83;0,63
2;BankAccountv2;transition;335;17;27;11;27;100;0,25;0,64;0;0,09;72,87;72,87;1,22;0,98
2;BankAccountv2;pair;335;17;27;115;331;100;0,38;0,32;3,03;0,82;73,87;73,87;5,59;4,55
2;BankAccountv2;state;336;16;23;6;22;100;0,27;0,18;0;0,05;74,87;74,87;0,69;0,5
2;BankAccountv2;transition;336;16;23;7;23;100;0,32;0,54;0;0,08;74,87;74,87;1,17;0,94
2;BankAccountv2;pair;336;16;23;43;168;100;0,18;0,18;1,27;0,29;75,87;75,87;2,53;1,92
2;BankAccountv2;state;337;16;25;8;26;100;0,27;0,31;0;0,09;75,87;75,87;0,87;0,67
2;BankAccountv2;transition;337;16;25;9;25;100;0,2;0,5;0;0,09;76,87;76,87;1,03;0,79
2;BankAccountv2;pair;337;16;25;79;236;100;0,24;0,28;2,11;0,48;77,87;77,87;3,95;3,11
2;BankAccountv2;state;338;18;28;7;25;100;0,23;0,23;0;0,07;77,87;77,87;0,71;0,53
2;BankAccountv2;transition;338;18;28;10;28;100;0,22;0,44;0;0,08;78,87;78,87;0,99;0,74
2;BankAccountv2;pair;338;18;28;89;319;100;0,27;0,32;2,72;0,56;79,87;79,87;4,81;3,87
2;BankAccountv2;state;339;15;21;5;19;100;7,06;0,46;0;0,05;80,87;80,87;7,85;7,57
2;BankAccountv2;transition;339;15;21;7;21;100;0,22;0,51;0;0,13;80,87;80,87;1,14;0,86
2;BankAccountv2;pair;339;15;21;46;177;100;0,3;0,17;1,37;0,37;81,87;81,87;2,91;2,21
2;BankAccountv2;state;340;19;28;8;29;100;0,29;0,27;0;0,07;81,87;81,87;0,81;0,64
2;BankAccountv2;transition;340;19;28;9;28;100;0,27;0,72;0;0,1;82,87;82,87;1,32;1,08
2;BankAccountv2;pair;340;19;28;80;305;100;0,22;0,29;2,99;0,63;83,87;83,87;5;4,13
2;BankAccountv2;state;341;17;26;6;23;100;0,32;0,3;0;0,06;83,87;83,87;0,92;0,69
2;BankAccountv2;transition;341;17;26;9;26;100;0,69;0,61;0;0,11;84,87;84,87;1,8;1,41
2;BankAccountv2;pair;341;17;26;63;245;100;0,29;0,21;2,47;0,54;85,87;85,87;4,42;3,51
2;BankAccountv2;state;342;16;25;8;26;100;0,26;0,26;0;0,12;85,87;85,87;13,12;0,63
2;BankAccountv2;transition;342;16;25;9;25;100;0,3;0,66;0;0,08;86,87;86,87;1,31;1,04
2;BankAccountv2;pair;342;16;25;78;232;100;0,22;0,26;1,99;0,56;87,87;87,87;3,78;3,03
2;BankAccountv2;state;343;17;25;7;24;100;0,27;0,25;0;0,06;87,87;87,87;0,74;0,58
2;BankAccountv2;transition;343;17;25;8;25;100;0,24;0,6;0;0,08;88,87;88,87;1,15;0,92
2;BankAccountv2;pair;343;17;25;67;239;100;0,22;0,2;1,43;0,33;88,87;89,87;2,72;2,18
2;BankAccountv2;state;344;17;25;6;22;100;0,22;3,9;0;0,05;89,87;89,87;4,38;4,18
2;BankAccountv2;transition;344;17;25;9;25;100;0,25;0,61;0;0,06;90,87;90,87;1,23;0,93
2;BankAccountv2;pair;344;17;25;76;266;100;0,21;0,15;1,62;0,39;91,87;91,87;3,17;2,38
2;BankAccountv2;state;345;19;28;8;27;100;0,32;0,27;0;0,05;91,87;91,87;0,83;0,64
2;BankAccountv2;transition;345;19;28;10;28;100;0,25;0,46;0;0,06;92,87;92,87;0,93;0,77
2;BankAccountv2;pair;345;19;28;105;370;100;0,32;0,19;2,44;0,56;93,87;94,87;4,32;3,51
2;BankAccountv2;state;346;14;22;6;20;100;0,28;0,23;0;0,04;94,87;94,87;0,72;0,56
2;BankAccountv2;transition;346;14;22;8;22;100;0,27;0,36;0;0,05;94,87;94,87;0,89;0,68
2;BankAccountv2;pair;346;14;22;52;163;100;0,23;0,16;0,79;0,2;95,87;95,87;1,94;1,38
2;BankAccountv2;state;347;13;20;6;19;100;0,18;0,27;0;3,33;96,87;96,87;4,07;3,79
2;BankAccountv2;transition;347;13;20;7;20;100;0,45;0,3;0;0,04;96,87;96,87;0,99;0,78
2;BankAccountv2;pair;347;13;20;43;131;100;0,18;0,11;0,6;0,15;97,87;97,87;1,46;1,04
2;BankAccountv2;state;348;19;30;8;27;100;0,2;0,19;0;0,07;97,87;97,87;0,6;0,46
2;BankAccountv2;transition;348;19;30;11;30;100;0,18;0,61;0;0,08;97,87;97,87;1,09;0,88
2;BankAccountv2;pair;348;19;30;114;381;100;0,25;0,28;3,02;0,6;99,87;99,87;4,94;4,15
2;BankAccountv2;state;349;17;25;6;22;100;0,27;0,38;0;0,04;100,87;100,87;0,84;0,69
2;BankAccountv2;transition;349;17;25;9;25;100;0,31;0,62;0;0,07;100,87;100,87;1,26;1
2;BankAccountv2;pair;349;17;25;79;284;100;0,34;0,15;1,86;0,48;101,87;102,87;3,58;2,83
2;BankAccountv2;state;350;19;30;8;27;100;0,21;0,23;0;0,06;102,87;102,87;0,63;0,49
2;BankAccountv2;transition;350;19;30;11;30;100;0,42;0,74;0;0,08;102,87;102,87;1,5;1,24
2;BankAccountv2;pair;350;19;30;114;381;100;0,19;0,24;2,84;0,6;104,87;104,87;4,57;3,87
2;BankAccountv2;state;351;17;26;6;23;100;0,27;0,27;0;0,04;104,87;104,87;0,74;0,58
2;BankAccountv2;transition;351;17;26;9;26;100;0,22;0,77;0;0,08;105,87;105,87;1,27;1,08
2;BankAccountv2;pair;351;17;26;61;232;100;0,24;0,15;1,36;0,31;106,87;106,87;2,71;2,06
2;BankAccountv2;state;352;15;24;7;23;100;0,29;0,59;0;0,06;106,87;107,87;1,22;0,94
2;BankAccountv2;transition;352;15;24;9;24;100;0,25;0,43;0;0,06;107,87;107,87;0,91;0,74
2;BankAccountv2;pair;352;15;24;57;178;100;0,22;0,4;1,49;0,26;108,87;108,87;2,96;2,37
2;BankAccountv2;state;353;18;27;7;26;100;0,28;0,29;0;0,05;108,87;108,87;0,79;0,62
2;BankAccountv2;transition;353;18;27;9;27;100;0,27;0,55;0;0,07;109,87;109,87;1,08;0,89
2;BankAccountv2;pair;353;18;27;64;261;100;0,24;0,52;2,39;0,37;110,87;110,87;4,42;3,53
2;BankAccountv2;state;354;13;21;5;17;100;0,32;0,33;0;0,05;110,87;110,87;0,94;0,69
2;BankAccountv2;transition;354;13;21;8;21;100;0,27;0,35;0;0,07;111,87;111,87;0,91;0,69
2;BankAccountv2;pair;354;13;21;52;157;100;0,28;0,13;1,14;0,22;112,87;112,87;2,35;1,77
2;BankAccountv2;state;355;10;14;4;14;100;0,18;0,21;0;0,03;112,87;112,87;0,57;0,42
2;BankAccountv2;transition;355;10;14;4;14;100;0,14;0,25;0;0,03;112,87;112,87;0,59;0,42
2;BankAccountv2;pair;355;10;14;11;41;100;0,13;0,08;0,33;0,06;113,87;113,87;0,9;0,59
2;BankAccountv2;state;356;16;26;8;25;100;0,26;0,28;0;0,06;113,87;113,87;0,78;0,6
2;BankAccountv2;transition;356;16;26;10;26;100;0,2;0,43;0;0,11;113,87;113,87;0,94;0,74
2;BankAccountv2;pair;356;16;26;83;244;100;0,25;0,21;1,84;0,38;114,87;115,87;3,92;2,68
2;BankAccountv2;state;357;14;21;6;20;100;0,31;0,29;0;0,04;115,87;115,87;0,8;0,64
2;BankAccountv2;transition;357;14;21;8;21;100;0,2;1,39;0;0,05;115,87;115,87;1,8;1,63
2;BankAccountv2;pair;357;14;21;49;151;100;0,21;0,14;0,92;0,36;116,87;116,87;3,5;1,62
2;BankAccountv2;state;358;21;33;9;31;100;0,4;0,37;0;0,07;117,87;117,87;1,03;0,84
2;BankAccountv2;transition;358;21;33;12;33;100;0,48;0,67;0;0,1;117,87;117,87;1,51;1,25
2;BankAccountv2;pair;358;21;33;126;439;100;0,28;0,27;3,24;0,75;119,87;120,87;5,46;4,54
2;BankAccountv2;state;359;17;28;9;28;100;0,22;0,27;0;0,06;120,87;120,87;0,72;0,55
2;BankAccountv2;transition;359;17;28;11;28;100;0,19;0,45;0;0,09;120,87;120,87;0,94;0,73
2;BankAccountv2;pair;359;17;28;119;347;100;0,17;0,46;2,33;0,53;121,87;122,87;4,21;3,49
2;BankAccountv2;state;360;16;25;7;23;100;0,26;0,35;0;0,05;122,87;122,87;0,85;0,67
2;BankAccountv2;transition;360;16;25;10;25;100;0,24;0,55;0;0,06;123,87;123,87;1,11;0,86
2;BankAccountv2;pair;360;16;25;89;272;100;0,23;0,17;1,93;0,45;124,87;124,87;3,52;2,78
2;BankAccountv2;state;361;9;12;3;11;100;0,23;0,43;0;0,03;124,87;124,87;0,84;0,69
2;BankAccountv2;transition;361;9;12;4;12;100;0,2;0,3;0;0,03;125,87;125,87;0,7;0,53
2;BankAccountv2;pair;361;9;12;11;39;100;0,16;0,06;2,28;0,05;125,87;125,87;2,97;2,55
2;BankAccountv2;state;362;14;21;7;23;100;0,2;0,22;0;0,05;125,87;125,87;0,7;0,47
2;BankAccountv2;transition;362;14;21;7;21;100;0,23;0,43;0;0,05;126,87;126,87;0,94;0,71
2;BankAccountv2;pair;362;14;21;48;153;100;0,25;0,11;0,75;0,21;126,87;127,87;1,74;1,32
2;BankAccountv2;state;363;18;27;7;25;100;0,19;0,22;0;0,06;127,87;127,87;0,63;0,46
2;BankAccountv2;transition;363;18;27;9;27;100;0,21;0,56;0;0,09;127,87;127,87;1,09;0,85
2;BankAccountv2;pair;363;18;27;76;269;100;0,22;0,29;1,75;0,57;128,87;129,87;5,13;2,83
2;BankAccountv2;state;364;18;26;7;25;100;0,52;0,4;0;0,06;129,87;129,87;1,18;0,98
2;BankAccountv2;transition;364;18;26;9;26;100;0,3;0,49;0;0,06;129,87;129,87;1,03;0,85
2;BankAccountv2;pair;364;18;26;80;302;100;0,49;0,15;2,15;0,38;131,87;131,87;3,89;3,18
2;BankAccountv2;state;365;13;19;6;19;100;0,24;0,26;0;0,04;131,87;131,87;0,7;0,54
2;BankAccountv2;transition;365;13;19;7;19;100;0,22;0,57;0;0,05;132,87;132,87;1,09;0,84
2;BankAccountv2;pair;365;13;19;43;138;100;0,22;0,11;0,82;0,2;132,87;133,87;1,92;1,36
2;BankAccountv2;state;366;11;17;4;14;100;0,19;0,24;0;0,04;133,87;133,87;0,62;0,46
2;BankAccountv2;transition;366;11;17;6;17;100;0,18;0,45;0;0,04;133,87;133,87;0,85;0,67
2;BankAccountv2;pair;366;11;17;31;100;100;0,17;0,09;0,53;0,14;134,87;134,87;1,3;0,92
2;BankAccountv2;state;367;17;25;6;22;100;0,2;0,21;0;0,03;134,87;134,87;0,57;0,45
2;BankAccountv2;transition;367;17;25;9;25;100;0,2;0,44;0;0,06;134,87;135,87;0,9;0,7
2;BankAccountv2;pair;367;17;25;76;266;100;0,21;0,15;1,82;0,52;136,87;136,87;3,39;2,7
2;BankAccountv2;state;368;19;28;7;26;100;0,32;0,28;0;0,06;136,87;136,87;0,84;0,66
2;BankAccountv2;transition;368;19;28;10;28;100;0,26;0,52;0;0,08;137,87;137,87;1,05;0,86
2;BankAccountv2;pair;368;19;28;91;348;100;0,22;0,18;2,77;0,52;138,87;139,87;4,43;3,7
2;BankAccountv2;state;369;14;21;7;23;100;0,19;0,27;0;0,05;139,87;139,87;0,74;0,51
2;BankAccountv2;transition;369;14;21;7;21;100;0,16;0,34;0;0,04;139,87;139,87;0,79;0,55
2;BankAccountv2;pair;369;14;21;45;141;100;0,16;0,14;0,77;0,18;140,87;140,87;1,66;1,25
2;BankAccountv2;state;370;15;23;8;25;100;0,19;0,2;0;0,05;140,87;140,87;0,57;0,43
2;BankAccountv2;transition;370;15;23;8;23;100;0,14;0,32;0;0,07;140,87;141,87;0,89;0,53
2;BankAccountv2;pair;370;15;23;70;209;100;0,16;0,15;1,35;0,36;141,87;142,87;2,49;2,02
2;BankAccountv2;state;371;15;21;5;20;100;0,17;0,17;0;0,04;142,87;142,87;0,53;0,38
2;BankAccountv2;transition;371;15;21;6;21;100;0,16;0,32;0;0,05;142,87;142,87;0,7;0,53
2;BankAccountv2;pair;371;15;21;28;125;100;0,38;0,1;1,26;0,16;143,87;143,87;2,43;1,9
2;BankAccountv2;state;372;13;19;6;19;100;0,25;0,24;0;0,04;143,87;143,87;0,68;0,52
2;BankAccountv2;transition;372;13;19;7;19;100;0,19;0,54;0;0,04;144,87;144,87;0,95;0,77
2;BankAccountv2;pair;372;13;19;49;152;100;0,19;0,12;1,14;0,26;144,87;145,87;2,42;1,71
2;BankAccountv2;state;373;18;30;9;29;100;0,24;0,24;0;0,06;145,87;145,87;0,68;0,54
2;BankAccountv2;transition;373;18;30;12;30;100;0,17;0,5;0;0,08;145,87;145,87;0,96;0,75
2;BankAccountv2;pair;373;18;30;132;388;100;0,21;0,28;3,26;1;147,87;147,87;5,59;4,74
2;BankAccountv2;state;374;18;28;7;25;100;0,18;0,17;0;0,06;147,87;147,87;0,56;0,4
2;BankAccountv2;transition;374;18;28;10;28;100;0,17;0,46;0;0,08;148,87;148,87;1,01;0,72
2;BankAccountv2;pair;374;18;28;89;319;100;0,24;0,19;3,16;0,49;149,87;149,87;4,99;4,08
2;BankAccountv2;state;375;17;26;6;23;100;0,32;0,29;0;0,05;150,87;150,87;0,84;0,66
2;BankAccountv2;transition;375;17;26;9;26;100;0,27;0,55;0;0,12;150,87;150,87;1,16;0,94
2;BankAccountv2;pair;375;17;26;58;220;100;0,22;0,18;1,33;0,39;151,87;151,87;3,45;2,11
2;BankAccountv2;state;376;18;30;9;29;100;0,25;0,25;0;0,06;152,87;152,87;0,7;0,56
2;BankAccountv2;transition;376;18;30;12;30;100;0,21;0,5;0;0,1;152,87;152,87;1,07;0,81
2;BankAccountv2;pair;376;18;30;127;368;100;0,2;0,27;4,24;0,68;153,87;154,87;6,24;5,39
2;BankAccountv2;state;377;11;17;4;14;100;0,22;0,22;0;0,03;154,87;154,87;0,67;0,48
2;BankAccountv2;transition;377;11;17;6;17;100;0,29;0,41;0;0,05;155,87;155,87;0,92;0,74
2;BankAccountv2;pair;377;11;17;29;93;100;0,2;0,12;0,85;0,15;155,87;155,87;1,74;1,32
2;BankAccountv2;state;378;9;12;3;11;100;0,15;0,15;0;0,05;155,87;156,87;0,47;0,34
2;BankAccountv2;transition;378;9;12;4;12;100;0,14;0,23;0;0,02;156,87;156,87;0,55;0,39
2;BankAccountv2;pair;378;9;12;11;39;100;0,14;0,08;0,25;0,06;156,87;156,87;0,83;0,53
2;BankAccountv2;state;379;20;30;8;28;100;0,21;0,27;0;0,05;157,87;157,87;0,65;0,53
2;BankAccountv2;transition;379;20;30;11;30;100;0,21;0,52;0;0,07;157,87;157,87;1,02;0,81
2;BankAccountv2;pair;379;20;30;118;412;100;0,28;0,39;2,75;0,38;159,87;159,87;4,4;3,79
2;BankAccountv2;state;380;14;21;7;23;100;0,18;0,23;0;0,05;159,87;159,87;0,67;0,46
2;BankAccountv2;transition;380;14;21;7;21;100;0,16;0,34;0;0,05;160,87;160,87;0,74;0,55
2;BankAccountv2;pair;380;14;21;48;153;100;0,14;0,14;0,89;0,2;160,87;161,87;1,78;1,37
2;BankAccountv2;state;381;13;19;6;21;100;0,12;0,14;0;0,03;161,87;161,87;0,44;0,3
2;BankAccountv2;transition;381;13;19;6;19;100;0,1;0,24;0;0,03;161,87;161,87;0,46;0,37
2;BankAccountv2;pair;381;13;19;25;88;100;0,09;0,09;0,4;0,1;162,87;162,87;0,98;0,68
2;BankAccountv2;state;382;16;26;8;26;100;0,17;0,16;0;0,04;162,87;162,87;0,47;0,37
2;BankAccountv2;transition;382;16;26;10;26;100;0,11;0,32;0;0,08;162,87;162,87;0,67;0,51
2;BankAccountv2;pair;382;16;26;91;280;100;0,19;0,22;1,99;0,4;163,87;164,87;3,44;2,8
2;BankAccountv2;state;383;15;23;7;22;100;0,36;0,33;0;0,05;164,87;164,87;0,92;0,73
2;BankAccountv2;transition;383;15;23;9;23;100;0,21;0,43;0;0,06;165,87;165,87;1,05;0,7
2;BankAccountv2;pair;383;15;23;81;248;100;0,2;0,15;1,86;0,53;166,87;166,87;3,4;2,74
2;BankAccountv2;state;384;22;34;9;31;100;0,41;0,4;0;0,1;166,87;166,87;1,14;0,92
2;BankAccountv2;transition;384;22;34;13;34;100;0,45;0,79;0;0,18;167,87;167,87;1,69;1,41
2;BankAccountv2;pair;384;22;34;168;568;100;0,52;0,4;5,94;1,55;169,87;170,87;9,62;8,41
2;BankAccountv2;state;385;15;21;5;19;100;0,41;0,32;0;0,13;170,87;170,87;1,07;0,85
2;BankAccountv2;transition;385;15;21;7;21;100;0,28;0,48;0;0,06;170,87;170,87;1,02;0,82
2;BankAccountv2;pair;385;15;21;46;177;100;0,32;0,2;1,53;0,28;171,87;171,87;2,93;2,31
2;BankAccountv2;state;386;19;29;8;28;100;0,7;0,38;0;0,06;172,87;172,87;1,99;1,14
2;BankAccountv2;transition;386;19;29;10;29;100;0,27;0,52;0;0,1;172,87;172,87;1,14;0,9
2;BankAccountv2;pair;386;19;29;90;338;100;0,21;0,23;2,78;1,89;173,87;174,87;7,59;5,12
2;BankAccountv2;state;387;14;19;4;17;100;0,27;0,23;0;0,04;174,87;174,87;0,75;0,53
2;BankAccountv2;transition;387;14;19;6;19;100;0,25;0,53;0;0,04;175,87;175,87;1,02;0,82
2;BankAccountv2;pair;387;14;19;29;125;100;0,24;0,12;0,99;0,17;175,87;175,87;2,04;1,52
2;BankAccountv2;state;388;16;23;6;22;100;0,3;0,22;0;0,17;176,87;176,87;0,91;0,69
2;BankAccountv2;transition;388;16;23;7;23;100;0,18;0,52;0;0,07;176,87;176,87;0,97;0,77
2;BankAccountv2;pair;388;16;23;46;180;100;0,16;0,15;1,3;0,32;177,87;177,87;2,74;1,93
2;BankAccountv2;state;389;15;25;7;22;100;0,24;0,2;0;0,05;177,87;177,87;0,66;0,48
2;BankAccountv2;transition;389;15;25;10;25;100;0,17;0,48;0;0,08;178,87;178,87;0,93;0,73
2;BankAccountv2;pair;389;15;25;91;267;100;0,22;0,2;2,25;0,55;179,87;179,87;3,97;3,22
2;BankAccountv2;state;390;19;30;7;26;100;0,24;0,28;0;0,06;179,87;179,87;0,79;0,58
2;BankAccountv2;transition;390;19;30;11;30;100;0,25;0,63;0;0,11;180,87;180,87;1,25;0,99
2;BankAccountv2;pair;390;19;30;97;346;100;0,21;0,24;3,12;0,59;181,87;181,87;5,03;4,16
2;BankAccountv2;state;391;20;31;8;29;100;0,41;0,39;0;0,08;182,87;182,87;1,1;0,88
2;BankAccountv2;transition;391;20;31;11;31;100;0,29;0,58;0;0,07;182,87;182,87;1,18;0,95
2;BankAccountv2;pair;391;20;31;99;369;100;0,21;0,17;3,09;0,7;184,87;184,87;4,97;4,17
2;BankAccountv2;state;392;14;19;4;17;100;0,25;0,3;0;0,04;184,87;184,87;0,86;0,59
2;BankAccountv2;transition;392;14;19;6;19;100;0,25;0,45;0;0,05;185,87;185,87;0,92;0,74
2;BankAccountv2;pair;392;14;19;27;118;100;0,24;0,13;0,72;0,23;185,87;186,87;1,89;1,32
2;BankAccountv2;state;393;11;17;4;14;100;0,23;0,23;0;0,03;186,87;186,87;0,66;0,49
2;BankAccountv2;transition;393;11;17;6;17;100;0,23;0,36;0;0,05;186,87;186,87;0,84;0,63
2;BankAccountv2;pair;393;11;17;29;93;100;0,19;0,13;0,68;0,15;187,87;187,87;1,67;1,14
2;BankAccountv2;state;394;23;37;10;35;100;0,28;0,37;0;0,1;187,87;187,87;0,94;0,76
2;BankAccountv2;transition;394;23;37;14;37;100;0,25;0,73;0;0,11;188,87;188,87;1,37;1,08
2;BankAccountv2;pair;394;23;37;177;596;100;0,18;0,36;24,53;0,93;191,04;7,04;26,99;25,99
2;BankAccountv2;state;395;17;25;6;22;100;0,29;0,29;0;0,04;7,04;7,04;0,78;0,62
2;BankAccountv2;transition;395;17;25;9;25;100;0,22;0,48;0;0,07;7,04;7,04;1;0,77
2;BankAccountv2;pair;395;17;25;79;284;100;0,31;0,25;2,76;0,33;8,04;9,04;5,22;3,65
2;BankAccountv2;state;396;20;32;8;28;100;0,25;0,34;0;0,05;9,04;9,04;0,88;0,64
2;BankAccountv2;transition;396;20;32;12;32;100;0,14;0,38;0;0,09;9,04;10,04;0,75;0,62
2;BankAccountv2;pair;396;20;32;124;413;100;0,13;0,21;3,3;0,73;11,04;12,04;5,03;4,38
2;BankAccountv2;state;397;17;25;7;24;100;0,22;0,24;0;0,05;12,04;12,04;0,68;0,52
2;BankAccountv2;transition;397;17;25;8;25;100;0,18;0,37;0;0,06;12,04;12,04;0,84;0,61
2;BankAccountv2;pair;397;17;25;67;239;100;0,17;0,15;1,34;0,33;13,04;13,04;2,67;1,99
2;BankAccountv2;state;398;17;25;7;24;100;0,25;0,2;0;0,04;14,04;14,04;0,6;0,48
2;BankAccountv2;transition;398;17;25;8;25;100;0,16;0,36;0;0,06;14,04;14,04;0,73;0,57
2;BankAccountv2;pair;398;17;25;67;239;100;0,15;0,14;1,73;0,4;15,04;15,04;2,96;2,41
2;BankAccountv2;state;399;14;21;6;20;100;0,22;0,25;0;0,03;16,04;16,04;0,63;0,5
2;BankAccountv2;transition;399;14;21;8;21;100;0,19;0,34;0;0,04;16,04;16,04;0,72;0,58
2;BankAccountv2;pair;399;14;21;49;151;100;0,18;0,13;1,02;0,23;17,04;17,04;2,05;1,57
2;BankAccountv2;state;400;11;16;4;14;100;0,17;0,17;0;0,02;17,04;17,04;0,48;0,36
2;BankAccountv2;transition;400;11;16;6;16;100;0,16;0,32;0;0,03;17,04;17,04;0,65;0,51
2;BankAccountv2;pair;400;11;16;30;95;100;0,17;0,09;0,55;0,11;18,04;18,04;1,28;0,92
2;BankAccountv2;state;401;11;16;4;14;100;0,13;0,14;0;0,02;18,04;18,04;0,41;0,29
2;BankAccountv2;transition;401;11;16;6;16;100;0,18;0,28;0;0,05;19,04;19,04;0,7;0,51
2;BankAccountv2;pair;401;11;16;31;103;100;0,17;0,1;0,54;0,14;19,04;19,04;1,35;0,95
2;BankAccountv2;state;402;17;25;6;22;100;0,26;0,28;0;0,04;20,04;20,04;0,72;0,58
2;BankAccountv2;transition;402;17;25;9;25;100;0,19;0,38;0;0,07;20,04;20,04;0,79;0,65
2;BankAccountv2;pair;402;17;25;79;284;100;0,21;0,15;1,79;0,44;21,04;22,04;3,19;2,59
2;BankAccountv2;state;403;19;28;8;27;100;0,32;0,32;0;0,06;22,04;22,04;0,88;0,69
2;BankAccountv2;transition;403;19;28;10;28;100;0,34;0,4;0;0,1;22,04;22,04;1;0,84
2;BankAccountv2;pair;403;19;28;108;382;100;0,25;0,17;2,55;0,57;24,04;24,04;4,4;3,54
2;BankAccountv2;state;404;12;17;5;17;100;0,27;0,25;0;0,03;25,04;25,04;0,71;0,55
2;BankAccountv2;transition;404;12;17;6;17;100;0,19;0,36;0;0,04;25,04;25,04;0,77;0,59
2;BankAccountv2;pair;404;12;17;28;96;100;0,18;0,1;0,57;0,13;25,04;26,04;1,43;0,97
2;BankAccountv2;state;405;12;18;6;18;100;0,14;0,19;0;0,04;26,04;26,04;0,81;0,37
2;BankAccountv2;transition;405;12;18;6;18;100;0,14;0,29;0;0,06;26,04;26,04;0,66;0,49
2;BankAccountv2;pair;405;12;18;39;117;100;0,13;0,11;0,68;0,36;27,04;27,04;1,77;1,28
2;BankAccountv2;state;406;20;31;8;29;100;0,29;0,3;0;0,07;27,04;27,04;0,8;0,65
2;BankAccountv2;transition;406;20;31;11;31;100;0,24;0,75;0;0,31;28,04;28,04;1,55;1,31
2;BankAccountv2;pair;406;20;31;99;369;100;0,39;0,21;2,87;0,84;29,04;30,04;5,17;4,31
2;BankAccountv2;state;407;21;32;8;29;100;0,31;0,31;0;0,13;30,04;30,04;0,95;0,76
2;BankAccountv2;transition;407;21;32;12;32;100;0,36;0,57;0;0,11;30,04;31,04;1,25;1,04
2;BankAccountv2;pair;407;21;32;132;471;100;0,26;0,24;5,74;0,93;32,04;33,04;8,16;7,17
2;BankAccountv2;state;408;15;21;5;20;100;0,21;0,18;0;0,04;33,04;33,04;0,62;0,44
2;BankAccountv2;transition;408;15;21;6;21;100;0,14;0,36;0;0,05;33,04;33,04;0,72;0,55
2;BankAccountv2;pair;408;15;21;28;125;100;0,16;0,14;0,9;0,16;34,04;34,04;1,82;1,36
2;BankAccountv2;state;409;13;21;5;17;100;0,21;0,33;0;0,05;34,04;35,04;0,76;0,6
2;BankAccountv2;transition;409;13;21;8;21;100;0,21;0,64;0;0,05;35,04;35,04;1,09;0,9
2;BankAccountv2;pair;409;13;21;54;163;100;0,47;0,13;0,97;0,64;36,04;36,04;2,72;2,21
2;BankAccountv2;state;410;10;15;3;12;100;0,27;0,22;0;0,05;36,04;36,04;0,76;0,54
2;BankAccountv2;transition;410;10;15;5;15;100;0,2;0,3;0;0,04;36,04;36,04;0,69;0,54
2;BankAccountv2;pair;410;10;15;14;51;100;0,19;0,09;0,3;0,07;37,04;37,04;0,97;0,65
2;BankAccountv2;state;411;16;25;7;23;100;2,51;0,3;0;0,05;37,04;37,04;3,1;2,86
2;BankAccountv2;transition;411;16;25;10;25;100;0,22;2,21;0;0,08;38,04;38,04;2,78;2,52
2;BankAccountv2;pair;411;16;25;89;272;100;0,25;0,2;1,98;0,47;39,04;39,04;3,65;2,89
2;BankAccountv2;state;412;20;30;8;28;100;0,34;0,34;0;0,06;39,04;39,04;0,9;0,73
2;BankAccountv2;transition;412;20;30;11;30;100;0,28;0,5;0;0,08;40,04;40,04;1,04;0,86
2;BankAccountv2;pair;412;20;30;122;438;100;0,29;0,25;3,77;0,68;42,04;42,04;5,98;4,99
2;BankAccountv2;state;413;13;19;6;21;100;0,18;0,17;0;0,04;42,04;42,04;0,53;0,39
2;BankAccountv2;transition;413;13;19;6;19;100;0,19;0,31;0;0,04;43,04;43,04;0,73;0,55
2;BankAccountv2;pair;413;13;19;29;102;100;0,15;0,12;0,58;0,14;43,04;43,04;1,36;0,99
2;BankAccountv2;state;414;20;32;8;28;100;0,23;0,31;0;0,07;44,04;44,04;0,81;0,62
2;BankAccountv2;transition;414;20;32;12;32;100;0,2;0,86;0;0,11;44,04;44,04;1,41;1,18
2;BankAccountv2;pair;414;20;32;129;433;100;0,2;0,3;3,78;0,72;46,04;46,04;5,78;5
2;BankAccountv2;state;415;18;28;7;25;100;0,28;0,33;0;0,06;47,04;47,04;0,82;0,66
2;BankAccountv2;transition;415;18;28;10;28;100;0,27;0,49;0;0,08;47,04;47,04;1,04;0,83
2;BankAccountv2;pair;415;18;28;86;301;100;0,22;0,22;2,33;0,45;48,04;49,04;3,9;3,22
2;BankAccountv2;state;416;20;31;8;30;100;0,21;0,24;0;0,22;49,04;49,04;0,88;0,67
2;BankAccountv2;transition;416;20;31;11;31;100;0,2;0,61;0;0,11;49,04;49,04;1,13;0,92
2;BankAccountv2;pair;416;20;31;97;368;100;0,18;0,21;2,7;0,55;51,04;51,04;4,37;3,64
2;BankAccountv2;state;417;18;28;7;25;100;0,21;0,21;0;0,05;51,04;51,04;0,61;0,46
2;BankAccountv2;transition;417;18;28;10;28;100;0,19;0,43;0;0,08;52,04;52,04;0,86;0,7
2;BankAccountv2;pair;417;18;28;89;319;100;0,17;0,22;2,16;0,45;53,04;53,04;3,67;3
2;BankAccountv2;state;418;14;22;6;20;100;0,26;0,25;0;0,04;54,04;54,04;0,75;0,55
2;BankAccountv2;transition;418;14;22;8;22;100;0,23;0,38;0;0,06;54,04;54,04;0,85;0,66
2;BankAccountv2;pair;418;14;22;52;163;100;0,19;0,13;1,18;0,22;55,04;55,04;2,28;1,71
2;BankAccountv2;state;419;20;32;8;28;100;0,26;0,26;0;0,07;55,04;55,04;0,77;0,6
2;BankAccountv2;transition;419;20;32;12;32;100;0,22;0,55;0;0,11;56,04;56,04;1,1;0,87
2;BankAccountv2;pair;419;20;32;124;413;100;0,19;0,28;3,34;0,72;57,04;58,04;5,42;4,53
2;BankAccountv2;state;420;19;29;7;25;100;0,32;0,3;0;0,06;58,04;58,04;0,86;0,68
2;BankAccountv2;transition;420;19;29;11;29;100;0,21;0,48;0;0,07;59,04;59,04;0,94;0,76
2;BankAccountv2;pair;420;19;29;112;373;100;0,27;0,19;2,35;0,52;60,04;61,04;4,04;3,32
2;BankAccountv2;state;421;16;23;6;21;100;0,28;0,26;0;0,04;61,04;61,04;0,74;0,58
2;BankAccountv2;transition;421;16;23;8;23;100;0,25;0,47;0;0,06;61,04;61,04;0,97;0,78
2;BankAccountv2;pair;421;16;23;67;236;100;0,21;0,15;1,4;0,38;62,04;63,04;2,73;2,13
2;BankAccountv2;state;422;15;23;7;22;100;0,25;0,17;0;0,03;63,04;63,04;0,55;0,45
2;BankAccountv2;transition;422;15;23;9;23;100;0,18;0,39;0;0,07;63,04;63,04;0,81;0,64
2;BankAccountv2;pair;422;15;23;81;248;100;0,19;0,2;1,75;0,44;64,04;65,04;3,29;2,57
2;BankAccountv2;state;423;13;21;6;19;100;0,21;0,2;0;0,03;65,04;65,04;0,6;0,45
2;BankAccountv2;transition;423;13;21;8;21;100;0,16;0,33;0;0,07;65,04;65,04;0,72;0,55
2;BankAccountv2;pair;423;13;21;58;180;100;0,2;0,15;1,27;0,26;66,04;66,04;2,57;1,88
2;BankAccountv2;state;424;15;25;7;22;100;0,3;0,29;0;0,57;66,04;66,04;1,36;1,15
2;BankAccountv2;transition;424;15;25;10;25;100;0,17;0,57;0;0,08;67,04;67,04;1,04;0,82
2;BankAccountv2;pair;424;15;25;91;267;100;0,17;0,36;3,49;0,64;68,04;68,04;5,35;4,66
2;BankAccountv2;state;425;14;23;7;21;100;0,22;0,38;0;0,05;68,04;68,04;0,81;0,64
2;BankAccountv2;transition;425;14;23;9;23;100;0,19;0,36;0;0,06;69,04;69,04;0,94;0,61
2;BankAccountv2;pair;425;14;23;81;236;100;0,14;0,17;1,78;0,33;70,04;70,04;2,88;2,43
2;BankAccountv2;state;426;15;25;7;22;100;0,18;0,16;0;0,19;70,04;70,04;0,67;0,53
2;BankAccountv2;transition;426;15;25;10;25;100;0,14;0,34;0;0,07;71,04;71,04;1,15;0,55
2;BankAccountv2;pair;426;15;25;91;267;100;0,13;1,28;2,38;0,63;72,04;72,04;5,11;4,41
2;BankAccountv2;state;427;17;26;6;23;100;0,21;0,42;0;0,05;72,04;72,04;0,89;0,68
2;BankAccountv2;transition;427;17;26;9;26;100;0,17;0,85;0;0,08;73,04;73,04;1,29;1,09
2;BankAccountv2;pair;427;17;26;60;233;100;0,18;0,18;2,14;0,47;74,04;74,04;3,53;2,96
2;BankAccountv2;state;428;17;28;9;28;100;0,31;0,25;0;0,08;74,04;74,04;0,9;0,64
2;BankAccountv2;transition;428;17;28;11;28;100;0,17;0,46;0;0,1;75,04;75,04;0,97;0,74
2;BankAccountv2;pair;428;17;28;122;359;100;0,17;0,23;12,52;0,69;76,04;76,04;14,42;13,61
2;BankAccountv2;state;429;11;17;4;14;100;0,82;0,27;0;0,03;77,04;77,04;1,86;1,11
2;BankAccountv2;transition;429;11;17;6;17;100;0,38;0,72;0;0,05;77,04;77,04;1,89;1,15
2;BankAccountv2;pair;429;11;17;29;93;100;0,16;0,08;0,41;0,1;77,04;78,04;1,1;0,76
2;BankAccountv2;state;430;21;33;9;31;100;0,29;0,59;0;0,09;78,04;78,04;1,22;0,96
2;BankAccountv2;transition;430;21;33;12;33;100;0,27;0,56;0;0,11;78,04;79,04;1,12;0,93
2;BankAccountv2;pair;430;21;33;131;459;100;0,23;0,23;3,59;0,9;80,04;81,04;6,1;4,95
2;BankAccountv2;state;431;14;22;6;19;100;0,25;0,3;0;0,04;81,04;81,04;0,76;0,58
2;BankAccountv2;transition;431;14;22;9;22;100;0,19;0,45;0;0,06;82,04;82,04;0,89;0,7
2;BankAccountv2;pair;431;14;22;81;236;100;0,15;0,13;1,23;0,32;83,04;83,04;2,5;1,83
2;BankAccountv2;state;432;13;20;6;18;100;0,22;0,22;0;0,04;83,04;83,04;0,61;0,48
2;BankAccountv2;transition;432;13;20;8;20;100;0,14;0,34;0;0,06;83,04;84,04;0,66;0,54
2;BankAccountv2;pair;432;13;20;73;213;100;0,14;0,12;1,01;0,28;84,04;85,04;1,92;1,54
2;BankAccountv2;state;433;11;16;4;14;100;0,2;0,24;0;0,03;85,04;85,04;0,66;0,47
2;BankAccountv2;transition;433;11;16;6;16;100;0,23;0,33;0;0,03;85,04;85,04;0,76;0,59
2;BankAccountv2;pair;433;11;16;30;95;100;0,14;0,13;0,48;0,12;86,04;86,04;1,22;0,88
2;BankAccountv2;state;434;19;28;7;26;100;0,22;0,28;0;0,05;86,04;86,04;0,67;0,54
2;BankAccountv2;transition;434;19;28;10;28;100;0,17;0,41;0;0,06;87,04;87,04;0,75;0,63
2;BankAccountv2;pair;434;19;28;87;332;100;0,17;0,16;1,86;0,44;88,04;88,04;3,26;2,63
2;BankAccountv2;state;435;19;30;7;26;100;0,23;0,22;0;0,06;89,04;89,04;0,64;0,51
2;BankAccountv2;transition;435;19;30;11;30;100;0,17;0,54;0;0,07;89,04;89,04;0,98;0,79
2;BankAccountv2;pair;435;19;30;95;338;100;0,2;0,19;2,75;0,52;90,04;91,04;4,43;3,65
2;BankAccountv2;state;436;20;31;9;30;100;0,25;0,29;0;0,07;91,04;91,04;0,76;0,62
2;BankAccountv2;transition;436;20;31;11;31;100;0,26;2,12;0;0,09;92,04;92,04;2,69;2,46
2;BankAccountv2;pair;436;20;31;117;411;100;0,28;0,26;2,94;0,56;93,04;94,04;4,96;4,04
2;BankAccountv2;state;437;11;17;4;14;100;0,18;0,17;0;0,03;94,04;94,04;0,48;0,37
2;BankAccountv2;transition;437;11;17;6;17;100;0,16;0,3;0;0,04;94,04;94,04;0,67;0,5
2;BankAccountv2;pair;437;11;17;29;93;100;0,16;0,11;1,26;0,31;95,04;95,04;2,55;1,84
2;BankAccountv2;state;438;15;23;7;22;100;0,24;0,38;0;0,05;95,04;95,04;0,83;0,66
2;BankAccountv2;transition;438;15;23;9;23;100;0,29;0,48;0;0,12;96,04;96,04;1,07;0,89
2;BankAccountv2;pair;438;15;23;79;233;100;0,21;0,17;1,84;0,54;97,04;97,04;3,35;2,76
2;BankAccountv2;state;439;11;16;4;14;100;0,27;0,19;0;0,03;97,04;97,04;0,63;0,48
2;BankAccountv2;transition;439;11;16;6;16;100;0,17;0,37;0;0,05;98,04;98,04;0,76;0,59
2;BankAccountv2;pair;439;11;16;30;100;100;0,16;0,1;0,56;0,15;98,04;98,04;1,38;0,97
2;BankAccountv2;state;440;14;21;7;21;100;0,2;0,29;0;0,04;99,04;99,04;0,66;0,53
2;BankAccountv2;transition;440;14;21;8;21;100;0,21;0,35;0;0,05;99,04;99,04;0,76;0,61
2;BankAccountv2;pair;440;14;21;64;184;100;0,3;0,17;1,11;0,3;100,04;100,04;2,57;1,88
2;BankAccountv2;state;441;15;22;4;18;100;0,23;0,22;0;0,03;100,04;100,04;0,63;0,49
2;BankAccountv2;transition;441;15;22;7;22;100;0,22;0,44;0;0,09;101,04;101,04;0,9;0,74
2;BankAccountv2;pair;441;15;22;35;151;100;0,2;0,13;0,89;0,19;101,04;102,04;1,88;1,41
2;BankAccountv2;state;442;12;19;5;17;100;0,16;0,16;0;0,03;102,04;102,04;0,5;0,36
2;BankAccountv2;transition;442;12;19;7;19;100;0,14;0,33;0;0,04;102,04;102,04;0,67;0,51
2;BankAccountv2;pair;442;12;19;36;120;100;0,15;0,12;0,86;0,19;103,04;103,04;1,75;1,33
2;BankAccountv2;state;443;15;23;7;22;100;0,25;0,26;0;0,05;103,04;103,04;0,68;0,56
2;BankAccountv2;transition;443;15;23;9;23;100;0,3;0,45;0;0,06;104,04;104,04;0,97;0,81
2;BankAccountv2;pair;443;15;23;81;248;100;0,2;0,17;1,45;0,38;105,04;105,04;2,75;2,2
2;BankAccountv2;state;444;12;17;5;17;100;0,25;0,21;0;0,03;105,04;105,04;0,63;0,49
2;BankAccountv2;transition;444;12;17;6;17;100;0,18;0,29;0;0,06;105,04;106,04;0,68;0,53
2;BankAccountv2;pair;444;12;17;24;82;100;0,17;0,1;0,47;0,14;106,04;106,04;1,25;0,87
2;BankAccountv2;state;445;16;23;6;21;100;0,25;0,26;0;0,05;106,04;106,04;0,81;0,55
2;BankAccountv2;transition;445;16;23;8;23;100;0,22;0,43;0;0,06;107,04;107,04;0,85;0,71
2;BankAccountv2;pair;445;16;23;65;228;100;0,2;0,16;1,75;0,34;108,04;108,04;3,06;2,44
2;BankAccountv2;state;446;10;15;3;12;100;0,19;0,16;0;0,02;108,04;108,04;0,49;0,37
2;BankAccountv2;transition;446;10;15;5;15;100;0,13;0,29;0;0,04;109,04;109,04;0,61;0,46
2;BankAccountv2;pair;446;10;15;14;51;100;0,17;0,09;0,37;0,08;109,04;109,04;1,03;0,7
2;BankAccountv2;state;447;17;25;6;22;100;0,24;0,27;0;0,05;109,04;109,04;0,7;0,55
2;BankAccountv2;transition;447;17;25;9;25;100;0,23;0,42;0;0,06;110,04;110,04;0,9;0,72
2;BankAccountv2;pair;447;17;25;79;284;100;0,16;0,14;1,64;0,34;111,04;111,04;2,75;2,28
2;BankAccountv2;state;448;21;33;9;32;100;0,17;0,23;0;0,05;112,04;112,04;0,57;0,46
2;BankAccountv2;transition;448;21;33;12;33;100;0,13;0,73;0;0,08;112,04;112,04;1,11;0,94
2;BankAccountv2;pair;448;21;33;134;479;100;0,14;0,31;3,82;0,59;114,04;114,04;5,54;4,87
2;BankAccountv2;state;449;19;28;7;26;100;0,32;0,39;0;0,06;115,04;115,04;0,99;0,77
2;BankAccountv2;transition;449;19;28;10;28;100;0,39;0,6;0;0,07;115,04;115,04;1,28;1,07
2;BankAccountv2;pair;449;19;28;89;333;100;0,24;0,17;1,88;0,38;116,04;117,04;3,31;2,66
2;BankAccountv2;state;450;22;35;10;34;100;0,18;0,28;0;0,06;117,04;117,04;0,63;0,51
2;BankAccountv2;transition;450;22;35;13;35;100;0,15;0,45;0;0,08;118,04;118,04;0,8;0,68
2;BankAccountv2;pair;450;22;35;163;542;100;0,14;0,27;4,77;1,03;120,04;120,04;7,12;6,2
2;BankAccountv2;state;451;22;35;9;33;100;0,4;0,34;0;0,07;121,04;121,04;1,03;0,82
2;BankAccountv2;transition;451;22;35;13;35;100;0,19;0,63;0;0,11;121,04;121,04;1,16;0,93
2;BankAccountv2;pair;451;22;35;139;482;100;0,2;0,31;3,78;0,8;123,04;124,04;6;5,09
2;BankAccountv2;state;452;11;16;5;15;100;0,23;0,28;0;0,07;124,04;124,04;0,82;0,58
2;BankAccountv2;transition;452;11;16;6;16;100;0,17;0,39;0;0,04;124,04;124,04;0,78;0,6
2;BankAccountv2;pair;452;11;16;42;125;100;0,16;0,1;0,74;0,22;125,04;125,04;1,65;1,22
2;BankAccountv2;state;453;13;20;5;17;100;0,22;0,27;0;0,04;125,04;125,04;0,67;0,52
2;BankAccountv2;transition;453;13;20;8;20;100;0,19;0,52;0;0,05;126,04;126,04;0,94;0,76
2;BankAccountv2;pair;453;13;20;53;160;100;0,18;0,12;0,97;0,33;126,04;127,04;2,13;1,6
2;BankAccountv2;state;454;20;30;8;28;100;0,3;0,3;0;0,1;127,04;127,04;0,85;0,7
2;BankAccountv2;transition;454;20;30;11;30;100;0,31;0,51;0;0,07;127,04;127,04;1,1;0,89
2;BankAccountv2;pair;454;20;30;113;392;100;0,28;0,27;3,14;0,71;129,04;129,04;5,63;4,39
2;BankAccountv2;state;455;15;21;5;19;100;0,29;0,33;0;0,04;130,04;130,04;0,84;0,65
2;BankAccountv2;transition;455;15;21;7;21;100;0,19;0,61;0;0,07;130,04;130,04;1,12;0,87
2;BankAccountv2;pair;455;15;21;43;165;100;0,23;0,21;0,88;0,21;131,04;131,04;2,11;1,53
2;BankAccountv2;state;456;14;22;6;19;100;0,24;0,32;0;0,04;131,04;131,04;0,76;0,6
2;BankAccountv2;transition;456;14;22;9;22;100;0,18;0,44;0;0,06;132,04;132,04;0,88;0,68
2;BankAccountv2;pair;456;14;22;77;220;100;0,2;0,17;1,68;0,36;133,04;133,04;3;2,4
2;BankAccountv2;state;457;10;14;4;13;100;0,27;0,29;0;0,03;133,04;133,04;0,82;0,59
2;BankAccountv2;transition;457;10;14;5;14;100;0,22;0,27;0;0,04;133,04;133,04;0,71;0,52
2;BankAccountv2;pair;457;10;14;20;64;100;0,18;0,24;0,4;0,1;134,04;134,04;1,45;0,92
2;BankAccountv2;state;458;21;32;9;30;100;0,27;0,33;0;0,08;134,04;134,04;0,83;0,68
2;BankAccountv2;transition;458;21;32;12;32;100;0,34;0,65;0;0,1;135,04;135,04;1,29;1,09
2;BankAccountv2;pair;458;21;32;157;536;100;0,27;0,41;5,23;1,73;137,04;138,04;8,72;7,65
2;BankAccountv2;state;459;21;33;9;32;100;0,23;0,3;0;0,07;138,04;138,04;1,03;0,61
2;BankAccountv2;transition;459;21;33;12;33;100;0,2;0,64;0;0,09;138,04;138,04;1,14;0,93
2;BankAccountv2;pair;459;21;33;134;479;100;0,16;0,27;3,78;0,83;140,04;141,04;5,98;5,05
2;BankAccountv2;state;460;15;24;7;23;100;0,31;0,26;0;0,06;141,04;141,04;0,8;0,63
2;BankAccountv2;transition;460;15;24;9;24;100;0,21;0,39;0;0,06;141,04;141,04;0,84;0,66
2;BankAccountv2;pair;460;15;24;63;199;100;0,24;0,15;1,25;0,31;142,04;143,04;2,48;1,96
2;BankAccountv2;state;461;13;19;6;19;100;0,21;0,25;0;0,04;143,04;143,04;0,64;0,5
2;BankAccountv2;transition;461;13;19;7;19;100;0,19;0,42;0;0,04;143,04;143,04;0,82;0,66
2;BankAccountv2;pair;461;13;19;47;144;100;0,19;0,12;1,1;0,27;144,04;144,04;2,08;1,67
2;BankAccountv2;state;462;17;24;6;23;100;0,24;0,31;0;0,05;144,04;144,04;0,76;0,6
2;BankAccountv2;transition;462;17;24;8;24;100;0,24;0,48;0;0,06;145,04;145,04;0,96;0,78
2;BankAccountv2;pair;462;17;24;52;217;100;0,22;0,17;1,42;0,34;146,04;146,04;2,74;2,15
2;BankAccountv2;state;463;16;26;8;25;100;0,27;0,27;0;0,06;146,04;146,04;0,75;0,6
2;BankAccountv2;transition;463;16;26;10;26;100;0,21;0,47;0;0,07;147,04;147,04;0,94;0,76
2;BankAccountv2;pair;463;16;26;89;265;100;0,3;0,34;1,6;0,33;148,04;148,04;3,12;2,57
2;BankAccountv2;state;464;14;22;6;20;100;0,2;0,17;0;0,05;148,04;149,04;0,54;0,42
2;BankAccountv2;transition;464;14;22;8;22;100;0,14;0,3;0;0,04;149,04;149,04;0,66;0,48
2;BankAccountv2;pair;464;14;22;52;163;100;0,15;0,11;0,77;0,19;150,04;150,04;1,56;1,22
2;BankAccountv2;state;465;16;24;6;22;100;0,18;0,18;0;0,03;150,04;150,04;0,49;0,39
2;BankAccountv2;transition;465;16;24;8;24;100;0,14;0,41;0;0,06;151,04;151,04;0,78;0,61
2;BankAccountv2;pair;465;16;24;54;207;100;0,2;0,16;1,21;0,31;151,04;152,04;2,44;1,87
2;BankAccountv2;state;466;14;23;7;21;100;0,15;0,17;0;0,04;152,04;152,04;0,49;0,36
2;BankAccountv2;transition;466;14;23;9;23;100;0,13;0,34;0;0,08;152,04;152,04;0,71;0,55
2;BankAccountv2;pair;466;14;23;79;228;100;0,15;0,14;1,38;0,38;153,04;154,04;2,54;2,05
2;BankAccountv2;state;467;21;33;9;32;100;0,24;0,36;0;0,08;154,04;154,04;0,85;0,67
2;BankAccountv2;transition;467;21;33;12;33;100;0,2;0,6;0;0,09;154,04;154,04;1,11;0,9
2;BankAccountv2;pair;467;21;33;134;479;100;0,16;0,24;4,33;0,87;156,04;157,04;6,47;5,59
2;BankAccountv2;state;468;10;14;4;13;100;0,19;0,16;0;0,02;157,04;157,04;0,52;0,37
2;BankAccountv2;transition;468;10;14;5;14;100;0,16;0,25;0;0,03;157,04;157,04;0,58;0,43
2;BankAccountv2;pair;468;10;14;24;75;100;0,15;0,07;0,43;0,09;158,04;158,04;1,04;0,73
2;BankAccountv2;state;469;10;14;4;13;100;0,15;0,21;0;0,04;158,04;158,04;0,54;0,4
2;BankAccountv2;transition;469;10;14;5;14;100;0,19;0,28;0;0,06;158,04;158,04;0,71;0,53
2;BankAccountv2;pair;469;10;14;22;71;100;0,12;0,09;0,36;0,11;159,04;159,04;1,07;0,67
2;BankAccountv2;state;470;20;31;9;30;100;0,22;0,26;0;0,06;159,04;159,04;0,66;0,53
2;BankAccountv2;transition;470;20;31;11;31;100;0,26;0,58;0;0,08;160,04;160,04;1,12;0,92
2;BankAccountv2;pair;470;20;31;117;411;100;0,24;0,21;3;0,63;161,04;162,04;4,93;4,09
2;BankAccountv2;state;471;16;24;6;22;100;0,32;0,29;0;0,04;162,04;162,04;0,82;0,65
2;BankAccountv2;transition;471;16;24;8;24;100;0,22;0,42;0;0,06;163,04;163,04;0,9;0,7
2;BankAccountv2;pair;471;16;24;51;195;100;0,32;0,14;0,93;0,27;163,04;164,04;2,21;1,67
2;BankAccountv2;state;472;18;27;7;24;100;0,24;0,26;0;0,06;164,04;164,04;0,74;0,56
2;BankAccountv2;transition;472;18;27;10;27;100;0,28;0,51;0;0,07;164,04;164,04;1,03;0,86
2;BankAccountv2;pair;472;18;27;102;341;100;0,25;0,26;2,3;0,51;166,04;166,04;4,21;3,32
2;BankAccountv2;state;473;16;26;8;26;100;0,19;0,2;0;0,05;166,04;166,04;0,57;0,44
2;BankAccountv2;transition;473;16;26;10;26;100;0,17;0,37;0;0,07;167,04;167,04;0,8;0,61
2;BankAccountv2;pair;473;16;26;91;280;100;0,17;0,17;2,65;0,51;168,04;168,04;4,12;3,5
2;BankAccountv2;state;474;19;29;7;25;100;0,34;0,42;0;0,06;169,04;169,04;1,01;0,82
2;BankAccountv2;transition;474;19;29;11;29;100;0,25;0,52;0;0,08;169,04;169,04;1,08;0,86
2;BankAccountv2;pair;474;19;29;112;373;100;0,45;0,26;3,64;0,5;170,04;171,04;5,71;4,86
2;BankAccountv2;state;475;18;27;6;23;100;3,04;0,36;0;0,04;171,04;171,04;3,66;3,45
2;BankAccountv2;transition;475;18;27;10;27;100;0,24;0,5;0;0,09;172,04;172,04;1,11;0,82
2;BankAccountv2;pair;475;18;27;85;303;100;0,24;0,19;2,54;0,38;173,04;173,04;4,14;3,35
2;BankAccountv2;state;476;14;22;6;20;100;0,31;0,37;0;0,05;174,04;174,04;0,97;0,74
2;BankAccountv2;transition;476;14;22;8;22;100;0,19;0,41;0;0,06;174,04;174,04;0,84;0,66
2;BankAccountv2;pair;476;14;22;55;174;100;0,21;0,15;1,17;0,26;175,04;175,04;2,29;1,79
2;BankAccountv2;state;477;12;19;5;16;100;0,21;0,16;0;0,02;175,04;175,04;0,49;0,39
2;BankAccountv2;transition;477;12;19;7;19;100;0,12;0,32;0;0,04;176,04;176,04;0,58;0,48
2;BankAccountv2;pair;477;12;19;49;146;100;0,13;0,1;0,7;0,21;176,04;177,04;1,45;1,14
2;BankAccountv2;state;478;18;26;7;25;100;0,19;0,22;0;0,03;177,04;177,04;0,55;0,44
2;BankAccountv2;transition;478;18;26;9;26;100;0,17;0,43;0;0,05;177,04;177,04;0,77;0,65
2;BankAccountv2;pair;478;18;26;80;302;100;0,19;0,14;1,86;0,57;178,04;179,04;3,3;2,77
2;BankAccountv2;state;479;16;26;8;26;100;0,22;0,2;0;0,05;179,04;179,04;0,62;0,47
2;BankAccountv2;transition;479;16;26;10;26;100;0,15;0,6;0;0,07;180,04;180,04;1,03;0,82
2;BankAccountv2;pair;479;16;26;91;280;100;0,13;0,15;1,88;0,38;181,04;181,04;3,01;2,55
2;BankAccountv2;state;480;12;18;5;16;100;0,21;0,16;0;0,03;181,04;181,04;0,51;0,39
2;BankAccountv2;transition;480;12;18;7;18;100;0,16;0,3;0;0,04;182,04;182,04;0,6;0,49
2;BankAccountv2;pair;480;12;18;47;142;100;0,16;0,23;0,67;0,21;182,04;182,04;1,62;1,27
2;BankAccountv2;state;481;10;14;4;13;100;0,15;0,15;0;0,03;183,04;183,04;0,46;0,34
2;BankAccountv2;transition;481;10;14;5;14;100;0,2;0,29;0;0,04;183,04;183,04;0,74;0,52
2;BankAccountv2;pair;481;10;14;25;79;100;0,21;0,13;0,6;0,11;183,04;184,04;1,45;1,05
2;BankAccountv2;state;482;21;33;9;32;100;0,2;0,29;0;0,08;184,04;184,04;0,71;0,56
2;BankAccountv2;transition;482;21;33;12;33;100;0,36;0,59;0;0,12;184,04;184,04;1,36;1,07
2;BankAccountv2;pair;482;21;33;134;479;100;0,22;0,28;4,5;0,66;186,04;187,04;6,66;5,66
2;BankAccountv2;state;483;16;23;6;21;100;0,31;0,25;0;0,05;187,04;187,04;0,85;0,61
2;BankAccountv2;transition;483;16;23;8;23;100;0,21;0,4;0;0,06;187,04;187,04;0,85;0,67
2;BankAccountv2;pair;483;16;23;65;228;100;0,25;0,15;1,44;0,4;188,04;189,04;3,65;2,23
2;BankAccountv2;state;484;21;32;9;30;100;0,31;0,39;0;0,07;189,04;189,04;0,97;0,77
2;BankAccountv2;transition;484;21;32;12;32;100;0,3;0,59;0;0,17;189,04;190,04;1,32;1,06
2;BankAccountv2;pair;484;21;32;157;536;100;0,31;0,28;18,25;1,29;191,07;7,07;21,32;20,12
2;BankAccountv2;state;485;19;29;8;28;100;0,43;0,43;0;0,08;8,07;8,07;1,18;0,94
2;BankAccountv2;transition;485;19;29;10;29;100;0,37;0,75;0;0,11;8,07;8,07;1,47;1,24
2;BankAccountv2;pair;485;19;29;90;338;100;0,35;0,31;3,35;0,93;9,07;10,07;6,62;4,94
2;BankAccountv2;state;486;10;14;4;13;100;0,3;0,29;0;0,04;10,07;10,07;0,83;0,62
2;BankAccountv2;transition;486;10;14;5;14;100;0,26;0,44;0;0,05;10,07;10,07;0,95;0,75
2;BankAccountv2;pair;486;10;14;25;79;100;0,32;0,12;0,61;0,17;11,07;11,07;1,77;1,23
2;BankAccountv2;state;487;16;24;6;22;100;0,33;0,36;0;0,07;11,07;11,07;0,93;0,76
2;BankAccountv2;transition;487;16;24;8;24;100;0,31;0,73;0;0,08;12,07;12,07;1,33;1,12
2;BankAccountv2;pair;487;16;24;54;207;100;0,31;0,23;1,85;0,55;13,07;13,07;3,73;2,94
2;BankAccountv2;state;488;16;24;6;22;100;0,36;0,38;0;0,06;13,07;13,07;1;0,81
2;BankAccountv2;transition;488;16;24;8;24;100;0,32;0,7;0;0,09;14,07;14,07;1,4;1,11
2;BankAccountv2;pair;488;16;24;51;195;100;0,36;0,22;2,12;0,7;14,07;15,07;4,76;3,4
2;BankAccountv2;state;489;14;23;7;21;100;0,41;0,28;0;0,06;15,07;15,07;0,95;0,75
2;BankAccountv2;transition;489;14;23;9;23;100;0,37;0,61;0;0,09;15,07;15,07;1,45;1,07
2;BankAccountv2;pair;489;14;23;83;244;100;0,23;0,4;2,26;0,74;16,07;17,07;4,4;3,63
2;BankAccountv2;state;490;15;21;5;19;100;0,33;0,35;0;0,05;17,07;17,07;0,93;0,74
2;BankAccountv2;transition;490;15;21;7;21;100;0,28;0,87;0;0,08;17,07;17,07;1,46;1,23
2;BankAccountv2;pair;490;15;21;43;165;100;0,28;0,2;1,47;0,56;18,07;18,07;3,23;2,51
2;BankAccountv2;state;491;14;22;6;20;100;0,35;0,34;0;0,05;18,07;18,07;0,92;0,74
2;BankAccountv2;transition;491;14;22;8;22;100;0,3;0,54;0;0,07;19,07;19,07;1,11;0,91
2;BankAccountv2;pair;491;14;22;55;174;100;0,32;0,48;1,41;0,37;20,07;20,07;3,46;2,58
2;BankAccountv2;state;492;19;29;8;28;100;0,43;0,6;0;0,08;20,07;20,07;1,52;1,12
2;BankAccountv2;transition;492;19;29;10;29;100;0,38;0,8;0;0,1;21,07;21,07;1,52;1,28
2;BankAccountv2;pair;492;19;29;90;338;100;0,34;0,27;3,27;0,75;22,07;22,07;5,7;4,64
2;BankAccountv2;state;493;15;24;8;24;100;0,42;0,4;0;0,08;23,07;23,07;1,16;0,9
2;BankAccountv2;transition;493;15;24;9;24;100;0,32;0,62;0;0,09;23,07;23,07;1,3;1,03
2;BankAccountv2;pair;493;15;24;74;216;100;0,43;0,28;2,14;0,69;24,07;24,07;4,96;3,54
2;BankAccountv2;state;494;19;29;8;28;100;0,43;0,47;0;0,08;25,07;25,07;1,21;0,99
2;BankAccountv2;transition;494;19;29;10;29;100;0,38;0,84;0;0,12;25,07;25,07;1,59;1,34
2;BankAccountv2;pair;494;19;29;90;338;100;0,39;0,29;3,32;0,65;26,07;27,07;5,65;4,65
2;BankAccountv2;state;495;18;26;7;25;100;0,37;0,33;0;0,06;27,07;27,07;0,95;0,76
2;BankAccountv2;transition;495;18;26;9;26;100;0,27;0,61;0;0,08;28,07;28,07;1,14;0,96
2;BankAccountv2;pair;495;18;26;80;302;100;0,28;0,22;2,41;0,63;29,07;29,07;4,46;3,54
2;BankAccountv2;state;496;19;29;8;28;100;0,39;0,55;0;0,1;30,07;30,07;1,31;1,04
2;BankAccountv2;transition;496;19;29;10;29;100;0,4;1;0;0,12;30,07;30,07;1,79;1,51
2;BankAccountv2;pair;496;19;29;90;338;100;0,47;0,43;2,65;0,86;31,07;32,07;5,75;4,42
2;BankAccountv2;state;497;18;26;7;25;100;0,34;0,38;0;0,07;32,07;32,07;1,02;0,79
2;BankAccountv2;transition;497;18;26;9;26;100;0,35;0,8;0;0,09;33,07;33,07;1,56;1,25
2;BankAccountv2;pair;497;18;26;80;302;100;0,31;0,25;2,51;0,64;34,07;34,07;4,72;3,71
2;BankAccountv2;state;498;17;24;6;23;100;0,36;0,35;0;0,05;35,07;35,07;0,96;0,76
2;BankAccountv2;transition;498;17;24;8;24;100;0,3;0,57;0;0,07;35,07;35,07;1,13;0,95
2;BankAccountv2;pair;498;17;24;56;230;100;0,32;0,17;1,88;0,48;36,07;36,07;3,79;2,86
