RunID;SPL Name;Coverage Type;Product Index;FTS States;FTS Transitions;Test Cases;Total Test Actions;Coverage(%);Projection Time(ms);Test Generation Time(ms);Transformation Time(ms);Test Execution Time(ms);Test Generation Peak Memory(MB);Test Execution Peak Memory(MB);Wall Clock Time(ms);Segment Sum Time(ms)
4;BankAccountv2;state;1;18;30;9;29;100;8,03;5,77;0;3,65;11,95;11,95;21,08;17,45
4;BankAccountv2;transition;1;18;30;12;30;100;2,69;13,58;0;1,02;12,95;12,95;19,37;17,29
4;BankAccountv2;pair;1;18;30;127;368;100;1,84;5,25;21,69;5,06;14,95;14,95;42,87;33,85
4;BankAccountv2;state;2;19;27;7;26;100;1,52;1,44;0;0,3;15,95;15,95;4,65;3,26
4;BankAccountv2;transition;2;19;27;9;27;100;1,29;2,59;0;0,34;15,95;15,95;5,76;4,22
4;BankAccountv2;pair;2;19;27;77;293;100;1,06;0,52;8,32;2,58;17,95;17,95;15,81;12,47
4;BankAccountv2;state;3;9;12;3;11;100;0,71;0,66;0;0,21;17,95;17,95;2,86;1,58
4;BankAccountv2;transition;3;9;12;4;12;100;0,54;1,04;0;0,12;18,95;18,95;2,83;1,69
4;BankAccountv2;pair;3;9;12;11;39;100;0,53;0,19;0,92;0,24;18,95;18,95;3,75;1,88
4;BankAccountv2;state;4;18;28;7;25;100;0,57;0,77;0;0,18;18,95;18,95;2,54;1,52
4;BankAccountv2;transition;4;18;28;10;28;100;0,55;1,74;0;0,27;19,95;19,95;3,51;2,56
4;BankAccountv2;pair;4;18;28;89;319;100;0,75;0,5;6,81;1,45;20,95;21,95;11,83;9,51
4;BankAccountv2;state;5;13;18;6;19;100;0,58;0,73;0;0,22;21,95;21,95;2,31;1,53
4;BankAccountv2;transition;5;13;18;6;18;100;0,66;1,16;0;0,16;21,95;21,95;2,69;1,98
4;BankAccountv2;pair;5;13;18;33;106;100;0,44;0,24;1,71;0,5;22,95;22,95;4,41;2,89
4;BankAccountv2;state;6;14;24;7;21;100;0,51;0,55;0;0,13;22,95;22,95;1,82;1,19
4;BankAccountv2;transition;6;14;24;9;24;100;0,41;1,15;0;0,29;23,95;23,95;2,5;1,85
4;BankAccountv2;pair;6;14;24;79;234;100;0,4;0,42;3,6;0,98;24,95;24,95;7,13;5,39
4;BankAccountv2;state;7;16;27;8;26;100;1,95;0,76;0;0,16;24,95;24,95;3,7;2,87
4;BankAccountv2;transition;7;16;27;10;27;100;0,48;1,26;0;0,17;25,95;25,95;2,62;1,91
4;BankAccountv2;pair;7;16;27;91;286;100;0,45;0,41;4,95;1,03;26,95;26,95;9,01;6,84
4;BankAccountv2;state;8;14;20;7;21;100;0,62;0,63;0;0,21;27,95;27,95;2,1;1,45
4;BankAccountv2;transition;8;14;20;7;20;100;0,51;1,21;0;0,1;27,95;27,95;2,62;1,83
4;BankAccountv2;pair;8;14;20;60;182;100;0,5;0,34;3,25;0,8;28,95;28,95;6,73;4,88
4;BankAccountv2;state;9;14;23;6;20;100;0,53;0,63;0;0,11;29,95;29,95;1,82;1,27
4;BankAccountv2;transition;9;14;23;9;23;100;0,45;1,18;0;0,16;29,95;29,95;2,39;1,79
4;BankAccountv2;pair;9;14;23;61;186;100;0,46;0,38;3,38;0,77;30,95;30,95;6,88;4,98
4;BankAccountv2;state;10;19;30;7;25;100;0,78;0,93;0;0,14;30,95;30,95;2,51;1,85
4;BankAccountv2;transition;10;19;30;11;30;100;0,76;1,51;0;0,22;31,95;31,95;3,32;2,48
4;BankAccountv2;pair;10;19;30;112;379;100;0,8;0,62;7,25;1,87;32,95;33,95;13,37;10,55
4;BankAccountv2;state;11;16;25;7;23;100;0,82;0,93;0;0,17;33,95;33,95;2,76;1,91
4;BankAccountv2;transition;11;16;25;10;25;100;0,69;1,68;0;0,23;34,95;34,95;3,46;2,6
4;BankAccountv2;pair;11;16;25;89;272;100;0,74;0,51;5,1;1,3;35,95;36,95;9,99;7,65
4;BankAccountv2;state;12;17;29;9;28;100;0,61;0,83;0;0,15;36,95;36,95;2,27;1,59
4;BankAccountv2;transition;12;17;29;11;29;100;0,54;1,31;0;0,21;36,95;36,95;2,78;2,06
4;BankAccountv2;pair;12;17;29;119;353;100;0,61;0,61;6,95;1,55;38,95;38,95;12,33;9,72
4;BankAccountv2;state;13;22;35;10;34;100;0,75;0,78;0;0,18;39,95;39,95;2,29;1,71
4;BankAccountv2;transition;13;22;35;13;35;100;0,6;1,48;0;0,24;39,95;39,95;2,98;2,33
4;BankAccountv2;pair;13;22;35;163;542;100;0,56;0,77;10,99;2,53;41,95;42,95;17,93;14,84
4;BankAccountv2;state;14;12;18;6;18;100;0,5;0,51;0;0,09;42,95;42,95;1,69;1,1
4;BankAccountv2;transition;14;12;18;6;18;100;0,41;0,99;0;0,11;43,95;43,95;2,15;1,51
4;BankAccountv2;pair;14;12;18;39;117;100;0,41;0,27;1,8;0,48;43,95;43,95;4,41;2,96
4;BankAccountv2;state;15;13;21;6;19;100;0,49;0,57;0;0,1;44,95;44,95;1,78;1,16
4;BankAccountv2;transition;15;13;21;8;21;100;0,45;1;0;0,14;44,95;44,95;2,31;1,6
4;BankAccountv2;pair;15;13;21;55;168;100;0,45;0,31;2,57;0,67;45,95;45,95;5,62;4
4;BankAccountv2;state;16;14;23;6;19;100;0,59;0,66;0;0,1;45,95;45,95;1,91;1,36
4;BankAccountv2;transition;16;14;23;9;23;100;0,53;1,15;0;0,15;46,95;46,95;2,51;1,83
4;BankAccountv2;pair;16;14;23;81;242;100;0,53;0,36;3,9;1,02;47,95;47,95;8,05;5,81
4;BankAccountv2;state;17;19;27;8;27;100;0,67;1,02;0;0,14;48,95;48,95;2,41;1,84
4;BankAccountv2;transition;17;19;27;9;27;100;0,66;1,33;0;0,16;48,95;48,95;2,77;2,16
4;BankAccountv2;pair;17;19;27;91;326;100;0,56;0,49;4,91;1,11;49,95;50,95;9,27;7,08
4;BankAccountv2;state;18;12;16;5;17;100;0,55;0,58;0;0,07;50,95;50,95;1,69;1,2
4;BankAccountv2;transition;18;12;16;5;16;100;0,64;0,93;0;0,07;51,95;51,95;2,3;1,64
4;BankAccountv2;pair;18;12;16;25;89;100;0,44;0,23;1,45;0,17;51,95;51,95;3,48;2,3
4;BankAccountv2;state;19;12;16;5;17;100;0,46;0,37;0;0,04;52,95;52,95;1,23;0,88
4;BankAccountv2;transition;19;12;16;5;16;100;0,27;0,48;0;0,05;52,95;52,95;1,14;0,81
4;BankAccountv2;pair;19;12;16;21;73;100;0,43;0,21;1,17;0,21;52,95;52,95;3,31;2,01
4;BankAccountv2;state;20;17;25;6;22;100;0,63;0,71;0;0,08;53,95;53,95;1,93;1,43
4;BankAccountv2;transition;20;17;25;9;25;100;0,57;1,34;0;0,18;53,95;53,95;2,69;2,08
4;BankAccountv2;pair;20;17;25;79;284;100;0,63;0,42;4,75;0,85;54,95;55,95;9,36;6,65
4;BankAccountv2;state;21;23;38;10;35;100;0,59;0,85;0;0,15;55,95;55,95;2,2;1,59
4;BankAccountv2;transition;21;23;38;14;38;100;0,58;1,74;0;0,25;56,95;56,95;3,46;2,58
4;BankAccountv2;pair;21;23;38;177;590;100;0,54;0,76;11,32;1,99;58,95;59,95;18,28;14,61
4;BankAccountv2;state;22;14;18;4;17;100;0,52;0,62;0;0,06;59,95;59,95;1,95;1,2
4;BankAccountv2;transition;22;14;18;5;18;100;0,45;0,98;0;0,09;60,95;60,95;2;1,52
4;BankAccountv2;pair;22;14;18;24;109;100;0,49;0,23;1,98;0,28;60,95;60,95;4,36;2,98
4;BankAccountv2;state;23;15;22;7;22;100;0,56;0,43;0;0,06;61,95;61,95;1,35;1,05
4;BankAccountv2;transition;23;15;22;8;22;100;0,62;1,06;0;0,08;61,95;61,95;2,25;1,76
4;BankAccountv2;pair;23;15;22;69;206;100;0,76;0,38;3,14;0,62;62,95;62,95;6,74;4,9
4;BankAccountv2;state;24;12;18;5;17;100;0,44;0,49;0;0,07;63,95;63,95;1,44;1
4;BankAccountv2;transition;24;12;18;6;18;100;0,32;0,77;0;0,12;63,95;63,95;1,67;1,21
4;BankAccountv2;pair;24;12;18;30;98;100;0,24;0,28;1,57;0,29;63,95;64,95;3,61;2,39
4;BankAccountv2;state;25;15;22;4;18;100;0,32;0,54;0;0,09;64,95;64,95;1,3;0,95
4;BankAccountv2;transition;25;15;22;7;22;100;0,38;1,03;0;0,09;64,95;64,95;1,95;1,5
4;BankAccountv2;pair;25;15;22;35;151;100;0,38;0,28;1,99;0,51;65,95;65,95;4,76;3,16
4;BankAccountv2;state;26;22;35;9;31;100;0,7;0,95;0;0,13;66,95;66,95;2,24;1,77
4;BankAccountv2;transition;26;22;35;13;35;100;0,48;1,47;0;0,18;66,95;66,95;2,74;2,13
4;BankAccountv2;pair;26;22;35;167;570;100;0,6;0,62;7,67;1,26;69,95;70,95;13,32;10,15
4;BankAccountv2;state;27;16;26;8;25;100;0,4;0,39;0;0,07;70,95;70,95;1,13;0,86
4;BankAccountv2;transition;27;16;26;10;26;100;0,42;0,8;0;0,11;70,95;70,95;1,71;1,34
4;BankAccountv2;pair;27;16;26;83;244;100;0,29;0,28;3,04;0,78;71,95;72,95;6,36;4,39
4;BankAccountv2;state;28;18;25;7;25;100;0,53;0,64;0;0,1;72,95;72,95;1,71;1,27
4;BankAccountv2;transition;28;18;25;8;25;100;0,47;1,12;0;0,13;73,95;73,95;2,16;1,72
4;BankAccountv2;pair;28;18;25;70;271;100;0,47;0,4;3,59;0,85;74,95;74,95;7,1;5,31
4;BankAccountv2;state;29;18;28;7;25;100;0,57;0,69;0;0,12;74,95;75,95;1,9;1,37
4;BankAccountv2;transition;29;18;28;10;28;100;0,55;1,16;0;0,15;75,95;75,95;2,33;1,86
4;BankAccountv2;pair;29;18;28;86;301;100;0,49;0,37;4,33;0,99;76,95;77,95;8,24;6,18
4;BankAccountv2;state;30;20;31;8;28;100;0,61;0,77;0;0,12;77,95;77,95;1,93;1,5
4;BankAccountv2;transition;30;20;31;11;31;100;0,53;1,3;0;0,17;78,95;78,95;2,53;2
4;BankAccountv2;pair;30;20;31;122;444;100;0,5;0,5;6,93;1,41;79,95;80,95;11,71;9,34
4;BankAccountv2;state;31;15;20;5;19;100;0,5;0,53;0;0,08;80,95;80,95;1,54;1,11
4;BankAccountv2;transition;31;15;20;6;20;100;0,42;0,95;0;0,11;81,95;81,95;1,98;1,48
4;BankAccountv2;pair;31;15;20;40;159;100;0,42;0,24;2,04;0,47;81,95;82,95;4,54;3,17
4;BankAccountv2;state;32;14;20;7;21;100;0,45;0,56;0;0,1;82,95;82,95;1,51;1,11
4;BankAccountv2;transition;32;14;20;7;20;100;0,37;0,78;0;0,1;82,95;82,95;1,73;1,25
4;BankAccountv2;pair;32;14;20;60;182;100;0,41;0,27;2,32;0,58;83,95;84,95;5,14;3,58
4;BankAccountv2;state;33;20;29;8;28;100;0,55;0,71;0;0,11;84,95;84,95;1,86;1,36
4;BankAccountv2;transition;33;20;29;10;29;100;0,52;1,19;0;0,15;84,95;84,95;2,27;1,85
4;BankAccountv2;pair;33;20;29;100;351;100;0,51;0,53;5,92;1,03;86,95;86,95;10,35;7,99
4;BankAccountv2;state;34;13;21;6;18;100;0,4;0,56;0;0,06;87,95;87,95;1,31;1,02
4;BankAccountv2;transition;34;13;21;8;21;100;0,27;0,63;0;0,07;87,95;87,95;1,22;0,98
4;BankAccountv2;pair;34;13;21;69;203;100;0,35;0,2;1,77;0,64;88,95;88,95;4,41;2,95
4;BankAccountv2;state;35;13;21;6;18;100;0,4;0,4;0;0,06;89,95;89,95;1,1;0,85
4;BankAccountv2;transition;35;13;21;8;21;100;0,3;0,7;0;0,12;89,95;89,95;1,48;1,11
4;BankAccountv2;pair;35;13;21;71;211;100;0,44;0,34;2,3;0,66;90,95;90,95;5,08;3,74
4;BankAccountv2;state;36;13;21;6;19;100;0,33;0,36;0;0,07;90,95;91,95;0,99;0,77
4;BankAccountv2;transition;36;13;21;8;21;100;0,34;0,87;0;0,1;91,95;91,95;1,67;1,31
4;BankAccountv2;pair;36;13;21;58;180;100;0,31;0,35;2,72;0,35;92,95;92,95;4,82;3,72
4;BankAccountv2;state;37;13;20;5;18;100;0,44;0,54;0;0,06;92,95;92,95;1,41;1,04
4;BankAccountv2;transition;37;13;20;7;20;100;0,37;0,78;0;0,07;93,95;93,95;1,48;1,21
4;BankAccountv2;pair;37;13;20;33;115;100;0,38;0,15;1,14;0,34;93,95;93,95;3,1;2
4;BankAccountv2;state;38;17;24;6;22;100;0,45;0,5;0;0,09;94,95;94,95;1,39;1,05
4;BankAccountv2;transition;38;17;24;8;24;100;0,4;1,06;0;0,1;94,95;94,95;1,88;1,57
4;BankAccountv2;pair;38;17;24;65;238;100;0,36;0,36;3,49;0,64;95,95;96,95;6,44;4,85
4;BankAccountv2;state;39;14;20;6;20;100;0,46;0,47;0;0,07;96,95;96,95;1,37;1,01
4;BankAccountv2;transition;39;14;20;7;20;100;0,4;0,92;0;0,08;96,95;96,95;1,78;1,41
4;BankAccountv2;pair;39;14;20;46;146;100;0,47;0,27;1,88;0,44;97,95;97,95;4,08;3,06
4;BankAccountv2;state;40;17;28;8;25;100;0,47;0,56;0;0,11;97,95;97,95;1,47;1,13
4;BankAccountv2;transition;40;17;28;11;28;100;0,45;1;0;0,16;98,95;98,95;2,01;1,61
4;BankAccountv2;pair;40;17;28;120;357;100;0,44;0,38;5,69;1,17;99,95;100,95;9,61;7,69
4;BankAccountv2;state;41;20;33;8;28;100;0,43;0,52;0;0,1;100,95;100,95;1,38;1,05
4;BankAccountv2;transition;41;20;33;12;33;100;0,38;1,27;0;0,19;101,95;101,95;2,25;1,84
4;BankAccountv2;pair;41;20;33;125;441;100;0,38;0,6;6,77;1,33;102,95;103,95;11,25;9,08
4;BankAccountv2;state;42;14;20;7;21;100;0,37;0,53;0;0,08;103,95;103,95;1,3;0,98
4;BankAccountv2;transition;42;14;20;7;20;100;0,4;0,53;0;0,09;104,95;104,95;1,27;1,02
4;BankAccountv2;pair;42;14;20;58;174;100;0,34;0,19;2,26;0,51;104,95;105,95;4,57;3,3
4;BankAccountv2;state;43;22;36;10;34;100;0,37;0,41;0;0,13;105,95;105,95;1,19;0,91
4;BankAccountv2;transition;43;22;36;13;36;100;0,43;1,49;0;0,21;105,95;106,95;2,65;2,13
4;BankAccountv2;pair;43;22;36;165;552;100;0,44;0,7;9,49;1,78;108,95;108,95;15;12,42
4;BankAccountv2;state;44;12;18;5;16;100;0,48;0,45;0;0,06;109,95;109,95;1,33;0,99
4;BankAccountv2;transition;44;12;18;7;18;100;0,32;0,87;0;0,08;109,95;109,95;1,57;1,27
4;BankAccountv2;pair;44;12;18;50;154;100;0,34;0,22;1,95;0,49;110,95;110,95;4,01;3
4;BankAccountv2;state;45;21;33;9;30;100;0,51;0,68;0;0,17;110,95;110,95;1,7;1,37
4;BankAccountv2;transition;45;21;33;12;33;100;0,59;1,45;0;0,17;111,95;111,95;2,61;2,2
4;BankAccountv2;pair;45;21;33;157;542;100;0,51;0,6;10,11;1,67;113,95;114,95;15,44;12,89
4;BankAccountv2;state;46;18;26;7;27;100;0,35;0,59;0;0,09;114,95;114,95;1,45;1,04
4;BankAccountv2;transition;46;18;26;8;26;100;0,4;1,08;0;0,13;114,95;114,95;2,01;1,62
4;BankAccountv2;pair;46;18;26;54;226;100;0,37;0,36;3,41;0,59;115,95;116,95;6,26;4,73
4;BankAccountv2;state;47;11;16;5;16;100;0,39;0,48;0;0,07;116,95;116,95;1,29;0,94
4;BankAccountv2;transition;47;11;16;5;16;100;0,33;0,62;0;0,06;116,95;116,95;1,31;1,01
4;BankAccountv2;pair;47;11;16;24;79;100;0,28;0,22;0,77;0,15;117,95;117,95;2,03;1,42
4;BankAccountv2;state;48;14;20;6;20;100;0,35;0,5;0;0,06;117,95;117,95;1,21;0,92
4;BankAccountv2;transition;48;14;20;7;20;100;0,36;0,78;0;0,07;117,95;117,95;1,52;1,22
4;BankAccountv2;pair;48;14;20;48;154;100;0,32;0,21;2,07;0,51;118,95;118,95;4,58;3,11
4;BankAccountv2;state;49;13;19;6;19;100;0,45;0,58;0;0,06;119,95;119,95;1,38;1,09
4;BankAccountv2;transition;49;13;19;7;19;100;0,42;0,84;0;0,07;119,95;119,95;1,71;1,34
4;BankAccountv2;pair;49;13;19;49;152;100;0,34;0,33;2,8;0,59;120,95;120,95;5,39;4,06
4;BankAccountv2;state;50;17;26;6;23;100;0,51;0,59;0;0,11;120,95;120,95;1,65;1,21
4;BankAccountv2;transition;50;17;26;9;26;100;0,42;0,63;0;0,09;121,95;121,95;1,38;1,13
4;BankAccountv2;pair;50;17;26;63;245;100;0,21;0,22;2,11;0,45;122,95;122,95;3,72;3
4;BankAccountv2;state;51;14;23;6;19;100;0,42;0,48;0;0,07;122,95;122,95;1,27;0,97
4;BankAccountv2;transition;51;14;23;9;23;100;0,39;1,01;0;0,1;123,95;123,95;1,88;1,5
4;BankAccountv2;pair;51;14;23;77;226;100;0,45;0,36;3,71;0,44;124,95;124,95;6,12;4,96
4;BankAccountv2;state;52;20;31;8;30;100;0,28;0,35;0;0,08;124,95;124,95;0,89;0,7
4;BankAccountv2;transition;52;20;31;11;31;100;0,25;0,79;0;0,1;125,95;125,95;1,37;1,14
4;BankAccountv2;pair;52;20;31;101;384;100;0,28;0,26;4,96;0,8;126,95;127,95;7,29;6,29
4;BankAccountv2;state;53;16;26;8;24;100;0,56;0,79;0;0,09;127,95;127,95;1,79;1,43
4;BankAccountv2;transition;53;16;26;10;26;100;0,34;0,63;0;0,09;128,95;128,95;1,28;1,05
4;BankAccountv2;pair;53;16;26;110;328;100;0,43;0,42;3,49;1;129,95;129,95;6,91;5,35
4;BankAccountv2;state;54;23;38;10;35;100;0,49;0,6;0;0,14;130,95;130,95;1,6;1,23
4;BankAccountv2;transition;54;23;38;14;38;100;0,39;1,25;0;0,21;130,95;130,95;2,21;1,85
4;BankAccountv2;pair;54;23;38;177;590;100;0,4;0,58;8,67;1,85;132,95;133,95;13,69;11,51
4;BankAccountv2;state;55;19;27;8;27;100;0,6;0,72;0;0,13;134,95;134,95;1,82;1,44
4;BankAccountv2;transition;55;19;27;9;27;100;0,44;0,97;0;0,13;134,95;134,95;1,92;1,54
4;BankAccountv2;pair;55;19;27;96;346;100;0,41;0,47;4,65;1,04;135,95;136,95;8,44;6,57
4;BankAccountv2;state;56;12;19;4;15;100;0,42;0,4;0;0,04;136,95;136,95;1,08;0,86
4;BankAccountv2;transition;56;12;19;7;19;100;0,25;0,7;0;0,07;137,95;137,95;1,33;1,01
4;BankAccountv2;pair;56;12;19;33;106;100;0,35;0,31;1,29;0,26;137,95;137,95;3,53;2,21
4;BankAccountv2;state;57;16;22;5;20;100;0,61;0,52;0;0,06;138,95;138,95;1,51;1,19
4;BankAccountv2;transition;57;16;22;7;22;100;0,38;0,64;0;0,06;138,95;138,95;1,32;1,08
4;BankAccountv2;pair;57;16;22;45;177;100;0,44;0,28;1,82;0,48;139,95;139,95;4,27;3,02
4;BankAccountv2;state;58;18;28;7;25;100;0,41;0,53;0;0,08;139,95;139,95;1,33;1,02
4;BankAccountv2;transition;58;18;28;10;28;100;0,34;0,83;0;0,12;140,95;140,95;1,63;1,29
4;BankAccountv2;pair;58;18;28;89;319;100;0,26;0,24;3,94;0,98;141,95;141,95;7;5,41
4;BankAccountv2;state;59;11;16;5;15;100;0,44;0,47;0;0,07;142,95;142,95;1,35;0,97
4;BankAccountv2;transition;59;11;16;6;16;100;0,31;0,59;0;0,07;142,95;142,95;1,36;0,98
4;BankAccountv2;pair;59;11;16;40;117;100;0,3;0,27;1,36;0,29;143,95;143,95;3,23;2,22
4;BankAccountv2;state;60;15;24;7;22;100;0,44;0,54;0;0,07;143,95;143,95;1,37;1,05
4;BankAccountv2;transition;60;15;24;9;24;100;0,47;0,87;0;0,13;144,95;144,95;1,86;1,47
4;BankAccountv2;pair;60;15;24;81;254;100;0,35;0,39;2,85;0,68;145,95;145,95;5,82;4,28
4;BankAccountv2;state;61;12;19;5;16;100;0,44;0,43;0;0,05;145,95;145,95;1,21;0,92
4;BankAccountv2;transition;61;12;19;7;19;100;0,34;0,76;0;0,09;146,95;146,95;1,58;1,2
4;BankAccountv2;pair;61;12;19;50;160;100;0,36;0,26;1,56;0,51;146,95;147,95;4,03;2,69
4;BankAccountv2;state;62;20;29;8;28;100;0,5;0,64;0;0,1;147,95;147,95;1,61;1,24
4;BankAccountv2;transition;62;20;29;10;29;100;0,46;0,95;0;0,13;147,95;148,95;1,92;1,54
4;BankAccountv2;pair;62;20;29;100;351;100;0,32;0,44;3,93;1,04;149,95;149,95;7,85;5,73
4;BankAccountv2;state;63;22;36;10;34;100;0,43;0,53;0;0,13;150,95;150,95;1,51;1,1
4;BankAccountv2;transition;63;22;36;13;36;100;0,42;1,12;0;0,22;150,95;150,95;2,24;1,76
4;BankAccountv2;pair;63;22;36;167;564;100;0,39;22,58;5,78;1,08;152,95;7,38;31,93;29,82
4;BankAccountv2;state;64;20;33;8;28;100;0,36;0,41;0;0,09;7,38;7,38;1,14;0,85
4;BankAccountv2;transition;64;20;33;12;33;100;0,27;0,72;0;0,14;8,38;8,38;1,46;1,13
4;BankAccountv2;pair;64;20;33;125;441;100;0,24;0,41;4,24;1,12;9,38;10,38;8,34;6,01
4;BankAccountv2;state;65;13;21;6;18;100;0,44;0,39;0;0,07;10,38;10,38;1,29;0,9
4;BankAccountv2;transition;65;13;21;8;21;100;0,36;0,7;0;0,1;11,38;11,38;1,51;1,16
4;BankAccountv2;pair;65;13;21;73;219;100;0,35;0,35;2,11;0,43;12,38;12,38;4,4;3,24
4;BankAccountv2;state;66;18;28;7;24;100;0,36;0,38;0;0,07;12,38;12,38;1,05;0,8
4;BankAccountv2;transition;66;18;28;10;28;100;0,3;0,67;0;0,11;13,38;13,38;1,39;1,09
4;BankAccountv2;pair;66;18;28;107;367;100;0,28;0,37;3,15;0,7;14,38;15,38;5,79;4,5
4;BankAccountv2;state;67;15;26;7;22;100;0,23;0,29;0;0,07;15,38;15,38;0,85;0,59
4;BankAccountv2;transition;67;15;26;10;26;100;0,2;0,54;0;0,1;15,38;15,38;1,15;0,84
4;BankAccountv2;pair;67;15;26;91;273;100;0,22;0,3;2,43;0,5;16,38;17,38;4,74;3,45
4;BankAccountv2;state;68;15;21;5;19;100;0,28;0,32;0;0,05;17,38;17,38;0,89;0,64
4;BankAccountv2;transition;68;15;21;7;21;100;0,26;0,59;0;0,07;18,38;18,38;1,21;0,92
4;BankAccountv2;pair;68;15;21;43;165;100;0,22;0,15;1,05;0,3;18,38;19,38;2,56;1,71
4;BankAccountv2;state;69;14;21;7;23;100;0,19;0,3;0;0,06;19,38;19,38;0,8;0,55
4;BankAccountv2;transition;69;14;21;7;21;100;0,16;0,47;0;0,08;19,38;19,38;0,95;0,71
4;BankAccountv2;pair;69;14;21;45;141;100;0,17;0,23;1,19;0,27;20,38;20,38;2,77;1,86
4;BankAccountv2;state;70;22;34;9;31;100;0,29;0,42;0;0,09;20,38;20,38;1,07;0,8
4;BankAccountv2;transition;70;22;34;13;34;100;0,3;0,79;0;0,14;21,38;21,38;1,55;1,24
4;BankAccountv2;pair;70;22;34;167;564;100;0,28;0,45;5,72;1,25;23,38;24,38;9,74;7,7
4;BankAccountv2;state;71;15;20;5;19;100;0,39;0,4;0;0,06;24,38;24,38;1,14;0,84
4;BankAccountv2;transition;71;15;20;6;20;100;0,25;0,49;0;0,07;25,38;25,38;1,12;0,8
4;BankAccountv2;pair;71;15;20;38;155;100;0,27;0,28;1,33;0,33;25,38;25,38;3,29;2,2
4;BankAccountv2;state;72;11;16;5;16;100;0,24;0,24;0;0,04;26,38;26,38;0,75;0,52
4;BankAccountv2;transition;72;11;16;5;16;100;0,14;0,37;0;0,05;26,38;26,38;0,8;0,55
4;BankAccountv2;pair;72;11;16;25;82;100;0,14;0,17;0,57;0,16;26,38;27,38;1,63;1,04
4;BankAccountv2;state;73;11;16;5;15;100;0,27;0,31;0;0,05;27,38;27,38;0,88;0,63
4;BankAccountv2;transition;73;11;16;6;16;100;0,2;0,47;0;0,06;27,38;27,38;1,03;0,73
4;BankAccountv2;pair;73;11;16;42;125;100;0,18;0,21;1,22;0,33;28,38;28,38;2,72;1,95
4;BankAccountv2;state;74;13;22;6;19;100;0,23;0,33;0;0,06;28,38;28,38;0,88;0,62
4;BankAccountv2;transition;74;13;22;8;22;100;0,18;0,74;0;0,1;28,38;29,38;1,37;1,02
4;BankAccountv2;pair;74;13;22;55;174;100;0,21;0,27;1,76;0,36;29,38;30,38;3,65;2,6
4;BankAccountv2;state;75;18;31;9;29;100;0,23;0,33;0;0,07;30,38;30,38;0,89;0,63
4;BankAccountv2;transition;75;18;31;12;31;100;0,19;0,61;0;0,1;30,38;30,38;1,23;0,91
4;BankAccountv2;pair;75;18;31;127;374;100;0,19;0,42;3,38;0,86;32,38;32,38;6;4,85
4;BankAccountv2;state;76;18;27;7;26;100;0,33;0,35;0;0,07;33,38;33,38;0,99;0,75
4;BankAccountv2;transition;76;18;27;9;27;100;0,25;0,58;0;0,08;33,38;33,38;1,18;0,91
4;BankAccountv2;pair;76;18;27;62;255;100;0,3;0,24;2,62;0,5;34,38;34,38;4,71;3,66
4;BankAccountv2;state;77;17;24;6;22;100;0,34;0,33;0;0,06;35,38;35,38;0,98;0,73
4;BankAccountv2;transition;77;17;24;8;24;100;0,24;0,61;0;0,07;35,38;35,38;1,19;0,92
4;BankAccountv2;pair;77;17;24;65;238;100;0,26;0,3;2,42;0,37;36,38;36,38;4,61;3,35
4;BankAccountv2;state;78;16;23;5;20;100;0,29;0,33;0;0,06;37,38;37,38;0,92;0,67
4;BankAccountv2;transition;78;16;23;8;23;100;0,22;0,57;0;0,08;37,38;37,38;1,18;0,87
4;BankAccountv2;pair;78;16;23;55;215;100;0,22;0,24;1,75;0,39;38,38;38,38;3,67;2,6
4;BankAccountv2;state;79;13;18;6;19;100;0,31;0,37;0;0,05;39,38;39,38;1,16;0,73
4;BankAccountv2;transition;79;13;18;6;18;100;0,26;0,47;0;0,06;39,38;39,38;1,06;0,79
4;BankAccountv2;pair;79;13;18;37;122;100;0,2;0,21;0,75;0,19;40,38;40,38;2,02;1,35
4;BankAccountv2;state;80;18;25;7;25;100;0,24;0,34;0;0,07;40,38;40,38;0,92;0,66
4;BankAccountv2;transition;80;18;25;8;25;100;0,24;0,5;0;0,07;41,38;41,38;1,06;0,81
4;BankAccountv2;pair;80;18;25;70;271;100;0,22;0,24;2,02;0,48;42,38;42,38;4,09;2,96
4;BankAccountv2;state;81;14;23;6;20;100;0,22;0,32;0;0,05;42,38;42,38;0,87;0,59
4;BankAccountv2;transition;81;14;23;9;23;100;0,19;0,45;0;0,09;43,38;43,38;1,01;0,72
4;BankAccountv2;pair;81;14;23;61;186;100;0,17;0,2;1,64;0,36;43,38;44,38;3,23;2,37
4;BankAccountv2;state;82;19;28;7;26;100;0,27;0,37;0;0,06;44,38;44,38;0,94;0,69
4;BankAccountv2;transition;82;19;28;10;28;100;0,29;0,61;0;0,08;45,38;45,38;1,27;0,97
4;BankAccountv2;pair;82;19;28;89;333;100;0,25;0,29;2,79;0,46;46,38;46,38;5,06;3,79
4;BankAccountv2;state;83;20;30;9;31;100;0,24;0,42;0;0,07;47,38;47,38;0,98;0,73
4;BankAccountv2;transition;83;20;30;10;30;100;0,21;0,59;0;0,1;47,38;47,38;1,2;0,89
4;BankAccountv2;pair;83;20;30;108;385;100;0,22;0,37;2,64;0,59;48,38;49,38;5,27;3,82
4;BankAccountv2;state;84;11;16;5;16;100;0,19;0,24;0;0,05;49,38;49,38;0,73;0,48
4;BankAccountv2;transition;84;11;16;5;16;100;0,18;0,3;0;0,04;49,38;49,38;0,77;0,52
4;BankAccountv2;pair;84;11;16;22;72;100;0,16;0,16;0,42;0,1;50,38;50,38;1,46;0,84
4;BankAccountv2;state;85;16;25;8;24;100;0,28;0,39;0;0,06;50,38;50,38;0,98;0,72
4;BankAccountv2;transition;85;16;25;10;25;100;0,24;0,53;0;0,07;51,38;51,38;1,1;0,83
4;BankAccountv2;pair;85;16;25;110;322;100;0,24;0,37;2,16;0,52;52,38;53,38;4,68;3,29
4;BankAccountv2;state;86;13;21;6;19;100;0,21;0,24;0;0,05;53,38;53,38;0,79;0,5
4;BankAccountv2;transition;86;13;21;8;21;100;0,18;0,43;0;0,06;53,38;53,38;0,96;0,67
4;BankAccountv2;pair;86;13;21;55;168;100;0,17;0,24;1;0,3;54,38;54,38;2,46;1,7
4;BankAccountv2;state;87;14;18;4;17;100;0,24;0,3;0;0,04;54,38;54,38;0,82;0,58
4;BankAccountv2;transition;87;14;18;5;18;100;0,19;0,41;0;0,04;55,38;55,38;0,89;0,63
4;BankAccountv2;pair;87;14;18;22;101;100;0,19;0,18;0,56;0,12;55,38;55,38;1,78;1,06
4;BankAccountv2;state;88;15;24;8;24;100;0,24;0,35;0;0,06;56,38;56,38;0,88;0,65
4;BankAccountv2;transition;88;15;24;9;24;100;0,23;0,47;0;0,06;56,38;56,38;1,12;0,76
4;BankAccountv2;pair;88;15;24;74;216;100;0,39;0,26;1,31;0,3;57,38;57,38;3,37;2,26
4;BankAccountv2;state;89;16;24;6;22;100;0,31;0,31;0;0,05;58,38;58,38;0,92;0,66
4;BankAccountv2;transition;89;16;24;8;24;100;0,21;0,45;0;0,05;58,38;58,38;0,94;0,71
4;BankAccountv2;pair;89;16;24;51;195;100;0,2;0,24;1,03;0,25;59,38;59,38;2,8;1,72
4;BankAccountv2;state;90;14;23;6;20;100;0,17;0,24;0;0,04;59,38;59,38;0,65;0,45
4;BankAccountv2;transition;90;14;23;9;23;100;0,16;0,44;0;0,06;60,38;60,38;0,93;0,66
4;BankAccountv2;pair;90;14;23;64;198;100;0,16;0,25;1,23;0,29;61,38;61,38;2,79;1,94
4;BankAccountv2;state;91;16;24;6;22;100;0,24;0,35;0;0,05;61,38;61,38;0,86;0,64
4;BankAccountv2;transition;91;16;24;8;24;100;0,21;0,53;0;0,06;62,38;62,38;1,06;0,8
4;BankAccountv2;pair;91;16;24;51;195;100;0,21;0,26;0,99;0,24;62,38;63,38;2,79;1,69
4;BankAccountv2;state;92;20;30;8;28;100;0,27;0,37;0;0,06;63,38;63,38;0,92;0,71
4;BankAccountv2;transition;92;20;30;11;30;100;0,29;0,57;0;0,07;64,38;64,38;1,2;0,93
4;BankAccountv2;pair;92;20;30;113;392;100;0,27;0,41;2,91;0,65;65,38;66,38;5,56;4,24
4;BankAccountv2;state;93;15;24;7;24;100;0,18;0,21;0;0,04;66,38;66,38;0,61;0,43
4;BankAccountv2;transition;93;15;24;9;24;100;0,14;0,34;0;0,05;66,38;66,38;0,7;0,53
4;BankAccountv2;pair;93;15;24;64;209;100;0,13;0,21;1,08;0,27;67,38;67,38;2,36;1,68
4;BankAccountv2;state;94;23;37;10;35;100;0,24;0,28;0;0,07;68,38;68,38;0,77;0,58
4;BankAccountv2;transition;94;23;37;14;37;100;0,17;0,54;0;0,1;68,38;68,38;1,05;0,81
4;BankAccountv2;pair;94;23;37;177;596;100;0,34;0,41;5,15;1,12;70,38;71,38;8,53;7,02
4;BankAccountv2;state;95;10;13;4;13;100;0,21;0,23;0;0,04;71,38;72,38;0,83;0,48
4;BankAccountv2;transition;95;10;13;4;13;100;0,19;0,37;0;0,03;72,38;72,38;0,84;0,59
4;BankAccountv2;pair;95;10;13;19;61;100;0,17;0,14;0,4;0,09;72,38;72,38;1,29;0,81
4;BankAccountv2;state;96;18;28;7;25;100;0,21;0,29;0;0,06;73,38;73,38;0,8;0,56
4;BankAccountv2;transition;96;18;28;10;28;100;0,2;0,53;0;0,13;73,38;73,38;1,13;0,86
4;BankAccountv2;pair;96;18;28;89;319;100;0,2;0,27;2,21;0,51;74,38;75,38;4,17;3,19
4;BankAccountv2;state;97;18;27;6;23;100;0,32;0,31;0;0,05;75,38;75,38;0,9;0,69
4;BankAccountv2;transition;97;18;27;10;27;100;0,23;0,5;0;0,08;75,38;75,38;1,06;0,81
4;BankAccountv2;pair;97;18;27;85;303;100;0,25;0,26;2,61;0,41;77,38;77,38;4,49;3,53
4;BankAccountv2;state;98;14;18;4;17;100;0,22;0,3;0;0,04;77,38;77,38;0,78;0,55
4;BankAccountv2;transition;98;14;18;5;18;100;0,18;0,26;0;0,03;78,38;78,38;0,61;0,48
4;BankAccountv2;pair;98;14;18;22;101;100;0,12;0,09;0,35;0,08;78,38;78,38;0,94;0,64
4;BankAccountv2;state;99;16;23;5;20;100;0,16;0,22;0;0,03;79,38;79,38;0,52;0,4
4;BankAccountv2;transition;99;16;23;8;23;100;0,14;0,55;0;0,08;79,38;79,38;1,7;0,77
4;BankAccountv2;pair;99;16;23;50;190;100;0,21;0,25;1,06;0,23;80,38;80,38;2,49;1,75
4;BankAccountv2;state;100;15;26;7;22;100;0,17;0,27;0;0,07;80,38;80,38;0,74;0,51
4;BankAccountv2;transition;100;15;26;10;26;100;0,24;0,59;0;0,1;81,38;81,38;1,21;0,93
4;BankAccountv2;pair;100;15;26;91;273;100;0,17;0,33;1,69;0,4;82,38;82,38;3,49;2,59
4;BankAccountv2;state;101;15;24;7;22;100;0,25;0,37;0;0,04;83,38;83,38;0,92;0,67
4;BankAccountv2;transition;101;15;24;9;24;100;0,28;0,47;0;0,06;83,38;83,38;1,06;0,82
4;BankAccountv2;pair;101;15;24;81;254;100;0,23;0,24;1,55;0,25;85,38;85,38;2,89;2,27
4;BankAccountv2;state;102;15;23;7;22;100;0,24;0,32;0;0,04;85,38;85,38;0,81;0,61
4;BankAccountv2;transition;102;15;23;9;23;100;0,19;0,43;0;0,05;86,38;86,38;0,88;0,67
4;BankAccountv2;pair;102;15;23;81;248;100;0,14;0,31;1,71;0,38;87,38;87,38;3,18;2,55
4;BankAccountv2;state;103;18;31;9;29;100;0,21;0,32;0;0,06;87,38;87,38;0,87;0,59
4;BankAccountv2;transition;103;18;31;12;31;100;0,19;0,59;0;0,1;88,38;88,38;1,14;0,89
4;BankAccountv2;pair;103;18;31;132;394;100;0,19;0,45;3,34;0,73;89,38;90,38;5,49;4,7
4;BankAccountv2;state;104;11;15;4;14;100;0,26;0,26;0;0,03;90,38;90,38;0,75;0,55
4;BankAccountv2;transition;104;11;15;5;15;100;0,17;0,35;0;0,04;90,38;90,38;0,77;0,56
4;BankAccountv2;pair;104;11;15;25;82;100;0,18;0,31;0,45;0,1;91,38;91,38;1,44;1,04
4;BankAccountv2;state;105;19;28;7;26;100;0,26;0,32;0;0,05;91,38;91,38;0,87;0,63
4;BankAccountv2;transition;105;19;28;10;28;100;0,21;0,61;0;0,05;92,38;92,38;1,05;0,87
4;BankAccountv2;pair;105;19;28;91;348;100;0,15;0,13;2,12;0,52;93,38;94,38;3,53;2,92
4;BankAccountv2;state;106;17;23;6;23;100;0,24;0,3;0;0,06;94,38;94,38;0,91;0,6
4;BankAccountv2;transition;106;17;23;7;23;100;0,19;0,31;0;0,04;94,38;94,38;0,69;0,54
4;BankAccountv2;pair;106;17;23;48;200;100;0,17;0,08;0,79;0,25;95,38;95,38;1,79;1,29
4;BankAccountv2;state;107;13;18;6;19;100;0,21;0,28;0;0,05;96,38;96,38;0,72;0,54
4;BankAccountv2;transition;107;13;18;6;18;100;0,17;0,37;0;0,05;96,38;96,38;0,81;0,59
4;BankAccountv2;pair;107;13;18;33;106;100;0,24;0,13;0,57;0,14;97,38;97,38;1,57;1,08
4;BankAccountv2;state;108;13;18;6;19;100;0,2;0,27;0;0,04;97,38;97,38;0,68;0,5
4;BankAccountv2;transition;108;13;18;6;18;100;0,13;0,24;0;0,03;97,38;97,38;0,52;0,39
4;BankAccountv2;pair;108;13;18;40;127;100;0,12;0,08;0,65;0,16;98,38;98,38;1,42;1,01
4;BankAccountv2;state;109;18;31;9;29;100;0,19;0,31;0;0,06;99,38;99,38;0,73;0,56
4;BankAccountv2;transition;109;18;31;12;31;100;0,14;0,34;0;0,06;99,38;99,38;0,7;0,54
4;BankAccountv2;pair;109;18;31;127;374;100;0,12;0,24;2,64;0,61;100,38;101,38;4,55;3,61
4;BankAccountv2;state;110;15;26;7;22;100;0,21;0,3;0;0,06;101,38;101,38;0,89;0,57
4;BankAccountv2;transition;110;15;26;10;26;100;0,17;0,51;0;0,08;102,38;102,38;1,07;0,76
4;BankAccountv2;pair;110;15;26;91;273;100;0,17;0,17;1,69;0,28;103,38;103,38;2,79;2,31
4;BankAccountv2;state;111;21;32;9;32;100;0,17;0,36;0;0,09;103,38;103,38;0,8;0,62
4;BankAccountv2;transition;111;21;32;11;32;100;0,22;0,57;0;0,11;104,38;104,38;1,29;0,9
4;BankAccountv2;pair;111;21;32;118;415;100;0,22;0,21;2,69;0,62;105,38;106,38;4,56;3,74
4;BankAccountv2;state;112;17;25;6;23;100;0,21;0,28;0;0,04;106,38;106,38;0,73;0,53
4;BankAccountv2;transition;112;17;25;8;25;100;0,16;0,43;0;0,05;107,38;107,38;0,85;0,65
4;BankAccountv2;pair;112;17;25;53;205;100;0,2;0,12;1,1;0,28;107,38;108,38;2,27;1,7
4;BankAccountv2;state;113;10;15;3;12;100;0,19;0,22;0;0,02;108,38;108,38;0,59;0,44
4;BankAccountv2;transition;113;10;15;5;15;100;0,18;0,36;0;0,03;108,38;108,38;0,73;0,57
4;BankAccountv2;pair;113;10;15;14;51;100;0,15;0,06;0,26;0,06;109,38;109,38;0,88;0,53
4;BankAccountv2;state;114;12;18;5;16;100;0,17;0,24;0;0,03;109,38;109,38;0,57;0,44
4;BankAccountv2;transition;114;12;18;7;18;100;0,19;0,36;0;0,03;109,38;109,38;0,74;0,57
4;BankAccountv2;pair;114;12;18;50;154;100;0,12;0,06;0,64;0,16;110,38;110,38;1,36;0,99
4;BankAccountv2;state;115;13;22;6;19;100;0,18;0,25;0;0,05;110,38;111,38;0,62;0,48
4;BankAccountv2;transition;115;13;22;8;22;100;0,1;0,25;0;0,03;111,38;111,38;0,49;0,38
4;BankAccountv2;pair;115;13;22;58;186;100;0,19;0,12;0,9;0,21;112,38;112,38;1,88;1,42
4;BankAccountv2;state;116;14;21;6;20;100;0,19;0,27;0;0,03;112,38;112,38;0,63;0,5
4;BankAccountv2;transition;116;14;21;8;21;100;0,18;0,29;0;0,03;113,38;113,38;0,63;0,5
4;BankAccountv2;pair;116;14;21;50;161;100;0,12;0,1;0,8;0,2;113,38;114,38;1,64;1,23
4;BankAccountv2;state;117;16;23;6;22;100;0,11;0,18;0;0,03;114,38;114,38;0,42;0,32
4;BankAccountv2;transition;117;16;23;7;23;100;0,15;0,46;0;0,04;114,38;114,38;0,8;0,65
4;BankAccountv2;pair;117;16;23;43;168;100;0,16;0,11;0,86;0,18;115,38;115,38;1,75;1,3
4;BankAccountv2;state;118;22;35;9;33;100;0,22;0,32;0;0,06;115,38;115,38;0,76;0,6
4;BankAccountv2;transition;118;22;35;13;35;100;0,22;0,62;0;0,08;116,38;116,38;1,15;0,92
4;BankAccountv2;pair;118;22;35;142;500;100;0,19;0,23;3,42;0,63;118,38;118,38;5,38;4,48
4;BankAccountv2;state;119;17;23;6;23;100;0,25;0,49;0;0,05;119,38;119,38;0,99;0,79
4;BankAccountv2;transition;119;17;23;7;23;100;0,21;0,46;0;0,04;119,38;119,38;0,89;0,72
4;BankAccountv2;pair;119;17;23;44;184;100;0,21;0,11;0,74;0,15;120,38;120,38;1,67;1,2
4;BankAccountv2;state;120;19;28;8;29;100;0,13;0,19;0;0,04;120,38;120,38;0,45;0,36
4;BankAccountv2;transition;120;19;28;9;28;100;0,2;0,45;0;0,05;121,38;121,38;0,85;0,69
4;BankAccountv2;pair;120;19;28;80;305;100;0,12;0,14;1,84;0,44;122,38;122,38;3,13;2,54
4;BankAccountv2;state;121;14;20;6;20;100;0,2;0,26;0;0,03;123,38;123,38;0,69;0,49
4;BankAccountv2;transition;121;14;20;7;20;100;0,19;0,36;0;0,04;123,38;123,38;0,77;0,59
4;BankAccountv2;pair;121;14;20;48;154;100;0,19;0,09;0,8;0,18;124,38;124,38;1,81;1,27
4;BankAccountv2;state;122;18;28;7;24;100;0,24;0,3;0;0,04;124,38;124,38;0,72;0,59
4;BankAccountv2;transition;122;18;28;10;28;100;0,25;0,58;0;0,08;125,38;125,38;1,24;0,9
4;BankAccountv2;pair;122;18;28;102;347;100;0,24;0,17;2,42;0,54;126,38;127,38;4,13;3,37
4;BankAccountv2;state;123;15;20;5;19;100;0,24;0,28;0;0,04;127,38;127,38;0,76;0,56
4;BankAccountv2;transition;123;15;20;6;20;100;0,22;0,56;0;0,05;127,38;127,38;1,04;0,83
4;BankAccountv2;pair;123;15;20;40;159;100;0,23;0,1;0,99;0,2;128,38;128,38;2,1;1,52
4;BankAccountv2;state;124;16;25;8;24;100;0,24;0,31;0;0,05;129,38;129,38;0,78;0,61
4;BankAccountv2;transition;124;16;25;10;25;100;0,21;0,51;0;0,07;129,38;129,38;1,05;0,79
4;BankAccountv2;pair;124;16;25;107;310;100;0,22;0,15;2,1;0,48;130,38;131,38;3,65;2,94
4;BankAccountv2;state;125;17;28;8;27;100;0,23;0,29;0;0,06;131,38;131,38;0,76;0,58
4;BankAccountv2;transition;125;17;28;11;28;100;0,18;0,51;0;0,08;131,38;131,38;1;0,78
4;BankAccountv2;pair;125;17;28;99;304;100;0,21;0,19;2,49;0,43;133,38;133,38;4,1;3,31
4;BankAccountv2;state;126;19;29;7;25;100;0,33;0,36;0;0,06;133,38;133,38;0,93;0,74
4;BankAccountv2;transition;126;19;29;11;29;100;0,28;0,62;0;0,08;134,38;134,38;1,22;0,98
4;BankAccountv2;pair;126;19;29;117;393;100;0,27;0,19;3,15;0,62;135,38;136,38;5,11;4,23
4;BankAccountv2;state;127;21;32;9;32;100;0,23;0,32;0;0,08;136,38;136,38;0,87;0,63
4;BankAccountv2;transition;127;21;32;11;32;100;0,22;0,62;0;0,09;137,38;137,38;1,15;0,93
4;BankAccountv2;pair;127;21;32;113;395;100;0,2;0,2;3,17;0,56;138,38;139,38;4,93;4,13
4;BankAccountv2;state;128;13;22;6;19;100;0,2;0,24;0;0,04;139,38;139,38;0,7;0,48
4;BankAccountv2;transition;128;13;22;8;22;100;0,17;0,5;0;0,07;139,38;139,38;0,95;0,73
4;BankAccountv2;pair;128;13;22;57;182;100;0,17;0,12;1,47;0,31;140,38;140,38;2,63;2,06
4;BankAccountv2;state;129;19;28;8;29;100;0,24;0,28;0;0,07;140,38;141,38;0,77;0,59
4;BankAccountv2;transition;129;19;28;9;28;100;0,18;0,45;0;0,07;141,38;141,38;0,91;0,7
4;BankAccountv2;pair;129;19;28;80;305;100;0,18;0,17;2,17;0,39;142,38;142,38;3,55;2,9
4;BankAccountv2;state;130;12;18;5;16;100;0,25;0,25;0;0,03;143,38;143,38;0,7;0,53
4;BankAccountv2;transition;130;12;18;7;18;100;0,19;0,4;0;0,05;143,38;143,38;0,84;0,64
4;BankAccountv2;pair;130;12;18;50;154;100;0,19;0,1;0,92;0,21;144,38;144,38;1,95;1,42
4;BankAccountv2;state;131;15;22;7;22;100;0,25;0,28;0;0,05;144,38;144,38;0,84;0,57
4;BankAccountv2;transition;131;15;22;8;22;100;0,2;0,43;0;0,05;145,38;145,38;0,98;0,68
4;BankAccountv2;pair;131;15;22;68;202;100;0,19;0,13;1,26;0,29;146,38;146,38;2,56;1,86
4;BankAccountv2;state;132;15;23;7;22;100;0,21;0,32;0;0,04;146,38;146,38;0,83;0,56
4;BankAccountv2;transition;132;15;23;9;23;100;0,21;0,47;0;0,06;147,38;147,38;1,02;0,73
4;BankAccountv2;pair;132;15;23;81;248;100;0,18;0,12;1,63;0,34;148,38;148,38;2,96;2,27
4;BankAccountv2;state;133;14;23;6;19;100;0,24;0,29;0;0,04;148,38;148,38;0,78;0,58
4;BankAccountv2;transition;133;14;23;9;23;100;0,23;0,56;0;0,07;149,38;149,38;1,13;0,86
4;BankAccountv2;pair;133;14;23;81;242;100;0,2;0,17;1,73;0,35;150,38;150,38;3,16;2,46
4;BankAccountv2;state;134;22;35;9;33;100;0,27;0,33;0;0,07;150,38;150,38;0,89;0,67
4;BankAccountv2;transition;134;22;35;13;35;100;0,2;8,91;0;0,09;151,38;5,38;9,7;9,2
4;BankAccountv2;pair;134;22;35;139;482;100;0,23;0,22;3,69;0,81;6,38;7,38;5,98;4,94
4;BankAccountv2;state;135;14;21;6;20;100;0,28;0,28;0;0,04;7,38;7,38;0,8;0,6
4;BankAccountv2;transition;135;14;21;8;21;100;0,21;0,37;0;0,03;8,38;8,38;0,85;0,61
4;BankAccountv2;pair;135;14;21;56;182;100;0,13;0,1;1,06;0,22;9,38;9,38;2,12;1,51
4;BankAccountv2;state;136;10;14;4;14;100;0,14;0,18;0;0,02;9,38;9,38;0,54;0,35
4;BankAccountv2;transition;136;10;14;4;14;100;0,14;0,28;0;0,03;9,38;9,38;0,65;0,45
4;BankAccountv2;pair;136;10;14;11;41;100;0,13;0,06;0,26;0,06;10,38;10,38;0,9;0,51
4;BankAccountv2;state;137;18;27;6;23;100;0,22;0,34;0;0,04;10,38;10,38;0,81;0,59
4;BankAccountv2;transition;137;18;27;10;27;100;0,23;0,55;0;0,07;11,38;11,38;1,09;0,85
4;BankAccountv2;pair;137;18;27;87;311;100;0,22;0,17;2,45;0,33;12,38;12,38;3,9;3,17
4;BankAccountv2;state;138;13;19;6;19;100;0,2;0,34;0;0,04;12,38;13,38;0,79;0,59
4;BankAccountv2;transition;138;13;19;7;19;100;0,13;0,25;0;0,04;13,38;13,38;0,54;0,42
4;BankAccountv2;pair;138;13;19;39;124;100;0,19;0,1;0,61;0,16;13,38;14,38;1,62;1,06
4;BankAccountv2;state;139;12;17;5;16;100;0,2;0,26;0;0,03;14,38;14,38;0,7;0,49
4;BankAccountv2;transition;139;12;17;6;17;100;0,21;0,48;0;0,04;14,38;14,38;0,98;0,73
4;BankAccountv2;pair;139;12;17;42;127;100;0,19;0,09;0,83;0,15;15,38;15,38;1,76;1,27
4;BankAccountv2;state;140;12;18;5;16;100;0,18;0,25;0;0,03;15,38;15,38;0,65;0,46
4;BankAccountv2;transition;140;12;18;7;18;100;0,23;0,4;0;0,08;16,38;16,38;0,98;0,71
4;BankAccountv2;pair;140;12;18;49;142;100;0,21;0,09;0,77;0,19;16,38;17,38;1,77;1,26
4;BankAccountv2;state;141;13;20;6;18;100;0,22;0,24;0;0,04;17,38;17,38;0,72;0,51
4;BankAccountv2;transition;141;13;20;8;20;100;0,18;0,48;0;0,04;17,38;17,38;0,95;0,7
4;BankAccountv2;pair;141;13;20;71;205;100;0,2;0,14;1,23;0,27;18,38;18,38;2,4;1,84
4;BankAccountv2;state;142;17;26;7;24;100;0,26;0,32;0;0,04;19,38;19,38;0,83;0,62
4;BankAccountv2;transition;142;17;26;9;26;100;0,22;0,56;0;0,06;19,38;19,38;1,12;0,84
4;BankAccountv2;pair;142;17;26;75;263;100;0,22;0,16;1,49;0,38;20,38;21,38;3,01;2,26
4;BankAccountv2;state;143;20;31;8;29;100;0,27;0,31;0;0,06;21,38;21,38;0,84;0,64
4;BankAccountv2;transition;143;20;31;11;31;100;0,24;0,54;0;0,07;21,38;21,38;1,12;0,85
4;BankAccountv2;pair;143;20;31;99;369;100;0,24;0,19;2,59;0,46;23,38;23,38;4,31;3,48
4;BankAccountv2;state;144;17;29;9;28;100;0,22;0,28;0;0,06;24,38;24,38;0,81;0,56
4;BankAccountv2;transition;144;17;29;11;29;100;0,17;0,43;0;0,07;24,38;24,38;0,91;0,67
4;BankAccountv2;pair;144;17;29;119;353;100;0,17;0,19;2,3;0,48;25,38;26,38;3,88;3,14
4;BankAccountv2;state;145;12;19;5;17;100;0,16;0,2;0;0,03;26,38;26,38;0,6;0,4
4;BankAccountv2;transition;145;12;19;7;19;100;0,14;0,38;0;0,04;26,38;26,38;0,78;0,56
4;BankAccountv2;pair;145;12;19;37;124;100;0,14;0,17;0,63;0,13;27,38;27,38;1,51;1,08
4;BankAccountv2;state;146;17;25;6;23;100;0,16;0,24;0;0,04;27,38;27,38;0,61;0,43
4;BankAccountv2;transition;146;17;25;8;25;100;0,14;0,4;0;0,05;28,38;28,38;0,79;0,59
4;BankAccountv2;pair;146;17;25;50;193;100;0,11;0,09;0,89;0,23;29,38;29,38;1,75;1,32
4;BankAccountv2;state;147;14;24;7;21;100;0,17;0,23;0;0,04;29,38;29,38;0,63;0,44
4;BankAccountv2;transition;147;14;24;9;24;100;0,16;0,39;0;0,06;29,38;30,38;0,83;0,6
4;BankAccountv2;pair;147;14;24;83;250;100;0,15;0,14;1,4;0,33;30,38;31,38;2,58;2,02
4;BankAccountv2;state;148;23;38;10;35;100;0,19;0,33;0;0,08;31,38;31,38;0,79;0,6
4;BankAccountv2;transition;148;23;38;14;38;100;0,19;0,62;0;0,1;32,38;32,38;1,17;0,9
4;BankAccountv2;pair;148;23;38;183;626;100;0,19;0,25;4,89;0,88;34,38;35,38;7,41;6,21
4;BankAccountv2;state;149;10;13;4;13;100;0,2;0,2;0;0,02;35,38;35,38;0,6;0,42
4;BankAccountv2;transition;149;10;13;4;13;100;0,15;0,28;0;0,03;35,38;35,38;0,68;0,45
4;BankAccountv2;pair;149;10;13;18;57;100;0,11;0,04;0,25;0,1;36,38;36,38;0,8;0,49
4;BankAccountv2;state;150;21;33;9;32;100;0,18;0,28;0;0,08;36,38;36,38;0,78;0,53
4;BankAccountv2;transition;150;21;33;12;33;100;0,17;0,56;0;0,09;37,38;37,38;1,07;0,83
4;BankAccountv2;pair;150;21;33;134;479;100;0,23;0,22;3,39;0,5;38,38;39,38;5,27;4,34
4;BankAccountv2;state;151;15;22;7;22;100;0,15;0,25;0;0,04;39,38;39,38;0,62;0,44
4;BankAccountv2;transition;151;15;22;8;22;100;0,2;0,4;0;0,04;40,38;40,38;0,88;0,64
4;BankAccountv2;pair;151;15;22;68;202;100;0,2;0,16;1,15;0,29;41,38;41,38;2,42;1,8
4;BankAccountv2;state;152;17;27;8;25;100;0,28;0,3;0;0,04;41,38;41,38;0,83;0,63
4;BankAccountv2;transition;152;17;27;11;27;100;0,21;0,47;0;0,06;42,38;42,38;0,97;0,75
4;BankAccountv2;pair;152;17;27;115;331;100;0,21;0,17;2,22;0,46;43,38;43,38;3,78;3,06
4;BankAccountv2;state;153;20;30;8;30;100;0,26;0,26;0;0,05;44,38;44,38;0,7;0,57
4;BankAccountv2;transition;153;20;30;10;30;100;0,18;0,5;0;0,06;44,38;44,38;0,98;0,75
4;BankAccountv2;pair;153;20;30;89;336;100;0,19;0,17;2,25;0,41;45,38;46,38;3,69;3,02
4;BankAccountv2;state;154;21;32;8;29;100;0,35;0,32;0;0,07;46,38;46,38;0,94;0,74
4;BankAccountv2;transition;154;21;32;12;32;100;0,31;0,82;0;0,11;47,38;47,38;1,63;1,24
4;BankAccountv2;pair;154;21;32;132;471;100;0,32;0,23;4,22;0,61;48,38;49,38;6,55;5,37
4;BankAccountv2;state;155;21;33;9;32;100;0,21;0,31;0;0,07;49,38;49,38;0,77;0,59
4;BankAccountv2;transition;155;21;33;12;33;100;0,24;0,61;0;0,09;50,38;50,38;1,19;0,94
4;BankAccountv2;pair;155;21;33;134;479;100;0,22;0,26;3,79;0,89;52,38;52,38;6,23;5,17
4;BankAccountv2;state;156;12;18;5;16;100;0,27;0,28;0;0,03;53,38;53,38;0,75;0,59
4;BankAccountv2;transition;156;12;18;7;18;100;0,22;0,54;0;0,05;53,38;53,38;0,97;0,8
4;BankAccountv2;pair;156;12;18;51;150;100;0,2;0,1;0,91;0,21;54,38;54,38;1,93;1,42
4;BankAccountv2;state;157;13;20;5;17;100;0,19;0,26;0;0,04;54,38;54,38;0,64;0,49
4;BankAccountv2;transition;157;13;20;8;20;100;0,17;0,4;0;0,05;54,38;54,38;0,78;0,62
4;BankAccountv2;pair;157;13;20;56;172;100;0,19;0,1;1,03;0,2;55,38;55,38;2,03;1,52
4;BankAccountv2;state;158;16;26;8;26;100;0,17;0,23;0;0,04;56,38;56,38;0,56;0,44
4;BankAccountv2;transition;158;16;26;10;26;100;0,15;0,37;0;0,05;56,38;56,38;0,7;0,57
4;BankAccountv2;pair;158;16;26;91;280;100;0,15;0,14;1,75;0,44;57,38;58,38;3,17;2,48
4;BankAccountv2;state;159;15;21;5;20;100;0,2;0,26;0;0,03;58,38;58,38;0,69;0,49
4;BankAccountv2;transition;159;15;21;6;21;100;0,16;0,52;0;0,04;58,38;58,38;0,9;0,72
4;BankAccountv2;pair;159;15;21;28;125;100;0,17;0,09;1,23;0,14;59,38;59,38;2,11;1,64
4;BankAccountv2;state;160;17;28;8;25;100;0,27;0,33;0;0,05;59,38;59,38;0,8;0,64
4;BankAccountv2;transition;160;17;28;11;28;100;0,25;0,58;0;0,07;60,38;60,38;1,06;0,89
4;BankAccountv2;pair;160;17;28;115;337;100;0,22;0,21;2,26;0,52;61,38;62,38;4,34;3,21
4;BankAccountv2;state;161;16;25;8;26;100;0,18;0,27;0;0,05;62,38;62,38;0,64;0,5
4;BankAccountv2;transition;161;16;25;9;25;100;0,15;0,77;0;0,05;62,38;62,38;1,13;0,98
4;BankAccountv2;pair;161;16;25;78;232;100;0,18;0,15;1,36;0,34;63,38;63,38;2,52;2,03
4;BankAccountv2;state;162;11;16;5;16;100;0,14;0,21;0;0,03;64,38;64,38;0,5;0,38
4;BankAccountv2;transition;162;11;16;5;16;100;0,13;0,26;0;0,02;64,38;64,38;0,53;0,41
4;BankAccountv2;pair;162;11;16;24;78;100;0,12;0,07;0,36;0,11;64,38;65,38;0,98;0,67
4;BankAccountv2;state;163;17;25;6;23;100;0,14;0,18;0;0,03;65,38;65,38;0,44;0,35
4;BankAccountv2;transition;163;17;25;8;25;100;0,1;0,26;0;0,03;65,38;65,38;0,5;0,39
4;BankAccountv2;pair;163;17;25;50;193;100;0,19;0,12;1,15;0,26;66,38;66,38;2,28;1,72
4;BankAccountv2;state;164;15;20;5;19;100;0,28;0,3;0;0,03;67,38;67,38;0,76;0,61
4;BankAccountv2;transition;164;15;20;6;20;100;0,18;0,44;0;0,04;67,38;67,38;0,79;0,65
4;BankAccountv2;pair;164;15;20;38;155;100;0,18;0,09;0,82;0,17;68,38;68,38;1,72;1,27
4;BankAccountv2;state;165;21;34;9;32;100;0,21;0,29;0;0,06;68,38;68,38;0,69;0,56
4;BankAccountv2;transition;165;21;34;12;34;100;0,18;0,63;0;0,09;69,38;69,38;1,09;0,9
4;BankAccountv2;pair;165;21;34;129;455;100;0,23;0,23;3,21;0,63;70,38;71,38;5,06;4,3
4;BankAccountv2;state;166;21;32;9;32;100;0,2;0,29;0;0,05;71,38;71,38;0,68;0,54
4;BankAccountv2;transition;166;21;32;11;32;100;0,17;0,57;0;0,07;72,38;72,38;0,99;0,81
4;BankAccountv2;pair;166;21;32;113;395;100;0,18;0,18;2,83;0,49;73,38;74,38;4,36;3,68
4;BankAccountv2;state;167;22;35;9;31;100;0,27;0,35;0;0,06;74,38;74,38;0,84;0,68
4;BankAccountv2;transition;167;22;35;13;35;100;0,28;0,56;0;0,09;74,38;75,38;1,11;0,93
4;BankAccountv2;pair;167;22;35;167;570;100;0,3;0,24;4,65;0,8;77,38;77,38;6,89;5,99
4;BankAccountv2;state;168;18;26;7;27;100;0,19;0,24;0;0,04;78,38;78,38;0,63;0,46
4;BankAccountv2;transition;168;18;26;8;26;100;0,19;0,41;0;0,05;78,38;78,38;0,82;0,65
4;BankAccountv2;pair;168;18;26;56;233;100;0,18;0,14;1,45;0,28;79,38;79,38;2,61;2,05
4;BankAccountv2;state;169;13;20;5;18;100;0,21;0,26;0;0,03;80,38;80,38;0,63;0,5
4;BankAccountv2;transition;169;13;20;7;20;100;0,16;0,36;0;0,05;80,38;80,38;0,71;0,57
4;BankAccountv2;pair;169;13;20;33;115;100;0,17;0,09;0,62;0,09;81,38;81,38;1,31;0,96
4;BankAccountv2;state;170;21;32;9;30;100;0,24;0,35;0;0,06;81,38;81,38;0,77;0,65
4;BankAccountv2;transition;170;21;32;12;32;100;0,22;0,55;0;0,1;82,38;82,38;1,07;0,88
4;BankAccountv2;pair;170;21;32;157;536;100;0,34;0,35;5,97;0,76;84,38;84,38;8,48;7,42
4;BankAccountv2;state;171;19;31;8;27;100;0,25;0,27;0;0,05;85,38;85,38;0,74;0,58
4;BankAccountv2;transition;171;19;31;11;31;100;0,22;0,53;0;0,09;86,38;86,38;1,04;0,83
4;BankAccountv2;pair;171;19;31;119;407;100;0,19;0,22;3,02;0,58;87,38;88,38;4,73;4,01
4;BankAccountv2;state;172;21;32;8;29;100;0,27;0,33;0;0,06;88,38;88,38;0,82;0,65
4;BankAccountv2;transition;172;21;32;12;32;100;0,3;0,58;0;0,1;89,38;89,38;1,15;0,98
4;BankAccountv2;pair;172;21;32;132;471;100;0,27;0,22;3,6;0,62;90,38;91,38;5,53;4,7
4;BankAccountv2;state;173;11;15;5;15;100;0,21;0,21;0;0,03;91,38;91,38;0,61;0,45
4;BankAccountv2;transition;173;11;15;5;15;100;0,15;0,22;0;0,02;92,38;92,38;0,51;0,4
4;BankAccountv2;pair;173;11;15;35;107;100;0,1;0,05;0,57;0,12;92,38;92,38;1,15;0,84
4;BankAccountv2;state;174;10;13;4;13;100;0,14;0,2;0;0,03;93,38;93,38;0,56;0,37
4;BankAccountv2;transition;174;10;13;4;13;100;0,15;0,28;0;0,02;93,38;93,38;0,58;0,45
4;BankAccountv2;pair;174;10;13;19;61;100;0,17;0,06;0,37;0,09;93,38;93,38;1,11;0,7
4;BankAccountv2;state;175;21;34;9;32;100;0,19;0,29;0;0,05;94,38;94,38;0,66;0,54
4;BankAccountv2;transition;175;21;34;12;34;100;0,18;0,61;0;0,08;94,38;94,38;1,05;0,88
4;BankAccountv2;pair;175;21;34;129;455;100;0,17;0,21;3,28;0,65;96,38;96,38;5,1;4,32
4;BankAccountv2;state;176;11;15;4;14;100;0,19;0,29;0;0,03;97,38;97,38;0,68;0,51
4;BankAccountv2;transition;176;11;15;5;15;100;0,17;0,35;0;0,03;97,38;97,38;0,72;0,55
4;BankAccountv2;pair;176;11;15;24;78;100;0,17;0,06;0,42;0,12;97,38;98,38;1,19;0,78
4;BankAccountv2;state;177;20;31;8;28;100;0,24;0,36;0;0,06;98,38;98,38;0,81;0,66
4;BankAccountv2;transition;177;20;31;11;31;100;0,27;0,6;0;0,09;98,38;98,38;1,15;0,96
4;BankAccountv2;pair;177;20;31;122;444;100;0,31;0,21;3,9;0,76;100,38;101,38;6,21;5,18
4;BankAccountv2;state;178;19;31;8;27;100;0,22;0,26;0;0,06;101,38;101,38;0,7;0,54
4;BankAccountv2;transition;178;19;31;11;31;100;0,19;0,59;0;0,09;101,38;101,38;1,03;0,87
4;BankAccountv2;pair;178;19;31;114;387;100;0,24;0,22;3,05;0,66;103,38;103,38;4,94;4,17
4;BankAccountv2;state;179;15;24;7;23;100;0,22;0,31;0;0,04;104,38;104,38;0,74;0,57
4;BankAccountv2;transition;179;15;24;9;24;100;0,21;0,41;0;0,05;104,38;104,38;0,83;0,66
4;BankAccountv2;pair;179;15;24;57;178;100;0,2;0,12;1,08;0,25;105,38;105,38;2,15;1,65
4;BankAccountv2;state;180;22;35;9;31;100;0,33;0,37;0;0,05;106,38;106,38;0,88;0,75
4;BankAccountv2;transition;180;22;35;13;35;100;0,23;0,59;0;0,1;106,38;106,38;1,09;0,92
4;BankAccountv2;pair;180;22;35;168;574;100;0,28;0,34;4,67;0,78;108,38;109,38;7,04;6,06
4;BankAccountv2;state;181;13;20;5;18;100;0,24;0,27;0;0,04;109,38;109,38;0,71;0,54
4;BankAccountv2;transition;181;13;20;7;20;100;0,19;0,41;0;0,05;110,38;110,38;0,85;0,66
4;BankAccountv2;pair;181;13;20;34;118;100;0,19;0,1;0,69;0,2;110,38;111,38;1,63;1,18
4;BankAccountv2;state;182;17;24;6;23;100;0,22;0,34;0;0,05;111,38;111,38;0,75;0,6
4;BankAccountv2;transition;182;17;24;8;24;100;0,2;0,39;0;0,04;111,38;111,38;0,77;0,63
4;BankAccountv2;pair;182;17;24;56;230;100;0,21;0,11;1,32;0,28;112,38;113,38;2,54;1,92
4;BankAccountv2;state;183;14;21;7;23;100;0,16;0,23;0;0,04;113,38;113,38;0,56;0,43
4;BankAccountv2;transition;183;14;21;7;21;100;0,14;0,24;0;0,03;113,38;113,38;0,52;0,41
4;BankAccountv2;pair;183;14;21;45;141;100;0,09;0,07;0,55;0,12;114,38;114,38;1,07;0,83
4;BankAccountv2;state;184;15;24;7;24;100;0,15;0,22;0;0,05;114,38;114,38;0,54;0,42
4;BankAccountv2;transition;184;15;24;9;24;100;0,15;0,35;0;0,04;115,38;115,38;0,66;0,54
4;BankAccountv2;pair;184;15;24;64;209;100;0,1;0,11;1,53;0,31;115,38;116,38;2,48;2,06
4;BankAccountv2;state;185;17;29;9;28;100;0,21;0,26;0;0,1;116,38;116,38;0,74;0,56
4;BankAccountv2;transition;185;17;29;11;29;100;0,19;0,51;0;0,09;116,38;116,38;0,99;0,78
4;BankAccountv2;pair;185;17;29;122;365;100;0,24;0,19;2,5;0,55;118,38;118,38;4,24;3,48
4;BankAccountv2;state;186;17;26;6;22;100;0,24;0,28;0;0,04;119,38;119,38;0,75;0,56
4;BankAccountv2;transition;186;17;26;9;26;100;0,23;0,45;0;0,09;119,38;119,38;0,95;0,77
4;BankAccountv2;pair;186;17;26;79;290;100;0,21;0,2;2,13;0,38;120,38;121,38;3,61;2,91
4;BankAccountv2;state;187;15;24;8;24;100;0,26;0,28;0;0,05;121,38;121,38;0,74;0,58
4;BankAccountv2;transition;187;15;24;9;24;100;0,21;0,4;0;0,05;121,38;121,38;0,79;0,65
4;BankAccountv2;pair;187;15;24;80;238;100;0,19;0,15;1,44;0,33;122,38;123,38;2,65;2,12
4;BankAccountv2;state;188;21;33;9;30;100;0,19;0,35;0;0,05;123,38;123,38;0,73;0,59
4;BankAccountv2;transition;188;21;33;12;33;100;0,17;0,51;0;0,09;124,38;124,38;0,96;0,78
4;BankAccountv2;pair;188;21;33;157;542;100;0,25;0,28;4,75;0,8;126,38;126,38;7,01;6,08
4;BankAccountv2;state;189;12;18;5;17;100;0,18;0,23;0;0,04;127,38;127,38;0,61;0,45
4;BankAccountv2;transition;189;12;18;6;18;100;0,18;0,36;0;0,04;127,38;127,38;0,75;0,58
4;BankAccountv2;pair;189;12;18;30;98;100;0,16;0,08;0,49;0,13;127,38;128,38;1,25;0,86
4;BankAccountv2;state;190;15;20;5;19;100;0,18;0,27;0;0,03;128,38;128,38;0,61;0,48
4;BankAccountv2;transition;190;15;20;6;20;100;0,18;0,39;0;0,04;128,38;128,38;0,77;0,61
4;BankAccountv2;pair;190;15;20;38;151;100;0,18;0,11;0,8;0,18;129,38;129,38;1,74;1,26
4;BankAccountv2;state;191;11;15;4;14;100;0,16;0,27;0;0,03;129,38;129,38;0,61;0,46
4;BankAccountv2;transition;191;11;15;5;15;100;0,18;0,29;0;0,03;130,38;130,38;0,63;0,5
4;BankAccountv2;pair;191;11;15;25;82;100;0,15;0,07;0,44;0,09;130,38;130,38;1,09;0,75
4;BankAccountv2;state;192;16;22;5;20;100;0,21;0,26;0;0,03;131,38;131,38;0,64;0,51
4;BankAccountv2;transition;192;16;22;7;22;100;0,2;0,5;0;0,06;131,38;131,38;0,94;0,76
4;BankAccountv2;pair;192;16;22;45;177;100;0,22;0,1;1,04;0,21;132,38;132,38;2,16;1,57
4;BankAccountv2;state;193;12;19;5;16;100;0,21;0,25;0;0,04;132,38;132,38;0,69;0,5
4;BankAccountv2;transition;193;12;19;7;19;100;0,21;0,44;0;0,04;133,38;133,38;0,83;0,69
4;BankAccountv2;pair;193;12;19;50;160;100;0,18;0,1;0,98;0,27;133,38;134,38;2,04;1,54
4;BankAccountv2;state;194;20;30;8;28;100;0,28;0,31;0;0,07;134,38;134,38;0,84;0,66
4;BankAccountv2;transition;194;20;30;11;30;100;0,25;0,64;0;0,09;134,38;134,38;1,19;0,97
4;BankAccountv2;pair;194;20;30;122;438;100;0,38;0,25;4,03;0,63;136,38;137,38;6,19;5,29
4;BankAccountv2;state;195;14;21;6;20;100;0,26;0,25;0;0,04;137,38;137,38;0,72;0,56
4;BankAccountv2;transition;195;14;21;8;21;100;0,2;0,43;0;0,06;137,38;137,38;0,85;0,68
4;BankAccountv2;pair;195;14;21;56;182;100;0,22;0,12;1,15;0,28;138,38;138,38;2,31;1,77
4;BankAccountv2;state;196;12;19;5;16;100;0,24;0,22;0;0,04;139,38;139,38;0,63;0,49
4;BankAccountv2;transition;196;12;19;7;19;100;0,17;0,4;0;0,05;139,38;139,38;0,76;0,63
4;BankAccountv2;pair;196;12;19;47;148;100;0,18;0,1;0,86;0,22;140,38;140,38;1,82;1,36
4;BankAccountv2;state;197;15;23;7;24;100;0,17;0,24;0;0,05;140,38;140,38;0,59;0,46
4;BankAccountv2;transition;197;15;23;8;23;100;0,16;0,42;0;0,05;141,38;141,38;0,78;0,64
4;BankAccountv2;pair;197;15;23;55;175;100;0,16;0,15;1,15;0,24;141,38;142,38;2,18;1,7
4;BankAccountv2;state;198;19;27;7;26;100;0,24;0,32;0;0,06;142,38;142,38;0,78;0,62
4;BankAccountv2;transition;198;19;27;9;27;100;0,23;0,6;0;0,07;142,38;142,38;1,09;0,9
4;BankAccountv2;pair;198;19;27;78;297;100;0,24;0,19;1,86;0,42;144,38;144,38;3,47;2,72
4;BankAccountv2;state;199;18;29;7;25;100;0,2;0,24;0;0,05;144,38;144,38;0,61;0,48
4;BankAccountv2;transition;199;18;29;10;29;100;0,21;0,5;0;0,08;145,38;145,38;0,97;0,79
4;BankAccountv2;pair;199;18;29;89;325;100;0,18;0,17;2,77;0,42;146,38;146,38;4,22;3,54
4;BankAccountv2;state;200;16;23;6;22;100;0,24;0,3;0;0,04;147,38;147,38;0,78;0,57
4;BankAccountv2;transition;200;16;23;7;23;100;0,21;0,43;0;0,05;147,38;147,38;0,88;0,69
4;BankAccountv2;pair;200;16;23;43;168;100;0,18;0,13;0,91;0,19;148,38;148,38;1,9;1,41
4;BankAccountv2;state;201;15;24;7;22;100;0,19;0,25;0;0,04;148,38;148,38;0,6;0,48
4;BankAccountv2;transition;201;15;24;9;24;100;0,18;0,38;0;0,07;149,38;149,38;0,76;0,63
4;BankAccountv2;pair;201;15;24;81;254;100;0,17;0,14;1,37;0,32;150,38;150,38;2,44;1,99
4;BankAccountv2;state;202;17;26;7;24;100;0,18;0,24;0;0,07;150,38;150,38;0,63;0,5
4;BankAccountv2;transition;202;17;26;9;26;100;0,27;1,29;0;0,05;5,4;5,4;13,65;1,62
4;BankAccountv2;pair;202;17;26;75;263;100;0,24;0,15;1,51;0,32;6,4;6,4;3,01;2,21
4;BankAccountv2;state;203;16;22;6;21;100;0,22;0,33;0;0,06;6,4;7,4;0,81;0,61
4;BankAccountv2;transition;203;16;22;7;22;100;0,2;0,44;0;0,05;7,4;7,4;0,87;0,69
4;BankAccountv2;pair;203;16;22;57;205;100;0,2;0,11;1,07;0,22;8,4;8,4;2,12;1,6
4;BankAccountv2;state;204;19;27;7;26;100;0,24;0,28;0;0,04;8,4;8,4;0,72;0,56
4;BankAccountv2;transition;204;19;27;9;27;100;0,23;0,45;0;0,07;9,4;9,4;0,92;0,75
4;BankAccountv2;pair;204;19;27;77;293;100;0,22;0,16;1,81;0,35;10,4;10,4;3,23;2,53
4;BankAccountv2;state;205;17;23;6;23;100;0,25;0,27;0;0,04;11,4;11,4;0,77;0,56
4;BankAccountv2;transition;205;17;23;7;23;100;0,21;0,47;0;0,05;11,4;11,4;0,91;0,74
4;BankAccountv2;pair;205;17;23;44;184;100;0,21;0,18;1,13;0,23;12,4;12,4;2,31;1,75
4;BankAccountv2;state;206;19;30;7;25;100;0,27;0,32;0;0,06;12,4;13,4;0,81;0,64
4;BankAccountv2;transition;206;19;30;11;30;100;0,29;0,59;0;0,1;13,4;13,4;1,18;0,98
4;BankAccountv2;pair;206;19;30;117;399;100;0,24;0,21;3,16;0,59;15,4;15,4;5,04;4,2
4;BankAccountv2;state;207;17;28;9;28;100;0,2;0,25;0;0,06;15,4;15,4;0,67;0,52
4;BankAccountv2;transition;207;17;28;11;28;100;0,2;0,47;0;0,08;16,4;16,4;0,93;0,75
4;BankAccountv2;pair;207;17;28;119;347;100;0,17;0,24;2,6;0,56;17,4;18,4;4,27;3,55
4;BankAccountv2;state;208;19;28;7;26;100;0,27;0,31;0;0,05;18,4;18,4;0,8;0,64
4;BankAccountv2;transition;208;19;28;10;28;100;0,26;0,53;0;0,07;19,4;19,4;1,03;0,86
4;BankAccountv2;pair;208;19;28;89;333;100;0,25;0,17;2,53;0,49;20,4;21,4;4,26;3,43
4;BankAccountv2;state;209;15;20;5;19;100;0,23;0,25;0;0,04;21,4;21,4;0,71;0,51
4;BankAccountv2;transition;209;15;20;6;20;100;0,2;0,4;0;0,04;21,4;21,4;0,82;0,64
4;BankAccountv2;pair;209;15;20;42;171;100;0,19;0,12;0,97;0,21;22,4;22,4;2,06;1,49
4;BankAccountv2;state;210;12;17;5;16;100;0,23;0,27;0;0,03;22,4;22,4;0,68;0,54
4;BankAccountv2;transition;210;12;17;6;17;100;0,23;0,39;0;0,04;23,4;23,4;0,82;0,66
4;BankAccountv2;pair;210;12;17;40;119;100;0,19;0,11;0,75;0,27;23,4;24,4;1,95;1,32
4;BankAccountv2;state;211;18;27;7;26;100;0,3;0,36;0;0,06;24,4;24,4;0,88;0,72
4;BankAccountv2;transition;211;18;27;9;27;100;0,28;0,59;0;0,06;24,4;24,4;1,18;0,94
4;BankAccountv2;pair;211;18;27;64;261;100;0,29;0,14;1,64;0,29;25,4;26,4;2,98;2,35
4;BankAccountv2;state;212;16;22;5;20;100;0,24;0,28;0;0,04;26,4;26,4;0,74;0,56
4;BankAccountv2;transition;212;16;22;7;22;100;0,18;0,39;0;0,04;26,4;26,4;0,74;0,61
4;BankAccountv2;pair;212;16;22;43;169;100;0,22;0,1;0,92;0,22;27,4;27,4;1,99;1,47
4;BankAccountv2;state;213;19;28;8;29;100;0,22;0,3;0;0,06;28,4;28,4;0,75;0,58
4;BankAccountv2;transition;213;19;28;9;28;100;0,17;0,41;0;0,07;28,4;28,4;0,84;0,64
4;BankAccountv2;pair;213;19;28;80;305;100;0,16;0,16;2,1;0,28;29,4;30,4;3,24;2,7
4;BankAccountv2;state;214;12;18;6;18;100;0,15;0,21;0;0,03;30,4;30,4;0,55;0,39
4;BankAccountv2;transition;214;12;18;6;18;100;0,15;0,34;0;0,04;30,4;30,4;0,66;0,52
4;BankAccountv2;pair;214;12;18;40;121;100;0,13;0,1;0,63;0,21;31,4;31,4;1,51;1,07
4;BankAccountv2;state;215;14;21;7;21;100;0,21;0,3;0;0,04;31,4;31,4;0,7;0,55
4;BankAccountv2;transition;215;14;21;8;21;100;0,19;0,38;0;0,05;32,4;32,4;0,78;0,62
4;BankAccountv2;pair;215;14;21;64;184;100;0,17;0,11;0,95;0,29;32,4;33,4;2,07;1,53
4;BankAccountv2;state;216;13;19;6;21;100;0,15;0,27;0;0,04;33,4;33,4;0,58;0,46
4;BankAccountv2;transition;216;13;19;6;19;100;0,14;0,31;0;0,04;33,4;33,4;0,64;0,49
4;BankAccountv2;pair;216;13;19;25;88;100;0,15;0,09;0,48;0,11;34,4;34,4;1,19;0,83
4;BankAccountv2;state;217;23;37;10;35;100;0,23;0,35;0;0,09;34,4;34,4;0,92;0,66
4;BankAccountv2;transition;217;23;37;14;37;100;0,23;0,62;0;0,07;35,4;35,4;1,1;0,92
4;BankAccountv2;pair;217;23;37;183;620;100;0,13;0,19;5,09;0,92;37,4;38,4;7,22;6,33
4;BankAccountv2;state;218;14;22;6;19;100;0,22;0,24;0;0,03;38,4;38,4;0,61;0,49
4;BankAccountv2;transition;218;14;22;9;22;100;0,17;0,4;0;0,06;38,4;39,4;0,76;0,63
4;BankAccountv2;pair;218;14;22;81;236;100;0,17;0,11;1,24;0,37;39,4;40,4;2,5;1,89
4;BankAccountv2;state;219;20;30;8;28;100;0,27;0,34;0;0,07;40,4;40,4;0,82;0,67
4;BankAccountv2;transition;219;20;30;11;30;100;0,27;0,58;0;0,07;41,4;41,4;1,08;0,92
4;BankAccountv2;pair;219;20;30;122;438;100;0,22;0,25;3,5;0,52;42,4;43,4;5,35;4,5
4;BankAccountv2;state;220;22;34;9;31;100;0,29;0,35;0;0,06;43,4;43,4;0,83;0,69
4;BankAccountv2;transition;220;22;34;13;34;100;0,25;0,62;0;0,09;44,4;44,4;1,12;0,96
4;BankAccountv2;pair;220;22;34;167;564;100;0,26;0,27;4,53;0,95;46,4;47,4;6,96;6,01
4;BankAccountv2;state;221;12;17;5;16;100;0,24;0,26;0;0,03;47,4;47,4;0,68;0,53
4;BankAccountv2;transition;221;12;17;6;17;100;0,17;0,5;0;0,03;47,4;47,4;0,87;0,7
4;BankAccountv2;pair;221;12;17;42;127;100;0,18;0,1;0,66;0,14;48,4;48,4;1,46;1,08
4;BankAccountv2;state;222;19;28;8;29;100;0,2;0,3;0;0,04;48,4;48,4;0,66;0,54
4;BankAccountv2;transition;222;19;28;9;28;100;0,12;0,29;0;0,04;49,4;49,4;0,54;0,45
4;BankAccountv2;pair;222;19;28;80;305;100;0,2;0,15;2,06;0,35;50,4;50,4;3,45;2,75
4;BankAccountv2;state;223;16;22;6;21;100;0,26;0,33;0;0,04;51,4;51,4;0,83;0,64
4;BankAccountv2;transition;223;16;22;7;22;100;0,2;0,42;0;0,05;51,4;51,4;0,83;0,67
4;BankAccountv2;pair;223;16;22;57;205;100;0,19;0,13;1,16;0,28;52,4;52,4;2,26;1,75
4;BankAccountv2;state;224;12;18;5;16;100;0,25;0,22;0;0,03;52,4;52,4;0,67;0,51
4;BankAccountv2;transition;224;12;18;7;18;100;0,22;0,38;0;0,04;53,4;53,4;0,8;0,64
4;BankAccountv2;pair;224;12;18;51;150;100;0,18;0,11;0,89;0,19;53,4;54,4;1,98;1,36
4;BankAccountv2;state;225;12;16;5;17;100;0,18;0,23;0;0,05;54,4;54,4;0,6;0,45
4;BankAccountv2;transition;225;12;16;5;16;100;0,18;0,38;0;0,03;54,4;54,4;0,75;0,6
4;BankAccountv2;pair;225;12;16;21;73;100;0,23;0,09;0,49;0,1;55,4;55,4;1,41;0,91
4;BankAccountv2;state;226;13;21;5;17;100;0,25;0,3;0;0,04;55,4;55,4;0,72;0,58
4;BankAccountv2;transition;226;13;21;8;21;100;0,22;0,49;0;0,07;56,4;56,4;0,99;0,78
4;BankAccountv2;pair;226;13;21;52;157;100;0,23;0,13;1,02;0,23;56,4;57,4;2,15;1,61
4;BankAccountv2;state;227;20;30;9;31;100;0,18;0,27;0;0,07;57,4;57,4;0,68;0,52
4;BankAccountv2;transition;227;20;30;10;30;100;0,19;0,47;0;0,06;57,4;57,4;0,9;0,71
4;BankAccountv2;pair;227;20;30;103;365;100;0,19;0,19;2,45;0,49;59,4;59,4;4,02;3,32
4;BankAccountv2;state;228;15;22;4;18;100;0,23;0,25;0;0,04;59,4;59,4;0,69;0,52
4;BankAccountv2;transition;228;15;22;7;22;100;0,22;0,4;0;0,05;60,4;60,4;0,8;0,66
4;BankAccountv2;pair;228;15;22;35;151;100;0,23;0,11;0,82;0,19;60,4;61,4;1,91;1,35
4;BankAccountv2;state;229;15;23;8;25;100;0,16;0,28;0;0,05;61,4;61,4;0,63;0,49
4;BankAccountv2;transition;229;15;23;8;23;100;0,15;0,33;0;0,04;61,4;61,4;0,66;0,52
4;BankAccountv2;pair;229;15;23;67;197;100;0,15;0,13;1,01;0,27;62,4;62,4;2,01;1,56
4;BankAccountv2;state;230;11;15;5;15;100;0,17;0,28;0;0,02;63,4;63,4;0,61;0,48
4;BankAccountv2;transition;230;11;15;5;15;100;0,15;0,28;0;0,02;63,4;63,4;0,57;0,45
4;BankAccountv2;pair;230;11;15;35;107;100;0,15;0,07;0,5;0,12;63,4;64,4;1,19;0,85
4;BankAccountv2;state;231;20;30;9;31;100;0,22;0,27;0;0,07;64,4;64,4;0,73;0,57
4;BankAccountv2;transition;231;20;30;10;30;100;0,18;0,52;0;0,07;64,4;64,4;0,94;0,77
4;BankAccountv2;pair;231;20;30;103;365;100;0,16;0,17;2,35;0,55;66,4;66,4;3,95;3,23
4;BankAccountv2;state;232;20;31;8;28;100;0,25;0,31;0;0,06;67,4;67,4;0,78;0,63
4;BankAccountv2;transition;232;20;31;11;31;100;0,21;0,5;0;0,07;67,4;67,4;0,98;0,79
4;BankAccountv2;pair;232;20;31;122;444;100;0,23;0,19;3,13;0,6;69,4;69,4;4,94;4,15
4;BankAccountv2;state;233;19;30;7;26;100;0,15;0,18;0;0,03;70,4;70,4;0,47;0,36
4;BankAccountv2;transition;233;19;30;11;30;100;0,11;0,32;0;0,05;70,4;70,4;0,58;0,49
4;BankAccountv2;pair;233;19;30;95;338;100;0,15;0,17;2,9;0,53;71,4;72,4;4,46;3,74
4;BankAccountv2;state;234;20;30;8;28;100;0,32;0,36;0;0,06;72,4;72,4;0,88;0,74
4;BankAccountv2;transition;234;20;30;11;30;100;0,28;0,63;0;0,08;73,4;73,4;1,18;0,99
4;BankAccountv2;pair;234;20;30;122;438;100;0,26;0,21;3,74;0,77;74,4;75,4;5,89;4,97
4;BankAccountv2;state;235;16;27;8;26;100;0,22;0,3;0;0,07;75,4;75,4;0,77;0,59
4;BankAccountv2;transition;235;16;27;10;27;100;0,19;0,52;0;0,09;75,4;76,4;1,01;0,79
4;BankAccountv2;pair;235;16;27;91;286;100;0,17;0,19;2,42;0,49;77,4;77,4;3,88;3,26
4;BankAccountv2;state;236;19;30;7;25;100;0,29;0,37;0;0,06;77,4;77,4;0,87;0,72
4;BankAccountv2;transition;236;19;30;11;30;100;0,29;0,62;0;0,09;78,4;78,4;1,18;1
4;BankAccountv2;pair;236;19;30;112;379;100;0,25;0,21;2,94;0,67;79,4;80,4;4,84;4,07
4;BankAccountv2;state;237;17;25;6;22;100;0,24;0,29;0;0,04;80,4;80,4;0,72;0,58
4;BankAccountv2;transition;237;17;25;9;25;100;0,24;0,66;0;0,06;81,4;81,4;1,14;0,96
4;BankAccountv2;pair;237;17;25;79;284;100;0,26;0,16;2,03;0,42;82,4;82,4;3,65;2,88
4;BankAccountv2;state;238;11;16;4;14;100;0,21;0,23;0;0,03;82,4;82,4;0,63;0,47
4;BankAccountv2;transition;238;11;16;6;16;100;0,17;0,38;0;0,04;83,4;83,4;0,74;0,59
4;BankAccountv2;pair;238;11;16;29;91;100;0,16;0,08;0,59;0,13;83,4;83,4;1,34;0,96
4;BankAccountv2;state;239;22;36;10;34;100;0,2;0,35;0;0,08;84,4;84,4;0,77;0,64
4;BankAccountv2;transition;239;22;36;13;36;100;0,2;0,6;0;0,11;84,4;84,4;1,08;0,91
4;BankAccountv2;pair;239;22;36;165;552;100;0,2;0,32;5;0,89;86,4;87,4;7,27;6,4
4;BankAccountv2;state;240;12;19;4;15;100;0,22;0,23;0;0,03;87,4;87,4;0,61;0,48
4;BankAccountv2;transition;240;12;19;7;19;100;0,17;0,39;0;0,04;87,4;88,4;0,76;0,61
4;BankAccountv2;pair;240;12;19;33;106;100;0,17;0,09;0,62;0,14;88,4;88,4;1,39;1,01
4;BankAccountv2;state;241;14;22;6;20;100;0,19;0,25;0;0,04;89,4;89,4;0,6;0,48
4;BankAccountv2;transition;241;14;22;8;22;100;0,19;0,39;0;0,07;89,4;89,4;0,82;0,65
4;BankAccountv2;pair;241;14;22;52;163;100;0,14;0,12;1,11;0,24;90,4;90,4;2,3;1,61
4;BankAccountv2;state;242;19;27;8;27;100;0,25;0,32;0;0,06;90,4;90,4;0,77;0,63
4;BankAccountv2;transition;242;19;27;9;27;100;0,23;0,59;0;0,06;91,4;91,4;1,07;0,88
4;BankAccountv2;pair;242;19;27;91;326;100;0,27;0,16;2,11;0,5;92,4;92,4;3,82;3,04
4;BankAccountv2;state;243;16;23;5;20;100;0,29;0,33;0;0,04;93,4;93,4;0,86;0,67
4;BankAccountv2;transition;243;16;23;8;23;100;0,24;0,51;0;0,06;93,4;93,4;1,01;0,81
4;BankAccountv2;pair;243;16;23;50;190;100;0,2;0,12;1,03;0,25;94,4;94,4;2,12;1,59
4;BankAccountv2;state;244;13;18;6;19;100;0,2;0,24;0;0,04;95,4;95,4;0,64;0,48
4;BankAccountv2;transition;244;13;18;6;18;100;0,18;0,36;0;0,04;95,4;95,4;0,74;0,58
4;BankAccountv2;pair;244;13;18;42;135;100;0,21;0,08;0,76;0,19;96,4;96,4;1,79;1,24
4;BankAccountv2;state;245;17;26;6;22;100;0,22;0,29;0;0,05;96,4;96,4;0,71;0,56
4;BankAccountv2;transition;245;17;26;9;26;100;0,26;0,53;0;0,09;96,4;97,4;1,05;0,88
4;BankAccountv2;pair;245;17;26;79;290;100;0,23;0,16;1,91;0,39;98,4;98,4;3,34;2,69
4;BankAccountv2;state;246;15;24;7;24;100;0,18;0,24;0;0,04;98,4;98,4;0,6;0,46
4;BankAccountv2;transition;246;15;24;9;24;100;0,14;0,4;0;0,06;99,4;99,4;0,8;0,61
4;BankAccountv2;pair;246;15;24;60;195;100;0,15;0,12;1,31;0,28;99,4;100,4;2,45;1,86
4;BankAccountv2;state;247;20;29;8;28;100;0,25;0,44;0;0,07;100,4;100,4;0,92;0,75
4;BankAccountv2;transition;247;20;29;10;29;100;0,23;0,53;0;0,07;101,4;101,4;1,02;0,84
4;BankAccountv2;pair;247;20;29;105;371;100;0,25;0,16;2,46;0,46;102,4;103,4;4,05;3,33
4;BankAccountv2;state;248;12;19;5;17;100;0,16;0,22;0;0,04;103,4;103,4;0,57;0,42
4;BankAccountv2;transition;248;12;19;7;19;100;0,19;0,46;0;0,04;103,4;103,4;0,85;0,69
4;BankAccountv2;pair;248;12;19;37;124;100;0,17;0,09;0,69;0,13;104,4;104,4;1,45;1,08
4;BankAccountv2;state;249;20;30;8;30;100;0,19;0,27;0;0,05;104,4;104,4;0,62;0,51
4;BankAccountv2;transition;249;20;30;10;30;100;0,17;0,56;0;0,07;104,4;105,4;0,98;0,81
4;BankAccountv2;pair;249;20;30;88;332;100;0,17;0,2;2,42;0,41;106,4;106,4;3,85;3,19
4;BankAccountv2;state;250;21;34;9;32;100;0,19;0,33;0;0,09;106,4;107,4;0,77;0,61
4;BankAccountv2;transition;250;21;34;12;34;100;0,2;0,51;0;0,09;107,4;107,4;0,97;0,79
4;BankAccountv2;pair;250;21;34;129;455;100;0,22;0,28;3,92;0,58;109,4;109,4;5,84;5,01
4;BankAccountv2;state;251;18;25;7;25;100;0,23;0,29;0;0,04;110,4;110,4;0,7;0,56
4;BankAccountv2;transition;251;18;25;8;25;100;0,22;0,41;0;0,05;110,4;110,4;0,82;0,68
4;BankAccountv2;pair;251;18;25;70;271;100;0,19;0,12;1,5;0,32;111,4;111,4;2,64;2,13
4;BankAccountv2;state;252;19;28;8;27;100;0,24;0,28;0;0,04;112,4;112,4;0,67;0,56
4;BankAccountv2;transition;252;19;28;10;28;100;0,2;0,46;0;0,05;112,4;112,4;0,88;0,71
4;BankAccountv2;pair;252;19;28;105;370;100;0,2;0,17;2,56;0,5;114,4;114,4;4,04;3,43
4;BankAccountv2;state;253;18;25;7;25;100;0,29;0,28;0;0,05;114,4;115,4;0,75;0,61
4;BankAccountv2;transition;253;18;25;8;25;100;0,21;0,44;0;0,04;115,4;115,4;0,82;0,69
4;BankAccountv2;pair;253;18;25;70;271;100;0,21;0,12;1,45;0,31;116,4;116,4;2,54;2,09
4;BankAccountv2;state;254;15;23;7;22;100;0,22;0,27;0;0,05;117,4;117,4;0,66;0,53
4;BankAccountv2;transition;254;15;23;9;23;100;0,18;0,38;0;0,04;117,4;117,4;0,73;0,6
4;BankAccountv2;pair;254;15;23;73;212;100;0,21;0,12;1,06;0,25;118,4;118,4;2,07;1,64
4;BankAccountv2;state;255;12;18;5;17;100;0,09;0,13;0;0,02;119,4;119,4;0,32;0,24
4;BankAccountv2;transition;255;12;18;6;18;100;0,08;0,19;0;0,02;119,4;119,4;0,37;0,29
4;BankAccountv2;pair;255;12;18;29;94;100;0,08;0,09;0,36;0,13;119,4;119,4;0,93;0,65
4;BankAccountv2;state;256;13;20;5;17;100;0,13;0,14;0;0,02;120,4;120,4;0,37;0,29
4;BankAccountv2;transition;256;13;20;8;20;100;0,13;0,41;0;0,04;120,4;120,4;0,71;0,58
4;BankAccountv2;pair;256;13;20;54;164;100;0,16;0,11;0,83;0,2;121,4;121,4;1,69;1,3
4;BankAccountv2;state;257;17;28;8;27;100;0,17;0,23;0;0,07;121,4;121,4;0,57;0,46
4;BankAccountv2;transition;257;17;28;11;28;100;0,18;0,53;0;0,06;122,4;122,4;0,92;0,77
4;BankAccountv2;pair;257;17;28;99;304;100;0,15;0,11;1,64;0,41;123,4;123,4;2,85;2,32
4;BankAccountv2;state;258;12;19;4;15;100;0,23;0,22;0;0,03;124,4;124,4;0,6;0,48
4;BankAccountv2;transition;258;12;19;7;19;100;0,18;0,36;0;0,03;124,4;124,4;0,73;0,57
4;BankAccountv2;pair;258;12;19;36;116;100;0,16;0,42;0,59;0,09;125,4;125,4;1,73;1,26
4;BankAccountv2;state;259;15;23;7;24;100;0,17;0,33;0;0,04;125,4;125,4;0,64;0,53
4;BankAccountv2;transition;259;15;23;8;23;100;0,1;0,33;0;0,05;125,4;125,4;0,61;0,48
4;BankAccountv2;pair;259;15;23;52;163;100;0,17;0,1;0,64;0,19;126,4;126,4;1,5;1,09
4;BankAccountv2;state;260;20;31;8;30;100;0,12;0,18;0;0,03;127,4;127,4;0,41;0,33
4;BankAccountv2;transition;260;20;31;11;31;100;0,1;0,31;0;0,05;127,4;127,4;0,56;0,47
4;BankAccountv2;pair;260;20;31;101;384;100;0,18;0,17;2,57;0,31;128,4;129,4;3,72;3,22
4;BankAccountv2;state;261;16;27;8;26;100;0,19;0,23;0;0,04;129,4;129,4;0,58;0,46
4;BankAccountv2;transition;261;16;27;10;27;100;0,16;0,42;0;0,07;130,4;130,4;0,79;0,64
4;BankAccountv2;pair;261;16;27;91;286;100;0,16;0,18;1,77;0,35;131,4;131,4;2,98;2,45
4;BankAccountv2;state;262;14;21;7;21;100;0,2;0,26;0;0,04;131,4;132,4;0,67;0,51
4;BankAccountv2;transition;262;14;21;8;21;100;0,16;0,25;0;0,03;132,4;132,4;0,55;0,44
4;BankAccountv2;pair;262;14;21;70;206;100;0,15;0,11;1,12;0,26;133,4;133,4;2,13;1,64
4;BankAccountv2;state;263;16;22;6;21;100;0,2;0,25;0;0,04;133,4;133,4;0,62;0,48
4;BankAccountv2;transition;263;16;22;7;22;100;0,18;0,4;0;0,08;134,4;134,4;0,83;0,65
4;BankAccountv2;pair;263;16;22;57;205;100;0,19;0,12;0,98;0,16;135,4;135,4;1,84;1,45
4;BankAccountv2;state;264;20;30;8;30;100;0,12;0,23;0;0,05;135,4;135,4;0,52;0,4
4;BankAccountv2;transition;264;20;30;10;30;100;0,15;0,48;0;0,06;136,4;136,4;0,83;0,69
4;BankAccountv2;pair;264;20;30;88;332;100;0,19;0,17;2,13;0,4;137,4;137,4;3,51;2,9
4;BankAccountv2;state;265;12;19;5;16;100;0,22;0,24;0;0,03;138,4;138,4;0,62;0,49
4;BankAccountv2;transition;265;12;19;7;19;100;0,15;0,35;0;0,04;138,4;138,4;0,67;0,54
4;BankAccountv2;pair;265;12;19;48;143;100;0,18;0,1;0,63;0,12;139,4;139,4;1,5;1,03
4;BankAccountv2;state;266;17;26;6;22;100;0,21;0,28;0;0,03;139,4;139,4;0,64;0,53
4;BankAccountv2;transition;266;17;26;9;26;100;0,19;0,43;0;0,05;140,4;140,4;0,79;0,67
4;BankAccountv2;pair;266;17;26;79;290;100;0,2;0,14;1,34;0,27;141,4;141,4;2,38;1,94
4;BankAccountv2;state;267;15;23;7;24;100;0,11;0,14;0;0,03;141,4;141,4;0,35;0,27
4;BankAccountv2;transition;267;15;23;8;23;100;0,09;0,3;0;0,04;142,4;142,4;0,53;0,42
4;BankAccountv2;pair;267;15;23;52;163;100;0,17;0,12;1;0,15;142,4;143,4;1,83;1,45
4;BankAccountv2;state;268;18;25;7;25;100;0,16;0,24;0;0,03;143,4;143,4;0,52;0,42
4;BankAccountv2;transition;268;18;25;8;25;100;0,17;0,32;0;0,08;143,4;143,4;0,75;0,57
4;BankAccountv2;pair;268;18;25;70;271;100;0,24;0,14;1,29;0,29;144,4;145,4;2,5;1,96
4;BankAccountv2;state;269;21;33;9;31;100;0,28;0,33;0;0,05;145,4;145,4;0,79;0,66
4;BankAccountv2;transition;269;21;33;12;33;100;0,23;0,57;0;0,07;146,4;146,4;1,02;0,86
4;BankAccountv2;pair;269;21;33;126;439;100;0,21;0,16;2,39;0,43;147,4;148,4;3,9;3,19
4;BankAccountv2;state;270;13;21;6;19;100;0,11;0,13;0;0,02;148,4;148,4;0,36;0,27
4;BankAccountv2;transition;270;13;21;8;21;100;0,09;0,26;0;0,03;149,4;149,4;0,45;0,37
4;BankAccountv2;pair;270;13;21;57;176;100;0,09;0,08;0,73;0,21;149,4;150,4;1,7;1,12
4;BankAccountv2;state;271;18;29;7;25;100;0,18;0,25;0;0,04;150,4;150,4;0,6;0,48
4;BankAccountv2;transition;271;18;29;10;29;100;0,16;0,44;0;0,07;150,4;150,4;0,83;0,67
4;BankAccountv2;pair;271;18;29;89;325;100;0,12;0,32;3,27;0,67;151,4;6,39;34,49;4,38
4;BankAccountv2;state;272;10;14;4;13;100;0,29;0,33;0;0,03;6,39;6,39;0,86;0,65
4;BankAccountv2;transition;272;10;14;5;14;100;0,26;0,46;0;0,05;6,39;7,39;1;0,77
4;BankAccountv2;pair;272;10;14;20;64;100;0,26;0,11;0,53;0,15;7,39;7,39;1,63;1,05
4;BankAccountv2;state;273;22;35;10;34;100;0,29;0,44;0;0,1;7,39;7,39;0,99;0,83
4;BankAccountv2;transition;273;22;35;13;35;100;0,27;0,84;0;0,2;8,39;8,39;1,55;1,31
4;BankAccountv2;pair;273;22;35;171;582;100;0,27;0,41;6,58;1,28;10,39;11,39;9,74;8,55
4;BankAccountv2;state;274;17;25;6;22;100;0,33;0,46;0;0,06;11,39;11,39;1,03;0,86
4;BankAccountv2;transition;274;17;25;9;25;100;0,31;0,68;0;0,08;11,39;11,39;1,28;1,07
4;BankAccountv2;pair;274;17;25;76;266;100;0,28;0,21;1,99;0,49;13,39;13,39;3,72;2,97
4;BankAccountv2;state;275;17;26;7;24;100;0,31;0,43;0;0,05;13,39;13,39;0,94;0,79
4;BankAccountv2;transition;275;17;26;9;26;100;0,27;0,65;0;0,08;14,39;14,39;1,17;1
4;BankAccountv2;pair;275;17;26;77;271;100;0,27;0,24;1,63;0,45;15,39;15,39;3,24;2,59
4;BankAccountv2;state;276;18;26;7;25;100;0,3;0,39;0;0,06;15,39;15,39;0,94;0,75
4;BankAccountv2;transition;276;18;26;9;26;100;0,34;0,63;0;0,06;16,39;16,39;1,23;1,02
4;BankAccountv2;pair;276;18;26;80;302;100;0,22;0,21;2,37;0,52;17,39;18,39;4,07;3,33
4;BankAccountv2;state;277;11;15;5;15;100;0,28;0,32;0;0,03;18,39;18,39;0,78;0,63
4;BankAccountv2;transition;277;11;15;5;15;100;0,2;0,41;0;0,06;18,39;18,39;0,83;0,67
4;BankAccountv2;pair;277;11;15;33;99;100;0,15;0,08;0,52;0,13;19,39;19,39;1,27;0,88
4;BankAccountv2;state;278;13;20;6;19;100;0,14;0,18;0;0,03;19,39;19,39;0,46;0,35
4;BankAccountv2;transition;278;13;20;7;20;100;0,13;0,3;0;0,04;19,39;19,39;0,57;0,47
4;BankAccountv2;pair;278;13;20;45;138;100;0,13;0,11;0,78;0,2;20,39;20,39;1,58;1,23
4;BankAccountv2;state;279;16;23;5;20;100;0,21;0,24;0;0,03;20,39;20,39;0,58;0,48
4;BankAccountv2;transition;279;16;23;8;23;100;0,21;0,42;0;0,05;21,39;21,39;0,86;0,67
4;BankAccountv2;pair;279;16;23;53;202;100;0,2;0,15;1,32;0,26;22,39;22,39;2,44;1,93
4;BankAccountv2;state;280;13;18;6;19;100;0,22;0,22;0;0,03;22,39;22,39;0,58;0,47
4;BankAccountv2;transition;280;13;18;6;18;100;0,16;0,34;0;0,03;23,39;23,39;0,64;0,54
4;BankAccountv2;pair;280;13;18;42;135;100;0,16;0,11;0,99;0,18;23,39;23,39;1,91;1,44
4;BankAccountv2;state;281;13;21;6;19;100;0,17;0,18;0;0,03;24,39;24,39;0,49;0,39
4;BankAccountv2;transition;281;13;21;8;21;100;0,13;0,33;0;0,05;24,39;24,39;0,64;0,51
4;BankAccountv2;pair;281;13;21;57;176;100;0,13;0,13;1,29;0,39;25,39;25,39;2,43;1,95
4;BankAccountv2;state;282;20;33;8;28;100;0,25;0,24;0;0,06;25,39;25,39;0,89;0,55
4;BankAccountv2;transition;282;20;33;12;33;100;0,17;0,62;0;0,09;26,39;26,39;1,03;0,88
4;BankAccountv2;pair;282;20;33;129;459;100;0,37;0,26;3,67;0,69;27,39;28,39;5,9;4,99
4;BankAccountv2;state;283;17;24;6;22;100;0,36;0,29;0;0,04;28,39;28,39;0,84;0,69
4;BankAccountv2;transition;283;17;24;8;24;100;0,34;0,63;0;0,06;29,39;29,39;1,22;1,03
4;BankAccountv2;pair;283;17;24;65;238;100;0,29;0,17;1,48;0,35;30,39;30,39;2,86;2,28
4;BankAccountv2;state;284;18;25;7;25;100;0,26;0,31;0;0,06;30,39;30,39;0,79;0,64
4;BankAccountv2;transition;284;18;25;8;25;100;0,23;0,47;0;0,08;31,39;31,39;0,97;0,77
4;BankAccountv2;pair;284;18;25;70;271;100;0,33;0,2;2,1;0,53;32,39;32,39;4,02;3,16
4;BankAccountv2;state;285;15;21;5;19;100;0,36;0,38;0;0,06;33,39;33,39;1;0,8
4;BankAccountv2;transition;285;15;21;7;21;100;0,28;0,63;0;0,07;33,39;33,39;1,16;0,99
4;BankAccountv2;pair;285;15;21;43;165;100;0,29;0,12;0,96;0,22;34,39;34,39;2,02;1,58
4;BankAccountv2;state;286;18;27;7;24;100;0,24;0,28;0;0,04;34,39;34,39;0,67;0,57
4;BankAccountv2;transition;286;18;27;10;27;100;0,21;0,7;0;0,08;35,39;35,39;1,15;0,98
4;BankAccountv2;pair;286;18;27;102;341;100;0,31;0,28;2,23;0,66;36,39;37,39;4,34;3,48
4;BankAccountv2;state;287;17;26;6;23;100;0,26;0,28;0;0,04;37,39;37,39;0,7;0,58
4;BankAccountv2;transition;287;17;26;9;26;100;0,32;0,61;0;0,08;37,39;37,39;1,18;1,01
4;BankAccountv2;pair;287;17;26;58;220;100;0,53;0,14;1,24;0,32;38,39;39,39;2,76;2,24
4;BankAccountv2;state;288;13;20;6;19;100;0,15;0,18;0;0,04;39,39;39,39;0,48;0,37
4;BankAccountv2;transition;288;13;20;7;20;100;0,23;0,42;0;0,05;39,39;39,39;0,86;0,7
4;BankAccountv2;pair;288;13;20;43;131;100;0,16;0,11;0,91;0,18;40,39;40,39;1,71;1,36
4;BankAccountv2;state;289;16;23;5;20;100;0,21;0,27;0;0,03;40,39;40,39;0,62;0,52
4;BankAccountv2;transition;289;16;23;8;23;100;0,19;0,49;0;0,05;41,39;41,39;0,85;0,73
4;BankAccountv2;pair;289;16;23;52;203;100;0,19;0,13;1,27;0,37;41,39;42,39;2,6;1,96
4;BankAccountv2;state;290;11;16;4;14;100;0,32;0,31;0;0,03;42,39;42,39;0,82;0,65
4;BankAccountv2;transition;290;11;16;6;16;100;0,21;0,43;0;0,06;42,39;42,39;0,88;0,69
4;BankAccountv2;pair;290;11;16;29;96;100;0,22;0,1;0,63;0,18;43,39;43,39;1,64;1,14
4;BankAccountv2;state;291;13;19;6;19;100;0,24;0,31;0;0,03;43,39;43,39;0,7;0,59
4;BankAccountv2;transition;291;13;19;7;19;100;0,16;0,35;0;0,04;44,39;44,39;0,66;0,55
4;BankAccountv2;pair;291;13;19;39;124;100;0,17;0,16;0,9;0,23;44,39;44,39;1,88;1,45
4;BankAccountv2;state;292;11;16;5;16;100;0,2;0,23;0;0,04;45,39;45,39;0,6;0,47
4;BankAccountv2;transition;292;11;16;5;16;100;0,21;0,37;0;0,04;45,39;45,39;0,76;0,61
4;BankAccountv2;pair;292;11;16;22;72;100;0,18;0,1;0,48;0,12;45,39;45,39;1,26;0,88
4;BankAccountv2;state;293;12;19;5;16;100;0,26;0,33;0;0,03;46,39;46,39;0,78;0,61
4;BankAccountv2;transition;293;12;19;7;19;100;0,23;0,46;0;0,05;46,39;46,39;0,91;0,74
4;BankAccountv2;pair;293;12;19;48;143;100;0,17;0,11;0,74;0,23;47,39;47,39;1,69;1,25
4;BankAccountv2;state;294;16;23;6;22;100;0,16;0,2;0;0,04;47,39;47,39;0,51;0,39
4;BankAccountv2;transition;294;16;23;7;23;100;0,17;0,53;0;0,05;48,39;48,39;0,9;0,75
4;BankAccountv2;pair;294;16;23;46;180;100;0,15;0,13;0,98;0,28;48,39;49,39;1,92;1,53
4;BankAccountv2;state;295;17;28;8;25;100;0,23;0,28;0;0,04;49,39;49,39;0,65;0,54
4;BankAccountv2;transition;295;17;28;11;28;100;0,23;0,46;0;0,07;49,39;49,39;0,89;0,76
4;BankAccountv2;pair;295;17;28;115;337;100;0,23;0,19;2,43;0,51;51,39;51,39;3,93;3,36
4;BankAccountv2;state;296;18;27;7;25;100;0,18;0,22;0;0,08;51,39;52,39;0,61;0,48
4;BankAccountv2;transition;296;18;27;9;27;100;0,2;0,4;0;0,06;52,39;52,39;0,8;0,66
4;BankAccountv2;pair;296;18;27;76;269;100;0,17;0,16;1,59;0,37;53,39;53,39;2,77;2,29
4;BankAccountv2;state;297;19;30;8;27;100;0,23;0,34;0;0,06;54,39;54,39;0,77;0,63
4;BankAccountv2;transition;297;19;30;11;30;100;0,25;0,64;0;0,08;54,39;54,39;1,13;0,97
4;BankAccountv2;pair;297;19;30;119;401;100;0,16;0,21;3,66;0,35;55,39;56,39;4,92;4,38
4;BankAccountv2;state;298;16;26;8;24;100;0,16;0,2;0;0,03;56,39;56,39;0,49;0,39
4;BankAccountv2;transition;298;16;26;10;26;100;0,14;0,29;0;0,04;57,39;57,39;0,62;0,48
4;BankAccountv2;pair;298;16;26;107;316;100;0,18;0,15;1,6;0,28;58,39;58,39;2,64;2,21
4;BankAccountv2;state;299;19;29;8;28;100;0,16;0,2;0;0,03;59,39;59,39;0,47;0,39
4;BankAccountv2;transition;299;19;29;10;29;100;0,17;0,49;0;0,07;59,39;59,39;0,91;0,73
4;BankAccountv2;pair;299;19;29;90;338;100;0,2;0,13;1,58;0,39;61,39;61,39;2,88;2,29
4;BankAccountv2;state;300;15;23;7;22;100;0,13;0,16;0;0,02;61,39;61,39;0,4;0,32
4;BankAccountv2;transition;300;15;23;9;23;100;0,12;0,26;0;0,07;62,39;62,39;0,55;0,46
4;BankAccountv2;pair;300;15;23;81;248;100;0,15;0,14;1,24;0,21;63,39;63,39;2,08;1,74
4;BankAccountv2;state;301;20;30;8;28;100;0,18;0,19;0;0,03;63,39;64,39;0,51;0,41
4;BankAccountv2;transition;301;20;30;11;30;100;0,23;0,47;0;0,05;64,39;64,39;0,86;0,75
4;BankAccountv2;pair;301;20;30;122;438;100;0,15;0,14;2,37;0,54;66,39;66,39;3,72;3,2
4;BankAccountv2;state;302;18;27;7;24;100;0,16;0,19;0;0,03;67,39;67,39;0,46;0,39
4;BankAccountv2;transition;302;18;27;10;27;100;0,13;0,31;0;0,04;67,39;67,39;0,57;0,48
4;BankAccountv2;pair;302;18;27;107;361;100;0,19;0,16;2,06;0,3;68,39;69,39;3,18;2,71
4;BankAccountv2;state;303;17;27;8;25;100;0,16;0,18;0;0,03;69,39;69,39;0,45;0,37
4;BankAccountv2;transition;303;17;27;11;27;100;0,13;0,36;0;0,05;70,39;70,39;0,67;0,53
4;BankAccountv2;pair;303;17;27;120;351;100;0,2;0,16;1,96;0,38;71,39;72,39;3,26;2,7
4;BankAccountv2;state;304;18;26;7;27;100;0,12;0,15;0;0,03;72,39;72,39;0,4;0,3
4;BankAccountv2;transition;304;18;26;8;26;100;0,1;0,29;0;0,04;72,39;72,39;0,51;0,42
4;BankAccountv2;pair;304;18;26;56;233;100;0,1;0,15;1,33;0,19;73,39;73,39;2,09;1,77
4;BankAccountv2;state;305;10;14;4;14;100;0,14;0,15;0;0,02;74,39;74,39;0,45;0,32
4;BankAccountv2;transition;305;10;14;4;14;100;0,12;0,25;0;0,02;74,39;74,39;0,51;0,4
4;BankAccountv2;pair;305;10;14;11;41;100;0,14;0,07;0,24;0,05;74,39;74,39;0,78;0,5
4;BankAccountv2;state;306;16;26;8;26;100;0,14;0,26;0;0,04;75,39;75,39;0,53;0,44
4;BankAccountv2;transition;306;16;26;10;26;100;0,09;0,25;0;0,04;75,39;75,39;0,46;0,38
4;BankAccountv2;pair;306;16;26;91;280;100;0,09;0,11;1,23;0,27;76,39;76,39;2,05;1,71
4;BankAccountv2;state;307;14;24;7;21;100;0,11;0,13;0;0,02;77,39;77,39;0,34;0,27
4;BankAccountv2;transition;307;14;24;9;24;100;0,09;0,29;0;0,06;77,39;77,39;0,56;0,44
4;BankAccountv2;pair;307;14;24;81;242;100;0,14;0,14;1,38;0,44;78,39;78,39;2,55;2,1
4;BankAccountv2;state;308;19;28;8;29;100;0,18;0,24;0;0,04;79,39;79,39;0,57;0,46
4;BankAccountv2;transition;308;19;28;9;28;100;0,14;0,28;0;0,04;79,39;79,39;0,56;0,46
4;BankAccountv2;pair;308;19;28;80;305;100;0,1;0,12;1,5;0,28;80,39;81,39;2,32;1,99
4;BankAccountv2;state;309;14;21;7;23;100;0,1;0,13;0;0,03;81,39;81,39;0,33;0,25
4;BankAccountv2;transition;309;14;21;7;21;100;0,08;0,24;0;0,03;81,39;81,39;0,44;0,35
4;BankAccountv2;pair;309;14;21;45;141;100;0,09;0,08;0,54;0,16;82,39;82,39;1,13;0,86
4;BankAccountv2;state;310;18;27;7;25;100;0,15;0,16;0;0,04;82,39;82,39;0,44;0,35
4;BankAccountv2;transition;310;18;27;9;27;100;0,12;0,28;0;0,04;83,39;83,39;0,55;0,44
4;BankAccountv2;pair;310;18;27;76;269;100;0,2;0,14;1,48;0,22;84,39;84,39;2,41;2,05
4;BankAccountv2;state;311;16;23;6;22;100;0,15;0,2;0;0,05;84,39;84,39;0,53;0,39
4;BankAccountv2;transition;311;16;23;7;23;100;0,1;0,26;0;0,03;85,39;85,39;0,47;0,38
4;BankAccountv2;pair;311;16;23;43;168;100;0,09;0,08;0,63;0,14;85,39;86,39;1,2;0,94
4;BankAccountv2;state;312;11;17;4;14;100;0,11;0,13;0;0,02;86,39;86,39;0,34;0,26
4;BankAccountv2;transition;312;11;17;6;17;100;0,14;0,2;0;0,02;86,39;86,39;0,44;0,36
4;BankAccountv2;pair;312;11;17;31;100;100;0,09;0,08;0,55;0,1;87,39;87,39;1,09;0,82
4;BankAccountv2;state;313;18;28;7;25;100;0,15;0,2;0;0,03;87,39;87,39;0,46;0,38
4;BankAccountv2;transition;313;18;28;10;28;100;0,13;0,32;0;0,04;88,39;88,39;0,58;0,49
4;BankAccountv2;pair;313;18;28;86;301;100;0,16;0,17;1,64;0,25;89,39;89,39;2,76;2,22
4;BankAccountv2;state;314;18;26;7;25;100;0,23;0,28;0;0,04;90,39;90,39;0,67;0,55
4;BankAccountv2;transition;314;18;26;9;26;100;0,21;0,45;0;0,05;90,39;90,39;0,87;0,71
4;BankAccountv2;pair;314;18;26;80;302;100;0,19;0,14;1,72;0,33;91,39;92,39;2,89;2,38
4;BankAccountv2;state;315;19;31;8;27;100;0,19;0,17;0;0,04;92,39;92,39;0,51;0,39
4;BankAccountv2;transition;315;19;31;11;31;100;0,1;0,31;0;0,05;92,39;92,39;0,56;0,46
4;BankAccountv2;pair;315;19;31;114;387;100;0,12;0,14;2,5;0,51;94,39;94,39;3,8;3,27
4;BankAccountv2;state;316;14;21;6;20;100;0,25;0,32;0;0,04;95,39;95,39;0,79;0,62
4;BankAccountv2;transition;316;14;21;8;21;100;0,25;0,54;0;0,05;95,39;95,39;1,01;0,84
4;BankAccountv2;pair;316;14;21;55;172;100;0,23;0,11;0,95;0,23;96,39;96,39;1,97;1,52
4;BankAccountv2;state;317;20;30;8;28;100;0,29;0,32;0;0,08;96,39;96,39;0,83;0,7
4;BankAccountv2;transition;317;20;30;11;30;100;0,25;0,53;0;0,12;97,39;97,39;1,11;0,89
4;BankAccountv2;pair;317;20;30;122;438;100;0,37;0,22;3,97;0,61;99,39;99,39;6,85;5,17
4;BankAccountv2;state;318;15;23;8;25;100;0,18;0,23;0;0,05;99,39;99,39;0,59;0,46
4;BankAccountv2;transition;318;15;23;8;23;100;0,16;0,4;0;0,06;100,39;100,39;0,78;0,62
4;BankAccountv2;pair;318;15;23;67;197;100;0,19;0,16;1,41;0,26;101,39;101,39;2,46;2,03
4;BankAccountv2;state;319;12;18;5;16;100;0,2;0,23;0;0,03;101,39;101,39;0,64;0,47
4;BankAccountv2;transition;319;12;18;7;18;100;0,23;0,44;0;0,04;101,39;101,39;0,86;0,71
4;BankAccountv2;pair;319;12;18;50;154;100;0,17;0,1;0,91;0,19;102,39;102,39;1,81;1,38
4;BankAccountv2;state;320;12;17;5;17;100;0,19;0,23;0;0,03;103,39;103,39;0,57;0,44
4;BankAccountv2;transition;320;12;17;6;17;100;0,16;0,38;0;0,03;103,39;103,39;0,72;0,57
4;BankAccountv2;pair;320;12;17;24;82;100;0,19;0,11;0,47;0,09;103,39;104,39;1,28;0,86
4;BankAccountv2;state;321;14;19;4;17;100;0,18;0,24;0;0,03;104,39;104,39;0,58;0,46
4;BankAccountv2;transition;321;14;19;6;19;100;0,2;0,45;0;0,04;104,39;104,39;0,84;0,69
4;BankAccountv2;pair;321;14;19;27;118;100;0,47;0,09;0,65;0,13;105,39;105,39;1,76;1,34
4;BankAccountv2;state;322;16;26;8;26;100;0,18;0,28;0;0,07;105,39;105,39;0,68;0,53
4;BankAccountv2;transition;322;16;26;10;26;100;0,16;0,44;0;0,07;106,39;106,39;0,85;0,67
4;BankAccountv2;pair;322;16;26;91;280;100;0,16;0,21;1,76;0,42;107,39;107,39;3,19;2,55
4;BankAccountv2;state;323;15;23;7;22;100;0,23;0,27;0;0,05;107,39;107,39;0,72;0,55
4;BankAccountv2;transition;323;15;23;9;23;100;0,2;0,43;0;0,08;108,39;108,39;0,89;0,7
4;BankAccountv2;pair;323;15;23;73;212;100;0,21;0,14;1,26;0,28;109,39;109,39;2,42;1,89
4;BankAccountv2;state;324;16;26;8;24;100;0,21;0,27;0;0,05;109,39;109,39;0,64;0,53
4;BankAccountv2;transition;324;16;26;10;26;100;0,25;0,5;0;0,08;110,39;110,39;0,99;0,82
4;BankAccountv2;pair;324;16;26;107;316;100;0,24;0,2;2,25;0,46;111,39;112,39;3,8;3,15
4;BankAccountv2;state;325;16;25;8;24;100;0,24;0,3;0;0,05;112,39;112,39;0,74;0,59
4;BankAccountv2;transition;325;16;25;10;25;100;0,21;0,4;0;0,05;112,39;112,39;0,79;0,66
4;BankAccountv2;pair;325;16;25;107;310;100;0,25;0,16;2,4;0,54;114,39;114,39;4,01;3,35
4;BankAccountv2;state;326;21;33;9;30;100;0,32;0,38;0;0,07;114,39;114,39;0,93;0,77
4;BankAccountv2;transition;326;21;33;12;33;100;0,27;0,6;0;0,1;115,39;115,39;1,15;0,97
4;BankAccountv2;pair;326;21;33;157;542;100;0,26;0,29;5,21;1,03;117,39;118,39;7,72;6,79
4;BankAccountv2;state;327;20;31;9;30;100;0,28;0,35;0;0,07;118,39;118,39;0,84;0,69
4;BankAccountv2;transition;327;20;31;11;31;100;0,27;0,59;0;0,09;118,39;119,39;1,15;0,94
4;BankAccountv2;pair;327;20;31;120;423;100;0,24;0,21;3,09;0,52;120,39;121,39;4,76;4,06
4;BankAccountv2;state;328;17;28;8;27;100;0,18;0,24;0;0,05;121,39;121,39;0,66;0,48
4;BankAccountv2;transition;328;17;28;11;28;100;0,15;0,42;0;0,06;121,39;121,39;0,82;0,63
4;BankAccountv2;pair;328;17;28;99;304;100;0,17;0,17;1,61;0,27;123,39;123,39;2,63;2,22
4;BankAccountv2;state;329;13;20;6;18;100;0,2;0,23;0;0,04;123,39;123,39;0,6;0,47
4;BankAccountv2;transition;329;13;20;8;20;100;0,2;0,4;0;0,04;124,39;124,39;0,77;0,64
4;BankAccountv2;pair;329;13;20;69;197;100;0,29;0,13;0,98;0,28;124,39;125,39;2,24;1,69
4;BankAccountv2;state;330;12;18;5;16;100;0,18;0,27;0;0,04;125,39;125,39;0,93;0,5
4;BankAccountv2;transition;330;12;18;7;18;100;0,18;0,38;0;0,04;125,39;125,39;0,73;0,6
4;BankAccountv2;pair;330;12;18;47;142;100;0,21;0,09;0,66;0,14;126,39;126,39;1,47;1,11
4;BankAccountv2;state;331;18;28;7;24;100;0,15;0,23;0;0,03;127,39;127,39;0,5;0,42
4;BankAccountv2;transition;331;18;28;10;28;100;0,13;0,38;0;0,05;127,39;127,39;0,65;0,56
4;BankAccountv2;pair;331;18;28;102;347;100;0,15;0,17;1,83;0,29;128,39;129,39;2,97;2,44
4;BankAccountv2;state;332;18;29;7;25;100;0,12;0,15;0;0,03;129,39;129,39;0,39;0,31
4;BankAccountv2;transition;332;18;29;10;29;100;0,1;0,38;0;0,06;130,39;130,39;0,66;0,54
4;BankAccountv2;pair;332;18;29;89;325;100;0,11;0,13;1,8;0,41;131,39;132,39;2,97;2,44
4;BankAccountv2;state;333;11;16;5;16;100;0,18;0,13;0;0,02;132,39;132,39;0,42;0,32
4;BankAccountv2;transition;333;11;16;5;16;100;0,08;0,18;0;0,02;132,39;132,39;0,36;0,28
4;BankAccountv2;pair;333;11;16;25;82;100;0,07;0,06;0,38;0,1;132,39;133,39;0,87;0,61
4;BankAccountv2;state;334;16;23;5;20;100;0,21;0,23;0;0,04;133,39;133,39;0,59;0,48
4;BankAccountv2;transition;334;16;23;8;23;100;0,37;0,4;0;0,05;133,39;133,39;0,95;0,82
4;BankAccountv2;pair;334;16;23;55;215;100;0,21;0,11;0,96;0,23;134,39;135,39;2;1,52
4;BankAccountv2;state;335;17;27;8;25;100;0,24;0,27;0;0,04;135,39;135,39;0,66;0,55
4;BankAccountv2;transition;335;17;27;11;27;100;0,19;0,59;0;0,08;135,39;135,39;1,01;0,86
4;BankAccountv2;pair;335;17;27;115;331;100;0,26;0,21;2,48;0,57;137,39;137,39;4,24;3,52
4;BankAccountv2;state;336;16;23;6;22;100;0,23;0,27;0;0,04;137,39;137,39;0,71;0,55
4;BankAccountv2;transition;336;16;23;7;23;100;0,19;0,45;0;0,06;138,39;138,39;0,86;0,69
4;BankAccountv2;pair;336;16;23;43;168;100;0,2;0,14;1,06;0,25;138,39;139,39;2,16;1,66
4;BankAccountv2;state;337;16;25;8;26;100;0,21;0,3;0;0,06;139,39;139,39;0,72;0,57
4;BankAccountv2;transition;337;16;25;9;25;100;0,2;0,48;0;0,06;139,39;139,39;0,92;0,74
4;BankAccountv2;pair;337;16;25;79;236;100;0,19;0,2;1,68;0,39;140,39;141,39;3,03;2,45
4;BankAccountv2;state;338;18;28;7;25;100;0,23;0,3;0;0,08;141,39;141,39;0,76;0,61
4;BankAccountv2;transition;338;18;28;10;28;100;0,21;0,52;0;0,08;141,39;141,39;0,99;0,8
4;BankAccountv2;pair;338;18;28;89;319;100;0,21;0,22;3,27;0,48;142,39;143,39;4,9;4,18
4;BankAccountv2;state;339;15;21;5;19;100;0,31;0,32;0;0,04;143,39;143,39;0,84;0,67
4;BankAccountv2;transition;339;15;21;7;21;100;0,23;0,48;0;0,05;143,39;144,39;0,96;0,77
4;BankAccountv2;pair;339;15;21;46;177;100;0,23;0,13;1,09;0,29;144,39;145,39;2,29;1,74
4;BankAccountv2;state;340;19;28;8;29;100;0,22;0,34;0;0,06;145,39;145,39;0,78;0,62
4;BankAccountv2;transition;340;19;28;9;28;100;0,21;0,49;0;0,07;145,39;145,39;0,95;0,77
4;BankAccountv2;pair;340;19;28;80;305;100;0,21;0,21;2,36;0,46;146,39;147,39;3,91;3,23
4;BankAccountv2;state;341;17;26;6;23;100;0,23;0,28;0;0,04;147,39;147,39;0,72;0,56
4;BankAccountv2;transition;341;17;26;9;26;100;0,2;0,48;0;0,07;147,39;147,39;0,94;0,75
4;BankAccountv2;pair;341;17;26;63;245;100;0,22;0,17;1,69;0,37;148,39;149,39;3,22;2,45
4;BankAccountv2;state;342;16;25;8;26;100;0,23;0,36;0;0,05;149,39;149,39;0,79;0,65
4;BankAccountv2;transition;342;16;25;9;25;100;0,19;0,43;0;0,04;149,39;149,39;0,78;0,65
4;BankAccountv2;pair;342;16;25;78;232;100;0,1;0,11;0,95;0,2;150,39;151,39;1,66;1,37
4;BankAccountv2;state;343;17;25;7;24;100;0,11;0,19;0;0,06;151,39;151,39;0,49;0,36
4;BankAccountv2;transition;343;17;25;8;25;100;0,1;0,25;0;0,04;151,39;151,39;0,47;0,38
4;BankAccountv2;pair;343;17;25;67;239;100;0,09;0,13;0,94;0,19;152,39;152,39;1,62;1,35
4;BankAccountv2;state;344;17;25;6;22;100;0,15;0,18;0;0,02;153,39;153,39;0,43;0,35
4;BankAccountv2;transition;344;17;25;9;25;100;0,13;0,38;0;0,04;153,39;153,39;0,69;0,54
4;BankAccountv2;pair;344;17;25;76;266;100;0,13;0,11;1,13;0,22;154,39;155,39;1,91;1,58
4;BankAccountv2;state;345;19;28;8;27;100;0,32;0,43;0;0,05;155,39;155,39;0,95;0,8
4;BankAccountv2;transition;345;19;28;10;28;100;0,23;0,37;0;0,04;155,39;156,39;0,77;0,64
4;BankAccountv2;pair;345;19;28;105;370;100;0,15;0,13;2,95;0,48;157,39;157,39;4,54;3,72
4;BankAccountv2;state;346;14;22;6;20;100;0,24;0,24;0;0,04;158,39;158,39;0,65;0,51
4;BankAccountv2;transition;346;14;22;8;22;100;0,19;0,4;0;0,04;158,39;158,39;0,8;0,64
4;BankAccountv2;pair;346;14;22;52;163;100;0,21;0,14;1,08;0,15;159,39;159,39;1,99;1,58
4;BankAccountv2;state;347;13;20;6;19;100;0,14;0,17;0;0,03;159,39;159,39;0,45;0,35
4;BankAccountv2;transition;347;13;20;7;20;100;0,2;0,53;0;0,06;160,39;160,39;0,98;0,79
4;BankAccountv2;pair;347;13;20;43;131;100;0,16;0,1;0,53;0,13;160,39;160,39;1,26;0,93
4;BankAccountv2;state;348;19;30;8;27;100;0,22;0,36;0;0,08;161,39;161,39;0,83;0,65
4;BankAccountv2;transition;348;19;30;11;30;100;0,25;0,46;0;0,07;161,39;161,39;0,96;0,77
4;BankAccountv2;pair;348;19;30;114;381;100;0,16;0,18;2,56;0,55;162,39;163,39;3,92;3,45
4;BankAccountv2;state;349;17;25;6;22;100;0,3;0,24;0;0,03;163,39;163,39;0,67;0,57
4;BankAccountv2;transition;349;17;25;9;25;100;0,13;0,29;0;0,04;164,39;164,39;0,55;0,45
4;BankAccountv2;pair;349;17;25;79;284;100;0,13;0,11;2,1;0,31;165,39;165,39;3,05;2,64
4;BankAccountv2;state;350;19;30;8;27;100;0,28;0,2;0;0,04;166,39;166,39;0,64;0,51
4;BankAccountv2;transition;350;19;30;11;30;100;0,1;0,29;0;0,05;166,39;166,39;0,53;0,44
4;BankAccountv2;pair;350;19;30;114;381;100;0,1;0,14;1,72;0,34;167,39;168,39;2,7;2,3
4;BankAccountv2;state;351;17;26;6;23;100;0,15;0,16;0;0,02;168,39;168,39;0,41;0,33
4;BankAccountv2;transition;351;17;26;9;26;100;0,12;0,29;0;0,04;169,39;169,39;0,53;0,45
4;BankAccountv2;pair;351;17;26;61;232;100;0,13;0,1;1;0,17;170,39;170,39;1,72;1,41
4;BankAccountv2;state;352;15;24;7;23;100;0,17;0,15;0;0,03;170,39;170,39;0,43;0,35
4;BankAccountv2;transition;352;15;24;9;24;100;0,11;0,25;0;0,03;171,39;171,39;0,48;0,4
4;BankAccountv2;pair;352;15;24;57;178;100;0,19;0,1;0,65;0,14;171,39;172,39;1,38;1,08
4;BankAccountv2;state;353;18;27;7;26;100;0,14;0,19;0;0,03;172,39;172,39;0,45;0,37
4;BankAccountv2;transition;353;18;27;9;27;100;0,19;0,39;0;0,05;172,39;173,39;0,78;0,64
4;BankAccountv2;pair;353;18;27;64;261;100;0,2;0,15;1,28;0,3;174,39;174,39;2,43;1,93
4;BankAccountv2;state;354;13;21;5;17;100;0,19;0,2;0;0,04;174,39;174,39;0,55;0,43
4;BankAccountv2;transition;354;13;21;8;21;100;0,16;0,43;0;0,04;175,39;175,39;0,77;0,63
4;BankAccountv2;pair;354;13;21;52;157;100;0,17;0,12;0,73;0,14;175,39;176,39;1,48;1,16
4;BankAccountv2;state;355;10;14;4;14;100;0,08;0,09;0;0,01;176,39;176,39;0,25;0,19
4;BankAccountv2;transition;355;10;14;4;14;100;0,07;0,17;0;0,02;176,39;176,39;0,33;0,26
4;BankAccountv2;pair;355;10;14;11;41;100;0,07;0,05;0,15;0,03;176,39;176,39;0,45;0,3
4;BankAccountv2;state;356;16;26;8;25;100;0,33;0,25;0;0,03;177,39;177,39;0,74;0,61
4;BankAccountv2;transition;356;16;26;10;26;100;0,21;0,41;0;0,06;177,39;177,39;0,86;0,69
4;BankAccountv2;pair;356;16;26;83;244;100;0,22;0,16;1,58;0,33;178,39;179,39;2,86;2,29
4;BankAccountv2;state;357;14;21;6;20;100;0,21;0,25;0;0,03;179,39;179,39;0,6;0,49
4;BankAccountv2;transition;357;14;21;8;21;100;0,18;0,34;0;0,04;179,39;179,39;0,7;0,56
4;BankAccountv2;pair;357;14;21;49;151;100;0,17;0,11;0,77;0,17;180,39;180,39;1,65;1,21
4;BankAccountv2;state;358;21;33;9;31;100;0,23;0,3;0;0,05;181,39;181,39;0,7;0,58
4;BankAccountv2;transition;358;21;33;12;33;100;0,35;0,59;0;0,09;181,39;181,39;1,21;1,03
4;BankAccountv2;pair;358;21;33;126;439;100;0,23;22,17;2,37;0,6;182,39;6,35;26,07;25,37
4;BankAccountv2;state;359;17;28;9;28;100;0,19;0,2;0;0,04;7,35;7,35;0,55;0,43
4;BankAccountv2;transition;359;17;28;11;28;100;0,1;0,27;0;0,05;7,35;7,35;0,51;0,42
4;BankAccountv2;pair;359;17;28;119;347;100;0,16;0,17;2,35;0,51;8,35;9,35;3,76;3,19
4;BankAccountv2;state;360;16;25;7;23;100;0,25;0,26;0;0,04;9,35;9,35;0,66;0,55
4;BankAccountv2;transition;360;16;25;10;25;100;0,2;0,45;0;0,08;10,35;10,35;0,91;0,73
4;BankAccountv2;pair;360;16;25;89;272;100;0,2;0,16;1,56;0,5;11,35;11,35;2,94;2,42
4;BankAccountv2;state;361;9;12;3;11;100;0,16;0,19;0;0,02;11,35;11,35;0,55;0,38
4;BankAccountv2;transition;361;9;12;4;12;100;0,14;0,28;0;0,07;12,35;12,35;0,63;0,49
4;BankAccountv2;pair;361;9;12;11;39;100;0,12;0,05;0,18;0,05;12,35;12,35;0,67;0,4
4;BankAccountv2;state;362;14;21;7;23;100;0,14;0,2;0;0,04;12,35;12,35;0,49;0,38
4;BankAccountv2;transition;362;14;21;7;21;100;0,13;0,34;0;0,03;13,35;13,35;0,62;0,5
4;BankAccountv2;pair;362;14;21;48;153;100;0,13;0,1;0,77;0,21;13,35;14,35;1,58;1,22
4;BankAccountv2;state;363;18;27;7;25;100;0,16;0,22;0;0,04;14,35;14,35;0,54;0,42
4;BankAccountv2;transition;363;18;27;9;27;100;0,15;0,4;0;0,07;14,35;14,35;0,83;0,62
4;BankAccountv2;pair;363;18;27;76;269;100;0,19;0,16;1,77;0,35;15,35;16,35;3,11;2,47
4;BankAccountv2;state;364;18;26;7;25;100;0,22;0,3;0;0,06;16,35;16,35;0,72;0,57
4;BankAccountv2;transition;364;18;26;9;26;100;0,23;0,49;0;0,07;16,35;16,35;0,95;0,78
4;BankAccountv2;pair;364;18;26;80;302;100;0,22;0,15;2,01;0,33;18,35;18,35;3,28;2,71
4;BankAccountv2;state;365;13;19;6;19;100;0,2;0,21;0;0,03;18,35;18,35;0,56;0,44
4;BankAccountv2;transition;365;13;19;7;19;100;0,17;0,34;0;0,04;19,35;19,35;0,7;0,55
4;BankAccountv2;pair;365;13;19;43;138;100;0,17;0,1;0,69;0,16;19,35;19,35;1,52;1,12
4;BankAccountv2;state;366;11;17;4;14;100;0,16;0,18;0;0,02;20,35;20,35;0,47;0,36
4;BankAccountv2;transition;366;11;17;6;17;100;0,16;0,3;0;0,03;20,35;20,35;0,64;0,5
4;BankAccountv2;pair;366;11;17;31;100;100;0,15;0,09;0,51;0,11;21,35;21,35;1,19;0,86
4;BankAccountv2;state;367;17;25;6;22;100;0,2;0,24;0;0,03;21,35;21,35;0,57;0,47
4;BankAccountv2;transition;367;17;25;9;25;100;0,19;0,39;0;0,06;21,35;22,35;0,76;0,63
4;BankAccountv2;pair;367;17;25;76;266;100;0,21;0,13;1,49;0,35;23,35;23,35;2,7;2,18
4;BankAccountv2;state;368;19;28;7;26;100;0,23;0,25;0;0,04;23,35;23,35;0,64;0,53
4;BankAccountv2;transition;368;19;28;10;28;100;0,23;0,49;0;0,08;24,35;24,35;0,96;0,79
4;BankAccountv2;pair;368;19;28;91;348;100;0,21;0,16;2,95;0,4;25,35;26,35;4,34;3,71
4;BankAccountv2;state;369;14;21;7;23;100;0,12;0,21;0;0,04;26,35;26,35;0,51;0,37
4;BankAccountv2;transition;369;14;21;7;21;100;0,14;0,28;0;0,03;26,35;26,35;0,61;0,46
4;BankAccountv2;pair;369;14;21;45;141;100;0,13;0,1;0,71;0,26;27,35;27,35;1,58;1,19
4;BankAccountv2;state;370;15;23;8;25;100;0,16;0,22;0;0,05;27,35;27,35;0,54;0,42
4;BankAccountv2;transition;370;15;23;8;23;100;0,15;0,34;0;0,04;28,35;28,35;0,67;0,54
4;BankAccountv2;pair;370;15;23;70;209;100;0,15;0,14;1,26;0,29;28,35;29,35;2,36;1,84
4;BankAccountv2;state;371;15;21;5;20;100;0,12;0,13;0;0,03;29,35;29,35;0,4;0,28
4;BankAccountv2;transition;371;15;21;6;21;100;0,14;0,34;0;0,05;29,35;29,35;0,69;0,53
4;BankAccountv2;pair;371;15;21;28;125;100;0,18;0,13;0,97;0,2;30,35;30,35;1,96;1,48
4;BankAccountv2;state;372;13;19;6;19;100;0,24;0,29;0;0,04;30,35;30,35;0,71;0,57
4;BankAccountv2;transition;372;13;19;7;19;100;0,22;0,44;0;0,05;31,35;31,35;0,89;0,71
4;BankAccountv2;pair;372;13;19;49;152;100;0,24;0,15;1,15;0,26;31,35;32,35;2,35;1,8
4;BankAccountv2;state;373;18;30;9;29;100;0,23;0,33;0;0,07;32,35;32,35;0,8;0,64
4;BankAccountv2;transition;373;18;30;12;30;100;0,26;0,57;0;0,09;32,35;32,35;1,12;0,92
4;BankAccountv2;pair;373;18;30;132;388;100;0,18;0,2;2,74;0,62;34,35;34,35;4,43;3,73
4;BankAccountv2;state;374;18;28;7;25;100;0,21;0,25;0;0,04;35,35;35,35;0,64;0,5
4;BankAccountv2;transition;374;18;28;10;28;100;0,2;0,59;0;0,1;35,35;35,35;1,08;0,89
4;BankAccountv2;pair;374;18;28;89;319;100;0,22;0,23;2,82;0,57;36,35;37,35;4,64;3,85
4;BankAccountv2;state;375;17;26;6;23;100;0,33;0,36;0;0,05;37,35;37,35;0,92;0,74
4;BankAccountv2;transition;375;17;26;9;26;100;0,46;0,5;0;0,05;37,35;37,35;1,18;1,01
4;BankAccountv2;pair;375;17;26;58;220;100;0,22;0,13;1,36;0,25;38,35;39,35;2,46;1,96
4;BankAccountv2;state;376;18;30;9;29;100;0,17;0,24;0;0,05;39,35;39,35;0,57;0,46
4;BankAccountv2;transition;376;18;30;12;30;100;0,16;0,38;0;0,06;39,35;39,35;0,74;0,59
4;BankAccountv2;pair;376;18;30;127;368;100;0,15;0,19;2,45;0,47;41,35;41,35;3,75;3,27
4;BankAccountv2;state;377;11;17;4;14;100;0,18;0,19;0;0,04;41,35;42,35;0,54;0,4
4;BankAccountv2;transition;377;11;17;6;17;100;0,15;0,28;0;0,03;42,35;42,35;0,6;0,47
4;BankAccountv2;pair;377;11;17;29;93;100;0,14;0,07;0,37;0,08;42,35;42,35;0,94;0,66
4;BankAccountv2;state;378;9;12;3;11;100;0,09;0,1;0;0,01;43,35;43,35;0,27;0,2
4;BankAccountv2;transition;378;9;12;4;12;100;0,08;0,15;0;0,01;43,35;43,35;0,31;0,24
4;BankAccountv2;pair;378;9;12;11;39;100;0,08;0,06;0,26;0,06;43,35;43,35;0,69;0,45
4;BankAccountv2;state;379;20;30;8;28;100;0,38;0,44;0;0,05;44,35;44,35;1,05;0,87
4;BankAccountv2;transition;379;20;30;11;30;100;0,22;0,52;0;0,07;44,35;44,35;0,98;0,82
4;BankAccountv2;pair;379;20;30;118;412;100;0,22;0,23;3,38;0,82;46,35;46,35;5,49;4,65
4;BankAccountv2;state;380;14;21;7;23;100;0,24;0,27;0;0,05;47,35;47,35;0,74;0,56
4;BankAccountv2;transition;380;14;21;7;21;100;0,18;0,42;0;0,05;47,35;47,35;0,85;0,66
4;BankAccountv2;pair;380;14;21;48;153;100;0,19;0,15;1,12;0,25;48,35;48,35;2,2;1,71
4;BankAccountv2;state;381;13;19;6;21;100;0,18;0,24;0;0,04;48,35;48,35;0,62;0,47
4;BankAccountv2;transition;381;13;19;6;19;100;0,17;0,38;0;0,03;48,35;48,35;0,74;0,59
4;BankAccountv2;pair;381;13;19;25;88;100;0,14;0,09;0,41;0,13;49,35;49,35;1,13;0,78
4;BankAccountv2;state;382;16;26;8;26;100;0,18;0,27;0;0,06;49,35;49,35;0,65;0,51
4;BankAccountv2;transition;382;16;26;10;26;100;0,14;0,43;0;0,04;50,35;50,35;0,74;0,62
4;BankAccountv2;pair;382;16;26;91;280;100;0,1;0,15;1,66;0,42;51,35;51,35;2,79;2,32
4;BankAccountv2;state;383;15;23;7;22;100;0,18;0,22;0;0,04;51,35;51,35;0,58;0,44
4;BankAccountv2;transition;383;15;23;9;23;100;0,18;0,38;0;0,06;52,35;52,35;0,79;0,62
4;BankAccountv2;pair;383;15;23;81;248;100;0,19;0,14;1,73;0,34;53,35;53,35;2,9;2,4
4;BankAccountv2;state;384;22;34;9;31;100;0,39;0,36;0;0,07;54,35;54,35;1;0,82
4;BankAccountv2;transition;384;22;34;13;34;100;0,27;0,72;0;0,11;54,35;54,35;1,3;1,1
4;BankAccountv2;pair;384;22;34;168;568;100;0,26;0,26;4,97;1,16;56,35;57,35;7,79;6,65
4;BankAccountv2;state;385;15;21;5;19;100;0,22;0,27;0;0,03;57,35;57,35;0,67;0,52
4;BankAccountv2;transition;385;15;21;7;21;100;0,31;0,62;0;0,04;58,35;58,35;1,14;0,97
4;BankAccountv2;pair;385;15;21;46;177;100;0,17;0,1;0,9;0,34;59,35;59,35;2,24;1,51
4;BankAccountv2;state;386;19;29;8;28;100;0,21;0,27;0;0,06;59,35;59,35;0,67;0,54
4;BankAccountv2;transition;386;19;29;10;29;100;0,2;0,51;0;0,1;60,35;60,35;1;0,8
4;BankAccountv2;pair;386;19;29;90;338;100;0,32;0,2;2,57;0,61;61,35;61,35;4,68;3,7
4;BankAccountv2;state;387;14;19;4;17;100;0,27;0,3;0;0,04;62,35;62,35;0,78;0,61
4;BankAccountv2;transition;387;14;19;6;19;100;0,24;0,46;0;0,06;62,35;62,35;0,97;0,77
4;BankAccountv2;pair;387;14;19;29;125;100;0,28;0,1;0,7;0,15;63,35;63,35;1,67;1,24
4;BankAccountv2;state;388;16;23;6;22;100;0,1;0,13;0;0,02;63,35;63,35;0,34;0,26
4;BankAccountv2;transition;388;16;23;7;23;100;0,14;0,35;0;0,05;63,35;63,35;0,66;0,53
4;BankAccountv2;pair;388;16;23;46;180;100;0,16;0,12;1,02;0,22;64,35;64,35;1,89;1,51
4;BankAccountv2;state;389;15;25;7;22;100;0,16;0,21;0;0,04;65,35;65,35;0,53;0,41
4;BankAccountv2;transition;389;15;25;10;25;100;0,15;0,36;0;0,07;65,35;65,35;0,72;0,58
4;BankAccountv2;pair;389;15;25;91;267;100;0,14;0,14;1,72;0,42;66,35;66,35;2,88;2,41
4;BankAccountv2;state;390;19;30;7;26;100;0,21;0,21;0;0,05;67,35;67,35;0,59;0,47
4;BankAccountv2;transition;390;19;30;11;30;100;0,16;0,43;0;0,11;67,35;67,35;0,86;0,7
4;BankAccountv2;pair;390;19;30;97;346;100;0,16;0,2;2,53;0,48;68,35;69,35;3,95;3,37
4;BankAccountv2;state;391;20;31;8;29;100;0,24;0,29;0;0,06;69,35;69,35;0,71;0,59
4;BankAccountv2;transition;391;20;31;11;31;100;0,21;0,56;0;0,07;70,35;70,35;1,03;0,84
4;BankAccountv2;pair;391;20;31;99;369;100;0,22;0,17;2,57;0,5;71,35;72,35;4,07;3,47
4;BankAccountv2;state;392;14;19;4;17;100;0,19;0,2;0;0,03;72,35;72,35;0,55;0,42
4;BankAccountv2;transition;392;14;19;6;19;100;0,23;0,35;0;0,05;72,35;72,35;0,78;0,63
4;BankAccountv2;pair;392;14;19;27;118;100;0,16;0,11;0,63;0,14;73,35;73,35;1,42;1,04
4;BankAccountv2;state;393;11;17;4;14;100;0,16;0,19;0;0,02;73,35;73,35;0,49;0,37
4;BankAccountv2;transition;393;11;17;6;17;100;0,14;0,31;0;0,04;74,35;74,35;0,62;0,49
4;BankAccountv2;pair;393;11;17;29;93;100;0,19;0,1;0,52;0,15;74,35;74,35;1,3;0,96
4;BankAccountv2;state;394;23;37;10;35;100;0,18;0,28;0;0,07;75,35;75,35;0,67;0,54
4;BankAccountv2;transition;394;23;37;14;37;100;0,17;0,54;0;0,1;75,35;75,35;0,98;0,82
4;BankAccountv2;pair;394;23;37;177;596;100;0,2;0,35;5,44;1,02;77,35;78,35;7,81;7,01
4;BankAccountv2;state;395;17;25;6;22;100;0,28;0,26;0;0,04;78,35;78,35;0,73;0,58
4;BankAccountv2;transition;395;17;25;9;25;100;0,22;0,51;0;0,08;79,35;79,35;0,98;0,81
4;BankAccountv2;pair;395;17;25;79;284;100;0,19;0,15;1,85;0,39;80,35;80,35;3,11;2,58
4;BankAccountv2;state;396;20;32;8;28;100;0,21;0,31;0;0,07;81,35;81,35;0,74;0,59
4;BankAccountv2;transition;396;20;32;12;32;100;0,18;0,47;0;0,09;81,35;81,35;0,9;0,74
4;BankAccountv2;pair;396;20;32;124;413;100;0,18;0,25;3,08;0,7;83,35;83,35;4,94;4,2
4;BankAccountv2;state;397;17;25;7;24;100;0,21;0,28;0;0,05;83,35;83,35;0,72;0,54
4;BankAccountv2;transition;397;17;25;8;25;100;0,18;0,39;0;0,06;84,35;84,35;0,81;0,63
4;BankAccountv2;pair;397;17;25;67;239;100;0,17;0,17;1,42;0,35;85,35;85,35;2,64;2,11
4;BankAccountv2;state;398;17;25;7;24;100;0,21;0,2;0;0,04;85,35;85,35;0,58;0,45
4;BankAccountv2;transition;398;17;25;8;25;100;0,16;0,35;0;0,05;86,35;86,35;0,68;0,55
4;BankAccountv2;pair;398;17;25;67;239;100;0,14;0,16;1,36;0,31;87,35;87,35;2,43;1,97
4;BankAccountv2;state;399;14;21;6;20;100;0,18;0,28;0;0,05;87,35;87,35;0,67;0,51
4;BankAccountv2;transition;399;14;21;8;21;100;0,19;0,32;0;0,04;88,35;88,35;0,7;0,55
4;BankAccountv2;pair;399;14;21;49;151;100;0,19;0,11;0,86;0,17;88,35;88,35;1,79;1,33
4;BankAccountv2;state;400;11;16;4;14;100;0,2;0,21;0;0,03;89,35;89,35;0,57;0,44
4;BankAccountv2;transition;400;11;16;6;16;100;0,17;0,33;0;0,04;89,35;89,35;0,7;0,54
4;BankAccountv2;pair;400;11;16;30;95;100;0,18;0,11;0,53;0,13;90,35;90,35;1,43;0,95
4;BankAccountv2;state;401;11;16;4;14;100;0,17;0,2;0;0,03;90,35;90,35;0,54;0,4
4;BankAccountv2;transition;401;11;16;6;16;100;0,16;0,3;0;0,03;90,35;90,35;0,63;0,49
4;BankAccountv2;pair;401;11;16;31;103;100;0,15;0,08;0,63;0,17;91,35;91,35;1,44;1,04
4;BankAccountv2;state;402;17;25;6;22;100;0,22;0,29;0;0,05;91,35;91,35;0,74;0,56
4;BankAccountv2;transition;402;17;25;9;25;100;0,18;0,51;0;0,07;92,35;92,35;0,94;0,76
4;BankAccountv2;pair;402;17;25;79;284;100;0,23;0,19;2,05;0,37;93,35;93,35;3,47;2,84
4;BankAccountv2;state;403;19;28;8;27;100;0,26;0,3;0;0,06;94,35;94,35;0,77;0,61
4;BankAccountv2;transition;403;19;28;10;28;100;0,24;0,49;0;0,1;94,35;94,35;1,01;0,83
4;BankAccountv2;pair;403;19;28;108;382;100;0,26;0,21;2,67;0,54;95,35;96,35;4,44;3,68
4;BankAccountv2;state;404;12;17;5;17;100;0,16;0,13;0;0,02;96,35;96,35;0,4;0,31
4;BankAccountv2;transition;404;12;17;6;17;100;0,1;0,27;0;0,03;97,35;97,35;0,53;0,4
4;BankAccountv2;pair;404;12;17;28;96;100;0,15;0,08;0,62;0,15;97,35;97,35;1,42;1,01
4;BankAccountv2;state;405;12;18;6;18;100;0,13;0,21;0;0,03;97,35;97,35;0,49;0,37
4;BankAccountv2;transition;405;12;18;6;18;100;0,12;0,24;0;0,03;98,35;98,35;0,51;0,39
4;BankAccountv2;pair;405;12;18;39;117;100;0,14;0,09;0,5;0,14;98,35;98,35;1,22;0,88
4;BankAccountv2;state;406;20;31;8;29;100;0,26;0,38;0;0,06;99,35;99,35;0,84;0,69
4;BankAccountv2;transition;406;20;31;11;31;100;0,28;0,6;0;0,06;99,35;99,35;1,1;0,94
4;BankAccountv2;pair;406;20;31;99;369;100;0,23;0,17;2,72;0,63;101,35;101,35;4,47;3,75
4;BankAccountv2;state;407;21;32;8;29;100;0,31;0,39;0;0,07;102,35;102,35;0,92;0,76
4;BankAccountv2;transition;407;21;32;12;32;100;0,31;0,71;0;0,12;102,35;102,35;1,33;1,13
4;BankAccountv2;pair;407;21;32;132;471;100;0,29;0,29;3,46;0,69;104,35;105,35;5,51;4,73
4;BankAccountv2;state;408;15;21;5;20;100;0,19;0,2;0;0,04;105,35;105,35;0,61;0,43
4;BankAccountv2;transition;408;15;21;6;21;100;0,16;0,32;0;0,04;105,35;105,35;0,65;0,51
4;BankAccountv2;pair;408;15;21;28;125;100;0,17;0,12;0,64;0,14;106,35;106,35;1,49;1,07
4;BankAccountv2;state;409;13;21;5;17;100;0,19;0,24;0;0,04;106,35;106,35;0,61;0,47
4;BankAccountv2;transition;409;13;21;8;21;100;0,18;0,41;0;0,06;106,35;107,35;0,82;0,64
4;BankAccountv2;pair;409;13;21;54;163;100;0,18;0,13;0,87;0,22;107,35;107,35;1,82;1,4
4;BankAccountv2;state;410;10;15;3;12;100;0,15;0,17;0;0,02;108,35;108,35;0,46;0,34
4;BankAccountv2;transition;410;10;15;5;15;100;0,13;0,26;0;0,03;108,35;108,35;0,57;0,43
4;BankAccountv2;pair;410;10;15;14;51;100;0,16;0,07;0,24;0,07;108,35;109,35;0,83;0,53
4;BankAccountv2;state;411;16;25;7;23;100;0,2;0,23;0;0,04;109,35;109,35;0,59;0,47
4;BankAccountv2;transition;411;16;25;10;25;100;0,22;0,5;0;0,08;109,35;109,35;0,98;0,8
4;BankAccountv2;pair;411;16;25;89;272;100;0,25;0,24;1,75;0,37;110,35;111,35;3,18;2,6
4;BankAccountv2;state;412;20;30;8;28;100;0,25;0,28;0;0,05;111,35;111,35;0,72;0,58
4;BankAccountv2;transition;412;20;30;11;30;100;0,23;0,45;0;0,06;112,35;112,35;0,88;0,74
4;BankAccountv2;pair;412;20;30;122;438;100;0,2;0,15;3,21;0,56;113,35;114,35;4,93;4,12
4;BankAccountv2;state;413;13;19;6;21;100;0,16;0,2;0;0,04;114,35;114,35;0,53;0,4
4;BankAccountv2;transition;413;13;19;6;19;100;0,17;0,28;0;0,03;114,35;114,35;0,62;0,48
4;BankAccountv2;pair;413;13;19;29;102;100;0,15;0,09;0,49;0,12;115,35;115,35;1,22;0,85
4;BankAccountv2;state;414;20;32;8;28;100;0,17;0,22;0;0,04;115,35;115,35;0,54;0,43
4;BankAccountv2;transition;414;20;32;12;32;100;0,18;0,43;0;0,08;116,35;116,35;0,84;0,69
4;BankAccountv2;pair;414;20;32;129;433;100;0,18;0,22;3,47;0,68;117,35;118,35;5,23;4,55
4;BankAccountv2;state;415;18;28;7;25;100;0,28;0,3;0;0,04;118,35;118,35;0,76;0,61
4;BankAccountv2;transition;415;18;28;10;28;100;0,19;0,46;0;0,06;119,35;119,35;0,87;0,72
4;BankAccountv2;pair;415;18;28;86;301;100;0,18;0,19;1,68;0,38;120,35;120,35;3,11;2,43
4;BankAccountv2;state;416;20;31;8;30;100;0,22;0,29;0;0,08;121,35;121,35;0,74;0,58
4;BankAccountv2;transition;416;20;31;11;31;100;0,2;0,48;0;0,09;121,35;121,35;0,94;0,76
4;BankAccountv2;pair;416;20;31;97;368;100;0,17;0,19;2,99;0,51;122,35;123,35;4,54;3,85
4;BankAccountv2;state;417;18;28;7;25;100;0,25;0,27;0;0,07;123,35;123,35;0,78;0,59
4;BankAccountv2;transition;417;18;28;10;28;100;0,18;0,45;0;0,09;123,35;124,35;0,93;0,73
4;BankAccountv2;pair;417;18;28;89;319;100;0,16;0,23;2,41;0,41;125,35;125,35;3,81;3,21
4;BankAccountv2;state;418;14;22;6;20;100;0,28;0,24;0;0,04;125,35;125,35;0,7;0,55
4;BankAccountv2;transition;418;14;22;8;22;100;0,22;0,39;0;0,05;126,35;126,35;0,85;0,66
4;BankAccountv2;pair;418;14;22;52;163;100;0,22;0,14;0,87;0,19;127,35;127,35;1,88;1,43
4;BankAccountv2;state;419;20;32;8;28;100;0,19;0,25;0;0,06;127,35;127,35;0,64;0,49
4;BankAccountv2;transition;419;20;32;12;32;100;0,17;0,45;0;0,08;127,35;128,35;0,85;0,7
4;BankAccountv2;pair;419;20;32;124;413;100;0,16;0,24;2,55;0,5;129,35;130,35;4,01;3,45
4;BankAccountv2;state;420;19;29;7;25;100;0,24;0,26;0;0,06;130,35;130,35;0,67;0,55
4;BankAccountv2;transition;420;19;29;11;29;100;0,24;0,5;0;0,08;130,35;130,35;1;0,82
4;BankAccountv2;pair;420;19;29;112;373;100;0,24;0,18;2,69;0,69;132,35;132,35;4,53;3,8
4;BankAccountv2;state;421;16;23;6;21;100;0,25;0,26;0;0,04;133,35;133,35;0,7;0,55
4;BankAccountv2;transition;421;16;23;8;23;100;0,22;0,41;0;0,05;133,35;133,35;0,85;0,68
4;BankAccountv2;pair;421;16;23;67;236;100;0,2;0,12;1,28;0,32;134,35;134,35;2,43;1,93
4;BankAccountv2;state;422;15;23;7;22;100;0,2;0,29;0;0,04;135,35;135,35;0,67;0,53
4;BankAccountv2;transition;422;15;23;9;23;100;0,19;0,34;0;0,05;135,35;135,35;0,71;0,58
4;BankAccountv2;pair;422;15;23;81;248;100;0,17;0,16;1,5;0,3;136,35;136,35;2,58;2,13
4;BankAccountv2;state;423;13;21;6;19;100;0,21;0,2;0;0,03;137,35;137,35;0,55;0,43
4;BankAccountv2;transition;423;13;21;8;21;100;0,13;0,28;0;0,04;137,35;137,35;0,56;0,45
4;BankAccountv2;pair;423;13;21;58;180;100;0,15;0,11;0,96;0,27;138,35;138,35;1,99;1,49
4;BankAccountv2;state;424;15;25;7;22;100;0,16;0,24;0;0,06;138,35;138,35;0,61;0,45
4;BankAccountv2;transition;424;15;25;10;25;100;0,14;0,38;0;0,09;138,35;139,35;0,78;0,61
4;BankAccountv2;pair;424;15;25;91;267;100;0,22;0,15;1,66;0,39;140,35;140,35;2,92;2,42
4;BankAccountv2;state;425;14;23;7;21;100;0,18;0,21;0;0,05;140,35;140,35;0,59;0,44
4;BankAccountv2;transition;425;14;23;9;23;100;0,17;0,32;0;0,09;140,35;141,35;0,76;0,58
4;BankAccountv2;pair;425;14;23;81;236;100;0,15;0,16;1,63;0,35;141,35;142,35;2,76;2,29
4;BankAccountv2;state;426;15;25;7;22;100;0,16;0,21;0;0,04;142,35;142,35;0,54;0,41
4;BankAccountv2;transition;426;15;25;10;25;100;0,16;0,38;0;0,07;142,35;142,35;0,77;0,6
4;BankAccountv2;pair;426;15;25;91;267;100;0,15;0,16;1,6;0,35;143,35;144,35;2,75;2,26
4;BankAccountv2;state;427;17;26;6;23;100;0,16;0,3;0;0,04;144,35;144,35;0,63;0,51
4;BankAccountv2;transition;427;17;26;9;26;100;0,17;0,47;0;0,06;144,35;144,35;0,86;0,7
4;BankAccountv2;pair;427;17;26;60;233;100;0,24;0,14;1,18;0,27;145,35;146,35;2,31;1,83
4;BankAccountv2;state;428;17;28;9;28;100;0,2;0,26;0;0,05;146,35;146,35;0,65;0,51
4;BankAccountv2;transition;428;17;28;11;28;100;0,15;0,36;0;0,07;146,35;146,35;0,73;0,58
4;BankAccountv2;pair;428;17;28;122;359;100;0,18;0,19;2,36;0,61;148,35;148,35;4,03;3,35
4;BankAccountv2;state;429;11;17;4;14;100;0,25;0,2;0;0,03;148,35;148,35;0,61;0,47
4;BankAccountv2;transition;429;11;17;6;17;100;0,17;0,29;0;0,03;149,35;149,35;0,66;0,5
4;BankAccountv2;pair;429;11;17;29;93;100;0,16;0,09;0,43;0,14;149,35;149,35;1,17;0,82
4;BankAccountv2;state;430;21;33;9;31;100;0,25;0,29;0;0,05;150,35;150,35;0,7;0,59
4;BankAccountv2;transition;430;21;33;12;33;100;0,26;0,5;0;0,1;150,35;150,35;1,04;0,86
4;BankAccountv2;pair;430;21;33;131;459;100;0,27;0,21;3,34;0,64;152,35;153,35;5,26;4,46
4;BankAccountv2;state;431;14;22;6;19;100;0,2;0,21;0;0,03;153,35;153,35;0,56;0,44
4;BankAccountv2;transition;431;14;22;9;22;100;0,17;0,42;0;0,05;153,35;153,35;0,78;0,63
4;BankAccountv2;pair;431;14;22;81;236;100;0,17;0,12;1,21;0,29;154,35;155,35;2,22;1,8
4;BankAccountv2;state;432;13;20;6;18;100;0,17;0,2;0;0,03;155,35;155,35;0,53;0,4
4;BankAccountv2;transition;432;13;20;8;20;100;0,21;0,34;0;0,04;155,35;155,35;0,74;0,59
4;BankAccountv2;pair;432;13;20;73;213;100;0,16;0,14;0,96;0,3;156,35;156,35;2,06;1,55
4;BankAccountv2;state;433;11;16;4;14;100;0,18;0,18;0;0,02;157,35;157,35;0,49;0,38
4;BankAccountv2;transition;433;11;16;6;16;100;0,17;0,29;0;0,04;157,35;157,35;0,64;0,5
4;BankAccountv2;pair;433;11;16;30;95;100;0,15;0,08;0,46;0,13;158,35;158,35;1,17;0,83
4;BankAccountv2;state;434;19;28;7;26;100;0,22;0,26;0;0,08;158,35;158,35;0,7;0,55
4;BankAccountv2;transition;434;19;28;10;28;100;0,15;0,36;0;0,07;158,35;158,35;0,72;0,57
4;BankAccountv2;pair;434;19;28;87;332;100;0,23;0,18;2,27;0,42;160,35;160,35;3,76;3,11
4;BankAccountv2;state;435;19;30;7;26;100;0,23;0,23;0;0,05;160,35;160,35;0,66;0,51
4;BankAccountv2;transition;435;19;30;11;30;100;0,18;0,47;0;0,08;161,35;161,35;0,89;0,73
4;BankAccountv2;pair;435;19;30;95;338;100;0,18;0,21;2,24;0,51;162,35;163,35;3,73;3,13
4;BankAccountv2;state;436;20;31;9;30;100;0,25;0,3;0;0,06;163,35;163,35;0,75;0,61
4;BankAccountv2;transition;436;20;31;11;31;100;0,24;0,47;0;0,08;163,35;163,35;0,97;0,8
4;BankAccountv2;pair;436;20;31;117;411;100;0,24;0,23;3,07;0,58;165,35;166,35;4,84;4,11
4;BankAccountv2;state;437;11;17;4;14;100;0,2;0,2;0;0,03;166,35;166,35;0,57;0,42
4;BankAccountv2;transition;437;11;17;6;17;100;0,16;0,3;0;0,04;166,35;166,35;0,66;0,5
4;BankAccountv2;pair;437;11;17;29;93;100;0,15;0,09;0,49;0,12;167,35;167,35;1,24;0,85
4;BankAccountv2;state;438;15;23;7;22;100;0,18;0,27;0;0,05;167,35;167,35;0,63;0,5
4;BankAccountv2;transition;438;15;23;9;23;100;0,18;0,36;0;0,05;167,35;168,35;0,76;0,59
4;BankAccountv2;pair;438;15;23;79;233;100;0,18;0,14;1,48;0,33;168,35;169,35;2,64;2,13
4;BankAccountv2;state;439;11;16;4;14;100;0,17;0,17;0;0,02;169,35;169,35;0,49;0,37
4;BankAccountv2;transition;439;11;16;6;16;100;0,14;0,28;0;0,04;169,35;169,35;0,62;0,46
4;BankAccountv2;pair;439;11;16;30;100;100;0,14;0,08;0,51;0,16;170,35;170,35;1,25;0,89
4;BankAccountv2;state;440;14;21;7;21;100;0,17;0,22;0;0,04;170,35;170,35;0,57;0,44
4;BankAccountv2;transition;440;14;21;8;21;100;0,16;0,36;0;0,05;171,35;171,35;0,72;0,57
4;BankAccountv2;pair;440;14;21;64;184;100;0,18;0,14;0,98;0,3;171,35;172,35;2,05;1,6
4;BankAccountv2;state;441;15;22;4;18;100;0,19;0,22;0;0,03;172,35;172,35;0,58;0,44
4;BankAccountv2;transition;441;15;22;7;22;100;0,16;0,35;0;0,05;172,35;172,35;0,7;0,55
4;BankAccountv2;pair;441;15;22;35;151;100;0,2;0,1;1,1;0,16;173,35;173,35;1,95;1,56
4;BankAccountv2;state;442;12;19;5;17;100;0,15;0,18;0;0,02;174,35;174,35;0,46;0,35
4;BankAccountv2;transition;442;12;19;7;19;100;0,13;0,29;0;0,04;174,35;174,35;0,6;0,46
4;BankAccountv2;pair;442;12;19;36;120;100;0,13;0,09;0,64;0,13;174,35;175,35;1,35;0,99
4;BankAccountv2;state;443;15;23;7;22;100;0,19;0,26;0;0,04;175,35;175,35;0,64;0,49
4;BankAccountv2;transition;443;15;23;9;23;100;0,17;0,33;0;0,08;175,35;175,35;0,72;0,59
4;BankAccountv2;pair;443;15;23;81;248;100;0,21;0,15;1,37;0,32;176,35;177,35;2,52;2,05
4;BankAccountv2;state;444;12;17;5;17;100;0,17;0,19;0;0,02;177,35;177,35;0,5;0,39
4;BankAccountv2;transition;444;12;17;6;17;100;0,14;0,32;0;0,04;177,35;177,35;0,66;0,5
4;BankAccountv2;pair;444;12;17;24;82;100;0,16;0,08;0,35;0,09;178,35;178,35;1,01;0,68
4;BankAccountv2;state;445;16;23;6;21;100;0,19;0,23;0;0,03;178,35;178,35;0,57;0,45
4;BankAccountv2;transition;445;16;23;8;23;100;0,23;0,37;0;0,05;179,35;179,35;0,84;0,64
4;BankAccountv2;pair;445;16;23;65;228;100;0,19;0,13;1,15;0,26;180,35;180,35;2,27;1,73
4;BankAccountv2;state;446;10;15;3;12;100;0,15;0,18;0;0,02;180,35;180,35;0,51;0,35
4;BankAccountv2;transition;446;10;15;5;15;100;0,13;0,24;0;0,03;180,35;180,35;0,52;0,4
4;BankAccountv2;pair;446;10;15;14;51;100;0,14;0,07;0,21;0,05;181,35;181,35;0,78;0,47
4;BankAccountv2;state;447;17;25;6;22;100;0,19;0,31;0;0,03;181,35;181,35;0,64;0,53
4;BankAccountv2;transition;447;17;25;9;25;100;0,18;20,92;0;0,05;183,35;6,01;21,39;21,15
4;BankAccountv2;pair;447;17;25;79;284;100;0,21;0,15;1,89;0,31;7,01;7,01;3,05;2,56
4;BankAccountv2;state;448;21;33;9;32;100;0,22;0,23;0;0,06;7,01;7,01;0,66;0,51
4;BankAccountv2;transition;448;21;33;12;33;100;0,21;0,47;0;0,07;8,01;8,01;0,91;0,75
4;BankAccountv2;pair;448;21;33;134;479;100;0,17;0,2;3,12;0,47;10,01;10,01;4,55;3,96
4;BankAccountv2;state;449;19;28;7;26;100;0,16;0,2;0;0,03;11,01;11,01;0,51;0,4
4;BankAccountv2;transition;449;19;28;10;28;100;0,13;0,39;0;0,06;11,01;11,01;0,72;0,58
4;BankAccountv2;pair;449;19;28;89;333;100;0,2;0,15;1,69;0,27;12,01;13,01;2,77;2,31
4;BankAccountv2;state;450;22;35;10;34;100;0,24;0,32;0;0,08;13,01;13,01;0,79;0,64
4;BankAccountv2;transition;450;22;35;13;35;100;0,21;0,55;0;0,13;13,01;14,01;1,09;0,89
4;BankAccountv2;pair;450;22;35;163;542;100;0,22;0,27;3,2;0,6;15,01;16,01;5,02;4,29
4;BankAccountv2;state;451;22;35;9;33;100;0,24;0,26;0;0,06;16,01;17,01;0,72;0,56
4;BankAccountv2;transition;451;22;35;13;35;100;0,16;0,5;0;0,08;17,01;17,01;0,9;0,74
4;BankAccountv2;pair;451;22;35;139;482;100;0,18;0,28;2,73;0,43;19,01;19,01;4,18;3,62
4;BankAccountv2;state;452;11;16;5;15;100;0,21;0,2;0;0,02;20,01;20,01;0,57;0,43
4;BankAccountv2;transition;452;11;16;6;16;100;0,15;0,25;0;0,03;20,01;20,01;0,52;0,42
4;BankAccountv2;pair;452;11;16;42;125;100;0,14;0,09;0,64;0,18;21,01;21,01;1,49;1,04
4;BankAccountv2;state;453;13;20;5;17;100;0,18;0,26;0;0,03;21,01;21,01;0,6;0,47
4;BankAccountv2;transition;453;13;20;8;20;100;0,12;0,22;0;0,03;21,01;21,01;0,46;0,37
4;BankAccountv2;pair;453;13;20;53;160;100;0,12;0,08;0,59;0,13;22,01;22,01;1,16;0,92
4;BankAccountv2;state;454;20;30;8;28;100;0,16;0,18;0;0,04;23,01;23,01;0,49;0,38
4;BankAccountv2;transition;454;20;30;11;30;100;0,14;0,3;0;0,04;23,01;23,01;0,57;0,48
4;BankAccountv2;pair;454;20;30;113;392;100;0,2;0,18;2,49;0,48;25,01;25,01;4,12;3,35
4;BankAccountv2;state;455;15;21;5;19;100;0,17;0,15;0;0,03;25,01;26,01;0,45;0,35
4;BankAccountv2;transition;455;15;21;7;21;100;0,11;0,23;0;0,03;26,01;26,01;0,45;0,37
4;BankAccountv2;pair;455;15;21;43;165;100;0,11;0,08;0,58;0,15;27,01;27,01;1,19;0,92
4;BankAccountv2;state;456;14;22;6;19;100;0,16;0,15;0;0,02;27,01;27,01;0,42;0,33
4;BankAccountv2;transition;456;14;22;9;22;100;0,15;0,39;0;0,04;28,01;28,01;0,79;0,58
4;BankAccountv2;pair;456;14;22;77;220;100;0,12;0,1;1,08;0,21;28,01;29,01;1,87;1,51
4;BankAccountv2;state;457;10;14;4;13;100;0,16;0,22;0;0,03;29,01;29,01;0,54;0,41
4;BankAccountv2;transition;457;10;14;5;14;100;0,13;0,25;0;0,03;29,01;29,01;0,56;0,42
4;BankAccountv2;pair;457;10;14;20;64;100;0,17;0,07;0,55;0,07;30,01;30,01;1,37;0,86
4;BankAccountv2;state;458;21;32;9;30;100;0,19;0,19;0;0,04;30,01;30,01;0,52;0,42
4;BankAccountv2;transition;458;21;32;12;32;100;0,23;0,55;0;0,08;31,01;31,01;1,03;0,85
4;BankAccountv2;pair;458;21;32;157;536;100;0,22;0,26;4,17;0,63;33,01;33,01;6,07;5,28
4;BankAccountv2;state;459;21;33;9;32;100;0,16;0,17;0;0,04;34,01;34,01;0,46;0,36
4;BankAccountv2;transition;459;21;33;12;33;100;0,11;0,33;0;0,08;34,01;34,01;0,68;0,53
4;BankAccountv2;pair;459;21;33;134;479;100;0,17;0,25;3,59;0,67;36,01;37,01;5,45;4,69
4;BankAccountv2;state;460;15;24;7;23;100;0,22;0,22;0;0,03;37,01;37,01;0,6;0,48
4;BankAccountv2;transition;460;15;24;9;24;100;0,12;0,37;0;0,06;37,01;37,01;0,73;0,55
4;BankAccountv2;pair;460;15;24;63;199;100;0,2;0,16;1,08;0,25;38,01;38,01;2,16;1,69
4;BankAccountv2;state;461;13;19;6;19;100;0,21;0,22;0;0,04;39,01;39,01;0,59;0,46
4;BankAccountv2;transition;461;13;19;7;19;100;0,17;0,31;0;0,04;39,01;39,01;0,67;0,51
4;BankAccountv2;pair;461;13;19;47;144;100;0,16;0,13;0,76;0,16;40,01;40,01;1,56;1,2
4;BankAccountv2;state;462;17;24;6;23;100;0,14;0,15;0;0,02;40,01;40,01;0,39;0,31
4;BankAccountv2;transition;462;17;24;8;24;100;0,11;0,3;0;0,03;41,01;41,01;0,54;0,45
4;BankAccountv2;pair;462;17;24;52;217;100;0,12;0,09;0,81;0,21;42,01;42,01;1,57;1,23
4;BankAccountv2;state;463;16;26;8;25;100;0,24;0,24;0;0,04;42,01;42,01;0,65;0,53
4;BankAccountv2;transition;463;16;26;10;26;100;0,17;0,36;0;0,06;43,01;43,01;0,76;0,6
4;BankAccountv2;pair;463;16;26;89;265;100;0,17;0,12;1,36;0,35;44,01;44,01;2,43;2
4;BankAccountv2;state;464;14;22;6;20;100;0,14;0,14;0;0,02;44,01;44,01;0,4;0,31
4;BankAccountv2;transition;464;14;22;8;22;100;0,12;0,26;0;0,04;45,01;45,01;0,56;0,42
4;BankAccountv2;pair;464;14;22;52;163;100;0,17;0,11;0,77;0,21;46,01;46,01;1,68;1,26
4;BankAccountv2;state;465;16;24;6;22;100;0,23;0,25;0;0,05;46,01;46,01;0,66;0,52
4;BankAccountv2;transition;465;16;24;8;24;100;0,21;0,38;0;0,05;46,01;47,01;0,82;0,64
4;BankAccountv2;pair;465;16;24;54;207;100;0,18;0,12;1,09;0,23;47,01;48,01;2,05;1,62
4;BankAccountv2;state;466;14;23;7;21;100;0,14;0,16;0;0,03;48,01;48,01;0,42;0,33
4;BankAccountv2;transition;466;14;23;9;23;100;0,14;0,29;0;0,04;48,01;48,01;0,58;0,47
4;BankAccountv2;pair;466;14;23;79;228;100;0,13;0,14;1,16;0,29;49,01;49,01;2,12;1,73
4;BankAccountv2;state;467;21;33;9;32;100;0,22;0,17;0;0,04;50,01;50,01;0,52;0,42
4;BankAccountv2;transition;467;21;33;12;33;100;0,11;0,3;0;0,05;50,01;50,01;0,56;0,46
4;BankAccountv2;pair;467;21;33;134;479;100;0,11;0,24;3,41;0,62;52,01;53,01;4,96;4,37
4;BankAccountv2;state;468;10;14;4;13;100;0,17;0,18;0;0,02;53,01;53,01;0,52;0,37
4;BankAccountv2;transition;468;10;14;5;14;100;0,15;0,28;0;0,02;53,01;53,01;0,59;0,46
4;BankAccountv2;pair;468;10;14;24;75;100;0,17;0,08;0,33;0,08;54,01;54,01;0,96;0,65
4;BankAccountv2;state;469;10;14;4;13;100;0,15;0,18;0;0,02;54,01;54,01;0,47;0,35
4;BankAccountv2;transition;469;10;14;5;14;100;0,14;0,23;0;0,03;54,01;54,01;0,55;0,4
4;BankAccountv2;pair;469;10;14;22;71;100;0,14;0,09;0,36;0,07;55,01;55,01;0,96;0,66
4;BankAccountv2;state;470;20;31;9;30;100;0,21;0,31;0;0,05;55,01;55,01;0,69;0,57
4;BankAccountv2;transition;470;20;31;11;31;100;0,22;0,45;0;0,07;56,01;56,01;0,89;0,74
4;BankAccountv2;pair;470;20;31;117;411;100;0,24;0,23;2,49;0,52;57,01;58,01;4,16;3,48
4;BankAccountv2;state;471;16;24;6;22;100;0,21;0,22;0;0,03;58,01;58,01;0,6;0,47
4;BankAccountv2;transition;471;16;24;8;24;100;0,22;0,35;0;0,05;58,01;58,01;0,77;0,63
4;BankAccountv2;pair;471;16;24;51;195;100;0,34;0,11;0,87;0,29;59,01;60,01;2,08;1,61
4;BankAccountv2;state;472;18;27;7;24;100;0,21;0,24;0;0,06;60,01;60,01;0,63;0,51
4;BankAccountv2;transition;472;18;27;10;27;100;0,19;0,5;0;0,08;60,01;60,01;0,93;0,77
4;BankAccountv2;pair;472;18;27;102;341;100;0,21;0,16;1,88;0,44;62,01;62,01;3,26;2,69
4;BankAccountv2;state;473;16;26;8;26;100;0,16;0,21;0;0,04;62,01;62,01;0,5;0,41
4;BankAccountv2;transition;473;16;26;10;26;100;0,09;0,25;0;0,04;63,01;63,01;0,47;0,39
4;BankAccountv2;pair;473;16;26;91;280;100;0,14;0,15;1,46;0,38;64,01;64,01;2,62;2,12
4;BankAccountv2;state;474;19;29;7;25;100;0,23;0,27;0;0,05;65,01;65,01;0,72;0,55
4;BankAccountv2;transition;474;19;29;11;29;100;0,25;0,5;0;0,07;65,01;65,01;0,97;0,82
4;BankAccountv2;pair;474;19;29;112;373;100;0,21;0,19;2,31;0,49;66,01;67,01;3,93;3,21
4;BankAccountv2;state;475;18;27;6;23;100;0,29;0,28;0;0,05;67,01;67,01;0,77;0,62
4;BankAccountv2;transition;475;18;27;10;27;100;0,19;0,46;0;0,06;68,01;68,01;0,87;0,71
4;BankAccountv2;pair;475;18;27;85;303;100;0,19;0,15;1,64;0,34;69,01;69,01;2,91;2,32
4;BankAccountv2;state;476;14;22;6;20;100;0,19;0,28;0;0,03;70,01;70,01;0,62;0,5
4;BankAccountv2;transition;476;14;22;8;22;100;0,16;0,31;0;0,04;70,01;70,01;0,62;0,51
4;BankAccountv2;pair;476;14;22;55;174;100;0,16;0,09;0,94;0,23;71,01;71,01;1,81;1,43
4;BankAccountv2;state;477;12;19;5;16;100;0,18;0,21;0;0,03;71,01;71,01;0,55;0,42
4;BankAccountv2;transition;477;12;19;7;19;100;0,18;0,31;0;0,04;72,01;72,01;0,68;0,53
4;BankAccountv2;pair;477;12;19;49;146;100;0,17;0,1;0,63;0,18;72,01;73,01;1,41;1,07
4;BankAccountv2;state;478;18;26;7;25;100;0,2;0,28;0;0,04;73,01;73,01;0,63;0,52
4;BankAccountv2;transition;478;18;26;9;26;100;0,18;0,42;0;0,07;73,01;73,01;0,88;0,67
4;BankAccountv2;pair;478;18;26;80;302;100;0,22;0,14;1,69;0,35;74,01;75,01;2,92;2,4
4;BankAccountv2;state;479;16;26;8;26;100;0,17;0,23;0;0,05;75,01;75,01;0,6;0,46
4;BankAccountv2;transition;479;16;26;10;26;100;0,15;0,37;0;0,06;75,01;76,01;0,74;0,58
4;BankAccountv2;pair;479;16;26;91;280;100;0,1;0,12;1,6;0,37;77,01;77,01;2,58;2,19
4;BankAccountv2;state;480;12;18;5;16;100;0,18;0,18;0;0,02;77,01;77,01;0,5;0,39
4;BankAccountv2;transition;480;12;18;7;18;100;0,14;0,28;0;0,03;78,01;78,01;0,56;0,46
4;BankAccountv2;pair;480;12;18;47;142;100;0,14;0,1;0,63;0,16;78,01;78,01;1,44;1,03
4;BankAccountv2;state;481;10;14;4;13;100;0,16;0,18;0;0,02;79,01;79,01;0,47;0,36
4;BankAccountv2;transition;481;10;14;5;14;100;0,27;0,25;0;0,02;79,01;79,01;0,65;0,54
4;BankAccountv2;pair;481;10;14;25;79;100;0,09;0,09;0,27;0,1;79,01;80,01;0,87;0,55
4;BankAccountv2;state;482;21;33;9;32;100;0,17;0,23;0;0,07;80,01;80,01;0,59;0,47
4;BankAccountv2;transition;482;21;33;12;33;100;0,17;0,45;0;0,07;80,01;80,01;0,86;0,7
4;BankAccountv2;pair;482;21;33;134;479;100;0,17;0,22;3,19;0,67;82,01;83,01;4,93;4,25
4;BankAccountv2;state;483;16;23;6;21;100;0,22;0,25;0;0,05;83,01;83,01;0,67;0,51
4;BankAccountv2;transition;483;16;23;8;23;100;0,19;0,36;0;0,05;83,01;83,01;0,75;0,6
4;BankAccountv2;pair;483;16;23;65;228;100;0,19;0,18;1,65;0,28;84,01;85,01;2,77;2,3
4;BankAccountv2;state;484;21;32;9;30;100;0,25;0,27;0;0,05;85,01;85,01;0,71;0,58
4;BankAccountv2;transition;484;21;32;12;32;100;0,15;0,32;0;0,06;85,01;86,01;0,63;0,54
4;BankAccountv2;pair;484;21;32;157;536;100;0,19;0,22;3,89;0,76;87,01;88,01;5,77;5,06
4;BankAccountv2;state;485;19;29;8;28;100;0,25;0,3;0;0,09;89,01;89,01;0,79;0,65
4;BankAccountv2;transition;485;19;29;10;29;100;0,22;0,46;0;0,07;89,01;89,01;0,9;0,75
4;BankAccountv2;pair;485;19;29;90;338;100;0,21;0,19;2,3;0,5;90,01;91,01;3,78;3,2
4;BankAccountv2;state;486;10;14;4;13;100;0,17;0,18;0;0,02;91,01;91,01;0,51;0,37
4;BankAccountv2;transition;486;10;14;5;14;100;0,14;0,26;0;0,03;91,01;91,01;0,56;0,42
4;BankAccountv2;pair;486;10;14;25;79;100;0,14;0,07;0,34;0,1;92,01;92,01;1;0,64
4;BankAccountv2;state;487;16;24;6;22;100;0,2;0,28;0;0,04;92,01;92,01;0,66;0,51
4;BankAccountv2;transition;487;16;24;8;24;100;0,19;0,38;0;0,05;93,01;93,01;0,78;0,62
4;BankAccountv2;pair;487;16;24;54;207;100;0,21;0,13;1,03;0,23;93,01;94,01;2,14;1,61
4;BankAccountv2;state;488;16;24;6;22;100;0,25;0,26;0;0,04;94,01;94,01;0,7;0,55
4;BankAccountv2;transition;488;16;24;8;24;100;0,21;0,36;0;0,06;94,01;95,01;0,76;0,63
4;BankAccountv2;pair;488;16;24;51;195;100;0,19;0,12;0,95;0,29;95,01;96,01;1,97;1,55
4;BankAccountv2;state;489;14;23;7;21;100;0,18;0,18;0;0,03;96,01;96,01;0,5;0,39
4;BankAccountv2;transition;489;14;23;9;23;100;0,13;0,29;0;0,05;96,01;96,01;0,58;0,46
4;BankAccountv2;pair;489;14;23;83;244;100;0,13;0,13;1,38;0,31;97,01;97,01;2,33;1,95
4;BankAccountv2;state;490;15;21;5;19;100;0,23;0,4;0;0,03;98,01;98,01;0,79;0,66
4;BankAccountv2;transition;490;15;21;7;21;100;0,17;0,35;0;0,04;98,01;98,01;0,68;0,56
4;BankAccountv2;pair;490;15;21;43;165;100;0,17;0,1;0,77;0,17;99,01;99,01;1,59;1,21
4;BankAccountv2;state;491;14;22;6;20;100;0,34;0,23;0;0,04;99,01;99,01;0,74;0,61
4;BankAccountv2;transition;491;14;22;8;22;100;0,19;0,3;0;0,04;100,01;100,01;0,68;0,53
4;BankAccountv2;pair;491;14;22;55;174;100;0,17;0,11;0,85;0,22;101,01;101,01;1,78;1,35
4;BankAccountv2;state;492;19;29;8;28;100;0,42;0,26;0;0,04;101,01;101,01;0,84;0,72
4;BankAccountv2;transition;492;19;29;10;29;100;0,19;0,41;0;0,08;102,01;102,01;0,81;0,68
4;BankAccountv2;pair;492;19;29;90;338;100;0,2;0,14;1,63;0,36;103,01;103,01;2,85;2,33
4;BankAccountv2;state;493;15;24;8;24;100;0,24;0,25;0;0,06;104,01;104,01;0,68;0,55
4;BankAccountv2;transition;493;15;24;9;24;100;0,13;0,25;0;0,03;104,01;104,01;0,5;0,4
4;BankAccountv2;pair;493;15;24;74;216;100;0,12;0,14;1,13;0,29;105,01;105,01;2,03;1,67
4;BankAccountv2;state;494;19;29;8;28;100;0,26;0,19;0;0,04;106,01;106,01;0,58;0,49
4;BankAccountv2;transition;494;19;29;10;29;100;0,24;0,45;0;0,1;106,01;106,01;0,94;0,79
4;BankAccountv2;pair;494;19;29;90;338;100;0,2;0,19;2,24;0,41;107,01;108,01;3,62;3,04
4;BankAccountv2;state;495;18;26;7;25;100;0,24;0,21;0;0,03;108,01;108,01;0,63;0,49
4;BankAccountv2;transition;495;18;26;9;26;100;0,13;0,29;0;0,04;109,01;109,01;0,55;0,46
4;BankAccountv2;pair;495;18;26;80;302;100;0,13;0,11;2,07;0,41;110,01;110,01;3,17;2,72
4;BankAccountv2;state;496;19;29;8;28;100;0,17;0,33;0;0,04;111,01;111,01;0,64;0,54
4;BankAccountv2;transition;496;19;29;10;29;100;0,14;0,3;0;0,04;111,01;111,01;0,58;0,49
4;BankAccountv2;pair;496;19;29;90;338;100;0,16;0,16;1,91;0,38;112,01;113,01;3,45;2,61
4;BankAccountv2;state;497;18;26;7;25;100;0,23;0,26;0;0,07;113,01;113,01;0,69;0,55
4;BankAccountv2;transition;497;18;26;9;26;100;0,21;0,41;0;0,05;114,01;114,01;0,81;0,66
4;BankAccountv2;pair;497;18;26;80;302;100;0,14;0,11;1,33;0,33;115,01;115,01;2,35;1,91
4;BankAccountv2;state;498;17;24;6;23;100;0,24;0,23;0;0,03;116,01;116,01;0,62;0,5
4;BankAccountv2;transition;498;17;24;8;24;100;0,17;0,41;0;0,04;116,01;116,01;0,75;0,62
4;BankAccountv2;pair;498;17;24;56;230;100;0,16;0,09;0,9;0,26;117,01;117,01;1,72;1,4
